# Time u_x(A) u_y(A)
5.0000000000e-04 -3.0311551175e-11 -4.1326197042e-13
1.0000000000e-03 -2.3329479739e-10 -2.6671318089e-12
1.5000000000e-03 -9.6147768613e-10 -8.8277186086e-12
2.0000000000e-03 -2.8145011798e-09 -2.0774055444e-11
2.5000000000e-03 -6.5459647841e-09 -3.9728766896e-11
3.0000000000e-03 -1.2912585325e-08 -6.6172573703e-11
3.5000000000e-03 -2.2594767622e-08 -1.0026771894e-10
4.0000000000e-03 -3.6186300063e-08 -1.4195929490e-10
4.5000000000e-03 -5.4141499725e-08 -1.9067769289e-10
5.0000000000e-03 -7.6667426851e-08 -2.4521884202e-10
5.5000000000e-03 -1.0370578085e-07 -3.0413871585e-10
6.0000000000e-03 -1.3502950769e-07 -3.6630387310e-10
6.5000000000e-03 -1.7029957667e-07 -4.3078755244e-10
7.0000000000e-03 -2.0902093329e-07 -4.9664238480e-10
7.5000000000e-03 -2.5051184884e-07 -5.6304173839e-10
8.0000000000e-03 -2.9396420180e-07 -6.2976041470e-10
8.5000000000e-03 -3.3855758655e-07 -6.9732508937e-10
9.0000000000e-03 -3.8356642981e-07 -7.6663828942e-10
9.5000000000e-03 -4.2839698056e-07 -8.3886831058e-10
1.0000000000e-02 -4.7255643989e-07 -9.1568761506e-10
1.0500000000e-02 -5.1564941555e-07 -9.9938654574e-10
1.1000000000e-02 -5.5738867367e-07 -1.0920214364e-09
1.1500000000e-02 -5.9750241213e-07 -1.1940493980e-09
1.2000000000e-02 -6.3560188340e-07 -1.3037133329e-09
1.2500000000e-02 -6.7118089395e-07 -1.4178493677e-09
1.3000000000e-02 -7.0373932121e-07 -1.5338991546e-09
1.3500000000e-02 -7.3290033973e-07 -1.6516842328e-09
1.4000000000e-02 -7.5845040747e-07 -1.7739014319e-09
1.4500000000e-02 -7.8032665009e-07 -1.9051691112e-09
1.5000000000e-02 -7.9863245301e-07 -2.0507592042e-09
1.5500000000e-02 -8.1365803302e-07 -2.2160161245e-09
1.6000000000e-02 -8.2578872739e-07 -2.4058571093e-09
1.6500000000e-02 -8.3537352068e-07 -2.6237466434e-09
1.7000000000e-02 -8.4273309218e-07 -2.8707478681e-09
1.7500000000e-02 -8.4826324141e-07 -3.1459177256e-09
1.8000000000e-02 -8.5244677509e-07 -3.4470118377e-09
1.8500000000e-02 -8.5571560190e-07 -3.7697872607e-09
1.9000000000e-02 -8.5833631350e-07 -4.1073378719e-09
1.9500000000e-02 -8.6050136431e-07 -4.4516925163e-09
2.0000000000e-02 -8.6247261282e-07 -4.7961856619e-09
2.0500000000e-02 -8.6453846674e-07 -5.1352431740e-09
2.1000000000e-02 -8.6690968888e-07 -5.4632098002e-09
2.1500000000e-02 -8.6979117646e-07 -5.7757688887e-09
2.2000000000e-02 -8.7355953122e-07 -6.0723032540e-09
2.2500000000e-02 -8.7880026203e-07 -6.3555608181e-09
2.3000000000e-02 -8.8613479943e-07 -6.6296528619e-09
2.3500000000e-02 -8.9603790675e-07 -6.8999149982e-09
2.4000000000e-02 -9.0882985085e-07 -7.1739078157e-09
2.4500000000e-02 -9.2475058911e-07 -7.4610676501e-09
2.5000000000e-02 -9.4392840284e-07 -7.7709220782e-09
2.5500000000e-02 -9.6626214287e-07 -8.1114484294e-09
2.6000000000e-02 -9.9142610920e-07 -8.4889238635e-09
2.6500000000e-02 -1.0190560426e-06 -8.9084834551e-09
2.7000000000e-02 -1.0488618978e-06 -9.3735428663e-09
2.7500000000e-02 -1.0805163785e-06 -9.8840958512e-09
2.8000000000e-02 -1.1135435070e-06 -1.0436520559e-08
2.8500000000e-02 -1.1473965117e-06 -1.1025333012e-08
2.9000000000e-02 -1.1816029010e-06 -1.1644262777e-08
2.9500000000e-02 -1.2157889471e-06 -1.2285855657e-08
3.0000000000e-02 -1.2495853780e-06 -1.2941219792e-08
3.0500000000e-02 -1.2825781474e-06 -1.3601523013e-08
3.1000000000e-02 -1.3143934421e-06 -1.4260048073e-08
3.1500000000e-02 -1.3447703392e-06 -1.4912425224e-08
3.2000000000e-02 -1.3734561448e-06 -1.5555610255e-08
3.2500000000e-02 -1.4000896153e-06 -1.6188160338e-08
3.3000000000e-02 -1.4243165171e-06 -1.6811793233e-08
3.3500000000e-02 -1.4459739497e-06 -1.7431794894e-08
3.4000000000e-02 -1.4650705725e-06 -1.8055882139e-08
3.4500000000e-02 -1.4816681906e-06 -1.8692561861e-08
3.5000000000e-02 -1.4958817660e-06 -1.9350234216e-08
3.5500000000e-02 -1.5079620285e-06 -2.0036869073e-08
3.6000000000e-02 -1.5182939400e-06 -2.0758318040e-08
3.6500000000e-02 -1.5272526613e-06 -2.1516507381e-08
3.7000000000e-02 -1.5350605218e-06 -2.2310295684e-08
3.7500000000e-02 -1.5418366692e-06 -2.3137934162e-08
3.8000000000e-02 -1.5477600711e-06 -2.3998103925e-08
3.8500000000e-02 -1.5530775220e-06 -2.4889063954e-08
3.9000000000e-02 -1.5579688017e-06 -2.5807464352e-08
3.9500000000e-02 -1.5625152384e-06 -2.6748782989e-08
4.0000000000e-02 -1.5668229642e-06 -2.7709068221e-08
4.0500000000e-02 -1.5711251961e-06 -2.8684994202e-08
4.1000000000e-02 -1.5757133056e-06 -2.9672718640e-08
4.1500000000e-02 -1.5808038669e-06 -3.0668021254e-08
4.2000000000e-02 -1.5865930803e-06 -3.1667540496e-08
4.2500000000e-02 -1.5934238698e-06 -3.2669684561e-08
4.3000000000e-02 -1.6017470122e-06 -3.3674174873e-08
4.3500000000e-02 -1.6119103555e-06 -3.4681322782e-08
4.4000000000e-02 -1.6240795138e-06 -3.5692791129e-08
4.4500000000e-02 -1.6383302175e-06 -3.6712770569e-08
4.5000000000e-02 -1.6547194457e-06 -3.7747558015e-08
4.5500000000e-02 -1.6732336198e-06 -3.8804068415e-08
4.6000000000e-02 -1.6936986279e-06 -3.9889110234e-08
4.6500000000e-02 -1.7158273357e-06 -4.1010009089e-08
4.7000000000e-02 -1.7393796758e-06 -4.2174857565e-08
4.7500000000e-02 -1.7641835666e-06 -4.3390699193e-08
4.8000000000e-02 -1.7899981866e-06 -4.4661819486e-08
4.8500000000e-02 -1.8164685551e-06 -4.5990172285e-08
4.9000000000e-02 -1.8432296482e-06 -4.7376581149e-08
4.9500000000e-02 -1.8699810322e-06 -4.8820573468e-08
5.0000000000e-02 -1.8964267025e-06 -5.0318699049e-08
5.0500000000e-02 -1.9221974449e-06 -5.1864490949e-08
5.1000000000e-02 -1.9469158385e-06 -5.3450839308e-08
5.1500000000e-02 -1.9703208115e-06 -5.5071349055e-08
5.2000000000e-02 -1.9922545626e-06 -5.6719412666e-08
5.2500000000e-02 -2.0125537167e-06 -5.8387603000e-08
5.3000000000e-02 -2.0310338262e-06 -6.0069597278e-08
5.3500000000e-02 -2.0475978201e-06 -6.1762536903e-08
5.4000000000e-02 -2.0623199478e-06 -6.3466499002e-08
5.4500000000e-02 -2.0753797402e-06 -6.5182545002e-08
5.5000000000e-02 -2.0869458882e-06 -6.6913004440e-08
5.5500000000e-02 -2.0971880715e-06 -6.8663103266e-08
5.6000000000e-02 -2.1063497229e-06 -7.0440574519e-08
5.6500000000e-02 -2.1147110908e-06 -7.2253222434e-08
5.7000000000e-02 -2.1224676128e-06 -7.4107825117e-08
5.7500000000e-02 -2.1296801548e-06 -7.6011589420e-08
5.8000000000e-02 -2.1363783900e-06 -7.7972825179e-08
5.8500000000e-02 -2.1426732710e-06 -7.9999177576e-08
5.9000000000e-02 -2.1486980374e-06 -8.2095478404e-08
5.9500000000e-02 -2.1545132758e-06 -8.4263249493e-08
6.0000000000e-02 -2.1601710194e-06 -8.6501521447e-08
6.0500000000e-02 -2.1658141556e-06 -8.8807014378e-08
6.1000000000e-02 -2.1716567193e-06 -9.1173905426e-08
6.1500000000e-02 -2.1779032314e-06 -9.3594806831e-08
6.2000000000e-02 -2.1847110362e-06 -9.6063111494e-08
6.2500000000e-02 -2.1922426631e-06 -9.8574850225e-08
6.3000000000e-02 -2.2007241135e-06 -1.0112811909e-07
6.3500000000e-02 -2.2103886773e-06 -1.0372176714e-07
6.4000000000e-02 -2.2213768666e-06 -1.0635607510e-07
6.4500000000e-02 -2.2337360742e-06 -1.0903444605e-07
6.5000000000e-02 -2.2474955778e-06 -1.1176305127e-07
6.5500000000e-02 -2.2626719634e-06 -1.1454839856e-07
6.6000000000e-02 -2.2791970803e-06 -1.1739610869e-07
6.6500000000e-02 -2.2969181864e-06 -1.2031189080e-07
6.7000000000e-02 -2.3156771216e-06 -1.2330199523e-07
6.7500000000e-02 -2.3353409827e-06 -1.2637174330e-07
6.8000000000e-02 -2.3557595237e-06 -1.2952413930e-07
6.8500000000e-02 -2.3767013380e-06 -1.3276035884e-07
6.9000000000e-02 -2.3978661132e-06 -1.3608112045e-07
6.9500000000e-02 -2.4189749572e-06 -1.3948678880e-07
7.0000000000e-02 -2.4397741671e-06 -1.4297630441e-07
7.0500000000e-02 -2.4599788786e-06 -1.4654703619e-07
7.1000000000e-02 -2.4792946179e-06 -1.5019624718e-07
7.1500000000e-02 -2.4974830608e-06 -1.5392227184e-07
7.2000000000e-02 -2.5144136120e-06 -1.5772373623e-07
7.2500000000e-02 -2.5300295394e-06 -1.6159854932e-07
7.3000000000e-02 -2.5442744428e-06 -1.6554481269e-07
7.3500000000e-02 -2.5571356255e-06 -1.6956237253e-07
7.4000000000e-02 -2.5687084540e-06 -1.7365259208e-07
7.4500000000e-02 -2.5791578901e-06 -1.7781680444e-07
7.5000000000e-02 -2.5886504293e-06 -1.8205601148e-07
7.5500000000e-02 -2.5973299574e-06 -1.8637211479e-07
7.6000000000e-02 -2.6053557201e-06 -1.9076848954e-07
7.6500000000e-02 -2.6129114727e-06 -1.9524878857e-07
7.7000000000e-02 -2.6201359123e-06 -1.9981567722e-07
7.7500000000e-02 -2.6270908963e-06 -2.0447148450e-07
7.8000000000e-02 -2.6337994514e-06 -2.0921962224e-07
7.8500000000e-02 -2.6402936702e-06 -2.1406427998e-07
7.9000000000e-02 -2.6466309042e-06 -2.1900860466e-07
7.9500000000e-02 -2.6528645282e-06 -2.2405415845e-07
8.0000000000e-02 -2.6590387502e-06 -2.2920233589e-07
8.0500000000e-02 -2.6652267368e-06 -2.3445518396e-07
8.1000000000e-02 -2.6715479438e-06 -2.3981436017e-07
8.1500000000e-02 -2.6781289707e-06 -2.4528030369e-07
8.2000000000e-02 -2.6850608500e-06 -2.5085361262e-07
8.2500000000e-02 -2.6924415524e-06 -2.5653679562e-07
8.3000000000e-02 -2.7004088292e-06 -2.6233350142e-07
8.3500000000e-02 -2.7090906111e-06 -2.6824603333e-07
8.4000000000e-02 -2.7185808475e-06 -2.7427461220e-07
8.4500000000e-02 -2.7289449479e-06 -2.8041912289e-07
8.5000000000e-02 -2.7402322037e-06 -2.8668012635e-07
8.5500000000e-02 -2.7524857044e-06 -2.9305773171e-07
8.6000000000e-02 -2.7657014243e-06 -2.9955092373e-07
8.6500000000e-02 -2.7798071508e-06 -3.0615907325e-07
8.7000000000e-02 -2.7947083200e-06 -3.1288339524e-07
8.7500000000e-02 -2.8103123094e-06 -3.1972593350e-07
8.8000000000e-02 -2.8264903374e-06 -3.2668781378e-07
8.8500000000e-02 -2.8430505646e-06 -3.3376961543e-07
8.9000000000e-02 -2.8597661772e-06 -3.4097301510e-07
8.9500000000e-02 -2.8764091395e-06 -3.4830061410e-07
9.0000000000e-02 -2.8927568417e-06 -3.5575382861e-07
9.0500000000e-02 -2.9085791781e-06 -3.6333212060e-07
9.1000000000e-02 -2.9236442805e-06 -3.7103461837e-07
9.1500000000e-02 -2.9377774361e-06 -3.7886141433e-07
9.2000000000e-02 -2.9508957920e-06 -3.8681275314e-07
9.2500000000e-02 -2.9629689436e-06 -3.9488783966e-07
9.3000000000e-02 -2.9739901779e-06 -4.0308558373e-07
9.3500000000e-02 -2.9839972038e-06 -4.1140647555e-07
9.4000000000e-02 -2.9930925944e-06 -4.1985291903e-07
9.4500000000e-02 -3.0014157949e-06 -4.2842776803e-07
9.5000000000e-02 -3.0090998108e-06 -4.3713356606e-07
9.5500000000e-02 -3.0162693257e-06 -4.4597358194e-07
9.6000000000e-02 -3.0230532867e-06 -4.5495258677e-07
9.6500000000e-02 -3.0295822834e-06 -4.6407568349e-07
9.7000000000e-02 -3.0359583959e-06 -4.7334660249e-07
9.7500000000e-02 -3.0422260604e-06 -4.8276771086e-07
9.8000000000e-02 -3.0484047927e-06 -4.9234136992e-07
9.8500000000e-02 -3.0545283611e-06 -5.0206995794e-07
9.9000000000e-02 -3.0606291752e-06 -5.1195410713e-07
9.9500000000e-02 -3.0667136218e-06 -5.2199215486e-07
1.0000000000e-01 -3.0727770399e-06 -5.3218186395e-07
1.0050000000e-01 -3.0788513212e-06 -5.4252172179e-07
1.0100000000e-01 -3.0850064074e-06 -5.5301019917e-07
1.0150000000e-01 -3.0912971144e-06 -5.6364494116e-07
1.0200000000e-01 -3.0977558705e-06 -5.7442392655e-07
1.0250000000e-01 -3.1044336063e-06 -5.8534727430e-07
1.0300000000e-01 -3.1114181753e-06 -5.9641719046e-07
1.0350000000e-01 -3.1188090842e-06 -6.0763627082e-07
1.0400000000e-01 -3.1266768976e-06 -6.1900683418e-07
1.0450000000e-01 -3.1350723791e-06 -6.3053208394e-07
1.0500000000e-01 -3.1440713359e-06 -6.4221680206e-07
1.0550000000e-01 -3.1537545563e-06 -6.5406630331e-07
1.0600000000e-01 -3.1641445317e-06 -6.6608516629e-07
1.0650000000e-01 -3.1752057413e-06 -6.7827749933e-07
1.0700000000e-01 -3.1868820313e-06 -6.9064793109e-07
1.0750000000e-01 -3.1991075726e-06 -7.0320080700e-07
1.0800000000e-01 -3.2117895825e-06 -7.1593784040e-07
1.0850000000e-01 -3.2247716077e-06 -7.2885741324e-07
1.0900000000e-01 -3.2378486772e-06 -7.4195640321e-07
1.0950000000e-01 -3.2508348081e-06 -7.5523169560e-07
1.1000000000e-01 -3.2635660041e-06 -7.6867957326e-07
1.1050000000e-01 -3.2758575469e-06 -7.8229502034e-07
1.1100000000e-01 -3.2875220796e-06 -7.9607304297e-07
1.1150000000e-01 -3.2984282504e-06 -8.1001077353e-07
1.1200000000e-01 -3.3085207680e-06 -8.2410773753e-07
1.1250000000e-01 -3.3177910403e-06 -8.3836455425e-07
1.1300000000e-01 -3.3262468026e-06 -8.5278274692e-07
1.1350000000e-01 -3.3339224539e-06 -8.6736602432e-07
1.1400000000e-01 -3.3409130837e-06 -8.8212070627e-07
1.1450000000e-01 -3.3473589594e-06 -8.9705397524e-07
1.1500000000e-01 -3.3533777735e-06 -9.1217210430e-07
1.1550000000e-01 -3.3590556745e-06 -9.2748098424e-07
1.1600000000e-01 -3.3644961822e-06 -9.4298733965e-07
1.1650000000e-01 -3.3698206083e-06 -9.5869782807e-07
1.1700000000e-01 -3.3751217225e-06 -9.7461687883e-07
1.1750000000e-01 -3.3804375097e-06 -9.9074654107e-07
1.1800000000e-01 -3.3857737210e-06 -1.0070882911e-06
1.1850000000e-01 -3.3911484530e-06 -1.0236436944e-06
1.1900000000e-01 -3.3965890886e-06 -1.0404128788e-06
1.1950000000e-01 -3.4020837644e-06 -1.0573935257e-06
1.2000000000e-01 -3.4075875348e-06 -1.0745824131e-06
1.2050000000e-01 -3.4130824230e-06 -1.0919771347e-06
1.2100000000e-01 -3.4185931793e-06 -1.1095757062e-06
1.2150000000e-01 -3.4241458430e-06 -1.1273752787e-06
1.2200000000e-01 -3.4297382274e-06 -1.1453725814e-06
1.2250000000e-01 -3.4353768457e-06 -1.1635658906e-06
1.2300000000e-01 -3.4411216469e-06 -1.1819555698e-06
1.2350000000e-01 -3.4470605773e-06 -1.2005426682e-06
1.2400000000e-01 -3.4532652530e-06 -1.2193280845e-06
1.2450000000e-01 -3.4597876882e-06 -1.2383137809e-06
1.2500000000e-01 -3.4666906928e-06 -1.2575038768e-06
1.2550000000e-01 -3.4740619783e-06 -1.2769038005e-06
1.2600000000e-01 -3.4819646383e-06 -1.2965187821e-06
1.2650000000e-01 -3.4903912135e-06 -1.3163537667e-06
1.2700000000e-01 -3.4992941452e-06 -1.3364145285e-06
1.2750000000e-01 -3.5086273886e-06 -1.3567073401e-06
1.2800000000e-01 -3.5183288174e-06 -1.3772370519e-06
1.2850000000e-01 -3.5282764710e-06 -1.3980059625e-06
1.2900000000e-01 -3.5382992390e-06 -1.4190148306e-06
1.2950000000e-01 -3.5482369798e-06 -1.4402643061e-06
1.3000000000e-01 -3.5579576774e-06 -1.4617545471e-06
1.3050000000e-01 -3.5673281780e-06 -1.4834841559e-06
1.3100000000e-01 -3.5762024985e-06 -1.5054506222e-06
1.3150000000e-01 -3.5844586031e-06 -1.5276519655e-06
1.3200000000e-01 -3.5920494978e-06 -1.5500869370e-06
1.3250000000e-01 -3.5989846445e-06 -1.5727537375e-06
1.3300000000e-01 -3.6052769575e-06 -1.5956497450e-06
1.3350000000e-01 -3.6109523439e-06 -1.6187731751e-06
1.3400000000e-01 -3.6160862276e-06 -1.6421246571e-06
1.3450000000e-01 -3.6207976134e-06 -1.6657064553e-06
1.3500000000e-01 -3.6252062221e-06 -1.6895211580e-06
1.3550000000e-01 -3.6294004795e-06 -1.7135720943e-06
1.3600000000e-01 -3.6334560164e-06 -1.7378647306e-06
1.3650000000e-01 -3.6374726668e-06 -1.7624065165e-06
1.3700000000e-01 -3.6415501934e-06 -1.7872049087e-06
1.3750000000e-01 -3.6457294261e-06 -1.8122662777e-06
1.3800000000e-01 -3.6500067517e-06 -1.8375964511e-06
1.3850000000e-01 -3.6543854892e-06 -1.8632011350e-06
1.3900000000e-01 -3.6588729330e-06 -1.8890846354e-06
1.3950000000e-01 -3.6634507076e-06 -1.9152484292e-06
1.4000000000e-01 -3.6680652070e-06 -1.9416915607e-06
1.4050000000e-01 -3.6726581507e-06 -1.9684121334e-06
1.4100000000e-01 -3.6772095593e-06 -1.9954077692e-06
1.4150000000e-01 -3.6817251624e-06 -2.0226745989e-06
1.4200000000e-01 -3.6861960590e-06 -2.0502073953e-06
1.4250000000e-01 -3.6906101356e-06 -2.0780014785e-06
1.4300000000e-01 -3.6949954608e-06 -2.1060541914e-06
1.4350000000e-01 -3.6994257475e-06 -2.1343642718e-06
1.4400000000e-01 -3.7039782962e-06 -2.1629307250e-06
1.4450000000e-01 -3.7087069824e-06 -2.1917536761e-06
1.4500000000e-01 -3.7136698593e-06 -2.2208358525e-06
1.4550000000e-01 -3.7189499162e-06 -2.2501822532e-06
1.4600000000e-01 -3.7246184187e-06 -2.2797982464e-06
1.4650000000e-01 -3.7306943667e-06 -2.3096888398e-06
1.4700000000e-01 -3.7371518115e-06 -2.3398596585e-06
1.4750000000e-01 -3.7439529459e-06 -2.3703172290e-06
1.4800000000e-01 -3.7510528164e-06 -2.4010674170e-06
1.4850000000e-01 -3.7583664705e-06 -2.4321138508e-06
1.4900000000e-01 -3.7657614817e-06 -2.4634585503e-06
1.4950000000e-01 -3.7730977115e-06 -2.4951033400e-06
1.5000000000e-01 -3.7802598784e-06 -2.5270497679e-06
1.5050000000e-01 -3.7871447271e-06 -2.5592978287e-06
1.5100000000e-01 -3.7936385735e-06 -2.5918458835e-06
1.5150000000e-01 -3.7996384761e-06 -2.6246923101e-06
1.5200000000e-01 -3.8050912556e-06 -2.6578362069e-06
1.5250000000e-01 -3.8099963587e-06 -2.6912763025e-06
1.5300000000e-01 -3.8143757610e-06 -2.7250102121e-06
1.5350000000e-01 -3.8182546480e-06 -2.7590358006e-06
1.5400000000e-01 -3.8216850004e-06 -2.7933529073e-06
1.5450000000e-01 -3.8247699856e-06 -2.8279630265e-06
1.5500000000e-01 -3.8276251667e-06 -2.8628679656e-06
1.5550000000e-01 -3.8303368786e-06 -2.8980696404e-06
1.5600000000e-01 -3.8329808876e-06 -2.9335710505e-06
1.5650000000e-01 -3.8356433922e-06 -2.9693763083e-06
1.5700000000e-01 -3.8384063542e-06 -3.0054891833e-06
1.5750000000e-01 -3.8413190135e-06 -3.0419121437e-06
1.5800000000e-01 -3.8443876808e-06 -3.0786470591e-06
1.5850000000e-01 -3.8475970704e-06 -3.1156961726e-06
1.5900000000e-01 -3.8509351591e-06 -3.1530614886e-06
1.5950000000e-01 -3.8543794640e-06 -3.1907435801e-06
1.6000000000e-01 -3.8578701090e-06 -3.2287417936e-06
1.6050000000e-01 -3.8613349656e-06 -3.2670557397e-06
1.6100000000e-01 -3.8647308190e-06 -3.3056858784e-06
1.6150000000e-01 -3.8680394724e-06 -3.3446323371e-06
1.6200000000e-01 -3.8712426352e-06 -3.3838941935e-06
1.6250000000e-01 -3.8743240407e-06 -3.4234704440e-06
1.6300000000e-01 -3.8772974602e-06 -3.4633611816e-06
1.6350000000e-01 -3.8802174110e-06 -3.5035671042e-06
1.6400000000e-01 -3.8831548824e-06 -3.5440882708e-06
1.6450000000e-01 -3.8861681446e-06 -3.5849243093e-06
1.6500000000e-01 -3.8893136449e-06 -3.6260756932e-06
1.6550000000e-01 -3.8926668614e-06 -3.6675441582e-06
1.6600000000e-01 -3.8962987597e-06 -3.7093315493e-06
1.6650000000e-01 -3.9002433510e-06 -3.7514391300e-06
1.6700000000e-01 -3.9044980145e-06 -3.7938685417e-06
1.6750000000e-01 -3.9090386663e-06 -3.8366226406e-06
1.6800000000e-01 -3.9138311954e-06 -3.8797046705e-06
1.6850000000e-01 -3.9188181425e-06 -3.9231168807e-06
1.6900000000e-01 -3.9238976646e-06 -3.9668607232e-06
1.6950000000e-01 -3.9289520159e-06 -4.0109379751e-06
1.7000000000e-01 -3.9338810115e-06 -4.0553507849e-06
1.7050000000e-01 -3.9385949015e-06 -4.1001003870e-06
1.7100000000e-01 -3.9429999073e-06 -4.1451865194e-06
1.7150000000e-01 -3.9470043635e-06 -4.1906085175e-06
1.7200000000e-01 -3.9505529388e-06 -4.2363662149e-06
1.7250000000e-01 -3.9536399346e-06 -4.2824593615e-06
1.7300000000e-01 -3.9562786351e-06 -4.3288866482e-06
1.7350000000e-01 -3.9584899367e-06 -4.3756463524e-06
1.7400000000e-01 -3.9603242941e-06 -4.4227379148e-06
1.7450000000e-01 -3.9618658493e-06 -4.4701622534e-06
1.7500000000e-01 -3.9632146472e-06 -4.5179206330e-06
1.7550000000e-01 -3.9644630863e-06 -4.5660139733e-06
1.7600000000e-01 -3.9656861816e-06 -4.6144437135e-06
1.7650000000e-01 -3.9669586976e-06 -4.6632123806e-06
1.7700000000e-01 -3.9683578716e-06 -4.7123225664e-06
1.7750000000e-01 -3.9699317937e-06 -4.7617757017e-06
1.7800000000e-01 -3.9716842710e-06 -4.8115724764e-06
1.7850000000e-01 -3.9736001449e-06 -4.8617141432e-06
1.7900000000e-01 -3.9756611301e-06 -4.9122023735e-06
1.7950000000e-01 -3.9778329425e-06 -4.9630378434e-06
1.8000000000e-01 -3.9800545593e-06 -5.0142197598e-06
1.8050000000e-01 -3.9822521213e-06 -5.0657470525e-06
1.8100000000e-01 -3.9843679466e-06 -5.1176191829e-06
1.8150000000e-01 -3.9863699616e-06 -5.1698353822e-06
1.8200000000e-01 -3.9882333903e-06 -5.2223939103e-06
1.8250000000e-01 -3.9899339946e-06 -5.2752928537e-06
1.8300000000e-01 -3.9914759793e-06 -5.3285315177e-06
1.8350000000e-01 -3.9929033026e-06 -5.3821104118e-06
1.8400000000e-01 -3.9942743956e-06 -5.4360302759e-06
1.8450000000e-01 -3.9956454602e-06 -5.4902920422e-06
1.8500000000e-01 -3.9970738828e-06 -5.5448979412e-06
1.8550000000e-01 -3.9986270720e-06 -5.5998519195e-06
1.8600000000e-01 -4.0003765377e-06 -5.6551583591e-06
1.8650000000e-01 -4.0023697791e-06 -5.7108208602e-06
1.8700000000e-01 -4.0046145241e-06 -5.7668425598e-06
1.8750000000e-01 -4.0070997811e-06 -5.8232269026e-06
1.8800000000e-01 -4.0098107196e-06 -5.8799769987e-06
1.8850000000e-01 -4.0127062566e-06 -5.9370941691e-06
1.8900000000e-01 -4.0157058677e-06 -5.9945778433e-06
1.8950000000e-01 -4.0187129512e-06 -6.0524267312e-06
1.9000000000e-01 -4.0216387938e-06 -6.1106394620e-06
1.9050000000e-01 -4.0244034871e-06 -6.1692139247e-06
1.9100000000e-01 -4.0269234446e-06 -6.2281468626e-06
1.9150000000e-01 -4.0291144438e-06 -6.2874348931e-06
1.9200000000e-01 -4.0309217086e-06 -6.3470757444e-06
1.9250000000e-01 -4.0323307725e-06 -6.4070682347e-06
1.9300000000e-01 -4.0333493537e-06 -6.4674114407e-06
1.9350000000e-01 -4.0339965899e-06 -6.5281048156e-06
1.9400000000e-01 -4.0343111859e-06 -6.5891492615e-06
1.9450000000e-01 -4.0343658172e-06 -6.6505474783e-06
1.9500000000e-01 -4.0342557000e-06 -6.7123028484e-06
1.9550000000e-01 -4.0340675004e-06 -6.7744184084e-06
1.9600000000e-01 -4.0338718470e-06 -6.8368972649e-06
1.9650000000e-01 -4.0337402118e-06 -6.8997431688e-06
1.9700000000e-01 -4.0337446246e-06 -6.9629598115e-06
1.9750000000e-01 -4.0339317426e-06 -7.0265495426e-06
1.9800000000e-01 -4.0343082624e-06 -7.0905134041e-06
1.9850000000e-01 -4.0348571813e-06 -7.1548522750e-06
1.9900000000e-01 -4.0355557287e-06 -7.2195671365e-06
1.9950000000e-01 -4.0363704894e-06 -7.2846580441e-06
2.0000000000e-01 -4.0372417550e-06 -7.3501234849e-06
2.0050000000e-01 -4.0380914622e-06 -7.4159612478e-06
2.0100000000e-01 -4.0388576654e-06 -7.4821694232e-06
2.0150000000e-01 -4.0395012918e-06 -7.5487462105e-06
2.0200000000e-01 -4.0399891314e-06 -7.6156892674e-06
2.0250000000e-01 -4.0402948424e-06 -7.6829961904e-06
2.0300000000e-01 -4.0404122395e-06 -7.7506658730e-06
2.0350000000e-01 -4.0403688166e-06 -7.8186988367e-06
2.0400000000e-01 -4.0402201411e-06 -7.8870962614e-06
2.0450000000e-01 -4.0400201433e-06 -7.9558593982e-06
2.0500000000e-01 -4.0398168283e-06 -8.0249903034e-06
2.0550000000e-01 -4.0396753913e-06 -8.0944924864e-06
2.0600000000e-01 -4.0396696161e-06 -8.1643701089e-06
2.0650000000e-01 -4.0398511857e-06 -8.2346267075e-06
2.0700000000e-01 -4.0402405404e-06 -8.3052651231e-06
2.0750000000e-01 -4.0408393703e-06 -8.3762883276e-06
2.0800000000e-01 -4.0416411080e-06 -8.4476993665e-06
2.0850000000e-01 -4.0426212056e-06 -8.5195002621e-06
2.0900000000e-01 -4.0437202165e-06 -8.5916914772e-06
2.0950000000e-01 -4.0448541152e-06 -8.6642727073e-06
2.1000000000e-01 -4.0459423921e-06 -8.7372436200e-06
2.1050000000e-01 -4.0469138630e-06 -8.8106032695e-06
2.1100000000e-01 -4.0476937202e-06 -8.8843492957e-06
2.1150000000e-01 -4.0482037677e-06 -8.9584784225e-06
2.1200000000e-01 -4.0483854065e-06 -9.0329877192e-06
2.1250000000e-01 -4.0482170795e-06 -9.1078748230e-06
2.1300000000e-01 -4.0477043698e-06 -9.1831371268e-06
2.1350000000e-01 -4.0468624037e-06 -9.2587717510e-06
2.1400000000e-01 -4.0457204800e-06 -9.3347767605e-06
2.1450000000e-01 -4.0443398662e-06 -9.4111520155e-06
2.1500000000e-01 -4.0428075986e-06 -9.4878985326e-06
2.1550000000e-01 -4.0412073527e-06 -9.5650176485e-06
2.1600000000e-01 -4.0396068043e-06 -9.6425113547e-06
2.1650000000e-01 -4.0380711510e-06 -9.7203830551e-06
2.1700000000e-01 -4.0366674508e-06 -9.7986372017e-06
2.1750000000e-01 -4.0354437846e-06 -9.8772779851e-06
2.1800000000e-01 -4.0344115704e-06 -9.9563088134e-06
2.1850000000e-01 -4.0335542820e-06 -1.0035732858e-05
2.1900000000e-01 -4.0328475235e-06 -1.0115553264e-05
2.1950000000e-01 -4.0322587628e-06 -1.0195772190e-05
2.2000000000e-01 -4.0317330247e-06 -1.0276389869e-05
2.2050000000e-01 -4.0311973947e-06 -1.0357405011e-05
2.2100000000e-01 -4.0305832876e-06 -1.0438815754e-05
2.2150000000e-01 -4.0298428081e-06 -1.0520619758e-05
2.2200000000e-01 -4.0289443065e-06 -1.0602813660e-05
2.2250000000e-01 -4.0278575608e-06 -1.0685393417e-05
2.2300000000e-01 -4.0265643098e-06 -1.0768355599e-05
2.2350000000e-01 -4.0250837263e-06 -1.0851698129e-05
2.2400000000e-01 -4.0234622845e-06 -1.0935419729e-05
2.2450000000e-01 -4.0217481040e-06 -1.1019519314e-05
2.2500000000e-01 -4.0199902307e-06 -1.1103996572e-05
2.2550000000e-01 -4.0182475370e-06 -1.1188852749e-05
2.2600000000e-01 -4.0165885776e-06 -1.1274090346e-05
2.2650000000e-01 -4.0150736707e-06 -1.1359712080e-05
2.2700000000e-01 -4.0137340860e-06 -1.1445720579e-05
2.2750000000e-01 -4.0125781172e-06 -1.1532118923e-05
2.2800000000e-01 -4.0116073033e-06 -1.1618910679e-05
2.2850000000e-01 -4.0108092275e-06 -1.1706098883e-05
2.2900000000e-01 -4.0101401517e-06 -1.1793685141e-05
2.2950000000e-01 -4.0095306238e-06 -1.1881669987e-05
2.3000000000e-01 -4.0089063260e-06 -1.1970053594e-05
2.3050000000e-01 -4.0081992799e-06 -1.2058835473e-05
2.3100000000e-01 -4.0073438282e-06 -1.2148013636e-05
2.3150000000e-01 -4.0062683945e-06 -1.2237584767e-05
2.3200000000e-01 -4.0049106445e-06 -1.2327545460e-05
2.3250000000e-01 -4.0032430433e-06 -1.2417892849e-05
2.3300000000e-01 -4.0012670124e-06 -1.2508624166e-05
2.3350000000e-01 -3.9989929664e-06 -1.2599736491e-05
2.3400000000e-01 -3.9964447145e-06 -1.2691227584e-05
2.3450000000e-01 -3.9936734564e-06 -1.2783096766e-05
2.3500000000e-01 -3.9907540732e-06 -1.2875344603e-05
2.3550000000e-01 -3.9877661425e-06 -1.2967972049e-05
2.3600000000e-01 -3.9847775348e-06 -1.3060980365e-05
2.3650000000e-01 -3.9818484714e-06 -1.3154371721e-05
2.3700000000e-01 -3.9790394800e-06 -1.3248149149e-05
2.3750000000e-01 -3.9763990596e-06 -1.3342315537e-05
2.3800000000e-01 -3.9739455243e-06 -1.3436872950e-05
2.3850000000e-01 -3.9716671892e-06 -1.3531823047e-05
2.3900000000e-01 -3.9695384274e-06 -1.3627167652e-05
2.3950000000e-01 -3.9675277801e-06 -1.3722908213e-05
2.4000000000e-01 -3.9655880691e-06 -1.3819044933e-05
2.4050000000e-01 -3.9636503242e-06 -1.3915576913e-05
2.4100000000e-01 -3.9616438993e-06 -1.4012503092e-05
2.4150000000e-01 -3.9595183456e-06 -1.4109822521e-05
2.4200000000e-01 -3.9572367270e-06 -1.4207533684e-05
2.4250000000e-01 -3.9547655294e-06 -1.4305634312e-05
2.4300000000e-01 -3.9520847965e-06 -1.4404122208e-05
2.4350000000e-01 -3.9492013228e-06 -1.4502995998e-05
2.4400000000e-01 -3.9461498590e-06 -1.4602254739e-05
2.4450000000e-01 -3.9429778031e-06 -1.4701897188e-05
2.4500000000e-01 -3.9397312553e-06 -1.4801922063e-05
2.4550000000e-01 -3.9364638963e-06 -1.4902328888e-05
2.4600000000e-01 -3.9332418652e-06 -1.5003118142e-05
2.4650000000e-01 -3.9301263610e-06 -1.5104290485e-05
2.4700000000e-01 -3.9271574450e-06 -1.5205846448e-05
2.4750000000e-01 -3.9243528544e-06 -1.5307787016e-05
2.4800000000e-01 -3.9217182104e-06 -1.5410113951e-05
2.4850000000e-01 -3.9192488553e-06 -1.5512829071e-05
2.4900000000e-01 -3.9169156120e-06 -1.5615933339e-05
2.4950000000e-01 -3.9146609877e-06 -1.5719427064e-05
2.5000000000e-01 -3.9124164920e-06 -1.5823310575e-05
2.5050000000e-01 -3.9101197743e-06 -1.5927584158e-05
2.5100000000e-01 -3.9077101564e-06 -1.6032247316e-05
2.5150000000e-01 -3.9051193398e-06 -1.6137298616e-05
2.5200000000e-01 -3.9022877322e-06 -1.6242736504e-05
2.5250000000e-01 -3.8991829677e-06 -1.6348559837e-05
2.5300000000e-01 -3.8957964953e-06 -1.6454767551e-05
2.5350000000e-01 -3.8921366122e-06 -1.6561358198e-05
2.5400000000e-01 -3.8882243155e-06 -1.6668330393e-05
2.5450000000e-01 -3.8840985589e-06 -1.6775683599e-05
2.5500000000e-01 -3.8798242819e-06 -1.6883418089e-05
2.5550000000e-01 -3.8754763243e-06 -1.6991534243e-05
2.5600000000e-01 -3.8711197761e-06 -1.7100032354e-05
2.5650000000e-01 -3.8668125515e-06 -1.7208913310e-05
2.5700000000e-01 -3.8626110239e-06 -1.7318178892e-05
2.5750000000e-01 -3.8585630096e-06 -1.7427831100e-05
2.5800000000e-01 -3.8546925056e-06 -1.7537871427e-05
2.5850000000e-01 -3.8509928493e-06 -1.7648301052e-05
2.5900000000e-01 -3.8474415427e-06 -1.7759121401e-05
2.5950000000e-01 -3.8440105834e-06 -1.7870333838e-05
2.6000000000e-01 -3.8406559441e-06 -1.7981938849e-05
2.6050000000e-01 -3.8373143938e-06 -1.8093935845e-05
2.6100000000e-01 -3.8339193109e-06 -1.8206323826e-05
2.6150000000e-01 -3.8304155898e-06 -1.8319101784e-05
2.6200000000e-01 -3.8267618410e-06 -1.8432268301e-05
2.6250000000e-01 -3.8229247081e-06 -1.8545821251e-05
2.6300000000e-01 -3.8188796226e-06 -1.8659758383e-05
2.6350000000e-01 -3.8146249167e-06 -1.8774078188e-05
2.6400000000e-01 -3.8101870181e-06 -1.8888779881e-05
2.6450000000e-01 -3.8056069975e-06 -1.9003862825e-05
2.6500000000e-01 -3.8009293076e-06 -1.9119326573e-05
2.6550000000e-01 -3.7962042880e-06 -1.9235171561e-05
2.6600000000e-01 -3.7914927192e-06 -1.9351399364e-05
2.6650000000e-01 -3.7868570686e-06 -1.9468011956e-05
2.6700000000e-01 -3.7823432053e-06 -1.9585011103e-05
2.6750000000e-01 -3.7779741962e-06 -1.9702398581e-05
2.6800000000e-01 -3.7737615464e-06 -1.9820176527e-05
2.6850000000e-01 -3.7697079198e-06 -1.9938346912e-05
2.6900000000e-01 -3.7657928580e-06 -2.0056910647e-05
2.6950000000e-01 -3.7619690276e-06 -2.0175867547e-05
2.7000000000e-01 -3.7581780175e-06 -2.0295216990e-05
2.7050000000e-01 -3.7543609170e-06 -2.0414958255e-05
2.7100000000e-01 -3.7504583228e-06 -2.0535090094e-05
2.7150000000e-01 -3.7464096308e-06 -2.0655610539e-05
2.7200000000e-01 -3.7421567449e-06 -2.0776517535e-05
2.7250000000e-01 -3.7376599229e-06 -2.0897809640e-05
2.7300000000e-01 -3.7329070540e-06 -2.1019485945e-05
2.7350000000e-01 -3.7279021995e-06 -2.1141545561e-05
2.7400000000e-01 -3.7226592068e-06 -2.1263987809e-05
2.7450000000e-01 -3.7172106474e-06 -2.1386812948e-05
2.7500000000e-01 -3.7116119792e-06 -2.1510022315e-05
2.7550000000e-01 -3.7059307131e-06 -2.1633617640e-05
2.7600000000e-01 -3.7002301851e-06 -2.1757600565e-05
2.7650000000e-01 -3.6945653822e-06 -2.1881973034e-05
2.7700000000e-01 -3.6889900237e-06 -2.2006737588e-05
2.7750000000e-01 -3.6835523276e-06 -2.2131896816e-05
2.7800000000e-01 -3.6782790161e-06 -2.2257452549e-05
2.7850000000e-01 -3.6731698378e-06 -2.2383405822e-05
2.7900000000e-01 -3.6682075959e-06 -2.2509757356e-05
2.7950000000e-01 -3.6633662228e-06 -2.2636507513e-05
2.8000000000e-01 -3.6586062227e-06 -2.2763655719e-05
2.8050000000e-01 -3.6538714673e-06 -2.2891200273e-05
2.8100000000e-01 -3.6490979192e-06 -2.3019139012e-05
2.8150000000e-01 -3.6442283326e-06 -2.3147469918e-05
2.8200000000e-01 -3.6392195622e-06 -2.3276190965e-05
2.8250000000e-01 -3.6340369353e-06 -2.3405299813e-05
2.8300000000e-01 -3.6286525710e-06 -2.3534794195e-05
2.8350000000e-01 -3.6230578786e-06 -2.3664672736e-05
2.8400000000e-01 -3.6172713745e-06 -2.3794935040e-05
2.8450000000e-01 -3.6113289743e-06 -2.3925581152e-05
2.8500000000e-01 -3.6052714963e-06 -2.4056611327e-05
2.8550000000e-01 -3.5991449360e-06 -2.4188026500e-05
2.8600000000e-01 -3.5930068502e-06 -2.4319828568e-05
2.8650000000e-01 -3.5869187524e-06 -2.4452019858e-05
2.8700000000e-01 -3.5809285836e-06 -2.4584602500e-05
2.8750000000e-01 -3.5750653224e-06 -2.4717578435e-05
2.8800000000e-01 -3.5693462312e-06 -2.4850949785e-05
2.8850000000e-01 -3.5637774782e-06 -2.4984718641e-05
2.8900000000e-01 -3.5583462667e-06 -2.5118886363e-05
2.8950000000e-01 -3.5530176880e-06 -2.5253453329e-05
2.9000000000e-01 -3.5477391744e-06 -2.5388419393e-05
2.9050000000e-01 -3.5424543600e-06 -2.5523784264e-05
2.9100000000e-01 -3.5371106885e-06 -2.5659547171e-05
2.9150000000e-01 -3.5316507222e-06 -2.5795706502e-05
2.9200000000e-01 -3.5260162637e-06 -2.5932260162e-05
2.9250000000e-01 -3.5201666387e-06 -2.6069206247e-05
2.9300000000e-01 -3.5140833995e-06 -2.6206543117e-05
2.9350000000e-01 -3.5077651389e-06 -2.6344268979e-05
2.9400000000e-01 -3.5012225699e-06 -2.6482382005e-05
2.9450000000e-01 -3.4944799735e-06 -2.6620881045e-05
2.9500000000e-01 -3.4875839522e-06 -2.6759766057e-05
2.9550000000e-01 -3.4805966823e-06 -2.6899037740e-05
2.9600000000e-01 -3.4735771156e-06 -2.7038697090e-05
2.9650000000e-01 -3.4665786509e-06 -2.7178745581e-05
2.9700000000e-01 -3.4596534778e-06 -2.7319185488e-05
2.9750000000e-01 -3.4528478333e-06 -2.7460019582e-05
2.9800000000e-01 -3.4461921805e-06 -2.7601250336e-05
2.9850000000e-01 -3.4396932610e-06 -2.7742879627e-05
2.9900000000e-01 -3.4333379313e-06 -2.7884909027e-05
2.9950000000e-01 -3.4271024403e-06 -2.8027339860e-05
3.0000000000e-01 -3.4209532719e-06 -2.8170172658e-05
3.0050000000e-01 -3.4148410720e-06 -2.8313406728e-05
3.0100000000e-01 -3.4087040753e-06 -2.8457040544e-05
3.0150000000e-01 -3.4024852194e-06 -2.8601072335e-05
3.0200000000e-01 -3.3961407343e-06 -2.8745500085e-05
3.0250000000e-01 -3.3896339241e-06 -2.8890321200e-05
3.0300000000e-01 -3.3829347318e-06 -2.9035532728e-05
3.0350000000e-01 -3.3760297087e-06 -2.9181132122e-05
3.0400000000e-01 -3.3689296287e-06 -2.9327117615e-05
3.0450000000e-01 -3.3616643739e-06 -2.9473487973e-05
3.0500000000e-01 -3.3542709852e-06 -2.9620242308e-05
3.0550000000e-01 -3.3467923790e-06 -2.9767380497e-05
3.0600000000e-01 -3.3392817035e-06 -2.9914903596e-05
3.0650000000e-01 -3.3317968309e-06 -3.0062813578e-05
3.0700000000e-01 -3.3243884401e-06 -3.0211112705e-05
3.0750000000e-01 -3.3170910904e-06 -3.0359803339e-05
3.0800000000e-01 -3.3099239612e-06 -3.0508888213e-05
3.0850000000e-01 -3.3028971412e-06 -3.0658370272e-05
3.0900000000e-01 -3.2960067157e-06 -3.0808251948e-05
3.0950000000e-01 -3.2892251707e-06 -3.0958534656e-05
3.1000000000e-01 -3.2825067511e-06 -3.1109219029e-05
3.1050000000e-01 -3.2758010556e-06 -3.1260305282e-05
3.1100000000e-01 -3.2690576003e-06 -3.1411792960e-05
3.1150000000e-01 -3.2622229583e-06 -3.1563680567e-05
3.1200000000e-01 -3.2552423289e-06 -3.1715965795e-05
3.1250000000e-01 -3.2480713582e-06 -3.1868646227e-05
3.1300000000e-01 -3.2406870728e-06 -3.2021719621e-05
3.1350000000e-01 -3.2330842534e-06 -3.2175183701e-05
3.1400000000e-01 -3.2252679143e-06 -3.2329036184e-05
3.1450000000e-01 -3.2172571098e-06 -3.2483275353e-05
3.1500000000e-01 -3.2090909185e-06 -3.2637900553e-05
3.1550000000e-01 -3.2008228388e-06 -3.2792911983e-05
3.1600000000e-01 -3.1925095807e-06 -3.2948310265e-05
3.1650000000e-01 -3.1842039340e-06 -3.3104096414e-05
3.1700000000e-01 -3.1759542441e-06 -3.3260272120e-05
3.1750000000e-01 -3.1678054116e-06 -3.3416839588e-05
3.1800000000e-01 -3.1597922739e-06 -3.3573800900e-05
3.1850000000e-01 -3.1519267055e-06 -3.3731157662e-05
3.1900000000e-01 -3.1441990663e-06 -3.3888911244e-05
3.1950000000e-01 -3.1365907355e-06 -3.4047062976e-05
3.2000000000e-01 -3.1290729803e-06 -3.4205613767e-05
3.2050000000e-01 -3.1216007204e-06 -3.4364563660e-05
3.2100000000e-01 -3.1141181078e-06 -3.4523911996e-05
3.2150000000e-01 -3.1065696926e-06 -3.4683657895e-05
3.2200000000e-01 -3.0989089434e-06 -3.4843800368e-05
3.2250000000e-01 -3.0910990823e-06 -3.5004337986e-05
3.2300000000e-01 -3.0831090240e-06 -3.5165268899e-05
3.2350000000e-01 -3.0749207102e-06 -3.5326591359e-05
3.2400000000e-01 -3.0665383501e-06 -3.5488304142e-05
3.2450000000e-01 -3.0579849479e-06 -3.5650406424e-05
3.2500000000e-01 -3.0492942003e-06 -3.5812897513e-05
3.2550000000e-01 -3.0405061499e-06 -3.5975777098e-05
3.2600000000e-01 -3.0316680371e-06 -3.6139045684e-05
3.2650000000e-01 -3.0228348034e-06 -3.6302704537e-05
3.2700000000e-01 -3.0140588095e-06 -3.6466755143e-05
3.2750000000e-01 -3.0053767455e-06 -3.6631198968e-05
3.2800000000e-01 -2.9968114360e-06 -3.6796037722e-05
3.2850000000e-01 -2.9883770303e-06 -3.6961273416e-05
3.2900000000e-01 -2.9800742717e-06 -3.7126907902e-05
3.2950000000e-01 -2.9718837579e-06 -3.7292942382e-05
3.3000000000e-01 -2.9637674126e-06 -3.7459377538e-05
3.3050000000e-01 -2.9556787700e-06 -3.7626213861e-05
3.3100000000e-01 -2.9475710057e-06 -3.7793451562e-05
3.3150000000e-01 -2.9393940477e-06 -3.7961090205e-05
3.3200000000e-01 -2.9310952226e-06 -3.8129128688e-05
3.3250000000e-01 -2.9226302322e-06 -3.8297565731e-05
3.3300000000e-01 -2.9139712628e-06 -3.8466400152e-05
3.3350000000e-01 -2.9051074096e-06 -3.8635630693e-05
3.3400000000e-01 -2.8960411902e-06 -3.8805255854e-05
3.3450000000e-01 -2.8867867059e-06 -3.8975274262e-05
3.3500000000e-01 -2.8773739058e-06 -3.9145685176e-05
3.3550000000e-01 -2.8678503306e-06 -3.9316488450e-05
3.3600000000e-01 -2.8582700264e-06 -3.9487684171e-05
3.3650000000e-01 -2.8486824820e-06 -3.9659272605e-05
3.3700000000e-01 -2.8391339106e-06 -3.9831254566e-05
3.3750000000e-01 -2.8296698232e-06 -4.0003631465e-05
3.3800000000e-01 -2.8203255879e-06 -4.0176404862e-05
3.3850000000e-01 -2.8111170157e-06 -4.0349576097e-05
3.3900000000e-01 -2.8020416502e-06 -4.0523146418e-05
3.3950000000e-01 -2.7930841304e-06 -4.0697117201e-05
3.4000000000e-01 -2.7842186290e-06 -4.0871489674e-05
3.4050000000e-01 -2.7754071763e-06 -4.1046264447e-05
3.4100000000e-01 -2.7665989036e-06 -4.1221441428e-05
3.4150000000e-01 -2.7577395966e-06 -4.1397020190e-05
3.4200000000e-01 -2.7487833031e-06 -4.1573000134e-05
3.4250000000e-01 -2.7396916018e-06 -4.1749380265e-05
3.4300000000e-01 -2.7304326955e-06 -4.1926159123e-05
3.4350000000e-01 -2.7209862093e-06 -4.2103335198e-05
3.4400000000e-01 -2.7113491039e-06 -4.2280907433e-05
3.4450000000e-01 -2.7015385475e-06 -4.2458875183e-05
3.4500000000e-01 -2.6915849814e-06 -4.2637237977e-05
3.4550000000e-01 -2.6815235277e-06 -4.2815995631e-05
3.4600000000e-01 -2.6713973112e-06 -4.2995148637e-05
3.4650000000e-01 -2.6612586012e-06 -4.3174698190e-05
3.4700000000e-01 -2.6511580599e-06 -4.3354645720e-05
3.4750000000e-01 -2.6411347893e-06 -4.3534992593e-05
3.4800000000e-01 -2.6312151532e-06 -4.3715740222e-05
3.4850000000e-01 -2.6214162128e-06 -4.3896890178e-05
3.4900000000e-01 -2.6117428268e-06 -4.4078443866e-05
3.4950000000e-01 -2.6021821893e-06 -4.4260402082e-05
3.5000000000e-01 -2.5927037989e-06 -4.4442765006e-05
3.5050000000e-01 -2.5832662134e-06 -4.4625532492e-05
3.5100000000e-01 -2.5738248234e-06 -4.4808704135e-05
3.5150000000e-01 -2.5643332242e-06 -4.4992278986e-05
3.5200000000e-01 -2.5547422781e-06 -4.5176255495e-05
3.5250000000e-01 -2.5450067697e-06 -4.5360631908e-05
3.5300000000e-01 -2.5350951099e-06 -4.5545406673e-05
3.5350000000e-01 -2.5249930418e-06 -4.5730578409e-05
3.5400000000e-01 -2.5146993665e-06 -4.5916145722e-05
3.5450000000e-01 -2.5042222478e-06 -4.6102107453e-05
3.5500000000e-01 -2.4935860527e-06 -4.6288463116e-05
3.5550000000e-01 -2.4828325786e-06 -4.6475212962e-05
3.5600000000e-01 -2.4720099479e-06 -4.6662357631e-05
3.5650000000e-01 -2.4611658420e-06 -4.6849897957e-05
3.5700000000e-01 -2.4503462760e-06 -4.7037835146e-05
3.5750000000e-01 -2.4395938933e-06 -4.7226170818e-05
3.5800000000e-01 -2.4289450536e-06 -4.7414906660e-05
3.5850000000e-01 -2.4184208344e-06 -4.7604043974e-05
3.5900000000e-01 -2.4080227776e-06 -4.7793583665e-05
3.5950000000e-01 -2.3977397000e-06 -4.7983526440e-05
3.6000000000e-01 -2.3875505598e-06 -4.8173872717e-05
3.6050000000e-01 -2.3774216510e-06 -4.8364622277e-05
3.6100000000e-01 -2.3673078237e-06 -4.8555774152e-05
3.6150000000e-01 -2.3571584537e-06 -4.8747327011e-05
3.6200000000e-01 -2.3469262742e-06 -4.8939279447e-05
3.6250000000e-01 -2.3365733773e-06 -4.9131629905e-05
3.6300000000e-01 -2.3260679655e-06 -4.9324376577e-05
3.6350000000e-01 -2.3153855071e-06 -4.9517517719e-05
3.6400000000e-01 -2.3045186996e-06 -4.9711052106e-05
3.6450000000e-01 -2.2934799249e-06 -4.9904979051e-05
3.6500000000e-01 -2.2822933914e-06 -5.0099298146e-05
3.6550000000e-01 -2.2709907405e-06 -5.0294009196e-05
3.6600000000e-01 -2.2596122056e-06 -5.0489112491e-05
3.6650000000e-01 -2.2482052969e-06 -5.0684608894e-05
3.6700000000e-01 -2.2368186263e-06 -5.0880499514e-05
3.6750000000e-01 -2.2254934169e-06 -5.1076785374e-05
3.6800000000e-01 -2.2142589797e-06 -5.1273467424e-05
3.6850000000e-01 -2.2031339290e-06 -5.1470546702e-05
3.6900000000e-01 -2.1921270507e-06 -5.1668024146e-05
3.6950000000e-01 -2.1812321426e-06 -5.1865900194e-05
3.7000000000e-01 -2.1704246915e-06 -5.2064174661e-05
3.7050000000e-01 -2.1596679760e-06 -5.2262846991e-05
3.7100000000e-01 -2.1489212049e-06 -5.2461916384e-05
3.7150000000e-01 -2.1381411199e-06 -5.2661381554e-05
3.7200000000e-01 -2.1272812655e-06 -5.2861240611e-05
3.7250000000e-01 -2.1162966258e-06 -5.3061491355e-05
3.7300000000e-01 -2.1051536460e-06 -5.3262131697e-05
3.7350000000e-01 -2.0938346473e-06 -5.3463159708e-05
3.7400000000e-01 -2.0823335891e-06 -5.3664573492e-05
3.7450000000e-01 -2.0706552255e-06 -5.3866371342e-05
3.7500000000e-01 -2.0588188331e-06 -5.4068552110e-05
3.7550000000e-01 -2.0468587223e-06 -5.4271115386e-05
3.7600000000e-01 -2.0348188438e-06 -5.4474061255e-05
3.7650000000e-01 -2.0227451357e-06 -5.4677390095e-05
3.7700000000e-01 -2.0106809447e-06 -5.4881102668e-05
3.7750000000e-01 -1.9986679563e-06 -5.5085200236e-05
3.7800000000e-01 -1.9867430942e-06 -5.5289684313e-05
3.7850000000e-01 -1.9749300979e-06 -5.5494556214e-05
3.7900000000e-01 -1.9632360027e-06 -5.5699816933e-05
3.7950000000e-01 -1.9516533429e-06 -5.5905467270e-05
3.8000000000e-01 -1.9401643560e-06 -5.6111507791e-05
3.8050000000e-01 -1.9287415060e-06 -5.6317938473e-05
3.8100000000e-01 -1.9173444860e-06 -5.6524758504e-05
3.8150000000e-01 -1.9059248312e-06 -5.6731966510e-05
3.8200000000e-01 -1.8944377854e-06 -5.6939560820e-05
3.8250000000e-01 -1.8828452415e-06 -5.7147539456e-05
3.8300000000e-01 -1.8711133893e-06 -5.7355900035e-05
3.8350000000e-01 -1.8592169964e-06 -5.7564639995e-05
3.8400000000e-01 -1.8471452827e-06 -5.7773757016e-05
3.8450000000e-01 -1.8349035780e-06 -5.7983249223e-05
3.8500000000e-01 -1.8225116977e-06 -5.8193115080e-05
3.8550000000e-01 -1.8099987617e-06 -5.8403353349e-05
3.8600000000e-01 -1.7974000314e-06 -5.8613963341e-05
3.8650000000e-01 -1.7847585867e-06 -5.8824945110e-05
3.8700000000e-01 -1.7721218604e-06 -5.9036299283e-05
3.8750000000e-01 -1.7595314481e-06 -5.9248026715e-05
3.8800000000e-01 -1.7470179543e-06 -5.9460128404e-05
3.8850000000e-01 -1.7346028950e-06 -5.9672605581e-05
3.8900000000e-01 -1.7222980714e-06 -5.9885459529e-05
3.8950000000e-01 -1.7101020107e-06 -6.0098691150e-05
3.9000000000e-01 -1.6979965826e-06 -6.0312300695e-05
3.9050000000e-01 -1.6859498418e-06 -6.0526287900e-05
3.9100000000e-01 -1.6739246054e-06 -6.0740652097e-05
3.9150000000e-01 -1.6618810320e-06 -6.0955392074e-05
3.9200000000e-01 -1.6497747994e-06 -6.1170505927e-05
3.9250000000e-01 -1.6375623845e-06 -6.1385991265e-05
3.9300000000e-01 -1.6252092922e-06 -6.1601845624e-05
3.9350000000e-01 -1.6126934745e-06 -6.1818066639e-05
3.9400000000e-01 -1.6000057820e-06 -6.2034651999e-05
3.9450000000e-01 -1.5871479998e-06 -6.2251599525e-05
3.9500000000e-01 -1.5741336444e-06 -6.2468907499e-05
3.9550000000e-01 -1.5609910259e-06 -6.2686574909e-05
3.9600000000e-01 -1.5477597875e-06 -6.2904601304e-05
3.9650000000e-01 -1.5344829052e-06 -6.3122986578e-05
3.9700000000e-01 -1.5212020920e-06 -6.3341730997e-05
3.9750000000e-01 -1.5079571405e-06 -6.3560835333e-05
3.9800000000e-01 -1.4947850275e-06 -6.3780300706e-05
3.9850000000e-01 -1.4817127129e-06 -6.4000128178e-05
3.9900000000e-01 -1.4687504012e-06 -6.4220318550e-05
3.9950000000e-01 -1.4558947906e-06 -6.4440872432e-05
4.0000000000e-01 -1.4431330335e-06 -6.4661790242e-05
4.0050000000e-01 -1.4304411852e-06 -6.4883071928e-05
4.0100000000e-01 -1.4177834564e-06 -6.5104716742e-05
4.0150000000e-01 -1.4051166137e-06 -6.5326723352e-05
4.0200000000e-01 -1.3923969649e-06 -6.5549090089e-05
4.0250000000e-01 -1.3795854859e-06 -6.5771815011e-05
4.0300000000e-01 -1.3666491517e-06 -6.5994895794e-05
4.0350000000e-01 -1.3535618572e-06 -6.6218329862e-05
4.0400000000e-01 -1.3403081608e-06 -6.6442114740e-05
4.0450000000e-01 -1.3268887423e-06 -6.6666248312e-05
4.0500000000e-01 -1.3133195778e-06 -6.6890728752e-05
4.0550000000e-01 -1.2996250730e-06 -6.7115554439e-05
4.0600000000e-01 -1.2858367107e-06 -6.7340724149e-05
4.0650000000e-01 -1.2719942967e-06 -6.7566237265e-05
4.0700000000e-01 -1.2581419254e-06 -6.7792093693e-05
4.0750000000e-01 -1.2443210320e-06 -6.8018293567e-05
4.0800000000e-01 -1.2305642708e-06 -6.8244837142e-05
4.0850000000e-01 -1.2168942801e-06 -6.8471724883e-05
4.0900000000e-01 -1.2033259449e-06 -6.8698957391e-05
4.0950000000e-01 -1.1898623010e-06 -6.8926535094e-05
4.1000000000e-01 -1.1764897383e-06 -6.9154457986e-05
4.1050000000e-01 -1.1631822149e-06 -6.9382725687e-05
4.1100000000e-01 -1.1499065763e-06 -6.9611337573e-05
4.1150000000e-01 -1.1366246559e-06 -6.9840292696e-05
4.1200000000e-01 -1.1232956980e-06 -7.0069589620e-05
4.1250000000e-01 -1.1098786441e-06 -7.0299226465e-05
4.1300000000e-01 -1.0963368917e-06 -7.0529201200e-05
4.1350000000e-01 -1.0826458662e-06 -7.0759511796e-05
4.1400000000e-01 -1.0687940982e-06 -7.0990156155e-05
4.1450000000e-01 -1.0547794777e-06 -7.1221132095e-05
4.1500000000e-01 -1.0406108021e-06 -7.1452437609e-05
4.1550000000e-01 -1.0263113171e-06 -7.1684071120e-05
4.1600000000e-01 -1.0119159174e-06 -7.1916031444e-05
4.1650000000e-01 -9.9746427403e-07 -7.2148317632e-05
4.1700000000e-01 -9.8299592609e-07 -7.2380928990e-05
4.1750000000e-01 -9.6854963936e-07 -7.2613865254e-05
4.1800000000e-01 -9.5416198087e-07 -7.2847126545e-05
4.1850000000e-01 -9.3986091359e-07 -7.3080713084e-05
4.1900000000e-01 -9.2566074133e-07 -7.3314624977e-05
4.1950000000e-01 -9.1156263435e-07 -7.3548862222e-05
4.2000000000e-01 -8.9755672899e-07 -7.3783424734e-05
4.2050000000e-01 -8.8362306683e-07 -7.4018312149e-05
4.2100000000e-01 -8.6973144569e-07 -7.4253523580e-05
4.2150000000e-01 -8.5584245635e-07 -7.4489057606e-05
4.2200000000e-01 -8.4191390353e-07 -7.4724912491e-05
4.2250000000e-01 -8.2790769149e-07 -7.4961086264e-05
4.2300000000e-01 -8.1379106935e-07 -7.5197576621e-05
4.2350000000e-01 -7.9953639565e-07 -7.5434380956e-05
4.2400000000e-01 -7.8512571069e-07 -7.5671496650e-05
4.2450000000e-01 -7.7055567952e-07 -7.5908921342e-05
4.2500000000e-01 -7.5583706446e-07 -7.6146652914e-05
4.2550000000e-01 -7.4099080954e-07 -7.6384689418e-05
4.2600000000e-01 -7.2604480608e-07 -7.6623029197e-05
4.2650000000e-01 -7.1103452241e-07 -7.6861671092e-05
4.2700000000e-01 -6.9600169636e-07 -7.7100614433e-05
4.2750000000e-01 -6.8098657720e-07 -7.7339858808e-05
4.2800000000e-01 -6.6602210686e-07 -7.7579403926e-05
4.2850000000e-01 -6.5113380279e-07 -7.7819249647e-05
4.2900000000e-01 -6.3633825415e-07 -7.8059395973e-05
4.2950000000e-01 -6.2164097133e-07 -7.8299842803e-05
4.3000000000e-01 -6.0703474673e-07 -7.8540589662e-05
4.3050000000e-01 -5.9249844736e-07 -7.8781635679e-05
4.3100000000e-01 -5.7800137290e-07 -7.9022979711e-05
4.3150000000e-01 -5.6350933272e-07 -7.9264620329e-05
4.3200000000e-01 -5.4898496083e-07 -7.9506555647e-05
4.3250000000e-01 -5.3438794948e-07 -7.9748783339e-05
4.3300000000e-01 -5.1968192889e-07 -7.9991300881e-05
4.3350000000e-01 -5.0484091013e-07 -8.0234105759e-05
4.3400000000e-01 -4.8984991390e-07 -8.0477195457e-05
4.3450000000e-01 -4.7470362325e-07 -8.0720567432e-05
4.3500000000e-01 -4.5940745280e-07 -8.0964219326e-05
4.3550000000e-01 -4.4397955423e-07 -8.1208149205e-05
4.3600000000e-01 -4.2844974612e-07 -8.1452355588e-05
4.3650000000e-01 -4.1285440635e-07 -8.1696837294e-05
4.3700000000e-01 -3.9723120388e-07 -8.1941593375e-05
4.3750000000e-01 -3.8161729603e-07 -8.2186623200e-05
4.3800000000e-01 -3.6604821148e-07 -8.2431926434e-05
4.3850000000e-01 -3.5055304804e-07 -8.2677502797e-05
4.3900000000e-01 -3.3514945337e-07 -8.2923351807e-05
4.3950000000e-01 -3.1984226473e-07 -8.3169472750e-05
4.4000000000e-01 -3.0462475685e-07 -8.3415864738e-05
4.4050000000e-01 -2.8948116833e-07 -8.3662526596e-05
4.4100000000e-01 -2.7438607573e-07 -8.3909456675e-05
4.4150000000e-01 -2.5930367443e-07 -8.4156652839e-05
4.4200000000e-01 -2.4419434127e-07 -8.4404112686e-05
4.4250000000e-01 -2.2902136536e-07 -8.4651833685e-05
4.4300000000e-01 -2.1375164015e-07 -8.4899813126e-05
4.4350000000e-01 -1.9835704102e-07 -8.5148048137e-05
4.4400000000e-01 -1.8281770633e-07 -8.5396535888e-05
4.4450000000e-01 -1.6712629519e-07 -8.5645273837e-05
4.4500000000e-01 -1.5128948032e-07 -8.5894259760e-05
4.4550000000e-01 -1.3532389996e-07 -8.6143491670e-05
4.4600000000e-01 -1.1925404967e-07 -8.6392967848e-05
4.4650000000e-01 -1.0311235551e-07 -8.6642686991e-05
4.4700000000e-01 -8.6936444499e-08 -8.6892648242e-05
4.4750000000e-01 -7.0764982752e-08 -8.7142850989e-05
4.4800000000e-01 -5.4632593306e-08 -8.7393294692e-05
4.4850000000e-01 -3.8565140290e-08 -8.7643978866e-05
4.4900000000e-01 -2.2580496777e-08 -8.7894903107e-05
4.4950000000e-01 -6.6884698400e-09 -8.8146066906e-05
4.5000000000e-01 9.1142305531e-09 -8.8397469400e-05
4.5050000000e-01 2.4844823620e-08 -8.8649109312e-05
4.5100000000e-01 4.0529196056e-08 -8.8900985064e-05
4.5150000000e-01 5.6198368816e-08 -8.9153094802e-05
4.5200000000e-01 7.1887744778e-08 -8.9405436279e-05
4.5250000000e-01 8.7634996111e-08 -8.9658006844e-05
4.5300000000e-01 1.0347570159e-07 -8.9910803627e-05
4.5350000000e-01 1.1943784264e-07 -9.0163823754e-05
4.5400000000e-01 1.3553888054e-07 -9.0417064389e-05
4.5450000000e-01 1.5178658861e-07 -9.0670522714e-05
4.5500000000e-01 1.6817924517e-07 -9.0924196069e-05
4.5550000000e-01 1.8470313935e-07 -9.1178082164e-05
4.5600000000e-01 2.0133307816e-07 -9.1432179174e-05
4.5650000000e-01 2.1803646550e-07 -9.1686485613e-05
4.5700000000e-01 2.3477755227e-07 -9.1941000245e-05
4.5750000000e-01 2.5152086567e-07 -9.2195722142e-05
4.5800000000e-01 2.6823249469e-07 -9.2450650701e-05
4.5850000000e-01 2.8488223245e-07 -9.2705785467e-05
4.5900000000e-01 3.0144966632e-07 -9.2961125877e-05
4.5950000000e-01 3.1792753126e-07 -9.3216671201e-05
4.6000000000e-01 3.3431864387e-07 -9.3472420576e-05
4.6050000000e-01 3.5063462547e-07 -9.3728372925e-05
4.6100000000e-01 3.6689756707e-07 -9.3984526765e-05
4.6150000000e-01 3.8313900297e-07 -9.4240880127e-05
4.6200000000e-01 3.9939513858e-07 -9.4497430690e-05
4.6250000000e-01 4.1570189941e-07 -9.4754175899e-05
4.6300000000e-01 4.3209208843e-07 -9.5011112971e-05
4.6350000000e-01 4.4859393436e-07 -9.5268238873e-05
4.6400000000e-01 4.6522872969e-07 -9.5525550488e-05
4.6450000000e-01 4.8200706911e-07 -9.5783044867e-05
4.6500000000e-01 4.9892683502e-07 -9.6040719350e-05
4.6550000000e-01 5.1597468482e-07 -9.6298571544e-05
4.6600000000e-01 5.3312924267e-07 -9.6556599349e-05
4.6650000000e-01 5.5036251030e-07 -9.6814801124e-05
4.6700000000e-01 5.6763991662e-07 -9.7073175754e-05
4.6750000000e-01 5.8492390537e-07 -9.7331722513e-05
4.6800000000e-01 6.0218080957e-07 -9.7590440864e-05
4.6850000000e-01 6.1938389177e-07 -9.7849330403e-05
4.6900000000e-01 6.3651298959e-07 -9.8108390858e-05
4.6950000000e-01 6.5355623720e-07 -9.8367621916e-05
4.7000000000e-01 6.7051346734e-07 -9.8627022976e-05
4.7050000000e-01 6.8739690469e-07 -9.8886593013e-05
4.7100000000e-01 7.0422853436e-07 -9.9146330631e-05
4.7150000000e-01 7.2103668751e-07 -9.9406234085e-05
4.7200000000e-01 7.3785371367e-07 -9.9666301198e-05
4.7250000000e-01 7.5471487315e-07 -9.9926529329e-05
4.7300000000e-01 7.7165501241e-07 -1.0018691550e-04
4.7350000000e-01 7.8870290423e-07 -1.0044745663e-04
4.7400000000e-01 8.0587818939e-07 -1.0070814963e-04
4.7450000000e-01 8.2319130825e-07 -1.0096899144e-04
4.7500000000e-01 8.4064308806e-07 -1.0122997908e-04
4.7550000000e-01 8.5822427114e-07 -1.0149110995e-04
4.7600000000e-01 8.7591446204e-07 -1.0175238190e-04
4.7650000000e-01 8.9368382971e-07 -1.0201379321e-04
4.7700000000e-01 9.1149943607e-07 -1.0227534247e-04
4.7750000000e-01 9.2932836304e-07 -1.0253702864e-04
4.7800000000e-01 9.4713691092e-07 -1.0279885104e-04
4.7850000000e-01 9.6489474613e-07 -1.0306080923e-04
4.7900000000e-01 9.8258065517e-07 -1.0332290279e-04
4.7950000000e-01 1.0001835253e-06 -1.0358513118e-04
4.8000000000e-01 1.0177026608e-06 -1.0384749373e-04
4.8050000000e-01 1.0351471824e-06 -1.0410998958e-04
4.8100000000e-01 1.0525350095e-06 -1.0437261754e-04
4.8150000000e-01 1.0698931898e-06 -1.0463537592e-04
4.8200000000e-01 1.0872552784e-06 -1.0489826263e-04
4.8250000000e-01 1.1046556707e-06 -1.0516127529e-04
4.8300000000e-01 1.1221264114e-06 -1.0542441131e-04
4.8350000000e-01 1.1396955981e-06 -1.0568766778e-04
4.8400000000e-01 1.1573857041e-06 -1.0595104170e-04
4.8450000000e-01 1.1752103256e-06 -1.0621453013e-04
4.8500000000e-01 1.1931706565e-06 -1.0647813038e-04
4.8550000000e-01 1.2112568923e-06 -1.0674183998e-04
4.8600000000e-01 1.2294514716e-06 -1.0700565671e-04
4.8650000000e-01 1.2477296843e-06 -1.0726957869e-04
4.8700000000e-01 1.2660598709e-06 -1.0753360452e-04
4.8750000000e-01 1.2844070771e-06 -1.0779773314e-04
4.8800000000e-01 1.3027382973e-06 -1.0806196368e-04
4.8850000000e-01 1.3210258814e-06 -1.0832629540e-04
4.8900000000e-01 1.3392484510e-06 -1.0859072769e-04
4.8950000000e-01 1.3573923774e-06 -1.0885525996e-04
4.9000000000e-01 1.3754540829e-06 -1.0911989147e-04
4.9050000000e-01 1.3934414538e-06 -1.0938462118e-04
4.9100000000e-01 1.4113728141e-06 -1.0964944775e-04
4.9150000000e-01 1.4292733624e-06 -1.0991436960e-04
4.9200000000e-01 1.4471726843e-06 -1.1017938481e-04
4.9250000000e-01 1.4651035092e-06 -1.1044449107e-04
4.9300000000e-01 1.4830992794e-06 -1.1070968575e-04
4.9350000000e-01 1.5011895659e-06 -1.1097496607e-04
4.9400000000e-01 1.5193955919e-06 -1.1124032918e-04
4.9450000000e-01 1.5377294011e-06 -1.1150577219e-04
4.9500000000e-01 1.5561953037e-06 -1.1177129222e-04
4.9550000000e-01 1.5747877595e-06 -1.1203688659e-04
4.9600000000e-01 1.5934895474e-06 -1.1230255299e-04
4.9650000000e-01 1.6122752266e-06 -1.1256828940e-04
4.9700000000e-01 1.6311150248e-06 -1.1283409413e-04
4.9750000000e-01 1.6499767751e-06 -1.1309996574e-04
4.9800000000e-01 1.6688285244e-06 -1.1336590316e-04
4.9850000000e-01 1.6876410077e-06 -1.1363190560e-04
4.9900000000e-01 1.7063907578e-06 -1.1389797236e-04
4.9950000000e-01 1.7250641523e-06 -1.1416410273e-04
5.0000000000e-01 1.7436580457e-06 -1.1443029592e-04
5.0050000000e-01 1.7621780948e-06 -1.1469655105e-04
5.0100000000e-01 1.7806384880e-06 -1.1496286704e-04
5.0150000000e-01 1.7990626336e-06 -1.1522924241e-04
5.0200000000e-01 1.8174807966e-06 -1.1549567531e-04
5.0250000000e-01 1.8359255411e-06 -1.1576216366e-04
5.0300000000e-01 1.8544279411e-06 -1.1602870511e-04
5.0350000000e-01 1.8730158087e-06 -1.1629529708e-04
5.0400000000e-01 1.8917125770e-06 -1.1656193678e-04
5.0450000000e-01 1.9105338872e-06 -1.1682862141e-04
5.0500000000e-01 1.9294839968e-06 -1.1709534832e-04
5.0550000000e-01 1.9485567555e-06 -1.1736211503e-04
5.0600000000e-01 1.9677381297e-06 -1.1762891920e-04
5.0650000000e-01 1.9870062287e-06 -1.1789575879e-04
5.0700000000e-01 2.0063326677e-06 -1.1816263210e-04
5.0750000000e-01 2.0256853965e-06 -1.1842953779e-04
5.0800000000e-01 2.0450321368e-06 -1.1869647474e-04
5.0850000000e-01 2.0643446501e-06 -1.1896344199e-04
5.0900000000e-01 2.0836010979e-06 -1.1923043871e-04
5.0950000000e-01 2.1027861720e-06 -1.1949746417e-04
5.1000000000e-01 2.1218931211e-06 -1.1976451758e-04
5.1050000000e-01 2.1409262458e-06 -1.2003159791e-04
5.1100000000e-01 2.1599002407e-06 -1.2029870389e-04
5.1150000000e-01 2.1788371713e-06 -1.2056583400e-04
5.1200000000e-01 2.1977635907e-06 -1.2083298647e-04
5.1250000000e-01 2.2167097962e-06 -1.2110015917e-04
5.1300000000e-01 2.2357080820e-06 -1.2136734964e-04
5.1350000000e-01 2.2547876220e-06 -1.2163455529e-04
5.1400000000e-01 2.2739704766e-06 -1.2190177345e-04
5.1450000000e-01 2.2932714521e-06 -1.2216900146e-04
5.1500000000e-01 2.3126970639e-06 -1.2243623670e-04
5.1550000000e-01 2.3322442377e-06 -1.2270347671e-04
5.1600000000e-01 2.3519003996e-06 -1.2297071939e-04
5.1650000000e-01 2.3716438729e-06 -1.2323796295e-04
5.1700000000e-01 2.3914468925e-06 -1.2350520590e-04
5.1750000000e-01 2.4112797577e-06 -1.2377244699e-04
5.1800000000e-01 2.4311122807e-06 -1.2403968529e-04
5.1850000000e-01 2.4509152989e-06 -1.2430692009e-04
5.1900000000e-01 2.4706646845e-06 -1.2457415077e-04
5.1950000000e-01 2.4903447772e-06 -1.2484137664e-04
5.2000000000e-01 2.5099495840e-06 -1.2510859694e-04
5.2050000000e-01 2.5294818799e-06 -1.2537581078e-04
5.2100000000e-01 2.5489525365e-06 -1.2564301706e-04
5.2150000000e-01 2.5683811888e-06 -1.2591021433e-04
5.2200000000e-01 2.5877950760e-06 -1.2617740083e-04
5.2250000000e-01 2.6072244952e-06 -1.2644457454e-04
5.2300000000e-01 2.6266991338e-06 -1.2671173326e-04
5.2350000000e-01 2.6462467376e-06 -1.2697887460e-04
5.2400000000e-01 2.6658912381e-06 -1.2724599604e-04
5.2450000000e-01 2.6856493613e-06 -1.2751309506e-04
5.2500000000e-01 2.7055284754e-06 -1.2778016930e-04
5.2550000000e-01 2.7255262322e-06 -1.2804721659e-04
5.2600000000e-01 2.7456309886e-06 -1.2831423494e-04
5.2650000000e-01 2.7658240382e-06 -1.2858122261e-04
5.2700000000e-01 2.7860808055e-06 -1.2884817818e-04
5.2750000000e-01 2.8063713917e-06 -1.2911510058e-04
5.2800000000e-01 2.8266645612e-06 -1.2938198893e-04
5.2850000000e-01 2.8469327475e-06 -1.2964884249e-04
5.2900000000e-01 2.8671533128e-06 -1.2991566061e-04
5.2950000000e-01 2.8873093114e-06 -1.3018244273e-04
5.3000000000e-01 2.9073918001e-06 -1.3044918821e-04
5.3050000000e-01 2.9274017983e-06 -1.3071589621e-04
5.3100000000e-01 2.9473504635e-06 -1.3098256562e-04
5.3150000000e-01 2.9672564496e-06 -1.3124919514e-04
5.3200000000e-01 2.9871436111e-06 -1.3151578322e-04
5.3250000000e-01 3.0070401551e-06 -1.3178232803e-04
5.3300000000e-01 3.0269762360e-06 -1.3204882747e-04
5.3350000000e-01 3.0469802691e-06 -1.3231527928e-04
5.3400000000e-01 3.0670758212e-06 -1.3258168119e-04
5.3450000000e-01 3.0872790589e-06 -1.3284803097e-04
5.3500000000e-01 3.1075982329e-06 -1.3311432640e-04
5.3550000000e-01 3.1280335908e-06 -1.3338056546e-04
5.3600000000e-01 3.1485760597e-06 -1.3364674636e-04
5.3650000000e-01 3.1692072167e-06 -1.3391286768e-04
5.3700000000e-01 3.1899023492e-06 -1.3417892824e-04
5.3750000000e-01 3.2106339356e-06 -1.3444492709e-04
5.3800000000e-01 3.2313733023e-06 -1.3471086355e-04
5.3850000000e-01 3.2520921882e-06 -1.3497673719e-04
5.3900000000e-01 3.2727659462e-06 -1.3524254769e-04
5.3950000000e-01 3.2933773259e-06 -1.3550829469e-04
5.4000000000e-01 3.3139179776e-06 -1.3577397777e-04
5.4050000000e-01 3.3343877482e-06 -1.3603959640e-04
5.4100000000e-01 3.3547944145e-06 -1.3630514986e-04
5.4150000000e-01 3.3751545839e-06 -1.3657063715e-04
5.4200000000e-01 3.3954919856e-06 -1.3683605690e-04
5.4250000000e-01 3.4158341837e-06 -1.3710140748e-04
5.4300000000e-01 3.4362101072e-06 -1.3736668705e-04
5.4350000000e-01 3.4566469135e-06 -1.3763189355e-04
5.4400000000e-01 3.4771678969e-06 -1.3789702475e-04
5.4450000000e-01 3.4977915138e-06 -1.3816207838e-04
5.4500000000e-01 3.5185279664e-06 -1.3842705227e-04
5.4550000000e-01 3.5393770591e-06 -1.3869194446e-04
5.4600000000e-01 3.5603304354e-06 -1.3895675315e-04
5.4650000000e-01 3.5813728940e-06 -1.3922147681e-04
5.4700000000e-01 3.6024823622e-06 -1.3948611425e-04
5.4750000000e-01 3.6236315589e-06 -1.3975066464e-04
5.4800000000e-01 3.6447913142e-06 -1.4001512743e-04
5.4850000000e-01 3.6659342474e-06 -1.4027950224e-04
5.4900000000e-01 3.6870372805e-06 -1.4054378887e-04
5.4950000000e-01 3.7080824704e-06 -1.4080798718e-04
5.5000000000e-01 3.7290588843e-06 -1.4107209703e-04
5.5050000000e-01 3.7499647547e-06 -1.4133611811e-04
5.5100000000e-01 3.7708076388e-06 -1.4160004984e-04
5.5150000000e-01 3.7916030518e-06 -1.4186389141e-04
5.5200000000e-01 3.8123724508e-06 -1.4212764174e-04
5.5250000000e-01 3.8331413735e-06 -1.4239129944e-04
5.5300000000e-01 3.8539377803e-06 -1.4265486281e-04
5.5350000000e-01 3.8747896366e-06 -1.4291832993e-04
5.5400000000e-01 3.8957209088e-06 -1.4318169879e-04
5.5450000000e-01 3.9167488435e-06 -1.4344496736e-04
5.5500000000e-01 3.9378836275e-06 -1.4370813361e-04
5.5550000000e-01 3.9591281952e-06 -1.4397119563e-04
5.5600000000e-01 3.9804765428e-06 -1.4423415176e-04
5.5650000000e-01 4.0019134970e-06 -1.4449700067e-04
5.5700000000e-01 4.0234174358e-06 -1.4475974129e-04
5.5750000000e-01 4.0449631487e-06 -1.4502237285e-04
5.5800000000e-01 4.0665234901e-06 -1.4528489486e-04
5.5850000000e-01 4.0880711621e-06 -1.4554730709e-04
5.5900000000e-01 4.1095817332e-06 -1.4580960949e-04
5.5950000000e-01 4.1310366880e-06 -1.4607180204e-04
5.6000000000e-01 4.1524252704e-06 -1.4633388464e-04
5.6050000000e-01 4.1737448441e-06 -1.4659585709e-04
5.6100000000e-01 4.1950008579e-06 -1.4685771903e-04
5.6150000000e-01 4.2162063470e-06 -1.4711946981e-04
5.6200000000e-01 4.2373815197e-06 -1.4738110841e-04
5.6250000000e-01 4.2585521291e-06 -1.4764263353e-04
5.6300000000e-01 4.2797453905e-06 -1.4790404364e-04
5.6350000000e-01 4.3009870281e-06 -1.4816533698e-04
5.6400000000e-01 4.3223008063e-06 -1.4842651162e-04
5.6450000000e-01 4.3437061424e-06 -1.4868756553e-04
5.6500000000e-01 4.3652145867e-06 -1.4894849677e-04
5.6550000000e-01 4.3868290489e-06 -1.4920930356e-04
5.6600000000e-01 4.4085442048e-06 -1.4946998430e-04
5.6650000000e-01 4.4303473418e-06 -1.4973053760e-04
5.6700000000e-01 4.4522194336e-06 -1.4999096239e-04
5.6750000000e-01 4.4741359870e-06 -1.5025125793e-04
5.6800000000e-01 4.4960695503e-06 -1.5051142377e-04
5.6850000000e-01 4.5179936519e-06 -1.5077145965e-04
5.6900000000e-01 4.5398848945e-06 -1.5103136549e-04
5.6950000000e-01 4.5617245440e-06 -1.5129114130e-04
5.7000000000e-01 4.5835003447e-06 -1.5155078713e-04
5.7050000000e-01 4.6052077225e-06 -1.5181030291e-04
5.7100000000e-01 4.6268509761e-06 -1.5206968839e-04
5.7150000000e-01 4.6484429573e-06 -1.5232894310e-04
5.7200000000e-01 4.6700023809e-06 -1.5258806634e-04
5.7250000000e-01 4.6915519342e-06 -1.5284705716e-04
5.7300000000e-01 4.7131178474e-06 -1.5310591430e-04
5.7350000000e-01 4.7347271364e-06 -1.5336463627e-04
5.7400000000e-01 4.7564034989e-06 -1.5362322145e-04
5.7450000000e-01 4.7781651441e-06 -1.5388166815e-04
5.7500000000e-01 4.8000242557e-06 -1.5413997464e-04
5.7550000000e-01 4.8219857345e-06 -1.5439813926e-04
5.7600000000e-01 4.8440461975e-06 -1.5465616048e-04
5.7650000000e-01 4.8661939865e-06 -1.5491403705e-04
5.7700000000e-01 4.8884104434e-06 -1.5517176796e-04
5.7750000000e-01 4.9106724410e-06 -1.5542935244e-04
5.7800000000e-01 4.9329545804e-06 -1.5568678998e-04
5.7850000000e-01 4.9552309965e-06 -1.5594408031e-04
5.7900000000e-01 4.9774775706e-06 -1.5620122340e-04
5.7950000000e-01 4.9996746351e-06 -1.5645821926e-04
5.8000000000e-01 5.0218096452e-06 -1.5671506791e-04
5.8050000000e-01 5.0438781444e-06 -1.5697176932e-04
5.8100000000e-01 5.0658826279e-06 -1.5722832337e-04
5.8150000000e-01 5.0878329789e-06 -1.5748472974e-04
5.8200000000e-01 5.1097468665e-06 -1.5774098783e-04
5.8250000000e-01 5.1316472532e-06 -1.5799709678e-04
5.8300000000e-01 5.1535592499e-06 -1.5825305554e-04
5.8350000000e-01 5.1755080268e-06 -1.5850886283e-04
5.8400000000e-01 5.1975169591e-06 -1.5876451720e-04
5.8450000000e-01 5.2196056534e-06 -1.5902001710e-04
5.8500000000e-01 5.2417875146e-06 -1.5927536093e-04
5.8550000000e-01 5.2640677978e-06 -1.5953054724e-04
5.8600000000e-01 5.2864438089e-06 -1.5978557468e-04
5.8650000000e-01 5.3089056348e-06 -1.6004044206e-04
5.8700000000e-01 5.3314368623e-06 -1.6029514847e-04
5.8750000000e-01 5.3540157519e-06 -1.6054969326e-04
5.8800000000e-01 5.3766170900e-06 -1.6080407608e-04
5.8850000000e-01 5.3992150430e-06 -1.6105829679e-04
5.8900000000e-01 5.4217863983e-06 -1.6131235542e-04
5.8950000000e-01 5.4443122562e-06 -1.6156625213e-04
5.9000000000e-01 5.4667787705e-06 -1.6181998717e-04
5.9050000000e-01 5.4891789647e-06 -1.6207356072e-04
5.9100000000e-01 5.5115147664e-06 -1.6232697282e-04
5.9150000000e-01 5.5337960879e-06 -1.6258022332e-04
5.9200000000e-01 5.5560384905e-06 -1.6283331189e-04
5.9250000000e-01 5.5782626116e-06 -1.6308623794e-04
5.9300000000e-01 5.6004928179e-06 -1.6333900062e-04
5.9350000000e-01 5.6227542842e-06 -1.6359159884e-04
5.9400000000e-01 5.6450705115e-06 -1.6384403138e-04
5.9450000000e-01 5.6674608441e-06 -1.6409629692e-04
5.9500000000e-01 5.6899384263e-06 -1.6434839412e-04
5.9550000000e-01 5.7125099777e-06 -1.6460032166e-04
5.9600000000e-01 5.7351749082e-06 -1.6485207836e-04
5.9650000000e-01 5.7579244852e-06 -1.6510366326e-04
5.9700000000e-01 5.7807428641e-06 -1.6535507563e-04
5.9750000000e-01 5.8036092085e-06 -1.6560631498e-04
5.9800000000e-01 5.8265000482e-06 -1.6585738106e-04
5.9850000000e-01 5.8493910122e-06 -1.6610827385e-04
5.9900000000e-01 5.8722582890e-06 -1.6635899351e-04
5.9950000000e-01 5.8950816526e-06 -1.6660954033e-04
6.0000000000e-01 5.9178474663e-06 -1.6685991455e-04
6.0050000000e-01 5.9405489600e-06 -1.6711011642e-04
6.0100000000e-01 5.9631861696e-06 -1.6736014609e-04
6.0150000000e-01 5.9857665683e-06 -1.6761000354e-04
6.0200000000e-01 6.0083048135e-06 -1.6785968854e-04
6.0250000000e-01 6.0308210369e-06 -1.6810920060e-04
6.0300000000e-01 6.0533386381e-06 -1.6835853904e-04
6.0350000000e-01 6.0758816402e-06 -1.6860770303e-04
6.0400000000e-01 6.0984728082e-06 -1.6885669157e-04
6.0450000000e-01 6.1211319464e-06 -1.6910550355e-04
6.0500000000e-01 6.1438736153e-06 -1.6935413786e-04
6.0550000000e-01 6.1667053603e-06 -1.6960259348e-04
6.0600000000e-01 6.1896268431e-06 -1.6985086953e-04
6.0650000000e-01 6.2126305045e-06 -1.7009896527e-04
6.0700000000e-01 6.2357028196e-06 -1.7034688020e-04
6.0750000000e-01 6.2588247839e-06 -1.7059461405e-04
6.0800000000e-01 6.2819729013e-06 -1.7084216684e-04
6.0850000000e-01 6.3051227125e-06 -1.7108953875e-04
6.0900000000e-01 6.3282517263e-06 -1.7133673011e-04
6.0950000000e-01 6.3513404043e-06 -1.7158374134e-04
6.1000000000e-01 6.3743737067e-06 -1.7183057292e-04
6.1050000000e-01 6.3973433197e-06 -1.7207722528e-04
6.1100000000e-01 6.4202485302e-06 -1.7232369870e-04
6.1150000000e-01 6.4430960344e-06 -1.7256999329e-04
6.1200000000e-01 6.4658992380e-06 -1.7281610898e-04
6.1250000000e-01 6.4886765048e-06 -1.7306204549e-04
6.1300000000e-01 6.5114496264e-06 -1.7330780231e-04
6.1350000000e-01 6.5342424618e-06 -1.7355337871e-04
6.1400000000e-01 6.5570781660e-06 -1.7379877384e-04
6.1450000000e-01 6.5799761889e-06 -1.7404398677e-04
6.1500000000e-01 6.6029508583e-06 -1.7428901656e-04
6.1550000000e-01 6.6260105121e-06 -1.7453386229e-04
6.1600000000e-01 6.6491567847e-06 -1.7477852314e-04
6.1650000000e-01 6.6723837994e-06 -1.7502299851e-04
6.1700000000e-01 6.6956783014e-06 -1.7526728800e-04
6.1750000000e-01 6.7190218476e-06 -1.7551139142e-04
6.1800000000e-01 6.7423931430e-06 -1.7575530880e-04
6.1850000000e-01 6.7657690073e-06 -1.7599904039e-04
6.1900000000e-01 6.7891263015e-06 -1.7624258662e-04
6.1950000000e-01 6.8124449720e-06 -1.7648594802e-04
6.2000000000e-01 6.8357100566e-06 -1.7672912514e-04
6.2050000000e-01 6.8589128389e-06 -1.7697211852e-04
6.2100000000e-01 6.8820514372e-06 -1.7721492859e-04
6.2150000000e-01 6.9051309314e-06 -1.7745755569e-04
6.2200000000e-01 6.9281629678e-06 -1.7769999990e-04
6.2250000000e-01 6.9511651071e-06 -1.7794226110e-04
6.2300000000e-01 6.9741589020e-06 -1.7818433895e-04
6.2350000000e-01 6.9971670465e-06 -1.7842623294e-04
6.2400000000e-01 7.0202113830e-06 -1.7866794240e-04
6.2450000000e-01 7.0433117519e-06 -1.7890946652e-04
6.2500000000e-01 7.0664838118e-06 -1.7915080446e-04
6.2550000000e-01 7.0897366553e-06 -1.7939195546e-04
6.2600000000e-01 7.1130720592e-06 -1.7963291886e-04
6.2650000000e-01 7.1364850988e-06 -1.7987369414e-04
6.2700000000e-01 7.1599648286e-06 -1.8011428098e-04
6.2750000000e-01 7.1834944029e-06 -1.8035467931e-04
6.2800000000e-01 7.2070526481e-06 -1.8059488932e-04
6.2850000000e-01 7.2306168325e-06 -1.8083491139e-04
6.2900000000e-01 7.2541647535e-06 -1.8107474606e-04
6.2950000000e-01 7.2776766453e-06 -1.8131439397e-04
6.3000000000e-01 7.3011371729e-06 -1.8155385583e-04
6.3050000000e-01 7.3245363458e-06 -1.8179313235e-04
6.3100000000e-01 7.3478709247e-06 -1.8203222409e-04
6.3150000000e-01 7.3711453863e-06 -1.8227113146e-04
6.3200000000e-01 7.3943705950e-06 -1.8250985469e-04
6.3250000000e-01 7.4175623601e-06 -1.8274839379e-04
6.3300000000e-01 7.4407405194e-06 -1.8298674852e-04
6.3350000000e-01 7.4639272572e-06 -1.8322491844e-04
6.3400000000e-01 7.4871448782e-06 -1.8346290291e-04
6.3450000000e-01 7.5104130749e-06 -1.8370070122e-04
6.3500000000e-01 7.5337467641e-06 -1.8393831260e-04
6.3550000000e-01 7.5571557827e-06 -1.8417573630e-04
6.3600000000e-01 7.5806439034e-06 -1.8441297165e-04
6.3650000000e-01 7.6042074055e-06 -1.8465001818e-04
6.3700000000e-01 7.6278357374e-06 -1.8488687563e-04
6.3750000000e-01 7.6515131761e-06 -1.8512354398e-04
6.3800000000e-01 7.6752200465e-06 -1.8536002342e-04
6.3850000000e-01 7.6989345881e-06 -1.8559631441e-04
6.3900000000e-01 7.7226349944e-06 -1.8583241757e-04
6.3950000000e-01 7.7463011872e-06 -1.8606833368e-04
6.4000000000e-01 7.7699171013e-06 -1.8630406358e-04
6.4050000000e-01 7.7934727261e-06 -1.8653960805e-04
6.4100000000e-01 7.8169644546e-06 -1.8677496783e-04
6.4150000000e-01 7.8403947853e-06 -1.8701014352e-04
6.4200000000e-01 7.8637727899e-06 -1.8724513554e-04
6.4250000000e-01 7.8871137308e-06 -1.8747994403e-04
6.4300000000e-01 7.9104369852e-06 -1.8771456893e-04
6.4350000000e-01 7.9337636155e-06 -1.8794900998e-04
6.4400000000e-01 7.9571147430e-06 -1.8818326676e-04
6.4450000000e-01 7.9805100242e-06 -1.8841733869e-04
6.4500000000e-01 8.0039655901e-06 -1.8865122515e-04
6.4550000000e-01 8.0274918743e-06 -1.8888492552e-04
6.4600000000e-01 8.0510927742e-06 -1.8911843931e-04
6.4650000000e-01 8.0747657156e-06 -1.8935176614e-04
6.4700000000e-01 8.0985018284e-06 -1.8958490582e-04
6.4750000000e-01 8.1222867332e-06 -1.8981785838e-04
6.4800000000e-01 8.1461017177e-06 -1.9005062409e-04
6.4850000000e-01 8.1699254096e-06 -1.9028320345e-04
6.4900000000e-01 8.1937362753e-06 -1.9051559712e-04
6.4950000000e-01 8.2175149954e-06 -1.9074780587e-04
6.5000000000e-01 8.2412456121e-06 -1.9097983059e-04
6.5050000000e-01 8.2649167904e-06 -1.9121167215e-04
6.5100000000e-01 8.2885235019e-06 -1.9144333137e-04
6.5150000000e-01 8.3120678218e-06 -1.9167480893e-04
6.5200000000e-01 8.3355582129e-06 -1.9190610533e-04
6.5250000000e-01 8.3590082010e-06 -1.9213722092e-04
6.5300000000e-01 8.3824354139e-06 -1.9236815580e-04
6.5350000000e-01 8.4058604952e-06 -1.9259890987e-04
6.5400000000e-01 8.4293047287e-06 -1.9282948286e-04
6.5450000000e-01 8.4527873622e-06 -1.9305987437e-04
6.5500000000e-01 8.4763241596e-06 -1.9329008395e-04
6.5550000000e-01 8.4999262050e-06 -1.9352011116e-04
6.5600000000e-01 8.5235985740e-06 -1.9374995559e-04
6.5650000000e-01 8.5473399109e-06 -1.9397961697e-04
6.5700000000e-01 8.5711424836e-06 -1.9420909524e-04
6.5750000000e-01 8.5949925508e-06 -1.9443839055e-04
6.5800000000e-01 8.6188723275e-06 -1.9466750322e-04
6.5850000000e-01 8.6427620089e-06 -1.9489643384e-04
6.5900000000e-01 8.6666407758e-06 -1.9512518316e-04
6.5950000000e-01 8.6904886070e-06 -1.9535375212e-04
6.6000000000e-01 8.7142891496e-06 -1.9558214170e-04
6.6050000000e-01 8.7380312598e-06 -1.9581035293e-04
6.6100000000e-01 8.7617093632e-06 -1.9603838678e-04
6.6150000000e-01 8.7853239746e-06 -1.9626624416e-04
6.6200000000e-01 8.8088819219e-06 -1.9649392582e-04
6.6250000000e-01 8.8323959093e-06 -1.9672143229e-04
6.6300000000e-01 8.8558831588e-06 -1.9694876393e-04
6.6350000000e-01 8.8793632070e-06 -1.9717592088e-04
6.6400000000e-01 8.9028561806e-06 -1.9740290314e-04
6.6450000000e-01 8.9263813584e-06 -1.9762971054e-04
6.6500000000e-01 8.9499549950e-06 -1.9785634282e-04
6.6550000000e-01 8.9735887163e-06 -1.9808279970e-04
6.6600000000e-01 8.9972883606e-06 -1.9830908098e-04
6.6650000000e-01 9.0210531665e-06 -1.9853518652e-04
6.6700000000e-01 9.0448764193e-06 -1.9876111636e-04
6.6750000000e-01 9.0687463155e-06 -1.9898687068e-04
6.6800000000e-01 9.0926461708e-06 -1.9921244993e-04
6.6850000000e-01 9.1165561510e-06 -1.9943785477e-04
6.6900000000e-01 9.1404559085e-06 -1.9966308600e-04
6.6950000000e-01 9.1643264329e-06 -1.9988814460e-04
6.7000000000e-01 9.1881514086e-06 -2.0011303165e-04
6.7050000000e-01 9.2119185256e-06 -2.0033774828e-04
6.7100000000e-01 9.2356211840e-06 -2.0056229560e-04
6.7150000000e-01 9.2592593865e-06 -2.0078667461e-04
6.7200000000e-01 9.2828391518e-06 -2.0101088619e-04
6.7250000000e-01 9.3063717709e-06 -2.0123493104e-04
6.7300000000e-01 9.3298730599e-06 -2.0145880970e-04
6.7350000000e-01 9.3533617443e-06 -2.0168252248e-04
6.7400000000e-01 9.3768577144e-06 -2.0190606954e-04
6.7450000000e-01 9.4003801226e-06 -2.0212945089e-04
6.7500000000e-01 9.4239451108e-06 -2.0235266649e-04
6.7550000000e-01 9.4475643308e-06 -2.0257571625e-04
6.7600000000e-01 9.4712444448e-06 -2.0279860013e-04
6.7650000000e-01 9.4949863302e-06 -2.0302131816e-04
6.7700000000e-01 9.5187842753e-06 -2.0324387056e-04
6.7750000000e-01 9.5426267504e-06 -2.0346625772e-04
6.7800000000e-01 9.5664982438e-06 -2.0368848022e-04
6.7850000000e-01 9.5903804827e-06 -2.0391053881e-04
6.7900000000e-01 9.6142536500e-06 -2.0413243447e-04
6.7950000000e-01 9.6380984942e-06 -2.0435416831e-04
6.8000000000e-01 9.6618983963e-06 -2.0457574152e-04
6.8050000000e-01 9.6856410888e-06 -2.0479715532e-04
6.8100000000e-01 9.7093196050e-06 -2.0501841091e-04
6.8150000000e-01 9.7329326000e-06 -2.0523950942e-04
6.8200000000e-01 9.7564847088e-06 -2.0546045187e-04
6.8250000000e-01 9.7799863542e-06 -2.0568123905e-04
6.8300000000e-01 9.8034524807e-06 -2.0590187161e-04
6.8350000000e-01 9.8269010720e-06 -2.0612235000e-04
6.8400000000e-01 9.8503512928e-06 -2.0634267450e-04
6.8450000000e-01 9.8738215065e-06 -2.0656284527e-04
6.8500000000e-01 9.8973281099e-06 -2.0678286236e-04
6.8550000000e-01 9.9208838431e-06 -2.0700272580e-04
6.8600000000e-01 9.9444957591e-06 -2.0722243567e-04
6.8650000000e-01 9.9681648789e-06 -2.0744199213e-04
6.8700000000e-01 9.9918868428e-06 -2.0766139545e-04
6.8750000000e-01 1.0015651891e-05 -2.0788064608e-04
6.8800000000e-01 1.0039445308e-05 -2.0809974468e-04
6.8850000000e-01 1.0063249153e-05 -2.0831869208e-04
6.8900000000e-01 1.0087044300e-05 -2.0853748928e-04
6.8950000000e-01 1.0110812118e-05 -2.0875613742e-04
6.9000000000e-01 1.0134536136e-05 -2.0897463773e-04
6.9050000000e-01 1.0158203504e-05 -2.0919299147e-04
6.9100000000e-01 1.0181806277e-05 -2.0941119991e-04
6.9150000000e-01 1.0205342356e-05 -2.0962926422e-04
6.9200000000e-01 1.0228815667e-05 -2.0984718543e-04
6.9250000000e-01 1.0252235577e-05 -2.1006496445e-04
6.9300000000e-01 1.0275615730e-05 -2.1028260202e-04
6.9350000000e-01 1.0298972940e-05 -2.1050009871e-04
6.9400000000e-01 1.0322325977e-05 -2.1071745488e-04
6.9450000000e-01 1.0345693447e-05 -2.1093467082e-04
6.9500000000e-01 1.0369091364e-05 -2.1115174672e-04
6.9550000000e-01 1.0392532140e-05 -2.1136868274e-04
6.9600000000e-01 1.0416023837e-05 -2.1158547904e-04
6.9650000000e-01 1.0439568885e-05 -2.1180213589e-04
6.9700000000e-01 1.0463163629e-05 -2.1201865364e-04
6.9750000000e-01 1.0486798917e-05 -2.1223503284e-04
6.9800000000e-01 1.0510461139e-05 -2.1245127418e-04
6.9850000000e-01 1.0534133583e-05 -2.1266737852e-04
6.9900000000e-01 1.0557797829e-05 -2.1288334689e-04
6.9950000000e-01 1.0581435312e-05 -2.1309918047e-04
7.0000000000e-01 1.0605029423e-05 -2.1331488050e-04
7.0050000000e-01 1.0628567133e-05 -2.1353044828e-04
7.0100000000e-01 1.0652040125e-05 -2.1374588505e-04
7.0150000000e-01 1.0675445577e-05 -2.1396119204e-04
7.0200000000e-01 1.0698786126e-05 -2.1417637032e-04
7.0250000000e-01 1.0722069730e-05 -2.1439142082e-04
7.0300000000e-01 1.0745309476e-05 -2.1460634429e-04
7.0350000000e-01 1.0768521770e-05 -2.1482114128e-04
7.0400000000e-01 1.0791724187e-05 -2.1503581223e-04
7.0450000000e-01 1.0814934482e-05 -2.1525035741e-04
7.0500000000e-01 1.0838169161e-05 -2.1546477700e-04
7.0550000000e-01 1.0861441263e-05 -2.1567907113e-04
7.0600000000e-01 1.0884759021e-05 -2.1589323997e-04
7.0650000000e-01 1.0908125399e-05 -2.1610728375e-04
7.0700000000e-01 1.0931537826e-05 -2.1632120280e-04
7.0750000000e-01 1.0954988423e-05 -2.1653499763e-04
7.0800000000e-01 1.0978464656e-05 -2.1674866888e-04
7.0850000000e-01 1.1001950469e-05 -2.1696221742e-04
7.0900000000e-01 1.1025427850e-05 -2.1717564427e-04
7.0950000000e-01 1.1048878811e-05 -2.1738895057e-04
7.1000000000e-01 1.1072287099e-05 -2.1760213756e-04
7.1050000000e-01 1.1095639390e-05 -2.1781520656e-04
7.1100000000e-01 1.1118926519e-05 -2.1802815885e-04
7.1150000000e-01 1.1142144716e-05 -2.1824099566e-04
7.1200000000e-01 1.1165296049e-05 -2.1845371809e-04
7.1250000000e-01 1.1188387828e-05 -2.1866632711e-04
7.1300000000e-01 1.1211431620e-05 -2.1887882353e-04
7.1350000000e-01 1.1234442521e-05 -2.1909120795e-04
7.1400000000e-01 1.1257438039e-05 -2.1930348079e-04
7.1450000000e-01 1.1280435808e-05 -2.1951564237e-04
7.1500000000e-01 1.1303451737e-05 -2.1972769287e-04
7.1550000000e-01 1.1326498904e-05 -2.1993963245e-04
7.1600000000e-01 1.1349586255e-05 -2.2015146124e-04
7.1650000000e-01 1.1372717629e-05 -2.2036317943e-04
7.1700000000e-01 1.1395891422e-05 -2.2057478735e-04
7.1750000000e-01 1.1419100550e-05 -2.2078628546e-04
7.1800000000e-01 1.1442333286e-05 -2.2099767437e-04
7.1850000000e-01 1.1465574576e-05 -2.2120895488e-04
7.1900000000e-01 1.1488807363e-05 -2.2142012797e-04
7.1950000000e-01 1.1512014075e-05 -2.2163119473e-04
7.2000000000e-01 1.1535178147e-05 -2.2184215639e-04
7.2050000000e-01 1.1558285981e-05 -2.2205301420e-04
7.2100000000e-01 1.1581328477e-05 -2.2226376939e-04
7.2150000000e-01 1.1604301264e-05 -2.2247442317e-04
7.2200000000e-01 1.1627204933e-05 -2.2268497662e-04
7.2250000000e-01 1.1650045688e-05 -2.2289543067e-04
7.2300000000e-01 1.1672834619e-05 -2.2310578607e-04
7.2350000000e-01 1.1695586092e-05 -2.2331604340e-04
7.2400000000e-01 1.1718316528e-05 -2.2352620308e-04
7.2450000000e-01 1.1741042998e-05 -2.2373626538e-04
7.2500000000e-01 1.1763781458e-05 -2.2394623046e-04
7.2550000000e-01 1.1786545262e-05 -2.2415609843e-04
7.2600000000e-01 1.1809343846e-05 -2.2436586938e-04
7.2650000000e-01 1.1832181552e-05 -2.2457554350e-04
7.2700000000e-01 1.1855057440e-05 -2.2478512103e-04
7.2750000000e-01 1.1877965622e-05 -2.2499460237e-04
7.2800000000e-01 1.1900895584e-05 -2.2520398808e-04
7.2850000000e-01 1.1923832981e-05 -2.2541327890e-04
7.2900000000e-01 1.1946761160e-05 -2.2562247573e-04
7.2950000000e-01 1.1969662953e-05 -2.2583157962e-04
7.3000000000e-01 1.1992522427e-05 -2.2604059171e-04
7.3050000000e-01 1.2015325964e-05 -2.2624951320e-04
7.3100000000e-01 1.2038063418e-05 -2.2645834532e-04
7.3150000000e-01 1.2060729685e-05 -2.2666708922e-04
7.3200000000e-01 1.2083325118e-05 -2.2687574596e-04
7.3250000000e-01 1.2105854915e-05 -2.2708431644e-04
7.3300000000e-01 1.2128328801e-05 -2.2729280143e-04
7.3350000000e-01 1.2150760319e-05 -2.2750120151e-04
7.3400000000e-01 1.2173165306e-05 -2.2770951707e-04
7.3450000000e-01 1.2195560429e-05 -2.2791774836e-04
7.3500000000e-01 1.2217961513e-05 -2.2812589551e-04
7.3550000000e-01 1.2240381851e-05 -2.2833395860e-04
7.3600000000e-01 1.2262831049e-05 -2.2854193766e-04
7.3650000000e-01 1.2285314330e-05 -2.2874983275e-04
7.3700000000e-01 1.2307831864e-05 -2.2895764403e-04
7.3750000000e-01 1.2330378454e-05 -2.2916537179e-04
7.3800000000e-01 1.2352944168e-05 -2.2937301644e-04
7.3850000000e-01 1.2375515707e-05 -2.2958057857e-04
7.3900000000e-01 1.2398077528e-05 -2.2978805890e-04
7.3950000000e-01 1.2420612837e-05 -2.2999545833e-04
7.4000000000e-01 1.2443105453e-05 -2.3020277784e-04
7.4050000000e-01 1.2465541721e-05 -2.3041001848e-04
7.4100000000e-01 1.2487911584e-05 -2.3061718131e-04
7.4150000000e-01 1.2510209259e-05 -2.3082426737e-04
7.4200000000e-01 1.2532433957e-05 -2.3103127759e-04
7.4250000000e-01 1.2554589987e-05 -2.3123821281e-04
7.4300000000e-01 1.2576686299e-05 -2.3144507368e-04
7.4350000000e-01 1.2598735612e-05 -2.3165186069e-04
7.4400000000e-01 1.2620753098e-05 -2.3185857418e-04
7.4450000000e-01 1.2642754734e-05 -2.3206521433e-04
7.4500000000e-01 1.2664755966e-05 -2.3227178118e-04
7.4550000000e-01 1.2686770413e-05 -2.3247827471e-04
7.4600000000e-01 1.2708808230e-05 -2.3268469485e-04
7.4650000000e-01 1.2730874977e-05 -2.3289104157e-04
7.4700000000e-01 1.2752971305e-05 -2.3309731488e-04
7.4750000000e-01 1.2775093109e-05 -2.3330351490e-04
7.4800000000e-01 1.2797231767e-05 -2.3350964190e-04
7.4850000000e-01 1.2819374673e-05 -2.3371569628e-04
7.4900000000e-01 1.2841506517e-05 -2.3392167863e-04
7.4950000000e-01 1.2863611225e-05 -2.3412758964e-04
7.5000000000e-01 1.2885673264e-05 -2.3433343011e-04
7.5050000000e-01 1.2907678721e-05 -2.3453920093e-04
7.5100000000e-01 1.2929616986e-05 -2.3474490300e-04
7.5150000000e-01 1.2951481832e-05 -2.3495053719e-04
7.5200000000e-01 1.2973271730e-05 -2.3515610428e-04
7.5250000000e-01 1.2994990189e-05 -2.3536160493e-04
7.5300000000e-01 1.3016645339e-05 -2.3556703965e-04
7.5350000000e-01 1.3038248774e-05 -2.3577240881e-04
7.5400000000e-01 1.3059814811e-05 -2.3597771255e-04
7.5450000000e-01 1.3081359261e-05 -2.3618295090e-04
7.5500000000e-01 1.3102897443e-05 -2.3638812374e-04
7.5550000000e-01 1.3124442636e-05 -2.3659323086e-04
7.5600000000e-01 1.3146005111e-05 -2.3679827202e-04
7.5650000000e-01 1.3167591237e-05 -2.3700324695e-04
7.5700000000e-01 1.3189202660e-05 -2.3720815546e-04
7.5750000000e-01 1.3210835885e-05 -2.3741299744e-04
7.5800000000e-01 1.3232482877e-05 -2.3761777292e-04
7.5850000000e-01 1.3254132076e-05 -2.3782248204e-04
7.5900000000e-01 1.3275769206e-05 -2.3802712512e-04
7.5950000000e-01 1.3297378551e-05 -2.3823170259e-04
7.6000000000e-01 1.3318944612e-05 -2.3843621499e-04
7.6050000000e-01 1.3340453605e-05 -2.3864066294e-04
7.6100000000e-01 1.3361894724e-05 -2.3884504707e-04
7.6150000000e-01 1.3383261251e-05 -2.3904936799e-04
7.6200000000e-01 1.3404551005e-05 -2.3925362624e-04
7.6250000000e-01 1.3425766454e-05 -2.3945782225e-04
7.6300000000e-01 1.3446914698e-05 -2.3966195630e-04
7.6350000000e-01 1.3468006856e-05 -2.3986602851e-04
7.6400000000e-01 1.3489056631e-05 -2.4007003884e-04
7.6450000000e-01 1.3510078892e-05 -2.4027398709e-04
7.6500000000e-01 1.3531088554e-05 -2.4047787294e-04
7.6550000000e-01 1.3552099198e-05 -2.4068169596e-04
7.6600000000e-01 1.3573121517e-05 -2.4088545568e-04
7.6650000000e-01 1.3594162069e-05 -2.4108915164e-04
7.6700000000e-01 1.3615222947e-05 -2.4129278339e-04
7.6750000000e-01 1.3636301766e-05 -2.4149635060e-04
7.6800000000e-01 1.3657391558e-05 -2.4169985301e-04
7.6850000000e-01 1.3678481352e-05 -2.4190329051e-04
7.6900000000e-01 1.3699557539e-05 -2.4210666314e-04
7.6950000000e-01 1.3720604999e-05 -2.4230997104e-04
7.7000000000e-01 1.3741608545e-05 -2.4251321444e-04
7.7050000000e-01 1.3762554577e-05 -2.4271639364e-04
7.7100000000e-01 1.3783432076e-05 -2.4291950897e-04
7.7150000000e-01 1.3804233561e-05 -2.4312256073e-04
7.7200000000e-01 1.3824956205e-05 -2.4332554914e-04
7.7250000000e-01 1.3845602020e-05 -2.4352847431e-04
7.7300000000e-01 1.3866177233e-05 -2.4373133623e-04
7.7350000000e-01 1.3886691770e-05 -2.4393413473e-04
7.7400000000e-01 1.3907158569e-05 -2.4413686947e-04
7.7450000000e-01 1.3927592284e-05 -2.4433953998e-04
7.7500000000e-01 1.3948007560e-05 -2.4454214563e-04
7.7550000000e-01 1.3968417638e-05 -2.4474468573e-04
7.7600000000e-01 1.3988833255e-05 -2.4494715952e-04
7.7650000000e-01 1.4009261652e-05 -2.4514956622e-04
7.7700000000e-01 1.4029705728e-05 -2.4535190511e-04
7.7750000000e-01 1.4050163661e-05 -2.4555417553e-04
7.7800000000e-01 1.4070629212e-05 -2.4575637693e-04
7.7850000000e-01 1.4091092373e-05 -2.4595850888e-04
7.7900000000e-01 1.4111540241e-05 -2.4616057107e-04
7.7950000000e-01 1.4131958334e-05 -2.4636256332e-04
7.8000000000e-01 1.4152331866e-05 -2.4656448555e-04
7.8050000000e-01 1.4172647010e-05 -2.4676633775e-04
7.8100000000e-01 1.4192892592e-05 -2.4696811994e-04
7.8150000000e-01 1.4213061124e-05 -2.4716983209e-04
7.8200000000e-01 1.4233149059e-05 -2.4737147414e-04
7.8250000000e-01 1.4253157248e-05 -2.4757304595e-04
7.8300000000e-01 1.4273091198e-05 -2.4777454721e-04
7.8350000000e-01 1.4292960321e-05 -2.4797597746e-04
7.8400000000e-01 1.4312776799e-05 -2.4817733613e-04
7.8450000000e-01 1.4332554432e-05 -2.4837862245e-04
7.8500000000e-01 1.4352307487e-05 -2.4857983556e-04
7.8550000000e-01 1.4372049319e-05 -2.4878097448e-04
7.8600000000e-01 1.4391790858e-05 -2.4898203817e-04
7.8650000000e-01 1.4411539597e-05 -2.4918302559e-04
7.8700000000e-01 1.4431298976e-05 -2.4938393571e-04
7.8750000000e-01 1.4451067937e-05 -2.4958476759e-04
7.8800000000e-01 1.4470841101e-05 -2.4978552035e-04
7.8850000000e-01 1.4490609396e-05 -2.4998619326e-04
7.8900000000e-01 1.4510360563e-05 -2.5018678570e-04
7.8950000000e-01 1.4530080454e-05 -2.5038729717e-04
7.9000000000e-01 1.4549754756e-05 -2.5058772727e-04
7.9050000000e-01 1.4569370087e-05 -2.5078807565e-04
7.9100000000e-01 1.4588914985e-05 -2.5098834203e-04
7.9150000000e-01 1.4608381271e-05 -2.5118852609e-04
7.9200000000e-01 1.4627764960e-05 -2.5138862746e-04
7.9250000000e-01 1.4647066455e-05 -2.5158864568e-04
7.9300000000e-01 1.4666290375e-05 -2.5178858016e-04
7.9350000000e-01 1.4685445079e-05 -2.5198843017e-04
7.9400000000e-01 1.4704542034e-05 -2.5218819483e-04
7.9450000000e-01 1.4723594664e-05 -2.5238787310e-04
7.9500000000e-01 1.4742616870e-05 -2.5258746381e-04
7.9550000000e-01 1.4761621701e-05 -2.5278696570e-04
7.9600000000e-01 1.4780620185e-05 -2.5298637746e-04
7.9650000000e-01 1.4799620187e-05 -2.5318569773e-04
7.9700000000e-01 1.4818625707e-05 -2.5338492520e-04
7.9750000000e-01 1.4837636522e-05 -2.5358405862e-04
7.9800000000e-01 1.4856647973e-05 -2.5378309684e-04
7.9850000000e-01 1.4875651483e-05 -2.5398203883e-04
7.9900000000e-01 1.4894635709e-05 -2.5418088368e-04
7.9950000000e-01 1.4913587413e-05 -2.5437963059e-04
8.0000000000e-01 1.4932492391e-05 -2.5457827890e-04
8.0050000000e-01 1.4951337153e-05 -2.5477682800e-04
8.0100000000e-01 1.4970110409e-05 -2.5497527731e-04
8.0150000000e-01 1.4988803831e-05 -2.5517362625e-04
8.0200000000e-01 1.5007412737e-05 -2.5537187420e-04
8.0250000000e-01 1.5025936712e-05 -2.5557002045e-04
8.0300000000e-01 1.5044379627e-05 -2.5576806416e-04
8.0350000000e-01 1.5062749200e-05 -2.5596600434e-04
8.0400000000e-01 1.5081056180e-05 -2.5616383986e-04
8.0450000000e-01 1.5099313289e-05 -2.5636156944e-04
8.0500000000e-01 1.5117533980e-05 -2.5655919167e-04
8.0550000000e-01 1.5135731140e-05 -2.5675670502e-04
8.0600000000e-01 1.5153915932e-05 -2.5695410791e-04
8.0650000000e-01 1.5172096615e-05 -2.5715139872e-04
8.0700000000e-01 1.5190277553e-05 -2.5734857587e-04
8.0750000000e-01 1.5208458996e-05 -2.5754563783e-04
8.0800000000e-01 1.5226637252e-05 -2.5774258314e-04
8.0850000000e-01 1.5244804736e-05 -2.5793941048e-04
8.0900000000e-01 1.5262950567e-05 -2.5813611864e-04
8.0950000000e-01 1.5281061876e-05 -2.5833270655e-04
8.1000000000e-01 1.5299125132e-05 -2.5852917321e-04
8.1050000000e-01 1.5317127199e-05 -2.5872551772e-04
8.1100000000e-01 1.5335056530e-05 -2.5892173924e-04
8.1150000000e-01 1.5352904390e-05 -2.5911783691e-04
8.1200000000e-01 1.5370665719e-05 -2.5931380983e-04
8.1250000000e-01 1.5388339527e-05 -2.5950965703e-04
8.1300000000e-01 1.5405928923e-05 -2.5970537742e-04
8.1350000000e-01 1.5423440793e-05 -2.5990096978e-04
8.1400000000e-01 1.5440885114e-05 -2.6009643275e-04
8.1450000000e-01 1.5458274014e-05 -2.6029176481e-04
8.1500000000e-01 1.5475620591e-05 -2.6048696432e-04
8.1550000000e-01 1.5492937628e-05 -2.6068202953e-04
8.1600000000e-01 1.5510236122e-05 -2.6087695864e-04
8.1650000000e-01 1.5527524410e-05 -2.6107174980e-04
8.1700000000e-01 1.5544807619e-05 -2.6126640118e-04
8.1750000000e-01 1.5562086768e-05 -2.6146091099e-04
8.1800000000e-01 1.5579358530e-05 -2.6165527755e-04
8.1850000000e-01 1.5596616008e-05 -2.6184949926e-04
8.1900000000e-01 1.5613849303e-05 -2.6204357466e-04
8.1950000000e-01 1.5631046167e-05 -2.6223750240e-04
8.2000000000e-01 1.5648193350e-05 -2.6243128123e-04
8.2050000000e-01 1.5665277871e-05 -2.6262491000e-04
8.2100000000e-01 1.5682288226e-05 -2.6281838760e-04
8.2150000000e-01 1.5699215521e-05 -2.6301171293e-04
8.2200000000e-01 1.5716054239e-05 -2.6320488485e-04
8.2250000000e-01 1.5732802703e-05 -2.6339790216e-04
8.2300000000e-01 1.5749463261e-05 -2.6359076358e-04
8.2350000000e-01 1.5766042058e-05 -2.6378346764e-04
8.2400000000e-01 1.5782548478e-05 -2.6397601279e-04
8.2450000000e-01 1.5798994059e-05 -2.6416839731e-04
8.2500000000e-01 1.5815391276e-05 -2.6436061933e-04
8.2550000000e-01 1.5831752575e-05 -2.6455267691e-04
8.2600000000e-01 1.5848089196e-05 -2.6474456800e-04
8.2650000000e-01 1.5864409792e-05 -2.6493629052e-04
8.2700000000e-01 1.5880719577e-05 -2.6512784241e-04
8.2750000000e-01 1.5897020096e-05 -2.6531922163e-04
8.2800000000e-01 1.5913309020e-05 -2.6551042622e-04
8.2850000000e-01 1.5929580166e-05 -2.6570145433e-04
8.2900000000e-01 1.5945824122e-05 -2.6589230423e-04
8.2950000000e-01 1.5962029283e-05 -2.6608297430e-04
8.3000000000e-01 1.5978182888e-05 -2.6627346304e-04
8.3050000000e-01 1.5994272216e-05 -2.6646376902e-04
8.3100000000e-01 1.6010285813e-05 -2.6665389090e-04
8.3150000000e-01 1.6026214527e-05 -2.6684382735e-04
8.3200000000e-01 1.6042052342e-05 -2.6703357700e-04
8.3250000000e-01 1.6057797047e-05 -2.6722313845e-04
8.3300000000e-01 1.6073450438e-05 -2.6741251019e-04
8.3350000000e-01 1.6089017923e-05 -2.6760169060e-04
8.3400000000e-01 1.6104507953e-05 -2.6779067794e-04
8.3450000000e-01 1.6119931443e-05 -2.6797947031e-04
8.3500000000e-01 1.6135300693e-05 -2.6816806569e-04
8.3550000000e-01 1.6150627840e-05 -2.6835646195e-04
8.3600000000e-01 1.6165923788e-05 -2.6854465689e-04
8.3650000000e-01 1.6181197413e-05 -2.6873264826e-04
8.3700000000e-01 1.6196454528e-05 -2.6892043380e-04
8.3750000000e-01 1.6211697152e-05 -2.6910801130e-04
8.3800000000e-01 1.6226923492e-05 -2.6929537861e-04
8.3850000000e-01 1.6242128078e-05 -2.6948253369e-04
8.3900000000e-01 1.6257302225e-05 -2.6966947460e-04
8.3950000000e-01 1.6272434961e-05 -2.6985619953e-04
8.4000000000e-01 1.6287513998e-05 -2.7004270675e-04
8.4050000000e-01 1.6302526815e-05 -2.7022899468e-04
8.4100000000e-01 1.6317461943e-05 -2.7041506174e-04
8.4150000000e-01 1.6332310122e-05 -2.7060090643e-04
8.4200000000e-01 1.6347065083e-05 -2.7078652720e-04
8.4250000000e-01 1.6361724043e-05 -2.7097192248e-04
8.4300000000e-01 1.6376287932e-05 -2.7115709060e-04
8.4350000000e-01 1.6390761483e-05 -2.7134202977e-04
8.4400000000e-01 1.6405152716e-05 -2.7152673811e-04
8.4450000000e-01 1.6419471858e-05 -2.7171121358e-04
8.4500000000e-01 1.6433730444e-05 -2.7189545402e-04
8.4550000000e-01 1.6447940429e-05 -2.7207945718e-04
8.4600000000e-01 1.6462112846e-05 -2.7226322071e-04
8.4650000000e-01 1.6476256569e-05 -2.7244674223e-04
8.4700000000e-01 1.6490377637e-05 -2.7263001937e-04
8.4750000000e-01 1.6504478659e-05 -2.7281304979e-04
8.4800000000e-01 1.6518558442e-05 -2.7299583119e-04
8.4850000000e-01 1.6532612204e-05 -2.7317836140e-04
8.4900000000e-01 1.6546632020e-05 -2.7336063835e-04
8.4950000000e-01 1.6560607404e-05 -2.7354266008e-04
8.5000000000e-01 1.6574526445e-05 -2.7372442477e-04
8.5050000000e-01 1.6588377037e-05 -2.7390593067e-04
8.5100000000e-01 1.6602147899e-05 -2.7408717610e-04
8.5150000000e-01 1.6615829524e-05 -2.7426815943e-04
8.5200000000e-01 1.6629415164e-05 -2.7444887902e-04
8.5250000000e-01 1.6642901621e-05 -2.7462933321e-04
8.5300000000e-01 1.6656289408e-05 -2.7480952023e-04
8.5350000000e-01 1.6669582445e-05 -2.7498943826e-04
8.5400000000e-01 1.6682787855e-05 -2.7516908533e-04
8.5450000000e-01 1.6695915397e-05 -2.7534845937e-04
8.5500000000e-01 1.6708976246e-05 -2.7552755817e-04
8.5550000000e-01 1.6721981924e-05 -2.7570637945e-04
8.5600000000e-01 1.6734943277e-05 -2.7588492083e-04
8.5650000000e-01 1.6747869320e-05 -2.7606317991e-04
8.5700000000e-01 1.6760766383e-05 -2.7624115425e-04
8.5750000000e-01 1.6773637565e-05 -2.7641884148e-04
8.5800000000e-01 1.6786482296e-05 -2.7659623927e-04
8.5850000000e-01 1.6799296373e-05 -2.7677334539e-04
8.5900000000e-01 1.6812072444e-05 -2.7695015772e-04
8.5950000000e-01 1.6824800739e-05 -2.7712667424e-04
8.6000000000e-01 1.6837469936e-05 -2.7730289307e-04
8.6050000000e-01 1.6850068089e-05 -2.7747881241e-04
8.6100000000e-01 1.6862583894e-05 -2.7765443053e-04
8.6150000000e-01 1.6875007900e-05 -2.7782974576e-04
8.6200000000e-01 1.6887333224e-05 -2.7800475641e-04
8.6250000000e-01 1.6899556033e-05 -2.7817946080e-04
8.6300000000e-01 1.6911676093e-05 -2.7835385716e-04
8.6350000000e-01 1.6923696838e-05 -2.7852794364e-04
8.6400000000e-01 1.6935624817e-05 -2.7870171828e-04
8.6450000000e-01 1.6947469011e-05 -2.7887517903e-04
8.6500000000e-01 1.6959240102e-05 -2.7904832369e-04
8.6550000000e-01 1.6970949325e-05 -2.7922115001e-04
8.6600000000e-01 1.6982607310e-05 -2.7939365564e-04
8.6650000000e-01 1.6994223206e-05 -2.7956583819e-04
8.6700000000e-01 1.7005803656e-05 -2.7973769528e-04
8.6750000000e-01 1.7017352023e-05 -2.7990922456e-04
8.6800000000e-01 1.7028868272e-05 -2.8008042373e-04
8.6850000000e-01 1.7040348999e-05 -2.8025129058e-04
8.6900000000e-01 1.7051787513e-05 -2.8042182302e-04
8.6950000000e-01 1.7063174499e-05 -2.8059201909e-04
8.7000000000e-01 1.7074499041e-05 -2.8076187693e-04
8.7050000000e-01 1.7085749675e-05 -2.8093139478e-04
8.7100000000e-01 1.7096915344e-05 -2.8110057096e-04
8.7150000000e-01 1.7107986367e-05 -2.8126940386e-04
8.7200000000e-01 1.7118955506e-05 -2.8143789187e-04
8.7250000000e-01 1.7129818668e-05 -2.8160603337e-04
8.7300000000e-01 1.7140575112e-05 -2.8177382666e-04
8.7350000000e-01 1.7151227510e-05 -2.8194127000e-04
8.7400000000e-01 1.7161781758e-05 -2.8210836153e-04
8.7450000000e-01 1.7172246271e-05 -2.8227509926e-04
8.7500000000e-01 1.7182631188e-05 -2.8244148113e-04
8.7550000000e-01 1.7192947435e-05 -2.8260750496e-04
8.7600000000e-01 1.7203205527e-05 -2.8277316852e-04
8.7650000000e-01 1.7213414494e-05 -2.8293846950e-04
8.7700000000e-01 1.7223581167e-05 -2.8310340563e-04
8.7750000000e-01 1.7233709490e-05 -2.8326797462e-04
8.7800000000e-01 1.7243799970e-05 -2.8343217428e-04
8.7850000000e-01 1.7253849612e-05 -2.8359600248e-04
8.7900000000e-01 1.7263852349e-05 -2.8375945723e-04
8.7950000000e-01 1.7273799632e-05 -2.8392253663e-04
8.8000000000e-01 1.7283681068e-05 -2.8408523890e-04
8.8050000000e-01 1.7293485373e-05 -2.8424756240e-04
8.8100000000e-01 1.7303201631e-05 -2.8440950553e-04
8.8150000000e-01 1.7312820296e-05 -2.8457106678e-04
8.8200000000e-01 1.7322333901e-05 -2.8473224464e-04
8.8250000000e-01 1.7331737878e-05 -2.8489303761e-04
8.8300000000e-01 1.7341031000e-05 -2.8505344412e-04
8.8350000000e-01 1.7350215328e-05 -2.8521346254e-04
8.8400000000e-01 1.7359296085e-05 -2.8537309115e-04
8.8450000000e-01 1.7368281201e-05 -2.8553232811e-04
8.8500000000e-01 1.7377180299e-05 -2.8569117149e-04
8.8550000000e-01 1.7386003780e-05 -2.8584961927e-04
8.8600000000e-01 1.7394762014e-05 -2.8600766934e-04
8.8650000000e-01 1.7403464193e-05 -2.8616531956e-04
8.8700000000e-01 1.7412117288e-05 -2.8632256779e-04
8.8750000000e-01 1.7420725458e-05 -2.8647941188e-04
8.8800000000e-01 1.7429289732e-05 -2.8663584979e-04
8.8850000000e-01 1.7437807849e-05 -2.8679187952e-04
8.8900000000e-01 1.7446274369e-05 -2.8694749920e-04
8.8950000000e-01 1.7454681172e-05 -2.8710270707e-04
8.9000000000e-01 1.7463018369e-05 -2.8725750151e-04
8.9050000000e-01 1.7471275191e-05 -2.8741188097e-04
8.9100000000e-01 1.7479440897e-05 -2.8756584403e-04
8.9150000000e-01 1.7487505865e-05 -2.8771938929e-04
8.9200000000e-01 1.7495462513e-05 -2.8787251540e-04
8.9250000000e-01 1.7503305908e-05 -2.8802522101e-04
8.9300000000e-01 1.7511034303e-05 -2.8817750470e-04
8.9350000000e-01 1.7518649298e-05 -2.8832936500e-04
8.9400000000e-01 1.7526155497e-05 -2.8848080035e-04
8.9450000000e-01 1.7533560080e-05 -2.8863180908e-04
8.9500000000e-01 1.7540872231e-05 -2.8878238942e-04
8.9550000000e-01 1.7548102166e-05 -2.8893253950e-04
8.9600000000e-01 1.7555259940e-05 -2.8908225740e-04
8.9650000000e-01 1.7562354570e-05 -2.8923154111e-04
8.9700000000e-01 1.7569393290e-05 -2.8938038865e-04
8.9750000000e-01 1.7576380721e-05 -2.8952879802e-04
8.9800000000e-01 1.7583318294e-05 -2.8967676730e-04
8.9850000000e-01 1.7590204224e-05 -2.8982429464e-04
8.9900000000e-01 1.7597033712e-05 -2.8997137829e-04
8.9950000000e-01 1.7603799313e-05 -2.9011801662e-04
9.0000000000e-01 1.7610491625e-05 -2.9026420813e-04
9.0050000000e-01 1.7617100228e-05 -2.9040995140e-04
9.0100000000e-01 1.7623614641e-05 -2.9055524515e-04
9.0150000000e-01 1.7630025266e-05 -2.9070008811e-04
9.0200000000e-01 1.7636324384e-05 -2.9084447908e-04
9.0250000000e-01 1.7642506870e-05 -2.9098841685e-04
9.0300000000e-01 1.7648570477e-05 -2.9113190018e-04
9.0350000000e-01 1.7654516127e-05 -2.9127492777e-04
9.0400000000e-01 1.7660347965e-05 -2.9141749823e-04
9.0450000000e-01 1.7666072723e-05 -2.9155961007e-04
9.0500000000e-01 1.7671698981e-05 -2.9170126171e-04
9.0550000000e-01 1.7677236470e-05 -2.9184245146e-04
9.0600000000e-01 1.7682695123e-05 -2.9198317757e-04
9.0650000000e-01 1.7688084021e-05 -2.9212343823e-04
9.0700000000e-01 1.7693410469e-05 -2.9226323159e-04
9.0750000000e-01 1.7698679295e-05 -2.9240255584e-04
9.0800000000e-01 1.7703892460e-05 -2.9254140920e-04
9.0850000000e-01 1.7709048797e-05 -2.9267978998e-04
9.0900000000e-01 1.7714144042e-05 -2.9281769655e-04
9.0950000000e-01 1.7719171339e-05 -2.9295512743e-04
9.1000000000e-01 1.7724121838e-05 -2.9309208125e-04
9.1050000000e-01 1.7728985475e-05 -2.9322855672e-04
9.1100000000e-01 1.7733752059e-05 -2.9336455268e-04
9.1150000000e-01 1.7738412187e-05 -2.9350006800e-04
9.1200000000e-01 1.7742957964e-05 -2.9363510163e-04
9.1250000000e-01 1.7747383879e-05 -2.9376965250e-04
9.1300000000e-01 1.7751687433e-05 -2.9390371951e-04
9.1350000000e-01 1.7755869163e-05 -2.9403730151e-04
9.1400000000e-01 1.7759932485e-05 -2.9417039727e-04
9.1450000000e-01 1.7763883536e-05 -2.9430300546e-04
9.1500000000e-01 1.7767730557e-05 -2.9443512465e-04
9.1550000000e-01 1.7771482928e-05 -2.9456675331e-04
9.1600000000e-01 1.7775150280e-05 -2.9469788983e-04
9.1650000000e-01 1.7778741607e-05 -2.9482853256e-04
9.1700000000e-01 1.7782264370e-05 -2.9495867979e-04
9.1750000000e-01 1.7785723733e-05 -2.9508832984e-04
9.1800000000e-01 1.7789122063e-05 -2.9521748105e-04
9.1850000000e-01 1.7792458714e-05 -2.9534613183e-04
9.1900000000e-01 1.7795730025e-05 -2.9547428071e-04
9.1950000000e-01 1.7798929686e-05 -2.9560192629e-04
9.2000000000e-01 1.7802049425e-05 -2.9572906729e-04
9.2050000000e-01 1.7805079697e-05 -2.9585570256e-04
9.2100000000e-01 1.7808010490e-05 -2.9598183102e-04
9.2150000000e-01 1.7810832448e-05 -2.9610745168e-04
9.2200000000e-01 1.7813537780e-05 -2.9623256358e-04
9.2250000000e-01 1.7816120821e-05 -2.9635716576e-04
9.2300000000e-01 1.7818578558e-05 -2.9648125726e-04
9.2350000000e-01 1.7820911031e-05 -2.9660483706e-04
9.2400000000e-01 1.7823121278e-05 -2.9672790405e-04
9.2450000000e-01 1.7825214937e-05 -2.9685045703e-04
9.2500000000e-01 1.7827199675e-05 -2.9697249470e-04
9.2550000000e-01 1.7829084499e-05 -2.9709401566e-04
9.2600000000e-01 1.7830878865e-05 -2.9721501844e-04
9.2650000000e-01 1.7832591693e-05 -2.9733550149e-04
9.2700000000e-01 1.7834230529e-05 -2.9745546321e-04
9.2750000000e-01 1.7835800826e-05 -2.9757490203e-04
9.2800000000e-01 1.7837305340e-05 -2.9769381640e-04
9.2850000000e-01 1.7838743898e-05 -2.9781220480e-04
9.2900000000e-01 1.7840113501e-05 -2.9793006582e-04
9.2950000000e-01 1.7841408480e-05 -2.9804739814e-04
9.3000000000e-01 1.7842620970e-05 -2.9816420056e-04
9.3050000000e-01 1.7843741833e-05 -2.9828047194e-04
9.3100000000e-01 1.7844761556e-05 -2.9839621128e-04
9.3150000000e-01 1.7845670936e-05 -2.9851141762e-04
9.3200000000e-01 1.7846462014e-05 -2.9862609005e-04
9.3250000000e-01 1.7847128980e-05 -2.9874022766e-04
9.3300000000e-01 1.7847668623e-05 -2.9885382954e-04
9.3350000000e-01 1.7848080522e-05 -2.9896689471e-04
9.3400000000e-01 1.7848367176e-05 -2.9907942212e-04
9.3450000000e-01 1.7848533730e-05 -2.9919141063e-04
9.3500000000e-01 1.7848587416e-05 -2.9930285898e-04
9.3550000000e-01 1.7848536888e-05 -2.9941376584e-04
9.3600000000e-01 1.7848391353e-05 -2.9952412976e-04
9.3650000000e-01 1.7848159645e-05 -2.9963394924e-04
9.3700000000e-01 1.7847849372e-05 -2.9974322274e-04
9.3750000000e-01 1.7847466208e-05 -2.9985194871e-04
9.3800000000e-01 1.7847013369e-05 -2.9996012559e-04
9.3850000000e-01 1.7846491223e-05 -3.0006775190e-04
9.3900000000e-01 1.7845897196e-05 -3.0017482623e-04
9.3950000000e-01 1.7845226187e-05 -3.0028134724e-04
9.4000000000e-01 1.7844471049e-05 -3.0038731370e-04
9.4050000000e-01 1.7843623076e-05 -3.0049272449e-04
9.4100000000e-01 1.7842672934e-05 -3.0059757854e-04
9.4150000000e-01 1.7841611674e-05 -3.0070187489e-04
9.4200000000e-01 1.7840431465e-05 -3.0080561257e-04
9.4250000000e-01 1.7839126304e-05 -3.0090879066e-04
9.4300000000e-01 1.7837692643e-05 -3.0101140819e-04
9.4350000000e-01 1.7836129711e-05 -3.0111346417e-04
9.4400000000e-01 1.7834439558e-05 -3.0121495748e-04
9.4450000000e-01 1.7832626831e-05 -3.0131588696e-04
9.4500000000e-01 1.7830698346e-05 -3.0141625131e-04
9.4550000000e-01 1.7828662386e-05 -3.0151604913e-04
9.4600000000e-01 1.7826527847e-05 -3.0161527893e-04
9.4650000000e-01 1.7824303476e-05 -3.0171393913e-04
9.4700000000e-01 1.7821997032e-05 -3.0181202812e-04
9.4750000000e-01 1.7819614383e-05 -3.0190954424e-04
9.4800000000e-01 1.7817158991e-05 -3.0200648586e-04
9.4850000000e-01 1.7814631736e-05 -3.0210285135e-04
9.4900000000e-01 1.7812030725e-05 -3.0219863917e-04
9.4950000000e-01 1.7809351364e-05 -3.0229384786e-04
9.5000000000e-01 1.7806586926e-05 -3.0238847603e-04
9.5050000000e-01 1.7803729259e-05 -3.0248252237e-04
9.5100000000e-01 1.7800769453e-05 -3.0257598568e-04
9.5150000000e-01 1.7797698698e-05 -3.0266886480e-04
9.5200000000e-01 1.7794509201e-05 -3.0276115860e-04
9.5250000000e-01 1.7791194877e-05 -3.0285286596e-04
9.5300000000e-01 1.7787751919e-05 -3.0294398575e-04
9.5350000000e-01 1.7784179209e-05 -3.0303451676e-04
9.5400000000e-01 1.7780478371e-05 -3.0312445771e-04
9.5450000000e-01 1.7776653576e-05 -3.0321380722e-04
9.5500000000e-01 1.7772711161e-05 -3.0330256381e-04
9.5550000000e-01 1.7768659044e-05 -3.0339072586e-04
9.5600000000e-01 1.7764505952e-05 -3.0347829168e-04
9.5650000000e-01 1.7760260479e-05 -3.0356525946e-04
9.5700000000e-01 1.7755930288e-05 -3.0365162734e-04
9.5750000000e-01 1.7751521513e-05 -3.0373739342e-04
9.5800000000e-01 1.7747038072e-05 -3.0382255581e-04
9.5850000000e-01 1.7742481182e-05 -3.0390711261e-04
9.5900000000e-01 1.7737849390e-05 -3.0399106200e-04
9.5950000000e-01 1.7733138759e-05 -3.0407440220e-04
9.6000000000e-01 1.7728343134e-05 -3.0415713153e-04
9.6050000000e-01 1.7723454751e-05 -3.0423924837e-04
9.6100000000e-01 1.7718465069e-05 -3.0432075117e-04
9.6150000000e-01 1.7713365542e-05 -3.0440163844e-04
9.6200000000e-01 1.7708148410e-05 -3.0448190871e-04
9.6250000000e-01 1.7702807526e-05 -3.0456156051e-04
9.6300000000e-01 1.7697338907e-05 -3.0464059235e-04
9.6350000000e-01 1.7691741040e-05 -3.0471900267e-04
9.6400000000e-01 1.7686015089e-05 -3.0479678981e-04
9.6450000000e-01 1.7680164840e-05 -3.0487395202e-04
9.6500000000e-01 1.7674196240e-05 -3.0495048741e-04
9.6550000000e-01 1.7668116769e-05 -3.0502639399e-04
9.6600000000e-01 1.7661934804e-05 -3.0510166964e-04
9.6650000000e-01 1.7655658872e-05 -3.0517631215e-04
9.6700000000e-01 1.7649296726e-05 -3.0525031920e-04
9.6750000000e-01 1.7642854552e-05 -3.0532368847e-04
9.6800000000e-01 1.7636336507e-05 -3.0539641757e-04
9.6850000000e-01 1.7629744330e-05 -3.0546850414e-04
9.6900000000e-01 1.7623077071e-05 -3.0553994586e-04
9.6950000000e-01 1.7616331255e-05 -3.0561074046e-04
9.7000000000e-01 1.7609501269e-05 -3.0568088571e-04
9.7050000000e-01 1.7602579825e-05 -3.0575037947e-04
9.7100000000e-01 1.7595558721e-05 -3.0581921966e-04
9.7150000000e-01 1.7588429669e-05 -3.0588740423e-04
9.7200000000e-01 1.7581185034e-05 -3.0595493117e-04
9.7250000000e-01 1.7573818557e-05 -3.0602179843e-04
9.7300000000e-01 1.7566326015e-05 -3.0608800395e-04
9.7350000000e-01 1.7558705642e-05 -3.0615354559e-04
9.7400000000e-01 1.7550958254e-05 -3.0621842113e-04
9.7450000000e-01 1.7543087104e-05 -3.0628262820e-04
9.7500000000e-01 1.7535097643e-05 -3.0634616435e-04
9.7550000000e-01 1.7526997083e-05 -3.0640902694e-04
9.7600000000e-01 1.7518793548e-05 -3.0647121325e-04
9.7650000000e-01 1.7510495275e-05 -3.0653272043e-04
9.7700000000e-01 1.7502109982e-05 -3.0659354551e-04
9.7750000000e-01 1.7493644078e-05 -3.0665368550e-04
9.7800000000e-01 1.7485101954e-05 -3.0671313733e-04
9.7850000000e-01 1.7476485676e-05 -3.0677189794e-04
9.7900000000e-01 1.7467794801e-05 -3.0682996428e-04
9.7950000000e-01 1.7459026351e-05 -3.0688733335e-04
9.8000000000e-01 1.7450175172e-05 -3.0694400217e-04
9.8050000000e-01 1.7441234490e-05 -3.0699996783e-04
9.8100000000e-01 1.7432196480e-05 -3.0705522747e-04
9.8150000000e-01 1.7423053022e-05 -3.0710977825e-04
9.8200000000e-01 1.7413796579e-05 -3.0716361735e-04
9.8250000000e-01 1.7404420929e-05 -3.0721674191e-04
9.8300000000e-01 1.7394921670e-05 -3.0726914906e-04
9.8350000000e-01 1.7385296651e-05 -3.0732083582e-04
9.8400000000e-01 1.7375546283e-05 -3.0737179913e-04
9.8450000000e-01 1.7365673470e-05 -3.0742203578e-04
9.8500000000e-01 1.7355683254e-05 -3.0747154243e-04
9.8550000000e-01 1.7345582343e-05 -3.0752031561e-04
9.8600000000e-01 1.7335378556e-05 -3.0756835167e-04
9.8650000000e-01 1.7325080028e-05 -3.0761564687e-04
9.8700000000e-01 1.7314694382e-05 -3.0766219732e-04
9.8750000000e-01 1.7304228067e-05 -3.0770799907e-04
9.8800000000e-01 1.7293685750e-05 -3.0775304811e-04
9.8850000000e-01 1.7283069821e-05 -3.0779734039e-04
9.8900000000e-01 1.7272380226e-05 -3.0784087186e-04
9.8950000000e-01 1.7261614530e-05 -3.0788363848e-04
9.9000000000e-01 1.7250768067e-05 -3.0792563626e-04
9.9050000000e-01 1.7239834416e-05 -3.0796686124e-04
9.9100000000e-01 1.7228806122e-05 -3.0800730947e-04
9.9150000000e-01 1.7217675399e-05 -3.0804697705e-04
9.9200000000e-01 1.7206434808e-05 -3.0808586006e-04
9.9250000000e-01 1.7195078001e-05 -3.0812395456e-04
9.9300000000e-01 1.7183600423e-05 -3.0816125654e-04
9.9350000000e-01 1.7171999735e-05 -3.0819776193e-04
9.9400000000e-01 1.7160275935e-05 -3.0823346652e-04
9.9450000000e-01 1.7148431417e-05 -3.0826836596e-04
9.9500000000e-01 1.7136470826e-05 -3.0830245577e-04
9.9550000000e-01 1.7124400520e-05 -3.0833573128e-04
9.9600000000e-01 1.7112227941e-05 -3.0836818768e-04
9.9650000000e-01 1.7099960999e-05 -3.0839981999e-04
9.9700000000e-01 1.7087607263e-05 -3.0843062311e-04
9.9750000000e-01 1.7075173193e-05 -3.0846059183e-04
9.9800000000e-01 1.7062663631e-05 -3.0848972087e-04
9.9850000000e-01 1.7050081335e-05 -3.0851800486e-04
9.9900000000e-01 1.7037426631e-05 -3.0854543844e-04
9.9950000000e-01 1.7024697443e-05 -3.0857201624e-04
1.0000000000e+00 1.7011889605e-05 -3.0859773288e-04
1.0005000000e+00 1.6998997191e-05 -3.0862258300e-04
1.0010000000e+00 1.6986013055e-05 -3.0864656128e-04
1.0015000000e+00 1.6972929589e-05 -3.0866966237e-04
1.0020000000e+00 1.6959739502e-05 -3.0869188092e-04
1.0025000000e+00 1.6946436496e-05 -3.0871321152e-04
1.0030000000e+00 1.6933015833e-05 -3.0873364872e-04
1.0035000000e+00 1.6919474818e-05 -3.0875318693e-04
1.0040000000e+00 1.6905813130e-05 -3.0877182046e-04
1.0045000000e+00 1.6892032791e-05 -3.0878954345e-04
1.0050000000e+00 1.6878137939e-05 -3.0880634988e-04
1.0055000000e+00 1.6864134526e-05 -3.0882223353e-04
1.0060000000e+00 1.6850029697e-05 -3.0883718803e-04
1.0065000000e+00 1.6835831055e-05 -3.0885120681e-04
1.0070000000e+00 1.6821546046e-05 -3.0886428316e-04
1.0075000000e+00 1.6807181228e-05 -3.0887641024e-04
1.0080000000e+00 1.6792741542e-05 -3.0888758110e-04
1.0085000000e+00 1.6778229936e-05 -3.0889778870e-04
1.0090000000e+00 1.6763647151e-05 -3.0890702597e-04
1.0095000000e+00 1.6748991595e-05 -3.0891528579e-04
1.0100000000e+00 1.6734259459e-05 -3.0892256104e-04
1.0105000000e+00 1.6719445168e-05 -3.0892884458e-04
1.0110000000e+00 1.6704541981e-05 -3.0893412928e-04
1.0115000000e+00 1.6689542573e-05 -3.0893840797e-04
1.0120000000e+00 1.6674439719e-05 -3.0894167345e-04
1.0125000000e+00 1.6659227078e-05 -3.0894391848e-04
1.0130000000e+00 1.6643899809e-05 -3.0894513569e-04
1.0135000000e+00 1.6628454966e-05 -3.0894531764e-04
1.0140000000e+00 1.6612891832e-05 -3.0894445670e-04
1.0145000000e+00 1.6597212021e-05 -3.0894254510e-04
1.0150000000e+00 1.6581419248e-05 -3.0893957485e-04
1.0155000000e+00 1.6565518997e-05 -3.0893553779e-04
1.0160000000e+00 1.6549518063e-05 -3.0893042554e-04
1.0165000000e+00 1.6533423847e-05 -3.0892422952e-04
1.0170000000e+00 1.6517243588e-05 -3.0891694100e-04
1.0175000000e+00 1.6500983756e-05 -3.0890855105e-04
1.0180000000e+00 1.6484649480e-05 -3.0889905064e-04
1.0185000000e+00 1.6468243972e-05 -3.0888843062e-04
1.0190000000e+00 1.6451768217e-05 -3.0887668177e-04
1.0195000000e+00 1.6435220970e-05 -3.0886379480e-04
1.0200000000e+00 1.6418598887e-05 -3.0884976039e-04
1.0205000000e+00 1.6401896809e-05 -3.0883456918e-04
1.0210000000e+00 1.6385108261e-05 -3.0881821178e-04
1.0215000000e+00 1.6368226136e-05 -3.0880067876e-04
1.0220000000e+00 1.6351243385e-05 -3.0878196065e-04
1.0225000000e+00 1.6334153656e-05 -3.0876204788e-04
1.0230000000e+00 1.6316951929e-05 -3.0874093077e-04
1.0235000000e+00 1.6299635043e-05 -3.0871859954e-04
1.0240000000e+00 1.6282201931e-05 -3.0869504420e-04
1.0245000000e+00 1.6264653730e-05 -3.0867025462e-04
1.0250000000e+00 1.6246993758e-05 -3.0864422041e-04
1.0255000000e+00 1.6229227124e-05 -3.0861693102e-04
1.0260000000e+00 1.6211360164e-05 -3.0858837563e-04
1.0265000000e+00 1.6193399951e-05 -3.0855854324e-04
1.0270000000e+00 1.6175353635e-05 -3.0852742262e-04
1.0275000000e+00 1.6157227641e-05 -3.0849500239e-04
1.0280000000e+00 1.6139027082e-05 -3.0846127099e-04
1.0285000000e+00 1.6120755359e-05 -3.0842621674e-04
1.0290000000e+00 1.6102413804e-05 -3.0838982785e-04
1.0295000000e+00 1.6084001514e-05 -3.0835209246e-04
1.0300000000e+00 1.6065515477e-05 -3.0831299864e-04
1.0305000000e+00 1.6046950901e-05 -3.0827253440e-04
1.0310000000e+00 1.6028301658e-05 -3.0823068773e-04
1.0315000000e+00 1.6009560863e-05 -3.0818744652e-04
1.0320000000e+00 1.5990721575e-05 -3.0814279862e-04
1.0325000000e+00 1.5971777470e-05 -3.0809673177e-04
1.0330000000e+00 1.5952723391e-05 -3.0804923360e-04
1.0335000000e+00 1.5933555895e-05 -3.0800029159e-04
1.0340000000e+00 1.5914273620e-05 -3.0794989305e-04
1.0345000000e+00 1.5894877335e-05 -3.0789802507e-04
1.0350000000e+00 1.5875369839e-05 -3.0784467456e-04
1.0355000000e+00 1.5855755786e-05 -3.0778982815e-04
1.0360000000e+00 1.5836041220e-05 -3.0773347228e-04
1.0365000000e+00 1.5816232900e-05 -3.0767559314e-04
1.0370000000e+00 1.5796337684e-05 -3.0761617670e-04
1.0375000000e+00 1.5776361937e-05 -3.0755520875e-04
1.0380000000e+00 1.5756310870e-05 -3.0749267489e-04
1.0385000000e+00 1.5736188018e-05 -3.0742856059e-04
1.0390000000e+00 1.5715994927e-05 -3.0736285120e-04
1.0395000000e+00 1.5695731034e-05 -3.0729553196e-04
1.0400000000e+00 1.5675393707e-05 -3.0722658805e-04
1.0405000000e+00 1.5654978481e-05 -3.0715600459e-04
1.0410000000e+00 1.5634479537e-05 -3.0708376664e-04
1.0415000000e+00 1.5613890258e-05 -3.0700985918e-04
1.0420000000e+00 1.5593203805e-05 -3.0693426713e-04
1.0425000000e+00 1.5572413835e-05 -3.0685697531e-04
1.0430000000e+00 1.5551515160e-05 -3.0677796842e-04
1.0435000000e+00 1.5530504121e-05 -3.0669723102e-04
1.0440000000e+00 1.5509378948e-05 -3.0661474749e-04
1.0445000000e+00 1.5488140042e-05 -3.0653050200e-04
1.0450000000e+00 1.5466789855e-05 -3.0644447853e-04
1.0455000000e+00 1.5445332583e-05 -3.0635666080e-04
1.0460000000e+00 1.5423773823e-05 -3.0626703232e-04
1.0465000000e+00 1.5402120056e-05 -3.0617557637e-04
1.0470000000e+00 1.5380377969e-05 -3.0608227601e-04
1.0475000000e+00 1.5358553792e-05 -3.0598711409e-04
1.0480000000e+00 1.5336652741e-05 -3.0589007331e-04
1.0485000000e+00 1.5314678508e-05 -3.0579113621e-04
1.0490000000e+00 1.5292632881e-05 -3.0569028523e-04
1.0495000000e+00 1.5270515591e-05 -3.0558750269e-04
1.0500000000e+00 1.5248324364e-05 -3.0548277087e-04
1.0505000000e+00 1.5226055101e-05 -3.0537607198e-04
1.0510000000e+00 1.5203702269e-05 -3.0526738818e-04
1.0515000000e+00 1.5181259485e-05 -3.0515670158e-04
1.0520000000e+00 1.5158720124e-05 -3.0504399421e-04
1.0525000000e+00 1.5136077894e-05 -3.0492924803e-04
1.0530000000e+00 1.5113327442e-05 -3.0481244492e-04
1.0535000000e+00 1.5090464953e-05 -3.0469356658e-04
1.0540000000e+00 1.5067488458e-05 -3.0457259461e-04
1.0545000000e+00 1.5044397940e-05 -3.0444951039e-04
1.0550000000e+00 1.5021195404e-05 -3.0432429512e-04
1.0555000000e+00 1.4997884706e-05 -3.0419692981e-04
1.0560000000e+00 1.4974471095e-05 -3.0406739522e-04
1.0565000000e+00 1.4950960708e-05 -3.0393567194e-04
1.0570000000e+00 1.4927360023e-05 -3.0380174034e-04
1.0575000000e+00 1.4903675197e-05 -3.0366558062e-04
1.0580000000e+00 1.4879911455e-05 -3.0352717283e-04
1.0585000000e+00 1.4856072612e-05 -3.0338649690e-04
1.0590000000e+00 1.4832160717e-05 -3.0324353267e-04
1.0595000000e+00 1.4808175816e-05 -3.0309825991e-04
1.0600000000e+00 1.4784115943e-05 -3.0295065833e-04
1.0605000000e+00 1.4759977377e-05 -3.0280070765e-04
1.0610000000e+00 1.4735754982e-05 -3.0264838752e-04
1.0615000000e+00 1.4711442618e-05 -3.0249367760e-04
1.0620000000e+00 1.4687033792e-05 -3.0233655753e-04
1.0625000000e+00 1.4662522346e-05 -3.0217700689e-04
1.0630000000e+00 1.4637902948e-05 -3.0201500519e-04
1.0635000000e+00 1.4613171586e-05 -3.0185053186e-04
1.0640000000e+00 1.4588326023e-05 -3.0168356624e-04
1.0645000000e+00 1.4563365989e-05 -3.0151408750e-04
1.0650000000e+00 1.4538293142e-05 -3.0134207469e-04
1.0655000000e+00 1.4513110937e-05 -3.0116750666e-04
1.0660000000e+00 1.4487824296e-05 -3.0099036213e-04
1.0665000000e+00 1.4462439100e-05 -3.0081061963e-04
1.0670000000e+00 1.4436961619e-05 -3.0062825754e-04
1.0675000000e+00 1.4411397926e-05 -3.0044325412e-04
1.0680000000e+00 1.4385753301e-05 -3.0025558750e-04
1.0685000000e+00 1.4360031698e-05 -3.0006523576e-04
1.0690000000e+00 1.4334235373e-05 -2.9987217690e-04
1.0695000000e+00 1.4308364711e-05 -2.9967638893e-04
1.0700000000e+00 1.4282418174e-05 -2.9947784983e-04
1.0705000000e+00 1.4256392384e-05 -2.9927653762e-04
1.0710000000e+00 1.4230282513e-05 -2.9907243034e-04
1.0715000000e+00 1.4204082802e-05 -2.9886550609e-04
1.0720000000e+00 1.4177787026e-05 -2.9865574296e-04
1.0725000000e+00 1.4151389079e-05 -2.9844311908e-04
1.0730000000e+00 1.4124883650e-05 -2.9822761257e-04
1.0735000000e+00 1.4098266700e-05 -2.9800920153e-04
1.0740000000e+00 1.4071535787e-05 -2.9778786400e-04
1.0745000000e+00 1.4044690352e-05 -2.9756357797e-04
1.0750000000e+00 1.4017731775e-05 -2.9733632131e-04
1.0755000000e+00 1.3990663191e-05 -2.9710607182e-04
1.0760000000e+00 1.3963489196e-05 -2.9687280717e-04
1.0765000000e+00 1.3936215441e-05 -2.9663650496e-04
1.0770000000e+00 1.3908848050e-05 -2.9639714266e-04
1.0775000000e+00 1.3881393003e-05 -2.9615469770e-04
1.0780000000e+00 1.3853855597e-05 -2.9590914745e-04
1.0785000000e+00 1.3826239977e-05 -2.9566046926e-04
1.0790000000e+00 1.3798548680e-05 -2.9540864050e-04
1.0795000000e+00 1.3770782374e-05 -2.9515363858e-04
1.0800000000e+00 1.3742939875e-05 -2.9489544098e-04
1.0805000000e+00 1.3715018270e-05 -2.9463402524e-04
1.0810000000e+00 1.3687013133e-05 -2.9436936905e-04
1.0815000000e+00 1.3658918979e-05 -2.9410145014e-04
1.0820000000e+00 1.3630729854e-05 -2.9383024640e-04
1.0825000000e+00 1.3602439873e-05 -2.9355573576e-04
1.0830000000e+00 1.3574043763e-05 -2.9327789625e-04
1.0835000000e+00 1.3545537415e-05 -2.9299670593e-04
1.0840000000e+00 1.3516918279e-05 -2.9271214292e-04
1.0845000000e+00 1.3488185571e-05 -2.9242418530e-04
1.0850000000e+00 1.3459340374e-05 -2.9213281117e-04
1.0855000000e+00 1.3430385555e-05 -2.9183799859e-04
1.0860000000e+00 1.3401325457e-05 -2.9153972559e-04
1.0865000000e+00 1.3372165457e-05 -2.9123797018e-04
1.0870000000e+00 1.3342911507e-05 -2.9093271034e-04
1.0875000000e+00 1.3313569567e-05 -2.9062392405e-04
1.0880000000e+00 1.3284144991e-05 -2.9031158931e-04
1.0885000000e+00 1.3254642012e-05 -2.8999568419e-04
1.0890000000e+00 1.3225063401e-05 -2.8967618683e-04
1.0895000000e+00 1.3195410221e-05 -2.8935307545e-04
1.0900000000e+00 1.3165681652e-05 -2.8902632846e-04
1.0905000000e+00 1.3135875120e-05 -2.8869592439e-04
1.0910000000e+00 1.3105986620e-05 -2.8836184195e-04
1.0915000000e+00 1.3076011049e-05 -2.8802406003e-04
1.0920000000e+00 1.3045942689e-05 -2.8768255768e-04
1.0925000000e+00 1.3015775840e-05 -2.8733731413e-04
1.0930000000e+00 1.2985505342e-05 -2.8698830875e-04
1.0935000000e+00 1.2955127038e-05 -2.8663552104e-04
1.0940000000e+00 1.2924638246e-05 -2.8627893059e-04
1.0945000000e+00 1.2894038012e-05 -2.8591851708e-04
1.0950000000e+00 1.2863327167e-05 -2.8555426028e-04
1.0955000000e+00 1.2832508257e-05 -2.8518613996e-04
1.0960000000e+00 1.2801585347e-05 -2.8481413598e-04
1.0965000000e+00 1.2770563626e-05 -2.8443822820e-04
1.0970000000e+00 1.2739448868e-05 -2.8405839656e-04
1.0975000000e+00 1.2708246898e-05 -2.8367462107e-04
1.0980000000e+00 1.2676963098e-05 -2.8328688182e-04
1.0985000000e+00 1.2645601868e-05 -2.8289515900e-04
1.0990000000e+00 1.2614166177e-05 -2.8249943297e-04
1.0995000000e+00 1.2582657330e-05 -2.8209968427e-04
1.1000000000e+00 1.2551074891e-05 -2.8169589361e-04
1.1005000000e+00 1.2519416687e-05 -2.8128804195e-04
1.1010000000e+00 1.2487679040e-05 -2.8087611047e-04
1.1015000000e+00 1.2455857179e-05 -2.8046008059e-04
1.1020000000e+00 1.2423945687e-05 -2.8003993397e-04
1.1025000000e+00 1.2391939010e-05 -2.7961565251e-04
1.1030000000e+00 1.2359832053e-05 -2.7918721832e-04
1.1035000000e+00 1.2327620683e-05 -2.7875461370e-04
1.1040000000e+00 1.2295302083e-05 -2.7831782112e-04
1.1045000000e+00 1.2262875054e-05 -2.7787682322e-04
1.1050000000e+00 1.2230340178e-05 -2.7743160273e-04
1.1055000000e+00 1.2197699752e-05 -2.7698214253e-04
1.1060000000e+00 1.2164957528e-05 -2.7652842558e-04
1.1065000000e+00 1.2132118387e-05 -2.7607043497e-04
1.1070000000e+00 1.2099187928e-05 -2.7560815388e-04
1.1075000000e+00 1.2066171900e-05 -2.7514156561e-04
1.1080000000e+00 1.2033075617e-05 -2.7467065363e-04
1.1085000000e+00 1.1999903529e-05 -2.7419540155e-04
1.1090000000e+00 1.1966658811e-05 -2.7371579319e-04
1.1095000000e+00 1.1933343018e-05 -2.7323181262e-04
1.1100000000e+00 1.1899955982e-05 -2.7274344412e-04
1.1105000000e+00 1.1866495885e-05 -2.7225067225e-04
1.1110000000e+00 1.1832959393e-05 -2.7175348189e-04
1.1115000000e+00 1.1799342001e-05 -2.7125185818e-04
1.1120000000e+00 1.1765638537e-05 -2.7074578655e-04
1.1125000000e+00 1.1731843642e-05 -2.7023525273e-04
1.1130000000e+00 1.1697952265e-05 -2.6972024271e-04
1.1135000000e+00 1.1663960195e-05 -2.6920074273e-04
1.1140000000e+00 1.1629864510e-05 -2.6867673925e-04
1.1145000000e+00 1.1595663826e-05 -2.6814821893e-04
1.1150000000e+00 1.1561358415e-05 -2.6761516862e-04
1.1155000000e+00 1.1526950230e-05 -2.6707757532e-04
1.1160000000e+00 1.1492442735e-05 -2.6653542619e-04
1.1165000000e+00 1.1457840552e-05 -2.6598870854e-04
1.1170000000e+00 1.1423149001e-05 -2.6543740983e-04
1.1175000000e+00 1.1388373651e-05 -2.6488151769e-04
1.1180000000e+00 1.1353519788e-05 -2.6432101992e-04
1.1185000000e+00 1.1318591880e-05 -2.6375590455e-04
1.1190000000e+00 1.1283593184e-05 -2.6318615982e-04
1.1195000000e+00 1.1248525482e-05 -2.6261177425e-04
1.1200000000e+00 1.1213388873e-05 -2.6203273663e-04
1.1205000000e+00 1.1178181784e-05 -2.6144903605e-04
1.1210000000e+00 1.1142901192e-05 -2.6086066195e-04
1.1215000000e+00 1.1107542901e-05 -2.6026760406e-04
1.1220000000e+00 1.1072101910e-05 -2.5966985246e-04
1.1225000000e+00 1.1036572971e-05 -2.5906739754e-04
1.1230000000e+00 1.1000951123e-05 -2.5846022998e-04
1.1235000000e+00 1.0965232122e-05 -2.5784834077e-04
1.1240000000e+00 1.0929412860e-05 -2.5723172114e-04
1.1245000000e+00 1.0893491709e-05 -2.5661036256e-04
1.1250000000e+00 1.0857468692e-05 -2.5598425670e-04
1.1255000000e+00 1.0821345440e-05 -2.5535339545e-04
1.1260000000e+00 1.0785125045e-05 -2.5471777086e-04
1.1265000000e+00 1.0748811813e-05 -2.5407737516e-04
1.1270000000e+00 1.0712410832e-05 -2.5343220077e-04
1.1275000000e+00 1.0675927456e-05 -2.5278224029e-04
1.1280000000e+00 1.0639366843e-05 -2.5212748654e-04
1.1285000000e+00 1.0602733478e-05 -2.5146793253e-04
1.1290000000e+00 1.0566030686e-05 -2.5080357157e-04
1.1295000000e+00 1.0529260373e-05 -2.5013439721e-04
1.1300000000e+00 1.0492422882e-05 -2.4946040331e-04
1.1305000000e+00 1.0455516921e-05 -2.4878158407e-04
1.1310000000e+00 1.0418539692e-05 -2.4809793401e-04
1.1315000000e+00 1.0381487223e-05 -2.4740944799e-04
1.1320000000e+00 1.0344354755e-05 -2.4671612122e-04
1.1325000000e+00 1.0307137175e-05 -2.4601794925e-04
1.1330000000e+00 1.0269829517e-05 -2.4531492792e-04
1.1335000000e+00 1.0232427482e-05 -2.4460705342e-04
1.1340000000e+00 1.0194927857e-05 -2.4389432216e-04
1.1345000000e+00 1.0157328783e-05 -2.4317673084e-04
1.1350000000e+00 1.0119629957e-05 -2.4245427638e-04
1.1355000000e+00 1.0081832693e-05 -2.4172695588e-04
1.1360000000e+00 1.0043939765e-05 -2.4099476668e-04
1.1365000000e+00 1.0005955129e-05 -2.4025770627e-04
1.1370000000e+00 9.9678835809e-06 -2.3951577234e-04
1.1375000000e+00 9.9297302932e-06 -2.3876896276e-04
1.1380000000e+00 9.8915002756e-06 -2.3801727563e-04
1.1385000000e+00 9.8531979335e-06 -2.3726070926e-04
1.1390000000e+00 9.8148266859e-06 -2.3649926222e-04
1.1395000000e+00 9.7763885813e-06 -2.3573293333e-04
1.1400000000e+00 9.7378841019e-06 -2.3496172176e-04
1.1405000000e+00 9.6993121922e-06 -2.3418562694e-04
1.1410000000e+00 9.6606703484e-06 -2.3340464866e-04
1.1415000000e+00 9.6219548153e-06 -2.3261878705e-04
1.1420000000e+00 9.5831609904e-06 -2.3182804258e-04
1.1425000000e+00 9.5442838994e-06 -2.3103241604e-04
1.1430000000e+00 9.5053186484e-06 -2.3023190853e-04
1.1435000000e+00 9.4662608836e-06 -2.2942652146e-04
1.1440000000e+00 9.4271072335e-06 -2.2861625650e-04
1.1445000000e+00 9.3878556441e-06 -2.2780111559e-04
1.1450000000e+00 9.3485055454e-06 -2.2698110085e-04
1.1455000000e+00 9.3090579062e-06 -2.2615621463e-04
1.1460000000e+00 9.2695151690e-06 -2.2532645946e-04
1.1465000000e+00 9.2298809890e-06 -2.2449183803e-04
1.1470000000e+00 9.1901598534e-06 -2.2365235321e-04
1.1475000000e+00 9.1503566921e-06 -2.2280800805e-04
1.1480000000e+00 9.1104764084e-06 -2.2195880578e-04
1.1485000000e+00 9.0705233578e-06 -2.2110474984e-04
1.1490000000e+00 9.0305009404e-06 -2.2024584391e-04
1.1495000000e+00 8.9904113257e-06 -2.1938209189e-04
1.1500000000e+00 8.9502552203e-06 -2.1851349798e-04
1.1505000000e+00 8.9100317671e-06 -2.1764006665e-04
1.1510000000e+00 8.8697386649e-06 -2.1676180269e-04
1.1515000000e+00 8.8293724154e-06 -2.1587871119e-04
1.1520000000e+00 8.7889286306e-06 -2.1499079756e-04
1.1525000000e+00 8.7484024450e-06 -2.1409806750e-04
1.1530000000e+00 8.7077890141e-06 -2.1320052701e-04
1.1535000000e+00 8.6670839783e-06 -2.1229818234e-04
1.1540000000e+00 8.6262838533e-06 -2.1139104002e-04
1.1545000000e+00 8.5853863681e-06 -2.1047910675e-04
1.1550000000e+00 8.5443907089e-06 -2.0956238944e-04
1.1555000000e+00 8.5032975601e-06 -2.0864089518e-04
1.1560000000e+00 8.4621090072e-06 -2.0771463119e-04
1.1565000000e+00 8.4208283854e-06 -2.0678360483e-04
1.1570000000e+00 8.3794599474e-06 -2.0584782359e-04
1.1575000000e+00 8.3380083839e-06 -2.0490729511e-04
1.1580000000e+00 8.2964784062e-06 -2.0396202715e-04
1.1585000000e+00 8.2548743332e-06 -2.0301202765e-04
1.1590000000e+00 8.2131996169e-06 -2.0205730472e-04
1.1595000000e+00 8.1714564968e-06 -2.0109786666e-04
1.1600000000e+00 8.1296458302e-06 -2.0013372199e-04
1.1605000000e+00 8.0877670010e-06 -1.9916487950e-04
1.1610000000e+00 8.0458179534e-06 -1.9819134819e-04
1.1615000000e+00 8.0037953993e-06 -1.9721313734e-04
1.1620000000e+00 7.9616951472e-06 -1.9623025648e-04
1.1625000000e+00 7.9195124983e-06 -1.9524271540e-04
1.1630000000e+00 7.8772426773e-06 -1.9425052411e-04
1.1635000000e+00 7.8348813026e-06 -1.9325369285e-04
1.1640000000e+00 7.7924248175e-06 -1.9225223204e-04
1.1645000000e+00 7.7498707922e-06 -1.9124615225e-04
1.1650000000e+00 7.7072181440e-06 -1.9023546422e-04
1.1655000000e+00 7.6644672788e-06 -1.8922017878e-04
1.1660000000e+00 7.6216200199e-06 -1.8820030683e-04
1.1665000000e+00 7.5786793799e-06 -1.8717585938e-04
1.1670000000e+00 7.5356493010e-06 -1.8614684750e-04
1.1675000000e+00 7.4925342913e-06 -1.8511328232e-04
1.1680000000e+00 7.4493389384e-06 -1.8407517506e-04
1.1685000000e+00 7.4060674501e-06 -1.8303253702e-04
1.1690000000e+00 7.3627232865e-06 -1.8198537960e-04
1.1695000000e+00 7.3193088176e-06 -1.8093371435e-04
1.1700000000e+00 7.2758250571e-06 -1.7987755296e-04
1.1705000000e+00 7.2322715762e-06 -1.7881690727e-04
1.1710000000e+00 7.1886465677e-06 -1.7775178931e-04
1.1715000000e+00 7.1449469900e-06 -1.7668221130e-04
1.1720000000e+00 7.1011688443e-06 -1.7560818562e-04
1.1725000000e+00 7.0573075891e-06 -1.7452972486e-04
1.1730000000e+00 7.0133585644e-06 -1.7344684174e-04
1.1735000000e+00 6.9693174002e-06 -1.7235954915e-04
1.1740000000e+00 6.9251804447e-06 -1.7126786008e-04
1.1745000000e+00 6.8809451410e-06 -1.7017178761e-04
1.1750000000e+00 6.8366102274e-06 -1.6907134491e-04
1.1755000000e+00 6.7921758191e-06 -1.6796654515e-04
1.1760000000e+00 6.7476434316e-06 -1.6685740154e-04
1.1765000000e+00 6.7030158341e-06 -1.6574392729e-04
1.1770000000e+00 6.6582967163e-06 -1.6462613558e-04
1.1775000000e+00 6.6134903360e-06 -1.6350403962e-04
1.1780000000e+00 6.5686011375e-06 -1.6237765258e-04
1.1785000000e+00 6.5236332855e-06 -1.6124698766e-04
1.1790000000e+00 6.4785902409e-06 -1.6011205808e-04
1.1795000000e+00 6.4334744476e-06 -1.5897287711e-04
1.1800000000e+00 6.3882870889e-06 -1.5782945806e-04
1.1805000000e+00 6.3430279525e-06 -1.5668181435e-04
1.1810000000e+00 6.2976954487e-06 -1.5552995948e-04
1.1815000000e+00 6.2522867741e-06 -1.5437390704e-04
1.1820000000e+00 6.2067981727e-06 -1.5321367075e-04
1.1825000000e+00 6.1612252632e-06 -1.5204926440e-04
1.1830000000e+00 6.1155634712e-06 -1.5088070189e-04
1.1835000000e+00 6.0698084901e-06 -1.4970799715e-04
1.1840000000e+00 6.0239566489e-06 -1.4853116419e-04
1.1845000000e+00 5.9780052325e-06 -1.4735021701e-04
1.1850000000e+00 5.9319527823e-06 -1.4616516960e-04
1.1855000000e+00 5.8857992217e-06 -1.4497603591e-04
1.1860000000e+00 5.8395457995e-06 -1.4378282985e-04
1.1865000000e+00 5.7931949765e-06 -1.4258556523e-04
1.1870000000e+00 5.7467502127e-06 -1.4138425579e-04
1.1875000000e+00 5.7002155841e-06 -1.4017891518e-04
1.1880000000e+00 5.6535953649e-06 -1.3896955697e-04
1.1885000000e+00 5.6068936442e-06 -1.3775619465e-04
1.1890000000e+00 5.5601139114e-06 -1.3653884166e-04
1.1895000000e+00 5.5132586868e-06 -1.3531751140e-04
1.1900000000e+00 5.4663292919e-06 -1.3409221727e-04
1.1905000000e+00 5.4193257313e-06 -1.3286297266e-04
1.1910000000e+00 5.3722466616e-06 -1.3162979095e-04
1.1915000000e+00 5.3250895042e-06 -1.3039268558e-04
1.1920000000e+00 5.2778507124e-06 -1.2915167001e-04
1.1925000000e+00 5.2305261189e-06 -1.2790675770e-04
1.1930000000e+00 5.1831112879e-06 -1.2665796215e-04
1.1935000000e+00 5.1356019313e-06 -1.2540529683e-04
1.1940000000e+00 5.0879943592e-06 -1.2414877521e-04
1.1945000000e+00 5.0402857998e-06 -1.2288841068e-04
1.1950000000e+00 4.9924746188e-06 -1.2162421658e-04
1.1955000000e+00 4.9445604972e-06 -1.2035620611e-04
1.1960000000e+00 4.8965444613e-06 -1.1908439239e-04
1.1965000000e+00 4.8484287347e-06 -1.1780878837e-04
1.1970000000e+00 4.8002165176e-06 -1.1652940685e-04
1.1975000000e+00 4.7519116850e-06 -1.1524626051e-04
1.1980000000e+00 4.7035183902e-06 -1.1395936185e-04
1.1985000000e+00 4.6550406390e-06 -1.1266872324e-04
1.1990000000e+00 4.6064819084e-06 -1.1137435695e-04
1.1995000000e+00 4.5578448178e-06 -1.1007627514e-04
1.2000000000e+00 4.5091308451e-06 -1.0877448986e-04
1.2005000000e+00 4.4603401661e-06 -1.0746901315e-04
1.2010000000e+00 4.4114716659e-06 -1.0615985696e-04
1.2015000000e+00 4.3625230409e-06 -1.0484703322e-04
1.2020000000e+00 4.3134909715e-06 -1.0353055384e-04
1.2025000000e+00 4.2643714494e-06 -1.0221043069e-04
1.2030000000e+00 4.2151601935e-06 -1.0088667558e-04
1.2035000000e+00 4.1658530233e-06 -9.9559300301e-05
1.2040000000e+00 4.1164462233e-06 -9.8228316538e-05
1.2045000000e+00 4.0669369288e-06 -9.6893735891e-05
1.2050000000e+00 4.0173233953e-06 -9.5555569833e-05
1.2055000000e+00 3.9676051136e-06 -9.4213829691e-05
1.2060000000e+00 3.9177828588e-06 -9.2868526625e-05
1.2065000000e+00 3.8678586305e-06 -9.1519671615e-05
1.2070000000e+00 3.8178354148e-06 -9.0167275447e-05
1.2075000000e+00 3.7677168751e-06 -8.8811348716e-05
1.2080000000e+00 3.7175070214e-06 -8.7451901826e-05
1.2085000000e+00 3.6672098049e-06 -8.6088945005e-05
1.2090000000e+00 3.6168287000e-06 -8.4722488319e-05
1.2095000000e+00 3.5663663756e-06 -8.3352541688e-05
1.2100000000e+00 3.5158244527e-06 -8.1979114914e-05
1.2105000000e+00 3.4652033262e-06 -8.0602217695e-05
1.2110000000e+00 3.4145020999e-06 -7.9221859645e-05
1.2115000000e+00 3.3637186816e-06 -7.7838050308e-05
1.2120000000e+00 3.3128500046e-06 -7.6450799160e-05
1.2125000000e+00 3.2618922872e-06 -7.5060115615e-05
1.2130000000e+00 3.2108413726e-06 -7.3666009016e-05
1.2135000000e+00 3.1596931572e-06 -7.2268488622e-05
1.2140000000e+00 3.1084439741e-06 -7.0867563591e-05
1.2145000000e+00 3.0570908993e-06 -6.9463242960e-05
1.2150000000e+00 3.0056320453e-06 -6.8055535618e-05
1.2155000000e+00 2.9540667472e-06 -6.6644450291e-05
1.2160000000e+00 2.9023955810e-06 -6.5229995517e-05
1.2165000000e+00 2.8506202978e-06 -6.3812179634e-05
1.2170000000e+00 2.7987436683e-06 -6.2391010769e-05
1.2175000000e+00 2.7467691942e-06 -6.0966496839e-05
1.2180000000e+00 2.6947007345e-06 -5.9538645553e-05
1.2185000000e+00 2.6425421386e-06 -5.8107464424e-05
1.2190000000e+00 2.5902968910e-06 -5.6672960785e-05
1.2195000000e+00 2.5379677462e-06 -5.5235141806e-05
1.2200000000e+00 2.4855564330e-06 -5.3794014521e-05
1.2205000000e+00 2.4330635138e-06 -5.2349585844e-05
1.2210000000e+00 2.3804883396e-06 -5.0901862589e-05
1.2215000000e+00 2.3278290677e-06 -4.9450851486e-05
1.2220000000e+00 2.2750828361e-06 -4.7996559189e-05
1.2225000000e+00 2.2222460707e-06 -4.6538992276e-05
1.2230000000e+00 2.1693148005e-06 -4.5078157248e-05
1.2235000000e+00 2.1162850101e-06 -4.3614060516e-05
1.2240000000e+00 2.0631530505e-06 -4.2146708387e-05
1.2245000000e+00 2.0099159829e-06 -4.0676107045e-05
1.2250000000e+00 1.9565718172e-06 -3.9202262527e-05
1.2255000000e+00 1.9031197081e-06 -3.7725180706e-05
1.2260000000e+00 1.8495600501e-06 -3.6244867271e-05
1.2265000000e+00 1.7958943987e-06 -3.4761327709e-05
1.2270000000e+00 1.7421253002e-06 -3.3274567305e-05
1.2275000000e+00 1.6882560568e-06 -3.1784591131e-05
1.2280000000e+00 1.6342904062e-06 -3.0291404055e-05
1.2285000000e+00 1.5802321315e-06 -2.8795010751e-05
1.2290000000e+00 1.5260846795e-06 -2.7295415713e-05
1.2295000000e+00 1.4718508469e-06 -2.5792623278e-05
1.2300000000e+00 1.4175325115e-06 -2.4286637645e-05
1.2305000000e+00 1.3631304143e-06 -2.2777462901e-05
1.2310000000e+00 1.3086440897e-06 -2.1265103034e-05
1.2315000000e+00 1.2540719391e-06 -1.9749561954e-05
1.2320000000e+00 1.1994113532e-06 -1.8230843503e-05
1.2325000000e+00 1.1446589458e-06 -1.6708951459e-05
1.2330000000e+00 1.0898109056e-06 -1.5183889530e-05
1.2335000000e+00 1.0348633533e-06 -1.3655661351e-05
1.2340000000e+00 9.7981267781e-07 -1.2124270469e-05
1.2345000000e+00 9.2465589491e-07 -1.0589720322e-05
1.2350000000e+00 8.6939094684e-07 -9.0520142220e-06
1.2355000000e+00 8.1401686269e-07 -7.5111553373e-06
1.2360000000e+00 7.5853382823e-07 -5.9671466709e-06
1.2365000000e+00 7.0294319045e-07 -4.4199910485e-06
1.2370000000e+00 6.4724732054e-07 -2.8696911100e-06
1.2375000000e+00 5.9144934036e-07 -1.3162493072e-06
1.2380000000e+00 5.3555282316e-07 2.4033209260e-07
1.2385000000e+00 4.7956146727e-07 1.8000509960e-06
1.2390000000e+00 4.2347871885e-07 3.3629054674e-06
1.2395000000e+00 3.6730741361e-07 4.9288937091e-06
1.2400000000e+00 3.1104951854e-07 6.4980140395e-06
1.2405000000e+00 2.5470595094e-07 8.0702648706e-06
1.2410000000e+00 1.9827646395e-07 9.6456446870e-06
1.2415000000e+00 1.4175966319e-07 1.1224152029e-05
1.2420000000e+00 8.5153167719e-08 1.2805785481e-05
1.2425000000e+00 2.8453822079e-08 1.4390543664e-05
1.2430000000e+00 -2.8342028954e-08 1.5978425237e-05
1.2435000000e+00 -8.5238161615e-08 1.7569428904e-05
1.2440000000e+00 -1.4223810806e-07 1.9163553424e-05
1.2445000000e+00 -1.9934485576e-07 2.0760797630e-05
1.2450000000e+00 -2.5656056168e-07 2.2361160442e-05
1.2455000000e+00 -3.1388632623e-07 2.3964640891e-05
1.2460000000e+00 -3.7132210900e-07 2.5571238133e-05
1.2465000000e+00 -4.2886675840e-07 2.7180951462e-05
1.2470000000e+00 -4.8651812434e-07 2.8793780320e-05
1.2475000000e+00 -5.4427325464e-07 3.0409724299e-05
1.2480000000e+00 -6.0212869768e-07 3.2028783136e-05
1.2485000000e+00 -6.6008086214e-07 3.3650956704e-05
1.2490000000e+00 -7.1812634813e-07 3.5276244995e-05
1.2495000000e+00 -7.7626226554e-07 3.6904648100e-05
1.2500000000e+00 -8.3448654730e-07 3.8536166190e-05
1.2505000000e+00 -8.9279814610e-07 4.0170799488e-05
1.2510000000e+00 -9.5119710576e-07 4.1808548249e-05
1.2515000000e+00 -1.0096845854e-06 4.3449412745e-05
1.2520000000e+00 -1.0682627654e-06 4.5093393247e-05
1.2525000000e+00 -1.1269346037e-06 4.6740490017e-05
1.2530000000e+00 -1.1857035537e-06 4.8390703311e-05
1.2535000000e+00 -1.2445732725e-06 5.0044033378e-05
1.2540000000e+00 -1.3035472536e-06 5.1700480474e-05
1.2545000000e+00 -1.3626284735e-06 5.3360044875e-05
1.2550000000e+00 -1.4218191305e-06 5.5022726891e-05
1.2555000000e+00 -1.4811204570e-06 5.6688526887e-05
1.2560000000e+00 -1.5405325862e-06 5.8357445298e-05
1.2565000000e+00 -1.6000545381e-06 6.0029482640e-05
1.2570000000e+00 -1.6596843426e-06 6.1704639521e-05
1.2575000000e+00 -1.7194192387e-06 6.3382916641e-05
1.2580000000e+00 -1.7792559282e-06 6.5064314790e-05
1.2585000000e+00 -1.8391909004e-06 6.6748834837e-05
1.2590000000e+00 -1.8992207976e-06 6.8436477714e-05
1.2595000000e+00 -1.9593427251e-06 7.0127244400e-05
1.2600000000e+00 -2.0195545195e-06 7.1821135892e-05
1.2605000000e+00 -2.0798549813e-06 7.3518153188e-05
1.2610000000e+00 -2.1402439971e-06 7.5218297260e-05
1.2615000000e+00 -2.2007225205e-06 7.6921569038e-05
1.2620000000e+00 -2.2612924896e-06 7.8627969392e-05
1.2625000000e+00 -2.3219566691e-06 8.0337499123e-05
1.2630000000e+00 -2.3827183641e-06 8.2050158964e-05
1.2635000000e+00 -2.4435810871e-06 8.3765949577e-05
1.2640000000e+00 -2.5045482443e-06 8.5484871563e-05
1.2645000000e+00 -2.5656228223e-06 8.7206925476e-05
1.2650000000e+00 -2.6268070825e-06 8.8932111837e-05
1.2655000000e+00 -2.6881023454e-06 9.0660431150e-05
1.2660000000e+00 -2.7495088894e-06 9.2391883919e-05
1.2665000000e+00 -2.8110259315e-06 9.4126470658e-05
1.2670000000e+00 -2.8726516851e-06 9.5864191902e-05
1.2675000000e+00 -2.9343835498e-06 9.7605048206e-05
1.2680000000e+00 -2.9962183864e-06 9.9349040147e-05
1.2685000000e+00 -3.0581528006e-06 1.0109616831e-04
1.2690000000e+00 -3.1201834652e-06 1.0284643327e-04
1.2695000000e+00 -3.1823074736e-06 1.0459983559e-04
1.2700000000e+00 -3.2445226146e-06 1.0635637577e-04
1.2705000000e+00 -3.3068275554e-06 1.0811605426e-04
1.2710000000e+00 -3.3692219922e-06 1.0987887139e-04
1.2715000000e+00 -3.4317066990e-06 1.1164482740e-04
1.2720000000e+00 -3.4942834242e-06 1.1341392240e-04
1.2725000000e+00 -3.5569547119e-06 1.1518615634e-04
1.2730000000e+00 -3.6197236888e-06 1.1696152905e-04
1.2735000000e+00 -3.6825937585e-06 1.1874004020e-04
1.2740000000e+00 -3.7455682530e-06 1.2052168934e-04
1.2745000000e+00 -3.8086501254e-06 1.2230647589e-04
1.2750000000e+00 -3.8718416835e-06 1.2409439916e-04
1.2755000000e+00 -3.9351443581e-06 1.2588545835e-04
1.2760000000e+00 -3.9985585649e-06 1.2767965261e-04
1.2765000000e+00 -4.0620836794e-06 1.2947698101e-04
1.2770000000e+00 -4.1257181092e-06 1.3127744255e-04
1.2775000000e+00 -4.1894594377e-06 1.3308103621e-04
1.2780000000e+00 -4.2533046565e-06 1.3488776087e-04
1.2785000000e+00 -4.3172504842e-06 1.3669761538e-04
1.2790000000e+00 -4.3812936760e-06 1.3851059849e-04
1.2795000000e+00 -4.4454313123e-06 1.4032670888e-04
1.2800000000e+00 -4.5096611042e-06 1.4214594508e-04
1.2805000000e+00 -4.5739816321e-06 1.4396830551e-04
1.2810000000e+00 -4.6383924450e-06 1.4579378840e-04
1.2815000000e+00 -4.7028941069e-06 1.4762239182e-04
1.2820000000e+00 -4.7674881672e-06 1.4945411363e-04
1.2825000000e+00 -4.8321769999e-06 1.5128895149e-04
1.2830000000e+00 -4.8969635562e-06 1.5312690282e-04
1.2835000000e+00 -4.9618510925e-06 1.5496796487e-04
1.2840000000e+00 -5.0268428711e-06 1.5681213464e-04
1.2845000000e+00 -5.0919418314e-06 1.5865940896e-04
1.2850000000e+00 -5.1571503027e-06 1.6050978447e-04
1.2855000000e+00 -5.2224698014e-06 1.6236325765e-04
1.2860000000e+00 -5.2879008911e-06 1.6421982481e-04
1.2865000000e+00 -5.3534431072e-06 1.6607948214e-04
1.2870000000e+00 -5.4190950203e-06 1.6794222571e-04
1.2875000000e+00 -5.4848543972e-06 1.6980805144e-04
1.2880000000e+00 -5.5507183971e-06 1.7167695515e-04
1.2885000000e+00 -5.6166838362e-06 1.7354893252e-04
1.2890000000e+00 -5.6827475267e-06 1.7542397909e-04
1.2895000000e+00 -5.7489065835e-06 1.7730209024e-04
1.2900000000e+00 -5.8151586748e-06 1.7918326118e-04
1.2905000000e+00 -5.8815022571e-06 1.8106748692e-04
1.2910000000e+00 -5.9479367429e-06 1.8295476223e-04
1.2915000000e+00 -6.0144625392e-06 1.8484508168e-04
1.2920000000e+00 -6.0810809939e-06 1.8673843953e-04
1.2925000000e+00 -6.1477942834e-06 1.8863482984e-04
1.2930000000e+00 -6.2146052028e-06 1.9053424634e-04
1.2935000000e+00 -6.2815168818e-06 1.9243668254e-04
1.2940000000e+00 -6.3485324843e-06 1.9434213164e-04
1.2945000000e+00 -6.4156549192e-06 1.9625058664e-04
1.2950000000e+00 -6.4828865552e-06 1.9816204027e-04
1.2955000000e+00 -6.5502289818e-06 2.0007648504e-04
1.2960000000e+00 -6.6176828703e-06 2.0199391326e-04
1.2965000000e+00 -6.6852479279e-06 2.0391431706e-04
1.2970000000e+00 -6.7529229075e-06 2.0583768839e-04
1.2975000000e+00 -6.8207057233e-06 2.0776401902e-04
1.2980000000e+00 -6.8885936843e-06 2.0969330055e-04
1.2985000000e+00 -6.9565837510e-06 2.1162552440e-04
1.2990000000e+00 -7.0246728013e-06 2.1356068184e-04
1.2995000000e+00 -7.0928579487e-06 2.1549876391e-04
1.3000000000e+00 -7.1611368404e-06 2.1743976143e-04
1.3005000000e+00 -7.2295078570e-06 2.1938366501e-04
1.3010000000e+00 -7.2979702614e-06 2.2133046499e-04
1.3015000000e+00 -7.3665242904e-06 2.2328015145e-04
1.3020000000e+00 -7.4351711243e-06 2.2523271417e-04
1.3025000000e+00 -7.5039127523e-06 2.2718814263e-04
1.3030000000e+00 -7.5727517918e-06 2.2914642604e-04
1.3035000000e+00 -7.6416912450e-06 2.3110755328e-04
1.3040000000e+00 -7.7107341938e-06 2.3307151295e-04
1.3045000000e+00 -7.7798834962e-06 2.3503829337e-04
1.3050000000e+00 -7.8491415305e-06 2.3700788260e-04
1.3055000000e+00 -7.9185099698e-06 2.3898026844e-04
1.3060000000e+00 -7.9879896008e-06 2.4095543847e-04
1.3065000000e+00 -8.0575802569e-06 2.4293338005e-04
1.3070000000e+00 -8.1272808575e-06 2.4491408034e-04
1.3075000000e+00 -8.1970895038e-06 2.4689752631e-04
1.3080000000e+00 -8.2670036431e-06 2.4888370474e-04
1.3085000000e+00 -8.3370203391e-06 2.5087260221e-04
1.3090000000e+00 -8.4071365633e-06 2.5286420513e-04
1.3095000000e+00 -8.4773494644e-06 2.5485849968e-04
1.3100000000e+00 -8.5476566429e-06 2.5685547180e-04
1.3105000000e+00 -8.6180564011e-06 2.5885510723e-04
1.3110000000e+00 -8.6885478917e-06 2.6085739142e-04
1.3115000000e+00 -8.7591311854e-06 2.6286230954e-04
1.3120000000e+00 -8.8298072753e-06 2.6486984651e-04
1.3125000000e+00 -8.9005779811e-06 2.6687998690e-04
1.3130000000e+00 -8.9714457590e-06 2.6889271503e-04
1.3135000000e+00 -9.0424134575e-06 2.7090801488e-04
1.3140000000e+00 -9.1134840595e-06 2.7292587016e-04
1.3145000000e+00 -9.1846603928e-06 2.7494626430e-04
1.3150000000e+00 -9.2559448362e-06 2.7696918047e-04
1.3155000000e+00 -9.3273390982e-06 2.7899460158e-04
1.3160000000e+00 -9.3988440786e-06 2.8102251032e-04
1.3165000000e+00 -9.4704597608e-06 2.8305288918e-04
1.3170000000e+00 -9.5421852006e-06 2.8508572044e-04
1.3175000000e+00 -9.6140186487e-06 2.8712098620e-04
1.3180000000e+00 -9.6859577180e-06 2.8915866840e-04
1.3185000000e+00 -9.7579995895e-06 2.9119874878e-04
1.3190000000e+00 -9.8301412976e-06 2.9324120890e-04
1.3195000000e+00 -9.9023800287e-06 2.9528603015e-04
1.3200000000e+00 -9.9747133716e-06 2.9733319368e-04
1.3205000000e+00 -1.0047139544e-05 2.9938268045e-04
1.3210000000e+00 -1.0119657577e-05 3.0143447118e-04
1.3215000000e+00 -1.0192267402e-05 3.0348854632e-04
1.3220000000e+00 -1.0264969836e-05 3.0554488607e-04
1.3225000000e+00 -1.0337766508e-05 3.0760347037e-04
1.3230000000e+00 -1.0410659710e-05 3.0966427887e-04
1.3235000000e+00 -1.0483652160e-05 3.1172729096e-04
1.3240000000e+00 -1.0556746728e-05 3.1379248574e-04
1.3245000000e+00 -1.0629946171e-05 3.1585984210e-04
1.3250000000e+00 -1.0703252872e-05 3.1792933867e-04
1.3255000000e+00 -1.0776668593e-05 3.2000095386e-04
1.3260000000e+00 -1.0850194305e-05 3.2207466590e-04
1.3265000000e+00 -1.0923830105e-05 3.2415045282e-04
1.3270000000e+00 -1.0997575216e-05 3.2622829251e-04
1.3275000000e+00 -1.1071428030e-05 3.2830816269e-04
1.3280000000e+00 -1.1145386285e-05 3.3039004096e-04
1.3285000000e+00 -1.1219447292e-05 3.3247390475e-04
1.3290000000e+00 -1.1293608168e-05 3.3455973138e-04
1.3295000000e+00 -1.1367866119e-05 3.3664749799e-04
1.3300000000e+00 -1.1442218717e-05 3.3873718158e-04
1.3305000000e+00 -1.1516664126e-05 3.4082875897e-04
1.3310000000e+00 -1.1591201257e-05 3.4292220678e-04
1.3315000000e+00 -1.1665829883e-05 3.4501750145e-04
1.3320000000e+00 -1.1740550661e-05 3.4711461917e-04
1.3325000000e+00 -1.1815365052e-05 3.4921353594e-04
1.3330000000e+00 -1.1890275163e-05 3.5131422754e-04
1.3335000000e+00 -1.1965283558e-05 3.5341666949e-04
1.3340000000e+00 -1.2040393010e-05 3.5552083714e-04
1.3345000000e+00 -1.2115606210e-05 3.5762670560e-04
1.3350000000e+00 -1.2190925504e-05 3.5973424984e-04
1.3355000000e+00 -1.2266352688e-05 3.6184344461e-04
1.3360000000e+00 -1.2341888819e-05 3.6395426455e-04
1.3365000000e+00 -1.2417534096e-05 3.6606668417e-04
1.3370000000e+00 -1.2493287862e-05 3.6818067786e-04
1.3375000000e+00 -1.2569148664e-05 3.7029621991e-04
1.3380000000e+00 -1.2645114375e-05 3.7241328453e-04
1.3385000000e+00 -1.2721182401e-05 3.7453184585e-04
1.3390000000e+00 -1.2797349947e-05 3.7665187790e-04
1.3395000000e+00 -1.2873614259e-05 3.7877335463e-04
1.3400000000e+00 -1.2949972889e-05 3.8089624990e-04
1.3405000000e+00 -1.3026423928e-05 3.8302053743e-04
1.3410000000e+00 -1.3102966194e-05 3.8514619085e-04
1.3415000000e+00 -1.3179599320e-05 3.8727318362e-04
1.3420000000e+00 -1.3256323784e-05 3.8940148907e-04
1.3425000000e+00 -1.3333140864e-05 3.9153108038e-04
1.3430000000e+00 -1.3410052514e-05 3.9366193054e-04
1.3435000000e+00 -1.3487061143e-05 3.9579401243e-04
1.3440000000e+00 -1.3564169389e-05 3.9792729874e-04
1.3445000000e+00 -1.3641379870e-05 4.0006176205e-04
1.3450000000e+00 -1.3718694917e-05 4.0219737482e-04
1.3455000000e+00 -1.3796116326e-05 4.0433410938e-04
1.3460000000e+00 -1.3873645211e-05 4.0647193802e-04
1.3465000000e+00 -1.3951281882e-05 4.0861083294e-04
1.3470000000e+00 -1.4029025798e-05 4.1075076629e-04
1.3475000000e+00 -1.4106875624e-05 4.1289171022e-04
1.3480000000e+00 -1.4184829370e-05 4.1503363684e-04
1.3485000000e+00 -1.4262884559e-05 4.1717651825e-04
1.3490000000e+00 -1.4341038455e-05 4.1932032653e-04
1.3495000000e+00 -1.4419288341e-05 4.2146503376e-04
1.3500000000e+00 -1.4497631770e-05 4.2361061196e-04
1.3505000000e+00 -1.4576066776e-05 4.2575703316e-04
1.3510000000e+00 -1.4654592059e-05 4.2790426929e-04
1.3515000000e+00 -1.4733207119e-05 4.3005229227e-04
1.3520000000e+00 -1.4811912284e-05 4.3220107390e-04
1.3525000000e+00 -1.4890708649e-05 4.3435058594e-04
1.3530000000e+00 -1.4969597984e-05 4.3650080004e-04
1.3535000000e+00 -1.5048582555e-05 4.3865168780e-04
1.3540000000e+00 -1.5127664880e-05 4.4080322072e-04
1.3545000000e+00 -1.5206847478e-05 4.4295537026e-04
1.3550000000e+00 -1.5286132637e-05 4.4510810782e-04
1.3555000000e+00 -1.5365522173e-05 4.4726140478e-04
1.3560000000e+00 -1.5445017240e-05 4.4941523251e-04
1.3565000000e+00 -1.5524618223e-05 4.5156956241e-04
1.3570000000e+00 -1.5604324703e-05 4.5372436588e-04
1.3575000000e+00 -1.5684135472e-05 4.5587961438e-04
1.3580000000e+00 -1.5764048645e-05 4.5803527943e-04
1.3585000000e+00 -1.5844061851e-05 4.6019133260e-04
1.3590000000e+00 -1.5924172444e-05 4.6234774555e-04
1.3595000000e+00 -1.6004377740e-05 4.6450448997e-04
1.3600000000e+00 -1.6084675271e-05 4.6666153761e-04
1.3605000000e+00 -1.6165063029e-05 4.6881886028e-04
1.3610000000e+00 -1.6245539627e-05 4.7097642980e-04
1.3615000000e+00 -1.6326104424e-05 4.7313421804e-04
1.3620000000e+00 -1.6406757579e-05 4.7529219683e-04
1.3625000000e+00 -1.6487500033e-05 4.7745033807e-04
1.3630000000e+00 -1.6568333383e-05 4.7960861359e-04
1.3635000000e+00 -1.6649259726e-05 4.8176699528e-04
1.3640000000e+00 -1.6730281456e-05 4.8392545499e-04
1.3645000000e+00 -1.6811401010e-05 4.8608396463e-04
1.3650000000e+00 -1.6892620613e-05 4.8824249612e-04
1.3655000000e+00 -1.6973942072e-05 4.9040102142e-04
1.3660000000e+00 -1.7055366595e-05 4.9255951257e-04
1.3665000000e+00 -1.7136894638e-05 4.9471794171e-04
1.3670000000e+00 -1.7218525870e-05 4.9687628106e-04
1.3675000000e+00 -1.7300259206e-05 4.9903450298e-04
1.3680000000e+00 -1.7382092885e-05 5.0119257996e-04
1.3685000000e+00 -1.7464024630e-05 5.0335048460e-04
1.3690000000e+00 -1.7546051865e-05 5.0550818968e-04
1.3695000000e+00 -1.7628171954e-05 5.0766566810e-04
1.3700000000e+00 -1.7710382436e-05 5.0982289287e-04
1.3705000000e+00 -1.7792681242e-05 5.1197983716e-04
1.3710000000e+00 -1.7875066900e-05 5.1413647421e-04
1.3715000000e+00 -1.7957538653e-05 5.1629277739e-04
1.3720000000e+00 -1.8040096506e-05 5.1844872013e-04
1.3725000000e+00 -1.8122741222e-05 5.2060427597e-04
1.3730000000e+00 -1.8205474240e-05 5.2275941849e-04
1.3735000000e+00 -1.8288297507e-05 5.2491412138e-04
1.3740000000e+00 -1.8371213272e-05 5.2706835838e-04
1.3745000000e+00 -1.8454223876e-05 5.2922210334e-04
1.3750000000e+00 -1.8537331502e-05 5.3137533019e-04
1.3755000000e+00 -1.8620537940e-05 5.3352801302e-04
1.3760000000e+00 -1.8703844411e-05 5.3568012600e-04
1.3765000000e+00 -1.8787251454e-05 5.3783164350e-04
1.3770000000e+00 -1.8870758836e-05 5.3998254004e-04
1.3775000000e+00 -1.8954365569e-05 5.4213279032e-04
1.3780000000e+00 -1.9038070004e-05 5.4428236924e-04
1.3785000000e+00 -1.9121869975e-05 5.4643125191e-04
1.3790000000e+00 -1.9205762983e-05 5.4857941363e-04
1.3795000000e+00 -1.9289746429e-05 5.5072682991e-04
1.3800000000e+00 -1.9373817859e-05 5.5287347645e-04
1.3805000000e+00 -1.9457975177e-05 5.5501932913e-04
1.3810000000e+00 -1.9542216823e-05 5.5716436401e-04
1.3815000000e+00 -1.9626541917e-05 5.5930855730e-04
1.3820000000e+00 -1.9710950336e-05 5.6145188537e-04
1.3825000000e+00 -1.9795442681e-05 5.6359432473e-04
1.3830000000e+00 -1.9880020217e-05 5.6573585200e-04
1.3835000000e+00 -1.9964684742e-05 5.6787644397e-04
1.3840000000e+00 -2.0049438388e-05 5.7001607754e-04
1.3845000000e+00 -2.0134283383e-05 5.7215472975e-04
1.3850000000e+00 -2.0219221845e-05 5.7429237781e-04
1.3855000000e+00 -2.0304255559e-05 5.7642899908e-04
1.3860000000e+00 -2.0389385774e-05 5.7856457112e-04
1.3865000000e+00 -2.0474613073e-05 5.8069907168e-04
1.3870000000e+00 -2.0559937316e-05 5.8283247872e-04
1.3875000000e+00 -2.0645357632e-05 5.8496477044e-04
1.3880000000e+00 -2.0730872476e-05 5.8709592525e-04
1.3885000000e+00 -2.0816479776e-05 5.8922592184e-04
1.3890000000e+00 -2.0902177121e-05 5.9135473912e-04
1.3895000000e+00 -2.0987961969e-05 5.9348235623e-04
1.3900000000e+00 -2.1073831869e-05 5.9560875258e-04
1.3905000000e+00 -2.1159784696e-05 5.9773390776e-04
1.3910000000e+00 -2.1245818830e-05 5.9985780159e-04
1.3915000000e+00 -2.1331933285e-05 6.0198041410e-04
1.3920000000e+00 -2.1418127792e-05 6.0410172546e-04
1.3925000000e+00 -2.1504402810e-05 6.0622171607e-04
1.3930000000e+00 -2.1590759458e-05 6.0834036645e-04
1.3935000000e+00 -2.1677199371e-05 6.1045765730e-04
1.3940000000e+00 -2.1763724548e-05 6.1257356949e-04
1.3945000000e+00 -2.1850337136e-05 6.1468808403e-04
1.3950000000e+00 -2.1937039187e-05 6.1680118214e-04
1.3955000000e+00 -2.2023832451e-05 6.1891284520e-04
1.3960000000e+00 -2.2110718204e-05 6.2102305480e-04
1.3965000000e+00 -2.2197697095e-05 6.2313179276e-04
1.3970000000e+00 -2.2284769059e-05 6.2523904110e-04
1.3975000000e+00 -2.2371933322e-05 6.2734478210e-04
1.3980000000e+00 -2.2459188459e-05 6.2944899828e-04
1.3985000000e+00 -2.2546532502e-05 6.3155167241e-04
1.3990000000e+00 -2.2633963117e-05 6.3365278752e-04
1.3995000000e+00 -2.2721477819e-05 6.3575232688e-04
1.4000000000e+00 -2.2809074189e-05 6.3785027401e-04
1.4005000000e+00 -2.2896750075e-05 6.3994661263e-04
1.4010000000e+00 -2.2984503794e-05 6.4204132672e-04
1.4015000000e+00 -2.3072334276e-05 6.4413440043e-04
1.4020000000e+00 -2.3160241131e-05 6.4622581809e-04
1.4025000000e+00 -2.3248224666e-05 6.4831556422e-04
1.4030000000e+00 -2.3336285852e-05 6.5040362350e-04
1.4035000000e+00 -2.3424426195e-05 6.5248998078e-04
1.4040000000e+00 -2.3512647563e-05 6.5457462104e-04
1.4045000000e+00 -2.3600951994e-05 6.5665752945e-04
1.4050000000e+00 -2.3689341486e-05 6.5873869131e-04
1.4055000000e+00 -2.3777817773e-05 6.6081809213e-04
1.4060000000e+00 -2.3866382137e-05 6.6289571759e-04
1.4065000000e+00 -2.3955035276e-05 6.6497155357e-04
1.4070000000e+00 -2.4043777215e-05 6.6704558614e-04
1.4075000000e+00 -2.4132607281e-05 6.6911780163e-04
1.4080000000e+00 -2.4221524148e-05 6.7118818656e-04
1.4085000000e+00 -2.4310525958e-05 6.7325672769e-04
1.4090000000e+00 -2.4399610474e-05 6.7532341202e-04
1.4095000000e+00 -2.4488775263e-05 6.7738822675e-04
1.4100000000e+00 -2.4578017931e-05 6.7945115932e-04
1.4105000000e+00 -2.4667336331e-05 6.8151219735e-04
1.4110000000e+00 -2.4756728731e-05 6.8357132867e-04
1.4115000000e+00 -2.4846193964e-05 6.8562854126e-04
1.4120000000e+00 -2.4935731535e-05 6.8768382327e-04
1.4125000000e+00 -2.5025341631e-05 6.8973716299e-04
1.4130000000e+00 -2.5115025072e-05 6.9178854884e-04
1.4135000000e+00 -2.5204783220e-05 6.9383796937e-04
1.4140000000e+00 -2.5294617834e-05 6.9588541325e-04
1.4145000000e+00 -2.5384530856e-05 6.9793086927e-04
1.4150000000e+00 -2.5474524212e-05 6.9997432634e-04
1.4155000000e+00 -2.5564599611e-05 7.0201577352e-04
1.4160000000e+00 -2.5654758356e-05 7.0405519999e-04
1.4165000000e+00 -2.5745001186e-05 7.0609259510e-04
1.4170000000e+00 -2.5835328202e-05 7.0812794836e-04
1.4175000000e+00 -2.5925738833e-05 7.1016124943e-04
1.4180000000e+00 -2.6016231864e-05 7.1219248818e-04
1.4185000000e+00 -2.6106805534e-05 7.1422165464e-04
1.4190000000e+00 -2.6197457694e-05 7.1624873903e-04
1.4195000000e+00 -2.6288185995e-05 7.1827373172e-04
1.4200000000e+00 -2.6378988072e-05 7.2029662326e-04
1.4205000000e+00 -2.6469861766e-05 7.2231740436e-04
1.4210000000e+00 -2.6560805317e-05 7.2433606585e-04
1.4215000000e+00 -2.6651817493e-05 7.2635259868e-04
1.4220000000e+00 -2.6742897684e-05 7.2836699393e-04
1.4225000000e+00 -2.6834045952e-05 7.3037924273e-04
1.4230000000e+00 -2.6925262994e-05 7.3238933632e-04
1.4235000000e+00 -2.7016550042e-05 7.3439726600e-04
1.4240000000e+00 -2.7107908723e-05 7.3640302313e-04
1.4245000000e+00 -2.7199340891e-05 7.3840659915e-04
1.4250000000e+00 -2.7290848413e-05 7.4040798554e-04
1.4255000000e+00 -2.7382432961e-05 7.4240717387e-04
1.4260000000e+00 -2.7474095844e-05 7.4440415579e-04
1.4265000000e+00 -2.7565837853e-05 7.4639892303e-04
1.4270000000e+00 -2.7657659161e-05 7.4839146742e-04
1.4275000000e+00 -2.7749559280e-05 7.5038178091e-04
1.4280000000e+00 -2.7841537106e-05 7.5236985555e-04
1.4285000000e+00 -2.7933590990e-05 7.5435568351e-04
1.4290000000e+00 -2.8025718869e-05 7.5633925706e-04
1.4295000000e+00 -2.8117918456e-05 7.5832056860e-04
1.4300000000e+00 -2.8210187440e-05 7.6029961060e-04
1.4305000000e+00 -2.8302523671e-05 7.6227637564e-04
1.4310000000e+00 -2.8394925344e-05 7.6425085638e-04
1.4315000000e+00 -2.8487391167e-05 7.6622304551e-04
1.4320000000e+00 -2.8579920446e-05 7.6819293577e-04
1.4325000000e+00 -2.8672513120e-05 7.7016051995e-04
1.4330000000e+00 -2.8765169753e-05 7.7212579082e-04
1.4335000000e+00 -2.8857891456e-05 7.7408874118e-04
1.4340000000e+00 -2.8950679743e-05 7.7604936382e-04
1.4345000000e+00 -2.9043536364e-05 7.7800765153e-04
1.4350000000e+00 -2.9136463119e-05 7.7996359710e-04
1.4355000000e+00 -2.9229461654e-05 7.8191719332e-04
1.4360000000e+00 -2.9322533277e-05 7.8386843301e-04
1.4365000000e+00 -2.9415678810e-05 7.8581730899e-04
1.4370000000e+00 -2.9508898497e-05 7.8776381411e-04
1.4375000000e+00 -2.9602191946e-05 7.8970794129e-04
1.4380000000e+00 -2.9695558144e-05 7.9164968345e-04
1.4385000000e+00 -2.9788995539e-05 7.9358903359e-04
1.4390000000e+00 -2.9882502173e-05 7.9552598475e-04
1.4395000000e+00 -2.9976075828e-05 7.9746052999e-04
1.4400000000e+00 -3.0069714226e-05 7.9939266244e-04
1.4405000000e+00 -3.0163415234e-05 8.0132237522e-04
1.4410000000e+00 -3.0257177033e-05 8.0324966148e-04
1.4415000000e+00 -3.0350998261e-05 8.0517451436e-04
1.4420000000e+00 -3.0444878132e-05 8.0709692698e-04
1.4425000000e+00 -3.0538816486e-05 8.0901689242e-04
1.4430000000e+00 -3.0632813762e-05 8.1093440372e-04
1.4435000000e+00 -3.0726870938e-05 8.1284945388e-04
1.4440000000e+00 -3.0820989416e-05 8.1476203580e-04
1.4445000000e+00 -3.0915170854e-05 8.1667214237e-04
1.4450000000e+00 -3.1009416975e-05 8.1857976637e-04
1.4455000000e+00 -3.1103729382e-05 8.2048490056e-04
1.4460000000e+00 -3.1198109387e-05 8.2238753764e-04
1.4465000000e+00 -3.1292557844e-05 8.2428767026e-04
1.4470000000e+00 -3.1387075046e-05 8.2618529106e-04
1.4475000000e+00 -3.1481660683e-05 8.2808039264e-04
1.4480000000e+00 -3.1576313845e-05 8.2997296761e-04
1.4485000000e+00 -3.1671033075e-05 8.3186300854e-04
1.4490000000e+00 -3.1765816494e-05 8.3375050800e-04
1.4495000000e+00 -3.1860661963e-05 8.3563545857e-04
1.4500000000e+00 -3.1955567256e-05 8.3751785278e-04
1.4505000000e+00 -3.2050530242e-05 8.3939768313e-04
1.4510000000e+00 -3.2145549083e-05 8.4127494211e-04
1.4515000000e+00 -3.2240622371e-05 8.4314962213e-04
1.4520000000e+00 -3.2335749233e-05 8.4502171554e-04
1.4525000000e+00 -3.2430929396e-05 8.4689121460e-04
1.4530000000e+00 -3.2526163186e-05 8.4875811149e-04
1.4535000000e+00 -3.2621451461e-05 8.5062239829e-04
1.4540000000e+00 -3.2716795499e-05 8.5248406698e-04
1.4545000000e+00 -3.2812196855e-05 8.5434310940e-04
1.4550000000e+00 -3.2907657184e-05 8.5619951733e-04
1.4555000000e+00 -3.3003178047e-05 8.5805328243e-04
1.4560000000e+00 -3.3098760732e-05 8.5990439627e-04
1.4565000000e+00 -3.3194406119e-05 8.6175285033e-04
1.4570000000e+00 -3.3290114559e-05 8.6359863603e-04
1.4575000000e+00 -3.3385885810e-05 8.6544174473e-04
1.4580000000e+00 -3.3481719043e-05 8.6728216773e-04
1.4585000000e+00 -3.3577612900e-05 8.6911989628e-04
1.4590000000e+00 -3.3673565590e-05 8.7095492158e-04
1.4595000000e+00 -3.3769575034e-05 8.7278723479e-04
1.4600000000e+00 -3.3865639054e-05 8.7461682701e-04
1.4605000000e+00 -3.3961755543e-05 8.7644368928e-04
1.4610000000e+00 -3.4057922637e-05 8.7826781258e-04
1.4615000000e+00 -3.4154138874e-05 8.8008918779e-04
1.4620000000e+00 -3.4250403312e-05 8.8190780571e-04
1.4625000000e+00 -3.4346715573e-05 8.8372365702e-04
1.4630000000e+00 -3.4443075859e-05 8.8553673230e-04
1.4635000000e+00 -3.4539484905e-05 8.8734702201e-04
1.4640000000e+00 -3.4635943880e-05 8.8915451646e-04
1.4645000000e+00 -3.4732454234e-05 8.9095920585e-04
1.4650000000e+00 -3.4829017533e-05 8.9276108026e-04
1.4655000000e+00 -3.4925635293e-05 8.9456012964e-04
1.4660000000e+00 -3.5022308788e-05 8.9635634384e-04
1.4665000000e+00 -3.5119038904e-05 8.9814971260e-04
1.4670000000e+00 -3.5215826030e-05 8.9994022558e-04
1.4675000000e+00 -3.5312669998e-05 9.0172787236e-04
1.4680000000e+00 -3.5409570058e-05 9.0351264244e-04
1.4685000000e+00 -3.5506524931e-05 9.0529452529e-04
1.4690000000e+00 -3.5603532910e-05 9.0707351029e-04
1.4695000000e+00 -3.5700591991e-05 9.0884958677e-04
1.4700000000e+00 -3.5797700030e-05 9.1062274401e-04
1.4705000000e+00 -3.5894854937e-05 9.1239297122e-04
1.4710000000e+00 -3.5992054841e-05 9.1416025753e-04
1.4715000000e+00 -3.6089298233e-05 9.1592459200e-04
1.4720000000e+00 -3.6186584084e-05 9.1768596358e-04
1.4725000000e+00 -3.6283911925e-05 9.1944436113e-04
1.4730000000e+00 -3.6381281847e-05 9.2119977341e-04
1.4735000000e+00 -3.6478694459e-05 9.2295218904e-04
1.4740000000e+00 -3.6576150807e-05 9.2470159653e-04
1.4745000000e+00 -3.6673652243e-05 9.2644798427e-04
1.4750000000e+00 -3.6771200253e-05 9.2819134054e-04
1.4755000000e+00 -3.6868796286e-05 9.2993165351e-04
1.4760000000e+00 -3.6966441594e-05 9.3166891125e-04
1.4765000000e+00 -3.7064137073e-05 9.3340310174e-04
1.4770000000e+00 -3.7161883145e-05 9.3513421288e-04
1.4775000000e+00 -3.7259679692e-05 9.3686223253e-04
1.4780000000e+00 -3.7357526046e-05 9.3858714847e-04
1.4785000000e+00 -3.7455421009e-05 9.4030894844e-04
1.4790000000e+00 -3.7553362946e-05 9.4202762016e-04
1.4795000000e+00 -3.7651349917e-05 9.4374315129e-04
1.4800000000e+00 -3.7749379834e-05 9.4545552948e-04
1.4805000000e+00 -3.7847450620e-05 9.4716474232e-04
1.4810000000e+00 -3.7945560386e-05 9.4887077735e-04
1.4815000000e+00 -3.8043707587e-05 9.5057362208e-04
1.4820000000e+00 -3.8141891130e-05 9.5227326394e-04
1.4825000000e+00 -3.8240110440e-05 9.5396969030e-04
1.4830000000e+00 -3.8338365498e-05 9.5566288845e-04
1.4835000000e+00 -3.8436656802e-05 9.5735284560e-04
1.4840000000e+00 -3.8534985281e-05 9.5903954889e-04
1.4845000000e+00 -3.8633352174e-05 9.6072298536e-04
1.4850000000e+00 -3.8731758885e-05 9.6240314198e-04
1.4855000000e+00 -3.8830206810e-05 9.6408000567e-04
1.4860000000e+00 -3.8928697164e-05 9.6575356327e-04
1.4865000000e+00 -3.9027230840e-05 9.6742380159e-04
1.4870000000e+00 -3.9125808296e-05 9.6909070740e-04
1.4875000000e+00 -3.9224429467e-05 9.7075426745e-04
1.4880000000e+00 -3.9323093744e-05 9.7241446849e-04
1.4885000000e+00 -3.9421800012e-05 9.7407129728e-04
1.4890000000e+00 -3.9520546718e-05 9.7572474057e-04
1.4895000000e+00 -3.9619331982e-05 9.7737478513e-04
1.4900000000e+00 -3.9718153758e-05 9.7902141777e-04
1.4905000000e+00 -3.9817009999e-05 9.8066462529e-04
1.4910000000e+00 -3.9915898814e-05 9.8230439451e-04
1.4915000000e+00 -4.0014818611e-05 9.8394071227e-04
1.4920000000e+00 -4.0113768235e-05 9.8557356537e-04
1.4925000000e+00 -4.0212747032e-05 9.8720294065e-04
1.4930000000e+00 -4.0311754874e-05 9.8882882491e-04
1.4935000000e+00 -4.0410792140e-05 9.9045120494e-04
1.4940000000e+00 -4.0509859653e-05 9.9207006752e-04
1.4945000000e+00 -4.0608958553e-05 9.9368539941e-04
1.4950000000e+00 -4.0708090151e-05 9.9529718736e-04
1.4955000000e+00 -4.0807255784e-05 9.9690541812e-04
1.4960000000e+00 -4.0906456640e-05 9.9851007847e-04
1.4965000000e+00 -4.1005693609e-05 1.0001111552e-03
1.4970000000e+00 -4.1104967167e-05 1.0017086351e-03
1.4975000000e+00 -4.1204277305e-05 1.0033025051e-03
1.4980000000e+00 -4.1303623484e-05 1.0048927521e-03
1.4985000000e+00 -4.1403004660e-05 1.0064793631e-03
1.4990000000e+00 -4.1502419353e-05 1.0080623253e-03
1.4995000000e+00 -4.1601865761e-05 1.0096416258e-03
1.5000000000e+00 -4.1701341887e-05 1.0112172519e-03
1.5005000000e+00 -4.1800845708e-05 1.0127891910e-03
1.5010000000e+00 -4.1900375335e-05 1.0143574305e-03
1.5015000000e+00 -4.1999929157e-05 1.0159219581e-03
1.5020000000e+00 -4.2099505958e-05 1.0174827613e-03
1.5025000000e+00 -4.2199105001e-05 1.0190398279e-03
1.5030000000e+00 -4.2298726071e-05 1.0205931457e-03
1.5035000000e+00 -4.2398369443e-05 1.0221427024e-03
1.5040000000e+00 -4.2498035827e-05 1.0236884861e-03
1.5045000000e+00 -4.2597726268e-05 1.0252304847e-03
1.5050000000e+00 -4.2697442004e-05 1.0267686863e-03
1.5055000000e+00 -4.2797184307e-05 1.0283030790e-03
1.5060000000e+00 -4.2896954331e-05 1.0298336511e-03
1.5065000000e+00 -4.2996752972e-05 1.0313603910e-03
1.5070000000e+00 -4.3096580732e-05 1.0328832871e-03
1.5075000000e+00 -4.3196437642e-05 1.0344023280e-03
1.5080000000e+00 -4.3296323237e-05 1.0359175026e-03
1.5085000000e+00 -4.3396236555e-05 1.0374287997e-03
1.5090000000e+00 -4.3496176195e-05 1.0389362085e-03
1.5095000000e+00 -4.3596140420e-05 1.0404397182e-03
1.5100000000e+00 -4.3696127299e-05 1.0419393183e-03
1.5105000000e+00 -4.3796134849e-05 1.0434349984e-03
1.5110000000e+00 -4.3896161185e-05 1.0449267483e-03
1.5115000000e+00 -4.3996204682e-05 1.0464145580e-03
1.5120000000e+00 -4.4096264085e-05 1.0478984177e-03
1.5125000000e+00 -4.4196338591e-05 1.0493783177e-03
1.5130000000e+00 -4.4296427893e-05 1.0508542485e-03
1.5135000000e+00 -4.4396532178e-05 1.0523262007e-03
1.5140000000e+00 -4.4496652065e-05 1.0537941652e-03
1.5145000000e+00 -4.4596788502e-05 1.0552581329e-03
1.5150000000e+00 -4.4696942654e-05 1.0567180949e-03
1.5155000000e+00 -4.4797115747e-05 1.0581740426e-03
1.5160000000e+00 -4.4897308907e-05 1.0596259673e-03
1.5165000000e+00 -4.4997523021e-05 1.0610738608e-03
1.5170000000e+00 -4.5097758628e-05 1.0625177150e-03
1.5175000000e+00 -4.5198015816e-05 1.0639575220e-03
1.5180000000e+00 -4.5298294183e-05 1.0653932740e-03
1.5185000000e+00 -4.5398592849e-05 1.0668249637e-03
1.5190000000e+00 -4.5498910502e-05 1.0682525839e-03
1.5195000000e+00 -4.5599245490e-05 1.0696761277e-03
1.5200000000e+00 -4.5699595942e-05 1.0710955884e-03
1.5205000000e+00 -4.5799959922e-05 1.0725109596e-03
1.5210000000e+00 -4.5900335576e-05 1.0739222352e-03
1.5215000000e+00 -4.6000721271e-05 1.0753294093e-03
1.5220000000e+00 -4.6101115718e-05 1.0767324763e-03
1.5225000000e+00 -4.6201518069e-05 1.0781314307e-03
1.5230000000e+00 -4.6301927948e-05 1.0795262675e-03
1.5235000000e+00 -4.6402345454e-05 1.0809169818e-03
1.5240000000e+00 -4.6502771121e-05 1.0823035687e-03
1.5245000000e+00 -4.6603205829e-05 1.0836860240e-03
1.5250000000e+00 -4.6703650670e-05 1.0850643434e-03
1.5255000000e+00 -4.6804106820e-05 1.0864385229e-03
1.5260000000e+00 -4.6904575392e-05 1.0878085588e-03
1.5265000000e+00 -4.7005057282e-05 1.0891744477e-03
1.5270000000e+00 -4.7105553053e-05 1.0905361863e-03
1.5275000000e+00 -4.7206062850e-05 1.0918937718e-03
1.5280000000e+00 -4.7306586354e-05 1.0932472016e-03
1.5285000000e+00 -4.7407122769e-05 1.0945964734e-03
1.5290000000e+00 -4.7507670872e-05 1.0959415851e-03
1.5295000000e+00 -4.7608229101e-05 1.0972825351e-03
1.5300000000e+00 -4.7708795667e-05 1.0986193220e-03
1.5305000000e+00 -4.7809368687e-05 1.0999519449e-03
1.5310000000e+00 -4.7909946340e-05 1.1012804029e-03
1.5315000000e+00 -4.8010527009e-05 1.1026046957e-03
1.5320000000e+00 -4.8111109390e-05 1.1039248231e-03
1.5325000000e+00 -4.8211692590e-05 1.1052407854e-03
1.5330000000e+00 -4.8312276179e-05 1.1065525829e-03
1.5335000000e+00 -4.8412860193e-05 1.1078602166e-03
1.5340000000e+00 -4.8513445089e-05 1.1091636873e-03
1.5345000000e+00 -4.8614031675e-05 1.1104629963e-03
1.5350000000e+00 -4.8714620995e-05 1.1117581454e-03
1.5355000000e+00 -4.8815214187e-05 1.1130491363e-03
1.5360000000e+00 -4.8915812340e-05 1.1143359713e-03
1.5365000000e+00 -4.9016416366e-05 1.1156186527e-03
1.5370000000e+00 -4.9117026869e-05 1.1168971833e-03
1.5375000000e+00 -4.9217644051e-05 1.1181715662e-03
1.5380000000e+00 -4.9318267669e-05 1.1194418048e-03
1.5385000000e+00 -4.9418897025e-05 1.1207079028e-03
1.5390000000e+00 -4.9519530994e-05 1.1219698643e-03
1.5395000000e+00 -4.9620168106e-05 1.1232276936e-03
1.5400000000e+00 -4.9720806655e-05 1.1244813955e-03
1.5405000000e+00 -4.9821444833e-05 1.1257309751e-03
1.5410000000e+00 -4.9922080864e-05 1.1269764378e-03
1.5415000000e+00 -5.0022713144e-05 1.1282177893e-03
1.5420000000e+00 -5.0123340375e-05 1.1294550356e-03
1.5425000000e+00 -5.0223961640e-05 1.1306881831e-03
1.5430000000e+00 -5.0324576457e-05 1.1319172384e-03
1.5435000000e+00 -5.0425184807e-05 1.1331422086e-03
1.5440000000e+00 -5.0525787092e-05 1.1343631007e-03
1.5445000000e+00 -5.0626384057e-05 1.1355799224e-03
1.5450000000e+00 -5.0726976692e-05 1.1367926814e-03
1.5455000000e+00 -5.0827566108e-05 1.1380013858e-03
1.5460000000e+00 -5.0928153388e-05 1.1392060439e-03
1.5465000000e+00 -5.1028739451e-05 1.1404066644e-03
1.5470000000e+00 -5.1129324941e-05 1.1416032562e-03
1.5475000000e+00 -5.1229910127e-05 1.1427958285e-03
1.5480000000e+00 -5.1330494847e-05 1.1439843910e-03
1.5485000000e+00 -5.1431078493e-05 1.1451689534e-03
1.5490000000e+00 -5.1531660046e-05 1.1463495259e-03
1.5495000000e+00 -5.1632238137e-05 1.1475261191e-03
1.5500000000e+00 -5.1732811147e-05 1.1486987437e-03
1.5505000000e+00 -5.1833377341e-05 1.1498674109e-03
1.5510000000e+00 -5.1933935001e-05 1.1510321321e-03
1.5515000000e+00 -5.2034482560e-05 1.1521929190e-03
1.5520000000e+00 -5.2135018715e-05 1.1533497836e-03
1.5525000000e+00 -5.2235542535e-05 1.1545027383e-03
1.5530000000e+00 -5.2336053512e-05 1.1556517956e-03
1.5535000000e+00 -5.2436551574e-05 1.1567969683e-03
1.5540000000e+00 -5.2537037063e-05 1.1579382694e-03
1.5545000000e+00 -5.2637510679e-05 1.1590757124e-03
1.5550000000e+00 -5.2737973369e-05 1.1602093107e-03
1.5555000000e+00 -5.2838426208e-05 1.1613390781e-03
1.5560000000e+00 -5.2938870272e-05 1.1624650286e-03
1.5565000000e+00 -5.3039306501e-05 1.1635871766e-03
1.5570000000e+00 -5.3139735572e-05 1.1647055364e-03
1.5575000000e+00 -5.3240157814e-05 1.1658201229e-03
1.5580000000e+00 -5.3340573150e-05 1.1669309511e-03
1.5585000000e+00 -5.3440981067e-05 1.1680380363e-03
1.5590000000e+00 -5.3541380641e-05 1.1691413939e-03
1.5595000000e+00 -5.3641770605e-05 1.1702410397e-03
1.5600000000e+00 -5.3742149438e-05 1.1713369898e-03
1.5605000000e+00 -5.3842515480e-05 1.1724292605e-03
1.5610000000e+00 -5.3942867067e-05 1.1735178683e-03
1.5615000000e+00 -5.4043202671e-05 1.1746028299e-03
1.5620000000e+00 -5.4143521006e-05 1.1756841623e-03
1.5625000000e+00 -5.4243821126e-05 1.1767618828e-03
1.5630000000e+00 -5.4344102491e-05 1.1778360086e-03
1.5635000000e+00 -5.4444364991e-05 1.1789065574e-03
1.5640000000e+00 -5.4544608919e-05 1.1799735468e-03
1.5645000000e+00 -5.4644834917e-05 1.1810369949e-03
1.5650000000e+00 -5.4745043893e-05 1.1820969196e-03
1.5655000000e+00 -5.4845236895e-05 1.1831533393e-03
1.5660000000e+00 -5.4945414986e-05 1.1842062722e-03
1.5665000000e+00 -5.5045579113e-05 1.1852557370e-03
1.5670000000e+00 -5.5145729993e-05 1.1863017522e-03
1.5675000000e+00 -5.5245868013e-05 1.1873443369e-03
1.5680000000e+00 -5.5345993165e-05 1.1883835100e-03
1.5685000000e+00 -5.5446105026e-05 1.1894192907e-03
1.5690000000e+00 -5.5546202776e-05 1.1904516984e-03
1.5695000000e+00 -5.5646285238e-05 1.1914807525e-03
1.5700000000e+00 -5.5746350980e-05 1.1925064729e-03
1.5705000000e+00 -5.5846398422e-05 1.1935288792e-03
1.5710000000e+00 -5.5946425963e-05 1.1945479916e-03
1.5715000000e+00 -5.6046432102e-05 1.1955638301e-03
1.5720000000e+00 -5.6146415570e-05 1.1965764150e-03
1.5725000000e+00 -5.6246375416e-05 1.1975857666e-03
1.5730000000e+00 -5.6346311070e-05 1.1985919054e-03
1.5735000000e+00 -5.6446222375e-05 1.1995948520e-03
1.5740000000e+00 -5.6546109578e-05 1.2005946269e-03
1.5745000000e+00 -5.6645973272e-05 1.2015912509e-03
1.5750000000e+00 -5.6745814312e-05 1.2025847446e-03
1.5755000000e+00 -5.6845633715e-05 1.2035751290e-03
1.5760000000e+00 -5.6945432529e-05 1.2045624247e-03
1.5765000000e+00 -5.7045211705e-05 1.2055466529e-03
1.5770000000e+00 -5.7144971982e-05 1.2065278343e-03
1.5775000000e+00 -5.7244713797e-05 1.2075059900e-03
1.5780000000e+00 -5.7344437212e-05 1.2084811411e-03
1.5785000000e+00 -5.7444141882e-05 1.2094533086e-03
1.5790000000e+00 -5.7543827071e-05 1.2104225139e-03
1.5795000000e+00 -5.7643491699e-05 1.2113887780e-03
1.5800000000e+00 -5.7743134415e-05 1.2123521223e-03
1.5805000000e+00 -5.7842753707e-05 1.2133125681e-03
1.5810000000e+00 -5.7942348030e-05 1.2142701368e-03
1.5815000000e+00 -5.8041915922e-05 1.2152248498e-03
1.5820000000e+00 -5.8141456120e-05 1.2161767284e-03
1.5825000000e+00 -5.8240967659e-05 1.2171257941e-03
1.5830000000e+00 -5.8340449944e-05 1.2180720682e-03
1.5835000000e+00 -5.8439902774e-05 1.2190155722e-03
1.5840000000e+00 -5.8539326335e-05 1.2199563273e-03
1.5845000000e+00 -5.8638721166e-05 1.2208943548e-03
1.5850000000e+00 -5.8738088076e-05 1.2218296761e-03
1.5855000000e+00 -5.8837428034e-05 1.2227623121e-03
1.5860000000e+00 -5.8936742062e-05 1.2236922842e-03
1.5865000000e+00 -5.9036031108e-05 1.2246196132e-03
1.5870000000e+00 -5.9135295929e-05 1.2255443203e-03
1.5875000000e+00 -5.9234536994e-05 1.2264664263e-03
1.5880000000e+00 -5.9333754417e-05 1.2273859521e-03
1.5885000000e+00 -5.9432947929e-05 1.2283029186e-03
1.5890000000e+00 -5.9532116870e-05 1.2292173465e-03
1.5895000000e+00 -5.9631260232e-05 1.2301292565e-03
1.5900000000e+00 -5.9730376745e-05 1.2310386693e-03
1.5905000000e+00 -5.9829464964e-05 1.2319456055e-03
1.5910000000e+00 -5.9928523384e-05 1.2328500855e-03
1.5915000000e+00 -6.0027550572e-05 1.2337521298e-03
1.5920000000e+00 -6.0126545274e-05 1.2346517586e-03
1.5925000000e+00 -6.0225506510e-05 1.2355489924e-03
1.5930000000e+00 -6.0324433644e-05 1.2364438510e-03
1.5935000000e+00 -6.0423326428e-05 1.2373363545e-03
1.5940000000e+00 -6.0522184992e-05 1.2382265228e-03
1.5945000000e+00 -6.0621009808e-05 1.2391143755e-03
1.5950000000e+00 -6.0719801622e-05 1.2399999322e-03
1.5955000000e+00 -6.0818561359e-05 1.2408832121e-03
1.5960000000e+00 -6.0917290004e-05 1.2417642346e-03
1.5965000000e+00 -6.1015988484e-05 1.2426430186e-03
1.5970000000e+00 -6.1114657559e-05 1.2435195830e-03
1.5975000000e+00 -6.1213297727e-05 1.2443939466e-03
1.5980000000e+00 -6.1311909141e-05 1.2452661279e-03
1.5985000000e+00 -6.1410491584e-05 1.2461361452e-03
1.5990000000e+00 -6.1509044464e-05 1.2470040170e-03
1.5995000000e+00 -6.1607566845e-05 1.2478697611e-03
1.6000000000e+00 -6.1706057516e-05 1.2487333957e-03
1.6005000000e+00 -6.1804515085e-05 1.2495949384e-03
1.6010000000e+00 -6.1902938093e-05 1.2504544068e-03
1.6015000000e+00 -6.2001325124e-05 1.2513118185e-03
1.6020000000e+00 -6.2099674921e-05 1.2521671906e-03
1.6025000000e+00 -6.2197986486e-05 1.2530205402e-03
1.6030000000e+00 -6.2296259145e-05 1.2538718842e-03
1.6035000000e+00 -6.2394492589e-05 1.2547212392e-03
1.6040000000e+00 -6.2492686883e-05 1.2555686215e-03
1.6045000000e+00 -6.2590842433e-05 1.2564140475e-03
1.6050000000e+00 -6.2688959916e-05 1.2572575330e-03
1.6055000000e+00 -6.2787040192e-05 1.2580990937e-03
1.6060000000e+00 -6.2885084205e-05 1.2589387452e-03
1.6065000000e+00 -6.2983092854e-05 1.2597765026e-03
1.6070000000e+00 -6.3081066890e-05 1.2606123809e-03
1.6075000000e+00 -6.3179006816e-05 1.2614463949e-03
1.6080000000e+00 -6.3276912822e-05 1.2622785592e-03
1.6085000000e+00 -6.3374784732e-05 1.2631088879e-03
1.6090000000e+00 -6.3472622003e-05 1.2639373952e-03
1.6095000000e+00 -6.3570423760e-05 1.2647640950e-03
1.6100000000e+00 -6.3668188847e-05 1.2655890008e-03
1.6105000000e+00 -6.3765915916e-05 1.2664121261e-03
1.6110000000e+00 -6.3863603538e-05 1.2672334841e-03
1.6115000000e+00 -6.3961250315e-05 1.2680530878e-03
1.6120000000e+00 -6.4058854983e-05 1.2688709497e-03
1.6125000000e+00 -6.4156416515e-05 1.2696870825e-03
1.6130000000e+00 -6.4253934194e-05 1.2705014983e-03
1.6135000000e+00 -6.4351407654e-05 1.2713142091e-03
1.6140000000e+00 -6.4448836886e-05 1.2721252265e-03
1.6145000000e+00 -6.4546222219e-05 1.2729345619e-03
1.6150000000e+00 -6.4643564257e-05 1.2737422265e-03
1.6155000000e+00 -6.4740863797e-05 1.2745482311e-03
1.6160000000e+00 -6.4838121722e-05 1.2753525863e-03
1.6165000000e+00 -6.4935338895e-05 1.2761553024e-03
1.6170000000e+00 -6.5032516051e-05 1.2769563894e-03
1.6175000000e+00 -6.5129653693e-05 1.2777558569e-03
1.6180000000e+00 -6.5226752023e-05 1.2785537146e-03
1.6185000000e+00 -6.5323810905e-05 1.2793499717e-03
1.6190000000e+00 -6.5420829839e-05 1.2801446370e-03
1.6195000000e+00 -6.5517807993e-05 1.2809377194e-03
1.6200000000e+00 -6.5614744259e-05 1.2817292274e-03
1.6205000000e+00 -6.5711637331e-05 1.2825191692e-03
1.6210000000e+00 -6.5808485805e-05 1.2833075528e-03
1.6215000000e+00 -6.5905288289e-05 1.2840943860e-03
1.6220000000e+00 -6.6002043515e-05 1.2848796763e-03
1.6225000000e+00 -6.6098750427e-05 1.2856634308e-03
1.6230000000e+00 -6.6195408259e-05 1.2864456568e-03
1.6235000000e+00 -6.6292016581e-05 1.2872263607e-03
1.6240000000e+00 -6.6388575316e-05 1.2880055492e-03
1.6245000000e+00 -6.6485084713e-05 1.2887832284e-03
1.6250000000e+00 -6.6581545295e-05 1.2895594041e-03
1.6255000000e+00 -6.6677957789e-05 1.2903340820e-03
1.6260000000e+00 -6.6774323021e-05 1.2911072675e-03
1.6265000000e+00 -6.6870641809e-05 1.2918789657e-03
1.6270000000e+00 -6.6966914857e-05 1.2926491813e-03
1.6275000000e+00 -6.7063142667e-05 1.2934179189e-03
1.6280000000e+00 -6.7159325453e-05 1.2941851830e-03
1.6285000000e+00 -6.7255463097e-05 1.2949509775e-03
1.6290000000e+00 -6.7351555141e-05 1.2957153063e-03
1.6295000000e+00 -6.7447600797e-05 1.2964781730e-03
1.6300000000e+00 -6.7543598995e-05 1.2972395811e-03
1.6305000000e+00 -6.7639548463e-05 1.2979995337e-03
1.6310000000e+00 -6.7735447826e-05 1.2987580339e-03
1.6315000000e+00 -6.7831295700e-05 1.2995150844e-03
1.6320000000e+00 -6.7927090805e-05 1.3002706877e-03
1.6325000000e+00 -6.8022832058e-05 1.3010248462e-03
1.6330000000e+00 -6.8118518651e-05 1.3017775620e-03
1.6335000000e+00 -6.8214150091e-05 1.3025288369e-03
1.6340000000e+00 -6.8309726228e-05 1.3032786727e-03
1.6345000000e+00 -6.8405247233e-05 1.3040270708e-03
1.6350000000e+00 -6.8500713557e-05 1.3047740323e-03
1.6355000000e+00 -6.8596125851e-05 1.3055195582e-03
1.6360000000e+00 -6.8691484878e-05 1.3062636493e-03
1.6365000000e+00 -6.8786791414e-05 1.3070063061e-03
1.6370000000e+00 -6.8882046135e-05 1.3077475289e-03
1.6375000000e+00 -6.8977249526e-05 1.3084873179e-03
1.6380000000e+00 -6.9072401812e-05 1.3092256731e-03
1.6385000000e+00 -6.9167502903e-05 1.3099625941e-03
1.6390000000e+00 -6.9262552368e-05 1.3106980806e-03
1.6395000000e+00 -6.9357549460e-05 1.3114321320e-03
1.6400000000e+00 -6.9452493153e-05 1.3121647476e-03
1.6405000000e+00 -6.9547382212e-05 1.3128959265e-03
1.6410000000e+00 -6.9642215281e-05 1.3136256678e-03
1.6415000000e+00 -6.9736990993e-05 1.3143539702e-03
1.6420000000e+00 -6.9831708064e-05 1.3150808324e-03
1.6425000000e+00 -6.9926365387e-05 1.3158062531e-03
1.6430000000e+00 -7.0020962109e-05 1.3165302306e-03
1.6435000000e+00 -7.0115497689e-05 1.3172527632e-03
1.6440000000e+00 -7.0209971908e-05 1.3179738490e-03
1.6445000000e+00 -7.0304384864e-05 1.3186934860e-03
1.6450000000e+00 -7.0398736935e-05 1.3194116720e-03
1.6455000000e+00 -7.0493028706e-05 1.3201284047e-03
1.6460000000e+00 -7.0587260881e-05 1.3208436816e-03
1.6465000000e+00 -7.0681434188e-05 1.3215575002e-03
1.6470000000e+00 -7.0775549280e-05 1.3222698577e-03
1.6475000000e+00 -7.0869606634e-05 1.3229807514e-03
1.6480000000e+00 -7.0963606481e-05 1.3236901783e-03
1.6485000000e+00 -7.1057548753e-05 1.3243981354e-03
1.6490000000e+00 -7.1151433059e-05 1.3251046197e-03
1.6495000000e+00 -7.1245258693e-05 1.3258096280e-03
1.6500000000e+00 -7.1339024670e-05 1.3265131572e-03
1.6505000000e+00 -7.1432729797e-05 1.3272152039e-03
1.6510000000e+00 -7.1526372755e-05 1.3279157648e-03
1.6515000000e+00 -7.1619952189e-05 1.3286148366e-03
1.6520000000e+00 -7.1713466818e-05 1.3293124158e-03
1.6525000000e+00 -7.1806915524e-05 1.3300084991e-03
1.6530000000e+00 -7.1900297423e-05 1.3307030830e-03
1.6535000000e+00 -7.1993611925e-05 1.3313961638e-03
1.6540000000e+00 -7.2086858757e-05 1.3320877381e-03
1.6545000000e+00 -7.2180037956e-05 1.3327778021e-03
1.6550000000e+00 -7.2273149832e-05 1.3334663522e-03
1.6555000000e+00 -7.2366194909e-05 1.3341533846e-03
1.6560000000e+00 -7.2459173844e-05 1.3348388957e-03
1.6565000000e+00 -7.2552087328e-05 1.3355228817e-03
1.6570000000e+00 -7.2644935985e-05 1.3362053387e-03
1.6575000000e+00 -7.2737720294e-05 1.3368862629e-03
1.6580000000e+00 -7.2830440500e-05 1.3375656507e-03
1.6585000000e+00 -7.2923096561e-05 1.3382434980e-03
1.6590000000e+00 -7.3015688127e-05 1.3389198013e-03
1.6595000000e+00 -7.3108214541e-05 1.3395945567e-03
1.6600000000e+00 -7.3200674871e-05 1.3402677606e-03
1.6605000000e+00 -7.3293067971e-05 1.3409394093e-03
1.6610000000e+00 -7.3385392559e-05 1.3416094993e-03
1.6615000000e+00 -7.3477647316e-05 1.3422780269e-03
1.6620000000e+00 -7.3569830971e-05 1.3429449888e-03
1.6625000000e+00 -7.3661942401e-05 1.3436103815e-03
1.6630000000e+00 -7.3753980708e-05 1.3442742015e-03
1.6635000000e+00 -7.3845945270e-05 1.3449364457e-03
1.6640000000e+00 -7.3937835766e-05 1.3455971108e-03
1.6645000000e+00 -7.4029652182e-05 1.3462561934e-03
1.6650000000e+00 -7.4121394780e-05 1.3469136906e-03
1.6655000000e+00 -7.4213064034e-05 1.3475695991e-03
1.6660000000e+00 -7.4304660556e-05 1.3482239161e-03
1.6665000000e+00 -7.4396185011e-05 1.3488766384e-03
1.6670000000e+00 -7.4487638014e-05 1.3495277633e-03
1.6675000000e+00 -7.4579020043e-05 1.3501772880e-03
1.6680000000e+00 -7.4670331363e-05 1.3508252097e-03
1.6685000000e+00 -7.4761571974e-05 1.3514715259e-03
1.6690000000e+00 -7.4852741572e-05 1.3521162341e-03
1.6695000000e+00 -7.4943839556e-05 1.3527593319e-03
1.6700000000e+00 -7.5034865056e-05 1.3534008172e-03
1.6705000000e+00 -7.5125816985e-05 1.3540406878e-03
1.6710000000e+00 -7.5216694113e-05 1.3546789418e-03
1.6715000000e+00 -7.5307495157e-05 1.3553155775e-03
1.6720000000e+00 -7.5398218879e-05 1.3559505931e-03
1.6725000000e+00 -7.5488864168e-05 1.3565839871e-03
1.6730000000e+00 -7.5579430117e-05 1.3572157582e-03
1.6735000000e+00 -7.5669916087e-05 1.3578459051e-03
1.6740000000e+00 -7.5760321732e-05 1.3584744267e-03
1.6745000000e+00 -7.5850646998e-05 1.3591013221e-03
1.6750000000e+00 -7.5940892106e-05 1.3597265904e-03
1.6755000000e+00 -7.6031057496e-05 1.3603502310e-03
1.6760000000e+00 -7.6121143753e-05 1.3609722432e-03
1.6765000000e+00 -7.6211151520e-05 1.3615926268e-03
1.6770000000e+00 -7.6301081411e-05 1.3622113813e-03
1.6775000000e+00 -7.6390933921e-05 1.3628285068e-03
1.6780000000e+00 -7.6480709342e-05 1.3634440032e-03
1.6785000000e+00 -7.6570407718e-05 1.3640578709e-03
1.6790000000e+00 -7.6660028806e-05 1.3646701103e-03
1.6795000000e+00 -7.6749572071e-05 1.3652807218e-03
1.6800000000e+00 -7.6839036711e-05 1.3658897065e-03
1.6805000000e+00 -7.6928421708e-05 1.3664970651e-03
1.6810000000e+00 -7.7017725899e-05 1.3671027991e-03
1.6815000000e+00 -7.7106948054e-05 1.3677069096e-03
1.6820000000e+00 -7.7196086971e-05 1.3683093984e-03
1.6825000000e+00 -7.7285141567e-05 1.3689102671e-03
1.6830000000e+00 -7.7374110949e-05 1.3695095179e-03
1.6835000000e+00 -7.7462994468e-05 1.3701071528e-03
1.6840000000e+00 -7.7551791763e-05 1.3707031742e-03
1.6845000000e+00 -7.7640502763e-05 1.3712975846e-03
1.6850000000e+00 -7.7729127659e-05 1.3718903868e-03
1.6855000000e+00 -7.7817666867e-05 1.3724815837e-03
1.6860000000e+00 -7.7906120954e-05 1.3730711783e-03
1.6865000000e+00 -7.7994490559e-05 1.3736591739e-03
1.6870000000e+00 -7.8082776300e-05 1.3742455740e-03
1.6875000000e+00 -7.8170978692e-05 1.3748303821e-03
1.6880000000e+00 -7.8259098071e-05 1.3754136022e-03
1.6885000000e+00 -7.8347134531e-05 1.3759952382e-03
1.6890000000e+00 -7.8435087893e-05 1.3765752945e-03
1.6895000000e+00 -7.8522957698e-05 1.3771537754e-03
1.6900000000e+00 -7.8610743225e-05 1.3777306857e-03
1.6905000000e+00 -7.8698443531e-05 1.3783060302e-03
1.6910000000e+00 -7.8786057523e-05 1.3788798141e-03
1.6915000000e+00 -7.8873584040e-05 1.3794520427e-03
1.6920000000e+00 -7.8961021931e-05 1.3800227215e-03
1.6925000000e+00 -7.9048370146e-05 1.3805918563e-03
1.6930000000e+00 -7.9135627814e-05 1.3811594531e-03
1.6935000000e+00 -7.9222794298e-05 1.3817255180e-03
1.6940000000e+00 -7.9309869232e-05 1.3822900573e-03
1.6945000000e+00 -7.9396852528e-05 1.3828530777e-03
1.6950000000e+00 -7.9483744368e-05 1.3834145858e-03
1.6955000000e+00 -7.9570545151e-05 1.3839745886e-03
1.6960000000e+00 -7.9657255432e-05 1.3845330932e-03
1.6965000000e+00 -7.9743875851e-05 1.3850901068e-03
1.6970000000e+00 -7.9830407042e-05 1.3856456369e-03
1.6975000000e+00 -7.9916849545e-05 1.3861996912e-03
1.6980000000e+00 -8.0003203736e-05 1.3867522774e-03
1.6985000000e+00 -8.0089469769e-05 1.3873034037e-03
1.6990000000e+00 -8.0175647536e-05 1.3878530782e-03
1.6995000000e+00 -8.0261736653e-05 1.3884013094e-03
1.7000000000e+00 -8.0347736479e-05 1.3889481059e-03
1.7005000000e+00 -8.0433646159e-05 1.3894934765e-03
1.7010000000e+00 -8.0519464678e-05 1.3900374302e-03
1.7015000000e+00 -8.0605190937e-05 1.3905799762e-03
1.7020000000e+00 -8.0690823848e-05 1.3911211240e-03
1.7025000000e+00 -8.0776362404e-05 1.3916608832e-03
1.7030000000e+00 -8.0861805761e-05 1.3921992635e-03
1.7035000000e+00 -8.0947153295e-05 1.3927362748e-03
1.7040000000e+00 -8.1032404645e-05 1.3932719273e-03
1.7045000000e+00 -8.1117559718e-05 1.3938062313e-03
1.7050000000e+00 -8.1202618680e-05 1.3943391972e-03
1.7055000000e+00 -8.1287581922e-05 1.3948708354e-03
1.7060000000e+00 -8.1372449996e-05 1.3954011569e-03
1.7065000000e+00 -8.1457223540e-05 1.3959301723e-03
1.7070000000e+00 -8.1541903200e-05 1.3964578928e-03
1.7075000000e+00 -8.1626489546e-05 1.3969843294e-03
1.7080000000e+00 -8.1710982996e-05 1.3975094935e-03
1.7085000000e+00 -8.1795383758e-05 1.3980333964e-03
1.7090000000e+00 -8.1879691790e-05 1.3985560499e-03
1.7095000000e+00 -8.1963906787e-05 1.3990774655e-03
1.7100000000e+00 -8.2048028188e-05 1.3995976551e-03
1.7105000000e+00 -8.2132055217e-05 1.4001166309e-03
1.7110000000e+00 -8.2215986936e-05 1.4006344050e-03
1.7115000000e+00 -8.2299822319e-05 1.4011509896e-03
1.7120000000e+00 -8.2383560329e-05 1.4016663973e-03
1.7125000000e+00 -8.2467200006e-05 1.4021806405e-03
1.7130000000e+00 -8.2550740535e-05 1.4026937321e-03
1.7135000000e+00 -8.2634181309e-05 1.4032056848e-03
1.7140000000e+00 -8.2717521964e-05 1.4037165116e-03
1.7145000000e+00 -8.2800762406e-05 1.4042262254e-03
1.7150000000e+00 -8.2883902790e-05 1.4047348394e-03
1.7155000000e+00 -8.2966943491e-05 1.4052423667e-03
1.7160000000e+00 -8.3049885052e-05 1.4057488207e-03
1.7165000000e+00 -8.3132728112e-05 1.4062542146e-03
1.7170000000e+00 -8.3215473324e-05 1.4067585619e-03
1.7175000000e+00 -8.3298121278e-05 1.4072618761e-03
1.7180000000e+00 -8.3380672430e-05 1.4077641708e-03
1.7185000000e+00 -8.3463127035e-05 1.4082654596e-03
1.7190000000e+00 -8.3545485111e-05 1.4087657562e-03
1.7195000000e+00 -8.3627746420e-05 1.4092650744e-03
1.7200000000e+00 -8.3709910477e-05 1.4097634281e-03
1.7205000000e+00 -8.3791976580e-05 1.4102608312e-03
1.7210000000e+00 -8.3873943859e-05 1.4107572979e-03
1.7215000000e+00 -8.3955811353e-05 1.4112528420e-03
1.7220000000e+00 -8.4037578078e-05 1.4117474778e-03
1.7225000000e+00 -8.4119243111e-05 1.4122412195e-03
1.7230000000e+00 -8.4200805660e-05 1.4127340813e-03
1.7235000000e+00 -8.4282265131e-05 1.4132260774e-03
1.7240000000e+00 -8.4363621161e-05 1.4137172223e-03
1.7245000000e+00 -8.4444873639e-05 1.4142075301e-03
1.7250000000e+00 -8.4526022706e-05 1.4146970153e-03
1.7255000000e+00 -8.4607068720e-05 1.4151856922e-03
1.7260000000e+00 -8.4688012205e-05 1.4156735751e-03
1.7265000000e+00 -8.4768853789e-05 1.4161606784e-03
1.7270000000e+00 -8.4849594128e-05 1.4166470163e-03
1.7275000000e+00 -8.4930233824e-05 1.4171326033e-03
1.7280000000e+00 -8.5010773353e-05 1.4176174536e-03
1.7285000000e+00 -8.5091213010e-05 1.4181015816e-03
1.7290000000e+00 -8.5171552863e-05 1.4185850015e-03
1.7295000000e+00 -8.5251792731e-05 1.4190677277e-03
1.7300000000e+00 -8.5331932190e-05 1.4195497745e-03
1.7305000000e+00 -8.5411970602e-05 1.4200311561e-03
1.7310000000e+00 -8.5491907161e-05 1.4205118869e-03
1.7315000000e+00 -8.5571740955e-05 1.4209919810e-03
1.7320000000e+00 -8.5651471044e-05 1.4214714528e-03
1.7325000000e+00 -8.5731096537e-05 1.4219503165e-03
1.7330000000e+00 -8.5810616662e-05 1.4224285862e-03
1.7335000000e+00 -8.5890030822e-05 1.4229062761e-03
1.7340000000e+00 -8.5969338648e-05 1.4233834002e-03
1.7345000000e+00 -8.6048540013e-05 1.4238599726e-03
1.7350000000e+00 -8.6127635030e-05 1.4243360073e-03
1.7355000000e+00 -8.6206624029e-05 1.4248115182e-03
1.7360000000e+00 -8.6285507511e-05 1.4252865190e-03
1.7365000000e+00 -8.6364286084e-05 1.4257610236e-03
1.7370000000e+00 -8.6442960390e-05 1.4262350455e-03
1.7375000000e+00 -8.6521531032e-05 1.4267085984e-03
1.7380000000e+00 -8.6599998503e-05 1.4271816957e-03
1.7385000000e+00 -8.6678363119e-05 1.4276543509e-03
1.7390000000e+00 -8.6756624983e-05 1.4281265773e-03
1.7395000000e+00 -8.6834783963e-05 1.4285983882e-03
1.7400000000e+00 -8.6912839684e-05 1.4290697967e-03
1.7405000000e+00 -8.6990791559e-05 1.4295408159e-03
1.7410000000e+00 -8.7068638832e-05 1.4300114589e-03
1.7415000000e+00 -8.7146380637e-05 1.4304817385e-03
1.7420000000e+00 -8.7224016068e-05 1.4309516677e-03
1.7425000000e+00 -8.7301544253e-05 1.4314212592e-03
1.7430000000e+00 -8.7378964431e-05 1.4318905256e-03
1.7435000000e+00 -8.7456276002e-05 1.4323594795e-03
1.7440000000e+00 -8.7533478579e-05 1.4328281332e-03
1.7445000000e+00 -8.7610572009e-05 1.4332964992e-03
1.7450000000e+00 -8.7687556373e-05 1.4337645896e-03
1.7455000000e+00 -8.7764431967e-05 1.4342324164e-03
1.7460000000e+00 -8.7841199256e-05 1.4346999916e-03
1.7465000000e+00 -8.7917858819e-05 1.4351673270e-03
1.7470000000e+00 -8.7994411279e-05 1.4356344341e-03
1.7475000000e+00 -8.8070857227e-05 1.4361013246e-03
1.7480000000e+00 -8.8147197156e-05 1.4365680097e-03
1.7485000000e+00 -8.8223431401e-05 1.4370345007e-03
1.7490000000e+00 -8.8299560090e-05 1.4375008087e-03
1.7495000000e+00 -8.8375583120e-05 1.4379669447e-03
1.7500000000e+00 -8.8451500161e-05 1.4384329196e-03
1.7505000000e+00 -8.8527310668e-05 1.4388987440e-03
1.7510000000e+00 -8.8603013924e-05 1.4393644285e-03
1.7515000000e+00 -8.8678609099e-05 1.4398299837e-03
1.7520000000e+00 -8.8754095314e-05 1.4402954198e-03
1.7525000000e+00 -8.8829471715e-05 1.4407607470e-03
1.7530000000e+00 -8.8904737540e-05 1.4412259754e-03
1.7535000000e+00 -8.8979892182e-05 1.4416911149e-03
1.7540000000e+00 -8.9054935233e-05 1.4421561753e-03
1.7545000000e+00 -8.9129866508e-05 1.4426211661e-03
1.7550000000e+00 -8.9204686051e-05 1.4430860969e-03
1.7555000000e+00 -8.9279394117e-05 1.4435509769e-03
1.7560000000e+00 -8.9353991132e-05 1.4440158153e-03
1.7565000000e+00 -8.9428477639e-05 1.4444806209e-03
1.7570000000e+00 -8.9502854232e-05 1.4449454026e-03
1.7575000000e+00 -8.9577121488e-05 1.4454101690e-03
1.7580000000e+00 -8.9651279894e-05 1.4458749286e-03
1.7585000000e+00 -8.9725329788e-05 1.4463396898e-03
1.7590000000e+00 -8.9799271317e-05 1.4468044605e-03
1.7595000000e+00 -8.9873104409e-05 1.4472692490e-03
1.7600000000e+00 -8.9946828762e-05 1.4477340630e-03
1.7605000000e+00 -9.0020443868e-05 1.4481989102e-03
1.7610000000e+00 -9.0093949049e-05 1.4486637983e-03
1.7615000000e+00 -9.0167343502e-05 1.4491287347e-03
1.7620000000e+00 -9.0240626371e-05 1.4495937266e-03
1.7625000000e+00 -9.0313796816e-05 1.4500587813e-03
1.7630000000e+00 -9.0386854076e-05 1.4505239057e-03
1.7635000000e+00 -9.0459797532e-05 1.4509891068e-03
1.7640000000e+00 -9.0532626753e-05 1.4514543911e-03
1.7645000000e+00 -9.0605341524e-05 1.4519197652e-03
1.7650000000e+00 -9.0677941848e-05 1.4523852356e-03
1.7655000000e+00 -9.0750427939e-05 1.4528508085e-03
1.7660000000e+00 -9.0822800181e-05 1.4533164899e-03
1.7665000000e+00 -9.0895059081e-05 1.4537822858e-03
1.7670000000e+00 -9.0967205203e-05 1.4542482018e-03
1.7675000000e+00 -9.1039239100e-05 1.4547142436e-03
1.7680000000e+00 -9.1111161254e-05 1.4551804167e-03
1.7685000000e+00 -9.1182972005e-05 1.4556467262e-03
1.7690000000e+00 -9.1254671514e-05 1.4561131775e-03
1.7695000000e+00 -9.1326259730e-05 1.4565797754e-03
1.7700000000e+00 -9.1397736387e-05 1.4570465249e-03
1.7705000000e+00 -9.1469101008e-05 1.4575134308e-03
1.7710000000e+00 -9.1540352946e-05 1.4579804976e-03
1.7715000000e+00 -9.1611491432e-05 1.4584477299e-03
1.7720000000e+00 -9.1682515633e-05 1.4589151320e-03
1.7725000000e+00 -9.1753424720e-05 1.4593827083e-03
1.7730000000e+00 -9.1824217936e-05 1.4598504629e-03
1.7735000000e+00 -9.1894894654e-05 1.4603183998e-03
1.7740000000e+00 -9.1965454423e-05 1.4607865229e-03
1.7745000000e+00 -9.2035896998e-05 1.4612548359e-03
1.7750000000e+00 -9.2106222347e-05 1.4617233426e-03
1.7755000000e+00 -9.2176430646e-05 1.4621920463e-03
1.7760000000e+00 -9.2246522239e-05 1.4626609505e-03
1.7765000000e+00 -9.2316497595e-05 1.4631300585e-03
1.7770000000e+00 -9.2386357253e-05 1.4635993733e-03
1.7775000000e+00 -9.2456101748e-05 1.4640688980e-03
1.7780000000e+00 -9.2525731549e-05 1.4645386355e-03
1.7785000000e+00 -9.2595247003e-05 1.4650085884e-03
1.7790000000e+00 -9.2664648287e-05 1.4654787595e-03
1.7795000000e+00 -9.2733935372e-05 1.4659491515e-03
1.7800000000e+00 -9.2803108022e-05 1.4664197666e-03
1.7805000000e+00 -9.2872165799e-05 1.4668906074e-03
1.7810000000e+00 -9.2941108091e-05 1.4673616761e-03
1.7815000000e+00 -9.3009934161e-05 1.4678329750e-03
1.7820000000e+00 -9.3078643202e-05 1.4683045062e-03
1.7825000000e+00 -9.3147234407e-05 1.4687762718e-03
1.7830000000e+00 -9.3215707025e-05 1.4692482737e-03
1.7835000000e+00 -9.3284060424e-05 1.4697205139e-03
1.7840000000e+00 -9.3352294141e-05 1.4701929943e-03
1.7845000000e+00 -9.3420407909e-05 1.4706657165e-03
1.7850000000e+00 -9.3488401665e-05 1.4711386823e-03
1.7855000000e+00 -9.3556275551e-05 1.4716118931e-03
1.7860000000e+00 -9.3624029880e-05 1.4720853506e-03
1.7865000000e+00 -9.3691665090e-05 1.4725590561e-03
1.7870000000e+00 -9.3759181694e-05 1.4730330110e-03
1.7875000000e+00 -9.3826580214e-05 1.4735072166e-03
1.7880000000e+00 -9.3893861115e-05 1.4739816740e-03
1.7885000000e+00 -9.3961024749e-05 1.4744563844e-03
1.7890000000e+00 -9.4028071309e-05 1.4749313489e-03
1.7895000000e+00 -9.4095000799e-05 1.4754065686e-03
1.7900000000e+00 -9.4161813015e-05 1.4758820443e-03
1.7905000000e+00 -9.4228507556e-05 1.4763577772e-03
1.7910000000e+00 -9.4295083853e-05 1.4768337680e-03
1.7915000000e+00 -9.4361541207e-05 1.4773100177e-03
1.7920000000e+00 -9.4427878842e-05 1.4777865272e-03
1.7925000000e+00 -9.4494095974e-05 1.4782632973e-03
1.7930000000e+00 -9.4560191868e-05 1.4787403287e-03
1.7935000000e+00 -9.4626165897e-05 1.4792176223e-03
1.7940000000e+00 -9.4692017590e-05 1.4796951787e-03
1.7945000000e+00 -9.4757746664e-05 1.4801729988e-03
1.7950000000e+00 -9.4823353036e-05 1.4806510831e-03
1.7955000000e+00 -9.4888836819e-05 1.4811294324e-03
1.7960000000e+00 -9.4954198299e-05 1.4816080472e-03
1.7965000000e+00 -9.5019437892e-05 1.4820869281e-03
1.7970000000e+00 -9.5084556091e-05 1.4825660756e-03
1.7975000000e+00 -9.5149553406e-05 1.4830454903e-03
1.7980000000e+00 -9.5214430302e-05 1.4835251727e-03
1.7985000000e+00 -9.5279187144e-05 1.4840051233e-03
1.7990000000e+00 -9.5343824144e-05 1.4844853425e-03
1.7995000000e+00 -9.5408341336e-05 1.4849658308e-03
1.8000000000e+00 -9.5472738555e-05 1.4854465887e-03
1.8005000000e+00 -9.5537015443e-05 1.4859276166e-03
1.8010000000e+00 -9.5601171474e-05 1.4864089151e-03
1.8015000000e+00 -9.5665205991e-05 1.4868904845e-03
1.8020000000e+00 -9.5729118257e-05 1.4873723254e-03
1.8025000000e+00 -9.5792907515e-05 1.4878544384e-03
1.8030000000e+00 -9.5856573052e-05 1.4883368239e-03
1.8035000000e+00 -9.5920114250e-05 1.4888194824e-03
1.8040000000e+00 -9.5983530639e-05 1.4893024146e-03
1.8045000000e+00 -9.6046821924e-05 1.4897856209e-03
1.8050000000e+00 -9.6109988007e-05 1.4902691019e-03
1.8055000000e+00 -9.6173028982e-05 1.4907528581e-03
1.8060000000e+00 -9.6235945112e-05 1.4912368902e-03
1.8065000000e+00 -9.6298736791e-05 1.4917211985e-03
1.8070000000e+00 -9.6361404499e-05 1.4922057838e-03
1.8075000000e+00 -9.6423948738e-05 1.4926906465e-03
1.8080000000e+00 -9.6486369976e-05 1.4931757872e-03
1.8085000000e+00 -9.6548668587e-05 1.4936612065e-03
1.8090000000e+00 -9.6610844811e-05 1.4941469049e-03
1.8095000000e+00 -9.6672898709e-05 1.4946328831e-03
1.8100000000e+00 -9.6734830157e-05 1.4951191418e-03
1.8105000000e+00 -9.6796638842e-05 1.4956056815e-03
1.8110000000e+00 -9.6858324282e-05 1.4960925030e-03
1.8115000000e+00 -9.6919885864e-05 1.4965796070e-03
1.8120000000e+00 -9.6981322891e-05 1.4970669942e-03
1.8125000000e+00 -9.7042634639e-05 1.4975546654e-03
1.8130000000e+00 -9.7103820417e-05 1.4980426214e-03
1.8135000000e+00 -9.7164879621e-05 1.4985308630e-03
1.8140000000e+00 -9.7225811782e-05 1.4990193912e-03
1.8145000000e+00 -9.7286616604e-05 1.4995082067e-03
1.8150000000e+00 -9.7347293972e-05 1.4999973105e-03
1.8155000000e+00 -9.7407843961e-05 1.5004867034e-03
1.8160000000e+00 -9.7468266816e-05 1.5009763864e-03
1.8165000000e+00 -9.7528562914e-05 1.5014663604e-03
1.8170000000e+00 -9.7588732717e-05 1.5019566263e-03
1.8175000000e+00 -9.7648776721e-05 1.5024471851e-03
1.8180000000e+00 -9.7708695397e-05 1.5029380376e-03
1.8185000000e+00 -9.7768489130e-05 1.5034291849e-03
1.8190000000e+00 -9.7828158176e-05 1.5039206279e-03
1.8195000000e+00 -9.7887702632e-05 1.5044123677e-03
1.8200000000e+00 -9.7947122409e-05 1.5049044051e-03
1.8205000000e+00 -9.8006417233e-05 1.5053967414e-03
1.8210000000e+00 -9.8065586668e-05 1.5058893775e-03
1.8215000000e+00 -9.8124630144e-05 1.5063823144e-03
1.8220000000e+00 -9.8183547001e-05 1.5068755534e-03
1.8225000000e+00 -9.8242336546e-05 1.5073690955e-03
1.8230000000e+00 -9.8300998110e-05 1.5078629420e-03
1.8235000000e+00 -9.8359531103e-05 1.5083570938e-03
1.8240000000e+00 -9.8417935060e-05 1.5088515522e-03
1.8245000000e+00 -9.8476209673e-05 1.5093463184e-03
1.8250000000e+00 -9.8534354819e-05 1.5098413936e-03
1.8255000000e+00 -9.8592370553e-05 1.5103367788e-03
1.8260000000e+00 -9.8650257095e-05 1.5108324753e-03
1.8265000000e+00 -9.8708014804e-05 1.5113284842e-03
1.8270000000e+00 -9.8765644125e-05 1.5118248066e-03
1.8275000000e+00 -9.8823145542e-05 1.5123214437e-03
1.8280000000e+00 -9.8880519521e-05 1.5128183965e-03
1.8285000000e+00 -9.8937766456e-05 1.5133156662e-03
1.8290000000e+00 -9.8994886618e-05 1.5138132538e-03
1.8295000000e+00 -9.9051880127e-05 1.5143111604e-03
1.8300000000e+00 -9.9108746924e-05 1.5148093870e-03
1.8305000000e+00 -9.9165486776e-05 1.5153079348e-03
1.8310000000e+00 -9.9222099280e-05 1.5158068047e-03
1.8315000000e+00 -9.9278583904e-05 1.5163059979e-03
1.8320000000e+00 -9.9334940022e-05 1.5168055152e-03
1.8325000000e+00 -9.9391166968e-05 1.5173053579e-03
1.8330000000e+00 -9.9447264091e-05 1.5178055267e-03
1.8335000000e+00 -9.9503230809e-05 1.5183060227e-03
1.8340000000e+00 -9.9559066657e-05 1.5188068469e-03
1.8345000000e+00 -9.9614771318e-05 1.5193080002e-03
1.8350000000e+00 -9.9670344649e-05 1.5198094833e-03
1.8355000000e+00 -9.9725786683e-05 1.5203112973e-03
1.8360000000e+00 -9.9781097616e-05 1.5208134427e-03
1.8365000000e+00 -9.9836277777e-05 1.5213159205e-03
1.8370000000e+00 -9.9891327592e-05 1.5218187311e-03
1.8375000000e+00 -9.9946247527e-05 1.5223218753e-03
1.8380000000e+00 -1.0000103804e-04 1.5228253537e-03
1.8385000000e+00 -1.0005569952e-04 1.5233291666e-03
1.8390000000e+00 -1.0011023225e-04 1.5238333145e-03
1.8395000000e+00 -1.0016463636e-04 1.5243377979e-03
1.8400000000e+00 -1.0021891182e-04 1.5248426171e-03
1.8405000000e+00 -1.0027305843e-04 1.5253477723e-03
1.8410000000e+00 -1.0032707581e-04 1.5258532638e-03
1.8415000000e+00 -1.0038096346e-04 1.5263590916e-03
1.8420000000e+00 -1.0043472078e-04 1.5268652560e-03
1.8425000000e+00 -1.0048834713e-04 1.5273717570e-03
1.8430000000e+00 -1.0054184187e-04 1.5278785945e-03
1.8435000000e+00 -1.0059520443e-04 1.5283857684e-03
1.8440000000e+00 -1.0064843432e-04 1.5288932785e-03
1.8445000000e+00 -1.0070153123e-04 1.5294011246e-03
1.8450000000e+00 -1.0075449498e-04 1.5299093063e-03
1.8455000000e+00 -1.0080732559e-04 1.5304178232e-03
1.8460000000e+00 -1.0086002321e-04 1.5309266747e-03
1.8465000000e+00 -1.0091258815e-04 1.5314358602e-03
1.8470000000e+00 -1.0096502081e-04 1.5319453789e-03
1.8475000000e+00 -1.0101732162e-04 1.5324552300e-03
1.8480000000e+00 -1.0106949104e-04 1.5329654125e-03
1.8485000000e+00 -1.0112152944e-04 1.5334759252e-03
1.8490000000e+00 -1.0117343710e-04 1.5339867671e-03
1.8495000000e+00 -1.0122521418e-04 1.5344979368e-03
1.8500000000e+00 -1.0127686066e-04 1.5350094328e-03
1.8505000000e+00 -1.0132837635e-04 1.5355212538e-03
1.8510000000e+00 -1.0137976091e-04 1.5360333981e-03
1.8515000000e+00 -1.0143101385e-04 1.5365458639e-03
1.8520000000e+00 -1.0148213462e-04 1.5370586494e-03
1.8525000000e+00 -1.0153312257e-04 1.5375717527e-03
1.8530000000e+00 -1.0158397709e-04 1.5380851716e-03
1.8535000000e+00 -1.0163469759e-04 1.5385989041e-03
1.8540000000e+00 -1.0168528360e-04 1.5391129478e-03
1.8545000000e+00 -1.0173573477e-04 1.5396273002e-03
1.8550000000e+00 -1.0178605091e-04 1.5401419588e-03
1.8555000000e+00 -1.0183623201e-04 1.5406569208e-03
1.8560000000e+00 -1.0188627819e-04 1.5411721835e-03
1.8565000000e+00 -1.0193618973e-04 1.5416877437e-03
1.8570000000e+00 -1.0198596698e-04 1.5422035983e-03
1.8575000000e+00 -1.0203561038e-04 1.5427197441e-03
1.8580000000e+00 -1.0208512034e-04 1.5432361775e-03
1.8585000000e+00 -1.0213449724e-04 1.5437528950e-03
1.8590000000e+00 -1.0218374137e-04 1.5442698927e-03
1.8595000000e+00 -1.0223285287e-04 1.5447871668e-03
1.8600000000e+00 -1.0228183174e-04 1.5453047133e-03
1.8605000000e+00 -1.0233067782e-04 1.5458225278e-03
1.8610000000e+00 -1.0237939079e-04 1.5463406062e-03
1.8615000000e+00 -1.0242797020e-04 1.5468589438e-03
1.8620000000e+00 -1.0247641549e-04 1.5473775361e-03
1.8625000000e+00 -1.0252472605e-04 1.5478963783e-03
1.8630000000e+00 -1.0257290127e-04 1.5484154655e-03
1.8635000000e+00 -1.0262094058e-04 1.5489347926e-03
1.8640000000e+00 -1.0266884349e-04 1.5494543543e-03
1.8645000000e+00 -1.0271660964e-04 1.5499741453e-03
1.8650000000e+00 -1.0276423882e-04 1.5504941600e-03
1.8655000000e+00 -1.0281173099e-04 1.5510143927e-03
1.8660000000e+00 -1.0285908625e-04 1.5515348376e-03
1.8665000000e+00 -1.0290630483e-04 1.5520554885e-03
1.8670000000e+00 -1.0295338709e-04 1.5525763393e-03
1.8675000000e+00 -1.0300033341e-04 1.5530973836e-03
1.8680000000e+00 -1.0304714420e-04 1.5536186148e-03
1.8685000000e+00 -1.0309381983e-04 1.5541400263e-03
1.8690000000e+00 -1.0314036058e-04 1.5546616110e-03
1.8695000000e+00 -1.0318676661e-04 1.5551833620e-03
1.8700000000e+00 -1.0323303794e-04 1.5557052721e-03
1.8705000000e+00 -1.0327917442e-04 1.5562273339e-03
1.8710000000e+00 -1.0332517576e-04 1.5567495399e-03
1.8715000000e+00 -1.0337104153e-04 1.5572718825e-03
1.8720000000e+00 -1.0341677121e-04 1.5577943538e-03
1.8725000000e+00 -1.0346236420e-04 1.5583169458e-03
1.8730000000e+00 -1.0350781990e-04 1.5588396505e-03
1.8735000000e+00 -1.0355313775e-04 1.5593624597e-03
1.8740000000e+00 -1.0359831726e-04 1.5598853648e-03
1.8745000000e+00 -1.0364335807e-04 1.5604083574e-03
1.8750000000e+00 -1.0368825995e-04 1.5609314288e-03
1.8755000000e+00 -1.0373302283e-04 1.5614545700e-03
1.8760000000e+00 -1.0377764679e-04 1.5619777721e-03
1.8765000000e+00 -1.0382213204e-04 1.5625010258e-03
1.8770000000e+00 -1.0386647891e-04 1.5630243219e-03
1.8775000000e+00 -1.0391068777e-04 1.5635476509e-03
1.8780000000e+00 -1.0395475900e-04 1.5640710031e-03
1.8785000000e+00 -1.0399869298e-04 1.5645943687e-03
1.8790000000e+00 -1.0404248999e-04 1.5651177379e-03
1.8795000000e+00 -1.0408615020e-04 1.5656411005e-03
1.8800000000e+00 -1.0412967365e-04 1.5661644464e-03
1.8805000000e+00 -1.0417306021e-04 1.5666877653e-03
1.8810000000e+00 -1.0421630962e-04 1.5672110467e-03
1.8815000000e+00 -1.0425942148e-04 1.5677342801e-03
1.8820000000e+00 -1.0430239530e-04 1.5682574548e-03
1.8825000000e+00 -1.0434523050e-04 1.5687805599e-03
1.8830000000e+00 -1.0438792651e-04 1.5693035848e-03
1.8835000000e+00 -1.0443048278e-04 1.5698265182e-03
1.8840000000e+00 -1.0447289882e-04 1.5703493491e-03
1.8845000000e+00 -1.0451517426e-04 1.5708720664e-03
1.8850000000e+00 -1.0455730887e-04 1.5713946586e-03
1.8855000000e+00 -1.0459930257e-04 1.5719171144e-03
1.8860000000e+00 -1.0464115541e-04 1.5724394222e-03
1.8865000000e+00 -1.0468286760e-04 1.5729615704e-03
1.8870000000e+00 -1.0472443942e-04 1.5734835472e-03
1.8875000000e+00 -1.0476587125e-04 1.5740053408e-03
1.8880000000e+00 -1.0480716346e-04 1.5745269393e-03
1.8885000000e+00 -1.0484831642e-04 1.5750483307e-03
1.8890000000e+00 -1.0488933042e-04 1.5755695028e-03
1.8895000000e+00 -1.0493020564e-04 1.5760904436e-03
1.8900000000e+00 -1.0497094215e-04 1.5766111408e-03
1.8905000000e+00 -1.0501153985e-04 1.5771315820e-03
1.8910000000e+00 -1.0505199850e-04 1.5776517551e-03
1.8915000000e+00 -1.0509231776e-04 1.5781716475e-03
1.8920000000e+00 -1.0513249713e-04 1.5786912468e-03
1.8925000000e+00 -1.0517253610e-04 1.5792105406e-03
1.8930000000e+00 -1.0521243411e-04 1.5797295163e-03
1.8935000000e+00 -1.0525219061e-04 1.5802481615e-03
1.8940000000e+00 -1.0529180515e-04 1.5807664636e-03
1.8945000000e+00 -1.0533127736e-04 1.5812844099e-03
1.8950000000e+00 -1.0537060699e-04 1.5818019879e-03
1.8955000000e+00 -1.0540979395e-04 1.5823191849e-03
1.8960000000e+00 -1.0544883830e-04 1.5828359883e-03
1.8965000000e+00 -1.0548774022e-04 1.5833523855e-03
1.8970000000e+00 -1.0552649998e-04 1.5838683636e-03
1.8975000000e+00 -1.0556511795e-04 1.5843839101e-03
1.8980000000e+00 -1.0560359450e-04 1.5848990123e-03
1.8985000000e+00 -1.0564193000e-04 1.5854136575e-03
1.8990000000e+00 -1.0568012476e-04 1.5859278330e-03
1.8995000000e+00 -1.0571817896e-04 1.5864415261e-03
1.9000000000e+00 -1.0575609271e-04 1.5869547244e-03
1.9005000000e+00 -1.0579386594e-04 1.5874674151e-03
1.9010000000e+00 -1.0583149845e-04 1.5879795858e-03
1.9015000000e+00 -1.0586898992e-04 1.5884912240e-03
1.9020000000e+00 -1.0590633991e-04 1.5890023173e-03
1.9025000000e+00 -1.0594354792e-04 1.5895128532e-03
1.9030000000e+00 -1.0598061344e-04 1.5900228196e-03
1.9035000000e+00 -1.0601753595e-04 1.5905322043e-03
1.9040000000e+00 -1.0605431500e-04 1.5910409950e-03
1.9045000000e+00 -1.0609095022e-04 1.5915491797e-03
1.9050000000e+00 -1.0612744140e-04 1.5920567465e-03
1.9055000000e+00 -1.0616378842e-04 1.5925636835e-03
1.9060000000e+00 -1.0619999134e-04 1.5930699788e-03
1.9065000000e+00 -1.0623605033e-04 1.5935756208e-03
1.9070000000e+00 -1.0627196567e-04 1.5940805978e-03
1.9075000000e+00 -1.0630773770e-04 1.5945848983e-03
1.9080000000e+00 -1.0634336682e-04 1.5950885111e-03
1.9085000000e+00 -1.0637885339e-04 1.5955914247e-03
1.9090000000e+00 -1.0641419773e-04 1.5960936280e-03
1.9095000000e+00 -1.0644940006e-04 1.5965951099e-03
1.9100000000e+00 -1.0648446051e-04 1.5970958597e-03
1.9105000000e+00 -1.0651937905e-04 1.5975958666e-03
1.9110000000e+00 -1.0655415552e-04 1.5980951199e-03
1.9115000000e+00 -1.0658878964e-04 1.5985936094e-03
1.9120000000e+00 -1.0662328103e-04 1.5990913246e-03
1.9125000000e+00 -1.0665762921e-04 1.5995882555e-03
1.9130000000e+00 -1.0669183372e-04 1.6000843924e-03
1.9135000000e+00 -1.0672589406e-04 1.6005797253e-03
1.9140000000e+00 -1.0675980980e-04 1.6010742448e-03
1.9145000000e+00 -1.0679358062e-04 1.6015679416e-03
1.9150000000e+00 -1.0682720628e-04 1.6020608065e-03
1.9155000000e+00 -1.0686068670e-04 1.6025528306e-03
1.9160000000e+00 -1.0689402193e-04 1.6030440051e-03
1.9165000000e+00 -1.0692721213e-04 1.6035343214e-03
1.9170000000e+00 -1.0696025759e-04 1.6040237712e-03
1.9175000000e+00 -1.0699315866e-04 1.6045123464e-03
1.9180000000e+00 -1.0702591573e-04 1.6050000390e-03
1.9185000000e+00 -1.0705852919e-04 1.6054868413e-03
1.9190000000e+00 -1.0709099939e-04 1.6059727458e-03
1.9195000000e+00 -1.0712332657e-04 1.6064577454e-03
1.9200000000e+00 -1.0715551089e-04 1.6069418330e-03
1.9205000000e+00 -1.0718755238e-04 1.6074250018e-03
1.9210000000e+00 -1.0721945091e-04 1.6079072453e-03
1.9215000000e+00 -1.0725120626e-04 1.6083885573e-03
1.9220000000e+00 -1.0728281809e-04 1.6088689318e-03
1.9225000000e+00 -1.0731428599e-04 1.6093483631e-03
1.9230000000e+00 -1.0734560952e-04 1.6098268458e-03
1.9235000000e+00 -1.0737678824e-04 1.6103043746e-03
1.9240000000e+00 -1.0740782176e-04 1.6107809448e-03
1.9245000000e+00 -1.0743870976e-04 1.6112565517e-03
1.9250000000e+00 -1.0746945204e-04 1.6117311909e-03
1.9255000000e+00 -1.0750004853e-04 1.6122048585e-03
1.9260000000e+00 -1.0753049929e-04 1.6126775507e-03
1.9265000000e+00 -1.0756080450e-04 1.6131492639e-03
1.9270000000e+00 -1.0759096445e-04 1.6136199951e-03
1.9275000000e+00 -1.0762097951e-04 1.6140897412e-03
1.9280000000e+00 -1.0765085009e-04 1.6145584998e-03
1.9285000000e+00 -1.0768057661e-04 1.6150262684e-03
1.9290000000e+00 -1.0771015942e-04 1.6154930450e-03
1.9295000000e+00 -1.0773959882e-04 1.6159588279e-03
1.9300000000e+00 -1.0776889502e-04 1.6164236158e-03
1.9305000000e+00 -1.0779804809e-04 1.6168874075e-03
1.9310000000e+00 -1.0782705796e-04 1.6173502023e-03
1.9315000000e+00 -1.0785592446e-04 1.6178119996e-03
1.9320000000e+00 -1.0788464733e-04 1.6182727995e-03
1.9325000000e+00 -1.0791322619e-04 1.6187326020e-03
1.9330000000e+00 -1.0794166068e-04 1.6191914077e-03
1.9335000000e+00 -1.0796995039e-04 1.6196492175e-03
1.9340000000e+00 -1.0799809498e-04 1.6201060325e-03
1.9345000000e+00 -1.0802609418e-04 1.6205618542e-03
1.9350000000e+00 -1.0805394780e-04 1.6210166845e-03
1.9355000000e+00 -1.0808165581e-04 1.6214705256e-03
1.9360000000e+00 -1.0810921828e-04 1.6219233799e-03
1.9365000000e+00 -1.0813663542e-04 1.6223752502e-03
1.9370000000e+00 -1.0816390754e-04 1.6228261396e-03
1.9375000000e+00 -1.0819103503e-04 1.6232760516e-03
1.9380000000e+00 -1.0821801832e-04 1.6237249900e-03
1.9385000000e+00 -1.0824485786e-04 1.6241729588e-03
1.9390000000e+00 -1.0827155404e-04 1.6246199624e-03
1.9395000000e+00 -1.0829810722e-04 1.6250660056e-03
1.9400000000e+00 -1.0832451764e-04 1.6255110934e-03
1.9405000000e+00 -1.0835078542e-04 1.6259552313e-03
1.9410000000e+00 -1.0837691058e-04 1.6263984249e-03
1.9415000000e+00 -1.0840289300e-04 1.6268406802e-03
1.9420000000e+00 -1.0842873248e-04 1.6272820038e-03
1.9425000000e+00 -1.0845442872e-04 1.6277224022e-03
1.9430000000e+00 -1.0847998140e-04 1.6281618825e-03
1.9435000000e+00 -1.0850539017e-04 1.6286004521e-03
1.9440000000e+00 -1.0853065475e-04 1.6290381186e-03
1.9445000000e+00 -1.0855577491e-04 1.6294748901e-03
1.9450000000e+00 -1.0858075049e-04 1.6299107749e-03
1.9455000000e+00 -1.0860558150e-04 1.6303457816e-03
1.9460000000e+00 -1.0863026804e-04 1.6307799191e-03
1.9465000000e+00 -1.0865481033e-04 1.6312131967e-03
1.9470000000e+00 -1.0867920872e-04 1.6316456239e-03
1.9475000000e+00 -1.0870346361e-04 1.6320772105e-03
1.9480000000e+00 -1.0872757547e-04 1.6325079666e-03
1.9485000000e+00 -1.0875154478e-04 1.6329379027e-03
1.9490000000e+00 -1.0877537198e-04 1.6333670294e-03
1.9495000000e+00 -1.0879905746e-04 1.6337953577e-03
1.9500000000e+00 -1.0882260151e-04 1.6342228989e-03
1.9505000000e+00 -1.0884600433e-04 1.6346496645e-03
1.9510000000e+00 -1.0886926598e-04 1.6350756664e-03
1.9515000000e+00 -1.0889238642e-04 1.6355009166e-03
1.9520000000e+00 -1.0891536549e-04 1.6359254276e-03
1.9525000000e+00 -1.0893820298e-04 1.6363492119e-03
1.9530000000e+00 -1.0896089862e-04 1.6367722826e-03
1.9535000000e+00 -1.0898345213e-04 1.6371946528e-03
1.9540000000e+00 -1.0900586325e-04 1.6376163360e-03
1.9545000000e+00 -1.0902813180e-04 1.6380373459e-03
1.9550000000e+00 -1.0905025768e-04 1.6384576963e-03
1.9555000000e+00 -1.0907224091e-04 1.6388774015e-03
1.9560000000e+00 -1.0909408162e-04 1.6392964760e-03
1.9565000000e+00 -1.0911578006e-04 1.6397149342e-03
1.9570000000e+00 -1.0913733659e-04 1.6401327911e-03
1.9575000000e+00 -1.0915875164e-04 1.6405500617e-03
1.9580000000e+00 -1.0918002571e-04 1.6409667613e-03
1.9585000000e+00 -1.0920115929e-04 1.6413829053e-03
1.9590000000e+00 -1.0922215287e-04 1.6417985094e-03
1.9595000000e+00 -1.0924300688e-04 1.6422135894e-03
1.9600000000e+00 -1.0926372165e-04 1.6426281614e-03
1.9605000000e+00 -1.0928429743e-04 1.6430422415e-03
1.9610000000e+00 -1.0930473433e-04 1.6434558462e-03
1.9615000000e+00 -1.0932503238e-04 1.6438689920e-03
1.9620000000e+00 -1.0934519147e-04 1.6442816957e-03
1.9625000000e+00 -1.0936521144e-04 1.6446939742e-03
1.9630000000e+00 -1.0938509207e-04 1.6451058445e-03
1.9635000000e+00 -1.0940483314e-04 1.6455173237e-03
1.9640000000e+00 -1.0942443443e-04 1.6459284294e-03
1.9645000000e+00 -1.0944389579e-04 1.6463391788e-03
1.9650000000e+00 -1.0946321715e-04 1.6467495897e-03
1.9655000000e+00 -1.0948239855e-04 1.6471596798e-03
1.9660000000e+00 -1.0950144014e-04 1.6475694668e-03
1.9665000000e+00 -1.0952034217e-04 1.6479789687e-03
1.9670000000e+00 -1.0953910503e-04 1.6483882034e-03
1.9675000000e+00 -1.0955772915e-04 1.6487971892e-03
1.9680000000e+00 -1.0957621505e-04 1.6492059440e-03
1.9685000000e+00 -1.0959456323e-04 1.6496144861e-03
1.9690000000e+00 -1.0961277421e-04 1.6500228339e-03
1.9695000000e+00 -1.0963084843e-04 1.6504310056e-03
1.9700000000e+00 -1.0964878628e-04 1.6508390195e-03
1.9705000000e+00 -1.0966658801e-04 1.6512468942e-03
1.9710000000e+00 -1.0968425381e-04 1.6516546481e-03
1.9715000000e+00 -1.0970178371e-04 1.6520622997e-03
1.9720000000e+00 -1.0971917768e-04 1.6524698674e-03
1.9725000000e+00 -1.0973643557e-04 1.6528773699e-03
1.9730000000e+00 -1.0975355723e-04 1.6532848256e-03
1.9735000000e+00 -1.0977054244e-04 1.6536922531e-03
1.9740000000e+00 -1.0978739102e-04 1.6540996709e-03
1.9745000000e+00 -1.0980410284e-04 1.6545070975e-03
1.9750000000e+00 -1.0982067785e-04 1.6549145514e-03
1.9755000000e+00 -1.0983711609e-04 1.6553220511e-03
1.9760000000e+00 -1.0985341771e-04 1.6557296150e-03
1.9765000000e+00 -1.0986958297e-04 1.6561372613e-03
1.9770000000e+00 -1.0988561224e-04 1.6565450085e-03
1.9775000000e+00 -1.0990150596e-04 1.6569528746e-03
1.9780000000e+00 -1.0991726463e-04 1.6573608778e-03
1.9785000000e+00 -1.0993288877e-04 1.6577690361e-03
1.9790000000e+00 -1.0994837888e-04 1.6581773676e-03
1.9795000000e+00 -1.0996373543e-04 1.6585858899e-03
1.9800000000e+00 -1.0997895880e-04 1.6589946208e-03
1.9805000000e+00 -1.0999404928e-04 1.6594035779e-03
1.9810000000e+00 -1.1000900706e-04 1.6598127788e-03
1.9815000000e+00 -1.1002383222e-04 1.6602222407e-03
1.9820000000e+00 -1.1003852473e-04 1.6606319809e-03
1.9825000000e+00 -1.1005308448e-04 1.6610420165e-03
1.9830000000e+00 -1.1006751131e-04 1.6614523645e-03
1.9835000000e+00 -1.1008180505e-04 1.6618630415e-03
1.9840000000e+00 -1.1009596551e-04 1.6622740643e-03
1.9845000000e+00 -1.1010999257e-04 1.6626854493e-03
1.9850000000e+00 -1.1012388616e-04 1.6630972128e-03
1.9855000000e+00 -1.1013764632e-04 1.6635093708e-03
1.9860000000e+00 -1.1015127319e-04 1.6639219392e-03
1.9865000000e+00 -1.1016476700e-04 1.6643349337e-03
1.9870000000e+00 -1.1017812811e-04 1.6647483697e-03
1.9875000000e+00 -1.1019135692e-04 1.6651622625e-03
1.9880000000e+00 -1.1020445391e-04 1.6655766271e-03
1.9885000000e+00 -1.1021741959e-04 1.6659914782e-03
1.9890000000e+00 -1.1023025445e-04 1.6664068303e-03
1.9895000000e+00 -1.1024295893e-04 1.6668226977e-03
1.9900000000e+00 -1.1025553341e-04 1.6672390944e-03
1.9905000000e+00 -1.1026797819e-04 1.6676560341e-03
1.9910000000e+00 -1.1028029345e-04 1.6680735303e-03
1.9915000000e+00 -1.1029247927e-04 1.6684915963e-03
1.9920000000e+00 -1.1030453562e-04 1.6689102449e-03
1.9925000000e+00 -1.1031646241e-04 1.6693294888e-03
1.9930000000e+00 -1.1032825948e-04 1.6697493405e-03
1.9935000000e+00 -1.1033992664e-04 1.6701698119e-03
1.9940000000e+00 -1.1035146370e-04 1.6705909150e-03
1.9945000000e+00 -1.1036287052e-04 1.6710126611e-03
1.9950000000e+00 -1.1037414701e-04 1.6714350615e-03
1.9955000000e+00 -1.1038529319e-04 1.6718581269e-03
1.9960000000e+00 -1.1039630915e-04 1.6722818680e-03
1.9965000000e+00 -1.1040719511e-04 1.6727062949e-03
1.9970000000e+00 -1.1041795135e-04 1.6731314175e-03
1.9975000000e+00 -1.1042857827e-04 1.6735572453e-03
1.9980000000e+00 -1.1043907629e-04 1.6739837874e-03
1.9985000000e+00 -1.1044944588e-04 1.6744110527e-03
1.9990000000e+00 -1.1045968750e-04 1.6748390496e-03
1.9995000000e+00 -1.1046980157e-04 1.6752677861e-03
2.0000000000e+00 -1.1047978844e-04 1.6756972701e-03
2.0005000000e+00 -1.1048967909e-04 1.6761275082e-03
2.0010000000e+00 -1.1049961803e-04 1.6765585051e-03
2.0015000000e+00 -1.1050996274e-04 1.6769902632e-03
2.0020000000e+00 -1.1052132019e-04 1.6774227829e-03
2.0025000000e+00 -1.1053445180e-04 1.6778560640e-03
2.0030000000e+00 -1.1055012109e-04 1.6782901059e-03
2.0035000000e+00 -1.1056901483e-04 1.6787249081e-03
2.0040000000e+00 -1.1059173342e-04 1.6791604702e-03
2.0045000000e+00 -1.1061873673e-04 1.6795967923e-03
2.0050000000e+00 -1.1065023453e-04 1.6800338761e-03
2.0055000000e+00 -1.1068616858e-04 1.6804717242e-03
2.0060000000e+00 -1.1072631005e-04 1.6809103397e-03
2.0065000000e+00 -1.1077031567e-04 1.6813497261e-03
2.0070000000e+00 -1.1081768225e-04 1.6817898871e-03
2.0075000000e+00 -1.1086771667e-04 1.6822308278e-03
2.0080000000e+00 -1.1091959891e-04 1.6826725531e-03
2.0085000000e+00 -1.1097249833e-04 1.6831150674e-03
2.0090000000e+00 -1.1102568044e-04 1.6835583739e-03
2.0095000000e+00 -1.1107854271e-04 1.6840024749e-03
2.0100000000e+00 -1.1113058478e-04 1.6844473713e-03
2.0105000000e+00 -1.1118140674e-04 1.6848930628e-03
2.0110000000e+00 -1.1123071911e-04 1.6853395481e-03
2.0115000000e+00 -1.1127824782e-04 1.6857868263e-03
2.0120000000e+00 -1.1132360221e-04 1.6862348986e-03
2.0125000000e+00 -1.1136627775e-04 1.6866837670e-03
2.0130000000e+00 -1.1140578048e-04 1.6871334317e-03
2.0135000000e+00 -1.1144174131e-04 1.6875838896e-03
2.0140000000e+00 -1.1147395345e-04 1.6880351333e-03
2.0145000000e+00 -1.1150236071e-04 1.6884871523e-03
2.0150000000e+00 -1.1152707400e-04 1.6889399337e-03
2.0155000000e+00 -1.1154838962e-04 1.6893934631e-03
2.0160000000e+00 -1.1156669533e-04 1.6898477259e-03
2.0165000000e+00 -1.1158234051e-04 1.6903027090e-03
2.0170000000e+00 -1.1159564700e-04 1.6907584019e-03
2.0175000000e+00 -1.1160701197e-04 1.6912147956e-03
2.0180000000e+00 -1.1161691701e-04 1.6916718828e-03
2.0185000000e+00 -1.1162578957e-04 1.6921296590e-03
2.0190000000e+00 -1.1163389148e-04 1.6925881240e-03
2.0195000000e+00 -1.1164141324e-04 1.6930472794e-03
2.0200000000e+00 -1.1164861681e-04 1.6935071256e-03
2.0205000000e+00 -1.1165578972e-04 1.6939676610e-03
2.0210000000e+00 -1.1166314184e-04 1.6944288834e-03
2.0215000000e+00 -1.1167088210e-04 1.6948907879e-03
2.0220000000e+00 -1.1167939636e-04 1.6953533630e-03
2.0225000000e+00 -1.1168927848e-04 1.6958165910e-03
2.0230000000e+00 -1.1170115389e-04 1.6962804504e-03
2.0235000000e+00 -1.1171550080e-04 1.6967449175e-03
2.0240000000e+00 -1.1173264573e-04 1.6972099658e-03
2.0245000000e+00 -1.1175283435e-04 1.6976755658e-03
2.0250000000e+00 -1.1177619586e-04 1.6981416881e-03
2.0255000000e+00 -1.1180262643e-04 1.6986083057e-03
2.0260000000e+00 -1.1183179829e-04 1.6990753949e-03
2.0265000000e+00 -1.1186334666e-04 1.6995429342e-03
2.0270000000e+00 -1.1189697838e-04 1.7000109046e-03
2.0275000000e+00 -1.1193235682e-04 1.7004792922e-03
2.0280000000e+00 -1.1196899449e-04 1.7009480890e-03
2.0285000000e+00 -1.1200633799e-04 1.7014172903e-03
2.0290000000e+00 -1.1204391203e-04 1.7018868927e-03
2.0295000000e+00 -1.1208133700e-04 1.7023568940e-03
2.0300000000e+00 -1.1211823513e-04 1.7028272939e-03
2.0305000000e+00 -1.1215418867e-04 1.7032980917e-03
2.0310000000e+00 -1.1218882604e-04 1.7037692843e-03
2.0315000000e+00 -1.1222188773e-04 1.7042408648e-03
2.0320000000e+00 -1.1225311912e-04 1.7047128239e-03
2.0325000000e+00 -1.1228215908e-04 1.7051851500e-03
2.0330000000e+00 -1.1230865972e-04 1.7056578265e-03
2.0335000000e+00 -1.1233246704e-04 1.7061308309e-03
2.0340000000e+00 -1.1235359488e-04 1.7066041356e-03
2.0345000000e+00 -1.1237210637e-04 1.7070777109e-03
2.0350000000e+00 -1.1238811970e-04 1.7075515256e-03
2.0355000000e+00 -1.1240189200e-04 1.7080255472e-03
2.0360000000e+00 -1.1241381101e-04 1.7084997444e-03
2.0365000000e+00 -1.1242424692e-04 1.7089740892e-03
2.0370000000e+00 -1.1243341563e-04 1.7094485583e-03
2.0375000000e+00 -1.1244143558e-04 1.7099231301e-03
2.0380000000e+00 -1.1244848748e-04 1.7103977837e-03
2.0385000000e+00 -1.1245481433e-04 1.7108724993e-03
2.0390000000e+00 -1.1246058778e-04 1.7113472601e-03
2.0395000000e+00 -1.1246588598e-04 1.7118220517e-03
2.0400000000e+00 -1.1247081911e-04 1.7122968591e-03
2.0405000000e+00 -1.1247562364e-04 1.7127716658e-03
2.0410000000e+00 -1.1248058949e-04 1.7132464547e-03
2.0415000000e+00 -1.1248593376e-04 1.7137212080e-03
2.0420000000e+00 -1.1249186082e-04 1.7141959057e-03
2.0425000000e+00 -1.1249872481e-04 1.7146705236e-03
2.0430000000e+00 -1.1250698221e-04 1.7151450343e-03
2.0435000000e+00 -1.1251698057e-04 1.7156194097e-03
2.0440000000e+00 -1.1252888730e-04 1.7160936203e-03
2.0445000000e+00 -1.1254278548e-04 1.7165676334e-03
2.0450000000e+00 -1.1255873669e-04 1.7170414140e-03
2.0455000000e+00 -1.1257672310e-04 1.7175149267e-03
2.0460000000e+00 -1.1259656437e-04 1.7179881370e-03
2.0465000000e+00 -1.1261797275e-04 1.7184610107e-03
2.0470000000e+00 -1.1264070883e-04 1.7189335134e-03
2.0475000000e+00 -1.1266459469e-04 1.7194056124e-03
2.0480000000e+00 -1.1268937839e-04 1.7198772795e-03
2.0485000000e+00 -1.1271469727e-04 1.7203484906e-03
2.0490000000e+00 -1.1274018530e-04 1.7208192241e-03
2.0495000000e+00 -1.1276554075e-04 1.7212894606e-03
2.0500000000e+00 -1.1279046125e-04 1.7217591853e-03
2.0505000000e+00 -1.1281457252e-04 1.7222283878e-03
2.0510000000e+00 -1.1283750002e-04 1.7226970594e-03
2.0515000000e+00 -1.1285898933e-04 1.7231651905e-03
2.0520000000e+00 -1.1287888501e-04 1.7236327714e-03
2.0525000000e+00 -1.1289702217e-04 1.7240997929e-03
2.0530000000e+00 -1.1291321899e-04 1.7245662437e-03
2.0535000000e+00 -1.1292738795e-04 1.7250321071e-03
2.0540000000e+00 -1.1293961120e-04 1.7254973607e-03
2.0545000000e+00 -1.1295006772e-04 1.7259619792e-03
2.0550000000e+00 -1.1295892330e-04 1.7264259342e-03
2.0555000000e+00 -1.1296635016e-04 1.7268891932e-03
2.0560000000e+00 -1.1297259534e-04 1.7273517198e-03
2.0565000000e+00 -1.1297793494e-04 1.7278134771e-03
2.0570000000e+00 -1.1298255452e-04 1.7282744294e-03
2.0575000000e+00 -1.1298650934e-04 1.7287345419e-03
2.0580000000e+00 -1.1298982992e-04 1.7291937791e-03
2.0585000000e+00 -1.1299262681e-04 1.7296521070e-03
2.0590000000e+00 -1.1299502726e-04 1.7301094954e-03
2.0595000000e+00 -1.1299708611e-04 1.7305659187e-03
2.0600000000e+00 -1.1299885759e-04 1.7310213546e-03
2.0605000000e+00 -1.1300049190e-04 1.7314757830e-03
2.0610000000e+00 -1.1300220611e-04 1.7319291868e-03
2.0615000000e+00 -1.1300420370e-04 1.7323815508e-03
2.0620000000e+00 -1.1300664602e-04 1.7328328596e-03
2.0625000000e+00 -1.1300970639e-04 1.7332830952e-03
2.0630000000e+00 -1.1301361973e-04 1.7337322370e-03
2.0635000000e+00 -1.1301862066e-04 1.7341802636e-03
2.0640000000e+00 -1.1302484893e-04 1.7346271526e-03
2.0645000000e+00 -1.1303235592e-04 1.7350728784e-03
2.0650000000e+00 -1.1304117593e-04 1.7355174123e-03
2.0655000000e+00 -1.1305132398e-04 1.7359607248e-03
2.0660000000e+00 -1.1306272491e-04 1.7364027878e-03
2.0665000000e+00 -1.1307522152e-04 1.7368435733e-03
2.0670000000e+00 -1.1308865562e-04 1.7372830538e-03
2.0675000000e+00 -1.1310289162e-04 1.7377212033e-03
2.0680000000e+00 -1.1311777032e-04 1.7381579998e-03
2.0685000000e+00 -1.1313305145e-04 1.7385934255e-03
2.0690000000e+00 -1.1314843229e-04 1.7390274643e-03
2.0695000000e+00 -1.1316363551e-04 1.7394601021e-03
2.0700000000e+00 -1.1317840588e-04 1.7398913270e-03
2.0705000000e+00 -1.1319245410e-04 1.7403211305e-03
2.0710000000e+00 -1.1320548698e-04 1.7407495045e-03
2.0715000000e+00 -1.1321727459e-04 1.7411764398e-03
2.0720000000e+00 -1.1322769268e-04 1.7416019261e-03
2.0725000000e+00 -1.1323668515e-04 1.7420259535e-03
2.0730000000e+00 -1.1324419697e-04 1.7424485107e-03
2.0735000000e+00 -1.1325022222e-04 1.7428695836e-03
2.0740000000e+00 -1.1325486330e-04 1.7432891549e-03
2.0745000000e+00 -1.1325828556e-04 1.7437072062e-03
2.0750000000e+00 -1.1326065160e-04 1.7441237192e-03
2.0755000000e+00 -1.1326210343e-04 1.7445386742e-03
2.0760000000e+00 -1.1326280076e-04 1.7449520503e-03
2.0765000000e+00 -1.1326292474e-04 1.7453638261e-03
2.0770000000e+00 -1.1326260551e-04 1.7457739821e-03
2.0775000000e+00 -1.1326189637e-04 1.7461825002e-03
2.0780000000e+00 -1.1326081792e-04 1.7465893614e-03
2.0785000000e+00 -1.1325940264e-04 1.7469945466e-03
2.0790000000e+00 -1.1325770487e-04 1.7473980385e-03
2.0795000000e+00 -1.1325577350e-04 1.7477998219e-03
2.0800000000e+00 -1.1325365355e-04 1.7481998827e-03
2.0805000000e+00 -1.1325142448e-04 1.7485982063e-03
2.0810000000e+00 -1.1324921093e-04 1.7489947791e-03
2.0815000000e+00 -1.1324714127e-04 1.7493895896e-03
2.0820000000e+00 -1.1324531014e-04 1.7497826264e-03
2.0825000000e+00 -1.1324382416e-04 1.7501738771e-03
2.0830000000e+00 -1.1324282966e-04 1.7505633281e-03
2.0835000000e+00 -1.1324245761e-04 1.7509509678e-03
2.0840000000e+00 -1.1324280210e-04 1.7513367872e-03
2.0845000000e+00 -1.1324393075e-04 1.7517207780e-03
2.0850000000e+00 -1.1324589586e-04 1.7521029316e-03
2.0855000000e+00 -1.1324873928e-04 1.7524832406e-03
2.0860000000e+00 -1.1325245060e-04 1.7528616997e-03
2.0865000000e+00 -1.1325695150e-04 1.7532383043e-03
2.0870000000e+00 -1.1326214489e-04 1.7536130491e-03
2.0875000000e+00 -1.1326793518e-04 1.7539859291e-03
2.0880000000e+00 -1.1327418622e-04 1.7543569416e-03
2.0885000000e+00 -1.1328069818e-04 1.7547260861e-03
2.0890000000e+00 -1.1328724184e-04 1.7550933618e-03
2.0895000000e+00 -1.1329359064e-04 1.7554587675e-03
2.0900000000e+00 -1.1329952161e-04 1.7558223034e-03
2.0905000000e+00 -1.1330480312e-04 1.7561839719e-03
2.0910000000e+00 -1.1330920606e-04 1.7565437756e-03
2.0915000000e+00 -1.1331256358e-04 1.7569017158e-03
2.0920000000e+00 -1.1331480001e-04 1.7572577929e-03
2.0925000000e+00 -1.1331588783e-04 1.7576120078e-03
2.0930000000e+00 -1.1331582253e-04 1.7579643610e-03
2.0935000000e+00 -1.1331464690e-04 1.7583148507e-03
2.0940000000e+00 -1.1331246873e-04 1.7586634722e-03
2.0945000000e+00 -1.1330942769e-04 1.7590102198e-03
2.0950000000e+00 -1.1330565244e-04 1.7593550882e-03
2.0955000000e+00 -1.1330126408e-04 1.7596980710e-03
2.0960000000e+00 -1.1329638989e-04 1.7600391607e-03
2.0965000000e+00 -1.1329115618e-04 1.7603783495e-03
2.0970000000e+00 -1.1328565618e-04 1.7607156319e-03
2.0975000000e+00 -1.1327992582e-04 1.7610510050e-03
2.0980000000e+00 -1.1327398127e-04 1.7613844664e-03
2.0985000000e+00 -1.1326785520e-04 1.7617160146e-03
2.0990000000e+00 -1.1326157637e-04 1.7620456514e-03
2.0995000000e+00 -1.1325514733e-04 1.7623733820e-03
2.1000000000e+00 -1.1324856525e-04 1.7626992136e-03
2.1005000000e+00 -1.1324186856e-04 1.7630231533e-03
2.1010000000e+00 -1.1323513213e-04 1.7633452090e-03
2.1015000000e+00 -1.1322841294e-04 1.7636653897e-03
2.1020000000e+00 -1.1322174803e-04 1.7639837048e-03
2.1025000000e+00 -1.1321519721e-04 1.7643001608e-03
2.1030000000e+00 -1.1320885621e-04 1.7646147615e-03
2.1035000000e+00 -1.1320282716e-04 1.7649275101e-03
2.1040000000e+00 -1.1319718042e-04 1.7652384098e-03
2.1045000000e+00 -1.1319196836e-04 1.7655474623e-03
2.1050000000e+00 -1.1318726908e-04 1.7658546676e-03
2.1055000000e+00 -1.1318316036e-04 1.7661600251e-03
2.1060000000e+00 -1.1317965600e-04 1.7664635357e-03
2.1065000000e+00 -1.1317671305e-04 1.7667652016e-03
2.1070000000e+00 -1.1317427199e-04 1.7670650256e-03
2.1075000000e+00 -1.1317226247e-04 1.7673630113e-03
2.1080000000e+00 -1.1317058298e-04 1.7676591667e-03
2.1085000000e+00 -1.1316906850e-04 1.7679535042e-03
2.1090000000e+00 -1.1316751158e-04 1.7682460391e-03
2.1095000000e+00 -1.1316572823e-04 1.7685367870e-03
2.1100000000e+00 -1.1316355442e-04 1.7688257647e-03
2.1105000000e+00 -1.1316080371e-04 1.7691129905e-03
2.1110000000e+00 -1.1315729160e-04 1.7693984826e-03
2.1115000000e+00 -1.1315289520e-04 1.7696822565e-03
2.1120000000e+00 -1.1314756680e-04 1.7699643241e-03
2.1125000000e+00 -1.1314130027e-04 1.7702446949e-03
2.1130000000e+00 -1.1313410441e-04 1.7705233768e-03
2.1135000000e+00 -1.1312601820e-04 1.7708003735e-03
2.1140000000e+00 -1.1311714156e-04 1.7710756843e-03
2.1145000000e+00 -1.1310761301e-04 1.7713493060e-03
2.1150000000e+00 -1.1309754291e-04 1.7716212359e-03
2.1155000000e+00 -1.1308701179e-04 1.7718914710e-03
2.1160000000e+00 -1.1307612055e-04 1.7721600073e-03
2.1165000000e+00 -1.1306498463e-04 1.7724268412e-03
2.1170000000e+00 -1.1305368510e-04 1.7726919719e-03
2.1175000000e+00 -1.1304224868e-04 1.7729554023e-03
2.1180000000e+00 -1.1303067623e-04 1.7732171374e-03
2.1185000000e+00 -1.1301898393e-04 1.7734771827e-03
2.1190000000e+00 -1.1300719399e-04 1.7737355467e-03
2.1195000000e+00 -1.1299528832e-04 1.7739922417e-03
2.1200000000e+00 -1.1298322199e-04 1.7742472820e-03
2.1205000000e+00 -1.1297098341e-04 1.7745006811e-03
2.1210000000e+00 -1.1295860256e-04 1.7747524524e-03
2.1215000000e+00 -1.1294610652e-04 1.7750026097e-03
2.1220000000e+00 -1.1293349523e-04 1.7752511669e-03
2.1225000000e+00 -1.1292078293e-04 1.7754981353e-03
2.1230000000e+00 -1.1290803803e-04 1.7757435224e-03
2.1235000000e+00 -1.1289534995e-04 1.7759873339e-03
2.1240000000e+00 -1.1288278661e-04 1.7762295747e-03
2.1245000000e+00 -1.1287039866e-04 1.7764702473e-03
2.1250000000e+00 -1.1285824976e-04 1.7767093509e-03
2.1255000000e+00 -1.1284642339e-04 1.7769468822e-03
2.1260000000e+00 -1.1283497090e-04 1.7771828374e-03
2.1265000000e+00 -1.1282387257e-04 1.7774172130e-03
2.1270000000e+00 -1.1281307413e-04 1.7776500037e-03
2.1275000000e+00 -1.1280252403e-04 1.7778812038e-03
2.1280000000e+00 -1.1279214953e-04 1.7781108087e-03
2.1285000000e+00 -1.1278181646e-04 1.7783388169e-03
2.1290000000e+00 -1.1277134829e-04 1.7785652287e-03
2.1295000000e+00 -1.1276058600e-04 1.7787900444e-03
2.1300000000e+00 -1.1274939739e-04 1.7790132647e-03
2.1305000000e+00 -1.1273764591e-04 1.7792348918e-03
2.1310000000e+00 -1.1272518540e-04 1.7794549289e-03
2.1315000000e+00 -1.1271190057e-04 1.7796733777e-03
2.1320000000e+00 -1.1269775256e-04 1.7798902379e-03
2.1325000000e+00 -1.1268275268e-04 1.7801055085e-03
2.1330000000e+00 -1.1266691183e-04 1.7803191880e-03
2.1335000000e+00 -1.1265025754e-04 1.7805312722e-03
2.1340000000e+00 -1.1263286909e-04 1.7807417526e-03
2.1345000000e+00 -1.1261486320e-04 1.7809506172e-03
2.1350000000e+00 -1.1259634960e-04 1.7811578519e-03
2.1355000000e+00 -1.1257740659e-04 1.7813634411e-03
2.1360000000e+00 -1.1255810399e-04 1.7815673655e-03
2.1365000000e+00 -1.1253853482e-04 1.7817696032e-03
2.1370000000e+00 -1.1251878548e-04 1.7819701313e-03
2.1375000000e+00 -1.1249888140e-04 1.7821689283e-03
2.1380000000e+00 -1.1247880994e-04 1.7823659727e-03
2.1385000000e+00 -1.1245857086e-04 1.7825612431e-03
2.1390000000e+00 -1.1243816605e-04 1.7827547190e-03
2.1395000000e+00 -1.1241756906e-04 1.7829463838e-03
2.1400000000e+00 -1.1239672244e-04 1.7831362231e-03
2.1405000000e+00 -1.1237557231e-04 1.7833242235e-03
2.1410000000e+00 -1.1235410537e-04 1.7835103718e-03
2.1415000000e+00 -1.1233232888e-04 1.7836946557e-03
2.1420000000e+00 -1.1231023385e-04 1.7838770638e-03
2.1425000000e+00 -1.1228781367e-04 1.7840575830e-03
2.1430000000e+00 -1.1226510483e-04 1.7842361966e-03
2.1435000000e+00 -1.1224218365e-04 1.7844128847e-03
2.1440000000e+00 -1.1221912299e-04 1.7845876255e-03
2.1445000000e+00 -1.1219597224e-04 1.7847603943e-03
2.1450000000e+00 -1.1217278836e-04 1.7849311618e-03
2.1455000000e+00 -1.1214965050e-04 1.7850998941e-03
2.1460000000e+00 -1.1212661799e-04 1.7852665554e-03
2.1465000000e+00 -1.1210369531e-04 1.7854311090e-03
2.1470000000e+00 -1.1208084691e-04 1.7855935162e-03
2.1475000000e+00 -1.1205802863e-04 1.7857537366e-03
2.1480000000e+00 -1.1203518626e-04 1.7859117297e-03
2.1485000000e+00 -1.1201222270e-04 1.7860674575e-03
2.1490000000e+00 -1.1198899790e-04 1.7862208835e-03
2.1495000000e+00 -1.1196537225e-04 1.7863719713e-03
2.1500000000e+00 -1.1194123305e-04 1.7865206847e-03
2.1505000000e+00 -1.1191647603e-04 1.7866669886e-03
2.1510000000e+00 -1.1189098721e-04 1.7868108497e-03
2.1515000000e+00 -1.1186467037e-04 1.7869522337e-03
2.1520000000e+00 -1.1183748267e-04 1.7870911048e-03
2.1525000000e+00 -1.1180942915e-04 1.7872274262e-03
2.1530000000e+00 -1.1178053212e-04 1.7873611612e-03
2.1535000000e+00 -1.1175081854e-04 1.7874922720e-03
2.1540000000e+00 -1.1172034534e-04 1.7876207172e-03
2.1545000000e+00 -1.1168921712e-04 1.7877464522e-03
2.1550000000e+00 -1.1165754264e-04 1.7878694316e-03
2.1555000000e+00 -1.1162539873e-04 1.7879896088e-03
2.1560000000e+00 -1.1159285547e-04 1.7881069356e-03
2.1565000000e+00 -1.1155999433e-04 1.7882213622e-03
2.1570000000e+00 -1.1152688781e-04 1.7883328385e-03
2.1575000000e+00 -1.1149357228e-04 1.7884413164e-03
2.1580000000e+00 -1.1146004514e-04 1.7885467482e-03
2.1585000000e+00 -1.1142628907e-04 1.7886490861e-03
2.1590000000e+00 -1.1139229130e-04 1.7887482825e-03
2.1595000000e+00 -1.1135802567e-04 1.7888442921e-03
2.1600000000e+00 -1.1132343094e-04 1.7889370710e-03
2.1605000000e+00 -1.1128844201e-04 1.7890265755e-03
2.1610000000e+00 -1.1125302677e-04 1.7891127608e-03
2.1615000000e+00 -1.1121717475e-04 1.7891955823e-03
2.1620000000e+00 -1.1118087305e-04 1.7892749962e-03
2.1625000000e+00 -1.1114411430e-04 1.7893509581e-03
2.1630000000e+00 -1.1110692466e-04 1.7894234220e-03
2.1635000000e+00 -1.1106936753e-04 1.7894923400e-03
2.1640000000e+00 -1.1103151573e-04 1.7895576647e-03
2.1645000000e+00 -1.1099342725e-04 1.7896193488e-03
2.1650000000e+00 -1.1095516072e-04 1.7896773436e-03
2.1655000000e+00 -1.1091679265e-04 1.7897315989e-03
2.1660000000e+00 -1.1087838874e-04 1.7897820646e-03
2.1665000000e+00 -1.1083997364e-04 1.7898286921e-03
2.1670000000e+00 -1.1080153820e-04 1.7898714328e-03
2.1675000000e+00 -1.1076305624e-04 1.7899102379e-03
2.1680000000e+00 -1.1072449088e-04 1.7899450592e-03
2.1685000000e+00 -1.1068577878e-04 1.7899758509e-03
2.1690000000e+00 -1.1064681517e-04 1.7900025696e-03
2.1695000000e+00 -1.1060748779e-04 1.7900251724e-03
2.1700000000e+00 -1.1056770532e-04 1.7900436174e-03
2.1705000000e+00 -1.1052738460e-04 1.7900578646e-03
2.1710000000e+00 -1.1048643879e-04 1.7900678766e-03
2.1715000000e+00 -1.1044478854e-04 1.7900736174e-03
2.1720000000e+00 -1.1040239510e-04 1.7900750512e-03
2.1725000000e+00 -1.1035926681e-04 1.7900721432e-03
2.1730000000e+00 -1.1031542555e-04 1.7900648605e-03
2.1735000000e+00 -1.1027090063e-04 1.7900531719e-03
2.1740000000e+00 -1.1022575348e-04 1.7900370454e-03
2.1745000000e+00 -1.1018007671e-04 1.7900164487e-03
2.1750000000e+00 -1.1013397199e-04 1.7899913499e-03
2.1755000000e+00 -1.1008752922e-04 1.7899617193e-03
2.1760000000e+00 -1.1004082248e-04 1.7899275274e-03
2.1765000000e+00 -1.0999392775e-04 1.7898887454e-03
2.1770000000e+00 -1.0994692005e-04 1.7898453461e-03
2.1775000000e+00 -1.0989984119e-04 1.7897973055e-03
2.1780000000e+00 -1.0985269170e-04 1.7897446028e-03
2.1785000000e+00 -1.0980545984e-04 1.7896872186e-03
2.1790000000e+00 -1.0975813270e-04 1.7896251354e-03
2.1795000000e+00 -1.0971067971e-04 1.7895583394e-03
2.1800000000e+00 -1.0966304563e-04 1.7894868206e-03
2.1805000000e+00 -1.0961516918e-04 1.7894105713e-03
2.1810000000e+00 -1.0956701012e-04 1.7893295857e-03
2.1815000000e+00 -1.0951855232e-04 1.7892438594e-03
2.1820000000e+00 -1.0946978421e-04 1.7891533913e-03
2.1825000000e+00 -1.0942069685e-04 1.7890581816e-03
2.1830000000e+00 -1.0937131318e-04 1.7889582307e-03
2.1835000000e+00 -1.0932169328e-04 1.7888535388e-03
2.1840000000e+00 -1.0927190501e-04 1.7887441076e-03
2.1845000000e+00 -1.0922201073e-04 1.7886299402e-03
2.1850000000e+00 -1.0917207523e-04 1.7885110401e-03
2.1855000000e+00 -1.0912217288e-04 1.7883874107e-03
2.1860000000e+00 -1.0907237642e-04 1.7882590571e-03
2.1865000000e+00 -1.0902272952e-04 1.7881259878e-03
2.1870000000e+00 -1.0897323808e-04 1.7879882146e-03
2.1875000000e+00 -1.0892389382e-04 1.7878457518e-03
2.1880000000e+00 -1.0887468406e-04 1.7876986172e-03
2.1885000000e+00 -1.0882556721e-04 1.7875468340e-03
2.1890000000e+00 -1.0877646495e-04 1.7873904310e-03
2.1895000000e+00 -1.0872729001e-04 1.7872294411e-03
2.1900000000e+00 -1.0867796724e-04 1.7870639006e-03
2.1905000000e+00 -1.0862842940e-04 1.7868938500e-03
2.1910000000e+00 -1.0857860511e-04 1.7867193340e-03
2.1915000000e+00 -1.0852842686e-04 1.7865404004e-03
2.1920000000e+00 -1.0847786131e-04 1.7863570981e-03
2.1925000000e+00 -1.0842691341e-04 1.7861694771e-03
2.1930000000e+00 -1.0837560516e-04 1.7859775892e-03
2.1935000000e+00 -1.0832396871e-04 1.7857814880e-03
2.1940000000e+00 -1.0827205740e-04 1.7855812270e-03
2.1945000000e+00 -1.0821995701e-04 1.7853768592e-03
2.1950000000e+00 -1.0816776897e-04 1.7851684389e-03
2.1955000000e+00 -1.0811558060e-04 1.7849560227e-03
2.1960000000e+00 -1.0806346434e-04 1.7847396694e-03
2.1965000000e+00 -1.0801149552e-04 1.7845194393e-03
2.1970000000e+00 -1.0795974651e-04 1.7842953958e-03
2.1975000000e+00 -1.0790826023e-04 1.7840676066e-03
2.1980000000e+00 -1.0785704185e-04 1.7838361444e-03
2.1985000000e+00 -1.0780607878e-04 1.7836010851e-03
2.1990000000e+00 -1.0775535550e-04 1.7833625081e-03
2.1995000000e+00 -1.0770484475e-04 1.7831204970e-03
2.2000000000e+00 -1.0765449395e-04 1.7828751403e-03
2.2005000000e+00 -1.0760423849e-04 1.7826265302e-03
2.2010000000e+00 -1.0755403566e-04 1.7823747613e-03
2.2015000000e+00 -1.0750386449e-04 1.7821199304e-03
2.2020000000e+00 -1.0745370680e-04 1.7818621370e-03
2.2025000000e+00 -1.0740355271e-04 1.7816014828e-03
2.2030000000e+00 -1.0735341558e-04 1.7813380698e-03
2.2035000000e+00 -1.0730334086e-04 1.7810719999e-03
2.2040000000e+00 -1.0725339525e-04 1.7808033756e-03
2.2045000000e+00 -1.0720363892e-04 1.7805323014e-03
2.2050000000e+00 -1.0715412715e-04 1.7802588824e-03
2.2055000000e+00 -1.0710493238e-04 1.7799832241e-03
2.2060000000e+00 -1.0705612965e-04 1.7797054328e-03
2.2065000000e+00 -1.0700776643e-04 1.7794256180e-03
2.2070000000e+00 -1.0695985987e-04 1.7791438923e-03
2.2075000000e+00 -1.0691241224e-04 1.7788603704e-03
2.2080000000e+00 -1.0686541811e-04 1.7785751698e-03
2.2085000000e+00 -1.0681885151e-04 1.7782884119e-03
2.2090000000e+00 -1.0677265267e-04 1.7780002229e-03
2.2095000000e+00 -1.0672674406e-04 1.7777107326e-03
2.2100000000e+00 -1.0668105716e-04 1.7774200733e-03
2.2105000000e+00 -1.0663553224e-04 1.7771283802e-03
2.2110000000e+00 -1.0659010489e-04 1.7768357927e-03
2.2115000000e+00 -1.0654471106e-04 1.7765424529e-03
2.2120000000e+00 -1.0649931132e-04 1.7762485040e-03
2.2125000000e+00 -1.0645390272e-04 1.7759540899e-03
2.2130000000e+00 -1.0640850384e-04 1.7756593558e-03
2.2135000000e+00 -1.0636314001e-04 1.7753644482e-03
2.2140000000e+00 -1.0631785262e-04 1.7750695130e-03
2.2145000000e+00 -1.0627271405e-04 1.7747746947e-03
2.2150000000e+00 -1.0622781541e-04 1.7744801371e-03
2.2155000000e+00 -1.0618323820e-04 1.7741859843e-03
2.2160000000e+00 -1.0613904781e-04 1.7738923801e-03
2.2165000000e+00 -1.0609530897e-04 1.7735994678e-03
2.2170000000e+00 -1.0605208593e-04 1.7733073900e-03
2.2175000000e+00 -1.0600941946e-04 1.7730162908e-03
2.2180000000e+00 -1.0596731400e-04 1.7727263166e-03
2.2185000000e+00 -1.0592575193e-04 1.7724376147e-03
2.2190000000e+00 -1.0588471191e-04 1.7721503337e-03
2.2195000000e+00 -1.0584416354e-04 1.7718646246e-03
2.2200000000e+00 -1.0580405407e-04 1.7715806416e-03
2.2205000000e+00 -1.0576431845e-04 1.7712985418e-03
2.2210000000e+00 -1.0572490227e-04 1.7710184837e-03
2.2215000000e+00 -1.0568577230e-04 1.7707406272e-03
2.2220000000e+00 -1.0564690826e-04 1.7704651339e-03
2.2225000000e+00 -1.0560829099e-04 1.7701921668e-03
2.2230000000e+00 -1.0556991686e-04 1.7699218881e-03
2.2235000000e+00 -1.0553181941e-04 1.7696544585e-03
2.2240000000e+00 -1.0549405247e-04 1.7693900375e-03
2.2245000000e+00 -1.0545666590e-04 1.7691287840e-03
2.2250000000e+00 -1.0541971055e-04 1.7688708555e-03
2.2255000000e+00 -1.0538324696e-04 1.7686164072e-03
2.2260000000e+00 -1.0534734081e-04 1.7683655922e-03
2.2265000000e+00 -1.0531204355e-04 1.7681185630e-03
2.2270000000e+00 -1.0527737631e-04 1.7678754719e-03
2.2275000000e+00 -1.0524334119e-04 1.7676364704e-03
2.2280000000e+00 -1.0520993540e-04 1.7674017093e-03
2.2285000000e+00 -1.0517713971e-04 1.7671713401e-03
2.2290000000e+00 -1.0514490353e-04 1.7669455157e-03
2.2295000000e+00 -1.0511315662e-04 1.7667243904e-03
2.2300000000e+00 -1.0508183019e-04 1.7665081187e-03
2.2305000000e+00 -1.0505086283e-04 1.7662968554e-03
2.2310000000e+00 -1.0502019396e-04 1.7660907563e-03
2.2315000000e+00 -1.0498975956e-04 1.7658899783e-03
2.2320000000e+00 -1.0495951042e-04 1.7656946771e-03
2.2325000000e+00 -1.0492943296e-04 1.7655050066e-03
2.2330000000e+00 -1.0489953723e-04 1.7653211192e-03
2.2335000000e+00 -1.0486983877e-04 1.7651431657e-03
2.2340000000e+00 -1.0484036749e-04 1.7649712944e-03
2.2345000000e+00 -1.0481118014e-04 1.7648056495e-03
2.2350000000e+00 -1.0478235161e-04 1.7646463719e-03
2.2355000000e+00 -1.0475395466e-04 1.7644935999e-03
2.2360000000e+00 -1.0472604817e-04 1.7643474697e-03
2.2365000000e+00 -1.0469868527e-04 1.7642081141e-03
2.2370000000e+00 -1.0467191847e-04 1.7640756634e-03
2.2375000000e+00 -1.0464578373e-04 1.7639502461e-03
2.2380000000e+00 -1.0462028586e-04 1.7638319904e-03
2.2385000000e+00 -1.0459540462e-04 1.7637210233e-03
2.2390000000e+00 -1.0457111091e-04 1.7636174701e-03
2.2395000000e+00 -1.0454737039e-04 1.7635214552e-03
2.2400000000e+00 -1.0452413236e-04 1.7634331028e-03
2.2405000000e+00 -1.0450132869e-04 1.7633525369e-03
2.2410000000e+00 -1.0447889667e-04 1.7632798797e-03
2.2415000000e+00 -1.0445679571e-04 1.7632152515e-03
2.2420000000e+00 -1.0443499561e-04 1.7631587709e-03
2.2425000000e+00 -1.0441346902e-04 1.7631105548e-03
2.2430000000e+00 -1.0439220498e-04 1.7630707176e-03
2.2435000000e+00 -1.0437121945e-04 1.7630393695e-03
2.2440000000e+00 -1.0435055137e-04 1.7630166174e-03
2.2445000000e+00 -1.0433024617e-04 1.7630025654e-03
2.2450000000e+00 -1.0431034582e-04 1.7629973148e-03
2.2455000000e+00 -1.0429090055e-04 1.7630009627e-03
2.2460000000e+00 -1.0427196980e-04 1.7630136022e-03
2.2465000000e+00 -1.0425360161e-04 1.7630353236e-03
2.2470000000e+00 -1.0423582068e-04 1.7630662145e-03
2.2475000000e+00 -1.0421863239e-04 1.7631063593e-03
2.2480000000e+00 -1.0420203261e-04 1.7631558387e-03
2.2485000000e+00 -1.0418600564e-04 1.7632147308e-03
2.2490000000e+00 -1.0417051044e-04 1.7632831119e-03
2.2495000000e+00 -1.0415548256e-04 1.7633610563e-03
2.2500000000e+00 -1.0414085347e-04 1.7634486352e-03
2.2505000000e+00 -1.0412656314e-04 1.7635459166e-03
2.2510000000e+00 -1.0411255216e-04 1.7636529660e-03
2.2515000000e+00 -1.0409875533e-04 1.7637698468e-03
2.2520000000e+00 -1.0408512135e-04 1.7638966185e-03
2.2525000000e+00 -1.0407162787e-04 1.7640333363e-03
2.2530000000e+00 -1.0405827268e-04 1.7641800514e-03
2.2535000000e+00 -1.0404506658e-04 1.7643368113e-03
2.2540000000e+00 -1.0403203237e-04 1.7645036592e-03
2.2545000000e+00 -1.0401921100e-04 1.7646806330e-03
2.2550000000e+00 -1.0400666541e-04 1.7648677653e-03
2.2555000000e+00 -1.0399446113e-04 1.7650650845e-03
2.2560000000e+00 -1.0398265070e-04 1.7652726151e-03
2.2565000000e+00 -1.0397128090e-04 1.7654903766e-03
2.2570000000e+00 -1.0396039661e-04 1.7657183841e-03
2.2575000000e+00 -1.0395003049e-04 1.7659566486e-03
2.2580000000e+00 -1.0394018954e-04 1.7662051781e-03
2.2585000000e+00 -1.0393085391e-04 1.7664639775e-03
2.2590000000e+00 -1.0392199361e-04 1.7667330478e-03
2.2595000000e+00 -1.0391357454e-04 1.7670123867e-03
2.2600000000e+00 -1.0390554621e-04 1.7673019892e-03
2.2605000000e+00 -1.0389784293e-04 1.7676018480e-03
2.2610000000e+00 -1.0389040199e-04 1.7679119523e-03
2.2615000000e+00 -1.0388317513e-04 1.7682322872e-03
2.2620000000e+00 -1.0387612664e-04 1.7685628340e-03
2.2625000000e+00 -1.0386922741e-04 1.7689035706e-03
2.2630000000e+00 -1.0386245875e-04 1.7692544704e-03
2.2635000000e+00 -1.0385582650e-04 1.7696155010e-03
2.2640000000e+00 -1.0384936061e-04 1.7699866244e-03
2.2645000000e+00 -1.0384309911e-04 1.7703677977e-03
2.2650000000e+00 -1.0383708075e-04 1.7707589728e-03
2.2655000000e+00 -1.0383135032e-04 1.7711600960e-03
2.2660000000e+00 -1.0382596042e-04 1.7715711071e-03
2.2665000000e+00 -1.0382095965e-04 1.7719919414e-03
2.2670000000e+00 -1.0381637669e-04 1.7724225295e-03
2.2675000000e+00 -1.0381221948e-04 1.7728627978e-03
2.2680000000e+00 -1.0380848746e-04 1.7733126680e-03
2.2685000000e+00 -1.0380517063e-04 1.7737720578e-03
2.2690000000e+00 -1.0380223490e-04 1.7742408823e-03
2.2695000000e+00 -1.0379962355e-04 1.7747190536e-03
2.2700000000e+00 -1.0379727542e-04 1.7752064806e-03
2.2705000000e+00 -1.0379513206e-04 1.7757030681e-03
2.2710000000e+00 -1.0379313477e-04 1.7762087175e-03
2.2715000000e+00 -1.0379122496e-04 1.7767233265e-03
2.2720000000e+00 -1.0378935065e-04 1.7772467888e-03
2.2725000000e+00 -1.0378748137e-04 1.7777789924e-03
2.2730000000e+00 -1.0378561199e-04 1.7783198198e-03
2.2735000000e+00 -1.0378374888e-04 1.7788691487e-03
2.2740000000e+00 -1.0378190721e-04 1.7794268515e-03
2.2745000000e+00 -1.0378012138e-04 1.7799927941e-03
2.2750000000e+00 -1.0377844497e-04 1.7805668362e-03
2.2755000000e+00 -1.0377693689e-04 1.7811488324e-03
2.2760000000e+00 -1.0377564791e-04 1.7817386324e-03
2.2765000000e+00 -1.0377462087e-04 1.7823360812e-03
2.2770000000e+00 -1.0377389744e-04 1.7829410191e-03
2.2775000000e+00 -1.0377351062e-04 1.7835532822e-03
2.2780000000e+00 -1.0377346971e-04 1.7841727039e-03
2.2785000000e+00 -1.0377376002e-04 1.7847991152e-03
2.2790000000e+00 -1.0377435512e-04 1.7854323436e-03
2.2795000000e+00 -1.0377522219e-04 1.7860722143e-03
2.2800000000e+00 -1.0377631530e-04 1.7867185498e-03
2.2805000000e+00 -1.0377757478e-04 1.7873711711e-03
2.2810000000e+00 -1.0377893909e-04 1.7880298960e-03
2.2815000000e+00 -1.0378035783e-04 1.7886945388e-03
2.2820000000e+00 -1.0378179415e-04 1.7893649100e-03
2.2825000000e+00 -1.0378321791e-04 1.7900408167e-03
2.2830000000e+00 -1.0378460731e-04 1.7907220619e-03
2.2835000000e+00 -1.0378596164e-04 1.7914084434e-03
2.2840000000e+00 -1.0378730418e-04 1.7920997534e-03
2.2845000000e+00 -1.0378866947e-04 1.7927957800e-03
2.2850000000e+00 -1.0379009341e-04 1.7934963064e-03
2.2855000000e+00 -1.0379161674e-04 1.7942011112e-03
2.2860000000e+00 -1.0379328981e-04 1.7949099682e-03
2.2865000000e+00 -1.0379516144e-04 1.7956226469e-03
2.2870000000e+00 -1.0379726298e-04 1.7963389140e-03
2.2875000000e+00 -1.0379960814e-04 1.7970585334e-03
2.2880000000e+00 -1.0380220160e-04 1.7977812660e-03
2.2885000000e+00 -1.0380503702e-04 1.7985068701e-03
2.2890000000e+00 -1.0380808864e-04 1.7992351030e-03
2.2895000000e+00 -1.0381131148e-04 1.7999657210e-03
2.2900000000e+00 -1.0381464897e-04 1.8006984788e-03
2.2905000000e+00 -1.0381804565e-04 1.8014331296e-03
2.2910000000e+00 -1.0382145049e-04 1.8021694252e-03
2.2915000000e+00 -1.0382480791e-04 1.8029071163e-03
2.2920000000e+00 -1.0382806615e-04 1.8036459521e-03
2.2925000000e+00 -1.0383119460e-04 1.8043856796e-03
2.2930000000e+00 -1.0383418298e-04 1.8051260430e-03
2.2935000000e+00 -1.0383703418e-04 1.8058667847e-03
2.2940000000e+00 -1.0383976159e-04 1.8066076452e-03
2.2945000000e+00 -1.0384239204e-04 1.8073483617e-03
2.2950000000e+00 -1.0384497222e-04 1.8080886685e-03
2.2955000000e+00 -1.0384755796e-04 1.8088282972e-03
2.2960000000e+00 -1.0385019696e-04 1.8095669774e-03
2.2965000000e+00 -1.0385293123e-04 1.8103044371e-03
2.2970000000e+00 -1.0385580161e-04 1.8110404020e-03
2.2975000000e+00 -1.0385884039e-04 1.8117745967e-03
2.2980000000e+00 -1.0386206176e-04 1.8125067454e-03
2.2985000000e+00 -1.0386545775e-04 1.8132365729e-03
2.2990000000e+00 -1.0386900551e-04 1.8139638043e-03
2.2995000000e+00 -1.0387267518e-04 1.8146881648e-03
2.3000000000e+00 -1.0387642752e-04 1.8154093811e-03
2.3005000000e+00 -1.0388020957e-04 1.8161271817e-03
2.3010000000e+00 -1.0388396189e-04 1.8168412965e-03
2.3015000000e+00 -1.0388763488e-04 1.8175514563e-03
2.3020000000e+00 -1.0389119232e-04 1.8182573925e-03
2.3025000000e+00 -1.0389460351e-04 1.8189588377e-03
2.3030000000e+00 -1.0389784551e-04 1.8196555254e-03
2.3035000000e+00 -1.0390091385e-04 1.8203471890e-03
2.3040000000e+00 -1.0390382614e-04 1.8210335612e-03
2.3045000000e+00 -1.0390661344e-04 1.8217143746e-03
2.3050000000e+00 -1.0390930975e-04 1.8223893621e-03
2.3055000000e+00 -1.0391195402e-04 1.8230582563e-03
2.3060000000e+00 -1.0391459370e-04 1.8237207891e-03
2.3065000000e+00 -1.0391727625e-04 1.8243766926e-03
2.3070000000e+00 -1.0392003764e-04 1.8250256998e-03
2.3075000000e+00 -1.0392289742e-04 1.8256675453e-03
2.3080000000e+00 -1.0392586252e-04 1.8263019652e-03
2.3085000000e+00 -1.0392893200e-04 1.8269286975e-03
2.3090000000e+00 -1.0393208984e-04 1.8275474833e-03
2.3095000000e+00 -1.0393529837e-04 1.8281580676e-03
2.3100000000e+00 -1.0393850806e-04 1.8287601992e-03
2.3105000000e+00 -1.0394166980e-04 1.8293536304e-03
2.3110000000e+00 -1.0394473551e-04 1.8299381175e-03
2.3115000000e+00 -1.0394765513e-04 1.8305134211e-03
2.3120000000e+00 -1.0395038078e-04 1.8310793061e-03
2.3125000000e+00 -1.0395287885e-04 1.8316355406e-03
2.3130000000e+00 -1.0395513693e-04 1.8321818957e-03
2.3135000000e+00 -1.0395715652e-04 1.8327181458e-03
2.3140000000e+00 -1.0395894699e-04 1.8332440687e-03
2.3145000000e+00 -1.0396053180e-04 1.8337594446e-03
2.3150000000e+00 -1.0396195227e-04 1.8342640558e-03
2.3155000000e+00 -1.0396325844e-04 1.8347576871e-03
2.3160000000e+00 -1.0396449835e-04 1.8352401264e-03
2.3165000000e+00 -1.0396571455e-04 1.8357111649e-03
2.3170000000e+00 -1.0396694532e-04 1.8361705968e-03
2.3175000000e+00 -1.0396822392e-04 1.8366182202e-03
2.3180000000e+00 -1.0396957058e-04 1.8370538375e-03
2.3185000000e+00 -1.0397098292e-04 1.8374772566e-03
2.3190000000e+00 -1.0397244212e-04 1.8378882905e-03
2.3195000000e+00 -1.0397392434e-04 1.8382867573e-03
2.3200000000e+00 -1.0397539620e-04 1.8386724808e-03
2.3205000000e+00 -1.0397680999e-04 1.8390452911e-03
2.3210000000e+00 -1.0397811277e-04 1.8394050245e-03
2.3215000000e+00 -1.0397925698e-04 1.8397515227e-03
2.3220000000e+00 -1.0398020552e-04 1.8400846327e-03
2.3225000000e+00 -1.0398092997e-04 1.8404042073e-03
2.3230000000e+00 -1.0398140780e-04 1.8407101049e-03
2.3235000000e+00 -1.0398163144e-04 1.8410021887e-03
2.3240000000e+00 -1.0398161454e-04 1.8412803262e-03
2.3245000000e+00 -1.0398138451e-04 1.8415443900e-03
2.3250000000e+00 -1.0398097478e-04 1.8417942574e-03
2.3255000000e+00 -1.0398042319e-04 1.8420298107e-03
2.3260000000e+00 -1.0397977361e-04 1.8422509366e-03
2.3265000000e+00 -1.0397907371e-04 1.8424575267e-03
2.3270000000e+00 -1.0397836345e-04 1.8426494782e-03
2.3275000000e+00 -1.0397766600e-04 1.8428266944e-03
2.3280000000e+00 -1.0397699336e-04 1.8429890842e-03
2.3285000000e+00 -1.0397635002e-04 1.8431365629e-03
2.3290000000e+00 -1.0397572637e-04 1.8432690522e-03
2.3295000000e+00 -1.0397509428e-04 1.8433864815e-03
2.3300000000e+00 -1.0397441220e-04 1.8434887872e-03
2.3305000000e+00 -1.0397363569e-04 1.8435759126e-03
2.3310000000e+00 -1.0397272229e-04 1.8436478079e-03
2.3315000000e+00 -1.0397162695e-04 1.8437044308e-03
2.3320000000e+00 -1.0397030516e-04 1.8437457459e-03
2.3325000000e+00 -1.0396872486e-04 1.8437717248e-03
2.3330000000e+00 -1.0396687098e-04 1.8437823448e-03
2.3335000000e+00 -1.0396474255e-04 1.8437775899e-03
2.3340000000e+00 -1.0396234929e-04 1.8437574503e-03
2.3345000000e+00 -1.0395971158e-04 1.8437219223e-03
2.3350000000e+00 -1.0395686447e-04 1.8436710074e-03
2.3355000000e+00 -1.0395385587e-04 1.8436047129e-03
2.3360000000e+00 -1.0395073403e-04 1.8435230517e-03
2.3365000000e+00 -1.0394754035e-04 1.8434260432e-03
2.3370000000e+00 -1.0394431339e-04 1.8433137124e-03
2.3375000000e+00 -1.0394108934e-04 1.8431860899e-03
2.3380000000e+00 -1.0393789113e-04 1.8430432132e-03
2.3385000000e+00 -1.0393472240e-04 1.8428851266e-03
2.3390000000e+00 -1.0393157237e-04 1.8427118813e-03
2.3395000000e+00 -1.0392842122e-04 1.8425235349e-03
2.3400000000e+00 -1.0392524054e-04 1.8423201520e-03
2.3405000000e+00 -1.0392199148e-04 1.8421018046e-03
2.3410000000e+00 -1.0391862654e-04 1.8418685720e-03
2.3415000000e+00 -1.0391510057e-04 1.8416205400e-03
2.3420000000e+00 -1.0391137919e-04 1.8413578013e-03
2.3425000000e+00 -1.0390743467e-04 1.8410804549e-03
2.3430000000e+00 -1.0390324601e-04 1.8407886064e-03
2.3435000000e+00 -1.0389880519e-04 1.8404823674e-03
2.3440000000e+00 -1.0389412121e-04 1.8401618547e-03
2.3445000000e+00 -1.0388921931e-04 1.8398271904e-03
2.3450000000e+00 -1.0388413269e-04 1.8394785021e-03
2.3455000000e+00 -1.0387889677e-04 1.8391159226e-03
2.3460000000e+00 -1.0387355408e-04 1.8387395899e-03
2.3465000000e+00 -1.0386815247e-04 1.8383496465e-03
2.3470000000e+00 -1.0386273313e-04 1.8379462408e-03
2.3475000000e+00 -1.0385732402e-04 1.8375295268e-03
2.3480000000e+00 -1.0385194194e-04 1.8370996645e-03
2.3485000000e+00 -1.0384659582e-04 1.8366568197e-03
2.3490000000e+00 -1.0384128227e-04 1.8362011641e-03
2.3495000000e+00 -1.0383598124e-04 1.8357328766e-03
2.3500000000e+00 -1.0383065935e-04 1.8352521423e-03
2.3505000000e+00 -1.0382527785e-04 1.8347591526e-03
2.3510000000e+00 -1.0381979800e-04 1.8342541051e-03
2.3515000000e+00 -1.0381418035e-04 1.8337372032e-03
2.3520000000e+00 -1.0380838505e-04 1.8332086565e-03
2.3525000000e+00 -1.0380238014e-04 1.8326686797e-03
2.3530000000e+00 -1.0379614906e-04 1.8321174922e-03
2.3535000000e+00 -1.0378969026e-04 1.8315553176e-03
2.3540000000e+00 -1.0378301200e-04 1.8309823843e-03
2.3545000000e+00 -1.0377613104e-04 1.8303989241e-03
2.3550000000e+00 -1.0376907949e-04 1.8298051726e-03
2.3555000000e+00 -1.0376190217e-04 1.8292013683e-03
2.3560000000e+00 -1.0375464444e-04 1.8285877531e-03
2.3565000000e+00 -1.0374734852e-04 1.8279645732e-03
2.3570000000e+00 -1.0374005416e-04 1.8273320778e-03
2.3575000000e+00 -1.0373279640e-04 1.8266905200e-03
2.3580000000e+00 -1.0372560180e-04 1.8260401569e-03
2.3585000000e+00 -1.0371848045e-04 1.8253812502e-03
2.3590000000e+00 -1.0371142585e-04 1.8247140662e-03
2.3595000000e+00 -1.0370442320e-04 1.8240388757e-03
2.3600000000e+00 -1.0369744987e-04 1.8233559535e-03
2.3605000000e+00 -1.0369047203e-04 1.8226655796e-03
2.3610000000e+00 -1.0368344845e-04 1.8219680381e-03
2.3615000000e+00 -1.0367633767e-04 1.8212636176e-03
2.3620000000e+00 -1.0366910494e-04 1.8205526097e-03
2.3625000000e+00 -1.0366172486e-04 1.8198353094e-03
2.3630000000e+00 -1.0365417754e-04 1.8191120150e-03
2.3635000000e+00 -1.0364645191e-04 1.8183830272e-03
2.3640000000e+00 -1.0363855464e-04 1.8176486484e-03
2.3645000000e+00 -1.0363050820e-04 1.8169091825e-03
2.3650000000e+00 -1.0362234188e-04 1.8161649353e-03
2.3655000000e+00 -1.0361408979e-04 1.8154162142e-03
2.3660000000e+00 -1.0360579285e-04 1.8146633280e-03
2.3665000000e+00 -1.0359749594e-04 1.8139065867e-03
2.3670000000e+00 -1.0358924058e-04 1.8131463019e-03
2.3675000000e+00 -1.0358105811e-04 1.8123827874e-03
2.3680000000e+00 -1.0357296851e-04 1.8116163590e-03
2.3685000000e+00 -1.0356498284e-04 1.8108473344e-03
2.3690000000e+00 -1.0355710259e-04 1.8100760336e-03
2.3695000000e+00 -1.0354931455e-04 1.8093027791e-03
2.3700000000e+00 -1.0354159077e-04 1.8085278959e-03
2.3705000000e+00 -1.0353389683e-04 1.8077517112e-03
2.3710000000e+00 -1.0352619785e-04 1.8069745541e-03
2.3715000000e+00 -1.0351845770e-04 1.8061967553e-03
2.3720000000e+00 -1.0351063920e-04 1.8054186475e-03
2.3725000000e+00 -1.0350271054e-04 1.8046405643e-03
2.3730000000e+00 -1.0349465355e-04 1.8038628397e-03
2.3735000000e+00 -1.0348646420e-04 1.8030858078e-03
2.3740000000e+00 -1.0347814728e-04 1.8023098027e-03
2.3745000000e+00 -1.0346971710e-04 1.8015351581e-03
2.3750000000e+00 -1.0346120124e-04 1.8007622066e-03
2.3755000000e+00 -1.0345263855e-04 1.7999912796e-03
2.3760000000e+00 -1.0344407220e-04 1.7992227075e-03
2.3765000000e+00 -1.0343554331e-04 1.7984568197e-03
2.3770000000e+00 -1.0342708924e-04 1.7976939447e-03
2.3775000000e+00 -1.0341874486e-04 1.7969344096e-03
2.3780000000e+00 -1.0341053771e-04 1.7961785409e-03
2.3785000000e+00 -1.0340248061e-04 1.7954266649e-03
2.3790000000e+00 -1.0339457189e-04 1.7946791076e-03
2.3795000000e+00 -1.0338679926e-04 1.7939361948e-03
2.3800000000e+00 -1.0337914286e-04 1.7931982517e-03
2.3805000000e+00 -1.0337157454e-04 1.7924656037e-03
2.3810000000e+00 -1.0336405642e-04 1.7917385763e-03
2.3815000000e+00 -1.0335654803e-04 1.7910174946e-03
2.3820000000e+00 -1.0334901647e-04 1.7903026827e-03
2.3825000000e+00 -1.0334143556e-04 1.7895944637e-03
2.3830000000e+00 -1.0333378337e-04 1.7888931597e-03
2.3835000000e+00 -1.0332604797e-04 1.7881990910e-03
2.3840000000e+00 -1.0331823195e-04 1.7875125754e-03
2.3845000000e+00 -1.0331035138e-04 1.7868339280e-03
2.3850000000e+00 -1.0330243245e-04 1.7861634610e-03
2.3855000000e+00 -1.0329450676e-04 1.7855014837e-03
2.3860000000e+00 -1.0328661011e-04 1.7848483021e-03
2.3865000000e+00 -1.0327878373e-04 1.7842042185e-03
2.3870000000e+00 -1.0327106847e-04 1.7835695319e-03
2.3875000000e+00 -1.0326349572e-04 1.7829445384e-03
2.3880000000e+00 -1.0325608610e-04 1.7823295309e-03
2.3885000000e+00 -1.0324885268e-04 1.7817247994e-03
2.3890000000e+00 -1.0324179898e-04 1.7811306311e-03
2.3895000000e+00 -1.0323491555e-04 1.7805473107e-03
2.3900000000e+00 -1.0322817915e-04 1.7799751210e-03
2.3905000000e+00 -1.0322155801e-04 1.7794143425e-03
2.3910000000e+00 -1.0321501925e-04 1.7788652528e-03
2.3915000000e+00 -1.0320852889e-04 1.7783281272e-03
2.3920000000e+00 -1.0320205052e-04 1.7778032385e-03
2.3925000000e+00 -1.0319555222e-04 1.7772908564e-03
2.3930000000e+00 -1.0318901348e-04 1.7767912470e-03
2.3935000000e+00 -1.0318242554e-04 1.7763046720e-03
2.3940000000e+00 -1.0317579012e-04 1.7758313894e-03
2.3945000000e+00 -1.0316911784e-04 1.7753716524e-03
2.3950000000e+00 -1.0316242996e-04 1.7749257089e-03
2.3955000000e+00 -1.0315575968e-04 1.7744938018e-03
2.3960000000e+00 -1.0314914612e-04 1.7740761682e-03
2.3965000000e+00 -1.0314262726e-04 1.7736730404e-03
2.3970000000e+00 -1.0313623818e-04 1.7732846453e-03
2.3975000000e+00 -1.0313001111e-04 1.7729112046e-03
2.3980000000e+00 -1.0312397322e-04 1.7725529348e-03
2.3985000000e+00 -1.0311813958e-04 1.7722100482e-03
2.3990000000e+00 -1.0311250985e-04 1.7718827525e-03
2.3995000000e+00 -1.0310707411e-04 1.7715712514e-03
2.4000000000e+00 -1.0310181549e-04 1.7712757440e-03
2.4005000000e+00 -1.0309670753e-04 1.7709964256e-03
2.4010000000e+00 -1.0309171519e-04 1.7707334875e-03
2.4015000000e+00 -1.0308680075e-04 1.7704871171e-03
2.4020000000e+00 -1.0308192999e-04 1.7702574969e-03
2.4025000000e+00 -1.0307707487e-04 1.7700448048e-03
2.4030000000e+00 -1.0307221326e-04 1.7698492140e-03
2.4035000000e+00 -1.0306733052e-04 1.7696708922e-03
2.4040000000e+00 -1.0306242354e-04 1.7695100016e-03
2.4045000000e+00 -1.0305750370e-04 1.7693666978e-03
2.4050000000e+00 -1.0305259303e-04 1.7692411306e-03
2.4055000000e+00 -1.0304771799e-04 1.7691334433e-03
2.4060000000e+00 -1.0304291027e-04 1.7690437727e-03
2.4065000000e+00 -1.0303820729e-04 1.7689722491e-03
2.4070000000e+00 -1.0303364631e-04 1.7689189959e-03
2.4075000000e+00 -1.0302925829e-04 1.7688841305e-03
2.4080000000e+00 -1.0302506454e-04 1.7688677643e-03
2.4085000000e+00 -1.0302107760e-04 1.7688700026e-03
2.4090000000e+00 -1.0301730287e-04 1.7688909447e-03
2.4095000000e+00 -1.0301373382e-04 1.7689306843e-03
2.4100000000e+00 -1.0301034966e-04 1.7689893103e-03
2.4105000000e+00 -1.0300712213e-04 1.7690669058e-03
2.4110000000e+00 -1.0300401988e-04 1.7691635486e-03
2.4115000000e+00 -1.0300100894e-04 1.7692793109e-03
2.4120000000e+00 -1.0299805492e-04 1.7694142595e-03
2.4125000000e+00 -1.0299512593e-04 1.7695684556e-03
2.4130000000e+00 -1.0299219757e-04 1.7697419541e-03
2.4135000000e+00 -1.0298925795e-04 1.7699348038e-03
2.4140000000e+00 -1.0298630568e-04 1.7701470467e-03
2.4145000000e+00 -1.0298334660e-04 1.7703787186e-03
2.4150000000e+00 -1.0298039670e-04 1.7706298482e-03
2.4155000000e+00 -1.0297748381e-04 1.7709004574e-03
2.4160000000e+00 -1.0297464231e-04 1.7711905606e-03
2.4165000000e+00 -1.0297190678e-04 1.7715001658e-03
2.4170000000e+00 -1.0296930950e-04 1.7718292742e-03
2.4175000000e+00 -1.0296688084e-04 1.7721778800e-03
2.4180000000e+00 -1.0296464679e-04 1.7725459709e-03
2.4185000000e+00 -1.0296262269e-04 1.7729335284e-03
2.4190000000e+00 -1.0296081088e-04 1.7733405281e-03
2.4195000000e+00 -1.0295920364e-04 1.7737669400e-03
2.4200000000e+00 -1.0295778511e-04 1.7742127278e-03
2.4205000000e+00 -1.0295653150e-04 1.7746778501e-03
2.4210000000e+00 -1.0295541121e-04 1.7751622602e-03
2.4215000000e+00 -1.0295438773e-04 1.7756659059e-03
2.4220000000e+00 -1.0295342646e-04 1.7761887294e-03
2.4225000000e+00 -1.0295249898e-04 1.7767306670e-03
2.4230000000e+00 -1.0295158201e-04 1.7772916496e-03
2.4235000000e+00 -1.0295065815e-04 1.7778716018e-03
2.4240000000e+00 -1.0294972081e-04 1.7784704421e-03
2.4245000000e+00 -1.0294877667e-04 1.7790880823e-03
2.4250000000e+00 -1.0294784260e-04 1.7797244274e-03
2.4255000000e+00 -1.0294694168e-04 1.7803793760e-03
2.4260000000e+00 -1.0294610144e-04 1.7810528201e-03
2.4265000000e+00 -1.0294535471e-04 1.7817446448e-03
2.4270000000e+00 -1.0294473655e-04 1.7824547284e-03
2.4275000000e+00 -1.0294427643e-04 1.7831829433e-03
2.4280000000e+00 -1.0294399526e-04 1.7839291555e-03
2.4285000000e+00 -1.0294390721e-04 1.7846932257e-03
2.4290000000e+00 -1.0294401797e-04 1.7854750084e-03
2.4295000000e+00 -1.0294432259e-04 1.7862743532e-03
2.4300000000e+00 -1.0294480514e-04 1.7870911048e-03
2.4305000000e+00 -1.0294543958e-04 1.7879251032e-03
2.4310000000e+00 -1.0294619520e-04 1.7887761837e-03
2.4315000000e+00 -1.0294704070e-04 1.7896441767e-03
2.4320000000e+00 -1.0294794307e-04 1.7905289079e-03
2.4325000000e+00 -1.0294886945e-04 1.7914301986e-03
2.4330000000e+00 -1.0294979440e-04 1.7923478650e-03
2.4335000000e+00 -1.0295070345e-04 1.7932817180e-03
2.4340000000e+00 -1.0295159122e-04 1.7942315632e-03
2.4345000000e+00 -1.0295246021e-04 1.7951972010e-03
2.4350000000e+00 -1.0295332244e-04 1.7961784262e-03
2.4355000000e+00 -1.0295420036e-04 1.7971750281e-03
2.4360000000e+00 -1.0295512378e-04 1.7981867901e-03
2.4365000000e+00 -1.0295612435e-04 1.7992134904e-03
2.4370000000e+00 -1.0295723212e-04 1.8002549021e-03
2.4375000000e+00 -1.0295847530e-04 1.8013107933e-03
2.4380000000e+00 -1.0295987860e-04 1.8023809271e-03
2.4385000000e+00 -1.0296145817e-04 1.8034650628e-03
2.4390000000e+00 -1.0296321854e-04 1.8045629554e-03
2.4395000000e+00 -1.0296515390e-04 1.8056743568e-03
2.4400000000e+00 -1.0296725009e-04 1.8067990150e-03
2.4405000000e+00 -1.0296948612e-04 1.8079366750e-03
2.4410000000e+00 -1.0297183339e-04 1.8090870788e-03
2.4415000000e+00 -1.0297425702e-04 1.8102499655e-03
2.4420000000e+00 -1.0297672322e-04 1.8114250711e-03
2.4425000000e+00 -1.0297920341e-04 1.8126121282e-03
2.4430000000e+00 -1.0298167304e-04 1.8138108661e-03
2.4435000000e+00 -1.0298411335e-04 1.8150210107e-03
2.4440000000e+00 -1.0298651477e-04 1.8162422840e-03
2.4445000000e+00 -1.0298887957e-04 1.8174744043e-03
2.4450000000e+00 -1.0299122076e-04 1.8187170858e-03
2.4455000000e+00 -1.0299355729e-04 1.8199700386e-03
2.4460000000e+00 -1.0299591332e-04 1.8212329695e-03
2.4465000000e+00 -1.0299831848e-04 1.8225055810e-03
2.4470000000e+00 -1.0300080388e-04 1.8237875723e-03
2.4475000000e+00 -1.0300339796e-04 1.8250786393e-03
2.4480000000e+00 -1.0300612273e-04 1.8263784752e-03
2.4485000000e+00 -1.0300899152e-04 1.8276867705e-03
2.4490000000e+00 -1.0301201083e-04 1.8290032138e-03
2.4495000000e+00 -1.0301517912e-04 1.8303274914e-03
2.4500000000e+00 -1.0301848261e-04 1.8316592884e-03
2.4505000000e+00 -1.0302189768e-04 1.8329982889e-03
2.4510000000e+00 -1.0302539666e-04 1.8343441753e-03
2.4515000000e+00 -1.0302894950e-04 1.8356966290e-03
2.4520000000e+00 -1.0303252396e-04 1.8370553306e-03
2.4525000000e+00 -1.0303608849e-04 1.8384199592e-03
2.4530000000e+00 -1.0303961664e-04 1.8397901930e-03
2.4535000000e+00 -1.0304309102e-04 1.8411657081e-03
2.4540000000e+00 -1.0304650369e-04 1.8425461796e-03
2.4545000000e+00 -1.0304985434e-04 1.8439312804e-03
2.4550000000e+00 -1.0305315087e-04 1.8453206823e-03
2.4555000000e+00 -1.0305641137e-04 1.8467140544e-03
2.4560000000e+00 -1.0305966145e-04 1.8481110646e-03
2.4565000000e+00 -1.0306292952e-04 1.8495113786e-03
2.4570000000e+00 -1.0306624379e-04 1.8509146611e-03
2.4575000000e+00 -1.0306963044e-04 1.8523205752e-03
2.4580000000e+00 -1.0307311255e-04 1.8537287830e-03
2.4585000000e+00 -1.0307670728e-04 1.8551389461e-03
2.4590000000e+00 -1.0308042102e-04 1.8565507259e-03
2.4595000000e+00 -1.0308424916e-04 1.8579637836e-03
2.4600000000e+00 -1.0308818020e-04 1.8593777809e-03
2.4605000000e+00 -1.0309219578e-04 1.8607923798e-03
2.4610000000e+00 -1.0309626923e-04 1.8622072431e-03
2.4615000000e+00 -1.0310036843e-04 1.8636220344e-03
2.4620000000e+00 -1.0310446099e-04 1.8650364181e-03
2.4625000000e+00 -1.0310851771e-04 1.8664500591e-03
2.4630000000e+00 -1.0311251367e-04 1.8678626230e-03
2.4635000000e+00 -1.0311642912e-04 1.8692737757e-03
2.4640000000e+00 -1.0312025214e-04 1.8706831838e-03
2.4645000000e+00 -1.0312398134e-04 1.8720905136e-03
2.4650000000e+00 -1.0312762553e-04 1.8734954313e-03
2.4655000000e+00 -1.0313120088e-04 1.8748976035e-03
2.4660000000e+00 -1.0313472839e-04 1.8762966963e-03
2.4665000000e+00 -1.0313823344e-04 1.8776923760e-03
2.4670000000e+00 -1.0314174486e-04 1.8790843088e-03
2.4675000000e+00 -1.0314529022e-04 1.8804721614e-03
2.4680000000e+00 -1.0314889044e-04 1.8818556009e-03
2.4685000000e+00 -1.0315255959e-04 1.8832342955e-03
2.4690000000e+00 -1.0315630568e-04 1.8846079146e-03
2.4695000000e+00 -1.0316012841e-04 1.8859761291e-03
2.4700000000e+00 -1.0316401685e-04 1.8873386118e-03
2.4705000000e+00 -1.0316795092e-04 1.8886950378e-03
2.4710000000e+00 -1.0317190494e-04 1.8900450846e-03
2.4715000000e+00 -1.0317585038e-04 1.8913884318e-03
2.4720000000e+00 -1.0317975708e-04 1.8927247617e-03
2.4725000000e+00 -1.0318359447e-04 1.8940537589e-03
2.4730000000e+00 -1.0318733560e-04 1.8953751105e-03
2.4735000000e+00 -1.0319096161e-04 1.8966885054e-03
2.4740000000e+00 -1.0319446214e-04 1.8979936345e-03
2.4745000000e+00 -1.0319783437e-04 1.8992901905e-03
2.4750000000e+00 -1.0320108363e-04 1.9005778678e-03
2.4755000000e+00 -1.0320422367e-04 1.9018563619e-03
2.4760000000e+00 -1.0320727626e-04 1.9031253699e-03
2.4765000000e+00 -1.0321026791e-04 1.9043845903e-03
2.4770000000e+00 -1.0321322437e-04 1.9056337230e-03
2.4775000000e+00 -1.0321616979e-04 1.9068724697e-03
2.4780000000e+00 -1.0321912742e-04 1.9081005339e-03
2.4785000000e+00 -1.0322211454e-04 1.9093176214e-03
2.4790000000e+00 -1.0322513844e-04 1.9105234403e-03
2.4795000000e+00 -1.0322819790e-04 1.9117177017e-03
2.4800000000e+00 -1.0323128364e-04 1.9129001198e-03
2.4805000000e+00 -1.0323437905e-04 1.9140704117e-03
2.4810000000e+00 -1.0323746113e-04 1.9152282982e-03
2.4815000000e+00 -1.0324050078e-04 1.9163735035e-03
2.4820000000e+00 -1.0324346687e-04 1.9175057556e-03
2.4825000000e+00 -1.0324633103e-04 1.9186247855e-03
2.4830000000e+00 -1.0324906860e-04 1.9197303277e-03
2.4835000000e+00 -1.0325165958e-04 1.9208221202e-03
2.4840000000e+00 -1.0325409053e-04 1.9218999037e-03
2.4845000000e+00 -1.0325635722e-04 1.9229634219e-03
2.4850000000e+00 -1.0325846591e-04 1.9240124209e-03
2.4855000000e+00 -1.0326043005e-04 1.9250466497e-03
2.4860000000e+00 -1.0326226775e-04 1.9260658597e-03
2.4865000000e+00 -1.0326400210e-04 1.9270698050e-03
2.4870000000e+00 -1.0326565991e-04 1.9280582420e-03
2.4875000000e+00 -1.0326726729e-04 1.9290309301e-03
2.4880000000e+00 -1.0326884560e-04 1.9299876319e-03
2.4885000000e+00 -1.0327041006e-04 1.9309281130e-03
2.4890000000e+00 -1.0327196991e-04 1.9318521428e-03
2.4895000000e+00 -1.0327352695e-04 1.9327594941e-03
2.4900000000e+00 -1.0327507366e-04 1.9336499441e-03
2.4905000000e+00 -1.0327659359e-04 1.9345232742e-03
2.4910000000e+00 -1.0327806393e-04 1.9353792699e-03
2.4915000000e+00 -1.0327945875e-04 1.9362177214e-03
2.4920000000e+00 -1.0328075025e-04 1.9370384229e-03
2.4925000000e+00 -1.0328190997e-04 1.9378411734e-03
2.4930000000e+00 -1.0328291182e-04 1.9386257760e-03
2.4935000000e+00 -1.0328373608e-04 1.9393920377e-03
2.4940000000e+00 -1.0328437148e-04 1.9401397697e-03
2.4945000000e+00 -1.0328481426e-04 1.9408687867e-03
2.4950000000e+00 -1.0328506706e-04 1.9415789074e-03
2.4955000000e+00 -1.0328514124e-04 1.9422699538e-03
2.4960000000e+00 -1.0328505675e-04 1.9429417515e-03
2.4965000000e+00 -1.0328483725e-04 1.9435941294e-03
2.4970000000e+00 -1.0328450733e-04 1.9442269200e-03
2.4975000000e+00 -1.0328409161e-04 1.9448399596e-03
2.4980000000e+00 -1.0328361246e-04 1.9454330881e-03
2.4985000000e+00 -1.0328308776e-04 1.9460061495e-03
2.4990000000e+00 -1.0328252822e-04 1.9465589922e-03
2.4995000000e+00 -1.0328193515e-04 1.9470914688e-03
2.5000000000e+00 -1.0328130202e-04 1.9476034368e-03
2.5005000000e+00 -1.0328061608e-04 1.9480947585e-03
2.5010000000e+00 -1.0327985802e-04 1.9485653009e-03
2.5015000000e+00 -1.0327900228e-04 1.9490149366e-03
2.5020000000e+00 -1.0327802083e-04 1.9494435429e-03
2.5025000000e+00 -1.0327688705e-04 1.9498510024e-03
2.5030000000e+00 -1.0327557771e-04 1.9502372023e-03
2.5035000000e+00 -1.0327407372e-04 1.9506020350e-03
2.5040000000e+00 -1.0327236139e-04 1.9509453977e-03
2.5045000000e+00 -1.0327043548e-04 1.9512671919e-03
2.5050000000e+00 -1.0326830068e-04 1.9515673236e-03
2.5055000000e+00 -1.0326596873e-04 1.9518457033e-03
2.5060000000e+00 -1.0326345631e-04 1.9521022455e-03
2.5065000000e+00 -1.0326078551e-04 1.9523368695e-03
2.5070000000e+00 -1.0325798181e-04 1.9525494984e-03
2.5075000000e+00 -1.0325507085e-04 1.9527400601e-03
2.5080000000e+00 -1.0325207539e-04 1.9529084869e-03
2.5085000000e+00 -1.0324901259e-04 1.9530547162e-03
2.5090000000e+00 -1.0324589348e-04 1.9531786902e-03
2.5095000000e+00 -1.0324272299e-04 1.9532803565e-03
2.5100000000e+00 -1.0323949782e-04 1.9533596678e-03
2.5105000000e+00 -1.0323620566e-04 1.9534165828e-03
2.5110000000e+00 -1.0323282772e-04 1.9534510659e-03
2.5115000000e+00 -1.0322934167e-04 1.9534630870e-03
2.5120000000e+00 -1.0322572336e-04 1.9534526220e-03
2.5125000000e+00 -1.0322194731e-04 1.9534196525e-03
2.5130000000e+00 -1.0321798924e-04 1.9533641659e-03
2.5135000000e+00 -1.0321383078e-04 1.9532861549e-03
2.5140000000e+00 -1.0320946101e-04 1.9531856177e-03
2.5145000000e+00 -1.0320487525e-04 1.9530625574e-03
2.5150000000e+00 -1.0320007611e-04 1.9529169825e-03
2.5155000000e+00 -1.0319507422e-04 1.9527489062e-03
2.5160000000e+00 -1.0318988715e-04 1.9525583466e-03
2.5165000000e+00 -1.0318453800e-04 1.9523453265e-03
2.5170000000e+00 -1.0317905186e-04 1.9521098736e-03
2.5175000000e+00 -1.0317345299e-04 1.9518520207e-03
2.5180000000e+00 -1.0316776464e-04 1.9515718057e-03
2.5185000000e+00 -1.0316200690e-04 1.9512692716e-03
2.5190000000e+00 -1.0315619306e-04 1.9509444672e-03
2.5195000000e+00 -1.0315032822e-04 1.9505974471e-03
2.5200000000e+00 -1.0314440992e-04 1.9502282719e-03
2.5205000000e+00 -1.0313842935e-04 1.9498370081e-03
2.5210000000e+00 -1.0313237175e-04 1.9494237287e-03
2.5215000000e+00 -1.0312621624e-04 1.9489885129e-03
2.5220000000e+00 -1.0311993845e-04 1.9485314464e-03
2.5225000000e+00 -1.0311351489e-04 1.9480526209e-03
2.5230000000e+00 -1.0310692488e-04 1.9475521343e-03
2.5235000000e+00 -1.0310015082e-04 1.9470300906e-03
2.5240000000e+00 -1.0309318018e-04 1.9464865995e-03
2.5245000000e+00 -1.0308600829e-04 1.9459217763e-03
2.5250000000e+00 -1.0307863879e-04 1.9453357416e-03
2.5255000000e+00 -1.0307108255e-04 1.9447286216e-03
2.5260000000e+00 -1.0306335660e-04 1.9441005475e-03
2.5265000000e+00 -1.0305548220e-04 1.9434516558e-03
2.5270000000e+00 -1.0304748399e-04 1.9427820884e-03
2.5275000000e+00 -1.0303938861e-04 1.9420919924e-03
2.5280000000e+00 -1.0303122034e-04 1.9413815202e-03
2.5285000000e+00 -1.0302299807e-04 1.9406508302e-03
2.5290000000e+00 -1.0301473586e-04 1.9399000864e-03
2.5295000000e+00 -1.0300644211e-04 1.9391294591e-03
2.5300000000e+00 -1.0299811745e-04 1.9383391243e-03
2.5305000000e+00 -1.0298975433e-04 1.9375292648e-03
2.5310000000e+00 -1.0298133846e-04 1.9367000696e-03
2.5315000000e+00 -1.0297285178e-04 1.9358517342e-03
2.5320000000e+00 -1.0296427390e-04 1.9349844602e-03
2.5325000000e+00 -1.0295558263e-04 1.9340984559e-03
2.5330000000e+00 -1.0294675692e-04 1.9331939355e-03
2.5335000000e+00 -1.0293778007e-04 1.9322711193e-03
2.5340000000e+00 -1.0292864136e-04 1.9313302332e-03
2.5345000000e+00 -1.0291933705e-04 1.9303715087e-03
2.5350000000e+00 -1.0290986989e-04 1.9293951827e-03
2.5355000000e+00 -1.0290024936e-04 1.9284014975e-03
2.5360000000e+00 -1.0289049237e-04 1.9273907002e-03
2.5365000000e+00 -1.0288062152e-04 1.9263630430e-03
2.5370000000e+00 -1.0287066166e-04 1.9253187834e-03
2.5375000000e+00 -1.0286063763e-04 1.9242581837e-03
2.5380000000e+00 -1.0285057357e-04 1.9231815117e-03
2.5385000000e+00 -1.0284049108e-04 1.9220890404e-03
2.5390000000e+00 -1.0283040625e-04 1.9209810483e-03
2.5395000000e+00 -1.0282032753e-04 1.9198578197e-03
2.5400000000e+00 -1.0281025613e-04 1.9187196446e-03
2.5405000000e+00 -1.0280018731e-04 1.9175668190e-03
2.5410000000e+00 -1.0279011038e-04 1.9163996449e-03
2.5415000000e+00 -1.0278000842e-04 1.9152184302e-03
2.5420000000e+00 -1.0276986118e-04 1.9140234890e-03
2.5425000000e+00 -1.0275964827e-04 1.9128151412e-03
2.5430000000e+00 -1.0274935059e-04 1.9115937124e-03
2.5435000000e+00 -1.0273895249e-04 1.9103595336e-03
2.5440000000e+00 -1.0272844305e-04 1.9091129414e-03
2.5445000000e+00 -1.0271781687e-04 1.9078542773e-03
2.5450000000e+00 -1.0270707681e-04 1.9065838878e-03
2.5455000000e+00 -1.0269623364e-04 1.9053021238e-03
2.5460000000e+00 -1.0268530300e-04 1.9040093408e-03
2.5465000000e+00 -1.0267430500e-04 1.9027058988e-03
2.5470000000e+00 -1.0266326407e-04 1.9013921620e-03
2.5475000000e+00 -1.0265220627e-04 1.9000684986e-03
2.5480000000e+00 -1.0264115615e-04 1.8987352815e-03
2.5485000000e+00 -1.0263013438e-04 1.8973928879e-03
2.5490000000e+00 -1.0261915671e-04 1.8960416993e-03
2.5495000000e+00 -1.0260823376e-04 1.8946821020e-03
2.5500000000e+00 -1.0259736927e-04 1.8933144870e-03
2.5505000000e+00 -1.0258655914e-04 1.8919392501e-03
2.5510000000e+00 -1.0257579284e-04 1.8905567919e-03
2.5515000000e+00 -1.0256505536e-04 1.8891675181e-03
2.5520000000e+00 -1.0255432888e-04 1.8877718389e-03
2.5525000000e+00 -1.0254359410e-04 1.8863701694e-03
2.5530000000e+00 -1.0253283192e-04 1.8849629293e-03
2.5535000000e+00 -1.0252202612e-04 1.8835505423e-03
2.5540000000e+00 -1.0251116615e-04 1.8821334365e-03
2.5545000000e+00 -1.0250024782e-04 1.8807120434e-03
2.5550000000e+00 -1.0248927282e-04 1.8792867982e-03
2.5555000000e+00 -1.0247824899e-04 1.8778581396e-03
2.5560000000e+00 -1.0246719140e-04 1.8764265090e-03
2.5565000000e+00 -1.0245612086e-04 1.8749923509e-03
2.5570000000e+00 -1.0244506071e-04 1.8735561124e-03
2.5575000000e+00 -1.0243403490e-04 1.8721182435e-03
2.5580000000e+00 -1.0242306713e-04 1.8706791969e-03
2.5585000000e+00 -1.0241217903e-04 1.8692394282e-03
2.5590000000e+00 -1.0240138742e-04 1.8677993956e-03
2.5595000000e+00 -1.0239070255e-04 1.8663595603e-03
2.5600000000e+00 -1.0238012790e-04 1.8649203868e-03
2.5605000000e+00 -1.0236966077e-04 1.8634823424e-03
2.5610000000e+00 -1.0235929251e-04 1.8620458975e-03
2.5615000000e+00 -1.0234900925e-04 1.8606115257e-03
2.5620000000e+00 -1.0233879300e-04 1.8591797036e-03
2.5625000000e+00 -1.0232862412e-04 1.8577509106e-03
2.5630000000e+00 -1.0231848465e-04 1.8563256288e-03
2.5635000000e+00 -1.0230835951e-04 1.8549043425e-03
2.5640000000e+00 -1.0229823657e-04 1.8534875383e-03
2.5645000000e+00 -1.0228810936e-04 1.8520757046e-03
2.5650000000e+00 -1.0227797903e-04 1.8506693313e-03
2.5655000000e+00 -1.0226785334e-04 1.8492689092e-03
2.5660000000e+00 -1.0225774557e-04 1.8478749304e-03
2.5665000000e+00 -1.0224767371e-04 1.8464878878e-03
2.5670000000e+00 -1.0223765935e-04 1.8451082746e-03
2.5675000000e+00 -1.0222772641e-04 1.8437365846e-03
2.5680000000e+00 -1.0221789830e-04 1.8423733123e-03
2.5685000000e+00 -1.0220819483e-04 1.8410189524e-03
2.5690000000e+00 -1.0219863185e-04 1.8396740001e-03
2.5695000000e+00 -1.0218922024e-04 1.8383389512e-03
2.5700000000e+00 -1.0217996448e-04 1.8370143021e-03
2.5705000000e+00 -1.0217086233e-04 1.8357005496e-03
2.5710000000e+00 -1.0216190488e-04 1.8343981912e-03
2.5715000000e+00 -1.0215307808e-04 1.8331077249e-03
2.5720000000e+00 -1.0214436534e-04 1.8318296490e-03
2.5725000000e+00 -1.0213574839e-04 1.8305644619e-03
2.5730000000e+00 -1.0212720801e-04 1.8293126624e-03
2.5735000000e+00 -1.0211872733e-04 1.8280747487e-03
2.5740000000e+00 -1.0211029454e-04 1.8268512185e-03
2.5745000000e+00 -1.0210190328e-04 1.8256425686e-03
2.5750000000e+00 -1.0209355245e-04 1.8244492947e-03
2.5755000000e+00 -1.0208524726e-04 1.8232718913e-03
2.5760000000e+00 -1.0207699940e-04 1.8221108508e-03
2.5765000000e+00 -1.0206882592e-04 1.8209666639e-03
2.5770000000e+00 -1.0206074727e-04 1.8198398190e-03
2.5775000000e+00 -1.0205278503e-04 1.8187308025e-03
2.5780000000e+00 -1.0204496057e-04 1.8176400984e-03
2.5785000000e+00 -1.0203729365e-04 1.8165681882e-03
2.5790000000e+00 -1.0202980028e-04 1.8155155512e-03
2.5795000000e+00 -1.0202249086e-04 1.8144826642e-03
2.5800000000e+00 -1.0201536905e-04 1.8134700017e-03
2.5805000000e+00 -1.0200843240e-04 1.8124780357e-03
2.5810000000e+00 -1.0200167348e-04 1.8115072358e-03
2.5815000000e+00 -1.0199507932e-04 1.8105580691e-03
2.5820000000e+00 -1.0198863224e-04 1.8096309999e-03
2.5825000000e+00 -1.0198231316e-04 1.8087264898e-03
2.5830000000e+00 -1.0197610372e-04 1.8078449973e-03
2.5835000000e+00 -1.0196998737e-04 1.8069869772e-03
2.5840000000e+00 -1.0196395076e-04 1.8061528810e-03
2.5845000000e+00 -1.0195798526e-04 1.8053431562e-03
2.5850000000e+00 -1.0195208864e-04 1.8045582458e-03
2.5855000000e+00 -1.0194626544e-04 1.8037985882e-03
2.5860000000e+00 -1.0194052556e-04 1.8030646170e-03
2.5865000000e+00 -1.0193488343e-04 1.8023567606e-03
2.5870000000e+00 -1.0192935740e-04 1.8016754421e-03
2.5875000000e+00 -1.0192396814e-04 1.8010210791e-03
2.5880000000e+00 -1.0191873645e-04 1.8003940834e-03
2.5885000000e+00 -1.0191368094e-04 1.7997948615e-03
2.5890000000e+00 -1.0190881608e-04 1.7992238138e-03
2.5895000000e+00 -1.0190415184e-04 1.7986813354e-03
2.5900000000e+00 -1.0189969308e-04 1.7981678154e-03
2.5905000000e+00 -1.0189543816e-04 1.7976836371e-03
2.5910000000e+00 -1.0189137855e-04 1.7972291782e-03
2.5915000000e+00 -1.0188750111e-04 1.7968048106e-03
2.5920000000e+00 -1.0188378996e-04 1.7964109000e-03
2.5925000000e+00 -1.0188022660e-04 1.7960478060e-03
2.5930000000e+00 -1.0187679173e-04 1.7957158818e-03
2.5935000000e+00 -1.0187346805e-04 1.7954154741e-03
2.5940000000e+00 -1.0187024176e-04 1.7951469224e-03
2.5945000000e+00 -1.0186710405e-04 1.7949105592e-03
2.5950000000e+00 -1.0186405178e-04 1.7947067091e-03
2.5955000000e+00 -1.0186108704e-04 1.7945356892e-03
2.5960000000e+00 -1.0185821792e-04 1.7943978082e-03
2.5965000000e+00 -1.0185545824e-04 1.7942933663e-03
2.5970000000e+00 -1.0185282538e-04 1.7942226552e-03
2.5975000000e+00 -1.0185033833e-04 1.7941859579e-03
2.5980000000e+00 -1.0184801615e-04 1.7941835485e-03
2.5985000000e+00 -1.0184587679e-04 1.7942156922e-03
2.5990000000e+00 -1.0184393551e-04 1.7942826452e-03
2.5995000000e+00 -1.0184220244e-04 1.7943846548e-03
2.6000000000e+00 -1.0184068137e-04 1.7945219595e-03
2.6005000000e+00 -1.0183937084e-04 1.7946947888e-03
2.6010000000e+00 -1.0183826420e-04 1.7949033633e-03
2.6015000000e+00 -1.0183734936e-04 1.7951478946e-03
2.6020000000e+00 -1.0183660999e-04 1.7954285850e-03
2.6025000000e+00 -1.0183602769e-04 1.7957456277e-03
2.6030000000e+00 -1.0183558395e-04 1.7960992065e-03
2.6035000000e+00 -1.0183526193e-04 1.7964894951e-03
2.6040000000e+00 -1.0183504747e-04 1.7969166574e-03
2.6045000000e+00 -1.0183493048e-04 1.7973808469e-03
2.6050000000e+00 -1.0183490660e-04 1.7978822066e-03
2.6055000000e+00 -1.0183497762e-04 1.7984208685e-03
2.6060000000e+00 -1.0183515100e-04 1.7989969533e-03
2.6065000000e+00 -1.0183543874e-04 1.7996105706e-03
2.6070000000e+00 -1.0183585630e-04 1.8002618184e-03
2.6075000000e+00 -1.0183642201e-04 1.8009507829e-03
2.6080000000e+00 -1.0183715533e-04 1.8016775389e-03
2.6085000000e+00 -1.0183807355e-04 1.8024421493e-03
2.6090000000e+00 -1.0183919057e-04 1.8032446656e-03
2.6095000000e+00 -1.0184051679e-04 1.8040851275e-03
2.6100000000e+00 -1.0184205766e-04 1.8049635633e-03
2.6105000000e+00 -1.0184381236e-04 1.8058799898e-03
2.6110000000e+00 -1.0184577427e-04 1.8068344124e-03
2.6115000000e+00 -1.0184793199e-04 1.8078268249e-03
2.6120000000e+00 -1.0185027041e-04 1.8088572098e-03
2.6125000000e+00 -1.0185277240e-04 1.8099255378e-03
2.6130000000e+00 -1.0185541989e-04 1.8110317681e-03
2.6135000000e+00 -1.0185819541e-04 1.8121758476e-03
2.6140000000e+00 -1.0186108470e-04 1.8133577113e-03
2.6145000000e+00 -1.0186407821e-04 1.8145772817e-03
2.6150000000e+00 -1.0186717111e-04 1.8158344685e-03
2.6155000000e+00 -1.0187036382e-04 1.8171291688e-03
2.6160000000e+00 -1.0187366227e-04 1.8184612664e-03
2.6165000000e+00 -1.0187707779e-04 1.8198306320e-03
2.6170000000e+00 -1.0188062584e-04 1.8212371229e-03
2.6175000000e+00 -1.0188432367e-04 1.8226805832e-03
2.6180000000e+00 -1.0188818879e-04 1.8241608436e-03
2.6185000000e+00 -1.0189223850e-04 1.8256777213e-03
2.6190000000e+00 -1.0189648770e-04 1.8272310206e-03
2.6195000000e+00 -1.0190094669e-04 1.8288205325e-03
2.6200000000e+00 -1.0190562056e-04 1.8304460351e-03
2.6205000000e+00 -1.0191050913e-04 1.8321072937e-03
2.6210000000e+00 -1.0191560698e-04 1.8338040609e-03
2.6215000000e+00 -1.0192090379e-04 1.8355360766e-03
2.6220000000e+00 -1.0192638513e-04 1.8373030680e-03
2.6225000000e+00 -1.0193203379e-04 1.8391047499e-03
2.6230000000e+00 -1.0193783194e-04 1.8409408241e-03
2.6235000000e+00 -1.0194376311e-04 1.8428109797e-03
2.6240000000e+00 -1.0194981311e-04 1.8447148932e-03
2.6245000000e+00 -1.0195597094e-04 1.8466522276e-03
2.6250000000e+00 -1.0196223065e-04 1.8486226330e-03
2.6255000000e+00 -1.0196859230e-04 1.8506257461e-03
2.6260000000e+00 -1.0197506123e-04 1.8526611901e-03
2.6265000000e+00 -1.0198164701e-04 1.8547285749e-03
2.6270000000e+00 -1.0198836298e-04 1.8568274966e-03
2.6275000000e+00 -1.0199522558e-04 1.8589575381e-03
2.6280000000e+00 -1.0200225229e-04 1.8611182687e-03
2.6285000000e+00 -1.0200945923e-04 1.8633092446e-03
2.6290000000e+00 -1.0201686009e-04 1.8655300090e-03
2.6295000000e+00 -1.0202446499e-04 1.8677800921e-03
2.6300000000e+00 -1.0203227933e-04 1.8700590117e-03
2.6305000000e+00 -1.0204030345e-04 1.8723662730e-03
2.6310000000e+00 -1.0204853192e-04 1.8747013693e-03
2.6315000000e+00 -1.0205695402e-04 1.8770637818e-03
2.6320000000e+00 -1.0206555575e-04 1.8794529799e-03
2.6325000000e+00 -1.0207432071e-04 1.8818684213e-03
2.6330000000e+00 -1.0208323092e-04 1.8843095520e-03
2.6335000000e+00 -1.0209226884e-04 1.8867758066e-03
2.6340000000e+00 -1.0210141917e-04 1.8892666078e-03
2.6345000000e+00 -1.0211067056e-04 1.8917813668e-03
2.6350000000e+00 -1.0212001639e-04 1.8943194829e-03
2.6355000000e+00 -1.0212945430e-04 1.8968803437e-03
2.6360000000e+00 -1.0213898716e-04 1.8994633252e-03
2.6365000000e+00 -1.0214862335e-04 1.9020677915e-03
2.6370000000e+00 -1.0215837491e-04 1.9046930949e-03
2.6375000000e+00 -1.0216825593e-04 1.9073385763e-03
2.6380000000e+00 -1.0217828168e-04 1.9100035652e-03
2.6385000000e+00 -1.0218846690e-04 1.9126873800e-03
2.6390000000e+00 -1.0219882429e-04 1.9153893281e-03
2.6395000000e+00 -1.0220936312e-04 1.9181087065e-03
2.6400000000e+00 -1.0222008778e-04 1.9208448018e-03
2.6405000000e+00 -1.0223099721e-04 1.9235968909e-03
2.6410000000e+00 -1.0224208558e-04 1.9263642412e-03
2.6415000000e+00 -1.0225334253e-04 1.9291461106e-03
2.6420000000e+00 -1.0226475321e-04 1.9319417481e-03
2.6425000000e+00 -1.0227629960e-04 1.9347503942e-03
2.6430000000e+00 -1.0228796288e-04 1.9375712805e-03
2.6435000000e+00 -1.0229972490e-04 1.9404036302e-03
2.6440000000e+00 -1.0231156909e-04 1.9432466582e-03
2.6445000000e+00 -1.0232348167e-04 1.9460995713e-03
2.6450000000e+00 -1.0233545327e-04 1.9489615678e-03
2.6455000000e+00 -1.0234747984e-04 1.9518318380e-03
2.6460000000e+00 -1.0235956222e-04 1.9547095640e-03
2.6465000000e+00 -1.0237170553e-04 1.9575939202e-03
2.6470000000e+00 -1.0238391868e-04 1.9604840732e-03
2.6475000000e+00 -1.0239621334e-04 1.9633791818e-03
2.6480000000e+00 -1.0240860253e-04 1.9662783979e-03
2.6485000000e+00 -1.0242109887e-04 1.9691808662e-03
2.6490000000e+00 -1.0243371264e-04 1.9720857250e-03
2.6495000000e+00 -1.0244645073e-04 1.9749921062e-03
2.6500000000e+00 -1.0245931619e-04 1.9778991363e-03
2.6505000000e+00 -1.0247230721e-04 1.9808059361e-03
2.6510000000e+00 -1.0248541642e-04 1.9837116215e-03
2.6515000000e+00 -1.0249863140e-04 1.9866153042e-03
2.6520000000e+00 -1.0251193612e-04 1.9895160913e-03
2.6525000000e+00 -1.0252531200e-04 1.9924130861e-03
2.6530000000e+00 -1.0253873870e-04 1.9953053884e-03
2.6535000000e+00 -1.0255219553e-04 1.9981920943e-03
2.6540000000e+00 -1.0256566367e-04 2.0010722970e-03
2.6545000000e+00 -1.0257912771e-04 2.0039450864e-03
2.6550000000e+00 -1.0259257595e-04 2.0068095494e-03
2.6555000000e+00 -1.0260600104e-04 2.0096647705e-03
2.6560000000e+00 -1.0261940063e-04 2.0125098311e-03
2.6565000000e+00 -1.0263277693e-04 2.0153438107e-03
2.6570000000e+00 -1.0264613608e-04 2.0181657863e-03
2.6575000000e+00 -1.0265948701e-04 2.0209748330e-03
2.6580000000e+00 -1.0267283953e-04 2.0237700246e-03
2.6585000000e+00 -1.0268620315e-04 2.0265504336e-03
2.6590000000e+00 -1.0269958628e-04 2.0293151316e-03
2.6595000000e+00 -1.0271299439e-04 2.0320631900e-03
2.6600000000e+00 -1.0272642818e-04 2.0347936805e-03
2.6605000000e+00 -1.0273988367e-04 2.0375056752e-03
2.6610000000e+00 -1.0275335240e-04 2.0401982473e-03
2.6615000000e+00 -1.0276682124e-04 2.0428704715e-03
2.6620000000e+00 -1.0278027282e-04 2.0455214245e-03
2.6625000000e+00 -1.0279368665e-04 2.0481501852e-03
2.6630000000e+00 -1.0280704081e-04 2.0507558350e-03
2.6635000000e+00 -1.0282031367e-04 2.0533374582e-03
2.6640000000e+00 -1.0283348490e-04 2.0558941424e-03
2.6645000000e+00 -1.0284653644e-04 2.0584249782e-03
2.6650000000e+00 -1.0285945426e-04 2.0609290600e-03
2.6655000000e+00 -1.0287222894e-04 2.0634054858e-03
2.6660000000e+00 -1.0288485577e-04 2.0658533576e-03
2.6665000000e+00 -1.0289733465e-04 2.0682717815e-03
2.6670000000e+00 -1.0290966890e-04 2.0706598682e-03
2.6675000000e+00 -1.0292186463e-04 2.0730167331e-03
2.6680000000e+00 -1.0293393009e-04 2.0753414967e-03
2.6685000000e+00 -1.0294587341e-04 2.0776332849e-03
2.6690000000e+00 -1.0295770086e-04 2.0798912296e-03
2.6695000000e+00 -1.0296941608e-04 2.0821144690e-03
2.6700000000e+00 -1.0298101929e-04 2.0843021483e-03
2.6705000000e+00 -1.0299250643e-04 2.0864534195e-03
2.6710000000e+00 -1.0300386830e-04 2.0885674428e-03
2.6715000000e+00 -1.0301509098e-04 2.0906433864e-03
2.6720000000e+00 -1.0302615710e-04 2.0926804268e-03
2.6725000000e+00 -1.0303704650e-04 2.0946777498e-03
2.6730000000e+00 -1.0304773715e-04 2.0966345501e-03
2.6735000000e+00 -1.0305820684e-04 2.0985500320e-03
2.6740000000e+00 -1.0306843456e-04 2.1004234098e-03
2.6745000000e+00 -1.0307840199e-04 2.1022539073e-03
2.6750000000e+00 -1.0308809468e-04 2.1040407589e-03
2.6755000000e+00 -1.0309750242e-04 2.1057832091e-03
2.6760000000e+00 -1.0310661924e-04 2.1074805130e-03
2.6765000000e+00 -1.0311544390e-04 2.1091319365e-03
2.6770000000e+00 -1.0312397952e-04 2.1107367564e-03
2.6775000000e+00 -1.0313223200e-04 2.1122942611e-03
2.6780000000e+00 -1.0314020849e-04 2.1138037503e-03
2.6785000000e+00 -1.0314791671e-04 2.1152645357e-03
2.6790000000e+00 -1.0315536370e-04 2.1166759414e-03
2.6795000000e+00 -1.0316255402e-04 2.1180373044e-03
2.6800000000e+00 -1.0316948858e-04 2.1193479745e-03
2.6805000000e+00 -1.0317616410e-04 2.1206073154e-03
2.6810000000e+00 -1.0318257303e-04 2.1218147048e-03
2.6815000000e+00 -1.0318870378e-04 2.1229695345e-03
2.6820000000e+00 -1.0319454080e-04 2.1240712113e-03
2.6825000000e+00 -1.0320006546e-04 2.1251191571e-03
2.6830000000e+00 -1.0320525777e-04 2.1261128088e-03
2.6835000000e+00 -1.0321009754e-04 2.1270516191e-03
2.6840000000e+00 -1.0321456581e-04 2.1279350563e-03
2.6845000000e+00 -1.0321864608e-04 2.1287626048e-03
2.6850000000e+00 -1.0322232501e-04 2.1295337648e-03
2.6855000000e+00 -1.0322559368e-04 2.1302480528e-03
2.6860000000e+00 -1.0322844829e-04 2.1309050015e-03
2.6865000000e+00 -1.0323088930e-04 2.1315041601e-03
2.6870000000e+00 -1.0323292067e-04 2.1320450944e-03
2.6875000000e+00 -1.0323454985e-04 2.1325273870e-03
2.6880000000e+00 -1.0323578660e-04 2.1329506375e-03
2.6885000000e+00 -1.0323664109e-04 2.1333144629e-03
2.6890000000e+00 -1.0323712251e-04 2.1336184978e-03
2.6895000000e+00 -1.0323723815e-04 2.1338623947e-03
2.6900000000e+00 -1.0323699237e-04 2.1340458243e-03
2.6905000000e+00 -1.0323638579e-04 2.1341684759e-03
2.6910000000e+00 -1.0323541480e-04 2.1342300577e-03
2.6915000000e+00 -1.0323407150e-04 2.1342302972e-03
2.6920000000e+00 -1.0323234447e-04 2.1341689410e-03
2.6925000000e+00 -1.0323021972e-04 2.1340457555e-03
2.6930000000e+00 -1.0322768173e-04 2.1338605270e-03
2.6935000000e+00 -1.0322471448e-04 2.1336130616e-03
2.6940000000e+00 -1.0322130278e-04 2.1333031854e-03
2.6945000000e+00 -1.0321743403e-04 2.1329307446e-03
2.6950000000e+00 -1.0321309942e-04 2.1324956055e-03
2.6955000000e+00 -1.0320829386e-04 2.1319976545e-03
2.6960000000e+00 -1.0320301655e-04 2.1314367982e-03
2.6965000000e+00 -1.0319727156e-04 2.1308129634e-03
2.6970000000e+00 -1.0319106715e-04 2.1301260971e-03
2.6975000000e+00 -1.0318441468e-04 2.1293761668e-03
2.6980000000e+00 -1.0317732750e-04 2.1285631603e-03
2.6985000000e+00 -1.0316981981e-04 2.1276870862e-03
2.6990000000e+00 -1.0316190554e-04 2.1267479738e-03
2.6995000000e+00 -1.0315359707e-04 2.1257458733e-03
2.7000000000e+00 -1.0314490367e-04 2.1246808562e-03
2.7005000000e+00 -1.0313583105e-04 2.1235530153e-03
2.7010000000e+00 -1.0312638113e-04 2.1223624650e-03
2.7015000000e+00 -1.0311655190e-04 2.1211093413e-03
2.7020000000e+00 -1.0310633798e-04 2.1197938022e-03
2.7025000000e+00 -1.0309573110e-04 2.1184160274e-03
2.7030000000e+00 -1.0308472102e-04 2.1169762187e-03
2.7035000000e+00 -1.0307329746e-04 2.1154745997e-03
2.7040000000e+00 -1.0306145134e-04 2.1139114160e-03
2.7045000000e+00 -1.0304917522e-04 2.1122869349e-03
2.7050000000e+00 -1.0303646468e-04 2.1106014456e-03
2.7055000000e+00 -1.0302331973e-04 2.1088552588e-03
2.7060000000e+00 -1.0300974478e-04 2.1070487067e-03
2.7065000000e+00 -1.0299574845e-04 2.1051821428e-03
2.7070000000e+00 -1.0298134329e-04 2.1032559421e-03
2.7075000000e+00 -1.0296654515e-04 2.1012705007e-03
2.7080000000e+00 -1.0295137223e-04 2.0992262360e-03
2.7085000000e+00 -1.0293584379e-04 2.0971235865e-03
2.7090000000e+00 -1.0291997868e-04 2.0949630119e-03
2.7095000000e+00 -1.0290379408e-04 2.0927449932e-03
2.7100000000e+00 -1.0288730466e-04 2.0904700327e-03
2.7105000000e+00 -1.0287052195e-04 2.0881386538e-03
2.7110000000e+00 -1.0285345361e-04 2.0857514014e-03
2.7115000000e+00 -1.0283610318e-04 2.0833088418e-03
2.7120000000e+00 -1.0281847068e-04 2.0808115625e-03
2.7125000000e+00 -1.0280055361e-04 2.0782601722e-03
2.7130000000e+00 -1.0278234776e-04 2.0756553007e-03
2.7135000000e+00 -1.0276384802e-04 2.0729975991e-03
2.7140000000e+00 -1.0274504969e-04 2.0702877391e-03
2.7145000000e+00 -1.0272595036e-04 2.0675264128e-03
2.7150000000e+00 -1.0270655059e-04 2.0647143330e-03
2.7155000000e+00 -1.0268685434e-04 2.0618522325e-03
2.7160000000e+00 -1.0266686969e-04 2.0589408638e-03
2.7165000000e+00 -1.0264660899e-04 2.0559809991e-03
2.7170000000e+00 -1.0262608849e-04 2.0529734299e-03
2.7175000000e+00 -1.0260532773e-04 2.0499189668e-03
2.7180000000e+00 -1.0258434825e-04 2.0468184393e-03
2.7185000000e+00 -1.0256317253e-04 2.0436726957e-03
2.7190000000e+00 -1.0254182297e-04 2.0404826029e-03
2.7195000000e+00 -1.0252032061e-04 2.0372490461e-03
2.7200000000e+00 -1.0249868405e-04 2.0339729290e-03
2.7205000000e+00 -1.0247692828e-04 2.0306551736e-03
2.7210000000e+00 -1.0245506445e-04 2.0272967200e-03
2.7215000000e+00 -1.0243310026e-04 2.0238985259e-03
2.7220000000e+00 -1.0241103986e-04 2.0204615673e-03
2.7225000000e+00 -1.0238888394e-04 2.0169868375e-03
2.7230000000e+00 -1.0236663129e-04 2.0134753472e-03
2.7235000000e+00 -1.0234428014e-04 2.0099281241e-03
2.7240000000e+00 -1.0232182891e-04 2.0063462126e-03
2.7245000000e+00 -1.0229927740e-04 2.0027306735e-03
2.7250000000e+00 -1.0227662795e-04 1.9990825835e-03
2.7255000000e+00 -1.0225388624e-04 1.9954030350e-03
2.7260000000e+00 -1.0223106185e-04 1.9916931353e-03
2.7265000000e+00 -1.0220816836e-04 1.9879540067e-03
2.7270000000e+00 -1.0218522280e-04 1.9841867856e-03
2.7275000000e+00 -1.0216224507e-04 1.9803926226e-03
2.7280000000e+00 -1.0213925740e-04 1.9765726819e-03
2.7285000000e+00 -1.0211628311e-04 1.9727281409e-03
2.7290000000e+00 -1.0209334514e-04 1.9688601901e-03
2.7295000000e+00 -1.0207046489e-04 1.9649700330e-03
2.7300000000e+00 -1.0204766128e-04 1.9610588853e-03
2.7305000000e+00 -1.0202495024e-04 1.9571279752e-03
2.7310000000e+00 -1.0200234395e-04 1.9531785427e-03
2.7315000000e+00 -1.0197985023e-04 1.9492118397e-03
2.7320000000e+00 -1.0195747328e-04 1.9452291297e-03
2.7325000000e+00 -1.0193521457e-04 1.9412316870e-03
2.7330000000e+00 -1.0191307312e-04 1.9372207967e-03
2.7335000000e+00 -1.0189104661e-04 1.9331977545e-03
2.7340000000e+00 -1.0186913278e-04 1.9291638658e-03
2.7345000000e+00 -1.0184733053e-04 1.9251204454e-03
2.7350000000e+00 -1.0182564097e-04 1.9210688171e-03
2.7355000000e+00 -1.0180406825e-04 1.9170103133e-03
2.7360000000e+00 -1.0178261984e-04 1.9129462740e-03
2.7365000000e+00 -1.0176130675e-04 1.9088780469e-03
2.7370000000e+00 -1.0174014354e-04 1.9048069863e-03
2.7375000000e+00 -1.0171914778e-04 1.9007344534e-03
2.7380000000e+00 -1.0169833889e-04 1.8966618149e-03
2.7385000000e+00 -1.0167773696e-04 1.8925904434e-03
2.7390000000e+00 -1.0165736205e-04 1.8885217165e-03
2.7395000000e+00 -1.0163723315e-04 1.8844570169e-03
2.7400000000e+00 -1.0161736656e-04 1.8803977315e-03
2.7405000000e+00 -1.0159777517e-04 1.8763452515e-03
2.7410000000e+00 -1.0157846825e-04 1.8723009716e-03
2.7415000000e+00 -1.0155945131e-04 1.8682662902e-03
2.7420000000e+00 -1.0154072598e-04 1.8642426086e-03
2.7425000000e+00 -1.0152229057e-04 1.8602313308e-03
2.7430000000e+00 -1.0150414093e-04 1.8562338628e-03
2.7435000000e+00 -1.0148627155e-04 1.8522516124e-03
2.7440000000e+00 -1.0146867672e-04 1.8482859887e-03
2.7445000000e+00 -1.0145135158e-04 1.8443384011e-03
2.7450000000e+00 -1.0143429297e-04 1.8404102595e-03
2.7455000000e+00 -1.0141750037e-04 1.8365029731e-03
2.7460000000e+00 -1.0140097668e-04 1.8326179500e-03
2.7465000000e+00 -1.0138472827e-04 1.8287565970e-03
2.7470000000e+00 -1.0136876456e-04 1.8249203185e-03
2.7475000000e+00 -1.0135309761e-04 1.8211105162e-03
2.7480000000e+00 -1.0133774161e-04 1.8173285888e-03
2.7485000000e+00 -1.0132271189e-04 1.8135759313e-03
2.7490000000e+00 -1.0130802353e-04 1.8098539346e-03
2.7495000000e+00 -1.0129369006e-04 1.8061639852e-03
2.7500000000e+00 -1.0127972293e-04 1.8025074646e-03
2.7505000000e+00 -1.0126613073e-04 1.7988857493e-03
2.7510000000e+00 -1.0125291819e-04 1.7953002099e-03
2.7515000000e+00 -1.0124008608e-04 1.7917522112e-03
2.7520000000e+00 -1.0122763163e-04 1.7882431116e-03
2.7525000000e+00 -1.0121554870e-04 1.7847742626e-03
2.7530000000e+00 -1.0120382872e-04 1.7813470084e-03
2.7535000000e+00 -1.0119246176e-04 1.7779626856e-03
2.7540000000e+00 -1.0118143714e-04 1.7746226224e-03
2.7545000000e+00 -1.0117074483e-04 1.7713281383e-03
2.7550000000e+00 -1.0116037682e-04 1.7680805434e-03
2.7555000000e+00 -1.0115032755e-04 1.7648811380e-03
2.7560000000e+00 -1.0114059430e-04 1.7617312117e-03
2.7565000000e+00 -1.0113117766e-04 1.7586320434e-03
2.7570000000e+00 -1.0112208155e-04 1.7555849002e-03
2.7575000000e+00 -1.0111331285e-04 1.7525910371e-03
2.7580000000e+00 -1.0110488023e-04 1.7496516968e-03
2.7585000000e+00 -1.0109679336e-04 1.7467681087e-03
2.7590000000e+00 -1.0108906218e-04 1.7439414889e-03
2.7595000000e+00 -1.0108169566e-04 1.7411730398e-03
2.7600000000e+00 -1.0107470063e-04 1.7384639495e-03
2.7605000000e+00 -1.0106808105e-04 1.7358153916e-03
2.7610000000e+00 -1.0106183748e-04 1.7332285250e-03
2.7615000000e+00 -1.0105596686e-04 1.7307044933e-03
2.7620000000e+00 -1.0105046268e-04 1.7282444246e-03
2.7625000000e+00 -1.0104531526e-04 1.7258494311e-03
2.7630000000e+00 -1.0104051233e-04 1.7235206087e-03
2.7635000000e+00 -1.0103604012e-04 1.7212590366e-03
2.7640000000e+00 -1.0103188463e-04 1.7190657768e-03
2.7645000000e+00 -1.0102803246e-04 1.7169418737e-03
2.7650000000e+00 -1.0102447160e-04 1.7148883537e-03
2.7655000000e+00 -1.0102119250e-04 1.7129062242e-03
2.7660000000e+00 -1.0101818883e-04 1.7109964740e-03
2.7665000000e+00 -1.0101545768e-04 1.7091600718e-03
2.7670000000e+00 -1.0101299915e-04 1.7073979667e-03
2.7675000000e+00 -1.0101081613e-04 1.7057110869e-03
2.7680000000e+00 -1.0100891398e-04 1.7041003400e-03
2.7685000000e+00 -1.0100729946e-04 1.7025666123e-03
2.7690000000e+00 -1.0100597944e-04 1.7011107684e-03
2.7695000000e+00 -1.0100496017e-04 1.6997336512e-03
2.7700000000e+00 -1.0100424620e-04 1.6984360813e-03
2.7705000000e+00 -1.0100383951e-04 1.6972188572e-03
2.7710000000e+00 -1.0100373918e-04 1.6960827547e-03
2.7715000000e+00 -1.0100394091e-04 1.6950285266e-03
2.7720000000e+00 -1.0100443682e-04 1.6940569030e-03
2.7725000000e+00 -1.0100521624e-04 1.6931685904e-03
2.7730000000e+00 -1.0100626642e-04 1.6923642719e-03
2.7735000000e+00 -1.0100757306e-04 1.6916446067e-03
2.7740000000e+00 -1.0100912126e-04 1.6910102297e-03
2.7745000000e+00 -1.0101089683e-04 1.6904617513e-03
2.7750000000e+00 -1.0101288738e-04 1.6899997569e-03
2.7755000000e+00 -1.0101508293e-04 1.6896248066e-03
2.7760000000e+00 -1.0101747638e-04 1.6893374349e-03
2.7765000000e+00 -1.0102006401e-04 1.6891381501e-03
2.7770000000e+00 -1.0102284553e-04 1.6890274344e-03
2.7775000000e+00 -1.0102582374e-04 1.6890057430e-03
2.7780000000e+00 -1.0102900375e-04 1.6890735044e-03
2.7785000000e+00 -1.0103239219e-04 1.6892311199e-03
2.7790000000e+00 -1.0103599639e-04 1.6894789633e-03
2.7795000000e+00 -1.0103982325e-04 1.6898173811e-03
2.7800000000e+00 -1.0104387839e-04 1.6902466920e-03
2.7805000000e+00 -1.0104816527e-04 1.6907671871e-03
2.7810000000e+00 -1.0105268434e-04 1.6913791298e-03
2.7815000000e+00 -1.0105743308e-04 1.6920827555e-03
2.7820000000e+00 -1.0106240614e-04 1.6928782717e-03
2.7825000000e+00 -1.0106759528e-04 1.6937658580e-03
2.7830000000e+00 -1.0107298982e-04 1.6947456657e-03
2.7835000000e+00 -1.0107857795e-04 1.6958178178e-03
2.7840000000e+00 -1.0108434757e-04 1.6969824090e-03
2.7845000000e+00 -1.0109028712e-04 1.6982395052e-03
2.7850000000e+00 -1.0109638650e-04 1.6995891437e-03
2.7855000000e+00 -1.0110263799e-04 1.7010313326e-03
2.7860000000e+00 -1.0110903707e-04 1.7025660507e-03
2.7865000000e+00 -1.0111558250e-04 1.7041932475e-03
2.7870000000e+00 -1.0112227631e-04 1.7059128429e-03
2.7875000000e+00 -1.0112912366e-04 1.7077247271e-03
2.7880000000e+00 -1.0113613221e-04 1.7096287604e-03
2.7885000000e+00 -1.0114331132e-04 1.7116247733e-03
2.7890000000e+00 -1.0115067140e-04 1.7137125663e-03
2.7895000000e+00 -1.0115822247e-04 1.7158919101e-03
2.7900000000e+00 -1.0116597327e-04 1.7181625457e-03
2.7905000000e+00 -1.0117393083e-04 1.7205241842e-03
2.7910000000e+00 -1.0118209974e-04 1.7229765071e-03
2.7915000000e+00 -1.0119048146e-04 1.7255191666e-03
2.7920000000e+00 -1.0119907448e-04 1.7281517853e-03
2.7925000000e+00 -1.0120787470e-04 1.7308739564e-03
2.7930000000e+00 -1.0121687594e-04 1.7336852442e-03
2.7935000000e+00 -1.0122607063e-04 1.7365851834e-03
2.7940000000e+00 -1.0123545054e-04 1.7395732798e-03
2.7945000000e+00 -1.0124500797e-04 1.7426490100e-03
2.7950000000e+00 -1.0125473677e-04 1.7458118213e-03
2.7955000000e+00 -1.0126463298e-04 1.7490611320e-03
2.7960000000e+00 -1.0127469540e-04 1.7523963310e-03
2.7965000000e+00 -1.0128492604e-04 1.7558167780e-03
2.7970000000e+00 -1.0129533014e-04 1.7593218036e-03
2.7975000000e+00 -1.0130591598e-04 1.7629107090e-03
2.7980000000e+00 -1.0131669441e-04 1.7665827666e-03
2.7985000000e+00 -1.0132767793e-04 1.7703372196e-03
2.7990000000e+00 -1.0133887973e-04 1.7741732824e-03
2.7995000000e+00 -1.0135031309e-04 1.7780901410e-03
2.8000000000e+00 -1.0136199040e-04 1.7820869527e-03
2.8005000000e+00 -1.0137392192e-04 1.7861628469e-03
2.8010000000e+00 -1.0138611535e-04 1.7903169252e-03
2.8015000000e+00 -1.0139857574e-04 1.7945482616e-03
2.8020000000e+00 -1.0141130523e-04 1.7988559030e-03
2.8025000000e+00 -1.0142430306e-04 1.8032388692e-03
2.8030000000e+00 -1.0143756618e-04 1.8076961534e-03
2.8035000000e+00 -1.0145109005e-04 1.8122267223e-03
2.8040000000e+00 -1.0146486941e-04 1.8168295165e-03
2.8045000000e+00 -1.0147889926e-04 1.8215034506e-03
2.8050000000e+00 -1.0149317565e-04 1.8262474131e-03
2.8055000000e+00 -1.0150769653e-04 1.8310602670e-03
2.8060000000e+00 -1.0152246240e-04 1.8359408497e-03
2.8065000000e+00 -1.0153747669e-04 1.8408879733e-03
2.8070000000e+00 -1.0155274592e-04 1.8459004248e-03
2.8075000000e+00 -1.0156827920e-04 1.8509769659e-03
2.8080000000e+00 -1.0158408789e-04 1.8561163341e-03
2.8085000000e+00 -1.0160018521e-04 1.8613172419e-03
2.8090000000e+00 -1.0161658512e-04 1.8665783783e-03
2.8095000000e+00 -1.0163330122e-04 1.8718984081e-03
2.8100000000e+00 -1.0165034601e-04 1.8772759731e-03
2.8105000000e+00 -1.0166773025e-04 1.8827096920e-03
2.8110000000e+00 -1.0168546214e-04 1.8881981613e-03
2.8115000000e+00 -1.0170354686e-04 1.8937399553e-03
2.8120000000e+00 -1.0172198647e-04 1.8993336270e-03
2.8125000000e+00 -1.0174078016e-04 1.9049777081e-03
2.8130000000e+00 -1.0175992472e-04 1.9106707098e-03
2.8135000000e+00 -1.0177941503e-04 1.9164111232e-03
2.8140000000e+00 -1.0179924495e-04 1.9221974193e-03
2.8145000000e+00 -1.0181940815e-04 1.9280280497e-03
2.8150000000e+00 -1.0183989910e-04 1.9339014470e-03
2.8155000000e+00 -1.0186071379e-04 1.9398160247e-03
2.8160000000e+00 -1.0188185049e-04 1.9457701779e-03
2.8165000000e+00 -1.0190330981e-04 1.9517622835e-03
2.8170000000e+00 -1.0192509495e-04 1.9577907007e-03
2.8175000000e+00 -1.0194721187e-04 1.9638537709e-03
2.8180000000e+00 -1.0196966862e-04 1.9699498186e-03
2.8185000000e+00 -1.0199247434e-04 1.9760771516e-03
2.8190000000e+00 -1.0201563891e-04 1.9822340615e-03
2.8195000000e+00 -1.0203917212e-04 1.9884188241e-03
2.8200000000e+00 -1.0206308240e-04 1.9946297004e-03
2.8205000000e+00 -1.0208737622e-04 2.0008649363e-03
2.8210000000e+00 -1.0211205742e-04 2.0071227642e-03
2.8215000000e+00 -1.0213712676e-04 2.0134014026e-03
2.8220000000e+00 -1.0216258189e-04 2.0196990576e-03
2.8225000000e+00 -1.0218841737e-04 2.0260139227e-03
2.8230000000e+00 -1.0221462501e-04 2.0323441800e-03
2.8235000000e+00 -1.0224119450e-04 2.0386880003e-03
2.8240000000e+00 -1.0226811426e-04 2.0450435436e-03
2.8245000000e+00 -1.0229537229e-04 2.0514089600e-03
2.8250000000e+00 -1.0232295704e-04 2.0577823896e-03
2.8255000000e+00 -1.0235085796e-04 2.0641619635e-03
2.8260000000e+00 -1.0237906635e-04 2.0705458038e-03
2.8265000000e+00 -1.0240757593e-04 2.0769320243e-03
2.8270000000e+00 -1.0243638274e-04 2.0833187307e-03
2.8275000000e+00 -1.0246548490e-04 2.0897040215e-03
2.8280000000e+00 -1.0249488251e-04 2.0960859880e-03
2.8285000000e+00 -1.0252457707e-04 2.1024627150e-03
2.8290000000e+00 -1.0255457059e-04 2.1088322815e-03
2.8295000000e+00 -1.0258486464e-04 2.1151927614e-03
2.8300000000e+00 -1.0261545966e-04 2.1215422234e-03
2.8305000000e+00 -1.0264635414e-04 2.1278787327e-03
2.8310000000e+00 -1.0267754397e-04 2.1342003508e-03
2.8315000000e+00 -1.0270902202e-04 2.1405051364e-03
2.8320000000e+00 -1.0274077792e-04 2.1467911465e-03
2.8325000000e+00 -1.0277279813e-04 2.1530564363e-03
2.8330000000e+00 -1.0280506638e-04 2.1592990603e-03
2.8335000000e+00 -1.0283756430e-04 2.1655170731e-03
2.8340000000e+00 -1.0287027201e-04 2.1717085293e-03
2.8345000000e+00 -1.0290316886e-04 2.1778714846e-03
2.8350000000e+00 -1.0293623450e-04 2.1840039963e-03
2.8355000000e+00 -1.0296944975e-04 2.1901041235e-03
2.8360000000e+00 -1.0300279696e-04 2.1961699280e-03
2.8365000000e+00 -1.0303626042e-04 2.2021994743e-03
2.8370000000e+00 -1.0306982684e-04 2.2081908306e-03
2.8375000000e+00 -1.0310348519e-04 2.2141420690e-03
2.8380000000e+00 -1.0313722625e-04 2.2200512664e-03
2.8385000000e+00 -1.0317104212e-04 2.2259165045e-03
2.8390000000e+00 -1.0320492560e-04 2.2317358707e-03
2.8395000000e+00 -1.0323886922e-04 2.2375074591e-03
2.8400000000e+00 -1.0327286465e-04 2.2432293704e-03
2.8405000000e+00 -1.0330690178e-04 2.2488997131e-03
2.8410000000e+00 -1.0334096802e-04 2.2545166039e-03
2.8415000000e+00 -1.0337504798e-04 2.2600781687e-03
2.8420000000e+00 -1.0340912332e-04 2.2655825430e-03
2.8425000000e+00 -1.0344317278e-04 2.2710278723e-03
2.8430000000e+00 -1.0347717247e-04 2.2764123136e-03
2.8435000000e+00 -1.0351109629e-04 2.2817340352e-03
2.8440000000e+00 -1.0354491682e-04 2.2869912175e-03
2.8445000000e+00 -1.0357860624e-04 2.2921820538e-03
2.8450000000e+00 -1.0361213689e-04 2.2973047506e-03
2.8455000000e+00 -1.0364548200e-04 2.3023575282e-03
2.8460000000e+00 -1.0367861669e-04 2.3073386212e-03
2.8465000000e+00 -1.0371151827e-04 2.3122462787e-03
2.8470000000e+00 -1.0374416635e-04 2.3170787655e-03
2.8475000000e+00 -1.0377654292e-04 2.3218343618e-03
2.8480000000e+00 -1.0380863211e-04 2.3265113643e-03
2.8485000000e+00 -1.0384041963e-04 2.3311080863e-03
2.8490000000e+00 -1.0387189217e-04 2.3356228587e-03
2.8495000000e+00 -1.0390303671e-04 2.3400540302e-03
2.8500000000e+00 -1.0393383950e-04 2.3443999681e-03
2.8505000000e+00 -1.0396428543e-04 2.3486590590e-03
2.8510000000e+00 -1.0399435758e-04 2.3528297090e-03
2.8515000000e+00 -1.0402403665e-04 2.3569103451e-03
2.8520000000e+00 -1.0405330067e-04 2.3608994150e-03
2.8525000000e+00 -1.0408212505e-04 2.3647953881e-03
2.8530000000e+00 -1.0411048303e-04 2.3685967564e-03
2.8535000000e+00 -1.0413834622e-04 2.3723020342e-03
2.8540000000e+00 -1.0416568497e-04 2.3759097595e-03
2.8545000000e+00 -1.0419246928e-04 2.3794184940e-03
2.8550000000e+00 -1.0421866984e-04 2.3828268237e-03
2.8555000000e+00 -1.0424425859e-04 2.3861333595e-03
2.8560000000e+00 -1.0426920935e-04 2.3893367372e-03
2.8565000000e+00 -1.0429349845e-04 2.3924356185e-03
2.8570000000e+00 -1.0431710483e-04 2.3954286908e-03
2.8575000000e+00 -1.0434001015e-04 2.3983146683e-03
2.8580000000e+00 -1.0436219867e-04 2.4010922919e-03
2.8585000000e+00 -1.0438365659e-04 2.4037603297e-03
2.8590000000e+00 -1.0440437152e-04 2.4063175779e-03
2.8595000000e+00 -1.0442433180e-04 2.4087628607e-03
2.8600000000e+00 -1.0444352573e-04 2.4110950312e-03
2.8605000000e+00 -1.0446194092e-04 2.4133129719e-03
2.8610000000e+00 -1.0447956347e-04 2.4154155948e-03
2.8615000000e+00 -1.0449637759e-04 2.4174018427e-03
2.8620000000e+00 -1.0451236556e-04 2.4192706888e-03
2.8625000000e+00 -1.0452750768e-04 2.4210211377e-03
2.8630000000e+00 -1.0454178227e-04 2.4226522261e-03
2.8635000000e+00 -1.0455516633e-04 2.4241630224e-03
2.8640000000e+00 -1.0456763626e-04 2.4255526279e-03
2.8645000000e+00 -1.0457916852e-04 2.4268201770e-03
2.8650000000e+00 -1.0458974030e-04 2.4279648371e-03
2.8655000000e+00 -1.0459933042e-04 2.4289858096e-03
2.8660000000e+00 -1.0460792001e-04 2.4298823294e-03
2.8665000000e+00 -1.0461549281e-04 2.4306536660e-03
2.8670000000e+00 -1.0462203572e-04 2.4312991233e-03
2.8675000000e+00 -1.0462753866e-04 2.4318180400e-03
2.8680000000e+00 -1.0463199433e-04 2.4322097897e-03
2.8685000000e+00 -1.0463539788e-04 2.4324737816e-03
2.8690000000e+00 -1.0463774654e-04 2.4326094605e-03
2.8695000000e+00 -1.0463903859e-04 2.4326163072e-03
2.8700000000e+00 -1.0463927273e-04 2.4324938388e-03
2.8705000000e+00 -1.0463844740e-04 2.4322416091e-03
2.8710000000e+00 -1.0463656023e-04 2.4318592092e-03
2.8715000000e+00 -1.0463360753e-04 2.4313462671e-03
2.8720000000e+00 -1.0462958392e-04 2.4307024488e-03
2.8725000000e+00 -1.0462448237e-04 2.4299274584e-03
2.8730000000e+00 -1.0461829456e-04 2.4290210382e-03
2.8735000000e+00 -1.0461101109e-04 2.4279829689e-03
2.8740000000e+00 -1.0460262213e-04 2.4268130702e-03
2.8745000000e+00 -1.0459311815e-04 2.4255112007e-03
2.8750000000e+00 -1.0458249064e-04 2.4240772583e-03
2.8755000000e+00 -1.0457073284e-04 2.4225111799e-03
2.8760000000e+00 -1.0455784049e-04 2.4208129422e-03
2.8765000000e+00 -1.0454381215e-04 2.4189825610e-03
2.8770000000e+00 -1.0452864949e-04 2.4170200920e-03
2.8775000000e+00 -1.0451235745e-04 2.4149256305e-03
2.8780000000e+00 -1.0449494412e-04 2.4126993117e-03
2.8785000000e+00 -1.0447642025e-04 2.4103413104e-03
2.8790000000e+00 -1.0445679860e-04 2.4078518417e-03
2.8795000000e+00 -1.0443609343e-04 2.4052311607e-03
2.8800000000e+00 -1.0441431984e-04 2.4024795628e-03
2.8805000000e+00 -1.0439149290e-04 2.3995973836e-03
2.8810000000e+00 -1.0436762695e-04 2.3965849995e-03
2.8815000000e+00 -1.0434273530e-04 2.3934428272e-03
2.8820000000e+00 -1.0431682997e-04 2.3901713245e-03
2.8825000000e+00 -1.0428992141e-04 2.3867709898e-03
2.8830000000e+00 -1.0426201877e-04 2.3832423624e-03
2.8835000000e+00 -1.0423313032e-04 2.3795860228e-03
2.8840000000e+00 -1.0420326385e-04 2.3758025922e-03
2.8845000000e+00 -1.0417242735e-04 2.3718927330e-03
2.8850000000e+00 -1.0414062993e-04 2.3678571483e-03
2.8855000000e+00 -1.0410788220e-04 2.3636965821e-03
2.8860000000e+00 -1.0407419697e-04 2.3594118191e-03
2.8865000000e+00 -1.0403958989e-04 2.3550036847e-03
2.8870000000e+00 -1.0400407965e-04 2.3504730446e-03
2.8875000000e+00 -1.0396768795e-04 2.3458208050e-03
2.8880000000e+00 -1.0393043939e-04 2.3410479123e-03
2.8885000000e+00 -1.0389236116e-04 2.3361553527e-03
2.8890000000e+00 -1.0385348256e-04 2.3311441528e-03
2.8895000000e+00 -1.0381383425e-04 2.3260153787e-03
2.8900000000e+00 -1.0377344743e-04 2.3207701363e-03
2.8905000000e+00 -1.0373235331e-04 2.3154095713e-03
2.8910000000e+00 -1.0369058246e-04 2.3099348688e-03
2.8915000000e+00 -1.0364816418e-04 2.3043472532e-03
2.8920000000e+00 -1.0360512624e-04 2.2986479883e-03
2.8925000000e+00 -1.0356149482e-04 2.2928383773e-03
2.8930000000e+00 -1.0351729446e-04 2.2869197619e-03
2.8935000000e+00 -1.0347254854e-04 2.2808935231e-03
2.8940000000e+00 -1.0342727970e-04 2.2747610800e-03
2.8945000000e+00 -1.0338151038e-04 2.2685238905e-03
2.8950000000e+00 -1.0333526345e-04 2.2621834502e-03
2.8955000000e+00 -1.0328856305e-04 2.2557412926e-03
2.8960000000e+00 -1.0324143513e-04 2.2491989885e-03
2.8965000000e+00 -1.0319390777e-04 2.2425581457e-03
2.8970000000e+00 -1.0314601147e-04 2.2358204090e-03
2.8975000000e+00 -1.0309777945e-04 2.2289874591e-03
2.8980000000e+00 -1.0304924740e-04 2.2220610128e-03
2.8985000000e+00 -1.0300045304e-04 2.2150428227e-03
2.8990000000e+00 -1.0295143565e-04 2.2079346762e-03
2.8995000000e+00 -1.0290223556e-04 2.2007383959e-03
2.9000000000e+00 -1.0285289330e-04 2.1934558387e-03
2.9005000000e+00 -1.0280344896e-04 2.1860888958e-03
2.9010000000e+00 -1.0275394152e-04 2.1786394921e-03
2.9015000000e+00 -1.0270440834e-04 2.1711095861e-03
2.9020000000e+00 -1.0265488475e-04 2.1635011693e-03
2.9025000000e+00 -1.0260540401e-04 2.1558162661e-03
2.9030000000e+00 -1.0255599737e-04 2.1480569329e-03
2.9035000000e+00 -1.0250669416e-04 2.1402252584e-03
2.9040000000e+00 -1.0245752230e-04 2.1323233625e-03
2.9045000000e+00 -1.0240850903e-04 2.1243533961e-03
2.9050000000e+00 -1.0235968141e-04 2.1163175406e-03
2.9055000000e+00 -1.0231106680e-04 2.1082180074e-03
2.9060000000e+00 -1.0226269366e-04 2.1000570371e-03
2.9065000000e+00 -1.0221459196e-04 2.0918368992e-03
2.9070000000e+00 -1.0216679344e-04 2.0835598913e-03
2.9075000000e+00 -1.0211933172e-04 2.0752283387e-03
2.9080000000e+00 -1.0207224212e-04 2.0668445937e-03
2.9085000000e+00 -1.0202556144e-04 2.0584110350e-03
2.9090000000e+00 -1.0197932754e-04 2.0499300671e-03
2.9095000000e+00 -1.0193357854e-04 2.0414041198e-03
2.9100000000e+00 -1.0188835230e-04 2.0328356477e-03
2.9105000000e+00 -1.0184368566e-04 2.0242271293e-03
2.9110000000e+00 -1.0179961378e-04 2.0155810668e-03
2.9115000000e+00 -1.0175616970e-04 2.0068999856e-03
2.9120000000e+00 -1.0171338399e-04 1.9981864331e-03
2.9125000000e+00 -1.0167128440e-04 1.9894429789e-03
2.9130000000e+00 -1.0162989601e-04 1.9806722138e-03
2.9135000000e+00 -1.0158924156e-04 1.9718767490e-03
2.9140000000e+00 -1.0154934178e-04 1.9630592157e-03
2.9145000000e+00 -1.0151021575e-04 1.9542222647e-03
2.9150000000e+00 -1.0147188171e-04 1.9453685649e-03
2.9155000000e+00 -1.0143435769e-04 1.9365008032e-03
2.9160000000e+00 -1.0139766200e-04 1.9276216837e-03
2.9165000000e+00 -1.0136181369e-04 1.9187339267e-03
2.9170000000e+00 -1.0132683289e-04 1.9098402679e-03
2.9175000000e+00 -1.0129274097e-04 1.9009434580e-03
2.9180000000e+00 -1.0125956044e-04 1.8920462615e-03
2.9185000000e+00 -1.0122731469e-04 1.8831514560e-03
2.9190000000e+00 -1.0119602755e-04 1.8742618318e-03
2.9195000000e+00 -1.0116572271e-04 1.8653801906e-03
2.9200000000e+00 -1.0113642309e-04 1.8565093451e-03
2.9205000000e+00 -1.0110815024e-04 1.8476521181e-03
2.9210000000e+00 -1.0108092371e-04 1.8388113421e-03
2.9215000000e+00 -1.0105476037e-04 1.8299898581e-03
2.9220000000e+00 -1.0102967426e-04 1.8211905150e-03
2.9225000000e+00 -1.0100567642e-04 1.8124161692e-03
2.9230000000e+00 -1.0098277478e-04 1.8036696832e-03
2.9235000000e+00 -1.0096097440e-04 1.7949539256e-03
2.9240000000e+00 -1.0094027788e-04 1.7862717694e-03
2.9245000000e+00 -1.0092068599e-04 1.7776260921e-03
2.9250000000e+00 -1.0090219811e-04 1.7690197740e-03
2.9255000000e+00 -1.0088481291e-04 1.7604556981e-03
2.9260000000e+00 -1.0086852891e-04 1.7519367486e-03
2.9265000000e+00 -1.0085334507e-04 1.7434658102e-03
2.9270000000e+00 -1.0083926103e-04 1.7350457674e-03
2.9275000000e+00 -1.0082627730e-04 1.7266795033e-03
2.9280000000e+00 -1.0081439532e-04 1.7183698988e-03
2.9285000000e+00 -1.0080361710e-04 1.7101198318e-03
2.9290000000e+00 -1.0079394494e-04 1.7019321761e-03
2.9295000000e+00 -1.0078538100e-04 1.6938098007e-03
2.9300000000e+00 -1.0077792657e-04 1.6857555691e-03
2.9305000000e+00 -1.0077158142e-04 1.6777723380e-03
2.9310000000e+00 -1.0076634337e-04 1.6698629569e-03
2.9315000000e+00 -1.0076220785e-04 1.6620302670e-03
2.9320000000e+00 -1.0075916734e-04 1.6542771006e-03
2.9325000000e+00 -1.0075721128e-04 1.6466062800e-03
2.9330000000e+00 -1.0075632619e-04 1.6390206170e-03
2.9335000000e+00 -1.0075649586e-04 1.6315229118e-03
2.9340000000e+00 -1.0075770161e-04 1.6241159520e-03
2.9345000000e+00 -1.0075992291e-04 1.6168025121e-03
2.9350000000e+00 -1.0076313796e-04 1.6095853522e-03
2.9355000000e+00 -1.0076732429e-04 1.6024672174e-03
2.9360000000e+00 -1.0077245942e-04 1.5954508366e-03
2.9365000000e+00 -1.0077852133e-04 1.5885389217e-03
2.9370000000e+00 -1.0078548885e-04 1.5817341663e-03
2.9375000000e+00 -1.0079334183e-04 1.5750392455e-03
2.9380000000e+00 -1.0080206127e-04 1.5684568140e-03
2.9385000000e+00 -1.0081162913e-04 1.5619895060e-03
2.9390000000e+00 -1.0082202797e-04 1.5556399337e-03
2.9395000000e+00 -1.0083324046e-04 1.5494106867e-03
2.9400000000e+00 -1.0084524894e-04 1.5433043312e-03
2.9405000000e+00 -1.0085803492e-04 1.5373234089e-03
2.9410000000e+00 -1.0087157831e-04 1.5314704362e-03
2.9415000000e+00 -1.0088585707e-04 1.5257479036e-03
2.9420000000e+00 -1.0090084699e-04 1.5201582747e-03
2.9425000000e+00 -1.0091652142e-04 1.5147039854e-03
2.9430000000e+00 -1.0093285126e-04 1.5093874431e-03
2.9435000000e+00 -1.0094980526e-04 1.5042110258e-03
2.9440000000e+00 -1.0096735031e-04 1.4991770814e-03
2.9445000000e+00 -1.0098545201e-04 1.4942879269e-03
2.9450000000e+00 -1.0100407522e-04 1.4895458470e-03
2.9455000000e+00 -1.0102318471e-04 1.4849530938e-03
2.9460000000e+00 -1.0104274580e-04 1.4805118859e-03
2.9465000000e+00 -1.0106272476e-04 1.4762244070e-03
2.9470000000e+00 -1.0108308939e-04 1.4720928053e-03
2.9475000000e+00 -1.0110380924e-04 1.4681191926e-03
2.9480000000e+00 -1.0112485556e-04 1.4643056437e-03
2.9485000000e+00 -1.0114620122e-04 1.4606541948e-03
2.9490000000e+00 -1.0116782058e-04 1.4571668433e-03
2.9495000000e+00 -1.0118968901e-04 1.4538455470e-03
2.9500000000e+00 -1.0121178227e-04 1.4506922228e-03
2.9505000000e+00 -1.0123407607e-04 1.4477087464e-03

