# Time F_D F_L Pressure_Diff
5.0000000000e-04 1.3541031352e-02 -1.2918453707e-04 2.2560705504e-01
1.0000000000e-03 4.0996638578e-02 -3.7691123534e-04 8.0712247734e-01
1.5000000000e-03 6.9864076809e-02 -5.8093158129e-04 1.7235895361e+00
2.0000000000e-03 1.0045250193e-01 -7.6389773169e-04 3.1002277220e+00
2.5000000000e-03 1.3204710542e-01 -9.2588008957e-04 5.0443198548e+00
3.0000000000e-03 1.6491831890e-01 -1.0255910955e-03 7.6513572594e+00
3.5000000000e-03 2.0005943615e-01 -1.0384820501e-03 1.0943915679e+01
4.0000000000e-03 2.3709464105e-01 -9.6745853077e-04 1.4839958226e+01
4.5000000000e-03 2.7469513382e-01 -8.6954882082e-04 1.9192142457e+01
5.0000000000e-03 3.1263905576e-01 -7.4197561221e-04 2.3845005124e+01
5.5000000000e-03 3.5158924396e-01 -5.7446806852e-04 2.8641472738e+01
6.0000000000e-03 3.9113775236e-01 -3.7551333717e-04 3.3388252270e+01
6.5000000000e-03 4.2990574872e-01 -1.9672657767e-04 3.7860794453e+01
7.0000000000e-03 4.6745658040e-01 -8.7408960850e-05 4.1872675197e+01
7.5000000000e-03 5.0425359044e-01 -2.4109904896e-05 4.5328161335e+01
8.0000000000e-03 5.4014921567e-01 -5.5160185194e-06 4.8190220228e+01
8.5000000000e-03 5.7459264739e-01 -4.1568086405e-05 5.0433715242e+01
9.0000000000e-03 6.0753640874e-01 -1.7156734154e-04 5.2075424687e+01
9.5000000000e-03 6.3910042912e-01 -3.8055536955e-04 5.3233428470e+01
1.0000000000e-02 6.6957110208e-01 -6.1812588881e-04 5.4100102782e+01
1.0500000000e-02 6.9972563725e-01 -8.6814979334e-04 5.4857916834e+01
1.1000000000e-02 7.2980843346e-01 -1.1292086630e-03 5.5661568096e+01
1.1500000000e-02 7.5936563921e-01 -1.4137379224e-03 5.6686396748e+01
1.2000000000e-02 7.8902633909e-01 -1.6628966351e-03 5.8127255243e+01
1.2500000000e-02 8.2026814788e-01 -1.8413923729e-03 6.0128451015e+01
1.3000000000e-02 8.5324957666e-01 -1.9523255617e-03 6.2742752400e+01
1.3500000000e-02 8.8728507094e-01 -2.0168065199e-03 6.5959321247e+01
1.4000000000e-02 9.2278347801e-01 -2.0358760024e-03 6.9740544270e+01
1.4500000000e-02 9.6062551126e-01 -1.9715705874e-03 7.4012268890e+01
1.5000000000e-02 1.0004829865e+00 -1.8441173278e-03 7.8629856549e+01
1.5500000000e-02 1.0412783041e+00 -1.6883998810e-03 8.3381760120e+01
1.6000000000e-02 1.0826131861e+00 -1.5488828434e-03 8.8054044704e+01
1.6500000000e-02 1.1245384711e+00 -1.4184095649e-03 9.2483323878e+01
1.7000000000e-02 1.1665839716e+00 -1.2876173671e-03 9.6532167606e+01
1.7500000000e-02 1.2081869476e+00 -1.1994490757e-03 1.0005259799e+02
1.8000000000e-02 1.2490603970e+00 -1.1838934985e-03 1.0293497896e+02
1.8500000000e-02 1.2886623538e+00 -1.2528553527e-03 1.0517738687e+02
1.9000000000e-02 1.3269648279e+00 -1.3651722698e-03 1.0686011812e+02
1.9500000000e-02 1.3648403809e+00 -1.5197901324e-03 1.0807912081e+02
2.0000000000e-02 1.4022734103e+00 -1.7316991511e-03 1.0894964845e+02
2.0500000000e-02 1.4385919421e+00 -1.9952408961e-03 1.0964697317e+02
2.1000000000e-02 1.4745987643e+00 -2.2775302272e-03 1.1039173325e+02
2.1500000000e-02 1.5116238174e+00 -2.5249405182e-03 1.1139016685e+02
2.2000000000e-02 1.5496053503e+00 -2.7461486940e-03 1.1279301379e+02
2.2500000000e-02 1.5880847922e+00 -2.9382178839e-03 1.1470487642e+02
2.3000000000e-02 1.6275440984e+00 -3.0853955200e-03 1.1720890619e+02
2.3500000000e-02 1.6686366277e+00 -3.1455229541e-03 1.2035074856e+02
2.4000000000e-02 1.7111500505e+00 -3.1137228316e-03 1.2409157042e+02
2.4500000000e-02 1.7544896549e+00 -3.0375903217e-03 1.2830741395e+02
2.5000000000e-02 1.7985070123e+00 -2.9353374141e-03 1.3284588503e+02
2.5500000000e-02 1.8431518517e+00 -2.8189462326e-03 1.3756048916e+02
2.6000000000e-02 1.8880770788e+00 -2.6799999785e-03 1.4228414467e+02
2.6500000000e-02 1.9329890479e+00 -2.5566067412e-03 1.4681074980e+02
2.7000000000e-02 1.9774961853e+00 -2.4830993731e-03 1.5094813791e+02
2.7500000000e-02 2.0208648505e+00 -2.4611164701e-03 1.5458096343e+02
2.8000000000e-02 2.0628728806e+00 -2.4809720535e-03 1.5765746128e+02
2.8500000000e-02 2.1040067142e+00 -2.5330468875e-03 1.6014442826e+02
2.9000000000e-02 2.1440276265e+00 -2.6517444341e-03 1.6204676143e+02
2.9500000000e-02 2.1821563867e+00 -2.8277262723e-03 1.6345245004e+02
3.0000000000e-02 2.2189618680e+00 -3.0353109931e-03 1.6451861169e+02
3.0500000000e-02 2.2555369091e+00 -3.2455374440e-03 1.6541999047e+02
3.1000000000e-02 2.2917300126e+00 -3.4561956306e-03 1.6632415434e+02
3.1500000000e-02 2.3274117099e+00 -3.6805884877e-03 1.6739722453e+02
3.2000000000e-02 2.3634807691e+00 -3.8876924473e-03 1.6881146139e+02
3.2500000000e-02 2.4006761116e+00 -4.0572163725e-03 1.7072079273e+02
3.3000000000e-02 2.4391363511e+00 -4.1694896802e-03 1.7321027604e+02
3.3500000000e-02 2.4789802638e+00 -4.2493280333e-03 1.7628385584e+02
3.4000000000e-02 2.5204328519e+00 -4.3047277039e-03 1.7990565149e+02
3.4500000000e-02 2.5634872337e+00 -4.3171079489e-03 1.8401851942e+02
3.5000000000e-02 2.6079452704e+00 -4.2867719836e-03 1.8850554197e+02
3.5500000000e-02 2.6537422791e+00 -4.2278036967e-03 1.9317767431e+02
3.6000000000e-02 2.7004412329e+00 -4.1830663617e-03 1.9783274171e+02
3.6500000000e-02 2.7471136915e+00 -4.1491522563e-03 2.0230575002e+02
3.7000000000e-02 2.7935267471e+00 -4.1240292296e-03 2.0645148962e+02
3.7500000000e-02 2.8399369637e+00 -4.1136797613e-03 2.1012761829e+02
3.8000000000e-02 2.8856688375e+00 -4.1425117888e-03 2.1322927073e+02
3.8500000000e-02 2.9299462680e+00 -4.2311279970e-03 2.1572817114e+02
3.9000000000e-02 2.9732254968e+00 -4.3487796245e-03 2.1766878121e+02
3.9500000000e-02 3.0159640197e+00 -4.4865599605e-03 2.1913805625e+02
4.0000000000e-02 3.0577994075e+00 -4.6440976996e-03 2.2024829866e+02
4.0500000000e-02 3.0987707383e+00 -4.8367801064e-03 2.2114775473e+02
4.1000000000e-02 3.1395737829e+00 -5.0404079241e-03 2.2202773148e+02
4.1500000000e-02 3.1806410352e+00 -5.2191015780e-03 2.2308815050e+02
4.2000000000e-02 3.2220983774e+00 -5.3734476683e-03 2.2448925685e+02
4.2500000000e-02 3.2642781076e+00 -5.5030999127e-03 2.2634226772e+02
4.3000000000e-02 3.3075422104e+00 -5.6158698607e-03 2.2873339632e+02
4.3500000000e-02 3.3518658994e+00 -5.6811978579e-03 2.3171975074e+02
4.4000000000e-02 3.3972476084e+00 -5.6969126742e-03 2.3528708949e+02
4.4500000000e-02 3.4439241948e+00 -5.6814515190e-03 2.3933801422e+02
4.5000000000e-02 3.4916727956e+00 -5.6552761101e-03 2.4373974196e+02
4.5500000000e-02 3.5398513073e+00 -5.6277491842e-03 2.4835667596e+02
4.6000000000e-02 3.5883433546e+00 -5.5825405897e-03 2.5302841317e+02
4.6500000000e-02 3.6372711017e+00 -5.5445927834e-03 2.5756211725e+02
4.7000000000e-02 3.6858903593e+00 -5.5302523336e-03 2.6177847348e+02
4.7500000000e-02 3.7333899996e+00 -5.5522802890e-03 2.6555119140e+02
4.8000000000e-02 3.7800315669e+00 -5.5972830355e-03 2.6880243044e+02
4.8500000000e-02 3.8258610922e+00 -5.6607298307e-03 2.7149200044e+02
4.9000000000e-02 3.8701302223e+00 -5.7707795475e-03 2.7362203098e+02
4.9500000000e-02 3.9128812159e+00 -5.9309383938e-03 2.7525225415e+02
5.0000000000e-02 3.9547699425e+00 -6.1351629476e-03 2.7650890425e+02
5.0500000000e-02 3.9958478196e+00 -6.3478588155e-03 2.7755932231e+02
5.1000000000e-02 4.0362426279e+00 -6.5665978123e-03 2.7856684501e+02
5.1500000000e-02 4.0766257562e+00 -6.7930205001e-03 2.7968700059e+02
5.2000000000e-02 4.1174481479e+00 -7.0081184198e-03 2.8108845658e+02
5.2500000000e-02 4.1588945482e+00 -7.1902271253e-03 2.8292804928e+02
5.3000000000e-02 4.2013561297e+00 -7.3150337026e-03 2.8529820916e+02
5.3500000000e-02 4.2453093054e+00 -7.4007707507e-03 2.8822081359e+02
5.4000000000e-02 4.2907721731e+00 -7.4461459310e-03 2.9168096933e+02
5.4500000000e-02 4.3374603340e+00 -7.4507186633e-03 2.9563255789e+02
5.5000000000e-02 4.3855071586e+00 -7.4094871774e-03 2.9997134538e+02
5.5500000000e-02 4.4349219746e+00 -7.3385598112e-03 3.0453407238e+02
5.6000000000e-02 4.4849246279e+00 -7.2767504516e-03 3.0913985935e+02
5.6500000000e-02 4.5349893489e+00 -7.2273719814e-03 3.1362306957e+02
5.7000000000e-02 4.5852584188e+00 -7.1985388707e-03 3.1783409736e+02
5.7500000000e-02 4.6353463430e+00 -7.1928338611e-03 3.2163534376e+02
5.8000000000e-02 4.6844529082e+00 -7.2389080032e-03 3.2491928168e+02
5.8500000000e-02 4.7325637873e+00 -7.3449685792e-03 3.2763736047e+02
5.9000000000e-02 4.7799710935e+00 -7.4935827578e-03 3.2981177651e+02
5.9500000000e-02 4.8263936298e+00 -7.6754186050e-03 3.3151464277e+02
6.0000000000e-02 4.8717172377e+00 -7.8784905886e-03 3.3284221771e+02
6.0500000000e-02 4.9164442286e+00 -8.1126083761e-03 3.3392262482e+02
6.1000000000e-02 4.9609097657e+00 -8.3512070657e-03 3.3493098873e+02
6.1500000000e-02 5.0051805150e+00 -8.5682059274e-03 3.3605904912e+02
6.2000000000e-02 5.0496542205e+00 -8.7480750944e-03 3.3746291692e+02
6.2500000000e-02 5.0948606256e+00 -8.8905188950e-03 3.3925758598e+02
6.3000000000e-02 5.1408962352e+00 -9.0005004115e-03 3.4154174022e+02
6.3500000000e-02 5.1877898872e+00 -9.0531376232e-03 3.4438432174e+02
6.4000000000e-02 5.2359668040e+00 -9.0522682923e-03 3.4778294453e+02
6.4500000000e-02 5.2855110058e+00 -9.0063867965e-03 3.5166468574e+02
6.5000000000e-02 5.3358050022e+00 -8.9437185664e-03 3.5592164627e+02
6.5500000000e-02 5.3867023551e+00 -8.8744432345e-03 3.6042601741e+02
6.6000000000e-02 5.4385140714e+00 -8.7970612868e-03 3.6502492267e+02
6.6500000000e-02 5.4906189462e+00 -8.7332401651e-03 3.6954473249e+02
6.7000000000e-02 5.5421310190e+00 -8.7026556452e-03 3.7381161683e+02
6.7500000000e-02 5.5931366332e+00 -8.7308965653e-03 3.7768559074e+02
6.8000000000e-02 5.6436268888e+00 -8.8044554960e-03 3.8108237865e+02
6.8500000000e-02 5.6929125695e+00 -8.9225818786e-03 3.8395725932e+02
6.9000000000e-02 5.7408047495e+00 -9.0942782089e-03 3.8629279091e+02
6.9500000000e-02 5.7876184761e+00 -9.3228472240e-03 3.8812719578e+02
7.0000000000e-02 5.8333923717e+00 -9.5982300679e-03 3.8957282833e+02
7.0500000000e-02 5.8782248306e+00 -9.8808268188e-03 3.9077999028e+02
7.1000000000e-02 5.9225622920e+00 -1.0160295619e-02 3.9189703326e+02
7.1500000000e-02 5.9668116734e+00 -1.0423839410e-02 3.9307419093e+02
7.2000000000e-02 6.0111961290e+00 -1.0662131663e-02 3.9447715750e+02
7.2500000000e-02 6.0560846027e+00 -1.0849432046e-02 3.9626049523e+02
7.3000000000e-02 6.1021138174e+00 -1.0968577723e-02 3.9852393687e+02
7.3500000000e-02 6.1494432274e+00 -1.1038801441e-02 4.0130617239e+02
7.4000000000e-02 6.1977509191e+00 -1.1068371390e-02 4.0460730346e+02
7.4500000000e-02 6.2473075725e+00 -1.1064423005e-02 4.0839269763e+02
7.5000000000e-02 6.2984912296e+00 -1.1015094139e-02 4.1257673517e+02
7.5500000000e-02 6.3507139366e+00 -1.0943305824e-02 4.1702093182e+02
7.6000000000e-02 6.4032989718e+00 -1.0879340046e-02 4.2155726117e+02
7.6500000000e-02 6.4563570477e+00 -1.0834874595e-02 4.2602183654e+02
7.7000000000e-02 6.5097738258e+00 -1.0815347951e-02 4.3027118000e+02
7.7500000000e-02 6.5627655291e+00 -1.0816989755e-02 4.3417374188e+02
7.8000000000e-02 6.6149693305e+00 -1.0867357306e-02 4.3761129241e+02
7.8500000000e-02 6.6664934364e+00 -1.0973481227e-02 4.4051707771e+02
7.9000000000e-02 6.7170919829e+00 -1.1130601226e-02 4.4290110933e+02
7.9500000000e-02 6.7665983272e+00 -1.1320685970e-02 4.4482053836e+02
8.0000000000e-02 6.8153120160e+00 -1.1537561985e-02 4.4635018404e+02
8.0500000000e-02 6.8633178825e+00 -1.1790800369e-02 4.4760161092e+02
8.1000000000e-02 6.9105898842e+00 -1.2058879568e-02 4.4873748584e+02
8.1500000000e-02 6.9576451685e+00 -1.2322238939e-02 4.4993576035e+02
8.2000000000e-02 7.0051166398e+00 -1.2555745632e-02 4.5134916786e+02
8.2500000000e-02 7.0530374436e+00 -1.2762791785e-02 4.5310075289e+02
8.3000000000e-02 7.1013372224e+00 -1.2942217641e-02 4.5529292617e+02
8.3500000000e-02 7.1506334640e+00 -1.3075153979e-02 4.5799750400e+02
8.4000000000e-02 7.2014322786e+00 -1.3153079148e-02 4.6123344308e+02
8.4500000000e-02 7.2532522264e+00 -1.3176671261e-02 4.6495431845e+02
8.5000000000e-02 7.3057626863e+00 -1.3176668427e-02 4.6906240583e+02
8.5500000000e-02 7.3593153719e+00 -1.3155316573e-02 4.7343821665e+02
8.6000000000e-02 7.4137017425e+00 -1.3114815245e-02 4.7795001102e+02
8.6500000000e-02 7.4682052479e+00 -1.3067029275e-02 4.8243861194e+02
8.7000000000e-02 7.5225915405e+00 -1.3037404066e-02 4.8672880203e+02
8.7500000000e-02 7.5766733772e+00 -1.3052284717e-02 4.9067783056e+02
8.8000000000e-02 7.6299612187e+00 -1.3104762126e-02 4.9419790457e+02
8.8500000000e-02 7.6822893848e+00 -1.3200146553e-02 4.9723416755e+02
8.9000000000e-02 7.7336908429e+00 -1.3340682050e-02 4.9975610296e+02
8.9500000000e-02 7.7839285366e+00 -1.3542232689e-02 5.0178621155e+02
9.0000000000e-02 7.8328975413e+00 -1.3796391859e-02 5.0341569557e+02
9.0500000000e-02 7.8810714188e+00 -1.4074626618e-02 5.0477705990e+02
9.1000000000e-02 7.9289683363e+00 -1.4365144891e-02 5.0600954553e+02
9.1500000000e-02 7.9765595651e+00 -1.4657223689e-02 5.0725710224e+02
9.2000000000e-02 8.0239169523e+00 -1.4949265681e-02 5.0867520253e+02
9.2500000000e-02 8.0718597373e+00 -1.5209561728e-02 5.1041279359e+02
9.3000000000e-02 8.1209523189e+00 -1.5421179342e-02 5.1258122345e+02
9.3500000000e-02 8.1708968607e+00 -1.5584710414e-02 5.1523723386e+02
9.4000000000e-02 8.2217239147e+00 -1.5706243338e-02 5.1838779765e+02
9.4500000000e-02 8.2739782542e+00 -1.5789475563e-02 5.2200667469e+02
9.5000000000e-02 8.3275606898e+00 -1.5816814036e-02 5.2603349482e+02
9.5500000000e-02 8.3819774928e+00 -1.5800405406e-02 5.3035275059e+02
9.6000000000e-02 8.4371617401e+00 -1.5757546247e-02 5.3480395341e+02
9.6500000000e-02 8.4929079058e+00 -1.5714001538e-02 5.3922986209e+02
9.7000000000e-02 8.5486335806e+00 -1.5676302713e-02 5.4349658235e+02
9.7500000000e-02 8.6041643143e+00 -1.5649442869e-02 5.4747242152e+02
9.8000000000e-02 8.6594300916e+00 -1.5661270907e-02 5.5103370598e+02
9.8500000000e-02 8.7138271178e+00 -1.5726665685e-02 5.5410574596e+02
9.9000000000e-02 8.7670452877e+00 -1.5856205368e-02 5.5667968698e+02
9.9500000000e-02 8.8194653950e+00 -1.6031054765e-02 5.5879224486e+02
1.0000000000e-01 8.8712210013e+00 -1.6248688783e-02 5.6050932696e+02
1.0050000000e-01 8.9219982461e+00 -1.6511586487e-02 5.6193050651e+02
1.0100000000e-01 8.9719164991e+00 -1.6809502637e-02 5.6319431257e+02
1.0150000000e-01 9.0217151139e+00 -1.7120375853e-02 5.6446419228e+02
1.0200000000e-01 9.0717903033e+00 -1.7409350485e-02 5.6589744271e+02
1.0250000000e-01 9.1219973817e+00 -1.7676196653e-02 5.6762123932e+02
1.0300000000e-01 9.1726550937e+00 -1.7914836544e-02 5.6973360449e+02
1.0350000000e-01 9.2243883272e+00 -1.8115224092e-02 5.7231230254e+02
1.0400000000e-01 9.2771971792e+00 -1.8259389721e-02 5.7539659397e+02
1.0450000000e-01 9.3309648009e+00 -1.8344634194e-02 5.7895890880e+02
1.0500000000e-01 9.3858644576e+00 -1.8394758507e-02 5.8291441673e+02
1.0550000000e-01 9.4416759548e+00 -1.8417930996e-02 5.8715789291e+02
1.0600000000e-01 9.4979822522e+00 -1.8423514464e-02 5.9157130864e+02
1.0650000000e-01 9.5547590688e+00 -1.8409990839e-02 5.9600678996e+02
1.0700000000e-01 9.6117916817e+00 -1.8404148421e-02 6.0029843606e+02
1.0750000000e-01 9.6683802550e+00 -1.8430627566e-02 6.0430414499e+02
1.0800000000e-01 9.7241626299e+00 -1.8492117458e-02 6.0792626289e+02
1.0850000000e-01 9.7793246808e+00 -1.8589010660e-02 6.1110002942e+02
1.0900000000e-01 9.8337406999e+00 -1.8719345969e-02 6.1378987554e+02
1.0950000000e-01 9.8868905425e+00 -1.8901968489e-02 6.1600556666e+02
1.1000000000e-01 9.9388348277e+00 -1.9128823309e-02 6.1781316434e+02
1.1050000000e-01 9.9901696741e+00 -1.9384135903e-02 6.1932488468e+02
1.1100000000e-01 1.0041059501e+01 -1.9648920909e-02 6.2067574904e+02
1.1150000000e-01 1.0091402379e+01 -1.9915882629e-02 6.2200339655e+02
1.1200000000e-01 1.0141671757e+01 -2.0186980376e-02 6.2344744541e+02
1.1250000000e-01 1.0192476844e+01 -2.0438337456e-02 6.2515227471e+02
1.1300000000e-01 1.0243893517e+01 -2.0655021004e-02 6.2724141418e+02
1.1350000000e-01 1.0296093726e+01 -2.0826450437e-02 6.2978166002e+02
1.1400000000e-01 1.0349505286e+01 -2.0964655797e-02 6.3278785394e+02
1.1450000000e-01 1.0404026733e+01 -2.1071395147e-02 6.3624956610e+02
1.1500000000e-01 1.0459445518e+01 -2.1136572848e-02 6.4012249662e+02
1.1550000000e-01 1.0516023034e+01 -2.1165765980e-02 6.4430578707e+02
1.1600000000e-01 1.0573592821e+01 -2.1169955255e-02 6.4865828397e+02
1.1650000000e-01 1.0631420260e+01 -2.1176754454e-02 6.5303475703e+02
1.1700000000e-01 1.0689293198e+01 -2.1189289556e-02 6.5729848656e+02
1.1750000000e-01 1.0747323011e+01 -2.1213497601e-02 6.6131918940e+02
1.1800000000e-01 1.0805038503e+01 -2.1261414954e-02 6.6497982682e+02
1.1850000000e-01 1.0861839257e+01 -2.1350373303e-02 6.6819651821e+02
1.1900000000e-01 1.0917702269e+01 -2.1489547147e-02 6.7093806404e+02
1.1950000000e-01 1.0972834591e+01 -2.1659026011e-02 6.7322668793e+02
1.2000000000e-01 1.1027112749e+01 -2.1855427272e-02 6.7512048854e+02
1.2050000000e-01 1.1080377467e+01 -2.2075274014e-02 6.7670376914e+02
1.2100000000e-01 1.1132994583e+01 -2.2320731087e-02 6.7809457930e+02
1.2150000000e-01 1.1185389139e+01 -2.2575437153e-02 6.7944429716e+02
1.2200000000e-01 1.1237620398e+01 -2.2817992892e-02 6.8090824926e+02
1.2250000000e-01 1.1290034536e+01 -2.3044861964e-02 6.8261288635e+02
1.2300000000e-01 1.1343143306e+01 -2.3251487156e-02 6.8465761307e+02
1.2350000000e-01 1.1396939723e+01 -2.3439428548e-02 6.8712706293e+02
1.2400000000e-01 1.1451512660e+01 -2.3590012898e-02 6.9007082906e+02
1.2450000000e-01 1.1507317995e+01 -2.3701176770e-02 6.9347619080e+02
1.2500000000e-01 1.1564276699e+01 -2.3782915553e-02 6.9727879592e+02
1.2550000000e-01 1.1621884531e+01 -2.3844589689e-02 7.0138854074e+02
1.2600000000e-01 1.1680113236e+01 -2.3891203288e-02 7.0569432725e+02
1.2650000000e-01 1.1739062275e+01 -2.3917286899e-02 7.1005964290e+02
1.2700000000e-01 1.1798208436e+01 -2.3942052225e-02 7.1433421100e+02
1.2750000000e-01 1.1856927862e+01 -2.3980102558e-02 7.1837779368e+02
1.2800000000e-01 1.1915183885e+01 -2.4044648139e-02 7.2208073613e+02
1.2850000000e-01 1.1972965523e+01 -2.4132627447e-02 7.2537195729e+02
1.2900000000e-01 1.2029833604e+01 -2.4243087994e-02 7.2821351245e+02
1.2950000000e-01 1.2085579176e+01 -2.4390816560e-02 7.3059989634e+02
1.3000000000e-01 1.2140463531e+01 -2.4575690610e-02 7.3257459514e+02
1.3050000000e-01 1.2194593076e+01 -2.4791765547e-02 7.3423613663e+02
1.3100000000e-01 1.2247944479e+01 -2.5017303377e-02 7.3570921775e+02
1.3150000000e-01 1.2300929642e+01 -2.5249394340e-02 7.3711869128e+02
1.3200000000e-01 1.2353977650e+01 -2.5484752119e-02 7.3859702817e+02
1.3250000000e-01 1.2407105682e+01 -2.5710730278e-02 7.4028717974e+02
1.3300000000e-01 1.2460626215e+01 -2.5912658916e-02 7.4231110249e+02
1.3350000000e-01 1.2515161785e+01 -2.6074284551e-02 7.4474330499e+02
1.3400000000e-01 1.2570704550e+01 -2.6204805116e-02 7.4761641657e+02
1.3450000000e-01 1.2627017350e+01 -2.6304734662e-02 7.5093113534e+02
1.3500000000e-01 1.2684414011e+01 -2.6373248739e-02 7.5465064337e+02
1.3550000000e-01 1.2743036992e+01 -2.6407054193e-02 7.5869348738e+02
1.3600000000e-01 1.2802391247e+01 -2.6417662756e-02 7.6293986344e+02
1.3650000000e-01 1.2862099811e+01 -2.6429483224e-02 7.6725134102e+02
1.3700000000e-01 1.2922148291e+01 -2.6448045457e-02 7.7149255968e+02
1.3750000000e-01 1.2982311662e+01 -2.6481568890e-02 7.7553898487e+02
1.3800000000e-01 1.3042067877e+01 -2.6534207687e-02 7.7927633544e+02
1.3850000000e-01 1.3101118176e+01 -2.6625159484e-02 7.8261225113e+02
1.3900000000e-01 1.3159490637e+01 -2.6761116051e-02 7.8550113761e+02
1.3950000000e-01 1.3217024914e+01 -2.6932640889e-02 7.8795249662e+02
1.4000000000e-01 1.3273523169e+01 -2.7132511880e-02 7.9001194990e+02
1.4050000000e-01 1.3329247828e+01 -2.7353117051e-02 7.9174796664e+02
1.4100000000e-01 1.3384433759e+01 -2.7599264578e-02 7.9326445577e+02
1.4150000000e-01 1.3439019056e+01 -2.7854206101e-02 7.9470200843e+02
1.4200000000e-01 1.3493376337e+01 -2.8101291259e-02 7.9620570799e+02
1.4250000000e-01 1.3548121842e+01 -2.8327813757e-02 7.9789954791e+02
1.4300000000e-01 1.3603277253e+01 -2.8530524109e-02 7.9988970462e+02
1.4350000000e-01 1.3658841734e+01 -2.8706993983e-02 8.0226463588e+02
1.4400000000e-01 1.3715361867e+01 -2.8839941062e-02 8.0507716966e+02
1.4450000000e-01 1.3773082945e+01 -2.8928442672e-02 8.0833176224e+02
1.4500000000e-01 1.3831644965e+01 -2.8976545513e-02 8.1198551541e+02
1.4550000000e-01 1.3890934309e+01 -2.9001742415e-02 8.1595834235e+02
1.4600000000e-01 1.3951115651e+01 -2.9011406308e-02 8.2014725340e+02
1.4650000000e-01 1.4011914172e+01 -2.9007848242e-02 8.2443248274e+02
1.4700000000e-01 1.4072803705e+01 -2.9007475506e-02 8.2867545791e+02
1.4750000000e-01 1.4133598138e+01 -2.9026324299e-02 8.3273481762e+02
1.4800000000e-01 1.4194169563e+01 -2.9082833362e-02 8.3649807381e+02
1.4850000000e-01 1.4254121852e+01 -2.9173079830e-02 8.3989149965e+02
1.4900000000e-01 1.4313209610e+01 -2.9298852319e-02 8.4286708983e+02
1.4950000000e-01 1.4371512942e+01 -2.9463723645e-02 8.4540563220e+02
1.5000000000e-01 1.4428971066e+01 -2.9667629479e-02 8.4753843549e+02
1.5050000000e-01 1.4485426917e+01 -2.9903091292e-02 8.4934783681e+02
1.5100000000e-01 1.4541219238e+01 -3.0147262568e-02 8.5094127838e+02
1.5150000000e-01 1.4596792751e+01 -3.0393459906e-02 8.5243544034e+02
1.5200000000e-01 1.4652090346e+01 -3.0632589131e-02 8.5395903064e+02
1.5250000000e-01 1.4707281384e+01 -3.0858237745e-02 8.5564622440e+02
1.5300000000e-01 1.4763055772e+01 -3.1052910988e-02 8.5761615564e+02
1.5350000000e-01 1.4819645802e+01 -3.1205068378e-02 8.5995463308e+02
1.5400000000e-01 1.4876896906e+01 -3.1321546454e-02 8.6270662543e+02
1.5450000000e-01 1.4935030623e+01 -3.1404325973e-02 8.6587971832e+02
1.5500000000e-01 1.4994324770e+01 -3.1458266605e-02 8.6944909321e+02
1.5550000000e-01 1.5054612927e+01 -3.1479963743e-02 8.7335236199e+02
1.5600000000e-01 1.5115573866e+01 -3.1483066175e-02 8.7748513608e+02
1.5650000000e-01 1.5177111434e+01 -3.1485220391e-02 8.8171722505e+02
1.5700000000e-01 1.5239084671e+01 -3.1498067027e-02 8.8591986678e+02
1.5750000000e-01 1.5301047327e+01 -3.1529152046e-02 8.8997488471e+02
1.5800000000e-01 1.5362682461e+01 -3.1579539174e-02 8.9376762711e+02
1.5850000000e-01 1.5423940410e+01 -3.1666547366e-02 8.9719942112e+02
1.5900000000e-01 1.5484506769e+01 -3.1794848473e-02 9.0021699701e+02
1.5950000000e-01 1.5544059160e+01 -3.1962852789e-02 9.0281746361e+02
1.6000000000e-01 1.5602827327e+01 -3.2159925122e-02 9.0502942595e+02
1.6050000000e-01 1.5660979405e+01 -3.2379732161e-02 9.0690979270e+02
1.6100000000e-01 1.5718274303e+01 -3.2623560775e-02 9.0855260986e+02
1.6150000000e-01 1.5774920701e+01 -3.2877594823e-02 9.1008149096e+02
1.6200000000e-01 1.5831565346e+01 -3.3128829806e-02 9.1162998986e+02
1.6250000000e-01 1.5888361717e+01 -3.3358612390e-02 9.1332493275e+02
1.6300000000e-01 1.5945257389e+01 -3.3564953261e-02 9.1527451593e+02
1.6350000000e-01 1.6002700756e+01 -3.3743497799e-02 9.1756437385e+02
1.6400000000e-01 1.6061104234e+01 -3.3882619917e-02 9.2025581302e+02
1.6450000000e-01 1.6120374079e+01 -3.3977088884e-02 9.2337085580e+02
1.6500000000e-01 1.6180457619e+01 -3.4028093467e-02 9.2687926343e+02
1.6550000000e-01 1.6241490529e+01 -3.4053810104e-02 9.3071146436e+02
1.6600000000e-01 1.6303337157e+01 -3.4059791493e-02 9.3477973572e+02
1.6650000000e-01 1.6365657512e+01 -3.4053145546e-02 9.3897711910e+02
1.6700000000e-01 1.6428292667e+01 -3.4043279369e-02 9.4317214408e+02
1.6750000000e-01 1.6491069695e+01 -3.4045718129e-02 9.4722893298e+02
1.6800000000e-01 1.6553546485e+01 -3.4077571893e-02 9.5103619958e+02
1.6850000000e-01 1.6615405730e+01 -3.4138704958e-02 9.5451326921e+02
1.6900000000e-01 1.6676711778e+01 -3.4232730256e-02 9.5760321683e+02
1.6950000000e-01 1.6737351300e+01 -3.4360894159e-02 9.6027972955e+02
1.7000000000e-01 1.6796934936e+01 -3.4531696943e-02 9.6256130349e+02
1.7050000000e-01 1.6855606553e+01 -3.4738647029e-02 9.6451086128e+02
1.7100000000e-01 1.6913834699e+01 -3.4965492688e-02 9.6622206745e+02
1.7150000000e-01 1.6971597058e+01 -3.5204552361e-02 9.6780610753e+02
1.7200000000e-01 1.7028887772e+01 -3.5447422184e-02 9.6938262543e+02
1.7250000000e-01 1.7086239933e+01 -3.5689853418e-02 9.7107542397e+02
1.7300000000e-01 1.7144049356e+01 -3.5911932424e-02 9.7300411619e+02
1.7350000000e-01 1.7202347253e+01 -3.6101495491e-02 9.7526313183e+02
1.7400000000e-01 1.7261311872e+01 -3.6253737701e-02 9.7790420514e+02
1.7450000000e-01 1.7321240666e+01 -3.6370146889e-02 9.8094259506e+02
1.7500000000e-01 1.7382140728e+01 -3.6451896359e-02 9.8436758174e+02
1.7550000000e-01 1.7443860767e+01 -3.6492118601e-02 9.8813241931e+02
1.7600000000e-01 1.7506415935e+01 -3.6501376675e-02 9.9214485097e+02
1.7650000000e-01 1.7569696815e+01 -3.6492221117e-02 9.9628643064e+02
1.7700000000e-01 1.7633239780e+01 -3.6481240812e-02 1.0004385335e+03
1.7750000000e-01 1.7696779375e+01 -3.6475436684e-02 1.0044851467e+03
1.7800000000e-01 1.7760347324e+01 -3.6481855705e-02 1.0083113888e+03
1.7850000000e-01 1.7823571188e+01 -3.6516915279e-02 1.0118201234e+03
1.7900000000e-01 1.7885934946e+01 -3.6589615102e-02 1.0149505351e+03
1.7950000000e-01 1.7947523927e+01 -3.6706335232e-02 1.0176823705e+03
1.8000000000e-01 1.8008532244e+01 -3.6857090563e-02 1.0200332658e+03
1.8050000000e-01 1.8068693558e+01 -3.7039713560e-02 1.0220531623e+03
1.8100000000e-01 1.8127962906e+01 -3.7252540045e-02 1.0238196787e+03
1.8150000000e-01 1.8186810747e+01 -3.7486519455e-02 1.0254392580e+03
1.8200000000e-01 1.8245485982e+01 -3.7726625957e-02 1.0270402208e+03
1.8250000000e-01 1.8304018803e+01 -3.7952758086e-02 1.0287476177e+03
1.8300000000e-01 1.8362762218e+01 -3.8161112720e-02 1.0306654909e+03
1.8350000000e-01 1.8422077090e+01 -3.8342667801e-02 1.0328815062e+03
1.8400000000e-01 1.8482028227e+01 -3.8490190588e-02 1.0354655584e+03
1.8450000000e-01 1.8542741499e+01 -3.8593539893e-02 1.0384494251e+03
1.8500000000e-01 1.8604425564e+01 -3.8652120110e-02 1.0418152795e+03
1.8550000000e-01 1.8667026137e+01 -3.8678718662e-02 1.0455089125e+03
1.8600000000e-01 1.8730260326e+01 -3.8680181553e-02 1.0494547145e+03
1.8650000000e-01 1.8794041940e+01 -3.8665104834e-02 1.0535547764e+03
1.8700000000e-01 1.8858381940e+01 -3.8637661014e-02 1.0576881451e+03
1.8750000000e-01 1.8922859089e+01 -3.8616052177e-02 1.0617281190e+03
1.8800000000e-01 1.8986963662e+01 -3.8614830795e-02 1.0655628212e+03
1.8850000000e-01 1.9050717516e+01 -3.8639340937e-02 1.0691040559e+03
1.8900000000e-01 1.9114100844e+01 -3.8693805129e-02 1.0722906947e+03
1.8950000000e-01 1.9176646735e+01 -3.8779835250e-02 1.0750916508e+03
1.9000000000e-01 1.9238235094e+01 -3.8907656272e-02 1.0775100742e+03
1.9050000000e-01 1.9299170839e+01 -3.9072396090e-02 1.0795909707e+03
1.9100000000e-01 1.9359479376e+01 -3.9265002561e-02 1.0814184973e+03
1.9150000000e-01 1.9419139187e+01 -3.9472174301e-02 1.0830952537e+03
1.9200000000e-01 1.9478506410e+01 -3.9685822061e-02 1.0847288625e+03
1.9250000000e-01 1.9537901453e+01 -3.9901397127e-02 1.0864362261e+03
1.9300000000e-01 1.9597427701e+01 -4.0101460417e-02 1.0883373747e+03
1.9350000000e-01 1.9657353804e+01 -4.0274976540e-02 1.0905285821e+03
1.9400000000e-01 1.9718065754e+01 -4.0412449797e-02 1.0930673731e+03
1.9450000000e-01 1.9779605511e+01 -4.0517708817e-02 1.0959808868e+03
1.9500000000e-01 1.9841854783e+01 -4.0590105804e-02 1.0992693869e+03
1.9550000000e-01 1.9904999921e+01 -4.0627238869e-02 1.1028954098e+03
1.9600000000e-01 1.9969130741e+01 -4.0635013561e-02 1.1067822319e+03
1.9650000000e-01 2.0033825236e+01 -4.0623013962e-02 1.1108275475e+03
1.9700000000e-01 2.0098749779e+01 -4.0609502444e-02 1.1149176962e+03
1.9750000000e-01 2.0163958936e+01 -4.0598456645e-02 1.1189381218e+03
1.9800000000e-01 2.0229234744e+01 -4.0596515750e-02 1.1227808355e+03
1.9850000000e-01 2.0294041370e+01 -4.0612917699e-02 1.1263500150e+03
1.9900000000e-01 2.0358218156e+01 -4.0658729383e-02 1.1295737901e+03
1.9950000000e-01 2.0421846944e+01 -4.0739561348e-02 1.1324206896e+03
2.0000000000e-01 2.0484713932e+01 -4.0847110200e-02 1.1349006535e+03
2.0050000000e-01 2.0546697939e+01 -4.0980551141e-02 1.1370513828e+03
2.0100000000e-01 2.0608054506e+01 -4.1135750004e-02 1.1389353286e+03
2.0150000000e-01 2.0668918591e+01 -4.1311411036e-02 1.1406478709e+03
2.0200000000e-01 2.0729327668e+01 -4.1495191331e-02 1.1423083370e+03
2.0250000000e-01 2.0789638409e+01 -4.1672336786e-02 1.1440346244e+03
2.0300000000e-01 2.0850225731e+01 -4.1837826454e-02 1.1459300275e+03
2.0350000000e-01 2.0911163362e+01 -4.1985567281e-02 1.1480854324e+03
2.0400000000e-01 2.0972556848e+01 -4.2113031952e-02 1.1505739770e+03
2.0450000000e-01 2.1034757112e+01 -4.2207797354e-02 1.1534344285e+03
2.0500000000e-01 2.1097945420e+01 -4.2269941336e-02 1.1566633909e+03
2.0550000000e-01 2.1161870901e+01 -4.2305052948e-02 1.1602219074e+03
2.0600000000e-01 2.1226400818e+01 -4.2319935986e-02 1.1640434561e+03
2.0650000000e-01 2.1291693583e+01 -4.2319774317e-02 1.1680384680e+03
2.0700000000e-01 2.1357524500e+01 -4.2305597930e-02 1.1720999141e+03
2.0750000000e-01 2.1423372111e+01 -4.2292002898e-02 1.1761101328e+03
2.0800000000e-01 2.1489125143e+01 -4.2289149943e-02 1.1799547422e+03
2.0850000000e-01 2.1554730070e+01 -4.2306843850e-02 1.1835424096e+03
2.0900000000e-01 2.1619778127e+01 -4.2345863529e-02 1.1868111207e+03
2.0950000000e-01 2.1684076047e+01 -4.2409069958e-02 1.1897211475e+03
2.1000000000e-01 2.1747733690e+01 -4.2505422529e-02 1.1922618688e+03
2.1050000000e-01 2.1810653485e+01 -4.2633052883e-02 1.1944673744e+03
2.1100000000e-01 2.1872755259e+01 -4.2787490206e-02 1.1964096205e+03
2.1150000000e-01 2.1934351294e+01 -4.2955150533e-02 1.1981776001e+03
2.1200000000e-01 2.1995718336e+01 -4.3131356401e-02 1.1998713949e+03
2.1250000000e-01 2.2056866213e+01 -4.3309439046e-02 1.2016038430e+03
2.1300000000e-01 2.2118011639e+01 -4.3478750066e-02 1.2034884935e+03
2.1350000000e-01 2.2179640432e+01 -4.3628612761e-02 1.2056209908e+03
2.1400000000e-01 2.2241943389e+01 -4.3748517731e-02 1.2080686837e+03
2.1450000000e-01 2.2304827391e+01 -4.3842646656e-02 1.2108683122e+03
2.1500000000e-01 2.2368448160e+01 -4.3908873192e-02 1.2140255281e+03
2.1550000000e-01 2.2433057804e+01 -4.3947156282e-02 1.2175144052e+03
2.1600000000e-01 2.2498478489e+01 -4.3957186778e-02 1.2212756181e+03
2.1650000000e-01 2.2564394128e+01 -4.3947924276e-02 1.2252183209e+03
2.1700000000e-01 2.2630787515e+01 -4.3933490277e-02 1.2292343155e+03
2.1750000000e-01 2.2697528658e+01 -4.3918751248e-02 1.2332160227e+03
2.1800000000e-01 2.2764179886e+01 -4.3912000704e-02 1.2370610327e+03
2.1850000000e-01 2.2830527157e+01 -4.3917986854e-02 1.2406717035e+03
2.1900000000e-01 2.2896532607e+01 -4.3949547560e-02 1.2439706453e+03
2.1950000000e-01 2.2961894248e+01 -4.4012120204e-02 1.2469194059e+03
2.2000000000e-01 2.3026423849e+01 -4.4103592750e-02 1.2495167325e+03
2.2050000000e-01 2.3090303134e+01 -4.4221568309e-02 1.2517873822e+03
2.2100000000e-01 2.3153593362e+01 -4.4361909545e-02 1.2537838094e+03
2.2150000000e-01 2.3216197037e+01 -4.4525220167e-02 1.2555906293e+03
2.2200000000e-01 2.3278338235e+01 -4.4698243230e-02 1.2573143658e+03
2.2250000000e-01 2.3340449209e+01 -4.4869722125e-02 1.2590655996e+03
2.2300000000e-01 2.3402693532e+01 -4.5029373269e-02 1.2609484884e+03
2.2350000000e-01 2.3465088355e+01 -4.5171981739e-02 1.2630551708e+03
2.2400000000e-01 2.3527955466e+01 -4.5293748516e-02 1.2654584180e+03
2.2450000000e-01 2.3591661258e+01 -4.5384057381e-02 1.2682043322e+03
2.2500000000e-01 2.3656121078e+01 -4.5442186720e-02 1.2713046103e+03
2.2550000000e-01 2.3721230723e+01 -4.5469741726e-02 1.2747314921e+03
2.2600000000e-01 2.3787169794e+01 -4.5477885655e-02 1.2784261587e+03
2.2650000000e-01 2.3853828890e+01 -4.5470990265e-02 1.2823121832e+03
2.2700000000e-01 2.3920833114e+01 -4.5453748608e-02 1.2862947703e+03
2.2750000000e-01 2.3988086364e+01 -4.5437917188e-02 1.2902607805e+03
2.2800000000e-01 2.4055470805e+01 -4.5434305232e-02 1.2940988909e+03
2.2850000000e-01 2.4122564368e+01 -4.5455245801e-02 1.2977195665e+03
2.2900000000e-01 2.4189141243e+01 -4.5500559439e-02 1.3010547594e+03
2.2950000000e-01 2.4255257983e+01 -4.5574171668e-02 1.3040563902e+03
2.3000000000e-01 2.4320744454e+01 -4.5678340817e-02 1.3067076556e+03
2.3050000000e-01 2.4385360345e+01 -4.5813767224e-02 1.3090309598e+03
2.3100000000e-01 2.4449278828e+01 -4.5974932130e-02 1.3110819358e+03
2.3150000000e-01 2.4512784109e+01 -4.6147536503e-02 1.3129394894e+03
2.3200000000e-01 2.4575881637e+01 -4.6325923739e-02 1.3146984607e+03
2.3250000000e-01 2.4638646815e+01 -4.6501423477e-02 1.3164628813e+03
2.3300000000e-01 2.4701487266e+01 -4.6667424845e-02 1.3183389360e+03
2.3350000000e-01 2.4764723448e+01 -4.6810933087e-02 1.3204241694e+03
2.3400000000e-01 2.4828386620e+01 -4.6924744485e-02 1.3227927326e+03
2.3450000000e-01 2.4892598525e+01 -4.7010557935e-02 1.3254865563e+03
2.3500000000e-01 2.4957645527e+01 -4.7067586483e-02 1.3285186068e+03
2.3550000000e-01 2.5023529272e+01 -4.7098959797e-02 1.3318757248e+03
2.3600000000e-01 2.5090056470e+01 -4.7102932394e-02 1.3355116402e+03
2.3650000000e-01 2.5157259373e+01 -4.7089392261e-02 1.3393453952e+03
2.3700000000e-01 2.5225054036e+01 -4.7069278178e-02 1.3432785187e+03
2.3750000000e-01 2.5293031105e+01 -4.7052404715e-02 1.3472115278e+03
2.3800000000e-01 2.5360999405e+01 -4.7045619062e-02 1.3510441781e+03
2.3850000000e-01 2.5428943128e+01 -4.7053665248e-02 1.3546787961e+03
2.3900000000e-01 2.5496517387e+01 -4.7089416735e-02 1.3580374702e+03
2.3950000000e-01 2.5563389200e+01 -4.7156058334e-02 1.3610744841e+03
2.4000000000e-01 2.5629634883e+01 -4.7254778116e-02 1.3637755962e+03
2.4050000000e-01 2.5695324511e+01 -4.7379722072e-02 1.3661561425e+03
2.4100000000e-01 2.5760290841e+01 -4.7527603380e-02 1.3682607327e+03
2.4150000000e-01 2.5824556422e+01 -4.7696169037e-02 1.3701606198e+03
2.4200000000e-01 2.5888472358e+01 -4.7874563265e-02 1.3719489655e+03
2.4250000000e-01 2.5952269997e+01 -4.8052572851e-02 1.3737318779e+03
2.4300000000e-01 2.6015970618e+01 -4.8216918998e-02 1.3756124881e+03
2.4350000000e-01 2.6079836887e+01 -4.8364928971e-02 1.3776793967e+03
2.4400000000e-01 2.6144246372e+01 -4.8490961010e-02 1.3800067793e+03
2.4450000000e-01 2.6209241666e+01 -4.8588365534e-02 1.3826499692e+03
2.4500000000e-01 2.6274844589e+01 -4.8654598845e-02 1.3856295802e+03
2.4550000000e-01 2.6341282010e+01 -4.8690347240e-02 1.3889266003e+03
2.4600000000e-01 2.6408512243e+01 -4.8705526886e-02 1.3924955499e+03
2.4650000000e-01 2.6476256172e+01 -4.8703264335e-02 1.3962714594e+03
2.4700000000e-01 2.6544487565e+01 -4.8690909319e-02 1.4001664435e+03
2.4750000000e-01 2.6613163325e+01 -4.8674939841e-02 1.4040759370e+03
2.4800000000e-01 2.6681877693e+01 -4.8667207937e-02 1.4078959262e+03
2.4850000000e-01 2.6750314882e+01 -4.8678918737e-02 1.4115349912e+03
2.4900000000e-01 2.6818485140e+01 -4.8711956868e-02 1.4149196464e+03
2.4950000000e-01 2.6886255069e+01 -4.8770974782e-02 1.4179989899e+03
2.5000000000e-01 2.6953304594e+01 -4.8857354998e-02 1.4207496562e+03
2.5050000000e-01 2.7019594979e+01 -4.8975789810e-02 1.4231803563e+03
2.5100000000e-01 2.7085321066e+01 -4.9120569494e-02 1.4253338027e+03
2.5150000000e-01 2.7150526888e+01 -4.9282876197e-02 1.4272806554e+03
2.5200000000e-01 2.7215208258e+01 -4.9455677910e-02 1.4291072579e+03
2.5250000000e-01 2.7279630075e+01 -4.9630860670e-02 1.4309080138e+03
2.5300000000e-01 2.7344118940e+01 -4.9803260829e-02 1.4327838992e+03
2.5350000000e-01 2.7408770309e+01 -4.9959034115e-02 1.4348333268e+03
2.5400000000e-01 2.7473739634e+01 -5.0090769918e-02 1.4371328743e+03
2.5450000000e-01 2.7539369260e+01 -5.0193852549e-02 1.4397289490e+03
2.5500000000e-01 2.7605719848e+01 -5.0268424578e-02 1.4426440422e+03
2.5550000000e-01 2.7672672853e+01 -5.0314677451e-02 1.4458755673e+03
2.5600000000e-01 2.7740384315e+01 -5.0330194705e-02 1.4493861233e+03
2.5650000000e-01 2.7808888334e+01 -5.0323074031e-02 1.4531069216e+03
2.5700000000e-01 2.7877812351e+01 -5.0301256624e-02 1.4569519410e+03
2.5750000000e-01 2.7946949183e+01 -5.0277402409e-02 1.4608264111e+03
2.5800000000e-01 2.8016322873e+01 -5.0257921867e-02 1.4646321652e+03
2.5850000000e-01 2.8085670715e+01 -5.0250751138e-02 1.4682765472e+03
2.5900000000e-01 2.8154593789e+01 -5.0266826372e-02 1.4716812159e+03
2.5950000000e-01 2.8223001085e+01 -5.0312832877e-02 1.4747909113e+03
2.6000000000e-01 2.8290924642e+01 -5.0393096010e-02 1.4775824807e+03
2.6050000000e-01 2.8358199929e+01 -5.0501696974e-02 1.4800648783e+03
2.6100000000e-01 2.8424728296e+01 -5.0638028481e-02 1.4822717125e+03
2.6150000000e-01 2.8490711476e+01 -5.0798309460e-02 1.4842605019e+03
2.6200000000e-01 2.8556322070e+01 -5.0975448072e-02 1.4861156489e+03
2.6250000000e-01 2.8621590415e+01 -5.1158644663e-02 1.4879372671e+03
2.6300000000e-01 2.8686764928e+01 -5.1334943350e-02 1.4898222112e+03
2.6350000000e-01 2.8752194021e+01 -5.1499383989e-02 1.4918575520e+03
2.6400000000e-01 2.8817953125e+01 -5.1643848278e-02 1.4941211705e+03
2.6450000000e-01 2.8884120321e+01 -5.1763418690e-02 1.4966720328e+03
2.6500000000e-01 2.8951008000e+01 -5.1850675584e-02 1.4995369798e+03
2.6550000000e-01 2.9018709226e+01 -5.1905493784e-02 1.5027095716e+03
2.6600000000e-01 2.9087002020e+01 -5.1934452071e-02 1.5061561670e+03
2.6650000000e-01 2.9155862340e+01 -5.1941046852e-02 1.5098191632e+03
2.6700000000e-01 2.9225370095e+01 -5.1931996511e-02 1.5136197809e+03
2.6750000000e-01 2.9295254042e+01 -5.1912415796e-02 1.5174646925e+03
2.6800000000e-01 2.9365153419e+01 -5.1896240988e-02 1.5212548347e+03
2.6850000000e-01 2.9434987261e+01 -5.1893327964e-02 1.5248973171e+03
2.6900000000e-01 2.9504652629e+01 -5.1910492524e-02 1.5283171879e+03
2.6950000000e-01 2.9573847895e+01 -5.1952328788e-02 1.5314614257e+03
2.7000000000e-01 2.9642405328e+01 -5.2021228969e-02 1.5342987073e+03
2.7050000000e-01 2.9710381059e+01 -5.2122966665e-02 1.5368261411e+03
2.7100000000e-01 2.9777767324e+01 -5.2253232916e-02 1.5390765245e+03
2.7150000000e-01 2.9844503994e+01 -5.2406325876e-02 1.5411111650e+03
2.7200000000e-01 2.9910782219e+01 -5.2572697801e-02 1.5430056297e+03
2.7250000000e-01 2.9976879986e+01 -5.2746098195e-02 1.5448463892e+03
2.7300000000e-01 3.0042839927e+01 -5.2919848226e-02 1.5467310176e+03
2.7350000000e-01 3.0108811957e+01 -5.3081698568e-02 1.5487545670e+03
2.7400000000e-01 3.0175218826e+01 -5.3224129249e-02 1.5509933639e+03
2.7450000000e-01 3.0242193494e+01 -5.3340034540e-02 1.5535013514e+03
2.7500000000e-01 3.0309637925e+01 -5.3430411268e-02 1.5563093202e+03
2.7550000000e-01 3.0377751157e+01 -5.3493711011e-02 1.5594198156e+03
2.7600000000e-01 3.0446707665e+01 -5.3529715533e-02 1.5628060736e+03
2.7650000000e-01 3.0516281537e+01 -5.3543030613e-02 1.5664140473e+03
2.7700000000e-01 3.0586268726e+01 -5.3541067047e-02 1.5701660636e+03
2.7750000000e-01 3.0656668487e+01 -5.3536013813e-02 1.5739716822e+03
2.7800000000e-01 3.0727316661e+01 -5.3532362756e-02 1.5777397752e+03
2.7850000000e-01 3.0797871276e+01 -5.3538590608e-02 1.5813820892e+03
2.7900000000e-01 3.0868152227e+01 -5.3562087215e-02 1.5848173005e+03
2.7950000000e-01 3.0938099365e+01 -5.3610774850e-02 1.5879849441e+03
2.8000000000e-01 3.1007514618e+01 -5.3688296000e-02 1.5908563386e+03
2.8050000000e-01 3.1076243799e+01 -5.3791252517e-02 1.5934311852e+03
2.8100000000e-01 3.1144391574e+01 -5.3919218319e-02 1.5957318047e+03
2.8150000000e-01 3.1212044327e+01 -5.4067849669e-02 1.5978066254e+03
2.8200000000e-01 3.1279150083e+01 -5.4234769133e-02 1.5997308974e+03
2.8250000000e-01 3.1345889843e+01 -5.4409911018e-02 1.6015947699e+03
2.8300000000e-01 3.1412631275e+01 -5.4583411630e-02 1.6034898152e+03
2.8350000000e-01 3.1479484323e+01 -5.4749252482e-02 1.6055035081e+03
2.8400000000e-01 3.1546478273e+01 -5.4900950966e-02 1.6077139601e+03
2.8450000000e-01 3.1613937769e+01 -5.5034174211e-02 1.6101810643e+03
2.8500000000e-01 3.1682111235e+01 -5.5140482232e-02 1.6129395338e+03
2.8550000000e-01 3.1750892309e+01 -5.5220123842e-02 1.6159947242e+03
2.8600000000e-01 3.1820253867e+01 -5.5275288173e-02 1.6193215243e+03
2.8650000000e-01 3.1890322460e+01 -5.5310624020e-02 1.6228700275e+03
2.8700000000e-01 3.1960971753e+01 -5.5330905367e-02 1.6265727951e+03
2.8750000000e-01 3.2031919948e+01 -5.5339735775e-02 1.6303461616e+03
2.8800000000e-01 3.2103054607e+01 -5.5348432726e-02 1.6340948568e+03
2.8850000000e-01 3.2174257032e+01 -5.5365074807e-02 1.6377277001e+03
2.8900000000e-01 3.2245232969e+01 -5.5398191817e-02 1.6411706863e+03
2.8950000000e-01 3.2315772076e+01 -5.5450054193e-02 1.6443667880e+03
2.9000000000e-01 3.2385873040e+01 -5.5524694691e-02 1.6472770839e+03
2.9050000000e-01 3.2455446309e+01 -5.5626459371e-02 1.6498915702e+03
2.9100000000e-01 3.2524307763e+01 -5.5753444204e-02 1.6522337732e+03
2.9150000000e-01 3.2592579529e+01 -5.5902805987e-02 1.6543522481e+03
2.9200000000e-01 3.2660522621e+01 -5.6065533053e-02 1.6563134292e+03
2.9250000000e-01 3.2728124153e+01 -5.6237978229e-02 1.6581992157e+03
2.9300000000e-01 3.2795451252e+01 -5.6413620416e-02 1.6600999074e+03
2.9350000000e-01 3.2862901562e+01 -5.6584462417e-02 1.6621045396e+03
2.9400000000e-01 3.2930701422e+01 -5.6741903083e-02 1.6642924269e+03
2.9450000000e-01 3.2998831664e+01 -5.6878845838e-02 1.6667234406e+03
2.9500000000e-01 3.3067463820e+01 -5.6995937585e-02 1.6694315190e+03
2.9550000000e-01 3.3136825525e+01 -5.7089978031e-02 1.6724263349e+03
2.9600000000e-01 3.3206859700e+01 -5.7161287247e-02 1.6756932839e+03
2.9650000000e-01 3.3277448415e+01 -5.7210549808e-02 1.6791885164e+03
2.9700000000e-01 3.3348599329e+01 -5.7244310486e-02 1.6828421749e+03
2.9750000000e-01 3.3420201336e+01 -5.7271595558e-02 1.6865723718e+03
2.9800000000e-01 3.3491968451e+01 -5.7297451243e-02 1.6902943969e+03
2.9850000000e-01 3.3563726272e+01 -5.7329736677e-02 1.6939218816e+03
2.9900000000e-01 3.3635401527e+01 -5.7373388332e-02 1.6973734891e+03
2.9950000000e-01 3.3706754031e+01 -5.7438116426e-02 1.7005869643e+03
3.0000000000e-01 3.3777532095e+01 -5.7527331886e-02 1.7035270101e+03
3.0050000000e-01 3.3847765282e+01 -5.7640766653e-02 1.7061834301e+03
3.0100000000e-01 3.3917524307e+01 -5.7777403161e-02 1.7085704195e+03
3.0150000000e-01 3.3986674798e+01 -5.7934378137e-02 1.7107285634e+03
3.0200000000e-01 3.4055245337e+01 -5.8110152112e-02 1.7127218804e+03
3.0250000000e-01 3.4123564871e+01 -5.8294898805e-02 1.7146303119e+03
3.0300000000e-01 3.4191795640e+01 -5.8481073048e-02 1.7165420308e+03
3.0350000000e-01 3.4259941587e+01 -5.8660078604e-02 1.7185431774e+03
3.0400000000e-01 3.4328274302e+01 -5.8826617734e-02 1.7207090300e+03
3.0450000000e-01 3.4397092445e+01 -5.8975665468e-02 1.7231014234e+03
3.0500000000e-01 3.4466405170e+01 -5.9099639305e-02 1.7257633072e+03
3.0550000000e-01 3.4536257459e+01 -5.9197863625e-02 1.7287078260e+03
3.0600000000e-01 3.4606812760e+01 -5.9271014565e-02 1.7319172068e+03
3.0650000000e-01 3.4678020386e+01 -5.9325591008e-02 1.7353523070e+03
3.0700000000e-01 3.4749688836e+01 -5.9364876922e-02 1.7389558537e+03
3.0750000000e-01 3.4821758540e+01 -5.9394305011e-02 1.7426506500e+03
3.0800000000e-01 3.4894155684e+01 -5.9422981602e-02 1.7463476454e+03
3.0850000000e-01 3.4966587065e+01 -5.9458704062e-02 1.7499609262e+03
3.0900000000e-01 3.5038787172e+01 -5.9510793561e-02 1.7534153799e+03
3.0950000000e-01 3.5110738683e+01 -5.9581074237e-02 1.7566493426e+03
3.1000000000e-01 3.5182344502e+01 -5.9674119309e-02 1.7596208716e+03
3.1050000000e-01 3.5253328137e+01 -5.9791900093e-02 1.7623140816e+03
3.1100000000e-01 3.5323673241e+01 -5.9935014689e-02 1.7647403723e+03
3.1150000000e-01 3.5393579714e+01 -6.0099682774e-02 1.7669376897e+03
3.1200000000e-01 3.5463038866e+01 -6.0277495580e-02 1.7689664066e+03
3.1250000000e-01 3.5532046580e+01 -6.0464748978e-02 1.7709004397e+03
3.1300000000e-01 3.5600889918e+01 -6.0653753724e-02 1.7728213716e+03
3.1350000000e-01 3.5669808024e+01 -6.0838462855e-02 1.7748154018e+03
3.1400000000e-01 3.5738859166e+01 -6.1009288135e-02 1.7769630479e+03
3.1450000000e-01 3.5808221684e+01 -6.1160299983e-02 1.7793255734e+03
3.1500000000e-01 3.5878143742e+01 -6.1289769809e-02 1.7819414202e+03
3.1550000000e-01 3.5948660938e+01 -6.1395791297e-02 1.7848286072e+03
3.1600000000e-01 3.6019730334e+01 -6.1479948897e-02 1.7879811542e+03
3.1650000000e-01 3.6091434032e+01 -6.1541707332e-02 1.7913636916e+03
3.1700000000e-01 3.6163756403e+01 -6.1588561196e-02 1.7949165300e+03
3.1750000000e-01 3.6236446601e+01 -6.1627938915e-02 1.7985668418e+03
3.1800000000e-01 3.6309323735e+01 -6.1667008625e-02 1.8022344913e+03
3.1850000000e-01 3.6382360784e+01 -6.1712361627e-02 1.8058356797e+03
3.1900000000e-01 3.6455359974e+01 -6.1769085177e-02 1.8092919624e+03
3.1950000000e-01 3.6527989881e+01 -6.1846249795e-02 1.8125398979e+03
3.2000000000e-01 3.6600172816e+01 -6.1946254384e-02 1.8155365878e+03
3.2050000000e-01 3.6671960539e+01 -6.2070956075e-02 1.8182641922e+03
3.2100000000e-01 3.6743191759e+01 -6.2217000252e-02 1.8207312360e+03
3.2150000000e-01 3.6813779498e+01 -6.2382313691e-02 1.8229688251e+03
3.2200000000e-01 3.6883942591e+01 -6.2564282838e-02 1.8250290232e+03
3.2250000000e-01 3.6953814467e+01 -6.2754663106e-02 1.8269847871e+03
3.2300000000e-01 3.7023400795e+01 -6.2946412720e-02 1.8289199412e+03
3.2350000000e-01 3.7092941972e+01 -6.3129973400e-02 1.8309151975e+03
3.2400000000e-01 3.7162716187e+01 -6.3301916137e-02 1.8330443475e+03
3.2450000000e-01 3.7232779220e+01 -6.3456167745e-02 1.8353729115e+03
3.2500000000e-01 3.7303232255e+01 -6.3587897183e-02 1.8379475863e+03
3.2550000000e-01 3.7374303028e+01 -6.3695131935e-02 1.8407870505e+03
3.2600000000e-01 3.7446035917e+01 -6.3777994489e-02 1.8438838867e+03
3.2650000000e-01 3.7518291477e+01 -6.3842716016e-02 1.8472088071e+03
3.2700000000e-01 3.7591044137e+01 -6.3891931283e-02 1.8507111550e+03
3.2750000000e-01 3.7664316153e+01 -6.3931817914e-02 1.8543216997e+03
3.2800000000e-01 3.7737890773e+01 -6.3968152874e-02 1.8579604176e+03
3.2850000000e-01 3.7811469969e+01 -6.4010086299e-02 1.8615448177e+03
3.2900000000e-01 3.7884986293e+01 -6.4065536711e-02 1.8649983406e+03
3.2950000000e-01 3.7958362263e+01 -6.4137139939e-02 1.8682585418e+03
3.3000000000e-01 3.8031317751e+01 -6.4230165159e-02 1.8712813782e+03
3.3050000000e-01 3.8103721057e+01 -6.4345955398e-02 1.8740430347e+03
3.3100000000e-01 3.8175659302e+01 -6.4487330571e-02 1.8765451676e+03
3.3150000000e-01 3.8247101434e+01 -6.4650354710e-02 1.8788180646e+03
3.3200000000e-01 3.8317996076e+01 -6.4829524875e-02 1.8809137604e+03
3.3250000000e-01 3.8388536444e+01 -6.5019444829e-02 1.8828968845e+03
3.3300000000e-01 3.8458926788e+01 -6.5213176763e-02 1.8848428598e+03
3.3350000000e-01 3.8529215736e+01 -6.5405577644e-02 1.8868347791e+03
3.3400000000e-01 3.8599572659e+01 -6.5585976825e-02 1.8889508317e+03
3.3450000000e-01 3.8670295408e+01 -6.5749049285e-02 1.8912531877e+03
3.3500000000e-01 3.8741482197e+01 -6.5890204843e-02 1.8937859708e+03
3.3550000000e-01 3.8813114126e+01 -6.6008339318e-02 1.8965738140e+03
3.3600000000e-01 3.8885325252e+01 -6.6103020389e-02 1.8996166295e+03
3.3650000000e-01 3.8958222348e+01 -6.6173813166e-02 1.9028881914e+03
3.3700000000e-01 3.9031646458e+01 -6.6227011022e-02 1.9063401474e+03
3.3750000000e-01 3.9105413161e+01 -6.6268015885e-02 1.9099069712e+03
3.3800000000e-01 3.9179513605e+01 -6.6305916747e-02 1.9135124149e+03
3.3850000000e-01 3.9253829350e+01 -6.6345790625e-02 1.9170782073e+03
3.3900000000e-01 3.9328038942e+01 -6.6394317549e-02 1.9205296215e+03
3.3950000000e-01 3.9401991634e+01 -6.6459558453e-02 1.9238000911e+03
3.4000000000e-01 3.9475680615e+01 -6.6545934659e-02 1.9268415474e+03
3.4050000000e-01 3.9548916244e+01 -6.6657001925e-02 1.9296320698e+03
3.4100000000e-01 3.9621558388e+01 -6.6790015966e-02 1.9321724607e+03
3.4150000000e-01 3.9693731575e+01 -6.6945244268e-02 1.9344833214e+03
3.4200000000e-01 3.9765490109e+01 -6.7118843728e-02 1.9366090734e+03
3.4250000000e-01 3.9836797009e+01 -6.7305559250e-02 1.9386154851e+03
3.4300000000e-01 3.9907846645e+01 -6.7497904136e-02 1.9405780053e+03
3.4350000000e-01 3.9978905094e+01 -6.7686496327e-02 1.9425732342e+03
3.4400000000e-01 4.0050051033e+01 -6.7866878204e-02 1.9446753692e+03
3.4450000000e-01 4.0121371439e+01 -6.8031709246e-02 1.9469498831e+03
3.4500000000e-01 4.0193116056e+01 -6.8176921870e-02 1.9494451717e+03
3.4550000000e-01 4.0265449364e+01 -6.8297105608e-02 1.9521873372e+03
3.4600000000e-01 4.0338311362e+01 -6.8392583061e-02 1.9551782287e+03
3.4650000000e-01 4.0411678753e+01 -6.8466956287e-02 1.9583954893e+03
3.4700000000e-01 4.0485640023e+01 -6.8522793071e-02 1.9617957969e+03
3.4750000000e-01 4.0560095247e+01 -6.8566131596e-02 1.9653196580e+03
3.4800000000e-01 4.0634788135e+01 -6.8601732181e-02 1.9688945149e+03
3.4850000000e-01 4.0709620778e+01 -6.8639765254e-02 1.9724406698e+03
3.4900000000e-01 4.0784516562e+01 -6.8687243304e-02 1.9758830340e+03
3.4950000000e-01 4.0859212568e+01 -6.8750209667e-02 1.9791598521e+03
3.5000000000e-01 4.0933527879e+01 -6.8833163233e-02 1.9822233820e+03
3.5050000000e-01 4.1007476123e+01 -6.8938456563e-02 1.9850431105e+03
3.5100000000e-01 4.1080969060e+01 -6.9070038328e-02 1.9876142174e+03
3.5150000000e-01 4.1153875735e+01 -6.9224383416e-02 1.9899589969e+03
3.5200000000e-01 4.1226318395e+01 -6.9397978036e-02 1.9921193521e+03
3.5250000000e-01 4.1298474955e+01 -6.9583789743e-02 1.9941522810e+03
3.5300000000e-01 4.1370348864e+01 -6.9776383822e-02 1.9961284886e+03
3.5350000000e-01 4.1442044507e+01 -6.9969293238e-02 1.9981253768e+03
3.5400000000e-01 4.1513864478e+01 -7.0153136482e-02 2.0002172345e+03
3.5450000000e-01 4.1585978986e+01 -7.0322280122e-02 2.0024685806e+03
3.5500000000e-01 4.1658400698e+01 -7.0470393298e-02 2.0049282769e+03
3.5550000000e-01 4.1731262321e+01 -7.0597352397e-02 2.0076241969e+03
3.5600000000e-01 4.1804747784e+01 -7.0700979853e-02 2.0105624783e+03
3.5650000000e-01 4.1878818434e+01 -7.0781661602e-02 2.0137274234e+03
3.5700000000e-01 4.1953344441e+01 -7.0843158331e-02 2.0170795150e+03
3.5750000000e-01 4.2028333963e+01 -7.0890875374e-02 2.0205590684e+03
3.5800000000e-01 4.2103718060e+01 -7.0933148740e-02 2.0240969591e+03
3.5850000000e-01 4.2179228112e+01 -7.0974262308e-02 2.0276210269e+03
3.5900000000e-01 4.2254712688e+01 -7.1021951384e-02 2.0310575564e+03
3.5950000000e-01 4.2330129579e+01 -7.1081966137e-02 2.0343391132e+03
3.6000000000e-01 4.2405257025e+01 -7.1160585529e-02 2.0374162929e+03
3.6050000000e-01 4.2479900136e+01 -7.1261308081e-02 2.0402613485e+03
3.6100000000e-01 4.2554112075e+01 -7.1382982546e-02 2.0428665126e+03
3.6150000000e-01 4.2627906094e+01 -7.1526113001e-02 2.0452458239e+03
3.6200000000e-01 4.2701181875e+01 -7.1687193058e-02 2.0474364102e+03
3.6250000000e-01 4.2774025167e+01 -7.1863547760e-02 2.0494942089e+03
3.6300000000e-01 4.2846672795e+01 -7.2046955804e-02 2.0514873349e+03
3.6350000000e-01 4.2919239314e+01 -7.2230307870e-02 2.0534896563e+03
3.6400000000e-01 4.2991777600e+01 -7.2408106680e-02 2.0555733198e+03
3.6450000000e-01 4.3064501094e+01 -7.2573953865e-02 2.0578021093e+03
3.6500000000e-01 4.3137642523e+01 -7.2723928451e-02 2.0602269855e+03
3.6550000000e-01 4.3211234509e+01 -7.2851980778e-02 2.0628807863e+03
3.6600000000e-01 4.3285289076e+01 -7.2958407268e-02 2.0657720251e+03
3.6650000000e-01 4.3359931826e+01 -7.3043953877e-02 2.0688847727e+03
3.6700000000e-01 4.3435148566e+01 -7.3112224136e-02 2.0721845885e+03
3.6750000000e-01 4.3510756016e+01 -7.3167035799e-02 2.0756208495e+03
3.6800000000e-01 4.3586686927e+01 -7.3212434841e-02 2.0791266369e+03
3.6850000000e-01 4.3662893583e+01 -7.3257148290e-02 2.0826267945e+03
3.6900000000e-01 4.3739118232e+01 -7.3306902072e-02 2.0860501959e+03
3.6950000000e-01 4.3815147994e+01 -7.3368586120e-02 2.0893344238e+03
3.7000000000e-01 4.3890977303e+01 -7.3445171037e-02 2.0924278415e+03
3.7050000000e-01 4.3966492874e+01 -7.3540519457e-02 2.0952967319e+03
3.7100000000e-01 4.4041480619e+01 -7.3657454965e-02 2.0979307646e+03
3.7150000000e-01 4.4115966138e+01 -7.3794632646e-02 2.1003421944e+03
3.7200000000e-01 4.4190086541e+01 -7.3950042686e-02 2.1025643149e+03
3.7250000000e-01 4.4263827143e+01 -7.4117141358e-02 2.1046488013e+03
3.7300000000e-01 4.4337221180e+01 -7.4292674849e-02 2.1066593950e+03
3.7350000000e-01 4.4410499208e+01 -7.4470218705e-02 2.1086663457e+03
3.7400000000e-01 4.4483859209e+01 -7.4643070384e-02 2.1107420319e+03
3.7450000000e-01 4.4557363147e+01 -7.4804663531e-02 2.1129524455e+03
3.7500000000e-01 4.4631141179e+01 -7.4949450322e-02 2.1153475923e+03
3.7550000000e-01 4.4705404687e+01 -7.5076444626e-02 2.1179589840e+03
3.7600000000e-01 4.4780198229e+01 -7.5182302073e-02 2.1208003804e+03
3.7650000000e-01 4.4855464420e+01 -7.5267859042e-02 2.1238638337e+03
3.7700000000e-01 4.4931265816e+01 -7.5333814308e-02 2.1271166542e+03
3.7750000000e-01 4.5007593029e+01 -7.5385132411e-02 2.1305076393e+03
3.7800000000e-01 4.5084220778e+01 -7.5428177411e-02 2.1339753112e+03
3.7850000000e-01 4.5161013133e+01 -7.5467711224e-02 2.1374511030e+03
3.7900000000e-01 4.5237945791e+01 -7.5510515214e-02 2.1408636598e+03
3.7950000000e-01 4.5314814743e+01 -7.5561462892e-02 2.1441477981e+03
3.8000000000e-01 4.5391371412e+01 -7.5628205227e-02 2.1472519928e+03
3.8050000000e-01 4.5467581326e+01 -7.5713378820e-02 2.1501422005e+03
3.8100000000e-01 4.5543444374e+01 -7.5818237416e-02 2.1528049495e+03
3.8150000000e-01 4.5618831596e+01 -7.5942796297e-02 2.1552486244e+03
3.8200000000e-01 4.5693711515e+01 -7.6084776440e-02 2.1575017304e+03
3.8250000000e-01 4.5768244597e+01 -7.6242185465e-02 2.1596109295e+03
3.8300000000e-01 4.5842544775e+01 -7.6407595540e-02 2.1616385035e+03
3.8350000000e-01 4.5916645608e+01 -7.6575357037e-02 2.1636544325e+03
3.8400000000e-01 4.5990720658e+01 -7.6738404356e-02 2.1657268621e+03
3.8450000000e-01 4.6065007133e+01 -7.6892053251e-02 2.1679182545e+03
3.8500000000e-01 4.6139582023e+01 -7.7031480924e-02 2.1702826597e+03
3.8550000000e-01 4.6214502810e+01 -7.7151150912e-02 2.1728570414e+03
3.8600000000e-01 4.6289948852e+01 -7.7250486009e-02 2.1756546930e+03
3.8650000000e-01 4.6365973516e+01 -7.7328968942e-02 2.1786678035e+03
3.8700000000e-01 4.6442446309e+01 -7.7390545071e-02 2.1818706559e+03
3.8750000000e-01 4.6519345360e+01 -7.7437414609e-02 2.1852186202e+03
3.8800000000e-01 4.6596692221e+01 -7.7474415468e-02 2.1886511999e+03
3.8850000000e-01 4.6674273847e+01 -7.7508111310e-02 2.1921005882e+03
3.8900000000e-01 4.6751856518e+01 -7.7544721191e-02 2.1954982300e+03
3.8950000000e-01 4.6829408932e+01 -7.7591290288e-02 2.1987802892e+03
3.9000000000e-01 4.6906828213e+01 -7.7650322983e-02 2.2018946918e+03
3.9050000000e-01 4.6983879116e+01 -7.7726486357e-02 2.2048055596e+03
3.9100000000e-01 4.7060488101e+01 -7.7821639928e-02 2.2074951291e+03
3.9150000000e-01 4.7136712607e+01 -7.7936356884e-02 2.2099675798e+03
3.9200000000e-01 4.7212522122e+01 -7.8068052458e-02 2.2122500943e+03
3.9250000000e-01 4.7287899882e+01 -7.8211460074e-02 2.2143870605e+03
3.9300000000e-01 4.7362993306e+01 -7.8363266069e-02 2.2164342218e+03
3.9350000000e-01 4.7437973911e+01 -7.8516719643e-02 2.2184568598e+03
3.9400000000e-01 4.7512909875e+01 -7.8666748428e-02 2.2205250079e+03
3.9450000000e-01 4.7587928076e+01 -7.8805903731e-02 2.2227030088e+03
3.9500000000e-01 4.7663265776e+01 -7.8929427697e-02 2.2250418710e+03
3.9550000000e-01 4.7739019393e+01 -7.9035002350e-02 2.2275779209e+03
3.9600000000e-01 4.7815168197e+01 -7.9120398808e-02 2.2303305398e+03
3.9650000000e-01 4.7891824772e+01 -7.9186247644e-02 2.2332972209e+03
3.9700000000e-01 4.7969070095e+01 -7.9232514137e-02 2.2364533635e+03
3.9750000000e-01 4.8046748270e+01 -7.9264900709e-02 2.2397568360e+03
3.9800000000e-01 4.8124726843e+01 -7.9288269899e-02 2.2431519092e+03
3.9850000000e-01 4.8203004809e+01 -7.9308585341e-02 2.2465738499e+03
3.9900000000e-01 4.8281443612e+01 -7.9331597557e-02 2.2499559832e+03
3.9950000000e-01 4.8359787390e+01 -7.9362367845e-02 2.2532353477e+03
4.0000000000e-01 4.8437932660e+01 -7.9407786594e-02 2.2563576462e+03
4.0050000000e-01 4.8515847098e+01 -7.9470231008e-02 2.2592846591e+03
4.0100000000e-01 4.8593384084e+01 -7.9551910751e-02 2.2619990165e+03
4.0150000000e-01 4.8670444826e+01 -7.9651313145e-02 2.2645025342e+03
4.0200000000e-01 4.8747108343e+01 -7.9767309382e-02 2.2668149246e+03
4.0250000000e-01 4.8823438191e+01 -7.9897269478e-02 2.2689758776e+03
4.0300000000e-01 4.8899429576e+01 -8.0034971483e-02 2.2710418908e+03
4.0350000000e-01 4.8975218590e+01 -8.0175191484e-02 2.2730765889e+03
4.0400000000e-01 4.9051031922e+01 -8.0310726743e-02 2.2751442745e+03
4.0450000000e-01 4.9126955186e+01 -8.0437793086e-02 2.2773076565e+03
4.0500000000e-01 4.9203047901e+01 -8.0550960305e-02 2.2796214798e+03
4.0550000000e-01 4.9279526094e+01 -8.0646368565e-02 2.2821243566e+03
4.0600000000e-01 4.9356523714e+01 -8.0721983540e-02 2.2848358909e+03
4.0650000000e-01 4.9433966176e+01 -8.0777336129e-02 2.2877563087e+03
4.0700000000e-01 4.9511856199e+01 -8.0816108222e-02 2.2908654949e+03
4.0750000000e-01 4.9590273468e+01 -8.0839781807e-02 2.2941252170e+03
4.0800000000e-01 4.9669092158e+01 -8.0853453449e-02 2.2974836642e+03
4.0850000000e-01 4.9748109031e+01 -8.0862084842e-02 2.3008786807e+03
4.0900000000e-01 4.9827264817e+01 -8.0872656991e-02 2.3042435197e+03
4.0950000000e-01 4.9906464385e+01 -8.0891140208e-02 2.3075160552e+03
4.1000000000e-01 4.9985492229e+01 -8.0921007338e-02 2.3106445957e+03
4.1050000000e-01 5.0064218737e+01 -8.0966888613e-02 2.3135894820e+03
4.1100000000e-01 5.0142630174e+01 -8.1030133203e-02 2.3163273377e+03
4.1150000000e-01 5.0220661374e+01 -8.1112745686e-02 2.3188567315e+03
4.1200000000e-01 5.0298234390e+01 -8.1212063741e-02 2.3211978084e+03
4.1250000000e-01 5.0375428826e+01 -8.1324408513e-02 2.3233867888e+03
4.1300000000e-01 5.0452388666e+01 -8.1445681431e-02 2.3254730130e+03
4.1350000000e-01 5.0529145432e+01 -8.1570272163e-02 2.3275173123e+03
4.1400000000e-01 5.0605782936e+01 -8.1693499956e-02 2.3295853332e+03
4.1450000000e-01 5.0682548944e+01 -8.1807580967e-02 2.3317388269e+03
4.1500000000e-01 5.0759588392e+01 -8.1908460984e-02 2.3340307048e+03
4.1550000000e-01 5.0836903152e+01 -8.1992255637e-02 2.3365011103e+03
4.1600000000e-01 5.0914617446e+01 -8.2057360044e-02 2.3391725715e+03
4.1650000000e-01 5.0992884802e+01 -8.2103231933e-02 2.3420482844e+03
4.1700000000e-01 5.1071644928e+01 -8.2129790988e-02 2.3451125038e+03
4.1750000000e-01 5.1150798344e+01 -8.2141557538e-02 2.3483303282e+03
4.1800000000e-01 5.1230361404e+01 -8.2142413745e-02 2.3516509893e+03
4.1850000000e-01 5.1310253519e+01 -8.2139047275e-02 2.3550157648e+03
4.1900000000e-01 5.1390254938e+01 -8.2135850595e-02 2.3583629971e+03
4.1950000000e-01 5.1470246471e+01 -8.2138764558e-02 2.3616304675e+03
4.2000000000e-01 5.1550171176e+01 -8.2153923488e-02 2.3647627413e+03
4.2050000000e-01 5.1629857984e+01 -8.2184760820e-02 2.3677200861e+03
4.2100000000e-01 5.1709161441e+01 -8.2234314675e-02 2.3704804143e+03
4.2150000000e-01 5.1788103084e+01 -8.2301510117e-02 2.3730382931e+03
4.2200000000e-01 5.1866699590e+01 -8.2386481052e-02 2.3754073594e+03
4.2250000000e-01 5.1944888860e+01 -8.2486166760e-02 2.3776211415e+03
4.2300000000e-01 5.2022737232e+01 -8.2596463524e-02 2.3797281313e+03
4.2350000000e-01 5.2100446987e+01 -8.2711619205e-02 2.3817858311e+03
4.2400000000e-01 5.2178114356e+01 -8.2824660305e-02 2.3838564363e+03
4.2450000000e-01 5.2255776610e+01 -8.2931553566e-02 2.3860009333e+03
4.2500000000e-01 5.2333634093e+01 -8.3026041042e-02 2.3882726159e+03
4.2550000000e-01 5.2411877718e+01 -8.3104380317e-02 2.3907129746e+03
4.2600000000e-01 5.2490505942e+01 -8.3162718196e-02 2.3933476110e+03
4.2650000000e-01 5.2569548281e+01 -8.3200811944e-02 2.3961818318e+03
4.2700000000e-01 5.2649116318e+01 -8.3220493845e-02 2.3992012136e+03
4.2750000000e-01 5.2729166750e+01 -8.3223502416e-02 2.4023755616e+03
4.2800000000e-01 5.2809559411e+01 -8.3214759478e-02 2.4056601308e+03
4.2850000000e-01 5.2890243762e+01 -8.3198284090e-02 2.4089973656e+03
4.2900000000e-01 5.2971147106e+01 -8.3181785047e-02 2.4123245130e+03
4.2950000000e-01 5.3052072475e+01 -8.3170792352e-02 2.4155822205e+03
4.3000000000e-01 5.3132860235e+01 -8.3170428395e-02 2.4187181180e+03
4.3050000000e-01 5.3213470039e+01 -8.3184782465e-02 2.4216896108e+03
4.3100000000e-01 5.3293814359e+01 -8.3216238021e-02 2.4244699363e+03
4.3150000000e-01 5.3373744519e+01 -8.3267421500e-02 2.4270524819e+03
4.3200000000e-01 5.3453265629e+01 -8.3335946746e-02 2.4294494979e+03
4.3250000000e-01 5.3532492954e+01 -8.3419671195e-02 2.4316899890e+03
4.3300000000e-01 5.3611428051e+01 -8.3513739659e-02 2.4338183083e+03
4.3350000000e-01 5.3690090350e+01 -8.3613707095e-02 2.4358896000e+03
4.3400000000e-01 5.3768688471e+01 -8.3714303558e-02 2.4379637820e+03
4.3450000000e-01 5.3847392563e+01 -8.3808432909e-02 2.4401011486e+03
4.3500000000e-01 5.3926232186e+01 -8.3891554160e-02 2.4423561294e+03
4.3550000000e-01 5.4005331333e+01 -8.3958685398e-02 2.4447698720e+03
4.3600000000e-01 5.4084874928e+01 -8.4008666198e-02 2.4473680043e+03
4.3650000000e-01 5.4164877420e+01 -8.4039365627e-02 2.4501605808e+03
4.3700000000e-01 5.4245298486e+01 -8.4051158650e-02 2.4531385886e+03
4.3750000000e-01 5.4326192435e+01 -8.4046923867e-02 2.4562727041e+03
4.3800000000e-01 5.4407527394e+01 -8.4030276844e-02 2.4595192231e+03
4.3850000000e-01 5.4489128494e+01 -8.4007502294e-02 2.4628258800e+03
4.3900000000e-01 5.4570890328e+01 -8.3982545762e-02 2.4661340450e+03
4.3950000000e-01 5.4652763941e+01 -8.3961929421e-02 2.4693833546e+03
4.4000000000e-01 5.4734583822e+01 -8.3950452735e-02 2.4725198963e+03
4.4050000000e-01 5.4816161518e+01 -8.3953114624e-02 2.4755018363e+03
4.4100000000e-01 5.4897459100e+01 -8.3972774133e-02 2.4783018129e+03
4.4150000000e-01 5.4978472962e+01 -8.4009241023e-02 2.4809096041e+03
4.4200000000e-01 5.5059102635e+01 -8.4063137593e-02 2.4833337960e+03
4.4250000000e-01 5.5139324775e+01 -8.4131683446e-02 2.4856003105e+03
4.4300000000e-01 5.5219285817e+01 -8.4212229442e-02 2.4877500377e+03
4.4350000000e-01 5.5299079020e+01 -8.4298609642e-02 2.4898359769e+03
4.4400000000e-01 5.5378723130e+01 -8.4385446384e-02 2.4919168947e+03
4.4450000000e-01 5.5458381461e+01 -8.4467782390e-02 2.4940502712e+03
4.4500000000e-01 5.5538252377e+01 -8.4539967291e-02 2.4962888143e+03
4.4550000000e-01 5.5618386367e+01 -8.4598528903e-02 2.4986768721e+03
4.4600000000e-01 5.5698845703e+01 -8.4638842325e-02 2.5012434680e+03
4.4650000000e-01 5.5779773919e+01 -8.4660683284e-02 2.5039983028e+03
4.4700000000e-01 5.5861195174e+01 -8.4664343730e-02 2.5069338233e+03
4.4750000000e-01 5.5943020808e+01 -8.4652163526e-02 2.5100269255e+03
4.4800000000e-01 5.6025232515e+01 -8.4627402787e-02 2.5132383662e+03
4.4850000000e-01 5.6107814059e+01 -8.4593788535e-02 2.5165161155e+03
4.4900000000e-01 5.6190600993e+01 -8.4558183913e-02 2.5198028271e+03
4.4950000000e-01 5.6273414019e+01 -8.4525134090e-02 2.5230412911e+03
4.5000000000e-01 5.6356203137e+01 -8.4500534627e-02 2.5261783139e+03
4.5050000000e-01 5.6438886168e+01 -8.4487447520e-02 2.5291704238e+03
4.5100000000e-01 5.6521276295e+01 -8.4489335825e-02 2.5319886430e+03
4.5150000000e-01 5.6603303323e+01 -8.4508454802e-02 2.5346201744e+03
4.5200000000e-01 5.6685029830e+01 -8.4543979230e-02 2.5370702460e+03
4.5250000000e-01 5.6766434076e+01 -8.4594579838e-02 2.5393627440e+03
4.5300000000e-01 5.6847487293e+01 -8.4655790760e-02 2.5415360515e+03
4.5350000000e-01 5.6928332309e+01 -8.4724831302e-02 2.5436382372e+03
4.5400000000e-01 5.7009120646e+01 -8.4796134552e-02 2.5457251526e+03
4.5450000000e-01 5.7089892098e+01 -8.4864258955e-02 2.5478556862e+03
4.5500000000e-01 5.7170768275e+01 -8.4924014578e-02 2.5500828587e+03
4.5550000000e-01 5.7251948491e+01 -8.4970625567e-02 2.5524486527e+03
4.5600000000e-01 5.7333492569e+01 -8.5002297633e-02 2.5549831126e+03
4.5650000000e-01 5.7415403139e+01 -8.5016207088e-02 2.5577010981e+03
4.5700000000e-01 5.7497776431e+01 -8.5012798698e-02 2.5605983447e+03
4.5750000000e-01 5.7580646719e+01 -8.4992748028e-02 2.5636526224e+03
4.5800000000e-01 5.7663894833e+01 -8.4959810958e-02 2.5668275519e+03
4.5850000000e-01 5.7747426836e+01 -8.4918766748e-02 2.5700755046e+03
4.5900000000e-01 5.7831216412e+01 -8.4873486680e-02 2.5733414494e+03
4.5950000000e-01 5.7915144267e+01 -8.4829872618e-02 2.5765688498e+03
4.6000000000e-01 5.7999009660e+01 -8.4792197953e-02 2.5797050382e+03
4.6050000000e-01 5.8082717651e+01 -8.4766229462e-02 2.5827057442e+03
4.6100000000e-01 5.8166245702e+01 -8.4754227246e-02 2.5855402192e+03
4.6150000000e-01 5.8249475707e+01 -8.4757827173e-02 2.5881947307e+03
4.6200000000e-01 5.8332317734e+01 -8.4777292592e-02 2.5906720433e+03
4.6250000000e-01 5.8414849838e+01 -8.4810955461e-02 2.5929906504e+03
4.6300000000e-01 5.8497130917e+01 -8.4857017578e-02 2.5951855959e+03
4.6350000000e-01 5.8579151563e+01 -8.4909962569e-02 2.5973050393e+03
4.6400000000e-01 5.8661037070e+01 -8.4965504666e-02 2.5994025748e+03
4.6450000000e-01 5.8742974169e+01 -8.5018040931e-02 2.6015325809e+03
4.6500000000e-01 5.8825026555e+01 -8.5063273674e-02 2.6037478922e+03
4.6550000000e-01 5.8907264897e+01 -8.5096871160e-02 2.6060936951e+03
4.6600000000e-01 5.8989862748e+01 -8.5114613145e-02 2.6086009466e+03
4.6650000000e-01 5.9072908305e+01 -8.5115646252e-02 2.6112846011e+03
4.6700000000e-01 5.9156357671e+01 -8.5099192191e-02 2.6141436455e+03
4.6750000000e-01 5.9240217048e+01 -8.5067749060e-02 2.6171600703e+03
4.6800000000e-01 5.9324529750e+01 -8.5023188314e-02 2.6203002342e+03
4.6850000000e-01 5.9409194672e+01 -8.4969501769e-02 2.6235191176e+03
4.6900000000e-01 5.9494044841e+01 -8.4911978207e-02 2.6267640511e+03
4.6950000000e-01 5.9579020047e+01 -8.4855592568e-02 2.6299792426e+03
4.7000000000e-01 5.9664049489e+01 -8.4805990854e-02 2.6331127292e+03
4.7050000000e-01 5.9748949456e+01 -8.4765996303e-02 2.6361214119e+03
4.7100000000e-01 5.9833602085e+01 -8.4739938269e-02 2.6389728793e+03
4.7150000000e-01 5.9918012315e+01 -8.4729435201e-02 2.6416491238e+03
4.7200000000e-01 6.0002126001e+01 -8.4735122688e-02 2.6441507998e+03
4.7250000000e-01 6.0085870919e+01 -8.4755517647e-02 2.6464959765e+03
4.7300000000e-01 6.0169330432e+01 -8.4787144645e-02 2.6487158385e+03
4.7350000000e-01 6.0252620597e+01 -8.4827090002e-02 2.6508531709e+03
4.7400000000e-01 6.0335760823e+01 -8.4870008221e-02 2.6529602341e+03
4.7450000000e-01 6.0418846745e+01 -8.4911549069e-02 2.6550921369e+03
4.7500000000e-01 6.0502078430e+01 -8.4945642465e-02 2.6573001518e+03
4.7550000000e-01 6.0585554157e+01 -8.4968315648e-02 2.6596281440e+03
4.7600000000e-01 6.0669299298e+01 -8.4976937846e-02 2.6621090127e+03
4.7650000000e-01 6.0753423479e+01 -8.4969140947e-02 2.6647605891e+03
4.7700000000e-01 6.0838026851e+01 -8.4944980075e-02 2.6675840333e+03
4.7750000000e-01 6.0923065871e+01 -8.4904666630e-02 2.6705642679e+03
4.7800000000e-01 6.1008465643e+01 -8.4852088362e-02 2.6736707639e+03
4.7850000000e-01 6.1094222238e+01 -8.4790769580e-02 2.6768604250e+03
4.7900000000e-01 6.1180271665e+01 -8.4725397498e-02 2.6800831891e+03
4.7950000000e-01 6.1266434244e+01 -8.4660757065e-02 2.6832864521e+03
4.8000000000e-01 6.1352595519e+01 -8.4601232875e-02 2.6864181756e+03
4.8050000000e-01 6.1438715174e+01 -8.4552228279e-02 2.6894328655e+03
4.8100000000e-01 6.1524657962e+01 -8.4516022618e-02 2.6922982189e+03
4.8150000000e-01 6.1610293240e+01 -8.4494935398e-02 2.6949966268e+03
4.8200000000e-01 6.1695646062e+01 -8.4488534534e-02 2.6975246542e+03
4.8250000000e-01 6.1780733244e+01 -8.4496334561e-02 2.6998953448e+03
4.8300000000e-01 6.1865500249e+01 -8.4516138914e-02 2.7021385343e+03
4.8350000000e-01 6.1950019478e+01 -8.4543525837e-02 2.7042958583e+03
4.8400000000e-01 6.2034456806e+01 -8.4574484759e-02 2.7064158738e+03
4.8450000000e-01 6.2118878210e+01 -8.4603397524e-02 2.7085511415e+03
4.8500000000e-01 6.2203336363e+01 -8.4626711293e-02 2.7107530809e+03
4.8550000000e-01 6.2288003105e+01 -8.4639692203e-02 2.7130659793e+03
4.8600000000e-01 6.2373016544e+01 -8.4639019516e-02 2.7155234984e+03
4.8650000000e-01 6.2458383947e+01 -8.4622726653e-02 2.7181456740e+03
4.8700000000e-01 6.2544134525e+01 -8.4590338454e-02 2.7209357859e+03
4.8750000000e-01 6.2630348103e+01 -8.4543856124e-02 2.7238807326e+03
4.8800000000e-01 6.2716992257e+01 -8.4484563259e-02 2.7269537908e+03
4.8850000000e-01 6.2803947114e+01 -8.4416594879e-02 2.7301159276e+03
4.8900000000e-01 6.2891159440e+01 -8.4344013789e-02 2.7333180890e+03
4.8950000000e-01 6.2978575191e+01 -8.4272137071e-02 2.7365076968e+03
4.9000000000e-01 6.3066028428e+01 -8.4205791226e-02 2.7396351772e+03
4.9050000000e-01 6.3153379900e+01 -8.4148403118e-02 2.7426566588e+03
4.9100000000e-01 6.3240602692e+01 -8.4103881149e-02 2.7455370206e+03
4.9150000000e-01 6.3327618346e+01 -8.4073709083e-02 2.7482553465e+03
4.9200000000e-01 6.3414304577e+01 -8.4059526774e-02 2.7508076513e+03
4.9250000000e-01 6.3500684179e+01 -8.4059524747e-02 2.7532052885e+03
4.9300000000e-01 6.3586841837e+01 -8.4071308459e-02 2.7554736765e+03
4.9350000000e-01 6.3672770956e+01 -8.4091681907e-02 2.7576511638e+03
4.9400000000e-01 6.3758516010e+01 -8.4116179631e-02 2.7597849524e+03
4.9450000000e-01 6.3844247879e+01 -8.4140574866e-02 2.7619258843e+03
4.9500000000e-01 6.3930090305e+01 -8.4158990103e-02 2.7641242804e+03
4.9550000000e-01 6.4016086471e+01 -8.4167947018e-02 2.7664249687e+03
4.9600000000e-01 6.4102341507e+01 -8.4163832997e-02 2.7688619810e+03
4.9650000000e-01 6.4188993411e+01 -8.4144951212e-02 2.7714561403e+03
4.9700000000e-01 6.4276066029e+01 -8.4110411077e-02 2.7742142715e+03
4.9750000000e-01 6.4363522869e+01 -8.4060319353e-02 2.7771271290e+03
4.9800000000e-01 6.4451391999e+01 -8.3997728511e-02 2.7801690542e+03
4.9850000000e-01 6.4539657362e+01 -8.3925592199e-02 2.7833025824e+03
4.9900000000e-01 6.4628172914e+01 -8.3848720501e-02 2.7864831233e+03
4.9950000000e-01 6.4716836554e+01 -8.3770986715e-02 2.7896608239e+03
5.0000000000e-01 6.4805613386e+01 -8.3697368539e-02 2.7927848306e+03
5.0050000000e-01 6.4894363630e+01 -8.3632573489e-02 2.7958106344e+03
5.0100000000e-01 6.4982926078e+01 -8.3579724966e-02 2.7987042112e+03
5.0150000000e-01 6.5071282698e+01 -8.3541561233e-02 2.8014433719e+03
5.0200000000e-01 6.5159422819e+01 -8.3517957448e-02 2.8040205119e+03
5.0250000000e-01 6.5247254796e+01 -8.3509250956e-02 2.8064443336e+03
5.0300000000e-01 6.5334783246e+01 -8.3513217896e-02 2.8087380580e+03
5.0350000000e-01 6.5422130187e+01 -8.3526719756e-02 2.8109370593e+03
5.0400000000e-01 6.5509357521e+01 -8.3545299775e-02 2.8130863681e+03
5.0450000000e-01 6.5596498398e+01 -8.3563920004e-02 2.8152355104e+03
5.0500000000e-01 6.5683694303e+01 -8.3578795445e-02 2.8174329531e+03
5.0550000000e-01 6.5771098111e+01 -8.3584844061e-02 2.8197228790e+03
5.0600000000e-01 6.5858760990e+01 -8.3578914383e-02 2.8221415299e+03
5.0650000000e-01 6.5946735964e+01 -8.3557999326e-02 2.8247118333e+03
5.0700000000e-01 6.6035130041e+01 -8.3521583014e-02 2.8274409131e+03
5.0750000000e-01 6.6123968438e+01 -8.3470475475e-02 2.8303215481e+03
5.0800000000e-01 6.6213179205e+01 -8.3406168508e-02 2.8333330051e+03
5.0850000000e-01 6.6302736291e+01 -8.3332167665e-02 2.8364409567e+03
5.0900000000e-01 6.6392624442e+01 -8.3251901060e-02 2.8396009866e+03
5.0950000000e-01 6.6482704914e+01 -8.3171016292e-02 2.8427648232e+03
5.1000000000e-01 6.6572828645e+01 -8.3093869207e-02 2.8458845190e+03
5.1050000000e-01 6.6662957799e+01 -8.3024664842e-02 2.8489156094e+03
5.1100000000e-01 6.6753013153e+01 -8.2966967632e-02 2.8518221303e+03
5.1150000000e-01 6.6842838936e+01 -8.2923081459e-02 2.8545808318e+03
5.1200000000e-01 6.6932394229e+01 -8.2894858605e-02 2.8571824329e+03
5.1250000000e-01 6.7021725002e+01 -8.2880981652e-02 2.8596326209e+03
5.1300000000e-01 6.7110805043e+01 -8.2880008313e-02 2.8619523110e+03
5.1350000000e-01 6.7199628552e+01 -8.2888368233e-02 2.8641746208e+03
5.1400000000e-01 6.7288314743e+01 -8.2902525439e-02 2.8663410365e+03
5.1450000000e-01 6.7376981880e+01 -8.2917998790e-02 2.8684990555e+03
5.1500000000e-01 6.7465678281e+01 -8.2929373262e-02 2.8706978203e+03
5.1550000000e-01 6.7554502400e+01 -8.2932760216e-02 2.8729813098e+03
5.1600000000e-01 6.7643609315e+01 -8.2924164909e-02 2.8753843027e+03
5.1650000000e-01 6.7733062489e+01 -8.2901868329e-02 2.8779312734e+03
5.1700000000e-01 6.7822861903e+01 -8.2864039266e-02 2.8806334848e+03
5.1750000000e-01 6.7913074903e+01 -8.2810972785e-02 2.8834858549e+03
5.1800000000e-01 6.8003735153e+01 -8.2744521121e-02 2.8864684656e+03
5.1850000000e-01 6.8094739415e+01 -8.2667540063e-02 2.8895500957e+03
5.1900000000e-01 6.8186004459e+01 -8.2584558262e-02 2.8926901173e+03
5.1950000000e-01 6.8277515089e+01 -8.2499182147e-02 2.8958415545e+03
5.2000000000e-01 6.8369159104e+01 -8.2416545162e-02 2.8989567730e+03
5.2050000000e-01 6.8460764391e+01 -8.2340893276e-02 2.9019920777e+03
5.2100000000e-01 6.8552271725e+01 -8.2276270305e-02 2.9049110660e+03
5.2150000000e-01 6.8643651872e+01 -8.2225141349e-02 2.9076888571e+03
5.2200000000e-01 6.8734795681e+01 -8.2188176197e-02 2.9103148502e+03
5.2250000000e-01 6.8825649738e+01 -8.2166003415e-02 2.9127923827e+03
5.2300000000e-01 6.8916277472e+01 -8.2156625432e-02 2.9151384880e+03
5.2350000000e-01 6.9006717975e+01 -8.2157768296e-02 2.9173838466e+03
5.2400000000e-01 6.9096981795e+01 -8.2164961193e-02 2.9195692443e+03
5.2450000000e-01 6.9187173008e+01 -8.2173942560e-02 2.9217399258e+03
5.2500000000e-01 6.9277434934e+01 -8.2180420915e-02 2.9239420043e+03
5.2550000000e-01 6.9367836774e+01 -8.2179899567e-02 2.9262197062e+03
5.2600000000e-01 6.9458439816e+01 -8.2169097011e-02 2.9286101487e+03
5.2650000000e-01 6.9549374410e+01 -8.2144510190e-02 2.9311382688e+03
5.2700000000e-01 6.9640718882e+01 -8.2105528513e-02 2.9338155586e+03
5.2750000000e-01 6.9732438206e+01 -8.2051997331e-02 2.9366401981e+03
5.2800000000e-01 6.9824532387e+01 -8.1985436912e-02 2.9395960162e+03
5.2850000000e-01 6.9917037026e+01 -8.1908280817e-02 2.9426535381e+03
5.2900000000e-01 7.0009859764e+01 -8.1823771716e-02 2.9457740249e+03
5.2950000000e-01 7.0102859729e+01 -8.1736886982e-02 2.9489129852e+03
5.3000000000e-01 7.0195995189e+01 -8.1651569831e-02 2.9520236889e+03
5.3050000000e-01 7.0289198194e+01 -8.1572417135e-02 2.9550626518e+03
5.3100000000e-01 7.0382309226e+01 -8.1502481591e-02 2.9579940011e+03
5.3150000000e-01 7.0475243222e+01 -8.1444763678e-02 2.9607914187e+03
5.3200000000e-01 7.0568000892e+01 -8.1401114256e-02 2.9634411515e+03
5.3250000000e-01 7.0660532801e+01 -8.1371205406e-02 2.9659449446e+03
5.3300000000e-01 7.0752792496e+01 -8.1354095427e-02 2.9683188027e+03
5.3350000000e-01 7.0844846540e+01 -8.1346727597e-02 2.9705898042e+03
5.3400000000e-01 7.0936786719e+01 -8.1346470491e-02 2.9727948844e+03
5.3450000000e-01 7.1028644282e+01 -8.1348825955e-02 2.9749785739e+03
5.3500000000e-01 7.1120499006e+01 -8.1349432149e-02 2.9771871123e+03
5.3550000000e-01 7.1212509218e+01 -8.1344025854e-02 2.9794630849e+03
5.3600000000e-01 7.1304763740e+01 -8.1328703839e-02 2.9818428686e+03
5.3650000000e-01 7.1397283783e+01 -8.1301480191e-02 2.9843535208e+03
5.3700000000e-01 7.1490158688e+01 -8.1260109203e-02 2.9870089358e+03
5.3750000000e-01 7.1583472885e+01 -8.1204606959e-02 2.9898087426e+03
5.3800000000e-01 7.1677179234e+01 -8.1135635718e-02 2.9927391484e+03
5.3850000000e-01 7.1771216749e+01 -8.1056034068e-02 2.9957736588e+03
5.3900000000e-01 7.1865590105e+01 -8.0969241270e-02 2.9988754576e+03
5.3950000000e-01 7.1960230926e+01 -8.0878723905e-02 3.0020019873e+03
5.4000000000e-01 7.2054985682e+01 -8.0789255506e-02 3.0051086489e+03
5.4050000000e-01 7.2149772178e+01 -8.0704647432e-02 3.0081519451e+03
5.4100000000e-01 7.2244546809e+01 -8.0629276885e-02 3.0110945815e+03
5.4150000000e-01 7.2339192487e+01 -8.0565493132e-02 3.0139102359e+03
5.4200000000e-01 7.2433616485e+01 -8.0514917987e-02 3.0165847277e+03
5.4250000000e-01 7.2527832033e+01 -8.0478019209e-02 3.0191162932e+03
5.4300000000e-01 7.2621847032e+01 -8.0453736870e-02 3.0215172852e+03
5.4350000000e-01 7.2715636086e+01 -8.0440451607e-02 3.0238137369e+03
5.4400000000e-01 7.2809258004e+01 -8.0434103892e-02 3.0260412238e+03
5.4450000000e-01 7.2902839893e+01 -8.0431227554e-02 3.0282409363e+03
5.4500000000e-01 7.2996449890e+01 -8.0427347226e-02 3.0304571958e+03
5.4550000000e-01 7.3090135597e+01 -8.0418638004e-02 3.0327332049e+03
5.4600000000e-01 7.3184033025e+01 -8.0401368446e-02 3.0351057174e+03
5.4650000000e-01 7.3278261801e+01 -8.0372152957e-02 3.0376019438e+03
5.4700000000e-01 7.3372824067e+01 -8.0329803731e-02 3.0402376715e+03
5.4750000000e-01 7.3467740691e+01 -8.0273455288e-02 3.0430148574e+03
5.4800000000e-01 7.3563085430e+01 -8.0204531150e-02 3.0459215061e+03
5.4850000000e-01 7.3658821181e+01 -8.0124429427e-02 3.0489340307e+03
5.4900000000e-01 7.3754841088e+01 -8.0036343899e-02 3.0520187497e+03
5.4950000000e-01 7.3851110468e+01 -7.9944367889e-02 3.0551340243e+03
5.5000000000e-01 7.3947576577e+01 -7.9852528951e-02 3.0582357604e+03
5.5050000000e-01 7.4044094630e+01 -7.9765264294e-02 3.0612824843e+03
5.5100000000e-01 7.4140560014e+01 -7.9685556376e-02 3.0642375095e+03
5.5150000000e-01 7.4236943511e+01 -7.9616910208e-02 3.0670720657e+03
5.5200000000e-01 7.4333173736e+01 -7.9560902024e-02 3.0697698409e+03
5.5250000000e-01 7.4429165277e+01 -7.9518266397e-02 3.0723285599e+03
5.5300000000e-01 7.4524935421e+01 -7.9488147751e-02 3.0747585854e+03
5.5350000000e-01 7.4620545775e+01 -7.9468116376e-02 3.0770821547e+03
5.5400000000e-01 7.4716003081e+01 -7.9455829491e-02 3.0793323679e+03
5.5450000000e-01 7.4811348838e+01 -7.9447133750e-02 3.0815495087e+03
5.5500000000e-01 7.4906721752e+01 -7.9438304320e-02 3.0837764353e+03
5.5550000000e-01 7.5002228126e+01 -7.9424655842e-02 3.0860551077e+03
5.5600000000e-01 7.5097902058e+01 -7.9402891832e-02 3.0884226941e+03
5.5650000000e-01 7.5193833460e+01 -7.9370431713e-02 3.0909072398e+03
5.5700000000e-01 7.5290140909e+01 -7.9325112327e-02 3.0935254457e+03
5.5750000000e-01 7.5386833913e+01 -7.9266666821e-02 3.0962818662e+03
5.5800000000e-01 7.5483882191e+01 -7.9195220142e-02 3.0991674777e+03
5.5850000000e-01 7.5581314650e+01 -7.9113401001e-02 3.1021599447e+03
5.5900000000e-01 7.5679105781e+01 -7.9023821311e-02 3.1052273146e+03
5.5950000000e-01 7.5777134086e+01 -7.8930245841e-02 3.1083314541e+03
5.6000000000e-01 7.5875321630e+01 -7.8836563147e-02 3.1114300232e+03
5.6050000000e-01 7.5973626018e+01 -7.8746611210e-02 3.1144805599e+03
5.6100000000e-01 7.6071930167e+01 -7.8664640980e-02 3.1174462731e+03
5.6150000000e-01 7.6170114242e+01 -7.8592907305e-02 3.1202992322e+03
5.6200000000e-01 7.6268154230e+01 -7.8533521413e-02 3.1230215874e+03
5.6250000000e-01 7.6366035425e+01 -7.8486715813e-02 3.1256078478e+03
5.6300000000e-01 7.6463696288e+01 -7.8452206816e-02 3.1280664114e+03
5.6350000000e-01 7.6561140393e+01 -7.8428308612e-02 3.1304179308e+03
5.6400000000e-01 7.6658465891e+01 -7.8411772014e-02 3.1326928007e+03
5.6450000000e-01 7.6755732255e+01 -7.8399338034e-02 3.1349291220e+03
5.6500000000e-01 7.6852965333e+01 -7.8386583926e-02 3.1371687921e+03
5.6550000000e-01 7.6950284235e+01 -7.8370293366e-02 3.1394526333e+03
5.6600000000e-01 7.7047823767e+01 -7.8346371949e-02 3.1418173635e+03
5.6650000000e-01 7.7145618461e+01 -7.8311929204e-02 3.1442926313e+03
5.6700000000e-01 7.7243711040e+01 -7.8265140339e-02 3.1468967236e+03
5.6750000000e-01 7.7342198694e+01 -7.8205213169e-02 3.1496347581e+03
5.6800000000e-01 7.7441092258e+01 -7.8133136415e-02 3.1524998962e+03
5.6850000000e-01 7.7540328953e+01 -7.8049934649e-02 3.1554736879e+03
5.6900000000e-01 7.7639894848e+01 -7.7958775641e-02 3.1585262632e+03
5.6950000000e-01 7.7739764650e+01 -7.7862791161e-02 3.1616199183e+03
5.7000000000e-01 7.7839818849e+01 -7.7766259620e-02 3.1647141120e+03
5.7050000000e-01 7.7939946815e+01 -7.7673070706e-02 3.1677685294e+03
5.7100000000e-01 7.8040107559e+01 -7.7586384234e-02 3.1707460250e+03
5.7150000000e-01 7.8140225909e+01 -7.7509469328e-02 3.1736170498e+03
5.7200000000e-01 7.8240186658e+01 -7.7443958954e-02 3.1763629725e+03
5.7250000000e-01 7.8339956447e+01 -7.7391183022e-02 3.1789770352e+03
5.7300000000e-01 7.8439566165e+01 -7.7350101517e-02 3.1814649834e+03
5.7350000000e-01 7.8539001946e+01 -7.7319218762e-02 3.1838450992e+03
5.7400000000e-01 7.8638261648e+01 -7.7296092585e-02 3.1861459515e+03
5.7450000000e-01 7.8737444039e+01 -7.7277216679e-02 3.1884031703e+03
5.7500000000e-01 7.8836653360e+01 -7.7259114004e-02 3.1906569275e+03
5.7550000000e-01 7.8935927687e+01 -7.7237264320e-02 3.1929482095e+03
5.7600000000e-01 7.9035349342e+01 -7.7208636583e-02 3.1953135699e+03
5.7650000000e-01 7.9135051823e+01 -7.7170065560e-02 3.1977818275e+03
5.7700000000e-01 7.9235082841e+01 -7.7119839220e-02 3.2003728375e+03
5.7750000000e-01 7.9335442847e+01 -7.7056897913e-02 3.2030949707e+03
5.7800000000e-01 7.9436190452e+01 -7.6981233977e-02 3.2059428655e+03
5.7850000000e-01 7.9537342985e+01 -7.6894882448e-02 3.2088990032e+03
5.7900000000e-01 7.9638814996e+01 -7.6799956516e-02 3.2119365513e+03
5.7950000000e-01 7.9740544749e+01 -7.6700147024e-02 3.2150207963e+03
5.8000000000e-01 7.9842507540e+01 -7.6598646537e-02 3.2181118755e+03
5.8050000000e-01 7.9944605049e+01 -7.6499574818e-02 3.2211697667e+03
5.8100000000e-01 8.0046705047e+01 -7.6406612982e-02 3.2241582054e+03
5.8150000000e-01 8.0148753726e+01 -7.6322571986e-02 3.2270473024e+03
5.8200000000e-01 8.0250722040e+01 -7.6249685233e-02 3.2298168118e+03
5.8250000000e-01 8.0352526463e+01 -7.6188330274e-02 3.2324585737e+03
5.8300000000e-01 8.0454121388e+01 -7.6138907244e-02 3.2349764321e+03
5.8350000000e-01 8.0555561241e+01 -7.6099731252e-02 3.2373857386e+03
5.8400000000e-01 8.0656885301e+01 -7.6068429391e-02 3.2397129786e+03
5.8450000000e-01 8.0758098425e+01 -7.6041600484e-02 3.2419928130e+03
5.8500000000e-01 8.0859289980e+01 -7.6015396825e-02 3.2442634569e+03
5.8550000000e-01 8.0960586797e+01 -7.5986433818e-02 3.2465638040e+03
5.8600000000e-01 8.1062039399e+01 -7.5950601599e-02 3.2489308677e+03
5.8650000000e-01 8.1163702253e+01 -7.5905230552e-02 3.2513950658e+03
5.8700000000e-01 8.1265689324e+01 -7.5847722834e-02 3.2539764355e+03
5.8750000000e-01 8.1368052669e+01 -7.5777364310e-02 3.2566839797e+03
5.8800000000e-01 8.1470766445e+01 -7.5694408287e-02 3.2595153432e+03
5.8850000000e-01 8.1573839707e+01 -7.5599888635e-02 3.2624559189e+03
5.8900000000e-01 8.1677285889e+01 -7.5496352208e-02 3.2654801642e+03
5.8950000000e-01 8.1781024343e+01 -7.5386593211e-02 3.2685549912e+03
5.9000000000e-01 8.1884950619e+01 -7.5274952082e-02 3.2716427708e+03
5.9050000000e-01 8.1989020606e+01 -7.5164800420e-02 3.2747043759e+03
5.9100000000e-01 8.2093170911e+01 -7.5059849062e-02 3.2777034593e+03
5.9150000000e-01 8.2197278207e+01 -7.4963072265e-02 3.2806101983e+03
5.9200000000e-01 8.2301268499e+01 -7.4876628317e-02 3.2834033372e+03
5.9250000000e-01 8.2405140198e+01 -7.4802026120e-02 3.2860723824e+03
5.9300000000e-01 8.2508859971e+01 -7.4738678798e-02 3.2886195831e+03
5.9350000000e-01 8.2612387144e+01 -7.4685678345e-02 3.2910590756e+03
5.9400000000e-01 8.2715777229e+01 -7.4640461230e-02 3.2934143998e+03
5.9450000000e-01 8.2819113632e+01 -7.4600300118e-02 3.2957172760e+03
5.9500000000e-01 8.2922421164e+01 -7.4561494130e-02 3.2980054427e+03
5.9550000000e-01 8.3025767849e+01 -7.4519923028e-02 3.3003176345e+03
5.9600000000e-01 8.3129289193e+01 -7.4472272372e-02 3.3026892847e+03
5.9650000000e-01 8.3233053324e+01 -7.4415148908e-02 3.3051505844e+03
5.9700000000e-01 8.3337080885e+01 -7.4346785649e-02 3.3077236815e+03
5.9750000000e-01 8.3441451993e+01 -7.4265483207e-02 3.3104193185e+03
5.9800000000e-01 8.3546225236e+01 -7.4171296879e-02 3.3132361794e+03
5.9850000000e-01 8.3651359286e+01 -7.4065347174e-02 3.3161618640e+03
5.9900000000e-01 8.3756811726e+01 -7.3949773337e-02 3.3191734911e+03
5.9950000000e-01 8.3862578580e+01 -7.3827869976e-02 3.3222396137e+03
6.0000000000e-01 8.3968596599e+01 -7.3702572143e-02 3.3253240638e+03
6.0050000000e-01 8.4074743396e+01 -7.3578065600e-02 3.3283892302e+03
6.0100000000e-01 8.4180947820e+01 -7.3457718518e-02 3.3313988854e+03
6.0150000000e-01 8.4287170584e+01 -7.3344866345e-02 3.3343223185e+03
6.0200000000e-01 8.4393318821e+01 -7.3241551401e-02 3.3371380248e+03
6.0250000000e-01 8.4499313265e+01 -7.3148850156e-02 3.3398347142e+03
6.0300000000e-01 8.4605165784e+01 -7.3067229529e-02 3.3424118064e+03
6.0350000000e-01 8.4710887614e+01 -7.2995348177e-02 3.3448807133e+03
6.0400000000e-01 8.4816456707e+01 -7.2931519301e-02 3.3472640257e+03
6.0450000000e-01 8.4921926339e+01 -7.2872358591e-02 3.3495919837e+03
6.0500000000e-01 8.5027404583e+01 -7.2814563569e-02 3.3518995058e+03
6.0550000000e-01 8.5132943023e+01 -7.2754548307e-02 3.3542240413e+03
6.0600000000e-01 8.5238589082e+01 -7.2688664841e-02 3.3566016963e+03
6.0650000000e-01 8.5344460390e+01 -7.2613959922e-02 3.3590628137e+03
6.0700000000e-01 8.5450643929e+01 -7.2527634626e-02 3.3616295628e+03
6.0750000000e-01 8.5557144733e+01 -7.2428883433e-02 3.3643144031e+03
6.0800000000e-01 8.5663988977e+01 -7.2317223647e-02 3.3671182208e+03
6.0850000000e-01 8.5771225536e+01 -7.2193702686e-02 3.3700302089e+03
6.0900000000e-01 8.5878820730e+01 -7.2060095581e-02 3.3730296685e+03
6.0950000000e-01 8.5986692904e+01 -7.1919052799e-02 3.3760876240e+03
6.1000000000e-01 8.6094804410e+01 -7.1774353340e-02 3.3791689591e+03
6.1050000000e-01 8.6203109024e+01 -7.1629238632e-02 3.3822366552e+03
6.1100000000e-01 8.6311492290e+01 -7.1487512685e-02 3.3852558824e+03
6.1150000000e-01 8.6419860959e+01 -7.1351827445e-02 3.3881961706e+03
6.1200000000e-01 8.6528189273e+01 -7.1224898683e-02 3.3910340518e+03
6.1250000000e-01 8.6636425027e+01 -7.1108145817e-02 3.3937566705e+03
6.1300000000e-01 8.6744494218e+01 -7.1001709080e-02 3.3963629562e+03
6.1350000000e-01 8.6852412696e+01 -7.0904953869e-02 3.3988622892e+03
6.1400000000e-01 8.6960236647e+01 -7.0815721137e-02 3.4012740035e+03
6.1450000000e-01 8.7067967876e+01 -7.0731799498e-02 3.4036266331e+03
6.1500000000e-01 8.7175647049e+01 -7.0649599816e-02 3.4059544081e+03
6.1550000000e-01 8.7283395387e+01 -7.0565636108e-02 3.4082932759e+03
6.1600000000e-01 8.7391291883e+01 -7.0476246175e-02 3.4106782885e+03
6.1650000000e-01 8.7499368089e+01 -7.0378283271e-02 3.4131403257e+03
6.1700000000e-01 8.7607708492e+01 -7.0269687353e-02 3.4157023901e+03
6.1750000000e-01 8.7716401381e+01 -7.0148468493e-02 3.4183778109e+03
6.1800000000e-01 8.7825451536e+01 -7.0014428655e-02 3.4211695027e+03
6.1850000000e-01 8.7934841556e+01 -6.9867958732e-02 3.4240689762e+03
6.1900000000e-01 8.8044587829e+01 -6.9711058844e-02 3.4270569076e+03
6.1950000000e-01 8.8154664924e+01 -6.9546191063e-02 3.4301060149e+03
6.2000000000e-01 8.8264976914e+01 -6.9376296205e-02 3.4331837470e+03
6.2050000000e-01 8.8375453271e+01 -6.9205088109e-02 3.4362543155e+03
6.2100000000e-01 8.8486055288e+01 -6.9035711482e-02 3.4392823214e+03
6.2150000000e-01 8.8596689912e+01 -6.8871722583e-02 3.4422373415e+03
6.2200000000e-01 8.8707256005e+01 -6.8715146541e-02 3.4450964063e+03
6.2250000000e-01 8.8817733360e+01 -6.8567637057e-02 3.4478451294e+03
6.2300000000e-01 8.8928110996e+01 -6.8429665675e-02 3.4504797180e+03
6.2350000000e-01 8.9038337129e+01 -6.8300709566e-02 3.4530081056e+03
6.2400000000e-01 8.9148421437e+01 -6.8179399678e-02 3.4554483526e+03
6.2450000000e-01 8.9258446997e+01 -6.8062806541e-02 3.4578264905e+03
6.2500000000e-01 8.9368457170e+01 -6.7948172597e-02 3.4601748128e+03
6.2550000000e-01 8.9478481290e+01 -6.7831858552e-02 3.4625286508e+03
6.2600000000e-01 8.9588623568e+01 -6.7710667021e-02 3.4649222991e+03
6.2650000000e-01 8.9698987724e+01 -6.7581339694e-02 3.4673862443e+03
6.2700000000e-01 8.9809605100e+01 -6.7441184390e-02 3.4699446651e+03
6.2750000000e-01 8.9920516169e+01 -6.7288847229e-02 3.4726122205e+03
6.2800000000e-01 9.0031793763e+01 -6.7123491105e-02 3.4753926016e+03
6.2850000000e-01 9.0143446998e+01 -6.6945896017e-02 3.4782792969e+03
6.2900000000e-01 9.0255427000e+01 -6.6757087134e-02 3.4812559813e+03
6.2950000000e-01 9.0367714122e+01 -6.6559612585e-02 3.4842969574e+03
6.3000000000e-01 9.0480286067e+01 -6.6356521631e-02 3.4873702641e+03
6.3050000000e-01 9.0593046590e+01 -6.6151064918e-02 3.4904417978e+03
6.3100000000e-01 9.0705899249e+01 -6.5946800468e-02 3.4934777523e+03
6.3150000000e-01 9.0818809147e+01 -6.5746394793e-02 3.4964471230e+03
6.3200000000e-01 9.0931715150e+01 -6.5552710183e-02 3.4993256478e+03
6.3250000000e-01 9.1044518781e+01 -6.5367170369e-02 3.5020984834e+03
6.3300000000e-01 9.1157197728e+01 -6.5190624776e-02 3.5047606798e+03
6.3350000000e-01 9.1269779601e+01 -6.5022435712e-02 3.5073177188e+03
6.3400000000e-01 9.1382246328e+01 -6.4861052064e-02 3.5097856479e+03
6.3450000000e-01 9.1494603874e+01 -6.4704511995e-02 3.5121890497e+03
6.3500000000e-01 9.1606941330e+01 -6.4549550568e-02 3.5145582766e+03
6.3550000000e-01 9.1719336433e+01 -6.4393043864e-02 3.5169272480e+03
6.3600000000e-01 9.1831824431e+01 -6.4231255786e-02 3.5193301644e+03
6.3650000000e-01 9.1944482162e+01 -6.4061346100e-02 3.5217973651e+03
6.3700000000e-01 9.2057411775e+01 -6.3880789675e-02 3.5243527431e+03
6.3750000000e-01 9.2170653217e+01 -6.3687725684e-02 3.5270123455e+03
6.3800000000e-01 9.2284213768e+01 -6.3481556481e-02 3.5297822620e+03
6.3850000000e-01 9.2398133180e+01 -6.3262241762e-02 3.5326572444e+03
6.3900000000e-01 9.2512422759e+01 -6.3031502280e-02 3.5356220308e+03
6.3950000000e-01 9.2627017584e+01 -6.2791261903e-02 3.5386535210e+03
6.4000000000e-01 9.2741860478e+01 -6.2544432456e-02 3.5417221133e+03
6.4050000000e-01 9.2856926806e+01 -6.2294095746e-02 3.5447941202e+03
6.4100000000e-01 9.2972136938e+01 -6.2043493247e-02 3.5478359882e+03
6.4150000000e-01 9.3087378967e+01 -6.1795974665e-02 3.5508176325e+03
6.4200000000e-01 9.3202609429e+01 -6.1553631031e-02 3.5537144583e+03
6.4250000000e-01 9.3317804448e+01 -6.1318417446e-02 3.5565099819e+03
6.4300000000e-01 9.3432890927e+01 -6.1090786422e-02 3.5591980198e+03
6.4350000000e-01 9.3547836681e+01 -6.0870765052e-02 3.5617826159e+03
6.4400000000e-01 9.3662690969e+01 -6.0657051037e-02 3.5642774040e+03
6.4450000000e-01 9.3777480872e+01 -6.0447321100e-02 3.5667051326e+03
6.4500000000e-01 9.3892215235e+01 -6.0238928993e-02 3.5690951890e+03
6.4550000000e-01 9.4006973878e+01 -6.0028458773e-02 3.5714798646e+03
6.4600000000e-01 9.4121856692e+01 -5.9813023943e-02 3.5738919050e+03
6.4650000000e-01 9.4236908671e+01 -5.9589200815e-02 3.5763621105e+03
6.4700000000e-01 9.4352179732e+01 -5.9354555179e-02 3.5789154295e+03
6.4750000000e-01 9.4467757675e+01 -5.9107290706e-02 3.5815680711e+03
6.4800000000e-01 9.4583685817e+01 -5.8846520230e-02 3.5843269981e+03
6.4850000000e-01 9.4699946511e+01 -5.8572626034e-02 3.5871895501e+03
6.4900000000e-01 9.4816541857e+01 -5.8286357097e-02 3.5901427035e+03
6.4950000000e-01 9.4933480473e+01 -5.7989962783e-02 3.5931643724e+03
6.5000000000e-01 9.5050695368e+01 -5.7685867881e-02 3.5962264401e+03
6.5050000000e-01 9.5168097071e+01 -5.7377396184e-02 3.5992971904e+03
6.5100000000e-01 9.5285650409e+01 -5.7067608132e-02 3.6023437457e+03
6.5150000000e-01 9.5403300123e+01 -5.6759223720e-02 3.6053357764e+03
6.5200000000e-01 9.5520939148e+01 -5.6454995572e-02 3.6082486619e+03
6.5250000000e-01 9.5638512955e+01 -5.6156435074e-02 3.6110651608e+03
6.5300000000e-01 9.5756020859e+01 -5.5864686114e-02 3.6137772266e+03
6.5350000000e-01 9.5873428681e+01 -5.5579199638e-02 3.6163874189e+03
6.5400000000e-01 9.5990710023e+01 -5.5299053213e-02 3.6189081129e+03
6.5450000000e-01 9.6107915174e+01 -5.5022254943e-02 3.6213596904e+03
6.5500000000e-01 9.6225106532e+01 -5.4746109993e-02 3.6237693499e+03
6.5550000000e-01 9.6342311267e+01 -5.4467718888e-02 3.6261688881e+03
6.5600000000e-01 9.6459591312e+01 -5.4183494829e-02 3.6285906857e+03
6.5650000000e-01 9.6577050674e+01 -5.3890758158e-02 3.6310643385e+03
6.5700000000e-01 9.6694749264e+01 -5.3586761612e-02 3.6336148449e+03
6.5750000000e-01 9.6812710334e+01 -5.3269821494e-02 3.6362602126e+03
6.5800000000e-01 9.6930992916e+01 -5.2938806147e-02 3.6390087714e+03
6.5850000000e-01 9.7049643989e+01 -5.2593589737e-02 3.6418586647e+03
6.5900000000e-01 9.7168632180e+01 -5.2235409057e-02 3.6447988387e+03
6.5950000000e-01 9.7287917828e+01 -5.1865822808e-02 3.6478096206e+03
6.6000000000e-01 9.7407496922e+01 -5.1487593505e-02 3.6508641774e+03
6.6050000000e-01 9.7527315668e+01 -5.1103304711e-02 3.6539318164e+03
6.6100000000e-01 9.7647267919e+01 -5.0716259759e-02 3.6569809637e+03
6.6150000000e-01 9.7767297471e+01 -5.0329460735e-02 3.6599814868e+03
6.6200000000e-01 9.7887372324e+01 -4.9945285936e-02 3.6629080130e+03
6.6250000000e-01 9.8007409642e+01 -4.9565697895e-02 3.6657429727e+03
6.6300000000e-01 9.8127347901e+01 -4.9191339058e-02 3.6684774533e+03
6.6350000000e-01 9.8247200462e+01 -4.8822649360e-02 3.6711116831e+03
6.6400000000e-01 9.8366971661e+01 -4.8458390627e-02 3.6736559994e+03
6.6450000000e-01 9.8486648124e+01 -4.8096876527e-02 3.6761298755e+03
6.6500000000e-01 9.8606279000e+01 -4.7735471631e-02 3.6785589745e+03
6.6550000000e-01 9.8725948623e+01 -4.7371151041e-02 3.6809728796e+03
6.6600000000e-01 9.8845702423e+01 -4.7001024591e-02 3.6834031572e+03
6.6650000000e-01 9.8965586606e+01 -4.6621775044e-02 3.6858798940e+03
6.6700000000e-01 9.9085693738e+01 -4.6231032389e-02 3.6884281120e+03
6.6750000000e-01 9.9206094138e+01 -4.5826519112e-02 3.6910658971e+03
6.6800000000e-01 9.9326795828e+01 -4.5407407900e-02 3.6938031123e+03
6.6850000000e-01 9.9447818158e+01 -4.4973521017e-02 3.6966398735e+03
6.6900000000e-01 9.9569199646e+01 -4.4525452173e-02 3.6995664622e+03
6.6950000000e-01 9.9690910651e+01 -4.4064999924e-02 3.7025648739e+03
6.7000000000e-01 9.9812880475e+01 -4.3594299445e-02 3.7056103460e+03
6.7050000000e-01 9.9935079557e+01 -4.3116538412e-02 3.7086732474e+03
6.7100000000e-01 1.0005746707e+02 -4.2634410460e-02 3.7117225117e+03
6.7150000000e-01 1.0017994333e+02 -4.2150957462e-02 3.7147289680e+03
6.7200000000e-01 1.0030243512e+02 -4.1668651342e-02 3.7176673133e+03
6.7250000000e-01 1.0042492063e+02 -4.1189356613e-02 3.7205184532e+03
6.7300000000e-01 1.0054735164e+02 -4.0714398524e-02 3.7232722792e+03
6.7350000000e-01 1.0066967340e+02 -4.0243539629e-02 3.7259284323e+03
6.7400000000e-01 1.0079190091e+02 -3.9776255233e-02 3.7284953519e+03
6.7450000000e-01 1.0091407442e+02 -3.9310620504e-02 3.7309898875e+03
6.7500000000e-01 1.0103620254e+02 -3.8844517024e-02 3.7334364346e+03
6.7550000000e-01 1.0115832376e+02 -3.8374952151e-02 3.7358639572e+03
6.7600000000e-01 1.0128053247e+02 -3.7898702014e-02 3.7383026460e+03
6.7650000000e-01 1.0140289695e+02 -3.7412960693e-02 3.7407817164e+03
6.7700000000e-01 1.0152544759e+02 -3.6914869608e-02 3.7433267997e+03
6.7750000000e-01 1.0164825063e+02 -3.6402749025e-02 3.7459567982e+03
6.7800000000e-01 1.0177137998e+02 -3.5875024288e-02 3.7486822406e+03
6.7850000000e-01 1.0189483931e+02 -3.5331534642e-02 3.7515048641e+03
6.7900000000e-01 1.0201860977e+02 -3.4772912811e-02 3.7544169666e+03
6.7950000000e-01 1.0214270747e+02 -3.4200673035e-02 3.7574018268e+03
6.8000000000e-01 1.0226710901e+02 -3.3617175448e-02 3.7604361318e+03
6.8050000000e-01 1.0239172883e+02 -3.3024797477e-02 3.7634922540e+03
6.8100000000e-01 1.0251651189e+02 -3.2426848504e-02 3.7665400187e+03
6.8150000000e-01 1.0264142497e+02 -3.1825994101e-02 3.7695499224e+03
6.8200000000e-01 1.0276638486e+02 -3.1224971182e-02 3.7724968378e+03
6.8250000000e-01 1.0289131289e+02 -3.0625621858e-02 3.7753618378e+03
6.8300000000e-01 1.0301619357e+02 -3.0029007031e-02 3.7781333377e+03
6.8350000000e-01 1.0314101091e+02 -2.9435626934e-02 3.7808088773e+03
6.8400000000e-01 1.0326572803e+02 -2.8844597714e-02 3.7833957615e+03
6.8450000000e-01 1.0339035846e+02 -2.8254688030e-02 3.7859096269e+03
6.8500000000e-01 1.0351496457e+02 -2.7663262159e-02 3.7883727300e+03
6.8550000000e-01 1.0363958489e+02 -2.7067794129e-02 3.7908124213e+03
6.8600000000e-01 1.0376425025e+02 -2.6465276873e-02 3.7932584388e+03
6.8650000000e-01 1.0388904380e+02 -2.5852681880e-02 3.7957395088e+03
6.8700000000e-01 1.0401405145e+02 -2.5227450376e-02 3.7982808948e+03
6.8750000000e-01 1.0413930127e+02 -2.4587209222e-02 3.8009023477e+03
6.8800000000e-01 1.0426482478e+02 -2.3930995054e-02 3.8036156429e+03
6.8850000000e-01 1.0439068250e+02 -2.3258095066e-02 3.8064233666e+03
6.8900000000e-01 1.0451688091e+02 -2.2569129728e-02 3.8093194319e+03
6.8950000000e-01 1.0464337587e+02 -2.1865277677e-02 3.8122894993e+03
6.9000000000e-01 1.0477015209e+02 -2.1148556780e-02 3.8153115778e+03
6.9050000000e-01 1.0489718860e+02 -2.0421770774e-02 3.8183586659e+03
6.9100000000e-01 1.0502440172e+02 -1.9687504148e-02 3.8214020660e+03
6.9150000000e-01 1.0515171474e+02 -1.8948814732e-02 3.8244134294e+03
6.9200000000e-01 1.0527909638e+02 -1.8207959021e-02 3.8273669852e+03
6.9250000000e-01 1.0540649126e+02 -1.7467206632e-02 3.8302428484e+03
6.9300000000e-01 1.0553382307e+02 -1.6727789305e-02 3.8330291341e+03
6.9350000000e-01 1.0566107504e+02 -1.5990026843e-02 3.8357222594e+03
6.9400000000e-01 1.0578826484e+02 -1.5253569669e-02 3.8383273630e+03
6.9450000000e-01 1.0591538138e+02 -1.4516816755e-02 3.8408584345e+03
6.9500000000e-01 1.0604243384e+02 -1.3778074200e-02 3.8433365815e+03
6.9550000000e-01 1.0616949374e+02 -1.3034452672e-02 3.8457875774e+03
6.9600000000e-01 1.0629662731e+02 -1.2283186510e-02 3.8482399296e+03
6.9650000000e-01 1.0642386563e+02 -1.1521253344e-02 3.8507222072e+03
6.9700000000e-01 1.0655127118e+02 -1.0746061298e-02 3.8532596420e+03
6.9750000000e-01 1.0667893073e+02 -9.9556434342e-03 3.8558719293e+03
6.9800000000e-01 1.0680687618e+02 -9.1482474193e-03 3.8585720077e+03
6.9850000000e-01 1.0693511076e+02 -8.3235485428e-03 3.8613643288e+03
6.9900000000e-01 1.0706366956e+02 -7.4815913502e-03 3.8642438856e+03
6.9950000000e-01 1.0719255898e+02 -6.6237570131e-03 3.8671974449e+03
7.0000000000e-01 1.0732172100e+02 -5.7518211004e-03 3.8702052193e+03
7.0050000000e-01 1.0745111183e+02 -4.8681291837e-03 3.8732419720e+03
7.0100000000e-01 1.0758070762e+02 -3.9755240003e-03 3.8762793183e+03
7.0150000000e-01 1.0771043590e+02 -3.0765983328e-03 3.8792892633e+03
7.0200000000e-01 1.0784021006e+02 -2.1742021033e-03 3.8822467901e+03
7.0250000000e-01 1.0796999414e+02 -1.2700692829e-03 3.8851316200e+03
7.0300000000e-01 1.0809976069e+02 -3.6570393462e-04 3.8879304302e+03
7.0350000000e-01 1.0822945409e+02 5.3837051381e-04 3.8906385612e+03
7.0400000000e-01 1.0835905215e+02 1.4424629507e-03 3.8932600050e+03
7.0450000000e-01 1.0848859044e+02 2.3476116835e-03 3.8958067988e+03
7.0500000000e-01 1.0861809433e+02 3.2560304568e-03 3.8982983804e+03
7.0550000000e-01 1.0874757533e+02 4.1698891225e-03 3.9007596184e+03
7.0600000000e-01 1.0887709669e+02 5.0922064631e-03 3.9032178173e+03
7.0650000000e-01 1.0900674381e+02 6.0256144301e-03 3.9057004472e+03
7.0700000000e-01 1.0913655574e+02 6.9729199429e-03 3.9082330569e+03
7.0750000000e-01 1.0926657104e+02 7.9363819630e-03 3.9108361634e+03
7.0800000000e-01 1.0939686408e+02 8.9173604343e-03 3.9135229002e+03
7.0850000000e-01 1.0952747011e+02 9.9167741822e-03 3.9162986108e+03
7.0900000000e-01 1.0965837120e+02 1.0934259239e-02 3.9191605141e+03
7.0950000000e-01 1.0978957112e+02 1.1969155379e-02 3.9220970910e+03
7.1000000000e-01 1.0992107382e+02 1.3019543712e-02 3.9250893673e+03
7.1050000000e-01 1.1005281881e+02 1.4083198868e-02 3.9281135312e+03
7.1100000000e-01 1.1018473601e+02 1.5157485428e-02 3.9311428563e+03
7.1150000000e-01 1.1031679453e+02 1.6239608497e-02 3.9341497572e+03
7.1200000000e-01 1.1044894207e+02 1.7327299732e-02 3.9371089795e+03
7.1250000000e-01 1.1058109348e+02 1.8418168998e-02 3.9400002275e+03
7.1300000000e-01 1.1071320563e+02 1.9510936801e-02 3.9428095437e+03
7.1350000000e-01 1.1084527372e+02 2.0604783507e-02 3.9455307358e+03
7.1400000000e-01 1.1097727142e+02 2.1700032377e-02 3.9481664526e+03
7.1450000000e-01 1.1110917962e+02 2.2797694203e-02 3.9507275468e+03
7.1500000000e-01 1.1124103888e+02 2.3899313352e-02 3.9532315943e+03
7.1550000000e-01 1.1137290290e+02 2.5007449782e-02 3.9557017660e+03
7.1600000000e-01 1.1150479568e+02 2.6124560414e-02 3.9581648340e+03
7.1650000000e-01 1.1163676815e+02 2.7253680590e-02 3.9606478604e+03
7.1700000000e-01 1.1176890829e+02 2.8397206064e-02 3.9631755194e+03
7.1750000000e-01 1.1190126468e+02 2.9557415161e-02 3.9657685238e+03
7.1800000000e-01 1.1203385622e+02 3.0735922873e-02 3.9684414857e+03
7.1850000000e-01 1.1216673391e+02 3.1933503639e-02 3.9712008020e+03
7.1900000000e-01 1.1229993230e+02 3.3150370575e-02 3.9740444107e+03
7.1950000000e-01 1.1243342274e+02 3.4385384236e-02 3.9769625698e+03
7.2000000000e-01 1.1256717661e+02 3.5637219620e-02 3.9799383376e+03
7.2050000000e-01 1.1270118641e+02 3.6903619802e-02 3.9829489055e+03
7.2100000000e-01 1.1283540141e+02 3.8182186023e-02 3.9859683508e+03
7.2150000000e-01 1.1296973833e+02 3.9470256115e-02 3.9889701802e+03
7.2200000000e-01 1.1310414980e+02 4.0765207998e-02 3.9919293652e+03
7.2250000000e-01 1.1323860352e+02 4.2065169919e-02 3.9948249717e+03
7.2300000000e-01 1.1337303429e+02 4.3368450145e-02 3.9976426077e+03
7.2350000000e-01 1.1350739245e+02 4.4674495057e-02 4.0003752946e+03
7.2400000000e-01 1.1364168568e+02 4.5983134176e-02 4.0030238396e+03
7.2450000000e-01 1.1377592112e+02 4.7295322498e-02 4.0055974222e+03
7.2500000000e-01 1.1391008943e+02 4.8612748383e-02 4.0081127459e+03
7.2550000000e-01 1.1404422944e+02 4.9937476733e-02 4.0105916235e+03
7.2600000000e-01 1.1417841402e+02 5.1272229568e-02 4.0130590522e+03
7.2650000000e-01 1.1431268172e+02 5.2619443712e-02 4.0155415544e+03
7.2700000000e-01 1.1444706976e+02 5.3981949694e-02 4.0180641953e+03
7.2750000000e-01 1.1458165753e+02 5.5361807125e-02 4.0206475874e+03
7.2800000000e-01 1.1471650112e+02 5.6760736130e-02 4.0233064900e+03
7.2850000000e-01 1.1485160468e+02 5.8179612753e-02 4.0260487488e+03
7.2900000000e-01 1.1498698836e+02 5.9618421362e-02 4.0288739270e+03
7.2950000000e-01 1.1512268075e+02 6.1076715424e-02 4.0317733429e+03
7.3000000000e-01 1.1525865144e+02 6.2552860759e-02 4.0347314789e+03
7.3050000000e-01 1.1539484562e+02 6.4045004812e-02 4.0377272558e+03
7.3100000000e-01 1.1553123808e+02 6.5550547502e-02 4.0407356828e+03
7.3150000000e-01 1.1566778838e+02 6.7067087118e-02 4.0437307286e+03
7.3200000000e-01 1.1580441608e+02 6.8592220897e-02 4.0466880105e+03
7.3250000000e-01 1.1594106187e+02 7.0123695659e-02 4.0495865649e+03
7.3300000000e-01 1.1607770323e+02 7.1660104339e-02 4.0524108771e+03
7.3350000000e-01 1.1621430210e+02 7.3200393342e-02 4.0551529749e+03
7.3400000000e-01 1.1635081546e+02 7.4744720690e-02 4.0578129805e+03
7.3450000000e-01 1.1648725365e+02 7.6293661764e-02 4.0603984498e+03
7.3500000000e-01 1.1662365153e+02 7.7848703702e-02 4.0629239976e+03
7.3550000000e-01 1.1676001838e+02 7.9411874655e-02 4.0654104138e+03
7.3600000000e-01 1.1689638630e+02 8.0985519774e-02 4.0678821314e+03
7.3650000000e-01 1.1703283497e+02 8.2572478506e-02 4.0703644653e+03
7.3700000000e-01 1.1716941989e+02 8.4175013846e-02 4.0728817995e+03
7.3750000000e-01 1.1730616651e+02 8.5795497098e-02 4.0754553810e+03
7.3800000000e-01 1.1744313295e+02 8.7435465160e-02 4.0781006767e+03
7.3850000000e-01 1.1758037686e+02 8.9096045931e-02 4.0808260327e+03
7.3900000000e-01 1.1771789818e+02 9.0777484257e-02 4.0836323786e+03
7.3950000000e-01 1.1785568528e+02 9.2479068682e-02 4.0865127848e+03
7.4000000000e-01 1.1799374854e+02 9.4199681782e-02 4.0894528736e+03
7.4050000000e-01 1.1813206349e+02 9.5937265365e-02 4.0924327666e+03
7.4100000000e-01 1.1827056213e+02 9.7689773249e-02 4.0954290430e+03
7.4150000000e-01 1.1840919704e+02 9.9454536750e-02 4.0984163911e+03
7.4200000000e-01 1.1854793655e+02 1.0122918783e-01 4.1013702567e+03
7.4250000000e-01 1.1868671424e+02 1.0301165081e-01 4.1042698180e+03
7.4300000000e-01 1.1882546459e+02 1.0480025467e-01 4.1070995395e+03
7.4350000000e-01 1.1896417208e+02 1.0659420427e-01 4.1098501520e+03
7.4400000000e-01 1.1910282604e+02 1.0839307444e-01 4.1125201140e+03
7.4450000000e-01 1.1924139645e+02 1.1019763091e-01 4.1151160687e+03
7.4500000000e-01 1.1937989443e+02 1.1200905649e-01 4.1176515100e+03
7.4550000000e-01 1.1951837428e+02 1.1382934700e-01 4.1201453708e+03
7.4600000000e-01 1.1965686656e+02 1.1566083845e-01 4.1226208190e+03
7.4650000000e-01 1.1979539784e+02 1.1750587763e-01 4.1251028664e+03
7.4700000000e-01 1.1993404126e+02 1.1936713664e-01 4.1276154646e+03
7.4750000000e-01 1.2007286456e+02 1.2124666425e-01 4.1301795494e+03
7.4800000000e-01 1.2021188913e+02 1.2314635868e-01 4.1328113128e+03
7.4850000000e-01 1.2035114613e+02 1.2506707771e-01 4.1355201791e+03
7.4900000000e-01 1.2049068269e+02 1.2700922766e-01 4.1383078980e+03
7.4950000000e-01 1.2063049935e+02 1.2897242797e-01 4.1411689011e+03
7.5000000000e-01 1.2077056315e+02 1.3095540223e-01 4.1440906671e+03
7.5050000000e-01 1.2091085964e+02 1.3295652910e-01 4.1470544616e+03
7.5100000000e-01 1.2105136588e+02 1.3497337628e-01 4.1500375394e+03
7.5150000000e-01 1.2119201523e+02 1.3700373981e-01 4.1530157544e+03
7.5200000000e-01 1.2133274377e+02 1.3904510808e-01 4.1559653715e+03
7.5250000000e-01 1.2147352107e+02 1.4109541746e-01 4.1588650474e+03
7.5300000000e-01 1.2161430281e+02 1.4315296896e-01 4.1616984956e+03
7.5350000000e-01 1.2175502743e+02 1.4521661070e-01 4.1644561748e+03
7.5400000000e-01 1.2189567929e+02 1.4728623330e-01 4.1671355362e+03
7.5450000000e-01 1.2203627397e+02 1.4936211842e-01 4.1697413335e+03
7.5500000000e-01 1.2217680326e+02 1.5144558227e-01 4.1722857116e+03
7.5550000000e-01 1.2231727542e+02 1.5353824680e-01 4.1747867270e+03
7.5600000000e-01 1.2245775245e+02 1.5564241843e-01 4.1772661932e+03
7.5650000000e-01 1.2259828779e+02 1.5776061640e-01 4.1797480353e+03
7.5700000000e-01 1.2273890694e+02 1.5989515900e-01 4.1822561133e+03
7.5750000000e-01 1.2287966564e+02 1.6204838929e-01 4.1848113973e+03
7.5800000000e-01 1.2302063381e+02 1.6422186106e-01 4.1874300946e+03
7.5850000000e-01 1.2316183525e+02 1.6641695708e-01 4.1901226155e+03
7.5900000000e-01 1.2330327561e+02 1.6863397394e-01 4.1928921929e+03
7.5950000000e-01 1.2344498210e+02 1.7087260126e-01 4.1957341998e+03
7.6000000000e-01 1.2358695601e+02 1.7313180442e-01 4.1986371916e+03
7.6050000000e-01 1.2372915137e+02 1.7540984574e-01 4.2015842399e+03
7.6100000000e-01 1.2387153047e+02 1.7770480437e-01 4.2045539315e+03
7.6150000000e-01 1.2401406945e+02 1.8001411913e-01 4.2075224152e+03
7.6200000000e-01 1.2415670942e+02 1.8233559992e-01 4.2104663408e+03
7.6250000000e-01 1.2429937859e+02 1.8466695040e-01 4.2133649441e+03
7.6300000000e-01 1.2444204545e+02 1.8700655466e-01 4.2162015106e+03
7.6350000000e-01 1.2458468763e+02 1.8935333692e-01 4.2189652671e+03
7.6400000000e-01 1.2472725873e+02 1.9170673680e-01 4.2216527837e+03
7.6450000000e-01 1.2486974177e+02 1.9406719690e-01 4.2242678657e+03
7.6500000000e-01 1.2501216830e+02 1.9643560787e-01 4.2268210038e+03
7.6550000000e-01 1.2515455732e+02 1.9881382441e-01 4.2293288069e+03
7.6600000000e-01 1.2529691961e+02 2.0120378747e-01 4.2318123136e+03
7.6650000000e-01 1.2543931210e+02 2.0360787401e-01 4.2342945108e+03
7.6700000000e-01 1.2558180277e+02 2.0602852553e-01 4.2367984213e+03
7.6750000000e-01 1.2572442310e+02 2.0846783926e-01 4.2393452316e+03
7.6800000000e-01 1.2586720967e+02 2.1092776988e-01 4.2419517729e+03
7.6850000000e-01 1.2601022119e+02 2.1340930009e-01 4.2446287272e+03
7.6900000000e-01 1.2615348387e+02 2.1591311572e-01 4.2473801896e+03
7.6950000000e-01 1.2629698671e+02 2.1843888816e-01 4.2502033282e+03
7.7000000000e-01 1.2644073042e+02 2.2098578446e-01 4.2530880685e+03
7.7050000000e-01 1.2658471343e+02 2.2355227494e-01 4.2560182218e+03
7.7100000000e-01 1.2672888838e+02 2.2613621398e-01 4.2589736173e+03
7.7150000000e-01 1.2687319631e+02 2.2873550994e-01 4.2619317718e+03
7.7200000000e-01 1.2701760779e+02 2.3134768437e-01 4.2648696081e+03
7.7250000000e-01 1.2716208062e+02 2.3397078499e-01 4.2677661062e+03
7.7300000000e-01 1.2730654387e+02 2.3660289031e-01 4.2706045720e+03
7.7350000000e-01 1.2745096106e+02 2.3924285010e-01 4.2733737245e+03
7.7400000000e-01 1.2759533009e+02 2.4189018418e-01 4.2760687737e+03
7.7450000000e-01 1.2773962780e+02 2.4454502098e-01 4.2786923486e+03
7.7500000000e-01 1.2788383884e+02 2.4720838935e-01 4.2812539531e+03
7.7550000000e-01 1.2802800085e+02 2.4988158291e-01 4.2837686631e+03
7.7600000000e-01 1.2817215660e+02 2.5256678224e-01 4.2862561425e+03
7.7650000000e-01 1.2831632574e+02 2.5526616753e-01 4.2887389010e+03
7.7700000000e-01 1.2846055486e+02 2.5798210392e-01 4.2912395417e+03
7.7750000000e-01 1.2860491513e+02 2.6071677303e-01 4.2937786208e+03
7.7800000000e-01 1.2874944499e+02 2.6347187298e-01 4.2963732647e+03
7.7850000000e-01 1.2889416394e+02 2.6624886713e-01 4.2990353095e+03
7.7900000000e-01 1.2903911242e+02 2.6904819457e-01 4.3017696688e+03
7.7950000000e-01 1.2918431547e+02 2.7186993980e-01 4.3045742308e+03
7.8000000000e-01 1.2932975141e+02 2.7471315216e-01 4.3074404620e+03
7.8050000000e-01 1.2947539608e+02 2.7757648722e-01 4.3103538208e+03
7.8100000000e-01 1.2962123962e+02 2.8045812402e-01 4.3132949563e+03
7.8150000000e-01 1.2976723974e+02 2.8335577907e-01 4.3162420435e+03
7.8200000000e-01 1.2991332738e+02 2.8626730376e-01 4.3191729142e+03
7.8250000000e-01 1.3005946243e+02 2.8919036284e-01 4.3220667675e+03
7.8300000000e-01 1.3020561781e+02 2.9212339151e-01 4.3249063314e+03
7.8350000000e-01 1.3035173829e+02 2.9506497918e-01 4.3276798663e+03
7.8400000000e-01 1.3049778404e+02 2.9801451398e-01 4.3303819192e+03
7.8450000000e-01 1.3064376314e+02 3.0097205461e-01 4.3330136340e+03
7.8500000000e-01 1.3078967990e+02 3.0393826778e-01 4.3355831082e+03
7.8550000000e-01 1.3093552797e+02 3.0691469198e-01 4.3381046082e+03
7.8600000000e-01 1.3108134292e+02 3.0990300114e-01 4.3405966302e+03
7.8650000000e-01 1.3122718316e+02 3.1290550218e-01 4.3430802915e+03
7.8700000000e-01 1.3137308101e+02 3.1592432740e-01 4.3455778072e+03
7.8750000000e-01 1.3151907148e+02 3.1896171674e-01 4.3481099963e+03
7.8800000000e-01 1.3166521794e+02 3.2201953979e-01 4.3506938763e+03
7.8850000000e-01 1.3181156496e+02 3.2509900050e-01 4.3533414960e+03
7.8900000000e-01 1.3195811948e+02 3.2820095938e-01 4.3560590434e+03
7.8950000000e-01 1.3210489661e+02 3.3132526938e-01 4.3588457481e+03
7.9000000000e-01 1.3225191677e+02 3.3447147316e-01 4.3616939336e+03
7.9050000000e-01 1.3239915598e+02 3.3763816269e-01 4.3645902564e+03
7.9100000000e-01 1.3254656772e+02 3.4082359397e-01 4.3675168535e+03
7.9150000000e-01 1.3269412924e+02 3.4402568866e-01 4.3704526871e+03
7.9200000000e-01 1.3284180742e+02 3.4724217552e-01 4.3733759277e+03
7.9250000000e-01 1.3298953360e+02 3.5047111784e-01 4.3762662617e+03
7.9300000000e-01 1.3313725860e+02 3.5371047375e-01 4.3791063780e+03
7.9350000000e-01 1.3328496572e+02 3.5695907637e-01 4.3818836257e+03
7.9400000000e-01 1.3343262111e+02 3.6021608465e-01 4.3845917256e+03
7.9450000000e-01 1.3358018985e+02 3.6348152535e-01 4.3872311462e+03
7.9500000000e-01 1.3372768412e+02 3.6675601124e-01 4.3898085737e+03
7.9550000000e-01 1.3387513071e+02 3.7004067884e-01 4.3923366351e+03
7.9600000000e-01 1.3402253774e+02 3.7333741076e-01 4.3948330051e+03
7.9650000000e-01 1.3416993670e+02 3.7664811269e-01 4.3973182153e+03
7.9700000000e-01 1.3431739157e+02 3.7997516648e-01 4.3998134797e+03
7.9750000000e-01 1.3446494677e+02 3.8332054535e-01 4.4023391542e+03
7.9800000000e-01 1.3461262817e+02 3.8668611494e-01 4.4049127960e+03
7.9850000000e-01 1.3476048285e+02 3.9007329213e-01 4.4075470385e+03
7.9900000000e-01 1.3490855528e+02 3.9348280529e-01 4.4102485090e+03
7.9950000000e-01 1.3505684752e+02 3.9691491311e-01 4.4130175710e+03
8.0000000000e-01 1.3520534971e+02 4.0036885698e-01 4.4158480542e+03
8.0050000000e-01 1.3535406778e+02 4.0384365889e-01 4.4187276282e+03
8.0100000000e-01 1.3550298143e+02 4.0733755129e-01 4.4216393767e+03
8.0150000000e-01 1.3565203335e+02 4.1084858778e-01 4.4245635140e+03
8.0200000000e-01 1.3580118327e+02 4.1437460939e-01 4.4274788504e+03
8.0250000000e-01 1.3595040520e+02 4.1791342119e-01 4.4303649597e+03
8.0300000000e-01 1.3609964258e+02 4.2146336873e-01 4.4332046011e+03
8.0350000000e-01 1.3624884155e+02 4.2502289918e-01 4.4359850309e+03
8.0400000000e-01 1.3639799080e+02 4.2859136045e-01 4.4386988567e+03
8.0450000000e-01 1.3654707985e+02 4.3216842127e-01 4.4413452130e+03
8.0500000000e-01 1.3669608509e+02 4.3575466049e-01 4.4439300328e+03
8.0550000000e-01 1.3684501912e+02 4.3935121338e-01 4.4464649094e+03
8.0600000000e-01 1.3699392493e+02 4.4295961637e-01 4.4489659463e+03
8.0650000000e-01 1.3714282829e+02 4.4658194641e-01 4.4514527070e+03
8.0700000000e-01 1.3729175542e+02 4.5022014534e-01 4.4539461697e+03
8.0750000000e-01 1.3744076576e+02 4.5387646110e-01 4.4564662959e+03
8.0800000000e-01 1.3758991402e+02 4.5755261921e-01 4.4590303991e+03
8.0850000000e-01 1.3773922051e+02 4.6125007722e-01 4.4616517450e+03
8.0900000000e-01 1.3788871048e+02 4.6496966595e-01 4.4643378993e+03
8.0950000000e-01 1.3803842154e+02 4.6871152607e-01 4.4670899557e+03
8.1000000000e-01 1.3818835443e+02 4.7247540437e-01 4.4699028636e+03
8.1050000000e-01 1.3833848034e+02 4.7626007866e-01 4.4727658018e+03
8.1100000000e-01 1.3848878688e+02 4.8006413315e-01 4.4756628434e+03
8.1150000000e-01 1.3863925489e+02 4.8388554191e-01 4.4785748266e+03
8.1200000000e-01 1.3878982673e+02 4.8772232071e-01 4.4814814950e+03
8.1250000000e-01 1.3894045007e+02 4.9157243155e-01 4.4843630087e+03
8.1300000000e-01 1.3909110045e+02 4.9543396510e-01 4.4872016971e+03
8.1350000000e-01 1.3924173839e+02 4.9930563099e-01 4.4899842569e+03
8.1400000000e-01 1.3939231454e+02 5.0318637014e-01 4.4927030179e+03
8.1450000000e-01 1.3954281866e+02 5.0707611371e-01 4.4953561775e+03
8.1500000000e-01 1.3969326085e+02 5.1097511368e-01 4.4979481062e+03
8.1550000000e-01 1.3984363527e+02 5.1488439818e-01 4.5004893093e+03
8.1600000000e-01 1.3999395355e+02 5.1880544221e-01 4.5029951402e+03
8.1650000000e-01 1.4014426520e+02 5.2274006206e-01 4.5054840264e+03
8.1700000000e-01 1.4029461366e+02 5.2669042689e-01 4.5079760349e+03
8.1750000000e-01 1.4044502414e+02 5.3065838140e-01 4.5104910474e+03
8.1800000000e-01 1.4059554235e+02 5.3464587165e-01 4.5130464738e+03
8.1850000000e-01 1.4074622456e+02 5.3865421778e-01 4.5156556376e+03
8.1900000000e-01 1.4089709225e+02 5.4268441322e-01 4.5183268805e+03
8.1950000000e-01 1.4104814956e+02 5.4673675772e-01 4.5210625321e+03
8.2000000000e-01 1.4119941742e+02 5.5081081756e-01 4.5238584003e+03
8.2050000000e-01 1.4135089743e+02 5.5490578620e-01 4.5267045917e+03
8.2100000000e-01 1.4150255006e+02 5.5902008251e-01 4.5295866593e+03
8.2150000000e-01 1.4165434314e+02 5.6315205644e-01 4.5324865041e+03
8.2200000000e-01 1.4180625725e+02 5.6729955455e-01 4.5353841176e+03
8.2250000000e-01 1.4195824154e+02 5.7146062261e-01 4.5382600393e+03
8.2300000000e-01 1.4211023692e+02 5.7563345617e-01 4.5410970502e+03
8.2350000000e-01 1.4226221887e+02 5.7981654605e-01 4.5438813827e+03
8.2400000000e-01 1.4241416644e+02 5.8400906888e-01 4.5466043469e+03
8.2450000000e-01 1.4256604183e+02 5.8821049518e-01 4.5492634521e+03
8.2500000000e-01 1.4271783472e+02 5.9242124331e-01 4.5518622297e+03
8.2550000000e-01 1.4286956969e+02 5.9664207316e-01 4.5544097717e+03
8.2600000000e-01 1.4302126203e+02 6.0087446097e-01 4.5569202325e+03
8.2650000000e-01 1.4317292468e+02 6.0512012772e-01 4.5594113790e+03
8.2700000000e-01 1.4332460469e+02 6.0938095619e-01 4.5619025281e+03
8.2750000000e-01 1.4347635748e+02 6.1365906406e-01 4.5644129148e+03
8.2800000000e-01 1.4362821129e+02 6.1795613505e-01 4.5669600876e+03
8.2850000000e-01 1.4378019637e+02 6.2227374795e-01 4.5695578718e+03
8.2900000000e-01 1.4393236072e+02 6.2661274083e-01 4.5722149283e+03
8.2950000000e-01 1.4408472635e+02 6.3097357596e-01 4.5749343578e+03
8.3000000000e-01 1.4423728326e+02 6.3535603338e-01 4.5777134111e+03
8.3050000000e-01 1.4439003181e+02 6.3975922984e-01 4.5805433155e+03
8.3100000000e-01 1.4454297004e+02 6.4418193252e-01 4.5834102963e+03
8.3150000000e-01 1.4469605667e+02 6.4862225775e-01 4.5862973258e+03
8.3200000000e-01 1.4484924382e+02 6.5307841402e-01 4.5891854908e+03
8.3250000000e-01 1.4500250718e+02 6.5754833607e-01 4.5920555057e+03
8.3300000000e-01 1.4515580851e+02 6.6203026358e-01 4.5948899452e+03
8.3350000000e-01 1.4530909071e+02 6.6652268449e-01 4.5976750703e+03
8.3400000000e-01 1.4546232592e+02 6.7102452832e-01 4.6004017393e+03
8.3450000000e-01 1.4561550949e+02 6.7553549256e-01 4.6030662941e+03
8.3500000000e-01 1.4576862302e+02 6.8005560030e-01 4.6056712531e+03
8.3550000000e-01 1.4592165755e+02 6.8458573647e-01 4.6082248773e+03
8.3600000000e-01 1.4607464301e+02 6.8912704283e-01 4.6107400805e+03
8.3650000000e-01 1.4622761489e+02 6.9368126830e-01 4.6132334855e+03
8.3700000000e-01 1.4638059259e+02 6.9825031026e-01 4.6157239625e+03
8.3750000000e-01 1.4653361417e+02 7.0283603845e-01 4.6182304064e+03
8.3800000000e-01 1.4668673843e+02 7.0744032204e-01 4.6207699092e+03
8.3850000000e-01 1.4683999898e+02 7.1206451470e-01 4.6233565743e+03
8.3900000000e-01 1.4699341104e+02 7.1670978517e-01 4.6259999996e+03
8.3950000000e-01 1.4714700784e+02 7.2137647625e-01 4.6287039526e+03
8.4000000000e-01 1.4730081041e+02 7.2606449599e-01 4.6314663412e+03
8.4050000000e-01 1.4745479898e+02 7.3077310990e-01 4.6342797375e+03
8.4100000000e-01 1.4760895387e+02 7.3550102547e-01 4.6371316960e+03
8.4150000000e-01 1.4776326691e+02 7.4024672129e-01 4.6400058240e+03
8.4200000000e-01 1.4791769998e+02 7.4500819144e-01 4.6428838011e+03
8.4250000000e-01 1.4807219662e+02 7.4978360840e-01 4.6457471115e+03
8.4300000000e-01 1.4822672542e+02 7.5457106225e-01 4.6485784620e+03
8.4350000000e-01 1.4838126072e+02 7.5936913692e-01 4.6513636193e+03
8.4400000000e-01 1.4853575697e+02 7.6417677317e-01 4.6540930353e+03
8.4450000000e-01 1.4869018452e+02 7.6899336664e-01 4.6567624589e+03
8.4500000000e-01 1.4884454859e+02 7.7381909609e-01 4.6593732078e+03
8.4550000000e-01 1.4899885243e+02 7.7865450824e-01 4.6619323727e+03
8.4600000000e-01 1.4915309404e+02 7.8350091502e-01 4.6644521066e+03
8.4650000000e-01 1.4930730288e+02 7.8835976196e-01 4.6669480656e+03
8.4700000000e-01 1.4946152692e+02 7.9323292869e-01 4.6694380465e+03
8.4750000000e-01 1.4961579512e+02 7.9812230208e-01 4.6719406120e+03
8.4800000000e-01 1.4977013681e+02 8.0302962417e-01 4.6744730303e+03
8.4850000000e-01 1.4992460408e+02 8.0795648498e-01 4.6770493406e+03
8.4900000000e-01 1.5007923419e+02 8.1290381493e-01 4.6796793736e+03
8.4950000000e-01 1.5023403261e+02 8.1787225822e-01 4.6823679877e+03
8.5000000000e-01 1.5038901211e+02 8.2286168440e-01 4.6851141981e+03
8.5050000000e-01 1.5054418870e+02 8.2787153880e-01 4.6879112726e+03
8.5100000000e-01 1.5069954058e+02 8.3290066059e-01 4.6907477932e+03
8.5150000000e-01 1.5085503011e+02 8.3794743440e-01 4.6936086366e+03
8.5200000000e-01 1.5101063851e+02 8.4301015985e-01 4.6964761171e+03
8.5250000000e-01 1.5116633534e+02 8.4808684324e-01 4.6993319717e+03
8.5300000000e-01 1.5132206431e+02 8.5317581038e-01 4.7021592952e+03
8.5350000000e-01 1.5147778646e+02 8.5827542210e-01 4.7049438107e+03
8.5400000000e-01 1.5163348581e+02 8.6338460992e-01 4.7076752228e+03
8.5450000000e-01 1.5178913457e+02 8.6850280157e-01 4.7103485715e+03
8.5500000000e-01 1.5194470636e+02 8.7362992544e-01 4.7129645428e+03
8.5550000000e-01 1.5210021045e+02 8.7876660378e-01 4.7155290480e+03
8.5600000000e-01 1.5225566937e+02 8.8391376296e-01 4.7180529289e+03
8.5650000000e-01 1.5241109224e+02 8.8907301463e-01 4.7205511485e+03
8.5700000000e-01 1.5256650505e+02 8.9424599779e-01 4.7230409607e+03
8.5750000000e-01 1.5272196112e+02 8.9943460121e-01 4.7255401078e+03
8.5800000000e-01 1.5287749845e+02 9.0464056214e-01 4.7280655378e+03
8.5850000000e-01 1.5303313811e+02 9.0986533223e-01 4.7306317616e+03
8.5900000000e-01 1.5318891992e+02 9.1511011483e-01 4.7332490674e+03
8.5950000000e-01 1.5334488053e+02 9.2037542014e-01 4.7359226912e+03
8.6000000000e-01 1.5350101956e+02 9.2566139314e-01 4.7386526424e+03
8.6050000000e-01 1.5365733022e+02 9.3096740201e-01 4.7414334535e+03
8.6100000000e-01 1.5381381749e+02 9.3629247527e-01 4.7442545479e+03
8.6150000000e-01 1.5397046092e+02 9.4163518648e-01 4.7471015960e+03
8.6200000000e-01 1.5412721386e+02 9.4699374573e-01 4.7499579241e+03
8.6250000000e-01 1.5428404448e+02 9.5236638640e-01 4.7528057998e+03
8.6300000000e-01 1.5444092783e+02 9.5775123330e-01 4.7556282650e+03
8.6350000000e-01 1.5459781729e+02 9.6314687302e-01 4.7584110569e+03
8.6400000000e-01 1.5475467076e+02 9.6855205695e-01 4.7611437231e+03
8.6450000000e-01 1.5491147687e+02 9.7396615098e-01 4.7638204033e+03
8.6500000000e-01 1.5506822700e+02 9.7938903008e-01 4.7664407076e+03
8.6550000000e-01 1.5522490446e+02 9.8482108330e-01 4.7690098666e+03
8.6600000000e-01 1.5538151920e+02 9.9026337199e-01 4.7715378223e+03
8.6650000000e-01 1.5553810677e+02 9.9571714188e-01 4.7740382489e+03
8.6700000000e-01 1.5569469050e+02 1.0011841501e+00 4.7765276189e+03
8.6750000000e-01 1.5585129251e+02 1.0066660789e+00 4.7790234929e+03
8.6800000000e-01 1.5600796234e+02 1.0121647260e+00 4.7815424784e+03
8.6850000000e-01 1.5616474567e+02 1.0176815978e+00 4.7840988777e+03
8.6900000000e-01 1.5632165875e+02 1.0232177834e+00 4.7867035536e+03
8.6950000000e-01 1.5647872345e+02 1.0287740241e+00 4.7893625582e+03
8.7000000000e-01 1.5663597071e+02 1.0343503528e+00 4.7920764994e+03
8.7050000000e-01 1.5679339880e+02 1.0399464679e+00 4.7948408478e+03
8.7100000000e-01 1.5695098455e+02 1.0455613394e+00 4.7976462887e+03
8.7150000000e-01 1.5710871809e+02 1.0511936335e+00 4.8004793206e+03
8.7200000000e-01 1.5726658077e+02 1.0568417029e+00 4.8033238213e+03
8.7250000000e-01 1.5742452484e+02 1.0625037303e+00 4.8061628118e+03
8.7300000000e-01 1.5758250822e+02 1.0681780434e+00 4.8089797535e+03
8.7350000000e-01 1.5774050859e+02 1.0738629649e+00 4.8117600449e+03
8.7400000000e-01 1.5789849316e+02 1.0795573962e+00 4.8144928082e+03
8.7450000000e-01 1.5805642297e+02 1.0852605209e+00 4.8171718896e+03
8.7500000000e-01 1.5821428885e+02 1.0909721682e+00 4.8197960624e+03
8.7550000000e-01 1.5837209917e+02 1.0966926721e+00 4.8223692823e+03
8.7600000000e-01 1.5852985073e+02 1.1024228114e+00 4.8249006061e+03
8.7650000000e-01 1.5868755374e+02 1.1081639384e+00 4.8274030588e+03
8.7700000000e-01 1.5884524989e+02 1.1139175235e+00 4.8298921538e+03
8.7750000000e-01 1.5900297545e+02 1.1196854043e+00 4.8323847037e+03
8.7800000000e-01 1.5916075144e+02 1.1254691627e+00 4.8348972712e+03
8.7850000000e-01 1.5931861739e+02 1.1312703492e+00 4.8374442620e+03
8.7900000000e-01 1.5947661944e+02 1.1370901566e+00 4.8400366045e+03
8.7950000000e-01 1.5963477365e+02 1.1429292774e+00 4.8426809945e+03
8.8000000000e-01 1.5979308504e+02 1.1487879879e+00 4.8453790673e+03
8.8050000000e-01 1.5995157087e+02 1.1546658486e+00 4.8481270511e+03
8.8100000000e-01 1.6011022942e+02 1.1605621311e+00 4.8509164377e+03
8.8150000000e-01 1.6026902882e+02 1.1664754977e+00 4.8537349166e+03
8.8200000000e-01 1.6042794303e+02 1.1724044208e+00 4.8565672188e+03
8.8250000000e-01 1.6058695289e+02 1.1783471575e+00 4.8593966148e+03
8.8300000000e-01 1.6074601659e+02 1.1843019338e+00 4.8622068920e+03
8.8350000000e-01 1.6090508679e+02 1.1902672944e+00 4.8649837692e+03
8.8400000000e-01 1.6106414116e+02 1.1962419086e+00 4.8677159505e+03
8.8450000000e-01 1.6122316225e+02 1.2022250653e+00 4.8703964407e+03
8.8500000000e-01 1.6138212078e+02 1.2082163812e+00 4.8730234421e+03
8.8550000000e-01 1.6154100787e+02 1.2142161352e+00 4.8756001971e+03
8.8600000000e-01 1.6169984415e+02 1.2202250802e+00 4.8781345529e+03
8.8650000000e-01 1.6185864351e+02 1.2262443331e+00 4.8806385303e+03
8.8700000000e-01 1.6201741680e+02 1.2322754469e+00 4.8831271218e+03
8.8750000000e-01 1.6217620429e+02 1.2383199483e+00 4.8856165238e+03
8.8800000000e-01 1.6233505235e+02 1.2443796076e+00 4.8881227578e+03
8.8850000000e-01 1.6249398330e+02 1.2504558427e+00 4.8906603563e+03
8.8900000000e-01 1.6265302365e+02 1.2565498751e+00 4.8932406691e+03
8.8950000000e-01 1.6281221358e+02 1.2626624589e+00 4.8958706899e+03
8.9000000000e-01 1.6297156893e+02 1.2687938409e+00 4.8985527433e+03
8.9050000000e-01 1.6313108215e+02 1.2749438661e+00 4.9012842284e+03
8.9100000000e-01 1.6329075415e+02 1.2811116757e+00 4.9040575408e+03
8.9150000000e-01 1.6345058042e+02 1.2872961873e+00 4.9068609942e+03
8.9200000000e-01 1.6361052669e+02 1.2934958295e+00 4.9096802324e+03
8.9250000000e-01 1.6377055461e+02 1.2997089811e+00 4.9124993691e+03
8.9300000000e-01 1.6393064165e+02 1.3059339600e+00 4.9153023234e+03
8.9350000000e-01 1.6409075555e+02 1.3121691733e+00 4.9180746715e+03
8.9400000000e-01 1.6425085066e+02 1.3184134284e+00 4.9208051199e+03
8.9450000000e-01 1.6441090327e+02 1.3246657751e+00 4.9234862700e+03
8.9500000000e-01 1.6457090925e+02 1.3309259576e+00 4.9261153398e+03
8.9550000000e-01 1.6473085429e+02 1.3371940367e+00 4.9286947062e+03
8.9600000000e-01 1.6489073158e+02 1.3434706732e+00 4.9312315263e+03
8.9650000000e-01 1.6505056687e+02 1.3497569406e+00 4.9337368067e+03
8.9700000000e-01 1.6521038972e+02 1.3560541941e+00 4.9362245750e+03
8.9750000000e-01 1.6537021622e+02 1.3623640964e+00 4.9387106372e+03
8.9800000000e-01 1.6553007974e+02 1.3686881345e+00 4.9412107497e+03
8.9850000000e-01 1.6569002882e+02 1.3750278849e+00 4.9437391063e+03
8.9900000000e-01 1.6585009003e+02 1.3813844747e+00 4.9463073061e+03
8.9950000000e-01 1.6601027762e+02 1.3877587768e+00 4.9489230997e+03
9.0000000000e-01 1.6617061889e+02 1.3941511249e+00 4.9515893724e+03
9.0050000000e-01 1.6633112885e+02 1.4005613029e+00 4.9543041247e+03
9.0100000000e-01 1.6649179208e+02 1.4069887372e+00 4.9570608878e+03
9.0150000000e-01 1.6665259250e+02 1.4134322582e+00 4.9598490431e+03
9.0200000000e-01 1.6681352069e+02 1.4198905531e+00 4.9626547576e+03
9.0250000000e-01 1.6697454506e+02 1.4263619278e+00 4.9654626626e+03
9.0300000000e-01 1.6713561974e+02 1.4328447796e+00 4.9682573145e+03
9.0350000000e-01 1.6729671718e+02 1.4393375723e+00 4.9710243711e+03
9.0400000000e-01 1.6745781594e+02 1.4458389991e+00 4.9737521048e+03
9.0450000000e-01 1.6761887895e+02 1.4523482366e+00 4.9764327676e+03
9.0500000000e-01 1.6777988154e+02 1.4588647301e+00 4.9790630815e+03
9.0550000000e-01 1.6794082888e+02 1.4653886246e+00 4.9816444179e+03
9.0600000000e-01 1.6810172391e+02 1.4719204042e+00 4.9841829469e+03
9.0650000000e-01 1.6826256497e+02 1.4784610799e+00 4.9866890219e+03
9.0700000000e-01 1.6842337828e+02 1.4850119353e+00 4.9891758628e+03
9.0750000000e-01 1.6858420387e+02 1.4915744270e+00 4.9916584217e+03
9.0800000000e-01 1.6874506477e+02 1.4981502065e+00 4.9941521947e+03
9.0850000000e-01 1.6890598721e+02 1.5047406278e+00 4.9966714823e+03
9.0900000000e-01 1.6906701465e+02 1.5113470020e+00 4.9992278443e+03
9.0950000000e-01 1.6922817578e+02 1.5179700878e+00 5.0018292992e+03
9.1000000000e-01 1.6938947644e+02 1.5246103402e+00 5.0044796365e+03
9.1050000000e-01 1.6955092782e+02 1.5312676706e+00 5.0071777446e+03
9.1100000000e-01 1.6971254029e+02 1.5379414814e+00 5.0099177642e+03
9.1150000000e-01 1.6987429581e+02 1.5446308369e+00 5.0126899557e+03
9.1200000000e-01 1.7003616434e+02 1.5513343019e+00 5.0154815270e+03
9.1250000000e-01 1.7019812818e+02 1.5580504392e+00 5.0182776382e+03
9.1300000000e-01 1.7036016127e+02 1.5647775707e+00 5.0210630422e+03
9.1350000000e-01 1.7052221796e+02 1.5715142181e+00 5.0238236921e+03
9.1400000000e-01 1.7068426533e+02 1.5782590716e+00 5.0265478340e+03
9.1450000000e-01 1.7084628997e+02 1.5850111632e+00 5.0292270987e+03
9.1500000000e-01 1.7100826929e+02 1.5917700688e+00 5.0318575786e+03
9.1550000000e-01 1.7117018163e+02 1.5985356768e+00 5.0344400965e+03
9.1600000000e-01 1.7133203566e+02 1.6053085209e+00 5.0369798513e+03
9.1650000000e-01 1.7149385031e+02 1.6120894055e+00 5.0394861183e+03
9.1700000000e-01 1.7165563316e+02 1.6188796081e+00 5.0419715351e+03
9.1750000000e-01 1.7181740739e+02 1.6256805721e+00 5.0444505763e+03
9.1800000000e-01 1.7197921732e+02 1.6324937598e+00 5.0469380650e+03
9.1850000000e-01 1.7214109350e+02 1.6393206783e+00 5.0494480890e+03
9.1900000000e-01 1.7230305495e+02 1.6461624603e+00 5.0519926061e+03
9.1950000000e-01 1.7246513495e+02 1.6530200925e+00 5.0545799869e+03
9.2000000000e-01 1.7262736175e+02 1.6598939464e+00 5.0572143633e+03
9.2050000000e-01 1.7278973566e+02 1.6667840586e+00 5.0598954897e+03
9.2100000000e-01 1.7295225163e+02 1.6736899215e+00 5.0626185524e+03
9.2150000000e-01 1.7311491173e+02 1.6806105947e+00 5.0653745087e+03
9.2200000000e-01 1.7327769849e+02 1.6875448967e+00 5.0681512315e+03
9.2250000000e-01 1.7344057366e+02 1.6944912512e+00 5.0709347105e+03
9.2300000000e-01 1.7360350988e+02 1.7014481660e+00 5.0737101413e+03
9.2350000000e-01 1.7376648614e+02 1.7084140651e+00 5.0764634396e+03
9.2400000000e-01 1.7392946375e+02 1.7153877121e+00 5.0791828332e+03
9.2450000000e-01 1.7409240765e+02 1.7223681088e+00 5.0818597865e+03
9.2500000000e-01 1.7425530929e+02 1.7293546515e+00 5.0844896508e+03
9.2550000000e-01 1.7441816134e+02 1.7363473062e+00 5.0870723721e+03
9.2600000000e-01 1.7458094993e+02 1.7433463646e+00 5.0896125526e+03
9.2650000000e-01 1.7474368531e+02 1.7503527068e+00 5.0921186805e+03
9.2700000000e-01 1.7490639675e+02 1.7573673941e+00 5.0946023482e+03
9.2750000000e-01 1.7506910290e+02 1.7643918371e+00 5.0970774145e+03
9.2800000000e-01 1.7523182453e+02 1.7714274930e+00 5.0995585308e+03
9.2850000000e-01 1.7539460282e+02 1.7784757527e+00 5.1020594920e+03
9.2900000000e-01 1.7555747367e+02 1.7855379029e+00 5.1045921177e+03
9.2950000000e-01 1.7572045222e+02 1.7926147561e+00 5.1071652730e+03
9.3000000000e-01 1.7588355726e+02 1.7997069105e+00 5.1097837757e+03
9.3050000000e-01 1.7604681197e+02 1.8068143492e+00 5.1124478943e+03
9.3100000000e-01 1.7621021516e+02 1.8139367188e+00 5.1151535906e+03
9.3150000000e-01 1.7637374817e+02 1.8210731647e+00 5.1178928697e+03
9.3200000000e-01 1.7653740114e+02 1.8282224735e+00 5.1206543202e+03
9.3250000000e-01 1.7670115818e+02 1.8353832887e+00 5.1234243888e+03
9.3300000000e-01 1.7686497986e+02 1.8425540213e+00 5.1261888651e+03
9.3350000000e-01 1.7702883051e+02 1.8497332707e+00 5.1289340025e+03
9.3400000000e-01 1.7719269176e+02 1.8569196418e+00 5.1316477525e+03
9.3450000000e-01 1.7735653641e+02 1.8641121826e+00 5.1343212258e+03
9.3500000000e-01 1.7752033200e+02 1.8713102739e+00 5.1369495043e+03
9.3550000000e-01 1.7768407211e+02 1.8785137186e+00 5.1395318006e+03
9.3600000000e-01 1.7784776359e+02 1.8857228465e+00 5.1420716656e+03
9.3650000000e-01 1.7801140367e+02 1.8929382907e+00 5.1445768818e+03
9.3700000000e-01 1.7817500275e+02 1.9001611915e+00 5.1470584725e+03
9.3750000000e-01 1.7833859563e+02 1.9073927803e+00 5.1495294762e+03
9.3800000000e-01 1.7850221132e+02 1.9146345159e+00 5.1520039595e+03
9.3850000000e-01 1.7866586893e+02 1.9218877659e+00 5.1544956970e+03
9.3900000000e-01 1.7882960202e+02 1.9291537187e+00 5.1570165860e+03
9.3950000000e-01 1.7899344713e+02 1.9364333750e+00 5.1595755694e+03
9.4000000000e-01 1.7915741790e+02 1.9437272192e+00 5.1621780096e+03
9.4050000000e-01 1.7932151927e+02 1.9510354418e+00 5.1648250232e+03
9.4100000000e-01 1.7948576409e+02 1.9583576279e+00 5.1675132349e+03
9.4150000000e-01 1.7965015036e+02 1.9656930871e+00 5.1702353379e+03
9.4200000000e-01 1.7981465174e+02 1.9730407039e+00 5.1729808767e+03
9.4250000000e-01 1.7997924593e+02 1.9803990925e+00 5.1757369996e+03
9.4300000000e-01 1.8014391656e+02 1.9877668217e+00 5.1784897329e+03
9.4350000000e-01 1.8030862863e+02 1.9951423600e+00 5.1812255949e+03
9.4400000000e-01 1.8047334281e+02 2.0025244810e+00 5.1839327634e+03
9.4450000000e-01 1.8063804112e+02 2.0099120749e+00 5.1866019826e+03
9.4500000000e-01 1.8080270852e+02 2.0173045134e+00 5.1892276477e+03
9.4550000000e-01 1.8096732089e+02 2.0247015290e+00 5.1918084960e+03
9.4600000000e-01 1.8113187272e+02 2.0321033116e+00 5.1943474556e+03
9.4650000000e-01 1.8129638072e+02 2.0395105298e+00 5.1968512906e+03
9.4700000000e-01 1.8146085588e+02 2.0469240854e+00 5.1993302028e+03
9.4750000000e-01 1.8162530955e+02 2.0543452728e+00 5.2017968031e+03
9.4800000000e-01 1.8178977541e+02 2.0617753871e+00 5.2042646482e+03
9.4850000000e-01 1.8195429054e+02 2.0692158305e+00 5.2067470727e+03
9.4900000000e-01 1.8211887489e+02 2.0766678125e+00 5.2092560787e+03
9.4950000000e-01 1.8228355105e+02 2.0841322588e+00 5.2118009726e+03
9.5000000000e-01 1.8244835079e+02 2.0916098133e+00 5.2143873964e+03
9.5050000000e-01 1.8261328755e+02 2.0991005976e+00 5.2170170472e+03
9.5100000000e-01 1.8277835522e+02 2.1066044453e+00 5.2196875084e+03
9.5150000000e-01 1.8294355333e+02 2.1141206049e+00 5.2223922309e+03
9.5200000000e-01 1.8310887794e+02 2.1216480885e+00 5.2251213024e+03
9.5250000000e-01 1.8327430033e+02 2.1291856022e+00 5.2278626339e+03
9.5300000000e-01 1.8343978800e+02 2.1367317077e+00 5.2306029226e+03
9.5350000000e-01 1.8360532251e+02 2.1442850077e+00 5.2333287754e+03
9.5400000000e-01 1.8377087649e+02 2.1518441240e+00 5.2360282720e+03
9.5450000000e-01 1.8393641182e+02 2.1594080684e+00 5.2386921570e+03
9.5500000000e-01 1.8410191027e+02 2.1669760542e+00 5.2413144474e+03
9.5550000000e-01 1.8426736796e+02 2.1745478203e+00 5.2438930500e+03
9.5600000000e-01 1.8443277244e+02 2.1821234672e+00 5.2464301908e+03
9.5650000000e-01 1.8459812033e+02 2.1897035049e+00 5.2489320437e+03
9.5700000000e-01 1.8476343337e+02 2.1972888600e+00 5.2514079617e+03
9.5750000000e-01 1.8492873486e+02 2.2048806397e+00 5.2538697689e+03
9.5800000000e-01 1.8509403994e+02 2.2124802095e+00 5.2563306846e+03
9.5850000000e-01 1.8525937725e+02 2.2200888183e+00 5.2588038248e+03
9.5900000000e-01 1.8542478567e+02 2.2277077077e+00 5.2613009556e+03
9.5950000000e-01 1.8559028783e+02 2.2353378466e+00 5.2638315922e+03
9.6000000000e-01 1.8575589628e+02 2.2429798539e+00 5.2664019816e+03
9.6050000000e-01 1.8592163247e+02 2.2506340073e+00 5.2690143161e+03
9.6100000000e-01 1.8608750854e+02 2.2583000517e+00 5.2716667128e+03
9.6150000000e-01 1.8625351178e+02 2.2659774668e+00 5.2743535565e+03
9.6200000000e-01 1.8641962818e+02 2.2736652424e+00 5.2770658067e+03
9.6250000000e-01 1.8658584949e+02 2.2813621951e+00 5.2797918136e+03
9.6300000000e-01 1.8675214887e+02 2.2890669255e+00 5.2825187135e+03
9.6350000000e-01 1.8691848823e+02 2.2967780146e+00 5.2852336403e+03
9.6400000000e-01 1.8708484523e+02 2.3044942043e+00 5.2879247141e+03
9.6450000000e-01 1.8725120117e+02 2.3122143544e+00 5.2905823037e+03
9.6500000000e-01 1.8741752525e+02 2.3199377691e+00 5.2932001385e+03
9.6550000000e-01 1.8758379874e+02 2.3276640112e+00 5.2957757050e+03
9.6600000000e-01 1.8775002560e+02 2.3353931661e+00 5.2983103791e+03
9.6650000000e-01 1.8791620780e+02 2.3431256756e+00 5.3008095118e+03
9.6700000000e-01 1.8808234585e+02 2.3508623390e+00 5.3032819024e+03
9.6750000000e-01 1.8824846199e+02 2.3586042612e+00 5.3057387049e+03
9.6800000000e-01 1.8841458869e+02 2.3663526268e+00 5.3081924552e+03
9.6850000000e-01 1.8858074621e+02 2.3741087906e+00 5.3106560538e+03
9.6900000000e-01 1.8874695689e+02 2.3818738913e+00 5.3131413378e+03
9.6950000000e-01 1.8891325600e+02 2.3896489280e+00 5.3156578124e+03
9.7000000000e-01 1.8907966754e+02 2.3974345626e+00 5.3182119852e+03
9.7050000000e-01 1.8924619646e+02 2.4052310796e+00 5.3208067966e+03
9.7100000000e-01 1.8941285145e+02 2.4130384019e+00 5.3234410858e+03
9.7150000000e-01 1.8957964078e+02 2.4208559475e+00 5.3261097598e+03
9.7200000000e-01 1.8974654882e+02 2.4286829052e+00 5.3288045327e+03
9.7250000000e-01 1.8991355043e+02 2.4365180635e+00 5.3315146093e+03
9.7300000000e-01 1.9008063114e+02 2.4443601400e+00 5.3342275440e+03
9.7350000000e-01 1.9024776817e+02 2.4522077587e+00 5.3369306367e+03
9.7400000000e-01 1.9041492334e+02 2.4600596095e+00 5.3396122505e+03
9.7450000000e-01 1.9058207084e+02 2.4679146318e+00 5.3422627132e+03
9.7500000000e-01 1.9074919878e+02 2.4757719777e+00 5.3448752359e+03
9.7550000000e-01 1.9091628775e+02 2.4836312886e+00 5.3474467726e+03
9.7600000000e-01 1.9108332184e+02 2.4914924784e+00 5.3499782140e+03
9.7650000000e-01 1.9125030853e+02 2.4993559463e+00 5.3524741123e+03
9.7700000000e-01 1.9141726257e+02 2.5072224048e+00 5.3549423929e+03
9.7750000000e-01 1.9158419199e+02 2.5150928540e+00 5.3573937024e+03
9.7800000000e-01 1.9175111688e+02 2.5229685086e+00 5.3598401647e+03
9.7850000000e-01 1.9191807296e+02 2.5308505431e+00 5.3622941555e+03
9.7900000000e-01 1.9208508642e+02 2.5387401780e+00 5.3647673539e+03
9.7950000000e-01 1.9225217378e+02 2.5466383534e+00 5.3672695874e+03
9.8000000000e-01 1.9241936174e+02 2.5545457967e+00 5.3698076601e+03
9.8050000000e-01 1.9258667366e+02 2.5624628325e+00 5.3723848128e+03
9.8100000000e-01 1.9275410974e+02 2.5703893852e+00 5.3750006230e+03
9.8150000000e-01 1.9292166533e+02 2.5783250512e+00 5.3776508715e+03
9.8200000000e-01 1.9308934197e+02 2.5862689713e+00 5.3803278393e+03
9.8250000000e-01 1.9325712423e+02 2.5942201242e+00 5.3830212833e+03
9.8300000000e-01 1.9342498007e+02 2.6021771930e+00 5.3857194576e+03
9.8350000000e-01 1.9359288745e+02 2.6101388745e+00 5.3884100168e+03
9.8400000000e-01 1.9376082805e+02 2.6181038863e+00 5.3910812840e+03
9.8450000000e-01 1.9392876918e+02 2.6260711263e+00 5.3937235648e+03
9.8500000000e-01 1.9409668324e+02 2.6340398049e+00 5.3963299084e+03
9.8550000000e-01 1.9426456302e+02 2.6420093759e+00 5.3988966497e+03
9.8600000000e-01 1.9443240178e+02 2.6499798118e+00 5.4014239669e+03
9.8650000000e-01 1.9460018963e+02 2.6579513674e+00 5.4039158903e+03
9.8700000000e-01 1.9476793564e+02 2.6659247190e+00 5.4063796666e+03
9.8750000000e-01 1.9493566356e+02 2.6739007771e+00 5.4088251032e+03
9.8800000000e-01 1.9510338987e+02 2.6818806520e+00 5.4112638307e+03
9.8850000000e-01 1.9527113258e+02 2.6898655747e+00 5.4137080606e+03
9.8900000000e-01 1.9543892546e+02 2.6978566365e+00 5.4161692304e+03
9.8950000000e-01 1.9560679839e+02 2.7058548703e+00 5.4186570827e+03
9.9000000000e-01 1.9577476411e+02 2.7138609474e+00 5.4211788435e+03
9.9050000000e-01 1.9594283812e+02 2.7218752749e+00 5.4237383241e+03
9.9100000000e-01 1.9611103940e+02 2.7298978527e+00 5.4263355348e+03
9.9150000000e-01 1.9627936597e+02 2.7379282839e+00 5.4289669091e+03
9.9200000000e-01 1.9644780238e+02 2.7459658710e+00 5.4316255997e+03
9.9250000000e-01 1.9661634076e+02 2.7540095353e+00 5.4343019621e+03
9.9300000000e-01 1.9678496646e+02 2.7620581291e+00 5.4369846308e+03
9.9350000000e-01 1.9695364645e+02 2.7701103151e+00 5.4396617375e+03
9.9400000000e-01 1.9712235232e+02 2.7781648648e+00 5.4423218680e+03
9.9450000000e-01 1.9729106790e+02 2.7862206578e+00 5.4449551090e+03
9.9500000000e-01 1.9745977001e+02 2.7942768276e+00 5.4475542148e+03
9.9550000000e-01 1.9762843347e+02 2.8023328978e+00 5.4501152617e+03
9.9600000000e-01 1.9779705287e+02 2.8103886539e+00 5.4526378064e+03
9.9650000000e-01 1.9796563326e+02 2.8184443666e+00 5.4551250246e+03
9.9700000000e-01 1.9813417394e+02 2.8265005604e+00 5.4575835752e+03
9.9750000000e-01 1.9830268411e+02 2.8345581359e+00 5.4600227757e+03
9.9800000000e-01 1.9847119217e+02 2.8426181308e+00 5.4624535765e+03
9.9850000000e-01 1.9863972293e+02 2.8506816732e+00 5.4648877185e+03
9.9900000000e-01 1.9880829275e+02 2.8587499184e+00 5.4673366370e+03
9.9950000000e-01 1.9897692928e+02 2.8668237899e+00 5.4698101417e+03
1.0000000000e+00 1.9914566290e+02 2.8749040738e+00 5.4723155245e+03
1.0005000000e+00 1.9931450450e+02 2.8829911488e+00 5.4748570640e+03
1.0010000000e+00 1.9948345803e+02 2.8910850935e+00 5.4774354869e+03
1.0015000000e+00 1.9965253437e+02 2.8991855745e+00 5.4800477784e+03
1.0020000000e+00 1.9982173060e+02 2.9072919154e+00 5.4826876713e+03
1.0025000000e+00 1.9999102445e+02 2.9154032103e+00 5.4853463102e+03
1.0030000000e+00 2.0016039811e+02 2.9235182390e+00 5.4880128951e+03
1.0035000000e+00 2.0032983697e+02 2.9316357978e+00 5.4906757689e+03
1.0040000000e+00 2.0049931122e+02 2.9397546144e+00 5.4933237422e+03
1.0045000000e+00 2.0066878946e+02 2.9478736215e+00 5.4959470492e+03
1.0050000000e+00 2.0083825653e+02 2.9559919294e+00 5.4985381262e+03
1.0055000000e+00 2.0100769913e+02 2.9641089508e+00 5.5010925046e+03
1.0060000000e+00 2.0117709860e+02 2.9722245202e+00 5.5036093309e+03
1.0065000000e+00 2.0134645104e+02 2.9803387392e+00 5.5060912339e+03
1.0070000000e+00 2.0151576971e+02 2.9884521643e+00 5.5085440354e+03
1.0075000000e+00 2.0168506451e+02 2.9965655326e+00 5.5109763804e+03
1.0080000000e+00 2.0185434583e+02 3.0046798726e+00 5.5133988593e+03
1.0085000000e+00 2.0202364147e+02 3.0127962672e+00 5.5158227962e+03
1.0090000000e+00 2.0219298229e+02 3.0209157949e+00 5.5182592681e+03
1.0095000000e+00 2.0236238501e+02 3.0290394564e+00 5.5207181739e+03
1.0100000000e+00 2.0253186855e+02 3.0371679450e+00 5.5232071226e+03
1.0105000000e+00 2.0270145918e+02 3.0453017555e+00 5.5257306400e+03
1.0110000000e+00 2.0287116717e+02 3.0534409490e+00 5.5282899386e+03
1.0115000000e+00 2.0304098736e+02 3.0615852995e+00 5.5308827948e+03
1.0120000000e+00 2.0321091967e+02 3.0697341881e+00 5.5335035752e+03
1.0125000000e+00 2.0338095948e+02 3.0778866958e+00 5.5361438906e+03
1.0130000000e+00 2.0355108251e+02 3.0860417672e+00 5.5387935725e+03
1.0135000000e+00 2.0372126263e+02 3.0941981431e+00 5.5414414940e+03
1.0140000000e+00 2.0389148355e+02 3.1023546551e+00 5.5440765348e+03
1.0145000000e+00 2.0406172191e+02 3.1105101487e+00 5.5466888608e+03
1.0150000000e+00 2.0423194733e+02 3.1186637722e+00 5.5492708943e+03
1.0155000000e+00 2.0440214459e+02 3.1268149108e+00 5.5518178261e+03
1.0160000000e+00 2.0457230988e+02 3.1349632748e+00 5.5543281114e+03
1.0165000000e+00 2.0474243401e+02 3.1431089946e+00 5.5568038017e+03
1.0170000000e+00 2.0491251468e+02 3.1512524460e+00 5.5592502215e+03
1.0175000000e+00 2.0508256988e+02 3.1593943985e+00 5.5616753061e+03
1.0180000000e+00 2.0525261948e+02 3.1675357366e+00 5.5640889953e+03
1.0185000000e+00 2.0542267626e+02 3.1756775493e+00 5.5665023388e+03
1.0190000000e+00 2.0559276436e+02 3.1838208681e+00 5.5689262376e+03
1.0195000000e+00 2.0576291626e+02 3.1919666322e+00 5.5713704094e+03
1.0200000000e+00 2.0593315006e+02 3.2001156415e+00 5.5738426462e+03
1.0205000000e+00 2.0610347631e+02 3.2082683282e+00 5.5763479709e+03
1.0210000000e+00 2.0627391319e+02 3.2164248777e+00 5.5788880137e+03
1.0215000000e+00 2.0644446940e+02 3.2245850409e+00 5.5814610233e+03
1.0220000000e+00 2.0661513401e+02 3.2327483178e+00 5.5840621384e+03
1.0225000000e+00 2.0678589612e+02 3.2409138677e+00 5.5866836673e+03
1.0230000000e+00 2.0695674758e+02 3.2490806192e+00 5.5893158187e+03
1.0235000000e+00 2.0712766524e+02 3.2572474389e+00 5.5919478467e+03
1.0240000000e+00 2.0729861864e+02 3.2654130927e+00 5.5945690424e+03
1.0245000000e+00 2.0746958872e+02 3.2735765387e+00 5.5971695878e+03
1.0250000000e+00 2.0764055900e+02 3.2817368154e+00 5.5997415996e+03
1.0255000000e+00 2.0781150501e+02 3.2898933169e+00 5.6022800190e+03
1.0260000000e+00 2.0798241168e+02 3.2980457118e+00 5.6047829414e+03
1.0265000000e+00 2.0815328179e+02 3.3061940082e+00 5.6072517130e+03
1.0270000000e+00 2.0832411762e+02 3.3143386015e+00 5.6096909653e+03
1.0275000000e+00 2.0849492025e+02 3.3224800923e+00 5.6121081684e+03
1.0280000000e+00 2.0866570828e+02 3.3306193957e+00 5.6145127189e+03
1.0285000000e+00 2.0883650892e+02 3.3387574510e+00 5.6169151055e+03
1.0290000000e+00 2.0900733898e+02 3.3468953253e+00 5.6193260490e+03
1.0295000000e+00 2.0917821730e+02 3.3550339432e+00 5.6217553287e+03
1.0300000000e+00 2.0934917329e+02 3.3631740429e+00 5.6242107411e+03
1.0305000000e+00 2.0952022606e+02 3.3713161539e+00 5.6266975460e+03
1.0310000000e+00 2.0969137963e+02 3.3794604315e+00 5.6292179970e+03
1.0315000000e+00 2.0986264152e+02 3.3876067724e+00 5.6317709287e+03
1.0320000000e+00 2.1003401732e+02 3.3957546375e+00 5.6343519264e+03
1.0325000000e+00 2.1020549348e+02 3.4039032915e+00 5.6369539451e+03
1.0330000000e+00 2.1037704978e+02 3.4120517340e+00 5.6395678851e+03
1.0335000000e+00 2.1054867329e+02 3.4201988167e+00 5.6421833311e+03
1.0340000000e+00 2.1072034422e+02 3.4283434083e+00 5.6447897210e+03
1.0345000000e+00 2.1089203162e+02 3.4364843761e+00 5.6473774331e+03
1.0350000000e+00 2.1106371406e+02 3.4446208438e+00 5.6499385325e+03
1.0355000000e+00 2.1123538114e+02 3.4527520843e+00 5.6524675267e+03
1.0360000000e+00 2.1140701724e+02 3.4608777715e+00 5.6549620626e+03
1.0365000000e+00 2.1157860960e+02 3.4689978534e+00 5.6574230692e+03
1.0370000000e+00 2.1175016469e+02 3.4771125960e+00 5.6598545190e+03
1.0375000000e+00 2.1192169496e+02 3.4852226111e+00 5.6622631645e+03
1.0380000000e+00 2.1209320725e+02 3.4933286649e+00 5.6646579725e+03
1.0385000000e+00 2.1226471882e+02 3.5014317484e+00 5.6670490827e+03
1.0390000000e+00 2.1243625955e+02 3.5095327828e+00 5.6694468004e+03
1.0395000000e+00 2.1260785051e+02 3.5176327286e+00 5.6718607928e+03
1.0400000000e+00 2.1277950580e+02 3.5257323359e+00 5.6742991160e+03
1.0405000000e+00 2.1295124796e+02 3.5338321153e+00 5.6767672722e+03
1.0410000000e+00 2.1312309499e+02 3.5419323086e+00 5.6792677905e+03
1.0415000000e+00 2.1329504681e+02 3.5500327747e+00 5.6818001298e+03
1.0420000000e+00 2.1346710024e+02 3.5581331394e+00 5.6843605871e+03
1.0425000000e+00 2.1363925517e+02 3.5662326358e+00 5.6869425894e+03
1.0430000000e+00 2.1381149787e+02 3.5743303522e+00 5.6895375028e+03
1.0435000000e+00 2.1398380260e+02 3.5824251884e+00 5.6921354838e+03
1.0440000000e+00 2.1415615044e+02 3.5905159955e+00 5.6947262598e+03
1.0445000000e+00 2.1432852523e+02 3.5986017121e+00 5.6973001723e+03
1.0450000000e+00 2.1450090051e+02 3.6066813665e+00 5.6998492511e+03
1.0455000000e+00 2.1467325352e+02 3.6147542998e+00 5.7023678618e+03
1.0460000000e+00 2.1484557795e+02 3.6228200342e+00 5.7048531395e+03
1.0465000000e+00 2.1501786871e+02 3.6308785013e+00 5.7073054162e+03
1.0470000000e+00 2.1519011783e+02 3.6389299155e+00 5.7097282193e+03
1.0475000000e+00 2.1536233318e+02 3.6469747644e+00 5.7121277341e+03
1.0480000000e+00 2.1553453486e+02 3.6550137942e+00 5.7145122396e+03
1.0485000000e+00 2.1570673635e+02 3.6630478487e+00 5.7168914800e+03
1.0490000000e+00 2.1587895305e+02 3.6710779207e+00 5.7192756178e+03
1.0495000000e+00 2.1605121339e+02 3.6791048372e+00 5.7216741143e+03
1.0500000000e+00 2.1622354125e+02 3.6871293796e+00 5.7240949813e+03
1.0505000000e+00 2.1639594719e+02 3.6951520637e+00 5.7265440873e+03
1.0510000000e+00 2.1656844465e+02 3.7031731319e+00 5.7290244208e+03
1.0515000000e+00 2.1674104808e+02 3.7111925331e+00 5.7315358066e+03
1.0520000000e+00 2.1691375513e+02 3.7192098537e+00 5.7340751016e+03
1.0525000000e+00 2.1708655355e+02 3.7272244715e+00 5.7366364481e+03
1.0530000000e+00 2.1725943598e+02 3.7352354349e+00 5.7392117048e+03
1.0535000000e+00 2.1743238923e+02 3.7432417242e+00 5.7417913509e+03
1.0540000000e+00 2.1760538623e+02 3.7512422162e+00 5.7443654944e+03
1.0545000000e+00 2.1777840333e+02 3.7592358202e+00 5.7469246815e+03
1.0550000000e+00 2.1795142655e+02 3.7672215977e+00 5.7494607692e+03
1.0555000000e+00 2.1812443680e+02 3.7751987753e+00 5.7519678708e+03
1.0560000000e+00 2.1829741345e+02 3.7831669332e+00 5.7544428826e+03
1.0565000000e+00 2.1847035228e+02 3.7911258507e+00 5.7568856183e+03
1.0570000000e+00 2.1864325757e+02 3.7990756916e+00 5.7592989072e+03
1.0575000000e+00 2.1881612883e+02 3.8070168721e+00 5.7616884440e+03
1.0580000000e+00 2.1898897446e+02 3.8149500435e+00 5.7640620889e+03
1.0585000000e+00 2.1916181817e+02 3.8228760303e+00 5.7664290257e+03
1.0590000000e+00 2.1933468000e+02 3.8307956646e+00 5.7687990440e+03
1.0595000000e+00 2.1950757410e+02 3.8387098464e+00 5.7711816105e+03
1.0600000000e+00 2.1968052384e+02 3.8466192517e+00 5.7735847884e+03
1.0605000000e+00 2.1985355323e+02 3.8545244312e+00 5.7760145115e+03
1.0610000000e+00 2.2002667112e+02 3.8624256267e+00 5.7784741690e+03
1.0615000000e+00 2.2019988135e+02 3.8703227996e+00 5.7809641809e+03
1.0620000000e+00 2.2037319179e+02 3.8782156110e+00 5.7834818673e+03
1.0625000000e+00 2.2054659918e+02 3.8861033971e+00 5.7860218554e+03
1.0630000000e+00 2.2072008543e+02 3.8939853443e+00 5.7885766502e+03
1.0635000000e+00 2.2089363513e+02 3.9018603776e+00 5.7911371969e+03
1.0640000000e+00 2.2106723542e+02 3.9097274128e+00 5.7936937839e+03
1.0645000000e+00 2.2124086171e+02 3.9175853611e+00 5.7962371350e+03
1.0650000000e+00 2.2141448788e+02 3.9254332520e+00 5.7987592115e+03
1.0655000000e+00 2.2158810119e+02 3.9332703071e+00 5.8012538554e+03
1.0660000000e+00 2.2176169081e+02 3.9410959544e+00 5.8037175175e+03
1.0665000000e+00 2.2193524127e+02 3.9489100050e+00 5.8061496662e+03
1.0670000000e+00 2.2210874987e+02 3.9567124710e+00 5.8085526578e+03
1.0675000000e+00 2.2228222794e+02 3.9645037044e+00 5.8109314914e+03
1.0680000000e+00 2.2245568334e+02 3.9722842575e+00 5.8132934884e+03
1.0685000000e+00 2.2262912540e+02 3.9800548584e+00 5.8156475310e+03
1.0690000000e+00 2.2280257780e+02 3.9878163252e+00 5.8180030547e+03
1.0695000000e+00 2.2297606519e+02 3.9955694100e+00 5.8203692459e+03
1.0700000000e+00 2.2314960156e+02 4.0033148485e+00 5.8227542532e+03
1.0705000000e+00 2.2332320338e+02 4.0110530953e+00 5.8251642704e+03
1.0710000000e+00 2.2349689137e+02 4.0187844299e+00 5.8276029055e+03
1.0715000000e+00 2.2367067331e+02 4.0265088087e+00 5.8300709923e+03
1.0720000000e+00 2.2384454545e+02 4.0342259107e+00 5.8325664949e+03
1.0725000000e+00 2.2401850702e+02 4.0419351358e+00 5.8350845729e+03
1.0730000000e+00 2.2419255314e+02 4.0496356059e+00 5.8376181327e+03
1.0735000000e+00 2.2436666386e+02 4.0573263581e+00 5.8401586296e+03
1.0740000000e+00 2.2454081728e+02 4.0650062607e+00 5.8426967748e+03
1.0745000000e+00 2.2471499928e+02 4.0726742352e+00 5.8452233550e+03
1.0750000000e+00 2.2488919046e+02 4.0803292615e+00 5.8477302744e+03
1.0755000000e+00 2.2506336576e+02 4.0879705179e+00 5.8502113496e+03
1.0760000000e+00 2.2523751271e+02 4.0955974241e+00 5.8526627351e+03
1.0765000000e+00 2.2541162823e+02 4.1032096152e+00 5.8550833237e+03
1.0770000000e+00 2.2558570468e+02 4.1108070983e+00 5.8574749977e+03
1.0775000000e+00 2.2575974089e+02 4.1183900802e+00 5.8598423397e+03
1.0780000000e+00 2.2593375221e+02 4.1259590476e+00 5.8621920744e+03
1.0785000000e+00 2.2610775456e+02 4.1335146206e+00 5.8645325522e+03
1.0790000000e+00 2.2628175914e+02 4.1410575285e+00 5.8668729901e+03
1.0795000000e+00 2.2645578663e+02 4.1485885093e+00 5.8692224291e+03
1.0800000000e+00 2.2662986314e+02 4.1561081547e+00 5.8715888780e+03
1.0805000000e+00 2.2680400349e+02 4.1636169827e+00 5.8739786921e+03
1.0810000000e+00 2.2697821699e+02 4.1711151969e+00 5.8763958891e+03
1.0815000000e+00 2.2715251791e+02 4.1786027796e+00 5.8788416570e+03
1.0820000000e+00 2.2732691277e+02 4.1860793894e+00 5.8813143685e+03
1.0825000000e+00 2.2750139265e+02 4.1935444479e+00 5.8838098169e+03
1.0830000000e+00 2.2767594798e+02 4.2009971382e+00 5.8863214745e+03
1.0835000000e+00 2.2785057138e+02 4.2084364137e+00 5.8888411171e+03
1.0840000000e+00 2.2802524352e+02 4.2158612142e+00 5.8913597776e+03
1.0845000000e+00 2.2819993892e+02 4.2232704036e+00 5.8938685675e+03
1.0850000000e+00 2.2837464182e+02 4.2306629643e+00 5.8963593886e+03
1.0855000000e+00 2.2854933839e+02 4.2380379952e+00 5.8988258069e+03
1.0860000000e+00 2.2872400818e+02 4.2453948406e+00 5.9012637700e+03
1.0865000000e+00 2.2889863949e+02 4.2527331136e+00 5.9036718574e+03
1.0870000000e+00 2.2907323484e+02 4.2600526515e+00 5.9060513603e+03
1.0875000000e+00 2.2924779565e+02 4.2673536327e+00 5.9084062933e+03
1.0880000000e+00 2.2942232374e+02 4.2746364005e+00 5.9107429917e+03
1.0885000000e+00 2.2959683527e+02 4.2819015141e+00 5.9130693548e+03
1.0890000000e+00 2.2977135202e+02 4.2891495976e+00 5.9153941491e+03
1.0895000000e+00 2.2994588825e+02 4.2963813094e+00 5.9177262668e+03
1.0900000000e+00 2.3012046041e+02 4.3035972521e+00 5.9200737644e+03
1.0905000000e+00 2.3029509209e+02 4.3107978120e+00 5.9224430196e+03
1.0910000000e+00 2.3046979869e+02 4.3179832433e+00 5.9248382609e+03
1.0915000000e+00 2.3064458402e+02 4.3251534834e+00 5.9272611840e+03
1.0920000000e+00 2.3081945373e+02 4.3323082417e+00 5.9297106484e+03
1.0925000000e+00 2.3099441165e+02 4.3394469077e+00 5.9321828313e+03
1.0930000000e+00 2.3116944658e+02 4.3465686735e+00 5.9346717424e+03
1.0935000000e+00 2.3134454146e+02 4.3536725712e+00 5.9371697211e+03
1.0940000000e+00 2.3151968511e+02 4.3607574649e+00 5.9396680673e+03
1.0945000000e+00 2.3169486090e+02 4.3678222623e+00 5.9421580124e+03
1.0950000000e+00 2.3187004311e+02 4.3748658818e+00 5.9446316204e+03
1.0955000000e+00 2.3204521422e+02 4.3818874248e+00 5.9470824024e+03
1.0960000000e+00 2.3222036564e+02 4.3888861484e+00 5.9495059350e+03
1.0965000000e+00 2.3239548420e+02 4.3958615845e+00 5.9519004271e+03
1.0970000000e+00 2.3257056009e+02 4.4028135486e+00 5.9542668200e+03
1.0975000000e+00 2.3274559923e+02 4.4097420531e+00 5.9566085750e+03
1.0980000000e+00 2.3292061155e+02 4.4166474098e+00 5.9589314403e+03
1.0985000000e+00 2.3309560322e+02 4.4235300603e+00 5.9612429598e+03
1.0990000000e+00 2.3327058943e+02 4.4303905874e+00 5.9635516030e+03
1.0995000000e+00 2.3344559445e+02 4.4372295558e+00 5.9658659347e+03
1.1000000000e+00 2.3362063568e+02 4.4440475019e+00 5.9681939341e+03
1.1005000000e+00 2.3379572543e+02 4.4508448569e+00 5.9705421851e+03
1.1010000000e+00 2.3397088191e+02 4.4576217829e+00 5.9729151190e+03
1.1015000000e+00 2.3414611949e+02 4.4643782702e+00 5.9753146825e+03
1.1020000000e+00 2.3432143819e+02 4.4711139958e+00 5.9777402555e+03
1.1025000000e+00 2.3449683507e+02 4.4778284290e+00 5.9801885948e+03
1.1030000000e+00 2.3467230950e+02 4.4845207565e+00 5.9826541038e+03
1.1035000000e+00 2.3484784972e+02 4.4911900095e+00 5.9851295135e+03
1.1040000000e+00 2.3502343422e+02 4.4978351321e+00 5.9876065916e+03
1.1045000000e+00 2.3519904740e+02 4.5044549778e+00 5.9900767997e+03
1.1050000000e+00 2.3537467551e+02 4.5110485065e+00 5.9925321675e+03
1.1055000000e+00 2.3555029635e+02 4.5176147528e+00 5.9949661706e+03
1.1060000000e+00 2.3572589179e+02 4.5241529871e+00 5.9973742584e+03
1.1065000000e+00 2.3590145680e+02 4.5306626633e+00 5.9997542133e+03
1.1070000000e+00 2.3607698674e+02 4.5371435129e+00 6.0021064823e+03
1.1075000000e+00 2.3625247586e+02 4.5435955523e+00 6.0044341477e+03
1.1080000000e+00 2.3642793142e+02 4.5500189639e+00 6.0067424840e+03
1.1085000000e+00 2.3660336958e+02 4.5564141613e+00 6.0090384794e+03
1.1090000000e+00 2.3677880197e+02 4.5627816339e+00 6.0113302803e+03
1.1095000000e+00 2.3695424217e+02 4.5691219615e+00 6.0136263255e+03
1.1100000000e+00 2.3712971325e+02 4.5754356302e+00 6.0159344321e+03
1.1105000000e+00 2.3730523483e+02 4.5817230199e+00 6.0182611646e+03
1.1110000000e+00 2.3748081609e+02 4.5879843771e+00 6.0206112619e+03
1.1115000000e+00 2.3765646777e+02 4.5942196586e+00 6.0229870495e+03
1.1120000000e+00 2.3783220135e+02 4.6004286237e+00 6.0253882151e+03
1.1125000000e+00 2.3800801473e+02 4.6066107319e+00 6.0278119879e+03
1.1130000000e+00 2.3818389742e+02 4.6127652797e+00 6.0302533641e+03
1.1135000000e+00 2.3835984313e+02 4.6188913243e+00 6.0327054760e+03
1.1140000000e+00 2.3853584054e+02 4.6249878246e+00 6.0351603555e+03
1.1145000000e+00 2.3871186679e+02 4.6310537309e+00 6.0376097788e+03
1.1150000000e+00 2.3888790268e+02 4.6370879693e+00 6.0400459339e+03
1.1155000000e+00 2.3906393662e+02 4.6430896233e+00 6.0424621478e+03
1.1160000000e+00 2.3923995229e+02 4.6490579088e+00 6.0448536620e+03
1.1165000000e+00 2.3941593333e+02 4.6549923179e+00 6.0472180462e+03
1.1170000000e+00 2.3959187683e+02 4.6608925304e+00 6.0495553087e+03
1.1175000000e+00 2.3976778589e+02 4.6667584877e+00 6.0518679668e+03
1.1180000000e+00 2.3994366068e+02 4.6725903967e+00 6.0541608879e+03
1.1185000000e+00 2.4011950907e+02 4.6783885944e+00 6.0564406971e+03
1.1190000000e+00 2.4029535039e+02 4.6841535806e+00 6.0587150881e+03
1.1195000000e+00 2.4047120128e+02 4.6898858604e+00 6.0609922083e+03
1.1200000000e+00 2.4064707418e+02 4.6955859739e+00 6.0632798756e+03
1.1205000000e+00 2.4082298824e+02 4.7012543163e+00 6.0655846977e+03
1.1210000000e+00 2.4099896293e+02 4.7068911191e+00 6.0679114820e+03
1.1215000000e+00 2.4117500561e+02 4.7124964466e+00 6.0702628912e+03
1.1220000000e+00 2.4135111938e+02 4.7180700735e+00 6.0726391078e+03
1.1225000000e+00 2.4152731030e+02 4.7236115845e+00 6.0750377482e+03
1.1230000000e+00 2.4170357519e+02 4.7291202859e+00 6.0774542107e+03
1.1235000000e+00 2.4187989878e+02 4.7345953750e+00 6.0798821591e+03
1.1240000000e+00 2.4205626840e+02 4.7400358719e+00 6.0823140090e+03
1.1245000000e+00 2.4223267292e+02 4.7454407513e+00 6.0847416840e+03
1.1250000000e+00 2.4240909156e+02 4.7508090490e+00 6.0871575130e+03
1.1255000000e+00 2.4258550320e+02 4.7561398545e+00 6.0895548968e+03
1.1260000000e+00 2.4276189740e+02 4.7614324506e+00 6.0919288459e+03
1.1265000000e+00 2.4293826477e+02 4.7666862735e+00 6.0942765658e+03
1.1270000000e+00 2.4311459315e+02 4.7719010697e+00 6.0965977716e+03
1.1275000000e+00 2.4329088098e+02 4.7770767747e+00 6.0988945751e+03
1.1280000000e+00 2.4346713731e+02 4.7822135408e+00 6.1011712727e+03
1.1285000000e+00 2.4364336906e+02 4.7873117441e+00 6.1034340545e+03
1.1290000000e+00 2.4381958474e+02 4.7923718547e+00 6.1056903603e+03
1.1295000000e+00 2.4399580378e+02 4.7973944362e+00 6.1079480431e+03
1.1300000000e+00 2.4417204653e+02 4.8023799858e+00 6.1102147009e+03
1.1305000000e+00 2.4434832489e+02 4.8073289860e+00 6.1124970213e+03
1.1310000000e+00 2.4452465238e+02 4.8122417295e+00 6.1148000285e+03
1.1315000000e+00 2.4470104589e+02 4.8171183064e+00 6.1171265720e+03
1.1320000000e+00 2.4487751152e+02 4.8219586266e+00 6.1194771842e+03
1.1325000000e+00 2.4505404583e+02 4.8267623258e+00 6.1218500144e+03
1.1330000000e+00 2.4523064816e+02 4.8315288654e+00 6.1242409006e+03
1.1335000000e+00 2.4540731390e+02 4.8362574666e+00 6.1266438439e+03
1.1340000000e+00 2.4558402591e+02 4.8409473042e+00 6.1290516794e+03
1.1345000000e+00 2.4576076641e+02 4.8455974431e+00 6.1314566649e+03
1.1350000000e+00 2.4593752351e+02 4.8502069549e+00 6.1338511802e+03
1.1355000000e+00 2.4611428045e+02 4.8547750267e+00 6.1362285847e+03
1.1360000000e+00 2.4629101709e+02 4.8593009614e+00 6.1385838517e+03
1.1365000000e+00 2.4646772354e+02 4.8637842915e+00 6.1409139266e+03
1.1370000000e+00 2.4664439671e+02 4.8682247065e+00 6.1432180559e+03
1.1375000000e+00 2.4682103075e+02 4.8726222010e+00 6.1454979601e+03
1.1380000000e+00 2.4699762560e+02 4.8769769497e+00 6.1477575789e+03
1.1385000000e+00 2.4717419367e+02 4.8812893062e+00 6.1500026116e+03
1.1390000000e+00 2.4735074825e+02 4.8855597798e+00 6.1522400654e+03
1.1395000000e+00 2.4752729930e+02 4.8897889253e+00 6.1544776142e+03
1.1400000000e+00 2.4770386388e+02 4.8939773365e+00 6.1567227409e+03
1.1405000000e+00 2.4788046339e+02 4.8981254719e+00 6.1589820259e+03
1.1410000000e+00 2.4805711009e+02 4.9022337291e+00 6.1612606306e+03
1.1415000000e+00 2.4823381158e+02 4.9063022938e+00 6.1635617481e+03
1.1420000000e+00 2.4841057943e+02 4.9103311268e+00 6.1658862107e+03
1.1425000000e+00 2.4858741853e+02 4.9143199964e+00 6.1682325107e+03
1.1430000000e+00 2.4876432105e+02 4.9182684399e+00 6.1705970098e+03
1.1435000000e+00 2.4894127908e+02 4.9221758575e+00 6.1729741710e+03
1.1440000000e+00 2.4911828603e+02 4.9260414426e+00 6.1753570945e+03
1.1445000000e+00 2.4929532523e+02 4.9298644013e+00 6.1777383090e+03
1.1450000000e+00 2.4947237591e+02 4.9336439084e+00 6.1801104504e+03
1.1455000000e+00 2.4964942501e+02 4.9373791961e+00 6.1824668608e+03
1.1460000000e+00 2.4982646050e+02 4.9410696425e+00 6.1848023113e+03
1.1465000000e+00 2.5000346586e+02 4.9447147894e+00 6.1871135748e+03
1.1470000000e+00 2.5018043198e+02 4.9483144308e+00 6.1893996227e+03
1.1475000000e+00 2.5035736065e+02 4.9518685069e+00 6.1916616839e+03
1.1480000000e+00 2.5053425329e+02 4.9553772421e+00 6.1939032353e+03
1.1485000000e+00 2.5071111206e+02 4.9588410122e+00 6.1961296499e+03
1.1490000000e+00 2.5088795040e+02 4.9622603227e+00 6.1983475621e+03
1.1495000000e+00 2.5106478633e+02 4.9656357686e+00 6.2005642821e+03
1.1500000000e+00 2.5124163182e+02 4.9689679421e+00 6.2027871736e+03
1.1505000000e+00 2.5141850056e+02 4.9722574165e+00 6.2050228573e+03
1.1510000000e+00 2.5159541199e+02 4.9755045771e+00 6.2072765240e+03
1.1515000000e+00 2.5177237841e+02 4.9787097092e+00 6.2095515517e+03
1.1520000000e+00 2.5194940270e+02 4.9818728786e+00 6.2118491897e+03
1.1525000000e+00 2.5212648956e+02 4.9849939277e+00 6.2141683319e+03
1.1530000000e+00 2.5230364145e+02 4.9880725074e+00 6.2165056673e+03
1.1535000000e+00 2.5248084846e+02 4.9911080749e+00 6.2188561070e+03
1.1540000000e+00 2.5265809668e+02 4.9941000092e+00 6.2212132036e+03
1.1545000000e+00 2.5283537647e+02 4.9970475341e+00 6.2235697017e+03
1.1550000000e+00 2.5301267325e+02 4.9999499264e+00 6.2259183411e+03
1.1555000000e+00 2.5318996611e+02 5.0028064964e+00 6.2282525901e+03
1.1560000000e+00 2.5336724078e+02 5.0056166719e+00 6.2305671609e+03
1.1565000000e+00 2.5354448957e+02 5.0083800431e+00 6.2328585180e+03
1.1570000000e+00 2.5372170187e+02 5.0110963835e+00 6.2351253240e+03
1.1575000000e+00 2.5389887021e+02 5.0137657305e+00 6.2373685116e+03
1.1580000000e+00 2.5407599937e+02 5.0163882487e+00 6.2395911004e+03
1.1585000000e+00 2.5425309764e+02 5.0189643424e+00 6.2417979796e+03
1.1590000000e+00 2.5443017065e+02 5.0214945340e+00 6.2439954891e+03
1.1595000000e+00 2.5460723102e+02 5.0239794293e+00 6.2461906967e+03
1.1600000000e+00 2.5478429886e+02 5.0264196454e+00 6.2483907038e+03
1.1605000000e+00 2.5496138847e+02 5.0288157493e+00 6.2506020745e+03
1.1610000000e+00 2.5513850996e+02 5.0311682542e+00 6.2528301724e+03
1.1615000000e+00 2.5531567836e+02 5.0334774444e+00 6.2550785444e+03
1.1620000000e+00 2.5549290504e+02 5.0357434662e+00 6.2573486594e+03
1.1625000000e+00 2.5567018948e+02 5.0379662576e+00 6.2596398491e+03
1.1630000000e+00 2.5584752930e+02 5.0401455571e+00 6.2619492724e+03
1.1635000000e+00 2.5602492345e+02 5.0422809239e+00 6.2642721637e+03
1.1640000000e+00 2.5620236135e+02 5.0443717671e+00 6.2666024098e+03
1.1645000000e+00 2.5637982534e+02 5.0464174759e+00 6.2689331345e+03
1.1650000000e+00 2.5655730247e+02 5.0484173418e+00 6.2712572535e+03
1.1655000000e+00 2.5673478057e+02 5.0503707521e+00 6.2735682084e+03
1.1660000000e+00 2.5691224141e+02 5.0522771770e+00 6.2758606787e+03
1.1665000000e+00 2.5708967046e+02 5.0541362462e+00 6.2781310107e+03
1.1670000000e+00 2.5726706326e+02 5.0559477630e+00 6.2803775131e+03
1.1675000000e+00 2.5744441600e+02 5.0577117191e+00 6.2826007113e+03
1.1680000000e+00 2.5762172449e+02 5.0594283588e+00 6.2848033019e+03
1.1685000000e+00 2.5779899490e+02 5.0610980307e+00 6.2869897830e+03
1.1690000000e+00 2.5797624061e+02 5.0627212662e+00 6.2891660446e+03
1.1695000000e+00 2.5815347138e+02 5.0642986682e+00 6.2913388895e+03
1.1700000000e+00 2.5833069865e+02 5.0658308827e+00 6.2935153123e+03
1.1705000000e+00 2.5850794153e+02 5.0673185034e+00 6.2957017514e+03
1.1710000000e+00 2.5868521586e+02 5.0687620175e+00 6.2979035670e+03
1.1715000000e+00 2.5886252905e+02 5.0701618308e+00 6.3001245637e+03
1.1720000000e+00 2.5903989007e+02 5.0715181125e+00 6.3023665215e+03
1.1725000000e+00 2.5921730771e+02 5.0728308700e+00 6.3046290320e+03
1.1730000000e+00 2.5939477958e+02 5.0740999093e+00 6.3069096532e+03
1.1735000000e+00 2.5957229714e+02 5.0753248824e+00 6.3092041053e+03
1.1740000000e+00 2.5974985474e+02 5.0765052945e+00 6.3115066008e+03
1.1745000000e+00 2.5992744209e+02 5.0776405410e+00 6.3138104824e+03
1.1750000000e+00 2.6010504047e+02 5.0787300530e+00 6.3161089221e+03
1.1755000000e+00 2.6028263401e+02 5.0797732298e+00 6.3183954825e+03
1.1760000000e+00 2.6046021260e+02 5.0807695920e+00 6.3206647175e+03
1.1765000000e+00 2.6063776279e+02 5.0817187833e+00 6.3229127973e+03
1.1770000000e+00 2.6081527145e+02 5.0826206422e+00 6.3251378455e+03
1.1775000000e+00 2.6099273613e+02 5.0834751774e+00 6.3273400212e+03
1.1780000000e+00 2.6117015952e+02 5.0842825654e+00 6.3295215585e+03
1.1785000000e+00 2.6134754205e+02 5.0850432210e+00 6.3316866178e+03
1.1790000000e+00 2.6152489043e+02 5.0857576360e+00 6.3338407842e+03
1.1795000000e+00 2.6170222086e+02 5.0864264183e+00 6.3359904910e+03
1.1800000000e+00 2.6187954694e+02 5.0870501962e+00 6.3381425051e+03
1.1805000000e+00 2.6205687900e+02 5.0876296032e+00 6.3403032684e+03
1.1810000000e+00 2.6223423307e+02 5.0881651731e+00 6.3424781733e+03
1.1815000000e+00 2.6241162476e+02 5.0886572888e+00 6.3446710929e+03
1.1820000000e+00 2.6258905962e+02 5.0891062276e+00 6.3468840971e+03
1.1825000000e+00 2.6276654041e+02 5.0895120368e+00 6.3491171820e+03
1.1830000000e+00 2.6294407164e+02 5.0898746021e+00 6.3513682253e+03
1.1835000000e+00 2.6312164971e+02 5.0901936271e+00 6.3536332875e+03
1.1840000000e+00 2.6329926210e+02 5.0904687040e+00 6.3559070146e+03
1.1845000000e+00 2.6347689817e+02 5.0906993256e+00 6.3581830591e+03
1.1850000000e+00 2.6365454790e+02 5.0908849180e+00 6.3604547176e+03
1.1855000000e+00 2.6383219404e+02 5.0910249900e+00 6.3627156624e+03
1.1860000000e+00 2.6400981941e+02 5.0911190789e+00 6.3649604949e+03
1.1865000000e+00 2.6418741505e+02 5.0911668675e+00 6.3671851940e+03
1.1870000000e+00 2.6436497316e+02 5.0911681766e+00 6.3693875832e+03
1.1875000000e+00 2.6454248409e+02 5.0911230405e+00 6.3715675693e+03
1.1880000000e+00 2.6471994672e+02 5.0910316641e+00 6.3737270464e+03
1.1885000000e+00 2.6489736863e+02 5.0908943833e+00 6.3758697074e+03
1.1890000000e+00 2.6507475567e+02 5.0907117300e+00 6.3780007830e+03
1.1895000000e+00 2.6525211514e+02 5.0904842925e+00 6.3801264963e+03
1.1900000000e+00 2.6542946333e+02 5.0902127195e+00 6.3822533717e+03
1.1905000000e+00 2.6560681677e+02 5.0898976167e+00 6.3843876782e+03
1.1910000000e+00 2.6578418518e+02 5.0895395596e+00 6.3865348844e+03
1.1915000000e+00 2.6596157995e+02 5.0891389990e+00 6.3886990431e+03
1.1920000000e+00 2.6613901455e+02 5.0886961991e+00 6.3908823812e+03
1.1925000000e+00 2.6631649334e+02 5.0882113041e+00 6.3930851931e+03
1.1930000000e+00 2.6649401357e+02 5.0876842527e+00 6.3953057969e+03
1.1935000000e+00 2.6667157432e+02 5.0871148324e+00 6.3975406130e+03
1.1940000000e+00 2.6684917093e+02 5.0865026735e+00 6.3997845701e+03
1.1945000000e+00 2.6702678913e+02 5.0858473478e+00 6.4020316639e+03
1.1950000000e+00 2.6720441417e+02 5.0851483800e+00 6.4042754557e+03
1.1955000000e+00 2.6738203572e+02 5.0844052636e+00 6.4065096588e+03
1.1960000000e+00 2.6755963979e+02 5.0836176137e+00 6.4087288406e+03
1.1965000000e+00 2.6773720993e+02 5.0827851273e+00 6.4109289376e+03
1.1970000000e+00 2.6791473798e+02 5.0819076645e+00 6.4131075488e+03
1.1975000000e+00 2.6809222144e+02 5.0809852227e+00 6.4152641975e+03
1.1980000000e+00 2.6826965563e+02 5.0800180102e+00 6.4174004555e+03
1.1985000000e+00 2.6844704085e+02 5.0790063981e+00 6.4195197140e+03
1.1990000000e+00 2.6862438762e+02 5.0779508517e+00 6.4216267974e+03
1.1995000000e+00 2.6880170681e+02 5.0768519792e+00 6.4237275814e+03
1.2000000000e+00 2.6897900678e+02 5.0757104105e+00 6.4258284469e+03
1.2005000000e+00 2.6915630207e+02 5.0745267910e+00 6.4279355669e+03
1.2010000000e+00 2.6933360994e+02 5.0733016726e+00 6.4300543307e+03
1.2015000000e+00 2.6951094010e+02 5.0720355385e+00 6.4321889126e+03
1.2020000000e+00 2.6968829916e+02 5.0707287327e+00 6.4343418232e+03
1.2025000000e+00 2.6986569624e+02 5.0693813996e+00 6.4365136092e+03
1.2030000000e+00 2.7004313453e+02 5.0679935538e+00 6.4387028799e+03
1.2035000000e+00 2.7022060758e+02 5.0665650346e+00 6.4409064837e+03
1.2040000000e+00 2.7039810866e+02 5.0650955639e+00 6.4431197257e+03
1.2045000000e+00 2.7057563151e+02 5.0635847326e+00 6.4453368250e+03
1.2050000000e+00 2.7075316221e+02 5.0620321123e+00 6.4475515633e+03
1.2055000000e+00 2.7093068366e+02 5.0604372922e+00 6.4497578540e+03
1.2060000000e+00 2.7110818472e+02 5.0587998682e+00 6.4519502442e+03
1.2065000000e+00 2.7128565539e+02 5.0571195719e+00 6.4541245033e+03
1.2070000000e+00 2.7146308217e+02 5.0553962554e+00 6.4562780832e+03
1.2075000000e+00 2.7164045774e+02 5.0536299535e+00 6.4584102725e+03
1.2080000000e+00 2.7181778374e+02 5.0518208224e+00 6.4605222329e+03
1.2085000000e+00 2.7199506139e+02 5.0499692052e+00 6.4626169778e+03
1.2090000000e+00 2.7217229277e+02 5.0480755949e+00 6.4646990640e+03
1.2095000000e+00 2.7234948943e+02 5.0461405372e+00 6.4667740572e+03
1.2100000000e+00 2.7252666605e+02 5.0441646642e+00 6.4688480434e+03
1.2105000000e+00 2.7270383245e+02 5.0421485940e+00 6.4709271069e+03
1.2110000000e+00 2.7288100033e+02 5.0400929226e+00 6.4730166703e+03
1.2115000000e+00 2.7305818547e+02 5.0379981073e+00 6.4751209380e+03
1.2120000000e+00 2.7323539743e+02 5.0358645078e+00 6.4772425845e+03
1.2125000000e+00 2.7341263868e+02 5.0336923457e+00 6.4793824999e+03
1.2130000000e+00 2.7358991286e+02 5.0314816416e+00 6.4815396223e+03
1.2135000000e+00 2.7376722121e+02 5.0292322863e+00 6.4837110798e+03
1.2140000000e+00 2.7394455533e+02 5.0269440305e+00 6.4858925480e+03
1.2145000000e+00 2.7412190364e+02 5.0246165512e+00 6.4880786074e+03
1.2150000000e+00 2.7429925767e+02 5.0222494291e+00 6.4902632161e+03
1.2155000000e+00 2.7447660507e+02 5.0198422584e+00 6.4924403751e+03
1.2160000000e+00 2.7465392863e+02 5.0173947009e+00 6.4946047277e+03
1.2165000000e+00 2.7483121658e+02 5.0149064659e+00 6.4967519838e+03
1.2170000000e+00 2.7500846253e+02 5.0123774095e+00 6.4988793391e+03
1.2175000000e+00 2.7518565771e+02 5.0098075188e+00 6.5009858263e+03
1.2180000000e+00 2.7536279637e+02 5.0071969703e+00 6.5030723574e+03
1.2185000000e+00 2.7553988277e+02 5.0045460491e+00 6.5051415660e+03
1.2190000000e+00 2.7571692363e+02 5.0018551858e+00 6.5071976135e+03
1.2195000000e+00 2.7589392384e+02 4.9991249341e+00 6.5092458245e+03
1.2200000000e+00 2.7607089438e+02 4.9963558667e+00 6.5112920856e+03
1.2205000000e+00 2.7624785158e+02 4.9935485847e+00 6.5133422728e+03
1.2210000000e+00 2.7642480702e+02 4.9907036334e+00 6.5154017701e+03
1.2215000000e+00 2.7660176938e+02 4.9878215148e+00 6.5174749241e+03
1.2220000000e+00 2.7677875081e+02 4.9849025634e+00 6.5195645532e+03
1.2225000000e+00 2.7695576005e+02 4.9819469844e+00 6.5216717395e+03
1.2230000000e+00 2.7713279661e+02 4.9789548571e+00 6.5237957835e+03
1.2235000000e+00 2.7730985834e+02 4.9759260821e+00 6.5259341962e+03
1.2240000000e+00 2.7748694369e+02 4.9728604380e+00 6.5280829214e+03
1.2245000000e+00 2.7766404364e+02 4.9697575905e+00 6.5302368182e+03
1.2250000000e+00 2.7784114350e+02 4.9666171862e+00 6.5323901514e+03
1.2255000000e+00 2.7801823229e+02 4.9634388157e+00 6.5345370585e+03
1.2260000000e+00 2.7819529979e+02 4.9602221064e+00 6.5366721572e+03
1.2265000000e+00 2.7837233086e+02 4.9569667936e+00 6.5387911287e+03
1.2270000000e+00 2.7854931371e+02 4.9536726934e+00 6.5408910635e+03
1.2275000000e+00 2.7872624485e+02 4.9503397709e+00 6.5429706955e+03
1.2280000000e+00 2.7890312105e+02 4.9469681192e+00 6.5450306026e+03
1.2285000000e+00 2.7907993914e+02 4.9435580190e+00 6.5470731501e+03
1.2290000000e+00 2.7925670477e+02 4.9401098350e+00 6.5491021727e+03
1.2295000000e+00 2.7943342889e+02 4.9366240325e+00 6.5511226305e+03
1.2300000000e+00 2.7961011953e+02 4.9331011681e+00 6.5531401985e+03
1.2305000000e+00 2.7978678667e+02 4.9295417843e+00 6.5551606611e+03
1.2310000000e+00 2.7996344599e+02 4.9259464044e+00 6.5571893046e+03
1.2315000000e+00 2.8014011006e+02 4.9223154543e+00 6.5592304872e+03
1.2320000000e+00 2.8031678521e+02 4.9186493005e+00 6.5612872406e+03
1.2325000000e+00 2.8049347869e+02 4.9149481345e+00 6.5633609005e+03
1.2330000000e+00 2.8067019709e+02 4.9112120023e+00 6.5654509915e+03
1.2335000000e+00 2.8084693818e+02 4.9074408312e+00 6.5675553582e+03
1.2340000000e+00 2.8102369479e+02 4.9036344044e+00 6.5696703387e+03
1.2345000000e+00 2.8120046178e+02 4.8997924121e+00 6.5717910585e+03
1.2350000000e+00 2.8137723027e+02 4.8959144542e+00 6.5739119628e+03
1.2355000000e+00 2.8155398469e+02 4.8920001570e+00 6.5760273954e+03
1.2360000000e+00 2.8173071192e+02 4.8880491385e+00 6.5781320667e+03
1.2365000000e+00 2.8190740351e+02 4.8840610740e+00 6.5802215499e+03
1.2370000000e+00 2.8208404823e+02 4.8800357675e+00 6.5822927859e+03
1.2375000000e+00 2.8226063554e+02 4.8759731317e+00 6.5843443510e+03
1.2380000000e+00 2.8243716379e+02 4.8718732274e+00 6.5863765165e+03
1.2385000000e+00 2.8261363510e+02 4.8677362198e+00 6.5883912684e+03
1.2390000000e+00 2.8279005003e+02 4.8635624510e+00 6.5903921636e+03
1.2395000000e+00 2.8296641474e+02 4.8593523275e+00 6.5923839074e+03
1.2400000000e+00 2.8314274250e+02 4.8551063060e+00 6.5943718754e+03
1.2405000000e+00 2.8331904443e+02 4.8508248896e+00 6.5963616744e+03
1.2410000000e+00 2.8349532944e+02 4.8465085483e+00 6.5983585953e+03
1.2415000000e+00 2.8367161068e+02 4.8421576978e+00 6.6003670230e+03
1.2420000000e+00 2.8384790055e+02 4.8377726149e+00 6.6023900561e+03
1.2425000000e+00 2.8402420359e+02 4.8333535100e+00 6.6044292768e+03
1.2430000000e+00 2.8420052193e+02 4.8289004251e+00 6.6064845408e+03
1.2435000000e+00 2.8437685878e+02 4.8244132555e+00 6.6085539565e+03
1.2440000000e+00 2.8455321079e+02 4.8198917906e+00 6.6106341474e+03
1.2445000000e+00 2.8472956739e+02 4.8153357151e+00 6.6127205936e+03
1.2450000000e+00 2.8490591961e+02 4.8107446552e+00 6.6148079893e+03
1.2455000000e+00 2.8508225887e+02 4.8061181748e+00 6.6168907786e+03
1.2460000000e+00 2.8525857069e+02 4.8014559042e+00 6.6189637594e+03
1.2465000000e+00 2.8543484100e+02 4.7967575058e+00 6.6210225349e+03
1.2470000000e+00 2.8561106262e+02 4.7920227188e+00 6.6230638829e+03
1.2475000000e+00 2.8578722887e+02 4.7872514184e+00 6.6250861333e+03
1.2480000000e+00 2.8596333204e+02 4.7824436042e+00 6.6270893444e+03
1.2485000000e+00 2.8613937181e+02 4.7775994201e+00 6.6290752140e+03
1.2490000000e+00 2.8631535433e+02 4.7727190854e+00 6.6310469192e+03
1.2495000000e+00 2.8649128451e+02 4.7678029674e+00 6.6330088797e+03
1.2500000000e+00 2.8666716896e+02 4.7628514791e+00 6.6349662931e+03
1.2505000000e+00 2.8684302117e+02 4.7578650452e+00 6.6369245698e+03
1.2510000000e+00 2.8701885442e+02 4.7528440873e+00 6.6388888698e+03
1.2515000000e+00 2.8719467702e+02 4.7477889698e+00 6.6408636451e+03
1.2520000000e+00 2.8737049835e+02 4.7426999891e+00 6.6428521429e+03
1.2525000000e+00 2.8754632900e+02 4.7375772759e+00 6.6448560816e+03
1.2530000000e+00 2.8772217234e+02 4.7324208843e+00 6.6468755676e+03
1.2535000000e+00 2.8789802597e+02 4.7272307195e+00 6.6489090722e+03
1.2540000000e+00 2.8807388873e+02 4.7220065580e+00 6.6509535155e+03
1.2545000000e+00 2.8824975637e+02 4.7167480811e+00 6.6530046099e+03
1.2550000000e+00 2.8842561682e+02 4.7114549071e+00 6.6550573298e+03
1.2555000000e+00 2.8860145785e+02 4.7061266408e+00 6.6571063311e+03
1.2560000000e+00 2.8877727081e+02 4.7007628466e+00 6.6591464412e+03
1.2565000000e+00 2.8895304388e+02 4.6953631835e+00 6.6611732327e+03
1.2570000000e+00 2.8912876365e+02 4.6899273829e+00 6.6631834422e+03
1.2575000000e+00 2.8930442374e+02 4.6844552692e+00 6.6651752054e+03
1.2580000000e+00 2.8948002196e+02 4.6789467906e+00 6.6671482657e+03
1.2585000000e+00 2.8965555463e+02 4.6734020255e+00 6.6691040579e+03
1.2590000000e+00 2.8983102258e+02 4.6678211911e+00 6.6710455033e+03
1.2595000000e+00 2.9000643458e+02 4.6622045464e+00 6.6729766865e+03
1.2600000000e+00 2.9018179951e+02 4.6565524606e+00 6.6749025295e+03
1.2605000000e+00 2.9035712471e+02 4.6508653264e+00 6.6768283272e+03
1.2610000000e+00 2.9053242230e+02 4.6451435184e+00 6.6787591595e+03
1.2615000000e+00 2.9070770619e+02 4.6393873651e+00 6.6806994221e+03
1.2620000000e+00 2.9088298437e+02 4.6335971169e+00 6.6826524701e+03
1.2625000000e+00 2.9105826224e+02 4.6277729485e+00 6.6846202561e+03
1.2630000000e+00 2.9123354699e+02 4.6219148598e+00 6.6866030976e+03
1.2635000000e+00 2.9140884085e+02 4.6160227710e+00 6.6885997116e+03
1.2640000000e+00 2.9158413820e+02 4.6100964770e+00 6.6906073686e+03
1.2645000000e+00 2.9175943334e+02 4.6041356737e+00 6.6926220874e+03
1.2650000000e+00 2.9193472076e+02 4.5981399788e+00 6.6946390265e+03
1.2655000000e+00 2.9210998856e+02 4.5921089821e+00 6.6966530224e+03
1.2660000000e+00 2.9228522268e+02 4.5860423047e+00 6.6986590570e+03
1.2665000000e+00 2.9246041407e+02 4.5799395564e+00 6.7006526800e+03
1.2670000000e+00 2.9263555412e+02 4.5738004534e+00 6.7026304908e+03
1.2675000000e+00 2.9281063190e+02 4.5676248081e+00 6.7045904995e+03
1.2680000000e+00 2.9298564188e+02 4.5614125462e+00 6.7065322471e+03
1.2685000000e+00 2.9316058537e+02 4.5551637002e+00 6.7084568300e+03
1.2690000000e+00 2.9333546342e+02 4.5488784147e+00 6.7103668631e+03
1.2695000000e+00 2.9351027839e+02 4.5425569646e+00 6.7122662084e+03
1.2700000000e+00 2.9368503992e+02 4.5361996407e+00 6.7141595330e+03
1.2705000000e+00 2.9385975998e+02 4.5298067978e+00 6.7160518957e+03
1.2710000000e+00 2.9403444695e+02 4.5233787876e+00 6.7179483089e+03
1.2715000000e+00 2.9420911057e+02 4.5169159271e+00 6.7198531985e+03
1.2720000000e+00 2.9438376359e+02 4.5104184492e+00 6.7217699503e+03
1.2725000000e+00 2.9455841368e+02 4.5038864907e+00 6.7237006582e+03
1.2730000000e+00 2.9473306272e+02 4.4973201173e+00 6.7256459242e+03
1.2735000000e+00 2.9490771347e+02 4.4907192239e+00 6.7276047367e+03
1.2740000000e+00 2.9508236660e+02 4.4840836236e+00 6.7295745995e+03
1.2745000000e+00 2.9525701471e+02 4.4774130328e+00 6.7315518376e+03
1.2750000000e+00 2.9543164819e+02 4.4707071086e+00 6.7335319003e+03
1.2755000000e+00 2.9560625989e+02 4.4639654488e+00 6.7355097636e+03
1.2760000000e+00 2.9578083920e+02 4.4571876504e+00 6.7374804834e+03
1.2765000000e+00 2.9595537197e+02 4.4503733817e+00 6.7394396831e+03
1.2770000000e+00 2.9612984880e+02 4.4435223291e+00 6.7413839008e+03
1.2775000000e+00 2.9630426422e+02 4.4366342891e+00 6.7433109348e+03
1.2780000000e+00 2.9647861107e+02 4.4297091636e+00 6.7452201166e+03
1.2785000000e+00 2.9665288519e+02 4.4227469782e+00 6.7471123302e+03
1.2790000000e+00 2.9682709023e+02 4.4157478478e+00 6.7489898746e+03
1.2795000000e+00 2.9700123171e+02 4.4087119743e+00 6.7508562930e+03
1.2800000000e+00 2.9717531408e+02 4.4016396688e+00 6.7527160546e+03
1.2805000000e+00 2.9734934669e+02 4.3945312366e+00 6.7545740546e+03
1.2810000000e+00 2.9752334283e+02 4.3873870058e+00 6.7564351421e+03
1.2815000000e+00 2.9769731207e+02 4.3802072714e+00 6.7583037172e+03
1.2820000000e+00 2.9787126164e+02 4.3729922826e+00 6.7601832842e+03
1.2825000000e+00 2.9804520137e+02 4.3657421836e+00 6.7620760602e+03
1.2830000000e+00 2.9821913810e+02 4.3584570060e+00 6.7639828132e+03
1.2835000000e+00 2.9839307117e+02 4.3511367160e+00 6.7659028305e+03
1.2840000000e+00 2.9856699866e+02 4.3437811332e+00 6.7678339285e+03
1.2845000000e+00 2.9874091893e+02 4.3363900009e+00 6.7697726534e+03
1.2850000000e+00 2.9891482406e+02 4.3289629846e+00 6.7717146858e+03
1.2855000000e+00 2.9908870191e+02 4.3214997358e+00 6.7736552481e+03
1.2860000000e+00 2.9926254345e+02 4.3139998764e+00 6.7755895001e+03
1.2865000000e+00 2.9943633982e+02 4.3064630425e+00 6.7775130425e+03
1.2870000000e+00 2.9961007862e+02 4.2988889687e+00 6.7794223873e+03
1.2875000000e+00 2.9978375053e+02 4.2912774394e+00 6.7813152377e+03
1.2880000000e+00 2.9995735262e+02 4.2836283456e+00 6.7831906751e+03
1.2885000000e+00 3.0013088228e+02 4.2759416779e+00 6.7850493094e+03
1.2890000000e+00 3.0030433742e+02 4.2682175543e+00 6.7868932167e+03
1.2895000000e+00 3.0047772293e+02 4.2604561634e+00 6.7887256700e+03
1.2900000000e+00 3.0065104784e+02 4.2526577473e+00 6.7905508430e+03
1.2905000000e+00 3.0082431902e+02 4.2448226318e+00 6.7923734616e+03
1.2910000000e+00 3.0099754491e+02 4.2369511222e+00 6.7941983002e+03
1.2915000000e+00 3.0117073837e+02 4.2290435060e+00 6.7960296842e+03
1.2920000000e+00 3.0134390964e+02 4.2211000104e+00 6.7978711362e+03
1.2925000000e+00 3.0151706379e+02 4.2131208117e+00 6.7997250524e+03
1.2930000000e+00 3.0169020672e+02 4.2051059747e+00 6.8015924087e+03
1.2935000000e+00 3.0186334353e+02 4.1970554405e+00 6.8034726816e+03
1.2940000000e+00 3.0203647188e+02 4.1889690936e+00 6.8053639679e+03
1.2945000000e+00 3.0220958580e+02 4.1808467028e+00 6.8072631334e+03
1.2950000000e+00 3.0238268086e+02 4.1726879769e+00 6.8091660722e+03
1.2955000000e+00 3.0255574920e+02 4.1644925670e+00 6.8110681573e+03
1.2960000000e+00 3.0272877791e+02 4.1562601447e+00 6.8129647151e+03
1.2965000000e+00 3.0290175641e+02 4.1479903854e+00 6.8148514116e+03
1.2970000000e+00 3.0307467746e+02 4.1396829958e+00 6.8167246676e+03
1.2975000000e+00 3.0324753175e+02 4.1313377918e+00 6.8185820615e+03
1.2980000000e+00 3.0342031110e+02 4.1229546619e+00 6.8204225374e+03
1.2985000000e+00 3.0359301428e+02 4.1145335997e+00 6.8222464499e+03
1.2990000000e+00 3.0376564302e+02 4.1060746806e+00 6.8240555664e+03
1.2995000000e+00 3.0393819823e+02 4.0975780985e+00 6.8258529293e+03
1.3000000000e+00 3.0411068529e+02 4.0890441049e+00 6.8276425022e+03
1.3005000000e+00 3.0428311513e+02 4.0804729711e+00 6.8294287706e+03
1.3010000000e+00 3.0445549704e+02 4.0718650155e+00 6.8312163694e+03
1.3015000000e+00 3.0462783846e+02 4.0632205286e+00 6.8330096298e+03
1.3020000000e+00 3.0480015023e+02 4.0545397584e+00 6.8348120995e+03
1.3025000000e+00 3.0497244231e+02 4.0458228634e+00 6.8366262372e+03
1.3030000000e+00 3.0514471818e+02 4.0370699468e+00 6.8384532274e+03
1.3035000000e+00 3.0531697952e+02 4.0282810120e+00 6.8402928190e+03
1.3040000000e+00 3.0548922868e+02 4.0194559382e+00 6.8421433242e+03
1.3045000000e+00 3.0566146236e+02 4.0105945528e+00 6.8440018479e+03
1.3050000000e+00 3.0583367172e+02 4.0016966043e+00 6.8458645744e+03
1.3055000000e+00 3.0600584935e+02 3.9927618065e+00 6.8477270741e+03
1.3060000000e+00 3.0617798771e+02 3.9837898316e+00 6.8495847530e+03
1.3065000000e+00 3.0635007475e+02 3.9747804019e+00 6.8514333476e+03
1.3070000000e+00 3.0652209917e+02 3.9657332760e+00 6.8532692945e+03
1.3075000000e+00 3.0669405499e+02 3.9566482544e+00 6.8550900328e+03
1.3080000000e+00 3.0686593668e+02 3.9475252483e+00 6.8568943044e+03
1.3085000000e+00 3.0703773829e+02 3.9383642578e+00 6.8586822839e+03
1.3090000000e+00 3.0720945982e+02 3.9291653812e+00 6.8604554969e+03
1.3095000000e+00 3.0738110645e+02 3.9199287765e+00 6.8622166772e+03
1.3100000000e+00 3.0755268242e+02 3.9106547012e+00 6.8639695578e+03
1.3105000000e+00 3.0772419349e+02 3.9013434584e+00 6.8657184766e+03
1.3110000000e+00 3.0789565088e+02 3.8919953417e+00 6.8674679098e+03
1.3115000000e+00 3.0806706547e+02 3.8826106572e+00 6.8692220902e+03
1.3120000000e+00 3.0823844403e+02 3.8731896703e+00 6.8709846265e+03
1.3125000000e+00 3.0840979437e+02 3.8637325940e+00 6.8727580993e+03
1.3130000000e+00 3.0858112495e+02 3.8542395351e+00 6.8745438103e+03
1.3135000000e+00 3.0875243807e+02 3.8447105381e+00 6.8763417209e+03
1.3140000000e+00 3.0892373168e+02 3.8351455650e+00 6.8781504413e+03
1.3145000000e+00 3.0909500467e+02 3.8255444689e+00 6.8799673173e+03
1.3150000000e+00 3.0926625293e+02 3.8159070580e+00 6.8817887261e+03
1.3155000000e+00 3.0943746635e+02 3.8062330921e+00 6.8836104660e+03
1.3160000000e+00 3.0960863497e+02 3.7965223291e+00 6.8854281089e+03
1.3165000000e+00 3.0977975133e+02 3.7867745035e+00 6.8872374134e+03
1.3170000000e+00 3.0995080555e+02 3.7769894148e+00 6.8890347884e+03
1.3175000000e+00 3.1012178690e+02 3.7671669299e+00 6.8908176310e+03
1.3180000000e+00 3.1029269025e+02 3.7573069686e+00 6.8925845178e+03
1.3185000000e+00 3.1046351379e+02 3.7474095508e+00 6.8943353662e+03
1.3190000000e+00 3.1063425482e+02 3.7374747872e+00 6.8960714834e+03
1.3195000000e+00 3.1080491436e+02 3.7275028866e+00 6.8977953902e+03
1.3200000000e+00 3.1097549976e+02 3.7174940913e+00 6.8995105455e+03
1.3205000000e+00 3.1114601849e+02 3.7074487128e+00 6.9012210666e+03
1.3210000000e+00 3.1131647673e+02 3.6973670979e+00 6.9029313388e+03
1.3215000000e+00 3.1148688464e+02 3.6872495644e+00 6.9046455304e+03
1.3220000000e+00 3.1165725357e+02 3.6770964079e+00 6.9063672094e+03
1.3225000000e+00 3.1182758983e+02 3.6669078722e+00 6.9080990534e+03
1.3230000000e+00 3.1199789789e+02 3.6566841477e+00 6.9098425586e+03
1.3235000000e+00 3.1216818351e+02 3.6464253113e+00 6.9115978600e+03
1.3240000000e+00 3.1233844794e+02 3.6361313743e+00 6.9133637756e+03
1.3245000000e+00 3.1250868639e+02 3.6258022878e+00 6.9151379391e+03
1.3250000000e+00 3.1267889410e+02 3.6154379139e+00 6.9169169743e+03
1.3255000000e+00 3.1284906605e+02 3.6050380814e+00 6.9186968302e+03
1.3260000000e+00 3.1301919219e+02 3.5946025968e+00 6.9204732270e+03
1.3265000000e+00 3.1318926109e+02 3.5841312969e+00 6.9222420403e+03
1.3270000000e+00 3.1335926519e+02 3.5736240133e+00 6.9239996545e+03
1.3275000000e+00 3.1352919727e+02 3.5630806499e+00 6.9257433546e+03
1.3280000000e+00 3.1369904861e+02 3.5525011964e+00 6.9274716089e+03
1.3285000000e+00 3.1386881490e+02 3.5418857068e+00 6.9291841603e+03
1.3290000000e+00 3.1403849733e+02 3.5312343223e+00 6.9308820392e+03
1.3295000000e+00 3.1420809696e+02 3.5205472612e+00 6.9325675173e+03
1.3300000000e+00 3.1437761605e+02 3.5098248341e+00 6.9342438691e+03
1.3305000000e+00 3.1454706279e+02 3.4990673674e+00 6.9359150035e+03
1.3310000000e+00 3.1471644704e+02 3.4882752226e+00 6.9375851178e+03
1.3315000000e+00 3.1488577570e+02 3.4774487784e+00 6.9392583309e+03
1.3320000000e+00 3.1505505699e+02 3.4665883746e+00 6.9409382374e+03
1.3325000000e+00 3.1522430127e+02 3.4556943048e+00 6.9426275455e+03
1.3330000000e+00 3.1539351444e+02 3.4447667953e+00 6.9443278736e+03
1.3335000000e+00 3.1556269801e+02 3.4338060253e+00 6.9460395929e+03
1.3340000000e+00 3.1573185412e+02 3.4228120668e+00 6.9477617434e+03
1.3345000000e+00 3.1590098274e+02 3.4117849230e+00 6.9494921542e+03
1.3350000000e+00 3.1607007755e+02 3.4007245570e+00 6.9512277003e+03
1.3355000000e+00 3.1623913063e+02 3.3896308746e+00 6.9529645632e+03
1.3360000000e+00 3.1640813573e+02 3.3785037599e+00 6.9546985746e+03
1.3365000000e+00 3.1657708388e+02 3.3673430904e+00 6.9564256701e+03
1.3370000000e+00 3.1674596358e+02 3.3561488051e+00 6.9581422883e+03
1.3375000000e+00 3.1691476713e+02 3.3449208583e+00 6.9598456556e+03
1.3380000000e+00 3.1708349002e+02 3.3336592729e+00 6.9615340645e+03
1.3385000000e+00 3.1725212656e+02 3.3223641653e+00 6.9632070852e+03
1.3390000000e+00 3.1742067360e+02 3.3110357244e+00 6.9648655694e+03
1.3395000000e+00 3.1758913440e+02 3.2996742112e+00 6.9665115264e+03
1.3400000000e+00 3.1775751362e+02 3.2882799421e+00 6.9681479733e+03
1.3405000000e+00 3.1792581511e+02 3.2768533149e+00 6.9697786596e+03
1.3410000000e+00 3.1809404687e+02 3.2653947268e+00 6.9714076488e+03
1.3415000000e+00 3.1826221987e+02 3.2539045790e+00 6.9730389304e+03
1.3420000000e+00 3.1843034175e+02 3.2423832706e+00 6.9746760862e+03
1.3425000000e+00 3.1859841861e+02 3.2308311550e+00 6.9763219236e+03
1.3430000000e+00 3.1876645846e+02 3.2192485250e+00 6.9779781645e+03
1.3435000000e+00 3.1893446642e+02 3.2076355937e+00 6.9796453241e+03
1.3440000000e+00 3.1910244177e+02 3.1959925348e+00 6.9813226896e+03
1.3445000000e+00 3.1927038287e+02 3.1843194297e+00 6.9830083429e+03
1.3450000000e+00 3.1943828789e+02 3.1726162949e+00 6.9846993419e+03
1.3455000000e+00 3.1960614995e+02 3.1608831212e+00 6.9863920598e+03
1.3460000000e+00 3.1977395911e+02 3.1491198720e+00 6.9880825228e+03
1.3465000000e+00 3.1994170777e+02 3.1373265098e+00 6.9897667460e+03
1.3470000000e+00 3.2010938841e+02 3.1255029985e+00 6.9914411481e+03
1.3475000000e+00 3.2027699094e+02 3.1136493810e+00 6.9931029300e+03
1.3480000000e+00 3.2044450790e+02 3.1017657369e+00 6.9947502987e+03
1.3485000000e+00 3.2061193696e+02 3.0898522109e+00 6.9963826161e+03
1.3490000000e+00 3.2077927610e+02 3.0779090327e+00 6.9980005087e+03
1.3495000000e+00 3.2094652389e+02 3.0659365062e+00 6.9996058017e+03
1.3500000000e+00 3.2111368470e+02 3.0539349970e+00 7.0012012892e+03
1.3505000000e+00 3.2128076603e+02 3.0419048971e+00 7.0027904817e+03
1.3510000000e+00 3.2144777359e+02 3.0298466626e+00 7.0043773086e+03
1.3515000000e+00 3.2161471461e+02 3.0177607394e+00 7.0059656999e+03
1.3520000000e+00 3.2178159968e+02 3.0056475501e+00 7.0075591805e+03
1.3525000000e+00 3.2194843691e+02 2.9935074923e+00 7.0091605807e+03
1.3530000000e+00 3.2211523047e+02 2.9813409180e+00 7.0107717730e+03
1.3535000000e+00 3.2228198516e+02 2.9691481150e+00 7.0123934428e+03
1.3540000000e+00 3.2244870468e+02 2.9569292796e+00 7.0140250380e+03
1.3545000000e+00 3.2261538682e+02 2.9446845773e+00 7.0156648737e+03
1.3550000000e+00 3.2278202659e+02 2.9324141033e+00 7.0173102663e+03
1.3555000000e+00 3.2294862000e+02 2.9201178977e+00 7.0189577604e+03
1.3560000000e+00 3.2311516026e+02 2.9077959844e+00 7.0206035065e+03
1.3565000000e+00 3.2328163671e+02 2.8954483867e+00 7.0222436522e+03
1.3570000000e+00 3.2344804066e+02 2.8830751485e+00 7.0238746620e+03
1.3575000000e+00 3.2361436607e+02 2.8706763210e+00 7.0254936577e+03
1.3580000000e+00 3.2378060532e+02 2.8582520425e+00 7.0270987425e+03
1.3585000000e+00 3.2394675190e+02 2.8458025019e+00 7.0286891604e+03
1.3590000000e+00 3.2411280511e+02 2.8333279492e+00 7.0302653240e+03
1.3595000000e+00 3.2427876644e+02 2.8208287047e+00 7.0318288072e+03
1.3600000000e+00 3.2444463680e+02 2.8083051563e+00 7.0333822159e+03
1.3605000000e+00 3.2461042106e+02 2.7957577424e+00 7.0349288866e+03
1.3610000000e+00 3.2477612830e+02 2.7831869020e+00 7.0364725559e+03
1.3615000000e+00 3.2494176602e+02 2.7705931155e+00 7.0380170473e+03
1.3620000000e+00 3.2510734057e+02 2.7579768431e+00 7.0395658915e+03
1.3625000000e+00 3.2527286091e+02 2.7453385074e+00 7.0411219421e+03
1.3630000000e+00 3.2543833483e+02 2.7326784832e+00 7.0426871315e+03
1.3635000000e+00 3.2560376504e+02 2.7199970970e+00 7.0442623204e+03
1.3640000000e+00 3.2576915289e+02 2.7072946192e+00 7.0458471783e+03
1.3645000000e+00 3.2593449988e+02 2.6945712276e+00 7.0474401993e+03
1.3650000000e+00 3.2609980290e+02 2.6818270702e+00 7.0490388985e+03
1.3655000000e+00 3.2626505463e+02 2.6690622489e+00 7.0506400551e+03
1.3660000000e+00 3.2643024874e+02 2.6562768303e+00 7.0522399768e+03
1.3665000000e+00 3.2659537876e+02 2.6434708697e+00 7.0538348738e+03
1.3670000000e+00 3.2676043473e+02 2.6306444408e+00 7.0554212650e+03
1.3675000000e+00 3.2692540746e+02 2.6177976609e+00 7.0569962790e+03
1.3680000000e+00 3.2709029209e+02 2.6049306581e+00 7.0585578996e+03
1.3685000000e+00 3.2725508412e+02 2.5920436462e+00 7.0601052032e+03
1.3690000000e+00 3.2741977886e+02 2.5791368973e+00 7.0616384524e+03
1.3695000000e+00 3.2758437668e+02 2.5662107430e+00 7.0631590189e+03
1.3700000000e+00 3.2774888199e+02 2.5532655621e+00 7.0646692569e+03
1.3705000000e+00 3.2791329831e+02 2.5403017891e+00 7.0661723188e+03
1.3710000000e+00 3.2807763076e+02 2.5273199009e+00 7.0676718198e+03
1.3715000000e+00 3.2824188871e+02 2.5143203523e+00 7.0691714552e+03
1.3720000000e+00 3.2840608088e+02 2.5013036129e+00 7.0706746840e+03
1.3725000000e+00 3.2857021290e+02 2.4882701256e+00 7.0721844149e+03
1.3730000000e+00 3.2873429125e+02 2.4752202893e+00 7.0737026801e+03
1.3735000000e+00 3.2889832249e+02 2.4621544379e+00 7.0752304416e+03
1.3740000000e+00 3.2906230821e+02 2.4490728554e+00 7.0767675496e+03
1.3745000000e+00 3.2922624666e+02 2.4359757808e+00 7.0783127409e+03
1.3750000000e+00 3.2939013660e+02 2.4228633681e+00 7.0798637260e+03
1.3755000000e+00 3.2955397428e+02 2.4097357458e+00 7.0814174440e+03
1.3760000000e+00 3.2971775121e+02 2.3965930151e+00 7.0829703864e+03
1.3765000000e+00 3.2988145915e+02 2.3834352641e+00 7.0845188937e+03
1.3770000000e+00 3.3004509184e+02 2.3702625778e+00 7.0860594986e+03
1.3775000000e+00 3.3020864102e+02 2.3570750700e+00 7.0875893047e+03
1.3780000000e+00 3.3037209804e+02 2.3438729149e+00 7.0891062552e+03
1.3785000000e+00 3.3053545892e+02 2.3306563046e+00 7.0906092855e+03
1.3790000000e+00 3.3069872221e+02 2.3174255071e+00 7.0920984473e+03
1.3795000000e+00 3.3086188584e+02 2.3041808471e+00 7.0935749330e+03
1.3800000000e+00 3.3102495109e+02 2.2909227085e+00 7.0950409188e+03
1.3805000000e+00 3.3118792418e+02 2.2776515017e+00 7.0964993335e+03
1.3810000000e+00 3.3135081118e+02 2.2643676715e+00 7.0979536186e+03
1.3815000000e+00 3.3151361747e+02 2.2510716963e+00 7.0994073969e+03
1.3820000000e+00 3.3167635156e+02 2.2377640201e+00 7.1008640761e+03
1.3825000000e+00 3.3183902250e+02 2.2244450762e+00 7.1023265383e+03
1.3830000000e+00 3.3200163539e+02 2.2111152608e+00 7.1037969018e+03
1.3835000000e+00 3.3216419394e+02 2.1977749295e+00 7.1052762894e+03
1.3840000000e+00 3.3232670250e+02 2.1844243651e+00 7.1067646953e+03
1.3845000000e+00 3.3248916176e+02 2.1710637965e+00 7.1082610308e+03
1.3850000000e+00 3.3265156762e+02 2.1576934221e+00 7.1097632421e+03
1.3855000000e+00 3.3281391595e+02 2.1443133708e+00 7.1112684671e+03
1.3860000000e+00 3.3297620233e+02 2.1309237495e+00 7.1127733194e+03
1.3865000000e+00 3.3313841828e+02 2.1175246535e+00 7.1142742585e+03
1.3870000000e+00 3.3330055440e+02 2.1041161892e+00 7.1157679073e+03
1.3875000000e+00 3.3346260452e+02 2.0906984668e+00 7.1172513431e+03
1.3880000000e+00 3.3362456263e+02 2.0772716295e+00 7.1187224155e+03
1.3885000000e+00 3.3378642165e+02 2.0638358919e+00 7.1201799682e+03
1.3890000000e+00 3.3394817844e+02 2.0503914943e+00 7.1216239032e+03
1.3895000000e+00 3.3410983408e+02 2.0369387382e+00 7.1230551850e+03
1.3900000000e+00 3.3427138950e+02 2.0234779745e+00 7.1244757898e+03
1.3905000000e+00 3.3443284697e+02 2.0100096086e+00 7.1258884940e+03
1.3910000000e+00 3.3459421346e+02 1.9965340578e+00 7.1272965678e+03
1.3915000000e+00 3.3475549695e+02 1.9830517501e+00 7.1287034872e+03
1.3920000000e+00 3.3491670324e+02 1.9695631351e+00 7.1301126251e+03
1.3925000000e+00 3.3507783924e+02 1.9560686211e+00 7.1315268863e+03
1.3930000000e+00 3.3523891320e+02 1.9425685887e+00 7.1329484193e+03
1.3935000000e+00 3.3539992973e+02 1.9290633702e+00 7.1343784538e+03
1.3940000000e+00 3.3556089001e+02 1.9155532623e+00 7.1358171784e+03
1.3945000000e+00 3.3572179554e+02 1.9020384911e+00 7.1372636865e+03
1.3950000000e+00 3.3588264592e+02 1.8885192284e+00 7.1387160876e+03
1.3955000000e+00 3.3604343569e+02 1.8749956255e+00 7.1401717240e+03
1.3960000000e+00 3.3620415823e+02 1.8614677863e+00 7.1416273952e+03
1.3965000000e+00 3.3636480823e+02 1.8479357995e+00 7.1430796489e+03
1.3970000000e+00 3.3652537809e+02 1.8343997501e+00 7.1445251553e+03
1.3975000000e+00 3.3668585839e+02 1.8208597553e+00 7.1459610307e+03
1.3980000000e+00 3.3684624297e+02 1.8073159477e+00 7.1473850696e+03
1.3985000000e+00 3.3700652813e+02 1.7937684903e+00 7.1487959693e+03
1.3990000000e+00 3.3716670926e+02 1.7802176182e+00 7.1501934898e+03
1.3995000000e+00 3.3732678420e+02 1.7666636007e+00 7.1515784451e+03
1.4000000000e+00 3.3748675583e+02 1.7531067563e+00 7.1529525941e+03
1.4005000000e+00 3.3764662798e+02 1.7395474346e+00 7.1543185068e+03
1.4010000000e+00 3.3780640412e+02 1.7259860349e+00 7.1556793254e+03
1.4015000000e+00 3.3796609109e+02 1.7124229571e+00 7.1570384168e+03
1.4020000000e+00 3.3812569777e+02 1.6988585901e+00 7.1583990531e+03
1.4025000000e+00 3.3828523042e+02 1.6852933294e+00 7.1597641355e+03
1.4030000000e+00 3.3844469411e+02 1.6717275289e+00 7.1611358962e+03
1.4035000000e+00 3.3860409521e+02 1.6581615025e+00 7.1625156524e+03
1.4040000000e+00 3.3876343765e+02 1.6445955069e+00 7.1639037166e+03
1.4045000000e+00 3.3892272059e+02 1.6310297705e+00 7.1652993864e+03
1.4050000000e+00 3.3908194252e+02 1.6174644598e+00 7.1667009760e+03
1.4055000000e+00 3.3924110166e+02 1.6038996888e+00 7.1681059777e+03
1.4060000000e+00 3.3940019200e+02 1.5903355601e+00 7.1695113485e+03
1.4065000000e+00 3.3955920529e+02 1.5767721504e+00 7.1709137902e+03
1.4070000000e+00 3.3971813529e+02 1.5632095320e+00 7.1723100314e+03
1.4075000000e+00 3.3987697562e+02 1.5496477782e+00 7.1736971703e+03
1.4080000000e+00 3.4003571799e+02 1.5360870072e+00 7.1750729782e+03
1.4085000000e+00 3.4019435658e+02 1.5225273645e+00 7.1764360742e+03
1.4090000000e+00 3.4035288960e+02 1.5089690240e+00 7.1777860448e+03
1.4095000000e+00 3.4051131537e+02 1.4954122238e+00 7.1791235211e+03
1.4100000000e+00 3.4066963315e+02 1.4818572391e+00 7.1804501092e+03
1.4105000000e+00 3.4082784680e+02 1.4683043850e+00 7.1817681948e+03
1.4110000000e+00 3.4098596247e+02 1.4547539899e+00 7.1830807290e+03
1.4115000000e+00 3.4114398500e+02 1.4412064193e+00 7.1843909731e+03
1.4120000000e+00 3.4130192059e+02 1.4276620324e+00 7.1857021520e+03
1.4125000000e+00 3.4145977783e+02 1.4141211619e+00 7.1870171254e+03
1.4130000000e+00 3.4161756321e+02 1.4005841296e+00 7.1883381508e+03
1.4135000000e+00 3.4177528012e+02 1.3870512169e+00 7.1896666715e+03
1.4140000000e+00 3.4193293234e+02 1.3735226634e+00 7.1910031407e+03
1.4145000000e+00 3.4209052258e+02 1.3599986441e+00 7.1923469917e+03
1.4150000000e+00 3.4224804874e+02 1.3464793098e+00 7.1936967315e+03
1.4155000000e+00 3.4240550654e+02 1.3329647661e+00 7.1950500614e+03
1.4160000000e+00 3.4256289253e+02 1.3194550727e+00 7.1964040754e+03
1.4165000000e+00 3.4272020082e+02 1.3059502809e+00 7.1977555764e+03
1.4170000000e+00 3.4287742253e+02 1.2924504368e+00 7.1991013985e+03
1.4175000000e+00 3.4303455065e+02 1.2789555960e+00 7.2004386697e+03
1.4180000000e+00 3.4319158016e+02 1.2654658170e+00 7.2017650922e+03
1.4185000000e+00 3.4334850475e+02 1.2519812081e+00 7.2030791996e+03
1.4190000000e+00 3.4350531944e+02 1.2385019161e+00 7.2043804766e+03
1.4195000000e+00 3.4366202386e+02 1.2250281125e+00 7.2056693750e+03
1.4200000000e+00 3.4381861927e+02 1.2115600215e+00 7.2069472971e+03
1.4205000000e+00 3.4397510670e+02 1.1980979023e+00 7.2082164757e+03
1.4210000000e+00 3.4413149048e+02 1.1846420464e+00 7.2094797187e+03
1.4215000000e+00 3.4428777808e+02 1.1711927413e+00 7.2107401335e+03
1.4220000000e+00 3.4444397568e+02 1.1577502966e+00 7.2120008643e+03
1.4225000000e+00 3.4460008864e+02 1.1443150119e+00 7.2132647777e+03
1.4230000000e+00 3.4475612424e+02 1.1308871490e+00 7.2145341533e+03
1.4235000000e+00 3.4491208867e+02 1.1174669448e+00 7.2158104903e+03
1.4240000000e+00 3.4506798395e+02 1.1040545962e+00 7.2170943894e+03
1.4245000000e+00 3.4522381106e+02 1.0906502632e+00 7.2183854645e+03
1.4250000000e+00 3.4537957096e+02 1.0772540404e+00 7.2196823700e+03
1.4255000000e+00 3.4553526073e+02 1.0638660002e+00 7.2209829726e+03
1.4260000000e+00 3.4569087417e+02 1.0504861860e+00 7.2222845554e+03
1.4265000000e+00 3.4584640606e+02 1.0371146085e+00 7.2235840442e+03
1.4270000000e+00 3.4600185079e+02 1.0237512736e+00 7.2248783224e+03
1.4275000000e+00 3.4615720008e+02 1.0103961941e+00 7.2261645602e+03
1.4280000000e+00 3.4631244659e+02 9.9704940754e-01 7.2274404581e+03
1.4285000000e+00 3.4646758638e+02 9.8371095873e-01 7.2287044474e+03
1.4290000000e+00 3.4662261574e+02 9.7038093877e-01 7.2299558751e+03
1.4295000000e+00 3.4677753112e+02 9.5705948393e-01 7.2311950668e+03
1.4300000000e+00 3.4693233317e+02 9.4374675474e-01 7.2324232567e+03
1.4305000000e+00 3.4708702553e+02 9.3044294955e-01 7.2336424737e+03
1.4310000000e+00 3.4724161129e+02 9.1714829360e-01 7.2348553778e+03
1.4315000000e+00 3.4739609494e+02 9.0386304080e-01 7.2360649779e+03
1.4320000000e+00 3.4755048421e+02 8.9058742717e-01 7.2372743166e+03
1.4325000000e+00 3.4770478620e+02 8.7732169231e-01 7.2384862087e+03
1.4330000000e+00 3.4785900554e+02 8.6406606449e-01 7.2397029831e+03
1.4335000000e+00 3.4801314746e+02 8.5082073071e-01 7.2409262224e+03
1.4340000000e+00 3.4816721715e+02 8.3758584176e-01 7.2421566142e+03
1.4345000000e+00 3.4832121561e+02 8.2436150774e-01 7.2433939250e+03
1.4350000000e+00 3.4847514121e+02 8.1114781203e-01 7.2446370080e+03
1.4355000000e+00 3.4862899278e+02 7.9794477793e-01 7.2458838869e+03
1.4360000000e+00 3.4878276687e+02 7.8475240779e-01 7.2471319761e+03
1.4365000000e+00 3.4893645628e+02 7.7157069065e-01 7.2483783509e+03
1.4370000000e+00 3.4909005432e+02 7.5839959744e-01 7.2496199942e+03
1.4375000000e+00 3.4924355569e+02 7.4523909941e-01 7.2508540834e+03
1.4380000000e+00 3.4939695349e+02 7.3208918277e-01 7.2520782971e+03
1.4385000000e+00 3.4955024085e+02 7.1894987062e-01 7.2532910277e+03
1.4390000000e+00 3.4970341470e+02 7.0582119800e-01 7.2544915011e+03
1.4395000000e+00 3.4985647386e+02 6.9270324030e-01 7.2556798710e+03
1.4400000000e+00 3.5000941689e+02 6.7959611955e-01 7.2568572241e+03
1.4405000000e+00 3.5016224517e+02 6.6649998122e-01 7.2580254409e+03
1.4410000000e+00 3.5031496393e+02 6.5341499649e-01 7.2591870008e+03
1.4415000000e+00 3.5046757822e+02 6.4034135110e-01 7.2603447761e+03
1.4420000000e+00 3.5062009266e+02 6.2727925448e-01 7.2615017520e+03
1.4425000000e+00 3.5077251429e+02 6.1422889183e-01 7.2626607037e+03
1.4430000000e+00 3.5092485043e+02 6.0119043579e-01 7.2638239447e+03
1.4435000000e+00 3.5107710510e+02 5.8816404270e-01 7.2649931335e+03
1.4440000000e+00 3.5122928129e+02 5.7514983059e-01 7.2661690908e+03
1.4445000000e+00 3.5138138238e+02 5.6214787851e-01 7.2673517026e+03
1.4450000000e+00 3.5153340854e+02 5.4915822194e-01 7.2685399681e+03
1.4455000000e+00 3.5168535619e+02 5.3618088045e-01 7.2697321041e+03
1.4460000000e+00 3.5183722188e+02 5.2321582599e-01 7.2709256838e+03
1.4465000000e+00 3.5198900164e+02 5.1026301174e-01 7.2721178807e+03
1.4470000000e+00 3.5214068830e+02 4.9732238886e-01 7.2733057734e+03
1.4475000000e+00 3.5229227424e+02 4.8439390702e-01 7.2744866068e+03
1.4480000000e+00 3.5244375440e+02 4.7147752357e-01 7.2756580329e+03
1.4485000000e+00 3.5259512375e+02 4.5857321159e-01 7.2768183656e+03
1.4490000000e+00 3.5274637671e+02 4.4568099178e-01 7.2779667523e+03
1.4495000000e+00 3.5289751096e+02 4.3280090228e-01 7.2791032192e+03
1.4500000000e+00 3.5304852750e+02 4.1993301331e-01 7.2802286663e+03
1.4505000000e+00 3.5319942726e+02 4.0707743679e-01 7.2813448127e+03
1.4510000000e+00 3.5335021240e+02 3.9423430938e-01 7.2824540129e+03
1.4515000000e+00 3.5350088881e+02 3.8140378338e-01 7.2835589997e+03
1.4520000000e+00 3.5365146306e+02 3.6858601088e-01 7.2846626442e+03
1.4525000000e+00 3.5380193994e+02 3.5578116283e-01 7.2857676982e+03
1.4530000000e+00 3.5395232519e+02 3.4298938351e-01 7.2868764958e+03
1.4535000000e+00 3.5410262548e+02 3.3021079269e-01 7.2879907241e+03
1.4540000000e+00 3.5425284429e+02 3.1744548977e-01 7.2891112972e+03
1.4545000000e+00 3.5440298246e+02 3.0469354018e-01 7.2902382623e+03
1.4550000000e+00 3.5455304109e+02 2.9195497345e-01 7.2913707665e+03
1.4555000000e+00 3.5470301947e+02 2.7922977548e-01 7.2925071620e+03
1.4560000000e+00 3.5485291283e+02 2.6651792604e-01 7.2936451897e+03
1.4565000000e+00 3.5500271573e+02 2.5381937125e-01 7.2947821696e+03
1.4570000000e+00 3.5515242363e+02 2.4113404491e-01 7.2959152491e+03
1.4575000000e+00 3.5530203003e+02 2.2846188554e-01 7.2970417109e+03
1.4580000000e+00 3.5545152735e+02 2.1580284493e-01 7.2981592326e+03
1.4585000000e+00 3.5560091067e+02 2.0315689126e-01 7.2992660769e+03
1.4590000000e+00 3.5575017691e+02 1.9052400837e-01 7.3003612704e+03
1.4595000000e+00 3.5589932248e+02 1.7790422951e-01 7.3014447216e+03
1.4600000000e+00 3.5604834593e+02 1.6529761264e-01 7.3025172032e+03
1.4605000000e+00 3.5619724978e+02 1.5270424097e-01 7.3035802564e+03
1.4610000000e+00 3.5634603728e+02 1.4012422965e-01 7.3046360701e+03
1.4615000000e+00 3.5649471152e+02 1.2755771563e-01 7.3056872747e+03
1.4620000000e+00 3.5664327827e+02 1.1500484788e-01 7.3067366536e+03
1.4625000000e+00 3.5679174482e+02 1.0246576095e-01 7.3077868807e+03
1.4630000000e+00 3.5694011620e+02 8.9940600260e-02 7.3088402933e+03
1.4635000000e+00 3.5708839658e+02 7.7429485592e-02 7.3098986500e+03
1.4640000000e+00 3.5723659110e+02 6.4932507385e-02 7.3109629388e+03
1.4645000000e+00 3.5738470262e+02 5.2449729039e-02 7.3120333124e+03
1.4650000000e+00 3.5753273025e+02 3.9981186842e-02 7.3131090876e+03
1.4655000000e+00 3.5768067265e+02 2.7526889395e-02 7.3141887818e+03
1.4660000000e+00 3.5782852803e+02 1.5086802350e-02 7.3152702578e+03
1.4665000000e+00 3.5797629116e+02 2.6608928588e-03 7.3163509647e+03
1.4670000000e+00 3.5812395528e+02 -9.7508895799e-03 7.3174281709e+03
1.4675000000e+00 3.5827151518e+02 -2.2148599940e-02 7.3184992008e+03
1.4680000000e+00 3.5841896549e+02 -3.4532285598e-02 7.3195617160e+03
1.4685000000e+00 3.5856629950e+02 -4.6901969419e-02 7.3206139565e+03
1.4690000000e+00 3.5871351265e+02 -5.9257648574e-02 7.3216548785e+03
1.4695000000e+00 3.5886060356e+02 -7.1599306998e-02 7.3226842461e+03
1.4700000000e+00 3.5900757099e+02 -8.3926880743e-02 7.3237026836e+03
1.4705000000e+00 3.5915441461e+02 -9.6240279102e-02 7.3247116056e+03
1.4710000000e+00 3.5930113785e+02 -1.0853938957e-01 7.3257130495e+03
1.4715000000e+00 3.5944774581e+02 -1.2082407977e-01 7.3267094931e+03
1.4720000000e+00 3.5959424258e+02 -1.3309420071e-01 7.3277036382e+03
1.4725000000e+00 3.5974063337e+02 -1.4534959488e-01 7.3286981219e+03
1.4730000000e+00 3.5988692526e+02 -1.5759012871e-01 7.3296952513e+03
1.4735000000e+00 3.6003312333e+02 -1.6981566661e-01 7.3306968123e+03
1.4740000000e+00 3.6017923029e+02 -1.8202609764e-01 7.3317038992e+03
1.4745000000e+00 3.6032524918e+02 -1.9422133979e-01 7.3327167802e+03
1.4750000000e+00 3.6047118185e+02 -2.0640134207e-01 7.3337348866e+03
1.4755000000e+00 3.6061702627e+02 -2.1856607643e-01 7.3347568954e+03
1.4760000000e+00 3.6076277890e+02 -2.3071553130e-01 7.3357808371e+03
1.4765000000e+00 3.6090843665e+02 -2.4284973282e-01 7.3368042698e+03
1.4770000000e+00 3.6105399439e+02 -2.5496870207e-01 7.3378245446e+03
1.4775000000e+00 3.6119944486e+02 -2.6707246513e-01 7.3388390674e+03
1.4780000000e+00 3.6134478235e+02 -2.7916104053e-01 7.3398455178e+03
1.4785000000e+00 3.6149000266e+02 -2.9123443855e-01 7.3408420763e+03
1.4790000000e+00 3.6163510071e+02 -3.0329264101e-01 7.3418276272e+03
1.4795000000e+00 3.6178007268e+02 -3.1533559529e-01 7.3428018470e+03
1.4800000000e+00 3.6192491844e+02 -3.2736323653e-01 7.3437652106e+03
1.4805000000e+00 3.6206963914e+02 -3.3937545959e-01 7.3447189670e+03
1.4810000000e+00 3.6221423585e+02 -3.5137213338e-01 7.3456650300e+03
1.4815000000e+00 3.6235871237e+02 -3.6335310672e-01 7.3466057608e+03
1.4820000000e+00 3.6250307493e+02 -3.7531822161e-01 7.3475437381e+03
1.4825000000e+00 3.6264732856e+02 -3.8726731086e-01 7.3484815391e+03
1.4830000000e+00 3.6279147773e+02 -3.9920020081e-01 7.3494214800e+03
1.4835000000e+00 3.6293552843e+02 -4.1111674802e-01 7.3503653667e+03
1.4840000000e+00 3.6307948546e+02 -4.2301681645e-01 7.3513143450e+03
1.4845000000e+00 3.6322335028e+02 -4.3490029331e-01 7.3522688083e+03
1.4850000000e+00 3.6336712363e+02 -4.4676709022e-01 7.3532283340e+03
1.4855000000e+00 3.6351080600e+02 -4.5861715232e-01 7.3541917206e+03
1.4860000000e+00 3.6365439462e+02 -4.7045044412e-01 7.3551571358e+03
1.4865000000e+00 3.6379788436e+02 -4.8226693623e-01 7.3561222894e+03
1.4870000000e+00 3.6394127081e+02 -4.9406662843e-01 7.3570846275e+03
1.4875000000e+00 3.6408454914e+02 -5.0584951321e-01 7.3580415947e+03
1.4880000000e+00 3.6422771253e+02 -5.1761557939e-01 7.3589909021e+03
1.4885000000e+00 3.6437075510e+02 -5.2936479768e-01 7.3599307225e+03
1.4890000000e+00 3.6451367370e+02 -5.4109712901e-01 7.3608598526e+03
1.4895000000e+00 3.6465646531e+02 -5.5281250581e-01 7.3617778554e+03
1.4900000000e+00 3.6479912730e+02 -5.6451082276e-01 7.3626851002e+03
1.4905000000e+00 3.6494166046e+02 -5.7619196217e-01 7.3635826961e+03
1.4910000000e+00 3.6508406789e+02 -5.8785577441e-01 7.3644723922e+03
1.4915000000e+00 3.6522635225e+02 -5.9950209004e-01 7.3653564318e+03
1.4920000000e+00 3.6536851746e+02 -6.1113072075e-01 7.3662373145e+03
1.4925000000e+00 3.6551056995e+02 -6.2274148128e-01 7.3671175372e+03
1.4930000000e+00 3.6565251541e+02 -6.3433418723e-01 7.3679993801e+03
1.4935000000e+00 3.6579435763e+02 -6.4590865104e-01 7.3688846939e+03
1.4940000000e+00 3.6593610091e+02 -6.5746471559e-01 7.3697746936e+03
1.4945000000e+00 3.6607774919e+02 -6.6900223940e-01 7.3706698477e+03
1.4950000000e+00 3.6621930302e+02 -6.8052110579e-01 7.3715698626e+03
1.4955000000e+00 3.6636076099e+02 -6.9202121456e-01 7.3724736982e+03
1.4960000000e+00 3.6650212190e+02 -7.0350249698e-01 7.3733796486e+03
1.4965000000e+00 3.6664338256e+02 -7.1496490295e-01 7.3742855316e+03
1.4970000000e+00 3.6678453701e+02 -7.2640837966e-01 7.3751889127e+03
1.4975000000e+00 3.6692557970e+02 -7.3783289244e-01 7.3760873126e+03
1.4980000000e+00 3.6706650618e+02 -7.4923839778e-01 7.3769784442e+03
1.4985000000e+00 3.6720731077e+02 -7.6062484435e-01 7.3778604602e+03
1.4990000000e+00 3.6734798800e+02 -7.7199215322e-01 7.3787321207e+03
1.4995000000e+00 3.6748853553e+02 -7.8334023460e-01 7.3795928854e+03
1.5000000000e+00 3.6762895249e+02 -7.9466897373e-01 7.3804429824e+03
1.5005000000e+00 3.6776923786e+02 -8.0597821803e-01 7.3812834006e+03
1.5010000000e+00 3.6790939309e+02 -8.1726780234e-01 7.3821157660e+03
1.5015000000e+00 3.6804942263e+02 -8.2853753905e-01 7.3829421757e+03
1.5020000000e+00 3.6818933063e+02 -8.3978722921e-01 7.3837650230e+03
1.5025000000e+00 3.6832912103e+02 -8.5101665672e-01 7.3845867609e+03
1.5030000000e+00 3.6846879974e+02 -8.6222561611e-01 7.3854096385e+03
1.5035000000e+00 3.6860837255e+02 -8.7341391191e-01 7.3862355000e+03
1.5040000000e+00 3.6874784262e+02 -8.8458135035e-01 7.3870656284e+03
1.5045000000e+00 3.6888721239e+02 -8.9572776597e-01 7.3879006009e+03
1.5050000000e+00 3.6902648438e+02 -9.0685301332e-01 7.3887402236e+03
1.5055000000e+00 3.6916565837e+02 -9.1795697294e-01 7.3895835791e+03
1.5060000000e+00 3.6930473131e+02 -9.2903953648e-01 7.3904291186e+03
1.5065000000e+00 3.6944370023e+02 -9.4010062041e-01 7.3912747859e+03
1.5070000000e+00 3.6958256158e+02 -9.5114015823e-01 7.3921182254e+03
1.5075000000e+00 3.6972130936e+02 -9.6215807551e-01 7.3929570338e+03
1.5080000000e+00 3.6985993739e+02 -9.7315430570e-01 7.3937889736e+03
1.5085000000e+00 3.6999844150e+02 -9.8412876944e-01 7.3946121711e+03
1.5090000000e+00 3.7013681757e+02 -9.9508137987e-01 7.3954253203e+03
1.5095000000e+00 3.7027506118e+02 -1.0060120167e+00 7.3962278134e+03
1.5100000000e+00 3.7041317070e+02 -1.0169205462e+00 7.3970197703e+03
1.5105000000e+00 3.7055114708e+02 -1.0278068149e+00 7.3978020271e+03
1.5110000000e+00 3.7068899121e+02 -1.0386706369e+00 7.3985760799e+03
1.5115000000e+00 3.7082670512e+02 -1.0495118126e+00 7.3993439241e+03
1.5120000000e+00 3.7096429384e+02 -1.0603301278e+00 7.4001078398e+03
1.5125000000e+00 3.7110176270e+02 -1.0711253678e+00 7.4008701923e+03
1.5130000000e+00 3.7123911568e+02 -1.0818973047e+00 7.4016332167e+03
1.5135000000e+00 3.7137635758e+02 -1.0926457236e+00 7.4023987755e+03
1.5140000000e+00 3.7151349366e+02 -1.1033704286e+00 7.4031681788e+03
1.5145000000e+00 3.7165052654e+02 -1.1140712308e+00 7.4039420861e+03
1.5150000000e+00 3.7178745682e+02 -1.1247479659e+00 7.4047204362e+03
1.5155000000e+00 3.7192428523e+02 -1.1354004906e+00 7.4055024321e+03
1.5160000000e+00 3.7206101082e+02 -1.1460286888e+00 7.4062866370e+03
1.5165000000e+00 3.7219762952e+02 -1.1566324502e+00 7.4070711312e+03
1.5170000000e+00 3.7233413677e+02 -1.1672116819e+00 7.4078536747e+03
1.5175000000e+00 3.7247052869e+02 -1.1777663053e+00 7.4086319168e+03
1.5180000000e+00 3.7260679984e+02 -1.1882962314e+00 7.4094036487e+03
1.5185000000e+00 3.7274294404e+02 -1.1988013691e+00 7.4101670134e+03
1.5190000000e+00 3.7287895742e+02 -1.2092816121e+00 7.4109206570e+03
1.5195000000e+00 3.7301483749e+02 -1.2197368470e+00 7.4116638713e+03
1.5200000000e+00 3.7315058142e+02 -1.2301669263e+00 7.4123966794e+03
1.5205000000e+00 3.7328618833e+02 -1.2405716866e+00 7.4131198100e+03
1.5210000000e+00 3.7342166049e+02 -1.2509509496e+00 7.4138346129e+03
1.5215000000e+00 3.7355700063e+02 -1.2613045128e+00 7.4145429524e+03
1.5220000000e+00 3.7369221144e+02 -1.2716321617e+00 7.4152470272e+03
1.5225000000e+00 3.7382729791e+02 -1.2819336728e+00 7.4159491316e+03
1.5230000000e+00 3.7396226589e+02 -1.2922088307e+00 7.4166514423e+03
1.5235000000e+00 3.7409711944e+02 -1.3024574147e+00 7.4173558303e+03
1.5240000000e+00 3.7423186202e+02 -1.3126792177e+00 7.4180636660e+03
1.5245000000e+00 3.7436649768e+02 -1.3228740556e+00 7.4187756718e+03
1.5250000000e+00 3.7450102845e+02 -1.3330417580e+00 7.4194918771e+03
1.5255000000e+00 3.7463545344e+02 -1.3431821759e+00 7.4202116247e+03
1.5260000000e+00 3.7476977143e+02 -1.3532951779e+00 7.4209336110e+03
1.5265000000e+00 3.7490398063e+02 -1.3633806604e+00 7.4216560156e+03
1.5270000000e+00 3.7503807659e+02 -1.3734385229e+00 7.4223767030e+03
1.5275000000e+00 3.7517205368e+02 -1.3834686734e+00 7.4230934167e+03
1.5280000000e+00 3.7530590761e+02 -1.3934710297e+00 7.4238039776e+03
1.5285000000e+00 3.7543963389e+02 -1.4034454998e+00 7.4245065126e+03
1.5290000000e+00 3.7557322706e+02 -1.4133919832e+00 7.4251996466e+03
1.5295000000e+00 3.7570668364e+02 -1.4233103592e+00 7.4258826086e+03
1.5300000000e+00 3.7584000259e+02 -1.4332005028e+00 7.4265553009e+03
1.5305000000e+00 3.7597318301e+02 -1.4430622579e+00 7.4272183319e+03
1.5310000000e+00 3.7610622488e+02 -1.4528954511e+00 7.4278729477e+03
1.5315000000e+00 3.7623913127e+02 -1.4626998980e+00 7.4285208874e+03
1.5320000000e+00 3.7637190641e+02 -1.4724754000e+00 7.4291642290e+03
1.5325000000e+00 3.7650455370e+02 -1.4822217502e+00 7.4298052049e+03
1.5330000000e+00 3.7663707762e+02 -1.4919387362e+00 7.4304459631e+03
1.5335000000e+00 3.7676948388e+02 -1.5016261625e+00 7.4310883538e+03
1.5340000000e+00 3.7690177646e+02 -1.5112838347e+00 7.4317337758e+03
1.5345000000e+00 3.7703395754e+02 -1.5209115732e+00 7.4323830408e+03
1.5350000000e+00 3.7716602947e+02 -1.5305092227e+00 7.4330362735e+03
1.5355000000e+00 3.7729799347e+02 -1.5400766469e+00 7.4336929129e+03
1.5360000000e+00 3.7742984763e+02 -1.5496137278e+00 7.4343517873e+03
1.5365000000e+00 3.7756158895e+02 -1.5591203614e+00 7.4350112103e+03
1.5370000000e+00 3.7769321470e+02 -1.5685964688e+00 7.4356691328e+03
1.5375000000e+00 3.7782472046e+02 -1.5780419734e+00 7.4363233649e+03
1.5380000000e+00 3.7795610025e+02 -1.5874568002e+00 7.4369717902e+03
1.5385000000e+00 3.7808734947e+02 -1.5968408778e+00 7.4376125442e+03
1.5390000000e+00 3.7821846465e+02 -1.6061941263e+00 7.4382442004e+03
1.5395000000e+00 3.7834944169e+02 -1.6155164543e+00 7.4388659273e+03
1.5400000000e+00 3.7848027770e+02 -1.6248077475e+00 7.4394775519e+03
1.5405000000e+00 3.7861097280e+02 -1.6340678877e+00 7.4400795577e+03
1.5410000000e+00 3.7874152799e+02 -1.6432967323e+00 7.4406730573e+03
1.5415000000e+00 3.7887194436e+02 -1.6524941228e+00 7.4412596902e+03
1.5420000000e+00 3.7900222530e+02 -1.6616598920e+00 7.4418414391e+03
1.5425000000e+00 3.7913237592e+02 -1.6707938679e+00 7.4424204396e+03
1.5430000000e+00 3.7926240032e+02 -1.6798958764e+00 7.4429987962e+03
1.5435000000e+00 3.7939230228e+02 -1.6889657413e+00 7.4435783689e+03
1.5440000000e+00 3.7952208665e+02 -1.6980033072e+00 7.4441605760e+03
1.5445000000e+00 3.7965175711e+02 -1.7070084289e+00 7.4447462762e+03
1.5450000000e+00 3.7978131472e+02 -1.7159809759e+00 7.4453356993e+03
1.5455000000e+00 3.7991075996e+02 -1.7249208403e+00 7.4459284038e+03
1.5460000000e+00 3.8004009297e+02 -1.7338279364e+00 7.4465233174e+03
1.5465000000e+00 3.8016931122e+02 -1.7427021967e+00 7.4471188669e+03
1.5470000000e+00 3.8029841037e+02 -1.7515435609e+00 7.4477131244e+03
1.5475000000e+00 3.8042738673e+02 -1.7603519901e+00 7.4483039731e+03
1.5480000000e+00 3.8055623621e+02 -1.7691274481e+00 7.4488893255e+03
1.5485000000e+00 3.8068495314e+02 -1.7778698947e+00 7.4494673408e+03
1.5490000000e+00 3.8081353288e+02 -1.7865792875e+00 7.4500365802e+03
1.5495000000e+00 3.8094197293e+02 -1.7952555760e+00 7.4505961368e+03
1.5500000000e+00 3.8107027085e+02 -1.8038986985e+00 7.4511457442e+03
1.5505000000e+00 3.8119842473e+02 -1.8125085694e+00 7.4516857982e+03
1.5510000000e+00 3.8132643549e+02 -1.8210850991e+00 7.4522172943e+03
1.5515000000e+00 3.8145430575e+02 -1.8296281812e+00 7.4527417396e+03
1.5520000000e+00 3.8158203781e+02 -1.8381376965e+00 7.4532610241e+03
1.5525000000e+00 3.8170963510e+02 -1.8466135202e+00 7.4537772195e+03
1.5530000000e+00 3.8183710295e+02 -1.8550555293e+00 7.4542923679e+03
1.5535000000e+00 3.8196444590e+02 -1.8634636064e+00 7.4548083060e+03
1.5540000000e+00 3.8209166705e+02 -1.8718376348e+00 7.4553264918e+03
1.5545000000e+00 3.8221876988e+02 -1.8801775209e+00 7.4558478424e+03
1.5550000000e+00 3.8234575736e+02 -1.8884831867e+00 7.4563726528e+03
1.5555000000e+00 3.8247262971e+02 -1.8967545711e+00 7.4569005897e+03
1.5560000000e+00 3.8259938565e+02 -1.9049916322e+00 7.4574307119e+03
1.5565000000e+00 3.8272602400e+02 -1.9131943496e+00 7.4579615476e+03
1.5570000000e+00 3.8285254190e+02 -1.9213627209e+00 7.4584912572e+03
1.5575000000e+00 3.8297893430e+02 -1.9294967472e+00 7.4590178189e+03
1.5580000000e+00 3.8310519670e+02 -1.9375964434e+00 7.4595392022e+03
1.5585000000e+00 3.8323132537e+02 -1.9456618269e+00 7.4600535640e+03
1.5590000000e+00 3.8335731560e+02 -1.9536929093e+00 7.4605594472e+03
1.5595000000e+00 3.8348316311e+02 -1.9616896939e+00 7.4610559106e+03
1.5600000000e+00 3.8360886617e+02 -1.9696521750e+00 7.4615425993e+03
1.5605000000e+00 3.8373442411e+02 -1.9775803390e+00 7.4620197936e+03
1.5610000000e+00 3.8385983630e+02 -1.9854741482e+00 7.4624883911e+03
1.5615000000e+00 3.8398510422e+02 -1.9933335607e+00 7.4629497970e+03
1.5620000000e+00 3.8411023161e+02 -2.0011585247e+00 7.4634057837e+03
1.5625000000e+00 3.8423522191e+02 -2.0089489811e+00 7.4638583409e+03
1.5630000000e+00 3.8436007850e+02 -2.0167048668e+00 7.4643094773e+03
1.5635000000e+00 3.8448480625e+02 -2.0244261255e+00 7.4647610066e+03
1.5640000000e+00 3.8460940977e+02 -2.0321127137e+00 7.4652143867e+03
1.5645000000e+00 3.8473389155e+02 -2.0397645915e+00 7.4656705947e+03
1.5650000000e+00 3.8485825347e+02 -2.0473817412e+00 7.4661300155e+03
1.5655000000e+00 3.8498249741e+02 -2.0549641646e+00 7.4665923984e+03
1.5660000000e+00 3.8510662290e+02 -2.0625118814e+00 7.4670569052e+03
1.5665000000e+00 3.8523062727e+02 -2.0700249268e+00 7.4675221916e+03
1.5670000000e+00 3.8535450798e+02 -2.0775033540e+00 7.4679865174e+03
1.5675000000e+00 3.8547826194e+02 -2.0849472335e+00 7.4684479235e+03
1.5680000000e+00 3.8560188405e+02 -2.0923566350e+00 7.4689044398e+03
1.5685000000e+00 3.8572536934e+02 -2.0997316361e+00 7.4693542582e+03
1.5690000000e+00 3.8584871444e+02 -2.1070723141e+00 7.4697958954e+03
1.5695000000e+00 3.8597191592e+02 -2.1143787393e+00 7.4702283547e+03
1.5700000000e+00 3.8609497036e+02 -2.1216509706e+00 7.4706512236e+03
1.5705000000e+00 3.8621787669e+02 -2.1288890556e+00 7.4710646897e+03
1.5710000000e+00 3.8634063577e+02 -2.1360930366e+00 7.4714695264e+03
1.5715000000e+00 3.8646324845e+02 -2.1432629349e+00 7.4718670349e+03
1.5720000000e+00 3.8658571668e+02 -2.1503987669e+00 7.4722589042e+03
1.5725000000e+00 3.8670804469e+02 -2.1575005436e+00 7.4726470335e+03
1.5730000000e+00 3.8683023681e+02 -2.1645682750e+00 7.4730333652e+03
1.5735000000e+00 3.8695229637e+02 -2.1716019703e+00 7.4734197052e+03
1.5740000000e+00 3.8707422730e+02 -2.1786016460e+00 7.4738075287e+03
1.5745000000e+00 3.8719603377e+02 -2.1855673377e+00 7.4741978386e+03
1.5750000000e+00 3.8731771771e+02 -2.1924990873e+00 7.4745910913e+03
1.5755000000e+00 3.8743927950e+02 -2.1993969569e+00 7.4749871459e+03
1.5760000000e+00 3.8756071956e+02 -2.2062610275e+00 7.4753852619e+03
1.5765000000e+00 3.8768203683e+02 -2.2130913992e+00 7.4757841874e+03
1.5770000000e+00 3.8780322778e+02 -2.2198881836e+00 7.4761822931e+03
1.5775000000e+00 3.8792428864e+02 -2.2266515041e+00 7.4765777101e+03
1.5780000000e+00 3.8804521610e+02 -2.2333814996e+00 7.4769685077e+03
1.5785000000e+00 3.8816600556e+02 -2.2400783053e+00 7.4773528997e+03
1.5790000000e+00 3.8828665206e+02 -2.2467420570e+00 7.4777294118e+03
1.5795000000e+00 3.8840715258e+02 -2.2533728871e+00 7.4780970033e+03
1.5800000000e+00 3.8852750509e+02 -2.2599709208e+00 7.4784551780e+03
1.5805000000e+00 3.8864770743e+02 -2.2665362700e+00 7.4788040438e+03
1.5810000000e+00 3.8876775915e+02 -2.2730690316e+00 7.4791442835e+03
1.5815000000e+00 3.8888766227e+02 -2.2795693010e+00 7.4794770788e+03
1.5820000000e+00 3.8900741908e+02 -2.2860371552e+00 7.4798040153e+03
1.5825000000e+00 3.8912703199e+02 -2.2924726672e+00 7.4801269275e+03
1.5830000000e+00 3.8924650519e+02 -2.2988759062e+00 7.4804477014e+03
1.5835000000e+00 3.8936584344e+02 -2.3052469471e+00 7.4807680998e+03
1.5840000000e+00 3.8948504999e+02 -2.3115858657e+00 7.4810896099e+03
1.5845000000e+00 3.8960412765e+02 -2.3178927462e+00 7.4814132861e+03
1.5850000000e+00 3.8972307961e+02 -2.3241676934e+00 7.4817396383e+03
1.5855000000e+00 3.8984190725e+02 -2.3304108212e+00 7.4820686032e+03
1.5860000000e+00 3.8996060967e+02 -2.3366222610e+00 7.4823995556e+03
1.5865000000e+00 3.9007918575e+02 -2.3428021599e+00 7.4827313506e+03
1.5870000000e+00 3.9019763380e+02 -2.3489506830e+00 7.4830624389e+03
1.5875000000e+00 3.9031594993e+02 -2.3550680038e+00 7.4833910366e+03
1.5880000000e+00 3.9043412954e+02 -2.3611543005e+00 7.4837152853e+03
1.5885000000e+00 3.9055216910e+02 -2.3672097625e+00 7.4840334183e+03
1.5890000000e+00 3.9067006482e+02 -2.3732345736e+00 7.4843439465e+03
1.5895000000e+00 3.9078781234e+02 -2.3792289129e+00 7.4846458086e+03
1.5900000000e+00 3.9090540900e+02 -2.3851929507e+00 7.4849384520e+03
1.5905000000e+00 3.9102285405e+02 -2.3911268506e+00 7.4852218849e+03
1.5910000000e+00 3.9114014686e+02 -2.3970307623e+00 7.4854966921e+03
1.5915000000e+00 3.9125728768e+02 -2.4029048189e+00 7.4857639699e+03
1.5920000000e+00 3.9137427920e+02 -2.4087491518e+00 7.4860252017e+03
1.5925000000e+00 3.9149112492e+02 -2.4145638794e+00 7.4862821272e+03
1.5930000000e+00 3.9160782773e+02 -2.4203491169e+00 7.4865365853e+03
1.5935000000e+00 3.9172439138e+02 -2.4261049768e+00 7.4867903179e+03
1.5940000000e+00 3.9184082049e+02 -2.4318315804e+00 7.4870447984e+03
1.5945000000e+00 3.9195711817e+02 -2.4375290545e+00 7.4873011097e+03
1.5950000000e+00 3.9207328610e+02 -2.4431975318e+00 7.4875598372e+03
1.5955000000e+00 3.9218932610e+02 -2.4488371659e+00 7.4878209959e+03
1.5960000000e+00 3.9230523890e+02 -2.4544481211e+00 7.4880840415e+03
1.5965000000e+00 3.9242102269e+02 -2.4600305762e+00 7.4883479379e+03
1.5970000000e+00 3.9253667492e+02 -2.4655847202e+00 7.4886112424e+03
1.5975000000e+00 3.9265219322e+02 -2.4711107583e+00 7.4888722390e+03
1.5980000000e+00 3.9276757374e+02 -2.4766089003e+00 7.4891291226e+03
1.5985000000e+00 3.9288281158e+02 -2.4820793543e+00 7.4893801740e+03
1.5990000000e+00 3.9299790307e+02 -2.4875223343e+00 7.4896239056e+03
1.5995000000e+00 3.9311284533e+02 -2.4929380467e+00 7.4898592114e+03
1.6000000000e+00 3.9322763507e+02 -2.4983266894e+00 7.4900854884e+03
1.6005000000e+00 3.9334227019e+02 -2.5036884471e+00 7.4903026791e+03
1.6010000000e+00 3.9345675092e+02 -2.5090234968e+00 7.4905112647e+03
1.6015000000e+00 3.9357107818e+02 -2.5143320031e+00 7.4907122341e+03
1.6020000000e+00 3.9368525306e+02 -2.5196141131e+00 7.4909069905e+03
1.6025000000e+00 3.9379927852e+02 -2.5248699724e+00 7.4910971964e+03
1.6030000000e+00 3.9391315878e+02 -2.5300997170e+00 7.4912846151e+03
1.6035000000e+00 3.9402689718e+02 -2.5353034830e+00 7.4914709577e+03
1.6040000000e+00 3.9414049685e+02 -2.5404814030e+00 7.4916577086e+03
1.6045000000e+00 3.9425396172e+02 -2.5456336213e+00 7.4918459689e+03
1.6050000000e+00 3.9436729458e+02 -2.5507602896e+00 7.4920363668e+03
1.6055000000e+00 3.9448049613e+02 -2.5558615657e+00 7.4922290062e+03
1.6060000000e+00 3.9459356666e+02 -2.5609376248e+00 7.4924234394e+03
1.6065000000e+00 3.9470650604e+02 -2.5659886528e+00 7.4926187122e+03
1.6070000000e+00 3.9481931194e+02 -2.5710148489e+00 7.4928134751e+03
1.6075000000e+00 3.9493198074e+02 -2.5760164154e+00 7.4930061078e+03
1.6080000000e+00 3.9504450934e+02 -2.5809935671e+00 7.4931948608e+03
1.6085000000e+00 3.9515689421e+02 -2.5859465210e+00 7.4933780367e+03
1.6090000000e+00 3.9526913073e+02 -2.5908754872e+00 7.4935541643e+03
1.6095000000e+00 3.9538121524e+02 -2.5957806753e+00 7.4937221225e+03
1.6100000000e+00 3.9549314573e+02 -2.6006622850e+00 7.4938812433e+03
1.6105000000e+00 3.9560492030e+02 -2.6055205073e+00 7.4940313926e+03
1.6110000000e+00 3.9571653760e+02 -2.6103555150e+00 7.4941729781e+03
1.6115000000e+00 3.9582799859e+02 -2.6151674730e+00 7.4943068916e+03
1.6120000000e+00 3.9593930551e+02 -2.6199565356e+00 7.4944344301e+03
1.6125000000e+00 3.9605046035e+02 -2.6247228410e+00 7.4945571832e+03
1.6130000000e+00 3.9616146607e+02 -2.6294665249e+00 7.4946768638e+03
1.6135000000e+00 3.9627232708e+02 -2.6341877173e+00 7.4947951348e+03
1.6140000000e+00 3.9638304700e+02 -2.6388865512e+00 7.4949134667e+03
1.6145000000e+00 3.9649362831e+02 -2.6435631565e+00 7.4950329966e+03
1.6150000000e+00 3.9660407381e+02 -2.6482176747e+00 7.4951544017e+03
1.6155000000e+00 3.9671438573e+02 -2.6528502575e+00 7.4952778420e+03
1.6160000000e+00 3.9682456397e+02 -2.6574610617e+00 7.4954029615e+03
1.6165000000e+00 3.9693460740e+02 -2.6620502583e+00 7.4955289115e+03
1.6170000000e+00 3.9704451488e+02 -2.6666180265e+00 7.4956544236e+03
1.6175000000e+00 3.9715428380e+02 -2.6711645580e+00 7.4957779496e+03
1.6180000000e+00 3.9726390995e+02 -2.6756900418e+00 7.4958978153e+03
1.6185000000e+00 3.9737338965e+02 -2.6801946746e+00 7.4960123642e+03
1.6190000000e+00 3.9748271977e+02 -2.6846786516e+00 7.4961201205e+03
1.6195000000e+00 3.9759189645e+02 -2.6891421594e+00 7.4962199461e+03
1.6200000000e+00 3.9770091635e+02 -2.6935853776e+00 7.4963111408e+03
1.6205000000e+00 3.9780977820e+02 -2.6980084743e+00 7.4963934950e+03
1.6210000000e+00 3.9791848153e+02 -2.7024116085e+00 7.4964673220e+03
1.6215000000e+00 3.9802702601e+02 -2.7067949199e+00 7.4965334335e+03
1.6220000000e+00 3.9813541307e+02 -2.7111585391e+00 7.4965930430e+03
1.6225000000e+00 3.9824364587e+02 -2.7155025882e+00 7.4966476459e+03
1.6230000000e+00 3.9835172725e+02 -2.7198271768e+00 7.4966988921e+03
1.6235000000e+00 3.9845966009e+02 -2.7241324112e+00 7.4967484199e+03
1.6240000000e+00 3.9856744840e+02 -2.7284183945e+00 7.4967976833e+03
1.6245000000e+00 3.9867509581e+02 -2.7326852367e+00 7.4968478238e+03
1.6250000000e+00 3.9878260420e+02 -2.7369330453e+00 7.4968995719e+03
1.6255000000e+00 3.9888997508e+02 -2.7411619384e+00 7.4969531617e+03
1.6260000000e+00 3.9899720977e+02 -2.7453720450e+00 7.4970083056e+03
1.6265000000e+00 3.9910430759e+02 -2.7495635005e+00 7.4970642414e+03
1.6270000000e+00 3.9921126625e+02 -2.7537364492e+00 7.4971198036e+03
1.6275000000e+00 3.9931808356e+02 -2.7578910417e+00 7.4971735219e+03
1.6280000000e+00 3.9942475676e+02 -2.7620274385e+00 7.4972237715e+03
1.6285000000e+00 3.9953128162e+02 -2.7661457945e+00 7.4972689433e+03
1.6290000000e+00 3.9963765411e+02 -2.7702462661e+00 7.4973075850e+03
1.6295000000e+00 3.9974387149e+02 -2.7743290059e+00 7.4973385333e+03
1.6300000000e+00 3.9984993097e+02 -2.7783941565e+00 7.4973610411e+03
1.6305000000e+00 3.9995582992e+02 -2.7824418490e+00 7.4973748488e+03
1.6310000000e+00 4.0006156765e+02 -2.7864722019e+00 7.4973801914e+03
1.6315000000e+00 4.0016714498e+02 -2.7904853249e+00 7.4973777792e+03
1.6320000000e+00 4.0027256273e+02 -2.7944813095e+00 7.4973687425e+03
1.6325000000e+00 4.0037782268e+02 -2.7984602371e+00 7.4973545092e+03
1.6330000000e+00 4.0048292842e+02 -2.8024221834e+00 7.4973366567e+03
1.6335000000e+00 4.0058788346e+02 -2.8063672152e+00 7.4973167741e+03
1.6340000000e+00 4.0069269052e+02 -2.8102953971e+00 7.4972963126e+03
1.6345000000e+00 4.0079735285e+02 -2.8142067916e+00 7.4972764296e+03
1.6350000000e+00 4.0090187370e+02 -2.8181014712e+00 7.4972578800e+03
1.6355000000e+00 4.0100625443e+02 -2.8219795078e+00 7.4972409604e+03
1.6360000000e+00 4.0111049526e+02 -2.8258409826e+00 7.4972254735e+03
1.6365000000e+00 4.0121459636e+02 -2.8296859867e+00 7.4972107358e+03
1.6370000000e+00 4.0131855660e+02 -2.8335146181e+00 7.4971956586e+03
1.6375000000e+00 4.0142237292e+02 -2.8373269811e+00 7.4971788606e+03
1.6380000000e+00 4.0152604221e+02 -2.8411231818e+00 7.4971587869e+03
1.6385000000e+00 4.0162956161e+02 -2.8449033344e+00 7.4971338574e+03
1.6390000000e+00 4.0173292729e+02 -2.8486675456e+00 7.4971026356e+03
1.6395000000e+00 4.0183613528e+02 -2.8524159183e+00 7.4970639613e+03
1.6400000000e+00 4.0193918319e+02 -2.8561485493e+00 7.4970170471e+03
1.6405000000e+00 4.0204206943e+02 -2.8598655250e+00 7.4969615638e+03
1.6410000000e+00 4.0214479235e+02 -2.8635669190e+00 7.4968976800e+03
1.6415000000e+00 4.0224735183e+02 -2.8672527897e+00 7.4968260303e+03
1.6420000000e+00 4.0234974965e+02 -2.8709231891e+00 7.4967476473e+03
1.6425000000e+00 4.0245198774e+02 -2.8745781534e+00 7.4966638773e+03
1.6430000000e+00 4.0255406823e+02 -2.8782177092e+00 7.4965762473e+03
1.6435000000e+00 4.0265599466e+02 -2.8818418788e+00 7.4964863013e+03
1.6440000000e+00 4.0275777085e+02 -2.8854506804e+00 7.4963954597e+03
1.6445000000e+00 4.0285939936e+02 -2.8890441322e+00 7.4963048943e+03
1.6450000000e+00 4.0296088250e+02 -2.8926222507e+00 7.4962154038e+03
1.6455000000e+00 4.0306222271e+02 -2.8961850649e+00 7.4961273300e+03
1.6460000000e+00 4.0316342087e+02 -2.8997326048e+00 7.4960405423e+03
1.6465000000e+00 4.0326447610e+02 -2.9032649091e+00 7.4959544520e+03
1.6470000000e+00 4.0336538737e+02 -2.9067820244e+00 7.4958680555e+03
1.6475000000e+00 4.0346615306e+02 -2.9102840043e+00 7.4957800363e+03
1.6480000000e+00 4.0356676981e+02 -2.9137709067e+00 7.4956889073e+03
1.6485000000e+00 4.0366723385e+02 -2.9172427875e+00 7.4955931434e+03
1.6490000000e+00 4.0376754227e+02 -2.9206997082e+00 7.4954913199e+03
1.6495000000e+00 4.0386769190e+02 -2.9241417217e+00 7.4953822622e+03
1.6500000000e+00 4.0396767927e+02 -2.9275688743e+00 7.4952651630e+03
1.6505000000e+00 4.0406750238e+02 -2.9309812033e+00 7.4951396431e+03
1.6510000000e+00 4.0416716071e+02 -2.9343787361e+00 7.4950057879e+03
1.6515000000e+00 4.0426665383e+02 -2.9377614882e+00 7.4948641526e+03
1.6520000000e+00 4.0436598219e+02 -2.9411294588e+00 7.4947156993e+03
1.6525000000e+00 4.0446514814e+02 -2.9444826427e+00 7.4945616910e+03
1.6530000000e+00 4.0456415456e+02 -2.9478210218e+00 7.4944035807e+03
1.6535000000e+00 4.0466300388e+02 -2.9511445718e+00 7.4942428774e+03
1.6540000000e+00 4.0476169926e+02 -2.9544532642e+00 7.4940809861e+03
1.6545000000e+00 4.0486024441e+02 -2.9577470716e+00 7.4939190705e+03
1.6550000000e+00 4.0495864170e+02 -2.9610259688e+00 7.4937579569e+03
1.6555000000e+00 4.0505689242e+02 -2.9642899305e+00 7.4935980510e+03
1.6560000000e+00 4.0515499796e+02 -2.9675389439e+00 7.4934392863e+03
1.6565000000e+00 4.0525295863e+02 -2.9707730005e+00 7.4932811421e+03
1.6570000000e+00 4.0535077278e+02 -2.9739920989e+00 7.4931227038e+03
1.6575000000e+00 4.0544843823e+02 -2.9771962438e+00 7.4929627393e+03
1.6580000000e+00 4.0554595288e+02 -2.9803854465e+00 7.4927998144e+03
1.6585000000e+00 4.0564331342e+02 -2.9835597217e+00 7.4926324461e+03
1.6590000000e+00 4.0574051586e+02 -2.9867190784e+00 7.4924592444e+03
1.6595000000e+00 4.0583755723e+02 -2.9898635290e+00 7.4922790313e+03
1.6600000000e+00 4.0593443520e+02 -2.9929930772e+00 7.4920909607e+03
1.6605000000e+00 4.0603114715e+02 -2.9961077192e+00 7.4918946100e+03
1.6610000000e+00 4.0612769154e+02 -2.9992074393e+00 7.4916900083e+03
1.6615000000e+00 4.0622406875e+02 -3.0022922140e+00 7.4914776241e+03
1.6620000000e+00 4.0632027958e+02 -3.0053620092e+00 7.4912583335e+03
1.6625000000e+00 4.0641632509e+02 -3.0084167761e+00 7.4910333353e+03
1.6630000000e+00 4.0651220789e+02 -3.0114564624e+00 7.4908040195e+03
1.6635000000e+00 4.0660793142e+02 -3.0144810080e+00 7.4905718369e+03
1.6640000000e+00 4.0670349840e+02 -3.0174903491e+00 7.4903381715e+03
1.6645000000e+00 4.0679891142e+02 -3.0204844201e+00 7.4901041983e+03
1.6650000000e+00 4.0689417362e+02 -3.0234631592e+00 7.4898707606e+03
1.6655000000e+00 4.0698928707e+02 -3.0264265107e+00 7.4896383030e+03
1.6660000000e+00 4.0708425221e+02 -3.0293744201e+00 7.4894068335e+03
1.6665000000e+00 4.0717906917e+02 -3.0323068451e+00 7.4891759097e+03
1.6670000000e+00 4.0727373761e+02 -3.0352237493e+00 7.4889446840e+03
1.6675000000e+00 4.0736825542e+02 -3.0381251042e+00 7.4887120004e+03
1.6680000000e+00 4.0746261955e+02 -3.0410108846e+00 7.4884765000e+03
1.6685000000e+00 4.0755682741e+02 -3.0438810708e+00 7.4882367412e+03
1.6690000000e+00 4.0765087599e+02 -3.0467356462e+00 7.4879913499e+03
1.6695000000e+00 4.0774476152e+02 -3.0495745871e+00 7.4877391584e+03
1.6700000000e+00 4.0783848111e+02 -3.0523978703e+00 7.4874793035e+03
1.6705000000e+00 4.0793203321e+02 -3.0552054639e+00 7.4872113071e+03
1.6710000000e+00 4.0802541633e+02 -3.0579973298e+00 7.4869351347e+03
1.6715000000e+00 4.0811862954e+02 -3.0607734169e+00 7.4866511936e+03
1.6720000000e+00 4.0821167384e+02 -3.0635336673e+00 7.4863602789e+03
1.6725000000e+00 4.0830455112e+02 -3.0662780159e+00 7.4860635048e+03
1.6730000000e+00 4.0839726310e+02 -3.0690063856e+00 7.4857622046e+03
1.6735000000e+00 4.0848981236e+02 -3.0717186969e+00 7.4854577890e+03
1.6740000000e+00 4.0858220250e+02 -3.0744148674e+00 7.4851516055e+03
1.6745000000e+00 4.0867443639e+02 -3.0770948147e+00 7.4848448224e+03
1.6750000000e+00 4.0876651602e+02 -3.0797584570e+00 7.4845383153e+03
1.6755000000e+00 4.0885844361e+02 -3.0824057180e+00 7.4842325700e+03
1.6760000000e+00 4.0895022076e+02 -3.0850365320e+00 7.4839276432e+03
1.6765000000e+00 4.0904184722e+02 -3.0876508350e+00 7.4836231691e+03
1.6770000000e+00 4.0913332192e+02 -3.0902485754e+00 7.4833183854e+03
1.6775000000e+00 4.0922464379e+02 -3.0928297082e+00 7.4830122008e+03
1.6780000000e+00 4.0931581047e+02 -3.0953941966e+00 7.4827033145e+03
1.6785000000e+00 4.0940681847e+02 -3.0979420056e+00 7.4823903439e+03
1.6790000000e+00 4.0949766475e+02 -3.1004731039e+00 7.4820719439e+03
1.6795000000e+00 4.0958834674e+02 -3.1029874634e+00 7.4817469400e+03
1.6800000000e+00 4.0967886126e+02 -3.1054850483e+00 7.4814144535e+03
1.6805000000e+00 4.0976920573e+02 -3.1079658210e+00 7.4810739761e+03
1.6810000000e+00 4.0985937928e+02 -3.1104297365e+00 7.4807254089e+03
1.6815000000e+00 4.0994938158e+02 -3.1128767440e+00 7.4803690822e+03
1.6820000000e+00 4.1003921250e+02 -3.1153067817e+00 7.4800057263e+03
1.6825000000e+00 4.1012887345e+02 -3.1177197813e+00 7.4796363862e+03
1.6830000000e+00 4.1021836706e+02 -3.1201156713e+00 7.4792623205e+03
1.6835000000e+00 4.1030769569e+02 -3.1224943713e+00 7.4788848927e+03
1.6840000000e+00 4.1039686178e+02 -3.1248558014e+00 7.4785054322e+03
1.6845000000e+00 4.1048586862e+02 -3.1271998812e+00 7.4781250962e+03
1.6850000000e+00 4.1057471902e+02 -3.1295265354e+00 7.4777447686e+03
1.6855000000e+00 4.1066341443e+02 -3.1318356913e+00 7.4773649817e+03
1.6860000000e+00 4.1075195599e+02 -3.1341272837e+00 7.4769858536e+03
1.6865000000e+00 4.1084034458e+02 -3.1364012592e+00 7.4766070759e+03
1.6870000000e+00 4.1092857943e+02 -3.1386575696e+00 7.4762279583e+03
1.6875000000e+00 4.1101665855e+02 -3.1408961769e+00 7.4758474923e+03
1.6880000000e+00 4.1110458004e+02 -3.1431170502e+00 7.4754644382e+03
1.6885000000e+00 4.1119234149e+02 -3.1453201664e+00 7.4750774521e+03
1.6890000000e+00 4.1127993935e+02 -3.1475055046e+00 7.4746852256e+03
1.6895000000e+00 4.1136737039e+02 -3.1496730437e+00 7.4742865994e+03
1.6900000000e+00 4.1145463242e+02 -3.1518227667e+00 7.4738806704e+03
1.6905000000e+00 4.1154172316e+02 -3.1539546486e+00 7.4734668910e+03
1.6910000000e+00 4.1162864060e+02 -3.1560686623e+00 7.4730451196e+03
1.6915000000e+00 4.1171538439e+02 -3.1581647722e+00 7.4726156199e+03
1.6920000000e+00 4.1180195529e+02 -3.1602429403e+00 7.4721790402e+03
1.6925000000e+00 4.1188835405e+02 -3.1623031185e+00 7.4717363594e+03
1.6930000000e+00 4.1197458233e+02 -3.1643452539e+00 7.4712887820e+03
1.6935000000e+00 4.1206064315e+02 -3.1663692931e+00 7.4708376140e+03
1.6940000000e+00 4.1214653933e+02 -3.1683751787e+00 7.4703841494e+03
1.6945000000e+00 4.1223227312e+02 -3.1703628549e+00 7.4699295467e+03
1.6950000000e+00 4.1231784716e+02 -3.1723322686e+00 7.4694747043e+03
1.6955000000e+00 4.1240326396e+02 -3.1742833751e+00 7.4690201783e+03
1.6960000000e+00 4.1248852446e+02 -3.1762161351e+00 7.4685661415e+03
1.6965000000e+00 4.1257362873e+02 -3.1781305167e+00 7.4681123594e+03
1.6970000000e+00 4.1265857676e+02 -3.1800265017e+00 7.4676582062e+03
1.6975000000e+00 4.1274336739e+02 -3.1819040775e+00 7.4672027368e+03
1.6980000000e+00 4.1282799799e+02 -3.1837632418e+00 7.4667447833e+03
1.6985000000e+00 4.1291246598e+02 -3.1856039969e+00 7.4662830554e+03
1.6990000000e+00 4.1299676893e+02 -3.1874263535e+00 7.4658162658e+03
1.6995000000e+00 4.1308090363e+02 -3.1892303230e+00 7.4653432668e+03
1.7000000000e+00 4.1316486692e+02 -3.1910159153e+00 7.4648631543e+03
1.7005000000e+00 4.1324865698e+02 -3.1927831425e+00 7.4643753443e+03
1.7010000000e+00 4.1333227252e+02 -3.1945320100e+00 7.4638796374e+03
1.7015000000e+00 4.1341571234e+02 -3.1962625202e+00 7.4633762430e+03
1.7020000000e+00 4.1349897655e+02 -3.1979746674e+00 7.4628657458e+03
1.7025000000e+00 4.1358206672e+02 -3.1996684444e+00 7.4623490462e+03
1.7030000000e+00 4.1366498449e+02 -3.2013438378e+00 7.4618272850e+03
1.7035000000e+00 4.1374773171e+02 -3.2030008290e+00 7.4613017292e+03
1.7040000000e+00 4.1383031137e+02 -3.2046394022e+00 7.4607736383e+03
1.7045000000e+00 4.1391272652e+02 -3.2062595406e+00 7.4602441497e+03
1.7050000000e+00 4.1399497920e+02 -3.2078612321e+00 7.4597141781e+03
1.7055000000e+00 4.1407707123e+02 -3.2094444674e+00 7.4591843171e+03
1.7060000000e+00 4.1415900449e+02 -3.2110092487e+00 7.4586547787e+03
1.7065000000e+00 4.1424077947e+02 -3.2125555852e+00 7.4581253861e+03
1.7070000000e+00 4.1432239533e+02 -3.2140834935e+00 7.4575955913e+03
1.7075000000e+00 4.1440385109e+02 -3.2155930029e+00 7.4570645176e+03
1.7080000000e+00 4.1448514526e+02 -3.2170841493e+00 7.4565310494e+03
1.7085000000e+00 4.1456627494e+02 -3.2185569773e+00 7.4559939510e+03
1.7090000000e+00 4.1464723705e+02 -3.2200115338e+00 7.4554519768e+03
1.7095000000e+00 4.1472802919e+02 -3.2214478730e+00 7.4549039849e+03
1.7100000000e+00 4.1480864874e+02 -3.2228660487e+00 7.4543490584e+03
1.7105000000e+00 4.1488909293e+02 -3.2242661113e+00 7.4537865947e+03
1.7110000000e+00 4.1496936032e+02 -3.2256481117e+00 7.4532163504e+03
1.7115000000e+00 4.1504945055e+02 -3.2270120946e+00 7.4526384663e+03
1.7120000000e+00 4.1512936337e+02 -3.2283581017e+00 7.4520534634e+03
1.7125000000e+00 4.1520909935e+02 -3.2296861661e+00 7.4514621844e+03
1.7130000000e+00 4.1528866054e+02 -3.2309963209e+00 7.4508657029e+03
1.7135000000e+00 4.1536804932e+02 -3.2322885949e+00 7.4502652294e+03
1.7140000000e+00 4.1544726771e+02 -3.2335630136e+00 7.4496619981e+03
1.7145000000e+00 4.1552631838e+02 -3.2348196061e+00 7.4490571361e+03
1.7150000000e+00 4.1560520426e+02 -3.2360584028e+00 7.4484515550e+03
1.7155000000e+00 4.1568392716e+02 -3.2372794412e+00 7.4478458757e+03
1.7160000000e+00 4.1576248806e+02 -3.2384827619e+00 7.4472403639e+03
1.7165000000e+00 4.1584088796e+02 -3.2396684174e+00 7.4466348964e+03
1.7170000000e+00 4.1591912690e+02 -3.2408364680e+00 7.4460289825e+03
1.7175000000e+00 4.1599720336e+02 -3.2419869813e+00 7.4454218188e+03
1.7180000000e+00 4.1607511548e+02 -3.2431200348e+00 7.4448123565e+03
1.7185000000e+00 4.1615286142e+02 -3.2442357123e+00 7.4441994014e+03
1.7190000000e+00 4.1623043834e+02 -3.2453341044e+00 7.4435817410e+03
1.7195000000e+00 4.1630784299e+02 -3.2464153020e+00 7.4429582589e+03
1.7200000000e+00 4.1638507302e+02 -3.2474793994e+00 7.4423280316e+03
1.7205000000e+00 4.1646212651e+02 -3.2485264910e+00 7.4416904230e+03
1.7210000000e+00 4.1653900140e+02 -3.2495566651e+00 7.4410451534e+03
1.7215000000e+00 4.1661569664e+02 -3.2505700088e+00 7.4403923150e+03
1.7220000000e+00 4.1669221264e+02 -3.2515666024e+00 7.4397323576e+03
1.7225000000e+00 4.1676855015e+02 -3.2525465244e+00 7.4390660555e+03
1.7230000000e+00 4.1684471018e+02 -3.2535098436e+00 7.4383944313e+03
1.7235000000e+00 4.1692069499e+02 -3.2544566296e+00 7.4377186454e+03
1.7240000000e+00 4.1699650741e+02 -3.2553869493e+00 7.4370398876e+03
1.7245000000e+00 4.1707214961e+02 -3.2563008682e+00 7.4363592724e+03
1.7250000000e+00 4.1714762374e+02 -3.2571984549e+00 7.4356777230e+03
1.7255000000e+00 4.1722293230e+02 -3.2580797811e+00 7.4349958765e+03
1.7260000000e+00 4.1729807678e+02 -3.2589449271e+00 7.4343140344e+03
1.7265000000e+00 4.1737305742e+02 -3.2597939756e+00 7.4336321362e+03
1.7270000000e+00 4.1744787421e+02 -3.2606270205e+00 7.4329497551e+03
1.7275000000e+00 4.1752252670e+02 -3.2614441633e+00 7.4322661425e+03
1.7280000000e+00 4.1759701295e+02 -3.2622455116e+00 7.4315803123e+03
1.7285000000e+00 4.1767133043e+02 -3.2630311801e+00 7.4308911290e+03
1.7290000000e+00 4.1774547697e+02 -3.2638012874e+00 7.4301974110e+03
1.7295000000e+00 4.1781944999e+02 -3.2645559580e+00 7.4294980533e+03
1.7300000000e+00 4.1789324644e+02 -3.2652953125e+00 7.4287921384e+03
1.7305000000e+00 4.1796686408e+02 -3.2660194733e+00 7.4280790125e+03
1.7310000000e+00 4.1804030171e+02 -3.2667285601e+00 7.4273583483e+03
1.7315000000e+00 4.1811355816e+02 -3.2674226865e+00 7.4266301862e+03
1.7320000000e+00 4.1818663287e+02 -3.2681019620e+00 7.4258949247e+03
1.7325000000e+00 4.1825952682e+02 -3.2687664888e+00 7.4251532715e+03
1.7330000000e+00 4.1833224160e+02 -3.2694163679e+00 7.4244061822e+03
1.7335000000e+00 4.1840477870e+02 -3.2700516910e+00 7.4236547734e+03
1.7340000000e+00 4.1847714035e+02 -3.2706725499e+00 7.4229002041e+03
1.7345000000e+00 4.1854932947e+02 -3.2712790353e+00 7.4221435618e+03
1.7350000000e+00 4.1862134833e+02 -3.2718712376e+00 7.4213857684e+03
1.7355000000e+00 4.1869319851e+02 -3.2724492505e+00 7.4206274901e+03
1.7360000000e+00 4.1876488175e+02 -3.2730131705e+00 7.4198690635e+03
1.7365000000e+00 4.1883639917e+02 -3.2735631038e+00 7.4191104704e+03
1.7370000000e+00 4.1890775037e+02 -3.2740991580e+00 7.4183513484e+03
1.7375000000e+00 4.1897893440e+02 -3.2746214501e+00 7.4175910174e+03
1.7380000000e+00 4.1904995023e+02 -3.2751301036e+00 7.4168285427e+03
1.7385000000e+00 4.1912079576e+02 -3.2756252465e+00 7.4160628361e+03
1.7390000000e+00 4.1919146806e+02 -3.2761070110e+00 7.4152927614e+03
1.7395000000e+00 4.1926196471e+02 -3.2765755297e+00 7.4145172336e+03
1.7400000000e+00 4.1933228351e+02 -3.2770309400e+00 7.4137353271e+03
1.7405000000e+00 4.1940242191e+02 -3.2774733722e+00 7.4129463737e+03
1.7410000000e+00 4.1947237795e+02 -3.2779029558e+00 7.4121500184e+03
1.7415000000e+00 4.1954215102e+02 -3.2783198154e+00 7.4113462466e+03
1.7420000000e+00 4.1961174093e+02 -3.2787240694e+00 7.4105353942e+03
1.7425000000e+00 4.1968114772e+02 -3.2791158300e+00 7.4097181162e+03
1.7430000000e+00 4.1975037271e+02 -3.2794952015e+00 7.4088953116e+03
1.7435000000e+00 4.1981941811e+02 -3.2798622879e+00 7.4080680382e+03
1.7440000000e+00 4.1988828585e+02 -3.2802171838e+00 7.4072374195e+03
1.7445000000e+00 4.1995697800e+02 -3.2805599844e+00 7.4064045304e+03
1.7450000000e+00 4.2002549723e+02 -3.2808907838e+00 7.4055702862e+03
1.7455000000e+00 4.2009384572e+02 -3.2812096775e+00 7.4047353634e+03
1.7460000000e+00 4.2016202453e+02 -3.2815167640e+00 7.4039001395e+03
1.7465000000e+00 4.2023003453e+02 -3.2818121438e+00 7.4030646467e+03
1.7470000000e+00 4.2029787626e+02 -3.2820959271e+00 7.4022285705e+03
1.7475000000e+00 4.2036554889e+02 -3.2823682250e+00 7.4013912909e+03
1.7480000000e+00 4.2043305067e+02 -3.2826291557e+00 7.4005519394e+03
1.7485000000e+00 4.2050037998e+02 -3.2828788414e+00 7.3997094748e+03
1.7490000000e+00 4.2056753472e+02 -3.2831174075e+00 7.3988627912e+03
1.7495000000e+00 4.2063451191e+02 -3.2833449814e+00 7.3980108311e+03
1.7500000000e+00 4.2070130900e+02 -3.2835616868e+00 7.3971526773e+03
1.7505000000e+00 4.2076792420e+02 -3.2837676504e+00 7.3962876387e+03
1.7510000000e+00 4.2083435569e+02 -3.2839629904e+00 7.3954153268e+03
1.7515000000e+00 4.2090060196e+02 -3.2841478215e+00 7.3945356899e+03
1.7520000000e+00 4.2096666291e+02 -3.2843222516e+00 7.3936490076e+03
1.7525000000e+00 4.2103253920e+02 -3.2844863822e+00 7.3927558682e+03
1.7530000000e+00 4.2109823157e+02 -3.2846403084e+00 7.3918571182e+03
1.7535000000e+00 4.2116374153e+02 -3.2847841167e+00 7.3909537716e+03
1.7540000000e+00 4.2122907157e+02 -3.2849178929e+00 7.3900469070e+03
1.7545000000e+00 4.2129422399e+02 -3.2850417162e+00 7.3891375740e+03
1.7550000000e+00 4.2135920061e+02 -3.2851556650e+00 7.3882266914e+03
1.7555000000e+00 4.2142400358e+02 -3.2852598176e+00 7.3873149495e+03
1.7560000000e+00 4.2148863480e+02 -3.2853542544e+00 7.3864027476e+03
1.7565000000e+00 4.2155309488e+02 -3.2854390592e+00 7.3854901653e+03
1.7570000000e+00 4.2161738377e+02 -3.2855143164e+00 7.3845769486e+03
1.7575000000e+00 4.2168150135e+02 -3.2855801197e+00 7.3836625294e+03
1.7580000000e+00 4.2174544644e+02 -3.2856365629e+00 7.3827460910e+03
1.7585000000e+00 4.2180921681e+02 -3.2856837449e+00 7.3818266496e+03
1.7590000000e+00 4.2187281029e+02 -3.2857217659e+00 7.3809031394e+03
1.7595000000e+00 4.2193622483e+02 -3.2857507282e+00 7.3799745178e+03
1.7600000000e+00 4.2199945776e+02 -3.2857707332e+00 7.3790398746e+03
1.7605000000e+00 4.2206250659e+02 -3.2857818766e+00 7.3780985146e+03
1.7610000000e+00 4.2212536991e+02 -3.2857842544e+00 7.3771500161e+03
1.7615000000e+00 4.2218804672e+02 -3.2857779537e+00 7.3761942793e+03
1.7620000000e+00 4.2225053617e+02 -3.2857630560e+00 7.3752315382e+03
1.7625000000e+00 4.2231283852e+02 -3.2857396352e+00 7.3742623280e+03
1.7630000000e+00 4.2237495515e+02 -3.2857077585e+00 7.3732874316e+03
1.7635000000e+00 4.2243688744e+02 -3.2856674877e+00 7.3723078132e+03
1.7640000000e+00 4.2249863701e+02 -3.2856188753e+00 7.3713245212e+03
1.7645000000e+00 4.2256020636e+02 -3.2855619742e+00 7.3703385784e+03
1.7650000000e+00 4.2262159792e+02 -3.2854968319e+00 7.3693508899e+03
1.7655000000e+00 4.2268281326e+02 -3.2854234958e+00 7.3683621625e+03
1.7660000000e+00 4.2274385386e+02 -3.2853420136e+00 7.3673728274e+03
1.7665000000e+00 4.2280472110e+02 -3.2852524350e+00 7.3663829976e+03
1.7670000000e+00 4.2286541519e+02 -3.2851548147e+00 7.3653924683e+03
1.7675000000e+00 4.2292593532e+02 -3.2850492061e+00 7.3644007349e+03
1.7680000000e+00 4.2298628060e+02 -3.2849356711e+00 7.3634070347e+03
1.7685000000e+00 4.2304644964e+02 -3.2848142711e+00 7.3624104256e+03
1.7690000000e+00 4.2310643996e+02 -3.2846850712e+00 7.3614098849e+03
1.7695000000e+00 4.2316624904e+02 -3.2845481353e+00 7.3604044003e+03
1.7700000000e+00 4.2322587492e+02 -3.2844035274e+00 7.3593930634e+03
1.7705000000e+00 4.2328531543e+02 -3.2842513099e+00 7.3583751663e+03
1.7710000000e+00 4.2334456840e+02 -3.2840915373e+00 7.3573502697e+03
1.7715000000e+00 4.2340363279e+02 -3.2839242623e+00 7.3563182345e+03
1.7720000000e+00 4.2346250838e+02 -3.2837495293e+00 7.3552792381e+03
1.7725000000e+00 4.2352119508e+02 -3.2835673755e+00 7.3542337639e+03
1.7730000000e+00 4.2357969349e+02 -3.2833778312e+00 7.3531825473e+03
1.7735000000e+00 4.2363800542e+02 -3.2831809191e+00 7.3521264984e+03
1.7740000000e+00 4.2369613281e+02 -3.2829766594e+00 7.3510666221e+03
1.7745000000e+00 4.2375407735e+02 -3.2827650624e+00 7.3500039235e+03
1.7750000000e+00 4.2381184127e+02 -3.2825461402e+00 7.3489393007e+03
1.7755000000e+00 4.2386942688e+02 -3.2823199008e+00 7.3478734605e+03
1.7760000000e+00 4.2392683552e+02 -3.2820863539e+00 7.3468068600e+03
1.7765000000e+00 4.2398406792e+02 -3.2818455088e+00 7.3457396574e+03
1.7770000000e+00 4.2404112480e+02 -3.2815973784e+00 7.3446716918e+03
1.7775000000e+00 4.2409800597e+02 -3.2813419798e+00 7.3436025067e+03
1.7780000000e+00 4.2415471006e+02 -3.2810793301e+00 7.3425313991e+03
1.7785000000e+00 4.2421123548e+02 -3.2808094514e+00 7.3414574791e+03
1.7790000000e+00 4.2426758062e+02 -3.2805323671e+00 7.3403797557e+03
1.7795000000e+00 4.2432374305e+02 -3.2802481013e+00 7.3392972423e+03
1.7800000000e+00 4.2437972015e+02 -3.2799566765e+00 7.3382090481e+03
1.7805000000e+00 4.2443551005e+02 -3.2796581130e+00 7.3371144560e+03
1.7810000000e+00 4.2449111119e+02 -3.2793524295e+00 7.3360129977e+03
1.7815000000e+00 4.2454652198e+02 -3.2790396356e+00 7.3349045032e+03
1.7820000000e+00 4.2460174172e+02 -3.2787197380e+00 7.3337891078e+03
1.7825000000e+00 4.2465677087e+02 -3.2783927351e+00 7.3326672360e+03
1.7830000000e+00 4.2471161009e+02 -3.2780586198e+00 7.3315395688e+03
1.7835000000e+00 4.2476626034e+02 -3.2777173771e+00 7.3304069757e+03
1.7840000000e+00 4.2482072357e+02 -3.2773689867e+00 7.3292704217e+03
1.7845000000e+00 4.2487500209e+02 -3.2770134261e+00 7.3281308784e+03
1.7850000000e+00 4.2492909764e+02 -3.2766506663e+00 7.3269892373e+03
1.7855000000e+00 4.2498301200e+02 -3.2762806795e+00 7.3258462164e+03
1.7860000000e+00 4.2503674711e+02 -3.2759034362e+00 7.3247022882e+03
1.7865000000e+00 4.2509030403e+02 -3.2755189104e+00 7.3235576430e+03
1.7870000000e+00 4.2514368284e+02 -3.2751270760e+00 7.3224121725e+03
1.7875000000e+00 4.2519688346e+02 -3.2747279106e+00 7.3212654719e+03
1.7880000000e+00 4.2524990531e+02 -3.2743213971e+00 7.3201168832e+03
1.7885000000e+00 4.2530274669e+02 -3.2739075181e+00 7.3189655671e+03
1.7890000000e+00 4.2535540547e+02 -3.2734862602e+00 7.3178105785e+03
1.7895000000e+00 4.2540787983e+02 -3.2730576108e+00 7.3166509528e+03
1.7900000000e+00 4.2546016760e+02 -3.2726215576e+00 7.3154858068e+03
1.7905000000e+00 4.2551226632e+02 -3.2721780858e+00 7.3143144262e+03
1.7910000000e+00 4.2556417426e+02 -3.2717271769e+00 7.3131363247e+03
1.7915000000e+00 4.2561589051e+02 -3.2712688115e+00 7.3119512917e+03
1.7920000000e+00 4.2566741417e+02 -3.2708029607e+00 7.3107594197e+03
1.7925000000e+00 4.2571874496e+02 -3.2703295927e+00 7.3095610906e+03
1.7930000000e+00 4.2576988381e+02 -3.2698486680e+00 7.3083569305e+03
1.7935000000e+00 4.2582083207e+02 -3.2693601435e+00 7.3071477563e+03
1.7940000000e+00 4.2587159103e+02 -3.2688639691e+00 7.3059344994e+03
1.7945000000e+00 4.2592216260e+02 -3.2683600910e+00 7.3047181076e+03
1.7950000000e+00 4.2597254915e+02 -3.2678484550e+00 7.3034994531e+03
1.7955000000e+00 4.2602275245e+02 -3.2673290032e+00 7.3022792569e+03
1.7960000000e+00 4.2607277375e+02 -3.2668016795e+00 7.3010580170e+03
1.7965000000e+00 4.2612261441e+02 -3.2662664288e+00 7.2998359540e+03
1.7970000000e+00 4.2617227515e+02 -3.2657231997e+00 7.2986129962e+03
1.7975000000e+00 4.2622175551e+02 -3.2651719435e+00 7.2973887926e+03
1.7980000000e+00 4.2627105464e+02 -3.2646126138e+00 7.2961627402e+03
1.7985000000e+00 4.2632017155e+02 -3.2640451711e+00 7.2949340408e+03
1.7990000000e+00 4.2636910439e+02 -3.2634695754e+00 7.2937017870e+03
1.7995000000e+00 4.2641785075e+02 -3.2628857909e+00 7.2924650491e+03
1.8000000000e+00 4.2646640865e+02 -3.2622937807e+00 7.2912229569e+03
1.8005000000e+00 4.2651477628e+02 -3.2616935098e+00 7.2899747874e+03
1.8010000000e+00 4.2656295158e+02 -3.2610849395e+00 7.2887200409e+03
1.8015000000e+00 4.2661093310e+02 -3.2604680274e+00 7.2874584816e+03
1.8020000000e+00 4.2665872043e+02 -3.2598427299e+00 7.2861901553e+03
1.8025000000e+00 4.2670631350e+02 -3.2592089961e+00 7.2849153932e+03
1.8030000000e+00 4.2675371246e+02 -3.2585667717e+00 7.2836347787e+03
1.8035000000e+00 4.2680091854e+02 -3.2579159966e+00 7.2823490825e+03
1.8040000000e+00 4.2684793358e+02 -3.2572566084e+00 7.2810591902e+03
1.8045000000e+00 4.2689475919e+02 -3.2565885409e+00 7.2797660237e+03
1.8050000000e+00 4.2694139709e+02 -3.2559117244e+00 7.2784704471e+03
1.8055000000e+00 4.2698784947e+02 -3.2552260922e+00 7.2771731778e+03
1.8060000000e+00 4.2703411797e+02 -3.2545315757e+00 7.2758747261e+03
1.8065000000e+00 4.2708020338e+02 -3.2538281103e+00 7.2745753480e+03
1.8070000000e+00 4.2712610632e+02 -3.2531156328e+00 7.2732750137e+03
1.8075000000e+00 4.2717182709e+02 -3.2523940867e+00 7.2719734123e+03
1.8080000000e+00 4.2721736483e+02 -3.2516634181e+00 7.2706699908e+03
1.8085000000e+00 4.2726271805e+02 -3.2509235768e+00 7.2693640037e+03
1.8090000000e+00 4.2730788535e+02 -3.2501745184e+00 7.2680545797e+03
1.8095000000e+00 4.2735286490e+02 -3.2494162000e+00 7.2667408126e+03
1.8100000000e+00 4.2739765425e+02 -3.2486485816e+00 7.2654218527e+03
1.8105000000e+00 4.2744225136e+02 -3.2478716221e+00 7.2640969804e+03
1.8110000000e+00 4.2748665482e+02 -3.2470852825e+00 7.2627656748e+03
1.8115000000e+00 4.2753086317e+02 -3.2462895206e+00 7.2614276715e+03
1.8120000000e+00 4.2757487532e+02 -3.2454842905e+00 7.2600829847e+03
1.8125000000e+00 4.2761869132e+02 -3.2446695451e+00 7.2587318977e+03
1.8130000000e+00 4.2766231180e+02 -3.2438452325e+00 7.2573749403e+03
1.8135000000e+00 4.2770573744e+02 -3.2430112979e+00 7.2560128417e+03
1.8140000000e+00 4.2774896960e+02 -3.2421676823e+00 7.2546464524e+03
1.8145000000e+00 4.2779201037e+02 -3.2413143264e+00 7.2532766598e+03
1.8150000000e+00 4.2783486158e+02 -3.2404511697e+00 7.2519043103e+03
1.8155000000e+00 4.2787752473e+02 -3.2395781501e+00 7.2505301269e+03
1.8160000000e+00 4.2792000155e+02 -3.2386952097e+00 7.2491546324e+03
1.8165000000e+00 4.2796229345e+02 -3.2378022918e+00 7.2477781036e+03
1.8170000000e+00 4.2800440080e+02 -3.2368993452e+00 7.2464005512e+03
1.8175000000e+00 4.2804632349e+02 -3.2359863208e+00 7.2450217140e+03
1.8180000000e+00 4.2808806128e+02 -3.2350631774e+00 7.2436410807e+03
1.8185000000e+00 4.2812961306e+02 -3.2341298777e+00 7.2422579482e+03
1.8190000000e+00 4.2817097692e+02 -3.2331863883e+00 7.2408714908e+03
1.8195000000e+00 4.2821215107e+02 -3.2322326807e+00 7.2394808318e+03
1.8200000000e+00 4.2825313378e+02 -3.2312687294e+00 7.2380851314e+03
1.8205000000e+00 4.2829392284e+02 -3.2302945108e+00 7.2366836741e+03
1.8210000000e+00 4.2833451630e+02 -3.2293100004e+00 7.2352759323e+03
1.8215000000e+00 4.2837491311e+02 -3.2283151751e+00 7.2338616119e+03
1.8220000000e+00 4.2841511252e+02 -3.2273100103e+00 7.2324406867e+03
1.8225000000e+00 4.2845511391e+02 -3.2262944771e+00 7.2310134022e+03
1.8230000000e+00 4.2849491769e+02 -3.2252685465e+00 7.2295802437e+03
1.8235000000e+00 4.2853452505e+02 -3.2242321855e+00 7.2281418889e+03
1.8240000000e+00 4.2857393716e+02 -3.2231853608e+00 7.2266991501e+03
1.8245000000e+00 4.2861315546e+02 -3.2221280351e+00 7.2252528910e+03
1.8250000000e+00 4.2865218200e+02 -3.2210601734e+00 7.2238039377e+03
1.8255000000e+00 4.2869101871e+02 -3.2199817408e+00 7.2223530052e+03
1.8260000000e+00 4.2872966682e+02 -3.2188927036e+00 7.2209006322e+03
1.8265000000e+00 4.2876812751e+02 -3.2177930325e+00 7.2194471224e+03
1.8270000000e+00 4.2880640176e+02 -3.2166827018e+00 7.2179925154e+03
1.8275000000e+00 4.2884448960e+02 -3.2155616922e+00 7.2165365914e+03
1.8280000000e+00 4.2888239026e+02 -3.2144299874e+00 7.2150788906e+03
1.8285000000e+00 4.2892010295e+02 -3.2132875786e+00 7.2136187524e+03
1.8290000000e+00 4.2895762637e+02 -3.2121344623e+00 7.2121553838e+03
1.8295000000e+00 4.2899495844e+02 -3.2109706380e+00 7.2106879419e+03
1.8300000000e+00 4.2903209712e+02 -3.2097961100e+00 7.2092156080e+03
1.8305000000e+00 4.2906904079e+02 -3.2086108847e+00 7.2077376650e+03
1.8310000000e+00 4.2910578768e+02 -3.2074149709e+00 7.2062535732e+03
1.8315000000e+00 4.2914233612e+02 -3.2062083757e+00 7.2047630214e+03
1.8320000000e+00 4.2917868538e+02 -3.2049911072e+00 7.2032659485e+03
1.8325000000e+00 4.2921483537e+02 -3.2037631719e+00 7.2017625530e+03
1.8330000000e+00 4.2925078609e+02 -3.2025245737e+00 7.2002532778e+03
1.8335000000e+00 4.2928653820e+02 -3.2012753152e+00 7.1987387616e+03
1.8340000000e+00 4.2932209324e+02 -3.2000153971e+00 7.1972197725e+03
1.8345000000e+00 4.2935745281e+02 -3.1987448204e+00 7.1956971415e+03
1.8350000000e+00 4.2939261836e+02 -3.1974635838e+00 7.1941716819e+03
1.8355000000e+00 4.2942759170e+02 -3.1961716886e+00 7.1926441040e+03
1.8360000000e+00 4.2946237465e+02 -3.1948691384e+00 7.1911149491e+03
1.8365000000e+00 4.2949696820e+02 -3.1935559389e+00 7.1895845442e+03
1.8370000000e+00 4.2953137290e+02 -3.1922321007e+00 7.1880529664e+03
1.8375000000e+00 4.2956558921e+02 -3.1908976386e+00 7.1865200317e+03
1.8380000000e+00 4.2959961681e+02 -3.1895525749e+00 7.1849853202e+03
1.8385000000e+00 4.2963345449e+02 -3.1881969340e+00 7.1834482192e+03
1.8390000000e+00 4.2966710090e+02 -3.1868307480e+00 7.1819079757e+03
1.8395000000e+00 4.2970055462e+02 -3.1854540528e+00 7.1803637705e+03
1.8400000000e+00 4.2973381362e+02 -3.1840668882e+00 7.1788148040e+03
1.8405000000e+00 4.2976687577e+02 -3.1826692962e+00 7.1772603700e+03
1.8410000000e+00 4.2979973961e+02 -3.1812613205e+00 7.1756999178e+03
1.8415000000e+00 4.2983240390e+02 -3.1798430067e+00 7.1741331105e+03
1.8420000000e+00 4.2986486742e+02 -3.1784143979e+00 7.1725598600e+03
1.8425000000e+00 4.2989712975e+02 -3.1769755368e+00 7.1709803280e+03
1.8430000000e+00 4.2992919137e+02 -3.1755264651e+00 7.1693949085e+03
1.8435000000e+00 4.2996105287e+02 -3.1740672218e+00 7.1678041965e+03
1.8440000000e+00 4.2999271516e+02 -3.1725978443e+00 7.1662089275e+03
1.8445000000e+00 4.3002417992e+02 -3.1711183687e+00 7.1646099000e+03
1.8450000000e+00 4.3005544901e+02 -3.1696288321e+00 7.1630079026e+03
1.8455000000e+00 4.3008652385e+02 -3.1681292700e+00 7.1614036424e+03
1.8460000000e+00 4.3011740589e+02 -3.1666197205e+00 7.1597976708e+03
1.8465000000e+00 4.3014809662e+02 -3.1651002247e+00 7.1581903290e+03
1.8470000000e+00 4.3017859680e+02 -3.1635708265e+00 7.1565817221e+03
1.8475000000e+00 4.3020890638e+02 -3.1620315744e+00 7.1549717097e+03
1.8480000000e+00 4.3023902520e+02 -3.1604825206e+00 7.1533599129e+03
1.8485000000e+00 4.3026895268e+02 -3.1589237242e+00 7.1517457554e+03
1.8490000000e+00 4.3029868728e+02 -3.1573552464e+00 7.1501285245e+03
1.8495000000e+00 4.3032822726e+02 -3.1557771537e+00 7.1485074356e+03
1.8500000000e+00 4.3035757108e+02 -3.1541895157e+00 7.1468817040e+03
1.8505000000e+00 4.3038671695e+02 -3.1525924046e+00 7.1452506278e+03
1.8510000000e+00 4.3041566287e+02 -3.1509858931e+00 7.1436136557e+03
1.8515000000e+00 4.3044440755e+02 -3.1493700541e+00 7.1419704327e+03
1.8520000000e+00 4.3047295030e+02 -3.1477449607e+00 7.1403208357e+03
1.8525000000e+00 4.3050129047e+02 -3.1461106834e+00 7.1386649908e+03
1.8530000000e+00 4.3052942796e+02 -3.1444672902e+00 7.1370032556e+03
1.8535000000e+00 4.3055736366e+02 -3.1428148480e+00 7.1353361798e+03
1.8540000000e+00 4.3058509871e+02 -3.1411534205e+00 7.1336644572e+03
1.8545000000e+00 4.3061263423e+02 -3.1394830698e+00 7.1319888607e+03
1.8550000000e+00 4.3063997186e+02 -3.1378038557e+00 7.1303101601e+03
1.8555000000e+00 4.3066711351e+02 -3.1361158399e+00 7.1286290489e+03
1.8560000000e+00 4.3069406055e+02 -3.1344190822e+00 7.1269460836e+03
1.8565000000e+00 4.3072081397e+02 -3.1327136449e+00 7.1252616279e+03
1.8570000000e+00 4.3074737481e+02 -3.1309995923e+00 7.1235758122e+03
1.8575000000e+00 4.3077374350e+02 -3.1292769926e+00 7.1218885275e+03
1.8580000000e+00 4.3079991956e+02 -3.1275459162e+00 7.1201994394e+03
1.8585000000e+00 4.3082590223e+02 -3.1258064373e+00 7.1185080152e+03
1.8590000000e+00 4.3085169058e+02 -3.1240586345e+00 7.1168135743e+03
1.8595000000e+00 4.3087728301e+02 -3.1223025887e+00 7.1151153620e+03
1.8600000000e+00 4.3090267753e+02 -3.1205383828e+00 7.1134126198e+03
1.8605000000e+00 4.3092787253e+02 -3.1187661014e+00 7.1117046528e+03
1.8610000000e+00 4.3095286655e+02 -3.1169858301e+00 7.1099909009e+03
1.8615000000e+00 4.3097765793e+02 -3.1151976529e+00 7.1082709964e+03
1.8620000000e+00 4.3100224563e+02 -3.1134016521e+00 7.1065447931e+03
1.8625000000e+00 4.3102662940e+02 -3.1115979087e+00 7.1048123773e+03
1.8630000000e+00 4.3105080924e+02 -3.1097865001e+00 7.1030740657e+03
1.8635000000e+00 4.3107478541e+02 -3.1079674997e+00 7.1013303730e+03
1.8640000000e+00 4.3109855902e+02 -3.1061409784e+00 7.0995819558e+03
1.8645000000e+00 4.3112213163e+02 -3.1043070043e+00 7.0978295510e+03
1.8650000000e+00 4.3114550454e+02 -3.1024656428e+00 7.0960739104e+03
1.8655000000e+00 4.3116867922e+02 -3.1006169565e+00 7.0943157222e+03
1.8660000000e+00 4.3119165741e+02 -3.0987610091e+00 7.0925555424e+03
1.8665000000e+00 4.3121444037e+02 -3.0968978631e+00 7.0907937472e+03
1.8670000000e+00 4.3123702865e+02 -3.0950275821e+00 7.0890304981e+03
1.8675000000e+00 4.3125942271e+02 -3.0931502308e+00 7.0872657210e+03
1.8680000000e+00 4.3128162264e+02 -3.0912658772e+00 7.0854991151e+03
1.8685000000e+00 4.3130362762e+02 -3.0893745905e+00 7.0837301889e+03
1.8690000000e+00 4.3132543636e+02 -3.0874764415e+00 7.0819583041e+03
1.8695000000e+00 4.3134704768e+02 -3.0855715042e+00 7.0801827335e+03
1.8700000000e+00 4.3136845997e+02 -3.0836598530e+00 7.0784027367e+03
1.8705000000e+00 4.3138967125e+02 -3.0817415623e+00 7.0766176342e+03
1.8710000000e+00 4.3141067991e+02 -3.0798167060e+00 7.0748268656e+03
1.8715000000e+00 4.3143148484e+02 -3.0778853570e+00 7.0730300443e+03
1.8720000000e+00 4.3145208488e+02 -3.0759475852e+00 7.0712270002e+03
1.8725000000e+00 4.3147247927e+02 -3.0740034567e+00 7.0694177923e+03
1.8730000000e+00 4.3149266819e+02 -3.0720530344e+00 7.0676026977e+03
1.8735000000e+00 4.3151265219e+02 -3.0700963769e+00 7.0657821885e+03
1.8740000000e+00 4.3153243194e+02 -3.0681335381e+00 7.0639568889e+03
1.8745000000e+00 4.3155200863e+02 -3.0661645675e+00 7.0621275086e+03
1.8750000000e+00 4.3157138402e+02 -3.0641895120e+00 7.0602947732e+03
1.8755000000e+00 4.3159055956e+02 -3.0622084149e+00 7.0584593603e+03
1.8760000000e+00 4.3160953647e+02 -3.0602213170e+00 7.0566218328e+03
1.8765000000e+00 4.3162831615e+02 -3.0582282582e+00 7.0547825792e+03
1.8770000000e+00 4.3164689963e+02 -3.0562292782e+00 7.0529417809e+03
1.8775000000e+00 4.3166528709e+02 -3.0542244162e+00 7.0510993992e+03
1.8780000000e+00 4.3168347839e+02 -3.0522137121e+00 7.0492551743e+03
1.8785000000e+00 4.3170147321e+02 -3.0501972071e+00 7.0474086493e+03
1.8790000000e+00 4.3171927053e+02 -3.0481749436e+00 7.0455592213e+03
1.8795000000e+00 4.3173686872e+02 -3.0461469632e+00 7.0437061993e+03
1.8800000000e+00 4.3175426632e+02 -3.0441133090e+00 7.0418488653e+03
1.8805000000e+00 4.3177146186e+02 -3.0420740228e+00 7.0399865466e+03
1.8810000000e+00 4.3178845355e+02 -3.0400291454e+00 7.0381186856e+03
1.8815000000e+00 4.3180523988e+02 -3.0379787139e+00 7.0362448881e+03
1.8820000000e+00 4.3182182007e+02 -3.0359227637e+00 7.0343649583e+03
1.8825000000e+00 4.3183819355e+02 -3.0338613256e+00 7.0324789228e+03
1.8830000000e+00 4.3185435996e+02 -3.0317944249e+00 7.0305870279e+03
1.8835000000e+00 4.3187031973e+02 -3.0297220828e+00 7.0286897095e+03
1.8840000000e+00 4.3188607393e+02 -3.0276443154e+00 7.0267875516e+03
1.8845000000e+00 4.3190162354e+02 -3.0255611337e+00 7.0248812354e+03
1.8850000000e+00 4.3191696982e+02 -3.0234725435e+00 7.0229714696e+03
1.8855000000e+00 4.3193211447e+02 -3.0213785475e+00 7.0210589176e+03
1.8860000000e+00 4.3194705900e+02 -3.0192791455e+00 7.0191441397e+03
1.8865000000e+00 4.3196180438e+02 -3.0171743338e+00 7.0172275407e+03
1.8870000000e+00 4.3197635152e+02 -3.0150641077e+00 7.0153093258e+03
1.8875000000e+00 4.3199070113e+02 -3.0129484622e+00 7.0133894821e+03
1.8880000000e+00 4.3200485308e+02 -3.0108273912e+00 7.0114677862e+03
1.8885000000e+00 4.3201880669e+02 -3.0087008884e+00 7.0095438239e+03
1.8890000000e+00 4.3203256123e+02 -3.0065689481e+00 7.0076170264e+03
1.8895000000e+00 4.3204611553e+02 -3.0044315647e+00 7.0056867300e+03
1.8900000000e+00 4.3205946785e+02 -3.0022887310e+00 7.0037522439e+03
1.8905000000e+00 4.3207261653e+02 -3.0001404390e+00 7.0018129108e+03
1.8910000000e+00 4.3208556028e+02 -2.9979866791e+00 6.9998681703e+03
1.8915000000e+00 4.3209829765e+02 -2.9958274390e+00 6.9979176182e+03
1.8920000000e+00 4.3211082737e+02 -2.9936627015e+00 6.9959610437e+03
1.8925000000e+00 4.3212314897e+02 -2.9914924465e+00 6.9939984440e+03
1.8930000000e+00 4.3213526244e+02 -2.9893166484e+00 6.9920300275e+03
1.8935000000e+00 4.3214716786e+02 -2.9871352765e+00 6.9900561972e+03
1.8940000000e+00 4.3215886590e+02 -2.9849482938e+00 6.9880775061e+03
1.8945000000e+00 4.3217035790e+02 -2.9827556595e+00 6.9860946016e+03
1.8950000000e+00 4.3218164517e+02 -2.9805573270e+00 6.9841081688e+03
1.8955000000e+00 4.3219272892e+02 -2.9783532453e+00 6.9821188638e+03
1.8960000000e+00 4.3220361066e+02 -2.9761433597e+00 6.9801272454e+03
1.8965000000e+00 4.3221429179e+02 -2.9739276135e+00 6.9781337240e+03
1.8970000000e+00 4.3222477304e+02 -2.9717059471e+00 6.9761385273e+03
1.8975000000e+00 4.3223505480e+02 -2.9694782993e+00 6.9741416748e+03
1.8980000000e+00 4.3224513736e+02 -2.9672446091e+00 6.9721429736e+03
1.8985000000e+00 4.3225502033e+02 -2.9650048144e+00 6.9701420438e+03
1.8990000000e+00 4.3226470262e+02 -2.9627588529e+00 6.9681383564e+03
1.8995000000e+00 4.3227418311e+02 -2.9605066616e+00 6.9661312794e+03
1.9000000000e+00 4.3228346057e+02 -2.9582481778e+00 6.9641201407e+03
1.9005000000e+00 4.3229253329e+02 -2.9559833367e+00 6.9621042982e+03
1.9010000000e+00 4.3230139960e+02 -2.9537120716e+00 6.9600831988e+03
1.9015000000e+00 4.3231005834e+02 -2.9514343135e+00 6.9580564277e+03
1.9020000000e+00 4.3231850854e+02 -2.9491499904e+00 6.9560237527e+03
1.9025000000e+00 4.3232674930e+02 -2.9468590254e+00 6.9539851489e+03
1.9030000000e+00 4.3233478040e+02 -2.9445613372e+00 6.9519407939e+03
1.9035000000e+00 4.3234260232e+02 -2.9422568403e+00 6.9498910514e+03
1.9040000000e+00 4.3235021561e+02 -2.9399454436e+00 6.9478364410e+03
1.9045000000e+00 4.3235762111e+02 -2.9376270502e+00 6.9457775848e+03
1.9050000000e+00 4.3236482027e+02 -2.9353015600e+00 6.9437151434e+03
1.9055000000e+00 4.3237181459e+02 -2.9329688680e+00 6.9416497559e+03
1.9060000000e+00 4.3237860522e+02 -2.9306288660e+00 6.9395819819e+03
1.9065000000e+00 4.3238519334e+02 -2.9282814421e+00 6.9375122421e+03
1.9070000000e+00 4.3239158011e+02 -2.9259264841e+00 6.9354407781e+03
1.9075000000e+00 4.3239776601e+02 -2.9235638777e+00 6.9333676350e+03
1.9080000000e+00 4.3240375095e+02 -2.9211935077e+00 6.9312926571e+03
1.9085000000e+00 4.3240953474e+02 -2.9188152593e+00 6.9292154980e+03
1.9090000000e+00 4.3241511676e+02 -2.9164290176e+00 6.9271356590e+03
1.9095000000e+00 4.3242049569e+02 -2.9140346677e+00 6.9250525411e+03
1.9100000000e+00 4.3242567010e+02 -2.9116320942e+00 6.9229654987e+03
1.9105000000e+00 4.3243063871e+02 -2.9092211816e+00 6.9208739005e+03
1.9110000000e+00 4.3243540002e+02 -2.9068018133e+00 6.9187771959e+03
1.9115000000e+00 4.3243995248e+02 -2.9043738699e+00 6.9166749679e+03
1.9120000000e+00 4.3244429512e+02 -2.9019372307e+00 6.9145669678e+03
1.9125000000e+00 4.3244842744e+02 -2.8994917711e+00 6.9124531411e+03
1.9130000000e+00 4.3245234899e+02 -2.8970373634e+00 6.9103336368e+03
1.9135000000e+00 4.3245605982e+02 -2.8945738749e+00 6.9082087884e+03
1.9140000000e+00 4.3245956076e+02 -2.8921011698e+00 6.9060790788e+03
1.9145000000e+00 4.3246285277e+02 -2.8896191083e+00 6.9039450982e+03
1.9150000000e+00 4.3246593685e+02 -2.8871275454e+00 6.9018074882e+03
1.9155000000e+00 4.3246881438e+02 -2.8846263343e+00 6.8996668740e+03
1.9160000000e+00 4.3247148692e+02 -2.8821153246e+00 6.8975238065e+03
1.9165000000e+00 4.3247395551e+02 -2.8795943652e+00 6.8953787135e+03
1.9170000000e+00 4.3247622096e+02 -2.8770633015e+00 6.8932318566e+03
1.9175000000e+00 4.3247828403e+02 -2.8745219809e+00 6.8910833027e+03
1.9180000000e+00 4.3248014498e+02 -2.8719702499e+00 6.8889329232e+03
1.9185000000e+00 4.3248180331e+02 -2.8694079554e+00 6.8867804090e+03
1.9190000000e+00 4.3248325834e+02 -2.8668349456e+00 6.8846252957e+03
1.9195000000e+00 4.3248450927e+02 -2.8642510697e+00 6.8824670097e+03
1.9200000000e+00 4.3248555468e+02 -2.8616561781e+00 6.8803049292e+03
1.9205000000e+00 4.3248639297e+02 -2.8590501207e+00 6.8781384419e+03
1.9210000000e+00 4.3248702286e+02 -2.8564327484e+00 6.8759670005e+03
1.9215000000e+00 4.3248744315e+02 -2.8538039118e+00 6.8737901793e+03
1.9220000000e+00 4.3248765257e+02 -2.8511634593e+00 6.8716077176e+03
1.9225000000e+00 4.3248765036e+02 -2.8485112383e+00 6.8694195397e+03
1.9230000000e+00 4.3248743642e+02 -2.8458470937e+00 6.8672257611e+03
1.9235000000e+00 4.3248701083e+02 -2.8431708688e+00 6.8650266820e+03
1.9240000000e+00 4.3248637390e+02 -2.8404824022e+00 6.8628227569e+03
1.9245000000e+00 4.3248552666e+02 -2.8377815317e+00 6.8606145453e+03
1.9250000000e+00 4.3248447039e+02 -2.8350680918e+00 6.8584026613e+03
1.9255000000e+00 4.3248320620e+02 -2.8323419151e+00 6.8561877173e+03
1.9260000000e+00 4.3248173531e+02 -2.8296028328e+00 6.8539702610e+03
1.9265000000e+00 4.3248005913e+02 -2.8268506752e+00 6.8517507211e+03
1.9270000000e+00 4.3247817860e+02 -2.8240852735e+00 6.8495293717e+03
1.9275000000e+00 4.3247609413e+02 -2.8213064582e+00 6.8473063061e+03
1.9280000000e+00 4.3247380603e+02 -2.8185140623e+00 6.8450814240e+03
1.9285000000e+00 4.3247131426e+02 -2.8157079206e+00 6.8428544439e+03
1.9290000000e+00 4.3246861806e+02 -2.8128878696e+00 6.8406249352e+03
1.9295000000e+00 4.3246571636e+02 -2.8100537485e+00 6.8383923567e+03
1.9300000000e+00 4.3246260813e+02 -2.8072053983e+00 6.8361561069e+03
1.9305000000e+00 4.3245929203e+02 -2.8043426636e+00 6.8339155868e+03
1.9310000000e+00 4.3245576645e+02 -2.8014653883e+00 6.8316702591e+03
1.9315000000e+00 4.3245203013e+02 -2.7985734190e+00 6.8294196947e+03
1.9320000000e+00 4.3244808223e+02 -2.7956666026e+00 6.8271636152e+03
1.9325000000e+00 4.3244392185e+02 -2.7927447858e+00 6.8249019241e+03
1.9330000000e+00 4.3243954851e+02 -2.7898078146e+00 6.8226347124e+03
1.9335000000e+00 4.3243496245e+02 -2.7868555342e+00 6.8203622467e+03
1.9340000000e+00 4.3243016421e+02 -2.7838877897e+00 6.8180849465e+03
1.9345000000e+00 4.3242515439e+02 -2.7809044235e+00 6.8158033458e+03
1.9350000000e+00 4.3241993409e+02 -2.7779052783e+00 6.8135180359e+03
1.9355000000e+00 4.3241450475e+02 -2.7748901964e+00 6.8112296092e+03
1.9360000000e+00 4.3240886755e+02 -2.7718590194e+00 6.8089386063e+03
1.9365000000e+00 4.3240302349e+02 -2.7688115904e+00 6.8066454629e+03
1.9370000000e+00 4.3239697370e+02 -2.7657477529e+00 6.8043504633e+03
1.9375000000e+00 4.3239071891e+02 -2.7626673543e+00 6.8020537185e+03
1.9380000000e+00 4.3238425921e+02 -2.7595702427e+00 6.7997551576e+03
1.9385000000e+00 4.3237759443e+02 -2.7564562705e+00 6.7974545316e+03
1.9390000000e+00 4.3237072422e+02 -2.7533252940e+00 6.7951514370e+03
1.9395000000e+00 4.3236364766e+02 -2.7501771726e+00 6.7928453607e+03
1.9400000000e+00 4.3235636341e+02 -2.7470117700e+00 6.7905357285e+03
1.9405000000e+00 4.3234887026e+02 -2.7438289526e+00 6.7882219566e+03
1.9410000000e+00 4.3234116700e+02 -2.7406285916e+00 6.7859035109e+03
1.9415000000e+00 4.3233325219e+02 -2.7374105595e+00 6.7835799622e+03
1.9420000000e+00 4.3232512471e+02 -2.7341747312e+00 6.7812510227e+03
1.9425000000e+00 4.3231678398e+02 -2.7309209843e+00 6.7789165725e+03
1.9430000000e+00 4.3230822961e+02 -2.7276491964e+00 6.7765766747e+03
1.9435000000e+00 4.3229946142e+02 -2.7243592468e+00 6.7742315694e+03
1.9440000000e+00 4.3229047989e+02 -2.7210510142e+00 6.7718816452e+03
1.9445000000e+00 4.3228128594e+02 -2.7177243796e+00 6.7695274034e+03
1.9450000000e+00 4.3227188045e+02 -2.7143792232e+00 6.7671694130e+03
1.9455000000e+00 4.3226226450e+02 -2.7110154263e+00 6.7648082527e+03
1.9460000000e+00 4.3225243951e+02 -2.7076328727e+00 6.7624444525e+03
1.9465000000e+00 4.3224240667e+02 -2.7042314471e+00 6.7600784470e+03
1.9470000000e+00 4.3223216675e+02 -2.7008110376e+00 6.7577105354e+03
1.9475000000e+00 4.3222172046e+02 -2.6973715346e+00 6.7553408477e+03
1.9480000000e+00 4.3221106830e+02 -2.6939128339e+00 6.7529693346e+03
1.9485000000e+00 4.3220021006e+02 -2.6904348348e+00 6.7505957770e+03
1.9490000000e+00 4.3218914515e+02 -2.6869374410e+00 6.7482198049e+03
1.9495000000e+00 4.3217787292e+02 -2.6834205623e+00 6.7458409310e+03
1.9500000000e+00 4.3216639234e+02 -2.6798841126e+00 6.7434586019e+03
1.9505000000e+00 4.3215470197e+02 -2.6763280115e+00 6.7410722537e+03
1.9510000000e+00 4.3214280051e+02 -2.6727521814e+00 6.7386813617e+03
1.9515000000e+00 4.3213068690e+02 -2.6691565511e+00 6.7362854915e+03
1.9520000000e+00 4.3211836001e+02 -2.6655410512e+00 6.7338843452e+03
1.9525000000e+00 4.3210581891e+02 -2.6619056159e+00 6.7314777879e+03
1.9530000000e+00 4.3209306331e+02 -2.6582501818e+00 6.7290658564e+03
1.9535000000e+00 4.3208009329e+02 -2.6545746878e+00 6.7266487589e+03
1.9540000000e+00 4.3206690901e+02 -2.6508790748e+00 6.7242268567e+03
1.9545000000e+00 4.3205351112e+02 -2.6471632842e+00 6.7218006249e+03
1.9550000000e+00 4.3203990079e+02 -2.6434272610e+00 6.7193706050e+03
1.9555000000e+00 4.3202607911e+02 -2.6396709509e+00 6.7169373580e+03
1.9560000000e+00 4.3201204710e+02 -2.6358943021e+00 6.7145014086e+03
1.9565000000e+00 4.3199780603e+02 -2.6320972661e+00 6.7120631910e+03
1.9570000000e+00 4.3198335697e+02 -2.6282797977e+00 6.7096230101e+03
1.9575000000e+00 4.3196870046e+02 -2.6244418559e+00 6.7071810154e+03
1.9580000000e+00 4.3195383679e+02 -2.6205834031e+00 6.7047371839e+03
1.9585000000e+00 4.3193876612e+02 -2.6167044088e+00 6.7022913210e+03
1.9590000000e+00 4.3192348804e+02 -2.6128048466e+00 6.6998430847e+03
1.9595000000e+00 4.3190800162e+02 -2.6088846956e+00 6.6973920187e+03
1.9600000000e+00 4.3189230592e+02 -2.6049439411e+00 6.6949375932e+03
1.9605000000e+00 4.3187639989e+02 -2.6009825739e+00 6.6924792574e+03
1.9610000000e+00 4.3186028213e+02 -2.5970005899e+00 6.6900164973e+03
1.9615000000e+00 4.3184395133e+02 -2.5929979890e+00 6.6875488814e+03
1.9620000000e+00 4.3182740663e+02 -2.5889747767e+00 6.6850761003e+03
1.9625000000e+00 4.3181064726e+02 -2.5849309614e+00 6.6825980002e+03
1.9630000000e+00 4.3179367259e+02 -2.5808665544e+00 6.6801145979e+03
1.9635000000e+00 4.3177648257e+02 -2.5767815703e+00 6.6776260750e+03
1.9640000000e+00 4.3175907768e+02 -2.5726760260e+00 6.6751327601e+03
1.9645000000e+00 4.3174145843e+02 -2.5685499408e+00 6.6726351012e+03
1.9650000000e+00 4.3172362561e+02 -2.5644033351e+00 6.6701336198e+03
1.9655000000e+00 4.3170558045e+02 -2.5602362331e+00 6.6676288570e+03
1.9660000000e+00 4.3168732420e+02 -2.5560486607e+00 6.6651213255e+03
1.9665000000e+00 4.3166885778e+02 -2.5518406471e+00 6.6626114616e+03
1.9670000000e+00 4.3165018216e+02 -2.5476122247e+00 6.6600995792e+03
1.9675000000e+00 4.3163129824e+02 -2.5433634304e+00 6.6575858403e+03
1.9680000000e+00 4.3161220633e+02 -2.5390943057e+00 6.6550702442e+03
1.9685000000e+00 4.3159290631e+02 -2.5348048962e+00 6.6525526263e+03
1.9690000000e+00 4.3157339797e+02 -2.5304952538e+00 6.6500326712e+03
1.9695000000e+00 4.3155368073e+02 -2.5261654356e+00 6.6475099470e+03
1.9700000000e+00 4.3153375345e+02 -2.5218155040e+00 6.6449839495e+03
1.9705000000e+00 4.3151361498e+02 -2.5174455266e+00 6.6424541475e+03
1.9710000000e+00 4.3149326428e+02 -2.5130555767e+00 6.6399200333e+03
1.9715000000e+00 4.3147270012e+02 -2.5086457323e+00 6.6373811762e+03
1.9720000000e+00 4.3145192131e+02 -2.5042160744e+00 6.6348372627e+03
1.9725000000e+00 4.3143092715e+02 -2.4997666887e+00 6.6322881229e+03
1.9730000000e+00 4.3140971730e+02 -2.4952976640e+00 6.6297337487e+03
1.9735000000e+00 4.3138829147e+02 -2.4908090910e+00 6.6271742975e+03
1.9740000000e+00 4.3136664985e+02 -2.4863010628e+00 6.6246100724e+03
1.9745000000e+00 4.3134479317e+02 -2.4817736745e+00 6.6220414917e+03
1.9750000000e+00 4.3132272231e+02 -2.4772270235e+00 6.6194690518e+03
1.9755000000e+00 4.3130043810e+02 -2.4726612078e+00 6.6168932796e+03
1.9760000000e+00 4.3127794176e+02 -2.4680763286e+00 6.6143146774e+03
1.9765000000e+00 4.3125523453e+02 -2.4634724893e+00 6.6117336761e+03
1.9770000000e+00 4.3123231724e+02 -2.4588497958e+00 6.6091505976e+03
1.9775000000e+00 4.3120919051e+02 -2.4542083570e+00 6.6065656211e+03
1.9780000000e+00 4.3118585495e+02 -2.4495482862e+00 6.6039787643e+03
1.9785000000e+00 4.3116231065e+02 -2.4448697006e+00 6.6013898860e+03
1.9790000000e+00 4.3113855715e+02 -2.4401727214e+00 6.5987987013e+03
1.9795000000e+00 4.3111459389e+02 -2.4354574745e+00 6.5962048054e+03
1.9800000000e+00 4.3109042013e+02 -2.4307240911e+00 6.5936077139e+03
1.9805000000e+00 4.3106603468e+02 -2.4259727059e+00 6.5910069141e+03
1.9810000000e+00 4.3104143626e+02 -2.4212034582e+00 6.5884019120e+03
1.9815000000e+00 4.3101662387e+02 -2.4164164910e+00 6.5857922771e+03
1.9820000000e+00 4.3099159654e+02 -2.4116119514e+00 6.5831776878e+03
1.9825000000e+00 4.3096635330e+02 -2.4067899877e+00 6.5805579629e+03
1.9830000000e+00 4.3094089366e+02 -2.4019507513e+00 6.5779330756e+03
1.9835000000e+00 4.3091521763e+02 -2.3970943954e+00 6.5753031549e+03
1.9840000000e+00 4.3088932532e+02 -2.3922210741e+00 6.5726684773e+03
1.9845000000e+00 4.3086321711e+02 -2.3873309423e+00 6.5700294380e+03
1.9850000000e+00 4.3083689394e+02 -2.3824241555e+00 6.5673865089e+03
1.9855000000e+00 4.3081035687e+02 -2.3775008709e+00 6.5647401964e+03
1.9860000000e+00 4.3078360684e+02 -2.3725612453e+00 6.5620909939e+03
1.9865000000e+00 4.3075664490e+02 -2.3676054370e+00 6.5594393314e+03
1.9870000000e+00 4.3072947215e+02 -2.3626336061e+00 6.5567855329e+03
1.9875000000e+00 4.3070208932e+02 -2.3576459140e+00 6.5541297904e+03
1.9880000000e+00 4.3067449670e+02 -2.3526425246e+00 6.5514721442e+03
1.9885000000e+00 4.3064669451e+02 -2.3476236040e+00 6.5488124766e+03
1.9890000000e+00 4.3061868263e+02 -2.3425893221e+00 6.5461505260e+03
1.9895000000e+00 4.3059046037e+02 -2.3375398506e+00 6.5434859152e+03
1.9900000000e+00 4.3056202685e+02 -2.3324753649e+00 6.5408181854e+03
1.9905000000e+00 4.3053338120e+02 -2.3273960436e+00 6.5381468390e+03
1.9910000000e+00 4.3050452230e+02 -2.3223020676e+00 6.5354713922e+03
1.9915000000e+00 4.3047544886e+02 -2.3171936204e+00 6.5327914212e+03
1.9920000000e+00 4.3044615995e+02 -2.3120708869e+00 6.5301065993e+03
1.9925000000e+00 4.3041665490e+02 -2.3069340540e+00 6.5274167302e+03
1.9930000000e+00 4.3038693307e+02 -2.3017833089e+00 6.5247217691e+03
1.9935000000e+00 4.3035699417e+02 -2.2966188388e+00 6.5220218246e+03
1.9940000000e+00 4.3032683851e+02 -2.2914408312e+00 6.5193171452e+03
1.9945000000e+00 4.3029646658e+02 -2.2862494729e+00 6.5166080985e+03
1.9950000000e+00 4.3026587895e+02 -2.2810449497e+00 6.5138951368e+03
1.9955000000e+00 4.3023507662e+02 -2.2758274462e+00 6.5111787489e+03
1.9960000000e+00 4.3020406077e+02 -2.2705971473e+00 6.5084594135e+03
1.9965000000e+00 4.3017283236e+02 -2.2653542360e+00 6.5057375576e+03
1.9970000000e+00 4.3014139223e+02 -2.2600988956e+00 6.5030135124e+03
1.9975000000e+00 4.3010974126e+02 -2.2548313091e+00 6.5002874797e+03
1.9980000000e+00 4.3007788000e+02 -2.2495516606e+00 6.4975595161e+03
1.9985000000e+00 4.3004580845e+02 -2.2442601340e+00 6.4948295294e+03
1.9990000000e+00 4.3001352643e+02 -2.2389569143e+00 6.4920972843e+03
1.9995000000e+00 4.2998103362e+02 -2.2336421884e+00 6.4893624262e+03
2.0000000000e+00 4.2994832918e+02 -2.2283161441e+00 6.4866245189e+03
2.0005000000e+00 4.2992893406e+02 -2.2231023539e+00 6.4841088103e+03
2.0010000000e+00 4.2992319411e+02 -2.2179873906e+00 6.4819454661e+03
2.0015000000e+00 4.2991860709e+02 -2.2128227518e+00 6.4801134594e+03
2.0020000000e+00 4.2991548907e+02 -2.2076554947e+00 6.4787379097e+03
2.0025000000e+00 4.2991313907e+02 -2.2024977613e+00 6.4779261017e+03
2.0030000000e+00 4.2991186536e+02 -2.1973026370e+00 6.4777735829e+03
2.0035000000e+00 4.2991268286e+02 -2.1920391814e+00 6.4783029101e+03
2.0040000000e+00 4.2991521224e+02 -2.1867116919e+00 6.4794320631e+03
2.0045000000e+00 4.2991814000e+02 -2.1813790015e+00 6.4810139978e+03
2.0050000000e+00 4.2992127772e+02 -2.1760233814e+00 6.4828938580e+03
2.0055000000e+00 4.2992529426e+02 -2.1706092365e+00 6.4849152258e+03
2.0060000000e+00 4.2992976336e+02 -2.1651267313e+00 6.4868853815e+03
2.0065000000e+00 4.2993330675e+02 -2.1596223617e+00 6.4885805469e+03
2.0070000000e+00 4.2993549910e+02 -2.1541382074e+00 6.4898154908e+03
2.0075000000e+00 4.2993678816e+02 -2.1486323846e+00 6.4904956917e+03
2.0080000000e+00 4.2993699897e+02 -2.1430932463e+00 6.4905847705e+03
2.0085000000e+00 4.2993556906e+02 -2.1375400056e+00 6.4900578388e+03
2.0090000000e+00 4.2993243968e+02 -2.1320318148e+00 6.4889320900e+03
2.0095000000e+00 4.2992771688e+02 -2.1265643531e+00 6.4873259938e+03
2.0100000000e+00 4.2992169050e+02 -2.1210931132e+00 6.4854314540e+03
2.0105000000e+00 4.2991513720e+02 -2.1156214440e+00 6.4834295614e+03
2.0110000000e+00 4.2990828083e+02 -2.1101786628e+00 6.4814736339e+03
2.0115000000e+00 4.2990067316e+02 -2.1047999881e+00 6.4797379742e+03
2.0120000000e+00 4.2989298311e+02 -2.0994297437e+00 6.4784160483e+03
2.0125000000e+00 4.2988669861e+02 -2.0940357526e+00 6.4776501125e+03
2.0130000000e+00 4.2988195951e+02 -2.0886320133e+00 6.4774910115e+03
2.0135000000e+00 4.2987810239e+02 -2.0832448360e+00 6.4779269260e+03
2.0140000000e+00 4.2987558766e+02 -2.0778641070e+00 6.4789200231e+03
2.0145000000e+00 4.2987530643e+02 -2.0724307040e+00 6.4803960088e+03
2.0150000000e+00 4.2987691351e+02 -2.0669503394e+00 6.4822101532e+03
2.0155000000e+00 4.2987934481e+02 -2.0614503448e+00 6.4841517276e+03
2.0160000000e+00 4.2988222655e+02 -2.0559651774e+00 6.4860090088e+03
2.0165000000e+00 4.2988560315e+02 -2.0504645233e+00 6.4876212349e+03
2.0170000000e+00 4.2988899061e+02 -2.0449185784e+00 6.4888528405e+03
2.0175000000e+00 4.2989182363e+02 -2.0393694223e+00 6.4895575042e+03
2.0180000000e+00 4.2989380054e+02 -2.0338515736e+00 6.4896281688e+03
2.0185000000e+00 4.2989436824e+02 -2.0283721993e+00 6.4890656016e+03
2.0190000000e+00 4.2989351133e+02 -2.0228823643e+00 6.4879511537e+03
2.0195000000e+00 4.2989209012e+02 -2.0173903148e+00 6.4863803424e+03
2.0200000000e+00 4.2989004610e+02 -2.0119312824e+00 6.4844679468e+03
2.0205000000e+00 4.2988671246e+02 -2.0065141403e+00 6.4823887760e+03
2.0210000000e+00 4.2988293317e+02 -2.0011119929e+00 6.4803618018e+03
2.0215000000e+00 4.2988002632e+02 -1.9956792524e+00 6.4785900469e+03
2.0220000000e+00 4.2987789690e+02 -1.9902431072e+00 6.4772206289e+03
2.0225000000e+00 4.2987611324e+02 -1.9848162453e+00 6.4763553649e+03
2.0230000000e+00 4.2987520362e+02 -1.9793861580e+00 6.4760753313e+03
2.0235000000e+00 4.2987582049e+02 -1.9739032912e+00 6.4764237870e+03
2.0240000000e+00 4.2987773787e+02 -1.9683594208e+00 6.4773593721e+03
2.0245000000e+00 4.2988038039e+02 -1.9628021342e+00 6.4787571613e+03
2.0250000000e+00 4.2988362580e+02 -1.9572369193e+00 6.4804660721e+03
2.0255000000e+00 4.2988742841e+02 -1.9516520283e+00 6.4823417311e+03
2.0260000000e+00 4.2989144325e+02 -1.9460166925e+00 6.4842187402e+03
2.0265000000e+00 4.2989538046e+02 -1.9403609393e+00 6.4858933199e+03
2.0270000000e+00 4.2989883466e+02 -1.9347146668e+00 6.4871775847e+03
2.0275000000e+00 4.2990107055e+02 -1.9290670538e+00 6.4879611294e+03
2.0280000000e+00 4.2990189101e+02 -1.9233963932e+00 6.4881954980e+03
2.0285000000e+00 4.2990176692e+02 -1.9176972718e+00 6.4878493773e+03
2.0290000000e+00 4.2990040673e+02 -1.9120219740e+00 6.4869297922e+03
2.0295000000e+00 4.2989704019e+02 -1.9063716416e+00 6.4855267198e+03
2.0300000000e+00 4.2989228073e+02 -1.9007275616e+00 6.4837972734e+03
2.0305000000e+00 4.2988719387e+02 -1.8950749323e+00 6.4819138334e+03
2.0310000000e+00 4.2988158209e+02 -1.8894345521e+00 6.4800405879e+03
2.0315000000e+00 4.2987534432e+02 -1.8838414363e+00 6.4783404080e+03
2.0320000000e+00 4.2986941530e+02 -1.8782756072e+00 6.4769821864e+03
2.0325000000e+00 4.2986451677e+02 -1.8727221451e+00 6.4761153015e+03
2.0330000000e+00 4.2986077751e+02 -1.8671672877e+00 6.4758194302e+03
2.0335000000e+00 4.2985833972e+02 -1.8616453461e+00 6.4760945866e+03
2.0340000000e+00 4.2985744218e+02 -1.8561608812e+00 6.4769034780e+03
2.0345000000e+00 4.2985808379e+02 -1.8506767798e+00 6.4781883139e+03
2.0350000000e+00 4.2986008739e+02 -1.8451768088e+00 6.4798312408e+03
2.0355000000e+00 4.2986339328e+02 -1.8396663199e+00 6.4816439738e+03
2.0360000000e+00 4.2986754356e+02 -1.8341759319e+00 6.4834282839e+03
2.0365000000e+00 4.2987162513e+02 -1.8286774617e+00 6.4850243931e+03
2.0370000000e+00 4.2987544599e+02 -1.8231479486e+00 6.4862913907e+03
2.0375000000e+00 4.2987923910e+02 -1.8175838335e+00 6.4870909965e+03
2.0380000000e+00 4.2988228208e+02 -1.8120064076e+00 6.4873234678e+03
2.0385000000e+00 4.2988382786e+02 -1.8064310997e+00 6.4869658018e+03
2.0390000000e+00 4.2988436855e+02 -1.8008217844e+00 6.4860658463e+03
2.0395000000e+00 4.2988432062e+02 -1.7951765073e+00 6.4847113638e+03
2.0400000000e+00 4.2988328605e+02 -1.7895122157e+00 6.4830139781e+03
2.0405000000e+00 4.2988133083e+02 -1.7838636252e+00 6.4811208498e+03
2.0410000000e+00 4.2987916555e+02 -1.7782189230e+00 6.4792210331e+03
2.0415000000e+00 4.2987719798e+02 -1.7725554088e+00 6.4775096200e+03
2.0420000000e+00 4.2987554695e+02 -1.7668922846e+00 6.4761402319e+03
2.0425000000e+00 4.2987455961e+02 -1.7612464168e+00 6.4752182378e+03
2.0430000000e+00 4.2987459639e+02 -1.7556342124e+00 6.4748255924e+03
2.0435000000e+00 4.2987563406e+02 -1.7500205698e+00 6.4750150579e+03
2.0440000000e+00 4.2987769620e+02 -1.7444001169e+00 6.4757675626e+03
2.0445000000e+00 4.2988101907e+02 -1.7387906191e+00 6.4769829976e+03
2.0450000000e+00 4.2988535400e+02 -1.7332039554e+00 6.4785296005e+03
2.0455000000e+00 4.2989008379e+02 -1.7276280878e+00 6.4802745168e+03
2.0460000000e+00 4.2989513842e+02 -1.7220250603e+00 6.4820600134e+03
2.0465000000e+00 4.2990061367e+02 -1.7164099309e+00 6.4836971915e+03
2.0470000000e+00 4.2990572688e+02 -1.7107887307e+00 6.4850131861e+03
2.0475000000e+00 4.2990971127e+02 -1.7051606895e+00 6.4858890927e+03
2.0480000000e+00 4.2991286185e+02 -1.6995009298e+00 6.4862532888e+03
2.0485000000e+00 4.2991517465e+02 -1.6938039841e+00 6.4860701777e+03
2.0490000000e+00 4.2991588096e+02 -1.6881050330e+00 6.4853454808e+03
2.0495000000e+00 4.2991506272e+02 -1.6824152600e+00 6.4841419314e+03
2.0500000000e+00 4.2991337045e+02 -1.6767368792e+00 6.4825870829e+03
2.0505000000e+00 4.2991082235e+02 -1.6710441649e+00 6.4808460883e+03
2.0510000000e+00 4.2990755749e+02 -1.6653552476e+00 6.4790772648e+03
2.0515000000e+00 4.2990425358e+02 -1.6596939991e+00 6.4774310521e+03
2.0520000000e+00 4.2990133680e+02 -1.6540538143e+00 6.4760711719e+03
2.0525000000e+00 4.2989899693e+02 -1.6484193146e+00 6.4751475360e+03
2.0530000000e+00 4.2989764985e+02 -1.6427760057e+00 6.4747442700e+03
2.0535000000e+00 4.2989775550e+02 -1.6371526275e+00 6.4748768977e+03
2.0540000000e+00 4.2989930646e+02 -1.6315440929e+00 6.4755272042e+03
2.0545000000e+00 4.2990205053e+02 -1.6259363886e+00 6.4766469233e+03
2.0550000000e+00 4.2990615638e+02 -1.6203098683e+00 6.4781302266e+03
2.0555000000e+00 4.2991159982e+02 -1.6146706829e+00 6.4798147373e+03
2.0560000000e+00 4.2991758140e+02 -1.6090453529e+00 6.4815240443e+03
2.0565000000e+00 4.2992362927e+02 -1.6034165002e+00 6.4830990718e+03
2.0570000000e+00 4.2992990475e+02 -1.5977733867e+00 6.4843969437e+03
2.0575000000e+00 4.2993597697e+02 -1.5921077419e+00 6.4852866409e+03
2.0580000000e+00 4.2994105006e+02 -1.5864445981e+00 6.4856677706e+03
2.0585000000e+00 4.2994515336e+02 -1.5807867413e+00 6.4854992853e+03
2.0590000000e+00 4.2994856341e+02 -1.5751130127e+00 6.4848092980e+03
2.0595000000e+00 4.2995097093e+02 -1.5694179438e+00 6.4836723206e+03
2.0600000000e+00 4.2995228454e+02 -1.5637027322e+00 6.4821842654e+03
2.0605000000e+00 4.2995301005e+02 -1.5579950373e+00 6.4804721886e+03
2.0610000000e+00 4.2995344776e+02 -1.5522791612e+00 6.4787087232e+03
2.0615000000e+00 4.2995366890e+02 -1.5465393889e+00 6.4770793879e+03
2.0620000000e+00 4.2995409455e+02 -1.5407764539e+00 6.4757313949e+03
2.0625000000e+00 4.2995522459e+02 -1.5350087027e+00 6.4747717377e+03
2.0630000000e+00 4.2995712690e+02 -1.5292483127e+00 6.4742926250e+03
2.0635000000e+00 4.2995986660e+02 -1.5234677390e+00 6.4743560258e+03
2.0640000000e+00 4.2996388678e+02 -1.5176727779e+00 6.4749526073e+03
2.0645000000e+00 4.2996922191e+02 -1.5118737536e+00 6.4760054762e+03
2.0650000000e+00 4.2997525060e+02 -1.5060928130e+00 6.4774065809e+03
2.0655000000e+00 4.2998188799e+02 -1.5003240900e+00 6.4790303277e+03
2.0660000000e+00 4.2998943918e+02 -1.4945501675e+00 6.4807274991e+03
2.0665000000e+00 4.2999723535e+02 -1.4887807995e+00 6.4823297527e+03
2.0670000000e+00 4.3000442650e+02 -1.4830252261e+00 6.4836708063e+03
2.0675000000e+00 4.3001114305e+02 -1.4772968373e+00 6.4846203184e+03
2.0680000000e+00 4.3001734169e+02 -1.4715670126e+00 6.4851032772e+03
2.0685000000e+00 4.3002232319e+02 -1.4658298263e+00 6.4850815477e+03
2.0690000000e+00 4.3002593957e+02 -1.4600989752e+00 6.4845428023e+03
2.0695000000e+00 4.3002849875e+02 -1.4543839192e+00 6.4835303569e+03
2.0700000000e+00 4.3003000924e+02 -1.4486767323e+00 6.4821592357e+03
2.0705000000e+00 4.3003058837e+02 -1.4429443287e+00 6.4805774248e+03
2.0710000000e+00 4.3003069439e+02 -1.4371946543e+00 6.4789277401e+03
2.0715000000e+00 4.3003069600e+02 -1.4314332516e+00 6.4773545659e+03
2.0720000000e+00 4.3003080223e+02 -1.4256621045e+00 6.4760169613e+03
2.0725000000e+00 4.3003141511e+02 -1.4198607350e+00 6.4750602801e+03
2.0730000000e+00 4.3003316261e+02 -1.4140212073e+00 6.4745737514e+03
2.0735000000e+00 4.3003614943e+02 -1.4081722696e+00 6.4745874882e+03
2.0740000000e+00 4.3004006474e+02 -1.4023216703e+00 6.4750959830e+03
2.0745000000e+00 4.3004523113e+02 -1.3964672293e+00 6.4760607831e+03
2.0750000000e+00 4.3005199648e+02 -1.3905860195e+00 6.4773938946e+03
2.0755000000e+00 4.3005972929e+02 -1.3846945365e+00 6.4789571549e+03
2.0760000000e+00 4.3006780256e+02 -1.3788126393e+00 6.4805868216e+03
2.0765000000e+00 4.3007636448e+02 -1.3729368206e+00 6.4821267924e+03
2.0770000000e+00 4.3008525996e+02 -1.3670559836e+00 6.4834423899e+03
2.0775000000e+00 4.3009370494e+02 -1.3611549367e+00 6.4844101890e+03
2.0780000000e+00 4.3010138841e+02 -1.3552582768e+00 6.4849207810e+03
2.0785000000e+00 4.3010841218e+02 -1.3493687493e+00 6.4849177500e+03
2.0790000000e+00 4.3011450615e+02 -1.3434748190e+00 6.4844195408e+03
2.0795000000e+00 4.3011953827e+02 -1.3375573614e+00 6.4834867968e+03
2.0800000000e+00 4.3012381703e+02 -1.3316240427e+00 6.4821949198e+03
2.0805000000e+00 4.3012738216e+02 -1.3257001843e+00 6.4806554952e+03
2.0810000000e+00 4.3013021463e+02 -1.3197723361e+00 6.4790285526e+03
2.0815000000e+00 4.3013287037e+02 -1.3138311666e+00 6.4774846459e+03
2.0820000000e+00 4.3013594384e+02 -1.3078675470e+00 6.4761664122e+03
2.0825000000e+00 4.3013941303e+02 -1.3019019888e+00 6.4751870832e+03
2.0830000000e+00 4.3014324009e+02 -1.2959411712e+00 6.4746400327e+03
2.0835000000e+00 4.3014807562e+02 -1.2899670160e+00 6.4745881407e+03
2.0840000000e+00 4.3015436638e+02 -1.2839701198e+00 6.4750418301e+03
2.0845000000e+00 4.3016159476e+02 -1.2779512244e+00 6.4759483435e+03
2.0850000000e+00 4.3016948745e+02 -1.2719372968e+00 6.4772080329e+03
2.0855000000e+00 4.3017841036e+02 -1.2659155731e+00 6.4787038030e+03
2.0860000000e+00 4.3018810473e+02 -1.2598704209e+00 6.4803080016e+03
2.0865000000e+00 4.3019787108e+02 -1.2537997040e+00 6.4818665256e+03
2.0870000000e+00 4.3020752037e+02 -1.2477203822e+00 6.4832127758e+03
2.0875000000e+00 4.3021684807e+02 -1.2416467800e+00 6.4842162085e+03
2.0880000000e+00 4.3022536490e+02 -1.2355571078e+00 6.4848004627e+03
2.0885000000e+00 4.3023294965e+02 -1.2294511579e+00 6.4849189216e+03
2.0890000000e+00 4.3023962879e+02 -1.2233359693e+00 6.4845482562e+03
2.0895000000e+00 4.3024513476e+02 -1.2172355564e+00 6.4837180874e+03
2.0900000000e+00 4.3024939648e+02 -1.2111442538e+00 6.4825236225e+03
2.0905000000e+00 4.3025292206e+02 -1.2050402124e+00 6.4810958164e+03
2.0910000000e+00 4.3025618029e+02 -1.1989273560e+00 6.4795684997e+03
2.0915000000e+00 4.3025909893e+02 -1.1928126003e+00 6.4780789713e+03
2.0920000000e+00 4.3026179630e+02 -1.1867055322e+00 6.4767747182e+03
2.0925000000e+00 4.3026511182e+02 -1.1805796775e+00 6.4757942433e+03
2.0930000000e+00 4.3026953210e+02 -1.1744264890e+00 6.4752367225e+03
2.0935000000e+00 4.3027472979e+02 -1.1682536972e+00 6.4751475098e+03
2.0940000000e+00 4.3028079340e+02 -1.1620698759e+00 6.4755254332e+03
2.0945000000e+00 4.3028825836e+02 -1.1558719105e+00 6.4763395371e+03
2.0950000000e+00 4.3029696764e+02 -1.1496301022e+00 6.4775261390e+03
2.0955000000e+00 4.3030645210e+02 -1.1433487076e+00 6.4789681755e+03
2.0960000000e+00 4.3031667742e+02 -1.1370382120e+00 6.4805089459e+03
2.0965000000e+00 4.3032740787e+02 -1.1307117261e+00 6.4820004435e+03
2.0970000000e+00 4.3033807601e+02 -1.1243561446e+00 6.4833187203e+03
2.0975000000e+00 4.3034856059e+02 -1.1179656953e+00 6.4843410573e+03
2.0980000000e+00 4.3035876861e+02 -1.1115663639e+00 6.4849546554e+03
2.0985000000e+00 4.3036807445e+02 -1.1051694593e+00 6.4850975159e+03
2.0990000000e+00 4.3037623600e+02 -1.0987806099e+00 6.4847710367e+03
2.0995000000e+00 4.3038366474e+02 -1.0923816249e+00 6.4840175132e+03
2.1000000000e+00 4.3039043187e+02 -1.0859822086e+00 6.4829051440e+03
2.1005000000e+00 4.3039621010e+02 -1.0795991379e+00 6.4815337479e+03
2.1010000000e+00 4.3040118422e+02 -1.0732346682e+00 6.4800393232e+03
2.1015000000e+00 4.3040609205e+02 -1.0668770104e+00 6.4785785646e+03
2.1020000000e+00 4.3041125155e+02 -1.0605037423e+00 6.4772978575e+03
2.1025000000e+00 4.3041651028e+02 -1.0541302600e+00 6.4763119722e+03
2.1030000000e+00 4.3042223172e+02 -1.0477590185e+00 6.4757079830e+03
2.1035000000e+00 4.3042900729e+02 -1.0413801982e+00 6.4755537950e+03
2.1040000000e+00 4.3043678710e+02 -1.0349718340e+00 6.4758781018e+03
2.1045000000e+00 4.3044547773e+02 -1.0285303403e+00 6.4766441742e+03
2.1050000000e+00 4.3045525421e+02 -1.0220757646e+00 6.4777637644e+03
2.1055000000e+00 4.3046585931e+02 -1.0156032273e+00 6.4791337120e+03
2.1060000000e+00 4.3047690455e+02 -1.0091041904e+00 6.4806396476e+03
2.1065000000e+00 4.3048840237e+02 -1.0025627019e+00 6.4821387004e+03
2.1070000000e+00 4.3050009879e+02 -9.9599863782e-01 6.4834744154e+03
2.1075000000e+00 4.3051128948e+02 -9.8942528153e-01 6.4845181973e+03
2.1080000000e+00 4.3052169271e+02 -9.8283155865e-01 6.4851856003e+03
2.1085000000e+00 4.3053151710e+02 -9.7621128584e-01 6.4854224950e+03
2.1090000000e+00 4.3054057734e+02 -9.6956555447e-01 6.4852025471e+03
2.1095000000e+00 4.3054836618e+02 -9.6291938898e-01 6.4845438204e+03
2.1100000000e+00 4.3055502462e+02 -9.5626852136e-01 6.4835178395e+03
2.1105000000e+00 4.3056113754e+02 -9.4960434731e-01 6.4822373424e+03
2.1110000000e+00 4.3056680074e+02 -9.4291959456e-01 6.4808325831e+03
2.1115000000e+00 4.3057193050e+02 -9.3622406757e-01 6.4794332234e+03
2.1120000000e+00 4.3057703841e+02 -9.2953452985e-01 6.4781700997e+03
2.1125000000e+00 4.3058268399e+02 -9.2283543573e-01 6.4771771722e+03
2.1130000000e+00 4.3058890571e+02 -9.1611934677e-01 6.4765640651e+03
2.1135000000e+00 4.3059590168e+02 -9.0938535343e-01 6.4763831368e+03
2.1140000000e+00 4.3060407356e+02 -9.0265320676e-01 6.4766393336e+03
2.1145000000e+00 4.3061327201e+02 -8.9591956305e-01 6.4773163251e+03
2.1150000000e+00 4.3062332448e+02 -8.8916388573e-01 6.4783645784e+03
2.1155000000e+00 4.3063451009e+02 -8.8238447572e-01 6.4796804142e+03
2.1160000000e+00 4.3064659480e+02 -8.7558486703e-01 6.4811261388e+03
2.1165000000e+00 4.3065885493e+02 -8.6877891139e-01 6.4825652884e+03
2.1170000000e+00 4.3067116776e+02 -8.6195145635e-01 6.4838716368e+03
2.1175000000e+00 4.3068363802e+02 -8.5509606210e-01 6.4849259435e+03
2.1180000000e+00 4.3069574114e+02 -8.4821764479e-01 6.4856234421e+03
2.1185000000e+00 4.3070692538e+02 -8.4132965728e-01 6.4858936929e+03
2.1190000000e+00 4.3071724242e+02 -8.3443672471e-01 6.4857180822e+03
2.1195000000e+00 4.3072687970e+02 -8.2751768993e-01 6.4851274529e+03
2.1200000000e+00 4.3073567717e+02 -8.2057743498e-01 6.4841834450e+03
2.1205000000e+00 4.3074351461e+02 -8.1362568287e-01 6.4829707812e+03
2.1210000000e+00 4.3075078691e+02 -8.0667780713e-01 6.4816059835e+03
2.1215000000e+00 4.3075787436e+02 -7.9972699407e-01 6.4802346887e+03
2.1220000000e+00 4.3076482045e+02 -7.9276399705e-01 6.4790005779e+03
2.1225000000e+00 4.3077199549e+02 -7.8580062486e-01 6.4780159612e+03
2.1230000000e+00 4.3077986633e+02 -7.7884468915e-01 6.4773679712e+03
2.1235000000e+00 4.3078838273e+02 -7.7190108957e-01 6.4771299367e+03
2.1240000000e+00 4.3079767551e+02 -7.6494847501e-01 6.4773388148e+03
2.1245000000e+00 4.3080818978e+02 -7.5798634419e-01 6.4779708706e+03
2.1250000000e+00 4.3081976471e+02 -7.5102319113e-01 6.4789567067e+03
2.1255000000e+00 4.3083191461e+02 -7.4405787372e-01 6.4802065353e+03
2.1260000000e+00 4.3084468557e+02 -7.3707940989e-01 6.4816122196e+03
2.1265000000e+00 4.3085814532e+02 -7.3006878736e-01 6.4830428682e+03
2.1270000000e+00 4.3087172027e+02 -7.2303466603e-01 6.4843578451e+03
2.1275000000e+00 4.3088485115e+02 -7.1597876944e-01 6.4854302842e+03
2.1280000000e+00 4.3089756947e+02 -7.0890215329e-01 6.4861654959e+03
2.1285000000e+00 4.3090983192e+02 -7.0179203354e-01 6.4865059881e+03
2.1290000000e+00 4.3092118857e+02 -6.9464582096e-01 6.4864244883e+03
2.1295000000e+00 4.3093149773e+02 -6.8748310662e-01 6.4859245196e+03
2.1300000000e+00 4.3094103770e+02 -6.8030928903e-01 6.4850573262e+03
2.1305000000e+00 4.3094987763e+02 -6.7312415092e-01 6.4839242103e+03
2.1310000000e+00 4.3095801670e+02 -6.6591672426e-01 6.4826453399e+03
2.1315000000e+00 4.3096589043e+02 -6.5870335509e-01 6.4813374271e+03
2.1320000000e+00 4.3097386966e+02 -6.5149663208e-01 6.4801244027e+03
2.1325000000e+00 4.3098195139e+02 -6.4429403518e-01 6.4791379067e+03
2.1330000000e+00 4.3099049570e+02 -6.3709034844e-01 6.4784843984e+03
2.1335000000e+00 4.3100008365e+02 -6.2988067650e-01 6.4782228123e+03
2.1340000000e+00 4.3101062116e+02 -6.2268201296e-01 6.4783738987e+03
2.1345000000e+00 4.3102190454e+02 -6.1549201407e-01 6.4789297218e+03
2.1350000000e+00 4.3103429462e+02 -6.0830254137e-01 6.4798469988e+03
2.1355000000e+00 4.3104786648e+02 -6.0110215784e-01 6.4810410131e+03
2.1360000000e+00 4.3106208712e+02 -5.9389461471e-01 6.4823937299e+03
2.1365000000e+00 4.3107664951e+02 -5.8669227619e-01 6.4837742066e+03
2.1370000000e+00 4.3109157294e+02 -5.7948480419e-01 6.4850585630e+03
2.1375000000e+00 4.3110659503e+02 -5.7226712754e-01 6.4861348036e+03
2.1380000000e+00 4.3112120862e+02 -5.6503471329e-01 6.4869014549e+03
2.1385000000e+00 4.3113518263e+02 -5.5780304578e-01 6.4872805780e+03
2.1390000000e+00 4.3114855567e+02 -5.5057381523e-01 6.4872415557e+03
2.1395000000e+00 4.3116115025e+02 -5.4333461643e-01 6.4868048914e+03
2.1400000000e+00 4.3117281454e+02 -5.3608218193e-01 6.4860210567e+03
2.1405000000e+00 4.3118383755e+02 -5.2881997195e-01 6.4849600974e+03
2.1410000000e+00 4.3119440372e+02 -5.2156459420e-01 6.4837257654e+03
2.1415000000e+00 4.3120445604e+02 -5.1430633659e-01 6.4824533485e+03
2.1420000000e+00 4.3121442033e+02 -5.0703944151e-01 6.4812760218e+03
2.1425000000e+00 4.3122485668e+02 -4.9976622879e-01 6.4803034396e+03
2.1430000000e+00 4.3123570887e+02 -4.9249588618e-01 6.4796282561e+03
2.1435000000e+00 4.3124702161e+02 -4.8523027199e-01 6.4793252964e+03
2.1440000000e+00 4.3125936307e+02 -4.7795386544e-01 6.4794334328e+03
2.1445000000e+00 4.3127288340e+02 -4.7066853504e-01 6.4799451845e+03
2.1450000000e+00 4.3128719154e+02 -4.6337666112e-01 6.4808100325e+03
2.1455000000e+00 4.3130224143e+02 -4.5609008336e-01 6.4819458078e+03
2.1460000000e+00 4.3131819263e+02 -4.4880443024e-01 6.4832524158e+03
2.1465000000e+00 4.3133471551e+02 -4.4150927686e-01 6.4846158305e+03
2.1470000000e+00 4.3135131813e+02 -4.3421114597e-01 6.4859060213e+03
2.1475000000e+00 4.3136787294e+02 -4.2691721555e-01 6.4869951592e+03
2.1480000000e+00 4.3138423824e+02 -4.1963484653e-01 6.4877877249e+03
2.1485000000e+00 4.3140002313e+02 -4.1234929226e-01 6.4882250986e+03
2.1490000000e+00 4.3141504887e+02 -4.0506116490e-01 6.4882710317e+03
2.1495000000e+00 4.3142940904e+02 -3.9777796403e-01 6.4879174525e+03
2.1500000000e+00 4.3144300951e+02 -3.9050386660e-01 6.4872054476e+03
2.1505000000e+00 4.3145573615e+02 -3.8323504818e-01 6.4862211868e+03
2.1510000000e+00 4.3146797876e+02 -3.7595778732e-01 6.4850689390e+03
2.1515000000e+00 4.3148011858e+02 -3.6868114656e-01 6.4838585007e+03
2.1520000000e+00 4.3149205251e+02 -3.6140926377e-01 6.4827095511e+03
2.1525000000e+00 4.3150401279e+02 -3.5414589151e-01 6.4817439299e+03
2.1530000000e+00 4.3151668081e+02 -3.4688198893e-01 6.4810652121e+03
2.1535000000e+00 4.3153018465e+02 -3.3961633473e-01 6.4807426850e+03
2.1540000000e+00 4.3154436044e+02 -3.3236310355e-01 6.4808067091e+03
2.1545000000e+00 4.3155947719e+02 -3.2512491505e-01 6.4812541039e+03
2.1550000000e+00 4.3157576908e+02 -3.1790258817e-01 6.4820528016e+03
2.1555000000e+00 4.3159301295e+02 -3.1068585226e-01 6.4831357491e+03
2.1560000000e+00 4.3161091883e+02 -3.0348280155e-01 6.4843982352e+03
2.1565000000e+00 4.3162942224e+02 -2.9630227601e-01 6.4857166959e+03
2.1570000000e+00 4.3164835403e+02 -2.8914326466e-01 6.4869743582e+03
2.1575000000e+00 4.3166727772e+02 -2.8199947001e-01 6.4880659301e+03
2.1580000000e+00 4.3168594322e+02 -2.7486347784e-01 6.4888898936e+03
2.1585000000e+00 4.3170430499e+02 -2.6774906077e-01 6.4893635191e+03
2.1590000000e+00 4.3172202583e+02 -2.6065413160e-01 6.4894504413e+03
2.1595000000e+00 4.3173885556e+02 -2.5357204954e-01 6.4891601255e+03
2.1600000000e+00 4.3175507515e+02 -2.4649422851e-01 6.4885279304e+03
2.1605000000e+00 4.3177078683e+02 -2.3942369254e-01 6.4876145720e+03
2.1610000000e+00 4.3178574301e+02 -2.3237004658e-01 6.4865145904e+03
2.1615000000e+00 4.3180023665e+02 -2.2532703981e-01 6.4853465277e+03
2.1620000000e+00 4.3181488530e+02 -2.1829305552e-01 6.4842334041e+03
2.1625000000e+00 4.3182974394e+02 -2.1126188915e-01 6.4832878163e+03
2.1630000000e+00 4.3184477900e+02 -2.0424414559e-01 6.4826022909e+03
2.1635000000e+00 4.3186047362e+02 -1.9724263766e-01 6.4822475520e+03
2.1640000000e+00 4.3187716234e+02 -1.9024860848e-01 6.4822706872e+03
2.1645000000e+00 4.3189469664e+02 -1.8325772563e-01 6.4826797034e+03
2.1650000000e+00 4.3191305728e+02 -1.7627180864e-01 6.4834338786e+03
2.1655000000e+00 4.3193237087e+02 -1.6930567809e-01 6.4844604017e+03
2.1660000000e+00 4.3195245102e+02 -1.6235326317e-01 6.4856737478e+03
2.1665000000e+00 4.3197297975e+02 -1.5541001855e-01 6.4869712504e+03
2.1670000000e+00 4.3199384098e+02 -1.4847649010e-01 6.4882293946e+03
2.1675000000e+00 4.3201483610e+02 -1.4156047864e-01 6.4893264406e+03
2.1680000000e+00 4.3203552327e+02 -1.3466805975e-01 6.4901685556e+03
2.1685000000e+00 4.3205566824e+02 -1.2778918733e-01 6.4906910314e+03
2.1690000000e+00 4.3207536376e+02 -1.2092512232e-01 6.4908507815e+03
2.1695000000e+00 4.3209444420e+02 -1.1407935708e-01 6.4906345193e+03
2.1700000000e+00 4.3211255484e+02 -1.0726403225e-01 6.4900714935e+03
2.1705000000e+00 4.3212992993e+02 -1.0047534052e-01 6.4892301234e+03
2.1710000000e+00 4.3214700088e+02 -9.3705353899e-02 6.4882032981e+03
2.1715000000e+00 4.3216367453e+02 -8.6958669094e-02 6.4870961317e+03
2.1720000000e+00 4.3217999288e+02 -8.0238800626e-02 6.4860186192e+03
2.1725000000e+00 4.3219651195e+02 -7.3551849510e-02 6.4850824750e+03
2.1730000000e+00 4.3221354079e+02 -6.6885184571e-02 6.4843921642e+03
2.1735000000e+00 4.3223107126e+02 -6.0234425834e-02 6.4840240610e+03
2.1740000000e+00 4.3224930730e+02 -5.3601098018e-02 6.4840129529e+03
2.1745000000e+00 4.3226850793e+02 -4.6988910442e-02 6.4843621037e+03
2.1750000000e+00 4.3228861865e+02 -4.0392663668e-02 6.4850523477e+03
2.1755000000e+00 4.3230950536e+02 -3.3796942373e-02 6.4860300678e+03
2.1760000000e+00 4.3233119803e+02 -2.7206646847e-02 6.4872009748e+03
2.1765000000e+00 4.3235353337e+02 -2.0624822084e-02 6.4884526995e+03
2.1770000000e+00 4.3237605105e+02 -1.4054020670e-02 6.4896778563e+03
2.1775000000e+00 4.3239856980e+02 -7.4864923201e-03 6.4907728909e+03
2.1780000000e+00 4.3242111972e+02 -9.2108420694e-04 6.4916372527e+03
2.1785000000e+00 4.3244327578e+02 5.6318035284e-03 6.4921909127e+03
2.1790000000e+00 4.3246459546e+02 1.2169675469e-02 6.4923902745e+03
2.1795000000e+00 4.3248525313e+02 1.8689700496e-02 6.4922293524e+03
2.1800000000e+00 4.3250539193e+02 2.5201009117e-02 6.4917356025e+03
2.1805000000e+00 4.3252471471e+02 3.1698675816e-02 6.4909638214e+03
2.1810000000e+00 4.3254325813e+02 3.8175833851e-02 6.4899924021e+03
2.1815000000e+00 4.3256150273e+02 4.4632502118e-02 6.4889247631e+03
2.1820000000e+00 4.3257961769e+02 5.1075655212e-02 6.4878802086e+03
2.1825000000e+00 4.3259762934e+02 5.7514900620e-02 6.4869686602e+03
2.1830000000e+00 4.3261591218e+02 6.3942030854e-02 6.4862775971e+03
2.1835000000e+00 4.3263476195e+02 7.0360318349e-02 6.4858796346e+03
2.1840000000e+00 4.3265419402e+02 7.6775982126e-02 6.4858291466e+03
2.1845000000e+00 4.3267435194e+02 8.3200057975e-02 6.4861417754e+03
2.1850000000e+00 4.3269541485e+02 8.9632941545e-02 6.4867876694e+03
2.1855000000e+00 4.3271725811e+02 9.6066679682e-02 6.4877077696e+03
2.1860000000e+00 4.3273961044e+02 1.0250568203e-01 6.4888267081e+03
2.1865000000e+00 4.3276243938e+02 1.0895340111e-01 6.4900498407e+03
2.1870000000e+00 4.3278571970e+02 1.1541549391e-01 6.4912640340e+03
2.1875000000e+00 4.3280898526e+02 1.2188224881e-01 6.4923561683e+03
2.1880000000e+00 4.3283180907e+02 1.2835147819e-01 6.4932313950e+03
2.1885000000e+00 4.3285428408e+02 1.3482777745e-01 6.4938189018e+03
2.1890000000e+00 4.3287633489e+02 1.4131230423e-01 6.4940735919e+03
2.1895000000e+00 4.3289749638e+02 1.4780473614e-01 6.4939782382e+03
2.1900000000e+00 4.3291775036e+02 1.5429318513e-01 6.4935475708e+03
2.1905000000e+00 4.3293740597e+02 1.6078054230e-01 6.4928347784e+03
2.1910000000e+00 4.3295643099e+02 1.6727103857e-01 6.4919255378e+03
2.1915000000e+00 4.3297483675e+02 1.7376994274e-01 6.4909166147e+03
2.1920000000e+00 4.3299300264e+02 1.8027301089e-01 6.4899063659e+03
2.1925000000e+00 4.3301118171e+02 1.8677603698e-01 6.4890007534e+03
2.1930000000e+00 4.3302944832e+02 1.9329173975e-01 6.4883044169e+03
2.1935000000e+00 4.3304809451e+02 1.9982456684e-01 6.4878941959e+03
2.1940000000e+00 4.3306745123e+02 2.0637763865e-01 6.4878097896e+03
2.1945000000e+00 4.3308747643e+02 2.1294613013e-01 6.4880649759e+03
2.1950000000e+00 4.3310807332e+02 2.1953770822e-01 6.4886491720e+03
2.1955000000e+00 4.3312945521e+02 2.2616196340e-01 6.4895165609e+03
2.1960000000e+00 4.3315162901e+02 2.3282083320e-01 6.4905876566e+03
2.1965000000e+00 4.3317413425e+02 2.3951534820e-01 6.4917641786e+03
2.1970000000e+00 4.3319672491e+02 2.4624065765e-01 6.4929419550e+03
2.1975000000e+00 4.3321948053e+02 2.5300751121e-01 6.4940196648e+03
2.1980000000e+00 4.3324211918e+02 2.5982030977e-01 6.4949045435e+03
2.1985000000e+00 4.3326414142e+02 2.6667858982e-01 6.4955172483e+03
2.1990000000e+00 4.3328548283e+02 2.7357744436e-01 6.4958038781e+03
2.1995000000e+00 4.3330621638e+02 2.8051721771e-01 6.4957500040e+03
2.2000000000e+00 4.3332610562e+02 2.8750858219e-01 6.4953771896e+03
2.2005000000e+00 4.3334509471e+02 2.9454793007e-01 6.4947287726e+03
2.2010000000e+00 4.3336345890e+02 3.0163187647e-01 6.4938697608e+03
2.2015000000e+00 4.3338128024e+02 3.0875413749e-01 6.4928944049e+03
2.2020000000e+00 4.3339860796e+02 3.1592103720e-01 6.4919136513e+03
2.2025000000e+00 4.3341582602e+02 3.2313671393e-01 6.4910306190e+03
2.2030000000e+00 4.3343323829e+02 3.3039448981e-01 6.4903322860e+03
2.2035000000e+00 4.3345085492e+02 3.3769340562e-01 6.4898935803e+03
2.2040000000e+00 4.3346881094e+02 3.4503378396e-01 6.4897706440e+03
2.2045000000e+00 4.3348744914e+02 3.5242726733e-01 6.4899852136e+03
2.2050000000e+00 4.3350684936e+02 3.5987258140e-01 6.4905206191e+03
2.2055000000e+00 4.3352672694e+02 3.6736881448e-01 6.4913304941e+03
2.2060000000e+00 4.3354701657e+02 3.7491821046e-01 6.4923463801e+03
2.2065000000e+00 4.3356786317e+02 3.8252723536e-01 6.4934816310e+03
2.2070000000e+00 4.3358896516e+02 3.9020635461e-01 6.4946365453e+03
2.2075000000e+00 4.3360984707e+02 3.9795209414e-01 6.4957052515e+03
2.2080000000e+00 4.3363047970e+02 4.0576622766e-01 6.4965900973e+03
2.2085000000e+00 4.3365077940e+02 4.1365018530e-01 6.4972189974e+03
2.2090000000e+00 4.3367033775e+02 4.2161324993e-01 6.4975469831e+03
2.2095000000e+00 4.3368905153e+02 4.2965518411e-01 6.4975485085e+03
2.2100000000e+00 4.3370704257e+02 4.3776589201e-01 6.4972265775e+03
2.2105000000e+00 4.3372417865e+02 4.4594680181e-01 6.4966258287e+03
2.2110000000e+00 4.3374043607e+02 4.5419931965e-01 6.4958208274e+03
2.2115000000e+00 4.3375616314e+02 4.6252788172e-01 6.4948961748e+03
2.2120000000e+00 4.3377156329e+02 4.7092494140e-01 6.4939443945e+03
2.2125000000e+00 4.3378661701e+02 4.7938895808e-01 6.4930674039e+03
2.2130000000e+00 4.3380159289e+02 4.8792291011e-01 6.4923629211e+03
2.2135000000e+00 4.3381694176e+02 4.9652972312e-01 6.4919077246e+03
2.2140000000e+00 4.3383274479e+02 5.0521294096e-01 6.4917506677e+03
2.2145000000e+00 4.3384890007e+02 5.1396537893e-01 6.4919124715e+03
2.2150000000e+00 4.3386560638e+02 5.2279195327e-01 6.4923862652e+03
2.2155000000e+00 4.3388305368e+02 5.3169762990e-01 6.4931373836e+03
2.2160000000e+00 4.3390099105e+02 5.4068977229e-01 6.4941018507e+03
2.2165000000e+00 4.3391914880e+02 5.4976685241e-01 6.4951901424e+03
2.2170000000e+00 4.3393754678e+02 5.5892537327e-01 6.4963027701e+03
2.2175000000e+00 4.3395600822e+02 5.6817306700e-01 6.4973456631e+03
2.2180000000e+00 4.3397411426e+02 5.7751257486e-01 6.4982310557e+03
2.2185000000e+00 4.3399173274e+02 5.8694640459e-01 6.4988776261e+03
2.2190000000e+00 4.3400882349e+02 5.9646611812e-01 6.4992272900e+03
2.2195000000e+00 4.3402507579e+02 6.0607222809e-01 6.4992600955e+03
2.2200000000e+00 4.3404038642e+02 6.1576877863e-01 6.4989876455e+03
2.2205000000e+00 4.3405497221e+02 6.2555348407e-01 6.4984423468e+03
2.2210000000e+00 4.3406883779e+02 6.3542203057e-01 6.4976812111e+03
2.2215000000e+00 4.3408190067e+02 6.4536626239e-01 6.4967886350e+03
2.2220000000e+00 4.3409445206e+02 6.5539143085e-01 6.4958637979e+03
2.2225000000e+00 4.3410688199e+02 6.6549640387e-01 6.4950041539e+03
2.2230000000e+00 4.3411926373e+02 6.7567964290e-01 6.4942978378e+03
2.2235000000e+00 4.3413162823e+02 6.8593691123e-01 6.4938195767e+03
2.2240000000e+00 4.3414432600e+02 6.9626601874e-01 6.4936244034e+03
2.2245000000e+00 4.3415763427e+02 7.0667358587e-01 6.4937414243e+03
2.2250000000e+00 4.3417139710e+02 7.1715842274e-01 6.4941672024e+03
2.2255000000e+00 4.3418555549e+02 7.2771955711e-01 6.4948635595e+03
2.2260000000e+00 4.3420028342e+02 7.3834960458e-01 6.4957685941e+03
2.2265000000e+00 4.3421539715e+02 7.4905357138e-01 6.4968082356e+03
2.2270000000e+00 4.3423055153e+02 7.5983551590e-01 6.4978929682e+03
2.2275000000e+00 4.3424571122e+02 7.7069058249e-01 6.4989201742e+03
2.2280000000e+00 4.3426072329e+02 7.8161581061e-01 6.4997957791e+03
2.2285000000e+00 4.3427517622e+02 7.9260873584e-01 6.5004495661e+03
2.2290000000e+00 4.3428894562e+02 8.0367637209e-01 6.5008307134e+03
2.2295000000e+00 4.3430210549e+02 8.1481479348e-01 6.5009072633e+03
2.2300000000e+00 4.3431444482e+02 8.2602057538e-01 6.5006777507e+03
2.2305000000e+00 4.3432578727e+02 8.3729074843e-01 6.5001758053e+03
2.2310000000e+00 4.3433638386e+02 8.4862603645e-01 6.4994616697e+03
2.2315000000e+00 4.3434647075e+02 8.6003142832e-01 6.4986126133e+03
2.2320000000e+00 4.3435600441e+02 8.7150108649e-01 6.4977166512e+03
2.2325000000e+00 4.3436511201e+02 8.8303305635e-01 6.4968667186e+03
2.2330000000e+00 4.3437420987e+02 8.9462374499e-01 6.4961542903e+03
2.2335000000e+00 4.3438352614e+02 9.0627725059e-01 6.4956587773e+03
2.2340000000e+00 4.3439305128e+02 9.1799114556e-01 6.4954343855e+03
2.2345000000e+00 4.3440293651e+02 9.2975662495e-01 6.4955052028e+03
2.2350000000e+00 4.3441342617e+02 9.4157139250e-01 6.4958708970e+03
2.2355000000e+00 4.3442444574e+02 9.5343316946e-01 6.4965082961e+03
2.2360000000e+00 4.3443582294e+02 9.6534624473e-01 6.4973641056e+03
2.2365000000e+00 4.3444761382e+02 9.7730242195e-01 6.4983569298e+03
2.2370000000e+00 4.3445967657e+02 9.8929630364e-01 6.4993961619e+03
2.2375000000e+00 4.3447161445e+02 1.0013268523e+00 6.5003946510e+03
2.2380000000e+00 4.3448332783e+02 1.0133947983e+00 6.5012660572e+03
2.2385000000e+00 4.3449479426e+02 1.0254984200e+00 6.5019297145e+03
2.2390000000e+00 4.3450563853e+02 1.0376279427e+00 6.5023276458e+03
2.2395000000e+00 4.3451562214e+02 1.0497841534e+00 6.5024328498e+03
2.2400000000e+00 4.3452489782e+02 1.0619648737e+00 6.5022457460e+03
2.2405000000e+00 4.3453348993e+02 1.0741709603e+00 6.5017920434e+03
2.2410000000e+00 4.3454122612e+02 1.0863975913e+00 6.5011220109e+03
2.2415000000e+00 4.3454821320e+02 1.0986378297e+00 6.5003073300e+03
2.2420000000e+00 4.3455480789e+02 1.1108918736e+00 6.4994361390e+03
2.2425000000e+00 4.3456116165e+02 1.1231583207e+00 6.4986033025e+03
2.2430000000e+00 4.3456729170e+02 1.1354379233e+00 6.4978953705e+03
2.2435000000e+00 4.3457349418e+02 1.1477204384e+00 6.4973829757e+03
2.2440000000e+00 4.3458007719e+02 1.1600033084e+00 6.4971231098e+03
2.2445000000e+00 4.3458701424e+02 1.1722878045e+00 6.4971531809e+03
2.2450000000e+00 4.3459435547e+02 1.1845717819e+00 6.4974763370e+03
2.2455000000e+00 4.3460230579e+02 1.1968507776e+00 6.4980618646e+03
2.2460000000e+00 4.3461074019e+02 1.2091164376e+00 6.4988599257e+03
2.2465000000e+00 4.3461940348e+02 1.2213719585e+00 6.4998054900e+03
2.2470000000e+00 4.3462832748e+02 1.2336148091e+00 6.5008145778e+03
2.2475000000e+00 4.3463742007e+02 1.2458432712e+00 6.5017929405e+03
2.2480000000e+00 4.3464625938e+02 1.2580514879e+00 6.5026526371e+03
2.2485000000e+00 4.3465463350e+02 1.2702355169e+00 6.5033207220e+03
2.2490000000e+00 4.3466260095e+02 1.2823977655e+00 6.5037423579e+03
2.2495000000e+00 4.3466998621e+02 1.2945340211e+00 6.5038843417e+03
2.2500000000e+00 4.3467650789e+02 1.3066411483e+00 6.5037389617e+03
2.2505000000e+00 4.3468222537e+02 1.3187103415e+00 6.5033274015e+03
2.2510000000e+00 4.3468733465e+02 1.3307418209e+00 6.5026997962e+03
2.2515000000e+00 4.3469183568e+02 1.3427351739e+00 6.5019271272e+03
2.2520000000e+00 4.3469576003e+02 1.3546859204e+00 6.5010894782e+03
2.2525000000e+00 4.3469940470e+02 1.3665893328e+00 6.5002711692e+03
2.2530000000e+00 4.3470303203e+02 1.3784392091e+00 6.4995599264e+03
2.2535000000e+00 4.3470669444e+02 1.3902401820e+00 6.4990361083e+03
2.2540000000e+00 4.3471057467e+02 1.4019888482e+00 6.4987553202e+03
2.2545000000e+00 4.3471496921e+02 1.4136806152e+00 6.4987455135e+03
2.2550000000e+00 4.3471984869e+02 1.4253112140e+00 6.4990148818e+03
2.2555000000e+00 4.3472511685e+02 1.4368813009e+00 6.4995486228e+03
2.2560000000e+00 4.3473095489e+02 1.4483936815e+00 6.5003006372e+03
2.2565000000e+00 4.3473731014e+02 1.4598416089e+00 6.5012007432e+03
2.2570000000e+00 4.3474379284e+02 1.4712233225e+00 6.5021686494e+03
2.2575000000e+00 4.3475029351e+02 1.4825335034e+00 6.5031199779e+03
2.2580000000e+00 4.3475684422e+02 1.4937721376e+00 6.5039707978e+03
2.2585000000e+00 4.3476313123e+02 1.5049356500e+00 6.5046458073e+03
2.2590000000e+00 4.3476882311e+02 1.5160167867e+00 6.5050856134e+03
2.2595000000e+00 4.3477392618e+02 1.5270103657e+00 6.5052543178e+03
2.2600000000e+00 4.3477846114e+02 1.5379118002e+00 6.5051460743e+03
2.2605000000e+00 4.3478225354e+02 1.5487241166e+00 6.5047816893e+03
2.2610000000e+00 4.3478528138e+02 1.5594398091e+00 6.5042010289e+03
2.2615000000e+00 4.3478777720e+02 1.5700534804e+00 6.5034641940e+03
2.2620000000e+00 4.3478986158e+02 1.5805633074e+00 6.5026529330e+03
2.2625000000e+00 4.3479157009e+02 1.5909706624e+00 6.5018567507e+03
2.2630000000e+00 4.3479318602e+02 1.6012763314e+00 6.5011564006e+03
2.2635000000e+00 4.3479499151e+02 1.6114739968e+00 6.5006219266e+03
2.2640000000e+00 4.3479699540e+02 1.6215652520e+00 6.5003135457e+03
2.2645000000e+00 4.3479930835e+02 1.6315504630e+00 6.5002709077e+03
2.2650000000e+00 4.3480222390e+02 1.6414333493e+00 6.5005028176e+03
2.2655000000e+00 4.3480572897e+02 1.6512116468e+00 6.5009899417e+03
2.2660000000e+00 4.3480959350e+02 1.6608817194e+00 6.5016915461e+03
2.2665000000e+00 4.3481385870e+02 1.6704459064e+00 6.5025480713e+03
2.2670000000e+00 4.3481856638e+02 1.6799034479e+00 6.5034841656e+03
2.2675000000e+00 4.3482339017e+02 1.6892559685e+00 6.5044154431e+03
2.2680000000e+00 4.3482804075e+02 1.6984964118e+00 6.5052569412e+03
2.2685000000e+00 4.3483250751e+02 1.7076223604e+00 6.5059341400e+03
2.2690000000e+00 4.3483666261e+02 1.7166326992e+00 6.5063919489e+03
2.2695000000e+00 4.3484022199e+02 1.7255263861e+00 6.5065954523e+03
2.2700000000e+00 4.3484310951e+02 1.7343002822e+00 6.5065293397e+03
2.2705000000e+00 4.3484540861e+02 1.7429455967e+00 6.5062051571e+03
2.2710000000e+00 4.3484708674e+02 1.7514636740e+00 6.5056654622e+03
2.2715000000e+00 4.3484812788e+02 1.7598539161e+00 6.5049731408e+03
2.2720000000e+00 4.3484876849e+02 1.7681157943e+00 6.5041988642e+03
2.2725000000e+00 4.3484922809e+02 1.7762441951e+00 6.5034209719e+03
2.2730000000e+00 4.3484951238e+02 1.7842378460e+00 6.5027245059e+03
2.2735000000e+00 4.3484982227e+02 1.7921010742e+00 6.5021862766e+03
2.2740000000e+00 4.3485054188e+02 1.7998319442e+00 6.5018622279e+03
2.2745000000e+00 4.3485168785e+02 1.8074311802e+00 6.5017875576e+03
2.2750000000e+00 4.3485317130e+02 1.8148955633e+00 6.5019764227e+03
2.2755000000e+00 4.3485523166e+02 1.8222275240e+00 6.5024176443e+03
2.2760000000e+00 4.3485795405e+02 1.8294293308e+00 6.5030754243e+03
2.2765000000e+00 4.3486105606e+02 1.8365013729e+00 6.5038920812e+03
2.2770000000e+00 4.3486440244e+02 1.8434425836e+00 6.5047927270e+03
2.2775000000e+00 4.3486801295e+02 1.8502490006e+00 6.5056967084e+03
2.2780000000e+00 4.3487167705e+02 1.8569260244e+00 6.5065270930e+03
2.2785000000e+00 4.3487508914e+02 1.8634726237e+00 6.5072116037e+03
2.2790000000e+00 4.3487815236e+02 1.8698869942e+00 6.5076874460e+03
2.2795000000e+00 4.3488081382e+02 1.8761657282e+00 6.5079149433e+03
2.2800000000e+00 4.3488287722e+02 1.8823096587e+00 6.5078838884e+03
2.2805000000e+00 4.3488426725e+02 1.8883224424e+00 6.5076067026e+03
2.2810000000e+00 4.3488512982e+02 1.8942001768e+00 6.5071139801e+03
2.2815000000e+00 4.3488550869e+02 1.8999418634e+00 6.5064588601e+03
2.2820000000e+00 4.3488536782e+02 1.9055442821e+00 6.5057150266e+03
2.2825000000e+00 4.3488495130e+02 1.9110107221e+00 6.5049633919e+03
2.2830000000e+00 4.3488457682e+02 1.9163409276e+00 6.5042812759e+03
2.2835000000e+00 4.3488426783e+02 1.9215323578e+00 6.5037394538e+03
2.2840000000e+00 4.3488408247e+02 1.9265858261e+00 6.5033974149e+03
2.2845000000e+00 4.3488435775e+02 1.9315016078e+00 6.5032956407e+03
2.2850000000e+00 4.3488523402e+02 1.9362856994e+00 6.5034507237e+03
2.2855000000e+00 4.3488655306e+02 1.9409375629e+00 6.5038530277e+03
2.2860000000e+00 4.3488833741e+02 1.9454584722e+00 6.5044677633e+03
2.2865000000e+00 4.3489069082e+02 1.9498495744e+00 6.5052420683e+03
2.2870000000e+00 4.3489341880e+02 1.9541152572e+00 6.5061108944e+03
2.2875000000e+00 4.3489627462e+02 1.9582612054e+00 6.5069971987e+03
2.2880000000e+00 4.3489920344e+02 1.9622844619e+00 6.5078183362e+03
2.2885000000e+00 4.3490206615e+02 1.9661867833e+00 6.5085016899e+03
2.2890000000e+00 4.3490458251e+02 1.9699695813e+00 6.5089930726e+03
2.2895000000e+00 4.3490663375e+02 1.9736373402e+00 6.5092534047e+03
2.2900000000e+00 4.3490824919e+02 1.9771875304e+00 6.5092611617e+03
2.2905000000e+00 4.3490931107e+02 1.9806172283e+00 6.5090225580e+03
2.2910000000e+00 4.3490969534e+02 1.9839284501e+00 6.5085717930e+03
2.2915000000e+00 4.3490960304e+02 1.9871199588e+00 6.5079607970e+03
2.2920000000e+00 4.3490924341e+02 1.9901936398e+00 6.5072538905e+03
2.2925000000e+00 4.3490855614e+02 1.9931452259e+00 6.5065258603e+03
2.2930000000e+00 4.3490767501e+02 1.9959744421e+00 6.5058545190e+03
2.2935000000e+00 4.3490699146e+02 1.9986817104e+00 6.5053122688e+03
2.2940000000e+00 4.3490661861e+02 2.0012693743e+00 6.5049590531e+03
2.2945000000e+00 4.3490651636e+02 2.0037394118e+00 6.5048343472e+03
2.2950000000e+00 4.3490688933e+02 2.0060886393e+00 6.5049540177e+03
2.2955000000e+00 4.3490789658e+02 2.0083219110e+00 6.5053138495e+03
2.2960000000e+00 4.3490941066e+02 2.0104431936e+00 6.5058886128e+03
2.2965000000e+00 4.3491134312e+02 2.0124577875e+00 6.5066280915e+03
2.2970000000e+00 4.3491371093e+02 2.0143658463e+00 6.5074636902e+03
2.2975000000e+00 4.3491635499e+02 2.0161691146e+00 6.5083223185e+03
2.2980000000e+00 4.3491901043e+02 2.0178744585e+00 6.5091318482e+03
2.2985000000e+00 4.3492157737e+02 2.0194838679e+00 6.5098209776e+03
2.2990000000e+00 4.3492398445e+02 2.0210004801e+00 6.5103272167e+03
2.2995000000e+00 4.3492598084e+02 2.0224221021e+00 6.5106093325e+03
2.3000000000e+00 4.3492740165e+02 2.0237527486e+00 6.5106508023e+03
2.3005000000e+00 4.3492834758e+02 2.0249952534e+00 6.5104558918e+03
2.3010000000e+00 4.3492884971e+02 2.0261496703e+00 6.5100493516e+03
2.3015000000e+00 4.3492877422e+02 2.0272162343e+00 6.5094775863e+03
2.3020000000e+00 4.3492823907e+02 2.0281929426e+00 6.5088041605e+03
2.3025000000e+00 4.3492756675e+02 2.0290839579e+00 6.5081022887e+03
2.3030000000e+00 4.3492682931e+02 2.0298894819e+00 6.5074476959e+03
2.3035000000e+00 4.3492604100e+02 2.0306117987e+00 6.5069094914e+03
2.3040000000e+00 4.3492550364e+02 2.0312499039e+00 6.5065442662e+03
2.3045000000e+00 4.3492542719e+02 2.0318058951e+00 6.5063952818e+03
2.3050000000e+00 4.3492575533e+02 2.0322867904e+00 6.5064865087e+03
2.3055000000e+00 4.3492656083e+02 2.0326934031e+00 6.5068138290e+03
2.3060000000e+00 4.3492797455e+02 2.0330275274e+00 6.5073485563e+03
2.3065000000e+00 4.3492987004e+02 2.0332895135e+00 6.5080474214e+03
2.3070000000e+00 4.3493207729e+02 2.0334860870e+00 6.5088531208e+03
2.3075000000e+00 4.3493458061e+02 2.0336199510e+00 6.5096933213e+03
2.3080000000e+00 4.3493726782e+02 2.0336913074e+00 6.5104910641e+03
2.3085000000e+00 4.3493983957e+02 2.0337032546e+00 6.5111777911e+03
2.3090000000e+00 4.3494212644e+02 2.0336568906e+00 6.5116971505e+03
2.3095000000e+00 4.3494415792e+02 2.0335579213e+00 6.5120064865e+03
2.3100000000e+00 4.3494579753e+02 2.0334062049e+00 6.5120826127e+03
2.3105000000e+00 4.3494681518e+02 2.0332035268e+00 6.5119259521e+03
2.3110000000e+00 4.3494730019e+02 2.0329503292e+00 6.5115598565e+03
2.3115000000e+00 4.3494743698e+02 2.0326495604e+00 6.5110287285e+03
2.3120000000e+00 4.3494716821e+02 2.0323058863e+00 6.5103925733e+03
2.3125000000e+00 4.3494654645e+02 2.0319175341e+00 6.5097186314e+03
2.3130000000e+00 4.3494587933e+02 2.0314865476e+00 6.5090776915e+03
2.3135000000e+00 4.3494532264e+02 2.0310139107e+00 6.5085411286e+03
2.3140000000e+00 4.3494490468e+02 2.0305052198e+00 6.5081699279e+03
2.3145000000e+00 4.3494482400e+02 2.0299615438e+00 6.5080042777e+03
2.3150000000e+00 4.3494526677e+02 2.0293827270e+00 6.5080643841e+03
2.3155000000e+00 4.3494619269e+02 2.0287725528e+00 6.5083532781e+03
2.3160000000e+00 4.3494757327e+02 2.0281340844e+00 6.5088523015e+03
2.3165000000e+00 4.3494949376e+02 2.0274730482e+00 6.5095181792e+03
2.3170000000e+00 4.3495186801e+02 2.0267885228e+00 6.5102910996e+03
2.3175000000e+00 4.3495443659e+02 2.0260840325e+00 6.5111048433e+03
2.3180000000e+00 4.3495709732e+02 2.0253636593e+00 6.5118901215e+03
2.3185000000e+00 4.3495983188e+02 2.0246310411e+00 6.5125780202e+03
2.3190000000e+00 4.3496240170e+02 2.0238900958e+00 6.5131087710e+03
2.3195000000e+00 4.3496454380e+02 2.0231408918e+00 6.5134390479e+03
2.3200000000e+00 4.3496627996e+02 2.0223884749e+00 6.5135453031e+03
2.3205000000e+00 4.3496764353e+02 2.0216352891e+00 6.5134264949e+03
2.3210000000e+00 4.3496846104e+02 2.0208871567e+00 6.5131030483e+03
2.3215000000e+00 4.3496873662e+02 2.0201448915e+00 6.5126124657e+03
2.3220000000e+00 4.3496871454e+02 2.0194087264e+00 6.5120086797e+03
2.3225000000e+00 4.3496846131e+02 2.0186837579e+00 6.5113605443e+03
2.3230000000e+00 4.3496799523e+02 2.0179726800e+00 6.5107400773e+03
2.3235000000e+00 4.3496758924e+02 2.0172787154e+00 6.5102115181e+03
2.3240000000e+00 4.3496744324e+02 2.0165999716e+00 6.5098313278e+03
2.3245000000e+00 4.3496755278e+02 2.0159412630e+00 6.5096462804e+03
2.3250000000e+00 4.3496804463e+02 2.0153062014e+00 6.5096827662e+03
2.3255000000e+00 4.3496910964e+02 2.0146965310e+00 6.5099417164e+03
2.3260000000e+00 4.3497069651e+02 2.0141146030e+00 6.5104037019e+03
2.3265000000e+00 4.3497266452e+02 2.0135606565e+00 6.5110326258e+03
2.3270000000e+00 4.3497503450e+02 2.0130401592e+00 6.5117759414e+03
2.3275000000e+00 4.3497778671e+02 2.0125552155e+00 6.5125686487e+03
2.3280000000e+00 4.3498066097e+02 2.0121098886e+00 6.5133410700e+03
2.3285000000e+00 4.3498343309e+02 2.0117050381e+00 6.5140259310e+03
2.3290000000e+00 4.3498610134e+02 2.0113434133e+00 6.5145654100e+03
2.3295000000e+00 4.3498855703e+02 2.0110309823e+00 6.5149170071e+03
2.3300000000e+00 4.3499054326e+02 2.0107689292e+00 6.5150552853e+03
2.3305000000e+00 4.3499203128e+02 2.0105601109e+00 6.5149731028e+03
2.3310000000e+00 4.3499312573e+02 2.0104037772e+00 6.5146863009e+03
2.3315000000e+00 4.3499376496e+02 2.0103050606e+00 6.5142337042e+03
2.3320000000e+00 4.3499395180e+02 2.0102672041e+00 6.5136680881e+03
2.3325000000e+00 4.3499391583e+02 2.0102910349e+00 6.5130491290e+03
2.3330000000e+00 4.3499379743e+02 2.0103782745e+00 6.5124435188e+03
2.3335000000e+00 4.3499362014e+02 2.0105307487e+00 6.5119203359e+03
2.3340000000e+00 4.3499358760e+02 2.0107552279e+00 6.5115384983e+03
2.3345000000e+00 4.3499394370e+02 2.0110521851e+00 6.5113397298e+03
2.3350000000e+00 4.3499469068e+02 2.0114249810e+00 6.5113495536e+03
2.3355000000e+00 4.3499581438e+02 2.0118764736e+00 6.5115758140e+03
2.3360000000e+00 4.3499746517e+02 2.0124110520e+00 6.5120044358e+03
2.3365000000e+00 4.3499966769e+02 2.0130337588e+00 6.5126005377e+03
2.3370000000e+00 4.3500221323e+02 2.0137457150e+00 6.5133134289e+03
2.3375000000e+00 4.3500497962e+02 2.0145509947e+00 6.5140814292e+03
2.3380000000e+00 4.3500797981e+02 2.0154503655e+00 6.5148382884e+03
2.3385000000e+00 4.3501104298e+02 2.0164493790e+00 6.5155203512e+03
2.3390000000e+00 4.3501388493e+02 2.0175502791e+00 6.5160699538e+03
2.3395000000e+00 4.3501645256e+02 2.0187527335e+00 6.5164399408e+03
2.3400000000e+00 4.3501873837e+02 2.0200586979e+00 6.5166030833e+03
2.3405000000e+00 4.3502054635e+02 2.0214701001e+00 6.5165553447e+03
2.3410000000e+00 4.3502182832e+02 2.0229912893e+00 6.5163098631e+03
2.3415000000e+00 4.3502274522e+02 2.0246198532e+00 6.5158956907e+03
2.3420000000e+00 4.3502330215e+02 2.0263577486e+00 6.5153615420e+03
2.3425000000e+00 4.3502349084e+02 2.0282070268e+00 6.5147701107e+03
2.3430000000e+00 4.3502355534e+02 2.0301701074e+00 6.5141864907e+03
2.3435000000e+00 4.3502369668e+02 2.0322496568e+00 6.5136729160e+03
2.3440000000e+00 4.3502392799e+02 2.0344453801e+00 6.5132866215e+03
2.3445000000e+00 4.3502436195e+02 2.0367617690e+00 6.5130736667e+03
2.3450000000e+00 4.3502523357e+02 2.0392007013e+00 6.5130624613e+03
2.3455000000e+00 4.3502660620e+02 2.0417672349e+00 6.5132611321e+03
2.3460000000e+00 4.3502837913e+02 2.0444624574e+00 6.5136573041e+03
2.3465000000e+00 4.3503056753e+02 2.0472876113e+00 6.5142196454e+03
2.3470000000e+00 4.3503323206e+02 2.0502464207e+00 6.5149020498e+03
2.3475000000e+00 4.3503620565e+02 2.0533406954e+00 6.5156477799e+03
2.3480000000e+00 4.3503926858e+02 2.0565739902e+00 6.5163921327e+03
2.3485000000e+00 4.3504238546e+02 2.0599441972e+00 6.5170692661e+03
2.3490000000e+00 4.3504545578e+02 2.0634532846e+00 6.5176228492e+03
2.3495000000e+00 4.3504822884e+02 2.0671029694e+00 6.5180106893e+03
2.3500000000e+00 4.3505062030e+02 2.0708941414e+00 6.5182033509e+03
2.3505000000e+00 4.3505267133e+02 2.0748262537e+00 6.5181882527e+03
2.3510000000e+00 4.3505426962e+02 2.0788969113e+00 6.5179764040e+03
2.3515000000e+00 4.3505535015e+02 2.0831098626e+00 6.5175996535e+03
2.3520000000e+00 4.3505609809e+02 2.0874646929e+00 6.5171024707e+03
2.3525000000e+00 4.3505663794e+02 2.0919627983e+00 6.5165394608e+03
2.3530000000e+00 4.3505694418e+02 2.0966040005e+00 6.5159738006e+03
2.3535000000e+00 4.3505717653e+02 2.1013899059e+00 6.5154694124e+03
2.3540000000e+00 4.3505761316e+02 2.1063235889e+00 6.5150829350e+03
2.3545000000e+00 4.3505832105e+02 2.1114056096e+00 6.5148593696e+03
2.3550000000e+00 4.3505929534e+02 2.1166391649e+00 6.5148276576e+03
2.3555000000e+00 4.3506069240e+02 2.1220227940e+00 6.5149977056e+03
2.3560000000e+00 4.3506262526e+02 2.1275600981e+00 6.5153615618e+03
2.3565000000e+00 4.3506498137e+02 2.1332535652e+00 6.5158933050e+03
2.3570000000e+00 4.3506766201e+02 2.1391037715e+00 6.5165481840e+03
2.3575000000e+00 4.3507069113e+02 2.1451105481e+00 6.5172688521e+03
2.3580000000e+00 4.3507394448e+02 2.1512733755e+00 6.5179953735e+03
2.3585000000e+00 4.3507717280e+02 2.1575959604e+00 6.5186682610e+03
2.3590000000e+00 4.3508030733e+02 2.1640763221e+00 6.5192295560e+03
2.3595000000e+00 4.3508330292e+02 2.1707138820e+00 6.5196316428e+03
2.3600000000e+00 4.3508593072e+02 2.1775069562e+00 6.5198460749e+03
2.3605000000e+00 4.3508809251e+02 2.1844554132e+00 6.5198629950e+03
2.3610000000e+00 4.3508989566e+02 2.1915593590e+00 6.5196887617e+03
2.3615000000e+00 4.3509131246e+02 2.1988151288e+00 6.5193479909e+03
2.3620000000e+00 4.3509226812e+02 2.2062222620e+00 6.5188830166e+03
2.3625000000e+00 4.3509292339e+02 2.2137775959e+00 6.5183482436e+03
2.3630000000e+00 4.3509348738e+02 2.2214820371e+00 6.5178040973e+03
2.3635000000e+00 4.3509400432e+02 2.2293340191e+00 6.5173114979e+03
2.3640000000e+00 4.3509454011e+02 2.2373315547e+00 6.5169255997e+03
2.3645000000e+00 4.3509531967e+02 2.2454740944e+00 6.5166913042e+03
2.3650000000e+00 4.3509649172e+02 2.2537605032e+00 6.5166403217e+03
2.3655000000e+00 4.3509802405e+02 2.2621934186e+00 6.5167865759e+03
2.3660000000e+00 4.3509994854e+02 2.2707703342e+00 6.5171223966e+03
2.3665000000e+00 4.3510236565e+02 2.2794909507e+00 6.5176217204e+03
2.3670000000e+00 4.3510518383e+02 2.2883546758e+00 6.5182461217e+03
2.3675000000e+00 4.3510823340e+02 2.2973630261e+00 6.5189453524e+03
2.3680000000e+00 4.3511149639e+02 2.3065160710e+00 6.5196583882e+03
2.3685000000e+00 4.3511488859e+02 2.3158101479e+00 6.5203231923e+03
2.3690000000e+00 4.3511814829e+02 2.3252463219e+00 6.5208862388e+03
2.3695000000e+00 4.3512116177e+02 2.3348228826e+00 6.5213035358e+03
2.3700000000e+00 4.3512395954e+02 2.3445391608e+00 6.5215424646e+03
2.3705000000e+00 4.3512639348e+02 2.3543916488e+00 6.5215883755e+03
2.3710000000e+00 4.3512831338e+02 2.3643775627e+00 6.5214469176e+03
2.3715000000e+00 4.3512983704e+02 2.3744948720e+00 6.5211412446e+03
2.3720000000e+00 4.3513107351e+02 2.3847399400e+00 6.5207101559e+03
2.3725000000e+00 4.3513197618e+02 2.3951121712e+00 6.5202045569e+03
2.3730000000e+00 4.3513263564e+02 2.4056060330e+00 6.5196812443e+03
2.3735000000e+00 4.3513328984e+02 2.4162192082e+00 6.5191989601e+03
2.3740000000e+00 4.3513405581e+02 2.4269496266e+00 6.5188143732e+03
2.3745000000e+00 4.3513496491e+02 2.4377959288e+00 6.5185737535e+03
2.3750000000e+00 4.3513616420e+02 2.4487556151e+00 6.5185066052e+03
2.3755000000e+00 4.3513780624e+02 2.4598243687e+00 6.5186266649e+03
2.3760000000e+00 4.3513985564e+02 2.4710033855e+00 6.5189326537e+03
2.3765000000e+00 4.3514226681e+02 2.4822908480e+00 6.5194041929e+03
2.3770000000e+00 4.3514510683e+02 2.4936862472e+00 6.5200018677e+03
2.3775000000e+00 4.3514829483e+02 2.5051865746e+00 6.5206755232e+03
2.3780000000e+00 4.3515160463e+02 2.5167905737e+00 6.5213705300e+03
2.3785000000e+00 4.3515497788e+02 2.5284978891e+00 6.5220292476e+03
2.3790000000e+00 4.3515838524e+02 2.5403051145e+00 6.5225958230e+03
2.3795000000e+00 4.3516159491e+02 2.5522105025e+00 6.5230242709e+03
2.3800000000e+00 4.3516444225e+02 2.5642089400e+00 6.5232830808e+03
2.3805000000e+00 4.3516697163e+02 2.5762985012e+00 6.5233569551e+03
2.3810000000e+00 4.3516916025e+02 2.5884752507e+00 6.5232484657e+03
2.3815000000e+00 4.3517088882e+02 2.6007352164e+00 6.5229775286e+03
2.3820000000e+00 4.3517220907e+02 2.6130741554e+00 6.5225788240e+03
2.3825000000e+00 4.3517329530e+02 2.6254860867e+00 6.5220999228e+03
2.3830000000e+00 4.3517420564e+02 2.6379697057e+00 6.5215977609e+03
2.3835000000e+00 4.3517498099e+02 2.6505207582e+00 6.5211301962e+03
2.3840000000e+00 4.3517582028e+02 2.6631359634e+00 6.5207491460e+03
2.3845000000e+00 4.3517689284e+02 2.6758104859e+00 6.5204995487e+03
2.3850000000e+00 4.3517820981e+02 2.6885428348e+00 6.5204163324e+03
2.3855000000e+00 4.3517984480e+02 2.7013323096e+00 6.5205163693e+03
2.3860000000e+00 4.3518194703e+02 2.7141742706e+00 6.5207961115e+03
2.3865000000e+00 4.3518447565e+02 2.7270673745e+00 6.5212367032e+03
2.3870000000e+00 4.3518729797e+02 2.7400087318e+00 6.5218060170e+03
2.3875000000e+00 4.3519043851e+02 2.7529980548e+00 6.5224577872e+03
2.3880000000e+00 4.3519386931e+02 2.7660322232e+00 6.5231366296e+03
2.3885000000e+00 4.3519734233e+02 2.7791088336e+00 6.5237860631e+03
2.3890000000e+00 4.3520071050e+02 2.7922256840e+00 6.5243529224e+03
2.3895000000e+00 4.3520399200e+02 2.8053787890e+00 6.5247917752e+03
2.3900000000e+00 4.3520704845e+02 2.8185675319e+00 6.5250702964e+03
2.3905000000e+00 4.3520968873e+02 2.8317873044e+00 6.5251711581e+03
2.3910000000e+00 4.3521193702e+02 2.8450345020e+00 6.5250930015e+03
2.3915000000e+00 4.3521385549e+02 2.8583046683e+00 6.5248533026e+03
2.3920000000e+00 4.3521539420e+02 2.8715956621e+00 6.5244865716e+03
2.3925000000e+00 4.3521658979e+02 2.8849048445e+00 6.5240373734e+03
2.3930000000e+00 4.3521761672e+02 2.8982261957e+00 6.5235564640e+03
2.3935000000e+00 4.3521859083e+02 2.9115575040e+00 6.5230998121e+03
2.3940000000e+00 4.3521955436e+02 2.9248950348e+00 6.5227225459e+03
2.3945000000e+00 4.3522065699e+02 2.9382372687e+00 6.5224696885e+03
2.3950000000e+00 4.3522208554e+02 2.9515797038e+00 6.5223725009e+03
2.3955000000e+00 4.3522384637e+02 2.9649187798e+00 6.5224492066e+03
2.3960000000e+00 4.3522592122e+02 2.9782530036e+00 6.5227025633e+03
2.3965000000e+00 4.3522843267e+02 2.9915791696e+00 6.5231165360e+03
2.3970000000e+00 4.3523137648e+02 3.0048959746e+00 6.5236588596e+03
2.3975000000e+00 4.3523455971e+02 3.0181989986e+00 6.5242861000e+03
2.3980000000e+00 4.3523791588e+02 3.0314867779e+00 6.5249469265e+03
2.3985000000e+00 4.3524144895e+02 3.0447560504e+00 6.5255866947e+03
2.3990000000e+00 4.3524497382e+02 3.0580047849e+00 6.5261534833e+03
2.3995000000e+00 4.3524828811e+02 3.0712308807e+00 6.5266018438e+03
2.4000000000e+00 4.3525137412e+02 3.0844293200e+00 6.5268969735e+03
2.4005000000e+00 4.3525419570e+02 3.0975986560e+00 6.5270206344e+03
2.4010000000e+00 4.3525661196e+02 3.1107361580e+00 6.5269723675e+03
2.4015000000e+00 4.3525860716e+02 3.1238403318e+00 6.5267659977e+03
2.4020000000e+00 4.3526029448e+02 3.1369063043e+00 6.5264293255e+03
2.4025000000e+00 4.3526169996e+02 3.1499311812e+00 6.5260053712e+03
2.4030000000e+00 4.3526283791e+02 3.1629142659e+00 6.5255465357e+03
2.4035000000e+00 4.3526388657e+02 3.1758517927e+00 6.5251056526e+03
2.4040000000e+00 4.3526501665e+02 3.1887415713e+00 6.5247328380e+03
2.4045000000e+00 4.3526624714e+02 3.2015797631e+00 6.5244739883e+03
2.4050000000e+00 4.3526766030e+02 3.2143656722e+00 6.5243642075e+03
2.4055000000e+00 4.3526945489e+02 3.2270964648e+00 6.5244223145e+03
2.4060000000e+00 4.3527165847e+02 3.2397701050e+00 6.5246509673e+03
2.4065000000e+00 4.3527416747e+02 3.2523852221e+00 6.5250371602e+03
2.4070000000e+00 4.3527702669e+02 3.2649383295e+00 6.5255523248e+03
2.4075000000e+00 4.3528026964e+02 3.2774296287e+00 6.5261559092e+03
2.4080000000e+00 4.3528371081e+02 3.2898570520e+00 6.5267994785e+03
2.4085000000e+00 4.3528720074e+02 3.3022198042e+00 6.5274294892e+03
2.4090000000e+00 4.3529072815e+02 3.3145146164e+00 6.5279935183e+03
2.4095000000e+00 4.3529417105e+02 3.3267403729e+00 6.5284477947e+03
2.4100000000e+00 4.3529734177e+02 3.3388970284e+00 6.5287595383e+03
2.4105000000e+00 4.3530019798e+02 3.3509813249e+00 6.5289073585e+03
2.4110000000e+00 4.3530274853e+02 3.3629915471e+00 6.5288856029e+03
2.4115000000e+00 4.3530491957e+02 3.3749244352e+00 6.5287075196e+03
2.4120000000e+00 4.3530669105e+02 3.3867800266e+00 6.5284016119e+03
2.4125000000e+00 4.3530819290e+02 3.3985556337e+00 6.5280061806e+03
2.4130000000e+00 4.3530952824e+02 3.4102483721e+00 6.5275679083e+03
2.4135000000e+00 4.3531070295e+02 3.4218569011e+00 6.5271395996e+03
2.4140000000e+00 4.3531184485e+02 3.4333788519e+00 6.5267728886e+03
2.4145000000e+00 4.3531317471e+02 3.4448139654e+00 6.5265117669e+03
2.4150000000e+00 4.3531473795e+02 3.4561591935e+00 6.5263901779e+03
2.4155000000e+00 4.3531652423e+02 3.4674141363e+00 6.5264291360e+03
2.4160000000e+00 4.3531867833e+02 3.4785767609e+00 6.5266336670e+03
2.4165000000e+00 4.3532127327e+02 3.4896463239e+00 6.5269932556e+03
2.4170000000e+00 4.3532418269e+02 3.5006234501e+00 6.5274828365e+03
2.4175000000e+00 4.3532734674e+02 3.5115058923e+00 6.5280634631e+03
2.4180000000e+00 4.3533078759e+02 3.5222930896e+00 6.5286873490e+03
2.4185000000e+00 4.3533437061e+02 3.5329833542e+00 6.5293049528e+03
2.4190000000e+00 4.3533790443e+02 3.5435781303e+00 6.5298673402e+03
2.4195000000e+00 4.3534134481e+02 3.5540749637e+00 6.5303283978e+03
2.4200000000e+00 4.3534463289e+02 3.5644716103e+00 6.5306524749e+03
2.4205000000e+00 4.3534760133e+02 3.5747682048e+00 6.5308199448e+03
2.4210000000e+00 4.3535019168e+02 3.5849632858e+00 6.5308255624e+03
2.4215000000e+00 4.3535247323e+02 3.5950563270e+00 6.5306774471e+03
2.4220000000e+00 4.3535443308e+02 3.6050443554e+00 6.5303993963e+03
2.4225000000e+00 4.3535603463e+02 3.6149274114e+00 6.5300292800e+03
2.4230000000e+00 4.3535741047e+02 3.6247039403e+00 6.5296130207e+03
2.4235000000e+00 4.3535873274e+02 3.6343732258e+00 6.5291999860e+03
2.4240000000e+00 4.3536002968e+02 3.6439353185e+00 6.5288395819e+03
2.4245000000e+00 4.3536135820e+02 3.6533883913e+00 6.5285759917e+03
2.4250000000e+00 4.3536292449e+02 3.6627333310e+00 6.5284437200e+03
2.4255000000e+00 4.3536482423e+02 3.6719695872e+00 6.5284653087e+03
2.4260000000e+00 4.3536700317e+02 3.6810989970e+00 6.5286482256e+03
2.4265000000e+00 4.3536951703e+02 3.6901205235e+00 6.5289827979e+03
2.4270000000e+00 4.3537243710e+02 3.6990338016e+00 6.5294453732e+03
2.4275000000e+00 4.3537564958e+02 3.7078404859e+00 6.5300020208e+03
2.4280000000e+00 4.3537903812e+02 3.7165403906e+00 6.5306088700e+03
2.4285000000e+00 4.3538258710e+02 3.7251340063e+00 6.5312152605e+03
2.4290000000e+00 4.3538619300e+02 3.7336189310e+00 6.5317718724e+03
2.4295000000e+00 4.3538966980e+02 3.7419963361e+00 6.5322363811e+03
2.4300000000e+00 4.3539294019e+02 3.7502655444e+00 6.5325743656e+03
2.4305000000e+00 4.3539599547e+02 3.7584252513e+00 6.5327619732e+03
2.4310000000e+00 4.3539873258e+02 3.7664745117e+00 6.5327909612e+03
2.4315000000e+00 4.3540106050e+02 3.7744117336e+00 6.5326697869e+03
2.4320000000e+00 4.3540306384e+02 3.7822375569e+00 6.5324204491e+03
2.4325000000e+00 4.3540483616e+02 3.7899498901e+00 6.5320765776e+03
2.4330000000e+00 4.3540634880e+02 3.7975492988e+00 6.5316814945e+03
2.4335000000e+00 4.3540767727e+02 3.8050345941e+00 6.5312831488e+03
2.4340000000e+00 4.3540903562e+02 3.8124052086e+00 6.5309294083e+03
2.4345000000e+00 4.3541050558e+02 3.8196623435e+00 6.5306647237e+03
2.4350000000e+00 4.3541209257e+02 3.8268059081e+00 6.5305244125e+03
2.4355000000e+00 4.3541394262e+02 3.8338365667e+00 6.5305300100e+03
2.4360000000e+00 4.3541617084e+02 3.8407530687e+00 6.5306900334e+03
2.4365000000e+00 4.3541871617e+02 3.8475583806e+00 6.5309999619e+03
2.4370000000e+00 4.3542155712e+02 3.8542531641e+00 6.5314391918e+03
2.4375000000e+00 4.3542474241e+02 3.8608371534e+00 6.5319729317e+03
2.4380000000e+00 4.3542817482e+02 3.8673113683e+00 6.5325592805e+03
2.4385000000e+00 4.3543168908e+02 3.8736762289e+00 6.5331528041e+03
2.4390000000e+00 4.3543524369e+02 3.8799336090e+00 6.5337058025e+03
2.4395000000e+00 4.3543878307e+02 3.8860820787e+00 6.5341736677e+03
2.4400000000e+00 4.3544213004e+02 3.8921227835e+00 6.5345215243e+03
2.4405000000e+00 4.3544517568e+02 3.8980552511e+00 6.5347267134e+03
2.4410000000e+00 4.3544794914e+02 3.9038796128e+00 6.5347795831e+03
2.4415000000e+00 4.3545042844e+02 3.9095965084e+00 6.5346851535e+03
2.4420000000e+00 4.3545252865e+02 3.9152048507e+00 6.5344629138e+03
2.4425000000e+00 4.3545430689e+02 3.9207051048e+00 6.5341442357e+03
2.4430000000e+00 4.3545591617e+02 3.9260958961e+00 6.5337700130e+03
2.4435000000e+00 4.3545739239e+02 3.9313789759e+00 6.5333872095e+03
2.4440000000e+00 4.3545876896e+02 3.9365540187e+00 6.5330425318e+03
2.4445000000e+00 4.3546023134e+02 3.9416206516e+00 6.5327777408e+03
2.4450000000e+00 4.3546190273e+02 3.9465797440e+00 6.5326282027e+03
2.4455000000e+00 4.3546377620e+02 3.9514321414e+00 6.5326193059e+03
2.4460000000e+00 4.3546592958e+02 3.9561803192e+00 6.5327609625e+03
2.4465000000e+00 4.3546846677e+02 3.9608232654e+00 6.5330473823e+03
2.4470000000e+00 4.3547133028e+02 3.9653629070e+00 6.5334607657e+03
2.4475000000e+00 4.3547443456e+02 3.9698008171e+00 6.5339720593e+03
2.4480000000e+00 4.3547779059e+02 3.9741384425e+00 6.5345410447e+03
2.4485000000e+00 4.3548133922e+02 3.9783768910e+00 6.5351214895e+03
2.4490000000e+00 4.3548489743e+02 3.9825163815e+00 6.5356676932e+03
2.4495000000e+00 4.3548836056e+02 3.9865593111e+00 6.5361375684e+03
2.4500000000e+00 4.3549172130e+02 3.9905050786e+00 6.5364956236e+03
2.4505000000e+00 4.3549487243e+02 3.9943554769e+00 6.5367175551e+03
2.4510000000e+00 4.3549767046e+02 3.9981102780e+00 6.5367924892e+03
2.4515000000e+00 4.3550013941e+02 4.0017690897e+00 6.5367231091e+03
2.4520000000e+00 4.3550234560e+02 4.0053322546e+00 6.5365266458e+03
2.4525000000e+00 4.3550424323e+02 4.0087997298e+00 6.5362333896e+03
2.4530000000e+00 4.3550586121e+02 4.0121723943e+00 6.5358815053e+03
2.4535000000e+00 4.3550737003e+02 4.0154478813e+00 6.5355138377e+03
2.4540000000e+00 4.3550885646e+02 4.0186273870e+00 6.5351765744e+03
2.4545000000e+00 4.3551033965e+02 4.0217116133e+00 6.5349134766e+03
2.4550000000e+00 4.3551196585e+02 4.0247009845e+00 6.5347587892e+03
2.4555000000e+00 4.3551387368e+02 4.0275959449e+00 6.5347358627e+03
2.4560000000e+00 4.3551604341e+02 4.0303971635e+00 6.5348573701e+03
2.4565000000e+00 4.3551848633e+02 4.0331078346e+00 6.5351220363e+03
2.4570000000e+00 4.3552129107e+02 4.0357285176e+00 6.5355130977e+03
2.4575000000e+00 4.3552441352e+02 4.0382619371e+00 6.5360018608e+03
2.4580000000e+00 4.3552771583e+02 4.0407095372e+00 6.5365513339e+03
2.4585000000e+00 4.3553115642e+02 4.0430733748e+00 6.5371185550e+03
2.4590000000e+00 4.3553470622e+02 4.0453559684e+00 6.5376586049e+03
2.4595000000e+00 4.3553821462e+02 4.0475583770e+00 6.5381296018e+03
2.4600000000e+00 4.3554153420e+02 4.0496829014e+00 6.5384962557e+03
2.4605000000e+00 4.3554464745e+02 4.0517291548e+00 6.5387331670e+03
2.4610000000e+00 4.3554753008e+02 4.0536992496e+00 6.5388283230e+03
2.4615000000e+00 4.3555006997e+02 4.0555938248e+00 6.5387838301e+03
2.4620000000e+00 4.3555225911e+02 4.0574132833e+00 6.5386138929e+03
2.4625000000e+00 4.3555420835e+02 4.0591573598e+00 6.5383443891e+03
2.4630000000e+00 4.3555593648e+02 4.0608256901e+00 6.5380126378e+03
2.4635000000e+00 4.3555745509e+02 4.0624204444e+00 6.5376620031e+03
2.4640000000e+00 4.3555892756e+02 4.0639405438e+00 6.5373354007e+03
2.4645000000e+00 4.3556048076e+02 4.0653866300e+00 6.5370734429e+03
2.4650000000e+00 4.3556212245e+02 4.0667593097e+00 6.5369123969e+03
2.4655000000e+00 4.3556394332e+02 4.0680604119e+00 6.5368782206e+03
2.4660000000e+00 4.3556608614e+02 4.0692913105e+00 6.5369830160e+03
2.4665000000e+00 4.3556854555e+02 4.0704526138e+00 6.5372260186e+03
2.4670000000e+00 4.3557125878e+02 4.0715472814e+00 6.5375940522e+03
2.4675000000e+00 4.3557425964e+02 4.0725760822e+00 6.5380613277e+03
2.4680000000e+00 4.3557754597e+02 4.0735419470e+00 6.5385923889e+03
2.4685000000e+00 4.3558096895e+02 4.0744467376e+00 6.5391462496e+03
2.4690000000e+00 4.3558441221e+02 4.0752922549e+00 6.5396793023e+03
2.4695000000e+00 4.3558786091e+02 4.0760800470e+00 6.5401498110e+03
2.4700000000e+00 4.3559121900e+02 4.0768114738e+00 6.5405234320e+03
2.4705000000e+00 4.3559432906e+02 4.0774895890e+00 6.5407752800e+03
2.4710000000e+00 4.3559716274e+02 4.0781137948e+00 6.5408906106e+03
2.4715000000e+00 4.3559974538e+02 4.0786852803e+00 6.5408682849e+03
2.4720000000e+00 4.3560201001e+02 4.0792048257e+00 6.5407223252e+03
2.4725000000e+00 4.3560394624e+02 4.0796737547e+00 6.5404779840e+03
2.4730000000e+00 4.3560568221e+02 4.0800924403e+00 6.5401681241e+03
2.4735000000e+00 4.3560728795e+02 4.0804604749e+00 6.5398326908e+03
2.4740000000e+00 4.3560876931e+02 4.0807798505e+00 6.5395154296e+03
2.4745000000e+00 4.3561026041e+02 4.0810507352e+00 6.5392573241e+03
2.4750000000e+00 4.3561191918e+02 4.0812749896e+00 6.5390925445e+03
2.4755000000e+00 4.3561376045e+02 4.0814532168e+00 6.5390468764e+03
2.4760000000e+00 4.3561580598e+02 4.0815870974e+00 6.5391349678e+03
2.4765000000e+00 4.3561816695e+02 4.0816787134e+00 6.5393580372e+03
2.4770000000e+00 4.3562086708e+02 4.0817295174e+00 6.5397043850e+03
2.4775000000e+00 4.3562381276e+02 4.0817426278e+00 6.5401506580e+03
2.4780000000e+00 4.3562696047e+02 4.0817188672e+00 6.5406633513e+03
2.4785000000e+00 4.3563030865e+02 4.0816608225e+00 6.5412027181e+03
2.4790000000e+00 4.3563374838e+02 4.0815705109e+00 6.5417276644e+03
2.4795000000e+00 4.3563712538e+02 4.0814505611e+00 6.5421982780e+03
2.4800000000e+00 4.3564039740e+02 4.0813025435e+00 6.5425785576e+03
2.4805000000e+00 4.3564352686e+02 4.0811269573e+00 6.5428420171e+03
2.4810000000e+00 4.3564637994e+02 4.0809269219e+00 6.5429752052e+03
2.4815000000e+00 4.3564890954e+02 4.0807033058e+00 6.5429762734e+03
2.4820000000e+00 4.3565118697e+02 4.0804574743e+00 6.5428545600e+03
2.4825000000e+00 4.3565319906e+02 4.0801894664e+00 6.5426324785e+03
2.4830000000e+00 4.3565492083e+02 4.0799008793e+00 6.5423432340e+03
2.4835000000e+00 4.3565648451e+02 4.0795928528e+00 6.5420251545e+03
2.4840000000e+00 4.3565801675e+02 4.0792651804e+00 6.5417186156e+03
2.4845000000e+00 4.3565952762e+02 4.0789196539e+00 6.5414637756e+03
2.4850000000e+00 4.3566109345e+02 4.0785562414e+00 6.5412956496e+03
2.4855000000e+00 4.3566287605e+02 4.0781766005e+00 6.5412402427e+03
2.4860000000e+00 4.3566492326e+02 4.0777818156e+00 6.5413131358e+03
2.4865000000e+00 4.3566720250e+02 4.0773736856e+00 6.5415174627e+03
2.4870000000e+00 4.3566976139e+02 4.0769533344e+00 6.5418427762e+03
2.4875000000e+00 4.3567263806e+02 4.0765217294e+00 6.5422675637e+03
2.4880000000e+00 4.3567573761e+02 4.0760822539e+00 6.5427618561e+03
2.4885000000e+00 4.3567896219e+02 4.0756360484e+00 6.5432881108e+03
2.4890000000e+00 4.3568229278e+02 4.0751851510e+00 6.5438047138e+03
2.4895000000e+00 4.3568564781e+02 4.0747308440e+00 6.5442723478e+03
2.4900000000e+00 4.3568887204e+02 4.0742756879e+00 6.5446576356e+03
2.4905000000e+00 4.3569190683e+02 4.0738217601e+00 6.5449338892e+03
2.4910000000e+00 4.3569475284e+02 4.0733694074e+00 6.5450841459e+03
2.4915000000e+00 4.3569731847e+02 4.0729206108e+00 6.5451050057e+03
2.4920000000e+00 4.3569954444e+02 4.0724759244e+00 6.5450061673e+03
2.4925000000e+00 4.3570152078e+02 4.0720372661e+00 6.5448076684e+03
2.4930000000e+00 4.3570330407e+02 4.0716048262e+00 6.5445389304e+03
2.4935000000e+00 4.3570487359e+02 4.0711795916e+00 6.5442368383e+03
2.4940000000e+00 4.3570632555e+02 4.0707626132e+00 6.5439411814e+03
2.4945000000e+00 4.3570781916e+02 4.0703542394e+00 6.5436907177e+03
2.4950000000e+00 4.3570940195e+02 4.0699565522e+00 6.5435202260e+03
2.4955000000e+00 4.3571110084e+02 4.0695699207e+00 6.5434564131e+03
2.4960000000e+00 4.3571302965e+02 4.0691959909e+00 6.5435148990e+03
2.4965000000e+00 4.3571526176e+02 4.0688356151e+00 6.5437001717e+03
2.4970000000e+00 4.3571775426e+02 4.0684913075e+00 6.5440053230e+03
2.4975000000e+00 4.3572048157e+02 4.0681651781e+00 6.5444107925e+03
2.4980000000e+00 4.3572346962e+02 4.0678577844e+00 6.5448864983e+03
2.4985000000e+00 4.3572664474e+02 4.0675716807e+00 6.5453971657e+03
2.4990000000e+00 4.3572986564e+02 4.0673086553e+00 6.5459050273e+03
2.4995000000e+00 4.3573309301e+02 4.0670710826e+00 6.5463710537e+03
2.5000000000e+00 4.3573628762e+02 4.0668594197e+00 6.5467599489e+03
2.5005000000e+00 4.3573929869e+02 4.0666753446e+00 6.5470455703e+03
2.5010000000e+00 4.3574204644e+02 4.0665205690e+00 6.5472118209e+03
2.5015000000e+00 4.3574457166e+02 4.0663952761e+00 6.5472530051e+03
2.5020000000e+00 4.3574684070e+02 4.0663009832e+00 6.5471758760e+03
2.5025000000e+00 4.3574878943e+02 4.0662375063e+00 6.5469991424e+03
2.5030000000e+00 4.3575049809e+02 4.0662058450e+00 6.5467505245e+03
2.5035000000e+00 4.3575207977e+02 4.0662060694e+00 6.5464646857e+03
2.5040000000e+00 4.3575354927e+02 4.0662394052e+00 6.5461803496e+03
2.5045000000e+00 4.3575496080e+02 4.0663066242e+00 6.5459352871e+03
2.5050000000e+00 4.3575646446e+02 4.0664076062e+00 6.5457628629e+03
2.5055000000e+00 4.3575814152e+02 4.0665444456e+00 6.5456904322e+03
2.5060000000e+00 4.3575999489e+02 4.0667182692e+00 6.5457360066e+03
2.5065000000e+00 4.3576208578e+02 4.0669311102e+00 6.5459047658e+03
2.5070000000e+00 4.3576448262e+02 4.0671835804e+00 6.5461897512e+03
2.5075000000e+00 4.3576713878e+02 4.0674777809e+00 6.5465743015e+03
2.5080000000e+00 4.3576998287e+02 4.0678161437e+00 6.5470323114e+03
2.5085000000e+00 4.3577301383e+02 4.0681998527e+00 6.5475292310e+03
2.5090000000e+00 4.3577617846e+02 4.0686308940e+00 6.5480269289e+03
2.5095000000e+00 4.3577932523e+02 4.0691101259e+00 6.5484885908e+03
2.5100000000e+00 4.3578237676e+02 4.0696399107e+00 6.5488807537e+03
2.5105000000e+00 4.3578532949e+02 4.0702209730e+00 6.5491758700e+03
2.5110000000e+00 4.3578808273e+02 4.0708543244e+00 6.5493562761e+03
2.5115000000e+00 4.3579053234e+02 4.0715410641e+00 6.5494158413e+03
2.5120000000e+00 4.3579272108e+02 4.0722813017e+00 6.5493595640e+03
2.5125000000e+00 4.3579468985e+02 4.0730764402e+00 6.5492038372e+03
2.5130000000e+00 4.3579639933e+02 4.0739267844e+00 6.5489750987e+03
2.5135000000e+00 4.3579789991e+02 4.0748337001e+00 6.5487059466e+03
2.5140000000e+00 4.3579932657e+02 4.0757969824e+00 6.5484324313e+03
2.5145000000e+00 4.3580074008e+02 4.0768180663e+00 6.5481921597e+03
2.5150000000e+00 4.3580217135e+02 4.0778989286e+00 6.5480195047e+03
2.5155000000e+00 4.3580373392e+02 4.0790400319e+00 6.5479407079e+03
2.5160000000e+00 4.3580552845e+02 4.0802429718e+00 6.5479730311e+03
2.5165000000e+00 4.3580754617e+02 4.0815090998e+00 6.5481245060e+03
2.5170000000e+00 4.3580978895e+02 4.0828412825e+00 6.5483912451e+03
2.5175000000e+00 4.3581231748e+02 4.0842405270e+00 6.5487568584e+03
2.5180000000e+00 4.3581509392e+02 4.0857086276e+00 6.5491960890e+03
2.5185000000e+00 4.3581799816e+02 4.0872477770e+00 6.5496776717e+03
2.5190000000e+00 4.3582099915e+02 4.0888592630e+00 6.5501656682e+03
2.5195000000e+00 4.3582407392e+02 4.0905451777e+00 6.5506231382e+03
2.5200000000e+00 4.3582708134e+02 4.0923062942e+00 6.5510168687e+03
2.5205000000e+00 4.3582991231e+02 4.0941443127e+00 6.5513198203e+03
2.5210000000e+00 4.3583257486e+02 4.0960595628e+00 6.5515133623e+03
2.5215000000e+00 4.3583502871e+02 4.0980533046e+00 6.5515900838e+03
2.5220000000e+00 4.3583718409e+02 4.1001267706e+00 6.5515540199e+03
2.5225000000e+00 4.3583906620e+02 4.1022797430e+00 6.5514190939e+03
2.5230000000e+00 4.3584075646e+02 4.1045132430e+00 6.5512089030e+03
2.5235000000e+00 4.3584226359e+02 4.1068277037e+00 6.5509554110e+03
2.5240000000e+00 4.3584362140e+02 4.1092249485e+00 6.5506942172e+03
2.5245000000e+00 4.3584495786e+02 4.1117051587e+00 6.5504603391e+03
2.5250000000e+00 4.3584636417e+02 4.1142693796e+00 6.5502866193e+03
2.5255000000e+00 4.3584786219e+02 4.1169194884e+00 6.5502011601e+03
2.5260000000e+00 4.3584952182e+02 4.1196570058e+00 6.5502227915e+03
2.5265000000e+00 4.3585144342e+02 4.1224840532e+00 6.5503589308e+03
2.5270000000e+00 4.3585362333e+02 4.1254016130e+00 6.5506066438e+03
2.5275000000e+00 4.3585600754e+02 4.1284126763e+00 6.5509530042e+03
2.5280000000e+00 4.3585861974e+02 4.1315190301e+00 6.5513748428e+03
2.5285000000e+00 4.3586145091e+02 4.1347228473e+00 6.5518414890e+03
2.5290000000e+00 4.3586436738e+02 4.1380265084e+00 6.5523187207e+03
2.5295000000e+00 4.3586728238e+02 4.1414316150e+00 6.5527711611e+03
2.5300000000e+00 4.3587019152e+02 4.1449403810e+00 6.5531655574e+03
2.5305000000e+00 4.3587300007e+02 4.1485541012e+00 6.5534751106e+03
2.5310000000e+00 4.3587558343e+02 4.1522752070e+00 6.5536812691e+03
2.5315000000e+00 4.3587794024e+02 4.1561041069e+00 6.5537744576e+03
2.5320000000e+00 4.3588008344e+02 4.1600416920e+00 6.5537565133e+03
2.5325000000e+00 4.3588195808e+02 4.1640897050e+00 6.5536411414e+03
2.5330000000e+00 4.3588357660e+02 4.1682488792e+00 6.5534505969e+03
2.5335000000e+00 4.3588504017e+02 4.1725201249e+00 6.5532132308e+03
2.5340000000e+00 4.3588640178e+02 4.1769035762e+00 6.5529628409e+03
2.5345000000e+00 4.3588768214e+02 4.1814014504e+00 6.5527352446e+03
2.5350000000e+00 4.3588898907e+02 4.1860145428e+00 6.5525628750e+03
2.5355000000e+00 4.3589044087e+02 4.1907440840e+00 6.5524721596e+03
2.5360000000e+00 4.3589205160e+02 4.1955919140e+00 6.5524825424e+03
2.5365000000e+00 4.3589383826e+02 4.2005596064e+00 6.5526038552e+03
2.5370000000e+00 4.3589588865e+02 4.2056497437e+00 6.5528344543e+03
2.5375000000e+00 4.3589821174e+02 4.2108639629e+00 6.5531623308e+03
2.5380000000e+00 4.3590071854e+02 4.2162052773e+00 6.5535665084e+03
2.5385000000e+00 4.3590338314e+02 4.2216753120e+00 6.5540182527e+03
2.5390000000e+00 4.3590620368e+02 4.2272764291e+00 6.5544843572e+03
2.5395000000e+00 4.3590906947e+02 4.2330112156e+00 6.5549310334e+03
2.5400000000e+00 4.3591186301e+02 4.2388813273e+00 6.5553260540e+03
2.5405000000e+00 4.3591456506e+02 4.2448886344e+00 6.5556414979e+03
2.5410000000e+00 4.3591712930e+02 4.2510338892e+00 6.5558579654e+03
2.5415000000e+00 4.3591945103e+02 4.2573194523e+00 6.5559664739e+03
2.5420000000e+00 4.3592151378e+02 4.2637461517e+00 6.5559674918e+03
2.5425000000e+00 4.3592336591e+02 4.2703145636e+00 6.5558711648e+03
2.5430000000e+00 4.3592499694e+02 4.2770256079e+00 6.5556981134e+03
2.5435000000e+00 4.3592641037e+02 4.2838802165e+00 6.5554768002e+03
2.5440000000e+00 4.3592770931e+02 4.2908798699e+00 6.5552391666e+03
2.5445000000e+00 4.3592898790e+02 4.2980245586e+00 6.5550183564e+03
2.5450000000e+00 4.3593026742e+02 4.3053161601e+00 6.5548467375e+03
2.5455000000e+00 4.3593161090e+02 4.3127558255e+00 6.5547517969e+03
2.5460000000e+00 4.3593314249e+02 4.3203451800e+00 6.5547528560e+03
2.5465000000e+00 4.3593489812e+02 4.3280861884e+00 6.5548602371e+03
2.5470000000e+00 4.3593684314e+02 4.3359806346e+00 6.5550742867e+03
2.5475000000e+00 4.3593901832e+02 4.3440309617e+00 6.5553844415e+03
2.5480000000e+00 4.3594145356e+02 4.3522385619e+00 6.5557711010e+03
2.5485000000e+00 4.3594405171e+02 4.3606067430e+00 6.5562081019e+03
2.5490000000e+00 4.3594673561e+02 4.3691372702e+00 6.5566638006e+03
2.5495000000e+00 4.3594950019e+02 4.3778316827e+00 6.5571041563e+03
2.5500000000e+00 4.3595226206e+02 4.3866919303e+00 6.5574978432e+03
2.5505000000e+00 4.3595489585e+02 4.3957198438e+00 6.5578186213e+03
2.5510000000e+00 4.3595737183e+02 4.4049170104e+00 6.5580460774e+03
2.5515000000e+00 4.3595967979e+02 4.4142833481e+00 6.5581686810e+03
2.5520000000e+00 4.3596174529e+02 4.4238204684e+00 6.5581862872e+03
2.5525000000e+00 4.3596354376e+02 4.4335288981e+00 6.5581088534e+03
2.5530000000e+00 4.3596514486e+02 4.4434091141e+00 6.5579544569e+03
2.5535000000e+00 4.3596658782e+02 4.4534615759e+00 6.5577487579e+03
2.5540000000e+00 4.3596787244e+02 4.4636864989e+00 6.5575229832e+03
2.5545000000e+00 4.3596908210e+02 4.4740849483e+00 6.5573098766e+03
2.5550000000e+00 4.3597034055e+02 4.4846568559e+00 6.5571405021e+03
2.5555000000e+00 4.3597168465e+02 4.4954036635e+00 6.5570420252e+03
2.5560000000e+00 4.3597313540e+02 4.5063258038e+00 6.5570346365e+03
2.5565000000e+00 4.3597478944e+02 4.5174241784e+00 6.5571292108e+03
2.5570000000e+00 4.3597669900e+02 4.5287000084e+00 6.5573272042e+03
2.5575000000e+00 4.3597881389e+02 4.5401545194e+00 6.5576205374e+03
2.5580000000e+00 4.3598111968e+02 4.5517893721e+00 6.5579911372e+03
2.5585000000e+00 4.3598363681e+02 4.5636046234e+00 6.5584132013e+03
2.5590000000e+00 4.3598628642e+02 4.5756021069e+00 6.5588571609e+03
2.5595000000e+00 4.3598896012e+02 4.5877828580e+00 6.5592915650e+03
2.5600000000e+00 4.3599163272e+02 4.6001476494e+00 6.5596847800e+03
2.5605000000e+00 4.3599425612e+02 4.6126967055e+00 6.5600093451e+03
2.5610000000e+00 4.3599671443e+02 4.6254304302e+00 6.5602456658e+03
2.5615000000e+00 4.3599896023e+02 4.6383498869e+00 6.5603824303e+03
2.5620000000e+00 4.3600101694e+02 4.6514542633e+00 6.5604170565e+03
2.5625000000e+00 4.3600285717e+02 4.6647438416e+00 6.5603572683e+03
2.5630000000e+00 4.3600444751e+02 4.6782182596e+00 6.5602204664e+03
2.5635000000e+00 4.3600585496e+02 4.6918772699e+00 6.5600309021e+03
2.5640000000e+00 4.3600716962e+02 4.7057204024e+00 6.5598176608e+03
2.5645000000e+00 4.3600840817e+02 4.7197472277e+00 6.5596125736e+03
2.5650000000e+00 4.3600961569e+02 4.7339579091e+00 6.5594462837e+03
2.5655000000e+00 4.3601091921e+02 4.7483510785e+00 6.5593451482e+03
2.5660000000e+00 4.3601238139e+02 4.7629272674e+00 6.5593298937e+03
2.5665000000e+00 4.3601399232e+02 4.7776863580e+00 6.5594131221e+03
2.5670000000e+00 4.3601580763e+02 4.7926280687e+00 6.5595968296e+03
2.5675000000e+00 4.3601788232e+02 4.8077519391e+00 6.5598734110e+03
2.5680000000e+00 4.3602015910e+02 4.8230579891e+00 6.5602274856e+03
2.5685000000e+00 4.3602258402e+02 4.8385468992e+00 6.5606358870e+03
2.5690000000e+00 4.3602516096e+02 4.8542174338e+00 6.5610692161e+03
2.5695000000e+00 4.3602782647e+02 4.8700696021e+00 6.5614963140e+03
2.5700000000e+00 4.3603046114e+02 4.8861027863e+00 6.5618875772e+03
2.5705000000e+00 4.3603301819e+02 4.9023165562e+00 6.5622163542e+03
2.5710000000e+00 4.3603547992e+02 4.9187097492e+00 6.5624615635e+03
2.5715000000e+00 4.3603776181e+02 4.9352809817e+00 6.5626108336e+03
2.5720000000e+00 4.3603980123e+02 4.9520294632e+00 6.5626613267e+03
2.5725000000e+00 4.3604163297e+02 4.9689529661e+00 6.5626192621e+03
2.5730000000e+00 4.3604328457e+02 4.9860503330e+00 6.5624998888e+03
2.5735000000e+00 4.3604473556e+02 5.0033195559e+00 6.5623261957e+03
2.5740000000e+00 4.3604603303e+02 5.0207588001e+00 6.5621259253e+03
2.5745000000e+00 4.3604728793e+02 5.0383658709e+00 6.5619291322e+03
2.5750000000e+00 4.3604855026e+02 5.0561387367e+00 6.5617661525e+03
2.5755000000e+00 4.3604984213e+02 5.0740762847e+00 6.5616639094e+03
2.5760000000e+00 4.3605126013e+02 5.0921757075e+00 6.5616424591e+03
2.5765000000e+00 4.3605288341e+02 5.1104353303e+00 6.5617143001e+03
2.5770000000e+00 4.3605469323e+02 5.1288534004e+00 6.5618839163e+03
2.5775000000e+00 4.3605669469e+02 5.1474287028e+00 6.5621457793e+03
2.5780000000e+00 4.3605893479e+02 5.1661590217e+00 6.5624845439e+03
2.5785000000e+00 4.3606136537e+02 5.1850421865e+00 6.5628782791e+03
2.5790000000e+00 4.3606389354e+02 5.2040772952e+00 6.5633004913e+03
2.5795000000e+00 4.3606650064e+02 5.2232617638e+00 6.5637212040e+03
2.5800000000e+00 4.3606915074e+02 5.2425936749e+00 6.5641103829e+03
2.5805000000e+00 4.3607172905e+02 5.2620704964e+00 6.5644418651e+03
2.5810000000e+00 4.3607416292e+02 5.2816900532e+00 6.5646950711e+03
2.5815000000e+00 4.3607645424e+02 5.3014493060e+00 6.5648565681e+03
2.5820000000e+00 4.3607856732e+02 5.3213452343e+00 6.5649221961e+03
2.5825000000e+00 4.3608044023e+02 5.3413754451e+00 6.5648972578e+03
2.5830000000e+00 4.3608209853e+02 5.3615358302e+00 6.5647951603e+03
2.5835000000e+00 4.3608361255e+02 5.3818232624e+00 6.5646368381e+03
2.5840000000e+00 4.3608499157e+02 5.4022343468e+00 6.5644493595e+03
2.5845000000e+00 4.3608626314e+02 5.4227660400e+00 6.5642620881e+03
2.5850000000e+00 4.3608753975e+02 5.4434144073e+00 6.5641034662e+03
2.5855000000e+00 4.3608889417e+02 5.4641757317e+00 6.5639997804e+03
2.5860000000e+00 4.3609033439e+02 5.4850476360e+00 6.5639726527e+03
2.5865000000e+00 4.3609192629e+02 5.5060263404e+00 6.5640353779e+03
2.5870000000e+00 4.3609374736e+02 5.5271086939e+00 6.5641920492e+03
2.5875000000e+00 4.3609577550e+02 5.5482911664e+00 6.5644385646e+03
2.5880000000e+00 4.3609797652e+02 5.5695710316e+00 6.5647624121e+03
2.5885000000e+00 4.3610037179e+02 5.5909448300e+00 6.5651429091e+03
2.5890000000e+00 4.3610293009e+02 5.6124087665e+00 6.5655539888e+03
2.5895000000e+00 4.3610554619e+02 5.6339598383e+00 6.5659672584e+03
2.5900000000e+00 4.3610816301e+02 5.6555937682e+00 6.5663539981e+03
2.5905000000e+00 4.3611076309e+02 5.6773069329e+00 6.5666878654e+03
2.5910000000e+00 4.3611326672e+02 5.6990948774e+00 6.5669481065e+03
2.5915000000e+00 4.3611558591e+02 5.7209537026e+00 6.5671211575e+03
2.5920000000e+00 4.3611771946e+02 5.7428785351e+00 6.5672013559e+03
2.5925000000e+00 4.3611967947e+02 5.7648642914e+00 6.5671923149e+03
2.5930000000e+00 4.3612142840e+02 5.7869070215e+00 6.5671068959e+03
2.5935000000e+00 4.3612297847e+02 5.8090015461e+00 6.5669647060e+03
2.5940000000e+00 4.3612441813e+02 5.8311429187e+00 6.5667901238e+03
2.5945000000e+00 4.3612579304e+02 5.8533259130e+00 6.5666114383e+03
2.5950000000e+00 4.3612711789e+02 5.8755465568e+00 6.5664577352e+03
2.5955000000e+00 4.3612848701e+02 5.8978000075e+00 6.5663545944e+03
2.5960000000e+00 4.3612999386e+02 5.9200810167e+00 6.5663224028e+03
2.5965000000e+00 4.3613163897e+02 5.9423857539e+00 6.5663756236e+03
2.5970000000e+00 4.3613344354e+02 5.9647096125e+00 6.5665203623e+03
2.5975000000e+00 4.3613547838e+02 5.9870484022e+00 6.5667531096e+03
2.5980000000e+00 4.3613773050e+02 6.0093973570e+00 6.5670622088e+03
2.5985000000e+00 4.3614012973e+02 6.0317526258e+00 6.5674290969e+03
2.5990000000e+00 4.3614266331e+02 6.0541095439e+00 6.5678292385e+03
2.5995000000e+00 4.3614531477e+02 6.0764631340e+00 6.5682349288e+03
2.6000000000e+00 4.3614798862e+02 6.0988094119e+00 6.5686185365e+03
2.6005000000e+00 4.3615059941e+02 6.1211430775e+00 6.5689543399e+03
2.6010000000e+00 4.3615313019e+02 6.1434591057e+00 6.5692208511e+03
2.6015000000e+00 4.3615554053e+02 6.1657519333e+00 6.5694039381e+03
2.6020000000e+00 4.3615775177e+02 6.1880169427e+00 6.5694979574e+03
2.6025000000e+00 4.3615975474e+02 6.2102484521e+00 6.5695050666e+03
2.6030000000e+00 4.3616159308e+02 6.2324403041e+00 6.5694355652e+03
2.6035000000e+00 4.3616326082e+02 6.2545874277e+00 6.5693080305e+03
2.6040000000e+00 4.3616476428e+02 6.2766841300e+00 6.5691466528e+03
2.6045000000e+00 4.3616619565e+02 6.2987250399e+00 6.5689779080e+03
2.6050000000e+00 4.3616762774e+02 6.3207040092e+00 6.5688290065e+03
2.6055000000e+00 4.3616907336e+02 6.3426160905e+00 6.5687259373e+03
2.6060000000e+00 4.3617059583e+02 6.3644561120e+00 6.5686899123e+03
2.6065000000e+00 4.3617229145e+02 6.3862184530e+00 6.5687350620e+03
2.6070000000e+00 4.3617417173e+02 6.4078983873e+00 6.5688680326e+03
2.6075000000e+00 4.3617621675e+02 6.4294906954e+00 6.5690872309e+03
2.6080000000e+00 4.3617846304e+02 6.4509906865e+00 6.5693822853e+03
2.6085000000e+00 4.3618091483e+02 6.4723929283e+00 6.5697356514e+03
2.6090000000e+00 4.3618349251e+02 6.4936930836e+00 6.5701246578e+03
2.6095000000e+00 4.3618614044e+02 6.5148861714e+00 6.5705228396e+03
2.6100000000e+00 4.3618884423e+02 6.5359665144e+00 6.5709025920e+03
2.6105000000e+00 4.3619153500e+02 6.5569294422e+00 6.5712388873e+03
2.6110000000e+00 4.3619411656e+02 6.5777697022e+00 6.5715111681e+03
2.6115000000e+00 4.3619656287e+02 6.5984820821e+00 6.5717042449e+03
2.6120000000e+00 4.3619886908e+02 6.6190601941e+00 6.5718106197e+03
2.6125000000e+00 4.3620097998e+02 6.6394989878e+00 6.5718321349e+03
2.6130000000e+00 4.3620287716e+02 6.6597929878e+00 6.5717786121e+03
2.6135000000e+00 4.3620462539e+02 6.6799358594e+00 6.5716661940e+03
2.6140000000e+00 4.3620625695e+02 6.6999219956e+00 6.5715170865e+03
2.6145000000e+00 4.3620776986e+02 6.7197456787e+00 6.5713576161e+03
2.6150000000e+00 4.3620924520e+02 6.7394016508e+00 6.5712144618e+03
2.6155000000e+00 4.3621078123e+02 6.7588838267e+00 6.5711123450e+03
2.6160000000e+00 4.3621239396e+02 6.7781873953e+00 6.5710725148e+03
2.6165000000e+00 4.3621411105e+02 6.7973073264e+00 6.5711100532e+03
2.6170000000e+00 4.3621601464e+02 6.8162382460e+00 6.5712321085e+03
2.6175000000e+00 4.3621812695e+02 6.8349758711e+00 6.5714380518e+03
2.6180000000e+00 4.3622040725e+02 6.8535155875e+00 6.5717193815e+03
2.6185000000e+00 4.3622285083e+02 6.8718531598e+00 6.5720597577e+03
2.6190000000e+00 4.3622546033e+02 6.8899835438e+00 6.5724371740e+03
2.6195000000e+00 4.3622816732e+02 6.9079029096e+00 6.5728268420e+03
2.6200000000e+00 4.3623088943e+02 6.9256071190e+00 6.5732027300e+03
2.6205000000e+00 4.3623360109e+02 6.9430912304e+00 6.5735394619e+03
2.6210000000e+00 4.3623626152e+02 6.9603507819e+00 6.5738158123e+03
2.6215000000e+00 4.3623878141e+02 6.9773810281e+00 6.5740172065e+03
2.6220000000e+00 4.3624112514e+02 6.9941777686e+00 6.5741359156e+03
2.6225000000e+00 4.3624331499e+02 7.0107353530e+00 6.5741715902e+03
2.6230000000e+00 4.3624532890e+02 7.0270489694e+00 6.5741324322e+03
2.6235000000e+00 4.3624714470e+02 7.0431137922e+00 6.5740342487e+03
2.6240000000e+00 4.3624882818e+02 7.0589245354e+00 6.5738979181e+03
2.6245000000e+00 4.3625044846e+02 7.0744762694e+00 6.5737478188e+03
2.6250000000e+00 4.3625201417e+02 7.0897639579e+00 6.5736100897e+03
2.6255000000e+00 4.3625357559e+02 7.1047833537e+00 6.5735093867e+03
2.6260000000e+00 4.3625523489e+02 7.1195293176e+00 6.5734663738e+03
2.6265000000e+00 4.3625702902e+02 7.1339979595e+00 6.5734965530e+03
2.6270000000e+00 4.3625895466e+02 7.1481855956e+00 6.5736084316e+03
2.6275000000e+00 4.3626105908e+02 7.1620880752e+00 6.5738019386e+03
2.6280000000e+00 4.3626337364e+02 7.1757018590e+00 6.5740692830e+03
2.6285000000e+00 4.3626584982e+02 7.1890236679e+00 6.5743963142e+03
2.6290000000e+00 4.3626844514e+02 7.2020509535e+00 6.5747627863e+03
2.6295000000e+00 4.3627115461e+02 7.2147797996e+00 6.5751440023e+03
2.6300000000e+00 4.3627392451e+02 7.2272073090e+00 6.5755145075e+03
2.6305000000e+00 4.3627665941e+02 7.2393308403e+00 6.5758505357e+03
2.6310000000e+00 4.3627932111e+02 7.2511470690e+00 6.5761310429e+03
2.6315000000e+00 4.3628189631e+02 7.2626527540e+00 6.5763400636e+03
2.6320000000e+00 4.3628431583e+02 7.2738444068e+00 6.5764692683e+03
2.6325000000e+00 4.3628653337e+02 7.2847192639e+00 6.5765181383e+03
2.6330000000e+00 4.3628858777e+02 7.2952733397e+00 6.5764933338e+03
2.6335000000e+00 4.3629049760e+02 7.3055034585e+00 6.5764087959e+03
2.6340000000e+00 4.3629224420e+02 7.3154064209e+00 6.5762845363e+03
2.6345000000e+00 4.3629388219e+02 7.3249787065e+00 6.5761439395e+03
2.6350000000e+00 4.3629550155e+02 7.3342172503e+00 6.5760117990e+03
2.6355000000e+00 4.3629713045e+02 7.3431190347e+00 6.5759125370e+03
2.6360000000e+00 4.3629879701e+02 7.3516819239e+00 6.5758671400e+03
2.6365000000e+00 4.3630058355e+02 7.3599028178e+00 6.5758907780e+03
2.6370000000e+00 4.3630253854e+02 7.3677796996e+00 6.5759923068e+03
2.6375000000e+00 4.3630464839e+02 7.3753110478e+00 6.5761735634e+03
2.6380000000e+00 4.3630692082e+02 7.3824951811e+00 6.5764281327e+03
2.6385000000e+00 4.3630938025e+02 7.3893306231e+00 6.5767421038e+03
2.6390000000e+00 4.3631198458e+02 7.3958158605e+00 6.5770965323e+03
2.6395000000e+00 4.3631466232e+02 7.4019505776e+00 6.5774689487e+03
2.6400000000e+00 4.3631739164e+02 7.4077334120e+00 6.5778345416e+03
2.6405000000e+00 4.3632014031e+02 7.4131633973e+00 6.5781690979e+03
2.6410000000e+00 4.3632281642e+02 7.4182397476e+00 6.5784521253e+03
2.6415000000e+00 4.3632536335e+02 7.4229615707e+00 6.5786680891e+03
2.6420000000e+00 4.3632778743e+02 7.4273279387e+00 6.5788074739e+03
2.6425000000e+00 4.3633005704e+02 7.4313374486e+00 6.5788684884e+03
2.6430000000e+00 4.3633212341e+02 7.4349896900e+00 6.5788571807e+03
2.6435000000e+00 4.3633402082e+02 7.4382830535e+00 6.5787860701e+03
2.6440000000e+00 4.3633580607e+02 7.4412165200e+00 6.5786734507e+03
2.6445000000e+00 4.3633748041e+02 7.4437894303e+00 6.5785421244e+03
2.6450000000e+00 4.3633907806e+02 7.4460009753e+00 6.5784162505e+03
2.6455000000e+00 4.3634069336e+02 7.4478503395e+00 6.5783188776e+03
2.6460000000e+00 4.3634237477e+02 7.4493368559e+00 6.5782708531e+03
2.6465000000e+00 4.3634413316e+02 7.4504612446e+00 6.5782885505e+03
2.6470000000e+00 4.3634602441e+02 7.4512232238e+00 6.5783811933e+03
2.6475000000e+00 4.3634809977e+02 7.4516231662e+00 6.5785505852e+03
2.6480000000e+00 4.3635033938e+02 7.4516620416e+00 6.5787918649e+03
2.6485000000e+00 4.3635271704e+02 7.4513410529e+00 6.5790932478e+03
2.6490000000e+00 4.3635524289e+02 7.4506615678e+00 6.5794365220e+03
2.6495000000e+00 4.3635788626e+02 7.4496246843e+00 6.5797996621e+03
2.6500000000e+00 4.3636056035e+02 7.4482326805e+00 6.5801593076e+03
2.6505000000e+00 4.3636322043e+02 7.4464870320e+00 6.5804922068e+03
2.6510000000e+00 4.3636585320e+02 7.4443896532e+00 6.5807774810e+03
2.6515000000e+00 4.3636838781e+02 7.4419425340e+00 6.5809993263e+03
2.6520000000e+00 4.3637075641e+02 7.4391475168e+00 6.5811481147e+03
2.6525000000e+00 4.3637297027e+02 7.4360064955e+00 6.5812208657e+03
2.6530000000e+00 4.3637503444e+02 7.4325209393e+00 6.5812222305e+03
2.6535000000e+00 4.3637691654e+02 7.4286933690e+00 6.5811640951e+03
2.6540000000e+00 4.3637864173e+02 7.4245252593e+00 6.5810635520e+03
2.6545000000e+00 4.3638028186e+02 7.4200184849e+00 6.5809414731e+03
2.6550000000e+00 4.3638186659e+02 7.4151751499e+00 6.5808213863e+03
2.6555000000e+00 4.3638341875e+02 7.4099977171e+00 6.5807266652e+03
2.6560000000e+00 4.3638501628e+02 7.4044887299e+00 6.5806774608e+03
2.6565000000e+00 4.3638672358e+02 7.3986503028e+00 6.5806894862e+03
2.6570000000e+00 4.3638854499e+02 7.3924860356e+00 6.5807731935e+03
2.6575000000e+00 4.3639049953e+02 7.3859991533e+00 6.5809319062e+03
2.6580000000e+00 4.3639263395e+02 7.3791932751e+00 6.5811611070e+03
2.6585000000e+00 4.3639493419e+02 7.3720721971e+00 6.5814498195e+03
2.6590000000e+00 4.3639734312e+02 7.3646402545e+00 6.5817817650e+03
2.6595000000e+00 4.3639984694e+02 7.3569020197e+00 6.5821361181e+03
2.6600000000e+00 4.3640243011e+02 7.3488615576e+00 6.5824898261e+03
2.6605000000e+00 4.3640500977e+02 7.3405240971e+00 6.5828204440e+03
2.6610000000e+00 4.3640751778e+02 7.3318940971e+00 6.5831076563e+03
2.6615000000e+00 4.3640994752e+02 7.3229761845e+00 6.5833350077e+03
2.6620000000e+00 4.3641226181e+02 7.3137750884e+00 6.5834923231e+03
2.6625000000e+00 4.3641439537e+02 7.3042956766e+00 6.5835764699e+03
2.6630000000e+00 4.3641635384e+02 7.2945426343e+00 6.5835907339e+03
2.6635000000e+00 4.3641817337e+02 7.2845199379e+00 6.5835451037e+03
2.6640000000e+00 4.3641984426e+02 7.2742328796e+00 6.5834560398e+03
2.6645000000e+00 4.3642138352e+02 7.2636860363e+00 6.5833439654e+03
2.6650000000e+00 4.3642286935e+02 7.2528841835e+00 6.5832307862e+03
2.6655000000e+00 4.3642435232e+02 7.2418321481e+00 6.5831387777e+03
2.6660000000e+00 4.3642584835e+02 7.2305353499e+00 6.5830886346e+03
2.6665000000e+00 4.3642741399e+02 7.2189995261e+00 6.5830965311e+03
2.6670000000e+00 4.3642911717e+02 7.2072299700e+00 6.5831726505e+03
2.6675000000e+00 4.3643096371e+02 7.1952331945e+00 6.5833209908e+03
2.6680000000e+00 4.3643294031e+02 7.1830153546e+00 6.5835387134e+03
2.6685000000e+00 4.3643507204e+02 7.1705832212e+00 6.5838158932e+03
2.6690000000e+00 4.3643735598e+02 7.1579436058e+00 6.5841369866e+03
2.6695000000e+00 4.3643972344e+02 7.1451036326e+00 6.5844825962e+03
2.6700000000e+00 4.3644213002e+02 7.1320706807e+00 6.5848307365e+03
2.6705000000e+00 4.3644456541e+02 7.1188515409e+00 6.5851590396e+03
2.6710000000e+00 4.3644696693e+02 7.1054539665e+00 6.5854476121e+03
2.6715000000e+00 4.3644925723e+02 7.0918851253e+00 6.5856805102e+03
2.6720000000e+00 4.3645142478e+02 7.0781522519e+00 6.5858466150e+03
2.6725000000e+00 4.3645346237e+02 7.0642622033e+00 6.5859414407e+03
2.6730000000e+00 4.3645532405e+02 7.0502222270e+00 6.5859680291e+03
2.6735000000e+00 4.3645700801e+02 7.0360397566e+00 6.5859356734e+03
2.6740000000e+00 4.3645856692e+02 7.0217211961e+00 6.5858587662e+03
2.6745000000e+00 4.3646002199e+02 7.0072739217e+00 6.5857564261e+03
2.6750000000e+00 4.3646138307e+02 6.9927050300e+00 6.5856505628e+03
2.6755000000e+00 4.3646271855e+02 6.9780220186e+00 6.5855628399e+03
2.6760000000e+00 4.3646410021e+02 6.9632320710e+00 6.5855129116e+03
2.6765000000e+00 4.3646554368e+02 6.9483429169e+00 6.5855172325e+03
2.6770000000e+00 4.3646707361e+02 6.9333627771e+00 6.5855869335e+03
2.6775000000e+00 4.3646875150e+02 6.9182993377e+00 6.5857264011e+03
2.6780000000e+00 4.3647059159e+02 6.9031613618e+00 6.5859335407e+03
2.6785000000e+00 4.3647255656e+02 6.8879573205e+00 6.5861999916e+03
2.6790000000e+00 4.3647464140e+02 6.8726960300e+00 6.5865112611e+03
2.6795000000e+00 4.3647684840e+02 6.8573860865e+00 6.5868485488e+03
2.6800000000e+00 4.3647911306e+02 6.8420365946e+00 6.5871911735e+03
2.6805000000e+00 4.3648136808e+02 6.8266567937e+00 6.5875178092e+03
2.6810000000e+00 4.3648359993e+02 6.8112549598e+00 6.5878081899e+03
2.6815000000e+00 4.3648576911e+02 6.7958402045e+00 6.5880460311e+03
2.6820000000e+00 4.3648780184e+02 6.7804212100e+00 6.5882206476e+03
2.6825000000e+00 4.3648968183e+02 6.7650067691e+00 6.5883269542e+03
2.6830000000e+00 4.3649142538e+02 6.7496050740e+00 6.5883661880e+03
2.6835000000e+00 4.3649301049e+02 6.7342245331e+00 6.5883466175e+03
2.6840000000e+00 4.3649443291e+02 6.7188738767e+00 6.5882822898e+03
2.6845000000e+00 4.3649574964e+02 6.7035610904e+00 6.5881910361e+03
2.6850000000e+00 4.3649700901e+02 6.6882948535e+00 6.5880932714e+03
2.6855000000e+00 4.3649822469e+02 6.6730834038e+00 6.5880103693e+03
2.6860000000e+00 4.3649944340e+02 6.6579356061e+00 6.5879620336e+03
2.6865000000e+00 4.3650074188e+02 6.6428600284e+00 6.5879643206e+03
2.6870000000e+00 4.3650214780e+02 6.6278656121e+00 6.5880286681e+03
2.6875000000e+00 4.3650365880e+02 6.6129617610e+00 6.5881605930e+03
2.6880000000e+00 4.3650531122e+02 6.5981573144e+00 6.5883586543e+03
2.6885000000e+00 4.3650712694e+02 6.5834619066e+00 6.5886151656e+03
2.6890000000e+00 4.3650906068e+02 6.5688849503e+00 6.5889173094e+03
2.6895000000e+00 4.3651107700e+02 6.5544362969e+00 6.5892475882e+03
2.6900000000e+00 4.3651317317e+02 6.5401251136e+00 6.5895854186e+03
2.6905000000e+00 4.3651529869e+02 6.5259608250e+00 6.5899100813e+03
2.6910000000e+00 4.3651737581e+02 6.5119532619e+00 6.5902025191e+03
2.6915000000e+00 4.3651938099e+02 6.4981113069e+00 6.5904462528e+03
2.6920000000e+00 4.3652129910e+02 6.4844440584e+00 6.5906294275e+03
2.6925000000e+00 4.3652307286e+02 6.4709601763e+00 6.5907466894e+03
2.6930000000e+00 4.3652467651e+02 6.4576686970e+00 6.5907990214e+03
2.6935000000e+00 4.3652614303e+02 6.4445778523e+00 6.5907931682e+03
2.6940000000e+00 4.3652748320e+02 6.4316958929e+00 6.5907417116e+03
2.6945000000e+00 4.3652869053e+02 6.4190314396e+00 6.5906619303e+03
2.6950000000e+00 4.3652981524e+02 6.4065923371e+00 6.5905734388e+03
2.6955000000e+00 4.3653092681e+02 6.3943870232e+00 6.5904965387e+03
2.6960000000e+00 4.3653204845e+02 6.3824236240e+00 6.5904507694e+03
2.6965000000e+00 4.3653320532e+02 6.3707107460e+00 6.5904524787e+03
2.6970000000e+00 4.3653446370e+02 6.3592564768e+00 6.5905130037e+03
2.6975000000e+00 4.3653585992e+02 6.3480693574e+00 6.5906383166e+03
2.6980000000e+00 4.3653737780e+02 6.3371584178e+00 6.5908284567e+03
2.6985000000e+00 4.3653902374e+02 6.3265320110e+00 6.5910767311e+03
2.6990000000e+00 4.3654081678e+02 6.3161989652e+00 6.5913706647e+03
2.6995000000e+00 4.3654271396e+02 6.3061677802e+00 6.5916940135e+03
2.7000000000e+00 4.3654465718e+02 6.2964474977e+00 6.5920278203e+03
2.7005000000e+00 4.3654663373e+02 6.2870463796e+00 6.5923516137e+03
2.7010000000e+00 4.3654860912e+02 6.2779725778e+00 6.5926460664e+03
2.7015000000e+00 4.3655050737e+02 6.2692344601e+00 6.5928952601e+03
2.7020000000e+00 4.3655229458e+02 6.2608397013e+00 6.5930874798e+03
2.7025000000e+00 4.3655397283e+02 6.2527960666e+00 6.5932162208e+03
2.7030000000e+00 4.3655551202e+02 6.2451106065e+00 6.5932814420e+03
2.7035000000e+00 4.3655688494e+02 6.2377907230e+00 6.5932894094e+03
2.7040000000e+00 4.3655812380e+02 6.2308431465e+00 6.5932515629e+03
2.7045000000e+00 4.3655926994e+02 6.2242745134e+00 6.5931837723e+03
2.7050000000e+00 4.3656033026e+02 6.2180917696e+00 6.5931051025e+03
2.7055000000e+00 4.3656133715e+02 6.2123012460e+00 6.5930353943e+03
2.7060000000e+00 4.3656236506e+02 6.2069096188e+00 6.5929932713e+03
2.7065000000e+00 4.3656345398e+02 6.2019232022e+00 6.5929950565e+03
2.7070000000e+00 4.3656461122e+02 6.1973490885e+00 6.5930530086e+03
2.7075000000e+00 4.3656588103e+02 6.1931937219e+00 6.5931733877e+03
2.7080000000e+00 4.3656730416e+02 6.1894635261e+00 6.5933563732e+03
2.7085000000e+00 4.3656885783e+02 6.1861655058e+00 6.5935967257e+03
2.7090000000e+00 4.3657051968e+02 6.1833062486e+00 6.5938835815e+03
2.7095000000e+00 4.3657229979e+02 6.1808923649e+00 6.5942010735e+03
2.7100000000e+00 4.3657416426e+02 6.1789298683e+00 6.5945307449e+03
2.7105000000e+00 4.3657604100e+02 6.1774253770e+00 6.5948534462e+03
2.7110000000e+00 4.3657790189e+02 6.1763846645e+00 6.5951503846e+03
2.7115000000e+00 4.3657973052e+02 6.1758132011e+00 6.5954051387e+03
2.7120000000e+00 4.3658146539e+02 6.1757165524e+00 6.5956058379e+03
2.7125000000e+00 4.3658306225e+02 6.1760995403e+00 6.5957458416e+03
2.7130000000e+00 4.3658453280e+02 6.1769669710e+00 6.5958240585e+03
2.7135000000e+00 4.3658587734e+02 6.1783230178e+00 6.5958456103e+03
2.7140000000e+00 4.3658707598e+02 6.1801722206e+00 6.5958213168e+03
2.7145000000e+00 4.3658815518e+02 6.1825183486e+00 6.5957660297e+03
2.7150000000e+00 4.3658917287e+02 6.1853650121e+00 6.5956974447e+03
2.7155000000e+00 4.3659015406e+02 6.1887162068e+00 6.5956349679e+03
2.7160000000e+00 4.3659111954e+02 6.1925754836e+00 6.5955973407e+03
2.7165000000e+00 4.3659213382e+02 6.1969465454e+00 6.5956003516e+03
2.7170000000e+00 4.3659324711e+02 6.2018325664e+00 6.5956559902e+03
2.7175000000e+00 4.3659445887e+02 6.2072375166e+00 6.5957716346e+03
2.7180000000e+00 4.3659578625e+02 6.2131648866e+00 6.5959485702e+03
2.7185000000e+00 4.3659726544e+02 6.2196179635e+00 6.5961817914e+03
2.7190000000e+00 4.3659887562e+02 6.2266002296e+00 6.5964612692e+03
2.7195000000e+00 4.3660057124e+02 6.2341148611e+00 6.5967727901e+03
2.7200000000e+00 4.3660234502e+02 6.2421651402e+00 6.5970987090e+03
2.7205000000e+00 4.3660417498e+02 6.2507534916e+00 6.5974200155e+03
2.7210000000e+00 4.3660599130e+02 6.2598827602e+00 6.5977185857e+03
2.7215000000e+00 4.3660774785e+02 6.2695551251e+00 6.5979784254e+03
2.7220000000e+00 4.3660943681e+02 6.2797723272e+00 6.5981870690e+03
2.7225000000e+00 4.3661102444e+02 6.2905361056e+00 6.5983373397e+03
2.7230000000e+00 4.3661246589e+02 6.3018477265e+00 6.5984278816e+03
2.7235000000e+00 4.3661376932e+02 6.3137082999e+00 6.5984626917e+03
2.7240000000e+00 4.3661496318e+02 6.3261181081e+00 6.5984511554e+03
2.7245000000e+00 4.3661604428e+02 6.3390780673e+00 6.5984076013e+03
2.7250000000e+00 4.3661702946e+02 6.3525885542e+00 6.5983492280e+03
2.7255000000e+00 4.3661798349e+02 6.3666494740e+00 6.5982941406e+03
2.7260000000e+00 4.3661894847e+02 6.3812609899e+00 6.5982604180e+03
2.7265000000e+00 4.3661993595e+02 6.3964231620e+00 6.5982644139e+03
2.7270000000e+00 4.3662099355e+02 6.4121361751e+00 6.5983183546e+03
2.7275000000e+00 4.3662217572e+02 6.4283994229e+00 6.5984293958e+03
2.7280000000e+00 4.3662347942e+02 6.4452130112e+00 6.5985996380e+03
2.7285000000e+00 4.3662489452e+02 6.4625766652e+00 6.5988255108e+03
2.7290000000e+00 4.3662644412e+02 6.4804897884e+00 6.5990976787e+03
2.7295000000e+00 4.3662811518e+02 6.4989518505e+00 6.5994025332e+03
2.7300000000e+00 4.3662984874e+02 6.5179620032e+00 6.5997236507e+03
2.7305000000e+00 4.3663161625e+02 6.5375193709e+00 6.6000428117e+03
2.7310000000e+00 4.3663340408e+02 6.5576222064e+00 6.6003419338e+03
2.7315000000e+00 4.3663515561e+02 6.5782692223e+00 6.6006053099e+03
2.7320000000e+00 4.3663681613e+02 6.5994584824e+00 6.6008206816e+03
2.7325000000e+00 4.3663837838e+02 6.6211875184e+00 6.6009800828e+03
2.7330000000e+00 4.3663983310e+02 6.6434538125e+00 6.6010811863e+03
2.7335000000e+00 4.3664114876e+02 6.6662545618e+00 6.6011276623e+03
2.7340000000e+00 4.3664232881e+02 6.6895869485e+00 6.6011281322e+03
2.7345000000e+00 4.3664341592e+02 6.7134472134e+00 6.6010953274e+03
2.7350000000e+00 4.3664442955e+02 6.7378320704e+00 6.6010455533e+03
2.7355000000e+00 4.3664538063e+02 6.7627380362e+00 6.6009969144e+03
2.7360000000e+00 4.3664632681e+02 6.7881613100e+00 6.6009669055e+03
2.7365000000e+00 4.3664732531e+02 6.8140980131e+00 6.6009710882e+03
2.7370000000e+00 4.3664838522e+02 6.8405441924e+00 6.6010221242e+03
2.7375000000e+00 4.3664952919e+02 6.8674962846e+00 6.6011280243e+03
2.7380000000e+00 4.3665080716e+02 6.8949498432e+00 6.6012911274e+03
2.7385000000e+00 4.3665222113e+02 6.9229009424e+00 6.6015084909e+03
2.7390000000e+00 4.3665373990e+02 6.9513454593e+00 6.6017721494e+03
2.7395000000e+00 4.3665536361e+02 6.9802788932e+00 6.6020693501e+03
2.7400000000e+00 4.3665708580e+02 7.0096966151e+00 6.6023841396e+03
2.7405000000e+00 4.3665884987e+02 7.0395938503e+00 6.6026993040e+03
2.7410000000e+00 4.3666060701e+02 7.0699658994e+00 6.6029974692e+03
2.7415000000e+00 4.3666234395e+02 7.1008069291e+00 6.6032626050e+03
2.7420000000e+00 4.3666402572e+02 7.1321115254e+00 6.6034822532e+03
2.7425000000e+00 4.3666559754e+02 7.1638740106e+00 6.6036486628e+03
2.7430000000e+00 4.3666704859e+02 7.1960881795e+00 6.6037587966e+03
2.7435000000e+00 4.3666839249e+02 7.2287474815e+00 6.6038149025e+03
2.7440000000e+00 4.3666961463e+02 7.2618452865e+00 6.6038249159e+03
2.7445000000e+00 4.3667071466e+02 7.2953752309e+00 6.6038012038e+03
2.7450000000e+00 4.3667174261e+02 7.3293299591e+00 6.6037588806e+03
2.7455000000e+00 4.3667273783e+02 7.3637024970e+00 6.6037149376e+03
2.7460000000e+00 4.3667370973e+02 7.3984858448e+00 6.6036868212e+03
2.7465000000e+00 4.3667470166e+02 7.4336727778e+00 6.6036901347e+03
2.7470000000e+00 4.3667577593e+02 7.4692559765e+00 6.6037371892e+03
2.7475000000e+00 4.3667694629e+02 7.5052280727e+00 6.6038363497e+03
2.7480000000e+00 4.3667821284e+02 7.5415820813e+00 6.6039909393e+03
2.7485000000e+00 4.3667960836e+02 7.5783101502e+00 6.6041985844e+03
2.7490000000e+00 4.3668114033e+02 7.6154048705e+00 6.6044519522e+03
2.7495000000e+00 4.3668276869e+02 7.6528587214e+00 6.6047395928e+03
2.7500000000e+00 4.3668446989e+02 7.6906638734e+00 6.6050464869e+03
2.7505000000e+00 4.3668623594e+02 7.7288121799e+00 6.6053555928e+03
2.7510000000e+00 4.3668802106e+02 7.7672953060e+00 6.6056500890e+03
2.7515000000e+00 4.3668976773e+02 7.8061052920e+00 6.6059147180e+03
2.7520000000e+00 4.3669145663e+02 7.8452331031e+00 6.6061367099e+03
2.7525000000e+00 4.3669307299e+02 7.8846698065e+00 6.6063074316e+03
2.7530000000e+00 4.3669457466e+02 7.9244063870e+00 6.6064236561e+03
2.7535000000e+00 4.3669594467e+02 7.9644337013e+00 6.6064873018e+03
2.7540000000e+00 4.3669721094e+02 8.0047421563e+00 6.6065049465e+03
2.7545000000e+00 4.3669838374e+02 8.0453219675e+00 6.6064878063e+03
2.7550000000e+00 4.3669946025e+02 8.0861639336e+00 6.6064506736e+03
2.7555000000e+00 4.3670048564e+02 8.1272580628e+00 6.6064098881e+03
2.7560000000e+00 4.3670151697e+02 8.1685945844e+00 6.6063819712e+03
2.7565000000e+00 4.3670256875e+02 8.2101638628e+00 6.6063824872e+03
2.7570000000e+00 4.3670366461e+02 8.2519562712e+00 6.6064240910e+03
2.7575000000e+00 4.3670486073e+02 8.2939619175e+00 6.6065151074e+03
2.7580000000e+00 4.3670617835e+02 8.3361708703e+00 6.6066593200e+03
2.7585000000e+00 4.3670760234e+02 8.3785738943e+00 6.6068555640e+03
2.7590000000e+00 4.3670914148e+02 8.4211608354e+00 6.6070972407e+03
2.7595000000e+00 4.3671080453e+02 8.4639216874e+00 6.6073732970e+03
2.7600000000e+00 4.3671255163e+02 8.5068465675e+00 6.6076698372e+03
2.7605000000e+00 4.3671433946e+02 8.5499255298e+00 6.6079709444e+03
2.7610000000e+00 4.3671615534e+02 8.5931481117e+00 6.6082598605e+03
2.7615000000e+00 4.3671796725e+02 8.6365035823e+00 6.6085212308e+03
2.7620000000e+00 4.3671971679e+02 8.6799818116e+00 6.6087427464e+03
2.7625000000e+00 4.3672137909e+02 8.7235717929e+00 6.6089156853e+03
2.7630000000e+00 4.3672295587e+02 8.7672625397e+00 6.6090357879e+03
2.7635000000e+00 4.3672442365e+02 8.8110429941e+00 6.6091041975e+03
2.7640000000e+00 4.3672576394e+02 8.8549021893e+00 6.6091271186e+03
2.7645000000e+00 4.3672700830e+02 8.8988288360e+00 6.6091147829e+03
2.7650000000e+00 4.3672819005e+02 8.9428114236e+00 6.6090808260e+03
2.7655000000e+00 4.3672931328e+02 8.9868391336e+00 6.6090411767e+03
2.7660000000e+00 4.3673041066e+02 9.0309005537e+00 6.6090120341e+03
2.7665000000e+00 4.3673154429e+02 9.0749844106e+00 6.6090083158e+03
2.7670000000e+00 4.3673273949e+02 9.1190795999e+00 6.6090427399e+03
2.7675000000e+00 4.3673400429e+02 9.1631752962e+00 6.6091243455e+03
2.7680000000e+00 4.3673537770e+02 9.2072604089e+00 6.6092571728e+03
2.7685000000e+00 4.3673688425e+02 9.2513235902e+00 6.6094403524e+03
2.7690000000e+00 4.3673850301e+02 9.2953543622e+00 6.6096685270e+03
2.7695000000e+00 4.3674021931e+02 9.3393416840e+00 6.6099318087e+03
2.7700000000e+00 4.3674203526e+02 9.3832744609e+00 6.6102165799e+03
2.7705000000e+00 4.3674391895e+02 9.4271415487e+00 6.6105074454e+03
2.7710000000e+00 4.3674581556e+02 9.4709321367e+00 6.6107887062e+03
2.7715000000e+00 4.3674770112e+02 9.5146350819e+00 6.6110452848e+03
2.7720000000e+00 4.3674956019e+02 9.5582387164e+00 6.6112643681e+03
2.7725000000e+00 4.3675134483e+02 9.6017320845e+00 6.6114371342e+03
2.7730000000e+00 4.3675302148e+02 9.6451037243e+00 6.6115592163e+03
2.7735000000e+00 4.3675460303e+02 9.6883420872e+00 6.6116308013e+03
2.7740000000e+00 4.3675609062e+02 9.7314355486e+00 6.6116571035e+03
2.7745000000e+00 4.3675746813e+02 9.7743729124e+00 6.6116478852e+03
2.7750000000e+00 4.3675876365e+02 9.8171426883e+00 6.6116159614e+03
2.7755000000e+00 4.3676002660e+02 9.8597330480e+00 6.6115761962e+03
2.7760000000e+00 4.3676127257e+02 9.9021330995e+00 6.6115445197e+03
2.7765000000e+00 4.3676252254e+02 9.9443316167e+00 6.6115359048e+03
2.7770000000e+00 4.3676383242e+02 9.9863173601e+00 6.6115626504e+03
2.7775000000e+00 4.3676523576e+02 1.0028079220e+01 6.6116338063e+03
2.7780000000e+00 4.3676673120e+02 1.0069606674e+01 6.6117543892e+03
2.7785000000e+00 4.3676833624e+02 1.0110889095e+01 6.6119242808e+03
2.7790000000e+00 4.3677007351e+02 1.0151915439e+01 6.6121383740e+03
2.7795000000e+00 4.3677192147e+02 1.0192675526e+01 6.6123876427e+03
2.7800000000e+00 4.3677384604e+02 1.0233158926e+01 6.6126597581e+03
2.7805000000e+00 4.3677583899e+02 1.0273355232e+01 6.6129398564e+03
2.7810000000e+00 4.3677787767e+02 1.0313253844e+01 6.6132123534e+03
2.7815000000e+00 4.3677990629e+02 1.0352844602e+01 6.6134627177e+03
2.7820000000e+00 4.3678188980e+02 1.0392117235e+01 6.6136784315e+03
2.7825000000e+00 4.3678382216e+02 1.0431060931e+01 6.6138501282e+03
2.7830000000e+00 4.3678567525e+02 1.0469665537e+01 6.6139729271e+03
2.7835000000e+00 4.3678741502e+02 1.0507920626e+01 6.6140467509e+03
2.7840000000e+00 4.3678905384e+02 1.0545815769e+01 6.6140759112e+03
2.7845000000e+00 4.3679061526e+02 1.0583340302e+01 6.6140690362e+03
2.7850000000e+00 4.3679209554e+02 1.0620484173e+01 6.6140385036e+03
2.7855000000e+00 4.3679351437e+02 1.0657237351e+01 6.6139987218e+03
2.7860000000e+00 4.3679492659e+02 1.0693589304e+01 6.6139646201e+03
2.7865000000e+00 4.3679636163e+02 1.0729530320e+01 6.6139508094e+03
2.7870000000e+00 4.3679783127e+02 1.0765050807e+01 6.6139700815e+03
2.7875000000e+00 4.3679937701e+02 1.0800141315e+01 6.6140315950e+03
2.7880000000e+00 4.3680103640e+02 1.0834792206e+01 6.6141402825e+03
2.7885000000e+00 4.3680280469e+02 1.0868994601e+01 6.6142968670e+03
2.7890000000e+00 4.3680467624e+02 1.0902739894e+01 6.6144973958e+03
2.7895000000e+00 4.3680666509e+02 1.0936018980e+01 6.6147333201e+03
2.7900000000e+00 4.3680875589e+02 1.0968823483e+01 6.6149928353e+03
2.7905000000e+00 4.3681090141e+02 1.1001145078e+01 6.6152621198e+03
2.7910000000e+00 4.3681307804e+02 1.1032975558e+01 6.6155261846e+03
2.7915000000e+00 4.3681527307e+02 1.1064306392e+01 6.6157704573e+03
2.7920000000e+00 4.3681743941e+02 1.1095129621e+01 6.6159826076e+03
2.7925000000e+00 4.3681953354e+02 1.1125437380e+01 6.6161533756e+03
2.7930000000e+00 4.3682155382e+02 1.1155221170e+01 6.6162771986e+03
2.7935000000e+00 4.3682349281e+02 1.1184473106e+01 6.6163532318e+03
2.7940000000e+00 4.3682532380e+02 1.1213185319e+01 6.6163854772e+03
2.7945000000e+00 4.3682705652e+02 1.1241350043e+01 6.6163818198e+03
2.7950000000e+00 4.3682872803e+02 1.1268959112e+01 6.6163533998e+03
2.7955000000e+00 4.3683035011e+02 1.1296005045e+01 6.6163140628e+03
2.7960000000e+00 4.3683193663e+02 1.1322480684e+01 6.6162786873e+03
2.7965000000e+00 4.3683353834e+02 1.1348378430e+01 6.6162613277e+03
2.7970000000e+00 4.3683519503e+02 1.1373691317e+01 6.6162743004e+03
2.7975000000e+00 4.3683691412e+02 1.1398412641e+01 6.6163272611e+03
2.7980000000e+00 4.3683871820e+02 1.1422536115e+01 6.6164257962e+03
2.7985000000e+00 4.3684064157e+02 1.1446055227e+01 6.6165708310e+03
2.7990000000e+00 4.3684268119e+02 1.1468964102e+01 6.6167589997e+03
2.7995000000e+00 4.3684481364e+02 1.1491257326e+01 6.6169828935e+03
2.8000000000e+00 4.3684703665e+02 1.1512929174e+01 6.6172314127e+03
2.8005000000e+00 4.3684934058e+02 1.1533974432e+01 6.6174910982e+03
2.8010000000e+00 4.3685167842e+02 1.1554388029e+01 6.6177477067e+03
2.8015000000e+00 4.3685401078e+02 1.1574165256e+01 6.6179872008e+03
2.8020000000e+00 4.3685632750e+02 1.1593300923e+01 6.6181969836e+03
2.8025000000e+00 4.3685859904e+02 1.1611790302e+01 6.6183676044e+03
2.8030000000e+00 4.3686078098e+02 1.1629629088e+01 6.6184935847e+03
2.8035000000e+00 4.3686286956e+02 1.1646812420e+01 6.6185734023e+03
2.8040000000e+00 4.3686487670e+02 1.1663335725e+01 6.6186099275e+03
2.8045000000e+00 4.3686678896e+02 1.1679194610e+01 6.6186105756e+03
2.8050000000e+00 4.3686861185e+02 1.1694385131e+01 6.6185861145e+03
2.8055000000e+00 4.3687038891e+02 1.1708902803e+01 6.6185493317e+03
2.8060000000e+00 4.3687214777e+02 1.1722743671e+01 6.6185143393e+03
2.8065000000e+00 4.3687389875e+02 1.1735904370e+01 6.6184952835e+03
2.8070000000e+00 4.3687568078e+02 1.1748381290e+01 6.6185044595e+03
2.8075000000e+00 4.3687753928e+02 1.1760171259e+01 6.6185512514e+03
2.8080000000e+00 4.3687948271e+02 1.1771271428e+01 6.6186416584e+03
2.8085000000e+00 4.3688151303e+02 1.1781679585e+01 6.6187774492e+03
2.8090000000e+00 4.3688365388e+02 1.1791393246e+01 6.6189557299e+03
2.8095000000e+00 4.3688590677e+02 1.1800410505e+01 6.6191696429e+03
2.8100000000e+00 4.3688823727e+02 1.1808730093e+01 6.6194091214e+03
2.8105000000e+00 4.3689062556e+02 1.1816350484e+01 6.6196614190e+03
2.8110000000e+00 4.3689306399e+02 1.1823270520e+01 6.6199124630e+03
2.8115000000e+00 4.3689551207e+02 1.1829489240e+01 6.6201486652e+03
2.8120000000e+00 4.3689792283e+02 1.1835006220e+01 6.6203579227e+03
2.8125000000e+00 4.3690028433e+02 1.1839820517e+01 6.6205304275e+03
2.8130000000e+00 4.3690258289e+02 1.1843931478e+01 6.6206600425e+03
2.8135000000e+00 4.3690478314e+02 1.1847338935e+01 6.6207451042e+03
2.8140000000e+00 4.3690687801e+02 1.1850042421e+01 6.6207880635e+03
2.8145000000e+00 4.3690889131e+02 1.1852041617e+01 6.6207951771e+03
2.8150000000e+00 4.3691082796e+02 1.1853336206e+01 6.6207763899e+03
2.8155000000e+00 4.3691269112e+02 1.1853926528e+01 6.6207442581e+03
2.8160000000e+00 4.3691452134e+02 1.1853812549e+01 6.6207123128e+03
2.8165000000e+00 4.3691635970e+02 1.1852994554e+01 6.6206939893e+03
2.8170000000e+00 4.3691821838e+02 1.1851473402e+01 6.6207016302e+03
2.8175000000e+00 4.3692012000e+02 1.1849249993e+01 6.6207449464e+03
2.8180000000e+00 4.3692210612e+02 1.1846325549e+01 6.6208299651e+03
2.8185000000e+00 4.3692419017e+02 1.1842701522e+01 6.6209588623e+03
2.8190000000e+00 4.3692635977e+02 1.1838380206e+01 6.6211297173e+03
2.8195000000e+00 4.3692861991e+02 1.1833363666e+01 6.6213362928e+03
2.8200000000e+00 4.3693097438e+02 1.1827654308e+01 6.6215688961e+03
2.8205000000e+00 4.3693338826e+02 1.1821255228e+01 6.6218156846e+03
2.8210000000e+00 4.3693582496e+02 1.1814169524e+01 6.6220634084e+03
2.8215000000e+00 4.3693827463e+02 1.1806400419e+01 6.6222984533e+03
2.8220000000e+00 4.3694070913e+02 1.1797951139e+01 6.6225086794e+03
2.8225000000e+00 4.3694307962e+02 1.1788825649e+01 6.6226846511e+03
2.8230000000e+00 4.3694537042e+02 1.1779027485e+01 6.6228199875e+03
2.8235000000e+00 4.3694758329e+02 1.1768560193e+01 6.6229121069e+03
2.8240000000e+00 4.3694969644e+02 1.1757427766e+01 6.6229629304e+03
2.8245000000e+00 4.3695170052e+02 1.1745634110e+01 6.6229783872e+03
2.8250000000e+00 4.3695362496e+02 1.1733183197e+01 6.6229675144e+03
2.8255000000e+00 4.3695549268e+02 1.1720078920e+01 6.6229419737e+03
2.8260000000e+00 4.3695730909e+02 1.1706325896e+01 6.6229150273e+03
2.8265000000e+00 4.3695910554e+02 1.1691928451e+01 6.6228998432e+03
2.8270000000e+00 4.3696092898e+02 1.1676891185e+01 6.6229083061e+03
2.8275000000e+00 4.3696279745e+02 1.1661219272e+01 6.6229502432e+03
2.8280000000e+00 4.3696471904e+02 1.1644918046e+01 6.6230322363e+03
2.8285000000e+00 4.3696672348e+02 1.1627993149e+01 6.6231567174e+03
2.8290000000e+00 4.3696882691e+02 1.1610450338e+01 6.6233221215e+03
2.8295000000e+00 4.3697100984e+02 1.1592296254e+01 6.6235232113e+03
2.8300000000e+00 4.3697325928e+02 1.1573537449e+01 6.6237511487e+03
2.8305000000e+00 4.3697557536e+02 1.1554180650e+01 6.6239943269e+03
2.8310000000e+00 4.3697792817e+02 1.1534233050e+01 6.6242399814e+03
2.8315000000e+00 4.3698027230e+02 1.1513702014e+01 6.6244753027e+03
2.8320000000e+00 4.3698259106e+02 1.1492595048e+01 6.6246882356e+03
2.8325000000e+00 4.3698486929e+02 1.1470919382e+01 6.6248688959e+03
2.8330000000e+00 4.3698706613e+02 1.1448682865e+01 6.6250108558e+03
2.8335000000e+00 4.3698916045e+02 1.1425893107e+01 6.6251113832e+03
2.8340000000e+00 4.3699116385e+02 1.1402557637e+01 6.6251715250e+03
2.8345000000e+00 4.3699307399e+02 1.1378684198e+01 6.6251964041e+03
2.8350000000e+00 4.3699488260e+02 1.1354280577e+01 6.6251946895e+03
2.8355000000e+00 4.3699661652e+02 1.1329354690e+01 6.6251773693e+03
2.8360000000e+00 4.3699831290e+02 1.1303914212e+01 6.6251568775e+03
2.8365000000e+00 4.3699998503e+02 1.1277967558e+01 6.6251461904e+03
2.8370000000e+00 4.3700165263e+02 1.1251523054e+01 6.6251572302e+03
2.8375000000e+00 4.3700335917e+02 1.1224589148e+01 6.6251995454e+03
2.8380000000e+00 4.3700512975e+02 1.1197174727e+01 6.6252798317e+03
2.8385000000e+00 4.3700696221e+02 1.1169289067e+01 6.6254013289e+03
2.8390000000e+00 4.3700886917e+02 1.1140941739e+01 6.6255630283e+03
2.8395000000e+00 4.3701086707e+02 1.1112142177e+01 6.6257599334e+03
2.8400000000e+00 4.3701293456e+02 1.1082900664e+01 6.6259840047e+03
2.8405000000e+00 4.3701504244e+02 1.1053227510e+01 6.6262246394e+03
2.8410000000e+00 4.3701718511e+02 1.1023133066e+01 6.6264693715e+03
2.8415000000e+00 4.3701934031e+02 1.0992627933e+01 6.6267054935e+03
2.8420000000e+00 4.3702146043e+02 1.0961722863e+01 6.6269214334e+03
2.8425000000e+00 4.3702352186e+02 1.0930428741e+01 6.6271074348e+03
2.8430000000e+00 4.3702551944e+02 1.0898756088e+01 6.6272565335e+03
2.8435000000e+00 4.3702742673e+02 1.0866715899e+01 6.6273655900e+03
2.8440000000e+00 4.3702922154e+02 1.0834318939e+01 6.6274353860e+03
2.8445000000e+00 4.3703091789e+02 1.0801575896e+01 6.6274702643e+03
2.8450000000e+00 4.3703253180e+02 1.0768497565e+01 6.6274780171e+03
2.8455000000e+00 4.3703406260e+02 1.0735094810e+01 6.6274692536e+03
2.8460000000e+00 4.3703553087e+02 1.0701378682e+01 6.6274559857e+03
2.8465000000e+00 4.3703697958e+02 1.0667359932e+01 6.6274504682e+03
2.8470000000e+00 4.3703843150e+02 1.0633049952e+01 6.6274644252e+03
2.8475000000e+00 4.3703989791e+02 1.0598460189e+01 6.6275077723e+03
2.8480000000e+00 4.3704141168e+02 1.0563602254e+01 6.6275872876e+03
2.8485000000e+00 4.3704300065e+02 1.0528487972e+01 6.6277062365e+03
2.8490000000e+00 4.3704465881e+02 1.0493129503e+01 6.6278643717e+03
2.8495000000e+00 4.3704638097e+02 1.0457539445e+01 6.6280576065e+03
2.8500000000e+00 4.3704817735e+02 1.0421730160e+01 6.6282782337e+03
2.8505000000e+00 4.3705003113e+02 1.0385714542e+01 6.6285161027e+03
2.8510000000e+00 4.3705190268e+02 1.0349505553e+01 6.6287596281e+03
2.8515000000e+00 4.3705377530e+02 1.0313116216e+01 6.6289965077e+03
2.8520000000e+00 4.3705563624e+02 1.0276559532e+01 6.6292150545e+03
2.8525000000e+00 4.3705744456e+02 1.0239848554e+01 6.6294056535e+03
2.8530000000e+00 4.3705916961e+02 1.0202996495e+01 6.6295613785e+03
2.8535000000e+00 4.3706081207e+02 1.0166016056e+01 6.6296784745e+03
2.8540000000e+00 4.3706236338e+02 1.0128920255e+01 6.6297570992e+03
2.8545000000e+00 4.3706380545e+02 1.0091721993e+01 6.6298012998e+03
2.8550000000e+00 4.3706515053e+02 1.0054434032e+01 6.6298181959e+03
2.8555000000e+00 4.3706642776e+02 1.0017069065e+01 6.6298174476e+03
2.8560000000e+00 4.3706764774e+02 9.9796399055e+00 6.6298106845e+03
2.8565000000e+00 4.3706882475e+02 9.9421596513e+00 6.6298100713e+03
2.8570000000e+00 4.3706999997e+02 9.9046410190e+00 6.6298268621e+03
2.8575000000e+00 4.3707120463e+02 9.8670972275e+00 6.6298707079e+03
2.8580000000e+00 4.3707244409e+02 9.8295416073e+00 6.6299488763e+03
2.8585000000e+00 4.3707373675e+02 9.7919876957e+00 6.6300651241e+03
2.8590000000e+00 4.3707510953e+02 9.7544491206e+00 6.6302193599e+03
2.8595000000e+00 4.3707655568e+02 9.7169397179e+00 6.6304080633e+03
2.8600000000e+00 4.3707805512e+02 9.6794737170e+00 6.6306244779e+03
2.8605000000e+00 4.3707960802e+02 9.6420650882e+00 6.6308589627e+03
2.8610000000e+00 4.3708120216e+02 9.6047281625e+00 6.6311002140e+03
2.8615000000e+00 4.3708279640e+02 9.5674772182e+00 6.6313365273e+03
2.8620000000e+00 4.3708436342e+02 9.5303265255e+00 6.6315565784e+03
2.8625000000e+00 4.3708589457e+02 9.4932902240e+00 6.6317505112e+03
2.8630000000e+00 4.3708736236e+02 9.4563823715e+00 6.6319112370e+03
2.8635000000e+00 4.3708873561e+02 9.4196171427e+00 6.6320349661e+03
2.8640000000e+00 4.3709001466e+02 9.3830081902e+00 6.6321212449e+03
2.8645000000e+00 4.3709120727e+02 9.3465692873e+00 6.6321732591e+03
2.8650000000e+00 4.3709230562e+02 9.3103140621e+00 6.6321977473e+03
2.8655000000e+00 4.3709331840e+02 9.2742561406e+00 6.6322039909e+03
2.8660000000e+00 4.3709428075e+02 9.2384089788e+00 6.6322027684e+03
2.8665000000e+00 4.3709521562e+02 9.2027859738e+00 6.6322057155e+03
2.8670000000e+00 4.3709613327e+02 9.1674009239e+00 6.6322242106e+03
2.8675000000e+00 4.3709706598e+02 9.1322673346e+00 6.6322678740e+03
2.8680000000e+00 4.3709804974e+02 9.0973989934e+00 6.6323437701e+03
2.8685000000e+00 4.3709908922e+02 9.0628097423e+00 6.6324560830e+03
2.8690000000e+00 4.3710018598e+02 9.0285136803e+00 6.6326054610e+03
2.8695000000e+00 4.3710135972e+02 8.9945248620e+00 6.6327887390e+03
2.8700000000e+00 4.3710260742e+02 8.9608573920e+00 6.6329996173e+03
2.8705000000e+00 4.3710389892e+02 8.9275257181e+00 6.6332293237e+03
2.8710000000e+00 4.3710522095e+02 8.8945439139e+00 6.6334670907e+03
2.8715000000e+00 4.3710656527e+02 8.8619261944e+00 6.6337013333e+03
2.8720000000e+00 4.3710789572e+02 8.8296866599e+00 6.6339211011e+03
2.8725000000e+00 4.3710917785e+02 8.7978393579e+00 6.6341168406e+03
2.8730000000e+00 4.3711040388e+02 8.7663980015e+00 6.6342810987e+03
2.8735000000e+00 4.3711156065e+02 8.7353760874e+00 6.6344096064e+03
2.8740000000e+00 4.3711262244e+02 8.7047872509e+00 6.6345017723e+03
2.8745000000e+00 4.3711358781e+02 8.6746445895e+00 6.6345603181e+03
2.8750000000e+00 4.3711447615e+02 8.6449611750e+00 6.6345910486e+03
2.8755000000e+00 4.3711529263e+02 8.6157498936e+00 6.6346026651e+03
2.8760000000e+00 4.3711604326e+02 8.5870236687e+00 6.6346057529e+03
2.8765000000e+00 4.3711676278e+02 8.5587952547e+00 6.6346114414e+03
2.8770000000e+00 4.3711748411e+02 8.5310772810e+00 6.6346305889e+03
2.8775000000e+00 4.3711821661e+02 8.5038826885e+00 6.6346729360e+03
2.8780000000e+00 4.3711898048e+02 8.4772241531e+00 6.6347458430e+03
2.8785000000e+00 4.3711980955e+02 8.4511145831e+00 6.6348535392e+03
2.8790000000e+00 4.3712071061e+02 8.4255668071e+00 6.6349970521e+03
2.8795000000e+00 4.3712167302e+02 8.4005938288e+00 6.6351740275e+03
2.8800000000e+00 4.3712270285e+02 8.3762085432e+00 6.6353786728e+03
2.8805000000e+00 4.3712379925e+02 8.3524237026e+00 6.6356025565e+03
2.8810000000e+00 4.3712493097e+02 8.3292522822e+00 6.6358356397e+03
2.8815000000e+00 4.3712607164e+02 8.3067068684e+00 6.6360669248e+03
2.8820000000e+00 4.3712721246e+02 8.2847999712e+00 6.6362854184e+03
2.8825000000e+00 4.3712832774e+02 8.2635437883e+00 6.6364815759e+03
2.8830000000e+00 4.3712938135e+02 8.2429505125e+00 6.6366481869e+03
2.8835000000e+00 4.3713036317e+02 8.2230319572e+00 6.6367806795e+03
2.8840000000e+00 4.3713127355e+02 8.2037995013e+00 6.6368777148e+03
2.8845000000e+00 4.3713209725e+02 8.1852646109e+00 6.6369416262e+03
2.8850000000e+00 4.3713283058e+02 8.1674383218e+00 6.6369779223e+03
2.8855000000e+00 4.3713349857e+02 8.1503315524e+00 6.6369945221e+03
2.8860000000e+00 4.3713412073e+02 8.1339549210e+00 6.6370013158e+03
2.8865000000e+00 4.3713470296e+02 8.1183191297e+00 6.6370092864e+03
2.8870000000e+00 4.3713527277e+02 8.1034346945e+00 6.6370290963e+03
2.8875000000e+00 4.3713586900e+02 8.0893118864e+00 6.6370701294e+03
2.8880000000e+00 4.3713650388e+02 8.0759612507e+00 6.6371399095e+03
2.8885000000e+00 4.3713718415e+02 8.0633930516e+00 6.6372431563e+03
2.8890000000e+00 4.3713793574e+02 8.0516175835e+00 6.6373811176e+03
2.8895000000e+00 4.3713876785e+02 8.0406449503e+00 6.6375518016e+03
2.8900000000e+00 4.3713966192e+02 8.0304854097e+00 6.6377502533e+03
2.8905000000e+00 4.3714061006e+02 8.0211489489e+00 6.6379686635e+03
2.8910000000e+00 4.3714161025e+02 8.0126452056e+00 6.6381972025e+03
2.8915000000e+00 4.3714263431e+02 8.0049839404e+00 6.6384253366e+03
2.8920000000e+00 4.3714364832e+02 7.9981744838e+00 6.6386426446e+03
2.8925000000e+00 4.3714463998e+02 7.9922259623e+00 6.6388395486e+03
2.8930000000e+00 4.3714559425e+02 7.9871470407e+00 6.6390085063e+03
2.8935000000e+00 4.3714648030e+02 7.9829463055e+00 6.6391449166e+03
2.8940000000e+00 4.3714728475e+02 7.9796319818e+00 6.6392472361e+03
2.8945000000e+00 4.3714801717e+02 7.9772118125e+00 6.6393170539e+03
2.8950000000e+00 4.3714867659e+02 7.9756935056e+00 6.6393592452e+03
2.8955000000e+00 4.3714925927e+02 7.9750843671e+00 6.6393814391e+03
2.8960000000e+00 4.3714978960e+02 7.9753915996e+00 6.6393929872e+03
2.8965000000e+00 4.3715029817e+02 7.9766220124e+00 6.6394042266e+03
2.8970000000e+00 4.3715079518e+02 7.9787824736e+00 6.6394256973e+03
2.8975000000e+00 4.3715129866e+02 7.9818796844e+00 6.6394668463e+03
2.8980000000e+00 4.3715184507e+02 7.9859199723e+00 6.6395350215e+03
2.8985000000e+00 4.3715245127e+02 7.9909098149e+00 6.6396351067e+03
2.8990000000e+00 4.3715311478e+02 7.9968554455e+00 6.6397690275e+03
2.8995000000e+00 4.3715384767e+02 8.0037630237e+00 6.6399352238e+03
2.9000000000e+00 4.3715465959e+02 8.0116382664e+00 6.6401289892e+03
2.9005000000e+00 4.3715553027e+02 8.0204869768e+00 6.6403432279e+03
2.9010000000e+00 4.3715643814e+02 8.0303147086e+00 6.6405688700e+03
2.9015000000e+00 4.3715737730e+02 8.0411264683e+00 6.6407955563e+03
2.9020000000e+00 4.3715832665e+02 8.0529271715e+00 6.6410129836e+03
2.9025000000e+00 4.3715924934e+02 8.0657213478e+00 6.6412119714e+03
2.9030000000e+00 4.3716012808e+02 8.0795132816e+00 6.6413849945e+03
2.9035000000e+00 4.3716095784e+02 8.0943066121e+00 6.6415269649e+03
2.9040000000e+00 4.3716171815e+02 8.1101048975e+00 6.6416360216e+03
2.9045000000e+00 4.3716239371e+02 8.1269113613e+00 6.6417135214e+03
2.9050000000e+00 4.3716299817e+02 8.1447286495e+00 6.6417636738e+03
2.9055000000e+00 4.3716354526e+02 8.1635593288e+00 6.6417934085e+03
2.9060000000e+00 4.3716403488e+02 8.1834056434e+00 6.6418117888e+03
2.9065000000e+00 4.3716448673e+02 8.2042696645e+00 6.6418288059e+03
2.9070000000e+00 4.3716493711e+02 8.2261529710e+00 6.6418544603e+03
2.9075000000e+00 4.3716540206e+02 8.2490572104e+00 6.6418981205e+03
2.9080000000e+00 4.3716589130e+02 8.2729838715e+00 6.6419674349e+03
2.9085000000e+00 4.3716643365e+02 8.2979339600e+00 6.6420673451e+03
2.9090000000e+00 4.3716704786e+02 8.3239084697e+00 6.6421998994e+03
2.9095000000e+00 4.3716772655e+02 8.3509081345e+00 6.6423642234e+03
2.9100000000e+00 4.3716846782e+02 8.3789335931e+00 6.6425562877e+03
2.9105000000e+00 4.3716927725e+02 8.4079848660e+00 6.6427692597e+03
2.9110000000e+00 4.3717013704e+02 8.4380619128e+00 6.6429945029e+03
2.9115000000e+00 4.3717101691e+02 8.4691644396e+00 6.6432223519e+03
2.9120000000e+00 4.3717190369e+02 8.5012915703e+00 6.6434427648e+03
2.9125000000e+00 4.3717278401e+02 8.5344421675e+00 6.6436464498e+03
2.9130000000e+00 4.3717362553e+02 8.5686146786e+00 6.6438259782e+03
2.9135000000e+00 4.3717440597e+02 8.6038073487e+00 6.6439762536e+03
2.9140000000e+00 4.3717512617e+02 8.6400177010e+00 6.6440948897e+03
2.9145000000e+00 4.3717577973e+02 8.6772431152e+00 6.6441827157e+03
2.9150000000e+00 4.3717635374e+02 8.7154807394e+00 6.6442436787e+03
2.9155000000e+00 4.3717686081e+02 8.7547271693e+00 6.6442841541e+03
2.9160000000e+00 4.3717732576e+02 8.7949787680e+00 6.6443124627e+03
2.9165000000e+00 4.3717775655e+02 8.8362316608e+00 6.6443383260e+03
2.9170000000e+00 4.3717816667e+02 8.8784819274e+00 6.6443716671e+03
2.9175000000e+00 4.3717859135e+02 8.9217250025e+00 6.6444214764e+03
2.9180000000e+00 4.3717905318e+02 8.9659562759e+00 6.6444952818e+03
2.9185000000e+00 4.3717955568e+02 9.0111711039e+00 6.6445984897e+03
2.9190000000e+00 4.3718011570e+02 9.0573643435e+00 6.6447335074e+03
2.9195000000e+00 4.3718075202e+02 9.1045306027e+00 6.6448996029e+03
2.9200000000e+00 4.3718145568e+02 9.1526642267e+00 6.6450932986e+03
2.9205000000e+00 4.3718221184e+02 9.2017595021e+00 6.6453085289e+03
2.9210000000e+00 4.3718301954e+02 9.2518099615e+00 6.6455370126e+03
2.9215000000e+00 4.3718386520e+02 9.3028089665e+00 6.6457693246e+03
2.9220000000e+00 4.3718471571e+02 9.3547496627e+00 6.6459959063e+03
2.9225000000e+00 4.3718555022e+02 9.4076246048e+00 6.6462077036e+03
2.9230000000e+00 4.3718636089e+02 9.4614259608e+00 6.6463970649e+03
2.9235000000e+00 4.3718712519e+02 9.5161455262e+00 6.6465587475e+03
2.9240000000e+00 4.3718781950e+02 9.5717749813e+00 6.6466902783e+03
2.9245000000e+00 4.3718844646e+02 9.6283052394e+00 6.6467919552e+03
2.9250000000e+00 4.3718901309e+02 9.6857270155e+00 6.6468670531e+03
2.9255000000e+00 4.3718951308e+02 9.7440309175e+00 6.6469216407e+03
2.9260000000e+00 4.3718995669e+02 9.8032071006e+00 6.6469636820e+03
2.9265000000e+00 4.3719037436e+02 9.8632453785e+00 6.6470022232e+03
2.9270000000e+00 4.3719078250e+02 9.9241353223e+00 6.6470468481e+03
2.9275000000e+00 4.3719119079e+02 9.9858665916e+00 6.6471066686e+03
2.9280000000e+00 4.3719162796e+02 1.0048428216e+01 6.6471891609e+03
2.9285000000e+00 4.3719211972e+02 1.0111809041e+01 6.6472996231e+03
2.9290000000e+00 4.3719266801e+02 1.0175997884e+01 6.6474408891e+03
2.9295000000e+00 4.3719327631e+02 1.0240983189e+01 6.6476128247e+03
2.9300000000e+00 4.3719395811e+02 1.0306753035e+01 6.6478122336e+03
2.9305000000e+00 4.3719470719e+02 1.0373295144e+01 6.6480334484e+03
2.9310000000e+00 4.3719549997e+02 1.0440597287e+01 6.6482688917e+03
2.9315000000e+00 4.3719632542e+02 1.0508646513e+01 6.6485095480e+03
2.9320000000e+00 4.3719717454e+02 1.0577429545e+01 6.6487459433e+03
2.9325000000e+00 4.3719801780e+02 1.0646932968e+01 6.6489692966e+03
2.9330000000e+00 4.3719882832e+02 1.0717142961e+01 6.6491721483e+03
2.9335000000e+00 4.3719960067e+02 1.0788045197e+01 6.6493489254e+03
2.9340000000e+00 4.3720032450e+02 1.0859624958e+01 6.6494967637e+03
2.9345000000e+00 4.3720097972e+02 1.0931867641e+01 6.6496158260e+03
2.9350000000e+00 4.3720156806e+02 1.1004757963e+01 6.6497089456e+03
2.9355000000e+00 4.3720210699e+02 1.1078280311e+01 6.6497814262e+03
2.9360000000e+00 4.3720259997e+02 1.1152419071e+01 6.6498408269e+03
2.9365000000e+00 4.3720305435e+02 1.1227158406e+01 6.6498960344e+03
2.9370000000e+00 4.3720350105e+02 1.1302482075e+01 6.6499561753e+03
2.9375000000e+00 4.3720396458e+02 1.1378373540e+01 6.6500300047e+03
2.9380000000e+00 4.3720445220e+02 1.1454816506e+01 6.6501251766e+03
2.9385000000e+00 4.3720498302e+02 1.1531794139e+01 6.6502472138e+03
2.9390000000e+00 4.3720558239e+02 1.1609289320e+01 6.6503989989e+03
2.9395000000e+00 4.3720625261e+02 1.1687284933e+01 6.6505807701e+03
2.9400000000e+00 4.3720698624e+02 1.1765763647e+01 6.6507899891e+03
2.9405000000e+00 4.3720778776e+02 1.1844707730e+01 6.6510213875e+03
2.9410000000e+00 4.3720865316e+02 1.1924099047e+01 6.6512676932e+03
2.9415000000e+00 4.3720955658e+02 1.2003919644e+01 6.6515204597e+03
2.9420000000e+00 4.3721047752e+02 1.2084150976e+01 6.6517706269e+03
2.9425000000e+00 4.3721140826e+02 1.2164774097e+01 6.6520093720e+03
2.9430000000e+00 4.3721232721e+02 1.2245769955e+01 6.6522292435e+03
2.9435000000e+00 4.3721320629e+02 1.2327119327e+01 6.6524248005e+03
2.9440000000e+00 4.3721403957e+02 1.2408802555e+01 6.6525928644e+03
2.9445000000e+00 4.3721482799e+02 1.2490799518e+01 6.6527329923e+03
2.9450000000e+00 4.3721555944e+02 1.2573090339e+01 6.6528477194e+03
2.9455000000e+00 4.3721623437e+02 1.2655654724e+01 6.6529420670e+03
2.9460000000e+00 4.3721687548e+02 1.2738472023e+01 6.6530229221e+03
2.9465000000e+00 4.3721749722e+02 1.2821521544e+01 6.6530986525e+03
2.9470000000e+00 4.3721810623e+02 1.2904782635e+01 6.6531783082e+03
2.9475000000e+00 4.3721872807e+02 1.2988234361e+01 6.6532704751e+03
2.9480000000e+00 4.3721939222e+02 1.3071855404e+01 6.6533825392e+03
2.9485000000e+00 4.3722010733e+02 1.3155624796e+01 6.6535202108e+03
2.9490000000e+00 4.3722088108e+02 1.3239521290e+01 6.6536867856e+03
2.9495000000e+00 4.3722173326e+02 1.3323523306e+01 6.6538826951e+03
2.9500000000e+00 4.3722266852e+02 1.3407609242e+01 6.6541057309e+03
2.9505000000e+00 4.3722367196e+02 1.3491757560e+01 6.6543513015e+03

