# Time u_x(A) u_y(A)
1.0000000000e-03 -8.6908202543e-11 -1.0034444327e-12
2.0000000000e-03 -5.7128055188e-10 -6.8801077514e-12
3.0000000000e-03 -2.0391199415e-09 -2.3316604542e-11
4.0000000000e-03 -5.4239125578e-09 -5.4324763583e-11
5.0000000000e-03 -1.1945568391e-08 -1.0208868742e-10
6.0000000000e-03 -2.2871910390e-08 -1.6775934810e-10
7.0000000000e-03 -3.9459811719e-08 -2.5018344820e-10
8.0000000000e-03 -6.2849643767e-08 -3.4732202892e-10
9.0000000000e-03 -9.3875795025e-08 -4.5808827106e-10
1.0000000000e-02 -1.3304303272e-07 -5.8046483333e-10
1.1000000000e-02 -1.8041385067e-07 -7.1063509094e-10
1.2000000000e-02 -2.3559028322e-07 -8.4549472283e-10
1.3000000000e-02 -2.9782523922e-07 -9.8284116220e-10
1.4000000000e-02 -3.6599656991e-07 -1.1201610472e-09
1.5000000000e-02 -4.3872329697e-07 -1.2565822233e-09
1.6000000000e-02 -5.1449933567e-07 -1.3927183386e-09
1.7000000000e-02 -5.9177202442e-07 -1.5290452664e-09
1.8000000000e-02 -6.6914459249e-07 -1.6677993606e-09
1.9000000000e-02 -7.4546923457e-07 -1.8131665820e-09
2.0000000000e-02 -8.1993133425e-07 -1.9687749640e-09
2.1000000000e-02 -8.9211232605e-07 -2.1386841652e-09
2.2000000000e-02 -9.6196481068e-07 -2.3283034818e-09
2.3000000000e-02 -1.0298758489e-06 -2.5420339626e-09
2.4000000000e-02 -1.0966115748e-06 -2.7835458071e-09
2.5000000000e-02 -1.1632337548e-06 -3.0564491661e-09
2.6000000000e-02 -1.2309669888e-06 -3.3619319388e-09
2.7000000000e-02 -1.3009847008e-06 -3.6995346085e-09
2.8000000000e-02 -1.3744556100e-06 -4.0696696724e-09
2.9000000000e-02 -1.4524676897e-06 -4.4715158873e-09
3.0000000000e-02 -1.5358255541e-06 -4.9023391190e-09
3.1000000000e-02 -1.6249877448e-06 -5.3598685795e-09
3.2000000000e-02 -1.7199863867e-06 -5.8413719117e-09
3.3000000000e-02 -1.8205466207e-06 -6.3437464418e-09
3.4000000000e-02 -1.9261071108e-06 -6.8656655509e-09
3.5000000000e-02 -2.0356940401e-06 -7.4066947315e-09
3.6000000000e-02 -2.1480428726e-06 -7.9667197998e-09
3.7000000000e-02 -2.2617254448e-06 -8.5475277810e-09
3.8000000000e-02 -2.3753291746e-06 -9.1513653910e-09
3.9000000000e-02 -2.4876131559e-06 -9.7785920986e-09
4.0000000000e-02 -2.5976232030e-06 -1.0429969242e-08
4.1000000000e-02 -2.7048536141e-06 -1.1109045344e-08
4.2000000000e-02 -2.8091610753e-06 -1.1821868793e-08
4.3000000000e-02 -2.9108258192e-06 -1.2577106569e-08
4.4000000000e-02 -3.0106528110e-06 -1.3384305278e-08
4.5000000000e-02 -3.1098008587e-06 -1.4250410125e-08
4.6000000000e-02 -3.2096976531e-06 -1.5179852823e-08
4.7000000000e-02 -3.3118291266e-06 -1.6174423892e-08
4.8000000000e-02 -3.4176199381e-06 -1.7229483308e-08
4.9000000000e-02 -3.5284358493e-06 -1.8334145868e-08
5.0000000000e-02 -3.6454283050e-06 -1.9476032040e-08
5.1000000000e-02 -3.7694733745e-06 -2.0643438745e-08
5.2000000000e-02 -3.9008526237e-06 -2.1826924389e-08
5.3000000000e-02 -4.0391753394e-06 -2.3021928216e-08
5.4000000000e-02 -4.1838207449e-06 -2.4227237935e-08
5.5000000000e-02 -4.3338870894e-06 -2.5445349764e-08
5.6000000000e-02 -4.4879029773e-06 -2.6687206530e-08
5.7000000000e-02 -4.6438729477e-06 -2.7968963354e-08
5.8000000000e-02 -4.7996959933e-06 -2.9306281329e-08
5.9000000000e-02 -4.9533155250e-06 -3.0716659555e-08
6.0000000000e-02 -5.1023906372e-06 -3.2218980444e-08
6.1000000000e-02 -5.2445873949e-06 -3.3828407998e-08
6.2000000000e-02 -5.3778361345e-06 -3.5555967506e-08
6.3000000000e-02 -5.5001619164e-06 -3.7407544603e-08
6.4000000000e-02 -5.6099930415e-06 -3.9381332955e-08
6.5000000000e-02 -5.7064361251e-06 -4.1471496831e-08
6.6000000000e-02 -5.7893604863e-06 -4.3670097876e-08
6.7000000000e-02 -5.8593495496e-06 -4.5963122758e-08
6.8000000000e-02 -5.9176953883e-06 -4.8332292944e-08
6.9000000000e-02 -5.9666506943e-06 -5.0759433605e-08
7.0000000000e-02 -6.0091335125e-06 -5.3225813761e-08
7.1000000000e-02 -6.0482633408e-06 -5.5714825738e-08
7.2000000000e-02 -6.0870107836e-06 -5.8216118548e-08
7.3000000000e-02 -6.1278297600e-06 -6.0723076192e-08
7.4000000000e-02 -6.1726844190e-06 -6.3232905106e-08
7.5000000000e-02 -6.2228633358e-06 -6.5751923237e-08
7.6000000000e-02 -6.2787597619e-06 -6.8293901108e-08
7.7000000000e-02 -6.3398766971e-06 -7.0875346629e-08
7.8000000000e-02 -6.4048743743e-06 -7.3516469822e-08
7.9000000000e-02 -6.4720393955e-06 -7.6239345262e-08
8.0000000000e-02 -6.5393463567e-06 -7.9063655012e-08
8.1000000000e-02 -6.6042605768e-06 -8.2007871163e-08
8.2000000000e-02 -6.6640920241e-06 -8.5087206818e-08
8.3000000000e-02 -6.7164380465e-06 -8.8308529610e-08
8.4000000000e-02 -6.7595962882e-06 -9.1672641893e-08
8.5000000000e-02 -6.7925712416e-06 -9.5176957169e-08
8.6000000000e-02 -6.8149396457e-06 -9.8814112286e-08
8.7000000000e-02 -6.8269991378e-06 -1.0257254212e-07
8.8000000000e-02 -6.8297279072e-06 -1.0643712706e-07
8.9000000000e-02 -6.8248040736e-06 -1.1038902959e-07
9.0000000000e-02 -6.8144307695e-06 -1.1440956859e-07
9.1000000000e-02 -6.8009770524e-06 -1.1848364859e-07
9.2000000000e-02 -6.7868679987e-06 -1.2259774087e-07
9.3000000000e-02 -6.7742777269e-06 -1.2674069181e-07
9.4000000000e-02 -6.7649852812e-06 -1.3090817513e-07
9.5000000000e-02 -6.7603813995e-06 -1.3510270374e-07
9.6000000000e-02 -6.7611831118e-06 -1.3933291530e-07
9.7000000000e-02 -6.7672315699e-06 -1.4361414426e-07
9.8000000000e-02 -6.7775251988e-06 -1.4796446987e-07
9.9000000000e-02 -6.7905469765e-06 -1.5240157400e-07
1.0000000000e-01 -6.8044331063e-06 -1.5694468846e-07
1.0100000000e-01 -6.8168367034e-06 -1.6161294365e-07
1.0200000000e-01 -6.8251131354e-06 -1.6642077308e-07
1.0300000000e-01 -6.8267374183e-06 -1.7137761826e-07
1.0400000000e-01 -6.8197271532e-06 -1.7648777419e-07
1.0500000000e-01 -6.8028072285e-06 -1.8174937114e-07
1.0600000000e-01 -6.7752665459e-06 -1.8715693952e-07
1.0700000000e-01 -6.7369903182e-06 -1.9270108425e-07
1.0800000000e-01 -6.6886398829e-06 -1.9836583147e-07
1.0900000000e-01 -6.6317590712e-06 -2.0413264516e-07
1.1000000000e-01 -6.5685492649e-06 -2.0998421296e-07
1.1100000000e-01 -6.5014119864e-06 -2.1590364409e-07
1.1200000000e-01 -6.4328645777e-06 -2.2187628160e-07
1.1300000000e-01 -6.3655811570e-06 -2.2789202936e-07
1.1400000000e-01 -6.3021644661e-06 -2.3394480458e-07
1.1500000000e-01 -6.2449359961e-06 -2.4003510628e-07
1.1600000000e-01 -6.1957803495e-06 -2.4617263028e-07
1.1700000000e-01 -6.1560002936e-06 -2.5237134846e-07
1.1800000000e-01 -6.1263210396e-06 -2.5864603755e-07
1.1900000000e-01 -6.1069595261e-06 -2.6501448046e-07
1.2000000000e-01 -6.0977241409e-06 -2.7149633670e-07
1.2100000000e-01 -6.0980497445e-06 -2.7811065920e-07
1.2200000000e-01 -6.1068405462e-06 -2.8487522365e-07
1.2300000000e-01 -6.1225229317e-06 -2.9180265218e-07
1.2400000000e-01 -6.1433903400e-06 -2.9889776287e-07
1.2500000000e-01 -6.1677711021e-06 -3.0616020537e-07
1.2600000000e-01 -6.1939215088e-06 -3.1358493666e-07
1.2700000000e-01 -6.2199342322e-06 -3.2116005031e-07
1.2800000000e-01 -6.2440311134e-06 -3.2886905218e-07
1.2900000000e-01 -6.2650086019e-06 -3.3669523984e-07
1.3000000000e-01 -6.2823358330e-06 -3.4462331436e-07
1.3100000000e-01 -6.2959900676e-06 -3.5264172465e-07
1.3200000000e-01 -6.3063681236e-06 -3.6074323850e-07
1.3300000000e-01 -6.3144824925e-06 -3.6892169546e-07
1.3400000000e-01 -6.3219956376e-06 -3.7717378716e-07
1.3500000000e-01 -6.3308444258e-06 -3.8550237402e-07
1.3600000000e-01 -6.3429121499e-06 -3.9391385806e-07
1.3700000000e-01 -6.3597769349e-06 -4.0241691920e-07
1.3800000000e-01 -6.3826055613e-06 -4.1102397102e-07
1.3900000000e-01 -6.4121600166e-06 -4.1974949441e-07
1.4000000000e-01 -6.4487075556e-06 -4.2860943682e-07
1.4100000000e-01 -6.4920299033e-06 -4.3762239226e-07
1.4200000000e-01 -6.5413890459e-06 -4.4680614133e-07
1.4300000000e-01 -6.5955757764e-06 -4.5617458598e-07
1.4400000000e-01 -6.6532357981e-06 -4.6573955358e-07
1.4500000000e-01 -6.7130261470e-06 -4.7550995944e-07
1.4600000000e-01 -6.7735524022e-06 -4.8548873591e-07
1.4700000000e-01 -6.8333379221e-06 -4.9567295015e-07
1.4800000000e-01 -6.8910607546e-06 -5.0605353365e-07
1.4900000000e-01 -6.9459488550e-06 -5.1661490165e-07
1.5000000000e-01 -6.9978645551e-06 -5.2733803067e-07
1.5100000000e-01 -7.0471208457e-06 -5.3820337153e-07
1.5200000000e-01 -7.0942923263e-06 -5.4919212221e-07
1.5300000000e-01 -7.1402181630e-06 -5.6028877449e-07
1.5400000000e-01 -7.1861222845e-06 -5.7148357348e-07
1.5500000000e-01 -7.2335037442e-06 -5.8277308838e-07
1.5600000000e-01 -7.2838236652e-06 -5.9416187358e-07
1.5700000000e-01 -7.3382311149e-06 -6.0566321945e-07
1.5800000000e-01 -7.3976168833e-06 -6.1729575607e-07
1.5900000000e-01 -7.4628044855e-06 -6.2908208932e-07
1.6000000000e-01 -7.5343561853e-06 -6.4104954116e-07
1.6100000000e-01 -7.6122907373e-06 -6.5322703679e-07
1.6200000000e-01 -7.6960258225e-06 -6.6564151763e-07
1.6300000000e-01 -7.7845069598e-06 -6.7831638426e-07
1.6400000000e-01 -7.8765332198e-06 -6.9126946088e-07
1.6500000000e-01 -7.9708613189e-06 -7.0451158658e-07
1.6600000000e-01 -8.0660880576e-06 -7.1804646143e-07
1.6700000000e-01 -8.1606828853e-06 -7.3186916374e-07
1.6800000000e-01 -8.2531433420e-06 -7.4596478752e-07
1.6900000000e-01 -8.3422849834e-06 -7.6031085261e-07
1.7000000000e-01 -8.4273510399e-06 -7.7488115839e-07
1.7100000000e-01 -8.5078137226e-06 -7.8964849916e-07
1.7200000000e-01 -8.5832620885e-06 -8.0458731807e-07
1.7300000000e-01 -8.6533878414e-06 -8.1967596680e-07
1.7400000000e-01 -8.7180651466e-06 -8.3489941803e-07
1.7500000000e-01 -8.7773844419e-06 -8.5025269695e-07
1.7600000000e-01 -8.8314392105e-06 -8.6574138230e-07
1.7700000000e-01 -8.8801252179e-06 -8.8137925647e-07
1.7800000000e-01 -8.9231944803e-06 -8.9718683642e-07
1.7900000000e-01 -8.9605746629e-06 -9.1319104549e-07
1.8000000000e-01 -8.9924516823e-06 -9.2942350572e-07
1.8100000000e-01 -9.0189888992e-06 -9.4591810194e-07
1.8200000000e-01 -9.0402674556e-06 -9.6270878829e-07
1.8300000000e-01 -9.0564868551e-06 -9.7982534974e-07
1.8400000000e-01 -9.0682178407e-06 -9.9729092211e-07
1.8500000000e-01 -9.0763732145e-06 -1.0151229098e-06
1.8600000000e-01 -9.0818839730e-06 -1.0333307291e-06
1.8700000000e-01 -9.0855733423e-06 -1.0519129926e-06
1.8800000000e-01 -9.0881502171e-06 -1.0708588044e-06
1.8900000000e-01 -9.0902809944e-06 -1.0901494150e-06
1.9000000000e-01 -9.0925699890e-06 -1.1097603605e-06
1.9100000000e-01 -9.0952523231e-06 -1.1296656057e-06
1.9200000000e-01 -9.0980938226e-06 -1.1498395948e-06
1.9300000000e-01 -9.1005572814e-06 -1.1702583738e-06
1.9400000000e-01 -9.1020618363e-06 -1.1909040785e-06
1.9500000000e-01 -9.1021284258e-06 -1.2117682373e-06
1.9600000000e-01 -9.1002488811e-06 -1.2328511914e-06
1.9700000000e-01 -9.0958200012e-06 -1.2541619689e-06
1.9800000000e-01 -9.0882240063e-06 -1.2757175596e-06
1.9900000000e-01 -9.0770608511e-06 -1.2975407307e-06
2.0000000000e-01 -9.0622254743e-06 -1.3196600874e-06
2.0100000000e-01 -9.0435959283e-06 -1.3421088031e-06
2.0200000000e-01 -9.0209382773e-06 -1.3649193268e-06
2.0300000000e-01 -8.9940588423e-06 -1.3881202031e-06
2.0400000000e-01 -8.9629628255e-06 -1.4117358234e-06
2.0500000000e-01 -8.9279629104e-06 -1.4357840128e-06
2.0600000000e-01 -8.8895022586e-06 -1.4602735039e-06
2.0700000000e-01 -8.8479848301e-06 -1.4852050259e-06
2.0800000000e-01 -8.8038289873e-06 -1.5105715779e-06
2.0900000000e-01 -8.7576054962e-06 -1.5363579660e-06
2.1000000000e-01 -8.7100398551e-06 -1.5625439280e-06
2.1100000000e-01 -8.6616877410e-06 -1.5891064603e-06
2.1200000000e-01 -8.6127434300e-06 -1.6160200969e-06
2.1300000000e-01 -8.5632172676e-06 -1.6432601155e-06
2.1400000000e-01 -8.5131070917e-06 -1.6708067305e-06
2.1500000000e-01 -8.4624104221e-06 -1.6986475985e-06
2.1600000000e-01 -8.4109764693e-06 -1.7267806445e-06
2.1700000000e-01 -8.3583739402e-06 -1.7552147615e-06
2.1800000000e-01 -8.3039846038e-06 -1.7839673998e-06
2.1900000000e-01 -8.2472477859e-06 -1.8130639302e-06
2.2000000000e-01 -8.1877882582e-06 -1.8425366396e-06
2.2100000000e-01 -8.1252582437e-06 -1.8724201444e-06
2.2200000000e-01 -8.0592654794e-06 -1.9027479329e-06
2.2300000000e-01 -7.9896236761e-06 -1.9335504672e-06
2.2400000000e-01 -7.9165771692e-06 -1.9648519155e-06
2.2500000000e-01 -7.8407888974e-06 -1.9966686435e-06
2.2600000000e-01 -7.7631425892e-06 -2.0290096625e-06
2.2700000000e-01 -7.6846120498e-06 -2.0618749487e-06
2.2800000000e-01 -7.6063115068e-06 -2.0952544297e-06
2.2900000000e-01 -7.5295669033e-06 -2.1291314305e-06
2.3000000000e-01 -7.4559776167e-06 -2.1634860378e-06
2.3100000000e-01 -7.3872750408e-06 -2.1982962901e-06
2.3200000000e-01 -7.3249612300e-06 -2.2335408534e-06
2.3300000000e-01 -7.2701938796e-06 -2.2692009909e-06
2.3400000000e-01 -7.2239799332e-06 -2.3052613667e-06
2.3500000000e-01 -7.1871759864e-06 -2.3417132118e-06
2.3600000000e-01 -7.1601089333e-06 -2.3785557264e-06
2.3700000000e-01 -7.1423403759e-06 -2.4157942284e-06
2.3800000000e-01 -7.1328439874e-06 -2.4534401918e-06
2.3900000000e-01 -7.1302293168e-06 -2.4915120757e-06
2.4000000000e-01 -7.1328136716e-06 -2.5300338774e-06
2.4100000000e-01 -7.1385919150e-06 -2.5690340047e-06
2.4200000000e-01 -7.1452481852e-06 -2.6085435964e-06
2.4300000000e-01 -7.1504190660e-06 -2.6485920815e-06
2.4400000000e-01 -7.1521488980e-06 -2.6892054654e-06
2.4500000000e-01 -7.1491399190e-06 -2.7304068317e-06
2.4600000000e-01 -7.1406805265e-06 -2.7722128147e-06
2.4700000000e-01 -7.1265931233e-06 -2.8146305269e-06
2.4800000000e-01 -7.1073178863e-06 -2.8576586371e-06
2.4900000000e-01 -7.0840281104e-06 -2.9012877949e-06
2.5000000000e-01 -7.0585873046e-06 -2.9455013688e-06
2.5100000000e-01 -7.0332181694e-06 -2.9902788723e-06
2.5200000000e-01 -7.0101319758e-06 -3.0355977011e-06
2.5300000000e-01 -6.9913245134e-06 -3.0814337889e-06
2.5400000000e-01 -6.9785387486e-06 -3.1277656014e-06
2.5500000000e-01 -6.9731758353e-06 -3.1745774120e-06
2.5600000000e-01 -6.9760319270e-06 -3.2218592597e-06
2.5700000000e-01 -6.9871265275e-06 -3.2696087319e-06
2.5800000000e-01 -7.0057613410e-06 -3.3178327354e-06
2.5900000000e-01 -7.0308387045e-06 -3.3665463532e-06
2.6000000000e-01 -7.0611242358e-06 -3.4157732023e-06
2.6100000000e-01 -7.0951386268e-06 -3.4655452833e-06
2.6200000000e-01 -7.1310904912e-06 -3.5158988453e-06
2.6300000000e-01 -7.1670913744e-06 -3.5668709273e-06
2.6400000000e-01 -7.2015324819e-06 -3.6184973659e-06
2.6500000000e-01 -7.2333117704e-06 -3.6708087533e-06
2.6600000000e-01 -7.2616726943e-06 -3.7238278759e-06
2.6700000000e-01 -7.2860894125e-06 -3.7775693623e-06
2.6800000000e-01 -7.3064311869e-06 -3.8320366308e-06
2.6900000000e-01 -7.3232272913e-06 -3.8872211524e-06
2.7000000000e-01 -7.3377112523e-06 -3.9431065479e-06
2.7100000000e-01 -7.3514346217e-06 -3.9996701887e-06
2.7200000000e-01 -7.3659701932e-06 -4.0568841268e-06
2.7300000000e-01 -7.3829007709e-06 -4.1147190902e-06
2.7400000000e-01 -7.4037851803e-06 -4.1731472495e-06
2.7500000000e-01 -7.4300207842e-06 -4.2321444506e-06
2.7600000000e-01 -7.4625577347e-06 -4.2916943089e-06
2.7700000000e-01 -7.5016916713e-06 -4.3517900099e-06
2.7800000000e-01 -7.5470668813e-06 -4.4124335633e-06
2.7900000000e-01 -7.5978266235e-06 -4.4736368368e-06
2.8000000000e-01 -7.6528046774e-06 -4.5354223762e-06
2.8100000000e-01 -7.7104547381e-06 -4.5978212907e-06
2.8200000000e-01 -7.7687404104e-06 -4.6608710210e-06
2.8300000000e-01 -7.8253072749e-06 -4.7246121985e-06
2.8400000000e-01 -7.8778318573e-06 -4.7890837734e-06
2.8500000000e-01 -7.9243149553e-06 -4.8543207203e-06
2.8600000000e-01 -7.9630532482e-06 -4.9203527774e-06
2.8700000000e-01 -7.9925578039e-06 -4.9872007330e-06
2.8800000000e-01 -8.0117256353e-06 -5.0548738135e-06
2.8900000000e-01 -8.0201324454e-06 -5.1233701391e-06
2.9000000000e-01 -8.0181511713e-06 -5.1926771392e-06
2.9100000000e-01 -8.0066497481e-06 -5.2627730577e-06
2.9200000000e-01 -7.9866985830e-06 -5.3336309894e-06
2.9300000000e-01 -7.9596246533e-06 -5.4052208542e-06
2.9400000000e-01 -7.9271562500e-06 -5.4775112811e-06
2.9500000000e-01 -7.8913767057e-06 -5.5504753268e-06
2.9600000000e-01 -7.8543474281e-06 -5.6240941683e-06
2.9700000000e-01 -7.8178230423e-06 -5.6983570685e-06
2.9800000000e-01 -7.7832756748e-06 -5.7732616657e-06
2.9900000000e-01 -7.7519039773e-06 -5.8488139728e-06
3.0000000000e-01 -7.7245245855e-06 -5.9250281567e-06
3.0100000000e-01 -7.7013668407e-06 -6.0019273062e-06
3.0200000000e-01 -7.6819707535e-06 -6.0795421169e-06
3.0300000000e-01 -7.6652707904e-06 -6.1579068211e-06
3.0400000000e-01 -7.6497924311e-06 -6.2370565399e-06
3.0500000000e-01 -7.6339135557e-06 -6.3170256693e-06
3.0600000000e-01 -7.6159235044e-06 -6.3978444768e-06
3.0700000000e-01 -7.5939862779e-06 -6.4795361431e-06
3.0800000000e-01 -7.5663080589e-06 -6.5621146000e-06
3.0900000000e-01 -7.5315056091e-06 -6.6455820492e-06
3.1000000000e-01 -7.4889323537e-06 -6.7299299255e-06
3.1100000000e-01 -7.4385883112e-06 -6.8151421458e-06
3.1200000000e-01 -7.3808649575e-06 -6.9011957977e-06
3.1300000000e-01 -7.3165630136e-06 -6.9880622405e-06
3.1400000000e-01 -7.2470102765e-06 -7.0757114663e-06
3.1500000000e-01 -7.1739733386e-06 -7.1641159971e-06
3.1600000000e-01 -7.0992844874e-06 -7.2532538269e-06
3.1700000000e-01 -7.0244787628e-06 -7.3431120039e-06
3.1800000000e-01 -6.9507140694e-06 -7.4336873970e-06
3.1900000000e-01 -6.8788512332e-06 -7.5249859935e-06
3.2000000000e-01 -6.8094561222e-06 -7.6170243158e-06
3.2100000000e-01 -6.7426030704e-06 -7.7098287265e-06
3.2200000000e-01 -6.6777397439e-06 -7.8034317268e-06
3.2300000000e-01 -6.6138695632e-06 -7.8978687623e-06
3.2400000000e-01 -6.5498597712e-06 -7.9931748236e-06
3.2500000000e-01 -6.4846184564e-06 -8.0893811921e-06
3.2600000000e-01 -6.4170553039e-06 -8.1865142400e-06
3.2700000000e-01 -6.3460277542e-06 -8.2845936101e-06
3.2800000000e-01 -6.2704864680e-06 -8.3836288165e-06
3.2900000000e-01 -6.1896776045e-06 -8.4836187541e-06
3.3000000000e-01 -6.1032834146e-06 -8.5845540954e-06
3.3100000000e-01 -6.0114260029e-06 -8.6864186908e-06
3.3200000000e-01 -5.9145068998e-06 -8.7891910619e-06
3.3300000000e-01 -5.8131760283e-06 -8.8928466631e-06
3.3400000000e-01 -5.7084964907e-06 -8.9973591662e-06
3.3500000000e-01 -5.6019737545e-06 -9.1027034159e-06
3.3600000000e-01 -5.4952960882e-06 -9.2088600286e-06
3.3700000000e-01 -5.3900024014e-06 -9.3158169413e-06
3.3800000000e-01 -5.2873949315e-06 -9.4235688356e-06
3.3900000000e-01 -5.1886510076e-06 -9.5321182279e-06
3.4000000000e-01 -5.0948525822e-06 -9.6414767654e-06
3.4100000000e-01 -5.0068229960e-06 -9.7516643910e-06
3.4200000000e-01 -4.9248885852e-06 -9.8627076561e-06
3.4300000000e-01 -4.8489117471e-06 -9.9746366143e-06
3.4400000000e-01 -4.7786183608e-06 -1.0087481091e-05
3.4500000000e-01 -4.7137596491e-06 -1.0201269846e-05
3.4600000000e-01 -4.6539627764e-06 -1.0316029946e-05
3.4700000000e-01 -4.5985679180e-06 -1.0431783514e-05
3.4800000000e-01 -4.5467511410e-06 -1.0548545066e-05
3.4900000000e-01 -4.4978128302e-06 -1.0666320592e-05
3.5000000000e-01 -4.4512453073e-06 -1.0785107626e-05
3.5100000000e-01 -4.4066203322e-06 -1.0904896902e-05
3.5200000000e-01 -4.3635042248e-06 -1.1025673425e-05
3.5300000000e-01 -4.3214534536e-06 -1.1147415951e-05
3.5400000000e-01 -4.2801377865e-06 -1.1270098976e-05
3.5500000000e-01 -4.2394312580e-06 -1.1393697291e-05
3.5600000000e-01 -4.1993105640e-06 -1.1518188843e-05
3.5700000000e-01 -4.1596630154e-06 -1.1643556241e-05
3.5800000000e-01 -4.1202553946e-06 -1.1769788621e-05
3.5900000000e-01 -4.0809616040e-06 -1.1896882825e-05
3.6000000000e-01 -4.0419306158e-06 -1.2024844602e-05
3.6100000000e-01 -4.0034693619e-06 -1.2153689577e-05
3.6200000000e-01 -3.9658363683e-06 -1.2283441595e-05
3.6300000000e-01 -3.9292125471e-06 -1.2414129590e-05
3.6400000000e-01 -3.8938720399e-06 -1.2545785506e-05
3.6500000000e-01 -3.8602523187e-06 -1.2678442464e-05
3.6600000000e-01 -3.8287610510e-06 -1.2812131987e-05
3.6700000000e-01 -3.7995631488e-06 -1.2946881544e-05
3.6800000000e-01 -3.7725950891e-06 -1.3082711860e-05
3.6900000000e-01 -3.7477872481e-06 -1.3219634236e-05
3.7000000000e-01 -3.7252055863e-06 -1.3357650925e-05
3.7100000000e-01 -3.7048976514e-06 -1.3496756442e-05
3.7200000000e-01 -3.6867075838e-06 -1.3636937243e-05
3.7300000000e-01 -3.6703601940e-06 -1.3778172757e-05
3.7400000000e-01 -3.6556890127e-06 -1.3920438177e-05
3.7500000000e-01 -3.6427476517e-06 -1.4063706837e-05
3.7600000000e-01 -3.6316836428e-06 -1.4207953112e-05
3.7700000000e-01 -3.6225529487e-06 -1.4353155331e-05
3.7800000000e-01 -3.6153162581e-06 -1.4499296854e-05
3.7900000000e-01 -3.6099655151e-06 -1.4646367546e-05
3.8000000000e-01 -3.6065752122e-06 -1.4794367108e-05
3.8100000000e-01 -3.6051393892e-06 -1.4943306391e-05
3.8200000000e-01 -3.6053980883e-06 -1.5093205785e-05
3.8300000000e-01 -3.6068763449e-06 -1.5244093651e-05
3.8400000000e-01 -3.6090549011e-06 -1.5396003714e-05
3.8500000000e-01 -3.6115655592e-06 -1.5548971396e-05
3.8600000000e-01 -3.6141654444e-06 -1.5703031457e-05
3.8700000000e-01 -3.6165421700e-06 -1.5858215045e-05
3.8800000000e-01 -3.6183455144e-06 -1.6014545887e-05
3.8900000000e-01 -3.6193970959e-06 -1.6172039087e-05
3.9000000000e-01 -3.6198062966e-06 -1.6330701599e-05
3.9100000000e-01 -3.6198068480e-06 -1.6490531786e-05
3.9200000000e-01 -3.6194943709e-06 -1.6651519877e-05
3.9300000000e-01 -3.6188169513e-06 -1.6813649542e-05
3.9400000000e-01 -3.6176934116e-06 -1.6976898763e-05
3.9500000000e-01 -3.6160747123e-06 -1.7141242447e-05
3.9600000000e-01 -3.6138320154e-06 -1.7306656446e-05
3.9700000000e-01 -3.6105551218e-06 -1.7473119114e-05
3.9800000000e-01 -3.6056004408e-06 -1.7640612380e-05
3.9900000000e-01 -3.5982796122e-06 -1.7809124436e-05
4.0000000000e-01 -3.5879628681e-06 -1.7978651263e-05
4.0100000000e-01 -3.5740025106e-06 -1.8149197257e-05
4.0200000000e-01 -3.5555521737e-06 -1.8320776068e-05
4.0300000000e-01 -3.5316475240e-06 -1.8493409007e-05
4.0400000000e-01 -3.5014910875e-06 -1.8667122322e-05
4.0500000000e-01 -3.4646380632e-06 -1.8841946435e-05
4.0600000000e-01 -3.4209607821e-06 -1.9017914324e-05
4.0700000000e-01 -3.3705194913e-06 -1.9195057372e-05
4.0800000000e-01 -3.3136378849e-06 -1.9373402174e-05
4.0900000000e-01 -3.2510471810e-06 -1.9552968478e-05
4.1000000000e-01 -3.1839097933e-06 -1.9733767346e-05
4.1100000000e-01 -3.1136874120e-06 -1.9915801134e-05
4.1200000000e-01 -3.0418644895e-06 -2.0099063849e-05
4.1300000000e-01 -2.9698200307e-06 -2.0283540807e-05
4.1400000000e-01 -2.8988491037e-06 -2.0469210390e-05
4.1500000000e-01 -2.8301485628e-06 -2.0656047845e-05
4.1600000000e-01 -2.7646592184e-06 -2.0844027998e-05
4.1700000000e-01 -2.7027722617e-06 -2.1033127615e-05
4.1800000000e-01 -2.6442613068e-06 -2.1223328515e-05
4.1900000000e-01 -2.5884651408e-06 -2.1414619238e-05
4.2000000000e-01 -2.5344457570e-06 -2.1606996179e-05
4.2100000000e-01 -2.4809880513e-06 -2.1800465417e-05
4.2200000000e-01 -2.4265012507e-06 -2.1995042109e-05
4.2300000000e-01 -2.3691717249e-06 -2.2190747850e-05
4.2400000000e-01 -2.3073453193e-06 -2.2387609400e-05
4.2500000000e-01 -2.2397886631e-06 -2.2585657015e-05
4.2600000000e-01 -2.1657008382e-06 -2.2784921162e-05
4.2700000000e-01 -2.0846123552e-06 -2.2985430015e-05
4.2800000000e-01 -1.9964220212e-06 -2.3187206784e-05
4.2900000000e-01 -1.9014999964e-06 -2.3390266550e-05
4.3000000000e-01 -1.8007122675e-06 -2.3594615708e-05
4.3100000000e-01 -1.6952935492e-06 -2.3800252663e-05
4.3200000000e-01 -1.5865573573e-06 -2.4007167565e-05
4.3300000000e-01 -1.4757590816e-06 -2.4215343484e-05
4.3400000000e-01 -1.3641554585e-06 -2.4424758831e-05
4.3500000000e-01 -1.2530014646e-06 -2.4635389247e-05
4.3600000000e-01 -1.1433957213e-06 -2.4847210549e-05
4.3700000000e-01 -1.0360377364e-06 -2.5060201804e-05
4.3800000000e-01 -9.3116624649e-07 -2.5274346393e-05
4.3900000000e-01 -8.2871344462e-07 -2.5489633106e-05
4.4000000000e-01 -7.2841731144e-07 -2.5706058251e-05
4.4100000000e-01 -6.2980404946e-07 -2.5923626213e-05
4.4200000000e-01 -5.3210131324e-07 -2.6142348688e-05
4.4300000000e-01 -4.3426885204e-07 -2.6362244117e-05
4.4400000000e-01 -3.3521481694e-07 -2.6583335762e-05
4.4500000000e-01 -2.3401595438e-07 -2.6805649360e-05
4.4600000000e-01 -1.2995972676e-07 -2.7029212180e-05
4.4700000000e-01 -2.2430369000e-08 -2.7254050884e-05
4.4800000000e-01 8.9043663301e-08 -2.7480188020e-05
4.4900000000e-01 2.0450952049e-07 -2.7707640262e-05
4.5000000000e-01 3.2341081736e-07 -2.7936417680e-05
4.5100000000e-01 4.4468462573e-07 -2.8166522947e-05
4.5200000000e-01 5.6701627908e-07 -2.8397951851e-05
4.5300000000e-01 6.8895676977e-07 -2.8630693739e-05
4.5400000000e-01 8.0885850159e-07 -2.8864731424e-05
4.5500000000e-01 9.2490788320e-07 -2.9100043452e-05
4.5600000000e-01 1.0353557881e-06 -2.9336607470e-05
4.5700000000e-01 1.1388266513e-06 -2.9574401669e-05
4.5800000000e-01 1.2344505513e-06 -2.9813406392e-05
4.5900000000e-01 1.3217586977e-06 -3.0053606729e-05
4.6000000000e-01 1.4006261703e-06 -3.0294993938e-05
4.6100000000e-01 1.4713671848e-06 -3.0537566669e-05
4.6200000000e-01 1.5348377838e-06 -3.0781331921e-05
4.6300000000e-01 1.5923856318e-06 -3.1026303355e-05
4.6400000000e-01 1.6456385831e-06 -3.1272498907e-05
4.6500000000e-01 1.6962996523e-06 -3.1519940215e-05
4.6600000000e-01 1.7460642311e-06 -3.1768651406e-05
4.6700000000e-01 1.7966410196e-06 -3.2018656618e-05
4.6800000000e-01 1.8496935463e-06 -3.2269978455e-05
4.6900000000e-01 1.9065794649e-06 -3.2522636101e-05
4.7000000000e-01 1.9680794752e-06 -3.2776643141e-05
4.7100000000e-01 2.0343558535e-06 -3.3032007208e-05
4.7200000000e-01 2.1051166271e-06 -3.3288729439e-05
4.7300000000e-01 2.1797068494e-06 -3.3546802968e-05
4.7400000000e-01 2.2570036059e-06 -3.3806213474e-05
4.7500000000e-01 2.3353838757e-06 -3.4066941346e-05
4.7600000000e-01 2.4129704227e-06 -3.4328963461e-05
4.7700000000e-01 2.4879821975e-06 -3.4592255673e-05
4.7800000000e-01 2.5589008871e-06 -3.4856795360e-05
4.7900000000e-01 2.6244248114e-06 -3.5122562692e-05
4.8000000000e-01 2.6834806591e-06 -3.5389542825e-05
4.8100000000e-01 2.7354309205e-06 -3.5657728704e-05
4.8200000000e-01 2.7802733521e-06 -3.5927121304e-05
4.8300000000e-01 2.8186432580e-06 -3.6197728702e-05
4.8400000000e-01 2.8516299947e-06 -3.6469565549e-05
4.8500000000e-01 2.8805574960e-06 -3.6742651468e-05
4.8600000000e-01 2.9069046417e-06 -3.7017009248e-05
4.8700000000e-01 2.9322902342e-06 -3.7292663265e-05
4.8800000000e-01 2.9583259973e-06 -3.7569636537e-05
4.8900000000e-01 2.9863538458e-06 -3.7847948048e-05
4.9000000000e-01 3.0172184820e-06 -3.8127612085e-05
4.9100000000e-01 3.0512363780e-06 -3.8408637684e-05
4.9200000000e-01 3.0883327507e-06 -3.8691027585e-05
4.9300000000e-01 3.1281293222e-06 -3.8974778129e-05
4.9400000000e-01 3.1699228727e-06 -3.9259879493e-05
4.9500000000e-01 3.2126723535e-06 -3.9546316269e-05
4.9600000000e-01 3.2551461611e-06 -3.9834069506e-05
4.9700000000e-01 3.2962051042e-06 -4.0123118677e-05
4.9800000000e-01 3.3349801449e-06 -4.0413442630e-05
4.9900000000e-01 3.3708299419e-06 -4.0705021263e-05
5.0000000000e-01 3.4032408828e-06 -4.0997837870e-05
5.0100000000e-01 3.4319385015e-06 -4.1291880627e-05
5.0200000000e-01 3.4571193826e-06 -4.1587143865e-05
5.0300000000e-01 3.4794577483e-06 -4.1883628916e-05
5.0400000000e-01 3.4999071065e-06 -4.2181343106e-05
5.0500000000e-01 3.5195245075e-06 -4.2480298712e-05
5.0600000000e-01 3.5394574244e-06 -4.2780512899e-05
5.0700000000e-01 3.5610138092e-06 -4.3082005992e-05
5.0800000000e-01 3.5855901062e-06 -4.3384798498e-05
5.0900000000e-01 3.6144805096e-06 -4.3688909027e-05
5.1000000000e-01 3.6487068898e-06 -4.3994352414e-05
5.1100000000e-01 3.6889868519e-06 -4.4301138481e-05
5.1200000000e-01 3.7358294471e-06 -4.4609271959e-05
5.1300000000e-01 3.7895271845e-06 -4.4918751508e-05
5.1400000000e-01 3.8500152420e-06 -4.5229568569e-05
5.1500000000e-01 3.9167861707e-06 -4.5541708477e-05
5.1600000000e-01 3.9889862062e-06 -4.5855152465e-05
5.1700000000e-01 4.0656240738e-06 -4.6169879040e-05
5.1800000000e-01 4.1456937719e-06 -4.6485865940e-05
5.1900000000e-01 4.2281929882e-06 -4.6803092234e-05
5.2000000000e-01 4.3121128977e-06 -4.7121539954e-05
5.2100000000e-01 4.3964989519e-06 -4.7441196561e-05
5.2200000000e-01 4.4806409969e-06 -4.7762056853e-05
5.2300000000e-01 4.5641820651e-06 -4.8084122432e-05
5.2400000000e-01 4.6470051219e-06 -4.8407400697e-05
5.2500000000e-01 4.7290621078e-06 -4.8731904382e-05
5.2600000000e-01 4.8103758257e-06 -4.9057650074e-05
5.2700000000e-01 4.8912131229e-06 -4.9384656145e-05
5.2800000000e-01 4.9721215750e-06 -4.9712940736e-05
5.2900000000e-01 5.0537314177e-06 -5.0042519055e-05
5.3000000000e-01 5.1365819406e-06 -5.0373401385e-05
5.3100000000e-01 5.2211374410e-06 -5.0705592987e-05
5.3200000000e-01 5.3079169912e-06 -5.1039093662e-05
5.3300000000e-01 5.3974962107e-06 -5.1373896866e-05
5.3400000000e-01 5.4903223281e-06 -5.1709990173e-05
5.3500000000e-01 5.5865825141e-06 -5.2047356297e-05
5.3600000000e-01 5.6862374356e-06 -5.2385974523e-05
5.3700000000e-01 5.7891414277e-06 -5.2725823199e-05
5.3800000000e-01 5.8951010616e-06 -5.3066881472e-05
5.3900000000e-01 6.0038190099e-06 -5.3409130124e-05
5.4000000000e-01 6.1148614910e-06 -5.3752553432e-05
5.4100000000e-01 6.2277168943e-06 -5.4097141072e-05
5.4200000000e-01 6.3419465182e-06 -5.4442888419e-05
5.4300000000e-01 6.4573090748e-06 -5.4789796408e-05
5.4400000000e-01 6.5736946178e-06 -5.5137871165e-05
5.4500000000e-01 6.6910073338e-06 -5.5487122767e-05
5.4600000000e-01 6.8091740537e-06 -5.5837564401e-05
5.4700000000e-01 6.9282790103e-06 -5.6189211709e-05
5.4800000000e-01 7.0486404683e-06 -5.6542080546e-05
5.4900000000e-01 7.1706468428e-06 -5.6896184433e-05
5.5000000000e-01 7.2945560187e-06 -5.7251533257e-05
5.5100000000e-01 7.4204682611e-06 -5.7608132193e-05
5.5200000000e-01 7.5484135990e-06 -5.7965980821e-05
5.5300000000e-01 7.6783765256e-06 -5.8325073263e-05
5.5400000000e-01 7.8101610530e-06 -5.8685398353e-05
5.5500000000e-01 7.9432936686e-06 -5.9046940089e-05
5.5600000000e-01 8.0770991202e-06 -5.9409679819e-05
5.5700000000e-01 8.2108959726e-06 -5.9773598267e-05
5.5800000000e-01 8.3441433756e-06 -6.0138676115e-05
5.5900000000e-01 8.4763709042e-06 -6.0504895001e-05
5.6000000000e-01 8.6070948273e-06 -6.0872238934e-05
5.6100000000e-01 8.7358970224e-06 -6.1240695344e-05
5.6200000000e-01 8.8625657078e-06 -6.1610256416e-05
5.6300000000e-01 8.9871372938e-06 -6.1980919398e-05
5.6400000000e-01 9.1097477177e-06 -6.2352685304e-05
5.6500000000e-01 9.2304858098e-06 -6.2725558422e-05
5.6600000000e-01 9.3493779746e-06 -6.3099546589e-05
5.6700000000e-01 9.4664511522e-06 -6.3474660078e-05
5.6800000000e-01 9.5817813502e-06 -6.3850909911e-05
5.6900000000e-01 9.6953880641e-06 -6.4228306607e-05
5.7000000000e-01 9.8071062507e-06 -6.4606858664e-05
5.7100000000e-01 9.9166015429e-06 -6.4986571539e-05
5.7200000000e-01 1.0023502925e-05 -6.5367447395e-05
5.7300000000e-01 1.0127533446e-05 -6.5749484167e-05
5.7400000000e-01 1.0228463818e-05 -6.6132674483e-05
5.7500000000e-01 1.0326023417e-05 -6.6517006149e-05
5.7600000000e-01 1.0419968825e-05 -6.6902463521e-05
5.7700000000e-01 1.0510243969e-05 -6.7289028658e-05
5.7800000000e-01 1.0597071367e-05 -6.7676682820e-05
5.7900000000e-01 1.0680848290e-05 -6.8065407803e-05
5.8000000000e-01 1.0762006733e-05 -6.8455186851e-05
5.8100000000e-01 1.0841029834e-05 -6.8846006625e-05
5.8200000000e-01 1.0918560258e-05 -6.9237858807e-05
5.8300000000e-01 1.0995441067e-05 -6.9630739552e-05
5.8400000000e-01 1.1072561678e-05 -7.0024648887e-05
5.8500000000e-01 1.1150652731e-05 -7.0419590667e-05
5.8600000000e-01 1.1230238305e-05 -7.0815571646e-05
5.8700000000e-01 1.1311691343e-05 -7.1212600526e-05
5.8800000000e-01 1.1395227667e-05 -7.1610687024e-05
5.8900000000e-01 1.1480767394e-05 -7.2009839865e-05
5.9000000000e-01 1.1567828183e-05 -7.2410065447e-05
5.9100000000e-01 1.1655599094e-05 -7.2811368102e-05
5.9200000000e-01 1.1743113974e-05 -7.3213749628e-05
5.9300000000e-01 1.1829389018e-05 -7.3617208032e-05
5.9400000000e-01 1.1913447907e-05 -7.4021737372e-05
5.9500000000e-01 1.1994316879e-05 -7.4427328021e-05
5.9600000000e-01 1.2071112422e-05 -7.4833967133e-05
5.9700000000e-01 1.2143209423e-05 -7.5241640085e-05
5.9800000000e-01 1.2210369038e-05 -7.5650331471e-05
5.9900000000e-01 1.2272692531e-05 -7.6060025488e-05
6.0000000000e-01 1.2330482777e-05 -7.6470707372e-05
6.0100000000e-01 1.2384215156e-05 -7.6882364916e-05
6.0200000000e-01 1.2434620353e-05 -7.7294988745e-05
6.0300000000e-01 1.2482700777e-05 -7.7708572545e-05
6.0400000000e-01 1.2529569406e-05 -7.8123113229e-05
6.0500000000e-01 1.2576248339e-05 -7.8538610311e-05
6.0600000000e-01 1.2623611514e-05 -7.8955065811e-05
6.0700000000e-01 1.2672441873e-05 -7.9372484377e-05
6.0800000000e-01 1.2723444104e-05 -7.9790871961e-05
6.0900000000e-01 1.2777130277e-05 -8.0210234414e-05
6.1000000000e-01 1.2833682042e-05 -8.0630577043e-05
6.1100000000e-01 1.2892953807e-05 -8.1051903797e-05
6.1200000000e-01 1.2954619680e-05 -8.1474216318e-05
6.1300000000e-01 1.3018287029e-05 -8.1897513455e-05
6.1400000000e-01 1.3083468016e-05 -8.2321790339e-05
6.1500000000e-01 1.3149524510e-05 -8.2747037857e-05
6.1600000000e-01 1.3215728896e-05 -8.3173243685e-05
6.1700000000e-01 1.3281428382e-05 -8.3600393391e-05
6.1800000000e-01 1.3346168861e-05 -8.4028470965e-05
6.1900000000e-01 1.3409692941e-05 -8.4457459977e-05
6.2000000000e-01 1.3471905115e-05 -8.4887344964e-05
6.2100000000e-01 1.3532918648e-05 -8.5318112621e-05
6.2200000000e-01 1.3593177779e-05 -8.5749753199e-05
6.2300000000e-01 1.3653513712e-05 -8.6182261036e-05
6.2400000000e-01 1.3715032953e-05 -8.6615634077e-05
6.2500000000e-01 1.3778931008e-05 -8.7049873818e-05
6.2600000000e-01 1.3846376653e-05 -8.7484985232e-05
6.2700000000e-01 1.3918501474e-05 -8.7920975509e-05
6.2800000000e-01 1.3996362908e-05 -8.8357852499e-05
6.2900000000e-01 1.4080780538e-05 -8.8795623442e-05
6.3000000000e-01 1.4172152458e-05 -8.9234293369e-05
6.3100000000e-01 1.4270387468e-05 -8.9673864168e-05
6.3200000000e-01 1.4374991992e-05 -9.0114334607e-05
6.3300000000e-01 1.4485189596e-05 -9.0555699691e-05
6.3400000000e-01 1.4599919057e-05 -9.0997950135e-05
6.3500000000e-01 1.4717792603e-05 -9.1441073212e-05
6.3600000000e-01 1.4837198072e-05 -9.1885053559e-05
6.3700000000e-01 1.4956557751e-05 -9.2329873751e-05
6.3800000000e-01 1.5074536692e-05 -9.2775515572e-05
6.3900000000e-01 1.5190067180e-05 -9.3221961031e-05
6.4000000000e-01 1.5302330940e-05 -9.3669193315e-05
6.4100000000e-01 1.5410835930e-05 -9.4117198714e-05
6.4200000000e-01 1.5515556797e-05 -9.4565967907e-05
6.4300000000e-01 1.5616995374e-05 -9.5015495845e-05
6.4400000000e-01 1.5716076451e-05 -9.5465781738e-05
6.4500000000e-01 1.5813983327e-05 -9.5916828753e-05
6.4600000000e-01 1.5912049025e-05 -9.6368642857e-05
6.4700000000e-01 1.6011734262e-05 -9.6821231980e-05
6.4800000000e-01 1.6114588431e-05 -9.7274604816e-05
6.4900000000e-01 1.6222068404e-05 -9.7728768803e-05
6.5000000000e-01 1.6335314636e-05 -9.8183728928e-05
6.5100000000e-01 1.6455026154e-05 -9.8639487288e-05
6.5200000000e-01 1.6581463063e-05 -9.9096042151e-05
6.5300000000e-01 1.6714493261e-05 -9.9553387385e-05
6.5400000000e-01 1.6853562408e-05 -1.0001151290e-04
6.5500000000e-01 1.6997654680e-05 -1.0047040508e-04
6.5600000000e-01 1.7145377973e-05 -1.0093004753e-04
6.5700000000e-01 1.7295194444e-05 -1.0139042269e-04
6.5800000000e-01 1.7445664048e-05 -1.0185151291e-04
6.5900000000e-01 1.7595518397e-05 -1.0231330101e-04
6.6000000000e-01 1.7743643571e-05 -1.0277577151e-04
6.6100000000e-01 1.7889150125e-05 -1.0323891162e-04
6.6200000000e-01 1.8031532766e-05 -1.0370271156e-04
6.6300000000e-01 1.8170777119e-05 -1.0416716501e-04
6.6400000000e-01 1.8307265350e-05 -1.0463226893e-04
6.6500000000e-01 1.8441599064e-05 -1.0509802277e-04
6.6600000000e-01 1.8574526763e-05 -1.0556442836e-04
6.6700000000e-01 1.8706944247e-05 -1.0603148962e-04
6.6800000000e-01 1.8839854800e-05 -1.0649921118e-04
6.6900000000e-01 1.8974204312e-05 -1.0696759731e-04
6.7000000000e-01 1.9110688246e-05 -1.0743665122e-04
6.7100000000e-01 1.9249684598e-05 -1.0790637390e-04
6.7200000000e-01 1.9391289735e-05 -1.0837676361e-04
6.7300000000e-01 1.9535363805e-05 -1.0884781579e-04
6.7400000000e-01 1.9681501957e-05 -1.0931952224e-04
6.7500000000e-01 1.9828979627e-05 -1.0979187123e-04
6.7600000000e-01 1.9976793028e-05 -1.1026484853e-04
6.7700000000e-01 2.0123803700e-05 -1.1073843850e-04
6.7800000000e-01 2.0268904617e-05 -1.1121262486e-04
6.7900000000e-01 2.0411068444e-05 -1.1168739201e-04
6.8000000000e-01 2.0549308949e-05 -1.1216272582e-04
6.8100000000e-01 2.0682728347e-05 -1.1263861417e-04
6.8200000000e-01 2.0810658010e-05 -1.1311504794e-04
6.8300000000e-01 2.0932783014e-05 -1.1359202131e-04
6.8400000000e-01 2.1049137025e-05 -1.1406953123e-04
6.8500000000e-01 2.1160002286e-05 -1.1454757719e-04
6.8600000000e-01 2.1265878223e-05 -1.1502616081e-04
6.8700000000e-01 2.1367538738e-05 -1.1550528504e-04
6.8800000000e-01 2.1466057587e-05 -1.1598495338e-04
6.8900000000e-01 2.1562681751e-05 -1.1646516884e-04
6.9000000000e-01 2.1658612176e-05 -1.1694593238e-04
6.9100000000e-01 2.1754883928e-05 -1.1742724243e-04
6.9200000000e-01 2.1852369776e-05 -1.1790909497e-04
6.9300000000e-01 2.1951784572e-05 -1.1839148305e-04
6.9400000000e-01 2.2053592150e-05 -1.1887439664e-04
6.9500000000e-01 2.2157880593e-05 -1.1935782324e-04
6.9600000000e-01 2.2264370817e-05 -1.1984174857e-04
6.9700000000e-01 2.2372536547e-05 -1.2032615762e-04
6.9800000000e-01 2.2481703049e-05 -1.2081103592e-04
6.9900000000e-01 2.2591072525e-05 -1.2129636989e-04
7.0000000000e-01 2.2699724330e-05 -1.2178214719e-04
7.0100000000e-01 2.2806689893e-05 -1.2226835763e-04
7.0200000000e-01 2.2911094831e-05 -1.2275499353e-04
7.0300000000e-01 2.3012281802e-05 -1.2324204946e-04
7.0400000000e-01 2.3109844232e-05 -1.2372952199e-04
7.0500000000e-01 2.3203565279e-05 -1.2421740935e-04
7.0600000000e-01 2.3293383292e-05 -1.2470571081e-04
7.0700000000e-01 2.3379448164e-05 -1.2519442639e-04
7.0800000000e-01 2.3462179836e-05 -1.2568355637e-04
7.0900000000e-01 2.3542216818e-05 -1.2617310021e-04
7.1000000000e-01 2.3620251908e-05 -1.2666305616e-04
7.1100000000e-01 2.3696924606e-05 -1.2715342109e-04
7.1200000000e-01 2.3772857132e-05 -1.2764419009e-04
7.1300000000e-01 2.3848689846e-05 -1.2813535638e-04
7.1400000000e-01 2.3924984614e-05 -1.2862691135e-04
7.1500000000e-01 2.4002065623e-05 -1.2911884401e-04
7.1600000000e-01 2.4079979303e-05 -1.2961114126e-04
7.1700000000e-01 2.4158589475e-05 -1.3010378914e-04
7.1800000000e-01 2.4237662517e-05 -1.3059677337e-04
7.1900000000e-01 2.4316875158e-05 -1.3109007981e-04
7.2000000000e-01 2.4395797867e-05 -1.3158369563e-04
7.2100000000e-01 2.4473954712e-05 -1.3207761005e-04
7.2200000000e-01 2.4550967973e-05 -1.3257181492e-04
7.2300000000e-01 2.4626681641e-05 -1.3306630520e-04
7.2400000000e-01 2.4701176467e-05 -1.3356107844e-04
7.2500000000e-01 2.4774691586e-05 -1.3405613386e-04
7.2600000000e-01 2.4847572865e-05 -1.3455147211e-04
7.2700000000e-01 2.4920299852e-05 -1.3504709495e-04
7.2800000000e-01 2.4993504976e-05 -1.3554300430e-04
7.2900000000e-01 2.5067906123e-05 -1.3603920147e-04
7.3000000000e-01 2.5144172991e-05 -1.3653568632e-04
7.3100000000e-01 2.5222838219e-05 -1.3703245640e-04
7.3200000000e-01 2.5304309957e-05 -1.3752950681e-04
7.3300000000e-01 2.5388911222e-05 -1.3802683015e-04
7.3400000000e-01 2.5476852692e-05 -1.3852441586e-04
7.3500000000e-01 2.5568149477e-05 -1.3902225032e-04
7.3600000000e-01 2.5662600087e-05 -1.3952031771e-04
7.3700000000e-01 2.5759891909e-05 -1.4001860078e-04
7.3800000000e-01 2.5859740631e-05 -1.4051708172e-04
7.3900000000e-01 2.5961916820e-05 -1.4101574331e-04
7.4000000000e-01 2.6066171123e-05 -1.4151456955e-04
7.4100000000e-01 2.6172229271e-05 -1.4201354654e-04
7.4200000000e-01 2.6279894633e-05 -1.4251266379e-04
7.4300000000e-01 2.6389122590e-05 -1.4301191473e-04
7.4400000000e-01 2.6499976809e-05 -1.4351129623e-04
7.4500000000e-01 2.6612517067e-05 -1.4401080821e-04
7.4600000000e-01 2.6726746071e-05 -1.4451045310e-04
7.4700000000e-01 2.6842653359e-05 -1.4501023489e-04
7.4800000000e-01 2.6960263076e-05 -1.4551015815e-04
7.4900000000e-01 2.7079598425e-05 -1.4601022667e-04
7.5000000000e-01 2.7200597906e-05 -1.4651044194e-04
7.5100000000e-01 2.7323089602e-05 -1.4701080244e-04
7.5200000000e-01 2.7446852294e-05 -1.4751130348e-04
7.5300000000e-01 2.7571693136e-05 -1.4801193676e-04
7.5400000000e-01 2.7697444521e-05 -1.4851269027e-04
7.5500000000e-01 2.7823894037e-05 -1.4901354898e-04
7.5600000000e-01 2.7950770109e-05 -1.4951449551e-04
7.5700000000e-01 2.8077816721e-05 -1.5001551135e-04
7.5800000000e-01 2.8204894240e-05 -1.5051657830e-04
7.5900000000e-01 2.8332007613e-05 -1.5101767915e-04
7.6000000000e-01 2.8459242077e-05 -1.5151879827e-04
7.6100000000e-01 2.8586734026e-05 -1.5201992283e-04
7.6200000000e-01 2.8714726450e-05 -1.5252104334e-04
7.6300000000e-01 2.8843629389e-05 -1.5302215370e-04
7.6400000000e-01 2.8973983489e-05 -1.5352325123e-04
7.6500000000e-01 2.9106322201e-05 -1.5402433608e-04
7.6600000000e-01 2.9241083643e-05 -1.5452541037e-04
7.6700000000e-01 2.9378633605e-05 -1.5502647759e-04
7.6800000000e-01 2.9519305242e-05 -1.5552754172e-04
7.6900000000e-01 2.9663345840e-05 -1.5602860562e-04
7.7000000000e-01 2.9810788674e-05 -1.5652967006e-04
7.7100000000e-01 2.9961410714e-05 -1.5703073312e-04
7.7200000000e-01 3.0114804952e-05 -1.5753178971e-04
7.7300000000e-01 3.0270464730e-05 -1.5803283156e-04
7.7400000000e-01 3.0427801725e-05 -1.5853384730e-04
7.7500000000e-01 3.0586112678e-05 -1.5903482254e-04
7.7600000000e-01 3.0744611690e-05 -1.5953574063e-04
7.7700000000e-01 3.0902530968e-05 -1.6003658407e-04
7.7800000000e-01 3.1059216005e-05 -1.6053733532e-04
7.7900000000e-01 3.1214156854e-05 -1.6103797771e-04
7.8000000000e-01 3.1366938719e-05 -1.6153849659e-04
7.8100000000e-01 3.1517227374e-05 -1.6203888008e-04
7.8200000000e-01 3.1664829870e-05 -1.6253911973e-04
7.8300000000e-01 3.1809765107e-05 -1.6303921106e-04
7.8400000000e-01 3.1952268060e-05 -1.6353915335e-04
7.8500000000e-01 3.2092692808e-05 -1.6403894878e-04
7.8600000000e-01 3.2231438628e-05 -1.6453860184e-04
7.8700000000e-01 3.2368962406e-05 -1.6503811847e-04
7.8800000000e-01 3.2505800996e-05 -1.6553750457e-04
7.8900000000e-01 3.2642512304e-05 -1.6603676474e-04
7.9000000000e-01 3.2779519391e-05 -1.6653590113e-04
7.9100000000e-01 3.2917009060e-05 -1.6703491227e-04
7.9200000000e-01 3.3054951904e-05 -1.6753379279e-04
7.9300000000e-01 3.3193151292e-05 -1.6803253353e-04
7.9400000000e-01 3.3331242663e-05 -1.6853112137e-04
7.9500000000e-01 3.3468645213e-05 -1.6902953978e-04
7.9600000000e-01 3.3604581402e-05 -1.6952777013e-04
7.9700000000e-01 3.3738195051e-05 -1.7002579293e-04
7.9800000000e-01 3.3868684327e-05 -1.7052358947e-04
7.9900000000e-01 3.3995383607e-05 -1.7102114329e-04
8.0000000000e-01 3.4117768952e-05 -1.7151844079e-04
8.0100000000e-01 3.4235483527e-05 -1.7201547196e-04
8.0200000000e-01 3.4348443533e-05 -1.7251223113e-04
8.0300000000e-01 3.4456930791e-05 -1.7300871680e-04
8.0400000000e-01 3.4561581752e-05 -1.7350493077e-04
8.0500000000e-01 3.4663276943e-05 -1.7400087767e-04
8.0600000000e-01 3.4763034486e-05 -1.7449656397e-04
8.0700000000e-01 3.4861962287e-05 -1.7499199705e-04
8.0800000000e-01 3.4961203374e-05 -1.7548718433e-04
8.0900000000e-01 3.5061826662e-05 -1.7598213191e-04
8.1000000000e-01 3.5164678689e-05 -1.7647684324e-04
8.1100000000e-01 3.5270268480e-05 -1.7697131843e-04
8.1200000000e-01 3.5378750615e-05 -1.7746555396e-04
8.1300000000e-01 3.5489971232e-05 -1.7795954218e-04
8.1400000000e-01 3.5603490930e-05 -1.7845327159e-04
8.1500000000e-01 3.5718559475e-05 -1.7894672749e-04
8.1600000000e-01 3.5834131195e-05 -1.7943989273e-04
8.1700000000e-01 3.5948996996e-05 -1.7993274915e-04
8.1800000000e-01 3.6061955787e-05 -1.8042527903e-04
8.1900000000e-01 3.6171913858e-05 -1.8091746603e-04
8.2000000000e-01 3.6277904918e-05 -1.8140929616e-04
8.2100000000e-01 3.6379120879e-05 -1.8190075892e-04
8.2200000000e-01 3.6475029165e-05 -1.8239184780e-04
8.2300000000e-01 3.6565498150e-05 -1.8288256047e-04
8.2400000000e-01 3.6650810294e-05 -1.8337289866e-04
8.2500000000e-01 3.6731578289e-05 -1.8386286724e-04
8.2600000000e-01 3.6808660734e-05 -1.8435247329e-04
8.2700000000e-01 3.6883132046e-05 -1.8484172543e-04
8.2800000000e-01 3.6956248801e-05 -1.8533063275e-04
8.2900000000e-01 3.7029335916e-05 -1.8581920333e-04
8.3000000000e-01 3.7103622066e-05 -1.8630744324e-04
8.3100000000e-01 3.7180107255e-05 -1.8679535567e-04
8.3200000000e-01 3.7259516999e-05 -1.8728294022e-04
8.3300000000e-01 3.7342310528e-05 -1.8777019264e-04
8.3400000000e-01 3.7428666713e-05 -1.8825710473e-04
8.3500000000e-01 3.7518440776e-05 -1.8874366427e-04
8.3600000000e-01 3.7611153519e-05 -1.8922985584e-04
8.3700000000e-01 3.7706079778e-05 -1.8971566203e-04
8.3800000000e-01 3.7802402044e-05 -1.9020106441e-04
8.3900000000e-01 3.7899313891e-05 -1.9068604480e-04
8.4000000000e-01 3.7996049708e-05 -1.9117058674e-04
8.4100000000e-01 3.8091920063e-05 -1.9165467644e-04
8.4200000000e-01 3.8186410289e-05 -1.9213830401e-04
8.4300000000e-01 3.8279291956e-05 -1.9262146432e-04
8.4400000000e-01 3.8370644745e-05 -1.9310415699e-04
8.4500000000e-01 3.8460785568e-05 -1.9358638591e-04
8.4600000000e-01 3.8550197174e-05 -1.9406815876e-04
8.4700000000e-01 3.8639521953e-05 -1.9454948596e-04
8.4800000000e-01 3.8729585125e-05 -1.9503037926e-04
8.4900000000e-01 3.8821345088e-05 -1.9551085053e-04
8.5000000000e-01 3.8915755782e-05 -1.9599091012e-04
8.5100000000e-01 3.9013647967e-05 -1.9647056545e-04
8.5200000000e-01 3.9115696913e-05 -1.9694982038e-04
8.5300000000e-01 3.9222422114e-05 -1.9742867462e-04
8.5400000000e-01 3.9334134012e-05 -1.9790712312e-04
8.5500000000e-01 3.9450839669e-05 -1.9838515625e-04
8.5600000000e-01 3.9572201539e-05 -1.9886276050e-04
8.5700000000e-01 3.9697588416e-05 -1.9933991943e-04
8.5800000000e-01 3.9826172694e-05 -1.9981661515e-04
8.5900000000e-01 3.9957001468e-05 -2.0029282981e-04
8.6000000000e-01 4.0089023101e-05 -2.0076854673e-04
8.6100000000e-01 4.0221137999e-05 -2.0124375191e-04
8.6200000000e-01 4.0352312311e-05 -2.0171843535e-04
8.6300000000e-01 4.0481714762e-05 -2.0219259147e-04
8.6400000000e-01 4.0608802249e-05 -2.0266621926e-04
8.6500000000e-01 4.0733314500e-05 -2.0313932212e-04
8.6600000000e-01 4.0855251179e-05 -2.0361190718e-04
8.6700000000e-01 4.0974898411e-05 -2.0408398428e-04
8.6800000000e-01 4.1092864204e-05 -2.0455556509e-04
8.6900000000e-01 4.1210042335e-05 -2.0502666154e-04
8.7000000000e-01 4.1327477561e-05 -2.0549728428e-04
8.7100000000e-01 4.1446219154e-05 -2.0596744169e-04
8.7200000000e-01 4.1567243411e-05 -2.0643713895e-04
8.7300000000e-01 4.1691422878e-05 -2.0690637717e-04
8.7400000000e-01 4.1819469299e-05 -2.0737515316e-04
8.7500000000e-01 4.1951818986e-05 -2.0784345933e-04
8.7600000000e-01 4.2088558944e-05 -2.0831128408e-04
8.7700000000e-01 4.2229469206e-05 -2.0877861296e-04
8.7800000000e-01 4.2374113309e-05 -2.0924543003e-04
8.7900000000e-01 4.2521889178e-05 -2.0971171883e-04
8.8000000000e-01 4.2672028485e-05 -2.1017746378e-04
8.8100000000e-01 4.2823630562e-05 -2.1064265167e-04
8.8200000000e-01 4.2975774016e-05 -2.1110727267e-04
8.8300000000e-01 4.3127634793e-05 -2.1157132126e-04
8.8400000000e-01 4.3278551493e-05 -2.1203479681e-04
8.8500000000e-01 4.3428029536e-05 -2.1249770331e-04
8.8600000000e-01 4.3575738241e-05 -2.1296004908e-04
8.8700000000e-01 4.3721542740e-05 -2.1342184605e-04
8.8800000000e-01 4.3865536899e-05 -2.1388310834e-04
8.8900000000e-01 4.4008035851e-05 -2.1434385047e-04
8.9000000000e-01 4.4149493767e-05 -2.1480408581e-04
8.9100000000e-01 4.4290393214e-05 -2.1526382500e-04
8.9200000000e-01 4.4431193119e-05 -2.1572307463e-04
8.9300000000e-01 4.4572317238e-05 -2.1618183669e-04
8.9400000000e-01 4.4714115339e-05 -2.1664010820e-04
8.9500000000e-01 4.4856766585e-05 -2.1709788117e-04
8.9600000000e-01 4.5000199931e-05 -2.1755514343e-04
8.9700000000e-01 4.5144121352e-05 -2.1801187984e-04
8.9800000000e-01 4.5288099212e-05 -2.1846807352e-04
8.9900000000e-01 4.5431622512e-05 -2.1892370748e-04
9.0000000000e-01 4.5574101651e-05 -2.1937876620e-04
9.0100000000e-01 4.5714873207e-05 -2.1983323680e-04
9.0200000000e-01 4.5853289008e-05 -2.2028711040e-04
9.0300000000e-01 4.5988831530e-05 -2.2074038319e-04
9.0400000000e-01 4.6121168239e-05 -2.2119305651e-04
9.0500000000e-01 4.6250131532e-05 -2.2164513663e-04
9.0600000000e-01 4.6375682885e-05 -2.2209663420e-04
9.0700000000e-01 4.6497927707e-05 -2.2254756329e-04
9.0800000000e-01 4.6617133479e-05 -2.2299794003e-04
9.0900000000e-01 4.6733697987e-05 -2.2344778121e-04
9.1000000000e-01 4.6848073139e-05 -2.2389710246e-04
9.1100000000e-01 4.6960683291e-05 -2.2434591658e-04
9.1200000000e-01 4.7071907255e-05 -2.2479423258e-04
9.1300000000e-01 4.7182100057e-05 -2.2524205482e-04
9.1400000000e-01 4.7291591054e-05 -2.2568938237e-04
9.1500000000e-01 4.7400642017e-05 -2.2613620927e-04
9.1600000000e-01 4.7509393831e-05 -2.2658252518e-04
9.1700000000e-01 4.7617876157e-05 -2.2702831643e-04
9.1800000000e-01 4.7726061340e-05 -2.2747356750e-04
9.1900000000e-01 4.7833890090e-05 -2.2791826264e-04
9.2000000000e-01 4.7941252783e-05 -2.2836238707e-04
9.2100000000e-01 4.8047959253e-05 -2.2880592879e-04
9.2200000000e-01 4.8153772849e-05 -2.2924888001e-04
9.2300000000e-01 4.8258489926e-05 -2.2969123708e-04
9.2400000000e-01 4.8361978696e-05 -2.3013300123e-04
9.2500000000e-01 4.8464152825e-05 -2.3057417868e-04
9.2600000000e-01 4.8564920930e-05 -2.3101477887e-04
9.2700000000e-01 4.8664202607e-05 -2.3145481474e-04
9.2800000000e-01 4.8761989971e-05 -2.3189430211e-04
9.2900000000e-01 4.8858354022e-05 -2.3233325702e-04
9.3000000000e-01 4.8953390852e-05 -2.3277169523e-04
9.3100000000e-01 4.9047165096e-05 -2.3320963069e-04
9.3200000000e-01 4.9139715535e-05 -2.3364707343e-04
9.3300000000e-01 4.9231095806e-05 -2.3408402995e-04
9.3400000000e-01 4.9321369724e-05 -2.3452050244e-04
9.3500000000e-01 4.9410564277e-05 -2.3495648775e-04
9.3600000000e-01 4.9498626426e-05 -2.3539197835e-04
9.3700000000e-01 4.9585437357e-05 -2.3582696316e-04
9.3800000000e-01 4.9670870773e-05 -2.3626142831e-04
9.3900000000e-01 4.9754824519e-05 -2.3669535872e-04
9.4000000000e-01 4.9837219434e-05 -2.3712873987e-04
9.4100000000e-01 4.9917994753e-05 -2.3756155875e-04
9.4200000000e-01 4.9997138787e-05 -2.3799380548e-04
9.4300000000e-01 5.0074755570e-05 -2.3842547458e-04
9.4400000000e-01 5.0151098418e-05 -2.3885656489e-04
9.4500000000e-01 5.0226535958e-05 -2.3928708020e-04
9.4600000000e-01 5.0301486344e-05 -2.3971702923e-04
9.4700000000e-01 5.0376390763e-05 -2.4014642464e-04
9.4800000000e-01 5.0451740776e-05 -2.4057528241e-04
9.4900000000e-01 5.0528076402e-05 -2.4100362039e-04
9.5000000000e-01 5.0605913189e-05 -2.4143145668e-04
9.5100000000e-01 5.0685660669e-05 -2.4185880792e-04
9.5200000000e-01 5.0767604688e-05 -2.4228568786e-04
9.5300000000e-01 5.0851941049e-05 -2.4271210649e-04
9.5400000000e-01 5.0938780203e-05 -2.4313806918e-04
9.5500000000e-01 5.1028099523e-05 -2.4356357588e-04
9.5600000000e-01 5.1119707894e-05 -2.4398862149e-04
9.5700000000e-01 5.1213276774e-05 -2.4441319634e-04
9.5800000000e-01 5.1308414040e-05 -2.4483728748e-04
9.5900000000e-01 5.1404713099e-05 -2.4526088047e-04
9.6000000000e-01 5.1501757749e-05 -2.4568396058e-04
9.6100000000e-01 5.1599133088e-05 -2.4610651408e-04
9.6200000000e-01 5.1696482144e-05 -2.4652852999e-04
9.6300000000e-01 5.1793589439e-05 -2.4695000124e-04
9.6400000000e-01 5.1890432184e-05 -2.4737092517e-04
9.6500000000e-01 5.1987162576e-05 -2.4779130430e-04
9.6600000000e-01 5.2084063109e-05 -2.4821114610e-04
9.6700000000e-01 5.2181526019e-05 -2.4863046183e-04
9.6800000000e-01 5.2280050276e-05 -2.4904926633e-04
9.6900000000e-01 5.2380211090e-05 -2.4946757664e-04
9.7000000000e-01 5.2482568684e-05 -2.4988540987e-04
9.7100000000e-01 5.2587562332e-05 -2.5030278235e-04
9.7200000000e-01 5.2695455350e-05 -2.5071970828e-04
9.7300000000e-01 5.2806331939e-05 -2.5113619815e-04
9.7400000000e-01 5.2920099923e-05 -2.5155225851e-04
9.7500000000e-01 5.3036458286e-05 -2.5196789131e-04
9.7600000000e-01 5.3154874522e-05 -2.5238309302e-04
9.7700000000e-01 5.3274638886e-05 -2.5279785574e-04
9.7800000000e-01 5.3394977943e-05 -2.5321216831e-04
9.7900000000e-01 5.3515158462e-05 -2.5362601703e-04
9.8000000000e-01 5.3634527692e-05 -2.5403938722e-04
9.8100000000e-01 5.3752532978e-05 -2.5445226529e-04
9.8200000000e-01 5.3868783586e-05 -2.5486463968e-04
9.8300000000e-01 5.3983127197e-05 -2.5527650247e-04
9.8400000000e-01 5.4095686880e-05 -2.5568785093e-04
9.8500000000e-01 5.4206826326e-05 -2.5609868732e-04
9.8600000000e-01 5.4317085530e-05 -2.5650901903e-04
9.8700000000e-01 5.4427147592e-05 -2.5691885867e-04
9.8800000000e-01 5.4537814517e-05 -2.5732822271e-04
9.8900000000e-01 5.4649952945e-05 -2.5773713006e-04
9.9000000000e-01 5.4764391995e-05 -2.5814560091e-04
9.9100000000e-01 5.4881811795e-05 -2.5855365473e-04
9.9200000000e-01 5.5002685113e-05 -2.5896130832e-04
9.9300000000e-01 5.5127262042e-05 -2.5936857508e-04
9.9400000000e-01 5.5255562714e-05 -2.5977546377e-04
9.9500000000e-01 5.5387352383e-05 -2.6018197700e-04
9.9600000000e-01 5.5522121212e-05 -2.6058811196e-04
9.9700000000e-01 5.5659121944e-05 -2.6099386102e-04
9.9800000000e-01 5.5797453403e-05 -2.6139921195e-04
9.9900000000e-01 5.5936149220e-05 -2.6180414998e-04
1.0000000000e+00 5.6074230243e-05 -2.6220865952e-04
1.0010000000e+00 5.6210729573e-05 -2.6261272463e-04
1.0020000000e+00 5.6344760275e-05 -2.6301633151e-04
1.0030000000e+00 5.6475622276e-05 -2.6341947052e-04
1.0040000000e+00 5.6602881512e-05 -2.6382213662e-04
1.0050000000e+00 5.6726374538e-05 -2.6422433039e-04
1.0060000000e+00 5.6846167253e-05 -2.6462605872e-04
1.0070000000e+00 5.6962543254e-05 -2.6502733363e-04
1.0080000000e+00 5.7076009299e-05 -2.6542817174e-04
1.0090000000e+00 5.7187255999e-05 -2.6582859361e-04
1.0100000000e+00 5.7297058543e-05 -2.6622862109e-04
1.0110000000e+00 5.7406159122e-05 -2.6662827560e-04
1.0120000000e+00 5.7515196204e-05 -2.6702757673e-04
1.0130000000e+00 5.7624676823e-05 -2.6742654005e-04
1.0140000000e+00 5.7734947509e-05 -2.6782517607e-04
1.0150000000e+00 5.7846149070e-05 -2.6822348993e-04
1.0160000000e+00 5.7958174299e-05 -2.6862148043e-04
1.0170000000e+00 5.8070677041e-05 -2.6901914084e-04
1.0180000000e+00 5.8183134221e-05 -2.6941646033e-04
1.0190000000e+00 5.8294909917e-05 -2.6981342462e-04
1.0200000000e+00 5.8405292676e-05 -2.7021001769e-04
1.0210000000e+00 5.8513521996e-05 -2.7060622388e-04
1.0220000000e+00 5.8618850770e-05 -2.7100202920e-04
1.0230000000e+00 5.8720643620e-05 -2.7139742282e-04
1.0240000000e+00 5.8818457943e-05 -2.7179239870e-04
1.0250000000e+00 5.8912075658e-05 -2.7218695604e-04
1.0260000000e+00 5.9001492388e-05 -2.7258109930e-04
1.0270000000e+00 5.9086916751e-05 -2.7297483839e-04
1.0280000000e+00 5.9168799339e-05 -2.7336818797e-04
1.0290000000e+00 5.9247830862e-05 -2.7376116619e-04
1.0300000000e+00 5.9324873461e-05 -2.7415379309e-04
1.0310000000e+00 5.9400851561e-05 -2.7454608905e-04
1.0320000000e+00 5.9476665205e-05 -2.7493807303e-04
1.0330000000e+00 5.9553147730e-05 -2.7532976091e-04
1.0340000000e+00 5.9631010224e-05 -2.7572116466e-04
1.0350000000e+00 5.9710752098e-05 -2.7611229134e-04
1.0360000000e+00 5.9792577340e-05 -2.7650314217e-04
1.0370000000e+00 5.9876368371e-05 -2.7689371314e-04
1.0380000000e+00 5.9961730412e-05 -2.7728399578e-04
1.0390000000e+00 6.0048044914e-05 -2.7767397771e-04
1.0400000000e+00 6.0134503065e-05 -2.7806364415e-04
1.0410000000e+00 6.0220150122e-05 -2.7845297954e-04
1.0420000000e+00 6.0303972485e-05 -2.7884196882e-04
1.0430000000e+00 6.0385025091e-05 -2.7923059915e-04
1.0440000000e+00 6.0462538308e-05 -2.7961886156e-04
1.0450000000e+00 6.0535970980e-05 -2.8000675149e-04
1.0460000000e+00 6.0605027682e-05 -2.8039426924e-04
1.0470000000e+00 6.0669671679e-05 -2.8078142082e-04
1.0480000000e+00 6.0730151239e-05 -2.8116821713e-04
1.0490000000e+00 6.0786995684e-05 -2.8155467270e-04
1.0500000000e+00 6.0840955115e-05 -2.8194080510e-04
1.0510000000e+00 6.0892909288e-05 -2.8232663303e-04
1.0520000000e+00 6.0943782462e-05 -2.8271217444e-04
1.0530000000e+00 6.0994496137e-05 -2.8309744546e-04
1.0540000000e+00 6.1045924035e-05 -2.8348245873e-04
1.0550000000e+00 6.1098810407e-05 -2.8386722179e-04
1.0560000000e+00 6.1153681855e-05 -2.8425173694e-04
1.0570000000e+00 6.1210805220e-05 -2.8463600114e-04
1.0580000000e+00 6.1270217302e-05 -2.8502000599e-04
1.0590000000e+00 6.1331774414e-05 -2.8540373924e-04
1.0600000000e+00 6.1395169104e-05 -2.8578718598e-04
1.0610000000e+00 6.1459941195e-05 -2.8617032968e-04
1.0620000000e+00 6.1525529938e-05 -2.8655315419e-04
1.0630000000e+00 6.1591370712e-05 -2.8693564528e-04
1.0640000000e+00 6.1656975652e-05 -2.8731779136e-04
1.0650000000e+00 6.1721962093e-05 -2.8769958470e-04
1.0660000000e+00 6.1786064682e-05 -2.8808102232e-04
1.0670000000e+00 6.1849162782e-05 -2.8846210590e-04
1.0680000000e+00 6.1911321219e-05 -2.8884284159e-04
1.0690000000e+00 6.1972804539e-05 -2.8922323950e-04
1.0700000000e+00 6.2034038288e-05 -2.8960331246e-04
1.0710000000e+00 6.2095545539e-05 -2.8998307466e-04
1.0720000000e+00 6.2157889719e-05 -2.9036254047e-04
1.0730000000e+00 6.2221637372e-05 -2.9074172279e-04
1.0740000000e+00 6.2287323416e-05 -2.9112063161e-04
1.0750000000e+00 6.2355390364e-05 -2.9149927299e-04
1.0760000000e+00 6.2426119202e-05 -2.9187764814e-04
1.0770000000e+00 6.2499594847e-05 -2.9225575321e-04
1.0780000000e+00 6.2575727405e-05 -2.9263357976e-04
1.0790000000e+00 6.2654297369e-05 -2.9301111523e-04
1.0800000000e+00 6.2734972217e-05 -2.9338834370e-04
1.0810000000e+00 6.2817304498e-05 -2.9376524734e-04
1.0820000000e+00 6.2900763595e-05 -2.9414180789e-04
1.0830000000e+00 6.2984809613e-05 -2.9451800815e-04
1.0840000000e+00 6.3068960989e-05 -2.9489383346e-04
1.0850000000e+00 6.3152814843e-05 -2.9526927287e-04
1.0860000000e+00 6.3236040277e-05 -2.9564431972e-04
1.0870000000e+00 6.3318390800e-05 -2.9601897200e-04
1.0880000000e+00 6.3399743137e-05 -2.9639323238e-04
1.0890000000e+00 6.3480126019e-05 -2.9676710760e-04
1.0900000000e+00 6.3559703006e-05 -2.9714060740e-04
1.0910000000e+00 6.3638723882e-05 -2.9751374318e-04
1.0920000000e+00 6.3717494490e-05 -2.9788652680e-04
1.0930000000e+00 6.3796375447e-05 -2.9825896895e-04
1.0940000000e+00 6.3875772497e-05 -2.9863107780e-04
1.0950000000e+00 6.3956091447e-05 -2.9900285780e-04
1.0960000000e+00 6.4037678114e-05 -2.9937430851e-04
1.0970000000e+00 6.4120785739e-05 -2.9974542435e-04
1.0980000000e+00 6.4205573500e-05 -3.0011619496e-04
1.0990000000e+00 6.4292108516e-05 -3.0048660528e-04
1.1000000000e+00 6.4380354320e-05 -3.0085663627e-04
1.1010000000e+00 6.4470153308e-05 -3.0122626651e-04
1.1020000000e+00 6.4561234923e-05 -3.0159547361e-04
1.1030000000e+00 6.4653261631e-05 -3.0196423556e-04
1.1040000000e+00 6.4745886477e-05 -3.0233253272e-04
1.1050000000e+00 6.4838786914e-05 -3.0270034912e-04
1.1060000000e+00 6.4931665631e-05 -3.0306767294e-04
1.1070000000e+00 6.5024259281e-05 -3.0343449762e-04
1.1080000000e+00 6.5116379269e-05 -3.0380082174e-04
1.1090000000e+00 6.5207946471e-05 -3.0416664826e-04
1.1100000000e+00 6.5298979085e-05 -3.0453198403e-04
1.1110000000e+00 6.5389540631e-05 -3.0489683816e-04
1.1120000000e+00 6.5479701383e-05 -3.0526122013e-04
1.1130000000e+00 6.5569536084e-05 -3.0562513877e-04
1.1140000000e+00 6.5659119190e-05 -3.0598860049e-04
1.1150000000e+00 6.5748488826e-05 -3.0635160744e-04
1.1160000000e+00 6.5837596675e-05 -3.0671415713e-04
1.1170000000e+00 6.5926291346e-05 -3.0707624177e-04
1.1180000000e+00 6.6014345238e-05 -3.0743784786e-04
1.1190000000e+00 6.6101481827e-05 -3.0779895729e-04
1.1200000000e+00 6.6187382728e-05 -3.0815954812e-04
1.1210000000e+00 6.6271687128e-05 -3.0851959533e-04
1.1220000000e+00 6.6354013808e-05 -3.0887907291e-04
1.1230000000e+00 6.6434016737e-05 -3.0923795562e-04
1.1240000000e+00 6.6511438356e-05 -3.0959621992e-04
1.1250000000e+00 6.6586133998e-05 -3.0995384581e-04
1.1260000000e+00 6.6658066713e-05 -3.1031081776e-04
1.1270000000e+00 6.6727296391e-05 -3.1066712472e-04
1.1280000000e+00 6.6793988149e-05 -3.1102276053e-04
1.1290000000e+00 6.6858416259e-05 -3.1137772366e-04
1.1300000000e+00 6.6920935164e-05 -3.1173201589e-04
1.1310000000e+00 6.6981921541e-05 -3.1208564118e-04
1.1320000000e+00 6.7041723298e-05 -3.1243860448e-04
1.1330000000e+00 6.7100646646e-05 -3.1279090985e-04
1.1340000000e+00 6.7158952425e-05 -3.1314255926e-04
1.1350000000e+00 6.7216826838e-05 -3.1349355145e-04
1.1360000000e+00 6.7274333225e-05 -3.1384388064e-04
1.1370000000e+00 6.7331385660e-05 -3.1419353619e-04
1.1380000000e+00 6.7387776819e-05 -3.1454250273e-04
1.1390000000e+00 6.7443224127e-05 -3.1489076021e-04
1.1400000000e+00 6.7497393010e-05 -3.1523828476e-04
1.1410000000e+00 6.7549908536e-05 -3.1558504970e-04
1.1420000000e+00 6.7600390598e-05 -3.1593102664e-04
1.1430000000e+00 6.7648525151e-05 -3.1627618709e-04
1.1440000000e+00 6.7694125871e-05 -3.1662050392e-04
1.1450000000e+00 6.7737152127e-05 -3.1696395258e-04
1.1460000000e+00 6.7777698249e-05 -3.1730651211e-04
1.1470000000e+00 6.7815978597e-05 -3.1764816585e-04
1.1480000000e+00 6.7852322429e-05 -3.1798890197e-04
1.1490000000e+00 6.7887156489e-05 -3.1832871306e-04
1.1500000000e+00 6.7920955357e-05 -3.1866759521e-04
1.1510000000e+00 6.7954171989e-05 -3.1900554698e-04
1.1520000000e+00 6.7987176199e-05 -3.1934256795e-04
1.1530000000e+00 6.8020230035e-05 -3.1967865726e-04
1.1540000000e+00 6.8053482464e-05 -3.2001381245e-04
1.1550000000e+00 6.8086951023e-05 -3.2034802795e-04
1.1560000000e+00 6.8120496669e-05 -3.2068129378e-04
1.1570000000e+00 6.8153821302e-05 -3.2101359548e-04
1.1580000000e+00 6.8186511838e-05 -3.2134491381e-04
1.1590000000e+00 6.8218103640e-05 -3.2167522496e-04
1.1600000000e+00 6.8248122362e-05 -3.2200450160e-04
1.1610000000e+00 6.8276107273e-05 -3.2233271353e-04
1.1620000000e+00 6.8301642038e-05 -3.2265982874e-04
1.1630000000e+00 6.8324411667e-05 -3.2298581525e-04
1.1640000000e+00 6.8344261565e-05 -3.2331064242e-04
1.1650000000e+00 6.8361218225e-05 -3.2363428182e-04
1.1660000000e+00 6.8375472677e-05 -3.2395670861e-04
1.1670000000e+00 6.8387361570e-05 -3.2427790195e-04
1.1680000000e+00 6.8397369773e-05 -3.2459784498e-04
1.1690000000e+00 6.8406127648e-05 -3.2491652511e-04
1.1700000000e+00 6.8414366331e-05 -3.2523393350e-04
1.1710000000e+00 6.8422844011e-05 -3.2555006360e-04
1.1720000000e+00 6.8432282546e-05 -3.2586491036e-04
1.1730000000e+00 6.8443330946e-05 -3.2617846901e-04
1.1740000000e+00 6.8456533391e-05 -3.2649073330e-04
1.1750000000e+00 6.8472281569e-05 -3.2680169430e-04
1.1760000000e+00 6.8490768380e-05 -3.2711133967e-04
1.1770000000e+00 6.8511969109e-05 -3.2741965260e-04
1.1780000000e+00 6.8535657152e-05 -3.2772661168e-04
1.1790000000e+00 6.8561442801e-05 -3.2803219129e-04
1.1800000000e+00 6.8588812643e-05 -3.2833636191e-04
1.1810000000e+00 6.8617160572e-05 -3.2863909074e-04
1.1820000000e+00 6.8645830042e-05 -3.2894034329e-04
1.1830000000e+00 6.8674184937e-05 -3.2924008456e-04
1.1840000000e+00 6.8701690775e-05 -3.2953828023e-04
1.1850000000e+00 6.8727966149e-05 -3.2983489822e-04
1.1860000000e+00 6.8752794150e-05 -3.3012990953e-04
1.1870000000e+00 6.8776126556e-05 -3.3042328869e-04
1.1880000000e+00 6.8798102223e-05 -3.3071501447e-04
1.1890000000e+00 6.8819059368e-05 -3.3100506998e-04
1.1900000000e+00 6.8839505951e-05 -3.3129344196e-04
1.1910000000e+00 6.8860048400e-05 -3.3158012005e-04
1.1920000000e+00 6.8881320977e-05 -3.3186509578e-04
1.1930000000e+00 6.8903938164e-05 -3.3214836111e-04
1.1940000000e+00 6.8928453663e-05 -3.3242990729e-04
1.1950000000e+00 6.8955304216e-05 -3.3270972363e-04
1.1960000000e+00 6.8984746073e-05 -3.3298779619e-04
1.1970000000e+00 6.9016819800e-05 -3.3326410682e-04
1.1980000000e+00 6.9051357014e-05 -3.3353863309e-04
1.1990000000e+00 6.9088009798e-05 -3.3381134801e-04
1.2000000000e+00 6.9126276853e-05 -3.3408222035e-04
1.2010000000e+00 6.9165523283e-05 -3.3435121570e-04
1.2020000000e+00 6.9205020297e-05 -3.3461829713e-04
1.2030000000e+00 6.9244017252e-05 -3.3488342650e-04
1.2040000000e+00 6.9281827291e-05 -3.3514656632e-04
1.2050000000e+00 6.9317895803e-05 -3.3540768081e-04
1.2060000000e+00 6.9351840054e-05 -3.3566673701e-04
1.2070000000e+00 6.9383479596e-05 -3.3592370612e-04
1.2080000000e+00 6.9412868099e-05 -3.3617856398e-04
1.2090000000e+00 6.9440310414e-05 -3.3643129097e-04
1.2100000000e+00 6.9466340938e-05 -3.3668187215e-04
1.2110000000e+00 6.9491657949e-05 -3.3693029643e-04
1.2120000000e+00 6.9517042097e-05 -3.3717655510e-04
1.2130000000e+00 6.9543288513e-05 -3.3742064080e-04
1.2140000000e+00 6.9571150076e-05 -3.3766254611e-04
1.2150000000e+00 6.9601269185e-05 -3.3790226169e-04
1.2160000000e+00 6.9634095455e-05 -3.3813977520e-04
1.2170000000e+00 6.9669825218e-05 -3.3837507030e-04
1.2180000000e+00 6.9708393186e-05 -3.3860812574e-04
1.2190000000e+00 6.9749498253e-05 -3.3883891514e-04
1.2200000000e+00 6.9792629728e-05 -3.3906740753e-04
1.2210000000e+00 6.9837090507e-05 -3.3929356858e-04
1.2220000000e+00 6.9882041425e-05 -3.3951736133e-04
1.2230000000e+00 6.9926582381e-05 -3.3973874713e-04
1.2240000000e+00 6.9969843267e-05 -3.3995768798e-04
1.2250000000e+00 7.0011049358e-05 -3.4017414754e-04
1.2260000000e+00 7.0049560871e-05 -3.4038809175e-04
1.2270000000e+00 7.0084904393e-05 -3.4059949083e-04
1.2280000000e+00 7.0116808392e-05 -3.4080831953e-04
1.2290000000e+00 7.0145228134e-05 -3.4101455697e-04
1.2300000000e+00 7.0170334748e-05 -3.4121818688e-04
1.2310000000e+00 7.0192472758e-05 -3.4141919667e-04
1.2320000000e+00 7.0212107280e-05 -3.4161757571e-04
1.2330000000e+00 7.0229780402e-05 -3.4181331528e-04
1.2340000000e+00 7.0246074273e-05 -3.4200640687e-04
1.2350000000e+00 7.0261559188e-05 -3.4219684039e-04
1.2360000000e+00 7.0276726308e-05 -3.4238460405e-04
1.2370000000e+00 7.0291927622e-05 -3.4256968246e-04
1.2380000000e+00 7.0307349183e-05 -3.4275205604e-04
1.2390000000e+00 7.0323015544e-05 -3.4293170152e-04
1.2400000000e+00 7.0338795581e-05 -3.4310859146e-04
1.2410000000e+00 7.0354402349e-05 -3.4328269474e-04
1.2420000000e+00 7.0369406570e-05 -3.4345397796e-04
1.2430000000e+00 7.0383286626e-05 -3.4362240615e-04
1.2440000000e+00 7.0395502648e-05 -3.4378794396e-04
1.2450000000e+00 7.0405551479e-05 -3.4395055753e-04
1.2460000000e+00 7.0412996027e-05 -3.4411021523e-04
1.2470000000e+00 7.0417492380e-05 -3.4426688878e-04
1.2480000000e+00 7.0418830556e-05 -3.4442055409e-04
1.2490000000e+00 7.0416973349e-05 -3.4457119146e-04
1.2500000000e+00 7.0412058918e-05 -3.4471878522e-04
1.2510000000e+00 7.0404372289e-05 -3.4486332343e-04
1.2520000000e+00 7.0394310214e-05 -3.4500479686e-04
1.2530000000e+00 7.0382353248e-05 -3.4514319769e-04
1.2540000000e+00 7.0369038722e-05 -3.4527851865e-04
1.2550000000e+00 7.0354913286e-05 -3.4541075117e-04
1.2560000000e+00 7.0340473739e-05 -3.4553988421e-04
1.2570000000e+00 7.0326114984e-05 -3.4566590361e-04
1.2580000000e+00 7.0312100742e-05 -3.4578879166e-04
1.2590000000e+00 7.0298559572e-05 -3.4590852716e-04
1.2600000000e+00 7.0285480186e-05 -3.4602508531e-04
1.2610000000e+00 7.0272703798e-05 -3.4613843768e-04
1.2620000000e+00 7.0259929669e-05 -3.4624855299e-04
1.2630000000e+00 7.0246747640e-05 -3.4635539861e-04
1.2640000000e+00 7.0232694917e-05 -3.4645894154e-04
1.2650000000e+00 7.0217301697e-05 -3.4655914978e-04
1.2660000000e+00 7.0200115446e-05 -3.4665599346e-04
1.2670000000e+00 7.0180723023e-05 -3.4674944572e-04
1.2680000000e+00 7.0158789291e-05 -3.4683948386e-04
1.2690000000e+00 7.0134108262e-05 -3.4692608951e-04
1.2700000000e+00 7.0106629744e-05 -3.4700924829e-04
1.2710000000e+00 7.0076453084e-05 -3.4708894924e-04
1.2720000000e+00 7.0043809675e-05 -3.4716518421e-04
1.2730000000e+00 7.0009050598e-05 -3.4723794664e-04
1.2740000000e+00 6.9972634954e-05 -3.4730723071e-04
1.2750000000e+00 6.9935090151e-05 -3.4737302955e-04
1.2760000000e+00 6.9896948810e-05 -3.4743533400e-04
1.2770000000e+00 6.9858692959e-05 -3.4749413235e-04
1.2780000000e+00 6.9820721023e-05 -3.4754940926e-04
1.2790000000e+00 6.9783335299e-05 -3.4760114575e-04
1.2800000000e+00 6.9746728356e-05 -3.4764931938e-04
1.2810000000e+00 6.9710967360e-05 -3.4769390424e-04
1.2820000000e+00 6.9675995177e-05 -3.4773487206e-04
1.2830000000e+00 6.9641657280e-05 -3.4777219328e-04
1.2840000000e+00 6.9607748085e-05 -3.4780583790e-04
1.2850000000e+00 6.9574051456e-05 -3.4783577697e-04
1.2860000000e+00 6.9540366945e-05 -3.4786198352e-04
1.2870000000e+00 6.9506532210e-05 -3.4788443292e-04
1.2880000000e+00 6.9472449482e-05 -3.4790310428e-04
1.2890000000e+00 6.9438114762e-05 -3.4791798055e-04
1.2900000000e+00 6.9403628134e-05 -3.4792904821e-04
1.2910000000e+00 6.9369174972e-05 -3.4793629724e-04
1.2920000000e+00 6.9334993245e-05 -3.4793971996e-04
1.2930000000e+00 6.9301348819e-05 -3.4793930991e-04
1.2940000000e+00 6.9268523575e-05 -3.4793506123e-04
1.2950000000e+00 6.9236792134e-05 -3.4792696708e-04
1.2960000000e+00 6.9206378789e-05 -3.4791501860e-04
1.2970000000e+00 6.9177419371e-05 -3.4789920470e-04
1.2980000000e+00 6.9149951735e-05 -3.4787951057e-04
1.2990000000e+00 6.9123928767e-05 -3.4785591772e-04
1.3000000000e+00 6.9099226234e-05 -3.4782840469e-04
1.3010000000e+00 6.9075640859e-05 -3.4779694629e-04
1.3020000000e+00 6.9052898285e-05 -3.4776151468e-04
1.3030000000e+00 6.9030684291e-05 -3.4772208092e-04
1.3040000000e+00 6.9008689471e-05 -3.4767861517e-04
1.3050000000e+00 6.8986642614e-05 -3.4763108781e-04
1.3060000000e+00 6.8964326787e-05 -3.4757947118e-04
1.3070000000e+00 6.8941591505e-05 -3.4752373984e-04
1.3080000000e+00 6.8918370891e-05 -3.4746387154e-04
1.3090000000e+00 6.8894701077e-05 -3.4739984839e-04
1.3100000000e+00 6.8870718894e-05 -3.4733165575e-04
1.3110000000e+00 6.8846637121e-05 -3.4725928227e-04
1.3120000000e+00 6.8822709549e-05 -3.4718272007e-04
1.3130000000e+00 6.8799203433e-05 -3.4710196249e-04
1.3140000000e+00 6.8776382043e-05 -3.4701700367e-04
1.3150000000e+00 6.8754482844e-05 -3.4692783817e-04
1.3160000000e+00 6.8733684329e-05 -3.4683445804e-04
1.3170000000e+00 6.8714073491e-05 -3.4673685236e-04
1.3180000000e+00 6.8695635694e-05 -3.4663500725e-04
1.3190000000e+00 6.8678270710e-05 -3.4652890425e-04
1.3200000000e+00 6.8661811230e-05 -3.4641852117e-04
1.3210000000e+00 6.8646030064e-05 -3.4630383249e-04
1.3220000000e+00 6.8630650571e-05 -3.4618480910e-04
1.3230000000e+00 6.8615378537e-05 -3.4606141989e-04
1.3240000000e+00 6.8599948895e-05 -3.4593363284e-04
1.3250000000e+00 6.8584160421e-05 -3.4580141578e-04
1.3260000000e+00 6.8567885828e-05 -3.4566473812e-04
1.3270000000e+00 6.8551071283e-05 -3.4552357154e-04
1.3280000000e+00 6.8533743094e-05 -3.4537789029e-04
1.3290000000e+00 6.8516015510e-05 -3.4522767220e-04
1.3300000000e+00 6.8498078015e-05 -3.4507289851e-04
1.3310000000e+00 6.8480160206e-05 -3.4491355329e-04
1.3320000000e+00 6.8462492618e-05 -3.4474962319e-04
1.3330000000e+00 6.8445280608e-05 -3.4458109627e-04
1.3340000000e+00 6.8428690648e-05 -3.4440796088e-04
1.3350000000e+00 6.8412832074e-05 -3.4423020456e-04
1.3360000000e+00 6.8397730488e-05 -3.4404781304e-04
1.3370000000e+00 6.8383306816e-05 -3.4386076933e-04
1.3380000000e+00 6.8369373880e-05 -3.4366905300e-04
1.3390000000e+00 6.8355649479e-05 -3.4347263982e-04
1.3400000000e+00 6.8341771599e-05 -3.4327150159e-04
1.3410000000e+00 6.8327308388e-05 -3.4306560609e-04
1.3420000000e+00 6.8311772297e-05 -3.4285491787e-04
1.3430000000e+00 6.8294652886e-05 -3.4263939908e-04
1.3440000000e+00 6.8275469174e-05 -3.4241901051e-04
1.3450000000e+00 6.8253818756e-05 -3.4219371319e-04
1.3460000000e+00 6.8229405724e-05 -3.4196346911e-04
1.3470000000e+00 6.8202053938e-05 -3.4172824237e-04
1.3480000000e+00 6.8171722978e-05 -3.4148800011e-04
1.3490000000e+00 6.8138528869e-05 -3.4124271223e-04
1.3500000000e+00 6.8102744741e-05 -3.4099235197e-04
1.3510000000e+00 6.8064769295e-05 -3.4073689548e-04
1.3520000000e+00 6.8025081312e-05 -3.4047632102e-04
1.3530000000e+00 6.7984199952e-05 -3.4021060833e-04
1.3540000000e+00 6.7942652081e-05 -3.3993973733e-04
1.3550000000e+00 6.7900928197e-05 -3.3966368691e-04
1.3560000000e+00 6.7859425583e-05 -3.3938243416e-04
1.3570000000e+00 6.7818402145e-05 -3.3909595290e-04
1.3580000000e+00 6.7777955132e-05 -3.3880421280e-04
1.3590000000e+00 6.7738022884e-05 -3.3850717967e-04
1.3600000000e+00 6.7698394766e-05 -3.3820481483e-04
1.3610000000e+00 6.7658724255e-05 -3.3789707523e-04
1.3620000000e+00 6.7618555184e-05 -3.3758391442e-04
1.3630000000e+00 6.7577365432e-05 -3.3726528306e-04
1.3640000000e+00 6.7534626227e-05 -3.3694113003e-04
1.3650000000e+00 6.7489859638e-05 -3.3661140424e-04
1.3660000000e+00 6.7442679354e-05 -3.3627605533e-04
1.3670000000e+00 6.7392819503e-05 -3.3593503466e-04
1.3680000000e+00 6.7340159591e-05 -3.3558829660e-04
1.3690000000e+00 6.7284749028e-05 -3.3523579848e-04
1.3700000000e+00 6.7226813773e-05 -3.3487750093e-04
1.3710000000e+00 6.7166730707e-05 -3.3451336772e-04
1.3720000000e+00 6.7104983851e-05 -3.3414336474e-04
1.3730000000e+00 6.7042120193e-05 -3.3376745908e-04
1.3740000000e+00 6.6978711406e-05 -3.3338561795e-04
1.3750000000e+00 6.6915307563e-05 -3.3299780738e-04
1.3760000000e+00 6.6852375882e-05 -3.3260399105e-04
1.3770000000e+00 6.6790244470e-05 -3.3220412936e-04
1.3780000000e+00 6.6729069671e-05 -3.3179817871e-04
1.3790000000e+00 6.6668831643e-05 -3.3138609111e-04
1.3800000000e+00 6.6609342586e-05 -3.3096781391e-04
1.3810000000e+00 6.6550255739e-05 -3.3054329016e-04
1.3820000000e+00 6.6491088499e-05 -3.3011245916e-04
1.3830000000e+00 6.6431269742e-05 -3.2967525748e-04
1.3840000000e+00 6.6370205896e-05 -3.2923162044e-04
1.3850000000e+00 6.6307346011e-05 -3.2878148323e-04
1.3860000000e+00 6.6242230999e-05 -3.2832478175e-04
1.3870000000e+00 6.6174534759e-05 -3.2786145406e-04
1.3880000000e+00 6.6104102649e-05 -3.2739144108e-04
1.3890000000e+00 6.6030981865e-05 -3.2691468693e-04
1.3900000000e+00 6.5955430790e-05 -3.2643113938e-04
1.3910000000e+00 6.5877897524e-05 -3.2594074941e-04
1.3920000000e+00 6.5798977432e-05 -3.2544347004e-04
1.3930000000e+00 6.5719363482e-05 -3.2493925574e-04
1.3940000000e+00 6.5639797361e-05 -3.2442806094e-04
1.3950000000e+00 6.5561017563e-05 -3.2390983903e-04
1.3960000000e+00 6.5483696246e-05 -3.2338454165e-04
1.3970000000e+00 6.5408378663e-05 -3.2285211718e-04
1.3980000000e+00 6.5335443798e-05 -3.2231250999e-04
1.3990000000e+00 6.5265090808e-05 -3.2176566043e-04
1.4000000000e+00 6.5197341703e-05 -3.2121150448e-04
1.4010000000e+00 6.5132044649e-05 -3.2064997388e-04
1.4020000000e+00 6.5068883838e-05 -3.2008099736e-04
1.4030000000e+00 6.5007410797e-05 -3.1950450106e-04
1.4040000000e+00 6.4947095693e-05 -3.1892040902e-04
1.4050000000e+00 6.4887382201e-05 -3.1832864495e-04
1.4060000000e+00 6.4827728752e-05 -3.1772913310e-04
1.4070000000e+00 6.4767643429e-05 -3.1712179932e-04
1.4080000000e+00 6.4706726909e-05 -3.1650657247e-04
1.4090000000e+00 6.4644717112e-05 -3.1588338450e-04
1.4100000000e+00 6.4581517419e-05 -3.1525217059e-04
1.4110000000e+00 6.4517196768e-05 -3.1461286944e-04
1.4120000000e+00 6.4451972358e-05 -3.1396542218e-04
1.4130000000e+00 6.4386188323e-05 -3.1330977192e-04
1.4140000000e+00 6.4320288258e-05 -3.1264586320e-04
1.4150000000e+00 6.4254776784e-05 -3.1197364015e-04
1.4160000000e+00 6.4190167635e-05 -3.1129304546e-04
1.4170000000e+00 6.4126928033e-05 -3.1060401963e-04
1.4180000000e+00 6.4065434199e-05 -3.0990649978e-04
1.4190000000e+00 6.4005942279e-05 -3.0920041914e-04
1.4200000000e+00 6.3948570933e-05 -3.0848570713e-04
1.4210000000e+00 6.3893286904e-05 -3.0776228912e-04
1.4220000000e+00 6.3839897551e-05 -3.0703008692e-04
1.4230000000e+00 6.3788065087e-05 -3.0628901975e-04
1.4240000000e+00 6.3737346295e-05 -3.0553900503e-04
1.4250000000e+00 6.3687244223e-05 -3.0477995997e-04
1.4260000000e+00 6.3637251374e-05 -3.0401180291e-04
1.4270000000e+00 6.3586885065e-05 -3.0323445387e-04
1.4280000000e+00 6.3535728691e-05 -3.0244783567e-04
1.4290000000e+00 6.3483477707e-05 -3.0165187477e-04
1.4300000000e+00 6.3429973982e-05 -3.0084650117e-04
1.4310000000e+00 6.3375213445e-05 -3.0003164857e-04
1.4320000000e+00 6.3319335073e-05 -2.9920725438e-04
1.4330000000e+00 6.3262607187e-05 -2.9837325829e-04
1.4340000000e+00 6.3205410432e-05 -2.9752960152e-04
1.4350000000e+00 6.3148207217e-05 -2.9667622595e-04
1.4360000000e+00 6.3091492991e-05 -2.9581307222e-04
1.4370000000e+00 6.3035741590e-05 -2.9494007893e-04
1.4380000000e+00 6.2981360075e-05 -2.9405718214e-04
1.4390000000e+00 6.2928656765e-05 -2.9316431418e-04
1.4400000000e+00 6.2877815930e-05 -2.9226140379e-04
1.4410000000e+00 6.2828873691e-05 -2.9134837631e-04
1.4420000000e+00 6.2781703692e-05 -2.9042515329e-04
1.4430000000e+00 6.2736023342e-05 -2.8949165395e-04
1.4440000000e+00 6.2691422234e-05 -2.8854779650e-04
1.4450000000e+00 6.2647402125e-05 -2.8759349856e-04
1.4460000000e+00 6.2603414719e-05 -2.8662867902e-04
1.4470000000e+00 6.2558898438e-05 -2.8565325915e-04
1.4480000000e+00 6.2513320629e-05 -2.8466716299e-04
1.4490000000e+00 6.2466225183e-05 -2.8367031855e-04
1.4500000000e+00 6.2417273394e-05 -2.8266265814e-04
1.4510000000e+00 6.2366263127e-05 -2.8164411785e-04
1.4520000000e+00 6.2313128693e-05 -2.8061463768e-04
1.4530000000e+00 6.2257932647e-05 -2.7957416054e-04
1.4540000000e+00 6.2200856088e-05 -2.7852263096e-04
1.4550000000e+00 6.2142178736e-05 -2.7745999457e-04
1.4560000000e+00 6.2082237638e-05 -2.7638619649e-04
1.4570000000e+00 6.2021375749e-05 -2.7530118005e-04
1.4580000000e+00 6.1959898871e-05 -2.7420488644e-04
1.4590000000e+00 6.1898049652e-05 -2.7309725357e-04
1.4600000000e+00 6.1835990516e-05 -2.7197821562e-04
1.4610000000e+00 6.1773785178e-05 -2.7084770352e-04
1.4620000000e+00 6.1711388839e-05 -2.6970564491e-04
1.4630000000e+00 6.1648658565e-05 -2.6855196513e-04
1.4640000000e+00 6.1585381905e-05 -2.6738658866e-04
1.4650000000e+00 6.1521309564e-05 -2.6620944002e-04
1.4660000000e+00 6.1456180702e-05 -2.6502044522e-04
1.4670000000e+00 6.1389746085e-05 -2.6381953304e-04
1.4680000000e+00 6.1321793028e-05 -2.6260663556e-04
1.4690000000e+00 6.1252170853e-05 -2.6138168927e-04
1.4700000000e+00 6.1180809931e-05 -2.6014463565e-04
1.4710000000e+00 6.1107725575e-05 -2.5889542067e-04
1.4720000000e+00 6.1033010582e-05 -2.5763399444e-04
1.4730000000e+00 6.0956823353e-05 -2.5636031037e-04
1.4740000000e+00 6.0879377496e-05 -2.5507432389e-04
1.4750000000e+00 6.0800929320e-05 -2.5377599160e-04
1.4760000000e+00 6.0721752050e-05 -2.5246527001e-04
1.4770000000e+00 6.0642101511e-05 -2.5114211410e-04
1.4780000000e+00 6.0562187264e-05 -2.4980647641e-04
1.4790000000e+00 6.0482158293e-05 -2.4845830639e-04
1.4800000000e+00 6.0402097351e-05 -2.4709754981e-04
1.4810000000e+00 6.0322011593e-05 -2.4572414885e-04
1.4820000000e+00 6.0241825276e-05 -2.4433804254e-04
1.4830000000e+00 6.0161386941e-05 -2.4293916764e-04
1.4840000000e+00 6.0080493214e-05 -2.4152745974e-04
1.4850000000e+00 5.9998917164e-05 -2.4010285475e-04
1.4860000000e+00 5.9916427887e-05 -2.3866528992e-04
1.4870000000e+00 5.9832806452e-05 -2.3721470528e-04
1.4880000000e+00 5.9747866976e-05 -2.3575104496e-04
1.4890000000e+00 5.9661482209e-05 -2.3427425776e-04
1.4900000000e+00 5.9573603419e-05 -2.3278429761e-04
1.4910000000e+00 5.9484263386e-05 -2.3128112356e-04
1.4920000000e+00 5.9393567599e-05 -2.2976469888e-04
1.4930000000e+00 5.9301682886e-05 -2.2823499034e-04
1.4940000000e+00 5.9208825651e-05 -2.2669196755e-04
1.4950000000e+00 5.9115246330e-05 -2.2513560154e-04
1.4960000000e+00 5.9021204435e-05 -2.2356586353e-04
1.4970000000e+00 5.8926940269e-05 -2.2198272362e-04
1.4980000000e+00 5.8832653657e-05 -2.2038614964e-04
1.4990000000e+00 5.8738493468e-05 -2.1877610661e-04
1.5000000000e+00 5.8644555317e-05 -2.1715255632e-04
1.5010000000e+00 5.8550878418e-05 -2.1551545740e-04
1.5020000000e+00 5.8457441971e-05 -2.1386476580e-04
1.5030000000e+00 5.8364170666e-05 -2.1220043526e-04
1.5040000000e+00 5.8270953837e-05 -2.1052241840e-04
1.5050000000e+00 5.8177673070e-05 -2.0883066807e-04
1.5060000000e+00 5.8084223299e-05 -2.0712513845e-04
1.5070000000e+00 5.7990524492e-05 -2.0540578638e-04
1.5080000000e+00 5.7896535687e-05 -2.0367257255e-04
1.5090000000e+00 5.7802274382e-05 -2.0192546198e-04
1.5100000000e+00 5.7707832193e-05 -2.0016442476e-04
1.5110000000e+00 5.7613374178e-05 -1.9838943601e-04
1.5120000000e+00 5.7519124099e-05 -1.9660047523e-04
1.5130000000e+00 5.7425349180e-05 -1.9479752607e-04
1.5140000000e+00 5.7332346635e-05 -1.9298057517e-04
1.5150000000e+00 5.7240425383e-05 -1.9114961067e-04
1.5160000000e+00 5.7149876378e-05 -1.8930462113e-04
1.5170000000e+00 5.7060938053e-05 -1.8744559421e-04
1.5180000000e+00 5.6973770952e-05 -1.8557251542e-04
1.5190000000e+00 5.6888443191e-05 -1.8368536775e-04
1.5200000000e+00 5.6804922953e-05 -1.8178413118e-04
1.5210000000e+00 5.6723073765e-05 -1.7986878203e-04
1.5220000000e+00 5.6642654638e-05 -1.7793929353e-04
1.5230000000e+00 5.6563334877e-05 -1.7599563642e-04
1.5240000000e+00 5.6484724636e-05 -1.7403777969e-04
1.5250000000e+00 5.6406415152e-05 -1.7206569236e-04
1.5260000000e+00 5.6328018251e-05 -1.7007934460e-04
1.5270000000e+00 5.6249198682e-05 -1.6807870888e-04
1.5280000000e+00 5.6169704417e-05 -1.6606376150e-04
1.5290000000e+00 5.6089395945e-05 -1.6403448319e-04
1.5300000000e+00 5.6008267338e-05 -1.6199085962e-04
1.5310000000e+00 5.5926447913e-05 -1.5993288200e-04
1.5320000000e+00 5.5844182101e-05 -1.5786054659e-04
1.5330000000e+00 5.5761800881e-05 -1.5577385377e-04
1.5340000000e+00 5.5679693547e-05 -1.5367280744e-04
1.5350000000e+00 5.5598276845e-05 -1.5155741350e-04
1.5360000000e+00 5.5517954478e-05 -1.4942767838e-04
1.5370000000e+00 5.5439070436e-05 -1.4728360801e-04
1.5380000000e+00 5.5361873323e-05 -1.4512520634e-04
1.5390000000e+00 5.5286498241e-05 -1.4295247458e-04
1.5400000000e+00 5.5212958796e-05 -1.4076541078e-04
1.5410000000e+00 5.5141142769e-05 -1.3856400921e-04
1.5420000000e+00 5.5070814504e-05 -1.3634826084e-04
1.5430000000e+00 5.5001633829e-05 -1.3411815407e-04
1.5440000000e+00 5.4933190997e-05 -1.3187367554e-04
1.5450000000e+00 5.4865047918e-05 -1.2961481158e-04
1.5460000000e+00 5.4796777788e-05 -1.2734154954e-04
1.5470000000e+00 5.4728000478e-05 -1.2505387877e-04
1.5480000000e+00 5.4658415885e-05 -1.2275179192e-04
1.5490000000e+00 5.4587834303e-05 -1.2043528589e-04
1.5500000000e+00 5.4516197596e-05 -1.1810436245e-04
1.5510000000e+00 5.4443583142e-05 -1.1575902859e-04
1.5520000000e+00 5.4370188783e-05 -1.1339929608e-04
1.5530000000e+00 5.4296307856e-05 -1.1102518072e-04
1.5540000000e+00 5.4222301498e-05 -1.0863670158e-04
1.5550000000e+00 5.4148566428e-05 -1.0623387975e-04
1.5560000000e+00 5.4075493270e-05 -1.0381673687e-04
1.5570000000e+00 5.4003417816e-05 -1.0138529415e-04
1.5580000000e+00 5.3932578297e-05 -9.8939570997e-05
1.5590000000e+00 5.3863088654e-05 -9.6479583716e-05
1.5600000000e+00 5.3794925530e-05 -9.4005345045e-05
1.5610000000e+00 5.3727922131e-05 -9.1516863895e-05
1.5620000000e+00 5.3661769867e-05 -8.9014145463e-05
1.5630000000e+00 5.3596036439e-05 -8.6497192089e-05
1.5640000000e+00 5.3530203127e-05 -8.3966004126e-05
1.5650000000e+00 5.3463711943e-05 -8.1420581006e-05
1.5660000000e+00 5.3396009679e-05 -7.8860922804e-05
1.5670000000e+00 5.3326585542e-05 -7.6287031581e-05
1.5680000000e+00 5.3255008501e-05 -7.3698912539e-05
1.5690000000e+00 5.3180964933e-05 -7.1096575278e-05
1.5700000000e+00 5.3104287405e-05 -6.8480034490e-05
1.5710000000e+00 5.3024965473e-05 -6.5849310046e-05
1.5720000000e+00 5.2943139155e-05 -6.3204427050e-05
1.5730000000e+00 5.2859082843e-05 -6.0545415360e-05
1.5740000000e+00 5.2773183226e-05 -5.7872308494e-05
1.5750000000e+00 5.2685908709e-05 -5.5185142689e-05
1.5760000000e+00 5.2597768307e-05 -5.2483955561e-05
1.5770000000e+00 5.2509264509e-05 -4.9768784381e-05
1.5780000000e+00 5.2420849023e-05 -4.7039664874e-05
1.5790000000e+00 5.2332887534e-05 -4.4296630029e-05
1.5800000000e+00 5.2245634775e-05 -4.1539709080e-05
1.5810000000e+00 5.2159216156e-05 -3.8768927399e-05
1.5820000000e+00 5.2073614317e-05 -3.5984306465e-05
1.5830000000e+00 5.1988667421e-05 -3.3185864138e-05
1.5840000000e+00 5.1904086034e-05 -3.0373615734e-05
1.5850000000e+00 5.1819485654e-05 -2.7547575122e-05
1.5860000000e+00 5.1734423064e-05 -2.4707756078e-05
1.5870000000e+00 5.1648430787e-05 -2.1854173970e-05
1.5880000000e+00 5.1561055911e-05 -1.8986846991e-05
1.5890000000e+00 5.1471905921e-05 -1.6105797370e-05
1.5900000000e+00 5.1380692150e-05 -1.3211052397e-05
1.5910000000e+00 5.1287257888e-05 -1.0302644598e-05
1.5920000000e+00 5.1191589084e-05 -7.3806117825e-06
1.5930000000e+00 5.1093814643e-05 -4.4449967073e-06
1.5940000000e+00 5.0994198129e-05 -1.4958460198e-06
1.5950000000e+00 5.0893116840e-05 1.4667907409e-06
1.5960000000e+00 5.0791024562e-05 4.4428624153e-06
1.5970000000e+00 5.0688402997e-05 7.4323178572e-06
1.5980000000e+00 5.0585714008e-05 1.0435107169e-05
1.5990000000e+00 5.0483359291e-05 1.3451182929e-05
1.6000000000e+00 5.0381648101e-05 1.6480501191e-05
1.6010000000e+00 5.0280770880e-05 1.9523021718e-05
1.6020000000e+00 5.0180780124e-05 2.2578708162e-05
1.6030000000e+00 5.0081585624e-05 2.5647527785e-05
1.6040000000e+00 4.9982967181e-05 2.8729450342e-05
1.6050000000e+00 4.9884602113e-05 3.1824446990e-05
1.6060000000e+00 4.9786099713e-05 3.4932488858e-05
1.6070000000e+00 4.9687036534e-05 3.8053545374e-05
1.6080000000e+00 4.9586995111e-05 4.1187583077e-05
1.6090000000e+00 4.9485607478e-05 4.4334564459e-05
1.6100000000e+00 4.9382598539e-05 4.7494446907e-05
1.6110000000e+00 4.9277818129e-05 5.0667182381e-05
1.6120000000e+00 4.9171254836e-05 5.3852717342e-05
1.6130000000e+00 4.9063037974e-05 5.7050993012e-05
1.6140000000e+00 4.8953432886e-05 6.0261946281e-05
1.6150000000e+00 4.8842826822e-05 6.3485510781e-05
1.6160000000e+00 4.8731699297e-05 6.6721618173e-05
1.6170000000e+00 4.8620577799e-05 6.9970199712e-05
1.6180000000e+00 4.8509992004e-05 7.3231187559e-05
1.6190000000e+00 4.8400434529e-05 7.6504515878e-05
1.6200000000e+00 4.8292326927e-05 7.9790121850e-05
1.6210000000e+00 4.8185988159e-05 8.3087946238e-05
1.6220000000e+00 4.8081607690e-05 8.6397933530e-05
1.6230000000e+00 4.7979232916e-05 8.9720031753e-05
1.6240000000e+00 4.7878774042e-05 9.3054191676e-05
1.6250000000e+00 4.7780022437e-05 9.6400365673e-05
1.6260000000e+00 4.7682676998e-05 9.9758506439e-05
1.6270000000e+00 4.7586373899e-05 1.0312856546e-04
1.6280000000e+00 4.7490722447e-05 1.0651049162e-04
1.6290000000e+00 4.7395346164e-05 1.0990423009e-04
1.6300000000e+00 4.7299921959e-05 1.1330972113e-04
1.6310000000e+00 4.7204209931e-05 1.1672689946e-04
1.6320000000e+00 4.7108068342e-05 1.2015569422e-04
1.6330000000e+00 4.7011458205e-05 1.2359602908e-04
1.6340000000e+00 4.6914442290e-05 1.2704782302e-04
1.6350000000e+00 4.6817177286e-05 1.3051099155e-04
1.6360000000e+00 4.6719895564e-05 1.3398544782e-04
1.6370000000e+00 4.6622874782e-05 1.3747110398e-04
1.6380000000e+00 4.6526404086e-05 1.4096787272e-04
1.6390000000e+00 4.6430755684e-05 1.4447566836e-04
1.6400000000e+00 4.6336162550e-05 1.4799440788e-04
1.6410000000e+00 4.6242798564e-05 1.5152401176e-04
1.6420000000e+00 4.6150758686e-05 1.5506440391e-04
1.6430000000e+00 4.6060048244e-05 1.5861551145e-04
1.6440000000e+00 4.5970587830e-05 1.6217726415e-04
1.6450000000e+00 4.5882228207e-05 1.6574959314e-04
1.6460000000e+00 4.5794767307e-05 1.6933242978e-04
1.6470000000e+00 4.5707965339e-05 1.7292570471e-04
1.6480000000e+00 4.5621565244e-05 1.7652934699e-04
1.6490000000e+00 4.5535319074e-05 1.8014328235e-04
1.6500000000e+00 4.5449011631e-05 1.8376743005e-04
1.6510000000e+00 4.5362482203e-05 1.8740170319e-04
1.6520000000e+00 4.5275636105e-05 1.9104601070e-04
1.6530000000e+00 4.5188448191e-05 1.9470025491e-04
1.6540000000e+00 4.5100968839e-05 1.9836433279e-04
1.6550000000e+00 4.5013320691e-05 2.0203813992e-04
1.6560000000e+00 4.4925686222e-05 2.0572156835e-04
1.6570000000e+00 4.4838287510e-05 2.0941450734e-04
1.6580000000e+00 4.4751358416e-05 2.1311684755e-04
1.6590000000e+00 4.4665121571e-05 2.1682848073e-04
1.6600000000e+00 4.4579767109e-05 2.2054930003e-04
1.6610000000e+00 4.4495431436e-05 2.2427920367e-04
1.6620000000e+00 4.4412179251e-05 2.2801809336e-04
1.6630000000e+00 4.4329989873e-05 2.3176587280e-04
1.6640000000e+00 4.4248757380e-05 2.3552244946e-04
1.6650000000e+00 4.4168303862e-05 2.3928773259e-04
1.6660000000e+00 4.4088396069e-05 2.4306163189e-04
1.6670000000e+00 4.4008761685e-05 2.4684405739e-04
1.6680000000e+00 4.3929107976e-05 2.5063491757e-04
1.6690000000e+00 4.3849147214e-05 2.5443411682e-04
1.6700000000e+00 4.3768623227e-05 2.5824155488e-04
1.6710000000e+00 4.3687329800e-05 2.6205712667e-04
1.6720000000e+00 4.3605120414e-05 2.6588072080e-04
1.6730000000e+00 4.3521913022e-05 2.6971222059e-04
1.6740000000e+00 4.3437692456e-05 2.7355150498e-04
1.6750000000e+00 4.3352508604e-05 2.7739844817e-04
1.6760000000e+00 4.3266464385e-05 2.8125292019e-04
1.6770000000e+00 4.3179694725e-05 2.8511478944e-04
1.6780000000e+00 4.3092344428e-05 2.8898392391e-04
1.6790000000e+00 4.3004548086e-05 2.9286019206e-04
1.6800000000e+00 4.2916413477e-05 2.9674346541e-04
1.6810000000e+00 4.2828006954e-05 3.0063361872e-04
1.6820000000e+00 4.2739338765e-05 3.0453052984e-04
1.6830000000e+00 4.2650356280e-05 3.0843407998e-04
1.6840000000e+00 4.2560947888e-05 3.1234415357e-04
1.6850000000e+00 4.2470954514e-05 3.1626063659e-04
1.6860000000e+00 4.2380187800e-05 3.2018341698e-04
1.6870000000e+00 4.2288447842e-05 3.2411238441e-04
1.6880000000e+00 4.2195541625e-05 3.2804742679e-04
1.6890000000e+00 4.2101306053e-05 3.3198842880e-04
1.6900000000e+00 4.2005631089e-05 3.3593527099e-04
1.6910000000e+00 4.1908478361e-05 3.3988782824e-04
1.6920000000e+00 4.1809887522e-05 3.4384596948e-04
1.6930000000e+00 4.1709973526e-05 3.4780955929e-04
1.6940000000e+00 4.1608921250e-05 3.5177845601e-04
1.6950000000e+00 4.1506973704e-05 3.5575251167e-04
1.6960000000e+00 4.1404412019e-05 3.5973157618e-04
1.6970000000e+00 4.1301524329e-05 3.6371549778e-04
1.6980000000e+00 4.1198572516e-05 3.6770412411e-04
1.6990000000e+00 4.1095768442e-05 3.7169730529e-04
1.7000000000e+00 4.0993254367e-05 3.7569489308e-04
1.7010000000e+00 4.0891087834e-05 3.7969674035e-04
1.7020000000e+00 4.0789232424e-05 3.8370270526e-04
1.7030000000e+00 4.0687556590e-05 3.8771265024e-04
1.7040000000e+00 4.0585848184e-05 3.9172643943e-04
1.7050000000e+00 4.0483837578e-05 3.9574394143e-04
1.7060000000e+00 4.0381223507e-05 3.9976502694e-04
1.7070000000e+00 4.0277701421e-05 4.0378956495e-04
1.7080000000e+00 4.0172991694e-05 4.0781742359e-04
1.7090000000e+00 4.0066869308e-05 4.1184846932e-04
1.7100000000e+00 3.9959189452e-05 4.1588256401e-04
1.7110000000e+00 3.9849903493e-05 4.1991956576e-04
1.7120000000e+00 3.9739063596e-05 4.2395932860e-04
1.7130000000e+00 3.9626814817e-05 4.2800169958e-04
1.7140000000e+00 3.9513382514e-05 4.3204652030e-04
1.7150000000e+00 3.9399055546e-05 4.3609362855e-04
1.7160000000e+00 3.9284162369e-05 4.4014285819e-04
1.7170000000e+00 3.9169042031e-05 4.4419404064e-04
1.7180000000e+00 3.9054011347e-05 4.4824700789e-04
1.7190000000e+00 3.8939338997e-05 4.5230159237e-04
1.7200000000e+00 3.8825228692e-05 4.5635762633e-04
1.7210000000e+00 3.8711803908e-05 4.6041494562e-04
1.7220000000e+00 3.8599096964e-05 4.6447339052e-04
1.7230000000e+00 3.8487046217e-05 4.6853280383e-04
1.7240000000e+00 3.8375505710e-05 4.7259303271e-04
1.7250000000e+00 3.8264266677e-05 4.7665392889e-04
1.7260000000e+00 3.8153082405e-05 4.8071534352e-04
1.7270000000e+00 3.8041694004e-05 4.8477712877e-04
1.7280000000e+00 3.7929858506e-05 4.8883913877e-04
1.7290000000e+00 3.7817380037e-05 4.9290122429e-04
1.7300000000e+00 3.7704138675e-05 4.9696323379e-04
1.7310000000e+00 3.7590108987e-05 5.0102501405e-04
1.7320000000e+00 3.7475367408e-05 5.0508640560e-04
1.7330000000e+00 3.7360089939e-05 5.0914724366e-04
1.7340000000e+00 3.7244542327e-05 5.1320736081e-04
1.7350000000e+00 3.7129062810e-05 5.1726658399e-04
1.7360000000e+00 3.7014035147e-05 5.2132473672e-04
1.7370000000e+00 3.6899855130e-05 5.2538164258e-04
1.7380000000e+00 3.6786896009e-05 5.2943712240e-04
1.7390000000e+00 3.6675476509e-05 5.3349099723e-04
1.7400000000e+00 3.6565835279e-05 5.3754309193e-04
1.7410000000e+00 3.6458111952e-05 5.4159323307e-04
1.7420000000e+00 3.6352331953e-05 5.4564125090e-04
1.7430000000e+00 3.6248399493e-05 5.4968698165e-04
1.7440000000e+00 3.6146104909e-05 5.5373026424e-04
1.7450000000e+00 3.6045143944e-05 5.5777094009e-04
1.7460000000e+00 3.5945144658e-05 5.6180885444e-04
1.7470000000e+00 3.5845697163e-05 5.6584385394e-04
1.7480000000e+00 3.5746385070e-05 5.6987578570e-04
1.7490000000e+00 3.5646821617e-05 5.7390449676e-04
1.7500000000e+00 3.5546685732e-05 5.7792983204e-04
1.7510000000e+00 3.5445750840e-05 5.8195163262e-04
1.7520000000e+00 3.5343902125e-05 5.8596973606e-04
1.7530000000e+00 3.5241143447e-05 5.8998397635e-04
1.7540000000e+00 3.5137598616e-05 5.9399418309e-04
1.7550000000e+00 3.5033503712e-05 5.9800018259e-04
1.7560000000e+00 3.4929187079e-05 6.0200179867e-04
1.7570000000e+00 3.4825037862e-05 6.0599885266e-04
1.7580000000e+00 3.4721468722e-05 6.0999116465e-04
1.7590000000e+00 3.4618880536e-05 6.1397855642e-04
1.7600000000e+00 3.4517627041e-05 6.1796085176e-04
1.7610000000e+00 3.4417981395e-05 6.2193787705e-04
1.7620000000e+00 3.4320109696e-05 6.2590946361e-04
1.7630000000e+00 3.4224052050e-05 6.2987544644e-04
1.7640000000e+00 3.4129717920e-05 6.3383566355e-04
1.7650000000e+00 3.4036895938e-05 6.3778995781e-04
1.7660000000e+00 3.3945274087e-05 6.4173817622e-04
1.7670000000e+00 3.3854468370e-05 6.4568016779e-04
1.7680000000e+00 3.3764055725e-05 6.4961578358e-04
1.7690000000e+00 3.3673612786e-05 6.5354487522e-04
1.7700000000e+00 3.3582757089e-05 6.5746729184e-04
1.7710000000e+00 3.3491182851e-05 6.6138288032e-04
1.7720000000e+00 3.3398687018e-05 6.6529148582e-04
1.7730000000e+00 3.3305182686e-05 6.6919294977e-04
1.7740000000e+00 3.3210704542e-05 6.7308711014e-04
1.7750000000e+00 3.3115405233e-05 6.7697380364e-04
1.7760000000e+00 3.3019537311e-05 6.8085286349e-04
1.7770000000e+00 3.2923423031e-05 6.8472412023e-04
1.7780000000e+00 3.2827415634e-05 6.8858740557e-04
1.7790000000e+00 3.2731861642e-05 6.9244255086e-04
1.7800000000e+00 3.2637067840e-05 6.9628938883e-04
1.7810000000e+00 3.2543268247e-05 7.0012775721e-04
1.7820000000e+00 3.2450596386e-05 7.0395749628e-04
1.7830000000e+00 3.2359068253e-05 7.0777844963e-04
1.7840000000e+00 3.2268577725e-05 7.1159046789e-04
1.7850000000e+00 3.2178904404e-05 7.1539340588e-04
1.7860000000e+00 3.2089729439e-05 7.1918712179e-04
1.7870000000e+00 3.2000658866e-05 7.2297147901e-04
1.7880000000e+00 3.1911253422e-05 7.2674634214e-04
1.7890000000e+00 3.1821063823e-05 7.3051157569e-04
1.7900000000e+00 3.1729669678e-05 7.3426704561e-04
1.7910000000e+00 3.1636715058e-05 7.3801261630e-04
1.7920000000e+00 3.1541937168e-05 7.4174814928e-04
1.7930000000e+00 3.1445185082e-05 7.4547350420e-04
1.7940000000e+00 3.1346429426e-05 7.4918853726e-04
1.7950000000e+00 3.1245765122e-05 7.5289310096e-04
1.7960000000e+00 3.1143401308e-05 7.5658704563e-04
1.7970000000e+00 3.1039638180e-05 7.6027022004e-04
1.7980000000e+00 3.0934835949e-05 7.6394247312e-04
1.7990000000e+00 3.0829380597e-05 7.6760365518e-04
1.8000000000e+00 3.0723650850e-05 7.7125361830e-04
1.8010000000e+00 3.0617986186e-05 7.7489221721e-04
1.8020000000e+00 3.0512656758e-05 7.7851931029e-04
1.8030000000e+00 3.0407839790e-05 7.8213476122e-04
1.8040000000e+00 3.0303607896e-05 7.8573843913e-04
1.8050000000e+00 3.0199929710e-05 7.8933021762e-04
1.8060000000e+00 3.0096678142e-05 7.9290997515e-04
1.8070000000e+00 2.9993644281e-05 7.9647759384e-04
1.8080000000e+00 2.9890557617e-05 8.0003295724e-04
1.8090000000e+00 2.9787114113e-05 8.0357595100e-04
1.8100000000e+00 2.9683008118e-05 8.0710646227e-04
1.8110000000e+00 2.9577961007e-05 8.1062437680e-04
1.8120000000e+00 2.9471745344e-05 8.1412957893e-04
1.8130000000e+00 2.9364203943e-05 8.1762195078e-04
1.8140000000e+00 2.9255262841e-05 8.2110137062e-04
1.8150000000e+00 2.9144937470e-05 8.2456771457e-04
1.8160000000e+00 2.9033329936e-05 8.2802085765e-04
1.8170000000e+00 2.8920616817e-05 8.3146067317e-04
1.8180000000e+00 2.8807029452e-05 8.3488703452e-04
1.8190000000e+00 2.8692831998e-05 8.3829981604e-04
1.8200000000e+00 2.8578298909e-05 8.4169889310e-04
1.8210000000e+00 2.8463691222e-05 8.4508414460e-04
1.8220000000e+00 2.8349233329e-05 8.4845545378e-04
1.8230000000e+00 2.8235090785e-05 8.5181270775e-04
1.8240000000e+00 2.8121355657e-05 8.5515579881e-04
1.8250000000e+00 2.8008042501e-05 8.5848462427e-04
1.8260000000e+00 2.7895090181e-05 8.6179908563e-04
1.8270000000e+00 2.7782369163e-05 8.6509908849e-04
1.8280000000e+00 2.7669694271e-05 8.6838454194e-04
1.8290000000e+00 2.7556845206e-05 8.7165535705e-04
1.8300000000e+00 2.7443594192e-05 8.7491144596e-04
1.8310000000e+00 2.7329732472e-05 8.7815272098e-04
1.8320000000e+00 2.7215092656e-05 8.8137909295e-04
1.8330000000e+00 2.7099567390e-05 8.8459047034e-04
1.8340000000e+00 2.6983125054e-05 8.8778675954e-04
1.8350000000e+00 2.6865819028e-05 8.9096786515e-04
1.8360000000e+00 2.6747786166e-05 8.9413368957e-04
1.8370000000e+00 2.6629237048e-05 8.9728413385e-04
1.8380000000e+00 2.6510438545e-05 9.0041909876e-04
1.8390000000e+00 2.6391691723e-05 9.0353848497e-04
1.8400000000e+00 2.6273308751e-05 9.0664219475e-04
1.8410000000e+00 2.6155587566e-05 9.0973013403e-04
1.8420000000e+00 2.6038786933e-05 9.1280221232e-04
1.8430000000e+00 2.5923104896e-05 9.1585834308e-04
1.8440000000e+00 2.5808664538e-05 9.1889844505e-04
1.8450000000e+00 2.5695509753e-05 9.2192244153e-04
1.8460000000e+00 2.5583608304e-05 9.2493026033e-04
1.8470000000e+00 2.5472860732e-05 9.2792183448e-04
1.8480000000e+00 2.5363114142e-05 9.3089710049e-04
1.8490000000e+00 2.5254181502e-05 9.3385599658e-04
1.8500000000e+00 2.5145865223e-05 9.3679846275e-04
1.8510000000e+00 2.5037979516e-05 9.3972443927e-04
1.8520000000e+00 2.4930369143e-05 9.4263386470e-04
1.8530000000e+00 2.4822922999e-05 9.4552667722e-04
1.8540000000e+00 2.4715584198e-05 9.4840281417e-04
1.8550000000e+00 2.4608357717e-05 9.5126220972e-04
1.8560000000e+00 2.4501309666e-05 9.5410479620e-04
1.8570000000e+00 2.4394557333e-05 9.5693050533e-04
1.8580000000e+00 2.4288253760e-05 9.5973926714e-04
1.8590000000e+00 2.4182569757e-05 9.6253101214e-04
1.8600000000e+00 2.4077675478e-05 9.6530567369e-04
1.8610000000e+00 2.3973720625e-05 9.6806318687e-04
1.8620000000e+00 2.3870814875e-05 9.7080349064e-04
1.8630000000e+00 2.3769012790e-05 9.7352652927e-04
1.8640000000e+00 2.3668306500e-05 9.7623225042e-04
1.8650000000e+00 2.3568626561e-05 9.7892060675e-04
1.8660000000e+00 2.3469848771e-05 9.8159155678e-04
1.8670000000e+00 2.3371806231e-05 9.8424506234e-04
1.8680000000e+00 2.3274305683e-05 9.8688108913e-04
1.8690000000e+00 2.3177148102e-05 9.8949960675e-04
1.8700000000e+00 2.3080151525e-05 9.9210058561e-04
1.8710000000e+00 2.2983171207e-05 9.9468399718e-04
1.8720000000e+00 2.2886115494e-05 9.9724981377e-04
1.8730000000e+00 2.2788955239e-05 9.9979800654e-04
1.8740000000e+00 2.2691726472e-05 1.0023285454e-03
1.8750000000e+00 2.2594528549e-05 1.0048413990e-03
1.8760000000e+00 2.2497516050e-05 1.0073365342e-03
1.8770000000e+00 2.2400882905e-05 1.0098139168e-03
1.8780000000e+00 2.2304840427e-05 1.0122735122e-03
1.8790000000e+00 2.2209594806e-05 1.0147152857e-03
1.8800000000e+00 2.2115327456e-05 1.0171392042e-03
1.8810000000e+00 2.2022176282e-05 1.0195452358e-03
1.8820000000e+00 2.1930219034e-05 1.0219333521e-03
1.8830000000e+00 2.1839461851e-05 1.0243035285e-03
1.8840000000e+00 2.1749836444e-05 1.0266557441e-03
1.8850000000e+00 2.1661206591e-05 1.0289899838e-03
1.8860000000e+00 2.1573379069e-05 1.0313062374e-03
1.8870000000e+00 2.1486117814e-05 1.0336044992e-03
1.8880000000e+00 2.1399162034e-05 1.0358847678e-03
1.8890000000e+00 2.1312247108e-05 1.0381470456e-03
1.8900000000e+00 2.1225127013e-05 1.0403913363e-03
1.8910000000e+00 2.1137594070e-05 1.0426176463e-03
1.8920000000e+00 2.1049493624e-05 1.0448259831e-03
1.8930000000e+00 2.0960734028e-05 1.0470163525e-03
1.8940000000e+00 2.0871291690e-05 1.0491887602e-03
1.8950000000e+00 2.0781210892e-05 1.0513432109e-03
1.8960000000e+00 2.0690596647e-05 1.0534797065e-03
1.8970000000e+00 2.0599600798e-05 1.0555982486e-03
1.8980000000e+00 2.0508402724e-05 1.0576988388e-03
1.8990000000e+00 2.0417187424e-05 1.0597814777e-03
1.9000000000e+00 2.0326125319e-05 1.0618461661e-03
1.9010000000e+00 2.0235352125e-05 1.0638929062e-03
1.9020000000e+00 2.0144951114e-05 1.0659217015e-03
1.9030000000e+00 2.0054939998e-05 1.0679325619e-03
1.9040000000e+00 1.9965262423e-05 1.0699255020e-03
1.9050000000e+00 1.9875791397e-05 1.0719005391e-03
1.9060000000e+00 1.9786339906e-05 1.0738576969e-03
1.9070000000e+00 1.9696673884e-05 1.0757970019e-03
1.9080000000e+00 1.9606532174e-05 1.0777184832e-03
1.9090000000e+00 1.9515650598e-05 1.0796221757e-03
1.9100000000e+00 1.9423788896e-05 1.0815081167e-03
1.9110000000e+00 1.9330756234e-05 1.0833763455e-03
1.9120000000e+00 1.9236429803e-05 1.0852269021e-03
1.9130000000e+00 1.9140768362e-05 1.0870598256e-03
1.9140000000e+00 1.9043819087e-05 1.0888751546e-03
1.9150000000e+00 1.8945717103e-05 1.0906729264e-03
1.9160000000e+00 1.8846675859e-05 1.0924531783e-03
1.9170000000e+00 1.8746968437e-05 1.0942159465e-03
1.9180000000e+00 1.8646904089e-05 1.0959612667e-03
1.9190000000e+00 1.8546801324e-05 1.0976891737e-03
1.9200000000e+00 1.8446961693e-05 1.0993997026e-03
1.9210000000e+00 1.8347644176e-05 1.1010928896e-03
1.9220000000e+00 1.8249040571e-05 1.1027687736e-03
1.9230000000e+00 1.8151257583e-05 1.1044273974e-03
1.9240000000e+00 1.8054305595e-05 1.1060688077e-03
1.9250000000e+00 1.7958096493e-05 1.1076930536e-03
1.9260000000e+00 1.7862451247e-05 1.1093001892e-03
1.9270000000e+00 1.7767114503e-05 1.1108902723e-03
1.9280000000e+00 1.7671776755e-05 1.1124633640e-03
1.9290000000e+00 1.7576101556e-05 1.1140195309e-03
1.9300000000e+00 1.7479757578e-05 1.1155588416e-03
1.9310000000e+00 1.7382451758e-05 1.1170813659e-03
1.9320000000e+00 1.7283956548e-05 1.1185871749e-03
1.9330000000e+00 1.7184131175e-05 1.1200763399e-03
1.9340000000e+00 1.7082935521e-05 1.1215489314e-03
1.9350000000e+00 1.6980437197e-05 1.1230050207e-03
1.9360000000e+00 1.6876808577e-05 1.1244446780e-03
1.9370000000e+00 1.6772310309e-05 1.1258679709e-03
1.9380000000e+00 1.6667268183e-05 1.1272749670e-03
1.9390000000e+00 1.6562044857e-05 1.1286657338e-03
1.9400000000e+00 1.6457008601e-05 1.1300403378e-03
1.9410000000e+00 1.6352502142e-05 1.1313988481e-03
1.9420000000e+00 1.6248811690e-05 1.1327413367e-03
1.9430000000e+00 1.6146142516e-05 1.1340678764e-03
1.9440000000e+00 1.6044603401e-05 1.1353785436e-03
1.9450000000e+00 1.5944200864e-05 1.1366734184e-03
1.9460000000e+00 1.5844843357e-05 1.1379525834e-03
1.9470000000e+00 1.5746353655e-05 1.1392161268e-03
1.9480000000e+00 1.5648490385e-05 1.1404641413e-03
1.9490000000e+00 1.5550975261e-05 1.1416967217e-03
1.9500000000e+00 1.5453524382e-05 1.1429139659e-03
1.9510000000e+00 1.5355880829e-05 1.1441159733e-03
1.9520000000e+00 1.5257842306e-05 1.1453028439e-03
1.9530000000e+00 1.5159282941e-05 1.1464746790e-03
1.9540000000e+00 1.5060167853e-05 1.1476315803e-03
1.9550000000e+00 1.4960559893e-05 1.1487736481e-03
1.9560000000e+00 1.4860618224e-05 1.1499009822e-03
1.9570000000e+00 1.4760586012e-05 1.1510136811e-03
1.9580000000e+00 1.4660769181e-05 1.1521118425e-03
1.9590000000e+00 1.4561511161e-05 1.1531955645e-03
1.9600000000e+00 1.4463165896e-05 1.1542649458e-03
1.9610000000e+00 1.4366068178e-05 1.1553200867e-03
1.9620000000e+00 1.4270503774e-05 1.1563610890e-03
1.9630000000e+00 1.4176684387e-05 1.1573880567e-03
1.9640000000e+00 1.4084729450e-05 1.1584010972e-03
1.9650000000e+00 1.3994657298e-05 1.1594003213e-03
1.9660000000e+00 1.3906384667e-05 1.1603858431e-03
1.9670000000e+00 1.3819732987e-05 1.1613577816e-03
1.9680000000e+00 1.3734443878e-05 1.1623162583e-03
1.9690000000e+00 1.3650202326e-05 1.1632613971e-03
1.9700000000e+00 1.3566664857e-05 1.1641933257e-03
1.9710000000e+00 1.3483489871e-05 1.1651121726e-03
1.9720000000e+00 1.3400366827e-05 1.1660180678e-03
1.9730000000e+00 1.3317042670e-05 1.1669111432e-03
1.9740000000e+00 1.3233343100e-05 1.1677915302e-03
1.9750000000e+00 1.3149187406e-05 1.1686593594e-03
1.9760000000e+00 1.3064594374e-05 1.1695147615e-03
1.9770000000e+00 1.2979678395e-05 1.1703578661e-03
1.9780000000e+00 1.2894636860e-05 1.1711888015e-03
1.9790000000e+00 1.2809729166e-05 1.1720076973e-03
1.9800000000e+00 1.2725252462e-05 1.1728146835e-03
1.9810000000e+00 1.2641515106e-05 1.1736098905e-03
1.9820000000e+00 1.2558807314e-05 1.1743934504e-03
1.9830000000e+00 1.2477374531e-05 1.1751654972e-03
1.9840000000e+00 1.2397395991e-05 1.1759261664e-03
1.9850000000e+00 1.2318970727e-05 1.1766755974e-03
1.9860000000e+00 1.2242111291e-05 1.1774139329e-03
1.9870000000e+00 1.2166742916e-05 1.1781413190e-03
1.9880000000e+00 1.2092710282e-05 1.1788579051e-03
1.9890000000e+00 1.2019792424e-05 1.1795638438e-03
1.9900000000e+00 1.1947723785e-05 1.1802592900e-03
1.9910000000e+00 1.1876218122e-05 1.1809444011e-03
1.9920000000e+00 1.1804992888e-05 1.1816193362e-03
1.9930000000e+00 1.1733793891e-05 1.1822842547e-03
1.9940000000e+00 1.1662417359e-05 1.1829393162e-03
1.9950000000e+00 1.1590727597e-05 1.1835846802e-03
1.9960000000e+00 1.1518667749e-05 1.1842205054e-03
1.9970000000e+00 1.1446260629e-05 1.1848469495e-03
1.9980000000e+00 1.1373602719e-05 1.1854641703e-03
1.9990000000e+00 1.1300851850e-05 1.1860723251e-03
2.0000000000e+00 1.1228207814e-05 1.1866715708e-03
2.0010000000e+00 1.1155802209e-05 1.1872620637e-03
2.0020000000e+00 1.1083535634e-05 1.1878439583e-03
2.0030000000e+00 1.1011000945e-05 1.1884174078e-03
2.0040000000e+00 1.0937391054e-05 1.1889825679e-03
2.0050000000e+00 1.0861544578e-05 1.1895395989e-03
2.0060000000e+00 1.0782176372e-05 1.1900886635e-03
2.0070000000e+00 1.0697934307e-05 1.1906299289e-03
2.0080000000e+00 1.0607508602e-05 1.1911635667e-03
2.0090000000e+00 1.0509835279e-05 1.1916897500e-03
2.0100000000e+00 1.0404140474e-05 1.1922086561e-03
2.0110000000e+00 1.0290076044e-05 1.1927204681e-03
2.0120000000e+00 1.0167760917e-05 1.1932253699e-03
2.0130000000e+00 1.0037692421e-05 1.1937235457e-03
2.0140000000e+00 9.9007942703e-06 1.1942151824e-03
2.0150000000e+00 9.7583167282e-06 1.1947004648e-03
2.0160000000e+00 9.6117115232e-06 1.1951795762e-03
2.0170000000e+00 9.4625546067e-06 1.1956527008e-03
2.0180000000e+00 9.3123368230e-06 1.1961200194e-03
2.0190000000e+00 9.1623586545e-06 1.1965817092e-03
2.0200000000e+00 9.0136301102e-06 1.1970379482e-03
2.0210000000e+00 8.8667883625e-06 1.1974889125e-03
2.0220000000e+00 8.7221000002e-06 1.1979347761e-03
2.0230000000e+00 8.5793746009e-06 1.1983757148e-03
2.0240000000e+00 8.4380029352e-06 1.1988119053e-03
2.0250000000e+00 8.2970303376e-06 1.1992435242e-03
2.0260000000e+00 8.1552823812e-06 1.1996707532e-03
2.0270000000e+00 8.0115734024e-06 1.2000937769e-03
2.0280000000e+00 7.8646612587e-06 1.2005127810e-03
2.0290000000e+00 7.7133363501e-06 1.2009279550e-03
2.0300000000e+00 7.5566423046e-06 1.2013394926e-03
2.0310000000e+00 7.3939538704e-06 1.2017475881e-03
2.0320000000e+00 7.2250716473e-06 1.2021524387e-03
2.0330000000e+00 7.0501206624e-06 1.2025542430e-03
2.0340000000e+00 6.8695490320e-06 1.2029531977e-03
2.0350000000e+00 6.6842652007e-06 1.2033495001e-03
2.0360000000e+00 6.4955190194e-06 1.2037433473e-03
2.0370000000e+00 6.3047748915e-06 1.2041349330e-03
2.0380000000e+00 6.1135288235e-06 1.2045244495e-03
2.0390000000e+00 5.9231427087e-06 1.2049120895e-03
2.0400000000e+00 5.7347160316e-06 1.2052980432e-03
2.0410000000e+00 5.5489110241e-06 1.2056824970e-03
2.0420000000e+00 5.3660225934e-06 1.2060656342e-03
2.0430000000e+00 5.1858963197e-06 1.2064476344e-03
2.0440000000e+00 5.0078137947e-06 1.2068286757e-03
2.0450000000e+00 4.8306607170e-06 1.2072089387e-03
2.0460000000e+00 4.6530110847e-06 1.2075886071e-03
2.0470000000e+00 4.4733345382e-06 1.2079678684e-03
2.0480000000e+00 4.2901165489e-06 1.2083469176e-03
2.0490000000e+00 4.1018705023e-06 1.2087259572e-03
2.0500000000e+00 3.9073137214e-06 1.2091051921e-03
2.0510000000e+00 3.7054444884e-06 1.2094848272e-03
2.0520000000e+00 3.4958709738e-06 1.2098650669e-03
2.0530000000e+00 3.2788970047e-06 1.2102461117e-03
2.0540000000e+00 3.0550956273e-06 1.2106281587e-03
2.0550000000e+00 2.8253746160e-06 1.2110114010e-03
2.0560000000e+00 2.5912645827e-06 1.2113960233e-03
2.0570000000e+00 2.3548646976e-06 1.2117822044e-03
2.0580000000e+00 2.1184184488e-06 1.2121701233e-03
2.0590000000e+00 1.8841598985e-06 1.2125599557e-03
2.0600000000e+00 1.6546284319e-06 1.2129518756e-03
2.0610000000e+00 1.4323581519e-06 1.2133460616e-03
2.0620000000e+00 1.2196068001e-06 1.2137426948e-03
2.0630000000e+00 1.0185074072e-06 1.2141419602e-03
2.0640000000e+00 8.3074290886e-07 1.2145440505e-03
2.0650000000e+00 6.5726651847e-07 1.2149491610e-03
2.0660000000e+00 4.9821785040e-07 1.2153574872e-03
2.0670000000e+00 3.5297008939e-07 1.2157692305e-03
2.0680000000e+00 2.2013555230e-07 1.2161845948e-03
2.0690000000e+00 9.7329520974e-08 1.2166037804e-03
2.0700000000e+00 -1.8510016046e-08 1.2170269866e-03
2.0710000000e+00 -1.3064264018e-07 1.2174544098e-03
2.0720000000e+00 -2.4216340733e-07 1.2178862385e-03
2.0730000000e+00 -3.5562540965e-07 1.2183226582e-03
2.0740000000e+00 -4.7305452631e-07 1.2187638503e-03
2.0750000000e+00 -5.9574955396e-07 1.2192099855e-03
2.0760000000e+00 -7.2405924423e-07 1.2196612281e-03
2.0770000000e+00 -8.5739476209e-07 1.2201177397e-03
2.0780000000e+00 -9.9429105390e-07 1.2205796771e-03
2.0790000000e+00 -1.1328842672e-06 1.2210471956e-03
2.0800000000e+00 -1.2709780427e-06 1.2215204537e-03
2.0810000000e+00 -1.4058672700e-06 1.2219996118e-03
2.0820000000e+00 -1.5347209158e-06 1.2224848355e-03
2.0830000000e+00 -1.6550443560e-06 1.2229762990e-03
2.0840000000e+00 -1.7650963015e-06 1.2234741809e-03
2.0850000000e+00 -1.8638932288e-06 1.2239786622e-03
2.0860000000e+00 -1.9510808024e-06 1.2244899282e-03
2.0870000000e+00 -2.0270846434e-06 1.2250081650e-03
2.0880000000e+00 -2.0930599271e-06 1.2255335585e-03
2.0890000000e+00 -2.1508915190e-06 1.2260662931e-03
2.0900000000e+00 -2.2029963534e-06 1.2266065479e-03
2.0910000000e+00 -2.2519472419e-06 1.2271544939e-03
2.0920000000e+00 -2.3003443179e-06 1.2277102958e-03
2.0930000000e+00 -2.3504912641e-06 1.2282741114e-03
2.0940000000e+00 -2.4042428289e-06 1.2288460875e-03
2.0950000000e+00 -2.4629998344e-06 1.2294263608e-03
2.0960000000e+00 -2.5274141132e-06 1.2300150618e-03
2.0970000000e+00 -2.5971948258e-06 1.2306123145e-03
2.0980000000e+00 -2.6711647343e-06 1.2312182417e-03
2.0990000000e+00 -2.7476032171e-06 1.2318329687e-03
2.1000000000e+00 -2.8244204257e-06 1.2324566215e-03
2.1010000000e+00 -2.8990416516e-06 1.2330893303e-03
2.1020000000e+00 -2.9686279478e-06 1.2337312336e-03
2.1030000000e+00 -3.0305189849e-06 1.2343824775e-03
2.1040000000e+00 -3.0826629764e-06 1.2350432146e-03
2.1050000000e+00 -3.1237806897e-06 1.2357136048e-03
2.1060000000e+00 -3.1532266888e-06 1.2363938114e-03
2.1070000000e+00 -3.1710271625e-06 1.2370839999e-03
2.1080000000e+00 -3.1780542166e-06 1.2377843400e-03
2.1090000000e+00 -3.1761091905e-06 1.2384949984e-03
2.1100000000e+00 -3.1676670877e-06 1.2392161349e-03
2.1110000000e+00 -3.1553998574e-06 1.2399479048e-03
2.1120000000e+00 -3.1420799552e-06 1.2406904557e-03
2.1130000000e+00 -3.1306008026e-06 1.2414439233e-03
2.1140000000e+00 -3.1237240285e-06 1.2422084341e-03
2.1150000000e+00 -3.1238553990e-06 1.2429841038e-03
2.1160000000e+00 -3.1328866931e-06 1.2437710350e-03
2.1170000000e+00 -3.1520563605e-06 1.2445693249e-03
2.1180000000e+00 -3.1819670720e-06 1.2453790692e-03
2.1190000000e+00 -3.2226702526e-06 1.2462003599e-03
2.1200000000e+00 -3.2737791139e-06 1.2470332890e-03
2.1210000000e+00 -3.3345177195e-06 1.2478779517e-03
2.1220000000e+00 -3.4035887942e-06 1.2487344478e-03
2.1230000000e+00 -3.4792587244e-06 1.2496028854e-03
2.1240000000e+00 -3.5597187156e-06 1.2504833831e-03
2.1250000000e+00 -3.6432530528e-06 1.2513760659e-03
2.1260000000e+00 -3.7281334994e-06 1.2522810636e-03
2.1270000000e+00 -3.8125378286e-06 1.2531985136e-03
2.1280000000e+00 -3.8948506289e-06 1.2541285547e-03
2.1290000000e+00 -3.9740921211e-06 1.2550713212e-03
2.1300000000e+00 -4.0499832597e-06 1.2560269402e-03
2.1310000000e+00 -4.1227562006e-06 1.2569955285e-03
2.1320000000e+00 -4.1930540664e-06 1.2579771911e-03
2.1330000000e+00 -4.2621129472e-06 1.2589720235e-03
2.1340000000e+00 -4.3317649658e-06 1.2599801107e-03
2.1350000000e+00 -4.4040351788e-06 1.2610015240e-03
2.1360000000e+00 -4.4808087152e-06 1.2620363260e-03
2.1370000000e+00 -4.5635886004e-06 1.2630845732e-03
2.1380000000e+00 -4.6534006775e-06 1.2641463145e-03
2.1390000000e+00 -4.7508066470e-06 1.2652215945e-03
2.1400000000e+00 -4.8558279151e-06 1.2663104565e-03
2.1410000000e+00 -4.9679768581e-06 1.2674129420e-03
2.1420000000e+00 -5.0862460772e-06 1.2685290952e-03
2.1430000000e+00 -5.2091867303e-06 1.2696589676e-03
2.1440000000e+00 -5.3352564618e-06 1.2708026149e-03
2.1450000000e+00 -5.4629822103e-06 1.2719600995e-03
2.1460000000e+00 -5.5909038462e-06 1.2731314940e-03
2.1470000000e+00 -5.7175573597e-06 1.2743168799e-03
2.1480000000e+00 -5.8417236313e-06 1.2755163454e-03
2.1490000000e+00 -5.9628120189e-06 1.2767299842e-03
2.1500000000e+00 -6.0809121435e-06 1.2779578896e-03
2.1510000000e+00 -6.1965824597e-06 1.2792001498e-03
2.1520000000e+00 -6.3106487323e-06 1.2804568464e-03
2.1530000000e+00 -6.4241968532e-06 1.2817280499e-03
2.1540000000e+00 -6.5386672779e-06 1.2830138150e-03
2.1550000000e+00 -6.6557110921e-06 1.2843141810e-03
2.1560000000e+00 -6.7768591616e-06 1.2856291699e-03
2.1570000000e+00 -6.9032557830e-06 1.2869587865e-03
2.1580000000e+00 -7.0357252398e-06 1.2883030243e-03
2.1590000000e+00 -7.1749570854e-06 1.2896618666e-03
2.1600000000e+00 -7.3213074314e-06 1.2910352885e-03
2.1610000000e+00 -7.4745388277e-06 1.2924232627e-03
2.1620000000e+00 -7.6337975115e-06 1.2938257644e-03
2.1630000000e+00 -7.7977719974e-06 1.2952427743e-03
2.1640000000e+00 -7.9650362562e-06 1.2966742800e-03
2.1650000000e+00 -8.1341602302e-06 1.2981202788e-03
2.1660000000e+00 -8.3036022849e-06 1.2995807779e-03
2.1670000000e+00 -8.4717590092e-06 1.3010557965e-03
2.1680000000e+00 -8.6371350967e-06 1.3025453649e-03
2.1690000000e+00 -8.7986293964e-06 1.3040495205e-03
2.1700000000e+00 -8.9556172965e-06 1.3055683022e-03
2.1710000000e+00 -9.1077273529e-06 1.3071017474e-03
2.1720000000e+00 -9.2547218250e-06 1.3086498869e-03
2.1730000000e+00 -9.3964752469e-06 1.3102127405e-03
2.1740000000e+00 -9.5330322117e-06 1.3117903133e-03
2.1750000000e+00 -9.6646091087e-06 1.3133825915e-03
2.1760000000e+00 -9.7913619145e-06 1.3149895414e-03
2.1770000000e+00 -9.9131895692e-06 1.3166111130e-03
2.1780000000e+00 -1.0029799669e-05 1.3182472424e-03
2.1790000000e+00 -1.0141027574e-05 1.3198978520e-03
2.1800000000e+00 -1.0246908948e-05 1.3215628540e-03
2.1810000000e+00 -1.0347409118e-05 1.3232421565e-03
2.1820000000e+00 -1.0442397312e-05 1.3249356674e-03
2.1830000000e+00 -1.0531876966e-05 1.3266433003e-03
2.1840000000e+00 -1.0616248576e-05 1.3283649786e-03
2.1850000000e+00 -1.0696277357e-05 1.3301006345e-03
2.1860000000e+00 -1.0772777116e-05 1.3318502133e-03
2.1870000000e+00 -1.0846505322e-05 1.3336136760e-03
2.1880000000e+00 -1.0918171729e-05 1.3353909965e-03
2.1890000000e+00 -1.0988505794e-05 1.3371821576e-03
2.1900000000e+00 -1.1058212617e-05 1.3389871479e-03
2.1910000000e+00 -1.1127651547e-05 1.3408059559e-03
2.1920000000e+00 -1.1196742234e-05 1.3426385653e-03
2.1930000000e+00 -1.1265129603e-05 1.3444849524e-03
2.1940000000e+00 -1.1332420837e-05 1.3463450792e-03
2.1950000000e+00 -1.1398297510e-05 1.3482188883e-03
2.1960000000e+00 -1.1462365374e-05 1.3501063048e-03
2.1970000000e+00 -1.1524090055e-05 1.3520072365e-03
2.1980000000e+00 -1.1582884527e-05 1.3539215749e-03
2.1990000000e+00 -1.1638338253e-05 1.3558491997e-03
2.2000000000e+00 -1.1690279616e-05 1.3577899794e-03
2.2010000000e+00 -1.1738467810e-05 1.3597437750e-03
2.2020000000e+00 -1.1782526708e-05 1.3617104484e-03
2.2030000000e+00 -1.1822123933e-05 1.3636898655e-03
2.2040000000e+00 -1.1857142522e-05 1.3656818978e-03
2.2050000000e+00 -1.1887785842e-05 1.3676864258e-03
2.2060000000e+00 -1.1914399260e-05 1.3697033428e-03
2.2070000000e+00 -1.1937320766e-05 1.3717325536e-03
2.2080000000e+00 -1.1956955709e-05 1.3737739739e-03
2.2090000000e+00 -1.1973910997e-05 1.3758275301e-03
2.2100000000e+00 -1.1988971409e-05 1.3778931543e-03
2.2110000000e+00 -1.2002763125e-05 1.3799707810e-03
2.2120000000e+00 -1.2015577315e-05 1.3820603468e-03
2.2130000000e+00 -1.2027550164e-05 1.3841617834e-03
2.2140000000e+00 -1.2038810603e-05 1.3862750112e-03
2.2150000000e+00 -1.2049466762e-05 1.3883999361e-03
2.2160000000e+00 -1.2059444733e-05 1.3905364455e-03
2.2170000000e+00 -1.2068358844e-05 1.3926844081e-03
2.2180000000e+00 -1.2075616841e-05 1.3948436775e-03
2.2190000000e+00 -1.2080666909e-05 1.3970140917e-03
2.2200000000e+00 -1.2083110955e-05 1.3991954758e-03
2.2210000000e+00 -1.2082542215e-05 1.4013876498e-03
2.2220000000e+00 -1.2078500583e-05 1.4035904331e-03
2.2230000000e+00 -1.2070750875e-05 1.4058036474e-03
2.2240000000e+00 -1.2059505559e-05 1.4080271208e-03
2.2250000000e+00 -1.2045398097e-05 1.4102606912e-03
2.2260000000e+00 -1.2029289346e-05 1.4125042060e-03
2.2270000000e+00 -1.2012159440e-05 1.4147575242e-03
2.2280000000e+00 -1.1995171759e-05 1.4170205169e-03
2.2290000000e+00 -1.1979740171e-05 1.4192930620e-03
2.2300000000e+00 -1.1967573493e-05 1.4215750411e-03
2.2310000000e+00 -1.1960509966e-05 1.4238663361e-03
2.2320000000e+00 -1.1960150761e-05 1.4261668267e-03
2.2330000000e+00 -1.1967761060e-05 1.4284763877e-03
2.2340000000e+00 -1.1984457075e-05 1.4307948859e-03
2.2350000000e+00 -1.2011167427e-05 1.4331221757e-03
2.2360000000e+00 -1.2048235371e-05 1.4354580985e-03
2.2370000000e+00 -1.2095205346e-05 1.4378024848e-03
2.2380000000e+00 -1.2151020396e-05 1.4401551532e-03
2.2390000000e+00 -1.2214240707e-05 1.4425159090e-03
2.2400000000e+00 -1.2283103161e-05 1.4448845471e-03
2.2410000000e+00 -1.2355494696e-05 1.4472608544e-03
2.2420000000e+00 -1.2428991143e-05 1.4496446127e-03
2.2430000000e+00 -1.2501153107e-05 1.4520356043e-03
2.2440000000e+00 -1.2569988486e-05 1.4544336133e-03
2.2450000000e+00 -1.2634184126e-05 1.4568384265e-03
2.2460000000e+00 -1.2693027008e-05 1.4592498382e-03
2.2470000000e+00 -1.2746367760e-05 1.4616676544e-03
2.2480000000e+00 -1.2794718028e-05 1.4640916912e-03
2.2490000000e+00 -1.2839356791e-05 1.4665217731e-03
2.2500000000e+00 -1.2882256009e-05 1.4689577317e-03
2.2510000000e+00 -1.2925725388e-05 1.4713994014e-03
2.2520000000e+00 -1.2972042628e-05 1.4738466173e-03
2.2530000000e+00 -1.3023258258e-05 1.4762992136e-03
2.2540000000e+00 -1.3081152849e-05 1.4787570168e-03
2.2550000000e+00 -1.3147125231e-05 1.4812198426e-03
2.2560000000e+00 -1.3221918749e-05 1.4836874959e-03
2.2570000000e+00 -1.3305466474e-05 1.4861597683e-03
2.2580000000e+00 -1.3396976410e-05 1.4886364365e-03
2.2590000000e+00 -1.3495259159e-05 1.4911172634e-03
2.2600000000e+00 -1.3598970741e-05 1.4936019974e-03
2.2610000000e+00 -1.3706497021e-05 1.4960903745e-03
2.2620000000e+00 -1.3815917597e-05 1.4985821247e-03
2.2630000000e+00 -1.3925256871e-05 1.5010769761e-03
2.2640000000e+00 -1.4032869259e-05 1.5035746563e-03
2.2650000000e+00 -1.4137643002e-05 1.5060748966e-03
2.2660000000e+00 -1.4238826699e-05 1.5085774366e-03
2.2670000000e+00 -1.4335938507e-05 1.5110820239e-03
2.2680000000e+00 -1.4428952788e-05 1.5135884176e-03
2.2690000000e+00 -1.4518550044e-05 1.5160963871e-03
2.2700000000e+00 -1.4606112360e-05 1.5186057062e-03
2.2710000000e+00 -1.4693308550e-05 1.5211161539e-03
2.2720000000e+00 -1.4781811079e-05 1.5236275122e-03
2.2730000000e+00 -1.4873290595e-05 1.5261395615e-03
2.2740000000e+00 -1.4969360998e-05 1.5286520758e-03
2.2750000000e+00 -1.5071415340e-05 1.5311648207e-03
2.2760000000e+00 -1.5180331834e-05 1.5336775496e-03
2.2770000000e+00 -1.5296283500e-05 1.5361900014e-03
2.2780000000e+00 -1.5418763982e-05 1.5387019016e-03
2.2790000000e+00 -1.5546751425e-05 1.5412129605e-03
2.2800000000e+00 -1.5678891544e-05 1.5437228725e-03
2.2810000000e+00 -1.5813419455e-05 1.5462313208e-03
2.2820000000e+00 -1.5948080428e-05 1.5487379808e-03
2.2830000000e+00 -1.6080345805e-05 1.5512425244e-03
2.2840000000e+00 -1.6207778902e-05 1.5537446261e-03
2.2850000000e+00 -1.6328311936e-05 1.5562439653e-03
2.2860000000e+00 -1.6440203472e-05 1.5587402290e-03
2.2870000000e+00 -1.6541977383e-05 1.5612331170e-03
2.2880000000e+00 -1.6632617886e-05 1.5637223430e-03
2.2890000000e+00 -1.6711849619e-05 1.5662076324e-03
2.2900000000e+00 -1.6780210292e-05 1.5686887200e-03
2.2910000000e+00 -1.6838715599e-05 1.5711653488e-03
2.2920000000e+00 -1.6888578620e-05 1.5736372649e-03
2.2930000000e+00 -1.6931280017e-05 1.5761042136e-03
2.2940000000e+00 -1.6968691584e-05 1.5785659356e-03
2.2950000000e+00 -1.7002982488e-05 1.5810221591e-03
2.2960000000e+00 -1.7036219148e-05 1.5834725976e-03
2.2970000000e+00 -1.7070104560e-05 1.5859169521e-03
2.2980000000e+00 -1.7106024714e-05 1.5883549087e-03
2.2990000000e+00 -1.7145049591e-05 1.5907861404e-03
2.3000000000e+00 -1.7187813201e-05 1.5932103087e-03
2.3010000000e+00 -1.7234321193e-05 1.5956270648e-03
2.3020000000e+00 -1.7283885069e-05 1.5980360532e-03
2.3030000000e+00 -1.7335240143e-05 1.6004369166e-03
2.3040000000e+00 -1.7386761058e-05 1.6028292995e-03
2.3050000000e+00 -1.7436722683e-05 1.6052128503e-03
2.3060000000e+00 -1.7483351047e-05 1.6075872260e-03
2.3070000000e+00 -1.7524800740e-05 1.6099520969e-03
2.3080000000e+00 -1.7559353605e-05 1.6123071470e-03
2.3090000000e+00 -1.7585793768e-05 1.6146520758e-03
2.3100000000e+00 -1.7603691100e-05 1.6169865947e-03
2.3110000000e+00 -1.7613261049e-05 1.6193104236e-03
2.3120000000e+00 -1.7615106859e-05 1.6216232896e-03
2.3130000000e+00 -1.7610252481e-05 1.6239249239e-03
2.3140000000e+00 -1.7600236709e-05 1.6262150542e-03
2.3150000000e+00 -1.7586972453e-05 1.6284933996e-03
2.3160000000e+00 -1.7572345401e-05 1.6307596684e-03
2.3170000000e+00 -1.7557869167e-05 1.6330135549e-03
2.3180000000e+00 -1.7544635614e-05 1.6352547387e-03
2.3190000000e+00 -1.7533398392e-05 1.6374828860e-03
2.3200000000e+00 -1.7524557641e-05 1.6396976487e-03
2.3210000000e+00 -1.7517966265e-05 1.6418986677e-03
2.3220000000e+00 -1.7512837703e-05 1.6440855802e-03
2.3230000000e+00 -1.7507975662e-05 1.6462580240e-03
2.3240000000e+00 -1.7502093382e-05 1.6484156407e-03
2.3250000000e+00 -1.7493974944e-05 1.6505580812e-03
2.3260000000e+00 -1.7482433855e-05 1.6526850078e-03
2.3270000000e+00 -1.7466285650e-05 1.6547960982e-03
2.3280000000e+00 -1.7444519475e-05 1.6568910473e-03
2.3290000000e+00 -1.7416500403e-05 1.6589695665e-03
2.3300000000e+00 -1.7382086850e-05 1.6610313796e-03
2.3310000000e+00 -1.7341603019e-05 1.6630762202e-03
2.3320000000e+00 -1.7295667473e-05 1.6651038299e-03
2.3330000000e+00 -1.7245174081e-05 1.6671139538e-03
2.3340000000e+00 -1.7191442926e-05 1.6691063360e-03
2.3350000000e+00 -1.7136196684e-05 1.6710807166e-03
2.3360000000e+00 -1.7081262186e-05 1.6730368259e-03
2.3370000000e+00 -1.7028247498e-05 1.6749743843e-03
2.3380000000e+00 -1.6978484048e-05 1.6768931027e-03
2.3390000000e+00 -1.6933141515e-05 1.6787926800e-03
2.3400000000e+00 -1.6893233505e-05 1.6806728027e-03
2.3410000000e+00 -1.6859442329e-05 1.6825331473e-03
2.3420000000e+00 -1.6831911452e-05 1.6843733848e-03
2.3430000000e+00 -1.6810335860e-05 1.6861931855e-03
2.3440000000e+00 -1.6794309829e-05 1.6879922221e-03
2.3450000000e+00 -1.6783459947e-05 1.6897701716e-03
2.3460000000e+00 -1.6777283175e-05 1.6915267185e-03
2.3470000000e+00 -1.6775022495e-05 1.6932615612e-03
2.3480000000e+00 -1.6775835717e-05 1.6949744148e-03
2.3490000000e+00 -1.6779079324e-05 1.6966650096e-03
2.3500000000e+00 -1.6784337737e-05 1.6983330916e-03
2.3510000000e+00 -1.6791292614e-05 1.6999784207e-03
2.3520000000e+00 -1.6799642451e-05 1.7016007681e-03
2.3530000000e+00 -1.6809105675e-05 1.7031999156e-03
2.3540000000e+00 -1.6819535465e-05 1.7047756499e-03
2.3550000000e+00 -1.6830974683e-05 1.7063277562e-03
2.3560000000e+00 -1.6843518249e-05 1.7078560149e-03
2.3570000000e+00 -1.6857121719e-05 1.7093601997e-03
2.3580000000e+00 -1.6871601352e-05 1.7108400751e-03
2.3590000000e+00 -1.6886871569e-05 1.7122953936e-03
2.3600000000e+00 -1.6903077470e-05 1.7137258944e-03
2.3610000000e+00 -1.6920449499e-05 1.7151313039e-03
2.3620000000e+00 -1.6939119466e-05 1.7165113401e-03
2.3630000000e+00 -1.6959136605e-05 1.7178657175e-03
2.3640000000e+00 -1.6980653884e-05 1.7191941489e-03
2.3650000000e+00 -1.7003976105e-05 1.7204963490e-03
2.3660000000e+00 -1.7029357537e-05 1.7217720399e-03
2.3670000000e+00 -1.7056823387e-05 1.7230209552e-03
2.3680000000e+00 -1.7086230752e-05 1.7242428443e-03
2.3690000000e+00 -1.7117501423e-05 1.7254374737e-03
2.3700000000e+00 -1.7150727629e-05 1.7266046262e-03
2.3710000000e+00 -1.7185988757e-05 1.7277441006e-03
2.3720000000e+00 -1.7223186847e-05 1.7288557129e-03
2.3730000000e+00 -1.7262161265e-05 1.7299392937e-03
2.3740000000e+00 -1.7302905600e-05 1.7309946824e-03
2.3750000000e+00 -1.7345629728e-05 1.7320217231e-03
2.3760000000e+00 -1.7390594521e-05 1.7330202609e-03
2.3770000000e+00 -1.7437933995e-05 1.7339901388e-03
2.3780000000e+00 -1.7487674953e-05 1.7349311943e-03
2.3790000000e+00 -1.7539856967e-05 1.7358432564e-03
2.3800000000e+00 -1.7594550218e-05 1.7367261411e-03
2.3810000000e+00 -1.7651675686e-05 1.7375796517e-03
2.3820000000e+00 -1.7710859615e-05 1.7384035818e-03
2.3830000000e+00 -1.7771513187e-05 1.7391977173e-03
2.3840000000e+00 -1.7833021939e-05 1.7399618396e-03
2.3850000000e+00 -1.7894926564e-05 1.7406957305e-03
2.3860000000e+00 -1.7956870852e-05 1.7413991768e-03
2.3870000000e+00 -1.8018426378e-05 1.7420719760e-03
2.3880000000e+00 -1.8079173325e-05 1.7427139418e-03
2.3890000000e+00 -1.8138919849e-05 1.7433249043e-03
2.3900000000e+00 -1.8197779005e-05 1.7439047097e-03
2.3910000000e+00 -1.8255970470e-05 1.7444532221e-03
2.3920000000e+00 -1.8313577558e-05 1.7449703242e-03
2.3930000000e+00 -1.8370573693e-05 1.7454559134e-03
2.3940000000e+00 -1.8426935908e-05 1.7459099004e-03
2.3950000000e+00 -1.8482669758e-05 1.7463322036e-03
2.3960000000e+00 -1.8537666781e-05 1.7467227440e-03
2.3970000000e+00 -1.8591516695e-05 1.7470814446e-03
2.3980000000e+00 -1.8643585975e-05 1.7474082270e-03
2.3990000000e+00 -1.8693201374e-05 1.7477030065e-03
2.4000000000e+00 -1.8739721391e-05 1.7479656895e-03
2.4010000000e+00 -1.8782435460e-05 1.7481961739e-03
2.4020000000e+00 -1.8820407838e-05 1.7483943490e-03
2.4030000000e+00 -1.8852611655e-05 1.7485600973e-03
2.4040000000e+00 -1.8878226419e-05 1.7486932970e-03
2.4050000000e+00 -1.8896793302e-05 1.7487938224e-03
2.4060000000e+00 -1.8908155218e-05 1.7488615484e-03
2.4070000000e+00 -1.8912349695e-05 1.7488963575e-03
2.4080000000e+00 -1.8909721298e-05 1.7488981431e-03
2.4090000000e+00 -1.8901061886e-05 1.7488668123e-03
2.4100000000e+00 -1.8887600592e-05 1.7488022893e-03
2.4110000000e+00 -1.8870840939e-05 1.7487045167e-03
2.4120000000e+00 -1.8852289972e-05 1.7485734570e-03
2.4130000000e+00 -1.8833361142e-05 1.7484090930e-03
2.4140000000e+00 -1.8815396885e-05 1.7482114243e-03
2.4150000000e+00 -1.8799620876e-05 1.7479804618e-03
2.4160000000e+00 -1.8786947701e-05 1.7477162246e-03
2.4170000000e+00 -1.8777700834e-05 1.7474187375e-03
2.4180000000e+00 -1.8771590604e-05 1.7470880260e-03
2.4190000000e+00 -1.8767912613e-05 1.7467241130e-03
2.4200000000e+00 -1.8765679406e-05 1.7463270152e-03
2.4210000000e+00 -1.8763595808e-05 1.7458967408e-03
2.4220000000e+00 -1.8759986402e-05 1.7454332920e-03
2.4230000000e+00 -1.8753005689e-05 1.7449366670e-03
2.4240000000e+00 -1.8741031688e-05 1.7444068596e-03
2.4250000000e+00 -1.8722885597e-05 1.7438438614e-03
2.4260000000e+00 -1.8697810103e-05 1.7432476661e-03
2.4270000000e+00 -1.8665380930e-05 1.7426182747e-03
2.4280000000e+00 -1.8625573047e-05 1.7419556987e-03
2.4290000000e+00 -1.8578863248e-05 1.7412599641e-03
2.4300000000e+00 -1.8526223527e-05 1.7405311120e-03
2.4310000000e+00 -1.8468958497e-05 1.7397691995e-03
2.4320000000e+00 -1.8408417553e-05 1.7389743022e-03
2.4330000000e+00 -1.8345895250e-05 1.7381465124e-03
2.4340000000e+00 -1.8282698843e-05 1.7372859358e-03
2.4350000000e+00 -1.8220108662e-05 1.7363926897e-03
2.4360000000e+00 -1.8159191259e-05 1.7354668997e-03
2.4370000000e+00 -1.8100572945e-05 1.7345086972e-03
2.4380000000e+00 -1.8044424479e-05 1.7335182175e-03
2.4390000000e+00 -1.7990628642e-05 1.7324955960e-03
2.4400000000e+00 -1.7938867243e-05 1.7314409645e-03
2.4410000000e+00 -1.7888584944e-05 1.7303544501e-03
2.4420000000e+00 -1.7838918794e-05 1.7292361764e-03
2.4430000000e+00 -1.7788770362e-05 1.7280862631e-03
2.4440000000e+00 -1.7737045494e-05 1.7269048270e-03
2.4450000000e+00 -1.7682853566e-05 1.7256919839e-03
2.4460000000e+00 -1.7625516210e-05 1.7244478499e-03
2.4470000000e+00 -1.7564465829e-05 1.7231725454e-03
2.4480000000e+00 -1.7499343738e-05 1.7218662004e-03
2.4490000000e+00 -1.7430289302e-05 1.7205289545e-03
2.4500000000e+00 -1.7358062298e-05 1.7191609587e-03
2.4510000000e+00 -1.7283890483e-05 1.7177623770e-03
2.4520000000e+00 -1.7209217908e-05 1.7163333877e-03
2.4530000000e+00 -1.7135622468e-05 1.7148741841e-03
2.4540000000e+00 -1.7064878050e-05 1.7133849732e-03
2.4550000000e+00 -1.6998875131e-05 1.7118659725e-03
2.4560000000e+00 -1.6939353596e-05 1.7103174075e-03
2.4570000000e+00 -1.6887610126e-05 1.7087395115e-03
2.4580000000e+00 -1.6844417446e-05 1.7071325226e-03
2.4590000000e+00 -1.6810148174e-05 1.7054966794e-03
2.4600000000e+00 -1.6784803381e-05 1.7038322187e-03
2.4610000000e+00 -1.6767899586e-05 1.7021393747e-03
2.4620000000e+00 -1.6758396876e-05 1.7004183782e-03
2.4630000000e+00 -1.6754799397e-05 1.6986694577e-03
2.4640000000e+00 -1.6755387567e-05 1.6968928403e-03
2.4650000000e+00 -1.6758405127e-05 1.6950887511e-03
2.4660000000e+00 -1.6762120251e-05 1.6932574153e-03
2.4670000000e+00 -1.6764816873e-05 1.6913990606e-03
2.4680000000e+00 -1.6764894891e-05 1.6895139194e-03
2.4690000000e+00 -1.6761150455e-05 1.6876022293e-03
2.4700000000e+00 -1.6753009335e-05 1.6856642349e-03
2.4710000000e+00 -1.6740508794e-05 1.6837001886e-03
2.4720000000e+00 -1.6724117806e-05 1.6817103531e-03
2.4730000000e+00 -1.6704676428e-05 1.6796950043e-03
2.4740000000e+00 -1.6683503983e-05 1.6776544294e-03
2.4750000000e+00 -1.6662372768e-05 1.6755889246e-03
2.4760000000e+00 -1.6643208729e-05 1.6734987949e-03
2.4770000000e+00 -1.6627757039e-05 1.6713843525e-03
2.4780000000e+00 -1.6617467884e-05 1.6692459136e-03
2.4790000000e+00 -1.6613554249e-05 1.6670837960e-03
2.4800000000e+00 -1.6616942471e-05 1.6648983150e-03
2.4810000000e+00 -1.6628047115e-05 1.6626897816e-03
2.4820000000e+00 -1.6646613622e-05 1.6604585020e-03
2.4830000000e+00 -1.6671778998e-05 1.6582047784e-03
2.4840000000e+00 -1.6702287015e-05 1.6559289076e-03
2.4850000000e+00 -1.6736693878e-05 1.6536311819e-03
2.4860000000e+00 -1.6773427911e-05 1.6513118915e-03
2.4870000000e+00 -1.6810826368e-05 1.6489713265e-03
2.4880000000e+00 -1.6847323478e-05 1.6466097800e-03
2.4890000000e+00 -1.6881718395e-05 1.6442275499e-03
2.4900000000e+00 -1.6913359366e-05 1.6418249388e-03
2.4910000000e+00 -1.6942121749e-05 1.6394022557e-03
2.4920000000e+00 -1.6968257472e-05 1.6369598190e-03
2.4930000000e+00 -1.6992324370e-05 1.6344979559e-03
2.4940000000e+00 -1.7015207721e-05 1.6320170028e-03
2.4950000000e+00 -1.7038095593e-05 1.6295173040e-03
2.4960000000e+00 -1.7062283588e-05 1.6269992105e-03
2.4970000000e+00 -1.7088888539e-05 1.6244630784e-03
2.4980000000e+00 -1.7118716480e-05 1.6219092690e-03
2.4990000000e+00 -1.7152335278e-05 1.6193381456e-03
2.5000000000e+00 -1.7190144066e-05 1.6167500694e-03
2.5010000000e+00 -1.7232220660e-05 1.6141453986e-03
2.5020000000e+00 -1.7278120750e-05 1.6115244872e-03
2.5030000000e+00 -1.7326945263e-05 1.6088876841e-03
2.5040000000e+00 -1.7377566476e-05 1.6062353321e-03
2.5050000000e+00 -1.7428777646e-05 1.6035677687e-03
2.5060000000e+00 -1.7479283109e-05 1.6008853259e-03
2.5070000000e+00 -1.7527652449e-05 1.5981883336e-03
2.5080000000e+00 -1.7572438271e-05 1.5954771230e-03
2.5090000000e+00 -1.7612380601e-05 1.5927520282e-03
2.5100000000e+00 -1.7646548638e-05 1.5900133883e-03
2.5110000000e+00 -1.7674333140e-05 1.5872615498e-03
2.5120000000e+00 -1.7695349631e-05 1.5844968680e-03
2.5130000000e+00 -1.7709477175e-05 1.5817197086e-03
2.5140000000e+00 -1.7716995344e-05 1.5789304479e-03
2.5150000000e+00 -1.7718615963e-05 1.5761294708e-03
2.5160000000e+00 -1.7715335732e-05 1.5733171694e-03
2.5170000000e+00 -1.7708223835e-05 1.5704939419e-03
2.5180000000e+00 -1.7698325664e-05 1.5676601897e-03
2.5190000000e+00 -1.7686656814e-05 1.5648163140e-03
2.5200000000e+00 -1.7674197508e-05 1.5619627134e-03
2.5210000000e+00 -1.7661803606e-05 1.5590997801e-03
2.5220000000e+00 -1.7650022795e-05 1.5562278991e-03
2.5230000000e+00 -1.7639042438e-05 1.5533474487e-03
2.5240000000e+00 -1.7628845514e-05 1.5504588007e-03
2.5250000000e+00 -1.7619361081e-05 1.5475623202e-03
2.5260000000e+00 -1.7610420358e-05 1.5446583675e-03
2.5270000000e+00 -1.7601598717e-05 1.5417473024e-03
2.5280000000e+00 -1.7592247040e-05 1.5388294860e-03
2.5290000000e+00 -1.7581719658e-05 1.5359052844e-03
2.5300000000e+00 -1.7569508734e-05 1.5329750692e-03
2.5310000000e+00 -1.7555183171e-05 1.5300392193e-03
2.5320000000e+00 -1.7538267854e-05 1.5270981222e-03
2.5330000000e+00 -1.7518289563e-05 1.5241521755e-03
2.5340000000e+00 -1.7494970508e-05 1.5212017851e-03
2.5350000000e+00 -1.7468307715e-05 1.5182473639e-03
2.5360000000e+00 -1.7438488956e-05 1.5152893308e-03
2.5370000000e+00 -1.7405769020e-05 1.5123281083e-03
2.5380000000e+00 -1.7370436716e-05 1.5093641207e-03
2.5390000000e+00 -1.7332875343e-05 1.5063977920e-03
2.5400000000e+00 -1.7293566001e-05 1.5034295425e-03
2.5410000000e+00 -1.7252999241e-05 1.5004597872e-03
2.5420000000e+00 -1.7211525921e-05 1.4974889351e-03
2.5430000000e+00 -1.7169276029e-05 1.4945173894e-03
2.5440000000e+00 -1.7126263215e-05 1.4915455463e-03
2.5450000000e+00 -1.7082489132e-05 1.4885737958e-03
2.5460000000e+00 -1.7037901507e-05 1.4856025229e-03
2.5470000000e+00 -1.6992267009e-05 1.4826321094e-03
2.5480000000e+00 -1.6945158520e-05 1.4796629374e-03
2.5490000000e+00 -1.6896164567e-05 1.4766953917e-03
2.5500000000e+00 -1.6845060980e-05 1.4737298613e-03
2.5510000000e+00 -1.6791792201e-05 1.4707667413e-03
2.5520000000e+00 -1.6736385662e-05 1.4678064349e-03
2.5530000000e+00 -1.6678964169e-05 1.4648493533e-03
2.5540000000e+00 -1.6619888091e-05 1.4618959158e-03
2.5550000000e+00 -1.6559803125e-05 1.4589465481e-03
2.5560000000e+00 -1.6499509541e-05 1.4560016802e-03
2.5570000000e+00 -1.6439759879e-05 1.4530617448e-03
2.5580000000e+00 -1.6381155967e-05 1.4501271770e-03
2.5590000000e+00 -1.6324243661e-05 1.4471984116e-03
2.5600000000e+00 -1.6269557925e-05 1.4442758805e-03
2.5610000000e+00 -1.6217503468e-05 1.4413600120e-03
2.5620000000e+00 -1.6168230542e-05 1.4384512288e-03
2.5630000000e+00 -1.6121648680e-05 1.4355499480e-03
2.5640000000e+00 -1.6077601709e-05 1.4326565812e-03
2.5650000000e+00 -1.6035986630e-05 1.4297715335e-03
2.5660000000e+00 -1.5996737623e-05 1.4268952032e-03
2.5670000000e+00 -1.5959767909e-05 1.4240279844e-03
2.5680000000e+00 -1.5924962578e-05 1.4211702682e-03
2.5690000000e+00 -1.5892314306e-05 1.4183224439e-03
2.5700000000e+00 -1.5862027036e-05 1.4154849003e-03
2.5710000000e+00 -1.5834455340e-05 1.4126580283e-03
2.5720000000e+00 -1.5809961709e-05 1.4098422212e-03
2.5730000000e+00 -1.5788826304e-05 1.4070378781e-03
2.5740000000e+00 -1.5771323259e-05 1.4042454041e-03
2.5750000000e+00 -1.5757775232e-05 1.4014652105e-03
2.5760000000e+00 -1.5748437050e-05 1.3986977129e-03
2.5770000000e+00 -1.5743339179e-05 1.3959433315e-03
2.5780000000e+00 -1.5742244383e-05 1.3932024887e-03
2.5790000000e+00 -1.5744775996e-05 1.3904756073e-03
2.5800000000e+00 -1.5750521606e-05 1.3877631080e-03
2.5810000000e+00 -1.5758972593e-05 1.3850654064e-03
2.5820000000e+00 -1.5769422175e-05 1.3823829115e-03
2.5830000000e+00 -1.5780978774e-05 1.3797160259e-03
2.5840000000e+00 -1.5792758433e-05 1.3770651446e-03
2.5850000000e+00 -1.5804064688e-05 1.3744306542e-03
2.5860000000e+00 -1.5814393257e-05 1.3718129335e-03
2.5870000000e+00 -1.5823380956e-05 1.3692123555e-03
2.5880000000e+00 -1.5830856105e-05 1.3666292876e-03
2.5890000000e+00 -1.5836991233e-05 1.3640640939e-03
2.5900000000e+00 -1.5842364202e-05 1.3615171365e-03
2.5910000000e+00 -1.5847836976e-05 1.3589887757e-03
2.5920000000e+00 -1.5854382451e-05 1.3564793726e-03
2.5930000000e+00 -1.5862981912e-05 1.3539892909e-03
2.5940000000e+00 -1.5874620038e-05 1.3515188973e-03
2.5950000000e+00 -1.5890267038e-05 1.3490685614e-03
2.5960000000e+00 -1.5910755934e-05 1.3466386560e-03
2.5970000000e+00 -1.5936613544e-05 1.3442295561e-03
2.5980000000e+00 -1.5967977457e-05 1.3418416381e-03
2.5990000000e+00 -1.6004682062e-05 1.3394752793e-03
2.6000000000e+00 -1.6046378039e-05 1.3371308549e-03
2.6010000000e+00 -1.6092517254e-05 1.3348087368e-03
2.6020000000e+00 -1.6142272303e-05 1.3325092927e-03
2.6030000000e+00 -1.6194573746e-05 1.3302328848e-03
2.6040000000e+00 -1.6248304556e-05 1.3279798687e-03
2.6050000000e+00 -1.6302470992e-05 1.3257505929e-03
2.6060000000e+00 -1.6356214520e-05 1.3235453975e-03
2.6070000000e+00 -1.6408754433e-05 1.3213646143e-03
2.6080000000e+00 -1.6459415476e-05 1.3192085680e-03
2.6090000000e+00 -1.6507766375e-05 1.3170775773e-03
2.6100000000e+00 -1.6553725236e-05 1.3149719551e-03
2.6110000000e+00 -1.6597501947e-05 1.3128920106e-03
2.6120000000e+00 -1.6639441062e-05 1.3108380512e-03
2.6130000000e+00 -1.6679949335e-05 1.3088103843e-03
2.6140000000e+00 -1.6719551531e-05 1.3068093188e-03
2.6150000000e+00 -1.6758916672e-05 1.3048351663e-03
2.6160000000e+00 -1.6798751072e-05 1.3028882398e-03
2.6170000000e+00 -1.6839628709e-05 1.3009688544e-03
2.6180000000e+00 -1.6881904442e-05 1.2990773268e-03
2.6190000000e+00 -1.6925741568e-05 1.2972139730e-03
2.6200000000e+00 -1.6971128297e-05 1.2953791066e-03
2.6210000000e+00 -1.7017801150e-05 1.2935730374e-03
2.6220000000e+00 -1.7065133282e-05 1.2917960696e-03
2.6230000000e+00 -1.7112134720e-05 1.2900485009e-03
2.6240000000e+00 -1.7157609291e-05 1.2883306221e-03
2.6250000000e+00 -1.7200330548e-05 1.2866427161e-03
2.6260000000e+00 -1.7239121028e-05 1.2849850574e-03
2.6270000000e+00 -1.7272859735e-05 1.2833579134e-03
2.6280000000e+00 -1.7300557473e-05 1.2817615453e-03
2.6290000000e+00 -1.7321542730e-05 1.2801962095e-03
2.6300000000e+00 -1.7335613317e-05 1.2786621587e-03
2.6310000000e+00 -1.7343046580e-05 1.2771596428e-03
2.6320000000e+00 -1.7344484109e-05 1.2756889092e-03
2.6330000000e+00 -1.7340835984e-05 1.2742502049e-03
2.6340000000e+00 -1.7333307069e-05 1.2728437768e-03
2.6350000000e+00 -1.7323402971e-05 1.2714698713e-03
2.6360000000e+00 -1.7312763344e-05 1.2701287349e-03
2.6370000000e+00 -1.7302893644e-05 1.2688206143e-03
2.6380000000e+00 -1.7295012994e-05 1.2675457559e-03
2.6390000000e+00 -1.7290069345e-05 1.2663044051e-03
2.6400000000e+00 -1.7288735478e-05 1.2650968046e-03
2.6410000000e+00 -1.7291300234e-05 1.2639231926e-03
2.6420000000e+00 -1.7297545700e-05 1.2627838019e-03
2.6430000000e+00 -1.7306747469e-05 1.2616788600e-03
2.6440000000e+00 -1.7317823033e-05 1.2606085873e-03
2.6450000000e+00 -1.7329489109e-05 1.2595731973e-03
2.6460000000e+00 -1.7340339018e-05 1.2585728969e-03
2.6470000000e+00 -1.7348862524e-05 1.2576078871e-03
2.6480000000e+00 -1.7353529718e-05 1.2566783640e-03
2.6490000000e+00 -1.7353007075e-05 1.2557845200e-03
2.6500000000e+00 -1.7346355998e-05 1.2549265447e-03
2.6510000000e+00 -1.7333101827e-05 1.2541046249e-03
2.6520000000e+00 -1.7313200870e-05 1.2533189457e-03
2.6530000000e+00 -1.7287005083e-05 1.2525696911e-03
2.6540000000e+00 -1.7255299569e-05 1.2518570435e-03
2.6550000000e+00 -1.7219301800e-05 1.2511811835e-03
2.6560000000e+00 -1.7180514936e-05 1.2505422893e-03
2.6570000000e+00 -1.7140476393e-05 1.2499405352e-03
2.6580000000e+00 -1.7100558606e-05 1.2493760920e-03
2.6590000000e+00 -1.7061944341e-05 1.2488491261e-03
2.6600000000e+00 -1.7025633518e-05 1.2483597985e-03
2.6610000000e+00 -1.6992334964e-05 1.2479082642e-03
2.6620000000e+00 -1.6962314278e-05 1.2474946729e-03
2.6630000000e+00 -1.6935356619e-05 1.2471191685e-03
2.6640000000e+00 -1.6910919327e-05 1.2467818894e-03
2.6650000000e+00 -1.6888295761e-05 1.2464829689e-03
2.6660000000e+00 -1.6866650905e-05 1.2462225348e-03
2.6670000000e+00 -1.6845027553e-05 1.2460007099e-03
2.6680000000e+00 -1.6822433915e-05 1.2458176127e-03
2.6690000000e+00 -1.6798035667e-05 1.2456733577e-03
2.6700000000e+00 -1.6771313814e-05 1.2455680542e-03
2.6710000000e+00 -1.6742077043e-05 1.2455018081e-03
2.6720000000e+00 -1.6710408118e-05 1.2454747210e-03
2.6730000000e+00 -1.6676637633e-05 1.2454868906e-03
2.6740000000e+00 -1.6641384270e-05 1.2455384108e-03
2.6750000000e+00 -1.6605577533e-05 1.2456293712e-03
2.6760000000e+00 -1.6570364966e-05 1.2457598560e-03
2.6770000000e+00 -1.6536945721e-05 1.2459299435e-03
2.6780000000e+00 -1.6506434638e-05 1.2461397058e-03
2.6790000000e+00 -1.6479852355e-05 1.2463892079e-03
2.6800000000e+00 -1.6458150066e-05 1.2466785073e-03
2.6810000000e+00 -1.6442119678e-05 1.2470076540e-03
2.6820000000e+00 -1.6432248189e-05 1.2473766902e-03
2.6830000000e+00 -1.6428641126e-05 1.2477856504e-03
2.6840000000e+00 -1.6431078599e-05 1.2482345623e-03
2.6850000000e+00 -1.6439113985e-05 1.2487234474e-03
2.6860000000e+00 -1.6452073658e-05 1.2492523208e-03
2.6870000000e+00 -1.6469004581e-05 1.2498211928e-03
2.6880000000e+00 -1.6488707105e-05 1.2504300691e-03
2.6890000000e+00 -1.6509913845e-05 1.2510789514e-03
2.6900000000e+00 -1.6531492940e-05 1.2517678379e-03
2.6910000000e+00 -1.6552512127e-05 1.2524967232e-03
2.6920000000e+00 -1.6572213814e-05 1.2532655969e-03
2.6930000000e+00 -1.6590038947e-05 1.2540744446e-03
2.6940000000e+00 -1.6605739564e-05 1.2549232463e-03
2.6950000000e+00 -1.6619462342e-05 1.2558119750e-03
2.6960000000e+00 -1.6631677201e-05 1.2567405964e-03
2.6970000000e+00 -1.6643040840e-05 1.2577090677e-03
2.6980000000e+00 -1.6654323830e-05 1.2587173368e-03
2.6990000000e+00 -1.6666400540e-05 1.2597653420e-03
2.7000000000e+00 -1.6680223949e-05 1.2608530129e-03
2.7010000000e+00 -1.6696715805e-05 1.2619802694e-03
2.7020000000e+00 -1.6716625356e-05 1.2631470230e-03
2.7030000000e+00 -1.6740445979e-05 1.2643531774e-03
2.7040000000e+00 -1.6768425378e-05 1.2655986295e-03
2.7050000000e+00 -1.6800633431e-05 1.2668832699e-03
2.7060000000e+00 -1.6836970564e-05 1.2682069836e-03
2.7070000000e+00 -1.6877104822e-05 1.2695696501e-03
2.7080000000e+00 -1.6920454924e-05 1.2709711439e-03
2.7090000000e+00 -1.6966296418e-05 1.2724113355e-03
2.7100000000e+00 -1.7013927178e-05 1.2738900905e-03
2.7110000000e+00 -1.7062722728e-05 1.2754072693e-03
2.7120000000e+00 -1.7112077151e-05 1.2769627272e-03
2.7130000000e+00 -1.7161409931e-05 1.2785563137e-03
2.7140000000e+00 -1.7210301066e-05 1.2801878721e-03
2.7150000000e+00 -1.7258614313e-05 1.2818572392e-03
2.7160000000e+00 -1.7306465249e-05 1.2835642444e-03
2.7170000000e+00 -1.7354101862e-05 1.2853087086e-03
2.7180000000e+00 -1.7401844710e-05 1.2870904440e-03
2.7190000000e+00 -1.7450094673e-05 1.2889092530e-03
2.7200000000e+00 -1.7499321697e-05 1.2907649278e-03
2.7210000000e+00 -1.7549962901e-05 1.2926572495e-03
2.7220000000e+00 -1.7602274505e-05 1.2945859891e-03
2.7230000000e+00 -1.7656252791e-05 1.2965509080e-03
2.7240000000e+00 -1.7711670298e-05 1.2985517591e-03
2.7250000000e+00 -1.7768161382e-05 1.3005882880e-03
2.7260000000e+00 -1.7825244988e-05 1.3026602342e-03
2.7270000000e+00 -1.7882292681e-05 1.3047673314e-03
2.7280000000e+00 -1.7938547938e-05 1.3069093098e-03
2.7290000000e+00 -1.7993234510e-05 1.3090858960e-03
2.7300000000e+00 -1.8045686153e-05 1.3112968136e-03
2.7310000000e+00 -1.8095396172e-05 1.3135417842e-03
2.7320000000e+00 -1.8141984142e-05 1.3158205264e-03
2.7330000000e+00 -1.8185175655e-05 1.3181327553e-03
2.7340000000e+00 -1.8224855447e-05 1.3204781833e-03
2.7350000000e+00 -1.8261134070e-05 1.3228565183e-03
2.7360000000e+00 -1.8294312190e-05 1.3252674627e-03
2.7370000000e+00 -1.8324742447e-05 1.3277107125e-03
2.7380000000e+00 -1.8352720889e-05 1.3301859562e-03
2.7390000000e+00 -1.8378508551e-05 1.3326928742e-03
2.7400000000e+00 -1.8402394770e-05 1.3352311380e-03
2.7410000000e+00 -1.8424648536e-05 1.3378004093e-03
2.7420000000e+00 -1.8445407103e-05 1.3404003399e-03
2.7430000000e+00 -1.8464650499e-05 1.3430305724e-03
2.7440000000e+00 -1.8482288246e-05 1.3456907409e-03
2.7450000000e+00 -1.8498259441e-05 1.3483804718e-03
2.7460000000e+00 -1.8512541886e-05 1.3510993850e-03
2.7470000000e+00 -1.8525096080e-05 1.3538470956e-03
2.7480000000e+00 -1.8535851544e-05 1.3566232158e-03
2.7490000000e+00 -1.8544776548e-05 1.3594273558e-03
2.7500000000e+00 -1.8551951712e-05 1.3622591253e-03
2.7510000000e+00 -1.8557555680e-05 1.3651181340e-03
2.7520000000e+00 -1.8561789016e-05 1.3680039912e-03
2.7530000000e+00 -1.8564826657e-05 1.3709163061e-03
2.7540000000e+00 -1.8566856608e-05 1.3738546871e-03
2.7550000000e+00 -1.8568138492e-05 1.3768187394e-03
2.7560000000e+00 -1.8568970556e-05 1.3798080647e-03
2.7570000000e+00 -1.8569590793e-05 1.3828222585e-03
2.7580000000e+00 -1.8570100098e-05 1.3858609093e-03
2.7590000000e+00 -1.8570474263e-05 1.3889235976e-03
2.7600000000e+00 -1.8570627378e-05 1.3920098956e-03
2.7610000000e+00 -1.8570400752e-05 1.3951193660e-03
2.7620000000e+00 -1.8569492533e-05 1.3982515627e-03
2.7630000000e+00 -1.8567434656e-05 1.4014060316e-03
2.7640000000e+00 -1.8563677811e-05 1.4045823114e-03
2.7650000000e+00 -1.8557726190e-05 1.4077799349e-03
2.7660000000e+00 -1.8549176623e-05 1.4109984309e-03
2.7670000000e+00 -1.8537674606e-05 1.4142373252e-03
2.7680000000e+00 -1.8522910682e-05 1.4174961428e-03
2.7690000000e+00 -1.8504715731e-05 1.4207744097e-03
2.7700000000e+00 -1.8483172216e-05 1.4240716527e-03
2.7710000000e+00 -1.8458598903e-05 1.4273874003e-03
2.7720000000e+00 -1.8431455874e-05 1.4307211829e-03
2.7730000000e+00 -1.8402288251e-05 1.4340725323e-03
2.7740000000e+00 -1.8371738649e-05 1.4374409811e-03
2.7750000000e+00 -1.8340565734e-05 1.4408260613e-03
2.7760000000e+00 -1.8309571696e-05 1.4442273030e-03
2.7770000000e+00 -1.8279492739e-05 1.4476442327e-03
2.7780000000e+00 -1.8250934596e-05 1.4510763723e-03
2.7790000000e+00 -1.8224376730e-05 1.4545232377e-03
2.7800000000e+00 -1.8200217600e-05 1.4579843377e-03
2.7810000000e+00 -1.8178751432e-05 1.4614591734e-03
2.7820000000e+00 -1.8160092052e-05 1.4649472383e-03
2.7830000000e+00 -1.8144131009e-05 1.4684480186e-03
2.7840000000e+00 -1.8130578415e-05 1.4719609945e-03
2.7850000000e+00 -1.8119067267e-05 1.4754856414e-03
2.7860000000e+00 -1.8109190944e-05 1.4790214313e-03
2.7870000000e+00 -1.8100473248e-05 1.4825678346e-03
2.7880000000e+00 -1.8092380739e-05 1.4861243222e-03
2.7890000000e+00 -1.8084430140e-05 1.4896903670e-03
2.7900000000e+00 -1.8076337161e-05 1.4932654443e-03
2.7910000000e+00 -1.8068058523e-05 1.4968490328e-03
2.7920000000e+00 -1.8059738654e-05 1.5004406142e-03
2.7930000000e+00 -1.8051679531e-05 1.5040396728e-03
2.7940000000e+00 -1.8044365946e-05 1.5076456946e-03
2.7950000000e+00 -1.8038493732e-05 1.5112581659e-03
2.7960000000e+00 -1.8034899785e-05 1.5148765705e-03
2.7970000000e+00 -1.8034421877e-05 1.5185003888e-03
2.7980000000e+00 -1.8037787835e-05 1.5221290958e-03
2.7990000000e+00 -1.8045570313e-05 1.5257621597e-03
2.8000000000e+00 -1.8058185799e-05 1.5293990415e-03
2.8010000000e+00 -1.8075836490e-05 1.5330391946e-03
2.8020000000e+00 -1.8098396755e-05 1.5366820653e-03
2.8030000000e+00 -1.8125369710e-05 1.5403270946e-03
2.8040000000e+00 -1.8155958568e-05 1.5439737198e-03
2.8050000000e+00 -1.8189191247e-05 1.5476213750e-03
2.8060000000e+00 -1.8224001208e-05 1.5512694934e-03
2.8070000000e+00 -1.8259266857e-05 1.5549175086e-03
2.8080000000e+00 -1.8293891616e-05 1.5585648560e-03
2.8090000000e+00 -1.8326936725e-05 1.5622109738e-03
2.8100000000e+00 -1.8357756647e-05 1.5658553042e-03
2.8110000000e+00 -1.8386066005e-05 1.5694972930e-03
2.8120000000e+00 -1.8411914610e-05 1.5731363902e-03
2.8130000000e+00 -1.8435641236e-05 1.5767720490e-03
2.8140000000e+00 -1.8457871100e-05 1.5804037254e-03
2.8150000000e+00 -1.8479527771e-05 1.5840308758e-03
2.8160000000e+00 -1.8501763464e-05 1.5876529560e-03
2.8170000000e+00 -1.8525793042e-05 1.5912694193e-03
2.8180000000e+00 -1.8552748142e-05 1.5948797152e-03
2.8190000000e+00 -1.8583623245e-05 1.5984832886e-03
2.8200000000e+00 -1.8619261879e-05 1.6020795786e-03
2.8210000000e+00 -1.8660290542e-05 1.6056680180e-03
2.8220000000e+00 -1.8706987092e-05 1.6092480346e-03
2.8230000000e+00 -1.8759204222e-05 1.6128190518e-03
2.8240000000e+00 -1.8816421915e-05 1.6163804903e-03
2.8250000000e+00 -1.8877849164e-05 1.6199317696e-03
2.8260000000e+00 -1.8942484829e-05 1.6234723095e-03
2.8270000000e+00 -1.9009140861e-05 1.6270015320e-03
2.8280000000e+00 -1.9076511970e-05 1.6305188628e-03
2.8290000000e+00 -1.9143325296e-05 1.6340237326e-03
2.8300000000e+00 -1.9208493979e-05 1.6375155773e-03
2.8310000000e+00 -1.9271201725e-05 1.6409938385e-03
2.8320000000e+00 -1.9330909829e-05 1.6444579637e-03
2.8330000000e+00 -1.9387347947e-05 1.6479074053e-03
2.8340000000e+00 -1.9440542158e-05 1.6513416204e-03
2.8350000000e+00 -1.9490843141e-05 1.6547600694e-03
2.8360000000e+00 -1.9538884651e-05 1.6581622143e-03
2.8370000000e+00 -1.9585451405e-05 1.6615475177e-03
2.8380000000e+00 -1.9631337513e-05 1.6649154415e-03
2.8390000000e+00 -1.9677285438e-05 1.6682654460e-03
2.8400000000e+00 -1.9723966226e-05 1.6715969886e-03
2.8410000000e+00 -1.9771916788e-05 1.6749095231e-03
2.8420000000e+00 -1.9821431554e-05 1.6782025000e-03
2.8430000000e+00 -1.9872493003e-05 1.6814753669e-03
2.8440000000e+00 -1.9924807426e-05 1.6847275695e-03
2.8450000000e+00 -1.9977892154e-05 1.6879585533e-03
2.8460000000e+00 -2.0031119998e-05 1.6911677642e-03
2.8470000000e+00 -2.0083706531e-05 1.6943546516e-03
2.8480000000e+00 -2.0134717241e-05 1.6975186707e-03
2.8490000000e+00 -2.0183169663e-05 1.7006592835e-03
2.8500000000e+00 -2.0228177924e-05 1.7037759599e-03
2.8510000000e+00 -2.0269026205e-05 1.7068681792e-03
2.8520000000e+00 -2.0305169148e-05 1.7099354291e-03
2.8530000000e+00 -2.0336248763e-05 1.7129772069e-03
2.8540000000e+00 -2.0362171081e-05 1.7159930182e-03
2.8550000000e+00 -2.0383177232e-05 1.7189823748e-03
2.8560000000e+00 -2.0399826212e-05 1.7219447937e-03
2.8570000000e+00 -2.0412905349e-05 1.7248797950e-03
2.8580000000e+00 -2.0423338193e-05 1.7277868999e-03
2.8590000000e+00 -2.0432135250e-05 1.7306656297e-03
2.8600000000e+00 -2.0440362713e-05 1.7335155039e-03
2.8610000000e+00 -2.0449058387e-05 1.7363360393e-03
2.8620000000e+00 -2.0459100251e-05 1.7391267504e-03
2.8630000000e+00 -2.0471096836e-05 1.7418871498e-03
2.8640000000e+00 -2.0485354499e-05 1.7446167501e-03
2.8650000000e+00 -2.0501908433e-05 1.7473150643e-03
2.8660000000e+00 -2.0520529028e-05 1.7499816086e-03
2.8670000000e+00 -2.0540688776e-05 1.7526159045e-03
2.8680000000e+00 -2.0561566540e-05 1.7552174812e-03
2.8690000000e+00 -2.0582142075e-05 1.7577858774e-03
2.8700000000e+00 -2.0601351667e-05 1.7603206426e-03
2.8710000000e+00 -2.0618202596e-05 1.7628213378e-03
2.8720000000e+00 -2.0631814832e-05 1.7652875356e-03
2.8730000000e+00 -2.0641454547e-05 1.7677188211e-03
2.8740000000e+00 -2.0646614984e-05 1.7701147904e-03
2.8750000000e+00 -2.0647117615e-05 1.7724750491e-03
2.8760000000e+00 -2.0643121797e-05 1.7747992104e-03
2.8770000000e+00 -2.0635034497e-05 1.7770868936e-03
2.8780000000e+00 -2.0623430093e-05 1.7793377215e-03
2.8790000000e+00 -2.0609028617e-05 1.7815513195e-03
2.8800000000e+00 -2.0592686637e-05 1.7837273126e-03
2.8810000000e+00 -2.0575319159e-05 1.7858653243e-03
2.8820000000e+00 -2.0557771466e-05 1.7879649767e-03
2.8830000000e+00 -2.0540732518e-05 1.7900258904e-03
2.8840000000e+00 -2.0524711135e-05 1.7920476849e-03
2.8850000000e+00 -2.0510046362e-05 1.7940299797e-03
2.8860000000e+00 -2.0496898173e-05 1.7959723963e-03
2.8870000000e+00 -2.0485213621e-05 1.7978745601e-03
2.8880000000e+00 -2.0474722467e-05 1.7997361040e-03
2.8890000000e+00 -2.0464989226e-05 1.8015566704e-03
2.8900000000e+00 -2.0455519929e-05 1.8033359130e-03
2.8910000000e+00 -2.0445851583e-05 1.8050734989e-03
2.8920000000e+00 -2.0435574287e-05 1.8067691086e-03
2.8930000000e+00 -2.0424349394e-05 1.8084224371e-03
2.8940000000e+00 -2.0411975432e-05 1.8100331922e-03
2.8950000000e+00 -2.0398478790e-05 1.8116010933e-03
2.8960000000e+00 -2.0384135726e-05 1.8131258688e-03
2.8970000000e+00 -2.0369393740e-05 1.8146072543e-03
2.8980000000e+00 -2.0354789356e-05 1.8160449903e-03
2.8990000000e+00 -2.0340920419e-05 1.8174388200e-03
2.9000000000e+00 -2.0328447865e-05 1.8187884870e-03
2.9010000000e+00 -2.0318048876e-05 1.8200937333e-03
2.9020000000e+00 -2.0310298564e-05 1.8213542993e-03
2.9030000000e+00 -2.0305584042e-05 1.8225699230e-03
2.9040000000e+00 -2.0304102183e-05 1.8237403417e-03
2.9050000000e+00 -2.0305899845e-05 1.8248652919e-03
2.9060000000e+00 -2.0310890556e-05 1.8259445115e-03
2.9070000000e+00 -2.0318830003e-05 1.8269777419e-03
2.9080000000e+00 -2.0329326739e-05 1.8279647311e-03
2.9090000000e+00 -2.0341909066e-05 1.8289052352e-03
2.9100000000e+00 -2.0356108160e-05 1.8297990215e-03
2.9110000000e+00 -2.0371510742e-05 1.8306458694e-03
2.9120000000e+00 -2.0387747471e-05 1.8314455726e-03
2.9130000000e+00 -2.0404478828e-05 1.8321979391e-03
2.9140000000e+00 -2.0421423707e-05 1.8329027916e-03
2.9150000000e+00 -2.0438408466e-05 1.8335599658e-03
2.9160000000e+00 -2.0455389578e-05 1.8341693082e-03
2.9170000000e+00 -2.0472408898e-05 1.8347306743e-03
2.9180000000e+00 -2.0489544348e-05 1.8352439260e-03
2.9190000000e+00 -2.0506910557e-05 1.8357089288e-03
2.9200000000e+00 -2.0524683477e-05 1.8361255496e-03
2.9210000000e+00 -2.0543099110e-05 1.8364936546e-03
2.9220000000e+00 -2.0562385928e-05 1.8368131076e-03
2.9230000000e+00 -2.0582698943e-05 1.8370837710e-03
2.9240000000e+00 -2.0604124123e-05 1.8373055051e-03
2.9250000000e+00 -2.0626724333e-05 1.8374781691e-03
2.9260000000e+00 -2.0650561383e-05 1.8376016223e-03
2.9270000000e+00 -2.0675648019e-05 1.8376757265e-03
2.9280000000e+00 -2.0701908174e-05 1.8377003481e-03
2.9290000000e+00 -2.0729216629e-05 1.8376753605e-03
2.9300000000e+00 -2.0757463469e-05 1.8376006462e-03
2.9310000000e+00 -2.0786579540e-05 1.8374760979e-03
2.9320000000e+00 -2.0816504326e-05 1.8373016208e-03
2.9330000000e+00 -2.0847163579e-05 1.8370771339e-03
2.9340000000e+00 -2.0878507162e-05 1.8368025696e-03
2.9350000000e+00 -2.0910557236e-05 1.8364778736e-03
2.9360000000e+00 -2.0943417222e-05 1.8361030033e-03
2.9370000000e+00 -2.0977223948e-05 1.8356779263e-03
2.9380000000e+00 -2.1012094116e-05 1.8352026189e-03
2.9390000000e+00 -2.1048116401e-05 1.8346770634e-03
2.9400000000e+00 -2.1085356082e-05 1.8341012465e-03
2.9410000000e+00 -2.1123838338e-05 1.8334751565e-03
2.9420000000e+00 -2.1163496122e-05 1.8327987826e-03
2.9430000000e+00 -2.1204117133e-05 1.8320721136e-03
2.9440000000e+00 -2.1245352678e-05 1.8312951378e-03
2.9450000000e+00 -2.1286776808e-05 1.8304678426e-03
2.9460000000e+00 -2.1327934613e-05 1.8295902152e-03
2.9470000000e+00 -2.1368335908e-05 1.8286622439e-03
2.9480000000e+00 -2.1407435224e-05 1.8276839202e-03
2.9490000000e+00 -2.1444678016e-05 1.8266552416e-03
2.9500000000e+00 -2.1479590450e-05 1.8255762125e-03
2.9510000000e+00 -2.1511826997e-05 1.8244468472e-03
2.9520000000e+00 -2.1541150574e-05 1.8232671714e-03
2.9530000000e+00 -2.1567407143e-05 1.8220372241e-03
2.9540000000e+00 -2.1590555139e-05 1.8207570585e-03
2.9550000000e+00 -2.1610713832e-05 1.8194267417e-03
2.9560000000e+00 -2.1628158346e-05 1.8180463539e-03
2.9570000000e+00 -2.1643254709e-05 1.8166159875e-03
2.9580000000e+00 -2.1656393599e-05 1.8151357458e-03
2.9590000000e+00 -2.1667969546e-05 1.8136057405e-03
2.9600000000e+00 -2.1678378996e-05 1.8120260898e-03
2.9610000000e+00 -2.1687982025e-05 1.8103969164e-03
2.9620000000e+00 -2.1697025057e-05 1.8087183456e-03
2.9630000000e+00 -2.1705575095e-05 1.8069905046e-03
2.9640000000e+00 -2.1713514164e-05 1.8052135220e-03
2.9650000000e+00 -2.1720583633e-05 1.8033875267e-03
2.9660000000e+00 -2.1726418958e-05 1.8015126486e-03
2.9670000000e+00 -2.1730556520e-05 1.7995890201e-03
2.9680000000e+00 -2.1732451897e-05 1.7976167772e-03
2.9690000000e+00 -2.1731547208e-05 1.7955960614e-03
2.9700000000e+00 -2.1727376929e-05 1.7935270215e-03
2.9710000000e+00 -2.1719645121e-05 1.7914098151e-03
2.9720000000e+00 -2.1708239988e-05 1.7892446102e-03
2.9730000000e+00 -2.1693224699e-05 1.7870315873e-03
2.9740000000e+00 -2.1674850276e-05 1.7847709404e-03
2.9750000000e+00 -2.1653584952e-05 1.7824628772e-03
2.9760000000e+00 -2.1630090488e-05 1.7801076195e-03
2.9770000000e+00 -2.1605121161e-05 1.7777054029e-03
2.9780000000e+00 -2.1579411803e-05 1.7752564757e-03
2.9790000000e+00 -2.1553614565e-05 1.7727610975e-03
2.9800000000e+00 -2.1528281075e-05 1.7702195372e-03
2.9810000000e+00 -2.1503824703e-05 1.7676320706e-03
2.9820000000e+00 -2.1480444409e-05 1.7649989779e-03
2.9830000000e+00 -2.1458073513e-05 1.7623205430e-03
2.9840000000e+00 -2.1436392130e-05 1.7595970516e-03
2.9850000000e+00 -2.1414890466e-05 1.7568287902e-03
2.9860000000e+00 -2.1392923479e-05 1.7540160458e-03
2.9870000000e+00 -2.1369732637e-05 1.7511591069e-03
2.9880000000e+00 -2.1344487075e-05 1.7482582640e-03
2.9890000000e+00 -2.1316369520e-05 1.7453138120e-03
2.9900000000e+00 -2.1284687246e-05 1.7423260514e-03
2.9910000000e+00 -2.1248952272e-05 1.7392952902e-03
2.9920000000e+00 -2.1208900066e-05 1.7362218460e-03
2.9930000000e+00 -2.1164491857e-05 1.7331060484e-03
2.9940000000e+00 -2.1115929879e-05 1.7299482397e-03
2.9950000000e+00 -2.1063677343e-05 1.7267487758e-03
2.9960000000e+00 -2.1008443281e-05 1.7235080265e-03
2.9970000000e+00 -2.0951106692e-05 1.7202263746e-03
2.9980000000e+00 -2.0892625689e-05 1.7169042155e-03
2.9990000000e+00 -2.0833971566e-05 1.7135419554e-03
3.0000000000e+00 -2.0776094996e-05 1.7101400098e-03
3.0010000000e+00 -2.0719883791e-05 1.7066988003e-03
3.0020000000e+00 -2.0666068314e-05 1.7032187536e-03
3.0030000000e+00 -2.0615130187e-05 1.6997002993e-03
3.0040000000e+00 -2.0567277891e-05 1.6961438686e-03
3.0050000000e+00 -2.0522481663e-05 1.6925498931e-03
3.0060000000e+00 -2.0480508809e-05 1.6889188045e-03
3.0070000000e+00 -2.0440921942e-05 1.6852510344e-03
3.0080000000e+00 -2.0403098669e-05 1.6815470161e-03
3.0090000000e+00 -2.0366315436e-05 1.6778071858e-03
3.0100000000e+00 -2.0329861653e-05 1.6740319839e-03
3.0110000000e+00 -2.0293128707e-05 1.6702218574e-03
3.0120000000e+00 -2.0255642454e-05 1.6663772619e-03
3.0130000000e+00 -2.0217080177e-05 1.6624986637e-03
3.0140000000e+00 -2.0177308327e-05 1.6585865409e-03
3.0150000000e+00 -2.0136423057e-05 1.6546413843e-03
3.0160000000e+00 -2.0094758019e-05 1.6506636966e-03
3.0170000000e+00 -2.0052832321e-05 1.6466539928e-03
3.0180000000e+00 -2.0011277368e-05 1.6426127983e-03
3.0190000000e+00 -1.9970790982e-05 1.6385406479e-03
3.0200000000e+00 -1.9932109070e-05 1.6344380837e-03
3.0210000000e+00 -1.9895960258e-05 1.6303056523e-03
3.0220000000e+00 -1.9862979111e-05 1.6261439038e-03
3.0230000000e+00 -1.9833617069e-05 1.6219533894e-03
3.0240000000e+00 -1.9808102367e-05 1.6177346605e-03
3.0250000000e+00 -1.9786443738e-05 1.6134882677e-03
3.0260000000e+00 -1.9768444762e-05 1.6092147600e-03
3.0270000000e+00 -1.9753690513e-05 1.6049146853e-03
3.0280000000e+00 -1.9741535690e-05 1.6005885916e-03
3.0290000000e+00 -1.9731157469e-05 1.5962370281e-03
3.0300000000e+00 -1.9721658526e-05 1.5918605467e-03
3.0310000000e+00 -1.9712165268e-05 1.5874597038e-03
3.0320000000e+00 -1.9701882430e-05 1.5830350612e-03
3.0330000000e+00 -1.9690131400e-05 1.5785871889e-03
3.0340000000e+00 -1.9676424919e-05 1.5741166655e-03
3.0350000000e+00 -1.9660551022e-05 1.5696240789e-03
3.0360000000e+00 -1.9642612250e-05 1.5651100268e-03
3.0370000000e+00 -1.9622996216e-05 1.5605751161e-03
3.0380000000e+00 -1.9602309887e-05 1.5560199627e-03
3.0390000000e+00 -1.9581335690e-05 1.5514451903e-03
3.0400000000e+00 -1.9560993683e-05 1.5468514290e-03
3.0410000000e+00 -1.9542268126e-05 1.5422393132e-03
3.0420000000e+00 -1.9526092892e-05 1.5376094803e-03
3.0430000000e+00 -1.9513235238e-05 1.5329625692e-03
3.0440000000e+00 -1.9504234093e-05 1.5282992186e-03
3.0450000000e+00 -1.9499383829e-05 1.5236200660e-03
3.0460000000e+00 -1.9498727071e-05 1.5189257468e-03
3.0470000000e+00 -1.9502039228e-05 1.5142168942e-03
3.0480000000e+00 -1.9508822341e-05 1.5094941400e-03
3.0490000000e+00 -1.9518353771e-05 1.5047581153e-03
3.0500000000e+00 -1.9529776305e-05 1.5000094517e-03
3.0510000000e+00 -1.9542185507e-05 1.4952487830e-03
3.0520000000e+00 -1.9554690012e-05 1.4904767468e-03
3.0530000000e+00 -1.9566450260e-05 1.4856939862e-03
3.0540000000e+00 -1.9576741743e-05 1.4809011520e-03
3.0550000000e+00 -1.9585039931e-05 1.4760989028e-03
3.0560000000e+00 -1.9591071268e-05 1.4712879063e-03
3.0570000000e+00 -1.9594799193e-05 1.4664688382e-03
3.0580000000e+00 -1.9596368137e-05 1.4616423829e-03
3.0590000000e+00 -1.9596068809e-05 1.4568092316e-03
3.0600000000e+00 -1.9594329620e-05 1.4519700810e-03
3.0610000000e+00 -1.9591679570e-05 1.4471256314e-03
3.0620000000e+00 -1.9588663089e-05 1.4422765850e-03
3.0630000000e+00 -1.9585748410e-05 1.4374236446e-03
3.0640000000e+00 -1.9583287061e-05 1.4325675119e-03
3.0650000000e+00 -1.9581510278e-05 1.4277088861e-03
3.0660000000e+00 -1.9580511366e-05 1.4228484633e-03
3.0670000000e+00 -1.9580211654e-05 1.4179869358e-03
3.0680000000e+00 -1.9580341294e-05 1.4131249930e-03
3.0690000000e+00 -1.9580468446e-05 1.4082633216e-03
3.0700000000e+00 -1.9580065334e-05 1.4034026068e-03
3.0710000000e+00 -1.9578569251e-05 1.3985435337e-03
3.0720000000e+00 -1.9575425318e-05 1.3936867889e-03
3.0730000000e+00 -1.9570119506e-05 1.3888330625e-03
3.0740000000e+00 -1.9562225680e-05 1.3839830493e-03
3.0750000000e+00 -1.9551470255e-05 1.3791374506e-03
3.0760000000e+00 -1.9537773723e-05 1.3742969746e-03
3.0770000000e+00 -1.9521239165e-05 1.3694623368e-03
3.0780000000e+00 -1.9502105452e-05 1.3646342604e-03
3.0790000000e+00 -1.9480714851e-05 1.3598134752e-03
3.0800000000e+00 -1.9457510655e-05 1.3550007165e-03
3.0810000000e+00 -1.9433018225e-05 1.3501967232e-03
3.0820000000e+00 -1.9407779810e-05 1.3454022358e-03
3.0830000000e+00 -1.9382280538e-05 1.3406179946e-03
3.0840000000e+00 -1.9356916331e-05 1.3358447379e-03
3.0850000000e+00 -1.9332000320e-05 1.3310832003e-03
3.0860000000e+00 -1.9307761698e-05 1.3263341113e-03
3.0870000000e+00 -1.9284315380e-05 1.3215981950e-03
3.0880000000e+00 -1.9261630599e-05 1.3168761698e-03
3.0890000000e+00 -1.9239538366e-05 1.3121687493e-03
3.0900000000e+00 -1.9217778583e-05 1.3074766431e-03
3.0910000000e+00 -1.9196042438e-05 1.3028005585e-03
3.0920000000e+00 -1.9173980463e-05 1.2981412017e-03
3.0930000000e+00 -1.9151205030e-05 1.2934992801e-03
3.0940000000e+00 -1.9127325660e-05 1.2888755040e-03
3.0950000000e+00 -1.9102007977e-05 1.2842705880e-03
3.0960000000e+00 -1.9075014486e-05 1.2796852520e-03
3.0970000000e+00 -1.9046207612e-05 1.2751202215e-03
3.0980000000e+00 -1.9015541160e-05 1.2705762284e-03
3.0990000000e+00 -1.8983065846e-05 1.2660540101e-03
3.1000000000e+00 -1.8948942577e-05 1.2615543082e-03
3.1010000000e+00 -1.8913439710e-05 1.2570778670e-03
3.1020000000e+00 -1.8876894413e-05 1.2526254314e-03
3.1030000000e+00 -1.8839654971e-05 1.2481977448e-03
3.1040000000e+00 -1.8802041455e-05 1.2437955465e-03
3.1050000000e+00 -1.8764337924e-05 1.2394195703e-03
3.1060000000e+00 -1.8726792491e-05 1.2350705428e-03
3.1070000000e+00 -1.8689589786e-05 1.2307491821e-03
3.1080000000e+00 -1.8652812863e-05 1.2264561976e-03
3.1090000000e+00 -1.8616445453e-05 1.2221922908e-03
3.1100000000e+00 -1.8580419238e-05 1.2179581556e-03
3.1110000000e+00 -1.8544662784e-05 1.2137544801e-03
3.1120000000e+00 -1.8509113314e-05 1.2095819482e-03
3.1130000000e+00 -1.8473713261e-05 1.2054412414e-03
3.1140000000e+00 -1.8438437138e-05 1.2013330411e-03
3.1150000000e+00 -1.8403339809e-05 1.1972580302e-03
3.1160000000e+00 -1.8368582582e-05 1.1932168938e-03
3.1170000000e+00 -1.8334412606e-05 1.1892103204e-03
3.1180000000e+00 -1.8301126358e-05 1.1852390015e-03
3.1190000000e+00 -1.8269057664e-05 1.1813036315e-03
3.1200000000e+00 -1.8238576692e-05 1.1774049060e-03
3.1210000000e+00 -1.8210071826e-05 1.1735435202e-03
3.1220000000e+00 -1.8183901820e-05 1.1697201669e-03
3.1230000000e+00 -1.8160338116e-05 1.1659355342e-03
3.1240000000e+00 -1.8139536932e-05 1.1621903037e-03
3.1250000000e+00 -1.8121542278e-05 1.1584851483e-03
3.1260000000e+00 -1.8106298655e-05 1.1548207308e-03
3.1270000000e+00 -1.8093651792e-05 1.1511977031e-03
3.1280000000e+00 -1.8083341371e-05 1.1476167056e-03
3.1290000000e+00 -1.8075023053e-05 1.1440783676e-03
3.1300000000e+00 -1.8068322573e-05 1.1405833078e-03
3.1310000000e+00 -1.8062889850e-05 1.1371321360e-03
3.1320000000e+00 -1.8058423226e-05 1.1337254541e-03
3.1330000000e+00 -1.8054669799e-05 1.1303638579e-03
3.1340000000e+00 -1.8051445533e-05 1.1270479393e-03
3.1350000000e+00 -1.8048679550e-05 1.1237782872e-03
3.1360000000e+00 -1.8046444694e-05 1.1205554890e-03
3.1370000000e+00 -1.8044941152e-05 1.1173801311e-03
3.1380000000e+00 -1.8044444923e-05 1.1142527993e-03
3.1390000000e+00 -1.8045275129e-05 1.1111740785e-03
3.1400000000e+00 -1.8047784013e-05 1.1081445521e-03
3.1410000000e+00 -1.8052328805e-05 1.1051648007e-03
3.1420000000e+00 -1.8059210038e-05 1.1022354007e-03
3.1430000000e+00 -1.8068605117e-05 1.0993569221e-03
3.1440000000e+00 -1.8080544820e-05 1.0965299273e-03
3.1450000000e+00 -1.8094926832e-05 1.0937549686e-03
3.1460000000e+00 -1.8111532558e-05 1.0910325867e-03
3.1470000000e+00 -1.8130038175e-05 1.0883633097e-03
3.1480000000e+00 -1.8150028670e-05 1.0857476524e-03
3.1490000000e+00 -1.8171040020e-05 1.0831861162e-03
3.1500000000e+00 -1.8192626569e-05 1.0806791899e-03
3.1510000000e+00 -1.8214422408e-05 1.0782273507e-03
3.1520000000e+00 -1.8236173247e-05 1.0758310652e-03
3.1530000000e+00 -1.8257738946e-05 1.0734907915e-03
3.1540000000e+00 -1.8279102975e-05 1.0712069805e-03
3.1550000000e+00 -1.8300396215e-05 1.0689800773e-03
3.1560000000e+00 -1.8321900869e-05 1.0668105227e-03
3.1570000000e+00 -1.8344014201e-05 1.0646987532e-03
3.1580000000e+00 -1.8367184460e-05 1.0626452021e-03
3.1590000000e+00 -1.8391861723e-05 1.0606502988e-03
3.1600000000e+00 -1.8418474777e-05 1.0587144684e-03
3.1610000000e+00 -1.8447403842e-05 1.0568381306e-03
3.1620000000e+00 -1.8478932197e-05 1.0550216987e-03
3.1630000000e+00 -1.8513188682e-05 1.0532655778e-03
3.1640000000e+00 -1.8550120148e-05 1.0515701633e-03
3.1650000000e+00 -1.8589507009e-05 1.0499358402e-03
3.1660000000e+00 -1.8630987873e-05 1.0483629809e-03
3.1670000000e+00 -1.8674065739e-05 1.0468519450e-03
3.1680000000e+00 -1.8718108654e-05 1.0454030782e-03
3.1690000000e+00 -1.8762385413e-05 1.0440167126e-03
3.1700000000e+00 -1.8806138870e-05 1.0426931670e-03
3.1710000000e+00 -1.8848653496e-05 1.0414327473e-03
3.1720000000e+00 -1.8889293807e-05 1.0402357479e-03
3.1730000000e+00 -1.8927530197e-05 1.0391024527e-03
3.1740000000e+00 -1.8962978196e-05 1.0380331368e-03
3.1750000000e+00 -1.8995443813e-05 1.0370280680e-03
3.1760000000e+00 -1.9024943581e-05 1.0360875078e-03
3.1770000000e+00 -1.9051688998e-05 1.0352117123e-03
3.1780000000e+00 -1.9076047782e-05 1.0344009331e-03
3.1790000000e+00 -1.9098501618e-05 1.0336554171e-03
3.1800000000e+00 -1.9119612176e-05 1.0329754062e-03
3.1810000000e+00 -1.9139982954e-05 1.0323611371e-03
3.1820000000e+00 -1.9160197154e-05 1.0318128393e-03
3.1830000000e+00 -1.9180740672e-05 1.0313307347e-03
3.1840000000e+00 -1.9201947461e-05 1.0309150357e-03
3.1850000000e+00 -1.9223986757e-05 1.0305659444e-03
3.1860000000e+00 -1.9246866486e-05 1.0302836513e-03
3.1870000000e+00 -1.9270422608e-05 1.0300683342e-03
3.1880000000e+00 -1.9294307849e-05 1.0299201578e-03
3.1890000000e+00 -1.9318016165e-05 1.0298392737e-03
3.1900000000e+00 -1.9340950311e-05 1.0298258198e-03
3.1910000000e+00 -1.9362496350e-05 1.0298799219e-03
3.1920000000e+00 -1.9382072483e-05 1.0300016933e-03
3.1930000000e+00 -1.9399164496e-05 1.0301912370e-03
3.1940000000e+00 -1.9413373335e-05 1.0304486461e-03
3.1950000000e+00 -1.9424472401e-05 1.0307740054e-03
3.1960000000e+00 -1.9432444272e-05 1.0311673926e-03
3.1970000000e+00 -1.9437474929e-05 1.0316288788e-03
3.1980000000e+00 -1.9439920932e-05 1.0321585295e-03
3.1990000000e+00 -1.9440278108e-05 1.0327564046e-03
3.2000000000e+00 -1.9439158764e-05 1.0334225583e-03
3.2010000000e+00 -1.9437256413e-05 1.0341570390e-03
3.2020000000e+00 -1.9435278511e-05 1.0349598876e-03
3.2030000000e+00 -1.9433862598e-05 1.0358311374e-03
3.2040000000e+00 -1.9433508887e-05 1.0367708119e-03
3.2050000000e+00 -1.9434543212e-05 1.0377789243e-03
3.2060000000e+00 -1.9437094756e-05 1.0388554758e-03
3.2070000000e+00 -1.9441071653e-05 1.0400004551e-03
3.2080000000e+00 -1.9446146687e-05 1.0412138370e-03
3.2090000000e+00 -1.9451778806e-05 1.0424955827e-03
3.2100000000e+00 -1.9457276337e-05 1.0438456398e-03
3.2110000000e+00 -1.9461878980e-05 1.0452639428e-03
3.2120000000e+00 -1.9464828075e-05 1.0467504140e-03
3.2130000000e+00 -1.9465420443e-05 1.0483049649e-03
3.2140000000e+00 -1.9463068211e-05 1.0499274971e-03
3.2150000000e+00 -1.9457372545e-05 1.0516179040e-03
3.2160000000e+00 -1.9448182143e-05 1.0533760719e-03
3.2170000000e+00 -1.9435603664e-05 1.0552018807e-03
3.2180000000e+00 -1.9419971094e-05 1.0570952044e-03
3.2190000000e+00 -1.9401812008e-05 1.0590559116e-03
3.2200000000e+00 -1.9381822608e-05 1.0610838646e-03
3.2210000000e+00 -1.9360825932e-05 1.0631789194e-03
3.2220000000e+00 -1.9339696954e-05 1.0653409240e-03
3.2230000000e+00 -1.9319273326e-05 1.0675697176e-03
3.2240000000e+00 -1.9300288109e-05 1.0698651292e-03
3.2250000000e+00 -1.9283334817e-05 1.0722269762e-03
3.2260000000e+00 -1.9268842925e-05 1.0746550638e-03
3.2270000000e+00 -1.9257049190e-05 1.0771491842e-03
3.2280000000e+00 -1.9247975701e-05 1.0797091162e-03
3.2290000000e+00 -1.9241439577e-05 1.0823346255e-03
3.2300000000e+00 -1.9237097624e-05 1.0850254649e-03
3.2310000000e+00 -1.9234500721e-05 1.0877813749e-03
3.2320000000e+00 -1.9233138830e-05 1.0906020848e-03
3.2330000000e+00 -1.9232477327e-05 1.0934873130e-03
3.2340000000e+00 -1.9232002729e-05 1.0964367686e-03
3.2350000000e+00 -1.9231284805e-05 1.0994501519e-03
3.2360000000e+00 -1.9230032127e-05 1.1025271553e-03
3.2370000000e+00 -1.9228117428e-05 1.1056674639e-03
3.2380000000e+00 -1.9225570635e-05 1.1088707560e-03
3.2390000000e+00 -1.9222564447e-05 1.1121367029e-03
3.2400000000e+00 -1.9219410142e-05 1.1154649688e-03
3.2410000000e+00 -1.9216543833e-05 1.1188552104e-03
3.2420000000e+00 -1.9214480493e-05 1.1223070758e-03
3.2430000000e+00 -1.9213742842e-05 1.1258202038e-03
3.2440000000e+00 -1.9214802719e-05 1.1293942228e-03
3.2450000000e+00 -1.9218054733e-05 1.1330287499e-03
3.2460000000e+00 -1.9223796081e-05 1.1367233897e-03
3.2470000000e+00 -1.9232192946e-05 1.1404777346e-03
3.2480000000e+00 -1.9243246410e-05 1.1442913634e-03
3.2490000000e+00 -1.9256787860e-05 1.1481638425e-03
3.2500000000e+00 -1.9272511597e-05 1.1520947255e-03
3.2510000000e+00 -1.9290014647e-05 1.1560835550e-03
3.2520000000e+00 -1.9308826572e-05 1.1601298622e-03
3.2530000000e+00 -1.9328436760e-05 1.1642331692e-03
3.2540000000e+00 -1.9348335240e-05 1.1683929892e-03
3.2550000000e+00 -1.9368070181e-05 1.1726088278e-03
3.2560000000e+00 -1.9387297565e-05 1.1768801834e-03
3.2570000000e+00 -1.9405806372e-05 1.1812065480e-03
3.2580000000e+00 -1.9423521051e-05 1.1855874069e-03
3.2590000000e+00 -1.9440497724e-05 1.1900222384e-03
3.2600000000e+00 -1.9456927911e-05 1.1945105142e-03
3.2610000000e+00 -1.9473132338e-05 1.1990516979e-03
3.2620000000e+00 -1.9489528192e-05 1.2036452446e-03
3.2630000000e+00 -1.9506575774e-05 1.2082906002e-03
3.2640000000e+00 -1.9524729709e-05 1.2129872002e-03
3.2650000000e+00 -1.9544414998e-05 1.2177344696e-03
3.2660000000e+00 -1.9566008871e-05 1.2225318220e-03
3.2670000000e+00 -1.9589806389e-05 1.2273786595e-03
3.2680000000e+00 -1.9615976264e-05 1.2322743724e-03
3.2690000000e+00 -1.9644533521e-05 1.2372183396e-03
3.2700000000e+00 -1.9675347967e-05 1.2422099296e-03
3.2710000000e+00 -1.9708168346e-05 1.2472485008e-03
3.2720000000e+00 -1.9742638671e-05 1.2523334027e-03
3.2730000000e+00 -1.9778312294e-05 1.2574639766e-03
3.2740000000e+00 -1.9814684850e-05 1.2626395574e-03
3.2750000000e+00 -1.9851253728e-05 1.2678594734e-03
3.2760000000e+00 -1.9887575331e-05 1.2731230478e-03
3.2770000000e+00 -1.9923294332e-05 1.2784295988e-03
3.2780000000e+00 -1.9958151636e-05 1.2837784392e-03
3.2790000000e+00 -1.9991990781e-05 1.2891688773e-03
3.2800000000e+00 -2.0024770746e-05 1.2946002156e-03
3.2810000000e+00 -2.0056565322e-05 1.3000717510e-03
3.2820000000e+00 -2.0087533699e-05 1.3055827733e-03
3.2830000000e+00 -2.0117874968e-05 1.3111325653e-03
3.2840000000e+00 -2.0147787212e-05 1.3167204014e-03
3.2850000000e+00 -2.0177442713e-05 1.3223455473e-03
3.2860000000e+00 -2.0206970066e-05 1.3280072599e-03
3.2870000000e+00 -2.0236431099e-05 1.3337047865e-03
3.2880000000e+00 -2.0265797442e-05 1.3394373659e-03
3.2890000000e+00 -2.0294941732e-05 1.3452042279e-03
3.2900000000e+00 -2.0323656280e-05 1.3510045946e-03
3.2910000000e+00 -2.0351688976e-05 1.3568376811e-03
3.2920000000e+00 -2.0378771303e-05 1.3627026963e-03
3.2930000000e+00 -2.0404631875e-05 1.3685988441e-03
3.2940000000e+00 -2.0429014795e-05 1.3745253239e-03
3.2950000000e+00 -2.0451718481e-05 1.3804813316e-03
3.2960000000e+00 -2.0472634593e-05 1.3864660602e-03
3.2970000000e+00 -2.0491757001e-05 1.3924786997e-03
3.2980000000e+00 -2.0509165254e-05 1.3985184372e-03
3.2990000000e+00 -2.0525010560e-05 1.4045844575e-03
3.3000000000e+00 -2.0539515534e-05 1.4106759417e-03
3.3010000000e+00 -2.0552967554e-05 1.4167920677e-03
3.3020000000e+00 -2.0565686795e-05 1.4229320091e-03
3.3030000000e+00 -2.0577980783e-05 1.4290949346e-03
3.3040000000e+00 -2.0590110532e-05 1.4352800078e-03
3.3050000000e+00 -2.0602276218e-05 1.4414863866e-03
3.3060000000e+00 -2.0614609002e-05 1.4477132228e-03
3.3070000000e+00 -2.0627156438e-05 1.4539596620e-03
3.3080000000e+00 -2.0639867870e-05 1.4602248435e-03
3.3090000000e+00 -2.0652596964e-05 1.4665079009e-03
3.3100000000e+00 -2.0665127720e-05 1.4728079621e-03
3.3110000000e+00 -2.0677210881e-05 1.4791241500e-03
3.3120000000e+00 -2.0688592742e-05 1.4854555833e-03
3.3130000000e+00 -2.0699032379e-05 1.4918013775e-03
3.3140000000e+00 -2.0708320145e-05 1.4981606456e-03
3.3150000000e+00 -2.0716307845e-05 1.5045324994e-03
3.3160000000e+00 -2.0722939468e-05 1.5109160497e-03
3.3170000000e+00 -2.0728259953e-05 1.5173104073e-03
3.3180000000e+00 -2.0732397067e-05 1.5237146832e-03
3.3190000000e+00 -2.0735538543e-05 1.5301279883e-03
3.3200000000e+00 -2.0737922188e-05 1.5365494332e-03
3.3210000000e+00 -2.0739826371e-05 1.5429781280e-03
3.3220000000e+00 -2.0741540147e-05 1.5494131811e-03
3.3230000000e+00 -2.0743317197e-05 1.5558536988e-03
3.3240000000e+00 -2.0745341495e-05 1.5622987847e-03
3.3250000000e+00 -2.0747719986e-05 1.5687475387e-03
3.3260000000e+00 -2.0750487092e-05 1.5751990574e-03
3.3270000000e+00 -2.0753602677e-05 1.5816524330e-03
3.3280000000e+00 -2.0756946601e-05 1.5881067539e-03
3.3290000000e+00 -2.0760330673e-05 1.5945611050e-03
3.3300000000e+00 -2.0763534982e-05 1.6010145681e-03
3.3310000000e+00 -2.0766348179e-05 1.6074662226e-03
3.3320000000e+00 -2.0768593443e-05 1.6139151460e-03
3.3330000000e+00 -2.0770140899e-05 1.6203604148e-03
3.3340000000e+00 -2.0770921803e-05 1.6268011055e-03
3.3350000000e+00 -2.0770952866e-05 1.6332362948e-03
3.3360000000e+00 -2.0770356251e-05 1.6396650604e-03
3.3370000000e+00 -2.0769360803e-05 1.6460864811e-03
3.3380000000e+00 -2.0768285717e-05 1.6524996372e-03
3.3390000000e+00 -2.0767521051e-05 1.6589036103e-03
3.3400000000e+00 -2.0767515493e-05 1.6652974829e-03
3.3410000000e+00 -2.0768760628e-05 1.6716803381e-03
3.3420000000e+00 -2.0771757945e-05 1.6780512590e-03
3.3430000000e+00 -2.0776968939e-05 1.6844093282e-03
3.3440000000e+00 -2.0784767455e-05 1.6907536269e-03
3.3450000000e+00 -2.0795414743e-05 1.6970832349e-03
3.3460000000e+00 -2.0809050531e-05 1.7033972295e-03
3.3470000000e+00 -2.0825682214e-05 1.7096946861e-03
3.3480000000e+00 -2.0845169350e-05 1.7159746774e-03
3.3490000000e+00 -2.0867223805e-05 1.7222362744e-03
3.3500000000e+00 -2.0891443105e-05 1.7284785466e-03
3.3510000000e+00 -2.0917359522e-05 1.7347005630e-03
3.3520000000e+00 -2.0944480758e-05 1.7409013925e-03
3.3530000000e+00 -2.0972321202e-05 1.7470801050e-03
3.3540000000e+00 -2.1000440126e-05 1.7532357721e-03
3.3550000000e+00 -2.1028494116e-05 1.7593674677e-03
3.3560000000e+00 -2.1056280958e-05 1.7654742688e-03
3.3570000000e+00 -2.1083755378e-05 1.7715552551e-03
3.3580000000e+00 -2.1111022128e-05 1.7776095098e-03
3.3590000000e+00 -2.1138320548e-05 1.7836361191e-03
3.3600000000e+00 -2.1166008567e-05 1.7896341718e-03
3.3610000000e+00 -2.1194536830e-05 1.7956027593e-03
3.3620000000e+00 -2.1224404083e-05 1.8015409745e-03
3.3630000000e+00 -2.1256099944e-05 1.8074479112e-03
3.3640000000e+00 -2.1290049976e-05 1.8133226642e-03
3.3650000000e+00 -2.1326578489e-05 1.8191643281e-03
3.3660000000e+00 -2.1365886211e-05 1.8249719977e-03
3.3670000000e+00 -2.1408030651e-05 1.8307447679e-03
3.3680000000e+00 -2.1452908197e-05 1.8364817338e-03
3.3690000000e+00 -2.1500251076e-05 1.8421819911e-03
3.3700000000e+00 -2.1549655240e-05 1.8478446374e-03
3.3710000000e+00 -2.1600628789e-05 1.8534687720e-03
3.3720000000e+00 -2.1652636918e-05 1.8590534976e-03
3.3730000000e+00 -2.1705139452e-05 1.8645979202e-03
3.3740000000e+00 -2.1757632729e-05 1.8701011507e-03
3.3750000000e+00 -2.1809704881e-05 1.8755623047e-03
3.3760000000e+00 -2.1861088812e-05 1.8809805035e-03
3.3770000000e+00 -2.1911687872e-05 1.8863548737e-03
3.3780000000e+00 -2.1961573528e-05 1.8916845474e-03
3.3790000000e+00 -2.2010970807e-05 1.8969686621e-03
3.3800000000e+00 -2.2060243567e-05 1.9022063604e-03
3.3810000000e+00 -2.2109870881e-05 1.9073967893e-03
3.3820000000e+00 -2.2160398442e-05 1.9125390993e-03
3.3830000000e+00 -2.2212372372e-05 1.9176324447e-03
3.3840000000e+00 -2.2266276587e-05 1.9226759823e-03
3.3850000000e+00 -2.2322487382e-05 1.9276688718e-03
3.3860000000e+00 -2.2381240358e-05 1.9326102754e-03
3.3870000000e+00 -2.2442598743e-05 1.9374993581e-03
3.3880000000e+00 -2.2506429506e-05 1.9423352879e-03
3.3890000000e+00 -2.2572400452e-05 1.9471172370e-03
3.3900000000e+00 -2.2640006111e-05 1.9518443819e-03
3.3910000000e+00 -2.2708615918e-05 1.9565159047e-03
3.3920000000e+00 -2.2777525229e-05 1.9611309941e-03
3.3930000000e+00 -2.2846002534e-05 1.9656888456e-03
3.3940000000e+00 -2.2913338809e-05 1.9701886631e-03
3.3950000000e+00 -2.2978904485e-05 1.9746296587e-03
3.3960000000e+00 -2.3042206043e-05 1.9790110530e-03
3.3970000000e+00 -2.3102919448e-05 1.9833320754e-03
3.3980000000e+00 -2.3160895492e-05 1.9875919635e-03
3.3990000000e+00 -2.3216152022e-05 1.9917899630e-03
3.4000000000e+00 -2.3268865214e-05 1.9959253275e-03
3.4010000000e+00 -2.3319357100e-05 1.9999973175e-03
3.4020000000e+00 -2.3368062953e-05 2.0040052001e-03
3.4030000000e+00 -2.3415478411e-05 2.0079482489e-03
3.4040000000e+00 -2.3462105801e-05 2.0118257435e-03
3.4050000000e+00 -2.3508414268e-05 2.0156369698e-03
3.4060000000e+00 -2.3554810342e-05 2.0193812193e-03
3.4070000000e+00 -2.3601602159e-05 2.0230577901e-03
3.4080000000e+00 -2.3648959694e-05 2.0266659869e-03
3.4090000000e+00 -2.3696892865e-05 2.0302051217e-03
3.4100000000e+00 -2.3745257474e-05 2.0336745145e-03
3.4110000000e+00 -2.3793779470e-05 2.0370734943e-03
3.4120000000e+00 -2.3842080697e-05 2.0404013992e-03
3.4130000000e+00 -2.3889705437e-05 2.0436575779e-03
3.4140000000e+00 -2.3936158392e-05 2.0468413899e-03
3.4150000000e+00 -2.3980954485e-05 2.0499522063e-03
3.4160000000e+00 -2.4023671034e-05 2.0529894099e-03
3.4170000000e+00 -2.4063987330e-05 2.0559523955e-03
3.4180000000e+00 -2.4101705974e-05 2.0588405697e-03
3.4190000000e+00 -2.4136764013e-05 2.0616533507e-03
3.4200000000e+00 -2.4169240712e-05 2.0643901681e-03
3.4210000000e+00 -2.4199359371e-05 2.0670504615e-03
3.4220000000e+00 -2.4227469148e-05 2.0696336808e-03
3.4230000000e+00 -2.4254001847e-05 2.0721392848e-03
3.4240000000e+00 -2.4279420545e-05 2.0745667413e-03
3.4250000000e+00 -2.4304178105e-05 2.0769155268e-03
3.4260000000e+00 -2.4328686110e-05 2.0791851259e-03
3.4270000000e+00 -2.4353279910e-05 2.0813750319e-03
3.4280000000e+00 -2.4378177333e-05 2.0834847468e-03
3.4290000000e+00 -2.4403450313e-05 2.0855137821e-03
3.4300000000e+00 -2.4429023582e-05 2.0874616597e-03
3.4310000000e+00 -2.4454692560e-05 2.0893279123e-03
3.4320000000e+00 -2.4480142818e-05 2.0911120844e-03
3.4330000000e+00 -2.4504968698e-05 2.0928137328e-03
3.4340000000e+00 -2.4528704308e-05 2.0944324278e-03
3.4350000000e+00 -2.4550871729e-05 2.0959677531e-03
3.4360000000e+00 -2.4571034022e-05 2.0974193067e-03
3.4370000000e+00 -2.4588836361e-05 2.0987867002e-03
3.4380000000e+00 -2.4604031367e-05 2.1000695595e-03
3.4390000000e+00 -2.4616497663e-05 2.1012675240e-03
3.4400000000e+00 -2.4626257453e-05 2.1023802463e-03
3.4410000000e+00 -2.4633485735e-05 2.1034073916e-03
3.4420000000e+00 -2.4638498976e-05 2.1043486367e-03
3.4430000000e+00 -2.4641722026e-05 2.1052036693e-03
3.4440000000e+00 -2.4643646174e-05 2.1059721879e-03
3.4450000000e+00 -2.4644792008e-05 2.1066539010e-03
3.4460000000e+00 -2.4645676060e-05 2.1072485267e-03
3.4470000000e+00 -2.4646772178e-05 2.1077557929e-03
3.4480000000e+00 -2.4648468364e-05 2.1081754370e-03
3.4490000000e+00 -2.4651032015e-05 2.1085072072e-03
3.4500000000e+00 -2.4654597169e-05 2.1087508619e-03
3.4510000000e+00 -2.4659171519e-05 2.1089061714e-03
3.4520000000e+00 -2.4664649378e-05 2.1089729183e-03
3.4530000000e+00 -2.4670825098e-05 2.1089508978e-03
3.4540000000e+00 -2.4677414801e-05 2.1088399197e-03
3.4550000000e+00 -2.4684096579e-05 2.1086398080e-03
3.4560000000e+00 -2.4690560812e-05 2.1083504020e-03
3.4570000000e+00 -2.4696549265e-05 2.1079715561e-03
3.4580000000e+00 -2.4701874809e-05 2.1075031403e-03
3.4590000000e+00 -2.4706431311e-05 2.1069450395e-03
3.4600000000e+00 -2.4710205715e-05 2.1062971538e-03
3.4610000000e+00 -2.4713284865e-05 2.1055593972e-03
3.4620000000e+00 -2.4715841070e-05 2.1047316970e-03
3.4630000000e+00 -2.4718099726e-05 2.1038139933e-03
3.4640000000e+00 -2.4720305327e-05 2.1028062380e-03
3.4650000000e+00 -2.4722697448e-05 2.1017083941e-03
3.4660000000e+00 -2.4725492041e-05 2.1005204352e-03
3.4670000000e+00 -2.4728858894e-05 2.0992423448e-03
3.4680000000e+00 -2.4732899110e-05 2.0978741164e-03
3.4690000000e+00 -2.4737630757e-05 2.0964157537e-03
3.4700000000e+00 -2.4742989188e-05 2.0948672706e-03
3.4710000000e+00 -2.4748839918e-05 2.0932286920e-03
3.4720000000e+00 -2.4754993564e-05 2.0915000544e-03
3.4730000000e+00 -2.4761218484e-05 2.0896814066e-03
3.4740000000e+00 -2.4767255012e-05 2.0877728111e-03
3.4750000000e+00 -2.4772840595e-05 2.0857743444e-03
3.4760000000e+00 -2.4777743876e-05 2.0836860977e-03
3.4770000000e+00 -2.4781790689e-05 2.0815081777e-03
3.4780000000e+00 -2.4784873807e-05 2.0792407067e-03
3.4790000000e+00 -2.4786953538e-05 2.0768838227e-03
3.4800000000e+00 -2.4788061857e-05 2.0744376793e-03
3.4810000000e+00 -2.4788307693e-05 2.0719024452e-03
3.4820000000e+00 -2.4787866639e-05 2.0692783035e-03
3.4830000000e+00 -2.4786953684e-05 2.0665654505e-03
3.4840000000e+00 -2.4785793557e-05 2.0637640954e-03
3.4850000000e+00 -2.4784601322e-05 2.0608744589e-03
3.4860000000e+00 -2.4783569788e-05 2.0578967723e-03
3.4870000000e+00 -2.4782850694e-05 2.0548312772e-03
3.4880000000e+00 -2.4782531266e-05 2.0516782250e-03
3.4890000000e+00 -2.4782618700e-05 2.0484378769e-03
3.4900000000e+00 -2.4783041465e-05 2.0451105046e-03
3.4910000000e+00 -2.4783663647e-05 2.0416963904e-03
3.4920000000e+00 -2.4784299296e-05 2.0381958281e-03
3.4930000000e+00 -2.4784724508e-05 2.0346091242e-03
3.4940000000e+00 -2.4784693429e-05 2.0309365985e-03
3.4950000000e+00 -2.4783962036e-05 2.0271785853e-03
3.4960000000e+00 -2.4782315763e-05 2.0233354340e-03
3.4970000000e+00 -2.4779588178e-05 2.0194075095e-03
3.4980000000e+00 -2.4775666431e-05 2.0153951928e-03
3.4990000000e+00 -2.4770490126e-05 2.0112988813e-03
3.5000000000e+00 -2.4764051017e-05 2.0071189879e-03
3.5010000000e+00 -2.4756394200e-05 2.0028559413e-03
3.5020000000e+00 -2.4747610071e-05 1.9985101851e-03
3.5030000000e+00 -2.4737811729e-05 1.9940821768e-03
3.5040000000e+00 -2.4727107145e-05 1.9895723877e-03
3.5050000000e+00 -2.4715579344e-05 1.9849813015e-03
3.5060000000e+00 -2.4703277714e-05 1.9803094136e-03
3.5070000000e+00 -2.4690207659e-05 1.9755572308e-03
3.5080000000e+00 -2.4676313178e-05 1.9707252704e-03
3.5090000000e+00 -2.4661465068e-05 1.9658140604e-03
3.5100000000e+00 -2.4645466150e-05 1.9608241392e-03
3.5110000000e+00 -2.4628070666e-05 1.9557560560e-03
3.5120000000e+00 -2.4609003199e-05 1.9506103710e-03
3.5130000000e+00 -2.4587972418e-05 1.9453876561e-03
3.5140000000e+00 -2.4564689735e-05 1.9400884958e-03
3.5150000000e+00 -2.4538898244e-05 1.9347134877e-03
3.5160000000e+00 -2.4510405679e-05 1.9292632434e-03
3.5170000000e+00 -2.4479107441e-05 1.9237383887e-03
3.5180000000e+00 -2.4444994889e-05 1.9181395648e-03
3.5190000000e+00 -2.4408157407e-05 1.9124674276e-03
3.5200000000e+00 -2.4368783053e-05 1.9067226484e-03
3.5210000000e+00 -2.4327154223e-05 1.9009059135e-03
3.5220000000e+00 -2.4283629162e-05 1.8950179232e-03
3.5230000000e+00 -2.4238606998e-05 1.8890593919e-03
3.5240000000e+00 -2.4192486907e-05 1.8830310470e-03
3.5250000000e+00 -2.4145631488e-05 1.8769336284e-03
3.5260000000e+00 -2.4098338124e-05 1.8707678876e-03
3.5270000000e+00 -2.4050813995e-05 1.8645345871e-03
3.5280000000e+00 -2.4003151692e-05 1.8582344999e-03
3.5290000000e+00 -2.3955314457e-05 1.8518684088e-03
3.5300000000e+00 -2.3907140996e-05 1.8454371066e-03
3.5310000000e+00 -2.3858370413e-05 1.8389413961e-03
3.5320000000e+00 -2.3808674930e-05 1.8323820898e-03
3.5330000000e+00 -2.3757688347e-05 1.8257600105e-03
3.5340000000e+00 -2.3705035426e-05 1.8190759920e-03
3.5350000000e+00 -2.3650371026e-05 1.8123308793e-03
3.5360000000e+00 -2.3593423724e-05 1.8055255296e-03
3.5370000000e+00 -2.3534027259e-05 1.7986608122e-03
3.5380000000e+00 -2.3472131456e-05 1.7917376095e-03
3.5390000000e+00 -2.3407802988e-05 1.7847568168e-03
3.5400000000e+00 -2.3341225194e-05 1.7777193429e-03
3.5410000000e+00 -2.3272691519e-05 1.7706261097e-03
3.5420000000e+00 -2.3202582726e-05 1.7634780516e-03
3.5430000000e+00 -2.3131328290e-05 1.7562761155e-03
3.5440000000e+00 -2.3059364303e-05 1.7490212599e-03
3.5450000000e+00 -2.2987096892e-05 1.7417144540e-03
3.5460000000e+00 -2.2914871183e-05 1.7343566774e-03
3.5470000000e+00 -2.2842943466e-05 1.7269489183e-03
3.5480000000e+00 -2.2771456638e-05 1.7194921736e-03
3.5490000000e+00 -2.2700425420e-05 1.7119874479e-03
3.5500000000e+00 -2.2629739462e-05 1.7044357530e-03
3.5510000000e+00 -2.2559184413e-05 1.6968381077e-03
3.5520000000e+00 -2.2488471632e-05 1.6891955377e-03
3.5530000000e+00 -2.2417267565e-05 1.6815090757e-03
3.5540000000e+00 -2.2345225385e-05 1.6737797619e-03
3.5550000000e+00 -2.2272025907e-05 1.6660086446e-03
3.5560000000e+00 -2.2197423733e-05 1.6581967805e-03
3.5570000000e+00 -2.2121284496e-05 1.6503452353e-03
3.5580000000e+00 -2.2043603453e-05 1.6424550843e-03
3.5590000000e+00 -2.1964510083e-05 1.6345274129e-03
3.5600000000e+00 -2.1884267768e-05 1.6265633164e-03
3.5610000000e+00 -2.1803266587e-05 1.6185639004e-03
3.5620000000e+00 -2.1722000156e-05 1.6105302802e-03
3.5630000000e+00 -2.1641024473e-05 1.6024635802e-03
3.5640000000e+00 -2.1560909626e-05 1.5943649336e-03
3.5650000000e+00 -2.1482198004e-05 1.5862354812e-03
3.5660000000e+00 -2.1405370826e-05 1.5780763705e-03
3.5670000000e+00 -2.1330816055e-05 1.5698887551e-03
3.5680000000e+00 -2.1258796176e-05 1.5616737935e-03
3.5690000000e+00 -2.1189425428e-05 1.5534326482e-03
3.5700000000e+00 -2.1122666851e-05 1.5451664858e-03
3.5710000000e+00 -2.1058346812e-05 1.5368764757e-03
3.5720000000e+00 -2.0996176786e-05 1.5285637904e-03
3.5730000000e+00 -2.0935777990e-05 1.5202296054e-03
3.5740000000e+00 -2.0876712844e-05 1.5118750995e-03
3.5750000000e+00 -2.0818526278e-05 1.5035014555e-03
3.5760000000e+00 -2.0760791314e-05 1.4951098602e-03
3.5770000000e+00 -2.0703149020e-05 1.4867015059e-03
3.5780000000e+00 -2.0645336879e-05 1.4782775903e-03
3.5790000000e+00 -2.0587206447e-05 1.4698393174e-03
3.5800000000e+00 -2.0528735347e-05 1.4613878978e-03
3.5810000000e+00 -2.0470034736e-05 1.4529245486e-03
3.5820000000e+00 -2.0411344853e-05 1.4444504935e-03
3.5830000000e+00 -2.0353011951e-05 1.4359669617e-03
3.5840000000e+00 -2.0295451801e-05 1.4274751873e-03
3.5850000000e+00 -2.0239112831e-05 1.4189764088e-03
3.5860000000e+00 -2.0184443951e-05 1.4104718673e-03
3.5870000000e+00 -2.0131859210e-05 1.4019628058e-03
3.5880000000e+00 -2.0081695818e-05 1.3934504681e-03
3.5890000000e+00 -2.0034176930e-05 1.3849360979e-03
3.5900000000e+00 -1.9989392052e-05 1.3764209385e-03
3.5910000000e+00 -1.9947295678e-05 1.3679062322e-03
3.5920000000e+00 -1.9907715113e-05 1.3593932202e-03
3.5930000000e+00 -1.9870363803e-05 1.3508831431e-03
3.5940000000e+00 -1.9834865810e-05 1.3423772414e-03
3.5950000000e+00 -1.9800794962e-05 1.3338767556e-03
3.5960000000e+00 -1.9767722970e-05 1.3253829274e-03
3.5970000000e+00 -1.9735263853e-05 1.3168970002e-03
3.5980000000e+00 -1.9703107137e-05 1.3084202197e-03
3.5990000000e+00 -1.9671042463e-05 1.2999538345e-03
3.6000000000e+00 -1.9638978833e-05 1.2914990960e-03
3.6010000000e+00 -1.9606956874e-05 1.2830572590e-03
3.6020000000e+00 -1.9575146713e-05 1.2746295810e-03
3.6030000000e+00 -1.9543827575e-05 1.2662173217e-03
3.6040000000e+00 -1.9513355526e-05 1.2578217426e-03
3.6050000000e+00 -1.9484127800e-05 1.2494441060e-03
3.6060000000e+00 -1.9456548489e-05 1.2410856736e-03
3.6070000000e+00 -1.9430992763e-05 1.2327477060e-03
3.6080000000e+00 -1.9407766459e-05 1.2244314613e-03
3.6090000000e+00 -1.9387068547e-05 1.2161381943e-03
3.6100000000e+00 -1.9368967525e-05 1.2078691561e-03
3.6110000000e+00 -1.9353396399e-05 1.1996255934e-03
3.6120000000e+00 -1.9340159081e-05 1.1914087488e-03
3.6130000000e+00 -1.9328940322e-05 1.1832198604e-03
3.6140000000e+00 -1.9319323978e-05 1.1750601626e-03
3.6150000000e+00 -1.9310826272e-05 1.1669308865e-03
3.6160000000e+00 -1.9302941123e-05 1.1588332608e-03
3.6170000000e+00 -1.9295184466e-05 1.1507685123e-03
3.6180000000e+00 -1.9287127875e-05 1.1427378667e-03
3.6190000000e+00 -1.9278425932e-05 1.1347425493e-03
3.6200000000e+00 -1.9268841670e-05 1.1267837852e-03
3.6210000000e+00 -1.9258266445e-05 1.1188627995e-03
3.6220000000e+00 -1.9246725695e-05 1.1109808175e-03
3.6230000000e+00 -1.9234366029e-05 1.1031390634e-03
3.6240000000e+00 -1.9221430702e-05 1.0953387604e-03
3.6250000000e+00 -1.9208231205e-05 1.0875811294e-03
3.6260000000e+00 -1.9195117294e-05 1.0798673883e-03
3.6270000000e+00 -1.9182443499e-05 1.0721987503e-03
3.6280000000e+00 -1.9170531015e-05 1.0645764235e-03
3.6290000000e+00 -1.9159633230e-05 1.0570016098e-03
3.6300000000e+00 -1.9149913880e-05 1.0494755043e-03
3.6310000000e+00 -1.9141439800e-05 1.0419992948e-03
3.6320000000e+00 -1.9134183249e-05 1.0345741617e-03
3.6330000000e+00 -1.9128027404e-05 1.0272012782e-03
3.6340000000e+00 -1.9122777755e-05 1.0198818106e-03
3.6350000000e+00 -1.9118184211e-05 1.0126169190e-03
3.6360000000e+00 -1.9113972769e-05 1.0054077579e-03
3.6370000000e+00 -1.9109878392e-05 9.9825547720e-04
3.6380000000e+00 -1.9105669209e-05 9.9116122252e-04
3.6390000000e+00 -1.9101163117e-05 9.8412613612e-04
3.6400000000e+00 -1.9096242944e-05 9.7715135714e-04
3.6410000000e+00 -1.9090870568e-05 9.7023802185e-04
3.6420000000e+00 -1.9085092253e-05 9.6338726337e-04
3.6430000000e+00 -1.9079027804e-05 9.5660021136e-04
3.6440000000e+00 -1.9072850398e-05 9.4987799129e-04
3.6450000000e+00 -1.9066768328e-05 9.4322172355e-04
3.6460000000e+00 -1.9061009724e-05 9.3663252238e-04
3.6470000000e+00 -1.9055803841e-05 9.3011149478e-04
3.6480000000e+00 -1.9051355786e-05 9.2365973929e-04
3.6490000000e+00 -1.9047822857e-05 9.1727834504e-04
3.6500000000e+00 -1.9045300775e-05 9.1096839085e-04
3.6510000000e+00 -1.9043818646e-05 9.0473094471e-04
3.6520000000e+00 -1.9043337927e-05 8.9856706344e-04
3.6530000000e+00 -1.9043753408e-05 8.9247779282e-04
3.6540000000e+00 -1.9044899744e-05 8.8646416787e-04
3.6550000000e+00 -1.9046567088e-05 8.8052721344e-04
3.6560000000e+00 -1.9048524737e-05 8.7466794496e-04
3.6570000000e+00 -1.9050547640e-05 8.6888736922e-04
3.6580000000e+00 -1.9052438593e-05 8.6318648513e-04
3.6590000000e+00 -1.9054044810e-05 8.5756628433e-04
3.6600000000e+00 -1.9055273341e-05 8.5202775169e-04
3.6610000000e+00 -1.9056106047e-05 8.4657186549e-04
3.6620000000e+00 -1.9056607368e-05 8.4119959738e-04
3.6630000000e+00 -1.9056917488e-05 8.3591191199e-04
3.6640000000e+00 -1.9057234393e-05 8.3070976631e-04
3.6650000000e+00 -1.9057795256e-05 8.2559410883e-04
3.6660000000e+00 -1.9058860546e-05 8.2056587857e-04
3.6670000000e+00 -1.9060695898e-05 8.1562600394e-04
3.6680000000e+00 -1.9063548197e-05 8.1077540162e-04
3.6690000000e+00 -1.9067621601e-05 8.0601497556e-04
3.6700000000e+00 -1.9073063102e-05 8.0134561601e-04
3.6710000000e+00 -1.9079958948e-05 7.9676819892e-04
3.6720000000e+00 -1.9088335257e-05 7.9228358548e-04
3.6730000000e+00 -1.9098158897e-05 7.8789262204e-04
3.6740000000e+00 -1.9109342617e-05 7.8359614026e-04
3.6750000000e+00 -1.9121759962e-05 7.7939495762e-04
3.6760000000e+00 -1.9135268079e-05 7.7528987810e-04
3.6770000000e+00 -1.9149730128e-05 7.7128169302e-04
3.6780000000e+00 -1.9165031854e-05 7.6737118189e-04
3.6790000000e+00 -1.9181093823e-05 7.6355911322e-04
3.6800000000e+00 -1.9197882842e-05 7.5984624516e-04
3.6810000000e+00 -1.9215421591e-05 7.5623332597e-04
3.6820000000e+00 -1.9233791093e-05 7.5272109407e-04
3.6830000000e+00 -1.9253122117e-05 7.4931027780e-04
3.6840000000e+00 -1.9273577742e-05 7.4600159489e-04
3.6850000000e+00 -1.9295334064e-05 7.4279575151e-04
3.6860000000e+00 -1.9318563109e-05 7.3969344125e-04
3.6870000000e+00 -1.9343415322e-05 7.3669534393e-04
3.6880000000e+00 -1.9369998579e-05 7.3380212438e-04
3.6890000000e+00 -1.9398357144e-05 7.3101443127e-04
3.6900000000e+00 -1.9428458946e-05 7.2833289624e-04
3.6910000000e+00 -1.9460195658e-05 7.2575813327e-04
3.6920000000e+00 -1.9493391010e-05 7.2329073829e-04
3.6930000000e+00 -1.9527811216e-05 7.2093128924e-04
3.6940000000e+00 -1.9563178794e-05 7.1868034636e-04
3.6950000000e+00 -1.9599195656e-05 7.1653845278e-04
3.6960000000e+00 -1.9635575125e-05 7.1450613547e-04
3.6970000000e+00 -1.9672072889e-05 7.1258390613e-04
3.6980000000e+00 -1.9708508019e-05 7.1077226222e-04
3.6990000000e+00 -1.9744775555e-05 7.0907168778e-04
3.7000000000e+00 -1.9780856076e-05 7.0748265413e-04
3.7010000000e+00 -1.9816821212e-05 7.0600562034e-04
3.7020000000e+00 -1.9852828269e-05 7.0464103321e-04
3.7030000000e+00 -1.9889101150e-05 7.0338932713e-04
3.7040000000e+00 -1.9925903304e-05 7.0225092342e-04
3.7050000000e+00 -1.9963509762e-05 7.0122622954e-04
3.7060000000e+00 -2.0002180730e-05 7.0031563808e-04
3.7070000000e+00 -2.0042135511e-05 6.9951952565e-04
3.7080000000e+00 -2.0083526776e-05 6.9883825177e-04
3.7090000000e+00 -2.0126419634e-05 6.9827215782e-04
3.7100000000e+00 -2.0170781235e-05 6.9782156627e-04
3.7110000000e+00 -2.0216483792e-05 6.9748678006e-04
3.7120000000e+00 -2.0263317729e-05 6.9726808248e-04
3.7130000000e+00 -2.0311008272e-05 6.9716573713e-04
3.7140000000e+00 -2.0359233961e-05 6.9717998838e-04
3.7150000000e+00 -2.0407650797e-05 6.9731106202e-04
3.7160000000e+00 -2.0455923085e-05 6.9755916614e-04
3.7170000000e+00 -2.0503754186e-05 6.9792449215e-04
3.7180000000e+00 -2.0550907873e-05 6.9840721576e-04
3.7190000000e+00 -2.0597220229e-05 6.9900749783e-04
3.7200000000e+00 -2.0642608461e-05 6.9972548509e-04
3.7210000000e+00 -2.0687077649e-05 7.0056131057e-04
3.7220000000e+00 -2.0730718711e-05 7.0151509382e-04
3.7230000000e+00 -2.0773692012e-05 7.0258694059e-04
3.7240000000e+00 -2.0816201599e-05 7.0377694245e-04
3.7250000000e+00 -2.0858468731e-05 7.0508517595e-04
3.7260000000e+00 -2.0900706937e-05 7.0651170178e-04
3.7270000000e+00 -2.0943096121e-05 7.0805656375e-04
3.7280000000e+00 -2.0985754890e-05 7.0971978775e-04
3.7290000000e+00 -2.1028716862e-05 7.1150138088e-04
3.7300000000e+00 -2.1071918130e-05 7.1340133081e-04
3.7310000000e+00 -2.1115197384e-05 7.1541960534e-04
3.7320000000e+00 -2.1158305651e-05 7.1755615238e-04
3.7330000000e+00 -2.1200921399e-05 7.1981090013e-04
3.7340000000e+00 -2.1242670978e-05 7.2218375754e-04
3.7350000000e+00 -2.1283156733e-05 7.2467461509e-04
3.7360000000e+00 -2.1321991151e-05 7.2728334566e-04
3.7370000000e+00 -2.1358831224e-05 7.3000980550e-04
3.7380000000e+00 -2.1393405781e-05 7.3285383520e-04
3.7390000000e+00 -2.1425534106e-05 7.3581526047e-04
3.7400000000e+00 -2.1455139556e-05 7.3889389284e-04
3.7410000000e+00 -2.1482258715e-05 7.4208953011e-04
3.7420000000e+00 -2.1507041943e-05 7.4540195646e-04
3.7430000000e+00 -2.1529739960e-05 7.4883094226e-04
3.7440000000e+00 -2.1550677981e-05 7.5237624358e-04
3.7450000000e+00 -2.1570225880e-05 7.5603760142e-04
3.7460000000e+00 -2.1588769104e-05 7.5981474087e-04
3.7470000000e+00 -2.1606678840e-05 7.6370737007e-04
3.7480000000e+00 -2.1624278727e-05 7.6771517925e-04
3.7490000000e+00 -2.1641812315e-05 7.7183783983e-04
3.7500000000e+00 -2.1659420827e-05 7.7607500374e-04
3.7510000000e+00 -2.1677134237e-05 7.8042630304e-04
3.7520000000e+00 -2.1694871484e-05 7.8489134983e-04
3.7530000000e+00 -2.1712445749e-05 7.8946973646e-04
3.7540000000e+00 -2.1729576830e-05 7.9416103606e-04
3.7550000000e+00 -2.1745915485e-05 7.9896480327e-04
3.7560000000e+00 -2.1761077563e-05 8.0388057521e-04
3.7570000000e+00 -2.1774680888e-05 8.0890787248e-04
3.7580000000e+00 -2.1786379143e-05 8.1404620011e-04
3.7590000000e+00 -2.1795891183e-05 8.1929504838e-04
3.7600000000e+00 -2.1803027137e-05 8.2465389355e-04
3.7610000000e+00 -2.1807709238e-05 8.3012219816e-04
3.7620000000e+00 -2.1809982674e-05 8.3569941127e-04
3.7630000000e+00 -2.1810012365e-05 8.4138496824e-04
3.7640000000e+00 -2.1808065497e-05 8.4717829030e-04
3.7650000000e+00 -2.1804485554e-05 8.5307878386e-04
3.7660000000e+00 -2.1799662821e-05 8.5908583980e-04
3.7670000000e+00 -2.1794002004e-05 8.6519883262e-04
3.7680000000e+00 -2.1787885822e-05 8.7141711957e-04
3.7690000000e+00 -2.1781637263e-05 8.7774003994e-04
3.7700000000e+00 -2.1775489571e-05 8.8416691446e-04
3.7710000000e+00 -2.1769569883e-05 8.9069704499e-04
3.7720000000e+00 -2.1763894391e-05 8.9732971447e-04
3.7730000000e+00 -2.1758370560e-05 9.0406418707e-04
3.7740000000e+00 -2.1752806895e-05 9.1089970866e-04
3.7750000000e+00 -2.1746935515e-05 9.1783550756e-04
3.7760000000e+00 -2.1740447018e-05 9.2487079538e-04
3.7770000000e+00 -2.1733028957e-05 9.3200476798e-04
3.7780000000e+00 -2.1724400238e-05 9.3923660645e-04
3.7790000000e+00 -2.1714339935e-05 9.4656547786e-04
3.7800000000e+00 -2.1702712880e-05 9.5399053596e-04
3.7810000000e+00 -2.1689490514e-05 9.6151092160e-04
3.7820000000e+00 -2.1674761250e-05 9.6912576281e-04
3.7830000000e+00 -2.1658727184e-05 9.7683417475e-04
3.7840000000e+00 -2.1641689045e-05 9.8463525915e-04
3.7850000000e+00 -2.1624024304e-05 9.9252810378e-04
3.7860000000e+00 -2.1606161390e-05 1.0005117816e-03
3.7870000000e+00 -2.1588549522e-05 1.0085853499e-03
3.7880000000e+00 -2.1571623978e-05 1.0167478494e-03
3.7890000000e+00 -2.1555769840e-05 1.0249983038e-03
3.7900000000e+00 -2.1541290955e-05 1.0333357185e-03
3.7910000000e+00 -2.1528389579e-05 1.0417590811e-03
3.7920000000e+00 -2.1517156382e-05 1.0502673610e-03
3.7930000000e+00 -2.1507567702e-05 1.0588595095e-03
3.7940000000e+00 -2.1499489698e-05 1.0675344609e-03
3.7950000000e+00 -2.1492693400e-05 1.0762911327e-03
3.7960000000e+00 -2.1486882348e-05 1.0851284270e-03
3.7970000000e+00 -2.1481726818e-05 1.0940452314e-03
3.7980000000e+00 -2.1476896500e-05 1.1030404198e-03
3.7990000000e+00 -2.1472088998e-05 1.1121128539e-03
3.8000000000e+00 -2.1467056547e-05 1.1212613832e-03
3.8010000000e+00 -2.1461630701e-05 1.1304848462e-03
3.8020000000e+00 -2.1455739321e-05 1.1397820700e-03
3.8030000000e+00 -2.1449410565e-05 1.1491518706e-03
3.8040000000e+00 -2.1442764989e-05 1.1585930525e-03
3.8050000000e+00 -2.1436001457e-05 1.1681044079e-03
3.8060000000e+00 -2.1429380132e-05 1.1776847165e-03
3.8070000000e+00 -2.1423200890e-05 1.1873327442e-03
3.8080000000e+00 -2.1417775460e-05 1.1970472426e-03
3.8090000000e+00 -2.1413397081e-05 1.2068269484e-03
3.8100000000e+00 -2.1410314695e-05 1.2166705830e-03
3.8110000000e+00 -2.1408715129e-05 1.2265768520e-03
3.8120000000e+00 -2.1408711831e-05 1.2365444457e-03
3.8130000000e+00 -2.1410337996e-05 1.2465720394e-03
3.8140000000e+00 -2.1413545552e-05 1.2566582938e-03
3.8150000000e+00 -2.1418213108e-05 1.2668018560e-03
3.8160000000e+00 -2.1424162740e-05 1.2770013607e-03
3.8170000000e+00 -2.1431182110e-05 1.2872554312e-03
3.8180000000e+00 -2.1439046923e-05 1.2975626802e-03
3.8190000000e+00 -2.1447541292e-05 1.3079217113e-03
3.8200000000e+00 -2.1456477435e-05 1.3183311195e-03
3.8210000000e+00 -2.1465715603e-05 1.3287894918e-03
3.8220000000e+00 -2.1475181293e-05 1.3392954074e-03
3.8230000000e+00 -2.1484873446e-05 1.3498474376e-03
3.8240000000e+00 -2.1494861673e-05 1.3604441457e-03
3.8250000000e+00 -2.1505277655e-05 1.3710840862e-03
3.8260000000e+00 -2.1516304614e-05 1.3817658042e-03
3.8270000000e+00 -2.1528162798e-05 1.3924878346e-03
3.8280000000e+00 -2.1541087076e-05 1.4032487017e-03
3.8290000000e+00 -2.1555299506e-05 1.4140469183e-03
3.8300000000e+00 -2.1570985199e-05 1.4248809855e-03
3.8310000000e+00 -2.1588275022e-05 1.4357493926e-03
3.8320000000e+00 -2.1607233242e-05 1.4466506171e-03
3.8330000000e+00 -2.1627848271e-05 1.4575831257e-03
3.8340000000e+00 -2.1650028932e-05 1.4685453742e-03
3.8350000000e+00 -2.1673610465e-05 1.4795358093e-03
3.8360000000e+00 -2.1698369910e-05 1.4905528693e-03
3.8370000000e+00 -2.1724047242e-05 1.5015949850e-03
3.8380000000e+00 -2.1750367967e-05 1.5126605817e-03
3.8390000000e+00 -2.1777064886e-05 1.5237480793e-03
3.8400000000e+00 -2.1803899889e-05 1.5348558938e-03
3.8410000000e+00 -2.1830685055e-05 1.5459824378e-03
3.8420000000e+00 -2.1857299585e-05 1.5571261209e-03
3.8430000000e+00 -2.1883697760e-05 1.5682853493e-03
3.8440000000e+00 -2.1909906381e-05 1.5794585263e-03
3.8450000000e+00 -2.1936015790e-05 1.5906440513e-03
3.8460000000e+00 -2.1962167933e-05 1.6018403191e-03
3.8470000000e+00 -2.1988541419e-05 1.6130457198e-03
3.8480000000e+00 -2.2015331841e-05 1.6242586372e-03
3.8490000000e+00 -2.2042728502e-05 1.6354774491e-03
3.8500000000e+00 -2.2070893785e-05 1.6467005263e-03
3.8510000000e+00 -2.2099949334e-05 1.6579262326e-03
3.8520000000e+00 -2.2129968003e-05 1.6691529253e-03
3.8530000000e+00 -2.2160968478e-05 1.6803789550e-03
3.8540000000e+00 -2.2192912585e-05 1.6916026673e-03
3.8550000000e+00 -2.2225710085e-05 1.7028224029e-03
3.8560000000e+00 -2.2259232775e-05 1.7140364992e-03
3.8570000000e+00 -2.2293333513e-05 1.7252432917e-03
3.8580000000e+00 -2.2327864682e-05 1.7364411145e-03
3.8590000000e+00 -2.2362694428e-05 1.7476283019e-03
3.8600000000e+00 -2.2397723043e-05 1.7588031889e-03
3.8610000000e+00 -2.2432898935e-05 1.7699641119e-03
3.8620000000e+00 -2.2468229279e-05 1.7811094089e-03
3.8630000000e+00 -2.2503781702e-05 1.7922374198e-03
3.8640000000e+00 -2.2539677274e-05 1.8033464859e-03
3.8650000000e+00 -2.2576078499e-05 1.8144349495e-03
3.8660000000e+00 -2.2613174825e-05 1.8255011538e-03
3.8670000000e+00 -2.2651165239e-05 1.8365434417e-03
3.8680000000e+00 -2.2690237962e-05 1.8475601555e-03
3.8690000000e+00 -2.2730548980e-05 1.8585496366e-03
3.8700000000e+00 -2.2772203921e-05 1.8695102250e-03
3.8710000000e+00 -2.2815247585e-05 1.8804402590e-03
3.8720000000e+00 -2.2859661108e-05 1.8913380758e-03
3.8730000000e+00 -2.2905364223e-05 1.9022020114e-03
3.8740000000e+00 -2.2952221035e-05 1.9130304017e-03
3.8750000000e+00 -2.3000051600e-05 1.9238215829e-03
3.8760000000e+00 -2.3048651499e-05 1.9345738927e-03
3.8770000000e+00 -2.3097815661e-05 1.9452856711e-03
3.8780000000e+00 -2.3147360349e-05 1.9559552616e-03
3.8790000000e+00 -2.3197140293e-05 1.9665810119e-03
3.8800000000e+00 -2.3247062814e-05 1.9771612750e-03
3.8810000000e+00 -2.3297100444e-05 1.9876944095e-03
3.8820000000e+00 -2.3347298145e-05 1.9981787799e-03
3.8830000000e+00 -2.3397770806e-05 2.0086127573e-03
3.8840000000e+00 -2.3448691705e-05 2.0189947184e-03
3.8850000000e+00 -2.3500276841e-05 2.0293230462e-03
3.8860000000e+00 -2.3552768906e-05 2.0395961289e-03
3.8870000000e+00 -2.3606419460e-05 2.0498123596e-03
3.8880000000e+00 -2.3661468061e-05 2.0599701359e-03
3.8890000000e+00 -2.3718121050e-05 2.0700678593e-03
3.8900000000e+00 -2.3776534531e-05 2.0801039349e-03
3.8910000000e+00 -2.3836804246e-05 2.0900767713e-03
3.8920000000e+00 -2.3898961266e-05 2.0999847807e-03
3.8930000000e+00 -2.3962972074e-05 2.1098263788e-03
3.8940000000e+00 -2.4028743217e-05 2.1195999857e-03
3.8950000000e+00 -2.4096131672e-05 2.1293040266e-03
3.8960000000e+00 -2.4164962028e-05 2.1389369321e-03
3.8970000000e+00 -2.4235048216e-05 2.1484971396e-03
3.8980000000e+00 -2.4306215110e-05 2.1579830940e-03
3.8990000000e+00 -2.4378316695e-05 2.1673932488e-03
3.9000000000e+00 -2.4451251135e-05 2.1767260663e-03
3.9010000000e+00 -2.4524974607e-05 2.1859800190e-03
3.9020000000e+00 -2.4599511418e-05 2.1951535893e-03
3.9030000000e+00 -2.4674955126e-05 2.2042452700e-03
3.9040000000e+00 -2.4751459410e-05 2.2132535645e-03
3.9050000000e+00 -2.4829222779e-05 2.2221769865e-03
3.9060000000e+00 -2.4908471417e-05 2.2310140596e-03
3.9070000000e+00 -2.4989439516e-05 2.2397633172e-03
3.9080000000e+00 -2.5072345150e-05 2.2484233021e-03
3.9090000000e+00 -2.5157364288e-05 2.2569925659e-03
3.9100000000e+00 -2.5244608961e-05 2.2654696689e-03
3.9110000000e+00 -2.5334113636e-05 2.2738531800e-03
3.9120000000e+00 -2.5425829105e-05 2.2821416762e-03
3.9130000000e+00 -2.5519621974e-05 2.2903337436e-03
3.9140000000e+00 -2.5615280367e-05 2.2984279768e-03
3.9150000000e+00 -2.5712527739e-05 2.3064229801e-03
3.9160000000e+00 -2.5811044839e-05 2.3143173682e-03
3.9170000000e+00 -2.5910496358e-05 2.3221097665e-03
3.9180000000e+00 -2.6010557431e-05 2.3297988121e-03
3.9190000000e+00 -2.6110937598e-05 2.3373831550e-03
3.9200000000e+00 -2.6211402427e-05 2.3448614582e-03
3.9210000000e+00 -2.6311792692e-05 2.3522323987e-03
3.9220000000e+00 -2.6412038405e-05 2.3594946677e-03
3.9230000000e+00 -2.6512163726e-05 2.3666469711e-03
3.9240000000e+00 -2.6612281324e-05 2.3736880292e-03
3.9250000000e+00 -2.6712578550e-05 2.3806165767e-03
3.9260000000e+00 -2.6813298453e-05 2.3874313628e-03
3.9270000000e+00 -2.6914716567e-05 2.3941311506e-03
3.9280000000e+00 -2.7017112841e-05 2.4007147167e-03
3.9290000000e+00 -2.7120740113e-05 2.4071808515e-03
3.9300000000e+00 -2.7225794514e-05 2.4135283584e-03
3.9310000000e+00 -2.7332393323e-05 2.4197560540e-03
3.9320000000e+00 -2.7440561549e-05 2.4258627681e-03
3.9330000000e+00 -2.7550225055e-05 2.4318473440e-03
3.9340000000e+00 -2.7661209856e-05 2.4377086383e-03
3.9350000000e+00 -2.7773251149e-05 2.4434455221e-03
3.9360000000e+00 -2.7886013819e-05 2.4490568810e-03
3.9370000000e+00 -2.7999120486e-05 2.4545416160e-03
3.9380000000e+00 -2.8112180976e-05 2.4598986440e-03
3.9390000000e+00 -2.8224820515e-05 2.4651268988e-03
3.9400000000e+00 -2.8336707363e-05 2.4702253315e-03
3.9410000000e+00 -2.8447578367e-05 2.4751929110e-03
3.9420000000e+00 -2.8557257851e-05 2.4800286248e-03
3.9430000000e+00 -2.8665666229e-05 2.4847314791e-03
3.9440000000e+00 -2.8772817747e-05 2.4893004990e-03
3.9450000000e+00 -2.8878809408e-05 2.4937347286e-03
3.9460000000e+00 -2.8983803192e-05 2.4980332309e-03
3.9470000000e+00 -2.9088002780e-05 2.5021950872e-03
3.9480000000e+00 -2.9191625750e-05 2.5062193975e-03
3.9490000000e+00 -2.9294872722e-05 2.5101052797e-03
3.9500000000e+00 -2.9397897906e-05 2.5138518696e-03
3.9510000000e+00 -2.9500786431e-05 2.5174583207e-03
3.9520000000e+00 -2.9603540259e-05 2.5209238039e-03
3.9530000000e+00 -2.9706071267e-05 2.5242475081e-03
3.9540000000e+00 -2.9808200293e-05 2.5274286399e-03
3.9550000000e+00 -2.9909664420e-05 2.5304664242e-03
3.9560000000e+00 -3.0010134608e-05 2.5333601047e-03
3.9570000000e+00 -3.0109240820e-05 2.5361089442e-03
3.9580000000e+00 -3.0206599472e-05 2.5387122256e-03
3.9590000000e+00 -3.0301839834e-05 2.5411692523e-03
3.9600000000e+00 -3.0394629829e-05 2.5434793486e-03
3.9610000000e+00 -3.0484701310e-05 2.5456418607e-03
3.9620000000e+00 -3.0571870762e-05 2.5476561564e-03
3.9630000000e+00 -3.0656050991e-05 2.5495216257e-03
3.9640000000e+00 -3.0737252366e-05 2.5512376811e-03
3.9650000000e+00 -3.0815576101e-05 2.5528037570e-03
3.9660000000e+00 -3.0891202082e-05 2.5542193101e-03
3.9670000000e+00 -3.0964370607e-05 2.5554838189e-03
3.9680000000e+00 -3.1035357602e-05 2.5565967835e-03
3.9690000000e+00 -3.1104445346e-05 2.5575577253e-03
3.9700000000e+00 -3.1171893120e-05 2.5583661868e-03
3.9710000000e+00 -3.1237912022e-05 2.5590217315e-03
3.9720000000e+00 -3.1302645032e-05 2.5595239437e-03
3.9730000000e+00 -3.1366152539e-05 2.5598724285e-03
3.9740000000e+00 -3.1428404068e-05 2.5600668121e-03
3.9750000000e+00 -3.1489278163e-05 2.5601067418e-03
3.9760000000e+00 -3.1548572417e-05 2.5599918865e-03
3.9770000000e+00 -3.1606022094e-05 2.5597219373e-03
3.9780000000e+00 -3.1661323451e-05 2.5592966074e-03
3.9790000000e+00 -3.1714158209e-05 2.5587156329e-03
3.9800000000e+00 -3.1764218182e-05 2.5579787733e-03
3.9810000000e+00 -3.1811230487e-05 2.5570858115e-03
3.9820000000e+00 -3.1854980551e-05 2.5560365544e-03
3.9830000000e+00 -3.1895328347e-05 2.5548308331e-03
3.9840000000e+00 -3.1932215345e-05 2.5534685027e-03
3.9850000000e+00 -3.1965663767e-05 2.5519494423e-03
3.9860000000e+00 -3.1995771425e-05 2.5502735550e-03
3.9870000000e+00 -3.2022701607e-05 2.5484407677e-03
3.9880000000e+00 -3.2046666039e-05 2.5464510305e-03
3.9890000000e+00 -3.2067901905e-05 2.5443043163e-03
3.9900000000e+00 -3.2086647084e-05 2.5420006209e-03
3.9910000000e+00 -3.2103117996e-05 2.5395399622e-03
3.9920000000e+00 -3.2117490663e-05 2.5369223805e-03
3.9930000000e+00 -3.2129884352e-05 2.5341479378e-03
3.9940000000e+00 -3.2140349552e-05 2.5312167182e-03
3.9950000000e+00 -3.2148863232e-05 2.5281288280e-03
3.9960000000e+00 -3.2155333378e-05 2.5248843957e-03
3.9970000000e+00 -3.2159611225e-05 2.5214835722e-03
3.9980000000e+00 -3.2161508052e-05 2.5179265311e-03
3.9990000000e+00 -3.2160814731e-05 2.5142134694e-03
4.0000000000e+00 -3.2157323282e-05 2.5103446071e-03
4.0010000000e+00 -3.2150849947e-05 2.5063201882e-03
4.0020000000e+00 -3.2141257261e-05 2.5021404805e-03
4.0030000000e+00 -3.2128471159e-05 2.4978057757e-03
4.0040000000e+00 -3.2112490513e-05 2.4933163900e-03
4.0050000000e+00 -3.2093388933e-05 2.4886726634e-03
4.0060000000e+00 -3.2071310834e-05 2.4838749603e-03
4.0070000000e+00 -3.2046462317e-05 2.4789236689e-03
4.0080000000e+00 -3.2019095307e-05 2.4738192009e-03
4.0090000000e+00 -3.1989485057e-05 2.4685619913e-03
4.0100000000e+00 -3.1957904826e-05 2.4631524982e-03
4.0110000000e+00 -3.1924603008e-05 2.4575912019e-03
4.0120000000e+00 -3.1889784594e-05 2.4518786051e-03
4.0130000000e+00 -3.1853595582e-05 2.4460152322e-03
4.0140000000e+00 -3.1816111079e-05 2.4400016291e-03
4.0150000000e+00 -3.1777330596e-05 2.4338383634e-03
4.0160000000e+00 -3.1737182878e-05 2.4275260237e-03
4.0170000000e+00 -3.1695538416e-05 2.4210652204e-03
4.0180000000e+00 -3.1652225647e-05 2.4144565854e-03
4.0190000000e+00 -3.1607049028e-05 2.4077007724e-03
4.0200000000e+00 -3.1559808976e-05 2.4007984572e-03
4.0210000000e+00 -3.1510322829e-05 2.3937503380e-03
4.0220000000e+00 -3.1458444113e-05 2.3865571357e-03
4.0230000000e+00 -3.1404076766e-05 2.3792195941e-03
4.0240000000e+00 -3.1347182768e-05 2.3717384800e-03
4.0250000000e+00 -3.1287783741e-05 2.3641145835e-03
4.0260000000e+00 -3.1225957840e-05 2.3563487176e-03
4.0270000000e+00 -3.1161832432e-05 2.3484417183e-03
4.0280000000e+00 -3.1095571704e-05 2.3403944445e-03
4.0290000000e+00 -3.1027359385e-05 2.3322077770e-03
4.0300000000e+00 -3.0957379545e-05 2.3238826191e-03
4.0310000000e+00 -3.0885799305e-05 2.3154198952e-03
4.0320000000e+00 -3.0812755278e-05 2.3068205508e-03
4.0330000000e+00 -3.0738342960e-05 2.2980855517e-03
4.0340000000e+00 -3.0662608841e-05 2.2892158840e-03
4.0350000000e+00 -3.0585547401e-05 2.2802125533e-03
4.0360000000e+00 -3.0507105202e-05 2.2710765847e-03
4.0370000000e+00 -3.0427191443e-05 2.2618090228e-03
4.0380000000e+00 -3.0345691655e-05 2.2524109313e-03
4.0390000000e+00 -3.0262481991e-05 2.2428833939e-03
4.0400000000e+00 -3.0177444340e-05 2.2332275137e-03
4.0410000000e+00 -3.0090482677e-05 2.2234444143e-03
4.0420000000e+00 -3.0001538312e-05 2.2135352398e-03
4.0430000000e+00 -2.9910600005e-05 2.2035011552e-03
4.0440000000e+00 -2.9817706929e-05 2.1933433468e-03
4.0450000000e+00 -2.9722946132e-05 2.1830630227e-03
4.0460000000e+00 -2.9626446544e-05 2.1726614123e-03
4.0470000000e+00 -2.9528369322e-05 2.1621397671e-03
4.0480000000e+00 -2.9428893707e-05 2.1514993598e-03
4.0490000000e+00 -2.9328199572e-05 2.1407414842e-03
4.0500000000e+00 -2.9226450100e-05 2.1298674548e-03
4.0510000000e+00 -2.9123777455e-05 2.1188786062e-03
4.0520000000e+00 -2.9020272166e-05 2.1077762920e-03
4.0530000000e+00 -2.8915976002e-05 2.0965618848e-03
4.0540000000e+00 -2.8810878283e-05 2.0852367749e-03
4.0550000000e+00 -2.8704916641e-05 2.0738023704e-03
4.0560000000e+00 -2.8597983445e-05 2.0622600962e-03
4.0570000000e+00 -2.8489937592e-05 2.0506113941e-03
4.0580000000e+00 -2.8380619406e-05 2.0388577227e-03
4.0590000000e+00 -2.8269865818e-05 2.0270005574e-03
4.0600000000e+00 -2.8157525172e-05 2.0150413906e-03
4.0610000000e+00 -2.8043472581e-05 2.0029817318e-03
4.0620000000e+00 -2.7927624659e-05 1.9908231086e-03
4.0630000000e+00 -2.7809950014e-05 1.9785670661e-03
4.0640000000e+00 -2.7690472836e-05 1.9662151682e-03
4.0650000000e+00 -2.7569270760e-05 1.9537689971e-03
4.0660000000e+00 -2.7446469644e-05 1.9412301536e-03
4.0670000000e+00 -2.7322235264e-05 1.9286002575e-03
4.0680000000e+00 -2.7196760338e-05 1.9158809465e-03
4.0690000000e+00 -2.7070247402e-05 1.9030738768e-03
4.0700000000e+00 -2.6942890820e-05 1.8901807219e-03
4.0710000000e+00 -2.6814861251e-05 1.8772031723e-03
4.0720000000e+00 -2.6686293202e-05 1.8641429350e-03
4.0730000000e+00 -2.6557275249e-05 1.8510017323e-03
4.0740000000e+00 -2.6427843774e-05 1.8377813015e-03
4.0750000000e+00 -2.6297982170e-05 1.8244833941e-03
4.0760000000e+00 -2.6167626983e-05 1.8111097755e-03
4.0770000000e+00 -2.6036680077e-05 1.7976622242e-03
4.0780000000e+00 -2.5905024415e-05 1.7841425322e-03
4.0790000000e+00 -2.5772541367e-05 1.7705525041e-03
4.0800000000e+00 -2.5639128347e-05 1.7568939578e-03
4.0810000000e+00 -2.5504716386e-05 1.7431687246e-03
4.0820000000e+00 -2.5369286021e-05 1.7293786491e-03
4.0830000000e+00 -2.5232878375e-05 1.7155255899e-03
4.0840000000e+00 -2.5095598982e-05 1.7016114198e-03
4.0850000000e+00 -2.4957614287e-05 1.6876380257e-03
4.0860000000e+00 -2.4819143076e-05 1.6736073091e-03
4.0870000000e+00 -2.4680444006e-05 1.6595211861e-03
4.0880000000e+00 -2.4541798500e-05 1.6453815868e-03
4.0890000000e+00 -2.4403489407e-05 1.6311904552e-03
4.0900000000e+00 -2.4265778497e-05 1.6169497489e-03
4.0910000000e+00 -2.4128887076e-05 1.6026614382e-03
4.0920000000e+00 -2.3992981558e-05 1.5883275055e-03
4.0930000000e+00 -2.3858163191e-05 1.5739499445e-03
4.0940000000e+00 -2.3724462159e-05 1.5595307595e-03
4.0950000000e+00 -2.3591837993e-05 1.5450719645e-03
4.0960000000e+00 -2.3460188168e-05 1.5305755825e-03
4.0970000000e+00 -2.3329363916e-05 1.5160436454e-03
4.0980000000e+00 -2.3199189848e-05 1.5014781929e-03
4.0990000000e+00 -2.3069485113e-05 1.4868812726e-03
4.1000000000e+00 -2.2940085343e-05 1.4722549399e-03
4.1010000000e+00 -2.2810864712e-05 1.4576012577e-03
4.1020000000e+00 -2.2681755745e-05 1.4429222969e-03
4.1030000000e+00 -2.2552763370e-05 1.4282201365e-03
4.1040000000e+00 -2.2423971486e-05 1.4134968635e-03
4.1050000000e+00 -2.2295542226e-05 1.3987545735e-03
4.1060000000e+00 -2.2167708875e-05 1.3839953706e-03
4.1070000000e+00 -2.2040763056e-05 1.3692213674e-03
4.1080000000e+00 -2.1915036041e-05 1.3544346849e-03
4.1090000000e+00 -2.1790875194e-05 1.3396374522e-03
4.1100000000e+00 -2.1668618135e-05 1.3248318059e-03
4.1110000000e+00 -2.1548568457e-05 1.3100198895e-03
4.1120000000e+00 -2.1430976127e-05 1.2952038526e-03
4.1130000000e+00 -2.1316023110e-05 1.2803858504e-03
4.1140000000e+00 -2.1203814231e-05 1.2655680422e-03
4.1150000000e+00 -2.1094374694e-05 1.2507525912e-03
4.1160000000e+00 -2.0987656291e-05 1.2359416635e-03
4.1170000000e+00 -2.0883552095e-05 1.2211374275e-03
4.1180000000e+00 -2.0781915933e-05 1.2063420534e-03
4.1190000000e+00 -2.0682583378e-05 1.1915577131e-03
4.1200000000e+00 -2.0585393560e-05 1.1767865797e-03
4.1210000000e+00 -2.0490211657e-05 1.1620308277e-03
4.1220000000e+00 -2.0396949755e-05 1.1472926334e-03
4.1230000000e+00 -2.0305582062e-05 1.1325741742e-03
4.1240000000e+00 -2.0216152561e-05 1.1178776297e-03
4.1250000000e+00 -2.0128775850e-05 1.1032051813e-03
4.1260000000e+00 -2.0043632228e-05 1.0885590126e-03
4.1270000000e+00 -1.9960957138e-05 1.0739413091e-03
4.1280000000e+00 -1.9881024567e-05 1.0593542583e-03
4.1290000000e+00 -1.9804125532e-05 1.0448000491e-03
4.1300000000e+00 -1.9730544416e-05 1.0302808715e-03
4.1310000000e+00 -1.9660536216e-05 1.0157989160e-03
4.1320000000e+00 -1.9594307014e-05 1.0013563729e-03
4.1330000000e+00 -1.9531998517e-05 9.8695543102e-04
4.1340000000e+00 -1.9473677179e-05 9.7259827767e-04
4.1350000000e+00 -1.9419329196e-05 9.5828709717e-04
4.1360000000e+00 -1.9368862997e-05 9.4402407038e-04
4.1370000000e+00 -1.9322119638e-05 9.2981137401e-04
4.1380000000e+00 -1.9278889039e-05 9.1565118014e-04
4.1390000000e+00 -1.9238929357e-05 9.0154565586e-04
4.1400000000e+00 -1.9201988389e-05 8.8749696311e-04
4.1410000000e+00 -1.9167826880e-05 8.7350725867e-04
4.1420000000e+00 -1.9136242159e-05 8.5957869426e-04
4.1430000000e+00 -1.9107088302e-05 8.4571341674e-04
4.1440000000e+00 -1.9080289590e-05 8.3191356827e-04
4.1450000000e+00 -1.9055846938e-05 8.1818128660e-04
4.1460000000e+00 -1.9033838368e-05 8.0451870511e-04
4.1470000000e+00 -1.9014413489e-05 7.9092795289e-04
4.1480000000e+00 -1.8997780755e-05 7.7741115455e-04
4.1490000000e+00 -1.8984187856e-05 7.6397042993e-04
4.1500000000e+00 -1.8973898169e-05 7.5060789365e-04
4.1510000000e+00 -1.8967166780e-05 7.3732565447e-04
4.1520000000e+00 -1.8964218027e-05 7.2412581452e-04
4.1530000000e+00 -1.8965225321e-05 7.1101046852e-04
4.1540000000e+00 -1.8970294555e-05 6.9798170292e-04
4.1550000000e+00 -1.8979453396e-05 6.8504159511e-04
4.1560000000e+00 -1.8992648395e-05 6.7219221266e-04
4.1570000000e+00 -1.9009750028e-05 6.5943561280e-04
4.1580000000e+00 -1.9030564110e-05 6.4677384194e-04
4.1590000000e+00 -1.9054847702e-05 6.3420893546e-04
4.1600000000e+00 -1.9082328396e-05 6.2174291754e-04
4.1610000000e+00 -1.9112726310e-05 6.0937780128e-04
4.1620000000e+00 -1.9145777182e-05 5.9711558880e-04
4.1630000000e+00 -1.9181253548e-05 5.8495827145e-04
4.1640000000e+00 -1.9218980977e-05 5.7290783006e-04
4.1650000000e+00 -1.9258848133e-05 5.6096623508e-04
4.1660000000e+00 -1.9300811197e-05 5.4913544674e-04
4.1670000000e+00 -1.9344892862e-05 5.3741741501e-04
4.1680000000e+00 -1.9391174870e-05 5.2581407941e-04
4.1690000000e+00 -1.9439783609e-05 5.1432736873e-04
4.1700000000e+00 -1.9490870571e-05 5.0295920051e-04
4.1710000000e+00 -1.9544591206e-05 4.9171148041e-04
4.1720000000e+00 -1.9601084601e-05 4.8058610151e-04
4.1730000000e+00 -1.9660454397e-05 4.6958494354e-04
4.1740000000e+00 -1.9722751648e-05 4.5870987204e-04
4.1750000000e+00 -1.9787962227e-05 4.4796273765e-04
4.1760000000e+00 -1.9856001742e-05 4.3734537549e-04
4.1770000000e+00 -1.9926718479e-05 4.2685960460e-04
4.1780000000e+00 -1.9999902507e-05 4.1650722767e-04
4.1790000000e+00 -2.0075299485e-05 4.0629003081e-04
4.1800000000e+00 -2.0152628692e-05 3.9620978357e-04
4.1810000000e+00 -2.0231604418e-05 3.8626823901e-04
4.1820000000e+00 -2.0311958299e-05 3.7646713394e-04
4.1830000000e+00 -2.0393459411e-05 3.6680818914e-04
4.1840000000e+00 -2.0475929863e-05 3.5729310950e-04
4.1850000000e+00 -2.0559254756e-05 3.4792358426e-04
4.1860000000e+00 -2.0643386423e-05 3.3870128694e-04
4.1870000000e+00 -2.0728343160e-05 3.2962787525e-04
4.1880000000e+00 -2.0814202096e-05 3.2070499085e-04
4.1890000000e+00 -2.0901085970e-05 3.1193425886e-04
4.1900000000e+00 -2.0989145077e-05 3.0331728736e-04
4.1910000000e+00 -2.1078537462e-05 2.9485566666e-04
4.1920000000e+00 -2.1169410103e-05 2.8655096862e-04
4.1930000000e+00 -2.1261881682e-05 2.7840474590e-04
4.1940000000e+00 -2.1356027202e-05 2.7041853126e-04
4.1950000000e+00 -2.1451866254e-05 2.6259383688e-04
4.1960000000e+00 -2.1549357594e-05 2.5493215382e-04
4.1970000000e+00 -2.1648400820e-05 2.4743495166e-04
4.1980000000e+00 -2.1748843282e-05 2.4010367815e-04
4.1990000000e+00 -2.1850490408e-05 2.3293975916e-04
4.2000000000e+00 -2.1953119086e-05 2.2594459862e-04
4.2010000000e+00 -2.2056494064e-05 2.1911957866e-04
4.2020000000e+00 -2.2160385878e-05 2.1246605976e-04
4.2030000000e+00 -2.2264587347e-05 2.0598538097e-04
4.2040000000e+00 -2.2368926448e-05 1.9967886005e-04
4.2050000000e+00 -2.2473275198e-05 1.9354779358e-04
4.2060000000e+00 -2.2577554800e-05 1.8759345690e-04
4.2070000000e+00 -2.2681736861e-05 1.8181710403e-04
4.2080000000e+00 -2.2785839613e-05 1.7621996732e-04
4.2090000000e+00 -2.2889918876e-05 1.7080325703e-04
4.2100000000e+00 -2.2994055144e-05 1.6556816083e-04
4.2110000000e+00 -2.3098338973e-05 1.6051584306e-04
4.2120000000e+00 -2.3202856480e-05 1.5564744416e-04
4.2130000000e+00 -2.3307675635e-05 1.5096407993e-04
4.2140000000e+00 -2.3412834045e-05 1.4646684090e-04
4.2150000000e+00 -2.3518329702e-05 1.4215679184e-04
4.2160000000e+00 -2.3624116448e-05 1.3803497128e-04
4.2170000000e+00 -2.3730105130e-05 1.3410239128e-04
4.2180000000e+00 -2.3836169530e-05 1.3036003735e-04
4.2190000000e+00 -2.3942155366e-05 1.2680886841e-04
4.2200000000e+00 -2.4047891561e-05 1.2344981692e-04
4.2210000000e+00 -2.4153203738e-05 1.2028378913e-04
4.2220000000e+00 -2.4257929294e-05 1.1731166527e-04
4.2230000000e+00 -2.4361931476e-05 1.1453429982e-04
4.2240000000e+00 -2.4465109730e-05 1.1195252160e-04
4.2250000000e+00 -2.4567405733e-05 1.0956713388e-04
4.2260000000e+00 -2.4668806013e-05 1.0737891426e-04
4.2270000000e+00 -2.4769341312e-05 1.0538861450e-04
4.2280000000e+00 -2.4869081461e-05 1.0359696017e-04
4.2290000000e+00 -2.4968125287e-05 1.0200465016e-04
4.2300000000e+00 -2.5066587367e-05 1.0061235616e-04
4.2310000000e+00 -2.5164584022e-05 9.9420722012e-05
4.2320000000e+00 -2.5262219772e-05 9.8430363098e-05
4.2330000000e+00 -2.5359574478e-05 9.7641865774e-05
4.2340000000e+00 -2.5456691864e-05 9.7055786837e-05
4.2350000000e+00 -2.5553571135e-05 9.6672653122e-05
4.2360000000e+00 -2.5650163167e-05 9.6492961224e-05
4.2370000000e+00 -2.5746371776e-05 9.6517177377e-05
4.2380000000e+00 -2.5842059487e-05 9.6745737470e-05
4.2390000000e+00 -2.5937056579e-05 9.7179047176e-05
4.2400000000e+00 -2.6031172707e-05 9.7817482172e-05
4.2410000000e+00 -2.6124210825e-05 9.8661388437e-05
4.2420000000e+00 -2.6215982683e-05 9.9711082572e-05
4.2430000000e+00 -2.6306323903e-05 1.0096685211e-04
4.2440000000e+00 -2.6395105974e-05 1.0242895576e-04
4.2450000000e+00 -2.6482243851e-05 1.0409762352e-04
4.2460000000e+00 -2.6567699397e-05 1.0597305669e-04
4.2470000000e+00 -2.6651480907e-05 1.0805542777e-04
4.2480000000e+00 -2.6733637967e-05 1.1034488011e-04
4.2490000000e+00 -2.6814250930e-05 1.1284152759e-04
4.2500000000e+00 -2.6893416436e-05 1.1554545405e-04
4.2510000000e+00 -2.6971231837e-05 1.1845671272e-04
4.2520000000e+00 -2.7047780596e-05 1.2157532576e-04
4.2530000000e+00 -2.7123119164e-05 1.2490128369e-04
4.2540000000e+00 -2.7197265621e-05 1.2843454504e-04
4.2550000000e+00 -2.7270191867e-05 1.3217503609e-04
4.2560000000e+00 -2.7341821398e-05 1.3612265076e-04
4.2570000000e+00 -2.7412032972e-05 1.4027725072e-04
4.2580000000e+00 -2.7480668920e-05 1.4463866563e-04
4.2590000000e+00 -2.7547546691e-05 1.4920669349e-04
4.2600000000e+00 -2.7612473036e-05 1.5398110111e-04
4.2610000000e+00 -2.7675260193e-05 1.5896162456e-04
4.2620000000e+00 -2.7735742436e-05 1.6414796971e-04
4.2630000000e+00 -2.7793790748e-05 1.6953981263e-04
4.2640000000e+00 -2.7849323496e-05 1.7513679985e-04
4.2650000000e+00 -2.7902312034e-05 1.8093854862e-04
4.2660000000e+00 -2.7952781323e-05 1.8694464680e-04
4.2670000000e+00 -2.8000805961e-05 1.9315465279e-04
4.2680000000e+00 -2.8046501580e-05 1.9956809520e-04
4.2690000000e+00 -2.8090011531e-05 2.0618447241e-04
4.2700000000e+00 -2.8131490017e-05 2.1300325208e-04
4.2710000000e+00 -2.8171084256e-05 2.2002387060e-04
4.2720000000e+00 -2.8208918020e-05 2.2724573264e-04
4.2730000000e+00 -2.8245077454e-05 2.3466821068e-04
4.2740000000e+00 -2.8279599390e-05 2.4229064479e-04
4.2750000000e+00 -2.8312463408e-05 2.5011234247e-04
4.2760000000e+00 -2.8343589608e-05 2.5813257873e-04
4.2770000000e+00 -2.8372842945e-05 2.6635059638e-04
4.2780000000e+00 -2.8400042977e-05 2.7476560643e-04
4.2790000000e+00 -2.8424977200e-05 2.8337678874e-04
4.2800000000e+00 -2.8447417094e-05 2.9218329264e-04
4.2810000000e+00 -2.8467136528e-05 3.0118423762e-04
4.2820000000e+00 -2.8483931119e-05 3.1037871405e-04
4.2830000000e+00 -2.8497635783e-05 3.1976578375e-04
4.2840000000e+00 -2.8508137966e-05 3.2934448035e-04
4.2850000000e+00 -2.8515385702e-05 3.3911380960e-04
4.2860000000e+00 -2.8519390686e-05 3.4907274934e-04
4.2870000000e+00 -2.8520226287e-05 3.5922024940e-04
4.2880000000e+00 -2.8518019909e-05 3.6955523126e-04
4.2890000000e+00 -2.8512939904e-05 3.8007658760e-04
4.2900000000e+00 -2.8505178643e-05 3.9078318182e-04
4.2910000000e+00 -2.8494933990e-05 4.0167384746e-04
4.2920000000e+00 -2.8482391186e-05 4.1274738780e-04
4.2930000000e+00 -2.8467706502e-05 4.2400257549e-04
4.2940000000e+00 -2.8450993679e-05 4.3543815242e-04
4.2950000000e+00 -2.8432314321e-05 4.4705282968e-04
4.2960000000e+00 -2.8411673624e-05 4.5884528785e-04
4.2970000000e+00 -2.8389022455e-05 4.7081417740e-04
4.2980000000e+00 -2.8364265267e-05 4.8295811935e-04
4.2990000000e+00 -2.8337271992e-05 4.9527570594e-04
4.3000000000e+00 -2.8307892595e-05 5.0776550149e-04
4.3010000000e+00 -2.8275974007e-05 5.2042604317e-04
4.3020000000e+00 -2.8241378765e-05 5.3325584175e-04
4.3030000000e+00 -2.8204002840e-05 5.4625338223e-04
4.3040000000e+00 -2.8163789785e-05 5.5941712431e-04
4.3050000000e+00 -2.8120740198e-05 5.7274550262e-04
4.3060000000e+00 -2.8074916842e-05 5.8623692681e-04
4.3070000000e+00 -2.8026445234e-05 5.9988978136e-04
4.3080000000e+00 -2.7975508565e-05 6.1370242527e-04
4.3090000000e+00 -2.7922336559e-05 6.2767319164e-04
4.3100000000e+00 -2.7867189735e-05 6.4180038713e-04
4.3110000000e+00 -2.7810341131e-05 6.5608229146e-04
4.3120000000e+00 -2.7752057236e-05 6.7051715694e-04
4.3130000000e+00 -2.7692579314e-05 6.8510320819e-04
4.3140000000e+00 -2.7632106407e-05 6.9983864201e-04
4.3150000000e+00 -2.7570781877e-05 7.1472162744e-04
4.3160000000e+00 -2.7508685341e-05 7.2975030613e-04
4.3170000000e+00 -2.7445831212e-05 7.4492279286e-04
4.3180000000e+00 -2.7382173710e-05 7.6023717629e-04
4.3190000000e+00 -2.7317617165e-05 7.7569151988e-04
4.3200000000e+00 -2.7252030603e-05 7.9128386282e-04
4.3210000000e+00 -2.7185265934e-05 8.0701222103e-04
4.3220000000e+00 -2.7117178685e-05 8.2287458805e-04
4.3230000000e+00 -2.7047649039e-05 8.3886893581e-04
4.3240000000e+00 -2.6976600381e-05 8.5499321521e-04
4.3250000000e+00 -2.6904039402e-05 8.7124535666e-04
4.3260000000e+00 -2.6829992681e-05 8.8762326958e-04
4.3270000000e+00 -2.6754535905e-05 9.0412484238e-04
4.3280000000e+00 -2.6677921488e-05 9.2074794294e-04
4.3290000000e+00 -2.6600383934e-05 9.3749041716e-04
4.3300000000e+00 -2.6522159884e-05 9.5435008847e-04
4.3310000000e+00 -2.6443626140e-05 9.7132475857e-04
4.3320000000e+00 -2.6365102510e-05 9.8841220593e-04
4.3330000000e+00 -2.6286889827e-05 1.0056101855e-03
4.3340000000e+00 -2.6209276613e-05 1.0229164289e-03
4.3350000000e+00 -2.6132479195e-05 1.0403286445e-03
4.3360000000e+00 -2.6056711810e-05 1.0578445180e-03
4.3370000000e+00 -2.5982070278e-05 1.0754617129e-03
4.3380000000e+00 -2.5908576209e-05 1.0931778717e-03
4.3390000000e+00 -2.5836257451e-05 1.1109906166e-03
4.3400000000e+00 -2.5765064520e-05 1.1288975504e-03
4.3410000000e+00 -2.5694898392e-05 1.1468962577e-03
4.3420000000e+00 -2.5625670991e-05 1.1649843060e-03
4.3430000000e+00 -2.5557314780e-05 1.1831592465e-03
4.3440000000e+00 -2.5489767991e-05 1.2014186145e-03
4.3450000000e+00 -2.5423011404e-05 1.2197599302e-03
4.3460000000e+00 -2.5357098523e-05 1.2381806981e-03
4.3470000000e+00 -2.5292123119e-05 1.2566784079e-03
4.3480000000e+00 -2.5228237339e-05 1.2752505334e-03
4.3490000000e+00 -2.5165657441e-05 1.2938945323e-03
4.3500000000e+00 -2.5104635486e-05 1.3126078464e-03
4.3510000000e+00 -2.5045449125e-05 1.3313879004e-03
4.3520000000e+00 -2.4988384909e-05 1.3502321017e-03
4.3530000000e+00 -2.4933713874e-05 1.3691378405e-03
4.3540000000e+00 -2.4881676140e-05 1.3881024895e-03
4.3550000000e+00 -2.4832484610e-05 1.4071234043e-03
4.3560000000e+00 -2.4786283846e-05 1.4261979243e-03
4.3570000000e+00 -2.4743153523e-05 1.4453233728e-03
4.3580000000e+00 -2.4703130153e-05 1.4644970587e-03
4.3590000000e+00 -2.4666158733e-05 1.4837162770e-03
4.3600000000e+00 -2.4632175933e-05 1.5029783100e-03
4.3610000000e+00 -2.4601101216e-05 1.5222804293e-03
4.3620000000e+00 -2.4572775822e-05 1.5416198959e-03
4.3630000000e+00 -2.4547091624e-05 1.5609939616e-03
4.3640000000e+00 -2.4523966684e-05 1.5803998698e-03
4.3650000000e+00 -2.4503337535e-05 1.5998348555e-03
4.3660000000e+00 -2.4485207823e-05 1.6192961460e-03
4.3670000000e+00 -2.4469603131e-05 1.6387809606e-03
4.3680000000e+00 -2.4456617558e-05 1.6582865108e-03
4.3690000000e+00 -2.4446394247e-05 1.6778099995e-03
4.3700000000e+00 -2.4439125016e-05 1.6973486210e-03
4.3710000000e+00 -2.4435040980e-05 1.7168995604e-03
4.3720000000e+00 -2.4434355500e-05 1.7364599933e-03
4.3730000000e+00 -2.4437309253e-05 1.7560270854e-03
4.3740000000e+00 -2.4444105133e-05 1.7755979931e-03
4.3750000000e+00 -2.4454916456e-05 1.7951698632e-03
4.3760000000e+00 -2.4469913312e-05 1.8147398340e-03
4.3770000000e+00 -2.4489162940e-05 1.8343050353e-03
4.3780000000e+00 -2.4512700403e-05 1.8538625900e-03
4.3790000000e+00 -2.4540520612e-05 1.8734096152e-03
4.3800000000e+00 -2.4572532173e-05 1.8929432233e-03
4.3810000000e+00 -2.4608661234e-05 1.9124605232e-03
4.3820000000e+00 -2.4648809726e-05 1.9319586214e-03
4.3830000000e+00 -2.4692823287e-05 1.9514346234e-03
4.3840000000e+00 -2.4740568564e-05 1.9708856343e-03
4.3850000000e+00 -2.4791957397e-05 1.9903087592e-03
4.3860000000e+00 -2.4846951833e-05 2.0097011037e-03
4.3870000000e+00 -2.4905523502e-05 2.0290597742e-03
4.3880000000e+00 -2.4967655685e-05 2.0483818776e-03
4.3890000000e+00 -2.5033397131e-05 2.0676645212e-03
4.3900000000e+00 -2.5102858830e-05 2.0869048122e-03
4.3910000000e+00 -2.5176181500e-05 2.1060998571e-03
4.3920000000e+00 -2.5253460834e-05 2.1252467618e-03
4.3930000000e+00 -2.5334784106e-05 2.1443426316e-03
4.3940000000e+00 -2.5420297539e-05 2.1633845706e-03
4.3950000000e+00 -2.5510099691e-05 2.1823696820e-03
4.3960000000e+00 -2.5604227296e-05 2.2012950693e-03
4.3970000000e+00 -2.5702686634e-05 2.2201578364e-03
4.3980000000e+00 -2.5805428632e-05 2.2389550890e-03
4.3990000000e+00 -2.5912395058e-05 2.2576839352e-03
4.4000000000e+00 -2.6023476136e-05 2.2763414872e-03
4.4010000000e+00 -2.6138500220e-05 2.2949248627e-03
4.4020000000e+00 -2.6257325813e-05 2.3134311858e-03
4.4030000000e+00 -2.6379812827e-05 2.3318575877e-03
4.4040000000e+00 -2.6505794936e-05 2.3502012086e-03
4.4050000000e+00 -2.6635144786e-05 2.3684591972e-03
4.4060000000e+00 -2.6767812338e-05 2.3866287116e-03
4.4070000000e+00 -2.6903773182e-05 2.4047069198e-03
4.4080000000e+00 -2.7042988578e-05 2.4226909996e-03
4.4090000000e+00 -2.7185472476e-05 2.4405781385e-03
4.4100000000e+00 -2.7331323954e-05 2.4583655323e-03
4.4110000000e+00 -2.7480682024e-05 2.4760503855e-03
4.4120000000e+00 -2.7633653831e-05 2.4936299113e-03
4.4130000000e+00 -2.7790289481e-05 2.5111013315e-03
4.4140000000e+00 -2.7950683966e-05 2.5284618755e-03
4.4150000000e+00 -2.8114965468e-05 2.5457087804e-03
4.4160000000e+00 -2.8283157894e-05 2.5628392925e-03
4.4170000000e+00 -2.8455211136e-05 2.5798506676e-03
4.4180000000e+00 -2.8631066698e-05 2.5967401711e-03
4.4190000000e+00 -2.8810633156e-05 2.6135050801e-03
4.4200000000e+00 -2.8993787370e-05 2.6301426832e-03
4.4210000000e+00 -2.9180368359e-05 2.6466502826e-03
4.4220000000e+00 -2.9370172908e-05 2.6630251956e-03
4.4230000000e+00 -2.9562943326e-05 2.6792647555e-03
4.4240000000e+00 -2.9758586181e-05 2.6953663104e-03
4.4250000000e+00 -2.9957049260e-05 2.7113272256e-03
4.4260000000e+00 -3.0158074412e-05 2.7271448866e-03
4.4270000000e+00 -3.0361657255e-05 2.7428166946e-03
4.4280000000e+00 -3.0567861324e-05 2.7583400693e-03
4.4290000000e+00 -3.0776554768e-05 2.7737124498e-03
4.4300000000e+00 -3.0987808727e-05 2.7889312912e-03
4.4310000000e+00 -3.1201714684e-05 2.8039940659e-03
4.4320000000e+00 -3.1418340558e-05 2.8188982632e-03
4.4330000000e+00 -3.1637739611e-05 2.8336413897e-03
4.4340000000e+00 -3.1859829276e-05 2.8482209698e-03
4.4350000000e+00 -3.2084687383e-05 2.8626345414e-03
4.4360000000e+00 -3.2312369259e-05 2.8768796603e-03
4.4370000000e+00 -3.2542703725e-05 2.8909539012e-03
4.4380000000e+00 -3.2775505420e-05 2.9048548566e-03
4.4390000000e+00 -3.3010675257e-05 2.9185801367e-03
4.4400000000e+00 -3.3248076387e-05 2.9321273714e-03
4.4410000000e+00 -3.3487449209e-05 2.9454942127e-03
4.4420000000e+00 -3.3728588328e-05 2.9586783342e-03
4.4430000000e+00 -3.3971285642e-05 2.9716774322e-03
4.4440000000e+00 -3.4215326865e-05 2.9844892272e-03
4.4450000000e+00 -3.4460626088e-05 2.9971114626e-03
4.4460000000e+00 -3.4707069279e-05 3.0095419076e-03
4.4470000000e+00 -3.4954559184e-05 3.0217783568e-03
4.4480000000e+00 -3.5203079934e-05 3.0338186304e-03
4.4490000000e+00 -3.5452635654e-05 3.0456605732e-03
4.4500000000e+00 -3.5703290956e-05 3.0573020545e-03
4.4510000000e+00 -3.5955122711e-05 3.0687409688e-03
4.4520000000e+00 -3.6208205264e-05 3.0799752354e-03
4.4530000000e+00 -3.6462567879e-05 3.0910027987e-03
4.4540000000e+00 -3.6718233264e-05 3.1018216264e-03
4.4550000000e+00 -3.6975221988e-05 3.1124297096e-03
4.4560000000e+00 -3.7233470850e-05 3.1228250651e-03
4.4570000000e+00 -3.7492948576e-05 3.1330057328e-03
4.4580000000e+00 -3.7753462014e-05 3.1429697798e-03
4.4590000000e+00 -3.8014728992e-05 3.1527152998e-03
4.4600000000e+00 -3.8276640822e-05 3.1622404094e-03
4.4610000000e+00 -3.8538949300e-05 3.1715432546e-03
4.4620000000e+00 -3.8801336314e-05 3.1806220107e-03
4.4630000000e+00 -3.9063523040e-05 3.1894748818e-03
4.4640000000e+00 -3.9325207282e-05 3.1981001027e-03
4.4650000000e+00 -3.9586213429e-05 3.2064959370e-03
4.4660000000e+00 -3.9846392048e-05 3.2146606791e-03
4.4670000000e+00 -4.0105591417e-05 3.2225926557e-03
4.4680000000e+00 -4.0363662214e-05 3.2302902262e-03
4.4690000000e+00 -4.0620535422e-05 3.2377517808e-03
4.4700000000e+00 -4.0876261242e-05 3.2449757397e-03
4.4710000000e+00 -4.1130848557e-05 3.2519605557e-03
4.4720000000e+00 -4.1384349063e-05 3.2587047120e-03
4.4730000000e+00 -4.1636751984e-05 3.2652067240e-03
4.4740000000e+00 -4.1887999266e-05 3.2714651387e-03
4.4750000000e+00 -4.2138161982e-05 3.2774785308e-03
4.4760000000e+00 -4.2387183656e-05 3.2832455071e-03
4.4770000000e+00 -4.2634898067e-05 3.2887647067e-03
4.4780000000e+00 -4.2881191208e-05 3.2940347979e-03
4.4790000000e+00 -4.3125851887e-05 3.2990544823e-03
4.4800000000e+00 -4.3368577775e-05 3.3038224946e-03
4.4810000000e+00 -4.3609124107e-05 3.3083376005e-03
4.4820000000e+00 -4.3847263530e-05 3.3125985985e-03
4.4830000000e+00 -4.4082671129e-05 3.3166043237e-03
4.4840000000e+00 -4.4314973063e-05 3.3203536475e-03
4.4850000000e+00 -4.4543889010e-05 3.3238454760e-03
4.4860000000e+00 -4.4769322313e-05 3.3270787479e-03
4.4870000000e+00 -4.4991187937e-05 3.3300524386e-03
4.4880000000e+00 -4.5209227442e-05 3.3327655654e-03
4.4890000000e+00 -4.5423284228e-05 3.3352171823e-03
4.4900000000e+00 -4.5633511423e-05 3.3374063742e-03
4.4910000000e+00 -4.5840064190e-05 3.3393322626e-03
4.4920000000e+00 -4.6042885325e-05 3.3409940107e-03
4.4930000000e+00 -4.6241935968e-05 3.3423908182e-03
4.4940000000e+00 -4.6437311092e-05 3.3435219185e-03
4.4950000000e+00 -4.6629080386e-05 3.3443865811e-03
4.4960000000e+00 -4.6817217357e-05 3.3449841124e-03
4.4970000000e+00 -4.7001559765e-05 3.3453138563e-03
4.4980000000e+00 -4.7181941976e-05 3.3453751928e-03
4.4990000000e+00 -4.7358280015e-05 3.3451675360e-03
4.5000000000e+00 -4.7530306627e-05 3.3446903393e-03
4.5010000000e+00 -4.7697666325e-05 3.3439430941e-03
4.5020000000e+00 -4.7860135597e-05 3.3429253265e-03
4.5030000000e+00 -4.8017422979e-05 3.3416366022e-03
4.5040000000e+00 -4.8169121925e-05 3.3400765285e-03
4.5050000000e+00 -4.8314913295e-05 3.3382447510e-03
4.5060000000e+00 -4.8454671148e-05 3.3361409509e-03
4.5070000000e+00 -4.8588313574e-05 3.3337648493e-03
4.5080000000e+00 -4.8715625113e-05 3.3311162119e-03
4.5090000000e+00 -4.8836384318e-05 3.3281948467e-03
4.5100000000e+00 -4.8950623084e-05 3.3250005979e-03
4.5110000000e+00 -4.9058586729e-05 3.3215333457e-03
4.5120000000e+00 -4.9160314082e-05 3.3177930155e-03
4.5130000000e+00 -4.9255674993e-05 3.3137795768e-03
4.5140000000e+00 -4.9344789860e-05 3.3094930343e-03
4.5150000000e+00 -4.9427859659e-05 3.3049334302e-03
4.5160000000e+00 -4.9504921062e-05 3.3001008481e-03
4.5170000000e+00 -4.9575924902e-05 3.2949954118e-03
4.5180000000e+00 -4.9640771800e-05 3.2896172840e-03
4.5190000000e+00 -4.9699362441e-05 3.2839666660e-03
4.5200000000e+00 -4.9751629751e-05 3.2780437971e-03
4.5210000000e+00 -4.9797428560e-05 3.2718489556e-03
4.5220000000e+00 -4.9836484438e-05 3.2653824608e-03
4.5230000000e+00 -4.9868576135e-05 3.2586446714e-03
4.5240000000e+00 -4.9893538111e-05 3.2516359856e-03
4.5250000000e+00 -4.9911163748e-05 3.2443568431e-03
4.5260000000e+00 -4.9921328155e-05 3.2368077227e-03
4.5270000000e+00 -4.9923944548e-05 3.2289891446e-03
4.5280000000e+00 -4.9918934345e-05 3.2209016716e-03
4.5290000000e+00 -4.9906272843e-05 3.2125459086e-03
4.5300000000e+00 -4.9885967216e-05 3.2039225030e-03
4.5310000000e+00 -4.9858176927e-05 3.1950321400e-03
4.5320000000e+00 -4.9823125811e-05 3.1858755460e-03
4.5330000000e+00 -4.9780883292e-05 3.1764534924e-03
4.5340000000e+00 -4.9731480435e-05 3.1667667934e-03
4.5350000000e+00 -4.9675130271e-05 3.1568162993e-03
4.5360000000e+00 -4.9612086109e-05 3.1466028983e-03
4.5370000000e+00 -4.9542387999e-05 3.1361275226e-03
4.5380000000e+00 -4.9465992221e-05 3.1253911442e-03
4.5390000000e+00 -4.9382883318e-05 3.1143947735e-03
4.5400000000e+00 -4.9293059505e-05 3.1031394592e-03
4.5410000000e+00 -4.9196535815e-05 3.0916262864e-03
4.5420000000e+00 -4.9093186881e-05 3.0798563811e-03
4.5430000000e+00 -4.8982793472e-05 3.0678309103e-03
4.5440000000e+00 -4.8865229178e-05 3.0555510785e-03
4.5450000000e+00 -4.8740443057e-05 3.0430181287e-03
4.5460000000e+00 -4.8608398507e-05 3.0302333425e-03
4.5470000000e+00 -4.8469020749e-05 3.0171980425e-03
4.5480000000e+00 -4.8322243615e-05 3.0039135924e-03
4.5490000000e+00 -4.8168111629e-05 2.9903813958e-03
4.5500000000e+00 -4.8006761026e-05 2.9766028952e-03
4.5510000000e+00 -4.7838348951e-05 2.9625795727e-03
4.5520000000e+00 -4.7663048558e-05 2.9483129510e-03
4.5530000000e+00 -4.7481098163e-05 2.9338045913e-03
4.5540000000e+00 -4.7292707961e-05 2.9190560959e-03
4.5550000000e+00 -4.7098049099e-05 2.9040691061e-03
4.5560000000e+00 -4.6897423997e-05 2.8888452978e-03
4.5570000000e+00 -4.6691103474e-05 2.8733863842e-03
4.5580000000e+00 -4.6479163082e-05 2.8576941192e-03
4.5590000000e+00 -4.6261656875e-05 2.8417702939e-03
4.5600000000e+00 -4.6038689337e-05 2.8256167335e-03
4.5610000000e+00 -4.5810377732e-05 2.8092352969e-03
4.5620000000e+00 -4.5576770337e-05 2.7926278793e-03
4.5630000000e+00 -4.5337792420e-05 2.7757964140e-03
4.5640000000e+00 -4.5093364464e-05 2.7587428702e-03
4.5650000000e+00 -4.4843532480e-05 2.7414692505e-03
4.5660000000e+00 -4.4588410292e-05 2.7239775910e-03
4.5670000000e+00 -4.4328023868e-05 2.7062699659e-03
4.5680000000e+00 -4.4062373609e-05 2.6883484872e-03
4.5690000000e+00 -4.3791528663e-05 2.6702153031e-03
4.5700000000e+00 -4.3515667004e-05 2.6518725971e-03
4.5710000000e+00 -4.3235105345e-05 2.6333225860e-03
4.5720000000e+00 -4.2950078350e-05 2.6145675247e-03
4.5730000000e+00 -4.2660746649e-05 2.5956097065e-03
4.5740000000e+00 -4.2367339090e-05 2.5764514594e-03
4.5750000000e+00 -4.2070126427e-05 2.5570951454e-03
4.5760000000e+00 -4.1769453857e-05 2.5375431589e-03
4.5770000000e+00 -4.1465506375e-05 2.5177979299e-03
4.5780000000e+00 -4.1158359838e-05 2.4978619218e-03
4.5790000000e+00 -4.0848202534e-05 2.4777376287e-03
4.5800000000e+00 -4.0535149864e-05 2.4574275770e-03
4.5810000000e+00 -4.0219301337e-05 2.4369343223e-03
4.5820000000e+00 -3.9900725329e-05 2.4162604507e-03
4.5830000000e+00 -3.9579405637e-05 2.3954085793e-03
4.5840000000e+00 -3.9255330714e-05 2.3743813558e-03
4.5850000000e+00 -3.8928490651e-05 2.3531814582e-03
4.5860000000e+00 -3.8599039999e-05 2.3318115899e-03
4.5870000000e+00 -3.8267136585e-05 2.3102744853e-03
4.5880000000e+00 -3.7932789598e-05 2.2885729123e-03
4.5890000000e+00 -3.7596088839e-05 2.2667096690e-03
4.5900000000e+00 -3.7257256492e-05 2.2446875822e-03
4.5910000000e+00 -3.6916618458e-05 2.2225095080e-03
4.5920000000e+00 -3.6574465824e-05 2.2001783333e-03
4.5930000000e+00 -3.6230983967e-05 2.1776969772e-03
4.5940000000e+00 -3.5886393211e-05 2.1550683890e-03
4.5950000000e+00 -3.5541024569e-05 2.1322955455e-03
4.5960000000e+00 -3.5195241267e-05 2.1093814503e-03
4.5970000000e+00 -3.4849247272e-05 2.0863291365e-03
4.5980000000e+00 -3.4503177904e-05 2.0631416642e-03
4.5990000000e+00 -3.4157190407e-05 2.0398221192e-03
4.6000000000e+00 -3.3811430141e-05 2.0163736125e-03
4.6010000000e+00 -3.3466080277e-05 1.9927992766e-03
4.6020000000e+00 -3.3121194351e-05 1.9691022689e-03
4.6030000000e+00 -3.2776767605e-05 1.9452857705e-03
4.6040000000e+00 -3.2432856927e-05 1.9213529848e-03
4.6050000000e+00 -3.2089521131e-05 1.8973071380e-03
4.6060000000e+00 -3.1746906236e-05 1.8731514763e-03
4.6070000000e+00 -3.1405136960e-05 1.8488892689e-03
4.6080000000e+00 -3.1064313084e-05 1.8245238091e-03
4.6090000000e+00 -3.0724535695e-05 1.8000584134e-03
4.6100000000e+00 -3.0385978280e-05 1.7754964212e-03
4.6110000000e+00 -3.0049004278e-05 1.7508411922e-03
4.6120000000e+00 -2.9713854642e-05 1.7260961101e-03
4.6130000000e+00 -2.9380694738e-05 1.7012645833e-03
4.6140000000e+00 -2.9049767984e-05 1.6763500416e-03
4.6150000000e+00 -2.8721320795e-05 1.6513559362e-03
4.6160000000e+00 -2.8395669735e-05 1.6262857378e-03
4.6170000000e+00 -2.8073021830e-05 1.6011429372e-03
4.6180000000e+00 -2.7753486489e-05 1.5759310451e-03
4.6190000000e+00 -2.7437175019e-05 1.5506535899e-03
4.6200000000e+00 -2.7124187375e-05 1.5253141161e-03
4.6210000000e+00 -2.6814682648e-05 1.4999161824e-03
4.6220000000e+00 -2.6508708191e-05 1.4744633630e-03
4.6230000000e+00 -2.6206222520e-05 1.4489592475e-03
4.6240000000e+00 -2.5907212566e-05 1.4234074382e-03
4.6250000000e+00 -2.5611725478e-05 1.3978115509e-03
4.6260000000e+00 -2.5319922775e-05 1.3721752127e-03
4.6270000000e+00 -2.5031881964e-05 1.3465020650e-03
4.6280000000e+00 -2.4747645067e-05 1.3207957637e-03
4.6290000000e+00 -2.4467362826e-05 1.2950599772e-03
4.6300000000e+00 -2.4191245441e-05 1.2692983868e-03
4.6310000000e+00 -2.3919599420e-05 1.2435146872e-03
4.6320000000e+00 -2.3652677130e-05 1.2177125868e-03
4.6330000000e+00 -2.3390651042e-05 1.1918958080e-03
4.6340000000e+00 -2.3133796001e-05 1.1660680857e-03
4.6350000000e+00 -2.2882421815e-05 1.1402331659e-03
4.6360000000e+00 -2.2636784517e-05 1.1143948063e-03
4.6370000000e+00 -2.2397090871e-05 1.0885567744e-03
4.6380000000e+00 -2.2163501947e-05 1.0627228473e-03
4.6390000000e+00 -2.1936135975e-05 1.0368968098e-03
4.6400000000e+00 -2.1715060822e-05 1.0110824538e-03
4.6410000000e+00 -2.1500331209e-05 9.8528357620e-04
4.6420000000e+00 -2.1292019744e-05 9.5950397757e-04
4.6430000000e+00 -2.1090115145e-05 9.3374746359e-04
4.6440000000e+00 -2.0894493405e-05 9.0801784304e-04
4.6450000000e+00 -2.0705138623e-05 8.8231892709e-04
4.6460000000e+00 -2.0522176840e-05 8.5665452878e-04
4.6470000000e+00 -2.0345675765e-05 8.3102846331e-04
4.6480000000e+00 -2.0175600366e-05 8.0544454919e-04
4.6490000000e+00 -2.0011962908e-05 7.7990660710e-04
4.6500000000e+00 -1.9854961778e-05 7.5441845957e-04
4.6510000000e+00 -1.9704856832e-05 7.2898393136e-04
4.6520000000e+00 -1.9561835437e-05 7.0360684951e-04
4.6530000000e+00 -1.9426052370e-05 6.7829104342e-04
4.6540000000e+00 -1.9297692281e-05 6.5304034397e-04
4.6550000000e+00 -1.9177019102e-05 6.2785858220e-04
4.6560000000e+00 -1.9064260279e-05 6.0274958872e-04
4.6570000000e+00 -1.8959530080e-05 5.7771719319e-04
4.6580000000e+00 -1.8862912238e-05 5.5276522328e-04
4.6590000000e+00 -1.8774480183e-05 5.2789750280e-04
4.6600000000e+00 -1.8694273820e-05 5.0311785103e-04
4.6610000000e+00 -1.8622267323e-05 4.7843008119e-04
4.6620000000e+00 -1.8558411259e-05 4.5383799913e-04
4.6630000000e+00 -1.8502642644e-05 4.2934540373e-04
4.6640000000e+00 -1.8454822494e-05 4.0495608548e-04
4.6650000000e+00 -1.8414816132e-05 3.8067382552e-04
4.6660000000e+00 -1.8382584234e-05 3.5650239555e-04
4.6670000000e+00 -1.8358156342e-05 3.3244555758e-04
4.6680000000e+00 -1.8341517378e-05 3.0850706489e-04
4.6690000000e+00 -1.8332592198e-05 2.8469066149e-04
4.6700000000e+00 -1.8331429154e-05 2.6100008129e-04
4.6710000000e+00 -1.8338240025e-05 2.3743904875e-04
4.6720000000e+00 -1.8353234538e-05 2.1401127915e-04
4.6730000000e+00 -1.8376501458e-05 1.9072047745e-04
4.6740000000e+00 -1.8408098419e-05 1.6757033791e-04
4.6750000000e+00 -1.8448221586e-05 1.4456454446e-04
4.6760000000e+00 -1.8497115487e-05 1.2170676899e-04
4.6770000000e+00 -1.8554867917e-05 9.9000669805e-05
4.6780000000e+00 -1.8621426342e-05 7.6449891565e-05
4.6790000000e+00 -1.8696775904e-05 5.4058063845e-05
4.6800000000e+00 -1.8780948103e-05 3.1828799985e-05
4.6810000000e+00 -1.8873873650e-05 9.7656960931e-06
4.6820000000e+00 -1.8975384221e-05 -1.2127670558e-05
4.6830000000e+00 -1.9085274609e-05 -3.3847741852e-05
4.6840000000e+00 -1.9203353059e-05 -5.5390979149e-05
4.6850000000e+00 -1.9329439376e-05 -7.6753864250e-05
4.6860000000e+00 -1.9463329962e-05 -9.7932900171e-05
4.6870000000e+00 -1.9604871444e-05 -1.1892461052e-04
4.6880000000e+00 -1.9753931215e-05 -1.3972553959e-04
4.6890000000e+00 -1.9910347452e-05 -1.6033225313e-04
4.6900000000e+00 -2.0074010401e-05 -1.8074133762e-04
4.6910000000e+00 -2.0244922017e-05 -2.0094940046e-04
4.6920000000e+00 -2.0423165303e-05 -2.2095307026e-04
4.6930000000e+00 -2.0608750473e-05 -2.4074899705e-04
4.6940000000e+00 -2.0801611565e-05 -2.6033385345e-04
4.6950000000e+00 -2.1001764415e-05 -2.7970433425e-04
4.6960000000e+00 -2.1209321047e-05 -2.9885715644e-04
4.6970000000e+00 -2.1424347950e-05 -3.1778906180e-04
4.6980000000e+00 -2.1646719182e-05 -3.3649681821e-04
4.6990000000e+00 -2.1876250108e-05 -3.5497721926e-04
4.7000000000e+00 -2.2112873473e-05 -3.7322708479e-04
4.7010000000e+00 -2.2356523308e-05 -3.9124326225e-04
4.7020000000e+00 -2.2606978810e-05 -4.0902262896e-04
4.7030000000e+00 -2.2863880191e-05 -4.2656209294e-04
4.7040000000e+00 -2.3126937286e-05 -4.4385859156e-04
4.7050000000e+00 -2.3395946438e-05 -4.6090909192e-04
4.7060000000e+00 -2.3670633172e-05 -4.7771059269e-04
4.7070000000e+00 -2.3950712814e-05 -4.9426012429e-04
4.7080000000e+00 -2.4235919582e-05 -5.1055474841e-04
4.7090000000e+00 -2.4526032878e-05 -5.2659155746e-04
4.7100000000e+00 -2.4820904969e-05 -5.4236767498e-04
4.7110000000e+00 -2.5120410312e-05 -5.5788025596e-04
4.7120000000e+00 -2.5424482314e-05 -5.7312648643e-04
4.7130000000e+00 -2.5733040347e-05 -5.8810358461e-04
4.7140000000e+00 -2.6045986502e-05 -6.0280880095e-04
4.7150000000e+00 -2.6363276276e-05 -6.1723941790e-04
4.7160000000e+00 -2.6684880374e-05 -6.3139275090e-04
4.7170000000e+00 -2.7010777797e-05 -6.4526614910e-04
4.7180000000e+00 -2.7340853046e-05 -6.5885699749e-04
4.7190000000e+00 -2.7674826809e-05 -6.7216271792e-04
4.7200000000e+00 -2.8012571759e-05 -6.8518076571e-04
4.7210000000e+00 -2.8353994552e-05 -6.9790863300e-04
4.7220000000e+00 -2.8698723611e-05 -7.1034385374e-04
4.7230000000e+00 -2.9046476453e-05 -7.2248399864e-04
4.7240000000e+00 -2.9396940036e-05 -7.3432667754e-04
4.7250000000e+00 -2.9749640427e-05 -7.4586954154e-04
4.7260000000e+00 -3.0104326153e-05 -7.5711027923e-04
4.7270000000e+00 -3.0460731173e-05 -7.6804661941e-04
4.7280000000e+00 -3.0818477287e-05 -7.7867633200e-04
4.7290000000e+00 -3.1177199593e-05 -7.8899722757e-04
4.7300000000e+00 -3.1536595665e-05 -7.9900715575e-04
4.7310000000e+00 -3.1896609271e-05 -8.0870400318e-04
4.7320000000e+00 -3.2257110341e-05 -8.1808569840e-04
4.7330000000e+00 -3.2617815415e-05 -8.2715021259e-04
4.7340000000e+00 -3.2978580056e-05 -8.3589555594e-04
4.7350000000e+00 -3.3339405783e-05 -8.4431977754e-04
4.7360000000e+00 -3.3700247827e-05 -8.5242096867e-04
4.7370000000e+00 -3.4060901529e-05 -8.6019726544e-04
4.7380000000e+00 -3.4421233745e-05 -8.6764684566e-04
4.7390000000e+00 -3.4781139575e-05 -8.7476792939e-04
4.7400000000e+00 -3.5140386089e-05 -8.8155878253e-04
4.7410000000e+00 -3.5498756336e-05 -8.8801771543e-04
4.7420000000e+00 -3.5856021887e-05 -8.9414308352e-04
4.7430000000e+00 -3.6211909725e-05 -8.9993328868e-04
4.7440000000e+00 -3.6566075529e-05 -9.0538677984e-04
4.7450000000e+00 -3.6918127502e-05 -9.1050205249e-04
4.7460000000e+00 -3.7267805414e-05 -9.1527764694e-04
4.7470000000e+00 -3.7614901367e-05 -9.1971214959e-04
4.7480000000e+00 -3.7959102294e-05 -9.2380419515e-04
4.7490000000e+00 -3.8300028957e-05 -9.2755246695e-04
4.7500000000e+00 -3.8637447222e-05 -9.3095569226e-04
4.7510000000e+00 -3.8971295700e-05 -9.3401264304e-04
4.7520000000e+00 -3.9301450051e-05 -9.3672214037e-04
4.7530000000e+00 -3.9627750960e-05 -9.3908305299e-04
4.7540000000e+00 -3.9950032098e-05 -9.4109429803e-04
4.7550000000e+00 -4.0268212087e-05 -9.4275483859e-04
4.7560000000e+00 -4.0582368109e-05 -9.4406368312e-04
4.7570000000e+00 -4.0892393576e-05 -9.4501989301e-04
4.7580000000e+00 -4.1198080755e-05 -9.4562258062e-04
4.7590000000e+00 -4.1499320356e-05 -9.4587090539e-04
4.7600000000e+00 -4.1795951856e-05 -9.4576407713e-04
4.7610000000e+00 -4.2087791531e-05 -9.4530135645e-04
4.7620000000e+00 -4.2374650687e-05 -9.4448205482e-04
4.7630000000e+00 -4.2656296645e-05 -9.4330553525e-04
4.7640000000e+00 -4.2932407832e-05 -9.4177121366e-04
4.7650000000e+00 -4.3202666027e-05 -9.3987855624e-04
4.7660000000e+00 -4.3466870566e-05 -9.3762707789e-04
4.7670000000e+00 -4.3724828691e-05 -9.3501634577e-04
4.7680000000e+00 -4.3976325274e-05 -9.3204597859e-04
4.7690000000e+00 -4.4221087046e-05 -9.2871564766e-04
4.7700000000e+00 -4.4458887835e-05 -9.2502507469e-04
4.7710000000e+00 -4.4689718022e-05 -9.2097402819e-04
4.7720000000e+00 -4.4913557832e-05 -9.1656232965e-04
4.7730000000e+00 -4.5130267224e-05 -9.1178985573e-04
4.7740000000e+00 -4.5339807061e-05 -9.0665653267e-04
4.7750000000e+00 -4.5542207564e-05 -9.0116233678e-04
4.7760000000e+00 -4.5737433766e-05 -8.9530729885e-04
4.7770000000e+00 -4.5925502560e-05 -8.8909150191e-04
4.7780000000e+00 -4.6106438220e-05 -8.8251508200e-04
4.7790000000e+00 -4.6280155851e-05 -8.7557823041e-04
4.7800000000e+00 -4.6446505672e-05 -8.6828119171e-04
4.7810000000e+00 -4.6605354787e-05 -8.6062426372e-04
4.7820000000e+00 -4.6756721374e-05 -8.5260779580e-04
4.7830000000e+00 -4.6900541201e-05 -8.4423219179e-04
4.7840000000e+00 -4.7036464970e-05 -8.3549791412e-04
4.7850000000e+00 -4.7164229937e-05 -8.2640547678e-04
4.7860000000e+00 -4.7283878182e-05 -8.1695544032e-04
4.7870000000e+00 -4.7395436035e-05 -8.0714841979e-04
4.7880000000e+00 -4.7498627637e-05 -7.9698508956e-04
4.7890000000e+00 -4.7593217889e-05 -7.8646617561e-04
4.7900000000e+00 -4.7679266585e-05 -7.7559245122e-04
4.7910000000e+00 -4.7756854286e-05 -7.6436474250e-04
4.7920000000e+00 -4.7825964495e-05 -7.5278393144e-04
4.7930000000e+00 -4.7886533359e-05 -7.4085095488e-04
4.7940000000e+00 -4.7938631778e-05 -7.2856680055e-04
4.7950000000e+00 -4.7982453506e-05 -7.1593250707e-04
4.7960000000e+00 -4.8018044417e-05 -7.0294917023e-04
4.7970000000e+00 -4.8045431212e-05 -6.8961794058e-04
4.7980000000e+00 -4.8064757532e-05 -6.7594001998e-04
4.7990000000e+00 -4.8076092856e-05 -6.6191666575e-04
4.8000000000e+00 -4.8079325842e-05 -6.4754919189e-04
4.8010000000e+00 -4.8074392694e-05 -6.3283896448e-04
4.8020000000e+00 -4.8061416788e-05 -6.1778739991e-04
4.8030000000e+00 -4.8040416343e-05 -6.0239596970e-04
4.8040000000e+00 -4.8011184906e-05 -5.8666620139e-04
4.8050000000e+00 -4.7973476454e-05 -5.7059967534e-04
4.8060000000e+00 -4.7927293016e-05 -5.5419801905e-04
4.8070000000e+00 -4.7872835768e-05 -5.3746290798e-04
4.8080000000e+00 -4.7810000461e-05 -5.2039607522e-04
4.8090000000e+00 -4.7738543539e-05 -5.0299930744e-04
4.8100000000e+00 -4.7658556659e-05 -4.8527443616e-04
4.8110000000e+00 -4.7570290664e-05 -4.6722334099e-04
4.8120000000e+00 -4.7473878116e-05 -4.4884795593e-04
4.8130000000e+00 -4.7369363827e-05 -4.3015026836e-04
4.8140000000e+00 -4.7256879936e-05 -4.1113231507e-04
4.8150000000e+00 -4.7136652434e-05 -3.9179618297e-04
4.8160000000e+00 -4.7008964240e-05 -3.7214400945e-04
4.8170000000e+00 -4.6874049484e-05 -3.5217798485e-04
4.8180000000e+00 -4.6731977090e-05 -3.3190035413e-04
4.8190000000e+00 -4.6582911862e-05 -3.1131341067e-04
4.8200000000e+00 -4.6427062404e-05 -2.9041949786e-04
4.8210000000e+00 -4.6264494147e-05 -2.6922101224e-04
4.8220000000e+00 -4.6095290029e-05 -2.4772039929e-04
4.8230000000e+00 -4.5919509420e-05 -2.2592015427e-04
4.8240000000e+00 -4.5737198131e-05 -2.0382282070e-04
4.8250000000e+00 -4.5548296818e-05 -1.8143099153e-04
4.8260000000e+00 -4.5352711061e-05 -1.5874730812e-04
4.8270000000e+00 -4.5150679331e-05 -1.3577445328e-04
4.8280000000e+00 -4.4942347901e-05 -1.1251515786e-04
4.8290000000e+00 -4.4727609943e-05 -8.8972203148e-05
4.8300000000e+00 -4.4506527289e-05 -6.5148414573e-05
4.8310000000e+00 -4.4279357070e-05 -4.1046659374e-05
4.8320000000e+00 -4.4046469204e-05 -1.6669848989e-05
4.8330000000e+00 -4.3808053301e-05 7.9790538616e-06
4.8340000000e+00 -4.3564204451e-05 3.2897039438e-05
4.8350000000e+00 -4.3315250357e-05 5.8081056113e-05
4.8360000000e+00 -4.3061574924e-05 8.3528006073e-05
4.8370000000e+00 -4.2803520535e-05 1.0923474492e-04
4.8380000000e+00 -4.2541336655e-05 1.3519808033e-04
4.8390000000e+00 -4.2275156871e-05 1.6141477285e-04
4.8400000000e+00 -4.2005198925e-05 1.8788154100e-04
4.8410000000e+00 -4.1731762761e-05 2.1459505991e-04
4.8420000000e+00 -4.1455011095e-05 2.4155195831e-04
4.8430000000e+00 -4.1174987466e-05 2.6874882185e-04
4.8440000000e+00 -4.0891768192e-05 2.9618219588e-04
4.8450000000e+00 -4.0605458670e-05 3.2384858460e-04
4.8460000000e+00 -4.0316164535e-05 3.5174445234e-04
4.8470000000e+00 -4.0023975017e-05 3.7986622413e-04
4.8480000000e+00 -3.9729040667e-05 4.0821028734e-04
4.8490000000e+00 -3.9431571126e-05 4.3677299217e-04
4.8500000000e+00 -3.9131698788e-05 4.6555064850e-04
4.8510000000e+00 -3.8829608677e-05 4.9453952912e-04
4.8520000000e+00 -3.8525689563e-05 5.2373587221e-04
4.8530000000e+00 -3.8220358705e-05 5.5313587720e-04
4.8540000000e+00 -3.7913861660e-05 5.8273570314e-04
4.8550000000e+00 -3.7606436337e-05 6.1253147113e-04
4.8560000000e+00 -3.7298547095e-05 6.4251926658e-04
4.8570000000e+00 -3.6990684178e-05 6.7269513703e-04
4.8580000000e+00 -3.6683161101e-05 7.0305509014e-04
4.8590000000e+00 -3.6376243366e-05 7.3359509669e-04
4.8600000000e+00 -3.6070198682e-05 7.6431109111e-04
4.8610000000e+00 -3.5765340777e-05 7.9519897278e-04
4.8620000000e+00 -3.5462022883e-05 8.2625460738e-04
4.8630000000e+00 -3.5160412567e-05 8.5747382468e-04
4.8640000000e+00 -3.4860577717e-05 8.8885242235e-04
4.8650000000e+00 -3.4562653992e-05 9.2038616799e-04
4.8660000000e+00 -3.4266829459e-05 9.5207079798e-04
4.8670000000e+00 -3.3973356756e-05 9.8390202077e-04
4.8680000000e+00 -3.3682364700e-05 1.0158755155e-03
4.8690000000e+00 -3.3393924593e-05 1.0479869317e-03
4.8700000000e+00 -3.3108287558e-05 1.0802318938e-03
4.8710000000e+00 -3.2825763890e-05 1.1126059984e-03
4.8720000000e+00 -3.2546658668e-05 1.1451048144e-03
4.8730000000e+00 -3.2271264008e-05 1.1777238835e-03
4.8740000000e+00 -3.1999904011e-05 1.2104587196e-03
4.8750000000e+00 -3.1732960139e-05 1.2433048093e-03
4.8760000000e+00 -3.1470776556e-05 1.2762576115e-03
4.8770000000e+00 -3.1213782578e-05 1.3093125581e-03
4.8780000000e+00 -3.0962413060e-05 1.3424650543e-03
4.8790000000e+00 -3.0716935169e-05 1.3757104778e-03
4.8800000000e+00 -3.0477580624e-05 1.4090441806e-03
4.8810000000e+00 -3.0244634020e-05 1.4424614909e-03
4.8820000000e+00 -3.0018481155e-05 1.4759577132e-03
4.8830000000e+00 -2.9799373618e-05 1.5095281298e-03
4.8840000000e+00 -2.9587321305e-05 1.5431680016e-03
4.8850000000e+00 -2.9382445101e-05 1.5768725701e-03
4.8860000000e+00 -2.9184952364e-05 1.6106370588e-03
4.8870000000e+00 -2.8995045679e-05 1.6444566741e-03
4.8880000000e+00 -2.8812871969e-05 1.6783266058e-03
4.8890000000e+00 -2.8638454990e-05 1.7122420278e-03
4.8900000000e+00 -2.8471966266e-05 1.7461980992e-03
4.8910000000e+00 -2.8313702661e-05 1.7801899646e-03
4.8920000000e+00 -2.8163937281e-05 1.8142127538e-03
4.8930000000e+00 -2.8022907257e-05 1.8482615807e-03
4.8940000000e+00 -2.7890856285e-05 1.8823315451e-03
4.8950000000e+00 -2.7768143352e-05 1.9164177332e-03
4.8960000000e+00 -2.7655104077e-05 1.9505152150e-03
4.8970000000e+00 -2.7552072316e-05 1.9846190454e-03
4.8980000000e+00 -2.7459397016e-05 2.0187242663e-03
4.8990000000e+00 -2.7377330122e-05 2.0528259055e-03
4.9000000000e+00 -2.7306102135e-05 2.0869189783e-03
4.9010000000e+00 -2.7245920216e-05 2.1209984883e-03
4.9020000000e+00 -2.7197036222e-05 2.1550594285e-03
4.9030000000e+00 -2.7159669690e-05 2.1890967838e-03
4.9040000000e+00 -2.7133836790e-05 2.2231055306e-03
4.9050000000e+00 -2.7119500825e-05 2.2570806394e-03
4.9060000000e+00 -2.7116754423e-05 2.2910170765e-03
4.9070000000e+00 -2.7125768724e-05 2.3249098051e-03
4.9080000000e+00 -2.7146547221e-05 2.3587537858e-03
4.9090000000e+00 -2.7178998999e-05 2.3925439773e-03
4.9100000000e+00 -2.7223180924e-05 2.4262753379e-03
4.9110000000e+00 -2.7279245548e-05 2.4599428257e-03
4.9120000000e+00 -2.7347337798e-05 2.4935413974e-03
4.9130000000e+00 -2.7427565967e-05 2.5270660095e-03
4.9140000000e+00 -2.7520063039e-05 2.5605116176e-03
4.9150000000e+00 -2.7624982132e-05 2.5938731782e-03
4.9160000000e+00 -2.7742519166e-05 2.6271456473e-03
4.9170000000e+00 -2.7872917738e-05 2.6603239791e-03
4.9180000000e+00 -2.8016321780e-05 2.6934031293e-03
4.9190000000e+00 -2.8172834590e-05 2.7263780560e-03
4.9200000000e+00 -2.8342546297e-05 2.7592437181e-03
4.9210000000e+00 -2.8525527541e-05 2.7919950775e-03
4.9220000000e+00 -2.8721879401e-05 2.8246271002e-03
4.9230000000e+00 -2.8931613007e-05 2.8571347587e-03
4.9240000000e+00 -2.9154667867e-05 2.8895130329e-03
4.9250000000e+00 -2.9390933575e-05 2.9217569111e-03
4.9260000000e+00 -2.9640296499e-05 2.9538613922e-03
4.9270000000e+00 -2.9902765330e-05 2.9858214859e-03
4.9280000000e+00 -3.0178270831e-05 3.0176322151e-03
4.9290000000e+00 -3.0466604444e-05 3.0492886163e-03
4.9300000000e+00 -3.0767639111e-05 3.0807857400e-03
4.9310000000e+00 -3.1081372342e-05 3.1121186514e-03
4.9320000000e+00 -3.1407823845e-05 3.1432824304e-03
4.9330000000e+00 -3.1746944225e-05 3.1742721710e-03
4.9340000000e+00 -3.2098682949e-05 3.2050829830e-03
4.9350000000e+00 -3.2463049112e-05 3.2357099919e-03
4.9360000000e+00 -3.2840065169e-05 3.2661483382e-03
4.9370000000e+00 -3.3229781085e-05 3.2963931768e-03
4.9380000000e+00 -3.3632220046e-05 3.3264396785e-03
4.9390000000e+00 -3.4047300841e-05 3.3562830321e-03
4.9400000000e+00 -3.4474905391e-05 3.3859184445e-03
4.9410000000e+00 -3.4914979730e-05 3.4153411394e-03
4.9420000000e+00 -3.5367481887e-05 3.4445463591e-03
4.9430000000e+00 -3.5832232110e-05 3.4735293686e-03
4.9440000000e+00 -3.6308956479e-05 3.5022854562e-03
4.9450000000e+00 -3.6797420982e-05 3.5308099327e-03
4.9460000000e+00 -3.7297400243e-05 3.5590981341e-03
4.9470000000e+00 -3.7808653066e-05 3.5871454234e-03
4.9480000000e+00 -3.8330948681e-05 3.6149471902e-03
4.9490000000e+00 -3.8864001336e-05 3.6424988537e-03
4.9500000000e+00 -3.9407487725e-05 3.6697958635e-03
4.9510000000e+00 -3.9961175109e-05 3.6968336985e-03
4.9520000000e+00 -4.0524933706e-05 3.7236078658e-03
4.9530000000e+00 -4.1098599173e-05 3.7501139029e-03
4.9540000000e+00 -4.1681897591e-05 3.7763473806e-03
4.9550000000e+00 -4.2274627029e-05 3.8023038996e-03
4.9560000000e+00 -4.2876708491e-05 3.8279790879e-03
4.9570000000e+00 -4.3488017391e-05 3.8533686058e-03
4.9580000000e+00 -4.4108381957e-05 3.8784681457e-03
4.9590000000e+00 -4.4737588204e-05 3.9032734310e-03
4.9600000000e+00 -4.5375408475e-05 3.9277802176e-03
4.9610000000e+00 -4.6021621665e-05 3.9519842949e-03
4.9620000000e+00 -4.6675967762e-05 3.9758814863e-03
4.9630000000e+00 -4.7338205755e-05 3.9994676486e-03
4.9640000000e+00 -4.8008001627e-05 4.0227386765e-03
4.9650000000e+00 -4.8684912320e-05 4.0456905053e-03
4.9660000000e+00 -4.9368569616e-05 4.0683191078e-03
4.9670000000e+00 -5.0058669366e-05 4.0906204950e-03
4.9680000000e+00 -5.0754889292e-05 4.1125907183e-03
4.9690000000e+00 -5.1456783342e-05 4.1342258751e-03
4.9700000000e+00 -5.2163897182e-05 4.1555221072e-03
4.9710000000e+00 -5.2875951724e-05 4.1764755961e-03
4.9720000000e+00 -5.3592697957e-05 4.1970825663e-03
4.9730000000e+00 -5.4313817442e-05 4.2173392885e-03
4.9740000000e+00 -5.5038965448e-05 4.2372420787e-03
4.9750000000e+00 -5.5767868094e-05 4.2567872960e-03
4.9760000000e+00 -5.6500336461e-05 4.2759713424e-03
4.9770000000e+00 -5.7236148174e-05 4.2947906647e-03
4.9780000000e+00 -5.7975045453e-05 4.3132417547e-03
4.9790000000e+00 -5.8716723714e-05 4.3313211505e-03
4.9800000000e+00 -5.9460860884e-05 4.3490254353e-03
4.9810000000e+00 -6.0207166567e-05 4.3663512374e-03
4.9820000000e+00 -6.0955292450e-05 4.3832952333e-03
4.9830000000e+00 -6.1704849745e-05 4.3998541470e-03
4.9840000000e+00 -6.2455430178e-05 4.4160247507e-03
4.9850000000e+00 -6.3206548428e-05 4.4318038681e-03
4.9860000000e+00 -6.3957700782e-05 4.4471883749e-03
4.9870000000e+00 -6.4708465778e-05 4.4621751968e-03
4.9880000000e+00 -6.5458476193e-05 4.4767613097e-03
4.9890000000e+00 -6.6207253473e-05 4.4909437460e-03
4.9900000000e+00 -6.6954239089e-05 4.5047195963e-03
4.9910000000e+00 -6.7699034443e-05 4.5180860029e-03
4.9920000000e+00 -6.8441390389e-05 4.5310401589e-03
4.9930000000e+00 -6.9180983127e-05 4.5435793152e-03
4.9940000000e+00 -6.9917379630e-05 4.5557007826e-03
4.9950000000e+00 -7.0650227608e-05 4.5674019260e-03
4.9960000000e+00 -7.1379317429e-05 4.5786801623e-03
4.9970000000e+00 -7.2104453190e-05 4.5895329641e-03
4.9980000000e+00 -7.2825329942e-05 4.5999578620e-03
4.9990000000e+00 -7.3541565614e-05 4.6099524452e-03
5.0000000000e+00 -7.4252788655e-05 4.6195143583e-03
5.0010000000e+00 -7.4958777068e-05 4.6286412967e-03
5.0020000000e+00 -7.5659244424e-05 4.6373310145e-03
5.0030000000e+00 -7.6353653037e-05 4.6455813307e-03
5.0040000000e+00 -7.7041642438e-05 4.6533901166e-03
5.0050000000e+00 -7.7722845394e-05 4.6607553026e-03
5.0060000000e+00 -7.8396670260e-05 4.6676748861e-03
5.0070000000e+00 -7.9062717461e-05 4.6741469195e-03
5.0080000000e+00 -7.9720613279e-05 4.6801695156e-03
5.0090000000e+00 -8.0369900917e-05 4.6857408529e-03
5.0100000000e+00 -8.1010127159e-05 4.6908591735e-03
5.0110000000e+00 -8.1640820466e-05 4.6955227838e-03
5.0120000000e+00 -8.2261749562e-05 4.6997300474e-03
5.0130000000e+00 -8.2872696211e-05 4.7034793921e-03
5.0140000000e+00 -8.3473244038e-05 4.7067693170e-03
5.0150000000e+00 -8.4063035523e-05 4.7095983844e-03
5.0160000000e+00 -8.4641894336e-05 4.7119652151e-03
5.0170000000e+00 -8.5209685310e-05 4.7138684932e-03
5.0180000000e+00 -8.5766123105e-05 4.7153069713e-03
5.0190000000e+00 -8.6310904877e-05 4.7162794665e-03
5.0200000000e+00 -8.6843752552e-05 4.7167848594e-03
5.0210000000e+00 -8.7364383810e-05 4.7168220945e-03
5.0220000000e+00 -8.7872570159e-05 4.7163901780e-03
5.0230000000e+00 -8.8367978035e-05 4.7154881835e-03
5.0240000000e+00 -8.8850200542e-05 4.7141152519e-03
5.0250000000e+00 -8.9318822371e-05 4.7122705903e-03
5.0260000000e+00 -8.9773444884e-05 4.7099534706e-03
5.0270000000e+00 -9.0213750344e-05 4.7071632289e-03
5.0280000000e+00 -9.0639369261e-05 4.7038992710e-03
5.0290000000e+00 -9.1049891750e-05 4.7001610715e-03
5.0300000000e+00 -9.1444918213e-05 4.6959481750e-03
5.0310000000e+00 -9.1824165056e-05 4.6912601907e-03
5.0320000000e+00 -9.2187434524e-05 4.6860967947e-03
5.0330000000e+00 -9.2534439449e-05 4.6804577373e-03
5.0340000000e+00 -9.2865006854e-05 4.6743428344e-03
5.0350000000e+00 -9.3178973749e-05 4.6677519725e-03
5.0360000000e+00 -9.3476134012e-05 4.6606851093e-03
5.0370000000e+00 -9.3756448664e-05 4.6531422662e-03
5.0380000000e+00 -9.4019843654e-05 4.6451235359e-03
5.0390000000e+00 -9.4266200364e-05 4.6366290811e-03
5.0400000000e+00 -9.4495336920e-05 4.6276591354e-03
5.0410000000e+00 -9.4707034593e-05 4.6182140027e-03
5.0420000000e+00 -9.4901235543e-05 4.6082940492e-03
5.0430000000e+00 -9.5077852735e-05 4.5978997093e-03
5.0440000000e+00 -9.5236639935e-05 4.5870314908e-03
5.0450000000e+00 -9.5377249097e-05 4.5756899748e-03
5.0460000000e+00 -9.5499437231e-05 4.5638758075e-03
5.0470000000e+00 -9.5603089298e-05 4.5515896994e-03
5.0480000000e+00 -9.5687994036e-05 4.5388324342e-03
5.0490000000e+00 -9.5753905741e-05 4.5256048661e-03
5.0500000000e+00 -9.5800558557e-05 4.5119079225e-03
5.0510000000e+00 -9.5827798411e-05 4.4977425990e-03
5.0520000000e+00 -9.5835666647e-05 4.4831099547e-03
5.0530000000e+00 -9.5824075343e-05 4.4680111252e-03
5.0540000000e+00 -9.5792853245e-05 4.4524473214e-03
5.0550000000e+00 -9.5742051932e-05 4.4364198178e-03
5.0560000000e+00 -9.5671818360e-05 4.4199299578e-03
5.0570000000e+00 -9.5582127220e-05 4.4029791634e-03
5.0580000000e+00 -9.5472980715e-05 4.3855689255e-03
5.0590000000e+00 -9.5344571518e-05 4.3677007975e-03
5.0600000000e+00 -9.5197002445e-05 4.3493764072e-03
5.0610000000e+00 -9.5030179440e-05 4.3305974581e-03
5.0620000000e+00 -9.4844041761e-05 4.3113657218e-03
5.0630000000e+00 -9.4638799787e-05 4.2916830283e-03
5.0640000000e+00 -9.4414594376e-05 4.2715512764e-03
5.0650000000e+00 -9.4171133328e-05 4.2509724487e-03
5.0660000000e+00 -9.3908207358e-05 4.2299485940e-03
5.0670000000e+00 -9.3626039600e-05 4.2084818130e-03
5.0680000000e+00 -9.3324825289e-05 4.1865742751e-03
5.0690000000e+00 -9.3004342728e-05 4.1642282322e-03
5.0700000000e+00 -9.2664386598e-05 4.1414460046e-03
5.0710000000e+00 -9.2305170103e-05 4.1182299685e-03
5.0720000000e+00 -9.1926936459e-05 4.0945825683e-03
5.0730000000e+00 -9.1529747130e-05 4.0705063230e-03
5.0740000000e+00 -9.1113615780e-05 4.0460038224e-03
5.0750000000e+00 -9.0678786817e-05 4.0210777191e-03
5.0760000000e+00 -9.0225689517e-05 3.9957307278e-03
5.0770000000e+00 -8.9754499416e-05 3.9699656406e-03
5.0780000000e+00 -8.9265475669e-05 3.9437853192e-03
5.0790000000e+00 -8.8759017099e-05 3.9171926849e-03
5.0800000000e+00 -8.8235385612e-05 3.8901907286e-03
5.0810000000e+00 -8.7694843387e-05 3.8627825110e-03
5.0820000000e+00 -8.7137572585e-05 3.8349711582e-03
5.0830000000e+00 -8.6563943545e-05 3.8067598531e-03
5.0840000000e+00 -8.5974354702e-05 3.7781518433e-03
5.0850000000e+00 -8.5368849991e-05 3.7491504494e-03
5.0860000000e+00 -8.4747478483e-05 3.7197590567e-03
5.0870000000e+00 -8.4110509606e-05 3.6899811069e-03
5.0880000000e+00 -8.3458380930e-05 3.6598200940e-03
5.0890000000e+00 -8.2791280508e-05 3.6292795837e-03
5.0900000000e+00 -8.2109138631e-05 3.5983632144e-03
5.0910000000e+00 -8.1412248163e-05 3.5670746747e-03
5.0920000000e+00 -8.0701127723e-05 3.5354177091e-03
5.0930000000e+00 -7.9976110151e-05 3.5033961310e-03
5.0940000000e+00 -7.9237427537e-05 3.4710138185e-03
5.0950000000e+00 -7.8485418720e-05 3.4382747091e-03
5.0960000000e+00 -7.7720575154e-05 3.4051827996e-03
5.0970000000e+00 -7.6943472697e-05 3.3717421463e-03
5.0980000000e+00 -7.6154594191e-05 3.3379568699e-03
5.0990000000e+00 -7.5354288120e-05 3.3038311542e-03
5.1000000000e+00 -7.4543055627e-05 3.2693692365e-03
5.1010000000e+00 -7.3721457807e-05 3.2345754135e-03
5.1020000000e+00 -7.2889924509e-05 3.1994540439e-03
5.1030000000e+00 -7.2048888537e-05 3.1640095395e-03
5.1040000000e+00 -7.1198783623e-05 3.1282463674e-03
5.1050000000e+00 -7.0340033482e-05 3.0921690500e-03
5.1060000000e+00 -6.9472946774e-05 3.0557821671e-03
5.1070000000e+00 -6.8597838428e-05 3.0190903526e-03
5.1080000000e+00 -6.7715215557e-05 2.9820982851e-03
5.1090000000e+00 -6.6825495449e-05 2.9448106978e-03
5.1100000000e+00 -6.5928973662e-05 2.9072323806e-03
5.1110000000e+00 -6.5025944147e-05 2.8693681763e-03
5.1120000000e+00 -6.4116899077e-05 2.8312229735e-03
5.1130000000e+00 -6.3202507753e-05 2.7928017076e-03
5.1140000000e+00 -6.2283189550e-05 2.7541093733e-03
5.1150000000e+00 -6.1359356188e-05 2.7151510166e-03
5.1160000000e+00 -6.0431606933e-05 2.6759317311e-03
5.1170000000e+00 -5.9500595654e-05 2.6364566607e-03
5.1180000000e+00 -5.8567034637e-05 2.5967309975e-03
5.1190000000e+00 -5.7631459957e-05 2.5567599870e-03
5.1200000000e+00 -5.6694360034e-05 2.5165489241e-03
5.1210000000e+00 -5.5756361295e-05 2.4761031474e-03
5.1220000000e+00 -5.4818114295e-05 2.4354280425e-03
5.1230000000e+00 -5.3880218137e-05 2.3945290398e-03
5.1240000000e+00 -5.2943104410e-05 2.3534116153e-03
5.1250000000e+00 -5.2007214171e-05 2.3120812879e-03
5.1260000000e+00 -5.1073070801e-05 2.2705436169e-03
5.1270000000e+00 -5.0141124360e-05 2.2288042035e-03
5.1280000000e+00 -4.9211826750e-05 2.1868686875e-03
5.1290000000e+00 -4.8285624128e-05 2.1447427474e-03
5.1300000000e+00 -4.7362939987e-05 2.1024321010e-03
5.1310000000e+00 -4.6444220531e-05 2.0599425050e-03
5.1320000000e+00 -4.5529926717e-05 2.0172797533e-03
5.1330000000e+00 -4.4620630075e-05 1.9744496747e-03
5.1340000000e+00 -4.3716898896e-05 1.9314581364e-03
5.1350000000e+00 -4.2819159897e-05 1.8883110456e-03
5.1360000000e+00 -4.1927950317e-05 1.8450143456e-03
5.1370000000e+00 -4.1043926405e-05 1.8015740151e-03
5.1380000000e+00 -4.0167691659e-05 1.7579960690e-03
5.1390000000e+00 -3.9299846024e-05 1.7142865573e-03
5.1400000000e+00 -3.8440923244e-05 1.6704515643e-03
5.1410000000e+00 -3.7591441077e-05 1.6264972083e-03
5.1420000000e+00 -3.6751990376e-05 1.5824296388e-03
5.1430000000e+00 -3.5923154357e-05 1.5382550339e-03
5.1440000000e+00 -3.5105445436e-05 1.4939796005e-03
5.1450000000e+00 -3.4299215933e-05 1.4496095761e-03
5.1460000000e+00 -3.3504810700e-05 1.4051512238e-03
5.1470000000e+00 -3.2722705724e-05 1.3606108298e-03
5.1480000000e+00 -3.1953394907e-05 1.3159947034e-03
5.1490000000e+00 -3.1197279060e-05 1.2713091782e-03
5.1500000000e+00 -3.0454596447e-05 1.2265606126e-03
5.1510000000e+00 -2.9725705546e-05 1.1817553837e-03
5.1520000000e+00 -2.9011166561e-05 1.1368998881e-03
5.1530000000e+00 -2.8311410174e-05 1.0920005457e-03
5.1540000000e+00 -2.7626791751e-05 1.0470637966e-03
5.1550000000e+00 -2.6957732611e-05 1.0020961025e-03
5.1560000000e+00 -2.6304733866e-05 9.5710394530e-04
5.1570000000e+00 -2.5668328006e-05 9.1209382539e-04
5.1580000000e+00 -2.5048969234e-05 8.6707226296e-04
5.1590000000e+00 -2.4447131026e-05 8.2204579542e-04
5.1600000000e+00 -2.3863294954e-05 7.7702097688e-04
5.1610000000e+00 -2.3297836427e-05 7.3200437916e-04
5.1620000000e+00 -2.2751132594e-05 6.8700258889e-04
5.1630000000e+00 -2.2223649373e-05 6.4202220417e-04
5.1640000000e+00 -2.1715790662e-05 5.9706983433e-04
5.1650000000e+00 -2.1227787684e-05 5.5215210093e-04
5.1660000000e+00 -2.0759825102e-05 5.0727563421e-04
5.1670000000e+00 -2.0312167116e-05 4.6244707005e-04
5.1680000000e+00 -1.9885159929e-05 4.1767304927e-04
5.1690000000e+00 -1.9479040509e-05 3.7296021709e-04
5.1700000000e+00 -1.9093884107e-05 3.2831522438e-04
5.1710000000e+00 -1.8729849813e-05 2.8374472537e-04
5.1720000000e+00 -1.8387234641e-05 2.3925537439e-04
5.1730000000e+00 -1.8066340767e-05 1.9485382841e-04
5.1740000000e+00 -1.7767348942e-05 1.5054674839e-04
5.1750000000e+00 -1.7490427130e-05 1.0634079494e-04
5.1760000000e+00 -1.7235851084e-05 6.2242628754e-05
5.1770000000e+00 -1.7003913307e-05 1.8258914568e-05
5.1780000000e+00 -1.6794942077e-05 -2.5603683815e-05
5.1790000000e+00 -1.6609168848e-05 -6.9338505528e-05
5.1800000000e+00 -1.6446753831e-05 -1.1293888962e-04
5.1810000000e+00 -1.6307943400e-05 -1.5639817863e-04
5.1820000000e+00 -1.6192928625e-05 -1.9970972053e-04
5.1830000000e+00 -1.6101905376e-05 -2.4286686918e-04
5.1840000000e+00 -1.6035021771e-05 -2.8586298737e-04
5.1850000000e+00 -1.5992283879e-05 -3.2869144685e-04
5.1860000000e+00 -1.5973683293e-05 -3.7134562934e-04
5.1870000000e+00 -1.5979239603e-05 -4.1381893001e-04
5.1880000000e+00 -1.6009061458e-05 -4.5610475895e-04
5.1890000000e+00 -1.6063127544e-05 -4.9819654102e-04
5.1900000000e+00 -1.6141271440e-05 -5.4008771656e-04
5.1910000000e+00 -1.6243473320e-05 -5.8177174344e-04
5.1920000000e+00 -1.6369758549e-05 -6.2324209696e-04
5.1930000000e+00 -1.6520140120e-05 -6.6449227029e-04
5.1940000000e+00 -1.6694607598e-05 -7.0551577583e-04
5.1950000000e+00 -1.6893119131e-05 -7.4630614367e-04
5.1960000000e+00 -1.7115694519e-05 -7.8685692288e-04
5.1970000000e+00 -1.7362360416e-05 -8.2716168264e-04
5.1980000000e+00 -1.7633169110e-05 -8.6721401139e-04
5.1990000000e+00 -1.7928161011e-05 -9.0700751971e-04
5.2000000000e+00 -1.8247263229e-05 -9.4653584131e-04
5.2010000000e+00 -1.8590357519e-05 -9.8579263275e-04
5.2020000000e+00 -1.8957390820e-05 -1.0247715754e-03
5.2030000000e+00 -1.9348359272e-05 -1.0634663771e-03
5.2040000000e+00 -1.9763125202e-05 -1.1018707740e-03
5.2050000000e+00 -2.0201403119e-05 -1.1399785331e-03
5.2060000000e+00 -2.0662918685e-05 -1.1777834525e-03
5.2070000000e+00 -2.1147475109e-05 -1.2152793607e-03
5.2080000000e+00 -2.1654881370e-05 -1.2524601211e-03
5.2090000000e+00 -2.2184800088e-05 -1.2893196344e-03
5.2100000000e+00 -2.2736803878e-05 -1.3258518362e-03
5.2110000000e+00 -2.3310585959e-05 -1.3620506989e-03
5.2120000000e+00 -2.3905937886e-05 -1.3979102321e-03
5.2130000000e+00 -2.4522562065e-05 -1.4334244835e-03
5.2140000000e+00 -2.5160125421e-05 -1.4685875396e-03
5.2150000000e+00 -2.5818376418e-05 -1.5033935250e-03
5.2160000000e+00 -2.6497062691e-05 -1.5378366035e-03
5.2170000000e+00 -2.7195922329e-05 -1.5719109787e-03
5.2180000000e+00 -2.7914712581e-05 -1.6056108944e-03
5.2190000000e+00 -2.8653217980e-05 -1.6389306349e-03
5.2200000000e+00 -2.9411169588e-05 -1.6718645277e-03
5.2210000000e+00 -3.0188169606e-05 -1.7044069464e-03
5.2220000000e+00 -3.0983905016e-05 -1.7365523063e-03
5.2230000000e+00 -3.1798136615e-05 -1.7682950669e-03
5.2240000000e+00 -3.2630480077e-05 -1.7996297382e-03
5.2250000000e+00 -3.3480438706e-05 -1.8305508795e-03
5.2260000000e+00 -3.4347486044e-05 -1.8610530998e-03
5.2270000000e+00 -3.5231146452e-05 -1.8911310590e-03
5.2280000000e+00 -3.6130984796e-05 -1.9207794689e-03
5.2290000000e+00 -3.7046498483e-05 -1.9499930952e-03
5.2300000000e+00 -3.7977080312e-05 -1.9787667595e-03
5.2310000000e+00 -3.8922102489e-05 -2.0070953402e-03
5.2320000000e+00 -3.9881098439e-05 -2.0349737692e-03
5.2330000000e+00 -4.0853663656e-05 -2.0623970329e-03
5.2340000000e+00 -4.1839224248e-05 -2.0893601769e-03
5.2350000000e+00 -4.2837190274e-05 -2.1158583055e-03
5.2360000000e+00 -4.3847137426e-05 -2.1418865769e-03
5.2370000000e+00 -4.4868671057e-05 -2.1674402055e-03
5.2380000000e+00 -4.5901308514e-05 -2.1925144679e-03
5.2390000000e+00 -4.6944559014e-05 -2.2171047007e-03
5.2400000000e+00 -4.7997970974e-05 -2.2412062980e-03
5.2410000000e+00 -4.9061056868e-05 -2.2648147149e-03
5.2420000000e+00 -5.0133265347e-05 -2.2879254703e-03
5.2430000000e+00 -5.1214064277e-05 -2.3105341456e-03
5.2440000000e+00 -5.2302961913e-05 -2.3326363850e-03
5.2450000000e+00 -5.3399358406e-05 -2.3542278995e-03
5.2460000000e+00 -5.4502513496e-05 -2.3753044699e-03
5.2470000000e+00 -5.5611727653e-05 -2.3958619442e-03
5.2480000000e+00 -5.6726416947e-05 -2.4158962349e-03
5.2490000000e+00 -5.7845963202e-05 -2.4354033238e-03
5.2500000000e+00 -5.8969561011e-05 -2.4543792681e-03
5.2510000000e+00 -6.0096397042e-05 -2.4728201958e-03
5.2520000000e+00 -6.1225853593e-05 -2.4907223007e-03
5.2530000000e+00 -6.2357367901e-05 -2.5080818476e-03
5.2540000000e+00 -6.3490277881e-05 -2.5248951756e-03
5.2550000000e+00 -6.4623834318e-05 -2.5411586987e-03
5.2560000000e+00 -6.5757415098e-05 -2.5568689012e-03
5.2570000000e+00 -6.6890561415e-05 -2.5720223345e-03
5.2580000000e+00 -6.8022732693e-05 -2.5866156256e-03
5.2590000000e+00 -6.9153321883e-05 -2.6006454789e-03
5.2600000000e+00 -7.0281731994e-05 -2.6141086731e-03
5.2610000000e+00 -7.1407422914e-05 -2.6270020587e-03
5.2620000000e+00 -7.2529873754e-05 -2.6393225621e-03
5.2630000000e+00 -7.3648445503e-05 -2.6510671903e-03
5.2640000000e+00 -7.4762529656e-05 -2.6622330255e-03
5.2650000000e+00 -7.5871527750e-05 -2.6728172273e-03
5.2660000000e+00 -7.6974709698e-05 -2.6828170377e-03
5.2670000000e+00 -7.8071337950e-05 -2.6922297784e-03
5.2680000000e+00 -7.9160752117e-05 -2.7010528498e-03
5.2690000000e+00 -8.0242345175e-05 -2.7092837311e-03
5.2700000000e+00 -8.1315381717e-05 -2.7169199865e-03
5.2710000000e+00 -8.2379022418e-05 -2.7239592672e-03
5.2720000000e+00 -8.3432595196e-05 -2.7303993017e-03
5.2730000000e+00 -8.4475455783e-05 -2.7362378996e-03
5.2740000000e+00 -8.5507060602e-05 -2.7414729506e-03
5.2750000000e+00 -8.6526806030e-05 -2.7461024314e-03
5.2760000000e+00 -8.7533856086e-05 -2.7501244104e-03
5.2770000000e+00 -8.8527830823e-05 -2.7535370245e-03
5.2780000000e+00 -8.9508419247e-05 -2.7563384937e-03
5.2790000000e+00 -9.0474913091e-05 -2.7585271357e-03
5.2800000000e+00 -9.1426762983e-05 -2.7601013476e-03
5.2810000000e+00 -9.2363524179e-05 -2.7610596090e-03
5.2820000000e+00 -9.3284775359e-05 -2.7614004841e-03
5.2830000000e+00 -9.4190001411e-05 -2.7611226270e-03
5.2840000000e+00 -9.5078561165e-05 -2.7602247822e-03
5.2850000000e+00 -9.5950005353e-05 -2.7587057746e-03
5.2860000000e+00 -9.6803806541e-05 -2.7565645188e-03
5.2870000000e+00 -9.7639298261e-05 -2.7538000223e-03
5.2880000000e+00 -9.8455884414e-05 -2.7504113794e-03
5.2890000000e+00 -9.9253090589e-05 -2.7463977677e-03
5.2900000000e+00 -1.0003037596e-04 -2.7417584573e-03
5.2910000000e+00 -1.0078700213e-04 -2.7364928150e-03
5.2920000000e+00 -1.0152244962e-04 -2.7306002893e-03
5.2930000000e+00 -1.0223632984e-04 -2.7240804144e-03
5.2940000000e+00 -1.0292814580e-04 -2.7169328186e-03
5.2950000000e+00 -1.0359744364e-04 -2.7091572196e-03
5.2960000000e+00 -1.0424378195e-04 -2.7007534253e-03
5.2970000000e+00 -1.0486681843e-04 -2.6917213305e-03
5.2980000000e+00 -1.0546628425e-04 -2.6820609194e-03
5.2990000000e+00 -1.0604187817e-04 -2.6717722684e-03
5.3000000000e+00 -1.0659328133e-04 -2.6608555456e-03
5.3010000000e+00 -1.0712017154e-04 -2.6493110114e-03
5.3020000000e+00 -1.0762231961e-04 -2.6371390133e-03
5.3030000000e+00 -1.0809946665e-04 -2.6243399930e-03
5.3040000000e+00 -1.0855135969e-04 -2.6109144824e-03
5.3050000000e+00 -1.0897773461e-04 -2.5968631059e-03
5.3060000000e+00 -1.0937818608e-04 -2.5821865855e-03
5.3070000000e+00 -1.0975249031e-04 -2.5668857269e-03
5.3080000000e+00 -1.1010043607e-04 -2.5509614292e-03
5.3090000000e+00 -1.1042168699e-04 -2.5344146871e-03
5.3100000000e+00 -1.1071599759e-04 -2.5172465840e-03
5.3110000000e+00 -1.1098304821e-04 -2.4994583000e-03
5.3120000000e+00 -1.1122261358e-04 -2.4810511021e-03
5.3130000000e+00 -1.1143454063e-04 -2.4620263472e-03
5.3140000000e+00 -1.1161856425e-04 -2.4423854904e-03
5.3150000000e+00 -1.1177450506e-04 -2.4221300750e-03
5.3160000000e+00 -1.1190231448e-04 -2.4012617325e-03
5.3170000000e+00 -1.1200197707e-04 -2.3797821868e-03
5.3180000000e+00 -1.1207336860e-04 -2.3576932586e-03
5.3190000000e+00 -1.1211649268e-04 -2.3349968571e-03
5.3200000000e+00 -1.1213146573e-04 -2.3116949811e-03
5.3210000000e+00 -1.1211826445e-04 -2.2877897265e-03
5.3220000000e+00 -1.1207696337e-04 -2.2632832772e-03
5.3230000000e+00 -1.1200763198e-04 -2.2381779119e-03
5.3240000000e+00 -1.1191034924e-04 -2.2124760008e-03
5.3250000000e+00 -1.1178528280e-04 -2.1861800014e-03
5.3260000000e+00 -1.1163240268e-04 -2.1592924712e-03
5.3270000000e+00 -1.1145165151e-04 -2.1318160590e-03
5.3280000000e+00 -1.1124319470e-04 -2.1037534930e-03
5.3290000000e+00 -1.1100722629e-04 -2.0751075936e-03
5.3300000000e+00 -1.1074374942e-04 -2.0458812847e-03
5.3310000000e+00 -1.1045267379e-04 -2.0160775797e-03
5.3320000000e+00 -1.1013418712e-04 -1.9856995689e-03
5.3330000000e+00 -1.0978868584e-04 -1.9547504297e-03
5.3340000000e+00 -1.0941622316e-04 -1.9232334380e-03
5.3350000000e+00 -1.0901672916e-04 -1.8911519620e-03
5.3360000000e+00 -1.0859061407e-04 -1.8585094461e-03
5.3370000000e+00 -1.0813840173e-04 -1.8253094180e-03
5.3380000000e+00 -1.0766022710e-04 -1.7915555101e-03
5.3390000000e+00 -1.0715624203e-04 -1.7572514450e-03
5.3400000000e+00 -1.0662703296e-04 -1.7224010144e-03
5.3410000000e+00 -1.0607324216e-04 -1.6870081012e-03
5.3420000000e+00 -1.0549504543e-04 -1.6510766943e-03
5.3430000000e+00 -1.0489267932e-04 -1.6146108649e-03
5.3440000000e+00 -1.0426687281e-04 -1.5776147558e-03
5.3450000000e+00 -1.0361814095e-04 -1.5400926051e-03
5.3460000000e+00 -1.0294668947e-04 -1.5020487467e-03
5.3470000000e+00 -1.0225278111e-04 -1.4634875967e-03
5.3480000000e+00 -1.0153693282e-04 -1.4244136492e-03
5.3490000000e+00 -1.0079986601e-04 -1.3848314744e-03
5.3500000000e+00 -1.0004184018e-04 -1.3447457427e-03
5.3510000000e+00 -9.9263005469e-05 -1.3041612112e-03
5.3520000000e+00 -9.8464004367e-05 -1.2630826987e-03
5.3530000000e+00 -9.7645486466e-05 -1.2215151077e-03
5.3540000000e+00 -9.6807861296e-05 -1.1794634319e-03
5.3550000000e+00 -9.5951454359e-05 -1.1369327459e-03
5.3560000000e+00 -9.5076906444e-05 -1.0939281959e-03
5.3570000000e+00 -9.4185087945e-05 -1.0504550016e-03
5.3580000000e+00 -9.3276543181e-05 -1.0065184726e-03
5.3590000000e+00 -9.2351729868e-05 -9.6212400569e-04
5.3600000000e+00 -9.1411381179e-05 -9.1727706758e-04
5.3610000000e+00 -9.0456397570e-05 -8.7198319801e-04
5.3620000000e+00 -8.9487448125e-05 -8.2624802533e-04
5.3630000000e+00 -8.8504984992e-05 -7.8007726083e-04
5.3640000000e+00 -8.7509818885e-05 -7.3347668304e-04
5.3650000000e+00 -8.6502817876e-05 -6.8645214585e-04
5.3660000000e+00 -8.5484493632e-05 -6.3900958832e-04
5.3670000000e+00 -8.4455443995e-05 -5.9115501992e-04
5.3680000000e+00 -8.3416414401e-05 -5.4289452016e-04
5.3690000000e+00 -8.2368099683e-05 -4.9423424179e-04
5.3700000000e+00 -8.1311215790e-05 -4.4518040741e-04
5.3710000000e+00 -8.0246392966e-05 -3.9573931448e-04
5.3720000000e+00 -7.9174222182e-05 -3.4591732844e-04
5.3730000000e+00 -7.8095527417e-05 -2.9572087495e-04
5.3740000000e+00 -7.7011177592e-05 -2.4515644903e-04
5.3750000000e+00 -7.5921841259e-05 -1.9423061813e-04
5.3760000000e+00 -7.4828182434e-05 -1.4295001636e-04
5.3770000000e+00 -7.3731077944e-05 -9.1321340227e-05
5.3780000000e+00 -7.2631514043e-05 -3.9351347948e-05
5.3790000000e+00 -7.1530245657e-05 1.2953127324e-05
5.3800000000e+00 -7.0427963587e-05 6.5585183946e-05
5.3810000000e+00 -6.9325651071e-05 1.1853786541e-04
5.3820000000e+00 -6.8224286989e-05 1.7180414952e-04
5.3830000000e+00 -6.7124635985e-05 2.2537694512e-04
5.3840000000e+00 -6.6027440369e-05 2.7924909751e-04
5.3850000000e+00 -6.4933632944e-05 3.3341339691e-04
5.3860000000e+00 -6.3844124626e-05 3.8786257501e-04
5.3870000000e+00 -6.2759537671e-05 4.4258929778e-04
5.3880000000e+00 -6.1680639499e-05 4.9758617681e-04
5.3890000000e+00 -6.0608341657e-05 5.5284577162e-04
5.3900000000e+00 -5.9543358708e-05 6.0836058436e-04
5.3910000000e+00 -5.8486404885e-05 6.6412306347e-04
5.3920000000e+00 -5.7438263866e-05 7.2012560737e-04
5.3930000000e+00 -5.6399762468e-05 7.7636056622e-04
5.3940000000e+00 -5.5371690956e-05 8.3282023964e-04
5.3950000000e+00 -5.4354806154e-05 8.8949687582e-04
5.3960000000e+00 -5.3349980616e-05 9.4638267653e-04
5.3970000000e+00 -5.2358062695e-05 1.0034697963e-03
5.3980000000e+00 -5.1379876600e-05 1.0607503426e-03
5.3990000000e+00 -5.0416292257e-05 1.1182163753e-03
5.4000000000e+00 -4.9468148436e-05 1.1758599059e-03
5.4010000000e+00 -4.8536280947e-05 1.2336728995e-03
5.4020000000e+00 -4.7621513474e-05 1.2916472778e-03
5.4030000000e+00 -4.6724712260e-05 1.3497749211e-03
5.4040000000e+00 -4.5846749434e-05 1.4080476637e-03
5.4050000000e+00 -4.4988350415e-05 1.4664572986e-03
5.4060000000e+00 -4.4150259526e-05 1.5249955820e-03
5.4070000000e+00 -4.3333258894e-05 1.5836542280e-03
5.4080000000e+00 -4.2538020587e-05 1.6424249143e-03
5.4090000000e+00 -4.1765266487e-05 1.7012992875e-03
5.4100000000e+00 -4.1015682485e-05 1.7602689596e-03
5.4110000000e+00 -4.0289823219e-05 1.8193255104e-03
5.4120000000e+00 -3.9588379257e-05 1.8784604926e-03
5.4130000000e+00 -3.8912100744e-05 1.9376654312e-03
5.4140000000e+00 -3.8261593251e-05 1.9969318210e-03
5.4150000000e+00 -3.7637442374e-05 2.0562511305e-03
5.4160000000e+00 -3.7040381859e-05 2.1156148044e-03
5.4170000000e+00 -3.6471185959e-05 2.1750142594e-03
5.4180000000e+00 -3.5930465689e-05 2.2344408882e-03
5.4190000000e+00 -3.5418824262e-05 2.2938860598e-03
5.4200000000e+00 -3.4937003141e-05 2.3533411178e-03
5.4210000000e+00 -3.4485746274e-05 2.4127973861e-03
5.4220000000e+00 -3.4065684588e-05 2.4722461654e-03
5.4230000000e+00 -3.3677371031e-05 2.5316787340e-03
5.4240000000e+00 -3.3321453166e-05 2.5910863558e-03
5.4250000000e+00 -3.2998578818e-05 2.6504602748e-03
5.4260000000e+00 -3.2709190904e-05 2.7097917163e-03
5.4270000000e+00 -3.2453704613e-05 2.7690718959e-03
5.4280000000e+00 -3.2232610356e-05 2.8282920169e-03
5.4290000000e+00 -3.2046353340e-05 2.8874432680e-03
5.4300000000e+00 -3.1895310253e-05 2.9465168320e-03
5.4310000000e+00 -3.1779776935e-05 3.0055038872e-03
5.4320000000e+00 -3.1700078654e-05 3.0643956038e-03
5.4330000000e+00 -3.1656663460e-05 3.1231831494e-03
5.4340000000e+00 -3.1649850819e-05 3.1818576926e-03
5.4350000000e+00 -3.1679851332e-05 3.2404103988e-03
5.4360000000e+00 -3.1747062263e-05 3.2988324325e-03
5.4370000000e+00 -3.1851926244e-05 3.3571149600e-03
5.4380000000e+00 -3.1994768623e-05 3.4152491485e-03
5.4390000000e+00 -3.2175852913e-05 3.4732261665e-03
5.4400000000e+00 -3.2395477259e-05 3.5310371853e-03
5.4410000000e+00 -3.2654028780e-05 3.5886733798e-03
5.4420000000e+00 -3.2951798237e-05 3.6461259297e-03
5.4430000000e+00 -3.3288974152e-05 3.7033860203e-03
5.4440000000e+00 -3.3665756124e-05 3.7604448439e-03
5.4450000000e+00 -3.4082359215e-05 3.8172936028e-03
5.4460000000e+00 -3.4538947502e-05 3.8739235102e-03
5.4470000000e+00 -3.5035511207e-05 3.9303257898e-03
5.4480000000e+00 -3.5572108517e-05 3.9864916799e-03
5.4490000000e+00 -3.6148828955e-05 4.0424124382e-03
5.4500000000e+00 -3.6765576341e-05 4.0980793393e-03
5.4510000000e+00 -3.7422277868e-05 4.1534836762e-03
5.4520000000e+00 -3.8118834425e-05 4.2086167672e-03
5.4530000000e+00 -3.8855162135e-05 4.2634699539e-03
5.4540000000e+00 -3.9631202966e-05 4.3180346032e-03
5.4550000000e+00 -4.0446766717e-05 4.3723021077e-03
5.4560000000e+00 -4.1301735945e-05 4.4262638852e-03
5.4570000000e+00 -4.2196063275e-05 4.4799113841e-03
5.4580000000e+00 -4.3129651740e-05 4.5332360799e-03
5.4590000000e+00 -4.4102301905e-05 4.5862294761e-03
5.4600000000e+00 -4.5113833673e-05 4.6388831079e-03
5.4610000000e+00 -4.6164198760e-05 4.6911885394e-03
5.4620000000e+00 -4.7253181925e-05 4.7431373685e-03
5.4630000000e+00 -4.8380487443e-05 4.7947212259e-03
5.4640000000e+00 -4.9545900166e-05 4.8459317760e-03
5.4650000000e+00 -5.0749130431e-05 4.8967607203e-03
5.4660000000e+00 -5.1989807264e-05 4.9471997990e-03
5.4670000000e+00 -5.3267522124e-05 4.9972407904e-03
5.4680000000e+00 -5.4581884604e-05 5.0468755125e-03
5.4690000000e+00 -5.5932432629e-05 5.0960958306e-03
5.4700000000e+00 -5.7318621573e-05 5.1448936556e-03
5.4710000000e+00 -5.8739913751e-05 5.1932609414e-03
5.4720000000e+00 -6.0195766071e-05 5.2411896940e-03
5.4730000000e+00 -6.1685618117e-05 5.2886719728e-03
5.4740000000e+00 -6.3208812990e-05 5.3356998891e-03
5.4750000000e+00 -6.4764719395e-05 5.3822656045e-03
5.4760000000e+00 -6.6352772799e-05 5.4283613343e-03
5.4770000000e+00 -6.7972381462e-05 5.4739793497e-03
5.4780000000e+00 -6.9622952380e-05 5.5191119762e-03
5.4790000000e+00 -7.1303810987e-05 5.5637515970e-03
5.4800000000e+00 -7.3014325575e-05 5.6078906501e-03
5.4810000000e+00 -7.4753941370e-05 5.6515216290e-03
5.4820000000e+00 -7.6521979685e-05 5.6946370885e-03
5.4830000000e+00 -7.8317685669e-05 5.7372296437e-03
5.4840000000e+00 -8.0140387403e-05 5.7792919692e-03
5.4850000000e+00 -8.1989452675e-05 5.8208167999e-03
5.4860000000e+00 -8.3864029413e-05 5.8617969381e-03
5.4870000000e+00 -8.5763229384e-05 5.9022252514e-03
5.4880000000e+00 -8.7686328600e-05 5.9420946680e-03
5.4890000000e+00 -8.9632461241e-05 5.9813981894e-03
5.4900000000e+00 -9.1600624902e-05 6.0201288922e-03
5.4910000000e+00 -9.3589836435e-05 6.0582799216e-03
5.4920000000e+00 -9.5599189148e-05 6.0958444935e-03
5.4930000000e+00 -9.7627748050e-05 6.1328159006e-03
5.4940000000e+00 -9.9674399594e-05 6.1691875168e-03
5.4950000000e+00 -1.0173811918e-04 6.2049527897e-03
5.4960000000e+00 -1.0381801174e-04 6.2401052411e-03
5.4970000000e+00 -1.0591310297e-04 6.2746384743e-03
5.4980000000e+00 -1.0802236372e-04 6.3085461741e-03
5.4990000000e+00 -1.1014479277e-04 6.3418221037e-03
5.5000000000e+00 -1.1227943337e-04 6.3744601051e-03
5.5010000000e+00 -1.1442531023e-04 6.4064541040e-03
5.5020000000e+00 -1.1658146899e-04 6.4377981043e-03
5.5030000000e+00 -1.1874692543e-04 6.4684861906e-03
5.5040000000e+00 -1.2092058632e-04 6.4985125390e-03
5.5050000000e+00 -1.2310142127e-04 6.5278714074e-03
5.5060000000e+00 -1.2528845065e-04 6.5565571323e-03
5.5070000000e+00 -1.2748052594e-04 6.5845641433e-03
5.5080000000e+00 -1.2967642541e-04 6.6118869649e-03
5.5090000000e+00 -1.3187508736e-04 6.6385202009e-03
5.5100000000e+00 -1.3407541572e-04 6.6644585447e-03
5.5110000000e+00 -1.3627612451e-04 6.6896967929e-03
5.5120000000e+00 -1.3847597518e-04 6.7142298350e-03
5.5130000000e+00 -1.4067385718e-04 6.7380526478e-03
5.5140000000e+00 -1.4286862466e-04 6.7611603052e-03
5.5150000000e+00 -1.4505896983e-04 6.7835479866e-03
5.5160000000e+00 -1.4724363975e-04 6.8052109675e-03
5.5170000000e+00 -1.4942161528e-04 6.8261446095e-03
5.5180000000e+00 -1.5159181350e-04 6.8463443750e-03
5.5190000000e+00 -1.5375298226e-04 6.8658058345e-03
5.5200000000e+00 -1.5590394953e-04 6.8845246560e-03
5.5210000000e+00 -1.5804371413e-04 6.9024965978e-03
5.5220000000e+00 -1.6017125964e-04 6.9197175182e-03
5.5230000000e+00 -1.6228541871e-04 6.9361833850e-03
5.5240000000e+00 -1.6438502070e-04 6.9518902677e-03
5.5250000000e+00 -1.6646900120e-04 6.9668343317e-03
5.5260000000e+00 -1.6853631227e-04 6.9810118442e-03
5.5270000000e+00 -1.7058578278e-04 6.9944191808e-03
5.5280000000e+00 -1.7261616534e-04 7.0070528239e-03
5.5290000000e+00 -1.7462634223e-04 7.0189093561e-03
5.5300000000e+00 -1.7661523647e-04 7.0299854643e-03
5.5310000000e+00 -1.7858163892e-04 7.0402779475e-03
5.5320000000e+00 -1.8052433375e-04 7.0497837144e-03
5.5330000000e+00 -1.8244219377e-04 7.0584997804e-03
5.5340000000e+00 -1.8433413797e-04 7.0664232673e-03
5.5350000000e+00 -1.8619905157e-04 7.0735514093e-03
5.5360000000e+00 -1.8803576038e-04 7.0798815576e-03
5.5370000000e+00 -1.8984321374e-04 7.0854111694e-03
5.5380000000e+00 -1.9162047835e-04 7.0901378077e-03
5.5390000000e+00 -1.9336649952e-04 7.0940591543e-03
5.5400000000e+00 -1.9508018210e-04 7.0971730076e-03
5.5410000000e+00 -1.9676058802e-04 7.0994772724e-03
5.5420000000e+00 -1.9840678009e-04 7.1009699676e-03
5.5430000000e+00 -2.0001789754e-04 7.1016492187e-03
5.5440000000e+00 -2.0159301750e-04 7.1015132684e-03
5.5450000000e+00 -2.0313100650e-04 7.1005604872e-03
5.5460000000e+00 -2.0463111569e-04 7.0987893364e-03
5.5470000000e+00 -2.0609258940e-04 7.0961983926e-03
5.5480000000e+00 -2.0751428168e-04 7.0927863679e-03
5.5490000000e+00 -2.0889525524e-04 7.0885520778e-03
5.5500000000e+00 -2.1023471160e-04 7.0834944489e-03
5.5510000000e+00 -2.1153187796e-04 7.0776125217e-03
5.5520000000e+00 -2.1278583002e-04 7.0709054622e-03
5.5530000000e+00 -2.1399553868e-04 7.0633725608e-03
5.5540000000e+00 -2.1516035537e-04 7.0550132051e-03
5.5550000000e+00 -2.1627957957e-04 7.0458269063e-03
5.5560000000e+00 -2.1735228186e-04 7.0358133079e-03
5.5570000000e+00 -2.1837766619e-04 7.0249721670e-03
5.5580000000e+00 -2.1935518878e-04 7.0133033461e-03
5.5590000000e+00 -2.2028429181e-04 7.0008068280e-03
5.5600000000e+00 -2.2116415720e-04 6.9874827353e-03
5.5610000000e+00 -2.2199421429e-04 6.9733312953e-03
5.5620000000e+00 -2.2277406659e-04 6.9583528451e-03
5.5630000000e+00 -2.2350315464e-04 6.9425478532e-03
5.5640000000e+00 -2.2418095149e-04 6.9259169059e-03
5.5650000000e+00 -2.2480692746e-04 6.9084607087e-03
5.5660000000e+00 -2.2538068690e-04 6.8901800791e-03
5.5670000000e+00 -2.2590182368e-04 6.8710759548e-03
5.5680000000e+00 -2.2636978365e-04 6.8511494012e-03
5.5690000000e+00 -2.2678414085e-04 6.8304015954e-03
5.5700000000e+00 -2.2714450332e-04 6.8088338341e-03
5.5710000000e+00 -2.2745049398e-04 6.7864475327e-03
5.5720000000e+00 -2.2770167439e-04 6.7632442317e-03
5.5730000000e+00 -2.2789765493e-04 6.7392255885e-03
5.5740000000e+00 -2.2803822096e-04 6.7143933708e-03
5.5750000000e+00 -2.2812303968e-04 6.6887494790e-03
5.5760000000e+00 -2.2815188900e-04 6.6622959277e-03
5.5770000000e+00 -2.2812465599e-04 6.6350348464e-03
5.5780000000e+00 -2.2804118942e-04 6.6069684868e-03
5.5790000000e+00 -2.2790141968e-04 6.5780992129e-03
5.5800000000e+00 -2.2770516711e-04 6.5484295247e-03
5.5810000000e+00 -2.2745254474e-04 6.5179620381e-03
5.5820000000e+00 -2.2714370031e-04 6.4866994816e-03
5.5830000000e+00 -2.2677842037e-04 6.4546447217e-03
5.5840000000e+00 -2.2635679145e-04 6.4218007353e-03
5.5850000000e+00 -2.2587907537e-04 6.3881706026e-03
5.5860000000e+00 -2.2534541803e-04 6.3537575261e-03
5.5870000000e+00 -2.2475579947e-04 6.3185648456e-03
5.5880000000e+00 -2.2411025468e-04 6.2825960136e-03
5.5890000000e+00 -2.2340911460e-04 6.2458545830e-03
5.5900000000e+00 -2.2265260385e-04 6.2083442354e-03
5.5910000000e+00 -2.2184083846e-04 6.1700687648e-03
5.5920000000e+00 -2.2097402388e-04 6.1310320842e-03
5.5930000000e+00 -2.2005244769e-04 6.0912382270e-03
5.5940000000e+00 -2.1907652503e-04 6.0506913255e-03
5.5950000000e+00 -2.1804661754e-04 6.0093956369e-03
5.5960000000e+00 -2.1696295688e-04 5.9673555468e-03
5.5970000000e+00 -2.1582607650e-04 5.9245755362e-03
5.5980000000e+00 -2.1463671887e-04 5.8810601932e-03
5.5990000000e+00 -2.1339522729e-04 5.8368142506e-03
5.6000000000e+00 -2.1210199197e-04 5.7918425524e-03
5.6010000000e+00 -2.1075784402e-04 5.7461500380e-03
5.6020000000e+00 -2.0936364019e-04 5.6997417640e-03
5.6030000000e+00 -2.0791988154e-04 5.6526229159e-03
5.6040000000e+00 -2.0642688819e-04 5.6047988095e-03
5.6050000000e+00 -2.0488567785e-04 5.5562748370e-03
5.6060000000e+00 -2.0329738443e-04 5.5070564893e-03
5.6070000000e+00 -2.0166234628e-04 5.4571494187e-03
5.6080000000e+00 -1.9998103654e-04 5.4065593841e-03
5.6090000000e+00 -1.9825455016e-04 5.3552922131e-03
5.6100000000e+00 -1.9648402017e-04 5.3033538475e-03
5.6110000000e+00 -1.9466996872e-04 5.2507503709e-03
5.6120000000e+00 -1.9281287239e-04 5.1974879724e-03
5.6130000000e+00 -1.9091395927e-04 5.1435729163e-03
5.6140000000e+00 -1.8897429336e-04 5.0890115834e-03
5.6150000000e+00 -1.8699454733e-04 5.0338104780e-03
5.6160000000e+00 -1.8497558225e-04 4.9779762016e-03
5.6170000000e+00 -1.8291857503e-04 4.9215154505e-03
5.6180000000e+00 -1.8082489551e-04 4.8644350165e-03
5.6190000000e+00 -1.7869543414e-04 4.8067418233e-03
5.6200000000e+00 -1.7653105421e-04 4.7484429040e-03
5.6210000000e+00 -1.7433321795e-04 4.6895453651e-03
5.6220000000e+00 -1.7210331312e-04 4.6300564210e-03
5.6230000000e+00 -1.6984236301e-04 4.5699834098e-03
5.6240000000e+00 -1.6755136159e-04 4.5093337747e-03
5.6250000000e+00 -1.6523175477e-04 4.4481150380e-03
5.6260000000e+00 -1.6288514071e-04 4.3863348135e-03
5.6270000000e+00 -1.6051259107e-04 4.3240008374e-03
5.6280000000e+00 -1.5811506675e-04 4.2611209532e-03
5.6290000000e+00 -1.5569398133e-04 4.1977030808e-03
5.6300000000e+00 -1.5325092030e-04 4.1337552232e-03
5.6310000000e+00 -1.5078703499e-04 4.0692854969e-03
5.6320000000e+00 -1.4830337678e-04 4.0043021166e-03
5.6330000000e+00 -1.4580144529e-04 3.9388133720e-03
5.6340000000e+00 -1.4328266928e-04 3.8728276468e-03
5.6350000000e+00 -1.4074824864e-04 3.8063534240e-03
5.6360000000e+00 -1.3819960523e-04 3.7393992663e-03
5.6370000000e+00 -1.3563825776e-04 3.6719738226e-03
5.6380000000e+00 -1.3306553356e-04 3.6040858388e-03
5.6390000000e+00 -1.3048292439e-04 3.5357441456e-03
5.6400000000e+00 -1.2789210310e-04 3.4669576579e-03
5.6410000000e+00 -1.2529447766e-04 3.3977353851e-03
5.6420000000e+00 -1.2269157485e-04 3.3280864163e-03
5.6430000000e+00 -1.2008510397e-04 3.2580199210e-03
5.6440000000e+00 -1.1747659522e-04 3.1875451620e-03
5.6450000000e+00 -1.1486752743e-04 3.1166714858e-03
5.6460000000e+00 -1.1225946041e-04 3.0454083164e-03
5.6470000000e+00 -1.0965413277e-04 2.9737651448e-03
5.6480000000e+00 -1.0705301520e-04 2.9017515553e-03
5.6490000000e+00 -1.0445734183e-04 2.8293772213e-03
5.6500000000e+00 -1.0186874854e-04 2.7566518662e-03
5.6510000000e+00 -9.9288934310e-05 2.6835852863e-03
5.6520000000e+00 -9.6719297308e-05 2.6101873667e-03
5.6530000000e+00 -9.4161081592e-05 2.5364680638e-03
5.6540000000e+00 -9.1615802529e-05 2.4624373873e-03
5.6550000000e+00 -8.9085196926e-05 2.3881054112e-03
5.6560000000e+00 -8.6570685275e-05 2.3134822852e-03
5.6570000000e+00 -8.4073690399e-05 2.2385782234e-03
5.6580000000e+00 -8.1595786025e-05 2.1634035072e-03
5.6590000000e+00 -7.9138523152e-05 2.0879684839e-03
5.6600000000e+00 -7.6703548774e-05 2.0122835589e-03
5.6610000000e+00 -7.4292458535e-05 1.9363592025e-03
5.6620000000e+00 -7.1906771594e-05 1.8602059469e-03
5.6630000000e+00 -6.9548035876e-05 1.7838343807e-03
5.6640000000e+00 -6.7217856955e-05 1.7072551581e-03
5.6650000000e+00 -6.4917803326e-05 1.6304789904e-03
5.6660000000e+00 -6.2649338874e-05 1.5535166417e-03
5.6670000000e+00 -6.0413971120e-05 1.4763789310e-03
5.6680000000e+00 -5.8213186140e-05 1.3990767331e-03
5.6690000000e+00 -5.6048324816e-05 1.3216209766e-03
5.6700000000e+00 -5.3920736969e-05 1.2440226340e-03
5.6710000000e+00 -5.1831897751e-05 1.1662927197e-03
5.6720000000e+00 -4.9783186421e-05 1.0884422897e-03
5.6730000000e+00 -4.7775813332e-05 1.0104824497e-03
5.6740000000e+00 -4.5811016233e-05 9.3242434599e-04
5.6750000000e+00 -4.3890138757e-05 8.5427915416e-04
5.6760000000e+00 -4.2014555013e-05 7.7605809020e-04
5.6770000000e+00 -4.0185451687e-05 6.9777241287e-04
5.6780000000e+00 -3.8404024719e-05 6.1943341049e-04
5.6790000000e+00 -3.6671590903e-05 5.4105240669e-04
5.6800000000e+00 -3.4989359909e-05 4.6264076970e-04
5.6810000000e+00 -3.3358660913e-05 3.8420989258e-04
5.6820000000e+00 -3.1780792554e-05 3.0577119577e-04
5.6830000000e+00 -3.0256831073e-05 2.2733614143e-04
5.6840000000e+00 -2.8787930791e-05 1.4891621913e-04
5.6850000000e+00 -2.7375328922e-05 7.0522937184e-05
5.6860000000e+00 -2.6020224637e-05 -7.8321681925e-06
5.6870000000e+00 -2.4723580569e-05 -8.6137536303e-05
5.6880000000e+00 -2.3486280795e-05 -1.6438158762e-04
5.6890000000e+00 -2.2309372129e-05 -2.4255271936e-04
5.6900000000e+00 -2.1193870069e-05 -3.2063931703e-04
5.6910000000e+00 -2.0140689437e-05 -3.9862975505e-04
5.6920000000e+00 -1.9150552231e-05 -4.7651239211e-04
5.6930000000e+00 -1.8224237490e-05 -5.5427558249e-04
5.6940000000e+00 -1.7362627870e-05 -6.3190767342e-04
5.6950000000e+00 -1.6566367586e-05 -7.0939700215e-04
5.6960000000e+00 -1.5836159508e-05 -7.8673190770e-04
5.6970000000e+00 -1.5172738822e-05 -8.6390072947e-04
5.6980000000e+00 -1.4576747283e-05 -9.4089179943e-04
5.6990000000e+00 -1.4048842241e-05 -1.0176934473e-03
5.7000000000e+00 -1.3589571955e-05 -1.0942940050e-03
5.7010000000e+00 -1.3199575554e-05 -1.1706818071e-03
5.7020000000e+00 -1.2879528440e-05 -1.2468451896e-03
5.7030000000e+00 -1.2629891893e-05 -1.3227724941e-03
5.7040000000e+00 -1.2451036417e-05 -1.3984520685e-03
5.7050000000e+00 -1.2343505919e-05 -1.4738722683e-03
5.7060000000e+00 -1.2307912171e-05 -1.5490214610e-03
5.7070000000e+00 -1.2344553143e-05 -1.6238880258e-03
5.7080000000e+00 -1.2453605189e-05 -1.6984603577e-03
5.7090000000e+00 -1.2635313084e-05 -1.7727268704e-03
5.7100000000e+00 -1.2889997097e-05 -1.8466759930e-03
5.7110000000e+00 -1.3217895466e-05 -1.9202961791e-03
5.7120000000e+00 -1.3618944481e-05 -1.9935759095e-03
5.7130000000e+00 -1.4093138670e-05 -2.0665036875e-03
5.7140000000e+00 -1.4640559141e-05 -2.1390680485e-03
5.7150000000e+00 -1.5261181612e-05 -2.2112575607e-03
5.7160000000e+00 -1.5954871191e-05 -2.2830608195e-03
5.7170000000e+00 -1.6721485929e-05 -2.3544664582e-03
5.7180000000e+00 -1.7560963354e-05 -2.4254631485e-03
5.7190000000e+00 -1.8473058512e-05 -2.4960395921e-03
5.7200000000e+00 -1.9457554294e-05 -2.5661845264e-03
5.7210000000e+00 -2.0514287151e-05 -2.6358867317e-03
5.7220000000e+00 -2.1643001502e-05 -2.7051350275e-03
5.7230000000e+00 -2.2843449029e-05 -2.7739182743e-03
5.7240000000e+00 -2.4115151881e-05 -2.8422253805e-03
5.7250000000e+00 -2.5457749396e-05 -2.9100452945e-03
5.7260000000e+00 -2.6871012538e-05 -2.9773670126e-03
5.7270000000e+00 -2.8354418047e-05 -3.0441795838e-03
5.7280000000e+00 -2.9907314181e-05 -3.1104721074e-03
5.7290000000e+00 -3.1529046265e-05 -3.1762337393e-03
5.7300000000e+00 -3.3219118058e-05 -3.2414536879e-03
5.7310000000e+00 -3.4976892814e-05 -3.3061212205e-03
5.7320000000e+00 -3.6801470877e-05 -3.3702256697e-03
5.7330000000e+00 -3.8692074130e-05 -3.4337564288e-03
5.7340000000e+00 -4.0647875340e-05 -3.4967029599e-03
5.7350000000e+00 -4.2667998173e-05 -3.5590547939e-03
5.7360000000e+00 -4.4751575993e-05 -3.6208015257e-03
5.7370000000e+00 -4.6897672784e-05 -3.6819328197e-03
5.7380000000e+00 -4.9105307709e-05 -3.7424384174e-03
5.7390000000e+00 -5.1373425384e-05 -3.8023081308e-03
5.7400000000e+00 -5.3701042453e-05 -3.8615318385e-03
5.7410000000e+00 -5.6087183600e-05 -3.9200995012e-03
5.7420000000e+00 -5.8530786091e-05 -3.9780011574e-03
5.7430000000e+00 -6.1030697049e-05 -4.0352269205e-03
5.7440000000e+00 -6.3585717790e-05 -4.0917669842e-03
5.7450000000e+00 -6.6194754097e-05 -4.1476116179e-03
5.7460000000e+00 -6.8856668380e-05 -4.2027511752e-03
5.7470000000e+00 -7.1570215198e-05 -4.2571760956e-03
5.7480000000e+00 -7.4334006169e-05 -4.3108769077e-03
5.7490000000e+00 -7.7146608362e-05 -4.3638442314e-03
5.7500000000e+00 -8.0006767876e-05 -4.4160687711e-03
5.7510000000e+00 -8.2913089108e-05 -4.4675413244e-03
5.7520000000e+00 -8.5863953237e-05 -4.5182527894e-03
5.7530000000e+00 -8.8857834864e-05 -4.5681941600e-03
5.7540000000e+00 -9.1893293266e-05 -4.6173565219e-03
5.7550000000e+00 -9.4968730370e-05 -4.6657310659e-03
5.7560000000e+00 -9.8082494163e-05 -4.7133090869e-03
5.7570000000e+00 -1.0123311737e-04 -4.7600819715e-03
5.7580000000e+00 -1.0441898476e-04 -4.8060412170e-03
5.7590000000e+00 -1.0763831230e-04 -4.8511784338e-03
5.7600000000e+00 -1.1088946620e-04 -4.8954853270e-03
5.7610000000e+00 -1.1417092335e-04 -4.9389537037e-03
5.7620000000e+00 -1.1748106707e-04 -4.9815754861e-03
5.7630000000e+00 -1.2081801442e-04 -5.0233427141e-03
5.7640000000e+00 -1.2418001661e-04 -5.0642475296e-03
5.7650000000e+00 -1.2756552575e-04 -5.1042821789e-03
5.7660000000e+00 -1.3097276974e-04 -5.1434390306e-03
5.7670000000e+00 -1.3439989738e-04 -5.1817105659e-03
5.7680000000e+00 -1.3784506624e-04 -5.2190893804e-03
5.7690000000e+00 -1.4130640909e-04 -5.2555681867e-03
5.7700000000e+00 -1.4478207262e-04 -5.2911398165e-03
5.7710000000e+00 -1.4827025143e-04 -5.3257972190e-03
5.7720000000e+00 -1.5176909453e-04 -5.3595334629e-03
5.7730000000e+00 -1.5527650553e-04 -5.3923417564e-03
5.7740000000e+00 -1.5879051033e-04 -5.4242154292e-03
5.7750000000e+00 -1.6230934474e-04 -5.4551479221e-03
5.7760000000e+00 -1.6583104274e-04 -5.4851328127e-03
5.7770000000e+00 -1.6935354703e-04 -5.5141638163e-03
5.7780000000e+00 -1.7287494910e-04 -5.5422347673e-03
5.7790000000e+00 -1.7639339656e-04 -5.5693396226e-03
5.7800000000e+00 -1.7990691931e-04 -5.5954724803e-03
5.7810000000e+00 -1.8341355378e-04 -5.6206275709e-03
5.7820000000e+00 -1.8691147574e-04 -5.6447992482e-03
5.7830000000e+00 -1.9039881431e-04 -5.6679820003e-03
5.7840000000e+00 -1.9387355624e-04 -5.6901704569e-03
5.7850000000e+00 -1.9733372959e-04 -5.7113593836e-03
5.7860000000e+00 -2.0077758449e-04 -5.7315436670e-03
5.7870000000e+00 -2.0420331233e-04 -5.7507183287e-03
5.7880000000e+00 -2.0760882689e-04 -5.7688785466e-03
5.7890000000e+00 -2.1099207496e-04 -5.7860196362e-03
5.7900000000e+00 -2.1435122337e-04 -5.8021370364e-03
5.7910000000e+00 -2.1768450212e-04 -5.8172263222e-03
5.7920000000e+00 -2.2098990321e-04 -5.8312832272e-03
5.7930000000e+00 -2.2426529296e-04 -5.8443036367e-03
5.7940000000e+00 -2.2750878966e-04 -5.8562835637e-03
5.7950000000e+00 -2.3071862958e-04 -5.8672191626e-03
5.7960000000e+00 -2.3389291728e-04 -5.8771067402e-03
5.7970000000e+00 -2.3702965419e-04 -5.8859427549e-03
5.7980000000e+00 -2.4012700297e-04 -5.8937238051e-03
5.7990000000e+00 -2.4318329436e-04 -5.9004466255e-03
5.8000000000e+00 -2.4619671823e-04 -5.9061081069e-03
5.8010000000e+00 -2.4916547567e-04 -5.9107052892e-03
5.8020000000e+00 -2.5208791262e-04 -5.9142353544e-03
5.8030000000e+00 -2.5496239281e-04 -5.9166956318e-03
5.8040000000e+00 -2.5778722590e-04 -5.9180836035e-03
5.8050000000e+00 -2.6056067169e-04 -5.9183969095e-03
5.8060000000e+00 -2.6328120280e-04 -5.9176333261e-03
5.8070000000e+00 -2.6594736096e-04 -5.9157907733e-03
5.8080000000e+00 -2.6855745046e-04 -5.9128673391e-03
5.8090000000e+00 -2.7110966587e-04 -5.9088612754e-03
5.8100000000e+00 -2.7360259151e-04 -5.9037709615e-03
5.8110000000e+00 -2.7603497545e-04 -5.8975949158e-03
5.8120000000e+00 -2.7840503160e-04 -5.8903318411e-03
5.8130000000e+00 -2.8071120101e-04 -5.8819805844e-03
5.8140000000e+00 -2.8295219696e-04 -5.8725401369e-03
5.8150000000e+00 -2.8512644257e-04 -5.8620096552e-03
5.8160000000e+00 -2.8723261999e-04 -5.8503884373e-03
5.8170000000e+00 -2.8926943279e-04 -5.8376759472e-03
5.8180000000e+00 -2.9123554745e-04 -5.8238718007e-03
5.8190000000e+00 -2.9312974338e-04 -5.8089757610e-03
5.8200000000e+00 -2.9495077605e-04 -5.7929877559e-03
5.8210000000e+00 -2.9669768700e-04 -5.7759078488e-03
5.8220000000e+00 -2.9836945234e-04 -5.7577362705e-03
5.8230000000e+00 -2.9996488575e-04 -5.7384734213e-03
5.8240000000e+00 -3.0148293739e-04 -5.7181198480e-03
5.8250000000e+00 -3.0292279175e-04 -5.6966762419e-03
5.8260000000e+00 -3.0428365058e-04 -5.6741434544e-03
5.8270000000e+00 -3.0556444690e-04 -5.6505225139e-03
5.8280000000e+00 -3.0676434389e-04 -5.6258145892e-03
5.8290000000e+00 -3.0788261347e-04 -5.6000210069e-03
5.8300000000e+00 -3.0891837505e-04 -5.5731432556e-03
5.8310000000e+00 -3.0987092671e-04 -5.5451829565e-03
5.8320000000e+00 -3.1073951359e-04 -5.5161419054e-03
5.8330000000e+00 -3.1152355421e-04 -5.4860220693e-03
5.8340000000e+00 -3.1222246918e-04 -5.4548255615e-03
5.8350000000e+00 -3.1283546251e-04 -5.4225546596e-03
5.8360000000e+00 -3.1336210130e-04 -5.3892117923e-03
5.8370000000e+00 -3.1380205705e-04 -5.3547995321e-03
5.8380000000e+00 -3.1415490782e-04 -5.3193206042e-03
5.8390000000e+00 -3.1442010819e-04 -5.2827779153e-03
5.8400000000e+00 -3.1459730754e-04 -5.2451745231e-03
5.8410000000e+00 -3.1468656599e-04 -5.2065136121e-03
5.8420000000e+00 -3.1468775625e-04 -5.1667985475e-03
5.8430000000e+00 -3.1460070709e-04 -5.1260328421e-03
5.8440000000e+00 -3.1442536621e-04 -5.0842201674e-03
5.8450000000e+00 -3.1416182351e-04 -5.0413643549e-03
5.8460000000e+00 -3.1381040108e-04 -4.9974693685e-03
5.8470000000e+00 -3.1337120143e-04 -4.9525393512e-03
5.8480000000e+00 -3.1284420938e-04 -4.9065786116e-03
5.8490000000e+00 -3.1222963550e-04 -4.8595915987e-03
5.8500000000e+00 -3.1152780494e-04 -4.8115829091e-03
5.8510000000e+00 -3.1073895222e-04 -4.7625573064e-03
5.8520000000e+00 -3.0986340078e-04 -4.7125197026e-03
5.8530000000e+00 -3.0890158820e-04 -4.6614751644e-03
5.8540000000e+00 -3.0785383319e-04 -4.6094289243e-03
5.8550000000e+00 -3.0672057913e-04 -4.5563863496e-03
5.8560000000e+00 -3.0550230646e-04 -4.5023529654e-03
5.8570000000e+00 -3.0419972871e-04 -4.4473344411e-03
5.8580000000e+00 -3.0281374769e-04 -4.3913365801e-03
5.8590000000e+00 -3.0134480310e-04 -4.3343653744e-03
5.8600000000e+00 -2.9979356895e-04 -4.2764269603e-03
5.8610000000e+00 -2.9816130464e-04 -4.2175275793e-03
5.8620000000e+00 -2.9644913892e-04 -4.1576736478e-03
5.8630000000e+00 -2.9465769607e-04 -4.0968717646e-03
5.8640000000e+00 -2.9278784162e-04 -4.0351286613e-03
5.8650000000e+00 -2.9084123720e-04 -3.9724511871e-03
5.8660000000e+00 -2.8881899004e-04 -3.9088463707e-03
5.8670000000e+00 -2.8672184106e-04 -3.8443214104e-03
5.8680000000e+00 -2.8455123758e-04 -3.7788836146e-03
5.8690000000e+00 -2.8230872670e-04 -3.7125404389e-03
5.8700000000e+00 -2.7999551347e-04 -3.6452995029e-03
5.8710000000e+00 -2.7761250308e-04 -3.5771685959e-03
5.8720000000e+00 -2.7516132866e-04 -3.5081556086e-03
5.8730000000e+00 -2.7264397033e-04 -3.4382685569e-03
5.8740000000e+00 -2.7006135018e-04 -3.3675156680e-03
5.8750000000e+00 -2.6741459765e-04 -3.2959052916e-03
5.8760000000e+00 -2.6470573552e-04 -3.2234458741e-03
5.8770000000e+00 -2.6193674116e-04 -3.1501460086e-03
5.8780000000e+00 -2.5910889738e-04 -3.0760144657e-03
5.8790000000e+00 -2.5622342551e-04 -3.0010601585e-03
5.8800000000e+00 -2.5328256257e-04 -2.9252920868e-03
5.8810000000e+00 -2.5028849494e-04 -2.8487193976e-03
5.8820000000e+00 -2.4724273635e-04 -2.7713514195e-03
5.8830000000e+00 -2.4414690924e-04 -2.6931976053e-03
5.8840000000e+00 -2.4100330559e-04 -2.6142675110e-03
5.8850000000e+00 -2.3781450317e-04 -2.5345708298e-03
5.8860000000e+00 -2.3458214127e-04 -2.4541174329e-03
5.8870000000e+00 -2.3130790419e-04 -2.3729173233e-03
5.8880000000e+00 -2.2799451789e-04 -2.2909805824e-03
5.8890000000e+00 -2.2464439968e-04 -2.2083174402e-03
5.8900000000e+00 -2.2125913400e-04 -2.1249383028e-03
5.8910000000e+00 -2.1784060168e-04 -2.0408536903e-03
5.8920000000e+00 -2.1439163407e-04 -1.9560742042e-03
5.8930000000e+00 -2.1091471511e-04 -1.8706105953e-03
5.8940000000e+00 -2.0741148631e-04 -1.7844737831e-03
5.8950000000e+00 -2.0388395688e-04 -1.6976747834e-03
5.8960000000e+00 -2.0033487352e-04 -1.6102247043e-03
5.8970000000e+00 -1.9676694662e-04 -1.5221347804e-03
5.8980000000e+00 -1.9318203288e-04 -1.4334164031e-03
5.8990000000e+00 -1.8958222338e-04 -1.3440810610e-03
5.9000000000e+00 -1.8597049551e-04 -1.2541403294e-03
5.9010000000e+00 -1.8234934222e-04 -1.1636059348e-03
5.9020000000e+00 -1.7872083685e-04 -1.0724897243e-03
5.9030000000e+00 -1.7508750889e-04 -9.8080364611e-04
5.9040000000e+00 -1.7145217197e-04 -8.8855976522e-04
5.9050000000e+00 -1.6781724914e-04 -7.9577027040e-04
5.9060000000e+00 -1.6418510493e-04 -7.0244746030e-04
5.9070000000e+00 -1.6055862257e-04 -6.0860373319e-04
5.9080000000e+00 -1.5694041530e-04 -5.1425159927e-04
5.9090000000e+00 -1.5333293943e-04 -4.1940368322e-04
5.9100000000e+00 -1.4973881282e-04 -3.2407272134e-04
5.9110000000e+00 -1.4616054112e-04 -2.2827154866e-04
5.9120000000e+00 -1.4260080731e-04 -1.3201309645e-04
5.9130000000e+00 -1.3906213855e-04 -3.5310405395e-05
5.9140000000e+00 -1.3554694677e-04 6.1823396382e-05
5.9150000000e+00 -1.3205774870e-04 1.5937508933e-04
5.9160000000e+00 -1.2859697745e-04 2.5733134057e-04
5.9170000000e+00 -1.2516722734e-04 3.5567874258e-04
5.9180000000e+00 -1.2177107255e-04 4.5440380400e-04
5.9190000000e+00 -1.1841097651e-04 5.5349293051e-04
5.9200000000e+00 -1.1508937183e-04 6.5293243597e-04
5.9210000000e+00 -1.1180874929e-04 7.5270855202e-04
5.9220000000e+00 -1.0857182630e-04 8.5280743921e-04
5.9230000000e+00 -1.0538118747e-04 9.5321516367e-04
5.9240000000e+00 -1.0223921130e-04 1.0539177021e-03
5.9250000000e+00 -9.9148352817e-05 1.1549009549e-03
5.9260000000e+00 -9.6111257361e-05 1.2561507486e-03
5.9270000000e+00 -9.3130546255e-05 1.3576528322e-03
5.9280000000e+00 -9.0208584441e-05 1.4593928646e-03
5.9290000000e+00 -8.7347638354e-05 1.5613564310e-03
5.9300000000e+00 -8.4550085266e-05 1.6635290644e-03
5.9310000000e+00 -8.1818388576e-05 1.7658962204e-03
5.9320000000e+00 -7.9154824973e-05 1.8684432640e-03
5.9330000000e+00 -7.6561640939e-05 1.9711555175e-03
5.9340000000e+00 -7.4041063628e-05 2.0740182505e-03
5.9350000000e+00 -7.1595178707e-05 2.1770166502e-03
5.9360000000e+00 -6.9226220894e-05 2.2801358558e-03
5.9370000000e+00 -6.6936313127e-05 2.3833609668e-03
5.9380000000e+00 -6.4727513506e-05 2.4866770242e-03
5.9390000000e+00 -6.2601928101e-05 2.5900690192e-03
5.9400000000e+00 -6.0561516149e-05 2.6935218964e-03
5.9410000000e+00 -5.8608255985e-05 2.7970205481e-03
5.9420000000e+00 -5.6744109359e-05 2.9005498296e-03
5.9430000000e+00 -5.4971117446e-05 3.0040945528e-03
5.9440000000e+00 -5.3291113820e-05 3.1076394815e-03
5.9450000000e+00 -5.1705788576e-05 3.2111693436e-03
5.9460000000e+00 -5.0217069569e-05 3.3146688310e-03
5.9470000000e+00 -4.8826701753e-05 3.4181225951e-03
5.9480000000e+00 -4.7536476732e-05 3.5215152566e-03
5.9490000000e+00 -4.6348042920e-05 3.6248314132e-03
5.9500000000e+00 -4.5262754485e-05 3.7280556278e-03
5.9510000000e+00 -4.4282268794e-05 3.8311724368e-03
5.9520000000e+00 -4.3408166853e-05 3.9341663566e-03
5.9530000000e+00 -4.2641783055e-05 4.0370218820e-03
5.9540000000e+00 -4.1984278294e-05 4.1397234969e-03
5.9550000000e+00 -4.1436820232e-05 4.2422556742e-03
5.9560000000e+00 -4.1000746428e-05 4.3446028707e-03
5.9570000000e+00 -4.0677249945e-05 4.4467495414e-03
5.9580000000e+00 -4.0467385846e-05 4.5486801410e-03
5.9590000000e+00 -4.0372022065e-05 4.6503791160e-03
5.9600000000e+00 -4.0392240258e-05 4.7518309182e-03
5.9610000000e+00 -4.0529156198e-05 4.8530200004e-03
5.9620000000e+00 -4.0783428142e-05 4.9539308167e-03
5.9630000000e+00 -4.1155889893e-05 5.0545478282e-03
5.9640000000e+00 -4.1647399074e-05 5.1548555026e-03
5.9650000000e+00 -4.2258630989e-05 5.2548383131e-03
5.9660000000e+00 -4.2990111631e-05 5.3544807494e-03
5.9670000000e+00 -4.3842283679e-05 5.4537673203e-03
5.9680000000e+00 -4.4815852924e-05 5.5526825377e-03
5.9690000000e+00 -4.5911226829e-05 5.6512109356e-03
5.9700000000e+00 -4.7128490992e-05 5.7493370819e-03
5.9710000000e+00 -4.8467831183e-05 5.8470455632e-03
5.9720000000e+00 -4.9929675980e-05 5.9443209786e-03
5.9730000000e+00 -5.1514294103e-05 6.0411479704e-03
5.9740000000e+00 -5.3221358710e-05 6.1375112296e-03
5.9750000000e+00 -5.5050780196e-05 6.2333954729e-03
5.9760000000e+00 -5.7002539729e-05 6.3287854641e-03
5.9770000000e+00 -5.9076409135e-05 6.4236660147e-03
5.9780000000e+00 -6.1272152092e-05 6.5180219837e-03
5.9790000000e+00 -6.3589218610e-05 6.6118382848e-03
5.9800000000e+00 -6.6027226706e-05 6.7050998706e-03
5.9810000000e+00 -6.8585768006e-05 6.7977917527e-03
5.9820000000e+00 -7.1264272908e-05 6.8898990045e-03
5.9830000000e+00 -7.4062144508e-05 6.9814067453e-03
5.9840000000e+00 -7.6978594176e-05 7.0723001588e-03
5.9850000000e+00 -8.0013005500e-05 7.1625644939e-03
5.9860000000e+00 -8.3164522205e-05 7.2521850677e-03
5.9870000000e+00 -8.6432196607e-05 7.3411472616e-03
5.9880000000e+00 -8.9815169724e-05 7.4294365182e-03
5.9890000000e+00 -9.3312358687e-05 7.5170383601e-03
5.9900000000e+00 -9.6922685048e-05 7.6039383856e-03
5.9910000000e+00 -1.0064475614e-04 7.6901222678e-03
5.9920000000e+00 -1.0447728203e-04 7.7755757515e-03
5.9930000000e+00 -1.0841914921e-04 7.8602846707e-03
5.9940000000e+00 -1.1246879199e-04 7.9442349534e-03
5.9950000000e+00 -1.1662444852e-04 8.0274126147e-03
5.9960000000e+00 -1.2088447519e-04 8.1098037646e-03
5.9970000000e+00 -1.2524752137e-04 8.1913945912e-03
5.9980000000e+00 -1.2971185615e-04 8.2721713992e-03
5.9990000000e+00 -1.3427541841e-04 8.3521205986e-03
6.0000000000e+00 -1.3893650667e-04 8.4312286821e-03
6.0010000000e+00 -1.4369331382e-04 8.5094822675e-03
6.0020000000e+00 -1.4854388461e-04 8.5868680750e-03
6.0030000000e+00 -1.5348618635e-04 8.6633729191e-03
6.0040000000e+00 -1.5851816870e-04 8.7389837305e-03
6.0050000000e+00 -1.6363776910e-04 8.8136875584e-03
6.0060000000e+00 -1.6884273501e-04 8.8874715588e-03
6.0070000000e+00 -1.7413087809e-04 8.9603229907e-03
6.0080000000e+00 -1.7949993727e-04 9.0322292403e-03
6.0090000000e+00 -1.8494756156e-04 9.1031778153e-03
6.0100000000e+00 -1.9047122389e-04 9.1731563504e-03
6.0110000000e+00 -1.9606831124e-04 9.2421526014e-03
6.0120000000e+00 -2.0173642433e-04 9.3101544327e-03
6.0130000000e+00 -2.0747298394e-04 9.3771498526e-03
6.0140000000e+00 -2.1327527415e-04 9.4431270074e-03
6.0150000000e+00 -2.1914041523e-04 9.5080741773e-03
6.0160000000e+00 -2.2506553263e-04 9.5719797799e-03
6.0170000000e+00 -2.3104801333e-04 9.6348323634e-03
6.0180000000e+00 -2.3708492496e-04 9.6966206328e-03
6.0190000000e+00 -2.4317318000e-04 9.7573334293e-03
6.0200000000e+00 -2.4930985952e-04 9.8169597335e-03
6.0210000000e+00 -2.5549207277e-04 9.8754886786e-03
6.0220000000e+00 -2.6171678347e-04 9.9329095426e-03
6.0230000000e+00 -2.6798093961e-04 9.9892117491e-03
6.0240000000e+00 -2.7428166422e-04 1.0044384861e-02
6.0250000000e+00 -2.8061577016e-04 1.0098418617e-02
6.0260000000e+00 -2.8698003127e-04 1.0151302908e-02
6.0270000000e+00 -2.9337143884e-04 1.0203027758e-02
6.0280000000e+00 -2.9978687169e-04 1.0253583357e-02
6.0290000000e+00 -3.0622306985e-04 1.0302960062e-02
6.0300000000e+00 -3.1267652767e-04 1.0351148400e-02
6.0310000000e+00 -3.1914396904e-04 1.0398139033e-02
6.0320000000e+00 -3.2562228591e-04 1.0443922783e-02
6.0330000000e+00 -3.3210802214e-04 1.0488490654e-02
6.0340000000e+00 -3.3859763906e-04 1.0531833817e-02
6.0350000000e+00 -3.4508771744e-04 1.0573943605e-02
6.0360000000e+00 -3.5157495054e-04 1.0614811511e-02
6.0370000000e+00 -3.5805585923e-04 1.0654429218e-02
6.0380000000e+00 -3.6452698538e-04 1.0692788574e-02
6.0390000000e+00 -3.7098499806e-04 1.0729881586e-02
6.0400000000e+00 -3.7742632694e-04 1.0765700470e-02
6.0410000000e+00 -3.8384748872e-04 1.0800237607e-02
6.0420000000e+00 -3.9024512207e-04 1.0833485535e-02
6.0430000000e+00 -3.9661586886e-04 1.0865436979e-02
6.0440000000e+00 -4.0295629740e-04 1.0896084850e-02
6.0450000000e+00 -4.0926287687e-04 1.0925422248e-02
6.0460000000e+00 -4.1553228933e-04 1.0953442432e-02
6.0470000000e+00 -4.2176121721e-04 1.0980138849e-02
6.0480000000e+00 -4.2794629420e-04 1.1005505134e-02
6.0490000000e+00 -4.3408409832e-04 1.1029535106e-02
6.0500000000e+00 -4.4017117902e-04 1.1052222768e-02
6.0510000000e+00 -4.4620423515e-04 1.1073562296e-02
6.0520000000e+00 -4.5217983765e-04 1.1093548073e-02
6.0530000000e+00 -4.5809466322e-04 1.1112174651e-02
6.0540000000e+00 -4.6394545698e-04 1.1129436759e-02
6.0550000000e+00 -4.6972872239e-04 1.1145329351e-02
6.0560000000e+00 -4.7544103356e-04 1.1159847561e-02
6.0570000000e+00 -4.8107914984e-04 1.1172986705e-02
6.0580000000e+00 -4.8663996810e-04 1.1184742269e-02
6.0590000000e+00 -4.9212015669e-04 1.1195109964e-02
6.0600000000e+00 -4.9751628170e-04 1.1204085706e-02
6.0610000000e+00 -5.0282534167e-04 1.1211665565e-02
6.0620000000e+00 -5.0804440738e-04 1.1217845806e-02
6.0630000000e+00 -5.1317036811e-04 1.1222622915e-02
6.0640000000e+00 -5.1820010335e-04 1.1225993571e-02
6.0650000000e+00 -5.2313074192e-04 1.1227954628e-02
6.0660000000e+00 -5.2795953260e-04 1.1228503138e-02
6.0670000000e+00 -5.3268352174e-04 1.1227636364e-02
6.0680000000e+00 -5.3729991372e-04 1.1225351749e-02
6.0690000000e+00 -5.4180601832e-04 1.1221646935e-02
6.0700000000e+00 -5.4619906323e-04 1.1216519766e-02
6.0710000000e+00 -5.5047637359e-04 1.1209968272e-02
6.0720000000e+00 -5.5463526566e-04 1.1201990695e-02
6.0730000000e+00 -5.5867320171e-04 1.1192585460e-02
6.0740000000e+00 -5.6258775356e-04 1.1181751182e-02
6.0750000000e+00 -5.6637631975e-04 1.1169486702e-02
6.0760000000e+00 -5.7003630952e-04 1.1155791059e-02
6.0770000000e+00 -5.7356541465e-04 1.1140663470e-02
6.0780000000e+00 -5.7696153722e-04 1.1124103345e-02
6.0790000000e+00 -5.8022237259e-04 1.1106110312e-02
6.0800000000e+00 -5.8334552349e-04 1.1086684215e-02
6.0810000000e+00 -5.8632894246e-04 1.1065825077e-02
6.0820000000e+00 -5.8917077728e-04 1.1043533110e-02
6.0830000000e+00 -5.9186912082e-04 1.1019808728e-02
6.0840000000e+00 -5.9442199280e-04 1.0994652562e-02
6.0850000000e+00 -5.9682757919e-04 1.0968065445e-02
6.0860000000e+00 -5.9908436340e-04 1.0940048381e-02
6.0870000000e+00 -6.0119083624e-04 1.0910602585e-02
6.0880000000e+00 -6.0314541396e-04 1.0879729486e-02
6.0890000000e+00 -6.0494664828e-04 1.0847430712e-02
6.0900000000e+00 -6.0659326831e-04 1.0813708072e-02
6.0910000000e+00 -6.0808392755e-04 1.0778563588e-02
6.0920000000e+00 -6.0941728251e-04 1.0741999490e-02
6.0930000000e+00 -6.1059228509e-04 1.0704018185e-02
6.0940000000e+00 -6.1160791135e-04 1.0664622280e-02
6.0950000000e+00 -6.1246300993e-04 1.0623814597e-02
6.0960000000e+00 -6.1315653249e-04 1.0581598162e-02
6.0970000000e+00 -6.1368769804e-04 1.0537976185e-02
6.0980000000e+00 -6.1405589320e-04 1.0492952055e-02
6.0990000000e+00 -6.1426039250e-04 1.0446529384e-02
6.1000000000e+00 -6.1430050479e-04 1.0398711991e-02
6.1010000000e+00 -6.1417578858e-04 1.0349503875e-02
6.1020000000e+00 -6.1388598356e-04 1.0298909228e-02
6.1030000000e+00 -6.1343086584e-04 1.0246932443e-02
6.1040000000e+00 -6.1281020148e-04 1.0193578125e-02
6.1050000000e+00 -6.1202391550e-04 1.0138851072e-02
6.1060000000e+00 -6.1107205699e-04 1.0082756274e-02
6.1070000000e+00 -6.0995476962e-04 1.0025298920e-02
6.1080000000e+00 -6.0867233414e-04 9.9664843903e-03
6.1090000000e+00 -6.0722507216e-04 9.9063182669e-03
6.1100000000e+00 -6.0561336672e-04 9.8448063309e-03
6.1110000000e+00 -6.0383765406e-04 9.7819545587e-03
6.1120000000e+00 -6.0189852207e-04 9.7177691142e-03
6.1130000000e+00 -5.9979680484e-04 9.6522563433e-03
6.1140000000e+00 -5.9753327987e-04 9.5854227979e-03
6.1150000000e+00 -5.9510854580e-04 9.5172752469e-03
6.1160000000e+00 -5.9252347747e-04 9.4478206415e-03
6.1170000000e+00 -5.8977934214e-04 9.3770660949e-03
6.1180000000e+00 -5.8687729686e-04 9.3050189222e-03
6.1190000000e+00 -5.8381834824e-04 9.2316866626e-03
6.1200000000e+00 -5.8060373953e-04 9.1570770347e-03
6.1210000000e+00 -5.7723503716e-04 9.0811979211e-03
6.1220000000e+00 -5.7371380339e-04 9.0040574098e-03
6.1230000000e+00 -5.7004145109e-04 8.9256638010e-03
6.1240000000e+00 -5.6621968541e-04 8.8460255661e-03
6.1250000000e+00 -5.6225052621e-04 8.7651513532e-03
6.1260000000e+00 -5.5813582914e-04 8.6830500234e-03
6.1270000000e+00 -5.5387738287e-04 8.5997306411e-03
6.1280000000e+00 -5.4947742188e-04 8.5152024324e-03
6.1290000000e+00 -5.4493840188e-04 8.4294747951e-03
6.1300000000e+00 -5.4026238139e-04 8.3425573549e-03
6.1310000000e+00 -5.3545144715e-04 8.2544599332e-03
6.1320000000e+00 -5.3050820868e-04 8.1651924975e-03
6.1330000000e+00 -5.2543539856e-04 8.0747651944e-03
6.1340000000e+00 -5.2023548165e-04 7.9831883863e-03
6.1350000000e+00 -5.1491081626e-04 7.8904726320e-03
6.1360000000e+00 -5.0946419789e-04 7.7966286412e-03
6.1370000000e+00 -5.0389870149e-04 7.7016672920e-03
6.1380000000e+00 -4.9821714989e-04 7.6055996664e-03
6.1390000000e+00 -4.9242231345e-04 7.5084370352e-03
6.1400000000e+00 -4.8651725090e-04 7.4101908362e-03
6.1410000000e+00 -4.8050527978e-04 7.3108726695e-03
6.1420000000e+00 -4.7438959573e-04 7.2104943260e-03
6.1430000000e+00 -4.6817332878e-04 7.1090677887e-03
6.1440000000e+00 -4.6185993976e-04 7.0066051991e-03
6.1450000000e+00 -4.5545297040e-04 6.9031188735e-03
6.1460000000e+00 -4.4895585629e-04 6.7986213206e-03
6.1470000000e+00 -4.4237210096e-04 6.6931252255e-03
6.1480000000e+00 -4.3570546937e-04 6.5866434309e-03
6.1490000000e+00 -4.2895985282e-04 6.4791889511e-03
6.1500000000e+00 -4.2213888704e-04 6.3707750013e-03
6.1510000000e+00 -4.1524627370e-04 6.2614149612e-03
6.1520000000e+00 -4.0828607974e-04 6.1511223572e-03
6.1530000000e+00 -4.0126240550e-04 6.0399108908e-03
6.1540000000e+00 -3.9417914724e-04 5.9277944397e-03
6.1550000000e+00 -3.8704017428e-04 5.8147870509e-03
6.1560000000e+00 -3.7984961277e-04 5.7009029262e-03
6.1570000000e+00 -3.7261164663e-04 5.5861564261e-03
6.1580000000e+00 -3.6533040387e-04 5.4705620745e-03
6.1590000000e+00 -3.5801006880e-04 5.3541345539e-03
6.1600000000e+00 -3.5065484891e-04 5.2368887099e-03
6.1610000000e+00 -3.4326906408e-04 5.1188395436e-03
6.1620000000e+00 -3.3585707491e-04 5.0000022057e-03
6.1630000000e+00 -3.2842329016e-04 4.8803919986e-03
6.1640000000e+00 -3.2097220160e-04 4.7600243858e-03
6.1650000000e+00 -3.1350822606e-04 4.6389149935e-03
6.1660000000e+00 -3.0603580539e-04 4.5170795940e-03
6.1670000000e+00 -2.9855952600e-04 4.3945341054e-03
6.1680000000e+00 -2.9108406150e-04 4.2712945993e-03
6.1690000000e+00 -2.8361392416e-04 4.1473773038e-03
6.1700000000e+00 -2.7615354990e-04 4.0227985910e-03
6.1710000000e+00 -2.6870759506e-04 3.8975749662e-03
6.1720000000e+00 -2.6128069424e-04 3.7717230858e-03
6.1730000000e+00 -2.5387740632e-04 3.6452597488e-03
6.1740000000e+00 -2.4650231056e-04 3.5182018834e-03
6.1750000000e+00 -2.3915998954e-04 3.3905665593e-03
6.1760000000e+00 -2.3185504384e-04 3.2623709829e-03
6.1770000000e+00 -2.2459198065e-04 3.1336324912e-03
6.1780000000e+00 -2.1737541659e-04 3.0043685374e-03
6.1790000000e+00 -2.1021005056e-04 2.8745966975e-03
6.1800000000e+00 -2.0310038292e-04 2.7443346893e-03
6.1810000000e+00 -1.9605086062e-04 2.6136003533e-03
6.1820000000e+00 -1.8906609527e-04 2.4824116328e-03
6.1830000000e+00 -1.8215083526e-04 2.3507865886e-03
6.1840000000e+00 -1.7530958938e-04 2.2187434213e-03
6.1850000000e+00 -1.6854671311e-04 2.0863004456e-03
6.1860000000e+00 -1.6186678408e-04 1.9534760741e-03
6.1870000000e+00 -1.5527438692e-04 1.8202888428e-03
6.1880000000e+00 -1.4877397642e-04 1.6867574062e-03
6.1890000000e+00 -1.4236991670e-04 1.5529005185e-03
6.1900000000e+00 -1.3606656955e-04 1.4187370380e-03
6.1910000000e+00 -1.2986830067e-04 1.2842859331e-03
6.1920000000e+00 -1.2377936350e-04 1.1495662727e-03
6.1930000000e+00 -1.1780403711e-04 1.0145972121e-03
6.1940000000e+00 -1.1194653538e-04 8.7939799910e-04
6.1950000000e+00 -1.0621087688e-04 7.4398798207e-04
6.1960000000e+00 -1.0060103784e-04 6.0838659586e-04
6.1970000000e+00 -9.5121054306e-05 4.7261334943e-04
6.1980000000e+00 -8.9774947020e-05 3.3668782890e-04
6.1990000000e+00 -8.4566546489e-05 2.0062970405e-04
6.2000000000e+00 -7.9499623044e-05 6.4458722976e-05
6.2010000000e+00 -7.4577959386e-05 -7.1805299838e-05
6.2020000000e+00 -6.9805268113e-05 -2.0814248256e-04
6.2030000000e+00 -6.5185249791e-05 -3.4453287034e-04
6.2040000000e+00 -6.0721505638e-05 -4.8095644066e-04
6.2050000000e+00 -5.6417508245e-05 -6.1739311285e-04
6.2060000000e+00 -5.2276661778e-05 -7.5382274424e-04
6.2070000000e+00 -4.8302353065e-05 -8.9022512823e-04
6.2080000000e+00 -4.4497927508e-05 -1.0265800055e-03
6.2090000000e+00 -4.0866571132e-05 -1.1628670703e-03
6.2100000000e+00 -3.7411311999e-05 -1.2990659661e-03
6.2110000000e+00 -3.4135063991e-05 -1.4351562854e-03
6.2120000000e+00 -3.1040788871e-05 -1.5711175825e-03
6.2130000000e+00 -2.8131381698e-05 -1.7069293795e-03
6.2140000000e+00 -2.5409457589e-05 -1.8425711638e-03
6.2150000000e+00 -2.2877560575e-05 -1.9780223888e-03
6.2160000000e+00 -2.0538171526e-05 -2.1132624842e-03
6.2170000000e+00 -1.8393679288e-05 -2.2482708647e-03
6.2180000000e+00 -1.6446409206e-05 -2.3830269260e-03
6.2190000000e+00 -1.4698514288e-05 -2.5175100478e-03
6.2200000000e+00 -1.3151994336e-05 -2.6516995999e-03
6.2210000000e+00 -1.1808737664e-05 -2.7855749462e-03
6.2220000000e+00 -1.0670655215e-05 -2.9191154487e-03
6.2230000000e+00 -9.7395668663e-06 -3.0523004649e-03
6.2240000000e+00 -9.0170695111e-06 -3.1851093526e-03
6.2250000000e+00 -8.5046896622e-06 -3.3175214784e-03
6.2260000000e+00 -8.2038497569e-06 -3.4495162148e-03
6.2270000000e+00 -8.1159359909e-06 -3.5810729389e-03
6.2280000000e+00 -8.2422188483e-06 -3.7121710438e-03
6.2290000000e+00 -8.5837414338e-06 -3.8427899460e-03
6.2300000000e+00 -9.1414568415e-06 -3.9729090833e-03
6.2310000000e+00 -9.9161601069e-06 -4.1025079142e-03
6.2320000000e+00 -1.0908550048e-05 -4.2315659279e-03
6.2330000000e+00 -1.2119215844e-05 -4.3600626538e-03
6.2340000000e+00 -1.3548583039e-05 -4.4879776585e-03
6.2350000000e+00 -1.5196930114e-05 -4.6152905469e-03
6.2360000000e+00 -1.7064280024e-05 -4.7419809730e-03
6.2370000000e+00 -1.9150629376e-05 -4.8680286458e-03
6.2380000000e+00 -2.1455970466e-05 -4.9934133266e-03
6.2390000000e+00 -2.3980082087e-05 -5.1181148328e-03
6.2400000000e+00 -2.6722486395e-05 -5.2421130525e-03
6.2410000000e+00 -2.9682581094e-05 -5.3653879468e-03
6.2420000000e+00 -3.2859903092e-05 -5.4879195377e-03
6.2430000000e+00 -3.6253811728e-05 -5.6096879185e-03
6.2440000000e+00 -3.9863327550e-05 -5.7306732681e-03
6.2450000000e+00 -4.3687426976e-05 -5.8508558448e-03
6.2460000000e+00 -4.7725085697e-05 -5.9702159815e-03
6.2470000000e+00 -5.1975174833e-05 -6.0887340937e-03
6.2480000000e+00 -5.6436285451e-05 -6.2063906918e-03
6.2490000000e+00 -6.1106936806e-05 -6.3231663791e-03
6.2500000000e+00 -6.5985595200e-05 -6.4390418557e-03
6.2510000000e+00 -7.1070464186e-05 -6.5539979178e-03
6.2520000000e+00 -7.6359655034e-05 -6.6680154623e-03
6.2530000000e+00 -8.1851167867e-05 -6.7810755052e-03
6.2540000000e+00 -8.7542938468e-05 -6.8931591649e-03
6.2550000000e+00 -9.3432676693e-05 -7.0042476745e-03
6.2560000000e+00 -9.9517805599e-05 -7.1143224022e-03
6.2570000000e+00 -1.0579584844e-04 -7.2233648350e-03
6.2580000000e+00 -1.1226424398e-04 -7.3313565838e-03
6.2590000000e+00 -1.1892017943e-04 -7.4382793952e-03
6.2600000000e+00 -1.2576063950e-04 -7.5441151583e-03
6.2610000000e+00 -1.3278257160e-04 -7.6488459010e-03
6.2620000000e+00 -1.3998296890e-04 -7.7524537826e-03
6.2630000000e+00 -1.4735857730e-04 -7.8549211100e-03
6.2640000000e+00 -1.5490606356e-04 -7.9562303389e-03
6.2650000000e+00 -1.6262201499e-04 -8.0563640781e-03
6.2660000000e+00 -1.7050286919e-04 -8.1553050873e-03
6.2670000000e+00 -1.7854505658e-04 -8.2530362710e-03
6.2680000000e+00 -1.8674484156e-04 -8.3495407010e-03
6.2690000000e+00 -1.9509844800e-04 -8.4448016091e-03
6.2700000000e+00 -2.0360192127e-04 -8.5388023924e-03
6.2710000000e+00 -2.1225107997e-04 -8.6315266191e-03
6.2720000000e+00 -2.2104183240e-04 -8.7229580197e-03
6.2730000000e+00 -2.2996999725e-04 -8.8130805020e-03
6.2740000000e+00 -2.3903119182e-04 -8.9018781513e-03
6.2750000000e+00 -2.4822084410e-04 -8.9893352379e-03
6.2760000000e+00 -2.5753435391e-04 -9.0754362152e-03
6.2770000000e+00 -2.6696714354e-04 -9.1601657171e-03
6.2780000000e+00 -2.7651446379e-04 -9.2435085712e-03
6.2790000000e+00 -2.8617148824e-04 -9.3254497955e-03
6.2800000000e+00 -2.9593328117e-04 -9.4059746119e-03
6.2810000000e+00 -3.0579485998e-04 -9.4850684406e-03
6.2820000000e+00 -3.1575121247e-04 -9.5627168925e-03
6.2830000000e+00 -3.2579720827e-04 -9.6389057856e-03
6.2840000000e+00 -3.3592771802e-04 -9.7136211448e-03
6.2850000000e+00 -3.4613749180e-04 -9.7868492028e-03
6.2860000000e+00 -3.5642121186e-04 -9.8585763939e-03
6.2870000000e+00 -3.6677355389e-04 -9.9287893616e-03
6.2880000000e+00 -3.7718915949e-04 -9.9974749627e-03
6.2890000000e+00 -3.8766268620e-04 -1.0064620258e-02
6.2900000000e+00 -3.9818861882e-04 -1.0130212531e-02
6.2910000000e+00 -4.0876135006e-04 -1.0194239287e-02
6.2920000000e+00 -4.1937532073e-04 -1.0256688247e-02
6.2930000000e+00 -4.3002501904e-04 -1.0317547341e-02
6.2940000000e+00 -4.4070482368e-04 -1.0376804728e-02
6.2950000000e+00 -4.5140886033e-04 -1.0434448813e-02
6.2960000000e+00 -4.6213134077e-04 -1.0490468221e-02
6.2970000000e+00 -4.7286657130e-04 -1.0544851796e-02
6.2980000000e+00 -4.8360876211e-04 -1.0597588615e-02
6.2990000000e+00 -4.9435203449e-04 -1.0648667999e-02
6.3000000000e+00 -5.0509045698e-04 -1.0698079509e-02
6.3010000000e+00 -5.1581819107e-04 -1.0745812932e-02
6.3020000000e+00 -5.2652937282e-04 -1.0791858293e-02
6.3030000000e+00 -5.3721813060e-04 -1.0836205859e-02
6.3040000000e+00 -5.4787862056e-04 -1.0878846134e-02
6.3050000000e+00 -5.5850492953e-04 -1.0919769867e-02
6.3060000000e+00 -5.6909121393e-04 -1.0958968040e-02
6.3070000000e+00 -5.7963164642e-04 -1.0996431883e-02
6.3080000000e+00 -5.9012043080e-04 -1.1032152862e-02
6.3090000000e+00 -6.0055178526e-04 -1.1066122686e-02
6.3100000000e+00 -6.1091986800e-04 -1.1098333318e-02
6.3110000000e+00 -6.2121890580e-04 -1.1128776961e-02
6.3120000000e+00 -6.3144311919e-04 -1.1157446069e-02
6.3130000000e+00 -6.4158677525e-04 -1.1184333336e-02
6.3140000000e+00 -6.5164422309e-04 -1.1209431701e-02
6.3150000000e+00 -6.6160975778e-04 -1.1232734362e-02
6.3160000000e+00 -6.7147761426e-04 -1.1254234774e-02
6.3170000000e+00 -6.8124210051e-04 -1.1273926639e-02
6.3180000000e+00 -6.9089776578e-04 -1.1291803897e-02
6.3190000000e+00 -7.0043911237e-04 -1.1307860748e-02
6.3200000000e+00 -7.0986047712e-04 -1.1322091666e-02
6.3210000000e+00 -7.1915635989e-04 -1.1334491370e-02
6.3220000000e+00 -7.2832148222e-04 -1.1345054821e-02
6.3230000000e+00 -7.3735060962e-04 -1.1353777226e-02
6.3240000000e+00 -7.4623838257e-04 -1.1360654074e-02
6.3250000000e+00 -7.5497953523e-04 -1.1365681104e-02
6.3260000000e+00 -7.6356905145e-04 -1.1368854290e-02
6.3270000000e+00 -7.7200195864e-04 -1.1370169865e-02
6.3280000000e+00 -7.8027327824e-04 -1.1369624328e-02
6.3290000000e+00 -7.8837813022e-04 -1.1367214430e-02
6.3300000000e+00 -7.9631181539e-04 -1.1362937167e-02
6.3310000000e+00 -8.0406962490e-04 -1.1356789802e-02
6.3320000000e+00 -8.1164686886e-04 -1.1348769860e-02
6.3330000000e+00 -8.1903908506e-04 -1.1338875103e-02
6.3340000000e+00 -8.2624187594e-04 -1.1327103555e-02
6.3350000000e+00 -8.3325084900e-04 -1.1313453503e-02
6.3360000000e+00 -8.4006163625e-04 -1.1297923495e-02
6.3370000000e+00 -8.4667004454e-04 -1.1280512333e-02
6.3380000000e+00 -8.5307211620e-04 -1.1261219057e-02
6.3390000000e+00 -8.5926387409e-04 -1.1240042974e-02
6.3400000000e+00 -8.6524136835e-04 -1.1216983656e-02
6.3410000000e+00 -8.7100082174e-04 -1.1192040929e-02
6.3420000000e+00 -8.7653867546e-04 -1.1165214861e-02
6.3430000000e+00 -8.8185147563e-04 -1.1136505778e-02
6.3440000000e+00 -8.8693580228e-04 -1.1105914271e-02
6.3450000000e+00 -8.9178841793e-04 -1.1073441182e-02
6.3460000000e+00 -8.9640619182e-04 -1.1039087614e-02
6.3470000000e+00 -9.0078612636e-04 -1.1002854916e-02
6.3480000000e+00 -9.0492540549e-04 -1.0964744689e-02
6.3490000000e+00 -9.0882130309e-04 -1.0924758800e-02
6.3500000000e+00 -9.1247119713e-04 -1.0882899368e-02
6.3510000000e+00 -9.1587255240e-04 -1.0839168770e-02
6.3520000000e+00 -9.1902303805e-04 -1.0793569629e-02
6.3530000000e+00 -9.2192052318e-04 -1.0746104817e-02
6.3540000000e+00 -9.2456294158e-04 -1.0696777465e-02
6.3550000000e+00 -9.2694829794e-04 -1.0645590959e-02
6.3560000000e+00 -9.2907473537e-04 -1.0592548944e-02
6.3570000000e+00 -9.3094064452e-04 -1.0537655304e-02
6.3580000000e+00 -9.3254452940e-04 -1.0480914176e-02
6.3590000000e+00 -9.3388496160e-04 -1.0422329956e-02
6.3600000000e+00 -9.3496070259e-04 -1.0361907289e-02
6.3610000000e+00 -9.3577066723e-04 -1.0299651076e-02
6.3620000000e+00 -9.3631393551e-04 -1.0235566463e-02
6.3630000000e+00 -9.3658973899e-04 -1.0169658844e-02
6.3640000000e+00 -9.3659749841e-04 -1.0101933865e-02
6.3650000000e+00 -9.3633679701e-04 -1.0032397422e-02
6.3660000000e+00 -9.3580729714e-04 -9.9610556691e-03
6.3670000000e+00 -9.3500886698e-04 -9.8879150023e-03
6.3680000000e+00 -9.3394160696e-04 -9.8129820647e-03
6.3690000000e+00 -9.3260577814e-04 -9.7362637523e-03
6.3700000000e+00 -9.3100169731e-04 -9.6577672154e-03
6.3710000000e+00 -9.2912979058e-04 -9.5774998616e-03
6.3720000000e+00 -9.2699077662e-04 -9.4954693368e-03
6.3730000000e+00 -9.2458555210e-04 -9.4116835309e-03
6.3740000000e+00 -9.2191508651e-04 -9.3261505878e-03
6.3750000000e+00 -9.1898043654e-04 -9.2388789071e-03
6.3760000000e+00 -9.1578283548e-04 -9.1498771359e-03
6.3770000000e+00 -9.1232377446e-04 -9.0591541548e-03
6.3780000000e+00 -9.0860486710e-04 -8.9667190903e-03
6.3790000000e+00 -9.0462783235e-04 -8.8725813227e-03
6.3800000000e+00 -9.0039455859e-04 -8.7767504796e-03
6.3810000000e+00 -8.9590710819e-04 -8.6792364307e-03
6.3820000000e+00 -8.9116772973e-04 -8.5800492856e-03
6.3830000000e+00 -8.8617883498e-04 -8.4791994001e-03
6.3840000000e+00 -8.8094300074e-04 -8.3766973763e-03
6.3850000000e+00 -8.7546294767e-04 -8.2725540626e-03
6.3860000000e+00 -8.6974155412e-04 -8.1667805493e-03
6.3870000000e+00 -8.6378187193e-04 -8.0593881704e-03
6.3880000000e+00 -8.5758712170e-04 -7.9503885083e-03
6.3890000000e+00 -8.5116071804e-04 -7.8397933841e-03
6.3900000000e+00 -8.4450618221e-04 -7.7276148649e-03
6.3910000000e+00 -8.3762710925e-04 -7.6138652727e-03
6.3920000000e+00 -8.3052729794e-04 -7.4985571682e-03
6.3930000000e+00 -8.2321079843e-04 -7.3817033418e-03
6.3940000000e+00 -8.1568175659e-04 -7.2633168288e-03
6.3950000000e+00 -8.0794432956e-04 -7.1434109195e-03
6.3960000000e+00 -8.0000283959e-04 -7.0219991455e-03
6.3970000000e+00 -7.9186183781e-04 -6.8990952663e-03
6.3980000000e+00 -7.8352600646e-04 -6.7747132784e-03
6.3990000000e+00 -7.7500008895e-04 -6.6488674261e-03
6.4000000000e+00 -7.6628894905e-04 -6.5215721941e-03
6.4010000000e+00 -7.5739763811e-04 -6.3928422981e-03
6.4020000000e+00 -7.4833134706e-04 -6.2626926870e-03
6.4030000000e+00 -7.3909541908e-04 -6.1311385441e-03
6.4040000000e+00 -7.2969534510e-04 -5.9981952901e-03
6.4050000000e+00 -7.2013671722e-04 -5.8638785832e-03
6.4060000000e+00 -7.1042523595e-04 -5.7282043158e-03
6.4070000000e+00 -7.0056676203e-04 -5.5911886147e-03
6.4080000000e+00 -6.9056736568e-04 -5.4528478352e-03
6.4090000000e+00 -6.8043317637e-04 -5.3131985712e-03
6.4100000000e+00 -6.7017034232e-04 -5.1722576564e-03
6.4110000000e+00 -6.5978517001e-04 -5.0300421536e-03
6.4120000000e+00 -6.4928410541e-04 -4.8865693575e-03
6.4130000000e+00 -6.3867368714e-04 -4.7418567938e-03
6.4140000000e+00 -6.2796050416e-04 -4.5959222176e-03
6.4150000000e+00 -6.1715122081e-04 -4.4487836150e-03
6.4160000000e+00 -6.0625260525e-04 -4.3004592023e-03
6.4170000000e+00 -5.9527148912e-04 -4.1509674201e-03
6.4180000000e+00 -5.8421482537e-04 -4.0003269243e-03
6.4190000000e+00 -5.7308966857e-04 -3.8485565939e-03
6.4200000000e+00 -5.6190310612e-04 -3.6956755354e-03
6.4210000000e+00 -5.5066224839e-04 -3.5417030761e-03
6.4220000000e+00 -5.3937430921e-04 -3.3866587547e-03
6.4230000000e+00 -5.2804668342e-04 -3.2305623210e-03
6.4240000000e+00 -5.1668678629e-04 -3.0734337486e-03
6.4250000000e+00 -5.0530200749e-04 -2.9152932290e-03
6.4260000000e+00 -4.9389983282e-04 -2.7561611611e-03
6.4270000000e+00 -4.8248787286e-04 -2.5960581554e-03
6.4280000000e+00 -4.7107382674e-04 -2.4350050341e-03
6.4290000000e+00 -4.5966536412e-04 -2.2730228341e-03
6.4300000000e+00 -4.4827014021e-04 -2.1101328049e-03
6.4310000000e+00 -4.3689590092e-04 -1.9463564007e-03
6.4320000000e+00 -4.2555045557e-04 -1.7817152815e-03
6.4330000000e+00 -4.1424160078e-04 -1.6162313116e-03
6.4340000000e+00 -4.0297711035e-04 -1.4499265543e-03
6.4350000000e+00 -3.9176479611e-04 -1.2828232719e-03
6.4360000000e+00 -3.8061245625e-04 -1.1149439277e-03
6.4370000000e+00 -3.6952785499e-04 -9.4631117551e-04
6.4380000000e+00 -3.5851880170e-04 -7.7694785115e-04
6.4390000000e+00 -3.4759311417e-04 -6.0687698005e-04
6.4400000000e+00 -3.3675856643e-04 -4.3612177619e-04
6.4410000000e+00 -3.2602286326e-04 -2.6470563381e-04
6.4420000000e+00 -3.1539373166e-04 -9.2652120921e-05
6.4430000000e+00 -3.0487898330e-04 8.0015021116e-05
6.4440000000e+00 -2.9448635786e-04 2.5327187236e-04
6.4450000000e+00 -2.8422349317e-04 4.2709434012e-04
6.4460000000e+00 -2.7409802193e-04 6.0145816577e-04
6.4470000000e+00 -2.6411761665e-04 7.7633892243e-04
6.4480000000e+00 -2.5428991442e-04 9.5171201588e-04
6.4490000000e+00 -2.4462242830e-04 1.1275526899e-03
6.4500000000e+00 -2.3512263116e-04 1.3038360289e-03
6.4510000000e+00 -2.2579794176e-04 1.4805369567e-03
6.4520000000e+00 -2.1665569315e-04 1.6576302434e-03
6.4530000000e+00 -2.0770318066e-04 1.8350905148e-03
6.4540000000e+00 -1.9894761426e-04 2.0128922500e-03
6.4550000000e+00 -1.9039608867e-04 2.1910097819e-03
6.4560000000e+00 -1.8205555536e-04 2.3694173051e-03
6.4570000000e+00 -1.7393289580e-04 2.5480888863e-03
6.4580000000e+00 -1.6603497737e-04 2.7269984670e-03
6.4590000000e+00 -1.5836851902e-04 2.9061198594e-03
6.4600000000e+00 -1.5094005705e-04 3.0854267535e-03
6.4610000000e+00 -1.4375601465e-04 3.2648927287e-03
6.4620000000e+00 -1.3682277415e-04 3.4444912566e-03
6.4630000000e+00 -1.3014662207e-04 3.6241956978e-03
6.4640000000e+00 -1.2373364614e-04 3.8039793089e-03
6.4650000000e+00 -1.1758981571e-04 3.9838152521e-03
6.4660000000e+00 -1.1172101418e-04 4.1636765930e-03
6.4670000000e+00 -1.0613300747e-04 4.3435362985e-03
6.4680000000e+00 -1.0083142255e-04 4.5233672500e-03
6.4690000000e+00 -9.5821738065e-05 4.7031422487e-03
6.4700000000e+00 -9.1109311953e-05 4.8828340103e-03
6.4710000000e+00 -8.6699312832e-05 5.0624151714e-03
6.4720000000e+00 -8.2596724221e-05 5.2418583006e-03
6.4730000000e+00 -7.8806421561e-05 5.4211359038e-03
6.4740000000e+00 -7.5333136178e-05 5.6002204237e-03
6.4750000000e+00 -7.2181366863e-05 5.7790842435e-03
6.4760000000e+00 -6.9355359913e-05 5.9576997005e-03
6.4770000000e+00 -6.6859227301e-05 6.1360390919e-03
6.4780000000e+00 -6.4696967358e-05 6.3140746748e-03
6.4790000000e+00 -6.2872366481e-05 6.4917786727e-03
6.4800000000e+00 -6.1388952516e-05 6.6691232865e-03
6.4810000000e+00 -6.0250028833e-05 6.8460807000e-03
6.4820000000e+00 -5.9458807073e-05 7.0226230804e-03
6.4830000000e+00 -5.9018365884e-05 7.1987225840e-03
6.4840000000e+00 -5.8931494957e-05 7.3743513652e-03
6.4850000000e+00 -5.9200735219e-05 7.5494815819e-03
6.4860000000e+00 -5.9828494887e-05 7.7240853950e-03
6.4870000000e+00 -6.0817043567e-05 7.8981349720e-03
6.4880000000e+00 -6.2168394007e-05 8.0716024980e-03
6.4890000000e+00 -6.3884318895e-05 8.2444601801e-03
6.4900000000e+00 -6.5966432696e-05 8.4166802462e-03
6.4910000000e+00 -6.8416134749e-05 8.5882349524e-03
6.4920000000e+00 -7.1234567373e-05 8.7590965924e-03
6.4930000000e+00 -7.4422657259e-05 8.9292375041e-03
6.4940000000e+00 -7.7981171741e-05 9.0986300687e-03
6.4950000000e+00 -8.1910630812e-05 9.2672467199e-03
6.4960000000e+00 -8.6211216918e-05 9.4350599597e-03
6.4970000000e+00 -9.0882914262e-05 9.6020423570e-03
6.4980000000e+00 -9.5925578354e-05 9.7681665492e-03
6.4990000000e+00 -1.0133882091e-04 9.9334052561e-03
6.5000000000e+00 -1.0712192824e-04 1.0097731287e-02
6.5010000000e+00 -1.1327394043e-04 1.0261117544e-02
6.5020000000e+00 -1.1979376657e-04 1.0423537027e-02
6.5030000000e+00 -1.2668012069e-04 1.0584962837e-02
6.5040000000e+00 -1.3393142824e-04 1.0745368188e-02
6.5050000000e+00 -1.4154585955e-04 1.0904726412e-02
6.5060000000e+00 -1.4952140821e-04 1.1063010959e-02
6.5070000000e+00 -1.5785588964e-04 1.1220195400e-02
6.5080000000e+00 -1.6654687630e-04 1.1376253437e-02
6.5090000000e+00 -1.7559171236e-04 1.1531158911e-02
6.5100000000e+00 -1.8498753010e-04 1.1684885796e-02
6.5110000000e+00 -1.9473121240e-04 1.1837408214e-02
6.5120000000e+00 -2.0481941723e-04 1.1988700441e-02
6.5130000000e+00 -2.1524862621e-04 1.2138736905e-02
6.5140000000e+00 -2.2601510109e-04 1.2287492195e-02
6.5150000000e+00 -2.3711482006e-04 1.2434941071e-02
6.5160000000e+00 -2.4854351767e-04 1.2581058470e-02
6.5170000000e+00 -2.6029675475e-04 1.2725819506e-02
6.5180000000e+00 -2.7236992151e-04 1.2869199472e-02
6.5190000000e+00 -2.8475816265e-04 1.3011173859e-02
6.5200000000e+00 -2.9745635533e-04 1.3151718358e-02
6.5210000000e+00 -3.1045921217e-04 1.3290808862e-02
6.5220000000e+00 -3.2376128813e-04 1.3428421466e-02
6.5230000000e+00 -3.3735690867e-04 1.3564532481e-02
6.5240000000e+00 -3.5124020012e-04 1.3699118440e-02
6.5250000000e+00 -3.6540512676e-04 1.3832156095e-02
6.5260000000e+00 -3.7984544623e-04 1.3963622421e-02
6.5270000000e+00 -3.9455469563e-04 1.4093494631e-02
6.5280000000e+00 -4.0952628657e-04 1.4221750167e-02
6.5290000000e+00 -4.2475350760e-04 1.4348366704e-02
6.5300000000e+00 -4.4022940437e-04 1.4473322159e-02
6.5310000000e+00 -4.5594679205e-04 1.4596594704e-02
6.5320000000e+00 -4.7189837337e-04 1.4718162757e-02
6.5330000000e+00 -4.8807677258e-04 1.4838004976e-02
6.5340000000e+00 -5.0447441041e-04 1.4956100283e-02
6.5350000000e+00 -5.2108343783e-04 1.5072427872e-02
6.5360000000e+00 -5.3789588066e-04 1.5186967200e-02
6.5370000000e+00 -5.5490369088e-04 1.5299697987e-02
6.5380000000e+00 -5.7209865031e-04 1.5410600231e-02
6.5390000000e+00 -5.8947234327e-04 1.5519654213e-02
6.5400000000e+00 -6.0701622228e-04 1.5626840500e-02
6.5410000000e+00 -6.2472165208e-04 1.5732139940e-02
6.5420000000e+00 -6.4257985517e-04 1.5835533671e-02
6.5430000000e+00 -6.6058192514e-04 1.5937003131e-02
6.5440000000e+00 -6.7871888456e-04 1.6036530048e-02
6.5450000000e+00 -6.9698164653e-04 1.6134096449e-02
6.5460000000e+00 -7.1536099603e-04 1.6229684666e-02
6.5470000000e+00 -7.3384762852e-04 1.6323277332e-02
6.5480000000e+00 -7.5243220024e-04 1.6414857382e-02
6.5490000000e+00 -7.7110529464e-04 1.6504408053e-02
6.5500000000e+00 -7.8985735786e-04 1.6591912900e-02
6.5510000000e+00 -8.0867874549e-04 1.6677355790e-02
6.5520000000e+00 -8.2755976779e-04 1.6760720896e-02
6.5530000000e+00 -8.4649069608e-04 1.6841992705e-02
6.5540000000e+00 -8.6546173376e-04 1.6921156020e-02
6.5550000000e+00 -8.8446298487e-04 1.6998195966e-02
6.5560000000e+00 -9.0348448697e-04 1.7073097988e-02
6.5570000000e+00 -9.2251624266e-04 1.7145847855e-02
6.5580000000e+00 -9.4154825072e-04 1.7216431656e-02
6.5590000000e+00 -9.6057046928e-04 1.7284835803e-02
6.5600000000e+00 -9.7957277185e-04 1.7351047048e-02
6.5610000000e+00 -9.9854500647e-04 1.7415052470e-02
6.5620000000e+00 -1.0174770413e-03 1.7476839476e-02
6.5630000000e+00 -1.0363587769e-03 1.7536395801e-02
6.5640000000e+00 -1.0551800927e-03 1.7593709514e-02
6.5650000000e+00 -1.0739308242e-03 1.7648769025e-02
6.5660000000e+00 -1.0926008485e-03 1.7701563075e-02
6.5670000000e+00 -1.1111800984e-03 1.7752080734e-02
6.5680000000e+00 -1.1296585240e-03 1.7800311405e-02
6.5690000000e+00 -1.1480260860e-03 1.7846244829e-02
6.5700000000e+00 -1.1662727871e-03 1.7889871079e-02
6.5710000000e+00 -1.1843886705e-03 1.7931180562e-02
6.5720000000e+00 -1.2023637943e-03 1.7970164022e-02
6.5730000000e+00 -1.2201882896e-03 1.8006812532e-02
6.5740000000e+00 -1.2378523608e-03 1.8041117496e-02
6.5750000000e+00 -1.2553462306e-03 1.8073070660e-02
6.5760000000e+00 -1.2726601437e-03 1.8102664103e-02
6.5770000000e+00 -1.2897844064e-03 1.8129890243e-02
6.5780000000e+00 -1.3067094475e-03 1.8154741824e-02
6.5790000000e+00 -1.3234257811e-03 1.8177211922e-02
6.5800000000e+00 -1.3399239443e-03 1.8197293952e-02
6.5810000000e+00 -1.3561945465e-03 1.8214981671e-02
6.5820000000e+00 -1.3722283437e-03 1.8230269160e-02
6.5830000000e+00 -1.3880162360e-03 1.8243150830e-02
6.5840000000e+00 -1.4035492098e-03 1.8253621426e-02
6.5850000000e+00 -1.4188183394e-03 1.8261676030e-02
6.5860000000e+00 -1.4338148306e-03 1.8267310055e-02
6.5870000000e+00 -1.4485300489e-03 1.8270519239e-02
6.5880000000e+00 -1.4629555106e-03 1.8271299642e-02
6.5890000000e+00 -1.4770828438e-03 1.8269647659e-02
6.5900000000e+00 -1.4909038034e-03 1.8265560013e-02
6.5910000000e+00 -1.5044102810e-03 1.8259033750e-02
6.5920000000e+00 -1.5175943140e-03 1.8250066244e-02
6.5930000000e+00 -1.5304481186e-03 1.8238655185e-02
6.5940000000e+00 -1.5429640688e-03 1.8224798587e-02
6.5950000000e+00 -1.5551346533e-03 1.8208494786e-02
6.5960000000e+00 -1.5669525004e-03 1.8189742445e-02
6.5970000000e+00 -1.5784104370e-03 1.8168540539e-02
6.5980000000e+00 -1.5895014760e-03 1.8144888359e-02
6.5990000000e+00 -1.6002187816e-03 1.8118785515e-02
6.6000000000e+00 -1.6105556785e-03 1.8090231937e-02
6.6010000000e+00 -1.6205056740e-03 1.8059227872e-02
6.6020000000e+00 -1.6300624721e-03 1.8025773881e-02
6.6030000000e+00 -1.6392199767e-03 1.7989870835e-02
6.6040000000e+00 -1.6479723137e-03 1.7951519917e-02
6.6050000000e+00 -1.6563138104e-03 1.7910722623e-02
6.6060000000e+00 -1.6642389639e-03 1.7867480763e-02
6.6070000000e+00 -1.6717424985e-03 1.7821796458e-02
6.6080000000e+00 -1.6788194119e-03 1.7773672126e-02
6.6090000000e+00 -1.6854649337e-03 1.7723110492e-02
6.6100000000e+00 -1.6916744515e-03 1.7670114597e-02
6.6110000000e+00 -1.6974435547e-03 1.7614687790e-02
6.6120000000e+00 -1.7027681205e-03 1.7556833716e-02
6.6130000000e+00 -1.7076442674e-03 1.7496556321e-02
6.6140000000e+00 -1.7120683058e-03 1.7433859858e-02
6.6150000000e+00 -1.7160367468e-03 1.7368748886e-02
6.6160000000e+00 -1.7195463396e-03 1.7301228263e-02
6.6170000000e+00 -1.7225940825e-03 1.7231303145e-02
6.6180000000e+00 -1.7251772048e-03 1.7158978987e-02
6.6190000000e+00 -1.7272931813e-03 1.7084261537e-02
6.6200000000e+00 -1.7289397126e-03 1.7007156846e-02
6.6210000000e+00 -1.7301147382e-03 1.6927671264e-02
6.6220000000e+00 -1.7308164564e-03 1.6845811430e-02
6.6230000000e+00 -1.7310433298e-03 1.6761584279e-02
6.6240000000e+00 -1.7307941004e-03 1.6674997040e-02
6.6250000000e+00 -1.7300677380e-03 1.6586057240e-02
6.6260000000e+00 -1.7288634594e-03 1.6494772701e-02
6.6270000000e+00 -1.7271807788e-03 1.6401151533e-02
6.6280000000e+00 -1.7250195025e-03 1.6305202139e-02
6.6290000000e+00 -1.7223797059e-03 1.6206933216e-02
6.6300000000e+00 -1.7192616948e-03 1.6106353753e-02
6.6310000000e+00 -1.7156660482e-03 1.6003473037e-02
6.6320000000e+00 -1.7115936272e-03 1.5898300643e-02
6.6330000000e+00 -1.7070455673e-03 1.5790846437e-02
6.6340000000e+00 -1.7020232793e-03 1.5681120573e-02
6.6350000000e+00 -1.6965284086e-03 1.5569133502e-02
6.6360000000e+00 -1.6905628601e-03 1.5454895966e-02
6.6370000000e+00 -1.6841287969e-03 1.5338419001e-02
6.6380000000e+00 -1.6772286657e-03 1.5219713926e-02
6.6390000000e+00 -1.6698652032e-03 1.5098792348e-02
6.6400000000e+00 -1.6620413548e-03 1.4975666173e-02
6.6410000000e+00 -1.6537603131e-03 1.4850347599e-02
6.6420000000e+00 -1.6450255626e-03 1.4722849109e-02
6.6430000000e+00 -1.6358408925e-03 1.4593183472e-02
6.6440000000e+00 -1.6262103596e-03 1.4461363749e-02
6.6450000000e+00 -1.6161382404e-03 1.4327403300e-02
6.6460000000e+00 -1.6056291020e-03 1.4191315772e-02
6.6470000000e+00 -1.5946878199e-03 1.4053115097e-02
6.6480000000e+00 -1.5833195527e-03 1.3912815504e-02
6.6490000000e+00 -1.5715297082e-03 1.3770431512e-02
6.6500000000e+00 -1.5593239472e-03 1.3625977937e-02
6.6510000000e+00 -1.5467082265e-03 1.3479469885e-02
6.6520000000e+00 -1.5336887405e-03 1.3330922762e-02
6.6530000000e+00 -1.5202719376e-03 1.3180352267e-02
6.6540000000e+00 -1.5064645502e-03 1.3027774390e-02
6.6550000000e+00 -1.4922735436e-03 1.2873205418e-02
6.6560000000e+00 -1.4777061011e-03 1.2716661941e-02
6.6570000000e+00 -1.4627696352e-03 1.2558160841e-02
6.6580000000e+00 -1.4474718430e-03 1.2397719290e-02
6.6590000000e+00 -1.4318206766e-03 1.2235354753e-02
6.6600000000e+00 -1.4158242823e-03 1.2071084997e-02
6.6610000000e+00 -1.3994910237e-03 1.1904928083e-02
6.6620000000e+00 -1.3828295110e-03 1.1736902367e-02
6.6630000000e+00 -1.3658486299e-03 1.1567026496e-02
6.6640000000e+00 -1.3485574853e-03 1.1395319414e-02
6.6650000000e+00 -1.3309653689e-03 1.1221800366e-02
6.6660000000e+00 -1.3130818001e-03 1.1046488894e-02
6.6670000000e+00 -1.2949165370e-03 1.0869404837e-02
6.6680000000e+00 -1.2764795876e-03 1.0690568330e-02
6.6690000000e+00 -1.2577811655e-03 1.0509999807e-02
6.6700000000e+00 -1.2388316625e-03 1.0327720009e-02
6.6710000000e+00 -1.2196416717e-03 1.0143749979e-02
6.6720000000e+00 -1.2002220053e-03 9.9581110562e-03
6.6730000000e+00 -1.1805836875e-03 9.7708248816e-03
6.6740000000e+00 -1.1607378970e-03 9.5819133981e-03
6.6750000000e+00 -1.1406959788e-03 9.3913988528e-03
6.6760000000e+00 -1.1204694527e-03 9.1993037926e-03
6.6770000000e+00 -1.1000699949e-03 9.0056510632e-03
6.6780000000e+00 -1.0795094431e-03 8.8104638092e-03
6.6790000000e+00 -1.0587997860e-03 8.6137654747e-03
6.6800000000e+00 -1.0379531698e-03 8.4155797988e-03
6.6810000000e+00 -1.0169818542e-03 8.2159308203e-03
6.6820000000e+00 -9.9589821381e-04 8.0148428768e-03
6.6830000000e+00 -9.7471480170e-04 7.8123405964e-03
6.6840000000e+00 -9.5344431830e-04 7.6084489003e-03
6.6850000000e+00 -9.3209955470e-04 7.4031930073e-03
6.6860000000e+00 -9.1069337973e-04 7.1965984349e-03
6.6870000000e+00 -8.8923880692e-04 6.9886909922e-03
6.6880000000e+00 -8.6774899866e-04 6.7794967775e-03
6.6890000000e+00 -8.4623718390e-04 6.5690421855e-03
6.6900000000e+00 -8.2471665491e-04 6.3573539067e-03
6.6910000000e+00 -8.0320078127e-04 6.1444589253e-03
6.6920000000e+00 -7.8170302989e-04 5.9303845146e-03
6.6930000000e+00 -7.6023694023e-04 5.7151582365e-03
6.6940000000e+00 -7.3881608689e-04 5.4988079429e-03
6.6950000000e+00 -7.1745409337e-04 5.2813617729e-03
6.6960000000e+00 -6.9616459812e-04 5.0628481515e-03
6.6970000000e+00 -6.7496126015e-04 4.8432957844e-03
6.6980000000e+00 -6.5385778276e-04 4.6227336546e-03
6.6990000000e+00 -6.3286788906e-04 4.4011910211e-03
6.7000000000e+00 -6.1200528042e-04 4.1786974181e-03
6.7010000000e+00 -5.9128362031e-04 3.9552826530e-03
6.7020000000e+00 -5.7071659344e-04 3.7309767979e-03
6.7030000000e+00 -5.5031789089e-04 3.5058101901e-03
6.7040000000e+00 -5.3010115385e-04 3.2798134314e-03
6.7050000000e+00 -5.1007996912e-04 3.0530173837e-03
6.7060000000e+00 -4.9026788084e-04 2.8254531678e-03
6.7070000000e+00 -4.7067841250e-04 2.5971521593e-03
6.7080000000e+00 -4.5132502929e-04 2.3681459862e-03
6.7090000000e+00 -4.3222112435e-04 2.1384665261e-03
6.7100000000e+00 -4.1338002579e-04 1.9081459047e-03
6.7110000000e+00 -3.9481497039e-04 1.6772164946e-03
6.7120000000e+00 -3.7653909502e-04 1.4457109081e-03
6.7130000000e+00 -3.5856543022e-04 1.2136619955e-03
6.7140000000e+00 -3.4090692710e-04 9.8110283889e-04
6.7150000000e+00 -3.2357640772e-04 7.4806675029e-04
6.7160000000e+00 -3.0658649548e-04 5.1458727013e-04
6.7170000000e+00 -2.8994967367e-04 2.8069815586e-04
6.7180000000e+00 -2.7367832246e-04 4.6433375593e-05
6.7190000000e+00 -2.5778467358e-04 -1.8817289373e-04
6.7200000000e+00 -2.4228072693e-04 -4.2308627097e-04
6.7210000000e+00 -2.2717827618e-04 -6.5827217865e-04
6.7220000000e+00 -2.1248899519e-04 -8.9369585074e-04
6.7230000000e+00 -1.9822438712e-04 -1.1293223357e-03
6.7240000000e+00 -1.8439572094e-04 -1.3651165024e-03
6.7250000000e+00 -1.7101403532e-04 -1.6010430458e-03
6.7260000000e+00 -1.5809018740e-04 -1.8370664920e-03
6.7270000000e+00 -1.4563484209e-04 -2.0731512045e-03
6.7280000000e+00 -1.3365840197e-04 -2.3092613890e-03
6.7290000000e+00 -1.2217103897e-04 -2.5453610992e-03
6.7300000000e+00 -1.1118270207e-04 -2.7814142406e-03
6.7310000000e+00 -1.0070307577e-04 -3.0173845768e-03
6.7320000000e+00 -9.0741567174e-05 -3.2532357371e-03
6.7330000000e+00 -8.1307316370e-05 -3.4889312215e-03
6.7340000000e+00 -7.2409226733e-05 -3.7244344090e-03
6.7350000000e+00 -6.4055903296e-05 -3.9597085639e-03
6.7360000000e+00 -5.6255606472e-05 -4.1947168441e-03
6.7370000000e+00 -4.9016301599e-05 -4.4294223106e-03
6.7380000000e+00 -4.2345682535e-05 -4.6637879337e-03
6.7390000000e+00 -3.6251136578e-05 -4.8977766023e-03
6.7400000000e+00 -3.0739684220e-05 -5.1313511335e-03
6.7410000000e+00 -2.5818003300e-05 -5.3644742793e-03
6.7420000000e+00 -2.1492472967e-05 -5.5971087349e-03
6.7430000000e+00 -1.7769152834e-05 -5.8292171483e-03
6.7440000000e+00 -1.4653757735e-05 -6.0607621286e-03
6.7450000000e+00 -1.2151634526e-05 -6.2917062537e-03
6.7460000000e+00 -1.0267787813e-05 -6.5220120761e-03
6.7470000000e+00 -9.0068932890e-06 -6.7516421323e-03
6.7480000000e+00 -8.3732710289e-06 -6.9805589531e-03
6.7490000000e+00 -8.3708884563e-06 -7.2087250675e-03
6.7500000000e+00 -9.0033419540e-06 -7.4361030102e-03
6.7510000000e+00 -1.0273842589e-05 -7.6626553324e-03
6.7520000000e+00 -1.2185228253e-05 -7.8883446114e-03
6.7530000000e+00 -1.4739974175e-05 -8.1131334555e-03
6.7540000000e+00 -1.7940179100e-05 -8.3369845129e-03
6.7550000000e+00 -2.1787525673e-05 -8.5598604839e-03
6.7560000000e+00 -2.6283289526e-05 -8.7817241312e-03
6.7570000000e+00 -3.1428362669e-05 -9.0025382855e-03
6.7580000000e+00 -3.7223249527e-05 -9.2222658558e-03
6.7590000000e+00 -4.3668053442e-05 -9.4408698434e-03
6.7600000000e+00 -5.0762462099e-05 -9.6583133514e-03
6.7610000000e+00 -5.8505759339e-05 -9.8745595916e-03
6.7620000000e+00 -6.6896832083e-05 -1.0089571895e-02
6.7630000000e+00 -7.5934172876e-05 -1.0303313724e-02
6.7640000000e+00 -8.5615887188e-05 -1.0515748681e-02
6.7650000000e+00 -9.5939682541e-05 -1.0726840511e-02
6.7660000000e+00 -1.0690285541e-04 -1.0936553121e-02
6.7670000000e+00 -1.1850229930e-04 -1.1144850581e-02
6.7680000000e+00 -1.3073454081e-04 -1.1351697137e-02
6.7690000000e+00 -1.4359573381e-04 -1.1557057211e-02
6.7700000000e+00 -1.5708161161e-04 -1.1760895417e-02
6.7710000000e+00 -1.7118748885e-04 -1.1963176572e-02
6.7720000000e+00 -1.8590830498e-04 -1.2163865697e-02
6.7730000000e+00 -2.0123864532e-04 -1.2362928025e-02
6.7740000000e+00 -2.1717270227e-04 -1.2560329015e-02
6.7750000000e+00 -2.3370424512e-04 -1.2756034360e-02
6.7760000000e+00 -2.5082665318e-04 -1.2950009998e-02
6.7770000000e+00 -2.6853294232e-04 -1.3142222115e-02
6.7780000000e+00 -2.8681575232e-04 -1.3332637157e-02
6.7790000000e+00 -3.0566732968e-04 -1.3521221845e-02
6.7800000000e+00 -3.2507953947e-04 -1.3707943177e-02
6.7810000000e+00 -3.4504388117e-04 -1.3892768439e-02
6.7820000000e+00 -3.6555148993e-04 -1.4075665214e-02
6.7830000000e+00 -3.8659315016e-04 -1.4256601391e-02
6.7840000000e+00 -4.0815930641e-04 -1.4435545170e-02
6.7850000000e+00 -4.3024006288e-04 -1.4612465070e-02
6.7860000000e+00 -4.5282517873e-04 -1.4787329939e-02
6.7870000000e+00 -4.7590408004e-04 -1.4960108962e-02
6.7880000000e+00 -4.9946589347e-04 -1.5130771661e-02
6.7890000000e+00 -5.2349945242e-04 -1.5299287900e-02
6.7900000000e+00 -5.4799326901e-04 -1.5465627902e-02
6.7910000000e+00 -5.7293552399e-04 -1.5629762250e-02
6.7920000000e+00 -5.9831410825e-04 -1.5791661890e-02
6.7930000000e+00 -6.2411665096e-04 -1.5951298137e-02
6.7940000000e+00 -6.5033049555e-04 -1.6108642685e-02
6.7950000000e+00 -6.7694268234e-04 -1.6263667611e-02
6.7960000000e+00 -7.0393996038e-04 -1.6416345385e-02
6.7970000000e+00 -7.3130882664e-04 -1.6566648872e-02
6.7980000000e+00 -7.5903554031e-04 -1.6714551334e-02
6.7990000000e+00 -7.8710609869e-04 -1.6860026445e-02
6.8000000000e+00 -8.1550624181e-04 -1.7003048292e-02
6.8010000000e+00 -8.4422147463e-04 -1.7143591381e-02
6.8020000000e+00 -8.7323708697e-04 -1.7281630641e-02
6.8030000000e+00 -9.0253816243e-04 -1.7417141429e-02
6.8040000000e+00 -9.3210958551e-04 -1.7550099533e-02
6.8050000000e+00 -9.6193605033e-04 -1.7680481178e-02
6.8060000000e+00 -9.9200205617e-04 -1.7808263030e-02
6.8070000000e+00 -1.0222919382e-03 -1.7933422199e-02
6.8080000000e+00 -1.0527898974e-03 -1.8055936234e-02
6.8090000000e+00 -1.0834799914e-03 -1.8175783134e-02
6.8100000000e+00 -1.1143461251e-03 -1.8292941345e-02
6.8110000000e+00 -1.1453720586e-03 -1.8407389773e-02
6.8120000000e+00 -1.1765414474e-03 -1.8519107769e-02
6.8130000000e+00 -1.2078378475e-03 -1.8628075141e-02
6.8140000000e+00 -1.2392446978e-03 -1.8734272157e-02
6.8150000000e+00 -1.2707453352e-03 -1.8837679543e-02
6.8160000000e+00 -1.3023230012e-03 -1.8938278488e-02
6.8170000000e+00 -1.3339608517e-03 -1.9036050644e-02
6.8180000000e+00 -1.3656419706e-03 -1.9130978130e-02
6.8190000000e+00 -1.3973493895e-03 -1.9223043526e-02
6.8200000000e+00 -1.4290660889e-03 -1.9312229881e-02
6.8210000000e+00 -1.4607749781e-03 -1.9398520715e-02
6.8220000000e+00 -1.4924589339e-03 -1.9481900019e-02
6.8230000000e+00 -1.5241008407e-03 -1.9562352248e-02
6.8240000000e+00 -1.5556835890e-03 -1.9639862326e-02
6.8250000000e+00 -1.5871900552e-03 -1.9714415646e-02
6.8260000000e+00 -1.6186031043e-03 -1.9785998077e-02
6.8270000000e+00 -1.6499056515e-03 -1.9854595951e-02
6.8280000000e+00 -1.6810806788e-03 -1.9920196060e-02
6.8290000000e+00 -1.7121112048e-03 -1.9982785664e-02
6.8300000000e+00 -1.7429802839e-03 -2.0042352490e-02
6.8310000000e+00 -1.7736710353e-03 -2.0098884725e-02
6.8320000000e+00 -1.8041666702e-03 -2.0152371014e-02
6.8330000000e+00 -1.8344504779e-03 -2.0202800460e-02
6.8340000000e+00 -1.8645058292e-03 -2.0250162623e-02
6.8350000000e+00 -1.8943161916e-03 -2.0294447518e-02
6.8360000000e+00 -1.9238651301e-03 -2.0335645614e-02
6.8370000000e+00 -1.9531363209e-03 -2.0373747828e-02
6.8380000000e+00 -1.9821135562e-03 -2.0408745532e-02
6.8390000000e+00 -2.0107807689e-03 -2.0440630538e-02
6.8400000000e+00 -2.0391220351e-03 -2.0469395103e-02
6.8410000000e+00 -2.0671215510e-03 -2.0495031935e-02
6.8420000000e+00 -2.0947636626e-03 -2.0517534179e-02
6.8430000000e+00 -2.1220328968e-03 -2.0536895416e-02
6.8440000000e+00 -2.1489139697e-03 -2.0553109662e-02
6.8450000000e+00 -2.1753917664e-03 -2.0566171363e-02
6.8460000000e+00 -2.2014513442e-03 -2.0576075404e-02
6.8470000000e+00 -2.2270779789e-03 -2.0582817091e-02
6.8480000000e+00 -2.2522571777e-03 -2.0586392149e-02
6.8490000000e+00 -2.2769746752e-03 -2.0586796723e-02
6.8500000000e+00 -2.3012164189e-03 -2.0584027377e-02
6.8510000000e+00 -2.3249685776e-03 -2.0578081089e-02
6.8520000000e+00 -2.3482175787e-03 -2.0568955245e-02
6.8530000000e+00 -2.3709501073e-03 -2.0556647637e-02
6.8540000000e+00 -2.3931531026e-03 -2.0541156456e-02
6.8550000000e+00 -2.4148137496e-03 -2.0522480300e-02
6.8560000000e+00 -2.4359194863e-03 -2.0500618163e-02
6.8570000000e+00 -2.4564580279e-03 -2.0475569433e-02
6.8580000000e+00 -2.4764173660e-03 -2.0447333890e-02
6.8590000000e+00 -2.4957857748e-03 -2.0415911701e-02
6.8600000000e+00 -2.5145518102e-03 -2.0381303419e-02
6.8610000000e+00 -2.5327043116e-03 -2.0343509984e-02
6.8620000000e+00 -2.5502324214e-03 -2.0302532712e-02
6.8630000000e+00 -2.5671255958e-03 -2.0258373299e-02
6.8640000000e+00 -2.5833736174e-03 -2.0211033812e-02
6.8650000000e+00 -2.5989665837e-03 -2.0160516689e-02
6.8660000000e+00 -2.6138949068e-03 -2.0106824741e-02
6.8670000000e+00 -2.6281493395e-03 -2.0049961147e-02
6.8680000000e+00 -2.6417209912e-03 -1.9989929443e-02
6.8690000000e+00 -2.6546013281e-03 -1.9926733525e-02
6.8700000000e+00 -2.6667821595e-03 -1.9860377651e-02
6.8710000000e+00 -2.6782556454e-03 -1.9790866434e-02
6.8720000000e+00 -2.6890143145e-03 -1.9718204841e-02
6.8730000000e+00 -2.6990510728e-03 -1.9642398186e-02
6.8740000000e+00 -2.7083592042e-03 -1.9563452131e-02
6.8750000000e+00 -2.7169323583e-03 -1.9481372687e-02
6.8760000000e+00 -2.7247645534e-03 -1.9396166212e-02
6.8770000000e+00 -2.7318501821e-03 -1.9307839407e-02
6.8780000000e+00 -2.7381840286e-03 -1.9216399313e-02
6.8790000000e+00 -2.7437612804e-03 -1.9121853310e-02
6.8800000000e+00 -2.7485775011e-03 -1.9024209116e-02
6.8810000000e+00 -2.7526286260e-03 -1.8923474792e-02
6.8820000000e+00 -2.7559109922e-03 -1.8819658735e-02
6.8830000000e+00 -2.7584213656e-03 -1.8712769671e-02
6.8840000000e+00 -2.7601569231e-03 -1.8602816660e-02
6.8850000000e+00 -2.7611152289e-03 -1.8489809099e-02
6.8860000000e+00 -2.7612942603e-03 -1.8373756718e-02
6.8870000000e+00 -2.7606924368e-03 -1.8254669576e-02
6.8880000000e+00 -2.7593086180e-03 -1.8132558060e-02
6.8890000000e+00 -2.7571420813e-03 -1.8007432888e-02
6.8900000000e+00 -2.7541925270e-03 -1.7879305112e-02
6.8910000000e+00 -2.7504601078e-03 -1.7748186111e-02
6.8920000000e+00 -2.7459454093e-03 -1.7614087597e-02
6.8930000000e+00 -2.7406494439e-03 -1.7477021612e-02
6.8940000000e+00 -2.7345736741e-03 -1.7337000530e-02
6.8950000000e+00 -2.7277200107e-03 -1.7194037053e-02
6.8960000000e+00 -2.7200907875e-03 -1.7048144220e-02
6.8970000000e+00 -2.7116887529e-03 -1.6899335409e-02
6.8980000000e+00 -2.7025171115e-03 -1.6747624326e-02
6.8990000000e+00 -2.6925795319e-03 -1.6593025007e-02
6.9000000000e+00 -2.6818801059e-03 -1.6435551828e-02
6.9010000000e+00 -2.6704233394e-03 -1.6275219505e-02
6.9020000000e+00 -2.6582141862e-03 -1.6112043092e-02
6.9030000000e+00 -2.6452580776e-03 -1.5946037971e-02
6.9040000000e+00 -2.6315608887e-03 -1.5777219868e-02
6.9050000000e+00 -2.6171289159e-03 -1.5605604851e-02
6.9060000000e+00 -2.6019689018e-03 -1.5431209332e-02
6.9070000000e+00 -2.5860880481e-03 -1.5254050063e-02
6.9080000000e+00 -2.5694940171e-03 -1.5074144144e-02
6.9090000000e+00 -2.5521949109e-03 -1.4891509022e-02
6.9100000000e+00 -2.5341992718e-03 -1.4706162495e-02
6.9110000000e+00 -2.5155160922e-03 -1.4518122717e-02
6.9120000000e+00 -2.4961548063e-03 -1.4327408197e-02
6.9130000000e+00 -2.4761252957e-03 -1.4134037799e-02
6.9140000000e+00 -2.4554378827e-03 -1.3938030750e-02
6.9150000000e+00 -2.4341033213e-03 -1.3739406639e-02
6.9160000000e+00 -2.4121327868e-03 -1.3538185423e-02
6.9170000000e+00 -2.3895378708e-03 -1.3334387427e-02
6.9180000000e+00 -2.3663305991e-03 -1.3128033344e-02
6.9190000000e+00 -2.3425234157e-03 -1.2919144241e-02
6.9200000000e+00 -2.3181291706e-03 -1.2707741558e-02
6.9210000000e+00 -2.2931611165e-03 -1.2493847114e-02
6.9220000000e+00 -2.2676329061e-03 -1.2277483104e-02
6.9230000000e+00 -2.2415586058e-03 -1.2058672107e-02
6.9240000000e+00 -2.2149526848e-03 -1.1837437081e-02
6.9250000000e+00 -2.1878300058e-03 -1.1613801369e-02
6.9260000000e+00 -2.1602058122e-03 -1.1387788707e-02
6.9270000000e+00 -2.1320957285e-03 -1.1159423222e-02
6.9280000000e+00 -2.1035157803e-03 -1.0928729433e-02
6.9290000000e+00 -2.0744823771e-03 -1.0695732252e-02
6.9300000000e+00 -2.0450122882e-03 -1.0460456993e-02
6.9310000000e+00 -2.0151226269e-03 -1.0222929380e-02
6.9320000000e+00 -1.9848308622e-03 -9.9831755387e-03
6.9330000000e+00 -1.9541548333e-03 -9.7412220017e-03
6.9340000000e+00 -1.9231127116e-03 -9.4970957144e-03
6.9350000000e+00 -1.8917229805e-03 -9.2508240403e-03
6.9360000000e+00 -1.8600044372e-03 -9.0024347590e-03
6.9370000000e+00 -1.8279761948e-03 -8.7519560673e-03
6.9380000000e+00 -1.7956576692e-03 -8.4994165828e-03
6.9390000000e+00 -1.7630685564e-03 -8.2448453469e-03
6.9400000000e+00 -1.7302288333e-03 -7.9882718222e-03
6.9410000000e+00 -1.6971587405e-03 -7.7297258957e-03
6.9420000000e+00 -1.6638787717e-03 -7.4692378822e-03
6.9430000000e+00 -1.6304096773e-03 -7.2068385220e-03
6.9440000000e+00 -1.5967724529e-03 -6.9425589811e-03
6.9450000000e+00 -1.5629883263e-03 -6.6764308533e-03
6.9460000000e+00 -1.5290787320e-03 -6.4084861654e-03
6.9470000000e+00 -1.4950653143e-03 -6.1387573756e-03
6.9480000000e+00 -1.4609699345e-03 -5.8672773707e-03
6.9490000000e+00 -1.4268146451e-03 -5.5940794703e-03
6.9500000000e+00 -1.3926216733e-03 -5.3191974307e-03
6.9510000000e+00 -1.3584134045e-03 -5.0426654446e-03
6.9520000000e+00 -1.3242123774e-03 -4.7645181397e-03
6.9530000000e+00 -1.2900412756e-03 -4.4847905801e-03
6.9540000000e+00 -1.2559229129e-03 -4.2035182681e-03
6.9550000000e+00 -1.2218802166e-03 -3.9207371426e-03
6.9560000000e+00 -1.1879361894e-03 -3.6364835808e-03
6.9570000000e+00 -1.1541139064e-03 -3.3507943967e-03
6.9580000000e+00 -1.1204365214e-03 -3.0637068387e-03
6.9590000000e+00 -1.0869272473e-03 -2.7752585862e-03
6.9600000000e+00 -1.0536093199e-03 -2.4854877502e-03
6.9610000000e+00 -1.0205059705e-03 -2.1944328727e-03
6.9620000000e+00 -9.8764044763e-04 -1.9021329211e-03
6.9630000000e+00 -9.5503601353e-04 -1.6086272832e-03
6.9640000000e+00 -9.2271590100e-04 -1.3139557674e-03
6.9650000000e+00 -8.9070329475e-04 -1.0181586009e-03
6.9660000000e+00 -8.5902133422e-04 -7.2127642535e-04
6.9670000000e+00 -8.2769311313e-04 -4.2335029197e-04
6.9680000000e+00 -7.9674164547e-04 -1.2442166009e-04
6.9690000000e+00 -7.6618984979e-04 1.7546760475e-04
6.9700000000e+00 -7.3606055090e-04 4.7627523532e-04
6.9710000000e+00 -7.0637644892e-04 7.7795856538e-04
6.9720000000e+00 -6.7716009386e-04 1.0804745327e-03
6.9730000000e+00 -6.4843388078e-04 1.3837796833e-03
6.9740000000e+00 -6.2022005146e-04 1.6878301771e-03
6.9750000000e+00 -5.9254066330e-04 1.9925817922e-03
6.9760000000e+00 -5.6541754313e-04 2.2979899288e-03
6.9770000000e+00 -5.3887228789e-04 2.6040096159e-03
6.9780000000e+00 -5.1292627526e-04 2.9105955190e-03
6.9790000000e+00 -4.8760063634e-04 3.2177019478e-03
6.9800000000e+00 -4.6291620923e-04 3.5252828612e-03
6.9810000000e+00 -4.3889352918e-04 3.8332918757e-03
6.9820000000e+00 -4.1555283914e-04 4.1416822745e-03
6.9830000000e+00 -3.9291407184e-04 4.4504070162e-03
6.9840000000e+00 -3.7099682468e-04 4.7594187432e-03
6.9850000000e+00 -3.4982034318e-04 5.0686697889e-03
6.9860000000e+00 -3.2940351359e-04 5.3781121859e-03
6.9870000000e+00 -3.0976485068e-04 5.6876976763e-03
6.9880000000e+00 -2.9092248609e-04 5.9973777203e-03
6.9890000000e+00 -2.7289416187e-04 6.3071035043e-03
6.9900000000e+00 -2.5569720559e-04 6.6168259486e-03
6.9910000000e+00 -2.3934850591e-04 6.9264957181e-03
6.9920000000e+00 -2.2386450604e-04 7.2360632323e-03
6.9930000000e+00 -2.0926120575e-04 7.5454786737e-03
6.9940000000e+00 -1.9555413901e-04 7.8546919976e-03
6.9950000000e+00 -1.8275833690e-04 8.1636529438e-03
6.9960000000e+00 -1.7088832060e-04 8.4723110480e-03
6.9970000000e+00 -1.5995809843e-04 8.7806156526e-03
6.9980000000e+00 -1.4998115280e-04 9.0885159179e-03
6.9990000000e+00 -1.4097041879e-04 9.3959608376e-03
7.0000000000e+00 -1.3293826887e-04 9.7028992517e-03
7.0010000000e+00 -1.2589651100e-04 1.0009279858e-02
7.0020000000e+00 -1.1985636886e-04 1.0315051228e-02
7.0030000000e+00 -1.1482847313e-04 1.0620161819e-02
7.0040000000e+00 -1.1082286625e-04 1.0924559992e-02
7.0050000000e+00 -1.0784898877e-04 1.1228194022e-02
7.0060000000e+00 -1.0591565267e-04 1.1531012113e-02
7.0070000000e+00 -1.0503103228e-04 1.1832962414e-02
7.0080000000e+00 -1.0520268955e-04 1.2133993033e-02
7.0090000000e+00 -1.0643756560e-04 1.2434052046e-02
7.0100000000e+00 -1.0874193971e-04 1.2733087516e-02
7.0110000000e+00 -1.1212142027e-04 1.3031047506e-02
7.0120000000e+00 -1.1658096102e-04 1.3327880094e-02
7.0130000000e+00 -1.2212486694e-04 1.3623533384e-02
7.0140000000e+00 -1.2875676319e-04 1.3917955521e-02
7.0150000000e+00 -1.3647957641e-04 1.4211094709e-02
7.0160000000e+00 -1.4529554582e-04 1.4502899230e-02
7.0170000000e+00 -1.5520622088e-04 1.4793317450e-02
7.0180000000e+00 -1.6621244918e-04 1.5082297841e-02
7.0190000000e+00 -1.7831436701e-04 1.5369789000e-02
7.0200000000e+00 -1.9151140324e-04 1.5655739664e-02
7.0210000000e+00 -2.0580227379e-04 1.5940098721e-02
7.0220000000e+00 -2.2118496970e-04 1.6222815238e-02
7.0230000000e+00 -2.3765676925e-04 1.6503838471e-02
7.0240000000e+00 -2.5521424451e-04 1.6783117882e-02
7.0250000000e+00 -2.7385325444e-04 1.7060603156e-02
7.0260000000e+00 -2.9356893672e-04 1.7336244220e-02
7.0270000000e+00 -3.1435571539e-04 1.7609991259e-02
7.0280000000e+00 -3.3620732089e-04 1.7881794729e-02
7.0290000000e+00 -3.5911679040e-04 1.8151605371e-02
7.0300000000e+00 -3.8307645979e-04 1.8419374232e-02
7.0310000000e+00 -4.0807796001e-04 1.8685052677e-02
7.0320000000e+00 -4.3411223041e-04 1.8948592404e-02
7.0330000000e+00 -4.6116953528e-04 1.9209945459e-02
7.0340000000e+00 -4.8923945809e-04 1.9469064250e-02
7.0350000000e+00 -5.1831089731e-04 1.9725901562e-02
7.0360000000e+00 -5.4837206843e-04 1.9980410576e-02
7.0370000000e+00 -5.7941051544e-04 2.0232544878e-02
7.0380000000e+00 -6.1141312660e-04 2.0482258479e-02
7.0390000000e+00 -6.4436613625e-04 2.0729505827e-02
7.0400000000e+00 -6.7825512588e-04 2.0974241826e-02
7.0410000000e+00 -7.1306502952e-04 2.1216421844e-02
7.0420000000e+00 -7.4878014997e-04 2.1456001739e-02
7.0430000000e+00 -7.8538417754e-04 2.1692937862e-02
7.0440000000e+00 -8.2286019747e-04 2.1927187076e-02
7.0450000000e+00 -8.6119069474e-04 2.2158706773e-02
7.0460000000e+00 -9.0035756327e-04 2.2387454880e-02
7.0470000000e+00 -9.4034212903e-04 2.2613389880e-02
7.0480000000e+00 -9.8112517026e-04 2.2836470813e-02
7.0490000000e+00 -1.0226869267e-03 2.3056657296e-02
7.0500000000e+00 -1.0650071105e-03 2.3273909529e-02
7.0510000000e+00 -1.1080649167e-03 2.3488188308e-02
7.0520000000e+00 -1.1518390408e-03 2.3699455032e-02
7.0530000000e+00 -1.1963077002e-03 2.3907671715e-02
7.0540000000e+00 -1.2414486453e-03 2.4112800993e-02
7.0550000000e+00 -1.2872391684e-03 2.4314806135e-02
7.0560000000e+00 -1.3336561142e-03 2.4513651048e-02
7.0570000000e+00 -1.3806758953e-03 2.4709300292e-02
7.0580000000e+00 -1.4282745121e-03 2.4901719083e-02
7.0590000000e+00 -1.4764275730e-03 2.5090873303e-02
7.0600000000e+00 -1.5251103036e-03 2.5276729504e-02
7.0610000000e+00 -1.5742975536e-03 2.5459254923e-02
7.0620000000e+00 -1.6239638184e-03 2.5638417484e-02
7.0630000000e+00 -1.6740832692e-03 2.5814185804e-02
7.0640000000e+00 -1.7246297766e-03 2.5986529199e-02
7.0650000000e+00 -1.7755769156e-03 2.6155417689e-02
7.0660000000e+00 -1.8268979740e-03 2.6320822006e-02
7.0670000000e+00 -1.8785659857e-03 2.6482713595e-02
7.0680000000e+00 -1.9305537648e-03 2.6641064615e-02
7.0690000000e+00 -1.9828339161e-03 2.6795847942e-02
7.0700000000e+00 -2.0353788351e-03 2.6947037175e-02
7.0710000000e+00 -2.0881607304e-03 2.7094606638e-02
7.0720000000e+00 -2.1411516606e-03 2.7238531372e-02
7.0730000000e+00 -2.1943235468e-03 2.7378787141e-02
7.0740000000e+00 -2.2476481786e-03 2.7515350433e-02
7.0750000000e+00 -2.3010972310e-03 2.7648198458e-02
7.0760000000e+00 -2.3546422898e-03 2.7777309144e-02
7.0770000000e+00 -2.4082548640e-03 2.7902661143e-02
7.0780000000e+00 -2.4619063933e-03 2.8024233824e-02
7.0790000000e+00 -2.5155682776e-03 2.8142007276e-02
7.0800000000e+00 -2.5692118986e-03 2.8255962300e-02
7.0810000000e+00 -2.6228086218e-03 2.8366080411e-02
7.0820000000e+00 -2.6763298060e-03 2.8472343840e-02
7.0830000000e+00 -2.7297468373e-03 2.8574735525e-02
7.0840000000e+00 -2.7830311611e-03 2.8673239103e-02
7.0850000000e+00 -2.8361542790e-03 2.8767838914e-02
7.0860000000e+00 -2.8890877496e-03 2.8858519998e-02
7.0870000000e+00 -2.9418032241e-03 2.8945268087e-02
7.0880000000e+00 -2.9942724805e-03 2.9028069594e-02
7.0890000000e+00 -3.0464674318e-03 2.9106911611e-02
7.0900000000e+00 -3.0983601202e-03 2.9181781908e-02
7.0910000000e+00 -3.1499227401e-03 2.9252668921e-02
7.0920000000e+00 -3.2011276689e-03 2.9319561745e-02
7.0930000000e+00 -3.2519474765e-03 2.9382450127e-02
7.0940000000e+00 -3.3023549305e-03 2.9441324458e-02
7.0950000000e+00 -3.3523230092e-03 2.9496175770e-02
7.0960000000e+00 -3.4018249180e-03 2.9546995721e-02
7.0970000000e+00 -3.4508340963e-03 2.9593776595e-02
7.0980000000e+00 -3.4993242287e-03 2.9636511288e-02
7.0990000000e+00 -3.5472692666e-03 2.9675193302e-02
7.1000000000e+00 -3.5946434328e-03 2.9709816739e-02
7.1010000000e+00 -3.6414212261e-03 2.9740376290e-02
7.1020000000e+00 -3.6875774355e-03 2.9766867231e-02
7.1030000000e+00 -3.7330871630e-03 2.9789285411e-02
7.1040000000e+00 -3.7779258396e-03 2.9807627242e-02
7.1050000000e+00 -3.8220692207e-03 2.9821889694e-02
7.1060000000e+00 -3.8654933993e-03 2.9832070287e-02
7.1070000000e+00 -3.9081748263e-03 2.9838167083e-02
7.1080000000e+00 -3.9500903244e-03 2.9840178669e-02
7.1090000000e+00 -3.9912170949e-03 2.9838104156e-02
7.1100000000e+00 -4.0315327230e-03 2.9831943167e-02
7.1110000000e+00 -4.0710151920e-03 2.9821695829e-02
7.1120000000e+00 -4.1096428880e-03 2.9807362764e-02
7.1130000000e+00 -4.1473946118e-03 2.9788945078e-02
7.1140000000e+00 -4.1842495960e-03 2.9766444351e-02
7.1150000000e+00 -4.2201875054e-03 2.9739862628e-02
7.1160000000e+00 -4.2551884350e-03 2.9709202416e-02
7.1170000000e+00 -4.2892329149e-03 2.9674466671e-02
7.1180000000e+00 -4.3223019323e-03 2.9635658790e-02
7.1190000000e+00 -4.3543769434e-03 2.9592782600e-02
7.1200000000e+00 -4.3854398593e-03 2.9545842353e-02
7.1210000000e+00 -4.4154730486e-03 2.9494842723e-02
7.1220000000e+00 -4.4444593588e-03 2.9439788793e-02
7.1230000000e+00 -4.4723821339e-03 2.9380686044e-02
7.1240000000e+00 -4.4992252104e-03 2.9317540350e-02
7.1250000000e+00 -4.5249729129e-03 2.9250357979e-02
7.1260000000e+00 -4.5496100758e-03 2.9179145575e-02
7.1270000000e+00 -4.5731220560e-03 2.9103910156e-02
7.1280000000e+00 -4.5954947350e-03 2.9024659107e-02
7.1290000000e+00 -4.6167145258e-03 2.8941400170e-02
7.1300000000e+00 -4.6367683826e-03 2.8854141445e-02
7.1310000000e+00 -4.6556438108e-03 2.8762891374e-02
7.1320000000e+00 -4.6733288621e-03 2.8667658745e-02
7.1330000000e+00 -4.6898121440e-03 2.8568452684e-02
7.1340000000e+00 -4.7050828362e-03 2.8465282643e-02
7.1350000000e+00 -4.7191306907e-03 2.8358158403e-02
7.1360000000e+00 -4.7319460238e-03 2.8247090064e-02
7.1370000000e+00 -4.7435197205e-03 2.8132088051e-02
7.1380000000e+00 -4.7538432531e-03 2.8013163096e-02
7.1390000000e+00 -4.7629086892e-03 2.7890326242e-02
7.1400000000e+00 -4.7707086837e-03 2.7763588835e-02
7.1410000000e+00 -4.7772364770e-03 2.7632962530e-02
7.1420000000e+00 -4.7824859078e-03 2.7498459282e-02
7.1430000000e+00 -4.7864514327e-03 2.7360091341e-02
7.1440000000e+00 -4.7891281266e-03 2.7217871250e-02
7.1450000000e+00 -4.7905116772e-03 2.7071811847e-02
7.1460000000e+00 -4.7905983949e-03 2.6921926264e-02
7.1470000000e+00 -4.7893852265e-03 2.6768227923e-02
7.1480000000e+00 -4.7868697653e-03 2.6610730533e-02
7.1490000000e+00 -4.7830502516e-03 2.6449448091e-02
7.1500000000e+00 -4.7779255750e-03 2.6284394884e-02
7.1510000000e+00 -4.7714952816e-03 2.6115585491e-02
7.1520000000e+00 -4.7637595797e-03 2.5943034778e-02
7.1530000000e+00 -4.7547193470e-03 2.5766757900e-02
7.1540000000e+00 -4.7443761348e-03 2.5586770305e-02
7.1550000000e+00 -4.7327321704e-03 2.5403087732e-02
7.1560000000e+00 -4.7197903557e-03 2.5215726218e-02
7.1570000000e+00 -4.7055542683e-03 2.5024702093e-02
7.1580000000e+00 -4.6900281706e-03 2.4830031991e-02
7.1590000000e+00 -4.6732170149e-03 2.4631732842e-02
7.1600000000e+00 -4.6551264400e-03 2.4429821882e-02
7.1610000000e+00 -4.6357627693e-03 2.4224316653e-02
7.1620000000e+00 -4.6151330145e-03 2.4015235011e-02
7.1630000000e+00 -4.5932448868e-03 2.3802595122e-02
7.1640000000e+00 -4.5701068009e-03 2.3586415469e-02
7.1650000000e+00 -4.5457278735e-03 2.3366714856e-02
7.1660000000e+00 -4.5201179220e-03 2.3143512413e-02
7.1670000000e+00 -4.4932874703e-03 2.2916827602e-02
7.1680000000e+00 -4.4652477602e-03 2.2686680218e-02
7.1690000000e+00 -4.4360107557e-03 2.2453090394e-02
7.1700000000e+00 -4.4055891376e-03 2.2216078609e-02
7.1710000000e+00 -4.3739962971e-03 2.1975665696e-02
7.1720000000e+00 -4.3412463418e-03 2.1731872847e-02
7.1730000000e+00 -4.3073541041e-03 2.1484721615e-02
7.1740000000e+00 -4.2723351386e-03 2.1234233923e-02
7.1750000000e+00 -4.2362057097e-03 2.0980432074e-02
7.1760000000e+00 -4.1989827876e-03 2.0723338756e-02
7.1770000000e+00 -4.1606840534e-03 2.0462977045e-02
7.1780000000e+00 -4.1213278995e-03 2.0199370419e-02
7.1790000000e+00 -4.0809334194e-03 1.9932542756e-02
7.1800000000e+00 -4.0395204003e-03 1.9662518350e-02
7.1810000000e+00 -3.9971093198e-03 1.9389321913e-02
7.1820000000e+00 -3.9537213451e-03 1.9112978582e-02
7.1830000000e+00 -3.9093783255e-03 1.8833513927e-02
7.1840000000e+00 -3.8641027885e-03 1.8550953959e-02
7.1850000000e+00 -3.8179179369e-03 1.8265325134e-02
7.1860000000e+00 -3.7708476396e-03 1.7976654363e-02
7.1870000000e+00 -3.7229164229e-03 1.7684969021e-02
7.1880000000e+00 -3.6741494703e-03 1.7390296950e-02
7.1890000000e+00 -3.6245726237e-03 1.7092666468e-02
7.1900000000e+00 -3.5742123697e-03 1.6792106379e-02
7.1910000000e+00 -3.5230958230e-03 1.6488645982e-02
7.1920000000e+00 -3.4712507196e-03 1.6182315076e-02
7.1930000000e+00 -3.4187054177e-03 1.5873143969e-02
7.1940000000e+00 -3.3654888894e-03 1.5561163486e-02
7.1950000000e+00 -3.3116306976e-03 1.5246404976e-02
7.1960000000e+00 -3.2571609761e-03 1.4928900322e-02
7.1970000000e+00 -3.2021104255e-03 1.4608681950e-02
7.1980000000e+00 -3.1465103048e-03 1.4285782832e-02
7.1990000000e+00 -3.0903924115e-03 1.3960236493e-02
7.2000000000e+00 -3.0337890601e-03 1.3632077020e-02
7.2010000000e+00 -2.9767330661e-03 1.3301339069e-02
7.2020000000e+00 -2.9192577367e-03 1.2968057871e-02
7.2030000000e+00 -2.8613968561e-03 1.2632269234e-02
7.2040000000e+00 -2.8031846677e-03 1.2294009551e-02
7.2050000000e+00 -2.7446558561e-03 1.1953315805e-02
7.2060000000e+00 -2.6858455302e-03 1.1610225576e-02
7.2070000000e+00 -2.6267892090e-03 1.1264777045e-02
7.2080000000e+00 -2.5675228048e-03 1.0917008998e-02
7.2090000000e+00 -2.5080826104e-03 1.0566960833e-02
7.2100000000e+00 -2.4485052776e-03 1.0214672564e-02
7.2110000000e+00 -2.3888277942e-03 9.8601848266e-03
7.2120000000e+00 -2.3290874654e-03 9.5035388837e-03
7.2130000000e+00 -2.2693218966e-03 9.1447766289e-03
7.2140000000e+00 -2.2095689757e-03 8.7839405915e-03
7.2150000000e+00 -2.1498668458e-03 8.4210739403e-03
7.2160000000e+00 -2.0902538767e-03 8.0562204872e-03
7.2170000000e+00 -2.0307686437e-03 7.6894246923e-03
7.2180000000e+00 -1.9714499087e-03 7.3207316649e-03
7.2190000000e+00 -1.9123365985e-03 6.9501871642e-03
7.2200000000e+00 -1.8534677737e-03 6.5778376018e-03
7.2210000000e+00 -1.7948825990e-03 6.2037300445e-03
7.2220000000e+00 -1.7366203215e-03 5.8279122140e-03
7.2230000000e+00 -1.6787202513e-03 5.4504324849e-03
7.2240000000e+00 -1.6212217381e-03 5.0713398843e-03
7.2250000000e+00 -1.5641641394e-03 4.6906840936e-03
7.2260000000e+00 -1.5075867927e-03 4.3085154474e-03
7.2270000000e+00 -1.4515289961e-03 3.9248849313e-03
7.2280000000e+00 -1.3960299882e-03 3.5398441797e-03
7.2290000000e+00 -1.3411289236e-03 3.1534454759e-03
7.2300000000e+00 -1.2868648421e-03 2.7657417512e-03
7.2310000000e+00 -1.2332766403e-03 2.3767865819e-03
7.2320000000e+00 -1.1804030494e-03 1.9866341874e-03
7.2330000000e+00 -1.1282826134e-03 1.5953394283e-03
7.2340000000e+00 -1.0769536599e-03 1.2029578037e-03
7.2350000000e+00 -1.0264542664e-03 8.0954544706e-04
7.2360000000e+00 -9.7682223207e-04 4.1515912292e-04
7.2370000000e+00 -9.2809505226e-04 1.9856223029e-05
7.2380000000e+00 -8.8030988850e-04 -3.7630523939e-04
7.2390000000e+00 -8.3350354004e-04 -7.7326663655e-04
7.2400000000e+00 -7.8771241585e-04 -1.1709687327e-03
7.2410000000e+00 -7.4297250517e-04 -1.5693516903e-03
7.2420000000e+00 -6.9931934579e-04 -1.9683550785e-03
7.2430000000e+00 -6.5678799845e-04 -2.3679178832e-03
7.2440000000e+00 -6.1541302657e-04 -2.7679785161e-03
7.2450000000e+00 -5.7522846777e-04 -3.1684748238e-03
7.2460000000e+00 -5.3626779783e-04 -3.5693440976e-03
7.2470000000e+00 -4.9856390259e-04 -3.9705230852e-03
7.2480000000e+00 -4.6214906373e-04 -4.3719480014e-03
7.2490000000e+00 -4.2705493814e-04 -4.7735545392e-03
7.2500000000e+00 -3.9331252074e-04 -5.1752778807e-03
7.2510000000e+00 -3.6095211140e-04 -5.5770527090e-03
7.2520000000e+00 -3.3000329800e-04 -5.9788132212e-03
7.2530000000e+00 -3.0049493992e-04 -6.3804931400e-03
7.2540000000e+00 -2.7245513636e-04 -6.7820257279e-03
7.2550000000e+00 -2.4591119142e-04 -7.1833438008e-03
7.2560000000e+00 -2.2088959121e-04 -7.5843797435e-03
7.2570000000e+00 -1.9741598491e-04 -7.9850655243e-03
7.2580000000e+00 -1.7551515761e-04 -8.3853327125e-03
7.2590000000e+00 -1.5521099980e-04 -8.7851124958e-03
7.2600000000e+00 -1.3652648586e-04 -9.1843356992e-03
7.2610000000e+00 -1.1948365198e-04 -9.5829328032e-03
7.2620000000e+00 -1.0410356773e-04 -9.9808339645e-03
7.2630000000e+00 -9.0406313965e-05 -1.0377969037e-02
7.2640000000e+00 -7.8410967791e-05 -1.0774267594e-02
7.2650000000e+00 -6.8135583635e-05 -1.1169658949e-02
7.2660000000e+00 -5.9597165028e-05 -1.1564072177e-02
7.2670000000e+00 -5.2811643705e-05 -1.1957436140e-02
7.2680000000e+00 -4.7793872894e-05 -1.2349679510e-02
7.2690000000e+00 -4.4557614916e-05 -1.2740730789e-02
7.2700000000e+00 -4.3115516780e-05 -1.3130518338e-02
7.2710000000e+00 -4.3479087633e-05 -1.3518970395e-02
7.2720000000e+00 -4.5658690390e-05 -1.3906015105e-02
7.2730000000e+00 -4.9663534104e-05 -1.4291580542e-02
7.2740000000e+00 -5.5501656010e-05 -1.4675594734e-02
7.2750000000e+00 -6.3179904788e-05 -1.5057985690e-02
7.2760000000e+00 -7.2703926362e-05 -1.5438681427e-02
7.2770000000e+00 -8.4078153047e-05 -1.5817609993e-02
7.2780000000e+00 -9.7305794517e-05 -1.6194699499e-02
7.2790000000e+00 -1.1238882857e-04 -1.6569878146e-02
7.2800000000e+00 -1.2932799145e-04 -1.6943074254e-02
7.2810000000e+00 -1.4812276425e-04 -1.7314216286e-02
7.2820000000e+00 -1.6877136777e-04 -1.7683232889e-02
7.2830000000e+00 -1.9127076467e-04 -1.8050052913e-02
7.2840000000e+00 -2.1561665727e-04 -1.8414605448e-02
7.2850000000e+00 -2.4180348038e-04 -1.8776819851e-02
7.2860000000e+00 -2.6982439548e-04 -1.9136625780e-02
7.2870000000e+00 -2.9967129908e-04 -1.9493953219e-02
7.2880000000e+00 -3.3133482923e-04 -1.9848732516e-02
7.2890000000e+00 -3.6480436351e-04 -2.0200894402e-02
7.2900000000e+00 -4.0006802297e-04 -2.0550370032e-02
7.2910000000e+00 -4.3711267930e-04 -2.0897091007e-02
7.2920000000e+00 -4.7592396280e-04 -2.1240989405e-02
7.2930000000e+00 -5.1648626783e-04 -2.1581997810e-02
7.2940000000e+00 -5.5878276346e-04 -2.1920049339e-02
7.2950000000e+00 -6.0279540656e-04 -2.2255077674e-02
7.2960000000e+00 -6.4850494528e-04 -2.2587017086e-02
7.2970000000e+00 -6.9589092678e-04 -2.2915802466e-02
7.2980000000e+00 -7.4493171375e-04 -2.3241369356e-02
7.2990000000e+00 -7.9560450471e-04 -2.3563653968e-02
7.3000000000e+00 -8.4788534493e-04 -2.3882593222e-02
7.3010000000e+00 -9.0174913131e-04 -2.4198124767e-02
7.3020000000e+00 -9.5716963504e-04 -2.4510187014e-02
7.3030000000e+00 -1.0141195287e-03 -2.4818719159e-02
7.3040000000e+00 -1.0725704075e-03 -2.5123661210e-02
7.3050000000e+00 -1.1324928049e-03 -2.5424954013e-02
7.3060000000e+00 -1.1938562122e-03 -2.5722539278e-02
7.3070000000e+00 -1.2566291106e-03 -2.6016359604e-02
7.3080000000e+00 -1.3207790010e-03 -2.6306358499e-02
7.3090000000e+00 -1.3862724284e-03 -2.6592480406e-02
7.3100000000e+00 -1.4530750056e-03 -2.6874670721e-02
7.3110000000e+00 -1.5211514404e-03 -2.7152875819e-02
7.3120000000e+00 -1.5904655692e-03 -2.7427043067e-02
7.3130000000e+00 -1.6609803857e-03 -2.7697120845e-02
7.3140000000e+00 -1.7326580703e-03 -2.7963058567e-02
7.3150000000e+00 -1.8054600193e-03 -2.8224806689e-02
7.3160000000e+00 -1.8793468744e-03 -2.8482316736e-02
7.3170000000e+00 -1.9542785551e-03 -2.8735541308e-02
7.3180000000e+00 -2.0302142872e-03 -2.8984434098e-02
7.3190000000e+00 -2.1071126378e-03 -2.9228949907e-02
7.3200000000e+00 -2.1849315503e-03 -2.9469044652e-02
7.3210000000e+00 -2.2636283725e-03 -2.9704675384e-02
7.3220000000e+00 -2.3431598881e-03 -2.9935800293e-02
7.3230000000e+00 -2.4234823530e-03 -3.0162378724e-02
7.3240000000e+00 -2.5045515390e-03 -3.0384371180e-02
7.3250000000e+00 -2.5863227660e-03 -3.0601739333e-02
7.3260000000e+00 -2.6687509284e-03 -3.0814446030e-02
7.3270000000e+00 -2.7517905341e-03 -3.1022455300e-02
7.3280000000e+00 -2.8353957491e-03 -3.1225732356e-02
7.3290000000e+00 -2.9195204371e-03 -3.1424243595e-02
7.3300000000e+00 -3.0041181865e-03 -3.1617956602e-02
7.3310000000e+00 -3.0891423427e-03 -3.1806840153e-02
7.3320000000e+00 -3.1745460518e-03 -3.1990864209e-02
7.3330000000e+00 -3.2602822984e-03 -3.2169999916e-02
7.3340000000e+00 -3.3463039358e-03 -3.2344219599e-02
7.3350000000e+00 -3.4325637162e-03 -3.2513496761e-02
7.3360000000e+00 -3.5190143261e-03 -3.2677806076e-02
7.3370000000e+00 -3.6056084192e-03 -3.2837123382e-02
7.3380000000e+00 -3.6922986446e-03 -3.2991425675e-02
7.3390000000e+00 -3.7790376802e-03 -3.3140691103e-02
7.3400000000e+00 -3.8657782648e-03 -3.3284898952e-02
7.3410000000e+00 -3.9524732240e-03 -3.3424029641e-02
7.3420000000e+00 -4.0390754967e-03 -3.3558064711e-02
7.3430000000e+00 -4.1255381685e-03 -3.3686986816e-02
7.3440000000e+00 -4.2118145064e-03 -3.3810779705e-02
7.3450000000e+00 -4.2978579823e-03 -3.3929428214e-02
7.3460000000e+00 -4.3836222961e-03 -3.4042918254e-02
7.3470000000e+00 -4.4690614075e-03 -3.4151236792e-02
7.3480000000e+00 -4.5541295681e-03 -3.4254371841e-02
7.3490000000e+00 -4.6387813461e-03 -3.4352312438e-02
7.3500000000e+00 -4.7229716480e-03 -3.4445048629e-02
7.3510000000e+00 -4.8066557445e-03 -3.4532571454e-02
7.3520000000e+00 -4.8897892932e-03 -3.4614872930e-02
7.3530000000e+00 -4.9723283595e-03 -3.4691946024e-02
7.3540000000e+00 -5.0542294411e-03 -3.4763784643e-02
7.3550000000e+00 -5.1354494891e-03 -3.4830383607e-02
7.3560000000e+00 -5.2159459216e-03 -3.4891738634e-02
7.3570000000e+00 -5.2956766360e-03 -3.4947846316e-02
7.3580000000e+00 -5.3746000320e-03 -3.4998704105e-02
7.3590000000e+00 -5.4526750343e-03 -3.5044310283e-02
7.3600000000e+00 -5.5298610981e-03 -3.5084663946e-02
7.3610000000e+00 -5.6061182162e-03 -3.5119764989e-02
7.3620000000e+00 -5.6814069374e-03 -3.5149614077e-02
7.3630000000e+00 -5.7556883886e-03 -3.5174212630e-02
7.3640000000e+00 -5.8289242815e-03 -3.5193562796e-02
7.3650000000e+00 -5.9010769172e-03 -3.5207667436e-02
7.3660000000e+00 -5.9721092035e-03 -3.5216530103e-02
7.3670000000e+00 -6.0419846714e-03 -3.5220155016e-02
7.3680000000e+00 -6.1106674831e-03 -3.5218547041e-02
7.3690000000e+00 -6.1781224398e-03 -3.5211711673e-02
7.3700000000e+00 -6.2443149963e-03 -3.5199655008e-02
7.3710000000e+00 -6.3092112735e-03 -3.5182383727e-02
7.3720000000e+00 -6.3727780596e-03 -3.5159905075e-02
7.3730000000e+00 -6.4349828176e-03 -3.5132226839e-02
7.3740000000e+00 -6.4957937008e-03 -3.5099357328e-02
7.3750000000e+00 -6.5551795603e-03 -3.5061305350e-02
7.3760000000e+00 -6.6131099407e-03 -3.5018080197e-02
7.3770000000e+00 -6.6695550817e-03 -3.4969691627e-02
7.3780000000e+00 -6.7244859340e-03 -3.4916149840e-02
7.3790000000e+00 -6.7778741658e-03 -3.4857465461e-02
7.3800000000e+00 -6.8296921589e-03 -3.4793649526e-02
7.3810000000e+00 -6.8799130084e-03 -3.4724713461e-02
7.3820000000e+00 -6.9285105326e-03 -3.4650669071e-02
7.3830000000e+00 -6.9754592824e-03 -3.4571528514e-02
7.3840000000e+00 -7.0207345415e-03 -3.4487304295e-02
7.3850000000e+00 -7.0643123290e-03 -3.4398009245e-02
7.3860000000e+00 -7.1061694072e-03 -3.4303656510e-02
7.3870000000e+00 -7.1462832878e-03 -3.4204259533e-02
7.3880000000e+00 -7.1846322384e-03 -3.4099832045e-02
7.3890000000e+00 -7.2211952898e-03 -3.3990388048e-02
7.3900000000e+00 -7.2559522445e-03 -3.3875941802e-02
7.3910000000e+00 -7.2888836787e-03 -3.3756507815e-02
7.3920000000e+00 -7.3199709480e-03 -3.3632100835e-02
7.3930000000e+00 -7.3491961987e-03 -3.3502735831e-02
7.3940000000e+00 -7.3765423763e-03 -3.3368427988e-02
7.3950000000e+00 -7.4019932283e-03 -3.3229192699e-02
7.3960000000e+00 -7.4255333074e-03 -3.3085045552e-02
7.3970000000e+00 -7.4471479806e-03 -3.2936002328e-02
7.3980000000e+00 -7.4668234382e-03 -3.2782078986e-02
7.3990000000e+00 -7.4845466972e-03 -3.2623291665e-02
7.4000000000e+00 -7.5003056078e-03 -3.2459656671e-02
7.4010000000e+00 -7.5140888603e-03 -3.2291190477e-02
7.4020000000e+00 -7.5258859916e-03 -3.2117909716e-02
7.4030000000e+00 -7.5356873923e-03 -3.1939831181e-02
7.4040000000e+00 -7.5434843180e-03 -3.1756971815e-02
7.4050000000e+00 -7.5492689003e-03 -3.1569348713e-02
7.4060000000e+00 -7.5530341514e-03 -3.1376979121e-02
7.4070000000e+00 -7.5547739719e-03 -3.1179880433e-02
7.4080000000e+00 -7.5544831671e-03 -3.0978070192e-02
7.4090000000e+00 -7.5521574624e-03 -3.0771566086e-02
7.4100000000e+00 -7.5477935109e-03 -3.0560385949e-02
7.4110000000e+00 -7.5413888992e-03 -3.0344547771e-02
7.4120000000e+00 -7.5329421621e-03 -3.0124069691e-02
7.4130000000e+00 -7.5224527995e-03 -2.9898970003e-02
7.4140000000e+00 -7.5099212866e-03 -2.9669267158e-02
7.4150000000e+00 -7.4953490801e-03 -2.9434979771e-02
7.4160000000e+00 -7.4787386279e-03 -2.9196126624e-02
7.4170000000e+00 -7.4600933824e-03 -2.8952726674e-02
7.4180000000e+00 -7.4394178115e-03 -2.8704799054e-02
7.4190000000e+00 -7.4167174070e-03 -2.8452363088e-02
7.4200000000e+00 -7.3919986933e-03 -2.8195438291e-02
7.4210000000e+00 -7.3652692370e-03 -2.7934044380e-02
7.4220000000e+00 -7.3365376565e-03 -2.7668201283e-02
7.4230000000e+00 -7.3058136316e-03 -2.7397929148e-02
7.4240000000e+00 -7.2731079127e-03 -2.7123248354e-02
7.4250000000e+00 -7.2384323310e-03 -2.6844179516e-02
7.4260000000e+00 -7.2017998061e-03 -2.6560743500e-02
7.4270000000e+00 -7.1632243531e-03 -2.6272961436e-02
7.4280000000e+00 -7.1227210934e-03 -2.5980854726e-02
7.4290000000e+00 -7.0803062660e-03 -2.5684445055e-02
7.4300000000e+00 -7.0359972372e-03 -2.5383754408e-02
7.4310000000e+00 -6.9898125036e-03 -2.5078805080e-02
7.4320000000e+00 -6.9417716980e-03 -2.4769619693e-02
7.4330000000e+00 -6.8918955996e-03 -2.4456221209e-02
7.4340000000e+00 -6.8402061442e-03 -2.4138632943e-02
7.4350000000e+00 -6.7867264251e-03 -2.3816878580e-02
7.4360000000e+00 -6.7314806906e-03 -2.3490982192e-02
7.4370000000e+00 -6.6744943483e-03 -2.3160968253e-02
7.4380000000e+00 -6.6157939720e-03 -2.2826861658e-02
7.4390000000e+00 -6.5554073002e-03 -2.2488687733e-02
7.4400000000e+00 -6.4933632302e-03 -2.2146472260e-02
7.4410000000e+00 -6.4296918157e-03 -2.1800241492e-02
7.4420000000e+00 -6.3644242669e-03 -2.1450022169e-02
7.4430000000e+00 -6.2975929483e-03 -2.1095841533e-02
7.4440000000e+00 -6.2292313714e-03 -2.0737727352e-02
7.4450000000e+00 -6.1593741904e-03 -2.0375707929e-02
7.4460000000e+00 -6.0880571967e-03 -2.0009812128e-02
7.4470000000e+00 -6.0153173112e-03 -1.9640069385e-02
7.4480000000e+00 -5.9411925766e-03 -1.9266509731e-02
7.4490000000e+00 -5.8657221521e-03 -1.8889163803e-02
7.4500000000e+00 -5.7889463047e-03 -1.8508062868e-02
7.4510000000e+00 -5.7109063950e-03 -1.8123238837e-02
7.4520000000e+00 -5.6316448645e-03 -1.7734724287e-02
7.4530000000e+00 -5.5512052261e-03 -1.7342552475e-02
7.4540000000e+00 -5.4696320523e-03 -1.6946757356e-02
7.4550000000e+00 -5.3869709567e-03 -1.6547373603e-02
7.4560000000e+00 -5.3032685739e-03 -1.6144436624e-02
7.4570000000e+00 -5.2185725415e-03 -1.5737982579e-02
7.4580000000e+00 -5.1329314825e-03 -1.5328048398e-02
7.4590000000e+00 -5.0463949849e-03 -1.4914671795e-02
7.4600000000e+00 -4.9590135766e-03 -1.4497891287e-02
7.4610000000e+00 -4.8708387020e-03 -1.4077746208e-02
7.4620000000e+00 -4.7819226950e-03 -1.3654276726e-02
7.4630000000e+00 -4.6923187552e-03 -1.3227523853e-02
7.4640000000e+00 -4.6020809238e-03 -1.2797529465e-02
7.4650000000e+00 -4.5112640561e-03 -1.2364336309e-02
7.4660000000e+00 -4.4199237886e-03 -1.1927988021e-02
7.4670000000e+00 -4.3281165095e-03 -1.1488529136e-02
7.4680000000e+00 -4.2358993355e-03 -1.1046005098e-02
7.4690000000e+00 -4.1433300830e-03 -1.0600462275e-02
7.4700000000e+00 -4.0504672328e-03 -1.0151947967e-02
7.4710000000e+00 -3.9573698959e-03 -9.7005104167e-03
7.4720000000e+00 -3.8640977844e-03 -9.2461988236e-03
7.4730000000e+00 -3.7707111816e-03 -8.7890633487e-03
7.4740000000e+00 -3.6772709044e-03 -8.3291551276e-03
7.4750000000e+00 -3.5838382650e-03 -7.8665262780e-03
7.4760000000e+00 -3.4904750375e-03 -7.4012299087e-03
7.4770000000e+00 -3.3972434202e-03 -6.9333201278e-03
7.4780000000e+00 -3.3042059951e-03 -6.4628520507e-03
7.4790000000e+00 -3.2114256880e-03 -5.9898818055e-03
7.4800000000e+00 -3.1189657319e-03 -5.5144665392e-03
7.4810000000e+00 -3.0268896252e-03 -5.0366644237e-03
7.4820000000e+00 -2.9352610855e-03 -4.5565346607e-03
7.4830000000e+00 -2.8441440100e-03 -4.0741374848e-03
7.4840000000e+00 -2.7536024393e-03 -3.5895341658e-03
7.4850000000e+00 -2.6637005151e-03 -3.1027870118e-03
7.4860000000e+00 -2.5745024322e-03 -2.6139593719e-03
7.4870000000e+00 -2.4860723947e-03 -2.1231156373e-03
7.4880000000e+00 -2.3984745808e-03 -1.6303212414e-03
7.4890000000e+00 -2.3117731021e-03 -1.1356426609e-03
7.4900000000e+00 -2.2260319556e-03 -6.3914741697e-04
7.4910000000e+00 -2.1413149773e-03 -1.4090407502e-04
7.4920000000e+00 -2.0576858021e-03 3.5901775503e-04
7.4930000000e+00 -1.9752078240e-03 8.6054741907e-04
7.4940000000e+00 -1.8939441492e-03 1.3636132195e-03
7.4950000000e+00 -1.8139575496e-03 1.8681424160e-03
7.4960000000e+00 -1.7353104172e-03 2.3740612268e-03
7.4970000000e+00 -1.6580647203e-03 2.8812948300e-03
7.4980000000e+00 -1.5822819563e-03 3.3897673662e-03
7.4990000000e+00 -1.5080231043e-03 3.8994019427e-03
7.5000000000e+00 -1.4353485785e-03 4.4101206362e-03
7.5010000000e+00 -1.3643181806e-03 4.9218444982e-03
7.5020000000e+00 -1.2949910495e-03 5.4344935601e-03
7.5030000000e+00 -1.2274256155e-03 5.9479868414e-03
7.5040000000e+00 -1.1616795539e-03 6.4622423565e-03
7.5050000000e+00 -1.0978097383e-03 6.9771771229e-03
7.5060000000e+00 -1.0358721904e-03 7.4927071718e-03
7.5070000000e+00 -9.7592203207e-04 8.0087475583e-03
7.5080000000e+00 -9.1801344188e-04 8.5252123721e-03
7.5090000000e+00 -8.6219961012e-04 9.0420147503e-03
7.5100000000e+00 -8.0853269189e-04 9.5590668908e-03
7.5110000000e+00 -7.5706375795e-04 1.0076280066e-02
7.5120000000e+00 -7.0784274830e-04 1.0593564636e-02
7.5130000000e+00 -6.6091842865e-04 1.1110830068e-02
7.5140000000e+00 -6.1633834479e-04 1.1627984950e-02
7.5150000000e+00 -5.7414877556e-04 1.2144937011e-02
7.5160000000e+00 -5.3439468362e-04 1.2661593138e-02
7.5170000000e+00 -4.9711966796e-04 1.3177859401e-02
7.5180000000e+00 -4.6236592029e-04 1.3693641069e-02
7.5190000000e+00 -4.3017417992e-04 1.4208842641e-02
7.5200000000e+00 -4.0058368579e-04 1.4723367865e-02
7.5210000000e+00 -3.7363212787e-04 1.5237119773e-02
7.5220000000e+00 -3.4935560303e-04 1.5750000700e-02
7.5230000000e+00 -3.2778857428e-04 1.6261912328e-02
7.5240000000e+00 -3.0896382760e-04 1.6772755706e-02
7.5250000000e+00 -2.9291242766e-04 1.7282431294e-02
7.5260000000e+00 -2.7966367609e-04 1.7790838994e-02
7.5270000000e+00 -2.6924507405e-04 1.8297878192e-02
7.5280000000e+00 -2.6168228484e-04 1.8803447791e-02
7.5290000000e+00 -2.5699909599e-04 1.9307446257e-02
7.5300000000e+00 -2.5521738432e-04 1.9809771659e-02
7.5310000000e+00 -2.5635708182e-04 2.0310321712e-02
7.5320000000e+00 -2.6043614199e-04 2.0808993818e-02
7.5330000000e+00 -2.6747050779e-04 2.1305685115e-02
7.5340000000e+00 -2.7747408325e-04 2.1800292522e-02
7.5350000000e+00 -2.9045870650e-04 2.2292712786e-02
7.5360000000e+00 -3.0643411933e-04 2.2782842526e-02
7.5370000000e+00 -3.2540793826e-04 2.3270578292e-02
7.5380000000e+00 -3.4738563180e-04 2.3755816605e-02
7.5390000000e+00 -3.7237050113e-04 2.4238454016e-02
7.5400000000e+00 -4.0036365815e-04 2.4718387158e-02
7.5410000000e+00 -4.3136400163e-04 2.5195512796e-02
7.5420000000e+00 -4.6536820029e-04 2.5669727886e-02
7.5430000000e+00 -5.0237068241e-04 2.6140929632e-02
7.5440000000e+00 -5.4236362571e-04 2.6609015541e-02
7.5450000000e+00 -5.8533694526e-04 2.7073883479e-02
7.5460000000e+00 -6.3127828484e-04 2.7535431735e-02
7.5470000000e+00 -6.8017301614e-04 2.7993559076e-02
7.5480000000e+00 -7.3200424144e-04 2.8448164809e-02
7.5490000000e+00 -7.8675279556e-04 2.8899148835e-02
7.5500000000e+00 -8.4439724938e-04 2.9346411716e-02
7.5510000000e+00 -9.0491391822e-04 2.9789854729e-02
7.5520000000e+00 -9.6827687431e-04 3.0229379926e-02
7.5530000000e+00 -1.0344579596e-03 3.0664890197e-02
7.5540000000e+00 -1.1034268020e-03 3.1096289323e-02
7.5550000000e+00 -1.1751508347e-03 3.1523482038e-02
7.5560000000e+00 -1.2495953168e-03 3.1946374086e-02
7.5570000000e+00 -1.3267233559e-03 3.2364872279e-02
7.5580000000e+00 -1.4064959345e-03 3.2778884553e-02
7.5590000000e+00 -1.4888719412e-03 3.3188320029e-02
7.5600000000e+00 -1.5738082036e-03 3.3593089065e-02
7.5610000000e+00 -1.6612595200e-03 3.3993103311e-02
7.5620000000e+00 -1.7511786951e-03 3.4388275772e-02
7.5630000000e+00 -1.8435165829e-03 3.4778520853e-02
7.5640000000e+00 -1.9382221325e-03 3.5163754419e-02
7.5650000000e+00 -2.0352424336e-03 3.5543893846e-02
7.5660000000e+00 -2.1345227621e-03 3.5918858071e-02
7.5670000000e+00 -2.2360066334e-03 3.6288567644e-02
7.5680000000e+00 -2.3396358594e-03 3.6652944773e-02
7.5690000000e+00 -2.4453506082e-03 3.7011913374e-02
7.5700000000e+00 -2.5530894623e-03 3.7365399113e-02
7.5710000000e+00 -2.6627894784e-03 3.7713329446e-02
7.5720000000e+00 -2.7743862537e-03 3.8055633665e-02
7.5730000000e+00 -2.8878139929e-03 3.8392242929e-02
7.5740000000e+00 -3.0030055767e-03 3.8723090305e-02
7.5750000000e+00 -3.1198926298e-03 3.9048110793e-02
7.5760000000e+00 -3.2384055901e-03 3.9367241366e-02
7.5770000000e+00 -3.3584737794e-03 3.9680420993e-02
7.5780000000e+00 -3.4800254770e-03 3.9987590661e-02
7.5790000000e+00 -3.6029879928e-03 4.0288693408e-02
7.5800000000e+00 -3.7272877403e-03 4.0583674333e-02
7.5810000000e+00 -3.8528503099e-03 4.0872480622e-02
7.5820000000e+00 -3.9796005432e-03 4.1155061563e-02
7.5830000000e+00 -4.1074626100e-03 4.1431368555e-02
7.5840000000e+00 -4.2363600849e-03 4.1701355122e-02
7.5850000000e+00 -4.3662160228e-03 4.1964976924e-02
7.5860000000e+00 -4.4969530350e-03 4.2222191757e-02
7.5870000000e+00 -4.6284933658e-03 4.2472959558e-02
7.5880000000e+00 -4.7607589698e-03 4.2717242406e-02
7.5890000000e+00 -4.8936715898e-03 4.2955004519e-02
7.5900000000e+00 -5.0271528322e-03 4.3186212245e-02
7.5910000000e+00 -5.1611242424e-03 4.3410834056e-02
7.5920000000e+00 -5.2955073759e-03 4.3628840534e-02
7.5930000000e+00 -5.4302238721e-03 4.3840204362e-02
7.5940000000e+00 -5.5651955283e-03 4.4044900297e-02
7.5950000000e+00 -5.7003443681e-03 4.4242905160e-02
7.5960000000e+00 -5.8355927066e-03 4.4434197806e-02
7.5970000000e+00 -5.9708632133e-03 4.4618759105e-02
7.5980000000e+00 -6.1060789784e-03 4.4796571913e-02
7.5990000000e+00 -6.2411635759e-03 4.4967621042e-02
7.6000000000e+00 -6.3760411188e-03 4.5131893231e-02
7.6010000000e+00 -6.5106363127e-03 4.5289377111e-02
7.6020000000e+00 -6.6448745099e-03 4.5440063179e-02
7.6030000000e+00 -6.7786817648e-03 4.5583943751e-02
7.6040000000e+00 -6.9119848811e-03 4.5721012933e-02
7.6050000000e+00 -7.0447114555e-03 4.5851266579e-02
7.6060000000e+00 -7.1767899239e-03 4.5974702253e-02
7.6070000000e+00 -7.3081496047e-03 4.6091319186e-02
7.6080000000e+00 -7.4387207374e-03 4.6201118233e-02
7.6090000000e+00 -7.5684345198e-03 4.6304101831e-02
7.6100000000e+00 -7.6972231442e-03 4.6400273953e-02
7.6110000000e+00 -7.8250198304e-03 4.6489640061e-02
7.6120000000e+00 -7.9517588533e-03 4.6572207059e-02
7.6130000000e+00 -8.0773755686e-03 4.6647983244e-02
7.6140000000e+00 -8.2018064404e-03 4.6716978262e-02
7.6150000000e+00 -8.3249890631e-03 4.6779203050e-02
7.6160000000e+00 -8.4468621765e-03 4.6834669793e-02
7.6170000000e+00 -8.5673656784e-03 4.6883391873e-02
7.6180000000e+00 -8.6864406394e-03 4.6925383818e-02
7.6190000000e+00 -8.8040293161e-03 4.6960661252e-02
7.6200000000e+00 -8.9200751548e-03 4.6989240841e-02
7.6210000000e+00 -9.0345227941e-03 4.7011140252e-02
7.6220000000e+00 -9.1473180685e-03 4.7026378096e-02
7.6230000000e+00 -9.2584080118e-03 4.7034973881e-02
7.6240000000e+00 -9.3677408549e-03 4.7036947964e-02
7.6250000000e+00 -9.4752660218e-03 4.7032321502e-02
7.6260000000e+00 -9.5809341250e-03 4.7021116405e-02
7.6270000000e+00 -9.6846969608e-03 4.7003355287e-02
7.6280000000e+00 -9.7865075021e-03 4.6979061424e-02
7.6290000000e+00 -9.8863198909e-03 4.6948258700e-02
7.6300000000e+00 -9.9840894301e-03 4.6910971571e-02
7.6310000000e+00 -1.0079772572e-02 4.6867225012e-02
7.6320000000e+00 -1.0173326908e-02 4.6817044479e-02
7.6330000000e+00 -1.0264711153e-02 4.6760455864e-02
7.6340000000e+00 -1.0353885140e-02 4.6697485451e-02
7.6350000000e+00 -1.0440809805e-02 4.6628159877e-02
7.6360000000e+00 -1.0525447165e-02 4.6552506091e-02
7.6370000000e+00 -1.0607760310e-02 4.6470551318e-02
7.6380000000e+00 -1.0687713385e-02 4.6382323018e-02
7.6390000000e+00 -1.0765271578e-02 4.6287848849e-02
7.6400000000e+00 -1.0840401097e-02 4.6187156639e-02
7.6410000000e+00 -1.0913069161e-02 4.6080274344e-02
7.6420000000e+00 -1.0983243978e-02 4.5967230023e-02
7.6430000000e+00 -1.1050894735e-02 4.5848051805e-02
7.6440000000e+00 -1.1115991580e-02 4.5722767861e-02
7.6450000000e+00 -1.1178505610e-02 4.5591406376e-02
7.6460000000e+00 -1.1238408861e-02 4.5453995522e-02
7.6470000000e+00 -1.1295674291e-02 4.5310563436e-02
7.6480000000e+00 -1.1350275773e-02 4.5161138199e-02
7.6490000000e+00 -1.1402188086e-02 4.5005747806e-02
7.6500000000e+00 -1.1451386912e-02 4.4844420152e-02
7.6510000000e+00 -1.1497848827e-02 4.4677183013e-02
7.6520000000e+00 -1.1541551291e-02 4.4504064025e-02
7.6530000000e+00 -1.1582472652e-02 4.4325090671e-02
7.6540000000e+00 -1.1620592148e-02 4.4140290261e-02
7.6550000000e+00 -1.1655889897e-02 4.3949689924e-02
7.6560000000e+00 -1.1688346905e-02 4.3753316591e-02
7.6570000000e+00 -1.1717945064e-02 4.3551196986e-02
7.6580000000e+00 -1.1744667158e-02 4.3343357613e-02
7.6590000000e+00 -1.1768496870e-02 4.3129824752e-02
7.6600000000e+00 -1.1789418784e-02 4.2910624448e-02
7.6610000000e+00 -1.1807418394e-02 4.2685782507e-02
7.6620000000e+00 -1.1822482117e-02 4.2455324488e-02
7.6630000000e+00 -1.1834597301e-02 4.2219275704e-02
7.6640000000e+00 -1.1843752235e-02 4.1977661214e-02
7.6650000000e+00 -1.1849936173e-02 4.1730505825e-02
7.6660000000e+00 -1.1853139340e-02 4.1477834092e-02
7.6670000000e+00 -1.1853352958e-02 4.1219670315e-02
7.6680000000e+00 -1.1850569255e-02 4.0956038546e-02
7.6690000000e+00 -1.1844781500e-02 4.0686962589e-02
7.6700000000e+00 -1.1835984018e-02 4.0412466000e-02
7.6710000000e+00 -1.1824172214e-02 4.0132572102e-02
7.6720000000e+00 -1.1809342602e-02 3.9847303980e-02
7.6730000000e+00 -1.1791492825e-02 3.9556684498e-02
7.6740000000e+00 -1.1770621695e-02 3.9260736299e-02
7.6750000000e+00 -1.1746729212e-02 3.8959481822e-02
7.6760000000e+00 -1.1719816596e-02 3.8652943305e-02
7.6770000000e+00 -1.1689886313e-02 3.8341142807e-02
7.6780000000e+00 -1.1656942111e-02 3.8024102212e-02
7.6790000000e+00 -1.1620989047e-02 3.7701843250e-02
7.6800000000e+00 -1.1582033518e-02 3.7374387510e-02
7.6810000000e+00 -1.1540083290e-02 3.7041756456e-02
7.6820000000e+00 -1.1495147526e-02 3.6703971451e-02
7.6830000000e+00 -1.1447236823e-02 3.6361053771e-02
7.6840000000e+00 -1.1396363236e-02 3.6013024629e-02
7.6850000000e+00 -1.1342540311e-02 3.5659905193e-02
7.6860000000e+00 -1.1285783116e-02 3.5301716616e-02
7.6870000000e+00 -1.1226108268e-02 3.4938480053e-02
7.6880000000e+00 -1.1163533965e-02 3.4570216690e-02
7.6890000000e+00 -1.1098080018e-02 3.4196947769e-02
7.6900000000e+00 -1.1029767873e-02 3.3818694617e-02
7.6910000000e+00 -1.0958620644e-02 3.3435478673e-02
7.6920000000e+00 -1.0884663140e-02 3.3047321516e-02
7.6930000000e+00 -1.0807921885e-02 3.2654244899e-02
7.6940000000e+00 -1.0728425149e-02 3.2256270778e-02
7.6950000000e+00 -1.0646202968e-02 3.1853421344e-02
7.6960000000e+00 -1.0561287164e-02 3.1445719058e-02
7.6970000000e+00 -1.0473711366e-02 3.1033186682e-02
7.6980000000e+00 -1.0383511022e-02 3.0615847316e-02
7.6990000000e+00 -1.0290723421e-02 3.0193724434e-02
7.7000000000e+00 -1.0195387700e-02 2.9766841913e-02
7.7010000000e+00 -1.0097544856e-02 2.9335224077e-02
7.7020000000e+00 -9.9972377524e-03 2.8898895731e-02
7.7030000000e+00 -9.8945111230e-03 2.8457882192e-02
7.7040000000e+00 -9.7894115796e-03 2.8012209332e-02
7.7050000000e+00 -9.6819876103e-03 2.7561903610e-02
7.7060000000e+00 -9.5722895765e-03 2.7106992112e-02
7.7070000000e+00 -9.4603697086e-03 2.6647502583e-02
7.7080000000e+00 -9.3462821014e-03 2.6183463466e-02
7.7090000000e+00 -9.2300827063e-03 2.5714903935e-02
7.7100000000e+00 -9.1118293193e-03 2.5241853931e-02
7.7110000000e+00 -8.9915815657e-03 2.4764344199e-02
7.7120000000e+00 -8.8694008852e-03 2.4282406320e-02
7.7130000000e+00 -8.7453505142e-03 2.3796072746e-02
7.7140000000e+00 -8.6194954648e-03 2.3305376832e-02
7.7150000000e+00 -8.4919024991e-03 2.2810352870e-02
7.7160000000e+00 -8.3626401027e-03 2.2311036122e-02
7.7170000000e+00 -8.2317784559e-03 2.1807462850e-02
7.7180000000e+00 -8.0993894003e-03 2.1299670347e-02
7.7190000000e+00 -7.9655464035e-03 2.0787696966e-02
7.7200000000e+00 -7.8303245222e-03 2.0271582148e-02
7.7210000000e+00 -7.6938003623e-03 1.9751366451e-02
7.7220000000e+00 -7.5560520341e-03 1.9227091572e-02
7.7230000000e+00 -7.4171591071e-03 1.8698800377e-02
7.7240000000e+00 -7.2772025656e-03 1.8166536918e-02
7.7250000000e+00 -7.1362647608e-03 1.7630346458e-02
7.7260000000e+00 -6.9944293584e-03 1.7090275489e-02
7.7270000000e+00 -6.8517812853e-03 1.6546371751e-02
7.7280000000e+00 -6.7084066787e-03 1.5998684249e-02
7.7290000000e+00 -6.5643928345e-03 1.5447263268e-02
7.7300000000e+00 -6.4198281506e-03 1.4892160387e-02
7.7310000000e+00 -6.2748020679e-03 1.4333428491e-02
7.7320000000e+00 -6.1294050145e-03 1.3771121784e-02
7.7330000000e+00 -5.9837283499e-03 1.3205295800e-02
7.7340000000e+00 -5.8378643062e-03 1.2636007406e-02
7.7350000000e+00 -5.6919059265e-03 1.2063314819e-02
7.7360000000e+00 -5.5459470056e-03 1.1487277604e-02
7.7370000000e+00 -5.4000820304e-03 1.0907956689e-02
7.7380000000e+00 -5.2544061176e-03 1.0325414363e-02
7.7390000000e+00 -5.1090149518e-03 9.7397142817e-03
7.7400000000e+00 -4.9640047242e-03 9.1509214744e-03
7.7410000000e+00 -4.8194720699e-03 8.5591023429e-03
7.7420000000e+00 -4.6755140033e-03 7.9643246656e-03
7.7430000000e+00 -4.5322278562e-03 7.3666575981e-03
7.7440000000e+00 -4.3897112163e-03 6.7661716748e-03
7.7450000000e+00 -4.2480618650e-03 6.1629388094e-03
7.7460000000e+00 -4.1073777132e-03 5.5570322960e-03
7.7470000000e+00 -3.9677567399e-03 4.9485268102e-03
7.7480000000e+00 -3.8292969321e-03 4.3374984096e-03
7.7490000000e+00 -3.6920962253e-03 3.7240245361e-03
7.7500000000e+00 -3.5562524429e-03 3.1081840177e-03
7.7510000000e+00 -3.4218632365e-03 2.4900570721e-03
7.7520000000e+00 -3.2890260266e-03 1.8697253106e-03
7.7530000000e+00 -3.1578379442e-03 1.2472717446e-03
7.7540000000e+00 -3.0283957726e-03 6.2278079102e-04
7.7550000000e+00 -2.9007958894e-03 -3.6617194015e-06
7.7560000000e+00 -2.7751342071e-03 -6.3196853215e-04
7.7570000000e+00 -2.6515061117e-03 -1.2620509579e-03
7.7580000000e+00 -2.5300064042e-03 -1.8938188611e-03
7.7590000000e+00 -2.4107292428e-03 -2.5271806471e-03
7.7600000000e+00 -2.2937680814e-03 -3.1620432477e-03
7.7610000000e+00 -2.1792156057e-03 -3.7983121053e-03
7.7620000000e+00 -2.0671636709e-03 -4.4358911583e-03
7.7630000000e+00 -1.9577032416e-03 -5.0746828246e-03
7.7640000000e+00 -1.8509243282e-03 -5.7145879855e-03
7.7650000000e+00 -1.7469159204e-03 -6.3555059682e-03
7.7660000000e+00 -1.6457659215e-03 -6.9973345310e-03
7.7670000000e+00 -1.5475610845e-03 -7.6399698467e-03
7.7680000000e+00 -1.4523869458e-03 -8.2833064871e-03
7.7690000000e+00 -1.3603277556e-03 -8.9272374087e-03
7.7700000000e+00 -1.2714664112e-03 -9.5716539397e-03
7.7710000000e+00 -1.1858843877e-03 -1.0216445768e-02
7.7720000000e+00 -1.1036616676e-03 -1.0861500929e-02
7.7730000000e+00 -1.0248766670e-03 -1.1506705799e-02
7.7740000000e+00 -9.4960616516e-04 -1.2151945088e-02
7.7750000000e+00 -8.7792523153e-04 -1.2797101835e-02
7.7760000000e+00 -8.0990714894e-04 -1.3442057408e-02
7.7770000000e+00 -7.4562333467e-04 -1.4086691504e-02
7.7780000000e+00 -6.8514326335e-04 -1.4730882157e-02
7.7790000000e+00 -6.2853438965e-04 -1.5374505747e-02
7.7800000000e+00 -5.7586206670e-04 -1.6017437012e-02
7.7810000000e+00 -5.2718946173e-04 -1.6659549068e-02
7.7820000000e+00 -4.8257747348e-04 -1.7300713431e-02
7.7830000000e+00 -4.4208465040e-04 -1.7940800047e-02
7.7840000000e+00 -4.0576710716e-04 -1.8579677321e-02
7.7850000000e+00 -3.7367843958e-04 -1.9217212161e-02
7.7860000000e+00 -3.4586963985e-04 -1.9853270015e-02
7.7870000000e+00 -3.2238901381e-04 -2.0487714926e-02
7.7880000000e+00 -3.0328209865e-04 -2.1120409583e-02
7.7890000000e+00 -2.8859158145e-04 -2.1751215377e-02
7.7900000000e+00 -2.7835721837e-04 -2.2379992471e-02
7.7910000000e+00 -2.7261575474e-04 -2.3006599866e-02
7.7920000000e+00 -2.7140084721e-04 -2.3630895470e-02
7.7930000000e+00 -2.7474298800e-04 -2.4252736182e-02
7.7940000000e+00 -2.8266943122e-04 -2.4871977972e-02
7.7950000000e+00 -2.9520412036e-04 -2.5488475962e-02
7.7960000000e+00 -3.1236761758e-04 -2.6102084523e-02
7.7970000000e+00 -3.3417703623e-04 -2.6712657362e-02
7.7980000000e+00 -3.6064597585e-04 -2.7320047624e-02
7.7990000000e+00 -3.9178446070e-04 -2.7924107988e-02
7.8000000000e+00 -4.2759888149e-04 -2.8524690777e-02
7.8010000000e+00 -4.6809193987e-04 -2.9121648059e-02
7.8020000000e+00 -5.1326259657e-04 -2.9714831758e-02
7.8030000000e+00 -5.6310602431e-04 -3.0304093773e-02
7.8040000000e+00 -6.1761356686e-04 -3.0889286084e-02
7.8050000000e+00 -6.7677270199e-04 -3.1470260879e-02
7.8060000000e+00 -7.4056700787e-04 -3.2046870668e-02
7.8070000000e+00 -8.0897613574e-04 -3.2618968408e-02
7.8080000000e+00 -8.8197579012e-04 -3.3186407625e-02
7.8090000000e+00 -9.5953771550e-04 -3.3749042540e-02
7.8100000000e+00 -1.0416296875e-03 -3.4306728193e-02
7.8110000000e+00 -1.1282155092e-03 -3.4859320570e-02
7.8120000000e+00 -1.2192550165e-03 -3.5406676731e-02
7.8130000000e+00 -1.3147040894e-03 -3.5948654933e-02
7.8140000000e+00 -1.4145146708e-03 -3.6485114759e-02
7.8150000000e+00 -1.5186347902e-03 -3.7015917242e-02
7.8160000000e+00 -1.6270085940e-03 -3.7540924992e-02
7.8170000000e+00 -1.7395763832e-03 -3.8060002317e-02
7.8180000000e+00 -1.8562746575e-03 -3.8573015350e-02
7.8190000000e+00 -1.9770361666e-03 -3.9079832164e-02
7.8200000000e+00 -2.1017899669e-03 -3.9580322899e-02
7.8210000000e+00 -2.2304614845e-03 -4.0074359878e-02
7.8220000000e+00 -2.3629725848e-03 -4.0561817719e-02
7.8230000000e+00 -2.4992416505e-03 -4.1042573455e-02
7.8240000000e+00 -2.6391836645e-03 -4.1516506644e-02
7.8250000000e+00 -2.7827102995e-03 -4.1983499475e-02
7.8260000000e+00 -2.9297300132e-03 -4.2443436877e-02
7.8270000000e+00 -3.0801481514e-03 -4.2896206618e-02
7.8280000000e+00 -3.2338670557e-03 -4.3341699409e-02
7.8290000000e+00 -3.3907861778e-03 -4.3779808993e-02
7.8300000000e+00 -3.5508021999e-03 -4.4210432240e-02
7.8310000000e+00 -3.7138091609e-03 -4.4633469229e-02
7.8320000000e+00 -3.8796985845e-03 -4.5048823332e-02
7.8330000000e+00 -4.0483596139e-03 -4.5456401288e-02
7.8340000000e+00 -4.2196791529e-03 -4.5856113274e-02
7.8350000000e+00 -4.3935420105e-03 -4.6247872971e-02
7.8360000000e+00 -4.5698310450e-03 -4.6631597621e-02
7.8370000000e+00 -4.7484273126e-03 -4.7007208084e-02
7.8380000000e+00 -4.9292102214e-03 -4.7374628884e-02
7.8390000000e+00 -5.1120576886e-03 -4.7733788252e-02
7.8400000000e+00 -5.2968462955e-03 -4.8084618160e-02
7.8410000000e+00 -5.4834514442e-03 -4.8427054358e-02
7.8420000000e+00 -5.6717475188e-03 -4.8761036393e-02
7.8430000000e+00 -5.8616080479e-03 -4.9086507627e-02
7.8440000000e+00 -6.0529058653e-03 -4.9403415254e-02
7.8450000000e+00 -6.2455132707e-03 -4.9711710305e-02
7.8460000000e+00 -6.4393021921e-03 -5.0011347648e-02
7.8470000000e+00 -6.6341443488e-03 -5.0302285982e-02
7.8480000000e+00 -6.8299114107e-03 -5.0584487826e-02
7.8490000000e+00 -7.0264751578e-03 -5.0857919500e-02
7.8500000000e+00 -7.2237076393e-03 -5.1122551101e-02
7.8510000000e+00 -7.4214813299e-03 -5.1378356471e-02
7.8520000000e+00 -7.6196692813e-03 -5.1625313164e-02
7.8530000000e+00 -7.8181452716e-03 -5.1863402396e-02
7.8540000000e+00 -8.0167839536e-03 -5.2092609002e-02
7.8550000000e+00 -8.2154609975e-03 -5.2312921378e-02
7.8560000000e+00 -8.4140532259e-03 -5.2524331421e-02
7.8570000000e+00 -8.6124387454e-03 -5.2726834464e-02
7.8580000000e+00 -8.8104970742e-03 -5.2920429205e-02
7.8590000000e+00 -9.0081092628e-03 -5.3105117632e-02
7.8600000000e+00 -9.2051580078e-03 -5.3280904941e-02
7.8610000000e+00 -9.4015277581e-03 -5.3447799456e-02
7.8620000000e+00 -9.5971048157e-03 -5.3605812540e-02
7.8630000000e+00 -9.7917774305e-03 -5.3754958505e-02
7.8640000000e+00 -9.9854358863e-03 -5.3895254517e-02
7.8650000000e+00 -1.0177972581e-02 -5.4026720500e-02
7.8660000000e+00 -1.0369282099e-02 -5.4149379038e-02
7.8670000000e+00 -1.0559261275e-02 -5.4263255274e-02
7.8680000000e+00 -1.0747809252e-02 -5.4368376808e-02
7.8690000000e+00 -1.0934827536e-02 -5.4464773590e-02
7.8700000000e+00 -1.1120220032e-02 -5.4552477813e-02
7.8710000000e+00 -1.1303893090e-02 -5.4631523810e-02
7.8720000000e+00 -1.1485755523e-02 -5.4701947943e-02
7.8730000000e+00 -1.1665718635e-02 -5.4763788494e-02
7.8740000000e+00 -1.1843696238e-02 -5.4817085554e-02
7.8750000000e+00 -1.2019604653e-02 -5.4861880914e-02
7.8760000000e+00 -1.2193362716e-02 -5.4898217957e-02
7.8770000000e+00 -1.2364891769e-02 -5.4926141542e-02
7.8780000000e+00 -1.2534115649e-02 -5.4945697903e-02
7.8790000000e+00 -1.2700960670e-02 -5.4956934532e-02
7.8800000000e+00 -1.2865355595e-02 -5.4959900075e-02
7.8810000000e+00 -1.3027231608e-02 -5.4954644225e-02
7.8820000000e+00 -1.3186522278e-02 -5.4941217618e-02
7.8830000000e+00 -1.3343163517e-02 -5.4919671724e-02
7.8840000000e+00 -1.3497093532e-02 -5.4890058752e-02
7.8850000000e+00 -1.3648252782e-02 -5.4852431542e-02
7.8860000000e+00 -1.3796583917e-02 -5.4806843472e-02
7.8870000000e+00 -1.3942031728e-02 -5.4753348360e-02
7.8880000000e+00 -1.4084543078e-02 -5.4692000367e-02
7.8890000000e+00 -1.4224066851e-02 -5.4622853911e-02
7.8900000000e+00 -1.4360553879e-02 -5.4545963569e-02
7.8910000000e+00 -1.4493956880e-02 -5.4461383997e-02
7.8920000000e+00 -1.4624230388e-02 -5.4369169841e-02
7.8930000000e+00 -1.4751330683e-02 -5.4269375659e-02
7.8940000000e+00 -1.4875215724e-02 -5.4162055839e-02
7.8950000000e+00 -1.4995845078e-02 -5.4047264523e-02
7.8960000000e+00 -1.5113179845e-02 -5.3925055537e-02
7.8970000000e+00 -1.5227182590e-02 -5.3795482322e-02
7.8980000000e+00 -1.5337817274e-02 -5.3658597868e-02
7.8990000000e+00 -1.5445049181e-02 -5.3514454653e-02
7.9000000000e+00 -1.5548844850e-02 -5.3363104583e-02
7.9010000000e+00 -1.5649172007e-02 -5.3204598946e-02
7.9020000000e+00 -1.5745999500e-02 -5.3038988355e-02
7.9030000000e+00 -1.5839297234e-02 -5.2866322709e-02
7.9040000000e+00 -1.5929036110e-02 -5.2686651150e-02
7.9050000000e+00 -1.6015187968e-02 -5.2500022027e-02
7.9060000000e+00 -1.6097725530e-02 -5.2306482865e-02
7.9070000000e+00 -1.6176622351e-02 -5.2106080336e-02
7.9080000000e+00 -1.6251852767e-02 -5.1898860235e-02
7.9090000000e+00 -1.6323391856e-02 -5.1684867462e-02
7.9100000000e+00 -1.6391215399e-02 -5.1464146002e-02
7.9110000000e+00 -1.6455299841e-02 -5.1236738912e-02
7.9120000000e+00 -1.6515622267e-02 -5.1002688316e-02
7.9130000000e+00 -1.6572160373e-02 -5.0762035388e-02
7.9140000000e+00 -1.6624892446e-02 -5.0514820359e-02
7.9150000000e+00 -1.6673797355e-02 -5.0261082506e-02
7.9160000000e+00 -1.6718854532e-02 -5.0000860155e-02
7.9170000000e+00 -1.6760043975e-02 -4.9734190686e-02
7.9180000000e+00 -1.6797346241e-02 -4.9461110536e-02
7.9190000000e+00 -1.6830742453e-02 -4.9181655203e-02
7.9200000000e+00 -1.6860214311e-02 -4.8895859257e-02
7.9210000000e+00 -1.6885744101e-02 -4.8603756347e-02
7.9220000000e+00 -1.6907314718e-02 -4.8305379212e-02
7.9230000000e+00 -1.6924909682e-02 -4.8000759693e-02
7.9240000000e+00 -1.6938513175e-02 -4.7689928744e-02
7.9250000000e+00 -1.6948110061e-02 -4.7372916448e-02
7.9260000000e+00 -1.6953685930e-02 -4.7049752025e-02
7.9270000000e+00 -1.6955227137e-02 -4.6720463852e-02
7.9280000000e+00 -1.6952720840e-02 -4.6385079475e-02
7.9290000000e+00 -1.6946155057e-02 -4.6043625624e-02
7.9300000000e+00 -1.6935518714e-02 -4.5696128231e-02
7.9310000000e+00 -1.6920801698e-02 -4.5342612443e-02
7.9320000000e+00 -1.6901994921e-02 -4.4983102640e-02
7.9330000000e+00 -1.6879090377e-02 -4.4617622457e-02
7.9340000000e+00 -1.6852081212e-02 -4.4246194796e-02
7.9350000000e+00 -1.6820961789e-02 -4.3868841851e-02
7.9360000000e+00 -1.6785727756e-02 -4.3485585125e-02
7.9370000000e+00 -1.6746376123e-02 -4.3096445458e-02
7.9380000000e+00 -1.6702905327e-02 -4.2701443046e-02
7.9390000000e+00 -1.6655315316e-02 -4.2300597470e-02
7.9400000000e+00 -1.6603607618e-02 -4.1893927719e-02
7.9410000000e+00 -1.6547785420e-02 -4.1481452229e-02
7.9420000000e+00 -1.6487853648e-02 -4.1063188906e-02
7.9430000000e+00 -1.6423819036e-02 -4.0639155166e-02
7.9440000000e+00 -1.6355690211e-02 -4.0209367969e-02
7.9450000000e+00 -1.6283477771e-02 -3.9773843858e-02
7.9460000000e+00 -1.6207194355e-02 -3.9332599003e-02
7.9470000000e+00 -1.6126854725e-02 -3.8885649240e-02
7.9480000000e+00 -1.6042475837e-02 -3.8433010124e-02
7.9490000000e+00 -1.5954076923e-02 -3.7974696970e-02
7.9500000000e+00 -1.5861679556e-02 -3.7510724906e-02
7.9510000000e+00 -1.5765307726e-02 -3.7041108929e-02
7.9520000000e+00 -1.5664987908e-02 -3.6565863957e-02
7.9530000000e+00 -1.5560749133e-02 -3.6085004886e-02
7.9540000000e+00 -1.5452623049e-02 -3.5598546647e-02
7.9550000000e+00 -1.5340643985e-02 -3.5106504272e-02
7.9560000000e+00 -1.5224849011e-02 -3.4608892953e-02
7.9570000000e+00 -1.5105277990e-02 -3.4105728107e-02
7.9580000000e+00 -1.4981973636e-02 -3.3597025441e-02
7.9590000000e+00 -1.4854981552e-02 -3.3082801025e-02
7.9600000000e+00 -1.4724350279e-02 -3.2563071350e-02
7.9610000000e+00 -1.4590131335e-02 -3.2037853410e-02
7.9620000000e+00 -1.4452379240e-02 -3.1507164763e-02
7.9630000000e+00 -1.4311151549e-02 -3.0971023610e-02
7.9640000000e+00 -1.4166508872e-02 -3.0429448862e-02
7.9650000000e+00 -1.4018514891e-02 -2.9882460214e-02
7.9660000000e+00 -1.3867236370e-02 -2.9330078217e-02
7.9670000000e+00 -1.3712743153e-02 -2.8772324353e-02
7.9680000000e+00 -1.3555108172e-02 -2.8209221105e-02
7.9690000000e+00 -1.3394407431e-02 -2.7640792028e-02
7.9700000000e+00 -1.3230719997e-02 -2.7067061820e-02
7.9710000000e+00 -1.3064127976e-02 -2.6488056392e-02
7.9720000000e+00 -1.2894716486e-02 -2.5903802939e-02
7.9730000000e+00 -1.2722573629e-02 -2.5314330004e-02
7.9740000000e+00 -1.2547790444e-02 -2.4719667546e-02
7.9750000000e+00 -1.2370460868e-02 -2.4119847003e-02
7.9760000000e+00 -1.2190681681e-02 -2.3514901353e-02
7.9770000000e+00 -1.2008552448e-02 -2.2904865177e-02
7.9780000000e+00 -1.1824175454e-02 -2.2289774711e-02
7.9790000000e+00 -1.1637655637e-02 -2.1669667907e-02
7.9800000000e+00 -1.1449100509e-02 -2.1044584477e-02
7.9810000000e+00 -1.1258620074e-02 -2.0414565947e-02
7.9820000000e+00 -1.1066326744e-02 -1.9779655697e-02
7.9830000000e+00 -1.0872335243e-02 -1.9139899003e-02
7.9840000000e+00 -1.0676762517e-02 -1.8495343074e-02
7.9850000000e+00 -1.0479727625e-02 -1.7846037079e-02
7.9860000000e+00 -1.0281351641e-02 -1.7192032180e-02
7.9870000000e+00 -1.0081757544e-02 -1.6533381548e-02
7.9880000000e+00 -9.8810701079e-03 -1.5870140384e-02
7.9890000000e+00 -9.6794157879e-03 -1.5202365926e-02
7.9900000000e+00 -9.4769226093e-03 -1.4530117458e-02
7.9910000000e+00 -9.2737200507e-03 -1.3853456309e-02
7.9920000000e+00 -9.0699389279e-03 -1.3172445849e-02
7.9930000000e+00 -8.8657112786e-03 -1.2487151479e-02
7.9940000000e+00 -8.6611702468e-03 -1.1797640617e-02
7.9950000000e+00 -8.4564499685e-03 -1.1103982677e-02
7.9960000000e+00 -8.2516854583e-03 -1.0406249048e-02
7.9970000000e+00 -8.0470124956e-03 -9.7045130641e-03
7.9980000000e+00 -7.8425675152e-03 -8.9988499746e-03
7.9990000000e+00 -7.6384875003e-03 -8.2893369102e-03
8.0000000000e+00 -7.4349098769e-03 -7.5760528462e-03
8.0010000000e+00 -7.2319724105e-03 -6.8590785648e-03
8.0020000000e+00 -7.0298131062e-03 -6.1384966157e-03
8.0030000000e+00 -6.8285701138e-03 -5.4143912757e-03
8.0040000000e+00 -6.6283816368e-03 -4.6868485091e-03
8.0050000000e+00 -6.4293858423e-03 -3.9559559291e-03
8.0060000000e+00 -6.2317207766e-03 -3.2218027608e-03
8.0070000000e+00 -6.0355242858e-03 -2.4844798059e-03
8.0080000000e+00 -5.8409339400e-03 -1.7440794115e-03
8.0090000000e+00 -5.6480869612e-03 -1.0006954429e-03
8.0100000000e+00 -5.4571201554e-03 -2.5442326018e-04
8.0110000000e+00 -5.2681698496e-03 4.9464029874e-04
8.0120000000e+00 -5.0813718320e-03 1.2463969295e-03
8.0130000000e+00 -4.8968612949e-03 2.0007468655e-03
8.0140000000e+00 -4.7147727815e-03 2.7575888761e-03
8.0150000000e+00 -4.5352401362e-03 3.5168202560e-03
8.0160000000e+00 -4.3583964566e-03 4.2783368076e-03
8.0170000000e+00 -4.1843740450e-03 5.0420328152e-03
8.0180000000e+00 -4.0133043633e-03 5.8078010111e-03
8.0190000000e+00 -3.8453179884e-03 6.5755325344e-03
8.0200000000e+00 -3.6805445679e-03 7.3451168820e-03
8.0210000000e+00 -3.5191127724e-03 8.1164418524e-03
8.0220000000e+00 -3.3611502487e-03 8.8893934828e-03
8.0230000000e+00 -3.2067835709e-03 9.6638559808e-03
8.0240000000e+00 -3.0561381910e-03 1.0439711651e-02
8.0250000000e+00 -2.9093383835e-03 1.1216840814e-02
8.0260000000e+00 -2.7665071892e-03 1.1995121729e-02
8.0270000000e+00 -2.6277663543e-03 1.2774430507e-02
8.0280000000e+00 -2.4932362673e-03 1.3554641022e-02
8.0290000000e+00 -2.3630358906e-03 1.4335624830e-02
8.0300000000e+00 -2.2372826877e-03 1.5117251077e-02
8.0310000000e+00 -2.1160925460e-03 1.5899386418e-02
8.0320000000e+00 -1.9995796945e-03 1.6681894931e-02
8.0330000000e+00 -1.8878566160e-03 1.7464638037e-02
8.0340000000e+00 -1.7810339552e-03 1.8247474429e-02
8.0350000000e+00 -1.6792204206e-03 1.9030259997e-02
8.0360000000e+00 -1.5825226796e-03 1.9812847762e-02
8.0370000000e+00 -1.4910452493e-03 2.0595087823e-02
8.0380000000e+00 -1.4048903807e-03 2.1376827302e-02
8.0390000000e+00 -1.3241579378e-03 2.2157910305e-02
8.0400000000e+00 -1.2489452707e-03 2.2938177884e-02
8.0410000000e+00 -1.1793470822e-03 2.3717468019e-02
8.0420000000e+00 -1.1154552900e-03 2.4495615598e-02
8.0430000000e+00 -1.0573588833e-03 2.5272452416e-02
8.0440000000e+00 -1.0051437746e-03 2.6047807183e-02
8.0450000000e+00 -9.5889264687e-04 2.6821505541e-02
8.0460000000e+00 -9.1868479717e-04 2.7593370093e-02
8.0470000000e+00 -8.8459597463e-04 2.8363220448e-02
8.0480000000e+00 -8.5669821661e-04 2.9130873267e-02
8.0490000000e+00 -8.3505968279e-04 2.9896142337e-02
8.0500000000e+00 -8.1974448681e-04 3.0658838638e-02
8.0510000000e+00 -8.1081252521e-04 3.1418770436e-02
8.0520000000e+00 -8.0831930544e-04 3.2175743381e-02
8.0530000000e+00 -8.1231577499e-04 3.2929560616e-02
8.0540000000e+00 -8.2284815096e-04 3.3680022901e-02
8.0550000000e+00 -8.3995774954e-04 3.4426928744e-02
8.0560000000e+00 -8.6368081682e-04 3.5170074548e-02
8.0570000000e+00 -8.9404836283e-04 3.5909254760e-02
8.0580000000e+00 -9.3108599926e-04 3.6644262042e-02
8.0590000000e+00 -9.7481378086e-04 3.7374887444e-02
8.0600000000e+00 -1.0252460510e-03 3.8100920591e-02
8.0610000000e+00 -1.0823912933e-03 3.8822149883e-02
8.0620000000e+00 -1.1462519904e-03 3.9538362698e-02
8.0630000000e+00 -1.2168244901e-03 4.0249345613e-02
8.0640000000e+00 -1.2940988804e-03 4.0954884629e-02
8.0650000000e+00 -1.3780588739e-03 4.1654765409e-02
8.0660000000e+00 -1.4686817031e-03 4.2348773521e-02
8.0670000000e+00 -1.5659380274e-03 4.3036694693e-02
8.0680000000e+00 -1.6697918520e-03 4.3718315077e-02
8.0690000000e+00 -1.7802004614e-03 4.4393421510e-02
8.0700000000e+00 -1.8971143663e-03 4.5061801794e-02
8.0710000000e+00 -2.0204772659e-03 4.5723244971e-02
8.0720000000e+00 -2.1502260247e-03 4.6377541610e-02
8.0730000000e+00 -2.2862906652e-03 4.7024484085e-02
8.0740000000e+00 -2.4285943781e-03 4.7663866870e-02
8.0750000000e+00 -2.5770535494e-03 4.8295486819e-02
8.0760000000e+00 -2.7315778021e-03 4.8919143457e-02
8.0770000000e+00 -2.8920700547e-03 4.9534639262e-02
8.0780000000e+00 -3.0584265976e-03 5.0141779945e-02
8.0790000000e+00 -3.2305371868e-03 5.0740374729e-02
8.0800000000e+00 -3.4082851518e-03 5.1330236618e-02
8.0810000000e+00 -3.5915475194e-03 5.1911182661e-02
8.0820000000e+00 -3.7801951534e-03 5.2483034210e-02
8.0830000000e+00 -3.9740929115e-03 5.3045617169e-02
8.0840000000e+00 -4.1730998148e-03 5.3598762230e-02
8.0850000000e+00 -4.3770692317e-03 5.4142305107e-02
8.0860000000e+00 -4.5858490761e-03 5.4676086752e-02
8.0870000000e+00 -4.7992820202e-03 5.5199953561e-02
8.0880000000e+00 -5.0172057177e-03 5.5713757572e-02
8.0890000000e+00 -5.2394530415e-03 5.6217356648e-02
8.0900000000e+00 -5.4658523317e-03 5.6710614645e-02
8.0910000000e+00 -5.6962276562e-03 5.7193401570e-02
8.0920000000e+00 -5.9303990792e-03 5.7665593725e-02
8.0930000000e+00 -6.1681829411e-03 5.8127073835e-02
8.0940000000e+00 -6.4093921473e-03 5.8577731165e-02
8.0950000000e+00 -6.6538364651e-03 5.9017461620e-02
8.0960000000e+00 -6.9013228270e-03 5.9446167832e-02
8.0970000000e+00 -7.1516556402e-03 5.9863759233e-02
8.0980000000e+00 -7.4046371028e-03 6.0270152111e-02
8.0990000000e+00 -7.6600675247e-03 6.0665269652e-02
8.1000000000e+00 -7.9177456513e-03 6.1049041975e-02
8.1010000000e+00 -8.1774689899e-03 6.1421406137e-02
8.1020000000e+00 -8.4390341391e-03 6.1782306140e-02
8.1030000000e+00 -8.7022371180e-03 6.2131692911e-02
8.1040000000e+00 -8.9668736966e-03 6.2469524278e-02
8.1050000000e+00 -9.2327397246e-03 6.2795764923e-02
8.1060000000e+00 -9.4996314587e-03 6.3110386329e-02
8.1070000000e+00 -9.7673458868e-03 6.3413366707e-02
8.1080000000e+00 -1.0035681048e-02 6.3704690913e-02
8.1090000000e+00 -1.0304436348e-02 6.3984350352e-02
8.1100000000e+00 -1.0573412873e-02 6.4252342870e-02
8.1110000000e+00 -1.0842413685e-02 6.4508672628e-02
8.1120000000e+00 -1.1111244124e-02 6.4753349975e-02
8.1130000000e+00 -1.1379712089e-02 6.4986391300e-02
8.1140000000e+00 -1.1647628316e-02 6.5207818876e-02
8.1150000000e+00 -1.1914806645e-02 6.5417660697e-02
8.1160000000e+00 -1.2181064267e-02 6.5615950301e-02
8.1170000000e+00 -1.2446221969e-02 6.5802726595e-02
8.1180000000e+00 -1.2710104363e-02 6.5978033655e-02
8.1190000000e+00 -1.2972540089e-02 6.6141920536e-02
8.1200000000e+00 -1.3233362021e-02 6.6294441069e-02
8.1210000000e+00 -1.3492407444e-02 6.6435653651e-02
8.1220000000e+00 -1.3749518223e-02 6.6565621039e-02
8.1230000000e+00 -1.4004540946e-02 6.6684410131e-02
8.1240000000e+00 -1.4257327064e-02 6.6792091754e-02
8.1250000000e+00 -1.4507733000e-02 6.6888740443e-02
8.1260000000e+00 -1.4755620254e-02 6.6974434224e-02
8.1270000000e+00 -1.5000855480e-02 6.7049254397e-02
8.1280000000e+00 -1.5243310551e-02 6.7113285314e-02
8.1290000000e+00 -1.5482862612e-02 6.7166614162e-02
8.1300000000e+00 -1.5719394110e-02 6.7209330747e-02
8.1310000000e+00 -1.5952792809e-02 6.7241527280e-02
8.1320000000e+00 -1.6182951789e-02 6.7263298159e-02
8.1330000000e+00 -1.6409769434e-02 6.7274739762e-02
8.1340000000e+00 -1.6633149398e-02 6.7275950233e-02
8.1350000000e+00 -1.6853000558e-02 6.7267029276e-02
8.1360000000e+00 -1.7069236957e-02 6.7248077953e-02
8.1370000000e+00 -1.7281777727e-02 6.7219198475e-02
8.1380000000e+00 -1.7490546999e-02 6.7180494009e-02
8.1390000000e+00 -1.7695473804e-02 6.7132068478e-02
8.1400000000e+00 -1.7896491956e-02 6.7074026367e-02
8.1410000000e+00 -1.8093539927e-02 6.7006472537e-02
8.1420000000e+00 -1.8286560709e-02 6.6929512035e-02
8.1430000000e+00 -1.8475501666e-02 6.6843249914e-02
8.1440000000e+00 -1.8660314372e-02 6.6747791054e-02
8.1450000000e+00 -1.8840954449e-02 6.6643239994e-02
8.1460000000e+00 -1.9017381386e-02 6.6529700755e-02
8.1470000000e+00 -1.9189558359e-02 6.6407276687e-02
8.1480000000e+00 -1.9357452040e-02 6.6276070306e-02
8.1490000000e+00 -1.9521032403e-02 6.6136183147e-02
8.1500000000e+00 -1.9680272523e-02 6.5987715616e-02
8.1510000000e+00 -1.9835148374e-02 6.5830766855e-02
8.1520000000e+00 -1.9985638623e-02 6.5665434614e-02
8.1530000000e+00 -2.0131724423e-02 6.5491815124e-02
8.1540000000e+00 -2.0273389208e-02 6.5310002984e-02
8.1550000000e+00 -2.0410618479e-02 6.5120091059e-02
8.1560000000e+00 -2.0543399607e-02 6.4922170378e-02
8.1570000000e+00 -2.0671721621e-02 6.4716330051e-02
8.1580000000e+00 -2.0795575013e-02 6.4502657187e-02
8.1590000000e+00 -2.0914951541e-02 6.4281236831e-02
8.1600000000e+00 -2.1029844034e-02 6.4052151901e-02
8.1610000000e+00 -2.1140246211e-02 6.3815483143e-02
8.1620000000e+00 -2.1246152497e-02 6.3571309095e-02
8.1630000000e+00 -2.1347557852e-02 6.3319706056e-02
8.1640000000e+00 -2.1444457606e-02 6.3060748070e-02
8.1650000000e+00 -2.1536847306e-02 6.2794506919e-02
8.1660000000e+00 -2.1624722563e-02 6.2521052120e-02
8.1670000000e+00 -2.1708078918e-02 6.2240450940e-02
8.1680000000e+00 -2.1786911715e-02 6.1952768407e-02
8.1690000000e+00 -2.1861215980e-02 6.1658067336e-02
8.1700000000e+00 -2.1930986319e-02 6.1356408357e-02
8.1710000000e+00 -2.1996216818e-02 6.1047849953e-02
8.1720000000e+00 -2.2056900963e-02 6.0732448494e-02
8.1730000000e+00 -2.2113031561e-02 6.0410258281e-02
8.1740000000e+00 -2.2164600684e-02 6.0081331591e-02
8.1750000000e+00 -2.2211599616e-02 5.9745718721e-02
8.1760000000e+00 -2.2254018811e-02 5.9403468032e-02
8.1770000000e+00 -2.2291847870e-02 5.9054625997e-02
8.1780000000e+00 -2.2325075519e-02 5.8699237245e-02
8.1790000000e+00 -2.2353689604e-02 5.8337344604e-02
8.1800000000e+00 -2.2377677099e-02 5.7968989141e-02
8.1810000000e+00 -2.2397024113e-02 5.7594210202e-02
8.1820000000e+00 -2.2411715926e-02 5.7213045448e-02
8.1830000000e+00 -2.2421737016e-02 5.6825530890e-02
8.1840000000e+00 -2.2427071108e-02 5.6431700920e-02
8.1850000000e+00 -2.2427701230e-02 5.6031588337e-02
8.1860000000e+00 -2.2423609779e-02 5.5625224378e-02
8.1870000000e+00 -2.2414778595e-02 5.5212638742e-02
8.1880000000e+00 -2.2401189045e-02 5.4793859610e-02
8.1890000000e+00 -2.2382822120e-02 5.4368913671e-02
8.1900000000e+00 -2.2359658536e-02 5.3937826141e-02
8.1910000000e+00 -2.2331678845e-02 5.3500620785e-02
8.1920000000e+00 -2.2298863561e-02 5.3057319938e-02
8.1930000000e+00 -2.2261193283e-02 5.2607944530e-02
8.1940000000e+00 -2.2218648838e-02 5.2152514105e-02
8.1950000000e+00 -2.2171211423e-02 5.1691046850e-02
8.1960000000e+00 -2.2118862760e-02 5.1223559622e-02
8.1970000000e+00 -2.2061585254e-02 5.0750067982e-02
8.1980000000e+00 -2.1999362159e-02 5.0270586223e-02
8.1990000000e+00 -2.1932177751e-02 4.9785127414e-02
8.2000000000e+00 -2.1860017504e-02 4.9293703439e-02
8.2010000000e+00 -2.1782868271e-02 4.8796325043e-02
8.2020000000e+00 -2.1700718471e-02 4.8293001885e-02
8.2030000000e+00 -2.1613558274e-02 4.7783742589e-02
8.2040000000e+00 -2.1521379797e-02 4.7268554808e-02
8.2050000000e+00 -2.1424177291e-02 4.6747445284e-02
8.2060000000e+00 -2.1321947341e-02 4.6220419918e-02
8.2070000000e+00 -2.1214689055e-02 4.5687483845e-02
8.2080000000e+00 -2.1102404260e-02 4.5148641508e-02
8.2090000000e+00 -2.0985097695e-02 4.4603896741e-02
8.2100000000e+00 -2.0862777201e-02 4.4053252854e-02
8.2110000000e+00 -2.0735453909e-02 4.3496712721e-02
8.2120000000e+00 -2.0603142426e-02 4.2934278875e-02
8.2130000000e+00 -2.0465861011e-02 4.2365953602e-02
8.2140000000e+00 -2.0323631756e-02 4.1791739040e-02
8.2150000000e+00 -2.0176480752e-02 4.1211637284e-02
8.2160000000e+00 -2.0024438252e-02 4.0625650491e-02
8.2170000000e+00 -1.9867538826e-02 4.0033780988e-02
8.2180000000e+00 -1.9705821508e-02 3.9436031385e-02
8.2190000000e+00 -1.9539329931e-02 3.8832404687e-02
8.2200000000e+00 -1.9368112459e-02 3.8222904416e-02
8.2210000000e+00 -1.9192222296e-02 3.7607534726e-02
8.2220000000e+00 -1.9011717595e-02 3.6986300530e-02
8.2230000000e+00 -1.8826661545e-02 3.6359207619e-02
8.2240000000e+00 -1.8637122454e-02 3.5726262796e-02
8.2250000000e+00 -1.8443173806e-02 3.5087473996e-02
8.2260000000e+00 -1.8244894313e-02 3.4442850426e-02
8.2270000000e+00 -1.8042367947e-02 3.3792402687e-02
8.2280000000e+00 -1.7835683956e-02 3.3136142911e-02
8.2290000000e+00 -1.7624936868e-02 3.2474084891e-02
8.2300000000e+00 -1.7410226468e-02 3.1806244215e-02
8.2310000000e+00 -1.7191657772e-02 3.1132638393e-02
8.2320000000e+00 -1.6969340970e-02 3.0453286992e-02
8.2330000000e+00 -1.6743391363e-02 2.9768211755e-02
8.2340000000e+00 -1.6513929277e-02 2.9077436734e-02
8.2350000000e+00 -1.6281079959e-02 2.8380988405e-02
8.2360000000e+00 -1.6044973462e-02 2.7678895785e-02
8.2370000000e+00 -1.5805744507e-02 2.6971190542e-02
8.2380000000e+00 -1.5563532335e-02 2.6257907104e-02
8.2390000000e+00 -1.5318480539e-02 2.5539082751e-02
8.2400000000e+00 -1.5070736885e-02 2.4814757708e-02
8.2410000000e+00 -1.4820453119e-02 2.4084975225e-02
8.2420000000e+00 -1.4567784758e-02 2.3349781648e-02
8.2430000000e+00 -1.4312890875e-02 2.2609226480e-02
8.2440000000e+00 -1.4055933868e-02 2.1863362429e-02
8.2450000000e+00 -1.3797079223e-02 2.1112245446e-02
8.2460000000e+00 -1.3536495270e-02 2.0355934749e-02
8.2470000000e+00 -1.3274352931e-02 1.9594492830e-02
8.2480000000e+00 -1.3010825463e-02 1.8827985454e-02
8.2490000000e+00 -1.2746088199e-02 1.8056481637e-02
8.2500000000e+00 -1.2480318284e-02 1.7280053613e-02
8.2510000000e+00 -1.2213694419e-02 1.6498776785e-02
8.2520000000e+00 -1.1946396597e-02 1.5712729655e-02
8.2530000000e+00 -1.1678605847e-02 1.4921993751e-02
8.2540000000e+00 -1.1410503983e-02 1.4126653525e-02
8.2550000000e+00 -1.1142273358e-02 1.3326796250e-02
8.2560000000e+00 -1.0874096624e-02 1.2522511893e-02
8.2570000000e+00 -1.0606156508e-02 1.1713892982e-02
8.2580000000e+00 -1.0338635587e-02 1.0901034462e-02
8.2590000000e+00 -1.0071716086e-02 1.0084033539e-02
8.2600000000e+00 -9.8055796795e-03 9.2629895155e-03
8.2610000000e+00 -9.5404073117e-03 8.4380036263e-03
8.2620000000e+00 -9.2763790292e-03 7.6091788613e-03
8.2630000000e+00 -9.0136738276e-03 6.7766197932e-03
8.2640000000e+00 -8.7524695151e-03 5.9404324021e-03
8.2650000000e+00 -8.4929425905e-03 5.1007239039e-03
8.2660000000e+00 -8.2352681371e-03 4.2576025823e-03
8.2670000000e+00 -7.9796197325e-03 3.4111776286e-03
8.2680000000e+00 -7.7261693741e-03 2.5615589903e-03
8.2690000000e+00 -7.4750874204e-03 1.7088572308e-03
8.2700000000e+00 -7.2265425469e-03 8.5318340249e-04
8.2710000000e+00 -6.9807017157e-03 -5.3510642860e-06
8.2720000000e+00 -6.7377301595e-03 -8.6663445569e-04
8.2730000000e+00 -6.4977913778e-03 -1.7305548500e-03
8.2740000000e+00 -6.2610471454e-03 -2.5970001727e-03
8.2750000000e+00 -6.0276575311e-03 -3.4658582309e-03
8.2760000000e+00 -5.7977809251e-03 -4.3370167235e-03
8.2770000000e+00 -5.5715740757e-03 -5.2103632304e-03
8.2780000000e+00 -5.3491921314e-03 -6.0857851762e-03
8.2790000000e+00 -5.1307886897e-03 -6.9631697705e-03
8.2800000000e+00 -4.9165158484e-03 -7.8424039239e-03
8.2810000000e+00 -4.7065242597e-03 -8.7233741406e-03
8.2820000000e+00 -4.5009631851e-03 -9.6059663873e-03
8.2830000000e+00 -4.2999805499e-03 -1.0490065939e-02
8.2840000000e+00 -4.1037229952e-03 -1.1375557206e-02
8.2850000000e+00 -3.9123359272e-03 -1.2262323533e-02
8.2860000000e+00 -3.7259635606e-03 -1.3150246993e-02
8.2870000000e+00 -3.5447489568e-03 -1.4039208146e-02
8.2880000000e+00 -3.3688340536e-03 -1.4929085798e-02
8.2890000000e+00 -3.1983596877e-03 -1.5819756735e-02
8.2900000000e+00 -3.0334656062e-03 -1.6711095452e-02
8.2910000000e+00 -2.8742904680e-03 -1.7602973870e-02
8.2920000000e+00 -2.7209718319e-03 -1.8495261042e-02
8.2930000000e+00 -2.5736461324e-03 -1.9387822862e-02
8.2940000000e+00 -2.4324486427e-03 -2.0280521764e-02
8.2950000000e+00 -2.2975134209e-03 -2.1173216423e-02
8.2960000000e+00 -2.1689732408e-03 -2.2065761461e-02
8.2970000000e+00 -2.0469595060e-03 -2.2958007151e-02
8.2980000000e+00 -1.9316021476e-03 -2.3849799138e-02
8.2990000000e+00 -1.8230295028e-03 -2.4740978163e-02
8.3000000000e+00 -1.7213681753e-03 -2.5631379799e-02
8.3010000000e+00 -1.6267428764e-03 -2.6520834210e-02
8.3020000000e+00 -1.5392762471e-03 -2.7409165918e-02
8.3030000000e+00 -1.4590886611e-03 -2.8296193596e-02
8.3040000000e+00 -1.3862980077e-03 -2.9181729886e-02
8.3050000000e+00 -1.3210194566e-03 -3.0065581233e-02
8.3060000000e+00 -1.2633652027e-03 -3.0947547756e-02
8.3070000000e+00 -1.2134441943e-03 -3.1827423142e-02
8.3080000000e+00 -1.1713618429e-03 -3.2704994575e-02
8.3090000000e+00 -1.1372197173e-03 -3.3580042693e-02
8.3100000000e+00 -1.1111152225e-03 -3.4452341583e-02
8.3110000000e+00 -1.0931412658e-03 -3.5321658812e-02
8.3120000000e+00 -1.0833859092e-03 -3.6187755489e-02
8.3130000000e+00 -1.0819320120e-03 -3.7050386371e-02
8.3140000000e+00 -1.0888568665e-03 -3.7909300005e-02
8.3150000000e+00 -1.1042318255e-03 -3.8764238900e-02
8.3160000000e+00 -1.1281219270e-03 -3.9614939750e-02
8.3170000000e+00 -1.1605855154e-03 -4.0461133687e-02
8.3180000000e+00 -1.2016738653e-03 -4.1302546570e-02
8.3190000000e+00 -1.2514308076e-03 -4.2138899317e-02
8.3200000000e+00 -1.3098923620e-03 -4.2969908269e-02
8.3210000000e+00 -1.3770863768e-03 -4.3795285586e-02
8.3220000000e+00 -1.4530321813e-03 -4.4614739685e-02
8.3230000000e+00 -1.5377402519e-03 -4.5427975698e-02
8.3240000000e+00 -1.6312118951e-03 -4.6234695972e-02
8.3250000000e+00 -1.7334389499e-03 -4.7034600587e-02
8.3260000000e+00 -1.8444035131e-03 -4.7827387905e-02
8.3270000000e+00 -1.9640776884e-03 -4.8612755138e-02
8.3280000000e+00 -2.0924233639e-03 -4.9390398940e-02
8.3290000000e+00 -2.2293920193e-03 -5.0160016012e-02
8.3300000000e+00 -2.3749245635e-03 -5.0921303724e-02
8.3310000000e+00 -2.5289512077e-03 -5.1673960742e-02
8.3320000000e+00 -2.6913913715e-03 -5.2417687669e-02
8.3330000000e+00 -2.8621536267e-03 -5.3152187684e-02
8.3340000000e+00 -3.0411356786e-03 -5.3877167179e-02
8.3350000000e+00 -3.2282243843e-03 -5.4592336397e-02
8.3360000000e+00 -3.4232958093e-03 -5.5297410056e-02
8.3370000000e+00 -3.6262153225e-03 -5.5992107965e-02
8.3380000000e+00 -3.8368377288e-03 -5.6676155624e-02
8.3390000000e+00 -4.0550074384e-03 -5.7349284803e-02
8.3400000000e+00 -4.2805586719e-03 -5.8011234104e-02
8.3410000000e+00 -4.5133157003e-03 -5.8661749492e-02
8.3420000000e+00 -4.7530931176e-03 -5.9300584804e-02
8.3430000000e+00 -4.9996961449e-03 -5.9927502226e-02
8.3440000000e+00 -5.2529209634e-03 -6.0542272738e-02
8.3450000000e+00 -5.5125550760e-03 -6.1144676527e-02
8.3460000000e+00 -5.7783776921e-03 -6.1734503365e-02
8.3470000000e+00 -6.0501601368e-03 -6.2311552949e-02
8.3480000000e+00 -6.3276662793e-03 -6.2875635207e-02
8.3490000000e+00 -6.6106529817e-03 -6.3426570568e-02
8.3500000000e+00 -6.8988705622e-03 -6.3964190193e-02
8.3510000000e+00 -7.1920632731e-03 -6.4488336168e-02
8.3520000000e+00 -7.4899697894e-03 -6.4998861663e-02
8.3530000000e+00 -7.7923237083e-03 -6.5495631060e-02
8.3540000000e+00 -8.0988540571e-03 -6.5978520031e-02
8.3550000000e+00 -8.4092858049e-03 -6.6447415602e-02
8.3560000000e+00 -8.7233403795e-03 -6.6902216170e-02
8.3570000000e+00 -9.0407361872e-03 -6.7342831496e-02
8.3580000000e+00 -9.3611891333e-03 -6.7769182664e-02
8.3590000000e+00 -9.6844131421e-03 -6.8181202017e-02
8.3600000000e+00 -1.0010120675e-02 -6.8578833060e-02
8.3610000000e+00 -1.0338023246e-02 -6.8962030347e-02
8.3620000000e+00 -1.0667831934e-02 -6.9330759335e-02
8.3630000000e+00 -1.0999257893e-02 -6.9684996223e-02
8.3640000000e+00 -1.1332012846e-02 -7.0024727765e-02
8.3650000000e+00 -1.1665809590e-02 -7.0349951077e-02
8.3660000000e+00 -1.2000362479e-02 -7.0660673406e-02
8.3670000000e+00 -1.2335387908e-02 -7.0956911906e-02
8.3680000000e+00 -1.2670604783e-02 -7.1238693381e-02
8.3690000000e+00 -1.3005734991e-02 -7.1506054029e-02
8.3700000000e+00 -1.3340503853e-02 -7.1759039161e-02
8.3710000000e+00 -1.3674640569e-02 -7.1997702922e-02
8.3720000000e+00 -1.4007878656e-02 -7.2222107991e-02
8.3730000000e+00 -1.4339956370e-02 -7.2432325282e-02
8.3740000000e+00 -1.4670617121e-02 -7.2628433627e-02
8.3750000000e+00 -1.4999609872e-02 -7.2810519462e-02
8.3760000000e+00 -1.5326689522e-02 -7.2978676498e-02
8.3770000000e+00 -1.5651617279e-02 -7.3133005397e-02
8.3780000000e+00 -1.5974161016e-02 -7.3273613432e-02
8.3790000000e+00 -1.6294095604e-02 -7.3400614150e-02
8.3800000000e+00 -1.6611203230e-02 -7.3514127034e-02
8.3810000000e+00 -1.6925273699e-02 -7.3614277158e-02
8.3820000000e+00 -1.7236104706e-02 -7.3701194842e-02
8.3830000000e+00 -1.7543502088e-02 -7.3775015306e-02
8.3840000000e+00 -1.7847280058e-02 -7.3835878326e-02
8.3850000000e+00 -1.8147261400e-02 -7.3883927889e-02
8.3860000000e+00 -1.8443277651e-02 -7.3919311845e-02
8.3870000000e+00 -1.8735169244e-02 -7.3942181570e-02
8.3880000000e+00 -1.9022785627e-02 -7.3952691619e-02
8.3890000000e+00 -1.9305985351e-02 -7.3950999390e-02
8.3900000000e+00 -1.9584636127e-02 -7.3937264789e-02
8.3910000000e+00 -1.9858614850e-02 -7.3911649895e-02
8.3920000000e+00 -2.0127807591e-02 -7.3874318633e-02
8.3930000000e+00 -2.0392109561e-02 -7.3825436445e-02
8.3940000000e+00 -2.0651425034e-02 -7.3765169973e-02
8.3950000000e+00 -2.0905667249e-02 -7.3693686738e-02
8.3960000000e+00 -2.1154758271e-02 -7.3611154829e-02
8.3970000000e+00 -2.1398628823e-02 -7.3517742598e-02
8.3980000000e+00 -2.1637218090e-02 -7.3413618354e-02
8.3990000000e+00 -2.1870473495e-02 -7.3298950070e-02
8.4000000000e+00 -2.2098350435e-02 -7.3173905092e-02
8.4010000000e+00 -2.2320812011e-02 -7.3038649858e-02
8.4020000000e+00 -2.2537828709e-02 -7.2893349618e-02
8.4030000000e+00 -2.2749378077e-02 -7.2738168168e-02
8.4040000000e+00 -2.2955444371e-02 -7.2573267591e-02
8.4050000000e+00 -2.3156018185e-02 -7.2398808002e-02
8.4060000000e+00 -2.3351096062e-02 -7.2214947307e-02
8.4070000000e+00 -2.3540680094e-02 -7.2021840972e-02
8.4080000000e+00 -2.3724777507e-02 -7.1819641798e-02
8.4090000000e+00 -2.3903400243e-02 -7.1608499708e-02
8.4100000000e+00 -2.4076564525e-02 -7.1388561552e-02
8.4110000000e+00 -2.4244290430e-02 -7.1159970914e-02
8.4120000000e+00 -2.4406601453e-02 -7.0922867938e-02
8.4130000000e+00 -2.4563524071e-02 -7.0677389165e-02
8.4140000000e+00 -2.4715087320e-02 -7.0423667381e-02
8.4150000000e+00 -2.4861322365e-02 -7.0161831486e-02
8.4160000000e+00 -2.5002262086e-02 -6.9892006368e-02
8.4170000000e+00 -2.5137940669e-02 -6.9614312798e-02
8.4180000000e+00 -2.5268393213e-02 -6.9328867337e-02
8.4190000000e+00 -2.5393655344e-02 -6.9035782261e-02
8.4200000000e+00 -2.5513762846e-02 -6.8735165496e-02
8.4210000000e+00 -2.5628751307e-02 -6.8427120574e-02
8.4220000000e+00 -2.5738655778e-02 -6.8111746605e-02
8.4230000000e+00 -2.5843510457e-02 -6.7789138256e-02
8.4240000000e+00 -2.5943348382e-02 -6.7459385755e-02
8.4250000000e+00 -2.6038201143e-02 -6.7122574905e-02
8.4260000000e+00 -2.6128098623e-02 -6.6778787113e-02
8.4270000000e+00 -2.6213068741e-02 -6.6428099435e-02
8.4280000000e+00 -2.6293137234e-02 -6.6070584632e-02
8.4290000000e+00 -2.6368327439e-02 -6.5706311241e-02
8.4300000000e+00 -2.6438660111e-02 -6.5335343652e-02
8.4310000000e+00 -2.6504153249e-02 -6.4957742207e-02
8.4320000000e+00 -2.6564821951e-02 -6.4573563293e-02
8.4330000000e+00 -2.6620678280e-02 -6.4182859460e-02
8.4340000000e+00 -2.6671731158e-02 -6.3785679531e-02
8.4350000000e+00 -2.6717986274e-02 -6.3382068729e-02
8.4360000000e+00 -2.6759446016e-02 -6.2972068801e-02
8.4370000000e+00 -2.6796109415e-02 -6.2555718152e-02
8.4380000000e+00 -2.6827972123e-02 -6.2133051972e-02
8.4390000000e+00 -2.6855026392e-02 -6.1704102374e-02
8.4400000000e+00 -2.6877261090e-02 -6.1268898525e-02
8.4410000000e+00 -2.6894661720e-02 -6.0827466773e-02
8.4420000000e+00 -2.6907210474e-02 -6.0379830780e-02
8.4430000000e+00 -2.6914886293e-02 -5.9926011648e-02
8.4440000000e+00 -2.6917664952e-02 -5.9466028034e-02
8.4450000000e+00 -2.6915519164e-02 -5.8999896270e-02
8.4460000000e+00 -2.6908418695e-02 -5.8527630475e-02
8.4470000000e+00 -2.6896330510e-02 -5.8049242657e-02
8.4480000000e+00 -2.6879218923e-02 -5.7564742813e-02
8.4490000000e+00 -2.6857045775e-02 -5.7074139025e-02
8.4500000000e+00 -2.6829770623e-02 -5.6577437544e-02
8.4510000000e+00 -2.6797350946e-02 -5.6074642870e-02
8.4520000000e+00 -2.6759742375e-02 -5.5565757833e-02
8.4530000000e+00 -2.6716898930e-02 -5.5050783657e-02
8.4540000000e+00 -2.6668773277e-02 -5.4529720032e-02
8.4550000000e+00 -2.6615317003e-02 -5.4002565168e-02
8.4560000000e+00 -2.6556480898e-02 -5.3469315858e-02
8.4570000000e+00 -2.6492215263e-02 -5.2929967533e-02
8.4580000000e+00 -2.6422470217e-02 -5.2384514311e-02
8.4590000000e+00 -2.6347196034e-02 -5.1832949054e-02
8.4600000000e+00 -2.6266343473e-02 -5.1275263415e-02
8.4610000000e+00 -2.6179864138e-02 -5.0711447895e-02
8.4620000000e+00 -2.6087710829e-02 -5.0141491897e-02
8.4630000000e+00 -2.5989837919e-02 -4.9565383781e-02
8.4640000000e+00 -2.5886201725e-02 -4.8983110926e-02
8.4650000000e+00 -2.5776760893e-02 -4.8394659797e-02
8.4660000000e+00 -2.5661476787e-02 -4.7800016012e-02
8.4670000000e+00 -2.5540313873e-02 -4.7199164423e-02
8.4680000000e+00 -2.5413240115e-02 -4.6592089193e-02
8.4690000000e+00 -2.5280227367e-02 -4.5978773890e-02
8.4700000000e+00 -2.5141251759e-02 -4.5359201580e-02
8.4710000000e+00 -2.4996294085e-02 -4.4733354936e-02
8.4720000000e+00 -2.4845340183e-02 -4.4101216345e-02
8.4730000000e+00 -2.4688381306e-02 -4.3462768033e-02
8.4740000000e+00 -2.4525414486e-02 -4.2817992190e-02
8.4750000000e+00 -2.4356442887e-02 -4.2166871111e-02
8.4760000000e+00 -2.4181476140e-02 -4.1509387338e-02
8.4770000000e+00 -2.4000530670e-02 -4.0845523814e-02
8.4780000000e+00 -2.3813630000e-02 -4.0175264050e-02
8.4790000000e+00 -2.3620805035e-02 -3.9498592287e-02
8.4800000000e+00 -2.3422094327e-02 -3.8815493679e-02
8.4810000000e+00 -2.3217544319e-02 -3.8125954480e-02
8.4820000000e+00 -2.3007209557e-02 -3.7429962228e-02
8.4830000000e+00 -2.2791152879e-02 -3.6727505951e-02
8.4840000000e+00 -2.2569445576e-02 -3.6018576368e-02
8.4850000000e+00 -2.2342167521e-02 -3.5303166097e-02
8.4860000000e+00 -2.2109407263e-02 -3.4581269870e-02
8.4870000000e+00 -2.1871262096e-02 -3.3852884747e-02
8.4880000000e+00 -2.1627838086e-02 -3.3118010337e-02
8.4890000000e+00 -2.1379250072e-02 -3.2376649016e-02
8.4900000000e+00 -2.1125621617e-02 -3.1628806144e-02
8.4910000000e+00 -2.0867084944e-02 -3.0874490291e-02
8.4920000000e+00 -2.0603780815e-02 -3.0113713445e-02
8.4930000000e+00 -2.0335858392e-02 -2.9346491227e-02
8.4940000000e+00 -2.0063475051e-02 -2.8572843099e-02
8.4950000000e+00 -1.9786796166e-02 -2.7792792562e-02
8.4960000000e+00 -1.9505994860e-02 -2.7006367347e-02
8.4970000000e+00 -1.9221251720e-02 -2.6213599600e-02
8.4980000000e+00 -1.8932754484e-02 -2.5414526049e-02
8.4990000000e+00 -1.8640697692e-02 -2.4609188162e-02
8.5000000000e+00 -1.8345282318e-02 -2.3797632285e-02
8.5010000000e+00 -1.8046715363e-02 -2.2979909773e-02
8.5020000000e+00 -1.7745209438e-02 -2.2156077089e-02
8.5030000000e+00 -1.7440982306e-02 -2.1326195893e-02
8.5040000000e+00 -1.7134256427e-02 -2.0490333105e-02
8.5050000000e+00 -1.6825258464e-02 -1.9648560941e-02
8.5060000000e+00 -1.6514218789e-02 -1.8800956931e-02
8.5070000000e+00 -1.6201370972e-02 -1.7947603902e-02
8.5080000000e+00 -1.5886951265e-02 -1.7088589942e-02
8.5090000000e+00 -1.5571198076e-02 -1.6224008324e-02
8.5100000000e+00 -1.5254351447e-02 -1.5353957415e-02
8.5110000000e+00 -1.4936652532e-02 -1.4478540541e-02
8.5120000000e+00 -1.4618343082e-02 -1.3597865833e-02
8.5130000000e+00 -1.4299664935e-02 -1.2712046034e-02
8.5140000000e+00 -1.3980859523e-02 -1.1821198288e-02
8.5150000000e+00 -1.3662167394e-02 -1.0925443891e-02
8.5160000000e+00 -1.3343827754e-02 -1.0024908019e-02
8.5170000000e+00 -1.3026078030e-02 -9.1197194366e-03
8.5180000000e+00 -1.2709153459e-02 -8.2100101712e-03
8.5190000000e+00 -1.2393286704e-02 -7.2959151791e-03
8.5200000000e+00 -1.2078707510e-02 -6.3775719873e-03
8.5210000000e+00 -1.1765642376e-02 -5.4551203234e-03
8.5220000000e+00 -1.1454314282e-02 -4.5287017350e-03
8.5230000000e+00 -1.1144942435e-02 -3.5984592024e-03
8.5240000000e+00 -1.0837742063e-02 -2.6645367483e-03
8.5250000000e+00 -1.0532924248e-02 -1.7270790493e-03
8.5260000000e+00 -1.0230695789e-02 -7.8623105320e-04
8.5270000000e+00 -9.9312591143e-03 1.5786239368e-04
8.5280000000e+00 -9.6348122255e-03 1.1050569048e-03
8.5290000000e+00 -9.3415486817e-03 2.0552088927e-03
8.5300000000e+00 -9.0516576195e-03 3.0081758858e-03
8.5310000000e+00 -8.7653238080e-03 3.9638168173e-03
8.5320000000e+00 -8.4827277366e-03 4.9219922842e-03
8.5330000000e+00 -8.2040457332e-03 5.8825647716e-03
8.5340000000e+00 -7.9294501115e-03 6.8453988388e-03
8.5350000000e+00 -7.6591093430e-03 7.8103612658e-03
8.5360000000e+00 -7.3931882515e-03 8.7773211557e-03
8.5370000000e+00 -7.1318482267e-03 9.7461499926e-03
8.5380000000e+00 -6.8752474545e-03 1.0716721652e-02
8.5390000000e+00 -6.6235411589e-03 1.1688912362e-02
8.5400000000e+00 -6.3768818545e-03 1.2662600621e-02
8.5410000000e+00 -6.1354196030e-03 1.3637667055e-02
8.5420000000e+00 -5.8993022731e-03 1.4613994239e-02
8.5430000000e+00 -5.6686757998e-03 1.5591466461e-02
8.5440000000e+00 -5.4436844389e-03 1.6569969445e-02
8.5450000000e+00 -5.2244710146e-03 1.7549390023e-02
8.5460000000e+00 -5.0111771573e-03 1.8529615770e-02
8.5470000000e+00 -4.8039435289e-03 1.9510534594e-02
8.5480000000e+00 -4.6029100324e-03 2.0492034292e-02
8.5490000000e+00 -4.4082160054e-03 2.1474002072e-02
8.5500000000e+00 -4.2200003929e-03 2.2456324040e-02
8.5510000000e+00 -4.0384018999e-03 2.3438884670e-02
8.5520000000e+00 -3.8635591202e-03 2.4421566242e-02
8.5530000000e+00 -3.6956106417e-03 2.5404248270e-02
8.5540000000e+00 -3.5346951244e-03 2.6386806910e-02
8.5550000000e+00 -3.3809513528e-03 2.7369114370e-02
8.5560000000e+00 -3.2345182579e-03 2.8351038302e-02
8.5570000000e+00 -3.0955349112e-03 2.9332441205e-02
8.5580000000e+00 -2.9641404866e-03 3.0313179834e-02
8.5590000000e+00 -2.8404741913e-03 3.1293104609e-02
8.5600000000e+00 -2.7246751639e-03 3.2272059053e-02
8.5610000000e+00 -2.6168823385e-03 3.3249879236e-02
8.5620000000e+00 -2.5172342745e-03 3.4226393255e-02
8.5630000000e+00 -2.4258689514e-03 3.5201420732e-02
8.5640000000e+00 -2.3429235279e-03 3.6174772356e-02
8.5650000000e+00 -2.2685340652e-03 3.7146249451e-02
8.5660000000e+00 -2.2028352139e-03 3.8115643595e-02
8.5670000000e+00 -2.1459598646e-03 3.9082736283e-02
8.5680000000e+00 -2.0980387631e-03 4.0047298635e-02
8.5690000000e+00 -2.0592000908e-03 4.1009091168e-02
8.5700000000e+00 -2.0295690097e-03 4.1967863610e-02
8.5710000000e+00 -2.0092671758e-03 4.2923354795e-02
8.5720000000e+00 -1.9984122205e-03 4.3875292602e-02
8.5730000000e+00 -1.9971172028e-03 4.4823393979e-02
8.5740000000e+00 -2.0054900353e-03 4.5767365019e-02
8.5750000000e+00 -2.0236328863e-03 4.6706901123e-02
8.5760000000e+00 -2.0516415604e-03 4.7641687225e-02
8.5770000000e+00 -2.0896048634e-03 4.8571398096e-02
8.5780000000e+00 -2.1376039541e-03 4.9495698718e-02
8.5790000000e+00 -2.1957116875e-03 5.0414244740e-02
8.5800000000e+00 -2.2639919548e-03 5.1326682998e-02
8.5810000000e+00 -2.3424990252e-03 5.2232652113e-02
8.5820000000e+00 -2.4312768947e-03 5.3131783160e-02
8.5830000000e+00 -2.5303586480e-03 5.4023700402e-02
8.5840000000e+00 -2.6397658388e-03 5.4908022087e-02
8.5850000000e+00 -2.7595078944e-03 5.5784361309e-02
8.5860000000e+00 -2.8895815522e-03 5.6652326924e-02
8.5870000000e+00 -3.0299703307e-03 5.7511524517e-02
8.5880000000e+00 -3.1806440438e-03 5.8361557409e-02
8.5890000000e+00 -3.3415583629e-03 5.9202027711e-02
8.5900000000e+00 -3.5126544319e-03 6.0032537400e-02
8.5910000000e+00 -3.6938585390e-03 6.0852689428e-02
8.5920000000e+00 -3.8850818509e-03 6.1662088841e-02
8.5930000000e+00 -4.0862202125e-03 6.2460343906e-02
8.5940000000e+00 -4.2971540157e-03 6.3247067242e-02
8.5950000000e+00 -4.5177481375e-03 6.4021876940e-02
8.5960000000e+00 -4.7478519512e-03 6.4784397666e-02
8.5970000000e+00 -4.9872994103e-03 6.5534261739e-02
8.5980000000e+00 -5.2359092043e-03 6.6271110176e-02
8.5990000000e+00 -5.4934849868e-03 6.6994593696e-02
8.6000000000e+00 -5.7598156722e-03 6.7704373677e-02
8.6010000000e+00 -6.0346757995e-03 6.8400123060e-02
8.6020000000e+00 -6.3178259597e-03 6.9081527190e-02
8.6030000000e+00 -6.6090132820e-03 6.9748284594e-02
8.6040000000e+00 -6.9079719745e-03 7.0400107690e-02
8.6050000000e+00 -7.2144239143e-03 7.1036723423e-02
8.6060000000e+00 -7.5280792823e-03 7.1657873828e-02
8.6070000000e+00 -7.8486372341e-03 7.2263316512e-02
8.6080000000e+00 -8.1757866048e-03 7.2852825066e-02
8.6090000000e+00 -8.5092066391e-03 7.3426189393e-02
8.6100000000e+00 -8.8485677427e-03 7.3983215967e-02
8.6110000000e+00 -9.1935322470e-03 7.4523728013e-02
8.6120000000e+00 -9.5437551850e-03 7.5047565621e-02
8.6130000000e+00 -9.8988850706e-03 7.5554585786e-02
8.6140000000e+00 -1.0258564679e-02 7.6044662393e-02
8.6150000000e+00 -1.0622431825e-02 7.6517686135e-02
8.6160000000e+00 -1.0990120128e-02 7.6973564378e-02
8.6170000000e+00 -1.1361259778e-02 7.7412220981e-02
8.6180000000e+00 -1.1735478283e-02 7.7833596065e-02
8.6190000000e+00 -1.2112401199e-02 7.8237645746e-02
8.6200000000e+00 -1.2491652863e-02 7.8624341838e-02
8.6210000000e+00 -1.2872857088e-02 7.8993671515e-02
8.6220000000e+00 -1.3255637867e-02 7.9345636964e-02
8.6230000000e+00 -1.3639620046e-02 7.9680255006e-02
8.6240000000e+00 -1.4024429991e-02 7.9997556707e-02
8.6250000000e+00 -1.4409696247e-02 8.0297586972e-02
8.6260000000e+00 -1.4795050177e-02 8.0580404136e-02
8.6270000000e+00 -1.5180126598e-02 8.0846079542e-02
8.6280000000e+00 -1.5564564408e-02 8.1094697113e-02
8.6290000000e+00 -1.5948007202e-02 8.1326352924e-02
8.6300000000e+00 -1.6330103885e-02 8.1541154771e-02
8.6310000000e+00 -1.6710509277e-02 8.1739221729e-02
8.6320000000e+00 -1.7088884714e-02 8.1920683716e-02
8.6330000000e+00 -1.7464898636e-02 8.2085681049e-02
8.6340000000e+00 -1.7838227178e-02 8.2234363993e-02
8.6350000000e+00 -1.8208554747e-02 8.2366892311e-02
8.6360000000e+00 -1.8575574587e-02 8.2483434804e-02
8.6370000000e+00 -1.8938989335e-02 8.2584168843e-02
8.6380000000e+00 -1.9298511564e-02 8.2669279895e-02
8.6390000000e+00 -1.9653864304e-02 8.2738961039e-02
8.6400000000e+00 -2.0004781547e-02 8.2793412481e-02
8.6410000000e+00 -2.0351008726e-02 8.2832841044e-02
8.6420000000e+00 -2.0692303165e-02 8.2857459669e-02
8.6430000000e+00 -2.1028434502e-02 8.2867486892e-02
8.6440000000e+00 -2.1359185076e-02 8.2863146325e-02
8.6450000000e+00 -2.1684350272e-02 8.2844666123e-02
8.6460000000e+00 -2.2003738832e-02 8.2812278455e-02
8.6470000000e+00 -2.2317173111e-02 8.2766218963e-02
8.6480000000e+00 -2.2624489294e-02 8.2706726226e-02
8.6490000000e+00 -2.2925537554e-02 8.2634041224e-02
8.6500000000e+00 -2.3220182161e-02 8.2548406801e-02
8.6510000000e+00 -2.3508301529e-02 8.2450067137e-02
8.6520000000e+00 -2.3789788207e-02 8.2339267222e-02
8.6530000000e+00 -2.4064548815e-02 8.2216252345e-02
8.6540000000e+00 -2.4332503910e-02 8.2081267583e-02
8.6550000000e+00 -2.4593587798e-02 8.1934557312e-02
8.6560000000e+00 -2.4847748283e-02 8.1776364731e-02
8.6570000000e+00 -2.5094946365e-02 8.1606931393e-02
8.6580000000e+00 -2.5335155865e-02 8.1426496762e-02
8.6590000000e+00 -2.5568363019e-02 8.1235297786e-02
8.6600000000e+00 -2.5794565998e-02 8.1033568489e-02
8.6610000000e+00 -2.6013774403e-02 8.0821539581e-02
8.6620000000e+00 -2.6226008700e-02 8.0599438096e-02
8.6630000000e+00 -2.6431299628e-02 8.0367487046e-02
8.6640000000e+00 -2.6629687569e-02 8.0125905099e-02
8.6650000000e+00 -2.6821221893e-02 7.9874906283e-02
8.6660000000e+00 -2.7005960273e-02 7.9614699707e-02
8.6670000000e+00 -2.7183967993e-02 7.9345489307e-02
8.6680000000e+00 -2.7355317231e-02 7.9067473618e-02
8.6690000000e+00 -2.7520086339e-02 7.8780845561e-02
8.6700000000e+00 -2.7678359125e-02 7.8485792257e-02
8.6710000000e+00 -2.7830224127e-02 7.8182494861e-02
8.6720000000e+00 -2.7975773897e-02 7.7871128413e-02
8.6730000000e+00 -2.8115104296e-02 7.7551861713e-02
8.6740000000e+00 -2.8248313804e-02 7.7224857215e-02
8.6750000000e+00 -2.8375502842e-02 7.6890270937e-02
8.6760000000e+00 -2.8496773117e-02 7.6548252388e-02
8.6770000000e+00 -2.8612226995e-02 7.6198944521e-02
8.6780000000e+00 -2.8721966887e-02 7.5842483694e-02
8.6790000000e+00 -2.8826094677e-02 7.5478999650e-02
8.6800000000e+00 -2.8924711164e-02 7.5108615516e-02
8.6810000000e+00 -2.9017915537e-02 7.4731447817e-02
8.6820000000e+00 -2.9105804884e-02 7.4347606505e-02
8.6830000000e+00 -2.9188473721e-02 7.3957195004e-02
8.6840000000e+00 -2.9266013554e-02 7.3560310269e-02
8.6850000000e+00 -2.9338512467e-02 7.3157042866e-02
8.6860000000e+00 -2.9406054738e-02 7.2747477062e-02
8.6870000000e+00 -2.9468720479e-02 7.2331690927e-02
8.6880000000e+00 -2.9526585304e-02 7.1909756465e-02
8.6890000000e+00 -2.9579720016e-02 7.1481739740e-02
8.6900000000e+00 -2.9628190323e-02 7.1047701034e-02
8.6910000000e+00 -2.9672056576e-02 7.0607695004e-02
8.6920000000e+00 -2.9711373524e-02 7.0161770862e-02
8.6930000000e+00 -2.9746190099e-02 6.9709972560e-02
8.6940000000e+00 -2.9776549217e-02 6.9252338992e-02
8.6950000000e+00 -2.9802487602e-02 6.8788904196e-02
8.6960000000e+00 -2.9824035633e-02 6.8319697571e-02
8.6970000000e+00 -2.9841217214e-02 6.7844744099e-02
8.6980000000e+00 -2.9854049664e-02 6.7364064572e-02
8.6990000000e+00 -2.9862543632e-02 6.6877675817e-02
8.7000000000e+00 -2.9866703033e-02 6.6385590927e-02
8.7010000000e+00 -2.9866525017e-02 6.5887819489e-02
8.7020000000e+00 -2.9861999950e-02 6.5384367812e-02
8.7030000000e+00 -2.9853111432e-02 6.4875239141e-02
8.7040000000e+00 -2.9839836343e-02 6.4360433878e-02
8.7050000000e+00 -2.9822144904e-02 6.3839949778e-02
8.7060000000e+00 -2.9800000790e-02 6.3313782152e-02
8.7070000000e+00 -2.9773361249e-02 6.2781924041e-02
8.7080000000e+00 -2.9742177273e-02 6.2244366386e-02
8.7090000000e+00 -2.9706393786e-02 6.1701098184e-02
8.7100000000e+00 -2.9665949877e-02 6.1152106620e-02
8.7110000000e+00 -2.9620779057e-02 6.0597377193e-02
8.7120000000e+00 -2.9570809556e-02 6.0036893819e-02
8.7130000000e+00 -2.9515964648e-02 5.9470638917e-02
8.7140000000e+00 -2.9456163017e-02 5.8898593488e-02
8.7150000000e+00 -2.9391319146e-02 5.8320737165e-02
8.7160000000e+00 -2.9321343749e-02 5.7737048266e-02
8.7170000000e+00 -2.9246144228e-02 5.7147503819e-02
8.7180000000e+00 -2.9165625164e-02 5.6552079594e-02
8.7190000000e+00 -2.9079688833e-02 5.5950750108e-02
8.7200000000e+00 -2.8988235761e-02 5.5343488643e-02
8.7210000000e+00 -2.8891165293e-02 5.4730267248e-02
8.7220000000e+00 -2.8788376198e-02 5.4111056743e-02
8.7230000000e+00 -2.8679767295e-02 5.3485826733e-02
8.7240000000e+00 -2.8565238096e-02 5.2854545610e-02
8.7250000000e+00 -2.8444689481e-02 5.2217180581e-02
8.7260000000e+00 -2.8318024375e-02 5.1573697691e-02
8.7270000000e+00 -2.8185148455e-02 5.0924061866e-02
8.7280000000e+00 -2.8045970860e-02 5.0268236965e-02
8.7290000000e+00 -2.7900404910e-02 4.9606185855e-02
8.7300000000e+00 -2.7748368840e-02 4.8937870496e-02
8.7310000000e+00 -2.7589786524e-02 4.8263252051e-02
8.7320000000e+00 -2.7424588203e-02 4.7582291017e-02
8.7330000000e+00 -2.7252711211e-02 4.6894947372e-02
8.7340000000e+00 -2.7074100676e-02 4.6201180749e-02
8.7350000000e+00 -2.6888710226e-02 4.5500950628e-02
8.7360000000e+00 -2.6696502654e-02 4.4794216548e-02
8.7370000000e+00 -2.6497450572e-02 4.4080938345e-02
8.7380000000e+00 -2.6291537028e-02 4.3361076397e-02
8.7390000000e+00 -2.6078756090e-02 4.2634591896e-02
8.7400000000e+00 -2.5859113391e-02 4.1901447132e-02
8.7410000000e+00 -2.5632626630e-02 4.1161605785e-02
8.7420000000e+00 -2.5399326022e-02 4.0415033241e-02
8.7430000000e+00 -2.5159254699e-02 3.9661696905e-02
8.7440000000e+00 -2.4912469054e-02 3.8901566531e-02
8.7450000000e+00 -2.4659039031e-02 3.8134614554e-02
8.7460000000e+00 -2.4399048344e-02 3.7360816434e-02
8.7470000000e+00 -2.4132594647e-02 3.6580150998e-02
8.7480000000e+00 -2.3859789626e-02 3.5792600786e-02
8.7490000000e+00 -2.3580759031e-02 3.4998152404e-02
8.7500000000e+00 -2.3295642643e-02 3.4196796868e-02
8.7510000000e+00 -2.3004594163e-02 3.3388529954e-02
8.7520000000e+00 -2.2707781048e-02 3.2573352537e-02
8.7530000000e+00 -2.2405384264e-02 3.1751270934e-02
8.7540000000e+00 -2.2097597979e-02 3.0922297227e-02
8.7550000000e+00 -2.1784629194e-02 3.0086449584e-02
8.7560000000e+00 -2.1466697301e-02 2.9243752567e-02
8.7570000000e+00 -2.1144033585e-02 2.8394237421e-02
8.7580000000e+00 -2.0816880662e-02 2.7537942346e-02
8.7590000000e+00 -2.0485491864e-02 2.6674912752e-02
8.7600000000e+00 -2.0150130573e-02 2.5805201488e-02
8.7610000000e+00 -1.9811069493e-02 2.4928869045e-02
8.7620000000e+00 -1.9468589894e-02 2.4045983739e-02
8.7630000000e+00 -1.9122980798e-02 2.3156621850e-02
8.7640000000e+00 -1.8774538142e-02 2.2260867743e-02
8.7650000000e+00 -1.8423563900e-02 2.1358813942e-02
8.7660000000e+00 -1.8070365181e-02 2.0450561175e-02
8.7670000000e+00 -1.7715253304e-02 1.9536218374e-02
8.7680000000e+00 -1.7358542865e-02 1.8615902636e-02
8.7690000000e+00 -1.7000550779e-02 1.7689739134e-02
8.7700000000e+00 -1.6641595334e-02 1.6757860988e-02
8.7710000000e+00 -1.6281995236e-02 1.5820409083e-02
8.7720000000e+00 -1.5922068668e-02 1.4877531835e-02
8.7730000000e+00 -1.5562132362e-02 1.3929384912e-02
8.7740000000e+00 -1.5202500696e-02 1.2976130894e-02
8.7750000000e+00 -1.4843484817e-02 1.2017938889e-02
8.7760000000e+00 -1.4485391803e-02 1.1054984083e-02
8.7770000000e+00 -1.4128523858e-02 1.0087447258e-02
8.7780000000e+00 -1.3773177571e-02 9.1155142375e-03
8.7790000000e+00 -1.3419643212e-02 8.1393753044e-03
8.7800000000e+00 -1.3068204102e-02 7.1592245594e-03
8.7810000000e+00 -1.2719136038e-02 6.1752592473e-03
8.7820000000e+00 -1.2372706798e-02 5.1876790440e-03
8.7830000000e+00 -1.2029175705e-02 4.1966853135e-03
8.7840000000e+00 -1.1688793285e-02 3.2024803402e-03
8.7850000000e+00 -1.1351800990e-02 2.2052665439e-03
8.7860000000e+00 -1.1018431008e-02 1.2052456847e-03
8.7870000000e+00 -1.0688906156e-02 2.0261806462e-04
8.7880000000e+00 -1.0363439846e-02 -8.0241826358e-04
8.7890000000e+00 -1.0042236139e-02 -1.8096682733e-03
8.7900000000e+00 -9.7254898694e-03 -2.8189407166e-03
8.7910000000e+00 -9.4133868472e-03 -3.8300488441e-03
8.7920000000e+00 -9.1061041238e-03 -4.8428110818e-03
8.7930000000e+00 -8.8038103272e-03 -5.8570516571e-03
8.7940000000e+00 -8.5066660516e-03 -6.8726011644e-03
8.7950000000e+00 -8.2148242990e-03 -7.8892970618e-03
8.7960000000e+00 -7.9284309657e-03 -8.9069840927e-03
8.7970000000e+00 -7.6476253639e-03 -9.9255146226e-03
8.7980000000e+00 -7.3725407734e-03 -1.0944748888e-02
8.7990000000e+00 -7.1033050143e-03 -1.1964555149e-02
8.8000000000e+00 -6.8400410332e-03 -1.2984809747e-02
8.8010000000e+00 -6.5828674957e-03 -1.4005397052e-02
8.8020000000e+00 -6.3318993783e-03 -1.5026209318e-02
8.8030000000e+00 -6.0872485528e-03 -1.6047146423e-02
8.8040000000e+00 -5.8490243582e-03 -1.7068115513e-02
8.8050000000e+00 -5.6173341537e-03 -1.8089030538e-02
8.8060000000e+00 -5.3922838485e-03 -1.9109811689e-02
8.8070000000e+00 -5.1739784048e-03 -2.0130384747e-02
8.8080000000e+00 -4.9625223103e-03 -2.1150680326e-02
8.8090000000e+00 -4.7580200175e-03 -2.2170633050e-02
8.8100000000e+00 -4.5605763480e-03 -2.3190180634e-02
8.8110000000e+00 -4.3702968603e-03 -2.4209262911e-02
8.8120000000e+00 -4.1872881787e-03 -2.5227820785e-02
8.8130000000e+00 -4.0116582858e-03 -2.6245795141e-02
8.8140000000e+00 -3.8435167743e-03 -2.7263125708e-02
8.8150000000e+00 -3.6829750613e-03 -2.8279749893e-02
8.8160000000e+00 -3.5301465635e-03 -2.9295601589e-02
8.8170000000e+00 -3.3851468333e-03 -3.0310609977e-02
8.8180000000e+00 -3.2480936571e-03 -3.1324698328e-02
8.8190000000e+00 -3.1191071143e-03 -3.2337782808e-02
8.8200000000e+00 -2.9983095978e-03 -3.3349771318e-02
8.8210000000e+00 -2.8858257937e-03 -3.4360562350e-02
8.8220000000e+00 -2.7817826223e-03 -3.5370043897e-02
8.8230000000e+00 -2.6863091349e-03 -3.6378092406e-02
8.8240000000e+00 -2.5995363691e-03 -3.7384571796e-02
8.8250000000e+00 -2.5215971571e-03 -3.8389332537e-02
8.8260000000e+00 -2.4526258870e-03 -3.9392210819e-02
8.8270000000e+00 -2.3927582138e-03 -4.0393027786e-02
8.8280000000e+00 -2.3421307178e-03 -4.1391588877e-02
8.8290000000e+00 -2.3008805083e-03 -4.2387683257e-02
8.8300000000e+00 -2.2691447707e-03 -4.3381083341e-02
8.8310000000e+00 -2.2470602547e-03 -4.4371544441e-02
8.8320000000e+00 -2.2347627028e-03 -4.5358804510e-02
8.8330000000e+00 -2.2323862184e-03 -4.6342584001e-02
8.8340000000e+00 -2.2400625748e-03 -4.7322585853e-02
8.8350000000e+00 -2.2579204642e-03 -4.8298495580e-02
8.8360000000e+00 -2.2860846911e-03 -4.9269981499e-02
8.8370000000e+00 -2.3246753111e-03 -5.0236695063e-02
8.8380000000e+00 -2.3738067223e-03 -5.1198271331e-02
8.8390000000e+00 -2.4335867117e-03 -5.2154329553e-02
8.8400000000e+00 -2.5041154659e-03 -5.3104473879e-02
8.8410000000e+00 -2.5854845518e-03 -5.4048294195e-02
8.8420000000e+00 -2.6777758782e-03 -5.4985367068e-02
8.8430000000e+00 -2.7810606462e-03 -5.5915256810e-02
8.8440000000e+00 -2.8953983004e-03 -5.6837516653e-02
8.8450000000e+00 -3.0208354912e-03 -5.7751690025e-02
8.8460000000e+00 -3.1574050618e-03 -5.8657311924e-02
8.8470000000e+00 -3.3051250695e-03 -5.9553910376e-02
8.8480000000e+00 -3.4639978561e-03 -6.0441007976e-02
8.8490000000e+00 -3.6340091783e-03 -6.1318123487e-02
8.8500000000e+00 -3.8151274110e-03 -6.2184773505e-02
8.8510000000e+00 -4.0073028333e-03 -6.3040474151e-02
8.8520000000e+00 -4.2104670096e-03 -6.3884742804e-02
8.8530000000e+00 -4.4245322744e-03 -6.4717099841e-02
8.8540000000e+00 -4.6493913295e-03 -6.5537070373e-02
8.8550000000e+00 -4.8849169601e-03 -6.6344185974e-02
8.8560000000e+00 -5.1309618758e-03 -6.7137986366e-02
8.8570000000e+00 -5.3873586796e-03 -6.7918021074e-02
8.8580000000e+00 -5.6539199666e-03 -6.8683851005e-02
8.8590000000e+00 -5.9304385518e-03 -6.9435049969e-02
8.8600000000e+00 -6.2166878265e-03 -7.0171206096e-02
8.8610000000e+00 -6.5124222358e-03 -7.0891923174e-02
8.8620000000e+00 -6.8173778742e-03 -7.1596821862e-02
8.8630000000e+00 -7.1312731889e-03 -7.2285540792e-02
8.8640000000e+00 -7.4538097834e-03 -7.2957737547e-02
8.8650000000e+00 -7.7846733077e-03 -7.3613089506e-02
8.8660000000e+00 -8.1235344247e-03 -7.4251294550e-02
8.8670000000e+00 -8.4700498389e-03 -7.4872071635e-02
8.8680000000e+00 -8.8238633727e-03 -7.5475161233e-02
8.8690000000e+00 -9.1846070782e-03 -7.6060325625e-02
8.8700000000e+00 -9.5519023673e-03 -7.6627349078e-02
8.8710000000e+00 -9.9253611491e-03 -7.7176037889e-02
8.8720000000e+00 -1.0304586960e-02 -7.7706220315e-02
8.8730000000e+00 -1.0689176075e-02 -7.8217746397e-02
8.8740000000e+00 -1.1078718590e-02 -7.8710487686e-02
8.8750000000e+00 -1.1472799463e-02 -7.9184336883e-02
8.8760000000e+00 -1.1870999514e-02 -7.9639207410e-02
8.8770000000e+00 -1.2272896371e-02 -8.0075032917e-02
8.8780000000e+00 -1.2678065359e-02 -8.0491766746e-02
8.8790000000e+00 -1.3086080339e-02 -8.0889381353e-02
8.8800000000e+00 -1.3496514489e-02 -8.1267867716e-02
8.8810000000e+00 -1.3908941031e-02 -8.1627234722e-02
8.8820000000e+00 -1.4322933912e-02 -8.1967508560e-02
8.8830000000e+00 -1.4738068446e-02 -8.2288732108e-02
8.8840000000e+00 -1.5153921915e-02 -8.2590964346e-02
8.8850000000e+00 -1.5570074145e-02 -8.2874279777e-02
8.8860000000e+00 -1.5986108064e-02 -8.3138767870e-02
8.8870000000e+00 -1.6401610249e-02 -8.3384532533e-02
8.8880000000e+00 -1.6816171470e-02 -8.3611691601e-02
8.8890000000e+00 -1.7229387238e-02 -8.3820376346e-02
8.8900000000e+00 -1.7640858367e-02 -8.4010731016e-02
8.8910000000e+00 -1.8050191557e-02 -8.4182912373e-02
8.8920000000e+00 -1.8456999990e-02 -8.4337089260e-02
8.8930000000e+00 -1.8860903966e-02 -8.4473442156e-02
8.8940000000e+00 -1.9261531551e-02 -8.4592162746e-02
8.8950000000e+00 -1.9658519266e-02 -8.4693453472e-02
8.8960000000e+00 -2.0051512793e-02 -8.4777527088e-02
8.8970000000e+00 -2.0440167712e-02 -8.4844606183e-02
8.8980000000e+00 -2.0824150253e-02 -8.4894922699e-02
8.8990000000e+00 -2.1203138064e-02 -8.4928717419e-02
8.9000000000e+00 -2.1576820990e-02 -8.4946239426e-02
8.9010000000e+00 -2.1944901849e-02 -8.4947745544e-02
8.9020000000e+00 -2.2307097203e-02 -8.4933499748e-02
8.9030000000e+00 -2.2663138116e-02 -8.4903772543e-02
8.9040000000e+00 -2.3012770883e-02 -8.4858840326e-02
8.9050000000e+00 -2.3355757721e-02 -8.4798984721e-02
8.9060000000e+00 -2.3691877423e-02 -8.4724491897e-02
8.9070000000e+00 -2.4020925948e-02 -8.4635651867e-02
8.9080000000e+00 -2.4342716945e-02 -8.4532757783e-02
8.9090000000e+00 -2.4657082207e-02 -8.4416105217e-02
8.9100000000e+00 -2.4963872035e-02 -8.4285991453e-02
8.9110000000e+00 -2.5262955505e-02 -8.4142714774e-02
8.9120000000e+00 -2.5554220645e-02 -8.3986573765e-02
8.9130000000e+00 -2.5837574497e-02 -8.3817866635e-02
8.9140000000e+00 -2.6112943078e-02 -8.3636890556e-02
8.9150000000e+00 -2.6380271224e-02 -8.3443941036e-02
8.9160000000e+00 -2.6639522330e-02 -8.3239311320e-02
8.9170000000e+00 -2.6890677973e-02 -8.3023291825e-02
8.9180000000e+00 -2.7133737439e-02 -8.2796169623e-02
8.9190000000e+00 -2.7368717146e-02 -8.2558227959e-02
8.9200000000e+00 -2.7595649967e-02 -8.2309745811e-02
8.9210000000e+00 -2.7814584478e-02 -8.2050997500e-02
8.9220000000e+00 -2.8025584117e-02 -8.1782252343e-02
8.9230000000e+00 -2.8228726282e-02 -8.1503774344e-02
8.9240000000e+00 -2.8424101361e-02 -8.1215821927e-02
8.9250000000e+00 -2.8611811726e-02 -8.0918647712e-02
8.9260000000e+00 -2.8791970668e-02 -8.0612498321e-02
8.9270000000e+00 -2.8964701324e-02 -8.0297614210e-02
8.9280000000e+00 -2.9130135573e-02 -7.9974229537e-02
8.9290000000e+00 -2.9288412926e-02 -7.9642572041e-02
8.9300000000e+00 -2.9439679417e-02 -7.9302862942e-02
8.9310000000e+00 -2.9584086507e-02 -7.8955316849e-02
8.9320000000e+00 -2.9721790002e-02 -7.8600141676e-02
8.9330000000e+00 -2.9852949003e-02 -7.8237538558e-02
8.9340000000e+00 -2.9977724881e-02 -7.7867701764e-02
8.9350000000e+00 -3.0096280297e-02 -7.7490818605e-02
8.9360000000e+00 -3.0208778265e-02 -7.7107069334e-02
8.9370000000e+00 -3.0315381258e-02 -7.6716627034e-02
8.9380000000e+00 -3.0416250371e-02 -7.6319657498e-02
8.9390000000e+00 -3.0511544524e-02 -7.5916319097e-02
8.9400000000e+00 -3.0601419731e-02 -7.5506762640e-02
8.9410000000e+00 -3.0686028409e-02 -7.5091131226e-02
8.9420000000e+00 -3.0765518746e-02 -7.4669560094e-02
8.9430000000e+00 -3.0840034109e-02 -7.4242176472e-02
8.9440000000e+00 -3.0909712504e-02 -7.3809099424e-02
8.9450000000e+00 -3.0974686082e-02 -7.3370439718e-02
8.9460000000e+00 -3.1035080673e-02 -7.2926299695e-02
8.9470000000e+00 -3.1091015369e-02 -7.2476773162e-02
8.9480000000e+00 -3.1142602133e-02 -7.2021945303e-02
8.9490000000e+00 -3.1189945438e-02 -7.1561892626e-02
8.9500000000e+00 -3.1233141932e-02 -7.1096682933e-02
8.9510000000e+00 -3.1272280132e-02 -7.0626375326e-02
8.9520000000e+00 -3.1307440128e-02 -7.0151020258e-02
8.9530000000e+00 -3.1338693322e-02 -6.9670659618e-02
8.9540000000e+00 -3.1366102168e-02 -6.9185326863e-02
8.9550000000e+00 -3.1389719944e-02 -6.8695047193e-02
8.9560000000e+00 -3.1409590532e-02 -6.8199837768e-02
8.9570000000e+00 -3.1425748224e-02 -6.7699707976e-02
8.9580000000e+00 -3.1438217537e-02 -6.7194659730e-02
8.9590000000e+00 -3.1447013063e-02 -6.6684687821e-02
8.9600000000e+00 -3.1452139330e-02 -6.6169780286e-02
8.9610000000e+00 -3.1453590697e-02 -6.5649918829e-02
8.9620000000e+00 -3.1451351280e-02 -6.5125079249e-02
8.9630000000e+00 -3.1445394905e-02 -6.4595231896e-02
8.9640000000e+00 -3.1435685108e-02 -6.4060342142e-02
8.9650000000e+00 -3.1422175169e-02 -6.3520370846e-02
8.9660000000e+00 -3.1404808197e-02 -6.2975274832e-02
8.9670000000e+00 -3.1383517259e-02 -6.2425007340e-02
8.9680000000e+00 -3.1358225567e-02 -6.1869518479e-02
8.9690000000e+00 -3.1328846710e-02 -6.1308755639e-02
8.9700000000e+00 -3.1295284953e-02 -6.0742663888e-02
8.9710000000e+00 -3.1257435585e-02 -6.0171186324e-02
8.9720000000e+00 -3.1215185325e-02 -5.9594264400e-02
8.9730000000e+00 -3.1168412788e-02 -5.9011838199e-02
8.9740000000e+00 -3.1116989004e-02 -5.8423846670e-02
8.9750000000e+00 -3.1060777992e-02 -5.7830227830e-02
8.9760000000e+00 -3.0999637387e-02 -5.7230918906e-02
8.9770000000e+00 -3.0933419112e-02 -5.6625856458e-02
8.9780000000e+00 -3.0861970107e-02 -5.6014976452e-02
8.9790000000e+00 -3.0785133097e-02 -5.5398214306e-02
8.9800000000e+00 -3.0702747397e-02 -5.4775504904e-02
8.9810000000e+00 -3.0614649773e-02 -5.4146782589e-02
8.9820000000e+00 -3.0520675319e-02 -5.3511981144e-02
8.9830000000e+00 -3.0420658386e-02 -5.2871033753e-02
8.9840000000e+00 -3.0314433534e-02 -5.2223872962e-02
8.9850000000e+00 -3.0201836511e-02 -5.1570430651e-02
8.9860000000e+00 -3.0082705263e-02 -5.0910637997e-02
8.9870000000e+00 -2.9956880961e-02 -5.0244425476e-02
8.9880000000e+00 -2.9824209049e-02 -4.9571722864e-02
8.9890000000e+00 -2.9684540305e-02 -4.8892459286e-02
8.9900000000e+00 -2.9537731912e-02 -4.8206563281e-02
8.9910000000e+00 -2.9383648533e-02 -4.7513962911e-02
8.9920000000e+00 -2.9222163384e-02 -4.6814585908e-02
8.9930000000e+00 -2.9053159299e-02 -4.6108359855e-02
8.9940000000e+00 -2.8876529782e-02 -4.5395212409e-02
8.9950000000e+00 -2.8692180032e-02 -4.4675071567e-02
8.9960000000e+00 -2.8500027945e-02 -4.3947865954e-02
8.9970000000e+00 -2.8300005068e-02 -4.3213525164e-02
8.9980000000e+00 -2.8092057518e-02 -4.2471980110e-02
8.9990000000e+00 -2.7876146834e-02 -4.1723163417e-02
9.0000000000e+00 -2.7652250782e-02 -4.0967009829e-02
9.0010000000e+00 -2.7420364077e-02 -4.0203456630e-02
9.0020000000e+00 -2.7180499039e-02 -3.9432444095e-02
9.0030000000e+00 -2.6932686159e-02 -3.8653915934e-02
9.0040000000e+00 -2.6676974591e-02 -3.7867819758e-02
9.0050000000e+00 -2.6413432535e-02 -3.7074107542e-02
9.0060000000e+00 -2.6142147535e-02 -3.6272736094e-02
9.0070000000e+00 -2.5863226677e-02 -3.5463667524e-02
9.0080000000e+00 -2.5576796681e-02 -3.4646869703e-02
9.0090000000e+00 -2.5283003888e-02 -3.3822316723e-02
9.0100000000e+00 -2.4982014145e-02 -3.2989989345e-02
9.0110000000e+00 -2.4674012586e-02 -3.2149875433e-02
9.0120000000e+00 -2.4359203298e-02 -3.1301970368e-02
9.0130000000e+00 -2.4037808896e-02 -3.0446277458e-02
9.0140000000e+00 -2.3710069985e-02 -2.9582808302e-02
9.0150000000e+00 -2.3376244536e-02 -2.8711583155e-02
9.0160000000e+00 -2.3036607156e-02 -2.7832631243e-02
9.0170000000e+00 -2.2691448274e-02 -2.6945991062e-02
9.0180000000e+00 -2.2341073251e-02 -2.6051710643e-02
9.0190000000e+00 -2.1985801397e-02 -2.5149847775e-02
9.0200000000e+00 -2.1625964928e-02 -2.4240470206e-02
9.0210000000e+00 -2.1261907858e-02 -2.3323655798e-02
9.0220000000e+00 -2.0893984827e-02 -2.2399492652e-02
9.0230000000e+00 -2.0522559887e-02 -2.1468079190e-02
9.0240000000e+00 -2.0148005238e-02 -2.0529524206e-02
9.0250000000e+00 -1.9770699934e-02 -1.9583946865e-02
9.0260000000e+00 -1.9391028558e-02 -1.8631476680e-02
9.0270000000e+00 -1.9009379881e-02 -1.7672253427e-02
9.0280000000e+00 -1.8626145503e-02 -1.6706427032e-02
9.0290000000e+00 -1.8241718499e-02 -1.5734157397e-02
9.0300000000e+00 -1.7856492061e-02 -1.4755614192e-02
9.0310000000e+00 -1.7470858159e-02 -1.3770976586e-02
9.0320000000e+00 -1.7085206221e-02 -1.2780432924e-02
9.0330000000e+00 -1.6699921847e-02 -1.1784180349e-02
9.0340000000e+00 -1.6315385557e-02 -1.0782424370e-02
9.0350000000e+00 -1.5931971589e-02 -9.7753783564e-03
9.0360000000e+00 -1.5550046758e-02 -8.7632629843e-03
9.0370000000e+00 -1.5169969374e-02 -7.7463056065e-03
9.0380000000e+00 -1.4792088240e-02 -6.7247395669e-03
9.0390000000e+00 -1.4416741722e-02 -5.6988034500e-03
9.0400000000e+00 -1.4044256926e-02 -4.6687402688e-03
9.0410000000e+00 -1.3674948950e-02 -3.6347965973e-03
9.0420000000e+00 -1.3309120262e-02 -2.5972216482e-03
9.0430000000e+00 -1.2947060171e-02 -1.5562663039e-03
9.0440000000e+00 -1.2589044419e-02 -5.1218210641e-04
9.0450000000e+00 -1.2235334890e-02 5.3477978458e-04
9.0460000000e+00 -1.1886179439e-02 1.5843696578e-03
9.0470000000e+00 -1.1541811840e-02 2.6363403285e-03
9.0480000000e+00 -1.1202451852e-02 3.6904482177e-03
9.0490000000e+00 -1.0868305407e-02 4.7464544205e-03
9.0500000000e+00 -1.0539564903e-02 5.8041257492e-03
9.0510000000e+00 -1.0216409605e-02 6.8632357385e-03
9.0520000000e+00 -9.8990061475e-03 7.9235655989e-03
9.0530000000e+00 -9.5875091179e-03 8.9849051032e-03
9.0540000000e+00 -9.2820617263e-03 1.0047053394e-02
9.0550000000e+00 -8.9827965353e-03 1.1109819700e-02
9.0560000000e+00 -8.6898362475e-03 1.2173023943e-02
9.0570000000e+00 -8.4032945327e-03 1.3236497239e-02
9.0580000000e+00 -8.1232768858e-03 1.4300082260e-02
9.0590000000e+00 -7.8498814995e-03 1.5363633480e-02
9.0600000000e+00 -7.5832001427e-03 1.6427017268e-02
9.0610000000e+00 -7.3233190314e-03 1.7490111844e-02
9.0620000000e+00 -7.0703196830e-03 1.8552807087e-02
9.0630000000e+00 -6.8242797445e-03 1.9615004199e-02
9.0640000000e+00 -6.5852737867e-03 2.0676615216e-02
9.0650000000e+00 -6.3533740581e-03 2.1737562385e-02
9.0660000000e+00 -6.1286511932e-03 2.2797777401e-02
9.0670000000e+00 -5.9111748719e-03 2.3857200508e-02
9.0680000000e+00 -5.7010144266e-03 2.4915779486e-02
9.0690000000e+00 -5.4982393972e-03 2.5973468520e-02
9.0700000000e+00 -5.3029200335e-03 2.7030226974e-02
9.0710000000e+00 -5.1151277454e-03 2.8086018074e-02
9.0720000000e+00 -4.9349355043e-03 2.9140807519e-02
9.0730000000e+00 -4.7624181980e-03 3.0194562034e-02
9.0740000000e+00 -4.5976529419e-03 3.1247247878e-02
9.0750000000e+00 -4.4407193512e-03 3.2298829328e-02
9.0760000000e+00 -4.2916997774e-03 3.3349267147e-02
9.0770000000e+00 -4.1506795120e-03 3.4398517053e-02
9.0780000000e+00 -4.0177469619e-03 3.5446528216e-02
9.0790000000e+00 -3.8929937984e-03 3.6493241769e-02
9.0800000000e+00 -3.7765150801e-03 3.7538589383e-02
9.0810000000e+00 -3.6684093526e-03 3.8582491882e-02
9.0820000000e+00 -3.5687787225e-03 3.9624857937e-02
9.0830000000e+00 -3.4777289036e-03 4.0665582834e-02
9.0840000000e+00 -3.3953692345e-03 4.1704547321e-02
9.0850000000e+00 -3.3218126599e-03 4.2741616561e-02
9.0860000000e+00 -3.2571756738e-03 4.3776639167e-02
9.0870000000e+00 -3.2015782151e-03 4.4809446357e-02
9.0880000000e+00 -3.1551435120e-03 4.5839851197e-02
9.0890000000e+00 -3.1179978652e-03 4.6867647968e-02
9.0900000000e+00 -3.0902703649e-03 4.7892611636e-02
9.0910000000e+00 -3.0720925327e-03 4.8914497434e-02
9.0920000000e+00 -3.0635978830e-03 4.9933040556e-02
9.0930000000e+00 -3.0649213976e-03 5.0947955977e-02
9.0940000000e+00 -3.0761989089e-03 5.1958938374e-02
9.0950000000e+00 -3.0975663876e-03 5.2965662182e-02
9.0960000000e+00 -3.1291591348e-03 5.3967781765e-02
9.0970000000e+00 -3.1711108764e-03 5.4964931713e-02
9.0980000000e+00 -3.2235527634e-03 5.5956727277e-02
9.0990000000e+00 -3.2866122817e-03 5.6942764927e-02
9.1000000000e+00 -3.3604120775e-03 5.7922623055e-02
9.1010000000e+00 -3.4450687079e-03 5.8895862814e-02
9.1020000000e+00 -3.5406913263e-03 5.9862029094e-02
9.1030000000e+00 -3.6473803160e-03 6.0820651645e-02
9.1040000000e+00 -3.7652258879e-03 6.1771246335e-02
9.1050000000e+00 -3.8943066570e-03 6.2713316540e-02
9.1060000000e+00 -4.0346882179e-03 6.3646354668e-02
9.1070000000e+00 -4.1864217360e-03 6.4569843804e-02
9.1080000000e+00 -4.3495425774e-03 6.5483259463e-02
9.1090000000e+00 -4.5240689954e-03 6.6386071447e-02
9.1100000000e+00 -4.7100008957e-03 6.7277745793e-02
9.1110000000e+00 -4.9073186981e-03 6.8157746780e-02
9.1120000000e+00 -5.1159823162e-03 6.9025539004e-02
9.1130000000e+00 -5.3359302707e-03 6.9880589480e-02
9.1140000000e+00 -5.5670789517e-03 7.0722369761e-02
9.1150000000e+00 -5.8093220452e-03 7.1550358058e-02
9.1160000000e+00 -6.0625301317e-03 7.2364041326e-02
9.1170000000e+00 -6.3265504673e-03 7.3162917306e-02
9.1180000000e+00 -6.6012069488e-03 7.3946496501e-02
9.1190000000e+00 -6.8863002664e-03 7.4714304054e-02
9.1200000000e+00 -7.1816082382e-03 7.5465881525e-02
9.1210000000e+00 -7.4868863238e-03 7.6200788533e-02
9.1220000000e+00 -7.8018683036e-03 7.6918604253e-02
9.1230000000e+00 -8.1262671134e-03 7.7618928756e-02
9.1240000000e+00 -8.4597758167e-03 7.8301384174e-02
9.1250000000e+00 -8.8020686970e-03 7.8965615683e-02
9.1260000000e+00 -9.1528024486e-03 7.9611292306e-02
9.1270000000e+00 -9.5116174437e-03 8.0238107516e-02
9.1280000000e+00 -9.8781390535e-03 8.0845779663e-02
9.1290000000e+00 -1.0251978998e-02 8.1434052207e-02
9.1300000000e+00 -1.0632736703e-02 8.2002693791e-02
9.1310000000e+00 -1.1020000642e-02 8.2551498138e-02
9.1320000000e+00 -1.1413349643e-02 8.3080283814e-02
9.1330000000e+00 -1.1812354141e-02 8.3588893849e-02
9.1340000000e+00 -1.2216577368e-02 8.4077195259e-02
9.1350000000e+00 -1.2625576455e-02 8.4545078474e-02
9.1360000000e+00 -1.3038903458e-02 8.4992456695e-02
9.1370000000e+00 -1.3456106290e-02 8.5419265212e-02
9.1380000000e+00 -1.3876729564e-02 8.5825460685e-02
9.1390000000e+00 -1.4300315351e-02 8.6211020433e-02
9.1400000000e+00 -1.4726403859e-02 8.6575941717e-02
9.1410000000e+00 -1.5154534051e-02 8.6920241063e-02
9.1420000000e+00 -1.5584244201e-02 8.7243953610e-02
9.1430000000e+00 -1.6015072416e-02 8.7547132511e-02
9.1440000000e+00 -1.6446557134e-02 8.7829848388e-02
9.1450000000e+00 -1.6878237611e-02 8.8092188827e-02
9.1460000000e+00 -1.7309654424e-02 8.8334257944e-02
9.1470000000e+00 -1.7740349994e-02 8.8556175987e-02
9.1480000000e+00 -1.8169869145e-02 8.8758078982e-02
9.1490000000e+00 -1.8597759715e-02 8.8940118419e-02
9.1500000000e+00 -1.9023573227e-02 8.9102460952e-02
9.1510000000e+00 -1.9446865624e-02 8.9245288120e-02
9.1520000000e+00 -1.9867198071e-02 8.9368796063e-02
9.1530000000e+00 -2.0284137829e-02 8.9473195224e-02
9.1540000000e+00 -2.0697259203e-02 8.9558710029e-02
9.1550000000e+00 -2.1106144546e-02 8.9625578534e-02
9.1560000000e+00 -2.1510385332e-02 8.9674052023e-02
9.1570000000e+00 -2.1909583274e-02 8.9704394557e-02
9.1580000000e+00 -2.2303351487e-02 8.9716882462e-02
9.1590000000e+00 -2.2691315680e-02 8.9711803757e-02
9.1600000000e+00 -2.3073115363e-02 8.9689457514e-02
9.1610000000e+00 -2.3448405066e-02 8.9650153154e-02
9.1620000000e+00 -2.3816855531e-02 8.9594209676e-02
9.1630000000e+00 -2.4178154887e-02 8.9521954834e-02
9.1640000000e+00 -2.4532009773e-02 8.9433724250e-02
9.1650000000e+00 -2.4878146399e-02 8.9329860477e-02
9.1660000000e+00 -2.5216311524e-02 8.9210712036e-02
9.1670000000e+00 -2.5546273338e-02 8.9076632399e-02
9.1680000000e+00 -2.5867822225e-02 8.8927978973e-02
9.1690000000e+00 -2.6180771407e-02 8.8765112057e-02
9.1700000000e+00 -2.6484957439e-02 8.8588393808e-02
9.1710000000e+00 -2.6780240563e-02 8.8398187221e-02
9.1720000000e+00 -2.7066504898e-02 8.8194855123e-02
9.1730000000e+00 -2.7343658481e-02 8.7978759216e-02
9.1740000000e+00 -2.7611633137e-02 8.7750259156e-02
9.1750000000e+00 -2.7870384205e-02 8.7509711684e-02
9.1760000000e+00 -2.8119890096e-02 8.7257469829e-02
9.1770000000e+00 -2.8360151718e-02 8.6993882170e-02
9.1780000000e+00 -2.8591191753e-02 8.6719292171e-02
9.1790000000e+00 -2.8813053818e-02 8.6434037599e-02
9.1800000000e+00 -2.9025801498e-02 8.6138450002e-02
9.1810000000e+00 -2.9229517294e-02 8.5832854279e-02
9.1820000000e+00 -2.9424301464e-02 8.5517568306e-02
9.1830000000e+00 -2.9610270808e-02 8.5192902637e-02
9.1840000000e+00 -2.9787557384e-02 8.4859160260e-02
9.1850000000e+00 -2.9956307187e-02 8.4516636412e-02
9.1860000000e+00 -3.0116678789e-02 8.4165618427e-02
9.1870000000e+00 -3.0268841980e-02 8.3806385630e-02
9.1880000000e+00 -3.0412976395e-02 8.3439209242e-02
9.1890000000e+00 -3.0549270156e-02 8.3064352311e-02
9.1900000000e+00 -3.0677918545e-02 8.2682069640e-02
9.1910000000e+00 -3.0799122701e-02 8.2292607713e-02
9.1920000000e+00 -3.0913088370e-02 8.1896204604e-02
9.1930000000e+00 -3.1020024694e-02 8.1493089874e-02
9.1940000000e+00 -3.1120143074e-02 8.1083484440e-02
9.1950000000e+00 -3.1213656077e-02 8.0667600414e-02
9.1960000000e+00 -3.1300776422e-02 8.0245640927e-02
9.1970000000e+00 -3.1381716026e-02 7.9817799909e-02
9.1980000000e+00 -3.1456685116e-02 7.9384261862e-02
9.1990000000e+00 -3.1525891411e-02 7.8945201604e-02
9.2000000000e+00 -3.1589539361e-02 7.8500784008e-02
9.2010000000e+00 -3.1647829450e-02 7.8051163724e-02
9.2020000000e+00 -3.1700957554e-02 7.7596484921e-02
9.2030000000e+00 -3.1749114343e-02 7.7136881024e-02
9.2040000000e+00 -3.1792484739e-02 7.6672474482e-02
9.2050000000e+00 -3.1831247398e-02 7.6203376562e-02
9.2060000000e+00 -3.1865574239e-02 7.5729687178e-02
9.2070000000e+00 -3.1895629992e-02 7.5251494771e-02
9.2080000000e+00 -3.1921571770e-02 7.4768876237e-02
9.2090000000e+00 -3.1943548657e-02 7.4281896918e-02
9.2100000000e+00 -3.1961701313e-02 7.3790610655e-02
9.2110000000e+00 -3.1976161582e-02 7.3295059909e-02
9.2120000000e+00 -3.1987052107e-02 7.2795275959e-02
9.2130000000e+00 -3.1994485958e-02 7.2291279167e-02
9.2140000000e+00 -3.1998566246e-02 7.1783079320e-02
9.2150000000e+00 -3.1999385758e-02 7.1270676046e-02
9.2160000000e+00 -3.1997026584e-02 7.0754059297e-02
9.2170000000e+00 -3.1991559754e-02 7.0233209899e-02
9.2180000000e+00 -3.1983044889e-02 6.9708100162e-02
9.2190000000e+00 -3.1971529861e-02 6.9178694541e-02
9.2200000000e+00 -3.1957050480e-02 6.8644950340e-02
9.2210000000e+00 -3.1939630198e-02 6.8106818445e-02
9.2220000000e+00 -3.1919279862e-02 6.7564244081e-02
9.2230000000e+00 -3.1895997498e-02 6.7017167567e-02
9.2240000000e+00 -3.1869768148e-02 6.6465525076e-02
9.2250000000e+00 -3.1840563764e-02 6.5909249358e-02
9.2260000000e+00 -3.1808343165e-02 6.5348270444e-02
9.2270000000e+00 -3.1773052064e-02 6.4782516290e-02
9.2280000000e+00 -3.1734623160e-02 6.4211913374e-02
9.2290000000e+00 -3.1692976309e-02 6.3636387216e-02
9.2300000000e+00 -3.1648018768e-02 6.3055862830e-02
9.2310000000e+00 -3.1599645515e-02 6.2470265090e-02
9.2320000000e+00 -3.1547739637e-02 6.1879519015e-02
9.2330000000e+00 -3.1492172791e-02 6.1283549967e-02
9.2340000000e+00 -3.1432805729e-02 6.0682283770e-02
9.2350000000e+00 -3.1369488887e-02 6.0075646742e-02
9.2360000000e+00 -3.1302063029e-02 5.9463565659e-02
9.2370000000e+00 -3.1230359948e-02 5.8845967649e-02
9.2380000000e+00 -3.1154203217e-02 5.8222780031e-02
9.2390000000e+00 -3.1073408981e-02 5.7593930099e-02
9.2400000000e+00 -3.0987786797e-02 5.6959344884e-02
9.2410000000e+00 -3.0897140519e-02 5.6318950881e-02
9.2420000000e+00 -3.0801269213e-02 5.5672673771e-02
9.2430000000e+00 -3.0699968118e-02 5.5020438149e-02
9.2440000000e+00 -3.0593029649e-02 5.4362167269e-02
9.2450000000e+00 -3.0480244432e-02 5.3697782813e-02
9.2460000000e+00 -3.0361402388e-02 5.3027204714e-02
9.2470000000e+00 -3.0236293857e-02 5.2350351021e-02
9.2480000000e+00 -3.0104710761e-02 5.1667137834e-02
9.2490000000e+00 -2.9966447821e-02 5.0977479295e-02
9.2500000000e+00 -2.9821303800e-02 5.0281287665e-02
9.2510000000e+00 -2.9669082806e-02 4.9578473458e-02
9.2520000000e+00 -2.9509595614e-02 4.8868945663e-02
9.2530000000e+00 -2.9342661024e-02 4.8152612017e-02
9.2540000000e+00 -2.9168107248e-02 4.7429379353e-02
9.2550000000e+00 -2.8985773302e-02 4.6699153998e-02
9.2560000000e+00 -2.8795510408e-02 4.5961842225e-02
9.2570000000e+00 -2.8597183383e-02 4.5217350736e-02
9.2580000000e+00 -2.8390672019e-02 4.4465587193e-02
9.2590000000e+00 -2.8175872414e-02 4.3706460758e-02
9.2600000000e+00 -2.7952698274e-02 4.2939882664e-02
9.2610000000e+00 -2.7721082142e-02 4.2165766799e-02
9.2620000000e+00 -2.7480976560e-02 4.1384030290e-02
9.2630000000e+00 -2.7232355143e-02 4.0594594096e-02
9.2640000000e+00 -2.6975213549e-02 3.9797383601e-02
9.2650000000e+00 -2.6709570344e-02 3.8992329198e-02
9.2660000000e+00 -2.6435467725e-02 3.8179366860e-02
9.2670000000e+00 -2.6152972131e-02 3.7358438709e-02
9.2680000000e+00 -2.5862174686e-02 3.6529493554e-02
9.2690000000e+00 -2.5563191505e-02 3.5692487412e-02
9.2700000000e+00 -2.5256163837e-02 3.4847384007e-02
9.2710000000e+00 -2.4941258054e-02 3.3994155234e-02
9.2720000000e+00 -2.4618665470e-02 3.3132781597e-02
9.2730000000e+00 -2.4288602015e-02 3.2263252613e-02
9.2740000000e+00 -2.3951307748e-02 3.1385567184e-02
9.2750000000e+00 -2.3607046221e-02 3.0499733933e-02
9.2760000000e+00 -2.3256103711e-02 2.9605771519e-02
9.2770000000e+00 -2.2898788310e-02 2.8703708916e-02
9.2780000000e+00 -2.2535428900e-02 2.7793585669e-02
9.2790000000e+00 -2.2166374015e-02 2.6875452137e-02
9.2800000000e+00 -2.1791990594e-02 2.5949369713e-02
9.2810000000e+00 -2.1412662643e-02 2.5015411035e-02
9.2820000000e+00 -2.1028789821e-02 2.4073660193e-02
9.2830000000e+00 -2.0640785939e-02 2.3124212921e-02
9.2840000000e+00 -2.0249077399e-02 2.2167176795e-02
9.2850000000e+00 -1.9854101578e-02 2.1202671424e-02
9.2860000000e+00 -1.9456305158e-02 2.0230828628e-02
9.2870000000e+00 -1.9056142414e-02 1.9251792609e-02
9.2880000000e+00 -1.8654073473e-02 1.8265720114e-02
9.2890000000e+00 -1.8250562540e-02 1.7272780555e-02
9.2900000000e+00 -1.7846076115e-02 1.6273156113e-02
9.2910000000e+00 -1.7441081192e-02 1.5267041787e-02
9.2920000000e+00 -1.7036043461e-02 1.4254645391e-02
9.2930000000e+00 -1.6631425521e-02 1.3236187481e-02
9.2940000000e+00 -1.6227685105e-02 1.2211901202e-02
9.2950000000e+00 -1.5825273346e-02 1.1182032042e-02
9.2960000000e+00 -1.5424633081e-02 1.0146837484e-02
9.2970000000e+00 -1.5026197206e-02 9.1065865342e-03
9.2980000000e+00 -1.4630387117e-02 8.0615591409e-03
9.2990000000e+00 -1.4237611222e-02 7.0120454686e-03
9.3000000000e+00 -1.3848263565e-02 5.9583450449e-03
9.3010000000e+00 -1.3462722562e-02 4.9007657666e-03
9.3020000000e+00 -1.3081349868e-02 3.8396227696e-03
9.3030000000e+00 -1.2704489399e-02 2.7752371655e-03
9.3040000000e+00 -1.2332466506e-02 1.7079346523e-03
9.3050000000e+00 -1.1965587317e-02 6.3804400993e-04
9.3060000000e+00 -1.1604138272e-02 -4.3410450741e-04
9.3070000000e+00 -1.1248385826e-02 -1.5081808629e-03
9.3080000000e+00 -1.0898576362e-02 -2.5838569955e-03
9.3090000000e+00 -1.0554936271e-02 -3.6608086211e-03
9.3100000000e+00 -1.0217672241e-02 -4.7387170545e-03
9.3110000000e+00 -9.8869717097e-03 -5.8172710234e-03
9.3120000000e+00 -9.5630034958e-03 -6.8961684506e-03
9.3130000000e+00 -9.2459185869e-03 -7.9751181753e-03
9.3140000000e+00 -8.9358510684e-03 -9.0538415874e-03
9.3150000000e+00 -8.6329191772e-03 -1.0132074149e-02
9.3160000000e+00 -8.3372264596e-03 -1.1209566775e-02
9.3170000000e+00 -8.0488630114e-03 -1.2286087059e-02
9.3180000000e+00 -7.7679067777e-03 -1.3361420309e-02
9.3190000000e+00 -7.4944248899e-03 -1.4435370391e-02
9.3200000000e+00 -7.2284750168e-03 -1.5507760356e-02
9.3210000000e+00 -6.9701067069e-03 -1.6578432842e-02
9.3220000000e+00 -6.7193627028e-03 -1.7647250243e-02
9.3230000000e+00 -6.4762802062e-03 -1.8714094639e-02
9.3240000000e+00 -6.2408920776e-03 -1.9778867494e-02
9.3250000000e+00 -6.0132279559e-03 -2.0841489113e-02
9.3260000000e+00 -5.7933152861e-03 -2.1901897882e-02
9.3270000000e+00 -5.5811802458e-03 -2.2960049285e-02
9.3280000000e+00 -5.3768485671e-03 -2.4015914722e-02
9.3290000000e+00 -5.1803462497e-03 -2.5069480145e-02
9.3300000000e+00 -4.9917001700e-03 -2.6120744528e-02
9.3310000000e+00 -4.8109385892e-03 -2.7169718196e-02
9.3320000000e+00 -4.6380915702e-03 -2.8216421026e-02
9.3330000000e+00 -4.4731913134e-03 -2.9260880557e-02
9.3340000000e+00 -4.3162724256e-03 -3.0303130023e-02
9.3350000000e+00 -4.1673721350e-03 -3.1343206335e-02
9.3360000000e+00 -4.0265304688e-03 -3.2381148027e-02
9.3370000000e+00 -3.8937904076e-03 -3.3416993205e-02
9.3380000000e+00 -3.7691980309e-03 -3.4450777498e-02
9.3390000000e+00 -3.6528026661e-03 -3.5482532039e-02
9.3400000000e+00 -3.5446570516e-03 -3.6512281496e-02
9.3410000000e+00 -3.4448175200e-03 -3.7540042162e-02
9.3420000000e+00 -3.3533442085e-03 -3.8565820113e-02
9.3430000000e+00 -3.2703012949e-03 -3.9589609450e-02
9.3440000000e+00 -3.1957572576e-03 -4.0611390632e-02
9.3450000000e+00 -3.1297851557e-03 -4.1631128897e-02
9.3460000000e+00 -3.0724629164e-03 -4.2648772789e-02
9.3470000000e+00 -3.0238736217e-03 -4.3664252773e-02
9.3480000000e+00 -2.9841057770e-03 -4.4677479958e-02
9.3490000000e+00 -2.9532535465e-03 -4.5688344918e-02
9.3500000000e+00 -2.9314169360e-03 -4.6696716607e-02
9.3510000000e+00 -2.9187019051e-03 -4.7702441390e-02
9.3520000000e+00 -2.9152203874e-03 -4.8705342167e-02
9.3530000000e+00 -2.9210902021e-03 -4.9705217621e-02
9.3540000000e+00 -2.9364348355e-03 -5.0701841574e-02
9.3550000000e+00 -2.9613830797e-03 -5.1694962482e-02
9.3560000000e+00 -2.9960685115e-03 -5.2684303066e-02
9.3570000000e+00 -3.0406288024e-03 -5.3669560092e-02
9.3580000000e+00 -3.0952048519e-03 -5.4650404319e-02
9.3590000000e+00 -3.1599397409e-03 -5.5626480625e-02
9.3600000000e+00 -3.2349775065e-03 -5.6597408322e-02
9.3610000000e+00 -3.3204617434e-03 -5.7562781667e-02
9.3620000000e+00 -3.4165340426e-03 -5.8522170584e-02
9.3630000000e+00 -3.5233322811e-03 -5.9475121607e-02
9.3640000000e+00 -3.6409887840e-03 -6.0421159035e-02
9.3650000000e+00 -3.7696283798e-03 -6.1359786315e-02
9.3660000000e+00 -3.9093663766e-03 -6.2290487638e-02
9.3670000000e+00 -4.0603064904e-03 -6.3212729758e-02
9.3680000000e+00 -4.2225387563e-03 -6.4125964015e-02
9.3690000000e+00 -4.3961374590e-03 -6.5029628543e-02
9.3700000000e+00 -4.5811591159e-03 -6.5923150672e-02
9.3710000000e+00 -4.7776405513e-03 -6.6805949474e-02
9.3720000000e+00 -4.9855970948e-03 -6.7677438446e-02
9.3730000000e+00 -5.2050209382e-03 -6.8537028307e-02
9.3740000000e+00 -5.4358796828e-03 -6.9384129858e-02
9.3750000000e+00 -5.6781151047e-03 -7.0218156895e-02
9.3760000000e+00 -5.9316421612e-03 -7.1038529123e-02
9.3770000000e+00 -6.1963482589e-03 -7.1844675036e-02
9.3780000000e+00 -6.4720927957e-03 -7.2636034730e-02
9.3790000000e+00 -6.7587069855e-03 -7.3412062610e-02
9.3800000000e+00 -7.0559939667e-03 -7.4172229941e-02
9.3810000000e+00 -7.3637291892e-03 -7.4916027227e-02
9.3820000000e+00 -7.6816610704e-03 -7.5642966365e-02
9.3830000000e+00 -8.0095119013e-03 -7.6352582572e-02
9.3840000000e+00 -8.3469789825e-03 -7.7044436028e-02
9.3850000000e+00 -8.6937359597e-03 -7.7718113249e-02
9.3860000000e+00 -9.0494343317e-03 -7.8373228168e-02
9.3870000000e+00 -9.4137050921e-03 -7.9009422910e-02
9.3880000000e+00 -9.7861604718e-03 -7.9626368288e-02
9.3890000000e+00 -1.0166395745e-02 -8.0223764010e-02
9.3900000000e+00 -1.0553991058e-02 -8.0801338631e-02
9.3910000000e+00 -1.0948513255e-02 -8.1358849260e-02
9.3920000000e+00 -1.1349517659e-02 -8.1896081061e-02
9.3930000000e+00 -1.1756549783e-02 -8.2412846581e-02
9.3940000000e+00 -1.2169146950e-02 -8.2908984936e-02
9.3950000000e+00 -1.2586839799e-02 -8.3384360887e-02
9.3960000000e+00 -1.3009153666e-02 -8.3838863858e-02
9.3970000000e+00 -1.3435609826e-02 -8.4272406924e-02
9.3980000000e+00 -1.3865726602e-02 -8.4684925789e-02
9.3990000000e+00 -1.4299020334e-02 -8.5076377808e-02
9.4000000000e+00 -1.4735006223e-02 -8.5446741063e-02
9.4010000000e+00 -1.5173199049e-02 -8.5796013509e-02
9.4020000000e+00 -1.5613113799e-02 -8.6124212223e-02
9.4030000000e+00 -1.6054266191e-02 -8.6431372743e-02
9.4040000000e+00 -1.6496173145e-02 -8.6717548523e-02
9.4050000000e+00 -1.6938353197e-02 -8.6982810483e-02
9.4060000000e+00 -1.7380326888e-02 -8.7227246665e-02
9.4070000000e+00 -1.7821617149e-02 -8.7450961967e-02
9.4080000000e+00 -1.8261749695e-02 -8.7654077957e-02
9.4090000000e+00 -1.8700253452e-02 -8.7836732739e-02
9.4100000000e+00 -1.9136661027e-02 -8.7999080850e-02
9.4110000000e+00 -1.9570509242e-02 -8.8141293186e-02
9.4120000000e+00 -2.0001339739e-02 -8.8263556903e-02
9.4130000000e+00 -2.0428699662e-02 -8.8366075306e-02
9.4140000000e+00 -2.0852142431e-02 -8.8449067688e-02
9.4150000000e+00 -2.1271228600e-02 -8.8512769104e-02
9.4160000000e+00 -2.1685526813e-02 -8.8557430069e-02
9.4170000000e+00 -2.2094614843e-02 -8.8583316165e-02
9.4180000000e+00 -2.2498080710e-02 -8.8590707551e-02
9.4190000000e+00 -2.2895523884e-02 -8.8579898365e-02
9.4200000000e+00 -2.3286556545e-02 -8.8551196018e-02
9.4210000000e+00 -2.3670804892e-02 -8.8504920385e-02
9.4220000000e+00 -2.4047910496e-02 -8.8441402884e-02
9.4230000000e+00 -2.4417531665e-02 -8.8360985468e-02
9.4240000000e+00 -2.4779344805e-02 -8.8264019524e-02
9.4250000000e+00 -2.5133045767e-02 -8.8150864700e-02
9.4260000000e+00 -2.5478351144e-02 -8.8021887672e-02
9.4270000000e+00 -2.5814999506e-02 -8.7877460865e-02
9.4280000000e+00 -2.6142752549e-02 -8.7717961158e-02
9.4290000000e+00 -2.6461396134e-02 -8.7543768576e-02
9.4300000000e+00 -2.6770741206e-02 -8.7355264993e-02
9.4310000000e+00 -2.7070624555e-02 -8.7152832875e-02
9.4320000000e+00 -2.7360909433e-02 -8.6936854067e-02
9.4330000000e+00 -2.7641485986e-02 -8.6707708649e-02
9.4340000000e+00 -2.7912271504e-02 -8.6465773869e-02
9.4350000000e+00 -2.8173210482e-02 -8.6211423181e-02
9.4360000000e+00 -2.8424274478e-02 -8.5945025373e-02
9.4370000000e+00 -2.8665461784e-02 -8.5666943819e-02
9.4380000000e+00 -2.8896796897e-02 -8.5377535847e-02
9.4390000000e+00 -2.9118329795e-02 -8.5077152223e-02
9.4400000000e+00 -2.9330135046e-02 -8.4766136761e-02
9.4410000000e+00 -2.9532310737e-02 -8.4444826043e-02
9.4420000000e+00 -2.9724977252e-02 -8.4113549252e-02
9.4430000000e+00 -2.9908275913e-02 -8.3772628104e-02
9.4440000000e+00 -3.0082367496e-02 -8.3422376871e-02
9.4450000000e+00 -3.0247430646e-02 -8.3063102468e-02
9.4460000000e+00 -3.0403660216e-02 -8.2695104605e-02
9.4470000000e+00 -3.0551265531e-02 -8.2318675975e-02
9.4480000000e+00 -3.0690468632e-02 -8.1934102464e-02
9.4490000000e+00 -3.0821502479e-02 -8.1541663357e-02
9.4500000000e+00 -3.0944609174e-02 -8.1141631539e-02
9.4510000000e+00 -3.1060038195e-02 -8.0734273655e-02
9.4520000000e+00 -3.1168044672e-02 -8.0319850235e-02
9.4530000000e+00 -3.1268887716e-02 -7.9898615752e-02
9.4540000000e+00 -3.1362828829e-02 -7.9470818623e-02
9.4550000000e+00 -3.1450130388e-02 -7.9036701138e-02
9.4560000000e+00 -3.1531054229e-02 -7.8596499306e-02
9.4570000000e+00 -3.1605860336e-02 -7.8150442639e-02
9.4580000000e+00 -3.1674805632e-02 -7.7698753856e-02
9.4590000000e+00 -3.1738142891e-02 -7.7241648514e-02
9.4600000000e+00 -3.1796119751e-02 -7.6779334589e-02
9.4610000000e+00 -3.1848977843e-02 -7.6312011990e-02
9.4620000000e+00 -3.1896952024e-02 -7.5839872038e-02
9.4630000000e+00 -3.1940269703e-02 -7.5363096904e-02
9.4640000000e+00 -3.1979150257e-02 -7.4881859029e-02
9.4650000000e+00 -3.2013804529e-02 -7.4396320533e-02
9.4660000000e+00 -3.2044434387e-02 -7.3906632628e-02
9.4670000000e+00 -3.2071232340e-02 -7.3412935049e-02
9.4680000000e+00 -3.2094381200e-02 -7.2915355511e-02
9.4690000000e+00 -3.2114053763e-02 -7.2414009220e-02
9.4700000000e+00 -3.2130412521e-02 -7.1908998433e-02
9.4710000000e+00 -3.2143609375e-02 -7.1400412094e-02
9.4720000000e+00 -3.2153785341e-02 -7.0888325551e-02
9.4730000000e+00 -3.2161070256e-02 -7.0372800372e-02
9.4740000000e+00 -3.2165582460e-02 -6.9853884251e-02
9.4750000000e+00 -3.2167428457e-02 -6.9331611038e-02
9.4760000000e+00 -3.2166702558e-02 -6.8806000874e-02
9.4770000000e+00 -3.2163486498e-02 -6.8277060440e-02
9.4780000000e+00 -3.2157849035e-02 -6.7744783329e-02
9.4790000000e+00 -3.2149845531e-02 -6.7209150519e-02
9.4800000000e+00 -3.2139517534e-02 -6.6670130954e-02
9.4810000000e+00 -3.2126892348e-02 -6.6127682217e-02
9.4820000000e+00 -3.2111982634e-02 -6.5581751280e-02
9.4830000000e+00 -3.2094786016e-02 -6.5032275322e-02
9.4840000000e+00 -3.2075284742e-02 -6.4479182585e-02
9.4850000000e+00 -3.2053445381e-02 -6.3922393273e-02
9.4860000000e+00 -3.2029218596e-02 -6.3361820441e-02
9.4870000000e+00 -3.2002538986e-02 -6.2797370888e-02
9.4880000000e+00 -3.1973325010e-02 -6.2228946014e-02
9.4890000000e+00 -3.1941479016e-02 -6.1656442627e-02
9.4900000000e+00 -3.1906887366e-02 -6.1079753695e-02
9.4910000000e+00 -3.1869420671e-02 -6.0498769021e-02
9.4920000000e+00 -3.1828934133e-02 -5.9913375831e-02
9.4930000000e+00 -3.1785268006e-02 -5.9323459271e-02
9.4940000000e+00 -3.1738248158e-02 -5.8728902818e-02
9.4950000000e+00 -3.1687686749e-02 -5.8129588582e-02
9.4960000000e+00 -3.1633383010e-02 -5.7525397531e-02
9.4970000000e+00 -3.1575124114e-02 -5.6916209615e-02
9.4980000000e+00 -3.1512686145e-02 -5.6301903829e-02
9.4990000000e+00 -3.1445835146e-02 -5.5682358194e-02
9.5000000000e+00 -3.1374328248e-02 -5.5057449692e-02
9.5010000000e+00 -3.1297914861e-02 -5.4427054166e-02
9.5020000000e+00 -3.1216337932e-02 -5.3791046180e-02
9.5030000000e+00 -3.1129335259e-02 -5.3149298895e-02
9.5040000000e+00 -3.1036640853e-02 -5.2501683928e-02
9.5050000000e+00 -3.0937986348e-02 -5.1848071257e-02
9.5060000000e+00 -3.0833102451e-02 -5.1188329148e-02
9.5070000000e+00 -3.0721720433e-02 -5.0522324139e-02
9.5080000000e+00 -3.0603573655e-02 -4.9849921088e-02
9.5090000000e+00 -3.0478399129e-02 -4.9170983278e-02
9.5100000000e+00 -3.0345939110e-02 -4.8485372606e-02
9.5110000000e+00 -3.0205942713e-02 -4.7792949839e-02
9.5120000000e+00 -3.0058167559e-02 -4.7093574945e-02
9.5130000000e+00 -2.9902381430e-02 -4.6387107497e-02
9.5140000000e+00 -2.9738363947e-02 -4.5673407137e-02
9.5150000000e+00 -2.9565908238e-02 -4.4952334106e-02
9.5160000000e+00 -2.9384822609e-02 -4.4223749809e-02
9.5170000000e+00 -2.9194932185e-02 -4.3487517443e-02
9.5180000000e+00 -2.8996080530e-02 -4.2743502635e-02
9.5190000000e+00 -2.8788131211e-02 -4.1991574123e-02
9.5200000000e+00 -2.8570969303e-02 -4.1231604438e-02
9.5210000000e+00 -2.8344502818e-02 -4.0463470608e-02
9.5220000000e+00 -2.8108664036e-02 -3.9687054854e-02
9.5230000000e+00 -2.7863410733e-02 -3.8902245286e-02
9.5240000000e+00 -2.7608727276e-02 -3.8108936594e-02
9.5250000000e+00 -2.7344625591e-02 -3.7307030716e-02
9.5260000000e+00 -2.7071145968e-02 -3.6496437500e-02
9.5270000000e+00 -2.6788357708e-02 -3.5677075341e-02
9.5280000000e+00 -2.6496359602e-02 -3.4848871789e-02
9.5290000000e+00 -2.6195280224e-02 -3.4011764136e-02
9.5300000000e+00 -2.5885278038e-02 -3.3165699975e-02
9.5310000000e+00 -2.5566541322e-02 -3.2310637723e-02
9.5320000000e+00 -2.5239287898e-02 -3.1446547108e-02
9.5330000000e+00 -2.4903764674e-02 -3.0573409628e-02
9.5340000000e+00 -2.4560247001e-02 -2.9691218960e-02
9.5350000000e+00 -2.4209037853e-02 -2.8799981347e-02
9.5360000000e+00 -2.3850466826e-02 -2.7899715927e-02
9.5370000000e+00 -2.3484888985e-02 -2.6990455040e-02
9.5380000000e+00 -2.3112683542e-02 -2.6072244492e-02
9.5390000000e+00 -2.2734252409e-02 -2.5145143776e-02
9.5400000000e+00 -2.2350018601e-02 -2.4209226273e-02
9.5410000000e+00 -2.1960424531e-02 -2.3264579414e-02
9.5420000000e+00 -2.1565930196e-02 -2.2311304811e-02
9.5430000000e+00 -2.1167011269e-02 -2.1349518365e-02
9.5440000000e+00 -2.0764157106e-02 -2.0379350348e-02
9.5450000000e+00 -2.0357868683e-02 -1.9400945450e-02
9.5460000000e+00 -1.9948656487e-02 -1.8414462811e-02
9.5470000000e+00 -1.9537038341e-02 -1.7420076009e-02
9.5480000000e+00 -1.9123537220e-02 -1.6417973018e-02
9.5490000000e+00 -1.8708679022e-02 -1.5408356119e-02
9.5500000000e+00 -1.8292990355e-02 -1.4391441770e-02
9.5510000000e+00 -1.7876996308e-02 -1.3367460405e-02
9.5520000000e+00 -1.7461218257e-02 -1.2336656177e-02
9.5530000000e+00 -1.7046171696e-02 -1.1299286611e-02
9.5540000000e+00 -1.6632364123e-02 -1.0255622182e-02
9.5550000000e+00 -1.6220292990e-02 -9.2059457880e-03
9.5560000000e+00 -1.5810443740e-02 -8.1505521192e-03
9.5570000000e+00 -1.5403287942e-02 -7.0897469186e-03
9.5580000000e+00 -1.4999281552e-02 -6.0238461222e-03
9.5590000000e+00 -1.4598863314e-02 -4.9531748797e-03
9.5600000000e+00 -1.4202453314e-02 -3.8780664528e-03
9.5610000000e+00 -1.3810451714e-02 -2.7988609931e-03
9.5620000000e+00 -1.3423237677e-02 -1.7159042027e-03
9.5630000000e+00 -1.3041168494e-02 -6.2954588526e-04
9.5640000000e+00 -1.2664578926e-02 4.5986160453e-04
9.5650000000e+00 -1.2293780771e-02 1.5519649994e-03
9.5660000000e+00 -1.1929062653e-02 2.6464118317e-03
9.5670000000e+00 -1.1570690038e-02 3.7428522020e-03
9.5680000000e+00 -1.1218905472e-02 4.8409405828e-03
9.5690000000e+00 -1.0873929029e-02 5.9403376365e-03
9.5700000000e+00 -1.0535958959e-02 7.0407120231e-03
9.5710000000e+00 -1.0205172517e-02 8.1417421726e-03
9.5720000000e+00 -9.8817269612e-03 9.2431179951e-03
9.5730000000e+00 -9.5657606835e-03 1.0344542503e-02
9.5740000000e+00 -9.2573944621e-03 1.1445733320e-02
9.5750000000e+00 -8.9567328023e-03 1.2546424048e-02
9.5760000000e+00 -8.6638653405e-03 1.3646365469e-02
9.5770000000e+00 -8.3788682854e-03 1.4745326568e-02
9.5780000000e+00 -8.1018058679e-03 1.5843095338e-02
9.5790000000e+00 -7.8327317774e-03 1.6939479371e-02
9.5800000000e+00 -7.5716905581e-03 1.8034306207e-02
9.5810000000e+00 -7.3187189462e-03 1.9127423441e-02
9.5820000000e+00 -7.0738471293e-03 2.0218698570e-02
9.5830000000e+00 -6.8370999121e-03 2.1308018594e-02
9.5840000000e+00 -6.6084977771e-03 2.2395289362e-02
9.5850000000e+00 -6.3880578325e-03 2.3480434678e-02
9.5860000000e+00 -6.1757946426e-03 2.4563395176e-02
9.5870000000e+00 -5.9717209404e-03 2.5644126985e-02
9.5880000000e+00 -5.7758482250e-03 2.6722600201e-02
9.5890000000e+00 -5.5881872517e-03 2.7798797192e-02
9.5900000000e+00 -5.4087484236e-03 2.8872710766e-02
9.5910000000e+00 -5.2375420975e-03 2.9944342228e-02
9.5920000000e+00 -5.0745788195e-03 3.1013699354e-02
9.5930000000e+00 -4.9198695065e-03 3.2080794324e-02
9.5940000000e+00 -4.7734255920e-03 3.3145641626e-02
9.5950000000e+00 -4.6352591529e-03 3.4208255980e-02
9.5960000000e+00 -4.5053830367e-03 3.5268650294e-02
9.5970000000e+00 -4.3838110052e-03 3.6326833679e-02
9.5980000000e+00 -4.2705579096e-03 3.7382809556e-02
9.5990000000e+00 -4.1656399098e-03 3.8436573853e-02
9.6000000000e+00 -4.0690747483e-03 3.9488113325e-02
9.6010000000e+00 -3.9808820848e-03 4.0537403986e-02
9.6020000000e+00 -3.9010838940e-03 4.1584409683e-02
9.6030000000e+00 -3.8297049266e-03 4.2629080792e-02
9.6040000000e+00 -3.7667732263e-03 4.3671353039e-02
9.6050000000e+00 -3.7123206962e-03 4.4711146455e-02
9.6060000000e+00 -3.6663836983e-03 4.5748364430e-02
9.6070000000e+00 -3.6290036727e-03 4.6782892883e-02
9.6080000000e+00 -3.6002277534e-03 4.7814599522e-02
9.6090000000e+00 -3.5801093610e-03 4.8843333186e-02
9.6100000000e+00 -3.5687087459e-03 4.9868923265e-02
9.6110000000e+00 -3.5660934577e-03 5.0891179182e-02
9.6120000000e+00 -3.5723387140e-03 5.1909889938e-02
9.6130000000e+00 -3.5875276436e-03 5.2924823719e-02
9.6140000000e+00 -3.6117513791e-03 5.3935727564e-02
9.6150000000e+00 -3.6451089768e-03 5.4942327093e-02
9.6160000000e+00 -3.6877071461e-03 5.5944326315e-02
9.6170000000e+00 -3.7396597702e-03 5.6941407521e-02
9.6180000000e+00 -3.8010872096e-03 5.7933231278e-02
9.6190000000e+00 -3.8721153811e-03 5.8919436529e-02
9.6200000000e+00 -3.9528746119e-03 5.9899640841e-02
9.6210000000e+00 -4.0434982747e-03 6.0873440784e-02
9.6220000000e+00 -4.1441212141e-03 6.1840412489e-02
9.6230000000e+00 -4.2548779828e-03 6.2800112376e-02
9.6240000000e+00 -4.3759009084e-03 6.3752078073e-02
9.6250000000e+00 -4.5073180204e-03 6.4695829541e-02
9.6260000000e+00 -4.6492508690e-03 6.5630870391e-02
9.6270000000e+00 -4.8018122726e-03 6.6556689415e-02
9.6280000000e+00 -4.9651040319e-03 6.7472762308e-02
9.6290000000e+00 -5.1392146536e-03 6.8378553591e-02
9.6300000000e+00 -5.3242171241e-03 6.9273518697e-02
9.6310000000e+00 -5.5201667767e-03 7.0157106228e-02
9.6320000000e+00 -5.7270992917e-03 7.1028760337e-02
9.6330000000e+00 -5.9450288685e-03 7.1887923225e-02
9.6340000000e+00 -6.1739466044e-03 7.2734037715e-02
9.6350000000e+00 -6.4138191115e-03 7.3566549867e-02
9.6360000000e+00 -6.6645873968e-03 7.4384911603e-02
9.6370000000e+00 -6.9261660251e-03 7.5188583310e-02
9.6380000000e+00 -7.1984425783e-03 7.5977036363e-02
9.6390000000e+00 -7.4812774177e-03 7.6749755558e-02
9.6400000000e+00 -7.7745037466e-03 7.7506241398e-02
9.6410000000e+00 -8.0779279669e-03 7.8246012203e-02
9.6420000000e+00 -8.3913303123e-03 7.8968606020e-02
9.6430000000e+00 -8.7144657373e-03 7.9673582297e-02
9.6440000000e+00 -9.0470650321e-03 8.0360523308e-02
9.6450000000e+00 -9.3888361308e-03 8.1029035310e-02
9.6460000000e+00 -9.7394655742e-03 8.1678749427e-02
9.6470000000e+00 -1.0098620088e-02 8.2309322255e-02
9.6480000000e+00 -1.0465948230e-02 8.2920436202e-02
9.6490000000e+00 -1.0841082073e-02 8.3511799574e-02
9.6500000000e+00 -1.1223638871e-02 8.4083146422e-02
9.6510000000e+00 -1.1613222674e-02 8.4634236191e-02
9.6520000000e+00 -1.2009425870e-02 8.5164853182e-02
9.6530000000e+00 -1.2411830599e-02 8.5674805889e-02
9.6540000000e+00 -1.2820010043e-02 8.6163926221e-02
9.6550000000e+00 -1.3233529554e-02 8.6632068667e-02
9.6560000000e+00 -1.3651947626e-02 8.7079109435e-02
9.6570000000e+00 -1.4074816696e-02 8.7504945603e-02
9.6580000000e+00 -1.4501683787e-02 8.7909494310e-02
9.6590000000e+00 -1.4932090999e-02 8.8292692023e-02
9.6600000000e+00 -1.5365575873e-02 8.8654493891e-02
9.6610000000e+00 -1.5801671637e-02 8.8994873219e-02
9.6620000000e+00 -1.6239907377e-02 8.9313821056e-02
9.6630000000e+00 -1.6679808151e-02 8.9611345913e-02
9.6640000000e+00 -1.7120895083e-02 8.9887473603e-02
9.6650000000e+00 -1.7562685473e-02 9.0142247196e-02
9.6660000000e+00 -1.8004692946e-02 9.0375727080e-02
9.6670000000e+00 -1.8446427688e-02 9.0587991105e-02
9.6680000000e+00 -1.8887396777e-02 9.0779134798e-02
9.6690000000e+00 -1.9327104648e-02 9.0949271611e-02
9.6700000000e+00 -1.9765053707e-02 9.1098533198e-02
9.6710000000e+00 -2.0200745115e-02 9.1227069675e-02
9.6720000000e+00 -2.0633679737e-02 9.1335049855e-02
9.6730000000e+00 -2.1063359288e-02 9.1422661415e-02
9.6740000000e+00 -2.1489287642e-02 9.1490110997e-02
9.6750000000e+00 -2.1910972324e-02 9.1537624199e-02
9.6760000000e+00 -2.2327926166e-02 9.1565445454e-02
9.6770000000e+00 -2.2739669099e-02 9.1573837771e-02
9.6780000000e+00 -2.3145730078e-02 9.1563082341e-02
9.6790000000e+00 -2.3545649100e-02 9.1533477987e-02
9.6800000000e+00 -2.3938979293e-02 9.1485340464e-02
9.6810000000e+00 -2.4325289040e-02 9.1419001601e-02
9.6820000000e+00 -2.4704164107e-02 9.1334808303e-02
9.6830000000e+00 -2.5075209735e-02 9.1233121407e-02
9.6840000000e+00 -2.5438052660e-02 9.1114314415e-02
9.6850000000e+00 -2.5792343027e-02 9.0978772120e-02
9.6860000000e+00 -2.6137756161e-02 9.0826889137e-02
9.6870000000e+00 -2.6473994169e-02 9.0659068370e-02
9.6880000000e+00 -2.6800787335e-02 9.0475719440e-02
9.6890000000e+00 -2.7117895297e-02 9.0277257092e-02
9.6900000000e+00 -2.7425107975e-02 9.0064099618e-02
9.6910000000e+00 -2.7722246253e-02 8.9836667313e-02
9.6920000000e+00 -2.8009162390e-02 8.9595381002e-02
9.6930000000e+00 -2.8285740170e-02 8.9340660644e-02
9.6940000000e+00 -2.8551894796e-02 8.9072924051e-02
9.6950000000e+00 -2.8807572522e-02 8.8792585726e-02
9.6960000000e+00 -2.9052750056e-02 8.8500055843e-02
9.6970000000e+00 -2.9287433724e-02 8.8195739372e-02
9.6980000000e+00 -2.9511658443e-02 8.7880035347e-02
9.6990000000e+00 -2.9725486495e-02 8.7553336294e-02
9.7000000000e+00 -2.9929006143e-02 8.7216027796e-02
9.7010000000e+00 -3.0122330106e-02 8.6868488188e-02
9.7020000000e+00 -3.0305593918e-02 8.6511088385e-02
9.7030000000e+00 -3.0478954191e-02 8.6144191793e-02
9.7040000000e+00 -3.0642586815e-02 8.5768154318e-02
9.7050000000e+00 -3.0796685106e-02 8.5383324426e-02
9.7060000000e+00 -3.0941457941e-02 8.4990043235e-02
9.7070000000e+00 -3.1077127885e-02 8.4588644629e-02
9.7080000000e+00 -3.1203929338e-02 8.4179455348e-02
9.7090000000e+00 -3.1322106723e-02 8.3762795051e-02
9.7100000000e+00 -3.1431912726e-02 8.3338976318e-02
9.7110000000e+00 -3.1533606608e-02 8.2908304587e-02
9.7120000000e+00 -3.1627452597e-02 8.2471078005e-02
9.7130000000e+00 -3.1713718372e-02 8.2027587184e-02
9.7140000000e+00 -3.1792673655e-02 8.1578114862e-02
9.7150000000e+00 -3.1864588901e-02 8.1122935466e-02
9.7160000000e+00 -3.1929734105e-02 8.0662314585e-02
9.7170000000e+00 -3.1988377720e-02 8.0196508356e-02
9.7180000000e+00 -3.2040785685e-02 7.9725762778e-02
9.7190000000e+00 -3.2087220559e-02 7.9250312974e-02
9.7200000000e+00 -3.2127940758e-02 7.8770382417e-02
9.7210000000e+00 -3.2163199887e-02 7.8286182125e-02
9.7220000000e+00 -3.2193246150e-02 7.7797909876e-02
9.7230000000e+00 -3.2218321841e-02 7.7305749436e-02
9.7240000000e+00 -3.2238662893e-02 7.6809869834e-02
9.7250000000e+00 -3.2254498471e-02 7.6310424702e-02
9.7260000000e+00 -3.2266050605e-02 7.5807551701e-02
9.7270000000e+00 -3.2273533847e-02 7.5301372047e-02
9.7280000000e+00 -3.2277154930e-02 7.4791990148e-02
9.7290000000e+00 -3.2277112426e-02 7.4279493377e-02
9.7300000000e+00 -3.2273596394e-02 7.3763951982e-02
9.7310000000e+00 -3.2266787995e-02 7.3245419138e-02
9.7320000000e+00 -3.2256859086e-02 7.2723931161e-02
9.7330000000e+00 -3.2243971761e-02 7.2199507865e-02
9.7340000000e+00 -3.2228277866e-02 7.1672153086e-02
9.7350000000e+00 -3.2209918463e-02 7.1141855339e-02
9.7360000000e+00 -3.2189023255e-02 7.0608588637e-02
9.7370000000e+00 -3.2165709981e-02 7.0072313422e-02
9.7380000000e+00 -3.2140083785e-02 6.9532977631e-02
9.7390000000e+00 -3.2112236563e-02 6.8990517849e-02
9.7400000000e+00 -3.2082246326e-02 6.8444860547e-02
9.7410000000e+00 -3.2050176559e-02 6.7895923379e-02
9.7420000000e+00 -3.2016075634e-02 6.7343616499e-02
9.7430000000e+00 -3.1979976255e-02 6.6787843896e-02
9.7440000000e+00 -3.1941894986e-02 6.6228504687e-02
9.7450000000e+00 -3.1901831855e-02 6.5665494374e-02
9.7460000000e+00 -3.1859770063e-02 6.5098706009e-02
9.7470000000e+00 -3.1815675798e-02 6.4528031264e-02
9.7480000000e+00 -3.1769498173e-02 6.3953361371e-02
9.7490000000e+00 -3.1721169284e-02 6.3374587920e-02
9.7500000000e+00 -3.1670604401e-02 6.2791603499e-02
9.7510000000e+00 -3.1617702267e-02 6.2204302175e-02
9.7520000000e+00 -3.1562345530e-02 6.1612579799e-02
9.7530000000e+00 -3.1504401273e-02 6.1016334146e-02
9.7540000000e+00 -3.1443721640e-02 6.0415464894e-02
9.7550000000e+00 -3.1380144551e-02 5.9809873458e-02
9.7560000000e+00 -3.1313494479e-02 5.9199462679e-02
9.7570000000e+00 -3.1243583287e-02 5.8584136409e-02
9.7580000000e+00 -3.1170211098e-02 5.7963798992e-02
9.7590000000e+00 -3.1093167198e-02 5.7338354683e-02
9.7600000000e+00 -3.1012230952e-02 5.6707707021e-02
9.7610000000e+00 -3.0927172730e-02 5.6071758182e-02
9.7620000000e+00 -3.0837754838e-02 5.5430408343e-02
9.7630000000e+00 -3.0743732453e-02 5.4783555085e-02
9.7640000000e+00 -3.0644854563e-02 5.4131092847e-02
9.7650000000e+00 -3.0540864920e-02 5.3472912466e-02
9.7660000000e+00 -3.0431503025e-02 5.2808900810e-02
9.7670000000e+00 -3.0316505132e-02 5.2138940532e-02
9.7680000000e+00 -3.0195605316e-02 5.1462909936e-02
9.7690000000e+00 -3.0068536593e-02 5.0780682988e-02
9.7700000000e+00 -2.9935032120e-02 5.0092129444e-02
9.7710000000e+00 -2.9794826480e-02 4.9397115119e-02
9.7720000000e+00 -2.9647657067e-02 4.8695502276e-02
9.7730000000e+00 -2.9493265564e-02 4.7987150131e-02
9.7740000000e+00 -2.9331399540e-02 4.7271915465e-02
9.7750000000e+00 -2.9161814135e-02 4.6549653320e-02
9.7760000000e+00 -2.8984273850e-02 4.5820217779e-02
9.7770000000e+00 -2.8798554418e-02 4.5083462796e-02
9.7780000000e+00 -2.8604444748e-02 4.4339243083e-02
9.7790000000e+00 -2.8401748914e-02 4.3587415020e-02
9.7800000000e+00 -2.8190288174e-02 4.2827837578e-02
9.7810000000e+00 -2.7969902992e-02 4.2060373254e-02
9.7820000000e+00 -2.7740455021e-02 4.1284888987e-02
9.7830000000e+00 -2.7501829038e-02 4.0501257053e-02
9.7840000000e+00 -2.7253934778e-02 3.9709355929e-02
9.7850000000e+00 -2.6996708644e-02 3.8909071105e-02
9.7860000000e+00 -2.6730115268e-02 3.8100295851e-02
9.7870000000e+00 -2.6454148885e-02 3.7282931909e-02
9.7880000000e+00 -2.6168834500e-02 3.6456890124e-02
9.7890000000e+00 -2.5874228831e-02 3.5622090994e-02
9.7900000000e+00 -2.5570421008e-02 3.4778465145e-02
9.7910000000e+00 -2.5257533027e-02 3.3925953722e-02
9.7920000000e+00 -2.4935719936e-02 3.3064508705e-02
9.7930000000e+00 -2.4605169784e-02 3.2194093158e-02
9.7940000000e+00 -2.4266103316e-02 3.1314681402e-02
9.7950000000e+00 -2.3918773426e-02 3.0426259143e-02
9.7960000000e+00 -2.3563464406e-02 2.9528823561e-02
9.7970000000e+00 -2.3200490968e-02 2.8622383362e-02
9.7980000000e+00 -2.2830197101e-02 2.7706958834e-02
9.7990000000e+00 -2.2452954740e-02 2.6782581897e-02
9.8000000000e+00 -2.2069162300e-02 2.5849296185e-02
9.8010000000e+00 -2.1679243068e-02 2.4907157164e-02
9.8020000000e+00 -2.1283643482e-02 2.3956232304e-02
9.8030000000e+00 -2.0882831303e-02 2.2996601306e-02
9.8040000000e+00 -2.0477293703e-02 2.2028356411e-02
9.8050000000e+00 -2.0067535264e-02 2.1051602769e-02
9.8060000000e+00 -1.9654075906e-02 2.0066458890e-02
9.8070000000e+00 -1.9237448751e-02 1.9073057146e-02
9.8080000000e+00 -1.8818197924e-02 1.8071544339e-02
9.8090000000e+00 -1.8396876302e-02 1.7062082299e-02
9.8100000000e+00 -1.7974043205e-02 1.6044848496e-02
9.8110000000e+00 -1.7550262055e-02 1.5020036655e-02
9.8120000000e+00 -1.7126097991e-02 1.3987857331e-02
9.8130000000e+00 -1.6702115460e-02 1.2948538427e-02
9.8140000000e+00 -1.6278875793e-02 1.1902325627e-02
9.8150000000e+00 -1.5856934784e-02 1.0849482697e-02
9.8160000000e+00 -1.5436840281e-02 9.7902916573e-03
9.8170000000e+00 -1.5019129813e-02 8.7250527684e-03
9.8180000000e+00 -1.4604328278e-02 7.6540843224e-03
9.8190000000e+00 -1.4192945708e-02 6.5777222172e-03
9.8200000000e+00 -1.3785475139e-02 5.4963192938e-03
9.8210000000e+00 -1.3382390618e-02 4.4102444271e-03
9.8220000000e+00 -1.2984145354e-02 3.3198813612e-03
9.8230000000e+00 -1.2591170065e-02 2.2256272898e-03
9.8240000000e+00 -1.2203871518e-02 1.1278911853e-03
9.8250000000e+00 -1.1822631302e-02 2.7091887993e-05
9.8260000000e+00 -1.1447804839e-02 -1.0763440296e-03
9.8270000000e+00 -1.1079720665e-02 -2.1819845981e-03
9.8280000000e+00 -1.0718679971e-02 -3.2893949605e-03
9.8290000000e+00 -1.0364956430e-02 -4.3981400204e-03
9.8300000000e+00 -1.0018796296e-02 -5.5077871915e-03
9.8310000000e+00 -9.6804187879e-03 -6.6179092066e-03
9.8320000000e+00 -9.3500167368e-03 -7.7280869412e-03
9.8330000000e+00 -9.0277574848e-03 -8.8379122045e-03
9.8340000000e+00 -8.7137840234e-03 -9.9469904505e-03
9.8350000000e+00 -8.4082163413e-03 -1.1054943362e-02
9.8360000000e+00 -8.1111529552e-03 -1.2161411260e-02
9.8370000000e+00 -7.8226725927e-03 -1.3266055300e-02
9.8380000000e+00 -7.5428359928e-03 -1.4368559410e-02
9.8390000000e+00 -7.2716877859e-03 -1.5468631936e-02
9.8400000000e+00 -7.0092584180e-03 -1.6566006980e-02
9.8410000000e+00 -6.7555660786e-03 -1.7660445384e-02
9.8420000000e+00 -6.5106185981e-03 -1.8751735369e-02
9.8430000000e+00 -6.2744152770e-03 -1.9839692814e-02
9.8440000000e+00 -6.0469486163e-03 -2.0924161167e-02
9.8450000000e+00 -5.8282059201e-03 -2.2005011017e-02
9.8460000000e+00 -5.6181707470e-03 -2.3082139321e-02
9.8470000000e+00 -5.4168241906e-03 -2.4155468324e-02
9.8480000000e+00 -5.2241459795e-03 -2.5224944199e-02
9.8490000000e+00 -5.0401153888e-03 -2.6290535433e-02
9.8500000000e+00 -4.8647119651e-03 -2.7352230997e-02
9.8510000000e+00 -4.6979160730e-03 -2.8410038343e-02
9.8520000000e+00 -4.5397092758e-03 -2.9463981262e-02
9.8530000000e+00 -4.3900745711e-03 -3.0514097642e-02
9.8540000000e+00 -4.2489965057e-03 -3.1560437163e-02
9.8550000000e+00 -4.1164611961e-03 -3.2603058957e-02
9.8560000000e+00 -3.9924562881e-03 -3.3642029277e-02
9.8570000000e+00 -3.8769708844e-03 -3.4677419182e-02
9.8580000000e+00 -3.7699954744e-03 -3.5709302281e-02
9.8590000000e+00 -3.6715218940e-03 -3.6737752531e-02
9.8600000000e+00 -3.5815433447e-03 -3.7762842130e-02
9.8610000000e+00 -3.5000544935e-03 -3.8784639481e-02
9.8620000000e+00 -3.4270516735e-03 -3.9803207257e-02
9.8630000000e+00 -3.3625331954e-03 -4.0818600559e-02
9.8640000000e+00 -3.3064997772e-03 -4.1830865148e-02
9.8650000000e+00 -3.2589550910e-03 -4.2840035772e-02
9.8660000000e+00 -3.2199064175e-03 -4.3846134552e-02
9.8670000000e+00 -3.1893653947e-03 -4.4849169431e-02
9.8680000000e+00 -3.1673488390e-03 -4.5849132676e-02
9.8690000000e+00 -3.1538796125e-03 -4.6845999419e-02
9.8700000000e+00 -3.1489875043e-03 -4.7839726230e-02
9.8710000000e+00 -3.1527100917e-03 -4.8830249728e-02
9.8720000000e+00 -3.1650935428e-03 -4.9817485219e-02
9.8730000000e+00 -3.1861933233e-03 -5.0801325382e-02
9.8740000000e+00 -3.2160747681e-03 -5.1781638992e-02
9.8750000000e+00 -3.2548134821e-03 -5.2758269720e-02
9.8760000000e+00 -3.3024955361e-03 -5.3731035007e-02
9.8770000000e+00 -3.3592174278e-03 -5.4699725050e-02
9.8780000000e+00 -3.4250857844e-03 -5.5664101910e-02
9.8790000000e+00 -3.5002167868e-03 -5.6623898789e-02
9.8800000000e+00 -3.5847353050e-03 -5.7578819475e-02
9.8810000000e+00 -3.6787737382e-03 -5.8528538015e-02
9.8820000000e+00 -3.7824705636e-03 -5.9472698617e-02
9.8830000000e+00 -3.8959686044e-03 -6.0410915822e-02
9.8840000000e+00 -4.0194130340e-03 -6.1342774963e-02
9.8850000000e+00 -4.1529491442e-03 -6.2267832939e-02
9.8860000000e+00 -4.2967199086e-03 -6.3185619306e-02
9.8870000000e+00 -4.4508633819e-03 -6.4095637712e-02
9.8880000000e+00 -4.6155099811e-03 -6.4997367673e-02
9.8890000000e+00 -4.7907796975e-03 -6.5890266691e-02
9.8900000000e+00 -4.9767792950e-03 -6.6773772700e-02
9.8910000000e+00 -5.1735995502e-03 -6.7647306834e-02
9.8920000000e+00 -5.3813125909e-03 -6.8510276470e-02
9.8930000000e+00 -5.5999693904e-03 -6.9362078542e-02
9.8940000000e+00 -5.8295974680e-03 -7.0202103049e-02
9.8950000000e+00 -6.0701988471e-03 -7.1029736731e-02
9.8960000000e+00 -6.3217483115e-03 -7.1844366845e-02
9.8970000000e+00 -6.5841919948e-03 -7.2645384980e-02
9.8980000000e+00 -6.8574463297e-03 -7.3432190837e-02
9.8990000000e+00 -7.1413973733e-03 -7.4204195917e-02
9.9000000000e+00 -7.4359005136e-03 -7.4960827038e-02
9.9010000000e+00 -7.7407805539e-03 -7.5701529623e-02
9.9020000000e+00 -8.0558321604e-03 -7.6425770692e-02
9.9030000000e+00 -8.3808206490e-03 -7.7133041505e-02
9.9040000000e+00 -8.7154830797e-03 -7.7822859820e-02
9.9050000000e+00 -9.0595296188e-03 -7.8494771728e-02
9.9060000000e+00 -9.4126451252e-03 -7.9148353038e-02
9.9070000000e+00 -9.7744909115e-03 -7.9783210231e-02
9.9080000000e+00 -1.0144706631e-02 -8.0398980959e-02
9.9090000000e+00 -1.0522912240e-02 -8.0995334133e-02
9.9100000000e+00 -1.0908709987e-02 -8.1571969630e-02
9.9110000000e+00 -1.1301686385e-02 -8.2128617649e-02
9.9120000000e+00 -1.1701414127e-02 -8.2665037794e-02
9.9130000000e+00 -1.2107453906e-02 -8.3181017918e-02
9.9140000000e+00 -1.2519356125e-02 -8.3676372808e-02
9.9150000000e+00 -1.2936662457e-02 -8.4150942774e-02
9.9160000000e+00 -1.3358907265e-02 -8.4604592192e-02
9.9170000000e+00 -1.3785618850e-02 -8.5037208080e-02
9.9180000000e+00 -1.4216320557e-02 -8.5448698739e-02
9.9190000000e+00 -1.4650531718e-02 -8.5838992520e-02
9.9200000000e+00 -1.5087768460e-02 -8.6208036747e-02
9.9210000000e+00 -1.5527544392e-02 -8.6555796818e-02
9.9220000000e+00 -1.5969371183e-02 -8.6882255504e-02
9.9230000000e+00 -1.6412759055e-02 -8.7187412455e-02
9.9240000000e+00 -1.6857217220e-02 -8.7471283903e-02
9.9250000000e+00 -1.7302254275e-02 -8.7733902543e-02
9.9260000000e+00 -1.7747378580e-02 -8.7975317597e-02
9.9270000000e+00 -1.8192098638e-02 -8.8195594997e-02
9.9280000000e+00 -1.8635923504e-02 -8.8394817696e-02
9.9290000000e+00 -1.9078363232e-02 -8.8573086034e-02
9.9300000000e+00 -1.9518929374e-02 -8.8730518158e-02
9.9310000000e+00 -1.9957135552e-02 -8.8867250431e-02
9.9320000000e+00 -2.0392498106e-02 -8.8983437815e-02
9.9330000000e+00 -2.0824536828e-02 -8.9079254183e-02
9.9340000000e+00 -2.1252775783e-02 -8.9154892539e-02
9.9350000000e+00 -2.1676744227e-02 -8.9210565103e-02
9.9360000000e+00 -2.2095977620e-02 -8.9246503269e-02
9.9370000000e+00 -2.2510018722e-02 -8.9262957380e-02
9.9380000000e+00 -2.2918418792e-02 -8.9260196347e-02
9.9390000000e+00 -2.3320738855e-02 -8.9238507067e-02
9.9400000000e+00 -2.3716551056e-02 -8.9198193672e-02
9.9410000000e+00 -2.4105440074e-02 -8.9139576587e-02
9.9420000000e+00 -2.4487004591e-02 -8.9062991421e-02
9.9430000000e+00 -2.4860858807e-02 -8.8968787693e-02
9.9440000000e+00 -2.5226633972e-02 -8.8857327426e-02
9.9450000000e+00 -2.5583979937e-02 -8.8728983613e-02
9.9460000000e+00 -2.5932566689e-02 -8.8584138600e-02
9.9470000000e+00 -2.6272085864e-02 -8.8423182401e-02
9.9480000000e+00 -2.6602252201e-02 -8.8246510983e-02
9.9490000000e+00 -2.6922804934e-02 -8.8054524549e-02
9.9500000000e+00 -2.7233509085e-02 -8.7847625856e-02
9.9510000000e+00 -2.7534156647e-02 -8.7626218587e-02
9.9520000000e+00 -2.7824567624e-02 -8.7390705824e-02
9.9530000000e+00 -2.8104590921e-02 -8.7141488622e-02
9.9540000000e+00 -2.8374105053e-02 -8.6878964733e-02
9.9550000000e+00 -2.8633018670e-02 -8.6603527474e-02
9.9560000000e+00 -2.8881270867e-02 -8.6315564771e-02
9.9570000000e+00 -2.9118831282e-02 -8.6015458371e-02
9.9580000000e+00 -2.9345699971e-02 -8.5703583237e-02
9.9590000000e+00 -2.9561907054e-02 -8.5380307122e-02
9.9600000000e+00 -2.9767512124e-02 -8.5045990312e-02
9.9610000000e+00 -2.9962603443e-02 -8.4700985528e-02
9.9620000000e+00 -3.0147296908e-02 -8.4345637973e-02
9.9630000000e+00 -3.0321734813e-02 -8.3980285510e-02
9.9640000000e+00 -3.0486084418e-02 -8.3605258937e-02
9.9650000000e+00 -3.0640536338e-02 -8.3220882340e-02
9.9660000000e+00 -3.0785302775e-02 -8.2827473509e-02
9.9670000000e+00 -3.0920615623e-02 -8.2425344366e-02
9.9680000000e+00 -3.1046724455e-02 -8.2014801407e-02
9.9690000000e+00 -3.1163894437e-02 -8.1596146110e-02
9.9700000000e+00 -3.1272404186e-02 -8.1169675302e-02
9.9710000000e+00 -3.1372543602e-02 -8.0735681456e-02
9.9720000000e+00 -3.1464611708e-02 -8.0294452913e-02
9.9730000000e+00 -3.1548914518e-02 -7.9846274006e-02
9.9740000000e+00 -3.1625762956e-02 -7.9391425080e-02
9.9750000000e+00 -3.1695470872e-02 -7.8930182418e-02
9.9760000000e+00 -3.1758353137e-02 -7.8462818044e-02
9.9770000000e+00 -3.1814723870e-02 -7.7989599436e-02
9.9780000000e+00 -3.1864894795e-02 -7.7510789130e-02
9.9790000000e+00 -3.1909173732e-02 -7.7026644237e-02
9.9800000000e+00 -3.1947863249e-02 -7.6537415870e-02
9.9810000000e+00 -3.1981259451e-02 -7.6043348505e-02
9.9820000000e+00 -3.2009650930e-02 -7.5544679270e-02
9.9830000000e+00 -3.2033317856e-02 -7.5041637186e-02
9.9840000000e+00 -3.2052531209e-02 -7.4534442375e-02
9.9850000000e+00 -3.2067552140e-02 -7.4023305236e-02
9.9860000000e+00 -3.2078631446e-02 -7.3508425612e-02
9.9870000000e+00 -3.2086009149e-02 -7.2989991969e-02
9.9880000000e+00 -3.2089914165e-02 -7.2468180581e-02
9.9890000000e+00 -3.2090564035e-02 -7.1943154766e-02
9.9900000000e+00 -3.2088164713e-02 -7.1415064165e-02
9.9910000000e+00 -3.2082910389e-02 -7.0884044092e-02
9.9920000000e+00 -3.2074983320e-02 -7.0350214974e-02
9.9930000000e+00 -3.2064553669e-02 -6.9813681885e-02
9.9940000000e+00 -3.2051779324e-02 -6.9274534198e-02
9.9950000000e+00 -3.2036805684e-02 -6.8732845362e-02
9.9960000000e+00 -3.2019765414e-02 -6.8188672820e-02
9.9970000000e+00 -3.2000778136e-02 -6.7642058055e-02
9.9980000000e+00 -3.1979950082e-02 -6.7093026790e-02
9.9990000000e+00 -3.1957373678e-02 -6.6541589328e-02
1.0000000000e+01 -3.1933127088e-02 -6.5987741016e-02
1.0001000000e+01 -3.1907273699e-02 -6.5431462841e-02
1.0002000000e+01 -3.1879861582e-02 -6.4872722128e-02
1.0003000000e+01 -3.1850922923e-02 -6.4311473326e-02
1.0004000000e+01 -3.1820473451e-02 -6.3747658865e-02
1.0005000000e+01 -3.1788511874e-02 -6.3181210048e-02
1.0006000000e+01 -3.1755019350e-02 -6.2612047964e-02
1.0007000000e+01 -3.1719959010e-02 -6.2040084399e-02
1.0008000000e+01 -3.1683275549e-02 -6.1465222714e-02
1.0009000000e+01 -3.1644894906e-02 -6.0887358666e-02
1.0010000000e+01 -3.1604724054e-02 -6.0306381171e-02
1.0011000000e+01 -3.1562650905e-02 -5.9722172984e-02
1.0012000000e+01 -3.1518544353e-02 -5.9134611277e-02
1.0013000000e+01 -3.1472254453e-02 -5.8543568132e-02
1.0014000000e+01 -3.1423612743e-02 -5.7948910934e-02
1.0015000000e+01 -3.1372432714e-02 -5.7350502666e-02
1.0016000000e+01 -3.1318510432e-02 -5.6748202124e-02
1.0017000000e+01 -3.1261625287e-02 -5.6141864052e-02
1.0018000000e+01 -3.1201540887e-02 -5.5531339224e-02
1.0019000000e+01 -3.1138006071e-02 -5.4916474469e-02
1.0020000000e+01 -3.1070756043e-02 -5.4297112678e-02
1.0021000000e+01 -3.0999513605e-02 -5.3673092793e-02
1.0022000000e+01 -3.0923990486e-02 -5.3044249809e-02
1.0023000000e+01 -3.0843888757e-02 -5.2410414795e-02
1.0024000000e+01 -3.0758902321e-02 -5.1771414957e-02
1.0025000000e+01 -3.0668718464e-02 -5.1127073748e-02
1.0026000000e+01 -3.0573019476e-02 -5.0477211051e-02
1.0027000000e+01 -3.0471484324e-02 -4.9821643425e-02
1.0028000000e+01 -3.0363790374e-02 -4.9160184431e-02
1.0029000000e+01 -3.0249615175e-02 -4.8492645034e-02
1.0030000000e+01 -3.0128638284e-02 -4.7818834088e-02
1.0031000000e+01 -3.0000543145e-02 -4.7138558888e-02
1.0032000000e+01 -2.9865019017e-02 -4.6451625792e-02
1.0033000000e+01 -2.9721762941e-02 -4.5757840900e-02
1.0034000000e+01 -2.9570481754e-02 -4.5057010781e-02
1.0035000000e+01 -2.9410894131e-02 -4.4348943243e-02
1.0036000000e+01 -2.9242732649e-02 -4.3633448121e-02
1.0037000000e+01 -2.9065745865e-02 -4.2910338086e-02
1.0038000000e+01 -2.8879700382e-02 -4.2179429457e-02
1.0039000000e+01 -2.8684382896e-02 -4.1440543007e-02
1.0040000000e+01 -2.8479602195e-02 -4.0693504757e-02
1.0041000000e+01 -2.8265191088e-02 -3.9938146751e-02
1.0042000000e+01 -2.8041008252e-02 -3.9174307796e-02
1.0043000000e+01 -2.7806939961e-02 -3.8401834184e-02
1.0044000000e+01 -2.7562901680e-02 -3.7620580368e-02
1.0045000000e+01 -2.7308839509e-02 -3.6830409614e-02
1.0046000000e+01 -2.7044731450e-02 -3.6031194602e-02
1.0047000000e+01 -2.6770588485e-02 -3.5222818007e-02
1.0048000000e+01 -2.6486455452e-02 -3.4405173031e-02
1.0049000000e+01 -2.6192411709e-02 -3.3578163910e-02
1.0050000000e+01 -2.5888571577e-02 -3.2741706383e-02
1.0051000000e+01 -2.5575084565e-02 -3.1895728132e-02
1.0052000000e+01 -2.5252135364e-02 -3.1040169197e-02
1.0053000000e+01 -2.4919943627e-02 -3.0174982363e-02
1.0054000000e+01 -2.4578763530e-02 -2.9300133530e-02
1.0055000000e+01 -2.4228883113e-02 -2.8415602058e-02
1.0056000000e+01 -2.3870623430e-02 -2.7521381107e-02
1.0057000000e+01 -2.3504337496e-02 -2.6617477960e-02
1.0058000000e+01 -2.3130409039e-02 -2.5703914343e-02
1.0059000000e+01 -2.2749251088e-02 -2.4780726744e-02
1.0060000000e+01 -2.2361304379e-02 -2.3847966726e-02
1.0061000000e+01 -2.1967035600e-02 -2.2905701251e-02
1.0062000000e+01 -2.1566935489e-02 -2.1954012999e-02
1.0063000000e+01 -2.1161516777e-02 -2.0993000688e-02
1.0064000000e+01 -2.0751312003e-02 -2.0022779397e-02
1.0065000000e+01 -2.0336871197e-02 -1.9043480875e-02
1.0066000000e+01 -1.9918759440e-02 -1.8055253832e-02
1.0067000000e+01 -1.9497554329e-02 -1.7058264201e-02
1.0068000000e+01 -1.9073843333e-02 -1.6052695364e-02
1.0069000000e+01 -1.8648221078e-02 -1.5038748313e-02
1.0070000000e+01 -1.8221286567e-02 -1.4016641748e-02
1.0071000000e+01 -1.7793640354e-02 -1.2986612077e-02
1.0072000000e+01 -1.7365881694e-02 -1.1948913321e-02
1.0073000000e+01 -1.6938605699e-02 -1.0903816893e-02
1.0074000000e+01 -1.6512400520e-02 -9.8516112432e-03
1.0075000000e+01 -1.6087844580e-02 -8.7926013608e-03
1.0076000000e+01 -1.5665503907e-02 -7.7271081171e-03
1.0077000000e+01 -1.5245929570e-02 -6.6554674474e-03
1.0078000000e+01 -1.4829655273e-02 -5.5780293644e-03
1.0079000000e+01 -1.4417195132e-02 -4.4951568042e-03
1.0080000000e+01 -1.4009041651e-02 -3.4072243057e-03
1.0081000000e+01 -1.3605663951e-02 -2.3146165295e-03
1.0082000000e+01 -1.3207506243e-02 -1.2177266243e-03
1.0083000000e+01 -1.2814986600e-02 -1.1695445238e-04
1.0084000000e+01 -1.2428496011e-02 9.8729531198e-04
1.0085000000e+01 -1.2048397753e-02 2.0946151930e-03
1.0086000000e+01 -1.1675027062e-02 3.2045970145e-03
1.0087000000e+01 -1.1308691117e-02 4.3168340682e-03
1.0088000000e+01 -1.0949669325e-02 5.4309233253e-03
1.0089000000e+01 -1.0598213880e-02 6.5464676651e-03
1.0090000000e+01 -1.0254550588e-02 7.6630780910e-03
1.0091000000e+01 -9.9188799359e-03 8.7803759059e-03
1.0092000000e+01 -9.5913783549e-03 9.8979948135e-03
1.0093000000e+01 -9.2721996652e-03 1.1015582917e-02
1.0094000000e+01 -8.9614766558e-03 1.2132804583e-02
1.0095000000e+01 -8.6593227646e-03 1.3249342133e-02
1.0096000000e+01 -8.3658338213e-03 1.4364897346e-02
1.0097000000e+01 -8.0810898149e-03 1.5479192733e-02
1.0098000000e+01 -7.8051566508e-03 1.6591972560e-02
1.0099000000e+01 -7.5380878634e-03 1.7703003606e-02
1.0100000000e+01 -7.2799262525e-03 1.8812075624e-02
1.0101000000e+01 -7.0307054183e-03 1.9919001509e-02
1.0102000000e+01 -6.7904511700e-03 2.1023617152e-02
1.0103000000e+01 -6.5591827906e-03 2.2125780990e-02
1.0104000000e+01 -6.3369141443e-03 2.3225373251e-02
1.0105000000e+01 -6.1236546178e-03 2.4322294908e-02
1.0106000000e+01 -5.9194098925e-03 2.5416466361e-02
1.0107000000e+01 -5.7241825496e-03 2.6507825878e-02
1.0108000000e+01 -5.5379725153e-03 2.7596327809e-02
1.0109000000e+01 -5.3607773577e-03 2.8681940632e-02
1.0110000000e+01 -5.1925924522e-03 2.9764644845e-02
1.0111000000e+01 -5.0334110356e-03 3.0844430760e-02
1.0112000000e+01 -4.8832241724e-03 3.1921296237e-02
1.0113000000e+01 -4.7420206607e-03 3.2995244399e-02
1.0114000000e+01 -4.6097869050e-03 3.4066281356e-02
1.0115000000e+01 -4.4865067852e-03 3.5134413994e-02
1.0116000000e+01 -4.3721615518e-03 3.6199647845e-02
1.0117000000e+01 -4.2667297739e-03 3.7261985061e-02
1.0118000000e+01 -4.1701873663e-03 3.8321422534e-02
1.0119000000e+01 -4.0825077171e-03 3.9377950149e-02
1.0120000000e+01 -4.0036619349e-03 4.0431549207e-02
1.0121000000e+01 -3.9336192276e-03 4.1482190993e-02
1.0122000000e+01 -3.8723474193e-03 4.2529835513e-02
1.0123000000e+01 -3.8198136084e-03 4.3574430374e-02
1.0124000000e+01 -3.7759849589e-03 4.4615909807e-02
1.0125000000e+01 -3.7408296153e-03 4.5654193817e-02
1.0126000000e+01 -3.7143177226e-03 4.6689187437e-02
1.0127000000e+01 -3.6964225274e-03 4.7720780083e-02
1.0128000000e+01 -3.6871215331e-03 4.8748844981e-02
1.0129000000e+01 -3.6863976765e-03 4.9773238654e-02
1.0130000000e+01 -3.6942404898e-03 5.0793800460e-02
1.0131000000e+01 -3.7106472103e-03 5.1810352162e-02
1.0132000000e+01 -3.7356238002e-03 5.2822697527e-02
1.0133000000e+01 -3.7691858363e-03 5.3830621951e-02
1.0134000000e+01 -3.8113592335e-03 5.4833892108e-02
1.0135000000e+01 -3.8621807671e-03 5.5832255627e-02
1.0136000000e+01 -3.9216983610e-03 5.6825440806e-02
1.0137000000e+01 -3.9899711188e-03 5.7813156389e-02
1.0138000000e+01 -4.0670690730e-03 5.8795091399e-02
1.0139000000e+01 -4.1530726416e-03 5.9770915063e-02
1.0140000000e+01 -4.2480717843e-03 6.0740276858e-02
1.0141000000e+01 -4.3521648591e-03 6.1702806672e-02
1.0142000000e+01 -4.4654571902e-03 6.2658115135e-02
1.0143000000e+01 -4.5880593644e-03 6.3605794115e-02
1.0144000000e+01 -4.7200852811e-03 6.4545417418e-02
1.0145000000e+01 -4.8616499901e-03 6.5476541685e-02
1.0146000000e+01 -5.0128673559e-03 6.6398707512e-02
1.0147000000e+01 -5.1738475930e-03 6.7311440799e-02
1.0148000000e+01 -5.3446947224e-03 6.8214254309e-02
1.0149000000e+01 -5.5255039994e-03 6.9106649448e-02
1.0150000000e+01 -5.7163593659e-03 6.9988118248e-02
1.0151000000e+01 -5.9173309805e-03 7.0858145521e-02
1.0152000000e+01 -6.1284728749e-03 7.1716211177e-02
1.0153000000e+01 -6.3498207852e-03 7.2561792658e-02
1.0154000000e+01 -6.5813901997e-03 7.3394367469e-02
1.0155000000e+01 -6.8231746601e-03 7.4213415743e-02
1.0156000000e+01 -7.0751443456e-03 7.5018422829e-02
1.0157000000e+01 -7.3372449623e-03 7.5808881825e-02
1.0158000000e+01 -7.6093969522e-03 7.6584296043e-02
1.0159000000e+01 -7.8914950274e-03 7.7344181345e-02
1.0160000000e+01 -8.1834080285e-03 7.8088068306e-02
1.0161000000e+01 -8.4849790945e-03 7.8815504190e-02
1.0162000000e+01 -8.7960261283e-03 7.9526054680e-02
1.0163000000e+01 -9.1163425325e-03 8.0219305349e-02
1.0164000000e+01 -9.4456981840e-03 8.0894862860e-02
1.0165000000e+01 -9.7838406113e-03 8.1552355872e-02
1.0166000000e+01 -1.0130496336e-02 8.2191435648e-02
1.0167000000e+01 -1.0485372336e-02 8.2811776390e-02
1.0168000000e+01 -1.0848157583e-02 8.3413075292e-02
1.0169000000e+01 -1.1218524617e-02 8.3995052351e-02
1.0170000000e+01 -1.1596131107e-02 8.4557449959e-02
1.0171000000e+01 -1.1980621367e-02 8.5100032311e-02
1.0172000000e+01 -1.2371627780e-02 8.5622584673e-02
1.0173000000e+01 -1.2768772106e-02 8.6124912555e-02
1.0174000000e+01 -1.3171666643e-02 8.6606840827e-02
1.0175000000e+01 -1.3579915224e-02 8.7068212832e-02
1.0176000000e+01 -1.3993114031e-02 8.7508889527e-02
1.0177000000e+01 -1.4410852226e-02 8.7928748706e-02
1.0178000000e+01 -1.4832712398e-02 8.8327684315e-02
1.0179000000e+01 -1.5258270836e-02 8.8705605907e-02
1.0180000000e+01 -1.5687097642e-02 8.9062438247e-02
1.0181000000e+01 -1.6118756710e-02 8.9398121073e-02
1.0182000000e+01 -1.6552805598e-02 8.9712609028e-02
1.0183000000e+01 -1.6988795329e-02 9.0005871749e-02
1.0184000000e+01 -1.7426270156e-02 9.0277894110e-02
1.0185000000e+01 -1.7864767335e-02 9.0528676604e-02
1.0186000000e+01 -1.8303816939e-02 9.0758235832e-02
1.0187000000e+01 -1.8742941771e-02 9.0966605086e-02
1.0188000000e+01 -1.9181657392e-02 9.1153834994e-02
1.0189000000e+01 -1.9619472322e-02 9.1319994195e-02
1.0190000000e+01 -2.0055888432e-02 9.1465170016e-02
1.0191000000e+01 -2.0490401561e-02 9.1589469122e-02
1.0192000000e+01 -2.0922502379e-02 9.1693018110e-02
1.0193000000e+01 -2.1351677497e-02 9.1775964016e-02
1.0194000000e+01 -2.1777410856e-02 9.1838474712e-02
1.0195000000e+01 -2.2199185363e-02 9.1880739177e-02
1.0196000000e+01 -2.2616484784e-02 9.1902967609e-02
1.0197000000e+01 -2.3028795874e-02 9.1905391377e-02
1.0198000000e+01 -2.3435610706e-02 9.1888262790e-02
1.0199000000e+01 -2.3836429181e-02 9.1851854679e-02
1.0200000000e+01 -2.4230761663e-02 9.1796459786e-02
1.0201000000e+01 -2.4618131712e-02 9.1722389964e-02
1.0202000000e+01 -2.4998078843e-02 9.1629975190e-02
1.0203000000e+01 -2.5370161282e-02 9.1519562399e-02
1.0204000000e+01 -2.5733958641e-02 9.1391514155e-02
1.0205000000e+01 -2.6089074483e-02 9.1246207183e-02
1.0206000000e+01 -2.6435138711e-02 9.1084030774e-02
1.0207000000e+01 -2.6771809738e-02 9.0905385102e-02
1.0208000000e+01 -2.7098776404e-02 9.0710679479e-02
1.0209000000e+01 -2.7415759611e-02 9.0500330576e-02
1.0210000000e+01 -2.7722513629e-02 9.0274760651e-02
1.0211000000e+01 -2.8018827093e-02 9.0034395815e-02
1.0212000000e+01 -2.8304523649e-02 8.9779664367e-02
1.0213000000e+01 -2.8579462264e-02 8.9510995234e-02
1.0214000000e+01 -2.8843537213e-02 8.9228816531e-02
1.0215000000e+01 -2.9096677740e-02 8.8933554280e-02
1.0216000000e+01 -2.9338847418e-02 8.8625631291e-02
1.0217000000e+01 -2.9570043237e-02 8.8305466216e-02
1.0218000000e+01 -2.9790294431e-02 8.7973472795e-02
1.0219000000e+01 -2.9999661077e-02 8.7630059270e-02
1.0220000000e+01 -3.0198232501e-02 8.7275627978e-02
1.0221000000e+01 -3.0386125508e-02 8.6910575102e-02
1.0222000000e+01 -3.0563482479e-02 8.6535290556e-02
1.0223000000e+01 -3.0730469344e-02 8.6150157989e-02
1.0224000000e+01 -3.0887273495e-02 8.5755554882e-02
1.0225000000e+01 -3.1034101628e-02 8.5351852697e-02
1.0226000000e+01 -3.1171177574e-02 8.4939417066e-02
1.0227000000e+01 -3.1298740126e-02 8.4518607972e-02
1.0228000000e+01 -3.1417040901e-02 8.4089779905e-02
1.0229000000e+01 -3.1526342247e-02 8.3653281960e-02
1.0230000000e+01 -3.1626915235e-02 8.3209457853e-02
1.0231000000e+01 -3.1719037732e-02 8.2758645833e-02
1.0232000000e+01 -3.1802992595e-02 8.2301178479e-02
1.0233000000e+01 -3.1879065985e-02 8.1837382364e-02
1.0234000000e+01 -3.1947545813e-02 8.1367577584e-02
1.0235000000e+01 -3.2008720340e-02 8.0892077151e-02
1.0236000000e+01 -3.2062876909e-02 8.0411186261e-02
1.0237000000e+01 -3.2110300840e-02 7.9925201438e-02
1.0238000000e+01 -3.2151274459e-02 7.9434409576e-02
1.0239000000e+01 -3.2186076278e-02 7.8939086903e-02
1.0240000000e+01 -3.2214980297e-02 7.8439497881e-02
1.0241000000e+01 -3.2238255435e-02 7.7935894073e-02
1.0242000000e+01 -3.2256165061e-02 7.7428513009e-02
1.0243000000e+01 -3.2268966624e-02 7.6917577068e-02
1.0244000000e+01 -3.2276911346e-02 7.6403292421e-02
1.0245000000e+01 -3.2280243983e-02 7.5885848042e-02
1.0246000000e+01 -3.2279202612e-02 7.5365414832e-02
1.0247000000e+01 -3.2274018437e-02 7.4842144871e-02
1.0248000000e+01 -3.2264915597e-02 7.4316170815e-02
1.0249000000e+01 -3.2252110949e-02 7.3787605472e-02
1.0250000000e+01 -3.2235813810e-02 7.3256541555e-02
1.0251000000e+01 -3.2216225661e-02 7.2723051630e-02
1.0252000000e+01 -3.2193539768e-02 7.2187188272e-02
1.0253000000e+01 -3.2167940751e-02 7.1648984424e-02
1.0254000000e+01 -3.2139604058e-02 7.1108453969e-02
1.0255000000e+01 -3.2108695373e-02 7.0565592489e-02
1.0256000000e+01 -3.2075369946e-02 7.0020378228e-02
1.0257000000e+01 -3.2039771849e-02 6.9472773225e-02
1.0258000000e+01 -3.2002033189e-02 6.8922724601e-02
1.0259000000e+01 -3.1962273272e-02 6.8370165979e-02
1.0260000000e+01 -3.1920597753e-02 6.7815019017e-02
1.0261000000e+01 -3.1877097786e-02 6.7257195000e-02
1.0262000000e+01 -3.1831849201e-02 6.6696596486e-02
1.0263000000e+01 -3.1784911731e-02 6.6133118948e-02
1.0264000000e+01 -3.1736328324e-02 6.5566652389e-02
1.0265000000e+01 -3.1686124539e-02 6.4997082890e-02
1.0266000000e+01 -3.1634308077e-02 6.4424294054e-02
1.0267000000e+01 -3.1580868436e-02 6.3848168329e-02
1.0268000000e+01 -3.1525776726e-02 6.3268588161e-02
1.0269000000e+01 -3.1468985634e-02 6.2685436975e-02
1.0270000000e+01 -3.1410429556e-02 6.2098599956e-02
1.0271000000e+01 -3.1350024878e-02 6.1507964624e-02
1.0272000000e+01 -3.1287670421e-02 6.0913421195e-02
1.0273000000e+01 -3.1223248011e-02 6.0314862736e-02
1.0274000000e+01 -3.1156623182e-02 5.9712185109e-02
1.0275000000e+01 -3.1087645979e-02 5.9105286743e-02
1.0276000000e+01 -3.1016151834e-02 5.8494068219e-02
1.0277000000e+01 -3.0941962514e-02 5.7878431720e-02
1.0278000000e+01 -3.0864887091e-02 5.7258280363e-02
1.0279000000e+01 -3.0784722931e-02 5.6633517432e-02
1.0280000000e+01 -3.0701256672e-02 5.6004045566e-02
1.0281000000e+01 -3.0614265181e-02 5.5369765908e-02
1.0282000000e+01 -3.0523516479e-02 5.4730577271e-02
1.0283000000e+01 -3.0428770621e-02 5.4086375332e-02
1.0284000000e+01 -3.0329780542e-02 5.3437051894e-02
1.0285000000e+01 -3.0226292860e-02 5.2782494234e-02
1.0286000000e+01 -3.0118048668e-02 5.2122584569e-02
1.0287000000e+01 -3.0004784306e-02 5.1457199640e-02
1.0288000000e+01 -2.9886232153e-02 5.0786210452e-02
1.0289000000e+01 -2.9762121452e-02 5.0109482148e-02
1.0290000000e+01 -2.9632179184e-02 4.9426874056e-02
1.0291000000e+01 -2.9496131036e-02 4.8738239872e-02
1.0292000000e+01 -2.9353702459e-02 4.8043428010e-02
1.0293000000e+01 -2.9204619855e-02 4.7342282076e-02
1.0294000000e+01 -2.9048611897e-02 4.6634641491e-02
1.0295000000e+01 -2.8885411001e-02 4.5920342220e-02
1.0296000000e+01 -2.8714754949e-02 4.5199217611e-02
1.0297000000e+01 -2.8536388666e-02 4.4471099320e-02
1.0298000000e+01 -2.8350066144e-02 4.3735818315e-02
1.0299000000e+01 -2.8155552499e-02 4.2993205923e-02
1.0300000000e+01 -2.7952626141e-02 4.2243094931e-02
1.0301000000e+01 -2.7741081027e-02 4.1485320699e-02
1.0302000000e+01 -2.7520728970e-02 4.0719722278e-02
1.0303000000e+01 -2.7291401962e-02 3.9946143508e-02
1.0304000000e+01 -2.7052954476e-02 3.9164434093e-02
1.0305000000e+01 -2.6805265692e-02 3.8374450606e-02
1.0306000000e+01 -2.6548241620e-02 3.7576057439e-02
1.0307000000e+01 -2.6281817059e-02 3.6769127651e-02
1.0308000000e+01 -2.6005957373e-02 3.5953543725e-02
1.0309000000e+01 -2.5720660030e-02 3.5129198206e-02
1.0310000000e+01 -2.5425955891e-02 3.4295994224e-02
1.0311000000e+01 -2.5121910219e-02 3.3453845895e-02
1.0312000000e+01 -2.4808623396e-02 3.2602678600e-02
1.0313000000e+01 -2.4486231343e-02 3.1742429158e-02
1.0314000000e+01 -2.4154905643e-02 3.0873045898e-02
1.0315000000e+01 -2.3814853374e-02 2.9994488655e-02
1.0316000000e+01 -2.3466316667e-02 2.9106728699e-02
1.0317000000e+01 -2.3109572001e-02 2.8209748631e-02
1.0318000000e+01 -2.2744929270e-02 2.7303542271e-02
1.0319000000e+01 -2.2372730619e-02 2.6388114558e-02
1.0320000000e+01 -2.1993349105e-02 2.5463481490e-02
1.0321000000e+01 -2.1607187173e-02 2.4529670128e-02
1.0322000000e+01 -2.1214674994e-02 2.3586718687e-02
1.0323000000e+01 -2.0816268668e-02 2.2634676727e-02
1.0324000000e+01 -2.0412448315e-02 2.1673605458e-02
1.0325000000e+01 -2.0003716066e-02 2.0703578163e-02
1.0326000000e+01 -1.9590593969e-02 1.9724680746e-02
1.0327000000e+01 -1.9173621809e-02 1.8737012399e-02
1.0328000000e+01 -1.8753354864e-02 1.7740686364e-02
1.0329000000e+01 -1.8330361580e-02 1.6735830797e-02
1.0330000000e+01 -1.7905221195e-02 1.5722589694e-02
1.0331000000e+01 -1.7478521296e-02 1.4701123858e-02
1.0332000000e+01 -1.7050855327e-02 1.3671611874e-02
1.0333000000e+01 -1.6622820045e-02 1.2634251073e-02
1.0334000000e+01 -1.6195012942e-02 1.1589258423e-02
1.0335000000e+01 -1.5768029641e-02 1.0536871335e-02
1.0336000000e+01 -1.5342461271e-02 9.4773483281e-03
1.0337000000e+01 -1.4918891853e-02 8.4109695344e-03
1.0338000000e+01 -1.4497895707e-02 7.3380369884e-03
1.0339000000e+01 -1.4080034905e-02 6.2588746869e-03
1.0340000000e+01 -1.3665856785e-02 5.1738283801e-03
1.0341000000e+01 -1.3255891574e-02 4.0832650736e-03
1.0342000000e+01 -1.2850650120e-02 2.9875722226e-03
1.0343000000e+01 -1.2450621784e-02 1.8871566050e-03
1.0344000000e+01 -1.2056272501e-02 7.8244286856e-04
1.0345000000e+01 -1.1668043057e-02 -3.2612824728e-04
1.0346000000e+01 -1.1286347585e-02 -1.4381020043e-03
1.0347000000e+01 -1.0911572321e-02 -2.5530120570e-03
1.0348000000e+01 -1.0544074636e-02 -3.6703831176e-03
1.0349000000e+01 -1.0184182358e-02 -4.7897338604e-03
1.0350000000e+01 -9.8321933925e-03 -5.9105800261e-03
1.0351000000e+01 -9.4883756633e-03 -7.0324376784e-03
1.0352000000e+01 -9.1529673574e-03 -8.1548265597e-03
1.0353000000e+01 -8.8261774813e-03 -9.2772734868e-03
1.0354000000e+01 -8.5081867119e-03 -1.0399315728e-02
1.0355000000e+01 -8.1991485264e-03 -1.1520504295e-02
1.0356000000e+01 -7.8991905865e-03 -1.2640407090e-02
1.0357000000e+01 -7.6084163476e-03 -1.3758611843e-02
1.0358000000e+01 -7.3269068567e-03 -1.4874728790e-02
1.0359000000e+01 -7.0547227020e-03 -1.5988393030e-02
1.0360000000e+01 -6.7919060690e-03 -1.7099266522e-02
1.0361000000e+01 -6.5384828600e-03 -1.8207039693e-02
1.0362000000e+01 -6.2944648300e-03 -1.9311432622e-02
1.0363000000e+01 -6.0598516955e-03 -2.0412195784e-02
1.0364000000e+01 -5.8346331711e-03 -2.1509110368e-02
1.0365000000e+01 -5.6187908966e-03 -2.2601988154e-02
1.0366000000e+01 -5.4123002179e-03 -2.3690670980e-02
1.0367000000e+01 -5.2151317943e-03 -2.4775029833e-02
1.0368000000e+01 -5.0272530099e-03 -2.5854963573e-02
1.0369000000e+01 -4.8486291753e-03 -2.6930397367e-02
1.0370000000e+01 -4.6792245130e-03 -2.8001280848e-02
1.0371000000e+01 -4.5190029292e-03 -2.9067586068e-02
1.0372000000e+01 -4.3679285811e-03 -3.0129305278e-02
1.0373000000e+01 -4.2259662564e-03 -3.1186448598e-02
1.0374000000e+01 -4.0930815889e-03 -3.2239041612e-02
1.0375000000e+01 -3.9692411372e-03 -3.3287122930e-02
1.0376000000e+01 -3.8544123598e-03 -3.4330741759e-02
1.0377000000e+01 -3.7485635203e-03 -3.5369955507e-02
1.0378000000e+01 -3.6516635594e-03 -3.6404827458e-02
1.0379000000e+01 -3.5636819697e-03 -3.7435424520e-02
1.0380000000e+01 -3.4845887053e-03 -3.8461815076e-02
1.0381000000e+01 -3.4143541597e-03 -3.9484066931e-02
1.0382000000e+01 -3.3529492368e-03 -4.0502245376e-02
1.0383000000e+01 -3.3003455363e-03 -4.1516411340e-02
1.0384000000e+01 -3.2565156688e-03 -4.2526619648e-02
1.0385000000e+01 -3.2214337067e-03 -4.3532917356e-02
1.0386000000e+01 -3.1950757732e-03 -4.4535342153e-02
1.0387000000e+01 -3.1774207575e-03 -4.5533920820e-02
1.0388000000e+01 -3.1684511453e-03 -4.6528667726e-02
1.0389000000e+01 -3.1681539376e-03 -4.7519583347e-02
1.0390000000e+01 -3.1765216322e-03 -4.8506652800e-02
1.0391000000e+01 -3.1935532316e-03 -4.9489844380e-02
1.0392000000e+01 -3.2192552404e-03 -5.0469108109e-02
1.0393000000e+01 -3.2536426103e-03 -5.1444374278e-02
1.0394000000e+01 -3.2967395922e-03 -5.2415552017e-02
1.0395000000e+01 -3.3485804534e-03 -5.3382527883e-02
1.0396000000e+01 -3.4092100196e-03 -5.4345164492e-02
1.0397000000e+01 -3.4786840062e-03 -5.5303299214e-02
1.0398000000e+01 -3.5570691056e-03 -5.6256742959e-02
1.0399000000e+01 -3.6444428036e-03 -5.7205279073e-02
1.0400000000e+01 -3.7408929043e-03 -5.8148662383e-02
1.0401000000e+01 -3.8465167477e-03 -5.9086618408e-02
1.0402000000e+01 -3.9614201151e-03 -6.0018842785e-02
1.0403000000e+01 -4.0857158230e-03 -6.0945000932e-02
1.0404000000e+01 -4.2195220139e-03 -6.1864727985e-02
1.0405000000e+01 -4.3629601648e-03 -6.2777629037e-02
1.0406000000e+01 -4.5161528376e-03 -6.3683279718e-02
1.0407000000e+01 -4.6792212089e-03 -6.4581227131e-02
1.0408000000e+01 -4.8522824205e-03 -6.5470991172e-02
1.0409000000e+01 -5.0354468030e-03 -6.6352066246e-02
1.0410000000e+01 -5.2288150251e-03 -6.7223923378e-02
1.0411000000e+01 -5.4324752323e-03 -6.8086012727e-02
1.0412000000e+01 -5.6465002357e-03 -6.8937766469e-02
1.0413000000e+01 -5.8709448145e-03 -6.9778602040e-02
1.0414000000e+01 -6.1058431943e-03 -7.0607925681e-02
1.0415000000e+01 -6.3512067583e-03 -7.1425136245e-02
1.0416000000e+01 -6.6070220438e-03 -7.2229629193e-02
1.0417000000e+01 -6.8732490670e-03 -7.3020800721e-02
1.0418000000e+01 -7.1498200102e-03 -7.3798051917e-02
1.0419000000e+01 -7.4366382956e-03 -7.4560792886e-02
1.0420000000e+01 -7.7335780555e-03 -7.5308446744e-02
1.0421000000e+01 -8.0404839991e-03 -7.6040453393e-02
1.0422000000e+01 -8.3571716635e-03 -7.6756273014e-02
1.0423000000e+01 -8.6834280250e-03 -7.7455389190e-02
1.0424000000e+01 -9.0190124378e-03 -7.8137311602e-02
1.0425000000e+01 -9.3636578571e-03 -7.8801578265e-02
1.0426000000e+01 -9.7170723002e-03 -7.9447757244e-02
1.0427000000e+01 -1.0078940492e-02 -8.0075447872e-02
1.0428000000e+01 -1.0448925643e-02 -8.0684281433e-02
1.0429000000e+01 -1.0826671298e-02 -8.1273921360e-02
1.0430000000e+01 -1.1211803222e-02 -8.1844062969e-02
1.0431000000e+01 -1.1603931251e-02 -8.2394432774e-02
1.0432000000e+01 -1.2002651090e-02 -8.2924787452e-02
1.0433000000e+01 -1.2407546009e-02 -8.3434912526e-02
1.0434000000e+01 -1.2818188419e-02 -8.3924620832e-02
1.0435000000e+01 -1.3234141307e-02 -8.4393750859e-02
1.0436000000e+01 -1.3654959518e-02 -8.4842165029e-02
1.0437000000e+01 -1.4080190884e-02 -8.5269747993e-02
1.0438000000e+01 -1.4509377213e-02 -8.5676405014e-02
1.0439000000e+01 -1.4942055126e-02 -8.6062060477e-02
1.0440000000e+01 -1.5377756786e-02 -8.6426656598e-02
1.0441000000e+01 -1.5816010521e-02 -8.6770152340e-02
1.0442000000e+01 -1.6256341358e-02 -8.7092522573e-02
1.0443000000e+01 -1.6698271515e-02 -8.7393757491e-02
1.0444000000e+01 -1.7141320847e-02 -8.7673862266e-02
1.0445000000e+01 -1.7585007286e-02 -8.7932856950e-02
1.0446000000e+01 -1.8028847285e-02 -8.8170776582e-02
1.0447000000e+01 -1.8472356297e-02 -8.8387671483e-02
1.0448000000e+01 -1.8915049291e-02 -8.8583607701e-02
1.0449000000e+01 -1.9356441318e-02 -8.8758667560e-02
1.0450000000e+01 -1.9796048149e-02 -8.8912950283e-02
1.0451000000e+01 -2.0233386968e-02 -8.9046572629e-02
1.0452000000e+01 -2.0667977146e-02 -8.9159669521e-02
1.0453000000e+01 -2.1099341072e-02 -8.9252394609e-02
1.0454000000e+01 -2.1527005058e-02 -8.9324920742e-02
1.0455000000e+01 -2.1950500299e-02 -8.9377440299e-02
1.0456000000e+01 -2.2369363891e-02 -8.9410165377e-02
1.0457000000e+01 -2.2783139901e-02 -8.9423327780e-02
1.0458000000e+01 -2.3191380473e-02 -8.9417178813e-02
1.0459000000e+01 -2.3593646983e-02 -8.9391988860e-02
1.0460000000e+01 -2.3989511218e-02 -8.9348046737e-02
1.0461000000e+01 -2.4378556588e-02 -8.9285658823e-02
1.0462000000e+01 -2.4760379358e-02 -8.9205147981e-02
1.0463000000e+01 -2.5134589905e-02 -8.9106852267e-02
1.0464000000e+01 -2.5500813990e-02 -8.8991123467e-02
1.0465000000e+01 -2.5858694038e-02 -8.8858325476e-02
1.0466000000e+01 -2.6207890433e-02 -8.8708832549e-02
1.0467000000e+01 -2.6548082811e-02 -8.8543027468e-02
1.0468000000e+01 -2.6878971342e-02 -8.8361299660e-02
1.0469000000e+01 -2.7200278005e-02 -8.8164043301e-02
1.0470000000e+01 -2.7511747826e-02 -8.7951655451e-02
1.0471000000e+01 -2.7813150076e-02 -8.7724534261e-02
1.0472000000e+01 -2.8104279409e-02 -8.7483077281e-02
1.0473000000e+01 -2.8384956918e-02 -8.7227679904e-02
1.0474000000e+01 -2.8655031091e-02 -8.6958733976e-02
1.0475000000e+01 -2.8914378647e-02 -8.6676626589e-02
1.0476000000e+01 -2.9162905228e-02 -8.6381739077e-02
1.0477000000e+01 -2.9400545926e-02 -8.6074446220e-02
1.0478000000e+01 -2.9627265628e-02 -8.5755115663e-02
1.0479000000e+01 -2.9843059160e-02 -8.5424107545e-02
1.0480000000e+01 -3.0047951218e-02 -8.5081774326e-02
1.0481000000e+01 -3.0241996077e-02 -8.4728460805e-02
1.0482000000e+01 -3.0425277065e-02 -8.4364504295e-02
1.0483000000e+01 -3.0597905810e-02 -8.3990234945e-02
1.0484000000e+01 -3.0760021256e-02 -8.3605976168e-02
1.0485000000e+01 -3.0911788463e-02 -8.3212045158e-02
1.0486000000e+01 -3.1053397189e-02 -8.2808753449e-02
1.0487000000e+01 -3.1185060290e-02 -8.2396407504e-02
1.0488000000e+01 -3.1307011946e-02 -8.1975309278e-02
1.0489000000e+01 -3.1419505742e-02 -8.1545756764e-02
1.0490000000e+01 -3.1522812625e-02 -8.1108044458e-02
1.0491000000e+01 -3.1617218779e-02 -8.0662463759e-02
1.0492000000e+01 -3.1703023437e-02 -8.0209303265e-02
1.0493000000e+01 -3.1780536663e-02 -7.9748848970e-02
1.0494000000e+01 -3.1850077141e-02 -7.9281384344e-02
1.0495000000e+01 -3.1911969983e-02 -7.8807190304e-02
1.0496000000e+01 -3.1966544609e-02 -7.8326545072e-02
1.0497000000e+01 -3.2014132687e-02 -7.7839723923e-02
1.0498000000e+01 -3.2055066190e-02 -7.7346998831e-02
1.0499000000e+01 -3.2089675558e-02 -7.6848638021e-02
1.0500000000e+01 -3.2118287991e-02 -7.6344905438e-02
1.0501000000e+01 -3.2141225886e-02 -7.5836060124e-02
1.0502000000e+01 -3.2158805415e-02 -7.5322355545e-02
1.0503000000e+01 -3.2171335254e-02 -7.4804038848e-02
1.0504000000e+01 -3.2179115459e-02 -7.4281350067e-02
1.0505000000e+01 -3.2182436493e-02 -7.3754521298e-02
1.0506000000e+01 -3.2181578397e-02 -7.3223775846e-02
1.0507000000e+01 -3.2176810090e-02 -7.2689327356e-02
1.0508000000e+01 -3.2168388807e-02 -7.2151378939e-02
1.0509000000e+01 -3.2156559642e-02 -7.1610122323e-02
1.0510000000e+01 -3.2141555202e-02 -7.1065737028e-02
1.0511000000e+01 -3.2123595345e-02 -7.0518389582e-02
1.0512000000e+01 -3.2102886988e-02 -6.9968232815e-02
1.0513000000e+01 -3.2079623972e-02 -6.9415405219e-02
1.0514000000e+01 -3.2053986952e-02 -6.8860030418e-02
1.0515000000e+01 -3.2026143310e-02 -6.8302216740e-02
1.0516000000e+01 -3.1996247061e-02 -6.7742056923e-02
1.0517000000e+01 -3.1964438731e-02 -6.7179627947e-02
1.0518000000e+01 -3.1930845202e-02 -6.6614991013e-02
1.0519000000e+01 -3.1895579509e-02 -6.6048191653e-02
1.0520000000e+01 -3.1858740569e-02 -6.5479259988e-02
1.0521000000e+01 -3.1820412856e-02 -6.4908211105e-02
1.0522000000e+01 -3.1780666004e-02 -6.4335045555e-02
1.0523000000e+01 -3.1739554358e-02 -6.3759749948e-02
1.0524000000e+01 -3.1697116471e-02 -6.3182297622e-02
1.0525000000e+01 -3.1653374565e-02 -6.2602649371e-02
1.0526000000e+01 -3.1608333979e-02 -6.2020754202e-02
1.0527000000e+01 -3.1561982618e-02 -6.1436550091e-02
1.0528000000e+01 -3.1514290419e-02 -6.0849964731e-02
1.0529000000e+01 -3.1465208876e-02 -6.0260916231e-02
1.0530000000e+01 -3.1414670624e-02 -5.9669313760e-02
1.0531000000e+01 -3.1362589130e-02 -5.9075058122e-02
1.0532000000e+01 -3.1308858478e-02 -5.8478042246e-02
1.0533000000e+01 -3.1253353302e-02 -5.7878151587e-02
1.0534000000e+01 -3.1195928848e-02 -5.7275264454e-02
1.0535000000e+01 -3.1136421201e-02 -5.6669252241e-02
1.0536000000e+01 -3.1074647659e-02 -5.6059979600e-02
1.0537000000e+01 -3.1010407277e-02 -5.5447304555e-02
1.0538000000e+01 -3.0943481562e-02 -5.4831078564e-02
1.0539000000e+01 -3.0873635324e-02 -5.4211146571e-02
1.0540000000e+01 -3.0800617662e-02 -5.3587347047e-02
1.0541000000e+01 -3.0724163093e-02 -5.2959512038e-02
1.0542000000e+01 -3.0643992780e-02 -5.2327467261e-02
1.0543000000e+01 -3.0559815886e-02 -5.1691032231e-02
1.0544000000e+01 -3.0471331003e-02 -5.1050020466e-02
1.0545000000e+01 -3.0378227672e-02 -5.0404239756e-02
1.0546000000e+01 -3.0280187972e-02 -4.9753492517e-02
1.0547000000e+01 -3.0176888171e-02 -4.9097576232e-02
1.0548000000e+01 -3.0068000440e-02 -4.8436283980e-02
1.0549000000e+01 -2.9953194623e-02 -4.7769405041e-02
1.0550000000e+01 -2.9832140063e-02 -4.7096725594e-02
1.0551000000e+01 -2.9704507490e-02 -4.6418029470e-02
1.0552000000e+01 -2.9569970958e-02 -4.5733098978e-02
1.0553000000e+01 -2.9428209848e-02 -4.5041715768e-02
1.0554000000e+01 -2.9278910925e-02 -4.4343661740e-02
1.0555000000e+01 -2.9121770445e-02 -4.3638719966e-02
1.0556000000e+01 -2.8956496311e-02 -4.2926675629e-02
1.0557000000e+01 -2.8782810258e-02 -4.2207316954e-02
1.0558000000e+01 -2.8600450054e-02 -4.1480436129e-02
1.0559000000e+01 -2.8409171709e-02 -4.0745830194e-02
1.0560000000e+01 -2.8208751648e-02 -4.0003301900e-02
1.0561000000e+01 -2.7998988842e-02 -3.9252660527e-02
1.0562000000e+01 -2.7779706856e-02 -3.8493722651e-02
1.0563000000e+01 -2.7550755800e-02 -3.7726312856e-02
1.0564000000e+01 -2.7312014146e-02 -3.6950264398e-02
1.0565000000e+01 -2.7063390381e-02 -3.6165419809e-02
1.0566000000e+01 -2.6804824499e-02 -3.5371631446e-02
1.0567000000e+01 -2.6536289277e-02 -3.4568761996e-02
1.0568000000e+01 -2.6257791360e-02 -3.3756684923e-02
1.0569000000e+01 -2.5969372112e-02 -3.2935284890e-02
1.0570000000e+01 -2.5671108250e-02 -3.2104458128e-02
1.0571000000e+01 -2.5363112253e-02 -3.1264112794e-02
1.0572000000e+01 -2.5045532546e-02 -3.0414169301e-02
1.0573000000e+01 -2.4718553470e-02 -2.9554560634e-02
1.0574000000e+01 -2.4382395046e-02 -2.8685232668e-02
1.0575000000e+01 -2.4037312530e-02 -2.7806144488e-02
1.0576000000e+01 -2.3683595787e-02 -2.6917268714e-02
1.0577000000e+01 -2.3321568480e-02 -2.6018591851e-02
1.0578000000e+01 -2.2951587074e-02 -2.5110114654e-02
1.0579000000e+01 -2.2574039687e-02 -2.4191852531e-02
1.0580000000e+01 -2.2189344756e-02 -2.3263835962e-02
1.0581000000e+01 -2.1797949556e-02 -2.2326110958e-02
1.0582000000e+01 -2.1400328540e-02 -2.1378739548e-02
1.0583000000e+01 -2.0996981532e-02 -2.0421800283e-02
1.0584000000e+01 -2.0588431736e-02 -1.9455388761e-02
1.0585000000e+01 -2.0175223600e-02 -1.8479618152e-02
1.0586000000e+01 -1.9757920502e-02 -1.7494619710e-02
1.0587000000e+01 -1.9337102284e-02 -1.6500543261e-02
1.0588000000e+01 -1.8913362627e-02 -1.5497557639e-02
1.0589000000e+01 -1.8487306288e-02 -1.4485851045e-02
1.0590000000e+01 -1.8059546199e-02 -1.3465631323e-02
1.0591000000e+01 -1.7630700469e-02 -1.2437126114e-02
1.0592000000e+01 -1.7201389291e-02 -1.1400582869e-02
1.0593000000e+01 -1.6772231795e-02 -1.0356268713e-02
1.0594000000e+01 -1.6343842881e-02 -9.3044701277e-03
1.0595000000e+01 -1.5916830073e-02 -8.2454924485e-03
1.0596000000e+01 -1.5491790419e-02 -7.1796591661e-03
1.0597000000e+01 -1.5069307505e-02 -6.1073110224e-03
1.0598000000e+01 -1.4649948608e-02 -5.0288049043e-03
1.0599000000e+01 -1.4234262034e-02 -3.9445125362e-03
1.0600000000e+01 -1.3822774696e-02 -2.8548189803e-03
1.0601000000e+01 -1.3415989951e-02 -1.7601209560e-03
1.0602000000e+01 -1.3014385746e-02 -6.6082499332e-04
1.0603000000e+01 -1.2618413080e-02 4.4265456088e-04
1.0604000000e+01 -1.2228494830e-02 1.5498976625e-03
1.0605000000e+01 -1.1845024922e-02 2.6604807924e-03
1.0606000000e+01 -1.1468367874e-02 3.7739792559e-03
1.0607000000e+01 -1.1098858694e-02 4.8899695319e-03
1.0608000000e+01 -1.0736803125e-02 6.0080316452e-03
1.0609000000e+01 -1.0382478214e-02 7.1277515311e-03
1.0610000000e+01 -1.0036133183e-02 8.2487233641e-03
1.0611000000e+01 -9.6979905646e-03 9.3705518206e-03
1.0612000000e+01 -9.3682475672e-03 1.0492854245e-02
1.0613000000e+01 -9.0470776263e-03 1.1615262687e-02
1.0614000000e+01 -8.7346321050e-03 1.2737425791e-02
1.0615000000e+01 -8.4310420944e-03 1.3859010490e-02
1.0616000000e+01 -8.1364202744e-03 1.4979703497e-02
1.0617000000e+01 -7.8508627901e-03 1.6099212553e-02
1.0618000000e+01 -7.5744511065e-03 1.7217267420e-02
1.0619000000e+01 -7.3072538036e-03 1.8333620588e-02
1.0620000000e+01 -7.0493282796e-03 1.9448047689e-02
1.0621000000e+01 -6.8007223333e-03 2.0560347603e-02
1.0622000000e+01 -6.5614756037e-03 2.1670342247e-02
1.0623000000e+01 -6.3316208449e-03 2.2777876052e-02
1.0624000000e+01 -6.1111850259e-03 2.3882815132e-02
1.0625000000e+01 -5.9001902452e-03 2.4985046163e-02
1.0626000000e+01 -5.6986544573e-03 2.6084474978e-02
1.0627000000e+01 -5.5065920123e-03 2.7181024928e-02
1.0628000000e+01 -5.3240140178e-03 2.8274635024e-02
1.0629000000e+01 -5.1509285319e-03 2.9365257902e-02
1.0630000000e+01 -4.9873406058e-03 3.0452857657e-02
1.0631000000e+01 -4.8332521970e-03 3.1537407589e-02
1.0632000000e+01 -4.6886619757e-03 3.2618887901e-02
1.0633000000e+01 -4.5535650557e-03 3.3697283402e-02
1.0634000000e+01 -4.4279526778e-03 3.4772581240e-02
1.0635000000e+01 -4.3118118805e-03 3.5844768725e-02
1.0636000000e+01 -4.2051251899e-03 3.6913831255e-02
1.0637000000e+01 -4.1078703637e-03 3.7979750381e-02
1.0638000000e+01 -4.0200202193e-03 3.9042502021e-02
1.0639000000e+01 -3.9415425749e-03 4.0102054850e-02
1.0640000000e+01 -3.8724003299e-03 4.1158368853e-02
1.0641000000e+01 -3.8125517007e-03 4.2211394056e-02
1.0642000000e+01 -3.7619506283e-03 4.3261069419e-02
1.0643000000e+01 -3.7205473611e-03 4.4307321879e-02
1.0644000000e+01 -3.6882892136e-03 4.5350065534e-02
1.0645000000e+01 -3.6651214901e-03 4.6389200948e-02
1.0646000000e+01 -3.6509885602e-03 4.7424614563e-02
1.0647000000e+01 -3.6458350597e-03 4.8456178187e-02
1.0648000000e+01 -3.6496071906e-03 4.9483748567e-02
1.0649000000e+01 -3.6622540841e-03 5.0507167004e-02
1.0650000000e+01 -3.6837291879e-03 5.1526259017e-02
1.0651000000e+01 -3.7139916372e-03 5.2540834038e-02
1.0652000000e+01 -3.7530075637e-03 5.3550685131e-02
1.0653000000e+01 -3.8007512997e-03 5.4555588735e-02
1.0654000000e+01 -3.8572064329e-03 5.5555304427e-02
1.0655000000e+01 -3.9223666706e-03 5.6549574708e-02
1.0656000000e+01 -3.9962364754e-03 5.7538124823e-02
1.0657000000e+01 -4.0788314378e-03 5.8520662618e-02
1.0658000000e+01 -4.1701783619e-03 5.9496878457e-02
1.0659000000e+01 -4.2703150401e-03 6.0466445209e-02
1.0660000000e+01 -4.3792897096e-03 6.1429018327e-02
1.0661000000e+01 -4.4971601854e-03 6.2384236041e-02
1.0662000000e+01 -4.6239926784e-03 6.3331719683e-02
1.0663000000e+01 -4.7598603144e-03 6.4271074176e-02
1.0664000000e+01 -4.9048413810e-03 6.5201888691e-02
1.0665000000e+01 -5.0590173337e-03 6.6123737503e-02
1.0666000000e+01 -5.2224706063e-03 6.7036181046e-02
1.0667000000e+01 -5.3952822703e-03 6.7938767186e-02
1.0668000000e+01 -5.5775295962e-03 6.8831032695e-02
1.0669000000e+01 -5.7692835707e-03 6.9712504943e-02
1.0670000000e+01 -5.9706064262e-03 7.0582703768e-02
1.0671000000e+01 -6.1815492353e-03 7.1441143525e-02
1.0672000000e+01 -6.4021496223e-03 7.2287335276e-02
1.0673000000e+01 -6.6324296394e-03 7.3120789084e-02
1.0674000000e+01 -6.8723938483e-03 7.3941016395e-02
1.0675000000e+01 -7.1220276425e-03 7.4747532434e-02
1.0676000000e+01 -7.3812958368e-03 7.5539858601e-02
1.0677000000e+01 -7.6501415444e-03 7.6317524805e-02
1.0678000000e+01 -7.9284853511e-03 7.7080071698e-02
1.0679000000e+01 -8.2162247917e-03 7.7827052773e-02
1.0680000000e+01 -8.5132341222e-03 7.8558036265e-02
1.0681000000e+01 -8.8193643773e-03 7.9272606854e-02
1.0682000000e+01 -9.1344436962e-03 7.9970367117e-02
1.0683000000e+01 -9.4582778908e-03 8.0650938710e-02
1.0684000000e+01 -9.7906512325e-03 8.1313963286e-02
1.0685000000e+01 -1.0131327424e-02 8.1959103113e-02
1.0686000000e+01 -1.0480050721e-02 8.2586041427e-02
1.0687000000e+01 -1.0836547176e-02 8.3194482506e-02
1.0688000000e+01 -1.1200525957e-02 8.3784151499e-02
1.0689000000e+01 -1.1571680712e-02 8.4354794034e-02
1.0690000000e+01 -1.1949690941e-02 8.4906175633e-02
1.0691000000e+01 -1.2334223343e-02 8.5438080983e-02
1.0692000000e+01 -1.2724933104e-02 8.5950313095e-02
1.0693000000e+01 -1.3121465088e-02 8.6442692400e-02
1.0694000000e+01 -1.3523454919e-02 8.6915055829e-02
1.0695000000e+01 -1.3930529920e-02 8.7367255916e-02
1.0696000000e+01 -1.4342309897e-02 8.7799159964e-02
1.0697000000e+01 -1.4758407749e-02 8.8210649313e-02
1.0698000000e+01 -1.5178429910e-02 8.8601618736e-02
1.0699000000e+01 -1.5601976612e-02 8.8971975991e-02
1.0700000000e+01 -1.6028641982e-02 8.9321641537e-02
1.0701000000e+01 -1.6458013990e-02 8.9650548425e-02
1.0702000000e+01 -1.6889674268e-02 8.9958642369e-02
1.0703000000e+01 -1.7323197825e-02 9.0245881983e-02
1.0704000000e+01 -1.7758152698e-02 9.0512239173e-02
1.0705000000e+01 -1.8194099565e-02 9.0757699665e-02
1.0706000000e+01 -1.8630591382e-02 9.0982263652e-02
1.0707000000e+01 -1.9067173063e-02 9.1185946517e-02
1.0708000000e+01 -1.9503381268e-02 9.1368779625e-02
1.0709000000e+01 -1.9938744327e-02 9.1530811127e-02
1.0710000000e+01 -2.0372782357e-02 9.1672106777e-02
1.0711000000e+01 -2.0805007586e-02 9.1792750702e-02
1.0712000000e+01 -2.1234924947e-02 9.1892846119e-02
1.0713000000e+01 -2.1662032934e-02 9.1972515955e-02
1.0714000000e+01 -2.2085824764e-02 9.2031903368e-02
1.0715000000e+01 -2.2505789846e-02 9.2071172120e-02
1.0716000000e+01 -2.2921415539e-02 9.2090506818e-02
1.0717000000e+01 -2.3332189220e-02 9.2090112971e-02
1.0718000000e+01 -2.3737600613e-02 9.2070216887e-02
1.0719000000e+01 -2.4137144355e-02 9.2031065379e-02
1.0720000000e+01 -2.4530322766e-02 9.1972925286e-02
1.0721000000e+01 -2.4916648768e-02 9.1896082808e-02
1.0722000000e+01 -2.5295648888e-02 9.1800842658e-02
1.0723000000e+01 -2.5666866307e-02 9.1687527042e-02
1.0724000000e+01 -2.6029863863e-02 9.1556474470e-02
1.0725000000e+01 -2.6384226977e-02 9.1408038433e-02
1.0726000000e+01 -2.6729566409e-02 9.1242585944e-02
1.0727000000e+01 -2.7065520811e-02 9.1060495988e-02
1.0728000000e+01 -2.7391759023e-02 9.0862157892e-02
1.0729000000e+01 -2.7707982055e-02 9.0647969658e-02
1.0730000000e+01 -2.8013924745e-02 9.0418336281e-02
1.0731000000e+01 -2.8309357050e-02 9.0173668091e-02
1.0732000000e+01 -2.8594084971e-02 8.9914379148e-02
1.0733000000e+01 -2.8867951099e-02 8.9640885724e-02
1.0734000000e+01 -2.9130834790e-02 8.9353604886e-02
1.0735000000e+01 -2.9382651981e-02 8.9052953226e-02
1.0736000000e+01 -2.9623354663e-02 8.8739345735e-02
1.0737000000e+01 -2.9852930036e-02 8.8413194840e-02
1.0738000000e+01 -3.0071399368e-02 8.8074909618e-02
1.0739000000e+01 -3.0278816591e-02 8.7724895171e-02
1.0740000000e+01 -3.0475266664e-02 8.7363552172e-02
1.0741000000e+01 -3.0660863734e-02 8.6991276557e-02
1.0742000000e+01 -3.0835749116e-02 8.6608459354e-02
1.0743000000e+01 -3.1000089152e-02 8.6215486622e-02
1.0744000000e+01 -3.1154072950e-02 8.5812739478e-02
1.0745000000e+01 -3.1297910057e-02 8.5400594191e-02
1.0746000000e+01 -3.1431828090e-02 8.4979422300e-02
1.0747000000e+01 -3.1556070357e-02 8.4549590742e-02
1.0748000000e+01 -3.1670893504e-02 8.4111461957e-02
1.0749000000e+01 -3.1776565208e-02 8.3665393941e-02
1.0750000000e+01 -3.1873361957e-02 8.3211740226e-02
1.0751000000e+01 -3.1961566926e-02 8.2750849768e-02
1.0752000000e+01 -3.2041467984e-02 8.2283066715e-02
1.0753000000e+01 -3.2113355851e-02 8.1808730060e-02
1.0754000000e+01 -3.2177522402e-02 8.1328173148e-02
1.0755000000e+01 -3.2234259156e-02 8.0841723055e-02
1.0756000000e+01 -3.2283855936e-02 8.0349699821e-02
1.0757000000e+01 -3.2326599708e-02 7.9852415565e-02
1.0758000000e+01 -3.2362773599e-02 7.9350173472e-02
1.0759000000e+01 -3.2392656089e-02 7.8843266689e-02
1.0760000000e+01 -3.2416520361e-02 7.8331977139e-02
1.0761000000e+01 -3.2434633804e-02 7.7816574282e-02
1.0762000000e+01 -3.2447257640e-02 7.7297313858e-02
1.0763000000e+01 -3.2454646675e-02 7.6774436627e-02
1.0764000000e+01 -3.2457049129e-02 7.6248167156e-02
1.0765000000e+01 -3.2454706546e-02 7.5718712673e-02
1.0766000000e+01 -3.2447853736e-02 7.5186262024e-02
1.0767000000e+01 -3.2436718749e-02 7.4650984753e-02
1.0768000000e+01 -3.2421522834e-02 7.4113030357e-02
1.0769000000e+01 -3.2402480376e-02 7.3572527703e-02
1.0770000000e+01 -3.2379798784e-02 7.3029584663e-02
1.0771000000e+01 -3.2353678307e-02 7.2484287955e-02
1.0772000000e+01 -3.2324311777e-02 7.1936703221e-02
1.0773000000e+01 -3.2291884243e-02 7.1386875331e-02
1.0774000000e+01 -3.2256572521e-02 7.0834828924e-02
1.0775000000e+01 -3.2218544635e-02 7.0280569171e-02
1.0776000000e+01 -3.2177959154e-02 6.9724082759e-02
1.0777000000e+01 -3.2134964455e-02 6.9165339065e-02
1.0778000000e+01 -3.2089697901e-02 6.8604291512e-02
1.0779000000e+01 -3.2042284967e-02 6.8040879064e-02
1.0780000000e+01 -3.1992838336e-02 6.7475027845e-02
1.0781000000e+01 -3.1941456983e-02 6.6906652838e-02
1.0782000000e+01 -3.1888225284e-02 6.6335659624e-02
1.0783000000e+01 -3.1833212174e-02 6.5761946137e-02
1.0784000000e+01 -3.1776470370e-02 6.5185404384e-02
1.0785000000e+01 -3.1718035712e-02 6.4605922098e-02
1.0786000000e+01 -3.1657926612e-02 6.4023384291e-02
1.0787000000e+01 -3.1596143655e-02 6.3437674677e-02
1.0788000000e+01 -3.1532669351e-02 6.2848676928e-02
1.0789000000e+01 -3.1467468063e-02 6.2256275757e-02
1.0790000000e+01 -3.1400486094e-02 6.1660357789e-02
1.0791000000e+01 -3.1331651956e-02 6.1060812232e-02
1.0792000000e+01 -3.1260876790e-02 6.0457531330e-02
1.0793000000e+01 -3.1188054948e-02 5.9850410592e-02
1.0794000000e+01 -3.1113064700e-02 5.9239348822e-02
1.0795000000e+01 -3.1035769063e-02 5.8624247950e-02
1.0796000000e+01 -3.0956016709e-02 5.8005012679e-02
1.0797000000e+01 -3.0873642953e-02 5.7381549975e-02
1.0798000000e+01 -3.0788470763e-02 5.6753768433e-02
1.0799000000e+01 -3.0700311797e-02 5.6121577522e-02
1.0800000000e+01 -3.0608967424e-02 5.5484886768e-02
1.0801000000e+01 -3.0514229717e-02 5.4843604885e-02
1.0802000000e+01 -3.0415882405e-02 5.4197638891e-02
1.0803000000e+01 -3.0313701768e-02 5.3546893249e-02
1.0804000000e+01 -3.0207457476e-02 5.2891269035e-02
1.0805000000e+01 -3.0096913372e-02 5.2230663197e-02
1.0806000000e+01 -2.9981828204e-02 5.1564967886e-02
1.0807000000e+01 -2.9861956327e-02 5.0894069914e-02
1.0808000000e+01 -2.9737048378e-02 5.0217850334e-02
1.0809000000e+01 -2.9606851964e-02 4.9536184159e-02
1.0810000000e+01 -2.9471112361e-02 4.8848940228e-02
1.0811000000e+01 -2.9329573274e-02 4.8155981223e-02
1.0812000000e+01 -2.9181977668e-02 4.7457163836e-02
1.0813000000e+01 -2.9028068690e-02 4.6752339082e-02
1.0814000000e+01 -2.8867590716e-02 4.6041352757e-02
1.0815000000e+01 -2.8700290532e-02 4.5324046022e-02
1.0816000000e+01 -2.8525918658e-02 4.4600256120e-02
1.0817000000e+01 -2.8344230844e-02 4.3869817194e-02
1.0818000000e+01 -2.8154989712e-02 4.3132561216e-02
1.0819000000e+01 -2.7957966565e-02 4.2388318988e-02
1.0820000000e+01 -2.7752943340e-02 4.1636921223e-02
1.0821000000e+01 -2.7539714686e-02 4.0878199672e-02
1.0822000000e+01 -2.7318090153e-02 4.0111988285e-02
1.0823000000e+01 -2.7087896444e-02 3.9338124380e-02
1.0824000000e+01 -2.6848979712e-02 3.8556449814e-02
1.0825000000e+01 -2.6601207839e-02 3.7766812104e-02
1.0826000000e+01 -2.6344472673e-02 3.6969065503e-02
1.0827000000e+01 -2.6078692161e-02 3.6163071997e-02
1.0828000000e+01 -2.5803812338e-02 3.5348702195e-02
1.0829000000e+01 -2.5519809139e-02 3.4525836113e-02
1.0830000000e+01 -2.5226689976e-02 3.3694363826e-02
1.0831000000e+01 -2.4924495066e-02 3.2854185985e-02
1.0832000000e+01 -2.4613298480e-02 3.2005214198e-02
1.0833000000e+01 -2.4293208885e-02 3.1147371284e-02
1.0834000000e+01 -2.3964369990e-02 3.0280591403e-02
1.0835000000e+01 -2.3626960677e-02 2.9404820081e-02
1.0836000000e+01 -2.3281194836e-02 2.8520014165e-02
1.0837000000e+01 -2.2927320906e-02 2.7626141705e-02
1.0838000000e+01 -2.2565621145e-02 2.6723181817e-02
1.0839000000e+01 -2.2196410660e-02 2.5811124537e-02
1.0840000000e+01 -2.1820036197e-02 2.4889970708e-02
1.0841000000e+01 -2.1436874745e-02 2.3959731904e-02
1.0842000000e+01 -2.1047331955e-02 2.3020430445e-02
1.0843000000e+01 -2.0651840417e-02 2.2072099484e-02
1.0844000000e+01 -2.0250857801e-02 2.1114783224e-02
1.0845000000e+01 -1.9844864899e-02 2.0148537233e-02
1.0846000000e+01 -1.9434363564e-02 1.9173428893e-02
1.0847000000e+01 -1.9019874588e-02 1.8189537967e-02
1.0848000000e+01 -1.8601935500e-02 1.7196957286e-02
1.0849000000e+01 -1.8181098319e-02 1.6195793538e-02
1.0850000000e+01 -1.7757927253e-02 1.5186168152e-02
1.0851000000e+01 -1.7332996359e-02 1.4168218251e-02
1.0852000000e+01 -1.6906887164e-02 1.3142097647e-02
1.0853000000e+01 -1.6480186258e-02 1.2107977860e-02
1.0854000000e+01 -1.6053482859e-02 1.1066049121e-02
1.0855000000e+01 -1.5627366352e-02 1.0016521324e-02
1.0856000000e+01 -1.5202423835e-02 8.9596248965e-03
1.0857000000e+01 -1.4779237642e-02 7.8956115428e-03
1.0858000000e+01 -1.4358382890e-02 6.8247548349e-03
1.0859000000e+01 -1.3940425052e-02 5.7473505994e-03
1.0860000000e+01 -1.3525917561e-02 4.6637170758e-03
1.0861000000e+01 -1.3115399486e-02 3.5741948093e-03
1.0862000000e+01 -1.2709393285e-02 2.4791462516e-03
1.0863000000e+01 -1.2308402661e-02 1.3789550461e-03
1.0864000000e+01 -1.1912910552e-02 2.7402498083e-04
1.0865000000e+01 -1.1523377277e-02 -8.3522139984e-04
1.0866000000e+01 -1.1140238858e-02 -1.9483445273e-03
1.0867000000e+01 -1.0763905560e-02 -3.0648898767e-03
1.0868000000e+01 -1.0394760653e-02 -4.1843903552e-03
1.0869000000e+01 -1.0033159438e-02 -5.3063689851e-03
1.0870000000e+01 -9.6794285457e-03 -6.4303418458e-03
1.0871000000e+01 -9.3338655189e-03 -7.5558212339e-03
1.0872000000e+01 -8.9967387052e-03 -8.6823189873e-03
1.0873000000e+01 -8.6682874460e-03 -9.8093499173e-03
1.0874000000e+01 -8.3487225696e-03 -1.0936435284e-02
1.0875000000e+01 -8.0382271762e-03 -1.2063106248e-02
1.0876000000e+01 -7.7369576986e-03 -1.3188907232e-02
1.0877000000e+01 -7.4450452145e-03 -1.4313399121e-02
1.0878000000e+01 -7.1625969819e-03 -1.5436162241e-02
1.0879000000e+01 -6.8896981612e-03 -1.6556799048e-02
1.0880000000e+01 -6.6264136848e-03 -1.7674936486e-02
1.0881000000e+01 -6.3727902298e-03 -1.8790227962e-02
1.0882000000e+01 -6.1288582503e-03 -1.9902354903e-02
1.0883000000e+01 -5.8946340210e-03 -2.1011027885e-02
1.0884000000e+01 -5.6701216501e-03 -2.2115987306e-02
1.0885000000e+01 -5.4553150185e-03 -2.3217003621e-02
1.0886000000e+01 -5.2501996085e-03 -2.4313877144e-02
1.0887000000e+01 -5.0547541901e-03 -2.5406437441e-02
1.0888000000e+01 -4.8689523407e-03 -2.6494542340e-02
1.0889000000e+01 -4.6927637786e-03 -2.7578076618e-02
1.0890000000e+01 -4.5261555029e-03 -2.8656950380e-02
1.0891000000e+01 -4.3690927343e-03 -2.9731097199e-02
1.0892000000e+01 -4.2215396641e-03 -3.0800472060e-02
1.0893000000e+01 -4.0834600201e-03 -3.1865049153e-02
1.0894000000e+01 -3.9548174690e-03 -3.2924819565e-02
1.0895000000e+01 -3.8355758742e-03 -3.3979788914e-02
1.0896000000e+01 -3.7256994379e-03 -3.5029974969e-02
1.0897000000e+01 -3.6251527522e-03 -3.6075405278e-02
1.0898000000e+01 -3.5339007922e-03 -3.7116114853e-02
1.0899000000e+01 -3.4519088794e-03 -3.8152143917e-02
1.0900000000e+01 -3.3791426470e-03 -3.9183535743e-02
1.0901000000e+01 -3.3155680339e-03 -4.0210334597e-02
1.0902000000e+01 -3.2611513336e-03 -4.1232583778e-02
1.0903000000e+01 -3.2158593212e-03 -4.2250323777e-02
1.0904000000e+01 -3.1796594739e-03 -4.3263590530e-02
1.0905000000e+01 -3.1525202976e-03 -4.4272413771e-02
1.0906000000e+01 -3.1344117657e-03 -4.5276815456e-02
1.0907000000e+01 -3.1253058687e-03 -4.6276808266e-02
1.0908000000e+01 -3.1251772656e-03 -4.7272394154e-02
1.0909000000e+01 -3.1340040237e-03 -4.8263562926e-02
1.0910000000e+01 -3.1517684252e-03 -4.9250290852e-02
1.0911000000e+01 -3.1784578135e-03 -5.0232539282e-02
1.0912000000e+01 -3.2140654484e-03 -5.1210253281e-02
1.0913000000e+01 -3.2585913358e-03 -5.2183360261e-02
1.0914000000e+01 -3.3120429944e-03 -5.3151768629e-02
1.0915000000e+01 -3.3744361234e-03 -5.4115366453e-02
1.0916000000e+01 -3.4457951330e-03 -5.5074020161e-02
1.0917000000e+01 -3.5261535042e-03 -5.6027573290e-02
1.0918000000e+01 -3.6155539452e-03 -5.6975845299e-02
1.0919000000e+01 -3.7140483173e-03 -5.7918630475e-02
1.0920000000e+01 -3.8216973063e-03 -5.8855696958e-02
1.0921000000e+01 -3.9385698234e-03 -5.9786785906e-02
1.0922000000e+01 -4.0647421230e-03 -6.0711610829e-02
1.0923000000e+01 -4.2002966356e-03 -6.1629857134e-02
1.0924000000e+01 -4.3453205171e-03 -6.2541181896e-02
1.0925000000e+01 -4.4999039280e-03 -6.3445213907e-02
1.0926000000e+01 -4.6641380625e-03 -6.4341554017e-02
1.0927000000e+01 -4.8381129541e-03 -6.5229775808e-02
1.0928000000e+01 -5.0219150970e-03 -6.6109426626e-02
1.0929000000e+01 -5.2156249257e-03 -6.6980028994e-02
1.0930000000e+01 -5.4193142047e-03 -6.7841082416e-02
1.0931000000e+01 -5.6330433841e-03 -6.8692065575e-02
1.0932000000e+01 -5.8568589821e-03 -6.9532438928e-02
1.0933000000e+01 -6.0907910548e-03 -7.0361647673e-02
1.0934000000e+01 -6.3348508163e-03 -7.1179125051e-02
1.0935000000e+01 -6.5890284654e-03 -7.1984295949e-02
1.0936000000e+01 -6.8532912744e-03 -7.2776580738e-02
1.0937000000e+01 -7.1275819832e-03 -7.3555399279e-02
1.0938000000e+01 -7.4118175377e-03 -7.4320175019e-02
1.0939000000e+01 -7.7058881962e-03 -7.5070339093e-02
1.0940000000e+01 -8.0096570184e-03 -7.5805334341e-02
1.0941000000e+01 -8.3229597391e-03 -7.6524619150e-02
1.0942000000e+01 -8.6456050142e-03 -7.7227671046e-02
1.0943000000e+01 -8.9773750180e-03 -7.7913989944e-02
1.0944000000e+01 -9.3180263574e-03 -7.8583100996e-02
1.0945000000e+01 -9.6672912624e-03 -7.9234556989e-02
1.0946000000e+01 -1.0024879004e-02 -7.9867940237e-02
1.0947000000e+01 -1.0390477482e-02 -8.0482863958e-02
1.0948000000e+01 -1.0763754940e-02 -8.1078973134e-02
1.0949000000e+01 -1.1144361729e-02 -8.1655944844e-02
1.0950000000e+01 -1.1531932099e-02 -8.2213488131e-02
1.0951000000e+01 -1.1926085937e-02 -8.2751343417e-02
1.0952000000e+01 -1.2326430437e-02 -8.3269281536e-02
1.0953000000e+01 -1.2732561660e-02 -8.3767102452e-02
1.0954000000e+01 -1.3144065948e-02 -8.4244633727e-02
1.0955000000e+01 -1.3560521193e-02 -8.4701728820e-02
1.0956000000e+01 -1.3981497951e-02 -8.5138265296e-02
1.0957000000e+01 -1.4406560391e-02 -8.5554143014e-02
1.0958000000e+01 -1.4835267100e-02 -8.5949282366e-02
1.0959000000e+01 -1.5267171756e-02 -8.6323622635e-02
1.0960000000e+01 -1.5701823689e-02 -8.6677120513e-02
1.0961000000e+01 -1.6138768351e-02 -8.7009748829e-02
1.0962000000e+01 -1.6577547729e-02 -8.7321495517e-02
1.0963000000e+01 -1.7017700719e-02 -8.7612362834e-02
1.0964000000e+01 -1.7458763495e-02 -8.7882366841e-02
1.0965000000e+01 -1.7900269892e-02 -8.8131537138e-02
1.0966000000e+01 -1.8341751831e-02 -8.8359916842e-02
1.0967000000e+01 -1.8782739800e-02 -8.8567562767e-02
1.0968000000e+01 -1.9222763404e-02 -8.8754545799e-02
1.0969000000e+01 -1.9661351996e-02 -8.8920951407e-02
1.0970000000e+01 -2.0098035396e-02 -8.9066880257e-02
1.0971000000e+01 -2.0532344694e-02 -8.9192448889e-02
1.0972000000e+01 -2.0963813127e-02 -8.9297790398e-02
1.0973000000e+01 -2.1391977038e-02 -8.9383055101e-02
1.0974000000e+01 -2.1816376893e-02 -8.9448411119e-02
1.0975000000e+01 -2.2236558340e-02 -8.9494044852e-02
1.0976000000e+01 -2.2652073317e-02 -8.9520161315e-02
1.0977000000e+01 -2.3062481167e-02 -8.9526984288e-02
1.0978000000e+01 -2.3467349772e-02 -8.9514756276e-02
1.0979000000e+01 -2.3866256680e-02 -8.9483738240e-02
1.0980000000e+01 -2.4258790225e-02 -8.9434209101e-02
1.0981000000e+01 -2.4644550622e-02 -8.9366465010e-02
1.0982000000e+01 -2.5023151052e-02 -8.9280818383e-02
1.0983000000e+01 -2.5394218719e-02 -8.9177596714e-02
1.0984000000e+01 -2.5757395885e-02 -8.9057141186e-02
1.0985000000e+01 -2.6112340893e-02 -8.8919805102e-02
1.0986000000e+01 -2.6458729175e-02 -8.8765952170e-02
1.0987000000e+01 -2.6796254241e-02 -8.8595954684e-02
1.0988000000e+01 -2.7124628671e-02 -8.8410191627e-02
1.0989000000e+01 -2.7443585092e-02 -8.8209046753e-02
1.0990000000e+01 -2.7752877148e-02 -8.7992906684e-02
1.0991000000e+01 -2.8052280451e-02 -8.7762159065e-02
1.0992000000e+01 -2.8341593513e-02 -8.7517190818e-02
1.0993000000e+01 -2.8620638640e-02 -8.7258386529e-02
1.0994000000e+01 -2.8889262773e-02 -8.6986126995e-02
1.0995000000e+01 -2.9147338262e-02 -8.6700787971e-02
1.0996000000e+01 -2.9394763552e-02 -8.6402739111e-02
1.0997000000e+01 -2.9631463757e-02 -8.6092343140e-02
1.0998000000e+01 -2.9857391103e-02 -8.5769955242e-02
1.0999000000e+01 -3.0072525227e-02 -8.5435922676e-02
1.1000000000e+01 -3.0276873302e-02 -8.5090584600e-02
1.1001000000e+01 -3.0470469988e-02 -8.4734272102e-02
1.1002000000e+01 -3.0653377179e-02 -8.4367308395e-02
1.1003000000e+01 -3.0825683564e-02 -8.3990009177e-02
1.1004000000e+01 -3.0987503970e-02 -8.3602683108e-02
1.1005000000e+01 -3.1138978512e-02 -8.3205632374e-02
1.1006000000e+01 -3.1280271540e-02 -8.2799153314e-02
1.1007000000e+01 -3.1411570402e-02 -8.2383537068e-02
1.1008000000e+01 -3.1533084029e-02 -8.1959070217e-02
1.1009000000e+01 -3.1645041362e-02 -8.1526035394e-02
1.1010000000e+01 -3.1747689647e-02 -8.1084711823e-02
1.1011000000e+01 -3.1841292608e-02 -8.0635375790e-02
1.1012000000e+01 -3.1926128532e-02 -8.0178301016e-02
1.1013000000e+01 -3.2002488295e-02 -7.9713758921e-02
1.1014000000e+01 -3.2070673337e-02 -7.9242018789e-02
1.1015000000e+01 -3.2130993636e-02 -7.8763347812e-02
1.1016000000e+01 -3.2183765684e-02 -7.8278011035e-02
1.1017000000e+01 -3.2229310499e-02 -7.7786271192e-02
1.1018000000e+01 -3.2267951693e-02 -7.7288388453e-02
1.1019000000e+01 -3.2300013608e-02 -7.6784620069e-02
1.1020000000e+01 -3.2325819538e-02 -7.6275219949e-02
1.1021000000e+01 -3.2345690054e-02 -7.5760438156e-02
1.1022000000e+01 -3.2359941438e-02 -7.5240520330e-02
1.1023000000e+01 -3.2368884229e-02 -7.4715707066e-02
1.1024000000e+01 -3.2372821901e-02 -7.4186233227e-02
1.1025000000e+01 -3.2372049662e-02 -7.3652327217e-02
1.1026000000e+01 -3.2366853388e-02 -7.3114210223e-02
1.1027000000e+01 -3.2357508683e-02 -7.2572095419e-02
1.1028000000e+01 -3.2344280075e-02 -7.2026187167e-02
1.1029000000e+01 -3.2327420328e-02 -7.1476680210e-02
1.1030000000e+01 -3.2307169887e-02 -7.0923758875e-02
1.1031000000e+01 -3.2283756428e-02 -7.0367596307e-02
1.1032000000e+01 -3.2257394508e-02 -6.9808353739e-02
1.1033000000e+01 -3.2228285316e-02 -6.9246179835e-02
1.1034000000e+01 -3.2196616484e-02 -6.8681210095e-02
1.1035000000e+01 -3.2162561967e-02 -6.8113566365e-02
1.1036000000e+01 -3.2126281946e-02 -6.7543356444e-02
1.1037000000e+01 -3.2087922765e-02 -6.6970673813e-02
1.1038000000e+01 -3.2047616855e-02 -6.6395597490e-02
1.1039000000e+01 -3.2005482641e-02 -6.5818192002e-02
1.1040000000e+01 -3.1961624416e-02 -6.5238507498e-02
1.1041000000e+01 -3.1916132168e-02 -6.4656579968e-02
1.1042000000e+01 -3.1869081345e-02 -6.4072431580e-02
1.1043000000e+01 -3.1820532571e-02 -6.3486071109e-02
1.1044000000e+01 -3.1770531296e-02 -6.2897494438e-02
1.1045000000e+01 -3.1719107400e-02 -6.2306685121e-02
1.1046000000e+01 -3.1666274751e-02 -6.1713614979e-02
1.1047000000e+01 -3.1612030747e-02 -6.1118244697e-02
1.1048000000e+01 -3.1556355844e-02 -6.0520524424e-02
1.1049000000e+01 -3.1499213102e-02 -5.9920394327e-02
1.1050000000e+01 -3.1440547770e-02 -5.9317785111e-02
1.1051000000e+01 -3.1380286932e-02 -5.8712618461e-02
1.1052000000e+01 -3.1318339234e-02 -5.8104807425e-02
1.1053000000e+01 -3.1254594718e-02 -5.7494256714e-02
1.1054000000e+01 -3.1188924781e-02 -5.6880862930e-02
1.1055000000e+01 -3.1121182270e-02 -5.6264514717e-02
1.1056000000e+01 -3.1051201719e-02 -5.5645092859e-02
1.1057000000e+01 -3.0978799752e-02 -5.5022470321e-02
1.1058000000e+01 -3.0903775636e-02 -5.4396512265e-02
1.1059000000e+01 -3.0825911984e-02 -5.3767076048e-02
1.1060000000e+01 -3.0744975613e-02 -5.3134011226e-02
1.1061000000e+01 -3.0660718535e-02 -5.2497159588e-02
1.1062000000e+01 -3.0572879080e-02 -5.1856355227e-02
1.1063000000e+01 -3.0481183125e-02 -5.1211424685e-02
1.1064000000e+01 -3.0385345437e-02 -5.0562187165e-02
1.1065000000e+01 -3.0285071098e-02 -4.9908454833e-02
1.1066000000e+01 -3.0180057018e-02 -4.9250033220e-02
1.1067000000e+01 -3.0069993516e-02 -4.8586721719e-02
1.1068000000e+01 -2.9954565975e-02 -4.7918314183e-02
1.1069000000e+01 -2.9833456561e-02 -4.7244599619e-02
1.1070000000e+01 -2.9706346009e-02 -4.6565362962e-02
1.1071000000e+01 -2.9572915473e-02 -4.5880385938e-02
1.1072000000e+01 -2.9432848440e-02 -4.5189447980e-02
1.1073000000e+01 -2.9285832717e-02 -4.4492327202e-02
1.1074000000e+01 -2.9131562473e-02 -4.3788801407e-02
1.1075000000e+01 -2.8969740353e-02 -4.3078649114e-02
1.1076000000e+01 -2.8800079627e-02 -4.2361650594e-02
1.1077000000e+01 -2.8622306395e-02 -4.1637588900e-02
1.1078000000e+01 -2.8436161806e-02 -4.0906250865e-02
1.1079000000e+01 -2.8241404276e-02 -4.0167428083e-02
1.1080000000e+01 -2.8037811694e-02 -3.9420917830e-02
1.1081000000e+01 -2.7825183564e-02 -3.8666523942e-02
1.1082000000e+01 -2.7603343082e-02 -3.7904057628e-02
1.1083000000e+01 -2.7372139090e-02 -3.7133338216e-02
1.1084000000e+01 -2.7131447900e-02 -3.6354193834e-02
1.1085000000e+01 -2.6881174949e-02 -3.5566462015e-02
1.1086000000e+01 -2.6621256266e-02 -3.4769990239e-02
1.1087000000e+01 -2.6351659737e-02 -3.3964636410e-02
1.1088000000e+01 -2.6072386145e-02 -3.3150269270e-02
1.1089000000e+01 -2.5783469983e-02 -3.2326768765e-02
1.1090000000e+01 -2.5484980047e-02 -3.1494026371e-02
1.1091000000e+01 -2.5177019795e-02 -3.0651945382e-02
1.1092000000e+01 -2.4859727490e-02 -2.9800441183e-02
1.1093000000e+01 -2.4533276142e-02 -2.8939441507e-02
1.1094000000e+01 -2.4197873246e-02 -2.8068886693e-02
1.1095000000e+01 -2.3853760349e-02 -2.7188729956e-02
1.1096000000e+01 -2.3501212438e-02 -2.6298937673e-02
1.1097000000e+01 -2.3140537182e-02 -2.5399489697e-02
1.1098000000e+01 -2.2772074020e-02 -2.4490379711e-02
1.1099000000e+01 -2.2396193112e-02 -2.3571615611e-02
1.1100000000e+01 -2.2013294154e-02 -2.2643219939e-02
1.1101000000e+01 -2.1623805052e-02 -2.1705230364e-02
1.1102000000e+01 -2.1228180468e-02 -2.0757700194e-02
1.1103000000e+01 -2.0826900215e-02 -1.9800698936e-02
1.1104000000e+01 -2.0420467508e-02 -1.8834312873e-02
1.1105000000e+01 -2.0009407060e-02 -1.7858645666e-02
1.1106000000e+01 -1.9594263018e-02 -1.6873818948e-02
1.1107000000e+01 -1.9175596737e-02 -1.5879972898e-02
1.1108000000e+01 -1.8753984383e-02 -1.4877266773e-02
1.1109000000e+01 -1.8330014377e-02 -1.3865879372e-02
1.1110000000e+01 -1.7904284686e-02 -1.2846009399e-02
1.1111000000e+01 -1.7477399970e-02 -1.1817875713e-02
1.1112000000e+01 -1.7049968611e-02 -1.0781717423e-02
1.1113000000e+01 -1.6622599641e-02 -9.7377938231e-03
1.1114000000e+01 -1.6195899621e-02 -8.6863841274e-03
1.1115000000e+01 -1.5770469487e-02 -7.6277870025e-03
1.1116000000e+01 -1.5346901421e-02 -6.5623198811e-03
1.1117000000e+01 -1.4925775795e-02 -5.4903180492e-03
1.1118000000e+01 -1.4507658230e-02 -4.4121335073e-03
1.1119000000e+01 -1.4093096821e-02 -3.3281336082e-03
1.1120000000e+01 -1.3682619588e-02 -2.2386994838e-03
1.1121000000e+01 -1.3276732178e-02 -1.1442242724e-03
1.1122000000e+01 -1.2875915874e-02 -4.5111169549e-05
1.1123000000e+01 -1.2480625938e-02 1.0582286780e-03
1.1124000000e+01 -1.2091290305e-02 2.1653784053e-03
1.1125000000e+01 -1.1708308659e-02 3.2759177631e-03
1.1126000000e+01 -1.1332051885e-02 4.3894255197e-03
1.1127000000e+01 -1.0962861892e-02 5.5054819003e-03
1.1128000000e+01 -1.0601051803e-02 6.6236710317e-03
1.1129000000e+01 -1.0246906491e-02 7.7435833586e-03
1.1130000000e+01 -9.9006834180e-03 8.8648180008e-03
1.1131000000e+01 -9.5626137629e-03 9.9869850197e-03
1.1132000000e+01 -9.2329037800e-03 1.1109707563e-02
1.1133000000e+01 -8.9117363574e-03 1.2232623858e-02
1.1134000000e+01 -8.5992727240e-03 1.3355389028e-02
1.1135000000e+01 -8.2956542608e-03 1.4477676700e-02
1.1136000000e+01 -8.0010043706e-03 1.5599180388e-02
1.1137000000e+01 -7.7154303630e-03 1.6719614614e-02
1.1138000000e+01 -7.4390253128e-03 1.7838715768e-02
1.1139000000e+01 -7.1718698556e-03 1.8956242671e-02
1.1140000000e+01 -6.9140338858e-03 2.0071976840e-02
1.1141000000e+01 -6.6655781301e-03 2.1185722441e-02
1.1142000000e+01 -6.4265555712e-03 2.2297305934e-02
1.1143000000e+01 -6.1970127045e-03 2.3406575403e-02
1.1144000000e+01 -5.9769906142e-03 2.4513399587e-02
1.1145000000e+01 -5.7665258595e-03 2.5617666632e-02
1.1146000000e+01 -5.5656511697e-03 2.6719282572e-02
1.1147000000e+01 -5.3743959482e-03 2.7818169589e-02
1.1148000000e+01 -5.1927865928e-03 2.8914264061e-02
1.1149000000e+01 -5.0208466433e-03 3.0007514463e-02
1.1150000000e+01 -4.8585967712e-03 3.1097879140e-02
1.1151000000e+01 -4.7060546326e-03 3.2185324021e-02
1.1152000000e+01 -4.5632346055e-03 3.3269820294e-02
1.1153000000e+01 -4.4301474407e-03 3.4351342100e-02
1.1154000000e+01 -4.3067998547e-03 3.5429864293e-02
1.1155000000e+01 -4.1931940973e-03 3.6505360285e-02
1.1156000000e+01 -4.0893275260e-03 3.7577800021e-02
1.1157000000e+01 -3.9951922228e-03 3.8647148103e-02
1.1158000000e+01 -3.9107746833e-03 3.9713362084e-02
1.1159000000e+01 -3.8360556110e-03 4.0776390940e-02
1.1160000000e+01 -3.7710098418e-03 4.1836173722e-02
1.1161000000e+01 -3.7156064218e-03 4.2892638393e-02
1.1162000000e+01 -3.6698088550e-03 4.3945700827e-02
1.1163000000e+01 -3.6335755297e-03 4.4995263973e-02
1.1164000000e+01 -3.6068603268e-03 4.6041217158e-02
1.1165000000e+01 -3.5896134051e-03 4.7083435511e-02
1.1166000000e+01 -3.5817821498e-03 4.8121779495e-02
1.1167000000e+01 -3.5833122653e-03 4.9156094522e-02
1.1168000000e+01 -3.5941489842e-03 5.0186210647e-02
1.1169000000e+01 -3.6142383614e-03 5.1211942307e-02
1.1170000000e+01 -3.6435286135e-03 5.2233088116e-02
1.1171000000e+01 -3.6819714644e-03 5.3249430689e-02
1.1172000000e+01 -3.7295234503e-03 5.4260736503e-02
1.1173000000e+01 -3.7861471413e-03 5.5266755781e-02
1.1174000000e+01 -3.8518122332e-03 5.6267222403e-02
1.1175000000e+01 -3.9264964662e-03 5.7261853858e-02
1.1176000000e+01 -4.0101863314e-03 5.8250351221e-02
1.1177000000e+01 -4.1028775288e-03 5.9232399187e-02
1.1178000000e+01 -4.2045751496e-03 6.0207666157e-02
1.1179000000e+01 -4.3152935585e-03 6.1175804406e-02
1.1180000000e+01 -4.4350559675e-03 6.2136450340e-02
1.1181000000e+01 -4.5638936944e-03 6.3089224864e-02
1.1182000000e+01 -4.7018451147e-03 6.4033733881e-02
1.1183000000e+01 -4.8489543237e-03 6.4969568954e-02
1.1184000000e+01 -5.0052695345e-03 6.5896308119e-02
1.1185000000e+01 -5.1708412473e-03 6.6813516901e-02
1.1186000000e+01 -5.3457202324e-03 6.7720749511e-02
1.1187000000e+01 -5.5299553747e-03 6.8617550246e-02
1.1188000000e+01 -5.7235914330e-03 6.9503455087e-02
1.1189000000e+01 -5.9266667671e-03 7.0377993476e-02
1.1190000000e+01 -6.1392110885e-03 7.1240690270e-02
1.1191000000e+01 -6.3612432863e-03 7.2091067830e-02
1.1192000000e+01 -6.5927693771e-03 7.2928648232e-02
1.1193000000e+01 -6.8337806233e-03 7.3752955550e-02
1.1194000000e+01 -7.0842518566e-03 7.4563518180e-02
1.1195000000e+01 -7.3441400355e-03 7.5359871158e-02
1.1196000000e+01 -7.6133830604e-03 7.6141558421e-02
1.1197000000e+01 -7.8918988574e-03 7.6908134985e-02
1.1198000000e+01 -8.1795847384e-03 7.7659168980e-02
1.1199000000e+01 -8.4763170331e-03 7.8394243503e-02
1.1200000000e+01 -8.7819509850e-03 7.9112958270e-02
1.1201000000e+01 -9.0963208955e-03 7.9814931023e-02
1.1202000000e+01 -9.4192404960e-03 8.0499798671e-02
1.1203000000e+01 -9.7505035230e-03 8.1167218158e-02
1.1204000000e+01 -1.0089884471e-02 8.1816867048e-02
1.1205000000e+01 -1.0437139493e-02 8.2448443818e-02
1.1206000000e+01 -1.0792007417e-02 8.3061667890e-02
1.1207000000e+01 -1.1154210856e-02 8.3656279399e-02
1.1208000000e+01 -1.1523457368e-02 8.4232038737e-02
1.1209000000e+01 -1.1899440658e-02 8.4788725896e-02
1.1210000000e+01 -1.2281841766e-02 8.5326139652e-02
1.1211000000e+01 -1.2670330243e-02 8.5844096633e-02
1.1212000000e+01 -1.3064565271e-02 8.6342430313e-02
1.1213000000e+01 -1.3464196704e-02 8.6820989970e-02
1.1214000000e+01 -1.3868866024e-02 8.7279639677e-02
1.1215000000e+01 -1.4278207173e-02 8.7718257329e-02
1.1216000000e+01 -1.4691847261e-02 8.8136733786e-02
1.1217000000e+01 -1.5109407132e-02 8.8534972130e-02
1.1218000000e+01 -1.5530501778e-02 8.8912887086e-02
1.1219000000e+01 -1.5954740604e-02 8.9270404609e-02
1.1220000000e+01 -1.6381727553e-02 8.9607461661e-02
1.1221000000e+01 -1.6811061078e-02 8.9924006170e-02
1.1222000000e+01 -1.7242334007e-02 9.0219997176e-02
1.1223000000e+01 -1.7675133296e-02 9.0495405149e-02
1.1224000000e+01 -1.8109039708e-02 9.0750212454e-02
1.1225000000e+01 -1.8543627458e-02 9.0984413963e-02
1.1226000000e+01 -1.8978463842e-02 9.1198017755e-02
1.1227000000e+01 -1.9413108899e-02 9.1391045907e-02
1.1228000000e+01 -1.9847115154e-02 9.1563535323e-02
1.1229000000e+01 -2.0280027469e-02 9.1715538576e-02
1.1230000000e+01 -2.0711383058e-02 9.1847124742e-02
1.1231000000e+01 -2.1140711694e-02 9.1958380177e-02
1.1232000000e+01 -2.1567536151e-02 9.2049409230e-02
1.1233000000e+01 -2.1991372907e-02 9.2120334848e-02
1.1234000000e+01 -2.2411733129e-02 9.2171299076e-02
1.1235000000e+01 -2.2828123967e-02 9.2202463400e-02
1.1236000000e+01 -2.3240050136e-02 9.2214008959e-02
1.1237000000e+01 -2.3647015818e-02 9.2206136574e-02
1.1238000000e+01 -2.4048526829e-02 9.2179066623e-02
1.1239000000e+01 -2.4444093054e-02 9.2133038727e-02
1.1240000000e+01 -2.4833231100e-02 9.2068311273e-02
1.1241000000e+01 -2.5215467113e-02 9.1985160759e-02
1.1242000000e+01 -2.5590339730e-02 9.1883880979e-02
1.1243000000e+01 -2.5957403078e-02 9.1764782043e-02
1.1244000000e+01 -2.6316229773e-02 9.1628189273e-02
1.1245000000e+01 -2.6666413856e-02 9.1474441960e-02
1.1246000000e+01 -2.7007573593e-02 9.1303892021e-02
1.1247000000e+01 -2.7339354090e-02 9.1116902575e-02
1.1248000000e+01 -2.7661429665e-02 9.0913846465e-02
1.1249000000e+01 -2.7973505937e-02 9.0695104739e-02
1.1250000000e+01 -2.8275321581e-02 9.0461065140e-02
1.1251000000e+01 -2.8566649741e-02 9.0212120616e-02
1.1252000000e+01 -2.8847299073e-02 8.9948667881e-02
1.1253000000e+01 -2.9117114408e-02 8.9671106057e-02
1.1254000000e+01 -2.9375977036e-02 8.9379835420e-02
1.1255000000e+01 -2.9623804636e-02 8.9075256259e-02
1.1256000000e+01 -2.9860550833e-02 8.8757767875e-02
1.1257000000e+01 -3.0086204440e-02 8.8427767727e-02
1.1258000000e+01 -3.0300788384e-02 8.8085650720e-02
1.1259000000e+01 -3.0504358354e-02 8.7731808649e-02
1.1260000000e+01 -3.0697001198e-02 8.7366629776e-02
1.1261000000e+01 -3.0878833099e-02 8.6990498544e-02
1.1262000000e+01 -3.1049997574e-02 8.6603795404e-02
1.1263000000e+01 -3.1210663303e-02 8.6206896730e-02
1.1264000000e+01 -3.1361021850e-02 8.5800174814e-02
1.1265000000e+01 -3.1501285292e-02 8.5383997914e-02
1.1266000000e+01 -3.1631683794e-02 8.4958730312e-02
1.1267000000e+01 -3.1752463161e-02 8.4524732391e-02
1.1268000000e+01 -3.1863882412e-02 8.4082360674e-02
1.1269000000e+01 -3.1966211385e-02 8.3631967821e-02
1.1270000000e+01 -3.2059728423e-02 8.3173902562e-02
1.1271000000e+01 -3.2144718166e-02 8.2708509536e-02
1.1272000000e+01 -3.2221469464e-02 8.2236129035e-02
1.1273000000e+01 -3.2290273440e-02 8.1757096625e-02
1.1274000000e+01 -3.2351421723e-02 8.1271742644e-02
1.1275000000e+01 -3.2405204859e-02 8.0780391577e-02
1.1276000000e+01 -3.2451910911e-02 8.0283361292e-02
1.1277000000e+01 -3.2491824257e-02 7.9780962151e-02
1.1278000000e+01 -3.2525224571e-02 7.9273496013e-02
1.1279000000e+01 -3.2552386007e-02 7.8761255125e-02
1.1280000000e+01 -3.2573576548e-02 7.8244520940e-02
1.1281000000e+01 -3.2589057534e-02 7.7723562863e-02
1.1282000000e+01 -3.2599083326e-02 7.7198636980e-02
1.1283000000e+01 -3.2603901114e-02 7.6669984776e-02
1.1284000000e+01 -3.2603750818e-02 7.6137831884e-02
1.1285000000e+01 -3.2598865082e-02 7.5602386899e-02
1.1286000000e+01 -3.2589469313e-02 7.5063840289e-02
1.1287000000e+01 -3.2575781756e-02 7.4522363432e-02
1.1288000000e+01 -3.2558013564e-02 7.3978107812e-02
1.1289000000e+01 -3.2536368842e-02 7.3431204397e-02
1.1290000000e+01 -3.2511044645e-02 7.2881763223e-02
1.1291000000e+01 -3.2482230895e-02 7.2329873206e-02
1.1292000000e+01 -3.2450110214e-02 7.1775602180e-02
1.1293000000e+01 -3.2414857653e-02 7.1218997186e-02
1.1294000000e+01 -3.2376640306e-02 7.0660084991e-02
1.1295000000e+01 -3.2335616814e-02 7.0098872853e-02
1.1296000000e+01 -3.2291936754e-02 6.9535349496e-02
1.1297000000e+01 -3.2245739939e-02 6.8969486293e-02
1.1298000000e+01 -3.2197155620e-02 6.8401238623e-02
1.1299000000e+01 -3.2146301641e-02 6.7830547382e-02
1.1300000000e+01 -3.2093283540e-02 6.7257340607e-02
1.1301000000e+01 -3.2038193651e-02 6.6681535175e-02
1.1302000000e+01 -3.1981110221e-02 6.6103038557e-02
1.1303000000e+01 -3.1922096570e-02 6.5521750567e-02
1.1304000000e+01 -3.1861200335e-02 6.4937565082e-02
1.1305000000e+01 -3.1798452810e-02 6.4350371696e-02
1.1306000000e+01 -3.1733868418e-02 6.3760057266e-02
1.1307000000e+01 -3.1667444320e-02 6.3166507335e-02
1.1308000000e+01 -3.1599160194e-02 6.2569607391e-02
1.1309000000e+01 -3.1528978172e-02 6.1969243947e-02
1.1310000000e+01 -3.1456842956e-02 6.1365305437e-02
1.1311000000e+01 -3.1382682104e-02 6.0757682898e-02
1.1312000000e+01 -3.1306406481e-02 6.0146270448e-02
1.1313000000e+01 -3.1227910857e-02 5.9530965561e-02
1.1314000000e+01 -3.1147074648e-02 5.8911669138e-02
1.1315000000e+01 -3.1063762761e-02 5.8288285392e-02
1.1316000000e+01 -3.0977826545e-02 5.7660721560e-02
1.1317000000e+01 -3.0889104789e-02 5.7028887463e-02
1.1318000000e+01 -3.0797424782e-02 5.6392694939e-02
1.1319000000e+01 -3.0702603371e-02 5.5752057171e-02
1.1320000000e+01 -3.0604448022e-02 5.5106887934e-02
1.1321000000e+01 -3.0502757857e-02 5.4457100799e-02
1.1322000000e+01 -3.0397324642e-02 5.3802608313e-02
1.1323000000e+01 -3.0287933733e-02 5.3143321181e-02
1.1324000000e+01 -3.0174364958e-02 5.2479147490e-02
1.1325000000e+01 -3.0056393448e-02 5.1809991968e-02
1.1326000000e+01 -2.9933790410e-02 5.1135755342e-02
1.1327000000e+01 -2.9806323869e-02 5.0456333766e-02
1.1328000000e+01 -2.9673759365e-02 4.9771618380e-02
1.1329000000e+01 -2.9535860658e-02 4.9081494967e-02
1.1330000000e+01 -2.9392390420e-02 4.8385843755e-02
1.1331000000e+01 -2.9243110971e-02 4.7684539344e-02
1.1332000000e+01 -2.9087785052e-02 4.6977450772e-02
1.1333000000e+01 -2.8926176674e-02 4.6264441711e-02
1.1334000000e+01 -2.8758052050e-02 4.5545370803e-02
1.1335000000e+01 -2.8583180642e-02 4.4820092124e-02
1.1336000000e+01 -2.8401336313e-02 4.4088455762e-02
1.1337000000e+01 -2.8212298628e-02 4.3350308519e-02
1.1338000000e+01 -2.8015854277e-02 4.2605494716e-02
1.1339000000e+01 -2.7811798645e-02 4.1853857090e-02
1.1340000000e+01 -2.7599937511e-02 4.1095237770e-02
1.1341000000e+01 -2.7380088867e-02 4.0329479326e-02
1.1342000000e+01 -2.7152084844e-02 3.9556425857e-02
1.1343000000e+01 -2.6915773715e-02 3.8775924109e-02
1.1344000000e+01 -2.6671021947e-02 3.7987824606e-02
1.1345000000e+01 -2.6417716262e-02 3.7191982750e-02
1.1346000000e+01 -2.6155765687e-02 3.6388259893e-02
1.1347000000e+01 -2.5885103521e-02 3.5576524339e-02
1.1348000000e+01 -2.5605689206e-02 3.4756652261e-02
1.1349000000e+01 -2.5317510048e-02 3.3928528513e-02
1.1350000000e+01 -2.5020582746e-02 3.3092047330e-02
1.1351000000e+01 -2.4714954708e-02 3.2247112893e-02
1.1352000000e+01 -2.4400705115e-02 3.1393639768e-02
1.1353000000e+01 -2.4077945719e-02 3.0531553222e-02
1.1354000000e+01 -2.3746821351e-02 2.9660789405e-02
1.1355000000e+01 -2.3407510147e-02 2.8781295448e-02
1.1356000000e+01 -2.3060223475e-02 2.7893029454e-02
1.1357000000e+01 -2.2705205583e-02 2.6995960441e-02
1.1358000000e+01 -2.2342732978e-02 2.6090068236e-02
1.1359000000e+01 -2.1973113538e-02 2.5175343362e-02
1.1360000000e+01 -2.1596685413e-02 2.4251786930e-02
1.1361000000e+01 -2.1213815694e-02 2.3319410574e-02
1.1362000000e+01 -2.0824898906e-02 2.2378236435e-02
1.1363000000e+01 -2.0430355347e-02 2.1428297230e-02
1.1364000000e+01 -2.0030629274e-02 2.0469636395e-02
1.1365000000e+01 -1.9626186988e-02 1.9502308347e-02
1.1366000000e+01 -1.9217514815e-02 1.8526378831e-02
1.1367000000e+01 -1.8805117018e-02 1.7541925390e-02
1.1368000000e+01 -1.8389513646e-02 1.6549037926e-02
1.1369000000e+01 -1.7971238331e-02 1.5547819367e-02
1.1370000000e+01 -1.7550836061e-02 1.4538386414e-02
1.1371000000e+01 -1.7128860914e-02 1.3520870360e-02
1.1372000000e+01 -1.6705873789e-02 1.2495417957e-02
1.1373000000e+01 -1.6282440110e-02 1.1462192319e-02
1.1374000000e+01 -1.5859127544e-02 1.0421373818e-02
1.1375000000e+01 -1.5436503706e-02 9.3731609598e-03
1.1376000000e+01 -1.5015133878e-02 8.3177711970e-03
1.1377000000e+01 -1.4595578751e-02 7.2554416532e-03
1.1378000000e+01 -1.4178392174e-02 6.1864297176e-03
1.1379000000e+01 -1.3764118953e-02 5.1110134789e-03
1.1380000000e+01 -1.3353292681e-02 4.0294919622e-03
1.1381000000e+01 -1.2946433635e-02 2.9421851361e-03
1.1382000000e+01 -1.2544046734e-02 1.8494336617e-03
1.1383000000e+01 -1.2146619601e-02 7.5159835642e-04
1.1384000000e+01 -1.1754620727e-02 -3.5094064715e-04
1.1385000000e+01 -1.1368497764e-02 -1.4577850609e-03
1.1386000000e+01 -1.0988675981e-02 -2.5685199260e-03
1.1387000000e+01 -1.0615556890e-02 -3.6827154211e-03
1.1388000000e+01 -1.0249517082e-02 -4.7999289820e-03
1.1389000000e+01 -9.8909072774e-03 -5.9197077146e-03
1.1390000000e+01 -9.5400516260e-03 -7.0415910687e-03
1.1391000000e+01 -9.1972472630e-03 -8.1651137369e-03
1.1392000000e+01 -8.8627641366e-03 -9.2898087306e-03
1.1393000000e+01 -8.5368451120e-03 -1.0415210578e-02
1.1394000000e+01 -8.2197063520e-03 -1.1540858588e-02
1.1395000000e+01 -7.9115379684e-03 -1.2666300110e-02
1.1396000000e+01 -7.6125049288e-03 -1.3791093732e-02
1.1397000000e+01 -7.3227482006e-03 -1.4914812344e-02
1.1398000000e+01 -7.0423861046e-03 -1.6037046006e-02
1.1399000000e+01 -6.7715158461e-03 -1.7157404563e-02
1.1400000000e+01 -6.5102151872e-03 -1.8275519956e-02
1.1401000000e+01 -6.2585442205e-03 -1.9391048176e-02
1.1402000000e+01 -6.0165472009e-03 -2.0503670842e-02
1.1403000000e+01 -5.7842543961e-03 -2.1613096368e-02
1.1404000000e+01 -5.5616839118e-03 -2.2719060707e-02
1.1405000000e+01 -5.3488434562e-03 -2.3821327684e-02
1.1406000000e+01 -5.1457320087e-03 -2.4919688911e-02
1.1407000000e+01 -4.9523413662e-03 -2.6013963316e-02
1.1408000000e+01 -4.7686575432e-03 -2.7103996310e-02
1.1409000000e+01 -4.5946620129e-03 -2.8189658618e-02
1.1410000000e+01 -4.4303327801e-03 -2.9270844838e-02
1.1411000000e+01 -4.2756452850e-03 -3.0347471739e-02
1.1412000000e+01 -4.1305731428e-03 -3.1419476367e-02
1.1413000000e+01 -3.9950887302e-03 -3.2486813993e-02
1.1414000000e+01 -3.8691636323e-03 -3.3549455946e-02
1.1415000000e+01 -3.7527689709e-03 -3.4607387380e-02
1.1416000000e+01 -3.6458756330e-03 -3.5660605000e-02
1.1417000000e+01 -3.5484544244e-03 -3.6709114800e-02
1.1418000000e+01 -3.4604761725e-03 -3.7752929817e-02
1.1419000000e+01 -3.3819118003e-03 -3.8792067954e-02
1.1420000000e+01 -3.3127323978e-03 -3.9826549870e-02
1.1421000000e+01 -3.2529093113e-03 -4.0856396968e-02
1.1422000000e+01 -3.2024142702e-03 -4.1881629472e-02
1.1423000000e+01 -3.1612195693e-03 -4.2902264614e-02
1.1424000000e+01 -3.1292983194e-03 -4.3918314920e-02
1.1425000000e+01 -3.1066247746e-03 -4.4929786594e-02
1.1426000000e+01 -3.0931747419e-03 -4.5936677985e-02
1.1427000000e+01 -3.0889260698e-03 -4.6938978134e-02
1.1428000000e+01 -3.0938592111e-03 -4.7936665376e-02
1.1429000000e+01 -3.1079578464e-03 -4.8929705999e-02
1.1430000000e+01 -3.1312095503e-03 -4.9918052939e-02
1.1431000000e+01 -3.1636064794e-03 -5.0901644502e-02
1.1432000000e+01 -3.2051460546e-03 -5.1880403112e-02
1.1433000000e+01 -3.2558316091e-03 -5.2854234076e-02
1.1434000000e+01 -3.3156729718e-03 -5.3823024378e-02
1.1435000000e+01 -3.3846869533e-03 -5.4786641503e-02
1.1436000000e+01 -3.4628977049e-03 -5.5744932290e-02
1.1437000000e+01 -3.5503369201e-03 -5.6697721855e-02
1.1438000000e+01 -3.6470438519e-03 -5.7644812567e-02
1.1439000000e+01 -3.7530651221e-03 -5.8585983122e-02
1.1440000000e+01 -3.8684543037e-03 -5.9520987727e-02
1.1441000000e+01 -3.9932712604e-03 -6.0449555411e-02
1.1442000000e+01 -4.1275812356e-03 -6.1371389499e-02
1.1443000000e+01 -4.2714536863e-03 -6.2286167272e-02
1.1444000000e+01 -4.4249608667e-03 -6.3193539840e-02
1.1445000000e+01 -4.5881761720e-03 -6.4093132259e-02
1.1446000000e+01 -4.7611722605e-03 -6.4984543919e-02
1.1447000000e+01 -4.9440189809e-03 -6.5867349239e-02
1.1448000000e+01 -5.1367811384e-03 -6.6741098681e-02
1.1449000000e+01 -5.3395161402e-03 -6.7605320112e-02
1.1450000000e+01 -5.5522715684e-03 -6.8459520538e-02
1.1451000000e+01 -5.7750827335e-03 -6.9303188189e-02
1.1452000000e+01 -6.0079702633e-03 -7.0135794981e-02
1.1453000000e+01 -6.2509377871e-03 -7.0956799322e-02
1.1454000000e+01 -6.5039697720e-03 -7.1765649236e-02
1.1455000000e+01 -6.7670295666e-03 -7.2561785771e-02
1.1456000000e+01 -7.0400577023e-03 -7.3344646630e-02
1.1457000000e+01 -7.3229704960e-03 -7.4113669967e-02
1.1458000000e+01 -7.6156589873e-03 -7.4868298274e-02
1.1459000000e+01 -7.9179882353e-03 -7.5607982275e-02
1.1460000000e+01 -8.2297969857e-03 -7.6332184746e-02
1.1461000000e+01 -8.5508977098e-03 -7.7040384183e-02
1.1462000000e+01 -8.8810770026e-03 -7.7732078220e-02
1.1463000000e+01 -9.2200963153e-03 -7.8406786749e-02
1.1464000000e+01 -9.5676929913e-03 -7.9064054648e-02
1.1465000000e+01 -9.9235815590e-03 -7.9703454088e-02
1.1466000000e+01 -1.0287455236e-02 -8.0324586373e-02
1.1467000000e+01 -1.0658987585e-02 -8.0927083279e-02
1.1468000000e+01 -1.1037834276e-02 -8.1510607911e-02
1.1469000000e+01 -1.1423634883e-02 -8.2074855061e-02
1.1470000000e+01 -1.1816014679e-02 -8.2619551112e-02
1.1471000000e+01 -1.2214586370e-02 -8.3144453520e-02
1.1472000000e+01 -1.2618951738e-02 -8.3649349917e-02
1.1473000000e+01 -1.3028703144e-02 -8.4134056913e-02
1.1474000000e+01 -1.3443424891e-02 -8.4598418649e-02
1.1475000000e+01 -1.3862694408e-02 -8.5042305174e-02
1.1476000000e+01 -1.4286083266e-02 -8.5465610726e-02
1.1477000000e+01 -1.4713158031e-02 -8.5868251973e-02
1.1478000000e+01 -1.5143480954e-02 -8.6250166300e-02
1.1479000000e+01 -1.5576610529e-02 -8.6611310173e-02
1.1480000000e+01 -1.6012101929e-02 -8.6951657657e-02
1.1481000000e+01 -1.6449507369e-02 -8.7271199118e-02
1.1482000000e+01 -1.6888376400e-02 -8.7569940136e-02
1.1483000000e+01 -1.7328256183e-02 -8.7847900654e-02
1.1484000000e+01 -1.7768691769e-02 -8.8105114371e-02
1.1485000000e+01 -1.8209226405e-02 -8.8341628375e-02
1.1486000000e+01 -1.8649401900e-02 -8.8557503002e-02
1.1487000000e+01 -1.9088759057e-02 -8.8752811907e-02
1.1488000000e+01 -1.9526838212e-02 -8.8927642316e-02
1.1489000000e+01 -1.9963179851e-02 -8.9082095416e-02
1.1490000000e+01 -2.0397325349e-02 -8.9216286866e-02
1.1491000000e+01 -2.0828817798e-02 -8.9330347369e-02
1.1492000000e+01 -2.1257202934e-02 -8.9424423267e-02
1.1493000000e+01 -2.1682030149e-02 -8.9498677132e-02
1.1494000000e+01 -2.2102853571e-02 -8.9553288288e-02
1.1495000000e+01 -2.2519233192e-02 -8.9588453245e-02
1.1496000000e+01 -2.2930736038e-02 -8.9604385999e-02
1.1497000000e+01 -2.3336937344e-02 -8.9601318170e-02
1.1498000000e+01 -2.3737421739e-02 -8.9579498958e-02
1.1499000000e+01 -2.4131784398e-02 -8.9539194877e-02
1.1500000000e+01 -2.4519632181e-02 -8.9480689287e-02
1.1501000000e+01 -2.4900584714e-02 -8.9404281678e-02
1.1502000000e+01 -2.5274275438e-02 -8.9310286744e-02
1.1503000000e+01 -2.5640352601e-02 -8.9199033236e-02
1.1504000000e+01 -2.5998480205e-02 -8.9070862610e-02
1.1505000000e+01 -2.6348338901e-02 -8.8926127507e-02
1.1506000000e+01 -2.6689626852e-02 -8.8765190090e-02
1.1507000000e+01 -2.7022060550e-02 -8.8588420263e-02
1.1508000000e+01 -2.7345375610e-02 -8.8396193831e-02
1.1509000000e+01 -2.7659327533e-02 -8.8188890624e-02
1.1510000000e+01 -2.7963692445e-02 -8.7966892639e-02
1.1511000000e+01 -2.8258267813e-02 -8.7730582239e-02
1.1512000000e+01 -2.8542873128e-02 -8.7480340441e-02
1.1513000000e+01 -2.8817350559e-02 -8.7216545342e-02
1.1514000000e+01 -2.9081565556e-02 -8.6939570696e-02
1.1515000000e+01 -2.9335407398e-02 -8.6649784684e-02
1.1516000000e+01 -2.9578789668e-02 -8.6347548886e-02
1.1517000000e+01 -2.9811650638e-02 -8.6033217469e-02
1.1518000000e+01 -3.0033953552e-02 -8.5707136597e-02
1.1519000000e+01 -3.0245686783e-02 -8.5369644058e-02
1.1520000000e+01 -3.0446863861e-02 -8.5021069112e-02
1.1521000000e+01 -3.0637523351e-02 -8.4661732523e-02
1.1522000000e+01 -3.0817728570e-02 -8.4291946775e-02
1.1523000000e+01 -3.0987567152e-02 -8.3912016439e-02
1.1524000000e+01 -3.1147150434e-02 -8.3522238660e-02
1.1525000000e+01 -3.1296612689e-02 -8.3122903729e-02
1.1526000000e+01 -3.1436110189e-02 -8.2714295725e-02
1.1527000000e+01 -3.1565820124e-02 -8.2296693168e-02
1.1528000000e+01 -3.1685939363e-02 -8.1870369671e-02
1.1529000000e+01 -3.1796683106e-02 -8.1435594562e-02
1.1530000000e+01 -3.1898283396e-02 -8.0992633439e-02
1.1531000000e+01 -3.1990987557e-02 -8.0541748655e-02
1.1532000000e+01 -3.2075056533e-02 -8.0083199705e-02
1.1533000000e+01 -3.2150763180e-02 -7.9617243516e-02
1.1534000000e+01 -3.2218390508e-02 -7.9144134625e-02
1.1535000000e+01 -3.2278229911e-02 -7.8664125264e-02
1.1536000000e+01 -3.2330579380e-02 -7.8177465322e-02
1.1537000000e+01 -3.2375741746e-02 -7.7684402228e-02
1.1538000000e+01 -3.2414022942e-02 -7.7185180728e-02
1.1539000000e+01 -3.2445730314e-02 -7.6680042590e-02
1.1540000000e+01 -3.2471170989e-02 -7.6169226224e-02
1.1541000000e+01 -3.2490650310e-02 -7.5652966241e-02
1.1542000000e+01 -3.2504470350e-02 -7.5131492949e-02
1.1543000000e+01 -3.2512928508e-02 -7.4605031794e-02
1.1544000000e+01 -3.2516316201e-02 -7.4073802759e-02
1.1545000000e+01 -3.2514917648e-02 -7.3538019719e-02
1.1546000000e+01 -3.2509008767e-02 -7.2997889766e-02
1.1547000000e+01 -3.2498856162e-02 -7.2453612513e-02
1.1548000000e+01 -3.2484716236e-02 -7.1905379380e-02
1.1549000000e+01 -3.2466834402e-02 -7.1353372879e-02
1.1550000000e+01 -3.2445444405e-02 -7.0797765913e-02
1.1551000000e+01 -3.2420767756e-02 -7.0238721094e-02
1.1552000000e+01 -3.2393013261e-02 -6.9676390097e-02
1.1553000000e+01 -3.2362376646e-02 -6.9110913083e-02
1.1554000000e+01 -3.2329040267e-02 -6.8542418170e-02
1.1555000000e+01 -3.2293172882e-02 -6.7971021004e-02
1.1556000000e+01 -3.2254929488e-02 -6.7396824420e-02
1.1557000000e+01 -3.2214451189e-02 -6.6819918204e-02
1.1558000000e+01 -3.2171865090e-02 -6.6240378974e-02
1.1559000000e+01 -3.2127284188e-02 -6.5658270168e-02
1.1560000000e+01 -3.2080807261e-02 -6.5073642147e-02
1.1561000000e+01 -3.2032518731e-02 -6.4486532402e-02
1.1562000000e+01 -3.1982488485e-02 -6.3896965858e-02
1.1563000000e+01 -3.1930771667e-02 -6.3304955256e-02
1.1564000000e+01 -3.1877408422e-02 -6.2710501604e-02
1.1565000000e+01 -3.1822423602e-02 -6.2113594661e-02
1.1566000000e+01 -3.1765826443e-02 -6.1514213461e-02
1.1567000000e+01 -3.1707610212e-02 -6.0912326823e-02
1.1568000000e+01 -3.1647751858e-02 -6.0307893854e-02
1.1569000000e+01 -3.1586211669e-02 -5.9700864412e-02
1.1570000000e+01 -3.1522932955e-02 -5.9091179520e-02
1.1571000000e+01 -3.1457841790e-02 -5.8478771713e-02
1.1572000000e+01 -3.1390846815e-02 -5.7863565315e-02
1.1573000000e+01 -3.1321839140e-02 -5.7245476644e-02
1.1574000000e+01 -3.1250692342e-02 -5.6624414140e-02
1.1575000000e+01 -3.1177262597e-02 -5.6000278424e-02
1.1576000000e+01 -3.1101388931e-02 -5.5372962303e-02
1.1577000000e+01 -3.1022893616e-02 -5.4742350727e-02
1.1578000000e+01 -3.0941582708e-02 -5.4108320715e-02
1.1579000000e+01 -3.0857246725e-02 -5.3470741284e-02
1.1580000000e+01 -3.0769661452e-02 -5.2829473376e-02
1.1581000000e+01 -3.0678588892e-02 -5.2184369825e-02
1.1582000000e+01 -3.0583778315e-02 -5.1535275378e-02
1.1583000000e+01 -3.0484967434e-02 -5.0882026781e-02
1.1584000000e+01 -3.0381883669e-02 -5.0224452958e-02
1.1585000000e+01 -3.0274245501e-02 -4.9562375279e-02
1.1586000000e+01 -3.0161763918e-02 -4.8895607945e-02
1.1587000000e+01 -3.0044143922e-02 -4.8223958475e-02
1.1588000000e+01 -2.9921086118e-02 -4.7547228305e-02
1.1589000000e+01 -2.9792288375e-02 -4.6865213495e-02
1.1590000000e+01 -2.9657447549e-02 -4.6177705528e-02
1.1591000000e+01 -2.9516261287e-02 -4.5484492197e-02
1.1592000000e+01 -2.9368429898e-02 -4.4785358570e-02
1.1593000000e+01 -2.9213658293e-02 -4.4080088004e-02
1.1594000000e+01 -2.9051658002e-02 -4.3368463207e-02
1.1595000000e+01 -2.8882149246e-02 -4.2650267322e-02
1.1596000000e+01 -2.8704863064e-02 -4.1925285020e-02
1.1597000000e+01 -2.8519543485e-02 -4.1193303587e-02
1.1598000000e+01 -2.8325949710e-02 -4.0454113992e-02
1.1599000000e+01 -2.8123858307e-02 -3.9707511906e-02
1.1600000000e+01 -2.7913065365e-02 -3.8953298695e-02
1.1601000000e+01 -2.7693388601e-02 -3.8191282331e-02
1.1602000000e+01 -2.7464669369e-02 -3.7421278255e-02
1.1603000000e+01 -2.7226774564e-02 -3.6643110156e-02
1.1604000000e+01 -2.6979598361e-02 -3.5856610681e-02
1.1605000000e+01 -2.6723063795e-02 -3.5061622058e-02
1.1606000000e+01 -2.6457124126e-02 -3.4257996651e-02
1.1607000000e+01 -2.6181764002e-02 -3.3445597440e-02
1.1608000000e+01 -2.5897000379e-02 -3.2624298428e-02
1.1609000000e+01 -2.5602883222e-02 -3.1793985001e-02
1.1610000000e+01 -2.5299495953e-02 -3.0954554226e-02
1.1611000000e+01 -2.4986955683e-02 -3.0105915118e-02
1.1612000000e+01 -2.4665413221e-02 -2.9247988882e-02
1.1613000000e+01 -2.4335052875e-02 -2.8380709131e-02
1.1614000000e+01 -2.3996092061e-02 -2.7504022110e-02
1.1615000000e+01 -2.3648780749e-02 -2.6617886923e-02
1.1616000000e+01 -2.3293400737e-02 -2.5722275777e-02
1.1617000000e+01 -2.2930264795e-02 -2.4817174258e-02
1.1618000000e+01 -2.2559715672e-02 -2.3902581639e-02
1.1619000000e+01 -2.2182124985e-02 -2.2978511229e-02
1.1620000000e+01 -2.1797891993e-02 -2.2044990769e-02
1.1621000000e+01 -2.1407442255e-02 -2.1102062871e-02
1.1622000000e+01 -2.1011226181e-02 -2.0149785509e-02
1.1623000000e+01 -2.0609717459e-02 -1.9188232538e-02
1.1624000000e+01 -2.0203411360e-02 -1.8217494256e-02
1.1625000000e+01 -1.9792822911e-02 -1.7237677980e-02
1.1626000000e+01 -1.9378484935e-02 -1.6248908619e-02
1.1627000000e+01 -1.8960945939e-02 -1.5251329241e-02
1.1628000000e+01 -1.8540767857e-02 -1.4245101592e-02
1.1629000000e+01 -1.8118523641e-02 -1.3230406554e-02
1.1630000000e+01 -1.7694794717e-02 -1.2207444506e-02
1.1631000000e+01 -1.7270168292e-02 -1.1176435577e-02
1.1632000000e+01 -1.6845234557e-02 -1.0137619741e-02
1.1633000000e+01 -1.6420583785e-02 -9.0912567498e-03
1.1634000000e+01 -1.5996803372e-02 -8.0376258733e-03
1.1635000000e+01 -1.5574474850e-02 -6.9770254242e-03
1.1636000000e+01 -1.5154170904e-02 -5.9097720640e-03
1.1637000000e+01 -1.4736452464e-02 -4.8361998743e-03
1.1638000000e+01 -1.4321865894e-02 -3.7566591946e-03
1.1639000000e+01 -1.3910940349e-02 -2.6715152295e-03
1.1640000000e+01 -1.3504185328e-02 -1.5811464345e-03
1.1641000000e+01 -1.3102088494e-02 -4.8594269712e-04
1.1642000000e+01 -1.2705113772e-02 6.1369666707e-04
1.1643000000e+01 -1.2313699784e-02 1.7173650775e-03
1.1644000000e+01 -1.1928258630e-02 2.8246509824e-03
1.1645000000e+01 -1.1549175035e-02 3.9351402507e-03
1.1646000000e+01 -1.1176805871e-02 5.0484186283e-03
1.1647000000e+01 -1.0811480049e-02 6.1640742238e-03
1.1648000000e+01 -1.0453498763e-02 7.2816999872e-03
1.1649000000e+01 -1.0103136076e-02 8.4008961468e-03
1.1650000000e+01 -9.7606398019e-03 9.5212725685e-03
1.1651000000e+01 -9.4262326663e-03 1.0642451005e-02
1.1652000000e+01 -9.1001136914e-03 1.1764067201e-02
1.1653000000e+01 -8.7824597684e-03 1.2885772828e-02
1.1654000000e+01 -8.4734273688e-03 1.4007237212e-02
1.1655000000e+01 -8.1731543499e-03 1.5128148839e-02
1.1656000000e+01 -7.8817618075e-03 1.6248216607e-02
1.1657000000e+01 -7.5993559340e-03 1.7367170806e-02
1.1658000000e+01 -7.3260298401e-03 1.8484763809e-02
1.1659000000e+01 -7.0618653039e-03 1.9600770459e-02
1.1660000000e+01 -6.8069344159e-03 2.0714988149e-02
1.1661000000e+01 -6.5613010921e-03 2.1827236581e-02
1.1662000000e+01 -6.3250224334e-03 2.2937357210e-02
1.1663000000e+01 -6.0981499147e-03 2.4045212388e-02
1.1664000000e+01 -5.8807303923e-03 2.5150684203e-02
1.1665000000e+01 -5.6728069223e-03 2.6253673053e-02
1.1666000000e+01 -5.4744193902e-03 2.7354095968e-02
1.1667000000e+01 -5.2856049533e-03 2.8451884716e-02
1.1668000000e+01 -5.1063983039e-03 2.9546983730e-02
1.1669000000e+01 -4.9368317662e-03 3.0639347899e-02
1.1670000000e+01 -4.7769352412e-03 3.1728940266e-02
1.1671000000e+01 -4.6267360210e-03 3.2815729669e-02
1.1672000000e+01 -4.4862584934e-03 3.3899688391e-02
1.1673000000e+01 -4.3555237646e-03 3.4980789839e-02
1.1674000000e+01 -4.2345492281e-03 3.6059006311e-02
1.1675000000e+01 -4.1233481097e-03 3.7134306868e-02
1.1676000000e+01 -4.0219290203e-03 3.8206655361e-02
1.1677000000e+01 -3.9302955486e-03 3.9276008619e-02
1.1678000000e+01 -3.8484459232e-03 4.0342314820e-02
1.1679000000e+01 -3.7763727736e-03 4.1405512052e-02
1.1680000000e+01 -3.7140630152e-03 4.2465527069e-02
1.1681000000e+01 -3.6614978786e-03 4.3522274228e-02
1.1682000000e+01 -3.6186530988e-03 4.4575654602e-02
1.1683000000e+01 -3.5854992745e-03 4.5625555259e-02
1.1684000000e+01 -3.5620023984e-03 4.6671848672e-02
1.1685000000e+01 -3.5481245549e-03 4.7714392257e-02
1.1686000000e+01 -3.5438247723e-03 4.8753028015e-02
1.1687000000e+01 -3.5490600120e-03 4.9787582248e-02
1.1688000000e+01 -3.5637862664e-03 5.0817865352e-02
1.1689000000e+01 -3.5879597371e-03 5.1843671652e-02
1.1690000000e+01 -3.6215380551e-03 5.2864779279e-02
1.1691000000e+01 -3.6644815036e-03 5.3880950088e-02
1.1692000000e+01 -3.7167542005e-03 5.4891929584e-02
1.1693000000e+01 -3.7783251966e-03 5.5897446897e-02
1.1694000000e+01 -3.8491694464e-03 5.6897214766e-02
1.1695000000e+01 -3.9292686085e-03 5.7890929567e-02
1.1696000000e+01 -4.0186116386e-03 5.8878271379e-02
1.1697000000e+01 -4.1171951399e-03 5.9858904107e-02
1.1698000000e+01 -4.2250234453e-03 6.0832475664e-02
1.1699000000e+01 -4.3421084113e-03 6.1798618248e-02
1.1700000000e+01 -4.4684689136e-03 6.2756948716e-02
1.1701000000e+01 -4.6041300435e-03 6.3707069083e-02
1.1702000000e+01 -4.7491220142e-03 6.4648567166e-02
1.1703000000e+01 -4.9034787976e-03 6.5581017383e-02
1.1704000000e+01 -5.0672365186e-03 6.6503981739e-02
1.1705000000e+01 -5.2404316459e-03 6.7417011000e-02
1.1706000000e+01 -5.4230990218e-03 6.8319646062e-02
1.1707000000e+01 -5.6152697832e-03 6.9211419520e-02
1.1708000000e+01 -5.8169692243e-03 7.0091857431e-02
1.1709000000e+01 -6.0282146572e-03 7.0960481254e-02
1.1710000000e+01 -6.2490133241e-03 7.1816809946e-02
1.1711000000e+01 -6.4793604108e-03 7.2660362186e-02
1.1712000000e+01 -6.7192372092e-03 7.3490658692e-02
1.1713000000e+01 -6.9686094691e-03 7.4307224587e-02
1.1714000000e+01 -7.2274259708e-03 7.5109591779e-02
1.1715000000e+01 -7.4956173447e-03 7.5897301297e-02
1.1716000000e+01 -7.7730951536e-03 7.6669905544e-02
1.1717000000e+01 -8.0597512447e-03 7.7426970419e-02
1.1718000000e+01 -8.3554573705e-03 7.8168077269e-02
1.1719000000e+01 -8.6600650697e-03 7.8892824626e-02
1.1720000000e+01 -8.9734057935e-03 7.9600829698e-02
1.1721000000e+01 -9.2952912554e-03 8.0291729601e-02
1.1722000000e+01 -9.6255139786e-03 8.0965182289e-02
1.1723000000e+01 -9.9638480154e-03 8.1620867196e-02
1.1724000000e+01 -1.0310049806e-02 8.2258485580e-02
1.1725000000e+01 -1.0663859145e-02 8.2877760573e-02
1.1726000000e+01 -1.1025000235e-02 8.3478436954e-02
1.1727000000e+01 -1.1393182781e-02 8.4060280680e-02
1.1728000000e+01 -1.1768103117e-02 8.4623078189e-02
1.1729000000e+01 -1.2149445324e-02 8.5166635526e-02
1.1730000000e+01 -1.2536882330e-02 8.5690777329e-02
1.1731000000e+01 -1.2930076955e-02 8.6195345716e-02
1.1732000000e+01 -1.3328682896e-02 8.6680199133e-02
1.1733000000e+01 -1.3732345632e-02 8.7145211192e-02
1.1734000000e+01 -1.4140703224e-02 8.7590269558e-02
1.1735000000e+01 -1.4553387010e-02 8.8015274925e-02
1.1736000000e+01 -1.4970022187e-02 8.8420140105e-02
1.1737000000e+01 -1.5390228259e-02 8.8804789280e-02
1.1738000000e+01 -1.5813619362e-02 8.9169157423e-02
1.1739000000e+01 -1.6239804466e-02 8.9513189914e-02
1.1740000000e+01 -1.6668387450e-02 8.9836842349e-02
1.1741000000e+01 -1.7098967072e-02 9.0140080554e-02
1.1742000000e+01 -1.7531136831e-02 9.0422880781e-02
1.1743000000e+01 -1.7964484771e-02 9.0685230083e-02
1.1744000000e+01 -1.8398593207e-02 9.0927126836e-02
1.1745000000e+01 -1.8833038448e-02 9.1148581400e-02
1.1746000000e+01 -1.9267390506e-02 9.1349616861e-02
1.1747000000e+01 -1.9701212860e-02 9.1530269853e-02
1.1748000000e+01 -2.0134062286e-02 9.1690591408e-02
1.1749000000e+01 -2.0565488805e-02 9.1830647801e-02
1.1750000000e+01 -2.0995035777e-02 9.1950521375e-02
1.1751000000e+01 -2.1422240188e-02 9.2050311295e-02
1.1752000000e+01 -2.1846633146e-02 9.2130134214e-02
1.1753000000e+01 -2.2267740622e-02 9.2190124835e-02
1.1754000000e+01 -2.2685084462e-02 9.2230436328e-02
1.1755000000e+01 -2.3098183673e-02 9.2251240605e-02
1.1756000000e+01 -2.3506555992e-02 9.2252728435e-02
1.1757000000e+01 -2.3909719731e-02 9.2235109377e-02
1.1758000000e+01 -2.4307195895e-02 9.2198611557e-02
1.1759000000e+01 -2.4698510519e-02 9.2143481250e-02
1.1760000000e+01 -2.5083197223e-02 9.2069982306e-02
1.1761000000e+01 -2.5460799916e-02 9.1978395401e-02
1.1762000000e+01 -2.5830875606e-02 9.1869017145e-02
1.1763000000e+01 -2.6192997262e-02 9.1742159040e-02
1.1764000000e+01 -2.6546756666e-02 9.1598146324e-02
1.1765000000e+01 -2.6891767193e-02 9.1437316704e-02
1.1766000000e+01 -2.7227666460e-02 9.1260019019e-02
1.1767000000e+01 -2.7554118791e-02 9.1066611835e-02
1.1768000000e+01 -2.7870817450e-02 9.0857462017e-02
1.1769000000e+01 -2.8177486594e-02 9.0632943295e-02
1.1770000000e+01 -2.8473882907e-02 9.0393434845e-02
1.1771000000e+01 -2.8759796914e-02 9.0139319927e-02
1.1772000000e+01 -2.9035053921e-02 8.9870984589e-02
1.1773000000e+01 -2.9299514607e-02 8.9588816459e-02
1.1774000000e+01 -2.9553075248e-02 8.9293203655e-02
1.1775000000e+01 -2.9795667590e-02 8.8984533816e-02
1.1776000000e+01 -3.0027258386e-02 8.8663193267e-02
1.1777000000e+01 -3.0247848604e-02 8.8329566322e-02
1.1778000000e+01 -3.0457472350e-02 8.7984034725e-02
1.1779000000e+01 -3.0656195515e-02 8.7626977229e-02
1.1780000000e+01 -3.0844114179e-02 8.7258769289e-02
1.1781000000e+01 -3.1021352809e-02 8.6879782873e-02
1.1782000000e+01 -3.1188062274e-02 8.6490386356e-02
1.1783000000e+01 -3.1344417711e-02 8.6090944497e-02
1.1784000000e+01 -3.1490616273e-02 8.5681818456e-02
1.1785000000e+01 -3.1626874794e-02 8.5263365844e-02
1.1786000000e+01 -3.1753427399e-02 8.4835940778e-02
1.1787000000e+01 -3.1870523097e-02 8.4399893919e-02
1.1788000000e+01 -3.1978423379e-02 8.3955572468e-02
1.1789000000e+01 -3.2077399860e-02 8.3503320111e-02
1.1790000000e+01 -3.2167731991e-02 8.3043476879e-02
1.1791000000e+01 -3.2249704868e-02 8.2576378929e-02
1.1792000000e+01 -3.2323607164e-02 8.2102358211e-02
1.1793000000e+01 -3.2389729205e-02 8.1621742026e-02
1.1794000000e+01 -3.2448361205e-02 8.1134852463e-02
1.1795000000e+01 -3.2499791682e-02 8.0642005721e-02
1.1796000000e+01 -3.2544306055e-02 8.0143511297e-02
1.1797000000e+01 -3.2582185436e-02 7.9639671069e-02
1.1798000000e+01 -3.2613705615e-02 7.9130778274e-02
1.1799000000e+01 -3.2639136230e-02 7.8617116391e-02
1.1800000000e+01 -3.2658740120e-02 7.8098957954e-02
1.1801000000e+01 -3.2672772849e-02 7.7576563321e-02
1.1802000000e+01 -3.2681482380e-02 7.7050179417e-02
1.1803000000e+01 -3.2685108889e-02 7.6520038480e-02
1.1804000000e+01 -3.2683884682e-02 7.5986356857e-02
1.1805000000e+01 -3.2678034208e-02 7.5449333863e-02
1.1806000000e+01 -3.2667774126e-02 7.4909150738e-02
1.1807000000e+01 -3.2653313408e-02 7.4365969745e-02
1.1808000000e+01 -3.2634853445e-02 7.3819933431e-02
1.1809000000e+01 -3.2612588127e-02 7.3271164063e-02
1.1810000000e+01 -3.2586703877e-02 7.2719763288e-02
1.1811000000e+01 -3.2557379617e-02 7.2165812004e-02
1.1812000000e+01 -3.2524786631e-02 7.1609370474e-02
1.1813000000e+01 -3.2489088340e-02 7.1050478677e-02
1.1814000000e+01 -3.2450439949e-02 7.0489156894e-02
1.1815000000e+01 -3.2408987992e-02 6.9925406524e-02
1.1816000000e+01 -3.2364869756e-02 6.9359211115e-02
1.1817000000e+01 -3.2318212613e-02 6.8790537582e-02
1.1818000000e+01 -3.2269133265e-02 6.8219337599e-02
1.1819000000e+01 -3.2217736928e-02 6.7645549118e-02
1.1820000000e+01 -3.2164116478e-02 6.7069097998e-02
1.1821000000e+01 -3.2108351598e-02 6.6489899691e-02
1.1822000000e+01 -3.2050507933e-02 6.5907860958e-02
1.1823000000e+01 -3.1990636309e-02 6.5322881579e-02
1.1824000000e+01 -3.1928772029e-02 6.4734856009e-02
1.1825000000e+01 -3.1864934274e-02 6.4143674959e-02
1.1826000000e+01 -3.1799125633e-02 6.3549226854e-02
1.1827000000e+01 -3.1731331784e-02 6.2951399168e-02
1.1828000000e+01 -3.1661521334e-02 6.2350079579e-02
1.1829000000e+01 -3.1589645825e-02 6.1745156956e-02
1.1830000000e+01 -3.1515639913e-02 6.1136522152e-02
1.1831000000e+01 -3.1439421716e-02 6.0524068595e-02
1.1832000000e+01 -3.1360893318e-02 5.9907692686e-02
1.1833000000e+01 -3.1279941418e-02 5.9287294001e-02
1.1834000000e+01 -3.1196438114e-02 5.8662775305e-02
1.1835000000e+01 -3.1110241780e-02 5.8034042400e-02
1.1836000000e+01 -3.1021198043e-02 5.7401003819e-02
1.1837000000e+01 -3.0929140806e-02 5.6763570383e-02
1.1838000000e+01 -3.0833893315e-02 5.6121654657e-02
1.1839000000e+01 -3.0735269232e-02 5.5475170313e-02
1.1840000000e+01 -3.0633073706e-02 5.4824031440e-02
1.1841000000e+01 -3.0527104415e-02 5.4168151817e-02
1.1842000000e+01 -3.0417152578e-02 5.3507444181e-02
1.1843000000e+01 -3.0303003912e-02 5.2841819507e-02
1.1844000000e+01 -3.0184439554e-02 5.2171186331e-02
1.1845000000e+01 -3.0061236922e-02 5.1495450120e-02
1.1846000000e+01 -2.9933170550e-02 5.0814512729e-02
1.1847000000e+01 -2.9800012877e-02 5.0128271937e-02
1.1848000000e+01 -2.9661535027e-02 4.9436621088e-02
1.1849000000e+01 -2.9517507576e-02 4.8739448839e-02
1.1850000000e+01 -2.9367701336e-02 4.8036639022e-02
1.1851000000e+01 -2.9211888159e-02 4.7328070629e-02
1.1852000000e+01 -2.9049841790e-02 4.6613617907e-02
1.1853000000e+01 -2.8881338776e-02 4.5893150586e-02
1.1854000000e+01 -2.8706159454e-02 4.5166534206e-02
1.1855000000e+01 -2.8524089019e-02 4.4433630575e-02
1.1856000000e+01 -2.8334918700e-02 4.3694298319e-02
1.1857000000e+01 -2.8138447028e-02 4.2948393547e-02
1.1858000000e+01 -2.7934481226e-02 4.2195770601e-02
1.1859000000e+01 -2.7722838694e-02 4.1436282894e-02
1.1860000000e+01 -2.7503348603e-02 4.0669783818e-02
1.1861000000e+01 -2.7275853573e-02 3.9896127711e-02
1.1862000000e+01 -2.7040211431e-02 3.9115170870e-02
1.1863000000e+01 -2.6796297012e-02 3.8326772577e-02
1.1864000000e+01 -2.6544003995e-02 3.7530796140e-02
1.1865000000e+01 -2.6283246730e-02 3.6727109907e-02
1.1866000000e+01 -2.6013962027e-02 3.5915588244e-02
1.1867000000e+01 -2.5736110877e-02 3.5096112451e-02
1.1868000000e+01 -2.5449680064e-02 3.4268571594e-02
1.1869000000e+01 -2.5154683635e-02 3.3432863245e-02
1.1870000000e+01 -2.4851164199e-02 3.2588894112e-02
1.1871000000e+01 -2.4539194028e-02 3.1736580551e-02
1.1872000000e+01 -2.4218875923e-02 3.0875848963e-02
1.1873000000e+01 -2.3890343844e-02 3.0006636072e-02
1.1874000000e+01 -2.3553763280e-02 2.9128889103e-02
1.1875000000e+01 -2.3209331355e-02 2.8242565866e-02
1.1876000000e+01 -2.2857276671e-02 2.7347634768e-02
1.1877000000e+01 -2.2497858886e-02 2.6444074769e-02
1.1878000000e+01 -2.2131368048e-02 2.5531875312e-02
1.1879000000e+01 -2.1758123687e-02 2.4611036247e-02
1.1880000000e+01 -2.1378473690e-02 2.3681567767e-02
1.1881000000e+01 -2.0992792975e-02 2.2743490384e-02
1.1882000000e+01 -2.0601481988e-02 2.1796834959e-02
1.1883000000e+01 -2.0204965044e-02 2.0841642800e-02
1.1884000000e+01 -1.9803688524e-02 1.9877965843e-02
1.1885000000e+01 -1.9398118972e-02 1.8905866918e-02
1.1886000000e+01 -1.8988741082e-02 1.7925420105e-02
1.1887000000e+01 -1.8576055623e-02 1.6936711186e-02
1.1888000000e+01 -1.8160577290e-02 1.5939838173e-02
1.1889000000e+01 -1.7742832525e-02 1.4934911919e-02
1.1890000000e+01 -1.7323357298e-02 1.3922056791e-02
1.1891000000e+01 -1.6902694876e-02 1.2901411400e-02
1.1892000000e+01 -1.6481393580e-02 1.1873129353e-02
1.1893000000e+01 -1.6060004552e-02 1.0837380028e-02
1.1894000000e+01 -1.5639079527e-02 9.7943493317e-03
1.1895000000e+01 -1.5219168632e-02 8.7442404174e-03
1.1896000000e+01 -1.4800818209e-02 7.6872743456e-03
1.1897000000e+01 -1.4384568677e-02 6.6236906439e-03
1.1898000000e+01 -1.3970952440e-02 5.5537477446e-03
1.1899000000e+01 -1.3560491841e-02 4.4777232668e-03
1.1900000000e+01 -1.3153697186e-02 3.3959141138e-03
1.1901000000e+01 -1.2751064839e-02 2.3086363572e-03
1.1902000000e+01 -1.2353075401e-02 1.2162248831e-03
1.1903000000e+01 -1.1960191992e-02 1.1903277647e-04
1.1904000000e+01 -1.1572858646e-02 -9.8256957006e-04
1.1905000000e+01 -1.1191498846e-02 -2.0881956376e-03
1.1906000000e+01 -1.0816514205e-02 -3.1974442545e-03
1.1907000000e+01 -1.0448283324e-02 -4.3099013593e-03
1.1908000000e+01 -1.0087160842e-02 -5.4251420426e-03
1.1909000000e+01 -9.7334766954e-03 -6.5427328454e-03
1.1910000000e+01 -9.3875356043e-03 -7.6622342873e-03
1.1911000000e+01 -9.0496167962e-03 -8.7832035872e-03
1.1912000000e+01 -8.7199739811e-03 -9.9051975306e-03
1.1913000000e+01 -8.3988355751e-03 -1.1027775434e-02
1.1914000000e+01 -8.0864051753e-03 -1.2150502152e-02
1.1915000000e+01 -7.7828622751e-03 -1.3272951060e-02
1.1916000000e+01 -7.4883632062e-03 -1.4394706965e-02
1.1917000000e+01 -7.2030422864e-03 -1.5515368872e-02
1.1918000000e+01 -6.9270131470e-03 -1.6634552552e-02
1.1919000000e+01 -6.6603702076e-03 -1.7751892866e-02
1.1920000000e+01 -6.4031902637e-03 -1.8867045789e-02
1.1921000000e+01 -6.1555341485e-03 -1.9979690098e-02
1.1922000000e+01 -5.9174484299e-03 -2.1089528704e-02
1.1923000000e+01 -5.6889671038e-03 -2.2196289600e-02
1.1924000000e+01 -5.4701132472e-03 -2.3299726423e-02
1.1925000000e+01 -5.2609005973e-03 -2.4399618625e-02
1.1926000000e+01 -5.0613350287e-03 -2.5495771279e-02
1.1927000000e+01 -4.8714159059e-03 -2.6588014527e-02
1.1928000000e+01 -4.6911372940e-03 -2.7676202698e-02
1.1929000000e+01 -4.5204890202e-03 -2.8760213141e-02
1.1930000000e+01 -4.3594575810e-03 -2.9839944797e-02
1.1931000000e+01 -4.2080269006e-03 -3.0915316554e-02
1.1932000000e+01 -4.0661789478e-03 -3.1986265426e-02
1.1933000000e+01 -3.9338942263e-03 -3.3052744594e-02
1.1934000000e+01 -3.8111521542e-03 -3.4114721349e-02
1.1935000000e+01 -3.6979313539e-03 -3.5172174973e-02
1.1936000000e+01 -3.5942098722e-03 -3.6225094586e-02
1.1937000000e+01 -3.4999653521e-03 -3.7273477003e-02
1.1938000000e+01 -3.4151751797e-03 -3.8317324611e-02
1.1939000000e+01 -3.3398166242e-03 -3.9356643296e-02
1.1940000000e+01 -3.2738669916e-03 -4.0391440437e-02
1.1941000000e+01 -3.2173038081e-03 -4.1421722979e-02
1.1942000000e+01 -3.1701050473e-03 -4.2447495594e-02
1.1943000000e+01 -3.1322494113e-03 -4.3468758932e-02
1.1944000000e+01 -3.1037166737e-03 -4.4485507963e-02
1.1945000000e+01 -3.0844880861e-03 -4.5497730403e-02
1.1946000000e+01 -3.0745468473e-03 -4.6505405225e-02
1.1947000000e+01 -3.0738786290e-03 -4.7508501236e-02
1.1948000000e+01 -3.0824721465e-03 -4.8506975717e-02
1.1949000000e+01 -3.1003197598e-03 -4.9500773119e-02
1.1950000000e+01 -3.1274180864e-03 -5.0489823800e-02
1.1951000000e+01 -3.1637686028e-03 -5.1474042804e-02
1.1952000000e+01 -3.2093782094e-03 -5.2453328676e-02
1.1953000000e+01 -3.2642597340e-03 -5.3427562316e-02
1.1954000000e+01 -3.3284323448e-03 -5.4396605873e-02
1.1955000000e+01 -3.4019218473e-03 -5.5360301688e-02
1.1956000000e+01 -3.4847608384e-03 -5.6318471293e-02
1.1957000000e+01 -3.5769886947e-03 -5.7270914485e-02
1.1958000000e+01 -3.6786513741e-03 -5.8217408485e-02
1.1959000000e+01 -3.7898010126e-03 -5.9157707199e-02
1.1960000000e+01 -3.9104953026e-03 -6.0091540606e-02
1.1961000000e+01 -4.0407966443e-03 -6.1018614288e-02
1.1962000000e+01 -4.1807710666e-03 -6.1938609124e-02
1.1963000000e+01 -4.3304869178e-03 -6.2851181186e-02
1.1964000000e+01 -4.4900133355e-03 -6.3755961837e-02
1.1965000000e+01 -4.6594185085e-03 -6.4652558077e-02
1.1966000000e+01 -4.8387677536e-03 -6.5540553157e-02
1.1967000000e+01 -5.0281214337e-03 -6.6419507475e-02
1.1968000000e+01 -5.2275327526e-03 -6.7288959784e-02
1.1969000000e+01 -5.4370454672e-03 -6.8148428727e-02
1.1970000000e+01 -5.6566915644e-03 -6.8997414693e-02
1.1971000000e+01 -5.8864889512e-03 -6.9835402020e-02
1.1972000000e+01 -6.1264392137e-03 -7.0661861517e-02
1.1973000000e+01 -6.3765254976e-03 -7.1476253286e-02
1.1974000000e+01 -6.6367105637e-03 -7.2278029829e-02
1.1975000000e+01 -6.9069350689e-03 -7.3066639381e-02
1.1976000000e+01 -7.1871161161e-03 -7.3841529430e-02
1.1977000000e+01 -7.4771461117e-03 -7.4602150345e-02
1.1978000000e+01 -7.7768919580e-03 -7.5347959064e-02
1.1979000000e+01 -8.0861945994e-03 -7.6078422746e-02
1.1980000000e+01 -8.4048689286e-03 -7.6793022322e-02
1.1981000000e+01 -8.7327040489e-03 -7.7491255865e-02
1.1982000000e+01 -9.0694638758e-03 -7.8172641706e-02
1.1983000000e+01 -9.4148880517e-03 -7.8836721229e-02
1.1984000000e+01 -9.7686931367e-03 -7.9483061295e-02
1.1985000000e+01 -1.0130574032e-02 -8.0111256244e-02
1.1986000000e+01 -1.0500205584e-02 -8.0720929458e-02
1.1987000000e+01 -1.0877244320e-02 -8.1311734454e-02
1.1988000000e+01 -1.1261330250e-02 -8.1883355520e-02
1.1989000000e+01 -1.1652088697e-02 -8.2435507908e-02
1.1990000000e+01 -1.2049132088e-02 -8.2967937610e-02
1.1991000000e+01 -1.2452061672e-02 -8.3480420754e-02
1.1992000000e+01 -1.2860469128e-02 -8.3972762680e-02
1.1993000000e+01 -1.3273938022e-02 -8.4444796748e-02
1.1994000000e+01 -1.3692045109e-02 -8.4896382945e-02
1.1995000000e+01 -1.4114361452e-02 -8.5327406349e-02
1.1996000000e+01 -1.4540453375e-02 -8.5737775523e-02
1.1997000000e+01 -1.4969883235e-02 -8.6127420900e-02
1.1998000000e+01 -1.5402210051e-02 -8.6496293216e-02
1.1999000000e+01 -1.5836989987e-02 -8.6844362032e-02
1.2000000000e+01 -1.6273776735e-02 -8.7171614411e-02
1.2001000000e+01 -1.6712121816e-02 -8.7478053758e-02
1.2002000000e+01 -1.7151574829e-02 -8.7763698866e-02
1.2003000000e+01 -1.7591683687e-02 -8.8028583170e-02
1.2004000000e+01 -1.8031994866e-02 -8.8272754219e-02
1.2005000000e+01 -1.8472053691e-02 -8.8496273362e-02
1.2006000000e+01 -1.8911404689e-02 -8.8699215632e-02
1.2007000000e+01 -1.9349592027e-02 -8.8881669804e-02
1.2008000000e+01 -1.9786160049e-02 -8.9043738609e-02
1.2009000000e+01 -2.0220653920e-02 -8.9185539070e-02
1.2010000000e+01 -2.0652620375e-02 -8.9307202914e-02
1.2011000000e+01 -2.1081608588e-02 -8.9408877049e-02
1.2012000000e+01 -2.1507171129e-02 -8.9490724035e-02
1.2013000000e+01 -2.1928865013e-02 -8.9552922538e-02
1.2014000000e+01 -2.2346252823e-02 -8.9595667719e-02
1.2015000000e+01 -2.2758903883e-02 -8.9619171526e-02
1.2016000000e+01 -2.3166395466e-02 -8.9623662850e-02
1.2017000000e+01 -2.3568314017e-02 -8.9609387535e-02
1.2018000000e+01 -2.3964256364e-02 -8.9576608195e-02
1.2019000000e+01 -2.4353830919e-02 -8.9525603848e-02
1.2020000000e+01 -2.4736658828e-02 -8.9456669329e-02
1.2021000000e+01 -2.5112375081e-02 -8.9370114504e-02
1.2022000000e+01 -2.5480629567e-02 -8.9266263264e-02
1.2023000000e+01 -2.5841088059e-02 -8.9145452335e-02
1.2024000000e+01 -2.6193433148e-02 -8.9008029897e-02
1.2025000000e+01 -2.6537365103e-02 -8.8854354056e-02
1.2026000000e+01 -2.6872602690e-02 -8.8684791189e-02
1.2027000000e+01 -2.7198883916e-02 -8.8499714204e-02
1.2028000000e+01 -2.7515966740e-02 -8.8299500734e-02
1.2029000000e+01 -2.7823629732e-02 -8.8084531338e-02
1.2030000000e+01 -2.8121672680e-02 -8.7855187714e-02
1.2031000000e+01 -2.8409917165e-02 -8.7611850984e-02
1.2032000000e+01 -2.8688207077e-02 -8.7354900082e-02
1.2033000000e+01 -2.8956409088e-02 -8.7084710268e-02
1.2034000000e+01 -2.9214413056e-02 -8.6801651815e-02
1.2035000000e+01 -2.9462132368e-02 -8.6506088872e-02
1.2036000000e+01 -2.9699504190e-02 -8.6198378529e-02
1.2037000000e+01 -2.9926489637e-02 -8.5878870091e-02
1.2038000000e+01 -3.0143073825e-02 -8.5547904570e-02
1.2039000000e+01 -3.0349265816e-02 -8.5205814377e-02
1.2040000000e+01 -3.0545098429e-02 -8.4852923223e-02
1.2041000000e+01 -3.0730627921e-02 -8.4489546195e-02
1.2042000000e+01 -3.0905933525e-02 -8.4115990003e-02
1.2043000000e+01 -3.1071116855e-02 -8.3732553359e-02
1.2044000000e+01 -3.1226301161e-02 -8.3339527459e-02
1.2045000000e+01 -3.1371630452e-02 -8.2937196558e-02
1.2046000000e+01 -3.1507268493e-02 -8.2525838570e-02
1.2047000000e+01 -3.1633397677e-02 -8.2105725701e-02
1.2048000000e+01 -3.1750217791e-02 -8.1677125057e-02
1.2049000000e+01 -3.1857944683e-02 -8.1240299217e-02
1.2050000000e+01 -3.1956808854e-02 -8.0795506739e-02
1.2051000000e+01 -3.2047053977e-02 -8.0343002597e-02
1.2052000000e+01 -3.2128935371e-02 -7.9883038518e-02
1.2053000000e+01 -3.2202718438e-02 -7.9415863224e-02
1.2054000000e+01 -3.2268677077e-02 -7.8941722573e-02
1.2055000000e+01 -3.2327092101e-02 -7.8460859599e-02
1.2056000000e+01 -3.2378249653e-02 -7.7973514452e-02
1.2057000000e+01 -3.2422439650e-02 -7.7479924255e-02
1.2058000000e+01 -3.2459954255e-02 -7.6980322864e-02
1.2059000000e+01 -3.2491086388e-02 -7.6474940569e-02
1.2060000000e+01 -3.2516128289e-02 -7.5964003713e-02
1.2061000000e+01 -3.2535370132e-02 -7.5447734263e-02
1.2062000000e+01 -3.2549098708e-02 -7.4926349320e-02
1.2063000000e+01 -3.2557596167e-02 -7.4400060598e-02
1.2064000000e+01 -3.2561138834e-02 -7.3869073852e-02
1.2065000000e+01 -3.2559996102e-02 -7.3333588286e-02
1.2066000000e+01 -3.2554429408e-02 -7.2793795939e-02
1.2067000000e+01 -3.2544691279e-02 -7.2249881051e-02
1.2068000000e+01 -3.2531024482e-02 -7.1702019431e-02
1.2069000000e+01 -3.2513661249e-02 -7.1150377831e-02
1.2070000000e+01 -3.2492822596e-02 -7.0595113331e-02
1.2071000000e+01 -3.2468717731e-02 -7.0036372769e-02
1.2072000000e+01 -3.2441543547e-02 -6.9474292200e-02
1.2073000000e+01 -3.2411484188e-02 -6.8908996421e-02
1.2074000000e+01 -3.2378710705e-02 -6.8340598571e-02
1.2075000000e+01 -3.2343380753e-02 -6.7769199800e-02
1.2076000000e+01 -3.2305638360e-02 -6.7194889047e-02
1.2077000000e+01 -3.2265613720e-02 -6.6617742902e-02
1.2078000000e+01 -3.2223423023e-02 -6.6037825585e-02
1.2079000000e+01 -3.2179168288e-02 -6.5455189016e-02
1.2080000000e+01 -3.2132937203e-02 -6.4869872992e-02
1.2081000000e+01 -3.2084802955e-02 -6.4281905451e-02
1.2082000000e+01 -3.2034824038e-02 -6.3691302819e-02
1.2083000000e+01 -3.1983044043e-02 -6.3098070414e-02
1.2084000000e+01 -3.1929491426e-02 -6.2502202906e-02
1.2085000000e+01 -3.1874179254e-02 -6.1903684797e-02
1.2086000000e+01 -3.1817104936e-02 -6.1302490914e-02
1.2087000000e+01 -3.1758249953e-02 -6.0698586890e-02
1.2088000000e+01 -3.1697579591e-02 -6.0091929611e-02
1.2089000000e+01 -3.1635042705e-02 -5.9482467624e-02
1.2090000000e+01 -3.1570571514e-02 -5.8870141482e-02
1.2091000000e+01 -3.1504081460e-02 -5.8254884021e-02
1.2092000000e+01 -3.1435471131e-02 -5.7636620567e-02
1.2093000000e+01 -3.1364622286e-02 -5.7015269066e-02
1.2094000000e+01 -3.1291399969e-02 -5.6390740138e-02
1.2095000000e+01 -3.1215652749e-02 -5.5762937078e-02
1.2096000000e+01 -3.1137213077e-02 -5.5131755789e-02
1.2097000000e+01 -3.1055897771e-02 -5.4497084692e-02
1.2098000000e+01 -3.0971508633e-02 -5.3858804604e-02
1.2099000000e+01 -3.0883833184e-02 -5.3216788619e-02
1.2100000000e+01 -3.0792645534e-02 -5.2570902009e-02
1.2101000000e+01 -3.0697707351e-02 -5.1921002161e-02
1.2102000000e+01 -3.0598768946e-02 -5.1266938580e-02
1.2103000000e+01 -3.0495570452e-02 -5.0608552956e-02
1.2104000000e+01 -3.0387843088e-02 -4.9945679340e-02
1.2105000000e+01 -3.0275310505e-02 -4.9278144403e-02
1.2106000000e+01 -3.0157690207e-02 -4.8605767820e-02
1.2107000000e+01 -3.0034695039e-02 -4.7928362755e-02
1.2108000000e+01 -2.9906034745e-02 -4.7245736468e-02
1.2109000000e+01 -2.9771417596e-02 -4.6557691016e-02
1.2110000000e+01 -2.9630552083e-02 -4.5864024062e-02
1.2111000000e+01 -2.9483148680e-02 -4.5164529767e-02
1.2112000000e+01 -2.9328921685e-02 -4.4458999749e-02
1.2113000000e+01 -2.9167591118e-02 -4.3747224108e-02
1.2114000000e+01 -2.8998884699e-02 -4.3028992486e-02
1.2115000000e+01 -2.8822539880e-02 -4.2304095155e-02
1.2116000000e+01 -2.8638305923e-02 -4.1572324106e-02
1.2117000000e+01 -2.8445946018e-02 -4.0833474141e-02
1.2118000000e+01 -2.8245239416e-02 -4.0087343927e-02
1.2119000000e+01 -2.8035983548e-02 -3.9333737029e-02
1.2120000000e+01 -2.7817996110e-02 -3.8572462880e-02
1.2121000000e+01 -2.7591117087e-02 -3.7803337700e-02
1.2122000000e+01 -2.7355210670e-02 -3.7026185342e-02
1.2123000000e+01 -2.7110167061e-02 -3.6240838072e-02
1.2124000000e+01 -2.6855904100e-02 -3.5447137262e-02
1.2125000000e+01 -2.6592368729e-02 -3.4644934011e-02
1.2126000000e+01 -2.6319538239e-02 -3.3834089692e-02
1.2127000000e+01 -2.6037421297e-02 -3.3014476419e-02
1.2128000000e+01 -2.5746058738e-02 -3.2185977453e-02
1.2129000000e+01 -2.5445524125e-02 -3.1348487549e-02
1.2130000000e+01 -2.5135924065e-02 -3.0501913254e-02
1.2131000000e+01 -2.4817398297e-02 -2.9646173164e-02
1.2132000000e+01 -2.4490119564e-02 -2.8781198158e-02
1.2133000000e+01 -2.4154293274e-02 -2.7906931613e-02
1.2134000000e+01 -2.3810156980e-02 -2.7023329621e-02
1.2135000000e+01 -2.3457979681e-02 -2.6130361204e-02
1.2136000000e+01 -2.3098060976e-02 -2.5228008556e-02
1.2137000000e+01 -2.2730730081e-02 -2.4316267301e-02
1.2138000000e+01 -2.2356344715e-02 -2.3395146795e-02
1.2139000000e+01 -2.1975289875e-02 -2.2464670459e-02
1.2140000000e+01 -2.1587976509e-02 -2.1524876159e-02
1.2141000000e+01 -2.1194840074e-02 -2.0575816625e-02
1.2142000000e+01 -2.0796339000e-02 -1.9617559916e-02
1.2143000000e+01 -2.0392953042e-02 -1.8650189916e-02
1.2144000000e+01 -1.9985181526e-02 -1.7673806861e-02
1.2145000000e+01 -1.9573541471e-02 -1.6688527872e-02
1.2146000000e+01 -1.9158565600e-02 -1.5694487494e-02
1.2147000000e+01 -1.8740800208e-02 -1.4691838210e-02
1.2148000000e+01 -1.8320802916e-02 -1.3680750904e-02
1.2149000000e+01 -1.7899140284e-02 -1.2661415267e-02
1.2150000000e+01 -1.7476385307e-02 -1.1634040098e-02
1.2151000000e+01 -1.7053114792e-02 -1.0598853489e-02
1.2152000000e+01 -1.6629906646e-02 -9.5561028617e-03
1.2153000000e+01 -1.6207337078e-02 -8.5060548371e-03
1.2154000000e+01 -1.5785977769e-02 -7.4489949066e-03
1.2155000000e+01 -1.5366393025e-02 -6.3852268998e-03
1.2156000000e+01 -1.4949136966e-02 -5.3150722279e-03
1.2157000000e+01 -1.4534750781e-02 -4.2388688977e-03
1.2158000000e+01 -1.4123760116e-02 -3.1569702933e-03
1.2159000000e+01 -1.3716672625e-02 -2.0697437304e-03
1.2160000000e+01 -1.3313975734e-02 -9.7756879321e-04
1.2161000000e+01 -1.2916134663e-02 1.1916453164e-04
1.2162000000e+01 -1.2523590744e-02 1.2200579014e-03
1.2163000000e+01 -1.2136760055e-02 2.3247068189e-03
1.2164000000e+01 -1.1756032407e-02 3.4327029597e-03
1.2165000000e+01 -1.1381770682e-02 4.5436365912e-03
1.2166000000e+01 -1.1014310538e-02 5.6570990493e-03
1.2167000000e+01 -1.0653960460e-02 6.7726852354e-03
1.2168000000e+01 -1.0301002158e-02 7.8899960963e-03
1.2169000000e+01 -9.9556912758e-03 9.0086410500e-03
1.2170000000e+01 -9.6182583880e-03 1.0128240322e-02
1.2171000000e+01 -9.2889102401e-03 1.1248427154e-02
1.2172000000e+01 -8.9678312000e-03 1.2368849856e-02
1.2173000000e+01 -8.6551848700e-03 1.3489173668e-02
1.2174000000e+01 -8.3511158176e-03 1.4609082400e-02
1.2175000000e+01 -8.0557513773e-03 1.5728279830e-02
1.2176000000e+01 -7.7692034810e-03 1.6846490832e-02
1.2177000000e+01 -7.4915704749e-03 1.7963462219e-02
1.2178000000e+01 -7.2229388836e-03 1.9078963276e-02
1.2179000000e+01 -6.9633850891e-03 2.0192785991e-02
1.2180000000e+01 -6.7129768939e-03 2.1304744948e-02
1.2181000000e+01 -6.4717749444e-03 2.2414676914e-02
1.2182000000e+01 -6.2398339969e-03 2.3522440098e-02
1.2183000000e+01 -6.0172040101e-03 2.4627913106e-02
1.2184000000e+01 -5.8039310578e-03 2.5730993612e-02
1.2185000000e+01 -5.6000580572e-03 2.6831596757e-02
1.2186000000e+01 -5.4056253136e-03 2.7929653315e-02
1.2187000000e+01 -5.2206708883e-03 2.9025107661e-02
1.2188000000e+01 -5.0452307974e-03 3.0117915575e-02
1.2189000000e+01 -4.8793390568e-03 3.1208041928e-02
1.2190000000e+01 -4.7230275893e-03 3.2295458305e-02
1.2191000000e+01 -4.5763260147e-03 3.3380140587e-02
1.2192000000e+01 -4.4392613457e-03 3.4462066567e-02
1.2193000000e+01 -4.3118576160e-03 3.5541213616e-02
1.2194000000e+01 -4.1941354675e-03 3.6617556460e-02
1.2195000000e+01 -4.0861117261e-03 3.7691065080e-02
1.2196000000e+01 -3.9877989965e-03 3.8761702777e-02
1.2197000000e+01 -3.8992053029e-03 3.9829424423e-02
1.2198000000e+01 -3.8203338061e-03 4.0894174894e-02
1.2199000000e+01 -3.7511826201e-03 4.1955887709e-02
1.2200000000e+01 -3.6917447515e-03 4.3014483861e-02
1.2201000000e+01 -3.6420081780e-03 4.4069870841e-02
1.2202000000e+01 -3.6019560787e-03 4.5121941825e-02
1.2203000000e+01 -3.5715672219e-03 4.6170575036e-02
1.2204000000e+01 -3.5508165093e-03 4.7215633226e-02
1.2205000000e+01 -3.5396756705e-03 4.8256963287e-02
1.2206000000e+01 -3.5381140921e-03 4.9294395954e-02
1.2207000000e+01 -3.5460997624e-03 5.0327745585e-02
1.2208000000e+01 -3.5636003047e-03 5.1356810005e-02
1.2209000000e+01 -3.5905840674e-03 5.2381370392e-02
1.2210000000e+01 -3.6270212348e-03 5.3401191202e-02
1.2211000000e+01 -3.6728849208e-03 5.4416020123e-02
1.2212000000e+01 -3.7281522020e-03 5.5425588053e-02
1.2213000000e+01 -3.7928050510e-03 5.6429609109e-02
1.2214000000e+01 -3.8668311264e-03 5.7427780655e-02
1.2215000000e+01 -3.9502243826e-03 5.8419783383e-02
1.2216000000e+01 -4.0429854632e-03 5.9405281427e-02
1.2217000000e+01 -4.1451218497e-03 6.0383922547e-02
1.2218000000e+01 -4.2566477410e-03 6.1355338387e-02
1.2219000000e+01 -4.3775836515e-03 6.2319144828e-02
1.2220000000e+01 -4.5079557193e-03 6.3274942460e-02
1.2221000000e+01 -4.6477947315e-03 6.4222317185e-02
1.2222000000e+01 -4.7971348775e-03 6.5160840976e-02
1.2223000000e+01 -4.9560122562e-03 6.6090072812e-02
1.2224000000e+01 -5.1244631681e-03 6.7009559794e-02
1.2225000000e+01 -5.3025222337e-03 6.7918838468e-02
1.2226000000e+01 -5.4902203841e-03 6.8817436338e-02
1.2227000000e+01 -5.6875827749e-03 6.9704873587e-02
1.2228000000e+01 -5.8946266788e-03 7.0580664984e-02
1.2229000000e+01 -6.1113594089e-03 7.1444321960e-02
1.2230000000e+01 -6.3377763269e-03 7.2295354829e-02
1.2231000000e+01 -6.5738589856e-03 7.3133275130e-02
1.2232000000e+01 -6.8195734472e-03 7.3957598032e-02
1.2233000000e+01 -7.0748688168e-03 7.4767844781e-02
1.2234000000e+01 -7.3396760181e-03 7.5563545124e-02
1.2235000000e+01 -7.6139068326e-03 7.6344239677e-02
1.2236000000e+01 -7.8974532120e-03 7.7109482176e-02
1.2237000000e+01 -8.1901868672e-03 7.7858841573e-02
1.2238000000e+01 -8.4919591269e-03 7.8591903939e-02
1.2239000000e+01 -8.8026010514e-03 7.9308274123e-02
1.2240000000e+01 -9.1219237819e-03 8.0007577152e-02
1.2241000000e+01 -9.4497190984e-03 8.0689459338e-02
1.2242000000e+01 -9.7857601582e-03 8.1353589079e-02
1.2243000000e+01 -1.0129802381e-02 8.1999657364e-02
1.2244000000e+01 -1.0481584448e-02 8.2627377954e-02
1.2245000000e+01 -1.0840829389e-02 8.3236487284e-02
1.2246000000e+01 -1.1207245706e-02 8.3826744084e-02
1.2247000000e+01 -1.1580528537e-02 8.4397928763e-02
1.2248000000e+01 -1.1960360794e-02 8.4949842573e-02
1.2249000000e+01 -1.2346414282e-02 8.5482306616e-02
1.2250000000e+01 -1.2738350763e-02 8.5995160722e-02
1.2251000000e+01 -1.3135822946e-02 8.6488262250e-02
1.2252000000e+01 -1.3538475388e-02 8.6961484867e-02
1.2253000000e+01 -1.3945945308e-02 8.7414717337e-02
1.2254000000e+01 -1.4357863272e-02 8.7847862386e-02
1.2255000000e+01 -1.4773853780e-02 8.8260835660e-02
1.2256000000e+01 -1.5193535722e-02 8.8653564827e-02
1.2257000000e+01 -1.5616522715e-02 8.9025988848e-02
1.2258000000e+01 -1.6042423324e-02 8.9378057431e-02
1.2259000000e+01 -1.6470841173e-02 8.9709730681e-02
1.2260000000e+01 -1.6901374948e-02 9.0020978959e-02
1.2261000000e+01 -1.7333618316e-02 9.0311782938e-02
1.2262000000e+01 -1.7767159772e-02 9.0582133840e-02
1.2263000000e+01 -1.8201582437e-02 9.0832033855e-02
1.2264000000e+01 -1.8636463828e-02 9.1061496688e-02
1.2265000000e+01 -1.9071375634e-02 9.1270548244e-02
1.2266000000e+01 -1.9505883518e-02 9.1459227379e-02
1.2267000000e+01 -1.9939546985e-02 9.1627586724e-02
1.2268000000e+01 -2.0371919347e-02 9.1775693509e-02
1.2269000000e+01 -2.0802547817e-02 9.1903630392e-02
1.2270000000e+01 -2.1230973757e-02 9.2011496228e-02
1.2271000000e+01 -2.1656733125e-02 9.2099406767e-02
1.2272000000e+01 -2.2079357133e-02 9.2167495257e-02
1.2273000000e+01 -2.2498373143e-02 9.2215912909e-02
1.2274000000e+01 -2.2913305816e-02 9.2244829228e-02
1.2275000000e+01 -2.3323678525e-02 9.2254432177e-02
1.2276000000e+01 -2.3729015024e-02 9.2244928180e-02
1.2277000000e+01 -2.4128841368e-02 9.2216541936e-02
1.2278000000e+01 -2.4522688071e-02 9.2169516064e-02
1.2279000000e+01 -2.4910092457e-02 9.2104110571e-02
1.2280000000e+01 -2.5290601185e-02 9.2020602141e-02
1.2281000000e+01 -2.5663772896e-02 9.1919283278e-02
1.2282000000e+01 -2.6029180925e-02 9.1800461291e-02
1.2283000000e+01 -2.6386416038e-02 9.1664457157e-02
1.2284000000e+01 -2.6735089122e-02 9.1511604275e-02
1.2285000000e+01 -2.7074833781e-02 9.1342247133e-02
1.2286000000e+01 -2.7405308788e-02 9.1156739911e-02
1.2287000000e+01 -2.7726200323e-02 9.0955445062e-02
1.2288000000e+01 -2.8037223983e-02 9.0738731867e-02
1.2289000000e+01 -2.8338126496e-02 9.0506975026e-02
1.2290000000e+01 -2.8628687139e-02 9.0260553288e-02
1.2291000000e+01 -2.8908718816e-02 8.9999848150e-02
1.2292000000e+01 -2.9178068801e-02 8.9725242653e-02
1.2293000000e+01 -2.9436619130e-02 8.9437120285e-02
1.2294000000e+01 -2.9684286656e-02 8.9135864015e-02
1.2295000000e+01 -2.9921022772e-02 8.8821855457e-02
1.2296000000e+01 -3.0146812811e-02 8.8495474178e-02
1.2297000000e+01 -3.0361675164e-02 8.8157097147e-02
1.2298000000e+01 -3.0565660107e-02 8.7807098318e-02
1.2299000000e+01 -3.0758848397e-02 8.7445848343e-02
1.2300000000e+01 -3.0941349642e-02 8.7073714386e-02
1.2301000000e+01 -3.1113300476e-02 8.6691060046e-02
1.2302000000e+01 -3.1274862580e-02 8.6298245343e-02
1.2303000000e+01 -3.1426220571e-02 8.5895626760e-02
1.2304000000e+01 -3.1567579781e-02 8.5483557318e-02
1.2305000000e+01 -3.1699163978e-02 8.5062386649e-02
1.2306000000e+01 -3.1821213029e-02 8.4632461063e-02
1.2307000000e+01 -3.1933980569e-02 8.4194123570e-02
1.2308000000e+01 -3.2037731674e-02 8.3747713851e-02
1.2309000000e+01 -3.2132740585e-02 8.3293568150e-02
1.2310000000e+01 -3.2219288502e-02 8.2832019085e-02
1.2311000000e+01 -3.2297661484e-02 8.2363395349e-02
1.2312000000e+01 -3.2368148455e-02 8.1888021308e-02
1.2313000000e+01 -3.2431039361e-02 8.1406216482e-02
1.2314000000e+01 -3.2486623484e-02 8.0918294903e-02
1.2315000000e+01 -3.2535187911e-02 8.0424564363e-02
1.2316000000e+01 -3.2577016202e-02 7.9925325546e-02
1.2317000000e+01 -3.2612387222e-02 7.9420871049e-02
1.2318000000e+01 -3.2641574163e-02 7.8911484327e-02
1.2319000000e+01 -3.2664843750e-02 7.8397438549e-02
1.2320000000e+01 -3.2682455611e-02 7.7878995408e-02
1.2321000000e+01 -3.2694661811e-02 7.7356403896e-02
1.2322000000e+01 -3.2701706531e-02 7.6829899078e-02
1.2323000000e+01 -3.2703825870e-02 7.6299700886e-02
1.2324000000e+01 -3.2701247760e-02 7.5766012977e-02
1.2325000000e+01 -3.2694191950e-02 7.5229021663e-02
1.2326000000e+01 -3.2682870058e-02 7.4688894966e-02
1.2327000000e+01 -3.2667485639e-02 7.4145781818e-02
1.2328000000e+01 -3.2648234266e-02 7.3599811424e-02
1.2329000000e+01 -3.2625303577e-02 7.3051092827e-02
1.2330000000e+01 -3.2598873276e-02 7.2499714678e-02
1.2331000000e+01 -3.2569115063e-02 7.1945745236e-02
1.2332000000e+01 -3.2536192480e-02 7.1389232603e-02
1.2333000000e+01 -3.2500260648e-02 7.0830205184e-02
1.2334000000e+01 -3.2461465908e-02 7.0268672389e-02
1.2335000000e+01 -3.2419945344e-02 6.9704625544e-02
1.2336000000e+01 -3.2375826212e-02 6.9138039008e-02
1.2337000000e+01 -3.2329225277e-02 6.8568871461e-02
1.2338000000e+01 -3.2280248075e-02 6.7997067348e-02
1.2339000000e+01 -3.2228988130e-02 6.7422558433e-02
1.2340000000e+01 -3.2175526143e-02 6.6845265438e-02
1.2341000000e+01 -3.2119929189e-02 6.6265099720e-02
1.2342000000e+01 -3.2062249942e-02 6.5681964963e-02
1.2343000000e+01 -3.2002525970e-02 6.5095758828e-02
1.2344000000e+01 -3.1940779113e-02 6.4506374541e-02
1.2345000000e+01 -3.1877014979e-02 6.3913702383e-02
1.2346000000e+01 -3.1811222571e-02 6.3317631047e-02
1.2347000000e+01 -3.1743374066e-02 6.2718048846e-02
1.2348000000e+01 -3.1673424756e-02 6.2114844748e-02
1.2349000000e+01 -3.1601313153e-02 6.1507909223e-02
1.2350000000e+01 -3.1526961259e-02 6.0897134906e-02
1.2351000000e+01 -3.1450275000e-02 6.0282417049e-02
1.2352000000e+01 -3.1371144803e-02 5.9663653796e-02
1.2353000000e+01 -3.1289446311e-02 5.9040746266e-02
1.2354000000e+01 -3.1205041211e-02 5.8413598462e-02
1.2355000000e+01 -3.1117778155e-02 5.7782117037e-02
1.2356000000e+01 -3.1027493752e-02 5.7146210912e-02
1.2357000000e+01 -3.0934013603e-02 5.6505790792e-02
1.2358000000e+01 -3.0837153362e-02 5.5860768591e-02
1.2359000000e+01 -3.0736719803e-02 5.5211056797e-02
1.2360000000e+01 -3.0632511868e-02 5.4556567797e-02
1.2361000000e+01 -3.0524321697e-02 5.3897213191e-02
1.2362000000e+01 -3.0411935611e-02 5.3232903123e-02
1.2363000000e+01 -3.0295135066e-02 5.2563545634e-02
1.2364000000e+01 -3.0173697565e-02 5.1889046081e-02
1.2365000000e+01 -3.0047397535e-02 5.1209306613e-02
1.2366000000e+01 -2.9916007173e-02 5.0524225734e-02
1.2367000000e+01 -2.9779297283e-02 4.9833697970e-02
1.2368000000e+01 -2.9637038105e-02 4.9137613618e-02
1.2369000000e+01 -2.9489000157e-02 4.8435858622e-02
1.2370000000e+01 -2.9334955096e-02 4.7728314549e-02
1.2371000000e+01 -2.9174676630e-02 4.7014858676e-02
1.2372000000e+01 -2.9007941466e-02 4.6295364192e-02
1.2373000000e+01 -2.8834530341e-02 4.5569700507e-02
1.2374000000e+01 -2.8654229113e-02 4.4837733658e-02
1.2375000000e+01 -2.8466829947e-02 4.4099326825e-02
1.2376000000e+01 -2.8272132582e-02 4.3354340932e-02
1.2377000000e+01 -2.8069945695e-02 4.2602635338e-02
1.2378000000e+01 -2.7860088350e-02 4.1844068611e-02
1.2379000000e+01 -2.7642391532e-02 4.1078499362e-02
1.2380000000e+01 -2.7416699756e-02 4.0305787143e-02
1.2381000000e+01 -2.7182872734e-02 3.9525793384e-02
1.2382000000e+01 -2.6940787083e-02 3.8738382359e-02
1.2383000000e+01 -2.6690338053e-02 3.7943422161e-02
1.2384000000e+01 -2.6431441244e-02 3.7140785663e-02
1.2385000000e+01 -2.6164034288e-02 3.6330351457e-02
1.2386000000e+01 -2.5888078470e-02 3.5512004734e-02
1.2387000000e+01 -2.5603560245e-02 3.4685638104e-02
1.2388000000e+01 -2.5310492633e-02 3.3851152321e-02
1.2389000000e+01 -2.5008916457e-02 3.3008456925e-02
1.2390000000e+01 -2.4698901400e-02 3.2157470763e-02
1.2391000000e+01 -2.4380546859e-02 3.1298122417e-02
1.2392000000e+01 -2.4053982576e-02 3.0430350507e-02
1.2393000000e+01 -2.3719369037e-02 2.9554103909e-02
1.2394000000e+01 -2.3376897623e-02 2.8669341875e-02
1.2395000000e+01 -2.3026790520e-02 2.7776034077e-02
1.2396000000e+01 -2.2669300379e-02 2.6874160608e-02
1.2397000000e+01 -2.2304709739e-02 2.5963711933e-02
1.2398000000e+01 -2.1933330225e-02 2.5044688844e-02
1.2399000000e+01 -2.1555501523e-02 2.4117102412e-02
1.2400000000e+01 -2.1171590159e-02 2.3180973979e-02
1.2401000000e+01 -2.0781988098e-02 2.2236335187e-02
1.2402000000e+01 -2.0387111174e-02 2.1283228074e-02
1.2403000000e+01 -1.9987397376e-02 2.0321705248e-02
1.2404000000e+01 -1.9583305012e-02 1.9351830127e-02
1.2405000000e+01 -1.9175310758e-02 1.8373677275e-02
1.2406000000e+01 -1.8763907626e-02 1.7387332811e-02
1.2407000000e+01 -1.8349602849e-02 1.6392894894e-02
1.2408000000e+01 -1.7932915720e-02 1.5390474284e-02
1.2409000000e+01 -1.7514375381e-02 1.4380194953e-02
1.2410000000e+01 -1.7094518593e-02 1.3362194742e-02
1.2411000000e+01 -1.6673887480e-02 1.2336626042e-02
1.2412000000e+01 -1.6253027291e-02 1.1303656486e-02
1.2413000000e+01 -1.5832484153e-02 1.0263469624e-02
1.2414000000e+01 -1.5412802862e-02 9.2162655612e-03
1.2415000000e+01 -1.4994524696e-02 8.1622615344e-03
1.2416000000e+01 -1.4578185281e-02 7.1016924007e-03
1.2417000000e+01 -1.4164312501e-02 6.0348110127e-03
1.2418000000e+01 -1.3753424475e-02 4.9618884518e-03
1.2419000000e+01 -1.3346027605e-02 3.8832140949e-03
1.2420000000e+01 -1.2942614709e-02 2.7990954893e-03
1.2421000000e+01 -1.2543663243e-02 1.7098580115e-03
1.2422000000e+01 -1.2149633632e-02 6.1584429245e-04
1.2423000000e+01 -1.1760967720e-02 -4.8258661010e-04
1.2424000000e+01 -1.1378087354e-02 -1.5850603002e-03
1.2425000000e+01 -1.1001393117e-02 -2.6911884013e-03
1.2426000000e+01 -1.0631263225e-02 -3.8005701800e-03
1.2427000000e+01 -1.0268052612e-02 -4.9127944287e-03
1.2428000000e+01 -9.9120922076e-03 -6.0274415902e-03
1.2429000000e+01 -9.5636884316e-03 -7.1440861016e-03
1.2430000000e+01 -9.2231229096e-03 -8.2622989235e-03
1.2431000000e+01 -8.8906524241e-03 -9.3816502188e-03
1.2432000000e+01 -8.5665091019e-03 -1.0501712132e-02
1.2433000000e+01 -8.2509008381e-03 -1.1622061623e-02
1.2434000000e+01 -7.9440119502e-03 -1.2742283293e-02
1.2435000000e+01 -7.6460040504e-03 -1.3861972161e-02
1.2436000000e+01 -7.3570171185e-03 -1.4980736313e-02
1.2437000000e+01 -7.0771707514e-03 -1.6098199386e-02
1.2438000000e+01 -6.8065655605e-03 -1.7214002835e-02
1.2439000000e+01 -6.5452846856e-03 -1.8327807922e-02
1.2440000000e+01 -6.2933953880e-03 -1.9439297408e-02
1.2441000000e+01 -6.0509506862e-03 -2.0548176903e-02
1.2442000000e+01 -5.8179909968e-03 -2.1654175870e-02
1.2443000000e+01 -5.5945457432e-03 -2.2757048249e-02
1.2444000000e+01 -5.3806348999e-03 -2.3856572728e-02
1.2445000000e+01 -5.1762704428e-03 -2.4952552644e-02
1.2446000000e+01 -4.9814576810e-03 -2.6044815553e-02
1.2447000000e+01 -4.7961964542e-03 -2.7133212475e-02
1.2448000000e+01 -4.6204821831e-03 -2.8217616853e-02
1.2449000000e+01 -4.4543067707e-03 -2.9297923260e-02
1.2450000000e+01 -4.2976593555e-03 -3.0374045886e-02
1.2451000000e+01 -4.1505269253e-03 -3.1445916845e-02
1.2452000000e+01 -4.0128948057e-03 -3.2513484335e-02
1.2453000000e+01 -3.8847470393e-03 -3.3576710700e-02
1.2454000000e+01 -3.7660666763e-03 -3.4635570410e-02
1.2455000000e+01 -3.6568359983e-03 -3.5690048001e-02
1.2456000000e+01 -3.5570366964e-03 -3.6740136009e-02
1.2457000000e+01 -3.4666500276e-03 -3.7785832907e-02
1.2458000000e+01 -3.3856569675e-03 -3.8827141086e-02
1.2459000000e+01 -3.3140383813e-03 -3.9864064875e-02
1.2460000000e+01 -3.2517752260e-03 -4.0896608640e-02
1.2461000000e+01 -3.1988488002e-03 -4.1924774942e-02
1.2462000000e+01 -3.1552410493e-03 -4.2948562784e-02
1.2463000000e+01 -3.1209349325e-03 -4.3967965936e-02
1.2464000000e+01 -3.0959148539e-03 -4.4982971330e-02
1.2465000000e+01 -3.0801671534e-03 -4.5993557544e-02
1.2466000000e+01 -3.0736806526e-03 -4.6999693334e-02
1.2467000000e+01 -3.0764472418e-03 -4.8001336245e-02
1.2468000000e+01 -3.0884624941e-03 -4.8998431259e-02
1.2469000000e+01 -3.1097262860e-03 -4.9990909499e-02
1.2470000000e+01 -3.1402434041e-03 -5.0978686972e-02
1.2471000000e+01 -3.1800241105e-03 -5.1961663355e-02
1.2472000000e+01 -3.2290846444e-03 -5.2939720821e-02
1.2473000000e+01 -3.2874476301e-03 -5.3912722916e-02
1.2474000000e+01 -3.3551423686e-03 -5.4880513481e-02
1.2475000000e+01 -3.4322049857e-03 -5.5842915653e-02
1.2476000000e+01 -3.5186784162e-03 -5.6799730922e-02
1.2477000000e+01 -3.6146122028e-03 -5.7750738304e-02
1.2478000000e+01 -3.7200620947e-03 -5.8695693597e-02
1.2479000000e+01 -3.8350894334e-03 -5.9634328784e-02
1.2480000000e+01 -3.9597603165e-03 -6.0566351570e-02
1.2481000000e+01 -4.0941445380e-03 -6.1491445091e-02
1.2482000000e+01 -4.2383143055e-03 -6.2409267806e-02
1.2483000000e+01 -4.3923427427e-03 -6.3319453608e-02
1.2484000000e+01 -4.5563021902e-03 -6.4221612161e-02
1.2485000000e+01 -4.7302623239e-03 -6.5115329499e-02
1.2486000000e+01 -4.9142881180e-03 -6.6000168890e-02
1.2487000000e+01 -5.1084376830e-03 -6.6875672008e-02
1.2488000000e+01 -5.3127600170e-03 -6.7741360400e-02
1.2489000000e+01 -5.5272927150e-03 -6.8596737277e-02
1.2490000000e+01 -5.7520596804e-03 -6.9441289616e-02
1.2491000000e+01 -5.9870688922e-03 -7.0274490578e-02
1.2492000000e+01 -6.2323102768e-03 -7.1095802215e-02
1.2493000000e+01 -6.4877537370e-03 -7.1904678452e-02
1.2494000000e+01 -6.7533473873e-03 -7.2700568287e-02
1.2495000000e+01 -7.0290160391e-03 -7.3482919192e-02
1.2496000000e+01 -7.3146599744e-03 -7.4251180623e-02
1.2497000000e+01 -7.6101540396e-03 -7.5004807600e-02
1.2498000000e+01 -7.9153470788e-03 -7.5743264284e-02
1.2499000000e+01 -8.2300617196e-03 -7.6466027462e-02
1.2500000000e+01 -8.5540945097e-03 -7.7172589885e-02
1.2501000000e+01 -8.8872163944e-03 -7.7862463380e-02
1.2502000000e+01 -9.2291735134e-03 -7.8535181672e-02
1.2503000000e+01 -9.5796882845e-03 -7.9190302859e-02
1.2504000000e+01 -9.9384607367e-03 -7.9827411502e-02
1.2505000000e+01 -1.0305170044e-02 -8.0446120287e-02
1.2506000000e+01 -1.0679476212e-02 -8.1046071255e-02
1.2507000000e+01 -1.1061021861e-02 -8.1626936576e-02
1.2508000000e+01 -1.1449434053e-02 -8.2188418905e-02
1.2509000000e+01 -1.1844326116e-02 -8.2730251315e-02
1.2510000000e+01 -1.2245299416e-02 -8.3252196867e-02
1.2511000000e+01 -1.2651945025e-02 -8.3754047847e-02
1.2512000000e+01 -1.3063845282e-02 -8.4235624733e-02
1.2513000000e+01 -1.3480575182e-02 -8.4696774944e-02
1.2514000000e+01 -1.3901703613e-02 -8.5137371441e-02
1.2515000000e+01 -1.4326794413e-02 -8.5557311233e-02
1.2516000000e+01 -1.4755407253e-02 -8.5956513857e-02
1.2517000000e+01 -1.5187098363e-02 -8.6334919883e-02
1.2518000000e+01 -1.5621421108e-02 -8.6692489494e-02
1.2519000000e+01 -1.6057926445e-02 -8.7029201183e-02
1.2520000000e+01 -1.6496163274e-02 -8.7345050605e-02
1.2521000000e+01 -1.6935678734e-02 -8.7640049607e-02
1.2522000000e+01 -1.7376018449e-02 -8.7914225448e-02
1.2523000000e+01 -1.7816726782e-02 -8.8167620221e-02
1.2524000000e+01 -1.8257347096e-02 -8.8400290472e-02
1.2525000000e+01 -1.8697422077e-02 -8.8612307006e-02
1.2526000000e+01 -1.9136494119e-02 -8.8803754859e-02
1.2527000000e+01 -1.9574105803e-02 -8.8974733424e-02
1.2528000000e+01 -2.0009800476e-02 -8.9125356690e-02
1.2529000000e+01 -2.0443122938e-02 -8.9255753572e-02
1.2530000000e+01 -2.0873620239e-02 -8.9366068294e-02
1.2531000000e+01 -2.1300842582e-02 -8.9456460791e-02
1.2532000000e+01 -2.1724344321e-02 -8.9527107100e-02
1.2533000000e+01 -2.2143685047e-02 -8.9578199698e-02
1.2534000000e+01 -2.2558430740e-02 -8.9609947759e-02
1.2535000000e+01 -2.2968154965e-02 -8.9622577303e-02
1.2536000000e+01 -2.3372440106e-02 -8.9616331199e-02
1.2537000000e+01 -2.3770878607e-02 -8.9591469012e-02
1.2538000000e+01 -2.4163074205e-02 -8.9548266671e-02
1.2539000000e+01 -2.4548643134e-02 -8.9487015939e-02
1.2540000000e+01 -2.4927215299e-02 -8.9408023691e-02
1.2541000000e+01 -2.5298435396e-02 -8.9311610995e-02
1.2542000000e+01 -2.5661963971e-02 -8.9198111992e-02
1.2543000000e+01 -2.6017478422e-02 -8.9067872617e-02
1.2544000000e+01 -2.6364673938e-02 -8.8921249148e-02
1.2545000000e+01 -2.6703264363e-02 -8.8758606638e-02
1.2546000000e+01 -2.7032983009e-02 -8.8580317241e-02
1.2547000000e+01 -2.7353583405e-02 -8.8386758478e-02
1.2548000000e+01 -2.7664839980e-02 -8.8178311477e-02
1.2549000000e+01 -2.7966548694e-02 -8.7955359216e-02
1.2550000000e+01 -2.8258527617e-02 -8.7718284825e-02
1.2551000000e+01 -2.8540617434e-02 -8.7467469964e-02
1.2552000000e+01 -2.8812681897e-02 -8.7203293315e-02
1.2553000000e+01 -2.9074608202e-02 -8.6926129222e-02
1.2554000000e+01 -2.9326307286e-02 -8.6636346497e-02
1.2555000000e+01 -2.9567714040e-02 -8.6334307410e-02
1.2556000000e+01 -2.9798787421e-02 -8.6020366877e-02
1.2557000000e+01 -3.0019510452e-02 -8.5694871851e-02
1.2558000000e+01 -3.0229890108e-02 -8.5358160916e-02
1.2559000000e+01 -3.0429957076e-02 -8.5010564078e-02
1.2560000000e+01 -3.0619765374e-02 -8.4652402741e-02
1.2561000000e+01 -3.0799391846e-02 -8.4283989845e-02
1.2562000000e+01 -3.0968935506e-02 -8.3905630152e-02
1.2563000000e+01 -3.1128516759e-02 -8.3517620644e-02
1.2564000000e+01 -3.1278276480e-02 -8.3120251015e-02
1.2565000000e+01 -3.1418374980e-02 -8.2713804218e-02
1.2566000000e+01 -3.1548990854e-02 -8.2298557040e-02
1.2567000000e+01 -3.1670319733e-02 -8.1874780678e-02
1.2568000000e+01 -3.1782572943e-02 -8.1442741284e-02
1.2569000000e+01 -3.1885976101e-02 -8.1002700466e-02
1.2570000000e+01 -3.1980767650e-02 -8.0554915718e-02
1.2571000000e+01 -3.2067197356e-02 -8.0099640764e-02
1.2572000000e+01 -3.2145524782e-02 -7.9637125819e-02
1.2573000000e+01 -3.2216017748e-02 -7.9167617742e-02
1.2574000000e+01 -3.2278950803e-02 -7.8691360103e-02
1.2575000000e+01 -3.2334603702e-02 -7.8208593149e-02
1.2576000000e+01 -3.2383259925e-02 -7.7719553676e-02
1.2577000000e+01 -3.2425205221e-02 -7.7224474832e-02
1.2578000000e+01 -3.2460726198e-02 -7.6723585829e-02
1.2579000000e+01 -3.2490108971e-02 -7.6217111599e-02
1.2580000000e+01 -3.2513637855e-02 -7.5705272392e-02
1.2581000000e+01 -3.2531594123e-02 -7.5188283319e-02
1.2582000000e+01 -3.2544254825e-02 -7.4666353857e-02
1.2583000000e+01 -3.2551891671e-02 -7.4139687321e-02
1.2584000000e+01 -3.2554769976e-02 -7.3608480305e-02
1.2585000000e+01 -3.2553147681e-02 -7.3072922109e-02
1.2586000000e+01 -3.2547274441e-02 -7.2533194151e-02
1.2587000000e+01 -3.2537390781e-02 -7.1989469377e-02
1.2588000000e+01 -3.2523727329e-02 -7.1441911675e-02
1.2589000000e+01 -3.2506504130e-02 -7.0890675316e-02
1.2590000000e+01 -3.2485930020e-02 -7.0335904408e-02
1.2591000000e+01 -3.2462202083e-02 -6.9777732405e-02
1.2592000000e+01 -3.2435505175e-02 -6.9216281662e-02
1.2593000000e+01 -3.2406011513e-02 -6.8651663056e-02
1.2594000000e+01 -3.2373880317e-02 -6.8083975687e-02
1.2595000000e+01 -3.2339257509e-02 -6.7513306657e-02
1.2596000000e+01 -3.2302275446e-02 -6.6939730956e-02
1.2597000000e+01 -3.2263052680e-02 -6.6363311427e-02
1.2598000000e+01 -3.2221693747e-02 -6.5784098850e-02
1.2599000000e+01 -3.2178288949e-02 -6.5202132101e-02
1.2600000000e+01 -3.2132914152e-02 -6.4617438419e-02
1.2601000000e+01 -3.2085630563e-02 -6.4030033736e-02
1.2602000000e+01 -3.2036484504e-02 -6.3439923082e-02
1.2603000000e+01 -3.1985507174e-02 -6.2847101033e-02
1.2604000000e+01 -3.1932714393e-02 -6.2251552195e-02
1.2605000000e+01 -3.1878106349e-02 -6.1653251693e-02
1.2606000000e+01 -3.1821667338e-02 -6.1052165664e-02
1.2607000000e+01 -3.1763365521e-02 -6.0448251713e-02
1.2608000000e+01 -3.1703152710e-02 -5.9841459337e-02
1.2609000000e+01 -3.1640964181e-02 -5.9231730290e-02
1.2610000000e+01 -3.1576718556e-02 -5.8618998886e-02
1.2611000000e+01 -3.1510317740e-02 -5.8003192228e-02
1.2612000000e+01 -3.1441646957e-02 -5.7384230367e-02
1.2613000000e+01 -3.1370574872e-02 -5.6762026384e-02
1.2614000000e+01 -3.1296953825e-02 -5.6136486411e-02
1.2615000000e+01 -3.1220620184e-02 -5.5507509589e-02
1.2616000000e+01 -3.1141394820e-02 -5.4874987986e-02
1.2617000000e+01 -3.1059083702e-02 -5.4238806484e-02
1.2618000000e+01 -3.0973478616e-02 -5.3598842661e-02
1.2619000000e+01 -3.0884358009e-02 -5.2954966670e-02
1.2620000000e+01 -3.0791487935e-02 -5.2307041163e-02
1.2621000000e+01 -3.0694623110e-02 -5.1654921248e-02
1.2622000000e+01 -3.0593508063e-02 -5.0998454518e-02
1.2623000000e+01 -3.0487878372e-02 -5.0337481166e-02
1.2624000000e+01 -3.0377461976e-02 -4.9671834180e-02
1.2625000000e+01 -3.0261980559e-02 -4.9001339657e-02
1.2626000000e+01 -3.0141151004e-02 -4.8325817211e-02
1.2627000000e+01 -3.0014686906e-02 -4.7645080499e-02
1.2628000000e+01 -2.9882300150e-02 -4.6958937843e-02
1.2629000000e+01 -2.9743702556e-02 -4.6267192962e-02
1.2630000000e+01 -2.9598607580e-02 -4.5569645788e-02
1.2631000000e+01 -2.9446732094e-02 -4.4866093361e-02
1.2632000000e+01 -2.9287798222e-02 -4.4156330789e-02
1.2633000000e+01 -2.9121535245e-02 -4.3440152257e-02
1.2634000000e+01 -2.8947681570e-02 -4.2717352075e-02
1.2635000000e+01 -2.8765986747e-02 -4.1987725731e-02
1.2636000000e+01 -2.8576213526e-02 -4.1251070963e-02
1.2637000000e+01 -2.8378139943e-02 -4.0507188802e-02
1.2638000000e+01 -2.8171561401e-02 -3.9755884602e-02
1.2639000000e+01 -2.7956292737e-02 -3.8996969019e-02
1.2640000000e+01 -2.7732170233e-02 -3.8230258947e-02
1.2641000000e+01 -2.7499053551e-02 -3.7455578391e-02
1.2642000000e+01 -2.7256827558e-02 -3.6672759272e-02
1.2643000000e+01 -2.7005404010e-02 -3.5881642166e-02
1.2644000000e+01 -2.6744723071e-02 -3.5082076960e-02
1.2645000000e+01 -2.6474754637e-02 -3.4273923445e-02
1.2646000000e+01 -2.6195499457e-02 -3.3457051826e-02
1.2647000000e+01 -2.5906990015e-02 -3.2631343176e-02
1.2648000000e+01 -2.5609291193e-02 -3.1796689820e-02
1.2649000000e+01 -2.5302500684e-02 -3.0952995674e-02
1.2650000000e+01 -2.4986749179e-02 -3.0100176538e-02
1.2651000000e+01 -2.4662200325e-02 -2.9238160354e-02
1.2652000000e+01 -2.4329050469e-02 -2.8366887451e-02
1.2653000000e+01 -2.3987528196e-02 -2.7486310764e-02
1.2654000000e+01 -2.3637893692e-02 -2.6596396072e-02
1.2655000000e+01 -2.3280437935e-02 -2.5697122228e-02
1.2656000000e+01 -2.2915481736e-02 -2.4788481416e-02
1.2657000000e+01 -2.2543374640e-02 -2.3870479437e-02
1.2658000000e+01 -2.2164493710e-02 -2.2943136017e-02
1.2659000000e+01 -2.1779242191e-02 -2.2006485165e-02
1.2660000000e+01 -2.1388048070e-02 -2.1060575554e-02
1.2661000000e+01 -2.0991362528e-02 -2.0105470958e-02
1.2662000000e+01 -2.0589658287e-02 -1.9141250703e-02
1.2663000000e+01 -2.0183427859e-02 -1.8168010162e-02
1.2664000000e+01 -1.9773181677e-02 -1.7185861255e-02
1.2665000000e+01 -1.9359446120e-02 -1.6194932959e-02
1.2666000000e+01 -1.8942761421e-02 -1.5195371794e-02
1.2667000000e+01 -1.8523679449e-02 -1.4187342290e-02
1.2668000000e+01 -1.8102761390e-02 -1.3171027381e-02
1.2669000000e+01 -1.7680575294e-02 -1.2146628729e-02
1.2670000000e+01 -1.7257693537e-02 -1.1114366940e-02
1.2671000000e+01 -1.6834690170e-02 -1.0074481651e-02
1.2672000000e+01 -1.6412138216e-02 -9.0272314573e-03
1.2673000000e+01 -1.5990606904e-02 -7.9728936766e-03
1.2674000000e+01 -1.5570658894e-02 -6.9117639069e-03
1.2675000000e+01 -1.5152847518e-02 -5.8441553827e-03
1.2676000000e+01 -1.4737714086e-02 -4.7703981094e-03
1.2677000000e+01 -1.4325785285e-02 -3.6908377740e-03
1.2678000000e+01 -1.3917570735e-02 -2.6058344311e-03
1.2679000000e+01 -1.3513560730e-02 -1.5157609706e-03
1.2680000000e+01 -1.3114224215e-02 -4.2100137864e-04
1.2681000000e+01 -1.2720007030e-02 6.7805119014e-04
1.2682000000e+01 -1.2331330463e-02 1.7809965092e-03
1.2683000000e+01 -1.1948590123e-02 2.8874295168e-03
1.2684000000e+01 -1.1572155162e-02 3.9969426639e-03
1.2685000000e+01 -1.1202367845e-02 5.1091283397e-03
1.2686000000e+01 -1.0839543466e-02 6.2235813403e-03
1.2687000000e+01 -1.0483970613e-02 7.3399013419e-03
1.2688000000e+01 -1.0135911739e-02 8.4576953452e-03
1.2689000000e+01 -9.7956040322e-03 9.5765800498e-03
1.2690000000e+01 -9.4632605469e-03 1.0696184126e-02
1.2691000000e+01 -9.1390715493e-03 1.1816150346e-02
1.2692000000e+01 -8.8232060470e-03 1.2936137549e-02
1.2693000000e+01 -8.5158134526e-03 1.4055822392e-02
1.2694000000e+01 -8.2170253370e-03 1.5174900887e-02
1.2695000000e+01 -7.9269572303e-03 1.6293089663e-02
1.2696000000e+01 -7.6457104263e-03 1.7410126967e-02
1.2697000000e+01 -7.3733737527e-03 1.8525773359e-02
1.2698000000e+01 -7.1100252719e-03 1.9639812100e-02
1.2699000000e+01 -6.8557338795e-03 2.0752049218e-02
1.2700000000e+01 -6.6105607773e-03 2.1862313257e-02
1.2701000000e+01 -6.3745607985e-03 2.2970454696e-02
1.2702000000e+01 -6.1477835691e-03 2.4076345061e-02
1.2703000000e+01 -5.9302744970e-03 2.5179875732e-02
1.2704000000e+01 -5.7220755816e-03 2.6280956477e-02
1.2705000000e+01 -5.5232260445e-03 2.7379513725e-02
1.2706000000e+01 -5.3337627851e-03 2.8475488632e-02
1.2707000000e+01 -5.1537206681e-03 2.9568834948e-02
1.2708000000e+01 -4.9831326559e-03 3.0659516761e-02
1.2709000000e+01 -4.8220298013e-03 3.1747506131e-02
1.2710000000e+01 -4.6704411177e-03 3.2832780684e-02
1.2711000000e+01 -4.5283933503e-03 3.3915321190e-02
1.2712000000e+01 -4.3959106713e-03 3.4995109190e-02
1.2713000000e+01 -4.2730143245e-03 3.6072124697e-02
1.2714000000e+01 -4.1597222483e-03 3.7146344011e-02
1.2715000000e+01 -4.0560487043e-03 3.8217737683e-02
1.2716000000e+01 -3.9620039394e-03 3.9286268645e-02
1.2717000000e+01 -3.8775939088e-03 4.0351890525e-02
1.2718000000e+01 -3.8028200851e-03 4.1414546162e-02
1.2719000000e+01 -3.7376793745e-03 4.2474166306e-02
1.2720000000e+01 -3.6821641591e-03 4.3530668520e-02
1.2721000000e+01 -3.6362624782e-03 4.4583956257e-02
1.2722000000e+01 -3.5999583553e-03 4.5633918110e-02
1.2723000000e+01 -3.5732322738e-03 4.6680427201e-02
1.2724000000e+01 -3.5560617954e-03 4.7723340708e-02
1.2725000000e+01 -3.5484223109e-03 4.8762499500e-02
1.2726000000e+01 -3.5502879052e-03 4.9797727855e-02
1.2727000000e+01 -3.5616323137e-03 5.0828833259e-02
1.2728000000e+01 -3.5824299419e-03 5.1855606256e-02
1.2729000000e+01 -3.6126569141e-03 5.2877820341e-02
1.2730000000e+01 -3.6522921162e-03 5.3895231899e-02
1.2731000000e+01 -3.7013181929e-03 5.4907580161e-02
1.2732000000e+01 -3.7597224587e-03 5.5914587195e-02
1.2733000000e+01 -3.8274976844e-03 5.6915957933e-02
1.2734000000e+01 -3.9046427191e-03 5.7911380224e-02
1.2735000000e+01 -3.9911629130e-03 5.8900524935e-02
1.2736000000e+01 -4.0870703108e-03 5.9883046115e-02
1.2737000000e+01 -4.1923835895e-03 6.0858581221e-02
1.2738000000e+01 -4.3071277251e-03 6.1826751434e-02
1.2739000000e+01 -4.4313333771e-03 6.2787162089e-02
1.2740000000e+01 -4.5650359922e-03 6.3739403221e-02
1.2741000000e+01 -4.7082746357e-03 6.4683050266e-02
1.2742000000e+01 -4.8610905710e-03 6.5617664925e-02
1.2743000000e+01 -5.0235256146e-03 6.6542796204e-02
1.2744000000e+01 -5.1956203030e-03 6.7457981656e-02
1.2745000000e+01 -5.3774119155e-03 6.8362748813e-02
1.2746000000e+01 -5.5689324021e-03 6.9256616828e-02
1.2747000000e+01 -5.7702062678e-03 7.0139098309e-02
1.2748000000e+01 -5.9812484679e-03 7.1009701325e-02
1.2749000000e+01 -6.2020623682e-03 7.1867931588e-02
1.2750000000e+01 -6.4326378188e-03 7.2713294750e-02
1.2751000000e+01 -6.6729493902e-03 7.3545298804e-02
1.2752000000e+01 -6.9229548106e-03 7.4363456536e-02
1.2753000000e+01 -7.1825936364e-03 7.5167287993e-02
1.2754000000e+01 -7.4517861830e-03 7.5956322904e-02
1.2755000000e+01 -7.7304327281e-03 7.6730103029e-02
1.2756000000e+01 -8.0184129965e-03 7.7488184364e-02
1.2757000000e+01 -8.3155859233e-03 7.8230139177e-02
1.2758000000e+01 -8.6217896844e-03 7.8955557827e-02
1.2759000000e+01 -8.9368419771e-03 7.9664050334e-02
1.2760000000e+01 -9.2605405261e-03 8.0355247669e-02
1.2761000000e+01 -9.5926637882e-03 8.1028802747e-02
1.2762000000e+01 -9.9329718204e-03 8.1684391117e-02
1.2763000000e+01 -1.0281207282e-02 8.2321711340e-02
1.2764000000e+01 -1.0637096531e-02 8.2940485063e-02
1.2765000000e+01 -1.1000350786e-02 8.3540456811e-02
1.2766000000e+01 -1.1370667322e-02 8.4121393513e-02
1.2767000000e+01 -1.1747730659e-02 8.4683083798e-02
1.2768000000e+01 -1.2131213735e-02 8.5225337102e-02
1.2769000000e+01 -1.2520779018e-02 8.5747982619e-02
1.2770000000e+01 -1.2916079561e-02 8.6250868149e-02
1.2771000000e+01 -1.3316759953e-02 8.6733858893e-02
1.2772000000e+01 -1.3722457178e-02 8.7196836235e-02
1.2773000000e+01 -1.4132801359e-02 8.7639696563e-02
1.2774000000e+01 -1.4547416379e-02 8.8062350169e-02
1.2775000000e+01 -1.4965920377e-02 8.8464720270e-02
1.2776000000e+01 -1.5387926123e-02 8.8846742171e-02
1.2777000000e+01 -1.5813041270e-02 8.9208362608e-02
1.2778000000e+01 -1.6240868491e-02 8.9549539279e-02
1.2779000000e+01 -1.6671005508e-02 8.9870240575e-02
1.2780000000e+01 -1.7103045038e-02 9.0170445504e-02
1.2781000000e+01 -1.7536574663e-02 9.0450143817e-02
1.2782000000e+01 -1.7971176645e-02 9.0709336307e-02
1.2783000000e+01 -1.8406427717e-02 9.0948035261e-02
1.2784000000e+01 -1.8841898874e-02 9.1166265054e-02
1.2785000000e+01 -1.9277155189e-02 9.1364062838e-02
1.2786000000e+01 -1.9711755686e-02 9.1541479308e-02
1.2787000000e+01 -2.0145253307e-02 9.1698579499e-02
1.2788000000e+01 -2.0577194991e-02 9.1835443595e-02
1.2789000000e+01 -2.1007121911e-02 9.1952167704e-02
1.2790000000e+01 -2.1434569888e-02 9.2048864573e-02
1.2791000000e+01 -2.1859070005e-02 9.2125664222e-02
1.2792000000e+01 -2.2280149450e-02 9.2182714454e-02
1.2793000000e+01 -2.2697332602e-02 9.2220181240e-02
1.2794000000e+01 -2.3110142357e-02 9.2238248942e-02
1.2795000000e+01 -2.3518101718e-02 9.2237120381e-02
1.2796000000e+01 -2.3920735620e-02 9.2217016718e-02
1.2797000000e+01 -2.4317572986e-02 9.2178177168e-02
1.2798000000e+01 -2.4708148989e-02 9.2120858522e-02
1.2799000000e+01 -2.5092007480e-02 9.2045334503e-02
1.2800000000e+01 -2.5468703550e-02 9.1951894951e-02
1.2801000000e+01 -2.5837806175e-02 9.1840844857e-02
1.2802000000e+01 -2.6198900887e-02 9.1712503252e-02
1.2803000000e+01 -2.6551592429e-02 9.1567201982e-02
1.2804000000e+01 -2.6895507330e-02 9.1405284386e-02
1.2805000000e+01 -2.7230296349e-02 9.1227103900e-02
1.2806000000e+01 -2.7555636739e-02 9.1033022613e-02
1.2807000000e+01 -2.7871234289e-02 9.0823409811e-02
1.2808000000e+01 -2.8176825100e-02 9.0598640525e-02
1.2809000000e+01 -2.8472177071e-02 9.0359094121e-02
1.2810000000e+01 -2.8757091067e-02 9.0105152950e-02
1.2811000000e+01 -2.9031401765e-02 8.9837201086e-02
1.2812000000e+01 -2.9294978151e-02 8.9555623178e-02
1.2813000000e+01 -2.9547723700e-02 8.9260803417e-02
1.2814000000e+01 -2.9789576213e-02 8.8953124649e-02
1.2815000000e+01 -3.0020507352e-02 8.8632967628e-02
1.2816000000e+01 -3.0240521872e-02 8.8300710410e-02
1.2817000000e+01 -3.0449656587e-02 8.7956727902e-02
1.2818000000e+01 -3.0647979074e-02 8.7601391533e-02
1.2819000000e+01 -3.0835586169e-02 8.7235069046e-02
1.2820000000e+01 -3.1012602250e-02 8.6858124404e-02
1.2821000000e+01 -3.1179177367e-02 8.6470917769e-02
1.2822000000e+01 -3.1335485219e-02 8.6073805548e-02
1.2823000000e+01 -3.1481721033e-02 8.5667140477e-02
1.2824000000e+01 -3.1618099350e-02 8.5251271717e-02
1.2825000000e+01 -3.1744851767e-02 8.4826544947e-02
1.2826000000e+01 -3.1862224651e-02 8.4393302423e-02
1.2827000000e+01 -3.1970476858e-02 8.3951882984e-02
1.2828000000e+01 -3.2069877484e-02 8.3502621993e-02
1.2829000000e+01 -3.2160703673e-02 8.3045851191e-02
1.2830000000e+01 -3.2243238511e-02 8.2581898453e-02
1.2831000000e+01 -3.2317769022e-02 8.2111087435e-02
1.2832000000e+01 -3.2384584289e-02 8.1633737113e-02
1.2833000000e+01 -3.2443973718e-02 8.1150161192e-02
1.2834000000e+01 -3.2496225460e-02 8.0660667410e-02
1.2835000000e+01 -3.2541624994e-02 8.0165556723e-02
1.2836000000e+01 -3.2580453884e-02 7.9665122380e-02
1.2837000000e+01 -3.2612988711e-02 7.9159648913e-02
1.2838000000e+01 -3.2639500178e-02 7.8649411040e-02
1.2839000000e+01 -3.2660252378e-02 7.8134672512e-02
1.2840000000e+01 -3.2675502225e-02 7.7615684914e-02
1.2841000000e+01 -3.2685499029e-02 7.7092686467e-02
1.2842000000e+01 -3.2690484203e-02 7.6565900828e-02
1.2843000000e+01 -3.2690691074e-02 7.6035535942e-02
1.2844000000e+01 -3.2686344794e-02 7.5501782966e-02
1.2845000000e+01 -3.2677662311e-02 7.4964815286e-02
1.2846000000e+01 -3.2664852380e-02 7.4424787678e-02
1.2847000000e+01 -3.2648115598e-02 7.3881835610e-02
1.2848000000e+01 -3.2627644421e-02 7.3336074743e-02
1.2849000000e+01 -3.2603623154e-02 7.2787600613e-02
1.2850000000e+01 -3.2576227883e-02 7.2236488544e-02
1.2851000000e+01 -3.2545626335e-02 7.1682793783e-02
1.2852000000e+01 -3.2511977652e-02 7.1126551860e-02
1.2853000000e+01 -3.2475432063e-02 7.0567779183e-02
1.2854000000e+01 -3.2436130461e-02 7.0006473851e-02
1.2855000000e+01 -3.2394203880e-02 6.9442616673e-02
1.2856000000e+01 -3.2349772885e-02 6.8876172369e-02
1.2857000000e+01 -3.2302946879e-02 6.8307090939e-02
1.2858000000e+01 -3.2253823367e-02 6.7735309150e-02
1.2859000000e+01 -3.2202487176e-02 6.7160752128e-02
1.2860000000e+01 -3.2149009672e-02 6.6583335004e-02
1.2861000000e+01 -3.2093448003e-02 6.6002964583e-02
1.2862000000e+01 -3.2035844382e-02 6.5419541001e-02
1.2863000000e+01 -3.1976225460e-02 6.4832959321e-02
1.2864000000e+01 -3.1914601786e-02 6.4243111056e-02
1.2865000000e+01 -3.1850967399e-02 6.3649885562e-02
1.2866000000e+01 -3.1785299563e-02 6.3053171300e-02
1.2867000000e+01 -3.1717558644e-02 6.2452856929e-02
1.2868000000e+01 -3.1647688164e-02 6.1848832215e-02
1.2869000000e+01 -3.1575614998e-02 6.1240988758e-02
1.2870000000e+01 -3.1501249749e-02 6.0629220519e-02
1.2871000000e+01 -3.1424487264e-02 6.0013424153e-02
1.2872000000e+01 -3.1345207283e-02 5.9393499157e-02
1.2873000000e+01 -3.1263275221e-02 5.8769347838e-02
1.2874000000e+01 -3.1178543035e-02 5.8140875127e-02
1.2875000000e+01 -3.1090850183e-02 5.7507988245e-02
1.2876000000e+01 -3.1000024621e-02 5.6870596255e-02
1.2877000000e+01 -3.0905883847e-02 5.6228609516e-02
1.2878000000e+01 -3.0808235949e-02 5.5581939071e-02
1.2879000000e+01 -3.0706880647e-02 5.4930495985e-02
1.2880000000e+01 -3.0601610313e-02 5.4274190676e-02
1.2881000000e+01 -3.0492210972e-02 5.3612932237e-02
1.2882000000e+01 -3.0378463249e-02 5.2946627802e-02
1.2883000000e+01 -3.0260143299e-02 5.2275181950e-02
1.2884000000e+01 -3.0137023695e-02 5.1598496183e-02
1.2885000000e+01 -3.0008874292e-02 5.0916468476e-02
1.2886000000e+01 -2.9875463077e-02 5.0228992931e-02
1.2887000000e+01 -2.9736557024e-02 4.9535959527e-02
1.2888000000e+01 -2.9591922950e-02 4.8837253975e-02
1.2889000000e+01 -2.9441328407e-02 4.8132757691e-02
1.2890000000e+01 -2.9284542607e-02 4.7422347868e-02
1.2891000000e+01 -2.9121337409e-02 4.6705897673e-02
1.2892000000e+01 -2.8951488365e-02 4.5983276537e-02
1.2893000000e+01 -2.8774775844e-02 4.5254350553e-02
1.2894000000e+01 -2.8590986241e-02 4.4518982975e-02
1.2895000000e+01 -2.8399913276e-02 4.3777034806e-02
1.2896000000e+01 -2.8201359374e-02 4.3028365466e-02
1.2897000000e+01 -2.7995137140e-02 4.2272833542e-02
1.2898000000e+01 -2.7781070916e-02 4.1510297607e-02
1.2899000000e+01 -2.7558998403e-02 4.0740617092e-02
1.2900000000e+01 -2.7328772346e-02 3.9963653197e-02
1.2901000000e+01 -2.7090262248e-02 3.9179269844e-02
1.2902000000e+01 -2.6843356115e-02 3.8387334626e-02
1.2903000000e+01 -2.6587962175e-02 3.7587719764e-02
1.2904000000e+01 -2.6324010575e-02 3.6780303030e-02
1.2905000000e+01 -2.6051455000e-02 3.5964968627e-02
1.2906000000e+01 -2.5770274207e-02 3.5141608015e-02
1.2907000000e+01 -2.5480473425e-02 3.4310120646e-02
1.2908000000e+01 -2.5182085609e-02 3.3470414617e-02
1.2909000000e+01 -2.4875172513e-02 3.2622407219e-02
1.2910000000e+01 -2.4559825570e-02 3.1766025378e-02
1.2911000000e+01 -2.4236166544e-02 3.0901205993e-02
1.2912000000e+01 -2.3904347967e-02 3.0027896172e-02
1.2913000000e+01 -2.3564553327e-02 2.9146053381e-02
1.2914000000e+01 -2.3216997020e-02 2.8255645508e-02
1.2915000000e+01 -2.2861924063e-02 2.7356650883e-02
1.2916000000e+01 -2.2499609567e-02 2.6449058246e-02
1.2917000000e+01 -2.2130357989e-02 2.5532866707e-02
1.2918000000e+01 -2.1754502170e-02 2.4608085710e-02
1.2919000000e+01 -2.1372402171e-02 2.3674735020e-02
1.2920000000e+01 -2.0984443924e-02 2.2732844752e-02
1.2921000000e+01 -2.0591037722e-02 2.1782455468e-02
1.2922000000e+01 -2.0192616558e-02 2.0823618328e-02
1.2923000000e+01 -1.9789634326e-02 1.9856395336e-02
1.2924000000e+01 -1.9382563919e-02 1.8880859656e-02
1.2925000000e+01 -1.8971895220e-02 1.7897096010e-02
1.2926000000e+01 -1.8558133018e-02 1.6905201157e-02
1.2927000000e+01 -1.8141794855e-02 1.5905284435e-02
1.2928000000e+01 -1.7723408820e-02 1.4897468363e-02
1.2929000000e+01 -1.7303511315e-02 1.3881889284e-02
1.2930000000e+01 -1.6882644787e-02 1.2858698036e-02
1.2931000000e+01 -1.6461355459e-02 1.1828060624e-02
1.2932000000e+01 -1.6040191060e-02 1.0790158889e-02
1.2933000000e+01 -1.5619698574e-02 9.7451911264e-03
1.2934000000e+01 -1.5200422013e-02 8.6933726527e-03
1.2935000000e+01 -1.4782900235e-02 7.6349362831e-03
1.2936000000e+01 -1.4367664803e-02 6.5701326968e-03
1.2937000000e+01 -1.3955237921e-02 5.4992306653e-03
1.2938000000e+01 -1.3546130429e-02 4.4225171175e-03
1.2939000000e+01 -1.3140839888e-02 3.3402970194e-03
1.2940000000e+01 -1.2739848761e-02 2.2528930441e-03
1.2941000000e+01 -1.2343622707e-02 1.1606450140e-03
1.2942000000e+01 -1.1952608984e-02 6.3909100583e-05
1.2943000000e+01 -1.1567235004e-02 -1.0369432322e-03
1.2944000000e+01 -1.1187907027e-02 -2.1415265437e-03
1.2945000000e+01 -1.0815009027e-02 -3.2494429935e-03
1.2946000000e+01 -1.0448901741e-02 -4.3602841715e-03
1.2947000000e+01 -1.0089921912e-02 -5.4736331668e-03
1.2948000000e+01 -9.7383817454e-03 -6.5890668536e-03
1.2949000000e+01 -9.3945685888e-03 -7.7061583653e-03
1.2950000000e+01 -9.0587448421e-03 -8.8244797193e-03
1.2951000000e+01 -8.7311481037e-03 -9.9436045511e-03
1.2952000000e+01 -8.4119915530e-03 -1.1063110908e-02
1.2953000000e+01 -8.1014645644e-03 -1.2182584049e-02
1.2954000000e+01 -7.7997335413e-03 -1.3301619204e-02
1.2955000000e+01 -7.5069429541e-03 -1.4419824218e-02
1.2956000000e+01 -7.2232165610e-03 -1.5536822054e-02
1.2957000000e+01 -6.9486587830e-03 -1.6652253074e-02
1.2958000000e+01 -6.6833562043e-03 -1.7765777072e-02
1.2959000000e+01 -6.4273791604e-03 -1.8877075014e-02
1.2960000000e+01 -6.1807833797e-03 -1.9985850445e-02
1.2961000000e+01 -5.9436116390e-03 -2.1091830559e-02
1.2962000000e+01 -5.7158953973e-03 -2.2194766895e-02
1.2963000000e+01 -5.4976563721e-03 -2.3294435684e-02
1.2964000000e+01 -5.2889080293e-03 -2.4390637820e-02
1.2965000000e+01 -5.0896569580e-03 -2.5483198507e-02
1.2966000000e+01 -4.8999041132e-03 -2.6571966571e-02
1.2967000000e+01 -4.7196459119e-03 -2.7656813485e-02
1.2968000000e+01 -4.5488751754e-03 -2.8737632138e-02
1.2969000000e+01 -4.3875819201e-03 -2.9814335369e-02
1.2970000000e+01 -4.2357540017e-03 -3.0886854324e-02
1.2971000000e+01 -4.0933776263e-03 -3.1955136660e-02
1.2972000000e+01 -3.9604377434e-03 -3.3019144632e-02
1.2973000000e+01 -3.8369183424e-03 -3.4078853105e-02
1.2974000000e+01 -3.7228026736e-03 -3.5134247512e-02
1.2975000000e+01 -3.6180734174e-03 -3.6185321805e-02
1.2976000000e+01 -3.5227128249e-03 -3.7232076398e-02
1.2977000000e+01 -3.4367028520e-03 -3.8274516147e-02
1.2978000000e+01 -3.3600253082e-03 -3.9312648376e-02
1.2979000000e+01 -3.2926620368e-03 -4.0346480955e-02
1.2980000000e+01 -3.2345951436e-03 -4.1376020456e-02
1.2981000000e+01 -3.1858072832e-03 -4.2401270377e-02
1.2982000000e+01 -3.1462820121e-03 -4.3422229443e-02
1.2983000000e+01 -3.1160042104e-03 -4.4438889986e-02
1.2984000000e+01 -3.0949605705e-03 -4.5451236386e-02
1.2985000000e+01 -3.0831401474e-03 -4.6459243592e-02
1.2986000000e+01 -3.0805349580e-03 -4.7462875682e-02
1.2987000000e+01 -3.0871406151e-03 -4.8462084489e-02
1.2988000000e+01 -3.1029569770e-03 -4.9456808263e-02
1.2989000000e+01 -3.1279887887e-03 -5.0446970375e-02
1.2990000000e+01 -3.1622462908e-03 -5.1432478064e-02
1.2991000000e+01 -3.2057457692e-03 -5.2413221214e-02
1.2992000000e+01 -3.2585100180e-03 -5.3389071187e-02
1.2993000000e+01 -3.3205686878e-03 -5.4359879702e-02
1.2994000000e+01 -3.3919584954e-03 -5.5325477771e-02
1.2995000000e+01 -3.4727232700e-03 -5.6285674721e-02
1.2996000000e+01 -3.5629138145e-03 -5.7240257297e-02
1.2997000000e+01 -3.6625875662e-03 -5.8188988875e-02
1.2998000000e+01 -3.7718080417e-03 -5.9131608801e-02
1.2999000000e+01 -3.8906440587e-03 -6.0067831878e-02
1.3000000000e+01 -4.0191687281e-03 -6.0997348012e-02
1.3001000000e+01 -4.1574582201e-03 -6.1919822054e-02
1.3002000000e+01 -4.3055903090e-03 -6.2834893844e-02
1.3003000000e+01 -4.4636427093e-03 -6.3742178499e-02
1.3004000000e+01 -4.6316912220e-03 -6.4641266942e-02
1.3005000000e+01 -4.8098077150e-03 -6.5531726710e-02
1.3006000000e+01 -4.9980579690e-03 -6.6413103061e-02
1.3007000000e+01 -5.1964994246e-03 -6.7284920375e-02
1.3008000000e+01 -5.4051788726e-03 -6.8146683878e-02
1.3009000000e+01 -5.6241301341e-03 -6.8997881681e-02
1.3010000000e+01 -5.8533717786e-03 -6.9837987132e-02
1.3011000000e+01 -6.0929049324e-03 -7.0666461467e-02
1.3012000000e+01 -6.3427112273e-03 -7.1482756728e-02
1.3013000000e+01 -6.6027509401e-03 -7.2286318932e-02
1.3014000000e+01 -6.8729613673e-03 -7.3076591421e-02
1.3015000000e+01 -7.1532554765e-03 -7.3853018367e-02
1.3016000000e+01 -7.4435208663e-03 -7.4615048340e-02
1.3017000000e+01 -7.7436190601e-03 -7.5362137902e-02
1.3018000000e+01 -8.0533851467e-03 -7.6093755128e-02
1.3019000000e+01 -8.3726277739e-03 -7.6809382997e-02
1.3020000000e+01 -8.7011294855e-03 -7.7508522578e-02
1.3021000000e+01 -9.0386473871e-03 -7.8190695950e-02
1.3022000000e+01 -9.3849141112e-03 -7.8855448779e-02
1.3023000000e+01 -9.7396390472e-03 -7.9502352536e-02
1.3024000000e+01 -1.0102509792e-02 -8.0131006293e-02
1.3025000000e+01 -1.0473193776e-02 -8.0741038080e-02
1.3026000000e+01 -1.0851340003e-02 -8.1332105814e-02
1.3027000000e+01 -1.1236580870e-02 -8.1903897781e-02
1.3028000000e+01 -1.1628533997e-02 -8.2456132705e-02
1.3029000000e+01 -1.2026804026e-02 -8.2988559436e-02
1.3030000000e+01 -1.2430984351e-02 -8.3500956298e-02
1.3031000000e+01 -1.2840658736e-02 -8.3993130148e-02
1.3032000000e+01 -1.3255402800e-02 -8.4464915202e-02
1.3033000000e+01 -1.3674785335e-02 -8.4916171697e-02
1.3034000000e+01 -1.4098369469e-02 -8.5346784437e-02
1.3035000000e+01 -1.4525713647e-02 -8.5756661304e-02
1.3036000000e+01 -1.4956372456e-02 -8.6145731766e-02
1.3037000000e+01 -1.5389897292e-02 -8.6513945456e-02
1.3038000000e+01 -1.5825836895e-02 -8.6861270854e-02
1.3039000000e+01 -1.6263737777e-02 -8.7187694111e-02
1.3040000000e+01 -1.6703144565e-02 -8.7493218043e-02
1.3041000000e+01 -1.7143600294e-02 -8.7777861310e-02
1.3042000000e+01 -1.7584646672e-02 -8.8041657797e-02
1.3043000000e+01 -1.8025824359e-02 -8.8284656183e-02
1.3044000000e+01 -1.8466673267e-02 -8.8506919704e-02
1.3045000000e+01 -1.8906732931e-02 -8.8708526085e-02
1.3046000000e+01 -1.9345542942e-02 -8.8889567621e-02
1.3047000000e+01 -1.9782643486e-02 -8.9050151386e-02
1.3048000000e+01 -2.0217575969e-02 -8.9190399529e-02
1.3049000000e+01 -2.0649883764e-02 -8.9310449644e-02
1.3050000000e+01 -2.1079113052e-02 -8.9410455151e-02
1.3051000000e+01 -2.1504813764e-02 -8.9490585685e-02
1.3052000000e+01 -2.1926540618e-02 -8.9551027434e-02
1.3053000000e+01 -2.2343854228e-02 -8.9591983415e-02
1.3054000000e+01 -2.2756322269e-02 -8.9613673634e-02
1.3055000000e+01 -2.3163520695e-02 -8.9616335128e-02
1.3056000000e+01 -2.3565034965e-02 -8.9600221851e-02
1.3057000000e+01 -2.3960461290e-02 -8.9565604380e-02
1.3058000000e+01 -2.4349407854e-02 -8.9512769447e-02
1.3059000000e+01 -2.4731496023e-02 -8.9442019272e-02
1.3060000000e+01 -2.5106361501e-02 -8.9353670696e-02
1.3061000000e+01 -2.5473655452e-02 -8.9248054140e-02
1.3062000000e+01 -2.5833045556e-02 -8.9125512365e-02
1.3063000000e+01 -2.6184217016e-02 -8.8986399091e-02
1.3064000000e+01 -2.6526873497e-02 -8.8831077473e-02
1.3065000000e+01 -2.6860738009e-02 -8.8659918464e-02
1.3066000000e+01 -2.7185553727e-02 -8.8473299118e-02
1.3067000000e+01 -2.7501084752e-02 -8.8271600841e-02
1.3068000000e+01 -2.7807116814e-02 -8.8055207647e-02
1.3069000000e+01 -2.8103457908e-02 -8.7824504451e-02
1.3070000000e+01 -2.8389938874e-02 -8.7579875420e-02
1.3071000000e+01 -2.8666413902e-02 -8.7321702442e-02
1.3072000000e+01 -2.8932760967e-02 -8.7050363716e-02
1.3073000000e+01 -2.9188882172e-02 -8.6766232499e-02
1.3074000000e+01 -2.9434704013e-02 -8.6469676035e-02
1.3075000000e+01 -2.9670177519e-02 -8.6161054667e-02
1.3076000000e+01 -2.9895278301e-02 -8.5840721153e-02
1.3077000000e+01 -3.0110006456e-02 -8.5509020174e-02
1.3078000000e+01 -3.0314386351e-02 -8.5166288047e-02
1.3079000000e+01 -3.0508466267e-02 -8.4812852617e-02
1.3080000000e+01 -3.0692317891e-02 -8.4449033322e-02
1.3081000000e+01 -3.0866035671e-02 -8.4075141403e-02
1.3082000000e+01 -3.1029736027e-02 -8.3691480248e-02
1.3083000000e+01 -3.1183556423e-02 -8.3298345826e-02
1.3084000000e+01 -3.1327654307e-02 -8.2896027192e-02
1.3085000000e+01 -3.1462205937e-02 -8.2484807033e-02
1.3086000000e+01 -3.1587405096e-02 -8.2064962219e-02
1.3087000000e+01 -3.1703461715e-02 -8.1636764343e-02
1.3088000000e+01 -3.1810600427e-02 -8.1200480217e-02
1.3089000000e+01 -3.1909059055e-02 -8.0756372305e-02
1.3090000000e+01 -3.1999087066e-02 -8.0304699084e-02
1.3091000000e+01 -3.2080943992e-02 -7.9845715317e-02
1.3092000000e+01 -3.2154897855e-02 -7.9379672226e-02
1.3093000000e+01 -3.2221223588e-02 -7.8906817577e-02
1.3094000000e+01 -3.2280201487e-02 -7.8427395665e-02
1.3095000000e+01 -3.2332115690e-02 -7.7941647209e-02
1.3096000000e+01 -3.2377252700e-02 -7.7449809157e-02
1.3097000000e+01 -3.2415899963e-02 -7.6952114428e-02
1.3098000000e+01 -3.2448344503e-02 -7.6448791567e-02
1.3099000000e+01 -3.2474871614e-02 -7.5940064352e-02
1.3100000000e+01 -3.2495763627e-02 -7.5426151345e-02
1.3101000000e+01 -3.2511298738e-02 -7.4907265403e-02
1.3102000000e+01 -3.2521749910e-02 -7.4383613145e-02
1.3103000000e+01 -3.2527383837e-02 -7.3855394401e-02
1.3104000000e+01 -3.2528459991e-02 -7.3322801632e-02
1.3105000000e+01 -3.2525229732e-02 -7.2786019346e-02
1.3106000000e+01 -3.2517935485e-02 -7.2245223503e-02
1.3107000000e+01 -3.2506810001e-02 -7.1700580929e-02
1.3108000000e+01 -3.2492075674e-02 -7.1152248744e-02
1.3109000000e+01 -3.2473943941e-02 -7.0600373820e-02
1.3110000000e+01 -3.2452614737e-02 -7.0045092277e-02
1.3111000000e+01 -3.2428276024e-02 -6.9486529025e-02
1.3112000000e+01 -3.2401103371e-02 -6.8924797375e-02
1.3113000000e+01 -3.2371259593e-02 -6.8359998722e-02
1.3114000000e+01 -3.2338894428e-02 -6.7792222317e-02
1.3115000000e+01 -3.2304144257e-02 -6.7221545120e-02
1.3116000000e+01 -3.2267131845e-02 -6.6648031763e-02
1.3117000000e+01 -3.2227966099e-02 -6.6071734605e-02
1.3118000000e+01 -3.2186741836e-02 -6.5492693886e-02
1.3119000000e+01 -3.2143539547e-02 -6.4910937974e-02
1.3120000000e+01 -3.2098425155e-02 -6.4326483696e-02
1.3121000000e+01 -3.2051449765e-02 -6.3739336733e-02
1.3122000000e+01 -3.2002649395e-02 -6.3149492080e-02
1.3123000000e+01 -3.1952044708e-02 -6.2556934536e-02
1.3124000000e+01 -3.1899640726e-02 -6.1961639215e-02
1.3125000000e+01 -3.1845426554e-02 -6.1363572059e-02
1.3126000000e+01 -3.1789375117e-02 -6.0762690331e-02
1.3127000000e+01 -3.1731442915e-02 -6.0158943071e-02
1.3128000000e+01 -3.1671569824e-02 -5.9552271508e-02
1.3129000000e+01 -3.1609678947e-02 -5.8942609402e-02
1.3130000000e+01 -3.1545676531e-02 -5.8329883326e-02
1.3131000000e+01 -3.1479451977e-02 -5.7714012870e-02
1.3132000000e+01 -3.1410877931e-02 -5.7094910770e-02
1.3133000000e+01 -3.1339810499e-02 -5.6472482973e-02
1.3134000000e+01 -3.1266089568e-02 -5.5846628634e-02
1.3135000000e+01 -3.1189539256e-02 -5.5217240070e-02
1.3136000000e+01 -3.1109968480e-02 -5.4584202671e-02
1.3137000000e+01 -3.1027171656e-02 -5.3947394800e-02
1.3138000000e+01 -3.0940929515e-02 -5.3306687682e-02
1.3139000000e+01 -3.0851010036e-02 -5.2661945322e-02
1.3140000000e+01 -3.0757169482e-02 -5.2013024454e-02
1.3141000000e+01 -3.0659153542e-02 -5.1359774550e-02
1.3142000000e+01 -3.0556698551e-02 -5.0702037895e-02
1.3143000000e+01 -3.0449532795e-02 -5.0039649750e-02
1.3144000000e+01 -3.0337377889e-02 -4.9372438615e-02
1.3145000000e+01 -3.0219950217e-02 -4.8700226586e-02
1.3146000000e+01 -3.0096962439e-02 -4.8022829821e-02
1.3147000000e+01 -2.9968125052e-02 -4.7340059110e-02
1.3148000000e+01 -2.9833148022e-02 -4.6651720540e-02
1.3149000000e+01 -2.9691742463e-02 -4.5957616258e-02
1.3150000000e+01 -2.9543622394e-02 -4.5257545312e-02
1.3151000000e+01 -2.9388506546e-02 -4.4551304555e-02
1.3152000000e+01 -2.9226120245e-02 -4.3838689616e-02
1.3153000000e+01 -2.9056197343e-02 -4.3119495901e-02
1.3154000000e+01 -2.8878482208e-02 -4.2393519619e-02
1.3155000000e+01 -2.8692731760e-02 -4.1660558829e-02
1.3156000000e+01 -2.8498717530e-02 -4.0920414461e-02
1.3157000000e+01 -2.8296227731e-02 -4.0172891342e-02
1.3158000000e+01 -2.8085069321e-02 -3.9417799168e-02
1.3159000000e+01 -2.7865070019e-02 -3.8654953448e-02
1.3160000000e+01 -2.7636080266e-02 -3.7884176389e-02
1.3161000000e+01 -2.7397975080e-02 -3.7105297716e-02
1.3162000000e+01 -2.7150655791e-02 -3.6318155436e-02
1.3163000000e+01 -2.6894051621e-02 -3.5522596521e-02
1.3164000000e+01 -2.6628121088e-02 -3.4718477530e-02
1.3165000000e+01 -2.6352853206e-02 -3.3905665153e-02
1.3166000000e+01 -2.6068268469e-02 -3.3084036696e-02
1.3167000000e+01 -2.5774419613e-02 -3.2253480500e-02
1.3168000000e+01 -2.5471392135e-02 -3.1413896313e-02
1.3169000000e+01 -2.5159304584e-02 -3.0565195606e-02
1.3170000000e+01 -2.4838308625e-02 -2.9707301868e-02
1.3171000000e+01 -2.4508588874e-02 -2.8840150863e-02
1.3172000000e+01 -2.4170362539e-02 -2.7963690878e-02
1.3173000000e+01 -2.3823878854e-02 -2.7077882963e-02
1.3174000000e+01 -2.3469418349e-02 -2.6182701180e-02
1.3175000000e+01 -2.3107291946e-02 -2.5278132862e-02
1.3176000000e+01 -2.2737839918e-02 -2.4364178889e-02
1.3177000000e+01 -2.2361430708e-02 -2.3440854004e-02
1.3178000000e+01 -2.1978459630e-02 -2.2508187147e-02
1.3179000000e+01 -2.1589347444e-02 -2.1566221834e-02
1.3180000000e+01 -2.1194538834e-02 -2.0615016567e-02
1.3181000000e+01 -2.0794500761e-02 -1.9654645277e-02
1.3182000000e+01 -2.0389720727e-02 -1.8685197793e-02
1.3183000000e+01 -1.9980704909e-02 -1.7706780331e-02
1.3184000000e+01 -1.9567976194e-02 -1.6719515987e-02
1.3185000000e+01 -1.9152072097e-02 -1.5723545221e-02
1.3186000000e+01 -1.8733542556e-02 -1.4719026308e-02
1.3187000000e+01 -1.8312947619e-02 -1.3706135753e-02
1.3188000000e+01 -1.7890855017e-02 -1.2685068619e-02
1.3189000000e+01 -1.7467837632e-02 -1.1656038772e-02
1.3190000000e+01 -1.7044470870e-02 -1.0619279000e-02
1.3191000000e+01 -1.6621329964e-02 -9.5750409962e-03
1.3192000000e+01 -1.6198987224e-02 -8.5235951718e-03
1.3193000000e+01 -1.5778009263e-02 -7.4652302909e-03
1.3194000000e+01 -1.5358954233e-02 -6.4002529048e-03
1.3195000000e+01 -1.4942369111e-02 -5.3289865768e-03
1.3196000000e+01 -1.4528787073e-02 -4.2517708887e-03
1.3197000000e+01 -1.4118725004e-02 -3.1689602292e-03
1.3198000000e+01 -1.3712681175e-02 -2.0809223658e-03
1.3199000000e+01 -1.3311133148e-02 -9.8803680986e-04
1.3200000000e+01 -1.2914535933e-02 1.0930701052e-04
1.3201000000e+01 -1.2523320426e-02 1.2107117519e-03
1.3202000000e+01 -1.2137892179e-02 2.3157743065e-03
1.3203000000e+01 -1.1758630485e-02 3.4240880756e-03
1.3204000000e+01 -1.1385887826e-02 4.5352453352e-03
1.3205000000e+01 -1.1019989658e-02 5.6488396602e-03
1.3206000000e+01 -1.0661234536e-02 6.7644683725e-03
1.3207000000e+01 -1.0309894567e-02 7.8817349770e-03
1.3208000000e+01 -9.9662161610e-03 9.0002515505e-03
1.3209000000e+01 -9.6304210512e-03 1.0119641046e-02
1.3210000000e+01 -9.3027075536e-03 1.1239539480e-02
1.3211000000e+01 -8.9832520164e-03 1.2359597965e-02
1.3212000000e+01 -8.6722104251e-03 1.3479484561e-02
1.3213000000e+01 -8.3697201147e-03 1.4598885916e-02
1.3214000000e+01 -8.0759015476e-03 1.5717508657e-02
1.3215000000e+01 -7.7908601135e-03 1.6835080533e-02
1.3216000000e+01 -7.5146879117e-03 1.7951351257e-02
1.3217000000e+01 -7.2474654791e-03 1.9066093060e-02
1.3218000000e+01 -6.9892634314e-03 2.0179100926e-02
1.3219000000e+01 -6.7401439889e-03 2.1290192508e-02
1.3220000000e+01 -6.5001623658e-03 2.2399207725e-02
1.3221000000e+01 -6.2693680029e-03 2.3506008041e-02
1.3222000000e+01 -6.0478056329e-03 2.4610475435e-02
1.3223000000e+01 -5.8355161713e-03 2.5712511086e-02
1.3224000000e+01 -5.6325374276e-03 2.6812033792e-02
1.3225000000e+01 -5.4389046425e-03 2.7908978149e-02
1.3226000000e+01 -5.2546508548e-03 2.9003292531e-02
1.3227000000e+01 -5.0798071093e-03 3.0094936911e-02
1.3228000000e+01 -4.9144025197e-03 3.1183880557e-02
1.3229000000e+01 -4.7584642040e-03 3.2270099659e-02
1.3230000000e+01 -4.6120171127e-03 3.3353574922e-02
1.3231000000e+01 -4.4750837732e-03 3.4434289176e-02
1.3232000000e+01 -4.3476839751e-03 3.5512225044e-02
1.3233000000e+01 -4.2298344235e-03 3.6587362704e-02
1.3234000000e+01 -4.1215483891e-03 3.7659677773e-02
1.3235000000e+01 -4.0228353811e-03 3.8729139356e-02
1.3236000000e+01 -3.9337008713e-03 3.9795708256e-02
1.3237000000e+01 -3.8541460955e-03 4.0859335381e-02
1.3238000000e+01 -3.7841679523e-03 4.1919960334e-02
1.3239000000e+01 -3.7237590219e-03 4.2977510203e-02
1.3240000000e+01 -3.6729077165e-03 4.4031898521e-02
1.3241000000e+01 -3.6315985725e-03 4.5083024415e-02
1.3242000000e+01 -3.5998126892e-03 4.6130771894e-02
1.3243000000e+01 -3.5775283089e-03 4.7175009289e-02
1.3244000000e+01 -3.5647215311e-03 4.8215588800e-02
1.3245000000e+01 -3.5613671451e-03 4.9252346150e-02
1.3246000000e+01 -3.5674395590e-03 5.0285100320e-02
1.3247000000e+01 -3.5829138003e-03 5.1313653344e-02
1.3248000000e+01 -3.6077665553e-03 5.2337790165e-02
1.3249000000e+01 -3.6419772131e-03 5.3357278525e-02
1.3250000000e+01 -3.6855288770e-03 5.4371868894e-02
1.3251000000e+01 -3.7384093033e-03 5.5381294431e-02
1.3252000000e+01 -3.8006117286e-03 5.6385270976e-02
1.3253000000e+01 -3.8721355459e-03 5.7383497075e-02
1.3254000000e+01 -3.9529867953e-03 5.8375654048e-02
1.3255000000e+01 -4.0431784347e-03 5.9361406112e-02
1.3256000000e+01 -4.1427303656e-03 6.0340400565e-02
1.3257000000e+01 -4.2516691928e-03 6.1312268049e-02
1.3258000000e+01 -4.3700277056e-03 6.2276622921e-02
1.3259000000e+01 -4.4978440770e-03 6.3233063726e-02
1.3260000000e+01 -4.6351607865e-03 6.4181173824e-02
1.3261000000e+01 -4.7820232813e-03 6.5120522162e-02
1.3262000000e+01 -4.9384784009e-03 6.6050664222e-02
1.3263000000e+01 -5.1045725970e-03 6.6971143162e-02
1.3264000000e+01 -5.2803499893e-03 6.7881491145e-02
1.3265000000e+01 -5.4658503044e-03 6.8781230877e-02
1.3266000000e+01 -5.6611067470e-03 6.9669877337e-02
1.3267000000e+01 -5.8661438583e-03 7.0546939697e-02
1.3268000000e+01 -6.0809754129e-03 7.1411923412e-02
1.3269000000e+01 -6.3056024084e-03 7.2264332461e-02
1.3270000000e+01 -6.5400111943e-03 7.3103671688e-02
1.3271000000e+01 -6.7841717845e-03 7.3929449237e-02
1.3272000000e+01 -7.0380363889e-03 7.4741179009e-02
1.3273000000e+01 -7.3015381946e-03 7.5538383110e-02
1.3274000000e+01 -7.5745904145e-03 7.6320594247e-02
1.3275000000e+01 -7.8570856171e-03 7.7087358010e-02
1.3276000000e+01 -8.1488953384e-03 7.7838235011e-02
1.3277000000e+01 -8.4498699702e-03 7.8572802829e-02
1.3278000000e+01 -8.7598389116e-03 7.9290657719e-02
1.3279000000e+01 -9.0786109626e-03 7.9991416074e-02
1.3280000000e+01 -9.4059749342e-03 8.0674715590e-02
1.3281000000e+01 -9.7417004446e-03 8.1340216141e-02
1.3282000000e+01 -1.0085538869e-02 8.1987600345e-02
1.3283000000e+01 -1.0437224407e-02 8.2616573827e-02
1.3284000000e+01 -1.0796475240e-02 8.3226865186e-02
1.3285000000e+01 -1.1162994729e-02 8.3818225693e-02
1.3286000000e+01 -1.1536472644e-02 8.4390428740e-02
1.3287000000e+01 -1.1916586370e-02 8.4943269075e-02
1.3288000000e+01 -1.2303002088e-02 8.5476561866e-02
1.3289000000e+01 -1.2695375883e-02 8.5990141636e-02
1.3290000000e+01 -1.3093354776e-02 8.6483861114e-02
1.3291000000e+01 -1.3496577660e-02 8.6957590047e-02
1.3292000000e+01 -1.3904676115e-02 8.7411214031e-02
1.3293000000e+01 -1.4317275111e-02 8.7844633393e-02
1.3294000000e+01 -1.4733993576e-02 8.8257762161e-02
1.3295000000e+01 -1.5154444838e-02 8.8650527181e-02
1.3296000000e+01 -1.5578236934e-02 8.9022867370e-02
1.3297000000e+01 -1.6004972804e-02 8.9374733167e-02
1.3298000000e+01 -1.6434250358e-02 8.9706086163e-02
1.3299000000e+01 -1.6865662458e-02 9.0016898927e-02
1.3300000000e+01 -1.7298796807e-02 9.0307155034e-02
1.3301000000e+01 -1.7733235778e-02 9.0576849260e-02
1.3302000000e+01 -1.8168556208e-02 9.0825987961e-02
1.3303000000e+01 -1.8604329175e-02 9.1054589576e-02
1.3304000000e+01 -1.9040119797e-02 9.1262685262e-02
1.3305000000e+01 -1.9475487077e-02 9.1450319604e-02
1.3306000000e+01 -1.9909983832e-02 9.1617551387e-02
1.3307000000e+01 -2.0343156727e-02 9.1764454382e-02
1.3308000000e+01 -2.0774546456e-02 9.1891118126e-02
1.3309000000e+01 -2.1203688095e-02 9.1997648654e-02
1.3310000000e+01 -2.1630111652e-02 9.2084169164e-02
1.3311000000e+01 -2.2053342837e-02 9.2150820574e-02
1.3312000000e+01 -2.2472904071e-02 9.2197761964e-02
1.3313000000e+01 -2.2888315739e-02 9.2225170869e-02
1.3314000000e+01 -2.3299097704e-02 9.2233243421e-02
1.3315000000e+01 -2.3704771059e-02 9.2222194311e-02
1.3316000000e+01 -2.4104860116e-02 9.2192256583e-02
1.3317000000e+01 -2.4498894611e-02 9.2143681245e-02
1.3318000000e+01 -2.4886412086e-02 9.2076736700e-02
1.3319000000e+01 -2.5266960415e-02 9.1991708007e-02
1.3320000000e+01 -2.5640100432e-02 9.1888895979e-02
1.3321000000e+01 -2.6005408604e-02 9.1768616131e-02
1.3322000000e+01 -2.6362479698e-02 9.1631197500e-02
1.3323000000e+01 -2.6710929392e-02 9.1476981352e-02
1.3324000000e+01 -2.7050396773e-02 9.1306319799e-02
1.3325000000e+01 -2.7380546666e-02 9.1119574364e-02
1.3326000000e+01 -2.7701071761e-02 9.0917114499e-02
1.3327000000e+01 -2.8011694481e-02 9.0699316111e-02
1.3328000000e+01 -2.8312168576e-02 9.0466560099e-02
1.3329000000e+01 -2.8602280401e-02 9.0219230952e-02
1.3330000000e+01 -2.8881849877e-02 8.9957715412e-02
1.3331000000e+01 -2.9150731115e-02 8.9682401245e-02
1.3332000000e+01 -2.9408812701e-02 8.9393676130e-02
1.3333000000e+01 -2.9656017661e-02 8.9091926671e-02
1.3334000000e+01 -2.9892303103e-02 8.8777537568e-02
1.3335000000e+01 -3.0117659560e-02 8.8450890922e-02
1.3336000000e+01 -3.0332110047e-02 8.8112365697e-02
1.3337000000e+01 -3.0535708871e-02 8.7762337319e-02
1.3338000000e+01 -3.0728540199e-02 8.7401177402e-02
1.3339000000e+01 -3.0910716428e-02 8.7029253604e-02
1.3340000000e+01 -3.1082376374e-02 8.6646929558e-02
1.3341000000e+01 -3.1243683313e-02 8.6254564901e-02
1.3342000000e+01 -3.1394822907e-02 8.5852515336e-02
1.3343000000e+01 -3.1536001034e-02 8.5441132737e-02
1.3344000000e+01 -3.1667441557e-02 8.5020765251e-02
1.3345000000e+01 -3.1789384064e-02 8.4591757382e-02
1.3346000000e+01 -3.1902081598e-02 8.4154450037e-02
1.3347000000e+01 -3.2005798414e-02 8.3709180507e-02
1.3348000000e+01 -3.2100807780e-02 8.3256282378e-02
1.3349000000e+01 -3.2187389860e-02 8.2796085338e-02
1.3350000000e+01 -3.2265829683e-02 8.2328914890e-02
1.3351000000e+01 -3.2336415235e-02 8.1855091950e-02
1.3352000000e+01 -3.2399435690e-02 8.1374932322e-02
1.3353000000e+01 -3.2455179775e-02 8.0888746060e-02
1.3354000000e+01 -3.2503934313e-02 8.0396836710e-02
1.3355000000e+01 -3.2545982916e-02 7.9899500446e-02
1.3356000000e+01 -3.2581604857e-02 7.9397025097e-02
1.3357000000e+01 -3.2611074110e-02 7.8889689098e-02
1.3358000000e+01 -3.2634658554e-02 7.8377760365e-02
1.3359000000e+01 -3.2652619333e-02 7.7861495126e-02
1.3360000000e+01 -3.2665210367e-02 7.7341136721e-02
1.3361000000e+01 -3.2672677990e-02 7.6816914415e-02
1.3362000000e+01 -3.2675260703e-02 7.6289042235e-02
1.3363000000e+01 -3.2673189030e-02 7.5757717864e-02
1.3364000000e+01 -3.2666685434e-02 7.5223121632e-02
1.3365000000e+01 -3.2655964292e-02 7.4685415617e-02
1.3366000000e+01 -3.2641231893e-02 7.4144742896e-02
1.3367000000e+01 -3.2622686434e-02 7.3601226965e-02
1.3368000000e+01 -3.2600517994e-02 7.3054971351e-02
1.3369000000e+01 -3.2574908465e-02 7.2506059425e-02
1.3370000000e+01 -3.2546031417e-02 7.1954554449e-02
1.3371000000e+01 -3.2514051883e-02 7.1400499836e-02
1.3372000000e+01 -3.2479126054e-02 7.0843919651e-02
1.3373000000e+01 -3.2441400882e-02 7.0284819321e-02
1.3374000000e+01 -3.2401013578e-02 6.9723186568e-02
1.3375000000e+01 -3.2358091031e-02 6.9158992531e-02
1.3376000000e+01 -3.2312749140e-02 6.8592193054e-02
1.3377000000e+01 -3.2265092091e-02 6.8022730127e-02
1.3378000000e+01 -3.2215211590e-02 6.7450533423e-02
1.3379000000e+01 -3.2163186082e-02 6.6875521923e-02
1.3380000000e+01 -3.2109079981e-02 6.6297605576e-02
1.3381000000e+01 -3.2052942940e-02 6.5716686958e-02
1.3382000000e+01 -3.1994809183e-02 6.5132662896e-02
1.3383000000e+01 -3.1934696934e-02 6.4545426026e-02
1.3384000000e+01 -3.1872607958e-02 6.3954866242e-02
1.3385000000e+01 -3.1808527230e-02 6.3360872021e-02
1.3386000000e+01 -3.1742422762e-02 6.2763331588e-02
1.3387000000e+01 -3.1674245576e-02 6.2162133906e-02
1.3388000000e+01 -3.1603929846e-02 6.1557169485e-02
1.3389000000e+01 -3.1531393196e-02 6.0948330994e-02
1.3390000000e+01 -3.1456537152e-02 6.0335513675e-02
1.3391000000e+01 -3.1379247737e-02 5.9718615564e-02
1.3392000000e+01 -3.1299396193e-02 5.9097537538e-02
1.3393000000e+01 -3.1216839809e-02 5.8472183176e-02
1.3394000000e+01 -3.1131422832e-02 5.7842458489e-02
1.3395000000e+01 -3.1042977453e-02 5.7208271500e-02
1.3396000000e+01 -3.0951324818e-02 5.6569531727e-02
1.3397000000e+01 -3.0856276066e-02 5.5926149587e-02
1.3398000000e+01 -3.0757633372e-02 5.5278035739e-02
1.3399000000e+01 -3.0655190966e-02 5.4625100396e-02
1.3400000000e+01 -3.0548736125e-02 5.3967252639e-02
1.3401000000e+01 -3.0438050143e-02 5.3304399748e-02
1.3402000000e+01 -3.0322909247e-02 5.2636446578e-02
1.3403000000e+01 -3.0203085497e-02 5.1963294988e-02
1.3404000000e+01 -3.0078347645e-02 5.1284843360e-02
1.3405000000e+01 -2.9948461981e-02 5.0600986198e-02
1.3406000000e+01 -2.9813193181e-02 4.9911613839e-02
1.3407000000e+01 -2.9672305148e-02 4.9216612262e-02
1.3408000000e+01 -2.9525561893e-02 4.8515863020e-02
1.3409000000e+01 -2.9372728443e-02 4.7809243279e-02
1.3410000000e+01 -2.9213571810e-02 4.7096625974e-02
1.3411000000e+01 -2.9047862022e-02 4.6377880075e-02
1.3412000000e+01 -2.8875373235e-02 4.5652870960e-02
1.3413000000e+01 -2.8695884927e-02 4.4921460888e-02
1.3414000000e+01 -2.8509183189e-02 4.4183509573e-02
1.3415000000e+01 -2.8315062111e-02 4.3438874834e-02
1.3416000000e+01 -2.8113325259e-02 4.2687413344e-02
1.3417000000e+01 -2.7903787242e-02 4.1928981430e-02
1.3418000000e+01 -2.7686275362e-02 4.1163435945e-02
1.3419000000e+01 -2.7460631320e-02 4.0390635187e-02
1.3420000000e+01 -2.7226712986e-02 3.9610439844e-02
1.3421000000e+01 -2.6984396172e-02 3.8822713968e-02
1.3422000000e+01 -2.6733576428e-02 3.8027325936e-02
1.3423000000e+01 -2.6474170789e-02 3.7224149399e-02
1.3424000000e+01 -2.6206119481e-02 3.6413064195e-02
1.3425000000e+01 -2.5929387523e-02 3.5593957195e-02
1.3426000000e+01 -2.5643966218e-02 3.4766723089e-02
1.3427000000e+01 -2.5349874497e-02 3.3931265071e-02
1.3428000000e+01 -2.5047160077e-02 3.3087495432e-02
1.3429000000e+01 -2.4735900433e-02 3.2235336043e-02
1.3430000000e+01 -2.4416203546e-02 3.1374718735e-02
1.3431000000e+01 -2.4088208422e-02 3.0505585571e-02
1.3432000000e+01 -2.3752085369e-02 2.9627889026e-02
1.3433000000e+01 -2.3408036033e-02 2.8741592076e-02
1.3434000000e+01 -2.3056293185e-02 2.7846668235e-02
1.3435000000e+01 -2.2697120270e-02 2.6943101532e-02
1.3436000000e+01 -2.2330810728e-02 2.6030886470e-02
1.3437000000e+01 -2.1957687094e-02 2.5110027986e-02
1.3438000000e+01 -2.1578099893e-02 2.4180541420e-02
1.3439000000e+01 -2.1192426345e-02 2.3242452527e-02
1.3440000000e+01 -2.0801068908e-02 2.2295797546e-02
1.3441000000e+01 -2.0404453651e-02 2.1340623335e-02
1.3442000000e+01 -2.0003028508e-02 2.0376987578e-02
1.3443000000e+01 -1.9597261399e-02 1.9404959085e-02
1.3444000000e+01 -1.9187638259e-02 1.8424618167e-02
1.3445000000e+01 -1.8774660972e-02 1.7436057098e-02
1.3446000000e+01 -1.8358845237e-02 1.6439380650e-02
1.3447000000e+01 -1.7940718377e-02 1.5434706684e-02
1.3448000000e+01 -1.7520817103e-02 1.4422166808e-02
1.3449000000e+01 -1.7099685244e-02 1.3401907049e-02
1.3450000000e+01 -1.6677871467e-02 1.2374088556e-02
1.3451000000e+01 -1.6255926980e-02 1.1338888287e-02
1.3452000000e+01 -1.5834403254e-02 1.0296499671e-02
1.3453000000e+01 -1.5413849757e-02 9.2471332138e-03
1.3454000000e+01 -1.4994811715e-02 8.1910170240e-03
1.3455000000e+01 -1.4577827927e-02 7.1283972353e-03
1.3456000000e+01 -1.4163428625e-02 6.0595382935e-03
1.3457000000e+01 -1.3752133400e-02 4.9847230859e-03
1.3458000000e+01 -1.3344449214e-02 3.9042528876e-03
1.3459000000e+01 -1.2940868494e-02 2.8184471008e-03
1.3460000000e+01 -1.2541867340e-02 1.7276427670e-03
1.3461000000e+01 -1.2147903840e-02 6.3219383559e-04
1.3462000000e+01 -1.1759416530e-02 -4.6752982461e-04
1.3463000000e+01 -1.1376822992e-02 -1.5711436773e-03
1.3464000000e+01 -1.1000518628e-02 -2.6782500366e-03
1.3465000000e+01 -1.0630875605e-02 -3.7884398451e-03
1.3466000000e+01 -1.0268242007e-02 -4.9012947000e-03
1.3467000000e+01 -9.9129411911e-03 -6.0163891073e-03
1.3468000000e+01 -9.5652713712e-03 -7.1332929362e-03
1.3469000000e+01 -9.2255054389e-03 -8.2515740408e-03
1.3470000000e+01 -8.8938910198e-03 -9.3708010050e-03
1.3471000000e+01 -8.5706507751e-03 -1.0490545966e-02
1.3472000000e+01 -8.2559829407e-03 -1.1610387463e-02
1.3473000000e+01 -7.9500620964e-03 -1.2729913257e-02
1.3474000000e+01 -7.6530401500e-03 -1.3848723069e-02
1.3475000000e+01 -7.3650475164e-03 -1.4966431171e-02
1.3476000000e+01 -7.0861944656e-03 -1.6082668787e-02
1.3477000000e+01 -6.8165726111e-03 -1.7197086255e-02
1.3478000000e+01 -6.5562565014e-03 -1.8309354898e-02
1.3479000000e+01 -6.3053052816e-03 -1.9419168578e-02
1.3480000000e+01 -6.0637643848e-03 -2.0526244902e-02
1.3481000000e+01 -5.8316672150e-03 -2.1630326068e-02
1.3482000000e+01 -5.6090367874e-03 -2.2731179338e-02
1.3483000000e+01 -5.3958872906e-03 -2.3828597144e-02
1.3484000000e+01 -5.1922255433e-03 -2.4922396845e-02
1.3485000000e+01 -4.9980523224e-03 -2.6012420138e-02
1.3486000000e+01 -4.8133635454e-03 -2.7098532173e-02
1.3487000000e+01 -4.6381512973e-03 -2.8180620382e-02
1.3488000000e+01 -4.4724046996e-03 -2.9258593074e-02
1.3489000000e+01 -4.3161106248e-03 -3.0332377820e-02
1.3490000000e+01 -4.1692542662e-03 -3.1401919680e-02
1.3491000000e+01 -4.0318195774e-03 -3.2467179295e-02
1.3492000000e+01 -3.9037896009e-03 -3.3528130898e-02
1.3493000000e+01 -3.7851467073e-03 -3.4584760252e-02
1.3494000000e+01 -3.6758727681e-03 -3.5637062579e-02
1.3495000000e+01 -3.5759492881e-03 -3.6685040473e-02
1.3496000000e+01 -3.4853575180e-03 -3.7728701844e-02
1.3497000000e+01 -3.4040785729e-03 -3.8768057905e-02
1.3498000000e+01 -3.3320935756e-03 -3.9803121213e-02
1.3499000000e+01 -3.2693838420e-03 -4.0833903779e-02
1.3500000000e+01 -3.2159311236e-03 -4.1860415257e-02
1.3501000000e+01 -3.1717179168e-03 -4.2882661202e-02
1.3502000000e+01 -3.1367278451e-03 -4.3900641418e-02
1.3503000000e+01 -3.1109461144e-03 -4.4914348364e-02
1.3504000000e+01 -3.0943600390e-03 -4.5923765639e-02
1.3505000000e+01 -3.0869596278e-03 -4.6928866518e-02
1.3506000000e+01 -3.0887382183e-03 -4.7929612546e-02
1.3507000000e+01 -3.0996931401e-03 -4.8925952173e-02
1.3508000000e+01 -3.1198263851e-03 -4.9917819425e-02
1.3509000000e+01 -3.1491452612e-03 -5.0905132622e-02
1.3510000000e+01 -3.1876630010e-03 -5.1887793115e-02
1.3511000000e+01 -3.2353992972e-03 -5.2865684081e-02
1.3512000000e+01 -3.2923807374e-03 -5.3838669347e-02
1.3513000000e+01 -3.3586411091e-03 -5.4806592277e-02
1.3514000000e+01 -3.4342215499e-03 -5.5769274727e-02
1.3515000000e+01 -3.5191705195e-03 -5.6726516077e-02
1.3516000000e+01 -3.6135435732e-03 -5.7678092370e-02
1.3517000000e+01 -3.7174029208e-03 -5.8623755558e-02
1.3518000000e+01 -3.8308167591e-03 -5.9563232896e-02
1.3519000000e+01 -3.9538583715e-03 -6.0496226489e-02
1.3520000000e+01 -4.0866049923e-03 -6.1422413026e-02
1.3521000000e+01 -4.2291364402e-03 -6.2341443710e-02
1.3522000000e+01 -4.3815335310e-03 -6.3252944427e-02
1.3523000000e+01 -4.5438762847e-03 -6.4156516152e-02
1.3524000000e+01 -4.7162419508e-03 -6.5051735638e-02
1.3525000000e+01 -4.8987028787e-03 -6.5938156391e-02
1.3526000000e+01 -5.0913242697e-03 -6.6815309952e-02
1.3527000000e+01 -5.2941618501e-03 -6.7682707499e-02
1.3528000000e+01 -5.5072595112e-03 -6.8539841776e-02
1.3529000000e+01 -5.7306469645e-03 -6.9386189340e-02
1.3530000000e+01 -5.9643374648e-03 -7.0221213119e-02
1.3531000000e+01 -6.2083256518e-03 -7.1044365267e-02
1.3532000000e+01 -6.4625855634e-03 -7.1855090270e-02
1.3533000000e+01 -6.7270688660e-03 -7.2652828275e-02
1.3534000000e+01 -7.0017033488e-03 -7.3437018586e-02
1.3535000000e+01 -7.2863917147e-03 -7.4207103264e-02
1.3536000000e+01 -7.5810106999e-03 -7.4962530768e-02
1.3537000000e+01 -7.8854105380e-03 -7.5702759562e-02
1.3538000000e+01 -8.1994147797e-03 -7.6427261619e-02
1.3539000000e+01 -8.5228204636e-03 -7.7135525744e-02
1.3540000000e+01 -8.8553986273e-03 -7.7827060645e-02
1.3541000000e+01 -9.1968951331e-03 -7.8501397699e-02
1.3542000000e+01 -9.5470317782e-03 -7.9158093352e-02
1.3543000000e+01 -9.9055076474e-03 -7.9796731107e-02
1.3544000000e+01 -1.0272000662e-02 -8.0416923092e-02
1.3545000000e+01 -1.0646169277e-02 -8.1018311167e-02
1.3546000000e+01 -1.1027654268e-02 -8.1600567592e-02
1.3547000000e+01 -1.1416080562e-02 -8.2163395262e-02
1.3548000000e+01 -1.1811059062e-02 -8.2706527537e-02
1.3549000000e+01 -1.2212188417e-02 -8.3229727709e-02
1.3550000000e+01 -1.2619056697e-02 -8.3732788155e-02
1.3551000000e+01 -1.3031242949e-02 -8.4215529230e-02
1.3552000000e+01 -1.3448318602e-02 -8.4677797961e-02
1.3553000000e+01 -1.3869848712e-02 -8.5119466617e-02
1.3554000000e+01 -1.4295393035e-02 -8.5540431190e-02
1.3555000000e+01 -1.4724506939e-02 -8.5940609887e-02
1.3556000000e+01 -1.5156742151e-02 -8.6319941644e-02
1.3557000000e+01 -1.5591647368e-02 -8.6678384749e-02
1.3558000000e+01 -1.6028768750e-02 -8.7015915589e-02
1.3559000000e+01 -1.6467650311e-02 -8.7332527563e-02
1.3560000000e+01 -1.6907834248e-02 -8.7628230185e-02
1.3561000000e+01 -1.7348861236e-02 -8.7903048377e-02
1.3562000000e+01 -1.7790270703e-02 -8.8157021975e-02
1.3563000000e+01 -1.8231601139e-02 -8.8390205425e-02
1.3564000000e+01 -1.8672390435e-02 -8.8602667661e-02
1.3565000000e+01 -1.9112176297e-02 -8.8794492148e-02
1.3566000000e+01 -1.9550496735e-02 -8.8965777068e-02
1.3567000000e+01 -1.9986890654e-02 -8.9116635602e-02
1.3568000000e+01 -2.0420898538e-02 -8.9247196301e-02
1.3569000000e+01 -2.0852063243e-02 -8.9357603486e-02
1.3570000000e+01 -2.1279930884e-02 -8.9448017663e-02
1.3571000000e+01 -2.1704051824e-02 -8.9518615906e-02
1.3572000000e+01 -2.2123981731e-02 -8.9569592178e-02
1.3573000000e+01 -2.2539282710e-02 -8.9601157557e-02
1.3574000000e+01 -2.2949524484e-02 -8.9613540344e-02
1.3575000000e+01 -2.3354285604e-02 -8.9606986020e-02
1.3576000000e+01 -2.3753154679e-02 -8.9581757035e-02
1.3577000000e+01 -2.4145731599e-02 -8.9538132418e-02
1.3578000000e+01 -2.4531628751e-02 -8.9476407187e-02
1.3579000000e+01 -2.4910472196e-02 -8.9396891568e-02
1.3580000000e+01 -2.5281902815e-02 -8.9299910014e-02
1.3581000000e+01 -2.5645577408e-02 -8.9185800040e-02
1.3582000000e+01 -2.6001169736e-02 -8.9054910894e-02
1.3583000000e+01 -2.6348371519e-02 -8.8907602074e-02
1.3584000000e+01 -2.6686893372e-02 -8.8744241730e-02
1.3585000000e+01 -2.7016465682e-02 -8.8565204973e-02
1.3586000000e+01 -2.7336839443e-02 -8.8370872139e-02
1.3587000000e+01 -2.7647787020e-02 -8.8161627024e-02
1.3588000000e+01 -2.7949102862e-02 -8.7937855154e-02
1.3589000000e+01 -2.8240604158e-02 -8.7699942094e-02
1.3590000000e+01 -2.8522131420e-02 -8.7448271864e-02
1.3591000000e+01 -2.8793548995e-02 -8.7183225464e-02
1.3592000000e+01 -2.9054745504e-02 -8.6905179552e-02
1.3593000000e+01 -2.9305634173e-02 -8.6614505287e-02
1.3594000000e+01 -2.9546153079e-02 -8.6311567366e-02
1.3595000000e+01 -2.9776265270e-02 -8.5996723248e-02
1.3596000000e+01 -2.9995958765e-02 -8.5670322582e-02
1.3597000000e+01 -3.0205246413e-02 -8.5332706833e-02
1.3598000000e+01 -3.0404165617e-02 -8.4984209103e-02
1.3599000000e+01 -3.0592777904e-02 -8.4625154121e-02
1.3600000000e+01 -3.0771168340e-02 -8.4255858402e-02
1.3601000000e+01 -3.0939444803e-02 -8.3876630532e-02
1.3602000000e+01 -3.1097737095e-02 -8.3487771570e-02
1.3603000000e+01 -3.1246195926e-02 -8.3089575529e-02
1.3604000000e+01 -3.1384991758e-02 -8.2682329902e-02
1.3605000000e+01 -3.1514313530e-02 -8.2266316224e-02
1.3606000000e+01 -3.1634367286e-02 -8.1841810610e-02
1.3607000000e+01 -3.1745374705e-02 -8.1409084275e-02
1.3608000000e+01 -3.1847571568e-02 -8.0968403997e-02
1.3609000000e+01 -3.1941206175e-02 -8.0520032502e-02
1.3610000000e+01 -3.2026537715e-02 -8.0064228777e-02
1.3611000000e+01 -3.2103834639e-02 -7.9601248283e-02
1.3612000000e+01 -3.2173373023e-02 -7.9131343070e-02
1.3613000000e+01 -3.2235434949e-02 -7.8654761800e-02
1.3614000000e+01 -3.2290306920e-02 -7.8171749673e-02
1.3615000000e+01 -3.2338278319e-02 -7.7682548265e-02
1.3616000000e+01 -3.2379639919e-02 -7.7187395280e-02
1.3617000000e+01 -3.2414682456e-02 -7.6686524237e-02
1.3618000000e+01 -3.2443695266e-02 -7.6180164080e-02
1.3619000000e+01 -3.2466964999e-02 -7.5668538742e-02
1.3620000000e+01 -3.2484774402e-02 -7.5151866649e-02
1.3621000000e+01 -3.2497401186e-02 -7.4630360193e-02
1.3622000000e+01 -3.2505116959e-02 -7.4104225167e-02
1.3623000000e+01 -3.2508186244e-02 -7.3573660178e-02
1.3624000000e+01 -3.2506865573e-02 -7.3038856038e-02
1.3625000000e+01 -3.2501402657e-02 -7.2499995150e-02
1.3626000000e+01 -3.2492035631e-02 -7.1957250901e-02
1.3627000000e+01 -3.2478992370e-02 -7.1410787052e-02
1.3628000000e+01 -3.2462489890e-02 -7.0860757167e-02
1.3629000000e+01 -3.2442733800e-02 -7.0307304064e-02
1.3630000000e+01 -3.2419917838e-02 -6.9750559320e-02
1.3631000000e+01 -3.2394223453e-02 -6.9190642837e-02
1.3632000000e+01 -3.2365819449e-02 -6.8627662473e-02
1.3633000000e+01 -3.2334861670e-02 -6.8061713762e-02
1.3634000000e+01 -3.2301492722e-02 -6.7492879728e-02
1.3635000000e+01 -3.2265841718e-02 -6.6921230790e-02
1.3636000000e+01 -3.2228024043e-02 -6.6346824777e-02
1.3637000000e+01 -3.2188141122e-02 -6.5769707039e-02
1.3638000000e+01 -3.2146280182e-02 -6.5189910663e-02
1.3639000000e+01 -3.2102514010e-02 -6.4607456769e-02
1.3640000000e+01 -3.2056900693e-02 -6.4022354898e-02
1.3641000000e+01 -3.2009483345e-02 -6.3434603452e-02
1.3642000000e+01 -3.1960289813e-02 -6.2844190194e-02
1.3643000000e+01 -3.1909332379e-02 -6.2251092767e-02
1.3644000000e+01 -3.1856607460e-02 -6.1655279227e-02
1.3645000000e+01 -3.1802095306e-02 -6.1056708570e-02
1.3646000000e+01 -3.1745759730e-02 -6.0455331224e-02
1.3647000000e+01 -3.1687547860e-02 -5.9851089506e-02
1.3648000000e+01 -3.1627389946e-02 -5.9243918017e-02
1.3649000000e+01 -3.1565199234e-02 -5.8633743970e-02
1.3650000000e+01 -3.1500871913e-02 -5.8020487454e-02
1.3651000000e+01 -3.1434287164e-02 -5.7404061610e-02
1.3652000000e+01 -3.1365307308e-02 -5.6784372750e-02
1.3653000000e+01 -3.1293778078e-02 -5.6161320397e-02
1.3654000000e+01 -3.1219529011e-02 -5.5534797273e-02
1.3655000000e+01 -3.1142373966e-02 -5.4904689248e-02
1.3656000000e+01 -3.1062111777e-02 -5.4270875258e-02
1.3657000000e+01 -3.0978527022e-02 -5.3633227205e-02
1.3658000000e+01 -3.0891390920e-02 -5.2991609883e-02
1.3659000000e+01 -3.0800462335e-02 -5.2345880915e-02
1.3660000000e+01 -3.0705488892e-02 -5.1695890749e-02
1.3661000000e+01 -3.0606208172e-02 -5.1041482707e-02
1.3662000000e+01 -3.0502349006e-02 -5.0382493121e-02
1.3663000000e+01 -3.0393632839e-02 -4.9718751550e-02
1.3664000000e+01 -3.0279775158e-02 -4.9050081103e-02
1.3665000000e+01 -3.0160486998e-02 -4.8376298860e-02
1.3666000000e+01 -3.0035476489e-02 -4.7697216389e-02
1.3667000000e+01 -2.9904450484e-02 -4.7012640380e-02
1.3668000000e+01 -2.9767116233e-02 -4.6322373352e-02
1.3669000000e+01 -2.9623183125e-02 -4.5626214461e-02
1.3670000000e+01 -2.9472364486e-02 -4.4923960372e-02
1.3671000000e+01 -2.9314379452e-02 -4.4215406189e-02
1.3672000000e+01 -2.9148954886e-02 -4.3500346443e-02
1.3673000000e+01 -2.8975827363e-02 -4.2778576094e-02
1.3674000000e+01 -2.8794745192e-02 -4.2049891559e-02
1.3675000000e+01 -2.8605470480e-02 -4.1314091741e-02
1.3676000000e+01 -2.8407781206e-02 -4.0570979037e-02
1.3677000000e+01 -2.8201473297e-02 -3.9820360329e-02
1.3678000000e+01 -2.7986362672e-02 -3.9062047929e-02
1.3679000000e+01 -2.7762287233e-02 -3.8295860483e-02
1.3680000000e+01 -2.7529108774e-02 -3.7521623811e-02
1.3681000000e+01 -2.7286714770e-02 -3.6739171687e-02
1.3682000000e+01 -2.7035020038e-02 -3.5948346558e-02
1.3683000000e+01 -2.6773968214e-02 -3.5149000182e-02
1.3684000000e+01 -2.6503533056e-02 -3.4340994208e-02
1.3685000000e+01 -2.6223719524e-02 -3.3524200681e-02
1.3686000000e+01 -2.5934564651e-02 -3.2698502494e-02
1.3687000000e+01 -2.5636138171e-02 -3.1863793781e-02
1.3688000000e+01 -2.5328542927e-02 -3.1019980258e-02
1.3689000000e+01 -2.5011915037e-02 -3.0166979532e-02
1.3690000000e+01 -2.4686423847e-02 -2.9304721381e-02
1.3691000000e+01 -2.4352271665e-02 -2.8433148009e-02
1.3692000000e+01 -2.4009693300e-02 -2.7552214296e-02
1.3693000000e+01 -2.3658955415e-02 -2.6661888053e-02
1.3694000000e+01 -2.3300355708e-02 -2.5762150275e-02
1.3695000000e+01 -2.2934221949e-02 -2.4852995426e-02
1.3696000000e+01 -2.2560910858e-02 -2.3934431737e-02
1.3697000000e+01 -2.2180806871e-02 -2.3006481537e-02
1.3698000000e+01 -2.1794320770e-02 -2.2069181627e-02
1.3699000000e+01 -2.1401888205e-02 -2.1122583669e-02
1.3700000000e+01 -2.1003968096e-02 -2.0166754629e-02
1.3701000000e+01 -2.0601040929e-02 -1.9201777230e-02
1.3702000000e+01 -2.0193606932e-02 -1.8227750443e-02
1.3703000000e+01 -1.9782184145e-02 -1.7244789971e-02
1.3704000000e+01 -1.9367306359e-02 -1.6253028742e-02
1.3705000000e+01 -1.8949520949e-02 -1.5252617375e-02
1.3706000000e+01 -1.8529386582e-02 -1.4243724603e-02
1.3707000000e+01 -1.8107470805e-02 -1.3226537641e-02
1.3708000000e+01 -1.7684347533e-02 -1.2201262460e-02
1.3709000000e+01 -1.7260594430e-02 -1.1168123955e-02
1.3710000000e+01 -1.6836790212e-02 -1.0127365981e-02
1.3711000000e+01 -1.6413511884e-02 -9.0792512348e-03
1.3712000000e+01 -1.5991331951e-02 -8.0240609583e-03
1.3713000000e+01 -1.5570815617e-02 -6.9620944550e-03
1.3714000000e+01 -1.5152518022e-02 -5.8936684001e-03
1.3715000000e+01 -1.4736981557e-02 -4.8191159377e-03
1.3716000000e+01 -1.4324733285e-02 -3.7387855619e-03
1.3717000000e+01 -1.3916282536e-02 -2.6530397827e-03
1.3718000000e+01 -1.3512118691e-02 -1.5622535831e-03
1.3719000000e+01 -1.3112709216e-02 -4.6681268061e-04
1.3720000000e+01 -1.2718497973e-02 6.3288839130e-04
1.3721000000e+01 -1.2329903828e-02 1.7364483596e-03
1.3722000000e+01 -1.1947319603e-02 2.8434614207e-03
1.3723000000e+01 -1.1571111358e-02 3.9535195532e-03
1.3724000000e+01 -1.1201618022e-02 5.0662149036e-03
1.3725000000e+01 -1.0839151379e-02 6.1811422100e-03
1.3726000000e+01 -1.0483996370e-02 7.2979012321e-03
1.3727000000e+01 -1.0136411716e-02 8.4160991486e-03
1.3728000000e+01 -9.7966308292e-03 9.5353528899e-03
1.3729000000e+01 -9.4648629631e-03 1.0655291370e-02
1.3730000000e+01 -9.1412945866e-03 1.1775557586e-02
1.3731000000e+01 -8.8260909242e-03 1.2895810546e-02
1.3732000000e+01 -8.5193976268e-03 1.4015727011e-02
1.3733000000e+01 -8.2213425264e-03 1.5135003001e-02
1.3734000000e+01 -7.9320374326e-03 1.6253355058e-02
1.3735000000e+01 -7.6515799303e-03 1.7370521243e-02
1.3736000000e+01 -7.3800551388e-03 1.8486261827e-02
1.3737000000e+01 -7.1175373994e-03 1.9600359694e-02
1.3738000000e+01 -6.8640918601e-03 2.0712620423e-02
1.3739000000e+01 -6.6197759334e-03 2.1822872046e-02
1.3740000000e+01 -6.3846406058e-03 2.2930964497e-02
1.3741000000e+01 -6.1587315849e-03 2.4036768748e-02
1.3742000000e+01 -5.9420902733e-03 2.5140175644e-02
1.3743000000e+01 -5.7347545656e-03 2.6241094463e-02
1.3744000000e+01 -5.5367594675e-03 2.7339451233e-02
1.3745000000e+01 -5.3481375409e-03 2.8435186815e-02
1.3746000000e+01 -5.1689191852e-03 2.9528254821e-02
1.3747000000e+01 -4.9991327657e-03 3.0618619381e-02
1.3748000000e+01 -4.8388046059e-03 3.1706252813e-02
1.3749000000e+01 -4.6879588627e-03 3.2791133251e-02
1.3750000000e+01 -4.5466173073e-03 3.3873242247e-02
1.3751000000e+01 -4.4147990359e-03 3.4952562431e-02
1.3752000000e+01 -4.2925201369e-03 3.6029075225e-02
1.3753000000e+01 -4.1797933427e-03 3.7102758680e-02
1.3754000000e+01 -4.0766276943e-03 3.8173585448e-02
1.3755000000e+01 -3.9830282464e-03 3.9241520916e-02
1.3756000000e+01 -3.8989958396e-03 4.0306521521e-02
1.3757000000e+01 -3.8245269648e-03 4.1368533247e-02
1.3758000000e+01 -3.7596137392e-03 4.2427490320e-02
1.3759000000e+01 -3.7042440115e-03 4.3483314077e-02
1.3760000000e+01 -3.6584016086e-03 4.4535912024e-02
1.3761000000e+01 -3.6220667279e-03 4.5585177041e-02
1.3762000000e+01 -3.5952164761e-03 4.6630986749e-02
1.3763000000e+01 -3.5778255480e-03 4.7673202988e-02
1.3764000000e+01 -3.5698670318e-03 4.8711671413e-02
1.3765000000e+01 -3.5713133223e-03 4.9746221178e-02
1.3766000000e+01 -3.5821371166e-03 5.0776664687e-02
1.3767000000e+01 -3.6023124643e-03 5.1802797411e-02
1.3768000000e+01 -3.6318158364e-03 5.2824397750e-02
1.3769000000e+01 -3.6706271775e-03 5.3841226926e-02
1.3770000000e+01 -3.7187309019e-03 5.4853028920e-02
1.3771000000e+01 -3.7761167936e-03 5.5859530430e-02
1.3772000000e+01 -3.8427807704e-03 5.6860440872e-02
1.3773000000e+01 -3.9187254761e-03 5.7855452414e-02
1.3774000000e+01 -4.0039606647e-03 5.8844240050e-02
1.3775000000e+01 -4.0985033478e-03 5.9826461748e-02
1.3776000000e+01 -4.2023776829e-03 6.0801758659e-02
1.3777000000e+01 -4.3156145847e-03 6.1769755413e-02
1.3778000000e+01 -4.4382510530e-03 6.2730060537e-02
1.3779000000e+01 -4.5703292184e-03 6.3682266988e-02
1.3780000000e+01 -4.7118951163e-03 6.4625952834e-02
1.3781000000e+01 -4.8629972089e-03 6.5560682110e-02
1.3782000000e+01 -5.0236846858e-03 6.6486005844e-02
1.3783000000e+01 -5.1940055783e-03 6.7401463282e-02
1.3784000000e+01 -5.3740047324e-03 6.8306583308e-02
1.3785000000e+01 -5.5637216886e-03 6.9200886067e-02
1.3786000000e+01 -5.7631885205e-03 7.0083884781e-02
1.3787000000e+01 -5.9724276871e-03 7.0955087739e-02
1.3788000000e+01 -6.1914499486e-03 7.1814000454e-02
1.3789000000e+01 -6.4202523996e-03 7.2660127943e-02
1.3790000000e+01 -6.6588166622e-03 7.3492977104e-02
1.3791000000e+01 -6.9071072809e-03 7.4312059154e-02
1.3792000000e+01 -7.1650703519e-03 7.5116892071e-02
1.3793000000e+01 -7.4326324111e-03 7.5907003014e-02
1.3794000000e+01 -7.7096995959e-03 7.6681930652e-02
1.3795000000e+01 -7.9961570908e-03 7.7441227372e-02
1.3796000000e+01 -8.2918688525e-03 7.8184461320e-02
1.3797000000e+01 -8.5966776068e-03 7.8911218233e-02
1.3798000000e+01 -8.9104051002e-03 7.9621103023e-02
1.3799000000e+01 -9.2328525834e-03 8.0313741099e-02
1.3800000000e+01 -9.5638015001e-03 8.0988779400e-02
1.3801000000e+01 -9.9030143484e-03 8.1645887120e-02
1.3802000000e+01 -1.0250235683e-02 8.2284756142e-02
1.3803000000e+01 -1.0605193224e-02 8.2905101167e-02
1.3804000000e+01 -1.0967599037e-02 8.3506659563e-02
1.3805000000e+01 -1.1337150751e-02 8.4089190961e-02
1.3806000000e+01 -1.1713532790e-02 8.4652476609e-02
1.3807000000e+01 -1.2096417575e-02 8.5196318554e-02
1.3808000000e+01 -1.2485466689e-02 8.5720538652e-02
1.3809000000e+01 -1.2880331963e-02 8.6224977486e-02
1.3810000000e+01 -1.3280656480e-02 8.6709493222e-02
1.3811000000e+01 -1.3686075472e-02 8.7173960448e-02
1.3812000000e+01 -1.4096217095e-02 8.7618269051e-02
1.3813000000e+01 -1.4510703081e-02 8.8042323166e-02
1.3814000000e+01 -1.4929149258e-02 8.8446040236e-02
1.3815000000e+01 -1.5351165937e-02 8.8829350215e-02
1.3816000000e+01 -1.5776358164e-02 8.9192194941e-02
1.3817000000e+01 -1.6204325859e-02 8.9534527686e-02
1.3818000000e+01 -1.6634663832e-02 8.9856312904e-02
1.3819000000e+01 -1.7066961715e-02 9.0157526167e-02
1.3820000000e+01 -1.7500803808e-02 9.0438154286e-02
1.3821000000e+01 -1.7935768879e-02 9.0698195614e-02
1.3822000000e+01 -1.8371429932e-02 9.0937660485e-02
1.3823000000e+01 -1.8807353980e-02 9.1156571795e-02
1.3824000000e+01 -1.9243101855e-02 9.1354965678e-02
1.3825000000e+01 -1.9678228072e-02 9.1532892246e-02
1.3826000000e+01 -2.0112280807e-02 9.1690416374e-02
1.3827000000e+01 -2.0544801997e-02 9.1827618485e-02
1.3828000000e+01 -2.0975327599e-02 9.1944595301e-02
1.3829000000e+01 -2.1403388050e-02 9.2041460547e-02
1.3830000000e+01 -2.1828508933e-02 9.2118345562e-02
1.3831000000e+01 -2.2250211882e-02 9.2175399796e-02
1.3832000000e+01 -2.2668015735e-02 9.2212791184e-02
1.3833000000e+01 -2.3081437943e-02 9.2230706364e-02
1.3834000000e+01 -2.3489996235e-02 9.2229350728e-02
1.3835000000e+01 -2.3893210523e-02 9.2208948309e-02
1.3836000000e+01 -2.4290605040e-02 9.2169741481e-02
1.3837000000e+01 -2.4681710671e-02 9.2111990487e-02
1.3838000000e+01 -2.5066067451e-02 9.2035972786e-02
1.3839000000e+01 -2.5443227179e-02 9.1941982238e-02
1.3840000000e+01 -2.5812756106e-02 9.1830328121e-02
1.3841000000e+01 -2.6174237645e-02 9.1701334018e-02
1.3842000000e+01 -2.6527275033e-02 9.1555336579e-02
1.3843000000e+01 -2.6871493916e-02 9.1392684170e-02
1.3844000000e+01 -2.7206544779e-02 9.1213735465e-02
1.3845000000e+01 -2.7532105187e-02 9.1018857965e-02
1.3846000000e+01 -2.7847881789e-02 9.0808426516e-02
1.3847000000e+01 -2.8153612049e-02 9.0582821816e-02
1.3848000000e+01 -2.8449065676e-02 9.0342428968e-02
1.3849000000e+01 -2.8734045730e-02 9.0087636085e-02
1.3850000000e+01 -2.9008389399e-02 8.9818832990e-02
1.3851000000e+01 -2.9271968429e-02 8.9536410014e-02
1.3852000000e+01 -2.9524689230e-02 8.9240756931e-02
1.3853000000e+01 -2.9766492648e-02 8.8932262023e-02
1.3854000000e+01 -2.9997353425e-02 8.8611311292e-02
1.3855000000e+01 -3.0217279376e-02 8.8278287828e-02
1.3856000000e+01 -3.0426310287e-02 8.7933571316e-02
1.3857000000e+01 -3.0624516575e-02 8.7577537687e-02
1.3858000000e+01 -3.0811997727e-02 8.7210558889e-02
1.3859000000e+01 -3.0988880554e-02 8.6833002776e-02
1.3860000000e+01 -3.1155317278e-02 8.6445233074e-02
1.3861000000e+01 -3.1311483497e-02 8.6047609428e-02
1.3862000000e+01 -3.1457576033e-02 8.5640487476e-02
1.3863000000e+01 -3.1593810727e-02 8.5224218962e-02
1.3864000000e+01 -3.1720420171e-02 8.4799151823e-02
1.3865000000e+01 -3.1837651436e-02 8.4365630262e-02
1.3866000000e+01 -3.1945763812e-02 8.3923994771e-02
1.3867000000e+01 -3.2045026581e-02 8.3474582077e-02
1.3868000000e+01 -3.2135716867e-02 8.3017725009e-02
1.3869000000e+01 -3.2218117559e-02 8.2553752270e-02
1.3870000000e+01 -3.2292515366e-02 8.2082988089e-02
1.3871000000e+01 -3.2359198976e-02 8.1605751766e-02
1.3872000000e+01 -3.2418457382e-02 8.1122357093e-02
1.3873000000e+01 -3.2470578351e-02 8.0633111658e-02
1.3874000000e+01 -3.2515847059e-02 8.0138316026e-02
1.3875000000e+01 -3.2554544905e-02 7.9638262828e-02
1.3876000000e+01 -3.2586948479e-02 7.9133235738e-02
1.3877000000e+01 -3.2613328714e-02 7.8623508385e-02
1.3878000000e+01 -3.2633950185e-02 7.8109343199e-02
1.3879000000e+01 -3.2649070567e-02 7.7590990223e-02
1.3880000000e+01 -3.2658940227e-02 7.7068685915e-02
1.3881000000e+01 -3.2663801932e-02 7.6542651966e-02
1.3882000000e+01 -3.2663890670e-02 7.6013094167e-02
1.3883000000e+01 -3.2659433538e-02 7.5480201351e-02
1.3884000000e+01 -3.2650649700e-02 7.4944144436e-02
1.3885000000e+01 -3.2637750367e-02 7.4405075610e-02
1.3886000000e+01 -3.2620938792e-02 7.3863127669e-02
1.3887000000e+01 -3.2600410252e-02 7.3318413537e-02
1.3888000000e+01 -3.2576351987e-02 7.2771025992e-02
1.3889000000e+01 -3.2548943085e-02 7.2221037603e-02
1.3890000000e+01 -3.2518354292e-02 7.1668500896e-02
1.3891000000e+01 -3.2484747733e-02 7.1113448744e-02
1.3892000000e+01 -3.2448276543e-02 7.0555894986e-02
1.3893000000e+01 -3.2409084396e-02 6.9995835264e-02
1.3894000000e+01 -3.2367304946e-02 6.9433248055e-02
1.3895000000e+01 -3.2323061179e-02 6.8868095899e-02
1.3896000000e+01 -3.2276464706e-02 6.8300326767e-02
1.3897000000e+01 -3.2227614991e-02 6.7729875563e-02
1.3898000000e+01 -3.2176598570e-02 6.7156665724e-02
1.3899000000e+01 -3.2123488256e-02 6.6580610862e-02
1.3900000000e+01 -3.2068342383e-02 6.6001616443e-02
1.3901000000e+01 -3.2011204094e-02 6.5419581432e-02
1.3902000000e+01 -3.1952100717e-02 6.4834399894e-02
1.3903000000e+01 -3.1891043243e-02 6.4245962508e-02
1.3904000000e+01 -3.1828025934e-02 6.3654157957e-02
1.3905000000e+01 -3.1763026064e-02 6.3058874178e-02
1.3906000000e+01 -3.1696003823e-02 6.2459999448e-02
1.3907000000e+01 -3.1626902378e-02 6.1857423278e-02
1.3908000000e+01 -3.1555648094e-02 6.1251037132e-02
1.3909000000e+01 -3.1482150916e-02 6.0640734928e-02
1.3910000000e+01 -3.1406304898e-02 6.0026413363e-02
1.3911000000e+01 -3.1327988864e-02 5.9407972029e-02
1.3912000000e+01 -3.1247067189e-02 5.8785313368e-02
1.3913000000e+01 -3.1163390678e-02 5.8158342450e-02
1.3914000000e+01 -3.1076797516e-02 5.7526966616e-02
1.3915000000e+01 -3.0987114264e-02 5.6891094997e-02
1.3916000000e+01 -3.0894156899e-02 5.6250637937e-02
1.3917000000e+01 -3.0797731843e-02 5.5605506350e-02
1.3918000000e+01 -3.0697636996e-02 5.4955611025e-02
1.3919000000e+01 -3.0593662743e-02 5.4300861922e-02
1.3920000000e+01 -3.0485592918e-02 5.3641167474e-02
1.3921000000e+01 -3.0373205749e-02 5.2976433916e-02
1.3922000000e+01 -3.0256274748e-02 5.2306564672e-02
1.3923000000e+01 -3.0134569581e-02 5.1631459811e-02
1.3924000000e+01 -3.0007856904e-02 5.0951015587e-02
1.3925000000e+01 -2.9875901196e-02 5.0265124084e-02
1.3926000000e+01 -2.9738465581e-02 4.9573672964e-02
1.3927000000e+01 -2.9595312681e-02 4.8876545330e-02
1.3928000000e+01 -2.9446205486e-02 4.8173619706e-02
1.3929000000e+01 -2.9290908283e-02 4.7464770133e-02
1.3930000000e+01 -2.9129187645e-02 4.6749866385e-02
1.3931000000e+01 -2.8960813490e-02 4.6028774293e-02
1.3932000000e+01 -2.8785560235e-02 4.5301356176e-02
1.3933000000e+01 -2.8603208038e-02 4.4567471378e-02
1.3934000000e+01 -2.8413544142e-02 4.3826976891e-02
1.3935000000e+01 -2.8216364324e-02 4.3079728077e-02
1.3936000000e+01 -2.8011474430e-02 4.2325579453e-02
1.3937000000e+01 -2.7798692016e-02 4.1564385554e-02
1.3938000000e+01 -2.7577848055e-02 4.0796001846e-02
1.3939000000e+01 -2.7348788711e-02 4.0020285680e-02
1.3940000000e+01 -2.7111377153e-02 3.9237097271e-02
1.3941000000e+01 -2.6865495385e-02 3.8446300687e-02
1.3942000000e+01 -2.6611046062e-02 3.7647764827e-02
1.3943000000e+01 -2.6347954270e-02 3.6841364364e-02
1.3944000000e+01 -2.6076169220e-02 3.6026980645e-02
1.3945000000e+01 -2.5795665845e-02 3.5204502520e-02
1.3946000000e+01 -2.5506446253e-02 3.4373827083e-02
1.3947000000e+01 -2.5208541019e-02 3.3534860324e-02
1.3948000000e+01 -2.4902010278e-02 3.2687517671e-02
1.3949000000e+01 -2.4586944612e-02 3.1831724421e-02
1.3950000000e+01 -2.4263465694e-02 3.0967416067e-02
1.3951000000e+01 -2.3931726704e-02 3.0094538513e-02
1.3952000000e+01 -2.3591912487e-02 2.9213048213e-02
1.3953000000e+01 -2.3244239457e-02 2.8322912217e-02
1.3954000000e+01 -2.2888955269e-02 2.7424108173e-02
1.3955000000e+01 -2.2526338231e-02 2.6516624284e-02
1.3956000000e+01 -2.2156696508e-02 2.5600459258e-02
1.3957000000e+01 -2.1780367099e-02 2.4675622262e-02
1.3958000000e+01 -2.1397714619e-02 2.3742132905e-02
1.3959000000e+01 -2.1009129907e-02 2.2800021274e-02
1.3960000000e+01 -2.0615028465e-02 2.1849328026e-02
1.3961000000e+01 -2.0215848756e-02 2.0890104565e-02
1.3962000000e+01 -1.9812050380e-02 1.9922413293e-02
1.3963000000e+01 -1.9404112132e-02 1.8946327952e-02
1.3964000000e+01 -1.8992529977e-02 1.7961934057e-02
1.3965000000e+01 -1.8577814940e-02 1.6969329400e-02
1.3966000000e+01 -1.8160490939e-02 1.5968624635e-02
1.3967000000e+01 -1.7741092559e-02 1.4959943924e-02
1.3968000000e+01 -1.7320162802e-02 1.3943425621e-02
1.3969000000e+01 -1.6898250796e-02 1.2919222993e-02
1.3970000000e+01 -1.6475909506e-02 1.1887504938e-02
1.3971000000e+01 -1.6053693431e-02 1.0848456696e-02
1.3972000000e+01 -1.5632156322e-02 9.8022805108e-03
1.3973000000e+01 -1.5211848910e-02 8.7491962304e-03
1.3974000000e+01 -1.4793316680e-02 7.6894418080e-03
1.3975000000e+01 -1.4377097678e-02 6.6232736848e-03
1.3976000000e+01 -1.3963720379e-02 5.5509670218e-03
1.3977000000e+01 -1.3553701631e-02 4.4728157556e-03
1.3978000000e+01 -1.3147544667e-02 3.3891324543e-03
1.3979000000e+01 -1.2745737222e-02 2.3002479484e-03
1.3980000000e+01 -1.2348749758e-02 1.2065107210e-03
1.3981000000e+01 -1.1957033816e-02 1.0828603768e-04
1.3982000000e+01 -1.1571020501e-02 -9.9404518987e-04
1.3983000000e+01 -1.1191119139e-02 -2.1000878142e-03
1.3984000000e+01 -1.0817716099e-02 -3.2094341327e-03
1.3985000000e+01 -1.0451173811e-02 -4.3216658293e-03
1.3986000000e+01 -1.0091829997e-02 -5.4363561613e-03
1.3987000000e+01 -9.7399971163e-03 -6.5530723656e-03
1.3988000000e+01 -9.3959620570e-03 -7.6713782533e-03
1.3989000000e+01 -9.0599860613e-03 -8.7908369531e-03
1.3990000000e+01 -8.7323049030e-03 -9.9110137575e-03
1.3991000000e+01 -8.4131293105e-03 -1.1031479022e-02
1.3992000000e+01 -8.1026456297e-03 -1.2151811062e-02
1.3993000000e+01 -7.8010167151e-03 -1.3271598991e-02
1.3994000000e+01 -7.5083830306e-03 -1.4390445442e-02
1.3995000000e+01 -7.2248639372e-03 -1.5507969119e-02
1.3996000000e+01 -6.9505591394e-03 -1.6623807122e-02
1.3997000000e+01 -6.6855502550e-03 -1.7737617005e-02
1.3998000000e+01 -6.4299024761e-03 -1.8849078524e-02
1.3999000000e+01 -6.1836662789e-03 -1.9957895041e-02
1.4000000000e+01 -5.9468791468e-03 -2.1063794566e-02
1.4001000000e+01 -5.7195672666e-03 -2.2166530429e-02
1.4002000000e+01 -5.5017471641e-03 -2.3265881569e-02
1.4003000000e+01 -5.2934272457e-03 -2.4361652458e-02
1.4004000000e+01 -5.0946092214e-03 -2.5453672675e-02
1.4005000000e+01 -4.9052893863e-03 -2.6541796145e-02
1.4006000000e+01 -4.7254597500e-03 -2.7625900087e-02
1.4007000000e+01 -4.5551090045e-03 -2.8705883696e-02
1.4008000000e+01 -4.3942233313e-03 -2.9781666597e-02
1.4009000000e+01 -4.2427870555e-03 -3.0853187119e-02
1.4010000000e+01 -4.1007831573e-03 -3.1920400409e-02
1.4011000000e+01 -3.9681936587e-03 -3.2983276452e-02
1.4012000000e+01 -3.8449999051e-03 -3.4041798004e-02
1.4013000000e+01 -3.7311827658e-03 -3.5095958488e-02
1.4014000000e+01 -3.6267227760e-03 -3.6145759884e-02
1.4015000000e+01 -3.5316002464e-03 -3.7191210622e-02
1.4016000000e+01 -3.4457953633e-03 -3.8232323522e-02
1.4017000000e+01 -3.3692883011e-03 -3.9269113782e-02
1.4018000000e+01 -3.3020593683e-03 -4.0301597034e-02
1.4019000000e+01 -3.2440892026e-03 -4.1329787475e-02
1.4020000000e+01 -3.1953590290e-03 -4.2353696080e-02
1.4021000000e+01 -3.1558509900e-03 -4.3373328889e-02
1.4022000000e+01 -3.1255485503e-03 -4.4388685387e-02
1.4023000000e+01 -3.1044369792e-03 -4.5399756933e-02
1.4024000000e+01 -3.0925039004e-03 -4.6406525278e-02
1.4025000000e+01 -3.0897399023e-03 -4.7408961119e-02
1.4026000000e+01 -3.0961391907e-03 -4.8407022716e-02
1.4027000000e+01 -3.1117002654e-03 -4.9400654539e-02
1.4028000000e+01 -3.1364265964e-03 -5.0389785958e-02
1.4029000000e+01 -3.1703272734e-03 -5.1374329965e-02
1.4030000000e+01 -3.2134176007e-03 -5.2354181929e-02
1.4031000000e+01 -3.2657196073e-03 -5.3329218395e-02
1.4032000000e+01 -3.3272624448e-03 -5.4299295923e-02
1.4033000000e+01 -3.3980826434e-03 -5.5264249996e-02
1.4034000000e+01 -3.4782242023e-03 -5.6223893989e-02
1.4035000000e+01 -3.5677384904e-03 -5.7178018236e-02
1.4036000000e+01 -3.6666839385e-03 -5.8126389193e-02
1.4037000000e+01 -3.7751255088e-03 -5.9068748740e-02
1.4038000000e+01 -3.8931339299e-03 -6.0004813617e-02
1.4039000000e+01 -4.0207846942e-03 -6.0934275041e-02
1.4040000000e+01 -4.1581568168e-03 -6.1856798511e-02
1.4041000000e+01 -4.3053313624e-03 -6.2772023828e-02
1.4042000000e+01 -4.4623897536e-03 -6.3679565363e-02
1.4043000000e+01 -4.6294118794e-03 -6.4579012579e-02
1.4044000000e+01 -4.8064740291e-03 -6.5469930848e-02
1.4045000000e+01 -4.9936466845e-03 -6.6351862566e-02
1.4046000000e+01 -5.1909922078e-03 -6.7224328593e-02
1.4047000000e+01 -5.3985624705e-03 -6.8086830015e-02
1.4048000000e+01 -5.6163964684e-03 -6.8938850239e-02
1.4049000000e+01 -5.8445179774e-03 -6.9779857418e-02
1.4050000000e+01 -6.0829333011e-03 -7.0609307175e-02
1.4051000000e+01 -6.3316291627e-03 -7.1426645620e-02
1.4052000000e+01 -6.5905707942e-03 -7.2231312600e-02
1.4053000000e+01 -6.8597002667e-03 -7.3022745164e-02
1.4054000000e+01 -7.1389351053e-03 -7.3800381153e-02
1.4055000000e+01 -7.4281672198e-03 -7.4563662878e-02
1.4056000000e+01 -7.7272621771e-03 -7.5312040797e-02
1.4057000000e+01 -8.0360588279e-03 -7.6044977128e-02
1.4058000000e+01 -8.3543692912e-03 -7.6761949314e-02
1.4059000000e+01 -8.6819792898e-03 -7.7462453271e-02
1.4060000000e+01 -9.0186488164e-03 -7.8146006354e-02
1.4061000000e+01 -9.3641131039e-03 -7.8812149975e-02
1.4062000000e+01 -9.7180838614e-03 -7.9460451834e-02
1.4063000000e+01 -1.0080250732e-02 -8.0090507716e-02
1.4064000000e+01 -1.0450282923e-02 -8.0701942846e-02
1.4065000000e+01 -1.0827830959e-02 -8.1294412779e-02
1.4066000000e+01 -1.1212528500e-02 -8.1867603852e-02
1.4067000000e+01 -1.1603994174e-02 -8.2421233199e-02
1.4068000000e+01 -1.2001833385e-02 -8.2955048384e-02
1.4069000000e+01 -1.2405640041e-02 -8.3468826680e-02
1.4070000000e+01 -1.2814998174e-02 -8.3962374058e-02
1.4071000000e+01 -1.3229483423e-02 -8.4435523951e-02
1.4072000000e+01 -1.3648664360e-02 -8.4888135838e-02
1.4073000000e+01 -1.4072103653e-02 -8.5320093734e-02
1.4074000000e+01 -1.4499359057e-02 -8.5731304634e-02
1.4075000000e+01 -1.4929984240e-02 -8.6121696978e-02
1.4076000000e+01 -1.5363529467e-02 -8.6491219190e-02
1.4077000000e+01 -1.5799542148e-02 -8.6839838326e-02
1.4078000000e+01 -1.6237567279e-02 -8.7167538885e-02
1.4079000000e+01 -1.6677147807e-02 -8.7474321799e-02
1.4080000000e+01 -1.7117824939e-02 -8.7760203617e-02
1.4081000000e+01 -1.7559138431e-02 -8.8025215906e-02
1.4082000000e+01 -1.8000626882e-02 -8.8269404848e-02
1.4083000000e+01 -1.8441828060e-02 -8.8492831041e-02
1.4084000000e+01 -1.8882279286e-02 -8.8695569473e-02
1.4085000000e+01 -1.9321517880e-02 -8.8877709653e-02
1.4086000000e+01 -1.9759081712e-02 -8.9039355869e-02
1.4087000000e+01 -2.0194509834e-02 -8.9180627542e-02
1.4088000000e+01 -2.0627343225e-02 -8.9301659636e-02
1.4089000000e+01 -2.1057125624e-02 -8.9402603095e-02
1.4090000000e+01 -2.1483404468e-02 -8.9483625269e-02
1.4091000000e+01 -2.1905731910e-02 -8.9544910290e-02
1.4092000000e+01 -2.2323665908e-02 -8.9586659372e-02
1.4093000000e+01 -2.2736771370e-02 -8.9609090995e-02
1.4094000000e+01 -2.3144621343e-02 -8.9612440961e-02
1.4095000000e+01 -2.3546798222e-02 -8.9596962274e-02
1.4096000000e+01 -2.3942894963e-02 -8.9562924852e-02
1.4097000000e+01 -2.4332516294e-02 -8.9510615043e-02
1.4098000000e+01 -2.4715279899e-02 -8.9440334938e-02
1.4099000000e+01 -2.5090817573e-02 -8.9352401486e-02
1.4100000000e+01 -2.5458776334e-02 -8.9247145417e-02
1.4101000000e+01 -2.5818819494e-02 -8.9124909982e-02
1.4102000000e+01 -2.6170627674e-02 -8.8986049535e-02
1.4103000000e+01 -2.6513899777e-02 -8.8830927975e-02
1.4104000000e+01 -2.6848353902e-02 -8.8659917084e-02
1.4105000000e+01 -2.7173728210e-02 -8.8473394798e-02
1.4106000000e+01 -2.7489781744e-02 -8.8271743437e-02
1.4107000000e+01 -2.7796295186e-02 -8.8055347939e-02
1.4108000000e+01 -2.8093071568e-02 -8.7824594135e-02
1.4109000000e+01 -2.8379936923e-02 -8.7579867097e-02
1.4110000000e+01 -2.8656740864e-02 -8.7321549593e-02
1.4111000000e+01 -2.8923357093e-02 -8.7050020684e-02
1.4112000000e+01 -2.9179683829e-02 -8.6765654478e-02
1.4113000000e+01 -2.9425644132e-02 -8.6468819063e-02
1.4114000000e+01 -2.9661186121e-02 -8.6159875640e-02
1.4115000000e+01 -2.9886283076e-02 -8.5839177854e-02
1.4116000000e+01 -3.0100933405e-02 -8.5507071321e-02
1.4117000000e+01 -3.0305160464e-02 -8.5163893369e-02
1.4118000000e+01 -3.0499012235e-02 -8.4809972945e-02
1.4119000000e+01 -3.0682560846e-02 -8.4445630710e-02
1.4120000000e+01 -3.0855901937e-02 -8.4071179270e-02
1.4121000000e+01 -3.1019153863e-02 -8.3686923538e-02
1.4122000000e+01 -3.1172456760e-02 -8.3293161189e-02
1.4123000000e+01 -3.1315971456e-02 -8.2890183179e-02
1.4124000000e+01 -3.1449878259e-02 -8.2478274308e-02
1.4125000000e+01 -3.1574375625e-02 -8.2057713776e-02
1.4126000000e+01 -3.1689678723e-02 -8.1628775734e-02
1.4127000000e+01 -3.1796017913e-02 -8.1191729778e-02
1.4128000000e+01 -3.1893637169e-02 -8.0746841389e-02
1.4129000000e+01 -3.1982792436e-02 -8.0294372287e-02
1.4130000000e+01 -3.2063749980e-02 -7.9834580698e-02
1.4131000000e+01 -3.2136784710e-02 -7.9367721526e-02
1.4132000000e+01 -3.2202178515e-02 -7.8894046421e-02
1.4133000000e+01 -3.2260218628e-02 -7.8413803755e-02
1.4134000000e+01 -3.2311196017e-02 -7.7927238501e-02
1.4135000000e+01 -3.2355403831e-02 -7.7434592030e-02
1.4136000000e+01 -3.2393135906e-02 -7.6936101821e-02
1.4137000000e+01 -3.2424685329e-02 -7.6432001106e-02
1.4138000000e+01 -3.2450343085e-02 -7.5922518447e-02
1.4139000000e+01 -3.2470396771e-02 -7.5407877261e-02
1.4140000000e+01 -3.2485129397e-02 -7.4888295300e-02
1.4141000000e+01 -3.2494818261e-02 -7.4363984086e-02
1.4142000000e+01 -3.2499733908e-02 -7.3835148322e-02
1.4143000000e+01 -3.2500139176e-02 -7.3301985275e-02
1.4144000000e+01 -3.2496288317e-02 -7.2764684147e-02
1.4145000000e+01 -3.2488426203e-02 -7.2223425442e-02
1.4146000000e+01 -3.2476787607e-02 -7.1678380334e-02
1.4147000000e+01 -3.2461596573e-02 -7.1129710055e-02
1.4148000000e+01 -3.2443065846e-02 -7.0577565306e-02
1.4149000000e+01 -3.2421396391e-02 -7.0022085719e-02
1.4150000000e+01 -3.2396776956e-02 -6.9463399361e-02
1.4151000000e+01 -3.2369383717e-02 -6.8901622310e-02
1.4152000000e+01 -3.2339379954e-02 -6.8336858317e-02
1.4153000000e+01 -3.2306915780e-02 -6.7769198545e-02
1.4154000000e+01 -3.2272127892e-02 -6.7198721416e-02
1.4155000000e+01 -3.2235139346e-02 -6.6625492555e-02
1.4156000000e+01 -3.2196059337e-02 -6.6049564848e-02
1.4157000000e+01 -3.2154982975e-02 -6.5470978590e-02
1.4158000000e+01 -3.2111991060e-02 -6.4889761743e-02
1.4159000000e+01 -3.2067149827e-02 -6.4305930280e-02
1.4160000000e+01 -3.2020510685e-02 -6.3719488594e-02
1.4161000000e+01 -3.1972109928e-02 -6.3130429982e-02
1.4162000000e+01 -3.1921968430e-02 -6.2538737155e-02
1.4163000000e+01 -3.1870091335e-02 -6.1944382784e-02
1.4164000000e+01 -3.1816467740e-02 -6.1347330031e-02
1.4165000000e+01 -3.1761070396e-02 -6.0747533080e-02
1.4166000000e+01 -3.1703855424e-02 -6.0144937622e-02
1.4167000000e+01 -3.1644762082e-02 -5.9539481293e-02
1.4168000000e+01 -3.1583712580e-02 -5.8931094049e-02
1.4169000000e+01 -3.1520611978e-02 -5.8319698479e-02
1.4170000000e+01 -3.1455348162e-02 -5.7705210030e-02
1.4171000000e+01 -3.1387791929e-02 -5.7087537170e-02
1.4172000000e+01 -3.1317797187e-02 -5.6466581474e-02
1.4173000000e+01 -3.1245201270e-02 -5.5842237649e-02
1.4174000000e+01 -3.1169825395e-02 -5.5214393510e-02
1.4175000000e+01 -3.1091475236e-02 -5.4582929918e-02
1.4176000000e+01 -3.1009941636e-02 -5.3947720695e-02
1.4177000000e+01 -3.0925001443e-02 -5.3308632550e-02
1.4178000000e+01 -3.0836418463e-02 -5.2665525008e-02
1.4179000000e+01 -3.0743944524e-02 -5.2018250388e-02
1.4180000000e+01 -3.0647320643e-02 -5.1366653830e-02
1.4181000000e+01 -3.0546278279e-02 -5.0710573396e-02
1.4182000000e+01 -3.0440540671e-02 -5.0049840255e-02
1.4183000000e+01 -3.0329824248e-02 -4.9384278958e-02
1.4184000000e+01 -3.0213840107e-02 -4.8713707821e-02
1.4185000000e+01 -3.0092295556e-02 -4.8037939404e-02
1.4186000000e+01 -2.9964895711e-02 -4.7356781094e-02
1.4187000000e+01 -2.9831345167e-02 -4.6670035782e-02
1.4188000000e+01 -2.9691349715e-02 -4.5977502634e-02
1.4189000000e+01 -2.9544618134e-02 -4.5278977932e-02
1.4190000000e+01 -2.9390864036e-02 -4.4574255990e-02
1.4191000000e+01 -2.9229807783e-02 -4.3863130113e-02
1.4192000000e+01 -2.9061178449e-02 -4.3145393597e-02
1.4193000000e+01 -2.8884715842e-02 -4.2420840749e-02
1.4194000000e+01 -2.8700172567e-02 -4.1689267917e-02
1.4195000000e+01 -2.8507316102e-02 -4.0950474512e-02
1.4196000000e+01 -2.8305930895e-02 -4.0204264001e-02
1.4197000000e+01 -2.8095820438e-02 -3.9450444881e-02
1.4198000000e+01 -2.7876809292e-02 -3.8688831594e-02
1.4199000000e+01 -2.7648745054e-02 -3.7919245400e-02
1.4200000000e+01 -2.7411500214e-02 -3.7141515185e-02
1.4201000000e+01 -2.7164973889e-02 -3.6355478200e-02
1.4202000000e+01 -2.6909093398e-02 -3.5560980737e-02
1.4203000000e+01 -2.6643815658e-02 -3.4757878738e-02
1.4204000000e+01 -2.6369128380e-02 -3.3946038324e-02
1.4205000000e+01 -2.6085051046e-02 -3.3125336279e-02
1.4206000000e+01 -2.5791635662e-02 -3.2295660457e-02
1.4207000000e+01 -2.5488967277e-02 -3.1456910155e-02
1.4208000000e+01 -2.5177164270e-02 -3.0608996432e-02
1.4209000000e+01 -2.4856378416e-02 -2.9751842399e-02
1.4210000000e+01 -2.4526794728e-02 -2.8885383486e-02
1.4211000000e+01 -2.4188631099e-02 -2.8009567700e-02
1.4212000000e+01 -2.3842137750e-02 -2.7124355868e-02
1.4213000000e+01 -2.3487596509e-02 -2.6229721901e-02
1.4214000000e+01 -2.3125319921e-02 -2.5325653061e-02
1.4215000000e+01 -2.2755650214e-02 -2.4412150253e-02
1.4216000000e+01 -2.2378958130e-02 -2.3489228351e-02
1.4217000000e+01 -2.1995641631e-02 -2.2556916547e-02
1.4218000000e+01 -2.1606124482e-02 -2.1615258741e-02
1.4219000000e+01 -2.1210854717e-02 -2.0664313965e-02
1.4220000000e+01 -2.0810302997e-02 -1.9704156833e-02
1.4221000000e+01 -2.0404960842e-02 -1.8734878020e-02
1.4222000000e+01 -1.9995338762e-02 -1.7756584759e-02
1.4223000000e+01 -1.9581964248e-02 -1.6769401334e-02
1.4224000000e+01 -1.9165379658e-02 -1.5773469564e-02
1.4225000000e+01 -1.8746139974e-02 -1.4768949256e-02
1.4226000000e+01 -1.8324810432e-02 -1.3756018603e-02
1.4227000000e+01 -1.7901964049e-02 -1.2734874503e-02
1.4228000000e+01 -1.7478179027e-02 -1.1705732787e-02
1.4229000000e+01 -1.7054036075e-02 -1.0668828320e-02
1.4230000000e+01 -1.6630115653e-02 -9.6244149486e-03
1.4231000000e+01 -1.6206995161e-02 -8.5727652967e-03
1.4232000000e+01 -1.5785246120e-02 -7.5141703639e-03
1.4233000000e+01 -1.5365431359e-02 -6.4489389302e-03
1.4234000000e+01 -1.4948102259e-02 -5.3773967492e-03
1.4235000000e+01 -1.4533796094e-02 -4.2998855262e-03
1.4236000000e+01 -1.4123033519e-02 -3.2167616789e-03
1.4237000000e+01 -1.3716316229e-02 -2.1283948873e-03
1.4238000000e+01 -1.3314124857e-02 -1.0351664414e-03
1.4239000000e+01 -1.2916917125e-02 6.2532597962e-05
1.4240000000e+01 -1.2525126298e-02 1.1643034056e-03
1.4241000000e+01 -1.2139159952e-02 2.2697415420e-03
1.4242000000e+01 -1.1759399091e-02 3.3784392200e-03
1.4243000000e+01 -1.1386197601e-02 4.4899876570e-03
1.4244000000e+01 -1.1019882066e-02 5.6039794809e-03
1.4245000000e+01 -1.0660751912e-02 6.7200111571e-03
1.4246000000e+01 -1.0309079885e-02 7.8376853991e-03
1.4247000000e+01 -9.9651128209e-03 8.9566135305e-03
1.4248000000e+01 -9.6290726928e-03 1.0076417763e-02
1.4249000000e+01 -9.3011578825e-03 1.1196733356e-02
1.4250000000e+01 -8.9815446503e-03 1.2317210627e-02
1.4251000000e+01 -8.6703887529e-03 1.3437516779e-02
1.4252000000e+01 -8.3678271675e-03 1.4557337520e-02
1.4253000000e+01 -8.0739798786e-03 1.5676378448e-02
1.4254000000e+01 -7.7889516851e-03 1.6794366172e-02
1.4255000000e+01 -7.5128339879e-03 1.7911049157e-02
1.4256000000e+01 -7.2457065207e-03 1.9026198272e-02
1.4257000000e+01 -6.9876389929e-03 2.0139607027e-02
1.4258000000e+01 -6.7386926157e-03 2.1251091497e-02
1.4259000000e+01 -6.4989214896e-03 2.2360489932e-02
1.4260000000e+01 -6.2683738345e-03 2.3467662040e-02
1.4261000000e+01 -6.0470930511e-03 2.4572487986e-02
1.4262000000e+01 -5.8351186055e-03 2.5674867085e-02
1.4263000000e+01 -5.6324867341e-03 2.6774716245e-02
1.4264000000e+01 -5.4392309726e-03 2.7871968172e-02
1.4265000000e+01 -5.2553825130e-03 2.8966569372e-02
1.4266000000e+01 -5.0809704020e-03 3.0058477992e-02
1.4267000000e+01 -4.9160215925e-03 3.1147661548e-02
1.4268000000e+01 -4.7605608687e-03 3.2234094573e-02
1.4269000000e+01 -4.6146106630e-03 3.3317756238e-02
1.4270000000e+01 -4.4781907920e-03 3.4398627986e-02
1.4271000000e+01 -4.3513181331e-03 3.5476691220e-02
1.4272000000e+01 -4.2340062743e-03 3.6551925093e-02
1.4273000000e+01 -4.1262651612e-03 3.7624304409e-02
1.4274000000e+01 -4.0281007738e-03 3.8693797689e-02
1.4275000000e+01 -3.9395148570e-03 3.9760365401e-02
1.4276000000e+01 -3.8605047347e-03 4.0823958373e-02
1.4277000000e+01 -3.7910632274e-03 4.1884516400e-02
1.4278000000e+01 -3.7311786941e-03 4.2941967031e-02
1.4279000000e+01 -3.6808352121e-03 4.3996224542e-02
1.4280000000e+01 -3.6400129049e-03 4.5047189079e-02
1.4281000000e+01 -3.6086884192e-03 4.6094745945e-02
1.4282000000e+01 -3.5868355490e-03 4.7138765031e-02
1.4283000000e+01 -3.5744259964e-03 4.8179100360e-02
1.4284000000e+01 -3.5714302523e-03 4.9215589726e-02
1.4285000000e+01 -3.5778185749e-03 5.0248054419e-02
1.4286000000e+01 -3.5935620390e-03 5.1276299008e-02
1.4287000000e+01 -3.6186336232e-03 5.2300111175e-02
1.4288000000e+01 -3.6530092986e-03 5.3319261598e-02
1.4289000000e+01 -3.6966690820e-03 5.4333503855e-02
1.4290000000e+01 -3.7495980109e-03 5.5342574377e-02
1.4291000000e+01 -3.8117870034e-03 5.6346192409e-02
1.4292000000e+01 -3.8832335608e-03 5.7344060030e-02
1.4293000000e+01 -3.9639422783e-03 5.8335862192e-02
1.4294000000e+01 -4.0539251314e-03 5.9321266829e-02
1.4295000000e+01 -4.1532015099e-03 6.0299925016e-02
1.4296000000e+01 -4.2617979816e-03 6.1271471218e-02
1.4297000000e+01 -4.3797477717e-03 6.2235523633e-02
1.4298000000e+01 -4.5070899557e-03 6.3191684652e-02
1.4299000000e+01 -4.6438683718e-03 6.4139541458e-02
1.4300000000e+01 -4.7901302687e-03 6.5078666782e-02
1.4301000000e+01 -4.9459247127e-03 6.6008619826e-02
1.4302000000e+01 -5.1113007879e-03 6.6928947381e-02
1.4303000000e+01 -5.2863056309e-03 6.7839185138e-02
1.4304000000e+01 -5.4709823452e-03 6.8738859196e-02
1.4305000000e+01 -5.6653678468e-03 6.9627487771e-02
1.4306000000e+01 -5.8694906943e-03 7.0504583093e-02
1.4307000000e+01 -6.0833689567e-03 7.1369653463e-02
1.4308000000e+01 -6.3070081698e-03 7.2222205469e-02
1.4309000000e+01 -6.5403994316e-03 7.3061746302e-02
1.4310000000e+01 -6.7835176769e-03 7.3887786159e-02
1.4311000000e+01 -7.0363201702e-03 7.4699840672e-02
1.4312000000e+01 -7.2987452446e-03 7.5497433335e-02
1.4313000000e+01 -7.5707113070e-03 7.6280097867e-02
1.4314000000e+01 -7.8521161217e-03 7.7047380481e-02
1.4315000000e+01 -8.1428363768e-03 7.7798841997e-02
1.4316000000e+01 -8.4427275249e-03 7.8534059779e-02
1.4317000000e+01 -8.7516238897e-03 7.9252629432e-02
1.4318000000e+01 -9.0693390150e-03 7.9954166258e-02
1.4319000000e+01 -9.3956662347e-03 8.0638306426e-02
1.4320000000e+01 -9.7303794320e-03 8.1304707855e-02
1.4321000000e+01 -1.0073233958e-02 8.1953050786e-02
1.4322000000e+01 -1.0423967677e-02 8.2583038069e-02
1.4323000000e+01 -1.0782302100e-02 8.3194395149e-02
1.4324000000e+01 -1.1147943579e-02 8.3786869793e-02
1.4325000000e+01 -1.1520584528e-02 8.4360231566e-02
1.4326000000e+01 -1.1899904638e-02 8.4914271105e-02
1.4327000000e+01 -1.2285572067e-02 8.5448799215e-02
1.4328000000e+01 -1.2677244564e-02 8.5963645843e-02
1.4329000000e+01 -1.3074570529e-02 8.6458658968e-02
1.4330000000e+01 -1.3477189966e-02 8.6933703454e-02
1.4331000000e+01 -1.3884735333e-02 8.7388659920e-02
1.4332000000e+01 -1.4296832265e-02 8.7823423657e-02
1.4333000000e+01 -1.4713100175e-02 8.8237903643e-02
1.4334000000e+01 -1.5133152710e-02 8.8632021687e-02
1.4335000000e+01 -1.5556598085e-02 8.9005711724e-02
1.4336000000e+01 -1.5983039282e-02 8.9358919291e-02
1.4337000000e+01 -1.6412074129e-02 8.9691601185e-02
1.4338000000e+01 -1.6843295277e-02 9.0003725318e-02
1.4339000000e+01 -1.7276290085e-02 9.0295270761e-02
1.4340000000e+01 -1.7710640430e-02 9.0566227964e-02
1.4341000000e+01 -1.8145922490e-02 9.0816599137e-02
1.4342000000e+01 -1.8581706492e-02 9.1046398782e-02
1.4343000000e+01 -1.9017556492e-02 9.1255654321e-02
1.4344000000e+01 -1.9453030197e-02 9.1444406821e-02
1.4345000000e+01 -1.9887678863e-02 9.1612711766e-02
1.4346000000e+01 -2.0321047318e-02 9.1760639850e-02
1.4347000000e+01 -2.0752674126e-02 9.1888277754e-02
1.4348000000e+01 -2.1182091930e-02 9.1995728885e-02
1.4349000000e+01 -2.1608828004e-02 9.2083114036e-02
1.4350000000e+01 -2.2032405031e-02 9.2150571950e-02
1.4351000000e+01 -2.2452342128e-02 9.2198259768e-02
1.4352000000e+01 -2.2868156131e-02 9.2226353322e-02
1.4353000000e+01 -2.3279363133e-02 9.2235047286e-02
1.4354000000e+01 -2.3685480287e-02 9.2224555146e-02
1.4355000000e+01 -2.4086027845e-02 9.2195109005e-02
1.4356000000e+01 -2.4480531408e-02 9.2146959204e-02
1.4357000000e+01 -2.4868524375e-02 9.2080373762e-02
1.4358000000e+01 -2.5249550523e-02 9.1995637653e-02
1.4359000000e+01 -2.5623166698e-02 9.1893051913e-02
1.4360000000e+01 -2.5988945537e-02 9.1772932595e-02
1.4361000000e+01 -2.6346478198e-02 9.1635609597e-02
1.4362000000e+01 -2.6695377014e-02 9.1481425375e-02
1.4363000000e+01 -2.7035278031e-02 9.1310733558e-02
1.4364000000e+01 -2.7365843374e-02 9.1123897506e-02
1.4365000000e+01 -2.7686763397e-02 9.0921288825e-02
1.4366000000e+01 -2.7997758570e-02 9.0703285874e-02
1.4367000000e+01 -2.8298581078e-02 9.0470272285e-02
1.4368000000e+01 -2.8589016102e-02 9.0222635536e-02
1.4369000000e+01 -2.8868882766e-02 8.9960765591e-02
1.4370000000e+01 -2.9138034745e-02 8.9685053632e-02
1.4371000000e+01 -2.9396360529e-02 8.9395890920e-02
1.4372000000e+01 -2.9643783356e-02 8.9093667771e-02
1.4373000000e+01 -2.9880260823e-02 8.8778772682e-02
1.4374000000e+01 -3.0105784183e-02 8.8451591611e-02
1.4375000000e+01 -3.0320377376e-02 8.8112507391e-02
1.4376000000e+01 -3.0524095781e-02 8.7761899304e-02
1.4377000000e+01 -3.0717024755e-02 8.7400142772e-02
1.4378000000e+01 -3.0899277954e-02 8.7027609179e-02
1.4379000000e+01 -3.1070995481e-02 8.6644665792e-02
1.4380000000e+01 -3.1232341897e-02 8.6251675754e-02
1.4381000000e+01 -3.1383504100e-02 8.5848998145e-02
1.4382000000e+01 -3.1524689131e-02 8.5436988067e-02
1.4383000000e+01 -3.1656121913e-02 8.5015996745e-02
1.4384000000e+01 -3.1778042966e-02 8.4586371607e-02
1.4385000000e+01 -3.1890706124e-02 8.4148456329e-02
1.4386000000e+01 -3.1994376275e-02 8.3702590825e-02
1.4387000000e+01 -3.2089327161e-02 8.3249111157e-02
1.4388000000e+01 -3.2175839255e-02 8.2788349354e-02
1.4389000000e+01 -3.2254197742e-02 8.2320633129e-02
1.4390000000e+01 -3.2324690620e-02 8.1846285479e-02
1.4391000000e+01 -3.2387606947e-02 8.1365624171e-02
1.4392000000e+01 -3.2443235231e-02 8.0878961100e-02
1.4393000000e+01 -3.2491861997e-02 8.0386601537e-02
1.4394000000e+01 -3.2533770512e-02 7.9888843257e-02
1.4395000000e+01 -3.2569239691e-02 7.9385975567e-02
1.4396000000e+01 -3.2598543164e-02 7.8878278249e-02
1.4397000000e+01 -3.2621948524e-02 7.8366020426e-02
1.4398000000e+01 -3.2639716714e-02 7.7849459390e-02
1.4399000000e+01 -3.2652101573e-02 7.7328839391e-02
1.4400000000e+01 -3.2659349501e-02 7.6804390449e-02
1.4401000000e+01 -3.2661699244e-02 7.6276327177e-02
1.4402000000e+01 -3.2659381763e-02 7.5744847682e-02
1.4403000000e+01 -3.2652620172e-02 7.5210132549e-02
1.4404000000e+01 -3.2641629720e-02 7.4672343949e-02
1.4405000000e+01 -3.2626617794e-02 7.4131624892e-02
1.4406000000e+01 -3.2607783913e-02 7.3588098657e-02
1.4407000000e+01 -3.2585319700e-02 7.3041868408e-02
1.4408000000e+01 -3.2559408789e-02 7.2493017029e-02
1.4409000000e+01 -3.2530226684e-02 7.1941607177e-02
1.4410000000e+01 -3.2497940516e-02 7.1387681559e-02
1.4411000000e+01 -3.2462708715e-02 7.0831263449e-02
1.4412000000e+01 -3.2424680585e-02 7.0272357416e-02
1.4413000000e+01 -3.2383995777e-02 6.9710950271e-02
1.4414000000e+01 -3.2340783678e-02 6.9147012203e-02
1.4415000000e+01 -3.2295162713e-02 6.8580498089e-02
1.4416000000e+01 -3.2247239602e-02 6.8011348943e-02
1.4417000000e+01 -3.2197108559e-02 6.7439493472e-02
1.4418000000e+01 -3.2144850498e-02 6.6864849718e-02
1.4419000000e+01 -3.2090532237e-02 6.6287326722e-02
1.4420000000e+01 -3.2034205755e-02 6.5706826205e-02
1.4421000000e+01 -3.1975907508e-02 6.5123244205e-02
1.4422000000e+01 -3.1915657849e-02 6.4536472641e-02
1.4423000000e+01 -3.1853460557e-02 6.3946400778e-02
1.4424000000e+01 -3.1789302507e-02 6.3352916563e-02
1.4425000000e+01 -3.1723153485e-02 6.2755907795e-02
1.4426000000e+01 -3.1654966167e-02 6.2155263134e-02
1.4427000000e+01 -3.1584676257e-02 6.1550872903e-02
1.4428000000e+01 -3.1512202786e-02 6.0942629715e-02
1.4429000000e+01 -3.1437448571e-02 6.0330428884e-02
1.4430000000e+01 -3.1360300810e-02 5.9714168647e-02
1.4431000000e+01 -3.1280631809e-02 5.9093750206e-02
1.4432000000e+01 -3.1198299813e-02 5.8469077585e-02
1.4433000000e+01 -3.1113149927e-02 5.7840057341e-02
1.4434000000e+01 -3.1025015094e-02 5.7206598142e-02
1.4435000000e+01 -3.0933717120e-02 5.6568610221e-02
1.4436000000e+01 -3.0839067708e-02 5.5926004764e-02
1.4437000000e+01 -3.0740869498e-02 5.5278693225e-02
1.4438000000e+01 -3.0638917083e-02 5.4626586615e-02
1.4439000000e+01 -3.0532998003e-02 5.3969594784e-02
1.4440000000e+01 -3.0422893691e-02 5.3307625721e-02
1.4441000000e+01 -3.0308380391e-02 5.2640584899e-02
1.4442000000e+01 -3.0189230028e-02 5.1968374672e-02
1.4443000000e+01 -3.0065211057e-02 5.1290893765e-02
1.4444000000e+01 -2.9936089284e-02 5.0608036843e-02
1.4445000000e+01 -2.9801628679e-02 4.9919694197e-02
1.4446000000e+01 -2.9661592204e-02 4.9225751530e-02
1.4447000000e+01 -2.9515742654e-02 4.8526089869e-02
1.4448000000e+01 -2.9363843540e-02 4.7820585593e-02
1.4449000000e+01 -2.9205660031e-02 4.7109110578e-02
1.4450000000e+01 -2.9040959959e-02 4.6391532459e-02
1.4451000000e+01 -2.8869514911e-02 4.5667715005e-02
1.4452000000e+01 -2.8691101412e-02 4.4937518600e-02
1.4453000000e+01 -2.8505502203e-02 4.4200800826e-02
1.4454000000e+01 -2.8312507630e-02 4.3457417133e-02
1.4455000000e+01 -2.8111917132e-02 4.2707221601e-02
1.4456000000e+01 -2.7903540824e-02 4.1950067772e-02
1.4457000000e+01 -2.7687201177e-02 4.1185809544e-02
1.4458000000e+01 -2.7462734766e-02 4.0414302119e-02
1.4459000000e+01 -2.7229994078e-02 3.9635402981e-02
1.4460000000e+01 -2.6988849352e-02 3.8848972896e-02
1.4461000000e+01 -2.6739190425e-02 3.8054876909e-02
1.4462000000e+01 -2.6480928557e-02 3.7252985320e-02
1.4463000000e+01 -2.6213998197e-02 3.6443174623e-02
1.4464000000e+01 -2.5938358661e-02 3.5625328382e-02
1.4465000000e+01 -2.5653995692e-02 3.4799338036e-02
1.4466000000e+01 -2.5360922865e-02 3.3965103602e-02
1.4467000000e+01 -2.5059182810e-02 3.3122534288e-02
1.4468000000e+01 -2.4748848237e-02 3.2271548981e-02
1.4469000000e+01 -2.4430022727e-02 3.1412076636e-02
1.4470000000e+01 -2.4102841289e-02 3.0544056550e-02
1.4471000000e+01 -2.3767470665e-02 2.9667438538e-02
1.4472000000e+01 -2.3424109383e-02 2.8782183022e-02
1.4473000000e+01 -2.3072987554e-02 2.7888261052e-02
1.4474000000e+01 -2.2714366425e-02 2.6985654278e-02
1.4475000000e+01 -2.2348537693e-02 2.6074354896e-02
1.4476000000e+01 -2.1975822596e-02 2.5154365588e-02
1.4477000000e+01 -2.1596570797e-02 2.4225699486e-02
1.4478000000e+01 -2.1211159070e-02 2.3288380166e-02
1.4479000000e+01 -2.0819989827e-02 2.2342441710e-02
1.4480000000e+01 -2.0423489480e-02 2.1387928824e-02
1.4481000000e+01 -2.0022106674e-02 2.0424897052e-02
1.4482000000e+01 -1.9616310399e-02 1.9453413068e-02
1.4483000000e+01 -1.9206588009e-02 1.8473555059e-02
1.4484000000e+01 -1.8793443146e-02 1.7485413196e-02
1.4485000000e+01 -1.8377393606e-02 1.6489090184e-02
1.4486000000e+01 -1.7958969141e-02 1.5484701884e-02
1.4487000000e+01 -1.7538709219e-02 1.4472377991e-02
1.4488000000e+01 -1.7117160758e-02 1.3452262750e-02
1.4489000000e+01 -1.6694875839e-02 1.2424515695e-02
1.4490000000e+01 -1.6272409403e-02 1.1389312385e-02
1.4491000000e+01 -1.5850316967e-02 1.0346845115e-02
1.4492000000e+01 -1.5429152338e-02 9.2973235768e-03
1.4493000000e+01 -1.5009465366e-02 8.2409754336e-03
1.4494000000e+01 -1.4591799722e-02 7.1780467980e-03
1.4495000000e+01 -1.4176690732e-02 6.1088025673e-03
1.4496000000e+01 -1.3764663267e-02 5.0335265985e-03
1.4497000000e+01 -1.3356229705e-02 3.9525216939e-03
1.4498000000e+01 -1.2951887982e-02 2.8661093713e-03
1.4499000000e+01 -1.2552119735e-02 1.7746293990e-03
1.4500000000e+01 -1.2157388569e-02 6.7843907622e-04
1.4501000000e+01 -1.1768138447e-02 -4.2208775412e-04
1.4502000000e+01 -1.1384792236e-02 -1.5265619686e-03
1.4503000000e+01 -1.1007750410e-02 -2.6345807037e-03
1.4504000000e+01 -1.0637389947e-02 -3.7457291687e-03
1.4505000000e+01 -1.0274063416e-02 -4.8595827177e-03
1.4506000000e+01 -9.9180982937e-03 -5.9757091608e-03
1.4507000000e+01 -9.5697964981e-03 -7.0936712851e-03
1.4508000000e+01 -9.2294341768e-03 -8.2130295509e-03
1.4509000000e+01 -8.8972617352e-03 -9.3333449185e-03
1.4510000000e+01 -8.5735041190e-03 -1.0454181759e-02
1.4511000000e+01 -8.2583613431e-03 -1.1575110793e-02
1.4512000000e+01 -7.9520092587e-03 -1.2695712003e-02
1.4513000000e+01 -7.6546005444e-03 -1.3815577461e-02
1.4514000000e+01 -7.3662659002e-03 -1.4934314012e-02
1.4515000000e+01 -7.0871154174e-03 -1.6051545761e-02
1.4516000000e+01 -6.8172400956e-03 -1.7166916310e-02
1.4517000000e+01 -6.5567134687e-03 -1.8280090707e-02
1.4518000000e+01 -6.3055933059e-03 -1.9390757060e-02
1.4519000000e+01 -6.0639233451e-03 -2.0498627804e-02
1.4520000000e+01 -5.8317350229e-03 -2.1603440583e-02
1.4521000000e+01 -5.6090491610e-03 -2.2704958764e-02
1.4522000000e+01 -5.3958775772e-03 -2.3802971563e-02
1.4523000000e+01 -5.1922245896e-03 -2.4897293807e-02
1.4524000000e+01 -4.9980883909e-03 -2.5987765356e-02
1.4525000000e+01 -4.8134622747e-03 -2.7074250198e-02
1.4526000000e+01 -4.6383357034e-03 -2.8156635267e-02
1.4527000000e+01 -4.4726952138e-03 -2.9234828999e-02
1.4528000000e+01 -4.3165251627e-03 -3.0308759691e-02
1.4529000000e+01 -4.1698083228e-03 -3.1378373684e-02
1.4530000000e+01 -4.0325263419e-03 -3.2443633408e-02
1.4531000000e+01 -3.9046600846e-03 -3.3504515342e-02
1.4532000000e+01 -3.7861898776e-03 -3.4561007913e-02
1.4533000000e+01 -3.6770956823e-03 -3.5613109358e-02
1.4534000000e+01 -3.5773572190e-03 -3.6660825606e-02
1.4535000000e+01 -3.4869540675e-03 -3.7704168164e-02
1.4536000000e+01 -3.4058657665e-03 -3.8743152067e-02
1.4537000000e+01 -3.3340719338e-03 -3.9777793882e-02
1.4538000000e+01 -3.2715524264e-03 -4.0808109779e-02
1.4539000000e+01 -3.2182875551e-03 -4.1834113697e-02
1.4540000000e+01 -3.1742583659e-03 -4.2855815579e-02
1.4541000000e+01 -3.1394469956e-03 -4.3873219696e-02
1.4542000000e+01 -3.1138371040e-03 -4.4886323046e-02
1.4543000000e+01 -3.0974143791e-03 -4.5895113821e-02
1.4544000000e+01 -3.0901671098e-03 -4.6899569945e-02
1.4545000000e+01 -3.0920868120e-03 -4.7899657651e-02
1.4546000000e+01 -3.1031688901e-03 -4.8895330119e-02
1.4547000000e+01 -3.1234133149e-03 -4.9886526140e-02
1.4548000000e+01 -3.1528252905e-03 -5.0873168822e-02
1.4549000000e+01 -3.1914158840e-03 -5.1855164330e-02
1.4550000000e+01 -3.2392025893e-03 -5.2832400654e-02
1.4551000000e+01 -3.2962097949e-03 -5.3804746431e-02
1.4552000000e+01 -3.3624691279e-03 -5.4772049807e-02
1.4553000000e+01 -3.4380196461e-03 -5.5734137369e-02
1.4554000000e+01 -3.5229078543e-03 -5.6690813153e-02
1.4555000000e+01 -3.6171875222e-03 -5.7641857744e-02
1.4556000000e+01 -3.7209192880e-03 -5.8587027496e-02
1.4557000000e+01 -3.8341700319e-03 -5.9526053879e-02
1.4558000000e+01 -3.9570120134e-03 -6.0458642990e-02
1.4559000000e+01 -4.0895217685e-03 -6.1384475238e-02
1.4560000000e+01 -4.2317787692e-03 -6.2303205236e-02
1.4561000000e+01 -4.3838638546e-03 -6.3214461914e-02
1.4562000000e+01 -4.5458574493e-03 -6.4117848895e-02
1.4563000000e+01 -4.7178375908e-03 -6.5012945135e-02
1.4564000000e+01 -4.8998777938e-03 -6.5899305866e-02
1.4565000000e+01 -5.0920447878e-03 -6.6776463846e-02
1.4566000000e+01 -5.2943961682e-03 -6.7643930944e-02
1.4567000000e+01 -5.5069780071e-03 -6.8501200052e-02
1.4568000000e+01 -5.7298224737e-03 -6.9347747333e-02
1.4569000000e+01 -5.9629455181e-03 -7.0183034785e-02
1.4570000000e+01 -6.2063446702e-03 -7.1006513117e-02
1.4571000000e+01 -6.4599970091e-03 -7.1817624885e-02
1.4572000000e+01 -6.7238573496e-03 -7.2615807867e-02
1.4573000000e+01 -6.9978566927e-03 -7.3400498602e-02
1.4574000000e+01 -7.2819009772e-03 -7.4171136058e-02
1.4575000000e+01 -7.5758701619e-03 -7.4927165337e-02
1.4576000000e+01 -7.8796176580e-03 -7.5668041353e-02
1.4577000000e+01 -8.1929701211e-03 -7.6393232413e-02
1.4578000000e+01 -8.5157276005e-03 -7.7102223610e-02
1.4579000000e+01 -8.8476640330e-03 -7.7794519973e-02
1.4580000000e+01 -9.1885280569e-03 -7.8469649296e-02
1.4581000000e+01 -9.5380441143e-03 -7.9127164603e-02
1.4582000000e+01 -9.8959138002e-03 -7.9766646194e-02
1.4583000000e+01 -1.0261817411e-02 -8.0387703248e-02
1.4584000000e+01 -1.0635415639e-02 -8.0989974970e-02
1.4585000000e+01 -1.1016351369e-02 -8.1573131280e-02
1.4586000000e+01 -1.1404251506e-02 -8.2136873054e-02
1.4587000000e+01 -1.1798728804e-02 -8.2680931952e-02
1.4588000000e+01 -1.2199383641e-02 -8.3205069873e-02
1.4589000000e+01 -1.2605805693e-02 -8.3709078077e-02
1.4590000000e+01 -1.3017575493e-02 -8.4192776050e-02
1.4591000000e+01 -1.3434265833e-02 -8.4656010150e-02
1.4592000000e+01 -1.3855443012e-02 -8.5098652131e-02
1.4593000000e+01 -1.4280667909e-02 -8.5520597576e-02
1.4594000000e+01 -1.4709496887e-02 -8.5921764329e-02
1.4595000000e+01 -1.5141482551e-02 -8.6302090962e-02
1.4596000000e+01 -1.5576174347e-02 -8.6661535346e-02
1.4597000000e+01 -1.6013119066e-02 -8.7000073357e-02
1.4598000000e+01 -1.6451861231e-02 -8.7317697743e-02
1.4599000000e+01 -1.6891943432e-02 -8.7614417202e-02
1.4600000000e+01 -1.7332906627e-02 -8.7890255654e-02
1.4601000000e+01 -1.7774290421e-02 -8.8145251725e-02
1.4602000000e+01 -1.8215633381e-02 -8.8379458445e-02
1.4603000000e+01 -1.8656473384e-02 -8.8592943128e-02
1.4604000000e+01 -1.9096348034e-02 -8.8785787427e-02
1.4605000000e+01 -1.9534795163e-02 -8.8958087540e-02
1.4606000000e+01 -1.9971353417e-02 -8.9109954516e-02
1.4607000000e+01 -2.0405562950e-02 -8.9241514659e-02
1.4608000000e+01 -2.0836966213e-02 -8.9352909959e-02
1.4609000000e+01 -2.1265108842e-02 -8.9444298548e-02
1.4610000000e+01 -2.1689540633e-02 -8.9515855115e-02
1.4611000000e+01 -2.2109816595e-02 -8.9567771263e-02
1.4612000000e+01 -2.2525498068e-02 -8.9600255777e-02
1.4613000000e+01 -2.2936153886e-02 -8.9613534752e-02
1.4614000000e+01 -2.3341361570e-02 -8.9607851588e-02
1.4615000000e+01 -2.3740708534e-02 -8.9583466797e-02
1.4616000000e+01 -2.4133793288e-02 -8.9540657630e-02
1.4617000000e+01 -2.4520226629e-02 -8.9479717504e-02
1.4618000000e+01 -2.4899632798e-02 -8.9400955223e-02
1.4619000000e+01 -2.5271650607e-02 -8.9304694001e-02
1.4620000000e+01 -2.5635934516e-02 -8.9191270294e-02
1.4621000000e+01 -2.5992155667e-02 -8.9061032463e-02
1.4622000000e+01 -2.6340002870e-02 -8.8914339272e-02
1.4623000000e+01 -2.6679183538e-02 -8.8751558281e-02
1.4624000000e+01 -2.7009424572e-02 -8.8573064132e-02
1.4625000000e+01 -2.7330473199e-02 -8.8379236792e-02
1.4626000000e+01 -2.7642097763e-02 -8.8170459769e-02
1.4627000000e+01 -2.7944088463e-02 -8.7947118352e-02
1.4628000000e+01 -2.8236258037e-02 -8.7709597910e-02
1.4629000000e+01 -2.8518442391e-02 -8.7458282281e-02
1.4630000000e+01 -2.8790501158e-02 -8.7193552280e-02
1.4631000000e+01 -2.9052318181e-02 -8.6915784367e-02
1.4632000000e+01 -2.9303801911e-02 -8.6625349478e-02
1.4633000000e+01 -2.9544885702e-02 -8.6322612054e-02
1.4634000000e+01 -2.9775528000e-02 -8.6007929263e-02
1.4635000000e+01 -2.9995712394e-02 -8.5681650428e-02
1.4636000000e+01 -3.0205447551e-02 -8.5344116665e-02
1.4637000000e+01 -3.0404766983e-02 -8.4995660701e-02
1.4638000000e+01 -3.0593728681e-02 -8.4636606890e-02
1.4639000000e+01 -3.0772414580e-02 -8.4267271374e-02
1.4640000000e+01 -3.0940929874e-02 -8.3887962395e-02
1.4641000000e+01 -3.1099402170e-02 -8.3498980713e-02
1.4642000000e+01 -3.1247980502e-02 -8.3100620104e-02
1.4643000000e+01 -3.1386834194e-02 -8.2693167916e-02
1.4644000000e+01 -3.1516151609e-02 -8.2276905642e-02
1.4645000000e+01 -3.1636138770e-02 -8.1852109487e-02
1.4646000000e+01 -3.1747017898e-02 -8.1419050905e-02
1.4647000000e+01 -3.1849025857e-02 -8.0977997076e-02
1.4648000000e+01 -3.1942412551e-02 -8.0529211321e-02
1.4649000000e+01 -3.2027439269e-02 -8.0072953416e-02
1.4650000000e+01 -3.2104377015e-02 -7.9609479827e-02
1.4651000000e+01 -3.2173504829e-02 -7.9139043833e-02
1.4652000000e+01 -3.2235108118e-02 -7.8661895563e-02
1.4653000000e+01 -3.2289477018e-02 -7.8178281922e-02
1.4654000000e+01 -3.2336904798e-02 -7.7688446439e-02
1.4655000000e+01 -3.2377686307e-02 -7.7192629021e-02
1.4656000000e+01 -3.2412116492e-02 -7.6691065633e-02
1.4657000000e+01 -3.2440488976e-02 -7.6183987913e-02
1.4658000000e+01 -3.2463094721e-02 -7.5671622724e-02
1.4659000000e+01 -3.2480220753e-02 -7.5154191651e-02
1.4660000000e+01 -3.2492148983e-02 -7.4631910457e-02
1.4661000000e+01 -3.2499155103e-02 -7.4104988508e-02
1.4662000000e+01 -3.2501507565e-02 -7.3573628155e-02
1.4663000000e+01 -3.2499466646e-02 -7.3038024114e-02
1.4664000000e+01 -3.2493283596e-02 -7.2498362815e-02
1.4665000000e+01 -3.2483199872e-02 -7.1954821768e-02
1.4666000000e+01 -3.2469446451e-02 -7.1407568922e-02
1.4667000000e+01 -3.2452243221e-02 -7.0856762056e-02
1.4668000000e+01 -3.2431798454e-02 -7.0302548192e-02
1.4669000000e+01 -3.2408308347e-02 -6.9745063070e-02
1.4670000000e+01 -3.2381956630e-02 -6.9184430664e-02
1.4671000000e+01 -3.2352914229e-02 -6.8620762787e-02
1.4672000000e+01 -3.2321338978e-02 -6.8054158772e-02
1.4673000000e+01 -3.2287375371e-02 -6.7484705248e-02
1.4674000000e+01 -3.2251154334e-02 -6.6912476022e-02
1.4675000000e+01 -3.2212793012e-02 -6.6337532061e-02
1.4676000000e+01 -3.2172394565e-02 -6.5759921584e-02
1.4677000000e+01 -3.2130047953e-02 -6.5179680256e-02
1.4678000000e+01 -3.2085827699e-02 -6.4596831477e-02
1.4679000000e+01 -3.2039793649e-02 -6.4011386754e-02
1.4680000000e+01 -3.1991990694e-02 -6.3423346142e-02
1.4681000000e+01 -3.1942448482e-02 -6.2832698740e-02
1.4682000000e+01 -3.1891181107e-02 -6.2239423217e-02
1.4683000000e+01 -3.1838186795e-02 -6.1643488354e-02
1.4684000000e+01 -3.1783447589e-02 -6.1044853579e-02
1.4685000000e+01 -3.1726929047e-02 -6.0443469473e-02
1.4686000000e+01 -3.1668579980e-02 -5.9839278242e-02
1.4687000000e+01 -3.1608332223e-02 -5.9232214128e-02
1.4688000000e+01 -3.1546100486e-02 -5.8622203754e-02
1.4689000000e+01 -3.1481782267e-02 -5.8009166400e-02
1.4690000000e+01 -3.1415257879e-02 -5.7393014202e-02
1.4691000000e+01 -3.1346390569e-02 -5.6773652276e-02
1.4692000000e+01 -3.1275026769e-02 -5.6150978780e-02
1.4693000000e+01 -3.1200996465e-02 -5.5524884915e-02
1.4694000000e+01 -3.1124113703e-02 -5.4895254881e-02
1.4695000000e+01 -3.1044177224e-02 -5.4261965806e-02
1.4696000000e+01 -3.0960971229e-02 -5.3624887668e-02
1.4697000000e+01 -3.0874266270e-02 -5.2983883218e-02
1.4698000000e+01 -3.0783820252e-02 -5.2338807937e-02
1.4699000000e+01 -3.0689379549e-02 -5.1689510041e-02
1.4700000000e+01 -3.0590680209e-02 -5.1035830541e-02
1.4701000000e+01 -3.0487449255e-02 -5.0377603393e-02
1.4702000000e+01 -3.0379406057e-02 -4.9714655729e-02
1.4703000000e+01 -3.0266263780e-02 -4.9046808191e-02
1.4704000000e+01 -3.0147730893e-02 -4.8373875366e-02
1.4705000000e+01 -3.0023512752e-02 -4.7695666323e-02
1.4706000000e+01 -2.9893313226e-02 -4.7011985252e-02
1.4707000000e+01 -2.9756836407e-02 -4.6322632195e-02
1.4708000000e+01 -2.9613788362e-02 -4.5627403860e-02
1.4709000000e+01 -2.9463878961e-02 -4.4926094505e-02
1.4710000000e+01 -2.9306823764e-02 -4.4218496888e-02
1.4711000000e+01 -2.9142345969e-02 -4.3504403252e-02
1.4712000000e+01 -2.8970178410e-02 -4.2783606342e-02
1.4713000000e+01 -2.8790065612e-02 -4.2055900440e-02
1.4714000000e+01 -2.8601765869e-02 -4.1321082393e-02
1.4715000000e+01 -2.8405053344e-02 -4.0578952627e-02
1.4716000000e+01 -2.8199720164e-02 -3.9829316139e-02
1.4717000000e+01 -2.7985578482e-02 -3.9071983439e-02
1.4718000000e+01 -2.7762462485e-02 -3.8306771447e-02
1.4719000000e+01 -2.7530230322e-02 -3.7533504339e-02
1.4720000000e+01 -2.7288765905e-02 -3.6752014318e-02
1.4721000000e+01 -2.7037980580e-02 -3.5962142322e-02
1.4722000000e+01 -2.6777814617e-02 -3.5163738662e-02
1.4723000000e+01 -2.6508238522e-02 -3.4356663594e-02
1.4724000000e+01 -2.6229254122e-02 -3.3540787819e-02
1.4725000000e+01 -2.5940895442e-02 -3.2715992928e-02
1.4726000000e+01 -2.5643229347e-02 -3.1882171784e-02
1.4727000000e+01 -2.5336355942e-02 -3.1039228871e-02
1.4728000000e+01 -2.5020408762e-02 -3.0187080589e-02
1.4729000000e+01 -2.4695554718e-02 -2.9325655532e-02
1.4730000000e+01 -2.4361993852e-02 -2.8454894748e-02
1.4731000000e+01 -2.4019958881e-02 -2.7574751982e-02
1.4732000000e+01 -2.3669714565e-02 -2.6685193935e-02
1.4733000000e+01 -2.3311556907e-02 -2.5786200518e-02
1.4734000000e+01 -2.2945812200e-02 -2.4877765141e-02
1.4735000000e+01 -2.2572835929e-02 -2.3959895014e-02
1.4736000000e+01 -2.2193011552e-02 -2.3032611489e-02
1.4737000000e+01 -2.1806749152e-02 -2.2095950431e-02
1.4738000000e+01 -2.1414483972e-02 -2.1149962623e-02
1.4739000000e+01 -2.1016674841e-02 -2.0194714215e-02
1.4740000000e+01 -2.0613802477e-02 -1.9230287187e-02
1.4741000000e+01 -2.0206367677e-02 -1.8256779845e-02
1.4742000000e+01 -1.9794889391e-02 -1.7274307323e-02
1.4743000000e+01 -1.9379902667e-02 -1.6283002080e-02
1.4744000000e+01 -1.8961956474e-02 -1.5283014374e-02
1.4745000000e+01 -1.8541611404e-02 -1.4274512698e-02
1.4746000000e+01 -1.8119437247e-02 -1.3257684148e-02
1.4747000000e+01 -1.7696010451e-02 -1.2232734703e-02
1.4748000000e+01 -1.7271911484e-02 -1.1199889398e-02
1.4749000000e+01 -1.6847722100e-02 -1.0159392352e-02
1.4750000000e+01 -1.6424022545e-02 -9.1115066508e-03
1.4751000000e+01 -1.6001388726e-02 -8.0565140403e-03
1.4752000000e+01 -1.5580389372e-02 -6.9947144341e-03
1.4753000000e+01 -1.5161583231e-02 -5.9264252104e-03
1.4754000000e+01 -1.4745516340e-02 -4.8519802951e-03
1.4755000000e+01 -1.4332719412e-02 -3.7717290268e-03
1.4756000000e+01 -1.3923705388e-02 -2.6860348059e-03
1.4757000000e+01 -1.3518967196e-02 -1.5952735358e-03
1.4758000000e+01 -1.3118975746e-02 -4.9983186829e-04
1.4759000000e+01 -1.2724178221e-02 5.9989472903e-04
1.4760000000e+01 -1.2334996666e-02 1.7035040610e-03
1.4761000000e+01 -1.1951826920e-02 2.8105894230e-03
1.4762000000e+01 -1.1575037886e-02 3.9207419204e-03
1.4763000000e+01 -1.1204971165e-02 5.0335528565e-03
1.4764000000e+01 -1.0841941024e-02 6.1486161571e-03
1.4765000000e+01 -1.0486234712e-02 7.2655307960e-03
1.4766000000e+01 -1.0138113082e-02 8.3839031877e-03
1.4767000000e+01 -9.7978115045e-03 9.5033495114e-03
1.4768000000e+01 -9.4655410306e-03 1.0623497934e-02
1.4769000000e+01 -9.1414897731e-03 1.1743990696e-02
1.4770000000e+01 -8.8258244571e-03 1.2864486034e-02
1.4771000000e+01 -8.5186921001e-03 1.3984659904e-02
1.4772000000e+01 -8.2202217777e-03 1.5104207484e-02
1.4773000000e+01 -7.9305264300e-03 1.6222844427e-02
1.4774000000e+01 -7.6497046679e-03 1.7340307840e-02
1.4775000000e+01 -7.3778425413e-03 1.8456356987e-02
1.4776000000e+01 -7.1150152336e-03 1.9570773674e-02
1.4777000000e+01 -6.8612886537e-03 2.0683362333e-02
1.4778000000e+01 -6.6167208981e-03 2.1793949782e-02
1.4779000000e+01 -6.3813635646e-03 2.2902384675e-02
1.4780000000e+01 -6.1552629018e-03 2.4008536637e-02
1.4781000000e+01 -5.9384607837e-03 2.5112295111e-02
1.4782000000e+01 -5.7309955059e-03 2.6213567917e-02
1.4783000000e+01 -5.5329024015e-03 2.7312279579e-02
1.4784000000e+01 -5.3442142824e-03 2.8408369418e-02
1.4785000000e+01 -5.1649617134e-03 2.9501789470e-02
1.4786000000e+01 -4.9951731325e-03 3.0592502271e-02
1.4787000000e+01 -4.8348748323e-03 3.1680478534e-02
1.4788000000e+01 -4.6840908236e-03 3.2765694778e-02
1.4789000000e+01 -4.5428426026e-03 3.3848130958e-02
1.4790000000e+01 -4.4111488465e-03 3.4927768118e-02
1.4791000000e+01 -4.2890250656e-03 3.6004586128e-02
1.4792000000e+01 -4.1764832390e-03 3.7078561530e-02
1.4793000000e+01 -4.0735314645e-03 3.8149665526e-02
1.4794000000e+01 -3.9801736490e-03 3.9217862119e-02
1.4795000000e+01 -3.8964092690e-03 4.0283106449e-02
1.4796000000e+01 -3.8222332251e-03 4.1345343302e-02
1.4797000000e+01 -3.7576358114e-03 4.2404505817e-02
1.4798000000e+01 -3.7026028189e-03 4.3460514374e-02
1.4799000000e+01 -3.6571157833e-03 4.4513275661e-02
1.4800000000e+01 -3.6211523839e-03 4.5562681894e-02
1.4801000000e+01 -3.5946869949e-03 4.6608610194e-02
1.4802000000e+01 -3.5776913795e-03 4.7650922077e-02
1.4803000000e+01 -3.5701355174e-03 4.8689463057e-02
1.4804000000e+01 -3.5719885432e-03 4.9724062334e-02
1.4805000000e+01 -3.5832197723e-03 5.0754532556e-02
1.4806000000e+01 -3.6037997840e-03 5.1780669634e-02
1.4807000000e+01 -3.6337015260e-03 5.2802252604e-02
1.4808000000e+01 -3.6729014052e-03 5.3819043523e-02
1.4809000000e+01 -3.7213803215e-03 5.4830787403e-02
1.4810000000e+01 -3.7791246076e-03 5.5837212162e-02
1.4811000000e+01 -3.8461268316e-03 5.6838028624e-02
1.4812000000e+01 -3.9223864260e-03 5.7832930538e-02
1.4813000000e+01 -4.0079101071e-03 5.8821594655e-02
1.4814000000e+01 -4.1027120557e-03 5.9803680859e-02
1.4815000000e+01 -4.2068138341e-03 6.0778832363e-02
1.4816000000e+01 -4.3202440241e-03 6.1746676004e-02
1.4817000000e+01 -4.4430375769e-03 6.2706822635e-02
1.4818000000e+01 -4.5752348775e-03 6.3658867654e-02
1.4819000000e+01 -4.7168805328e-03 6.4602391666e-02
1.4820000000e+01 -4.8680219049e-03 6.5536961324e-02
1.4821000000e+01 -5.0287074178e-03 6.6462130340e-02
1.4822000000e+01 -5.1989846752e-03 6.7377440693e-02
1.4823000000e+01 -5.3788984328e-03 6.8282424033e-02
1.4824000000e+01 -5.5684884748e-03 6.9176603284e-02
1.4825000000e+01 -5.7677874460e-03 7.0059494441e-02
1.4826000000e+01 -5.9768186935e-03 7.0930608550e-02
1.4827000000e+01 -6.1955941713e-03 7.1789453835e-02
1.4828000000e+01 -6.4241124576e-03 7.2635537962e-02
1.4829000000e+01 -6.6623569308e-03 7.3468370402e-02
1.4830000000e+01 -6.9102941443e-03 7.4287464840e-02
1.4831000000e+01 -7.1678724333e-03 7.5092341604e-02
1.4832000000e+01 -7.4350207784e-03 7.5882530060e-02
1.4833000000e+01 -7.7116479407e-03 7.6657570923e-02
1.4834000000e+01 -7.9976418790e-03 7.7417018448e-02
1.4835000000e+01 -8.2928694445e-03 7.8160442453e-02
1.4836000000e+01 -8.5971763468e-03 7.8887430130e-02
1.4837000000e+01 -8.9103873731e-03 7.9597587620e-02
1.4838000000e+01 -9.2323068405e-03 8.0290541321e-02
1.4839000000e+01 -9.5627192521e-03 8.0965938909e-02
1.4840000000e+01 -9.9013901288e-03 8.1623450060e-02
1.4841000000e+01 -1.0248066983e-02 8.2262766873e-02
1.4842000000e+01 -1.0602480402e-02 8.2883603999e-02
1.4843000000e+01 -1.0964345204e-02 8.3485698493e-02
1.4844000000e+01 -1.1333361643e-02 8.4068809405e-02
1.4845000000e+01 -1.1709216620e-02 8.4632717152e-02
1.4846000000e+01 -1.2091584880e-02 8.5177222690e-02
1.4847000000e+01 -1.2480130173e-02 8.5702146549e-02
1.4848000000e+01 -1.2874506340e-02 8.6207327753e-02
1.4849000000e+01 -1.3274358325e-02 8.6692622689e-02
1.4850000000e+01 -1.3679323075e-02 8.7157903965e-02
1.4851000000e+01 -1.4089030332e-02 8.7603059294e-02
1.4852000000e+01 -1.4503103301e-02 8.8027990467e-02
1.4853000000e+01 -1.4921159181e-02 8.8432612422e-02
1.4854000000e+01 -1.5342809567e-02 8.8816852470e-02
1.4855000000e+01 -1.5767660720e-02 8.9180649682e-02
1.4856000000e+01 -1.6195313712e-02 8.9523954454e-02
1.4857000000e+01 -1.6625364454e-02 8.9846728278e-02
1.4858000000e+01 -1.7057403631e-02 9.0148943690e-02
1.4859000000e+01 -1.7491016542e-02 9.0430584409e-02
1.4860000000e+01 -1.7925782901e-02 9.0691645654e-02
1.4861000000e+01 -1.8361276588e-02 9.0932134600e-02
1.4862000000e+01 -1.8797065411e-02 9.1152070973e-02
1.4863000000e+01 -1.9232710889e-02 9.1351487736e-02
1.4864000000e+01 -1.9667768102e-02 9.1530431845e-02
1.4865000000e+01 -2.0101785636e-02 9.1688965045e-02
1.4866000000e+01 -2.0534305658e-02 9.1827164659e-02
1.4867000000e+01 -2.0964864155e-02 9.1945124361e-02
1.4868000000e+01 -2.1392991362e-02 9.2042954882e-02
1.4869000000e+01 -2.1818212411e-02 9.2120784628e-02
1.4870000000e+01 -2.2240048219e-02 9.2178760198e-02
1.4871000000e+01 -2.2658016630e-02 9.2217046757e-02
1.4872000000e+01 -2.3071633818e-02 9.2235828268e-02
1.4873000000e+01 -2.3480415952e-02 9.2235307558e-02
1.4874000000e+01 -2.3883881115e-02 9.2215706215e-02
1.4875000000e+01 -2.4281551453e-02 9.2177264299e-02
1.4876000000e+01 -2.4672955531e-02 9.2120239885e-02
1.4877000000e+01 -2.5057630859e-02 9.2044908429e-02
1.4878000000e+01 -2.5435126543e-02 9.1951561956e-02
1.4879000000e+01 -2.5805006012e-02 9.1840508107e-02
1.4880000000e+01 -2.6166849767e-02 9.1712069028e-02
1.4881000000e+01 -2.6520258093e-02 9.1566580147e-02
1.4882000000e+01 -2.6864853684e-02 9.1404388843e-02
1.4883000000e+01 -2.7200284120e-02 9.1225853034e-02
1.4884000000e+01 -2.7526224151e-02 9.1031339717e-02
1.4885000000e+01 -2.7842377740e-02 9.0821223476e-02
1.4886000000e+01 -2.8148479827e-02 9.0595885001e-02
1.4887000000e+01 -2.8444297789e-02 9.0355709632e-02
1.4888000000e+01 -2.8729632574e-02 9.0101085959e-02
1.4889000000e+01 -2.9004319490e-02 8.9832404512e-02
1.4890000000e+01 -2.9268228654e-02 8.9550056548e-02
1.4891000000e+01 -2.9521265098e-02 8.9254432966e-02
1.4892000000e+01 -2.9763368543e-02 8.8945923357e-02
1.4893000000e+01 -2.9994512859e-02 8.8624915196e-02
1.4894000000e+01 -3.0214705223e-02 8.8291793187e-02
1.4895000000e+01 -3.0423985012e-02 8.7946938748e-02
1.4896000000e+01 -3.0622422437e-02 8.7590729643e-02
1.4897000000e+01 -3.0810116971e-02 8.7223539730e-02
1.4898000000e+01 -3.0987195571e-02 8.6845738830e-02
1.4899000000e+01 -3.1153810744e-02 8.6457692677e-02
1.4900000000e+01 -3.1310138486e-02 8.6059762947e-02
1.4901000000e+01 -3.1456376106e-02 8.5652307325e-02
1.4902000000e+01 -3.1592739983e-02 8.5235679596e-02
1.4903000000e+01 -3.1719463287e-02 8.4810229734e-02
1.4904000000e+01 -3.1836793669e-02 8.4376303969e-02
1.4905000000e+01 -3.1944990979e-02 8.3934244796e-02
1.4906000000e+01 -3.2044325024e-02 8.3484390934e-02
1.4907000000e+01 -3.2135073387e-02 8.3027077185e-02
1.4908000000e+01 -3.2217519344e-02 8.2562634208e-02
1.4909000000e+01 -3.2291949894e-02 8.2091388172e-02
1.4910000000e+01 -3.2358653923e-02 8.1613660308e-02
1.4911000000e+01 -3.2417920512e-02 8.1129766323e-02
1.4912000000e+01 -3.2470037410e-02 8.0640015710e-02
1.4913000000e+01 -3.2515289676e-02 8.0144710925e-02
1.4914000000e+01 -3.2553958492e-02 7.9644146474e-02
1.4915000000e+01 -3.2586320153e-02 7.9138607884e-02
1.4916000000e+01 -3.2612645224e-02 7.8628370609e-02
1.4917000000e+01 -3.2633197864e-02 7.8113698867e-02
1.4918000000e+01 -3.2648235302e-02 7.7594844444e-02
1.4919000000e+01 -3.2658007451e-02 7.7072045483e-02
1.4920000000e+01 -3.2662756643e-02 7.6545525294e-02
1.4921000000e+01 -3.2662717472e-02 7.6015491202e-02
1.4922000000e+01 -3.2658116704e-02 7.5482133486e-02
1.4923000000e+01 -3.2649173259e-02 7.4945624409e-02
1.4924000000e+01 -3.2636098211e-02 7.4406117391e-02
1.4925000000e+01 -3.2619094804e-02 7.3863746341e-02
1.4926000000e+01 -3.2598358445e-02 7.3318625172e-02
1.4927000000e+01 -3.2574076653e-02 7.2770847521e-02
1.4928000000e+01 -3.2546428957e-02 7.2220486686e-02
1.4929000000e+01 -3.2515586705e-02 7.1667595789e-02
1.4930000000e+01 -3.2481712789e-02 7.1112208173e-02
1.4931000000e+01 -3.2444961268e-02 7.0554338017e-02
1.4932000000e+01 -3.2405476894e-02 6.9993981187e-02
1.4933000000e+01 -3.2363394540e-02 6.9431116271e-02
1.4934000000e+01 -3.2318838543e-02 6.8865705815e-02
1.4935000000e+01 -3.2271921979e-02 6.8297697702e-02
1.4936000000e+01 -3.2222745876e-02 6.7727026669e-02
1.4937000000e+01 -3.2171398419e-02 6.7153615913e-02
1.4938000000e+01 -3.2117954136e-02 6.6577378750e-02
1.4939000000e+01 -3.2062473121e-02 6.5998220306e-02
1.4940000000e+01 -3.2005000313e-02 6.5416039179e-02
1.4941000000e+01 -3.1945564851e-02 6.4830729053e-02
1.4942000000e+01 -3.1884179540e-02 6.4242180229e-02
1.4943000000e+01 -3.1820840442e-02 6.3650281027e-02
1.4944000000e+01 -3.1755526613e-02 6.3054919056e-02
1.4945000000e+01 -3.1688199991e-02 6.2455982309e-02
1.4946000000e+01 -3.1618805453e-02 6.1853360082e-02
1.4947000000e+01 -3.1547271027e-02 6.1246943692e-02
1.4948000000e+01 -3.1473508276e-02 6.0636627003e-02
1.4949000000e+01 -3.1397412815e-02 6.0022306754e-02
1.4950000000e+01 -3.1318864984e-02 5.9403882689e-02
1.4951000000e+01 -3.1237730622e-02 5.8781257510e-02
1.4952000000e+01 -3.1153861949e-02 5.8154336671e-02
1.4953000000e+01 -3.1067098522e-02 5.7523028010e-02
1.4954000000e+01 -3.0977268236e-02 5.6887241277e-02
1.4955000000e+01 -3.0884188364e-02 5.6246887543e-02
1.4956000000e+01 -3.0787666596e-02 5.5601878553e-02
1.4957000000e+01 -3.0687502073e-02 5.4952126020e-02
1.4958000000e+01 -3.0583486394e-02 5.4297540907e-02
1.4959000000e+01 -3.0475404587e-02 5.3638032708e-02
1.4960000000e+01 -3.0363036046e-02 5.2973508762e-02
1.4961000000e+01 -3.0246155423e-02 5.2303873615e-02
1.4962000000e+01 -3.0124533487e-02 5.1629028457e-02
1.4963000000e+01 -2.9997937952e-02 5.0948870633e-02
1.4964000000e+01 -2.9866134293e-02 5.0263293267e-02
1.4965000000e+01 -2.9728886557e-02 4.9572184981e-02
1.4966000000e+01 -2.9585958189e-02 4.8875429741e-02
1.4967000000e+01 -2.9437112884e-02 4.8172906805e-02
1.4968000000e+01 -2.9282115486e-02 4.7464490812e-02
1.4969000000e+01 -2.9120732951e-02 4.6750051965e-02
1.4970000000e+01 -2.8952735378e-02 4.6029456349e-02
1.4971000000e+01 -2.8777897135e-02 4.5302566345e-02
1.4972000000e+01 -2.8595998072e-02 4.4569241162e-02
1.4973000000e+01 -2.8406824843e-02 4.3829337451e-02
1.4974000000e+01 -2.8210172328e-02 4.3082710027e-02
1.4975000000e+01 -2.8005845157e-02 4.2329212652e-02
1.4976000000e+01 -2.7793659334e-02 4.1568698910e-02
1.4977000000e+01 -2.7573443939e-02 4.0801023121e-02
1.4978000000e+01 -2.7345042906e-02 4.0026041311e-02
1.4979000000e+01 -2.7108316842e-02 3.9243612203e-02
1.4980000000e+01 -2.6863144875e-02 3.8453598227e-02
1.4981000000e+01 -2.6609426494e-02 3.7655866508e-02
1.4982000000e+01 -2.6347083350e-02 3.6850289837e-02
1.4983000000e+01 -2.6076060998e-02 3.6036747589e-02
1.4984000000e+01 -2.5796330523e-02 3.5215126567e-02
1.4985000000e+01 -2.5507890046e-02 3.4385321775e-02
1.4986000000e+01 -2.5210766052e-02 3.3547237074e-02
1.4987000000e+01 -2.4905014539e-02 3.2700785750e-02
1.4988000000e+01 -2.4590721941e-02 3.1845890956e-02
1.4989000000e+01 -2.4268005828e-02 3.0982486046e-02
1.4990000000e+01 -2.3937015352e-02 3.0110514808e-02
1.4991000000e+01 -2.3597931445e-02 2.9229931593e-02
1.4992000000e+01 -2.3250966760e-02 2.8340701373e-02
1.4993000000e+01 -2.2896365363e-02 2.7442799732e-02
1.4994000000e+01 -2.2534402172e-02 2.6536212826e-02
1.4995000000e+01 -2.2165382177e-02 2.5620937315e-02
1.4996000000e+01 -2.1789639426e-02 2.4696980312e-02
1.4997000000e+01 -2.1407535826e-02 2.3764359353e-02
1.4998000000e+01 -2.1019459746e-02 2.2823102417e-02
1.4999000000e+01 -2.0625824464e-02 2.1873248013e-02
1.5000000000e+01 -2.0227066473e-02 2.0914845333e-02
