# Time F_D F_L Pressure_Diff
1.0000000000e-03 2.7877475888e-02 -2.4495643120e-04 6.1522062579e-01
2.0000000000e-03 8.6045784281e-02 -6.6769828729e-04 2.6136198675e+00
3.0000000000e-03 1.4996826186e-01 -9.3946112836e-04 6.5340842267e+00
4.0000000000e-03 2.1957137823e-01 -1.0185268340e-03 1.2828581872e+01
5.0000000000e-03 2.9430829909e-01 -8.4270302282e-04 2.1190527314e+01
6.0000000000e-03 3.7214507191e-01 -5.2290252092e-04 3.0510016480e+01
7.0000000000e-03 4.4879420548e-01 -2.3255109446e-04 3.9361821644e+01
8.0000000000e-03 5.2267010730e-01 -5.9734447056e-05 4.6586614146e+01
9.0000000000e-03 5.9213189667e-01 -1.1408183477e-04 5.1553270404e+01
1.0000000000e-02 6.5584871534e-01 -4.4624035377e-04 5.4440912714e+01
1.1000000000e-02 7.1671619215e-01 -9.3014782050e-04 5.6249274264e+01
1.2000000000e-02 7.7714920965e-01 -1.4348482708e-03 5.8296566658e+01
1.3000000000e-02 8.3916917836e-01 -1.8670927648e-03 6.1779259461e+01
1.4000000000e-02 9.0670561746e-01 -2.0647267685e-03 6.7452820106e+01
1.5000000000e-02 9.8072665403e-01 -2.0130730465e-03 7.5240719966e+01
1.6000000000e-02 1.0601219982e+00 -1.8074472012e-03 8.4273599775e+01
1.7000000000e-02 1.1438163052e+00 -1.5269052678e-03 9.3308320114e+01
1.8000000000e-02 1.2280261292e+00 -1.3108272481e-03 1.0104551329e+02
1.9000000000e-02 1.3091966593e+00 -1.3239328361e-03 1.0661265402e+02
2.0000000000e-02 1.3867698481e+00 -1.5560443255e-03 1.1001287981e+02
2.1000000000e-02 1.4613495754e+00 -1.9636817032e-03 1.1198882725e+02
2.2000000000e-02 1.5348240481e+00 -2.4800458450e-03 1.1374917849e+02
2.3000000000e-02 1.6101947341e+00 -2.9219593877e-03 1.1666537753e+02
2.4000000000e-02 1.6898783580e+00 -3.1688159024e-03 1.2164941602e+02
2.5000000000e-02 1.7741733489e+00 -3.2107790663e-03 1.2882940842e+02
2.6000000000e-02 1.8620862827e+00 -3.0473478887e-03 1.3763557339e+02
2.7000000000e-02 1.9518160364e+00 -2.7744323954e-03 1.4688250459e+02
2.8000000000e-02 2.0396690909e+00 -2.5955893703e-03 1.5520378560e+02
2.9000000000e-02 2.1236427866e+00 -2.5886346961e-03 1.6166727260e+02
3.0000000000e-02 2.2036094831e+00 -2.7898110039e-03 1.6598037758e+02
3.1000000000e-02 2.2787470332e+00 -3.1910893479e-03 1.6857518084e+02
3.2000000000e-02 2.3514170247e+00 -3.6522353784e-03 1.7056347199e+02
3.3000000000e-02 2.4250840178e+00 -4.0402729229e-03 1.7324205642e+02
3.4000000000e-02 2.5013577047e+00 -4.3356056631e-03 1.7761069201e+02
3.5000000000e-02 2.5831795821e+00 -4.4778790995e-03 1.8412395300e+02
3.6000000000e-02 2.6713660099e+00 -4.4609223755e-03 1.9244555889e+02
3.7000000000e-02 2.7634548656e+00 -4.3861020168e-03 2.0153281480e+02
3.8000000000e-02 2.8574176727e+00 -4.3147288250e-03 2.1013260093e+02
3.9000000000e-02 2.9504167657e+00 -4.3188823325e-03 2.1716589595e+02
4.0000000000e-02 3.0397444527e+00 -4.4816703021e-03 2.2205551508e+02
4.1000000000e-02 3.1251187540e+00 -4.7735518579e-03 2.2506042073e+02
4.2000000000e-02 3.2078585684e+00 -5.1123885563e-03 2.2712196007e+02
4.3000000000e-02 3.2902428883e+00 -5.4747743766e-03 2.2945634333e+02
4.4000000000e-02 3.3749236706e+00 -5.7526561297e-03 2.3324605529e+02
4.5000000000e-02 3.4639522769e+00 -5.8752451867e-03 2.3914487208e+02
4.6000000000e-02 3.5572567277e+00 -5.8897820362e-03 2.4698195080e+02
4.7000000000e-02 3.6531298464e+00 -5.8383220973e-03 2.5596704142e+02
4.8000000000e-02 3.7499725689e+00 -5.7664301957e-03 2.6491050023e+02
4.9000000000e-02 3.8449588232e+00 -5.7955420723e-03 2.7258956932e+02
5.0000000000e-02 3.9356657815e+00 -5.9651093543e-03 2.7830312936e+02
5.1000000000e-02 4.0224641924e+00 -6.2498637428e-03 2.8205612036e+02
5.2000000000e-02 4.1056931770e+00 -6.6446839635e-03 2.8450313573e+02
5.3000000000e-02 4.1872225975e+00 -7.0620105428e-03 2.8681137462e+02
5.4000000000e-02 4.2709372063e+00 -7.3967844224e-03 2.9019237438e+02
5.5000000000e-02 4.3584084820e+00 -7.6185092870e-03 2.9541468357e+02
5.6000000000e-02 4.4509382568e+00 -7.7075216578e-03 3.0262229790e+02
5.7000000000e-02 4.5489486092e+00 -7.6542057167e-03 3.1126063152e+02
5.8000000000e-02 4.6497051988e+00 -7.5668195302e-03 3.2020825863e+02
5.9000000000e-02 4.7507504422e+00 -7.5285991326e-03 3.2826618597e+02
6.0000000000e-02 4.8496246984e+00 -7.6028466067e-03 3.3458107739e+02
6.1000000000e-02 4.9443499042e+00 -7.8629872650e-03 3.3887339860e+02
6.2000000000e-02 5.0354394431e+00 -8.2765533241e-03 3.4163057892e+02
6.3000000000e-02 5.1246431473e+00 -8.7128288820e-03 3.4391777748e+02
6.4000000000e-02 5.2143996199e+00 -9.0829629181e-03 3.4690172008e+02
6.5000000000e-02 5.3068434317e+00 -9.3037422704e-03 3.5153265364e+02
6.6000000000e-02 5.4034037558e+00 -9.3293427682e-03 3.5819474950e+02
6.7000000000e-02 5.5040547126e+00 -9.2447505177e-03 3.6648374230e+02
6.8000000000e-02 5.6067236005e+00 -9.1408760204e-03 3.7545397332e+02
6.9000000000e-02 5.7093789174e+00 -9.0982593465e-03 3.8394750766e+02
7.0000000000e-02 5.8098172858e+00 -9.2232771569e-03 3.9093041975e+02
7.1000000000e-02 5.9060493922e+00 -9.5603837605e-03 3.9595166594e+02
7.2000000000e-02 5.9985581228e+00 -1.0032486570e-02 3.9928646107e+02
7.3000000000e-02 6.0886788495e+00 -1.0565837731e-02 4.0175644579e+02
7.4000000000e-02 6.1782014531e+00 -1.1046504365e-02 4.0451504491e+02
7.5000000000e-02 6.2704051878e+00 -1.1357000965e-02 4.0862975322e+02
7.6000000000e-02 6.3670802360e+00 -1.1476343589e-02 4.1462889615e+02
7.7000000000e-02 6.4684170893e+00 -1.1438069668e-02 4.2238252971e+02
7.8000000000e-02 6.5740829467e+00 -1.1301209498e-02 4.3115360653e+02
7.9000000000e-02 6.6813609065e+00 -1.1206255067e-02 4.3979870634e+02
8.0000000000e-02 6.7874401823e+00 -1.1271355342e-02 4.4724024321e+02
8.1000000000e-02 6.8907303126e+00 -1.1513249174e-02 4.5286774216e+02
8.2000000000e-02 6.9899741540e+00 -1.1934000499e-02 4.5668348379e+02
8.3000000000e-02 7.0860367046e+00 -1.2464580885e-02 4.5935080315e+02
8.4000000000e-02 7.1810148733e+00 -1.2972948570e-02 4.6198084504e+02
8.5000000000e-02 7.2772092287e+00 -1.3362422785e-02 4.6565117253e+02
8.6000000000e-02 7.3767708968e+00 -1.3599821655e-02 4.7106904594e+02
8.7000000000e-02 7.4802606562e+00 -1.3666597759e-02 4.7835148740e+02
8.8000000000e-02 7.5872020109e+00 -1.3639938150e-02 4.8689999623e+02
8.9000000000e-02 7.6956962527e+00 -1.3620185739e-02 4.9568073631e+02
9.0000000000e-02 7.8032726174e+00 -1.3670699391e-02 5.0362264168e+02
9.1000000000e-02 7.9083174984e+00 -1.3865586936e-02 5.0991141119e+02
9.2000000000e-02 8.0093966294e+00 -1.4242553050e-02 5.1434342411e+02
9.3000000000e-02 8.1070624689e+00 -1.4747828758e-02 5.1741229433e+02
9.4000000000e-02 8.2033119386e+00 -1.5309905185e-02 5.2005214269e+02
9.5000000000e-02 8.3000162237e+00 -1.5837886673e-02 5.2335907027e+02
9.6000000000e-02 8.3999522561e+00 -1.6202060790e-02 5.2820966941e+02
9.7000000000e-02 8.5044551586e+00 -1.6374766336e-02 5.3488459808e+02
9.8000000000e-02 8.6130455988e+00 -1.6399003410e-02 5.4301666966e+02
9.9000000000e-02 8.7247890179e+00 -1.6337050562e-02 5.5174503541e+02
1.0000000000e-01 8.8370561193e+00 -1.6298055886e-02 5.5996648191e+02
1.0100000000e-01 8.9472673080e+00 -1.6402852354e-02 5.6676447869e+02
1.0200000000e-01 9.0541958466e+00 -1.6680123264e-02 5.7177133597e+02
1.0300000000e-01 9.1573410415e+00 -1.7134813227e-02 5.7523626964e+02
1.0400000000e-01 9.2580184008e+00 -1.7716549443e-02 5.7795771453e+02
1.0500000000e-01 9.3585673513e+00 -1.8291864696e-02 5.8103500710e+02
1.0600000000e-01 9.4609536500e+00 -1.8761678640e-02 5.8540271586e+02
1.0700000000e-01 9.5669112998e+00 -1.9078705258e-02 5.9152278473e+02
1.0800000000e-01 9.6767384898e+00 -1.9216025182e-02 5.9926941391e+02
1.0900000000e-01 9.7892947915e+00 -1.9226327800e-02 6.0790073880e+02
1.1000000000e-01 9.9027563954e+00 -1.9224849814e-02 6.1635728693e+02
1.1100000000e-01 1.0014682297e+01 -1.9293800713e-02 6.2368957302e+02
1.1200000000e-01 1.0123609999e+01 -1.9519564286e-02 6.2932037926e+02
1.1300000000e-01 1.0228985385e+01 -1.9928761142e-02 6.3328211412e+02
1.1400000000e-01 1.0331508763e+01 -2.0455238093e-02 6.3624139251e+02
1.1500000000e-01 1.0433470199e+01 -2.1001664764e-02 6.3918422371e+02
1.1600000000e-01 1.0536805362e+01 -2.1483243700e-02 6.4309552501e+02
1.1700000000e-01 1.0643587515e+01 -2.1801442519e-02 6.4864149079e+02
1.1800000000e-01 1.0754857424e+01 -2.1941447955e-02 6.5586837490e+02
1.1900000000e-01 1.0869542923e+01 -2.1976880791e-02 6.6421480020e+02
1.2000000000e-01 1.0986251596e+01 -2.1983007696e-02 6.7275105448e+02
1.2100000000e-01 1.1102536331e+01 -2.2053687602e-02 6.8045955399e+02
1.2200000000e-01 1.1216050560e+01 -2.2265092327e-02 6.8661841783e+02
1.2300000000e-01 1.1326253801e+01 -2.2615650688e-02 6.9109769926e+02
1.2400000000e-01 1.1433195955e+01 -2.3069042207e-02 6.9435021657e+02
1.2500000000e-01 1.1538325952e+01 -2.3581181461e-02 6.9725564219e+02
1.2600000000e-01 1.1644204310e+01 -2.4047907046e-02 7.0084866120e+02
1.2700000000e-01 1.1752525902e+01 -2.4403516732e-02 7.0589369858e+02
1.2800000000e-01 1.1864450013e+01 -2.4630577088e-02 7.1261442796e+02
1.2900000000e-01 1.1979997790e+01 -2.4734592095e-02 7.2066997589e+02
1.3000000000e-01 1.2097540820e+01 -2.4774545410e-02 7.2922463672e+02
1.3100000000e-01 1.2215158125e+01 -2.4852895397e-02 7.3725007478e+02
1.3200000000e-01 1.2330858431e+01 -2.5016329045e-02 7.4395348321e+02
1.3300000000e-01 1.2443302282e+01 -2.5289322938e-02 7.4899764276e+02
1.3400000000e-01 1.2552556210e+01 -2.5682393308e-02 7.5262171334e+02
1.3500000000e-01 1.2659731119e+01 -2.6129913325e-02 7.5561388631e+02
1.3600000000e-01 1.2767028436e+01 -2.6556698294e-02 7.5896019866e+02
1.3700000000e-01 1.2876476351e+01 -2.6910956910e-02 7.6349805805e+02
1.3800000000e-01 1.2989480347e+01 -2.7149100386e-02 7.6967126028e+02
1.3900000000e-01 1.3106610708e+01 -2.7271995071e-02 7.7731158882e+02
1.4000000000e-01 1.3226418720e+01 -2.7349175965e-02 7.8571238435e+02
1.4100000000e-01 1.3347142823e+01 -2.7429552808e-02 7.9393099629e+02
1.4200000000e-01 1.3466823086e+01 -2.7572689526e-02 8.0107742214e+02
1.4300000000e-01 1.3583268704e+01 -2.7835596528e-02 8.0663648772e+02
1.4400000000e-01 1.3696443189e+01 -2.8213565616e-02 8.1069511966e+02
1.4500000000e-01 1.3807121542e+01 -2.8658810741e-02 8.1386907836e+02
1.4600000000e-01 1.3916683588e+01 -2.9121755233e-02 8.1706831296e+02
1.4700000000e-01 1.4027752852e+01 -2.9516360978e-02 8.2121853372e+02
1.4800000000e-01 1.4141735801e+01 -2.9778938805e-02 8.2689443339e+02
1.4900000000e-01 1.4259147830e+01 -2.9917783308e-02 8.3409492780e+02
1.5000000000e-01 1.4379749873e+01 -2.9957202917e-02 8.4230600672e+02
1.5100000000e-01 1.4501662026e+01 -2.9971365351e-02 8.5064899448e+02
1.5200000000e-01 1.4622884962e+01 -3.0066307653e-02 8.5817285825e+02
1.5300000000e-01 1.4741774319e+01 -3.0295984329e-02 8.6426138764e+02
1.5400000000e-01 1.4857452524e+01 -3.0651334653e-02 8.6880835106e+02
1.5500000000e-01 1.4970364220e+01 -3.1109408724e-02 8.7223114913e+02
1.5600000000e-01 1.5081952290e+01 -3.1585533070e-02 8.7538370296e+02
1.5700000000e-01 1.5194411547e+01 -3.1990895348e-02 8.7920297138e+02
1.5800000000e-01 1.5309458589e+01 -3.2281317451e-02 8.8435544464e+02
1.5900000000e-01 1.5428052509e+01 -3.2437241715e-02 8.9106006916e+02
1.6000000000e-01 1.5550266610e+01 -3.2480227612e-02 8.9897030309e+02
1.6100000000e-01 1.5674431735e+01 -3.2500915204e-02 9.0728372589e+02
1.6200000000e-01 1.5798556950e+01 -3.2583593869e-02 9.1508816764e+02
1.6300000000e-01 1.5921015811e+01 -3.2777525889e-02 9.2165479370e+02
1.6400000000e-01 1.6040205286e+01 -3.3121546161e-02 9.2667831594e+02
1.6500000000e-01 1.6156268295e+01 -3.3574766011e-02 9.3043590356e+02
1.6600000000e-01 1.6270640993e+01 -3.4053270903e-02 9.3365697679e+02
1.6700000000e-01 1.6384692600e+01 -3.4485939458e-02 9.3723414633e+02
1.6800000000e-01 1.6500679755e+01 -3.4804343932e-02 9.4195219605e+02
1.6900000000e-01 1.6620034691e+01 -3.4961005679e-02 9.4818683050e+02
1.7000000000e-01 1.6742485986e+01 -3.5001737325e-02 9.5573981029e+02
1.7100000000e-01 1.6867480204e+01 -3.4996998635e-02 9.6396365171e+02
1.7200000000e-01 1.6993182223e+01 -3.5022342519e-02 9.7198258760e+02
1.7300000000e-01 1.7117460619e+01 -3.5161104232e-02 9.7896659682e+02
1.7400000000e-01 1.7239183449e+01 -3.5444216195e-02 9.8448357090e+02
1.7500000000e-01 1.7357864995e+01 -3.5839166408e-02 9.8863944177e+02
1.7600000000e-01 1.7474316422e+01 -3.6301961705e-02 9.9199178351e+02
1.7700000000e-01 1.7590183799e+01 -3.6757888875e-02 9.9540829651e+02
1.7800000000e-01 1.7707492119e+01 -3.7114352903e-02 9.9973836701e+02
1.7900000000e-01 1.7827782770e+01 -3.7346699370e-02 1.0054640889e+03
1.8000000000e-01 1.7951393394e+01 -3.7452023590e-02 1.0125903031e+03
1.8100000000e-01 1.8077990479e+01 -3.7456121994e-02 1.0206271323e+03
1.8200000000e-01 1.8205868120e+01 -3.7442061435e-02 1.0287291873e+03
1.8300000000e-01 1.8332868182e+01 -3.7496218666e-02 1.0360556991e+03
1.8400000000e-01 1.8457777285e+01 -3.7659954442e-02 1.0420555274e+03
1.8500000000e-01 1.8579560955e+01 -3.7965125347e-02 1.0466286984e+03
1.8600000000e-01 1.8698527026e+01 -3.8376484594e-02 1.0502061475e+03
1.8700000000e-01 1.8816542056e+01 -3.8803846647e-02 1.0535833818e+03
1.8800000000e-01 1.8935076387e+01 -3.9178455455e-02 1.0575978011e+03
1.8900000000e-01 1.9055841816e+01 -3.9444796581e-02 1.0628667742e+03
1.9000000000e-01 1.9180084122e+01 -3.9564334352e-02 1.0695689658e+03
1.9100000000e-01 1.9307137037e+01 -3.9569245191e-02 1.0773420529e+03
1.9200000000e-01 1.9435931249e+01 -3.9533635512e-02 1.0854508710e+03
1.9300000000e-01 1.9564839307e+01 -3.9521033409e-02 1.0930628553e+03
1.9400000000e-01 1.9691820605e+01 -3.9615893525e-02 1.0994980796e+03
1.9500000000e-01 1.9816060759e+01 -3.9854758000e-02 1.1045105498e+03
1.9600000000e-01 1.9937626694e+01 -4.0208169614e-02 1.1083872526e+03
1.9700000000e-01 2.0057532887e+01 -4.0622923724e-02 1.1117880160e+03
1.9800000000e-01 2.0177579025e+01 -4.1026030671e-02 1.1155499101e+03
1.9900000000e-01 2.0299521336e+01 -4.1324666444e-02 1.1203974710e+03
2.0000000000e-01 2.0424599622e+01 -4.1484842925e-02 1.1266294036e+03
2.0100000000e-01 2.0552735638e+01 -4.1517598551e-02 1.1340583523e+03
2.0200000000e-01 2.0683118583e+01 -4.1460311210e-02 1.1420876469e+03
2.0300000000e-01 2.0814154551e+01 -4.1404019723e-02 1.1498786693e+03
2.0400000000e-01 2.0943675646e+01 -4.1438600582e-02 1.1566933709e+03
2.0500000000e-01 2.1070765928e+01 -4.1597305462e-02 1.1621652498e+03
2.0600000000e-01 2.1195067152e+01 -4.1878191888e-02 1.1663857368e+03
2.0700000000e-01 2.1317027365e+01 -4.2246301978e-02 1.1699010630e+03
2.0800000000e-01 2.1438673835e+01 -4.2608704267e-02 1.1735253617e+03
2.0900000000e-01 2.1561575453e+01 -4.2900204757e-02 1.1780068961e+03
2.1000000000e-01 2.1686939720e+01 -4.3084394443e-02 1.1837847816e+03
2.1100000000e-01 2.1815626243e+01 -4.3147637561e-02 1.1908511651e+03
2.1200000000e-01 2.1946768647e+01 -4.3131170961e-02 1.1987148700e+03
2.1300000000e-01 2.2078885513e+01 -4.3110439676e-02 1.2066001087e+03
2.1400000000e-01 2.2210472780e+01 -4.3135315286e-02 1.2137500208e+03
2.1500000000e-01 2.2339870478e+01 -4.3257250477e-02 1.2196539144e+03
2.1600000000e-01 2.2466468674e+01 -4.3500391153e-02 1.2242466194e+03
2.1700000000e-01 2.2590841943e+01 -4.3821055969e-02 1.2279576378e+03
2.1800000000e-01 2.2714195202e+01 -4.4160304349e-02 1.2315086701e+03
2.1900000000e-01 2.2838281248e+01 -4.4459518470e-02 1.2356700582e+03
2.2000000000e-01 2.2964658232e+01 -4.4659818323e-02 1.2410154719e+03
2.2100000000e-01 2.3094106898e+01 -4.4745374644e-02 1.2476683737e+03
2.2200000000e-01 2.3226295190e+01 -4.4756019456e-02 1.2552785527e+03
2.2300000000e-01 2.3359982914e+01 -4.4729864132e-02 1.2631807140e+03
2.2400000000e-01 2.3493654616e+01 -4.4732686818e-02 1.2705854836e+03
2.2500000000e-01 2.3625481586e+01 -4.4826583742e-02 1.2768834653e+03
2.2600000000e-01 2.3754614174e+01 -4.5025028517e-02 1.2818889370e+03
2.2700000000e-01 2.3881386044e+01 -4.5307920585e-02 1.2858596106e+03
2.2800000000e-01 2.4006444889e+01 -4.5639480026e-02 1.2894208340e+03
2.2900000000e-01 2.4131698469e+01 -4.5949746708e-02 1.2933613383e+03
2.3000000000e-01 2.4258858895e+01 -4.6184243983e-02 1.2983132882e+03
2.3100000000e-01 2.4388559558e+01 -4.6328954985e-02 1.3045379326e+03
2.3200000000e-01 2.4521282793e+01 -4.6380775927e-02 1.3118574093e+03
2.3300000000e-01 2.4656010212e+01 -4.6377554711e-02 1.3196906130e+03
2.3400000000e-01 2.4790994208e+01 -4.6387288676e-02 1.3272654615e+03
2.3500000000e-01 2.4924927269e+01 -4.6462013992e-02 1.3339266935e+03
2.3600000000e-01 2.5056476815e+01 -4.6630522396e-02 1.3393401050e+03
2.3700000000e-01 2.5185393555e+01 -4.6905617151e-02 1.3436067367e+03
2.3800000000e-01 2.5312561710e+01 -4.7235093238e-02 1.3472615282e+03
2.3900000000e-01 2.5439337764e+01 -4.7552259826e-02 1.3510451411e+03
2.4000000000e-01 2.5567395895e+01 -4.7806590958e-02 1.3556332608e+03
2.4100000000e-01 2.5697947604e+01 -4.7955932710e-02 1.3614349634e+03
2.4200000000e-01 2.5831415768e+01 -4.7996547526e-02 1.3684097406e+03
2.4300000000e-01 2.5967174714e+01 -4.7982098186e-02 1.3760833739e+03
2.4400000000e-01 2.6103773131e+01 -4.7971679762e-02 1.3837583089e+03
2.4500000000e-01 2.6239737056e+01 -4.8020441802e-02 1.3907274660e+03
2.4600000000e-01 2.6373619851e+01 -4.8179113708e-02 1.3965290947e+03
2.4700000000e-01 2.6504826745e+01 -4.8442924280e-02 1.4011447504e+03
2.4800000000e-01 2.6634049110e+01 -4.8773577694e-02 1.4049697970e+03
2.4900000000e-01 2.6762289670e+01 -4.9117966175e-02 1.4086703086e+03
2.5000000000e-01 2.6891189744e+01 -4.9407380797e-02 1.4129724963e+03
2.5100000000e-01 2.7022381071e+01 -4.9585189465e-02 1.4183746075e+03
2.5200000000e-01 2.7156199119e+01 -4.9657844674e-02 1.4249665299e+03
2.5300000000e-01 2.7292540356e+01 -4.9653041604e-02 1.4324279077e+03
2.5400000000e-01 2.7430398534e+01 -4.9624815090e-02 1.4401233123e+03
2.5500000000e-01 2.7567906825e+01 -4.9649023125e-02 1.4473232868e+03
2.5600000000e-01 2.7703885820e+01 -4.9771248165e-02 1.4534957987e+03
2.5700000000e-01 2.7837497973e+01 -4.9997403206e-02 1.4584775699e+03
2.5800000000e-01 2.7968713841e+01 -5.0310855436e-02 1.4625168260e+03
2.5900000000e-01 2.8098732317e+01 -5.0651495784e-02 1.4662150054e+03
2.6000000000e-01 2.8228950595e+01 -5.0943437244e-02 1.4702916576e+03
2.6100000000e-01 2.8360844219e+01 -5.1149043156e-02 1.4753087843e+03
2.6200000000e-01 2.8495373545e+01 -5.1248566745e-02 1.4815063236e+03
2.6300000000e-01 2.8632504581e+01 -5.1259656034e-02 1.4886987081e+03
2.6400000000e-01 2.8771428454e+01 -5.1240668435e-02 1.4963260484e+03
2.6500000000e-01 2.8910599337e+01 -5.1254185646e-02 1.5036946569e+03
2.6600000000e-01 2.9048602104e+01 -5.1341744698e-02 1.5102052144e+03
2.6700000000e-01 2.9184426445e+01 -5.1539661639e-02 1.5155514057e+03
2.6800000000e-01 2.9317745634e+01 -5.1834244395e-02 1.5198646827e+03
2.6900000000e-01 2.9449509242e+01 -5.2174234737e-02 1.5236430417e+03
2.7000000000e-01 2.9580967266e+01 -5.2505791135e-02 1.5275578554e+03
2.7100000000e-01 2.9713536628e+01 -5.2768318298e-02 1.5322444251e+03
2.7200000000e-01 2.9848585402e+01 -5.2919410556e-02 1.5380555389e+03
2.7300000000e-01 2.9986213316e+01 -5.2969046650e-02 1.5449249362e+03
2.7400000000e-01 3.0125848732e+01 -5.2958451088e-02 1.5524206201e+03
2.7500000000e-01 3.0266430026e+01 -5.2939661341e-02 1.5598882310e+03
2.7600000000e-01 3.0406195770e+01 -5.2985382947e-02 1.5666731534e+03
2.7700000000e-01 3.0544065683e+01 -5.3135376481e-02 1.5723792456e+03
2.7800000000e-01 3.0679700787e+01 -5.3388305684e-02 1.5770024745e+03
2.7900000000e-01 3.0813300933e+01 -5.3716912767e-02 1.5809116021e+03
2.8000000000e-01 3.0946225305e+01 -5.4068707774e-02 1.5847385652e+03
2.8100000000e-01 3.1079929184e+01 -5.4371858199e-02 1.5891476862e+03
2.8200000000e-01 3.1215550349e+01 -5.4586547366e-02 1.5945730034e+03
2.8300000000e-01 3.1353823132e+01 -5.4698707699e-02 1.6010921860e+03
2.8400000000e-01 3.1494329431e+01 -5.4725557933e-02 1.6083977227e+03
2.8500000000e-01 3.1636060639e+01 -5.4728338430e-02 1.6158817313e+03
2.8600000000e-01 3.1777553639e+01 -5.4771495388e-02 1.6228879677e+03
2.8700000000e-01 3.1917450330e+01 -5.4898516781e-02 1.6289407348e+03
2.8800000000e-01 3.2055176923e+01 -5.5133757323e-02 1.6338890136e+03
2.8900000000e-01 3.2190710826e+01 -5.5464313330e-02 1.6379917242e+03
2.9000000000e-01 3.2325138599e+01 -5.5829687292e-02 1.6418129939e+03
2.9100000000e-01 3.2459882572e+01 -5.6171669164e-02 1.6459977972e+03
2.9200000000e-01 3.2596098670e+01 -5.6435191800e-02 1.6510687508e+03
2.9300000000e-01 3.2734855133e+01 -5.6589965042e-02 1.6572311155e+03
2.9400000000e-01 3.2876006159e+01 -5.6654041033e-02 1.6642833533e+03
2.9500000000e-01 3.3018640923e+01 -5.6680991927e-02 1.6717141761e+03
2.9600000000e-01 3.3161658703e+01 -5.6724220726e-02 1.6788840794e+03
2.9700000000e-01 3.3303478524e+01 -5.6842650452e-02 1.6852368661e+03
2.9800000000e-01 3.3443214273e+01 -5.7066848612e-02 1.6905176348e+03
2.9900000000e-01 3.3580900539e+01 -5.7380075488e-02 1.6948643983e+03
3.0000000000e-01 3.3717032611e+01 -5.7747474455e-02 1.6987349243e+03
3.0100000000e-01 3.3852969886e+01 -5.8114363231e-02 1.7027594092e+03
3.0200000000e-01 3.3990166038e+01 -5.8420681122e-02 1.7075188376e+03
3.0300000000e-01 3.4129464381e+01 -5.8635883028e-02 1.7133123862e+03
3.0400000000e-01 3.4271233467e+01 -5.8766309977e-02 1.7200706246e+03
3.0500000000e-01 3.4414885268e+01 -5.8835901587e-02 1.7273894368e+03
3.0600000000e-01 3.4559167258e+01 -5.8902982110e-02 1.7346495036e+03
3.0700000000e-01 3.4702773005e+01 -5.9023753390e-02 1.7412598718e+03
3.0800000000e-01 3.4844565810e+01 -5.9227977000e-02 1.7468767993e+03
3.0900000000e-01 3.4984217852e+01 -5.9519577607e-02 1.7514971846e+03
3.1000000000e-01 3.5122129533e+01 -5.9875471028e-02 1.7554799498e+03
3.1100000000e-01 3.5259388066e+01 -6.0239134235e-02 1.7594210528e+03
3.1200000000e-01 3.5397471575e+01 -6.0561020873e-02 1.7639111489e+03
3.1300000000e-01 3.5537349493e+01 -6.0810840825e-02 1.7693463581e+03
3.1400000000e-01 3.5679644384e+01 -6.0972976729e-02 1.7757906219e+03
3.1500000000e-01 3.5824097700e+01 -6.1072412716e-02 1.7829307458e+03
3.1600000000e-01 3.5969496998e+01 -6.1157746575e-02 1.7902102944e+03
3.1700000000e-01 3.6114744106e+01 -6.1276294792e-02 1.7970334176e+03
3.1800000000e-01 3.6258557081e+01 -6.1466127133e-02 1.8029586209e+03
3.1900000000e-01 3.6400192603e+01 -6.1746445621e-02 1.8078705024e+03
3.2000000000e-01 3.6540075702e+01 -6.2091783834e-02 1.8120257726e+03
3.2100000000e-01 3.6678910778e+01 -6.2464728956e-02 1.8159403677e+03
3.2200000000e-01 3.6818001322e+01 -6.2818375803e-02 1.8202126300e+03
3.2300000000e-01 3.6958730602e+01 -6.3103510844e-02 1.8253200108e+03
3.2400000000e-01 3.7101630214e+01 -6.3298966047e-02 1.8314274876e+03
3.2500000000e-01 3.7246743489e+01 -6.3422905768e-02 1.8383376623e+03
3.2600000000e-01 3.7393315155e+01 -6.3509438587e-02 1.8455794613e+03
3.2700000000e-01 3.7540007126e+01 -6.3610724477e-02 1.8525533606e+03
3.2800000000e-01 3.7685640777e+01 -6.3780196822e-02 1.8587560190e+03
3.2900000000e-01 3.7829367325e+01 -6.4033256901e-02 1.8639772826e+03
3.3000000000e-01 3.7971122509e+01 -6.4361804740e-02 1.8683463440e+03
3.3100000000e-01 3.8111578655e+01 -6.4732701877e-02 1.8722952214e+03
3.3200000000e-01 3.8251883807e+01 -6.5091037645e-02 1.8764176738e+03
3.3300000000e-01 3.8393397995e+01 -6.5387953085e-02 1.8812282236e+03
3.3400000000e-01 3.8536917665e+01 -6.5605743870e-02 1.8869912927e+03
3.3500000000e-01 3.8682670565e+01 -6.5742870504e-02 1.8936400916e+03
3.3600000000e-01 3.8830216367e+01 -6.5833949387e-02 1.9007783413e+03
3.3700000000e-01 3.8978251992e+01 -6.5933807155e-02 1.9078356959e+03
3.3800000000e-01 3.9125636408e+01 -6.6087475393e-02 1.9142837242e+03
3.3900000000e-01 3.9271453901e+01 -6.6322529006e-02 1.9198053826e+03
3.4000000000e-01 3.9415165536e+01 -6.6643376673e-02 1.9244150208e+03
3.4100000000e-01 3.9557427505e+01 -6.7014048734e-02 1.9284631028e+03
3.4200000000e-01 3.9699203915e+01 -6.7380992205e-02 1.9324920918e+03
3.4300000000e-01 3.9841617186e+01 -6.7700991590e-02 1.9370434898e+03
3.4400000000e-01 3.9985922737e+01 -6.7935919892e-02 1.9424790138e+03
3.4500000000e-01 4.0132400390e+01 -6.8083772173e-02 1.9488352364e+03
3.4600000000e-01 4.0280735604e+01 -6.8177224094e-02 1.9558114392e+03
3.4700000000e-01 4.0430102387e+01 -6.8262624203e-02 1.9628984097e+03
3.4800000000e-01 4.0579139267e+01 -6.8388185470e-02 1.9695432618e+03
3.4900000000e-01 4.0726832411e+01 -6.8597106328e-02 1.9753466158e+03
3.5000000000e-01 4.0872637736e+01 -6.8891049897e-02 1.9802260910e+03
3.5100000000e-01 4.1016730019e+01 -6.9244671937e-02 1.9844233193e+03
3.5200000000e-01 4.1159984683e+01 -6.9617643013e-02 1.9884155181e+03
3.5300000000e-01 4.1303552949e+01 -6.9957427446e-02 1.9927642011e+03
3.5400000000e-01 4.1448631173e+01 -7.0224509426e-02 1.9978920476e+03
3.5500000000e-01 4.1595800466e+01 -7.0410578455e-02 2.0039333511e+03
3.5600000000e-01 4.1744963013e+01 -7.0529355137e-02 2.0107068125e+03
3.5700000000e-01 4.1895491446e+01 -7.0617050021e-02 2.0177619392e+03
3.5800000000e-01 4.2046100912e+01 -7.0731368246e-02 2.0245435346e+03
3.5900000000e-01 4.2195669547e+01 -7.0910220917e-02 2.0306085317e+03
3.6000000000e-01 4.2343598019e+01 -7.1170817819e-02 2.0357664223e+03
3.6100000000e-01 4.2489649564e+01 -7.1505351442e-02 2.0401469323e+03
3.6200000000e-01 4.2634567932e+01 -7.1875806480e-02 2.0441671348e+03
3.6300000000e-01 4.2779531379e+01 -7.2227202832e-02 2.0483664426e+03
3.6400000000e-01 4.2925497670e+01 -7.2520800768e-02 2.0532104283e+03
3.6500000000e-01 4.3073442972e+01 -7.2730694764e-02 2.0589394570e+03
3.6600000000e-01 4.3223509711e+01 -7.2860356612e-02 2.0654731585e+03
3.6700000000e-01 4.3375028806e+01 -7.2947762099e-02 2.0724345346e+03
3.6800000000e-01 4.3527136991e+01 -7.3039865665e-02 2.0793038806e+03
3.6900000000e-01 4.3678577906e+01 -7.3180956986e-02 2.0855965249e+03
3.7000000000e-01 4.3828458147e+01 -7.3403939398e-02 2.0910262989e+03
3.7100000000e-01 4.3976594181e+01 -7.3709476514e-02 2.0956277761e+03
3.7200000000e-01 4.4123330171e+01 -7.4063919687e-02 2.0997313653e+03
3.7300000000e-01 4.4269686214e+01 -7.4426542894e-02 2.1038323586e+03
3.7400000000e-01 4.4416783806e+01 -7.4744868765e-02 2.1084356713e+03
3.7500000000e-01 4.4565571498e+01 -7.4982413392e-02 2.1138613347e+03
3.7600000000e-01 4.4716459255e+01 -7.5136078005e-02 2.1201219703e+03
3.7700000000e-01 4.4869028708e+01 -7.5229810036e-02 2.1269422086e+03
3.7800000000e-01 4.5022529258e+01 -7.5303121679e-02 2.1338444624e+03
3.7900000000e-01 4.5175755270e+01 -7.5411440425e-02 2.1403151508e+03
3.8000000000e-01 4.5327655764e+01 -7.5591514622e-02 2.1460077294e+03
3.8100000000e-01 4.5477939765e+01 -7.5850465617e-02 2.1508537937e+03
3.8200000000e-01 4.5626643528e+01 -7.6172991704e-02 2.1550807851e+03
3.8300000000e-01 4.5774592196e+01 -7.6515621985e-02 2.1591440158e+03
3.8400000000e-01 4.5923028878e+01 -7.6825642154e-02 2.1635545050e+03
3.8500000000e-01 4.6072785973e+01 -7.7067754605e-02 2.1686878294e+03
3.8600000000e-01 4.6224520955e+01 -7.7230638574e-02 2.1746642420e+03
3.8700000000e-01 4.6378199976e+01 -7.7323207367e-02 2.1813027856e+03
3.8800000000e-01 4.6532969876e+01 -7.7388202778e-02 2.1881766522e+03
3.8900000000e-01 4.6687870850e+01 -7.7471764938e-02 2.1947824323e+03
3.9000000000e-01 4.6841857626e+01 -7.7610917782e-02 2.2007184884e+03
3.9100000000e-01 4.6994202938e+01 -7.7826322538e-02 2.2058145089e+03
3.9200000000e-01 4.7144979236e+01 -7.8109515222e-02 2.2102080157e+03
3.9300000000e-01 4.7294763193e+01 -7.8421173365e-02 2.2142910341e+03
3.9400000000e-01 4.7444569641e+01 -7.8718899177e-02 2.2185530598e+03
3.9500000000e-01 4.7595485898e+01 -7.8962410322e-02 2.2234233038e+03
3.9600000000e-01 4.7748202147e+01 -7.9125178104e-02 2.2291139251e+03
3.9700000000e-01 4.7902892364e+01 -7.9215999125e-02 2.2355301047e+03
3.9800000000e-01 4.8058971660e+01 -7.9265689546e-02 2.2423244810e+03
3.9900000000e-01 4.8215520751e+01 -7.9315016340e-02 2.2490184787e+03
4.0000000000e-01 4.8371510326e+01 -7.9406372865e-02 2.2551610892e+03
4.0100000000e-01 4.8526025580e+01 -7.9567570377e-02 2.2605080036e+03
4.0200000000e-01 4.8678989494e+01 -7.9792388801e-02 2.2651031878e+03
4.0300000000e-01 4.8830764247e+01 -8.0059711158e-02 2.2692503293e+03
4.0400000000e-01 4.8982156558e+01 -8.0329701793e-02 2.2734172774e+03
4.0500000000e-01 4.9134412697e+01 -8.0557804738e-02 2.2780643902e+03
4.0600000000e-01 4.9288236927e+01 -8.0718339331e-02 2.2834692156e+03
4.0700000000e-01 4.9443945955e+01 -8.0809986212e-02 2.2896395450e+03
4.0800000000e-01 4.9601361157e+01 -8.0848809290e-02 2.2963122283e+03
4.0900000000e-01 4.9759501927e+01 -8.0874617643e-02 2.3030374948e+03
4.1000000000e-01 4.9917381757e+01 -8.0931330797e-02 2.3093508584e+03
4.1100000000e-01 5.0074167136e+01 -8.1044185672e-02 2.3149431391e+03
4.1200000000e-01 5.0229343055e+01 -8.1224438436e-02 2.3197564795e+03
4.1300000000e-01 5.0383191531e+01 -8.1456511564e-02 2.3240136451e+03
4.1400000000e-01 5.0536462653e+01 -8.1701138926e-02 2.3281419742e+03
4.1500000000e-01 5.0690143887e+01 -8.1915349719e-02 2.3326028617e+03
4.1600000000e-01 5.0845201541e+01 -8.2070063670e-02 2.3377375018e+03
4.1700000000e-01 5.1002104419e+01 -8.2148953649e-02 2.3436506786e+03
4.1800000000e-01 5.1160771957e+01 -8.2169528318e-02 2.3501569941e+03
4.1900000000e-01 5.1320513557e+01 -8.2168112133e-02 2.3568618153e+03
4.2000000000e-01 5.1480325379e+01 -8.2183770433e-02 2.3633077381e+03
4.2100000000e-01 5.1639325560e+01 -8.2252023236e-02 2.3691221594e+03
4.2200000000e-01 5.1796840960e+01 -8.2390480470e-02 2.3741637420e+03
4.2300000000e-01 5.1952933905e+01 -8.2585304425e-02 2.3785738469e+03
4.2400000000e-01 5.2108242921e+01 -8.2804891437e-02 2.3827102944e+03
4.2500000000e-01 5.2263571677e+01 -8.3010359761e-02 2.3870295060e+03
4.2600000000e-01 5.2420031854e+01 -8.3160609912e-02 2.3919240344e+03
4.2700000000e-01 5.2578239259e+01 -8.3239252772e-02 2.3975709833e+03
4.2800000000e-01 5.2738176219e+01 -8.3254630371e-02 2.4038775791e+03
4.2900000000e-01 5.2899518657e+01 -8.3234239413e-02 2.4105196358e+03
4.3000000000e-01 5.3061259103e+01 -8.3218688420e-02 2.4170485812e+03
4.3100000000e-01 5.3222403969e+01 -8.3250512807e-02 2.4230574958e+03
4.3200000000e-01 5.3382361942e+01 -8.3345940236e-02 2.4283340041e+03
4.3300000000e-01 5.3540830680e+01 -8.3502033876e-02 2.4329233007e+03
4.3400000000e-01 5.3698264670e+01 -8.3694102452e-02 2.4371142411e+03
4.3500000000e-01 5.3855531952e+01 -8.3879151844e-02 2.4413442754e+03
4.3600000000e-01 5.4013549260e+01 -8.4018464799e-02 2.4460275824e+03
4.3700000000e-01 5.4173130382e+01 -8.4091390782e-02 2.4514113520e+03
4.3800000000e-01 5.4334517658e+01 -8.4096282824e-02 2.4574983880e+03
4.3900000000e-01 5.4497421997e+01 -8.4056617099e-02 2.4640318083e+03
4.4000000000e-01 5.4661066086e+01 -8.4014751439e-02 2.4705945112e+03
4.4100000000e-01 5.4824453243e+01 -8.4006138348e-02 2.4767687215e+03
4.4200000000e-01 5.4986846801e+01 -8.4057483667e-02 2.4822705070e+03
4.4300000000e-01 5.5147822825e+01 -8.4174330206e-02 2.4870573172e+03
4.4400000000e-01 5.5307606208e+01 -8.4335857258e-02 2.4913497998e+03
4.4500000000e-01 5.5466975276e+01 -8.4504061465e-02 2.4955375932e+03
4.4600000000e-01 5.5626769989e+01 -8.4642820996e-02 2.5000447231e+03
4.4700000000e-01 5.5787890533e+01 -8.4718877005e-02 2.5051843530e+03
4.4800000000e-01 5.5950820211e+01 -8.4723061917e-02 2.5110354820e+03
4.4900000000e-01 5.6115320054e+01 -8.4673820690e-02 2.5174201911e+03
4.5000000000e-01 5.6280860189e+01 -8.4603449708e-02 2.5239755781e+03
4.5100000000e-01 5.6446523573e+01 -8.4551717238e-02 2.5302750645e+03
4.5200000000e-01 5.6611342265e+01 -8.4553044889e-02 2.5359835053e+03
4.5300000000e-01 5.6774935719e+01 -8.4618808624e-02 2.5409846089e+03
4.5400000000e-01 5.6937268457e+01 -8.4735986926e-02 2.5454128664e+03
4.5500000000e-01 5.7098861906e+01 -8.4877577914e-02 2.5496033267e+03
4.5600000000e-01 5.7260693466e+01 -8.5000807433e-02 2.5539804514e+03
4.5700000000e-01 5.7423559541e+01 -8.5071400053e-02 2.5588965697e+03
4.5800000000e-01 5.7588078145e+01 -8.5074471417e-02 2.5645038347e+03
4.5900000000e-01 5.7754323239e+01 -8.5016384895e-02 2.5707131175e+03
4.6000000000e-01 5.7921783480e+01 -8.4922688697e-02 2.5772164618e+03
4.6100000000e-01 5.8089676564e+01 -8.4836193049e-02 2.5835970208e+03
4.6200000000e-01 5.8257051746e+01 -8.4791231308e-02 2.5894920505e+03
4.6300000000e-01 5.8423322226e+01 -8.4807211683e-02 2.5947103057e+03
4.6400000000e-01 5.8588330892e+01 -8.4884409482e-02 2.5992997932e+03
4.6500000000e-01 5.8752416105e+01 -8.4995929074e-02 2.6035409695e+03
4.6600000000e-01 5.8916458322e+01 -8.5102343226e-02 2.6078329213e+03
4.6700000000e-01 5.9081274530e+01 -8.5167833340e-02 2.6125510965e+03
4.6800000000e-01 5.9247553902e+01 -8.5168191280e-02 2.6179222547e+03
4.6900000000e-01 5.9415616900e+01 -8.5099625530e-02 2.6239341517e+03
4.7000000000e-01 5.9585046730e+01 -8.4987861836e-02 2.6303419524e+03
4.7100000000e-01 5.9755174834e+01 -8.4868181696e-02 2.6367651142e+03
4.7200000000e-01 5.9925161257e+01 -8.4778706363e-02 2.6428173517e+03
4.7300000000e-01 6.0094166134e+01 -8.4747123934e-02 2.6482436692e+03
4.7400000000e-01 6.0261971150e+01 -8.4778248083e-02 2.6530190206e+03
4.7500000000e-01 6.0428788735e+01 -8.4851571916e-02 2.6573508805e+03
4.7600000000e-01 6.0595207948e+01 -8.4936102502e-02 2.6615995775e+03
4.7700000000e-01 6.0762195504e+01 -8.4993204399e-02 2.6661578873e+03
4.7800000000e-01 6.0930468533e+01 -8.4992610452e-02 2.6713053514e+03
4.7900000000e-01 6.1100396122e+01 -8.4928473035e-02 2.6771028468e+03
4.8000000000e-01 6.1271904692e+01 -8.4813611662e-02 2.6833833979e+03
4.8100000000e-01 6.1444344677e+01 -8.4678327152e-02 2.6898075767e+03
4.8200000000e-01 6.1616904258e+01 -8.4561871330e-02 2.6959798574e+03
4.8300000000e-01 6.1788782688e+01 -8.4494724421e-02 2.7016032325e+03
4.8400000000e-01 6.1959517595e+01 -8.4485390315e-02 2.7065781486e+03
4.8500000000e-01 6.2129193526e+01 -8.4526518869e-02 2.7110318362e+03
4.8600000000e-01 6.2298273859e+01 -8.4588296369e-02 2.7152838348e+03
4.8700000000e-01 6.2467633551e+01 -8.4633274198e-02 2.7197228313e+03
4.8800000000e-01 6.2638072174e+01 -8.4631971996e-02 2.7246631719e+03
4.8900000000e-01 6.2810044974e+01 -8.4570420408e-02 2.7302433666e+03
4.9000000000e-01 6.2983696875e+01 -8.4453258277e-02 2.7363705812e+03
4.9100000000e-01 6.3158499571e+01 -8.4308673687e-02 2.7427520310e+03
4.9200000000e-01 6.3333672059e+01 -8.4171876384e-02 2.7490097675e+03
4.9300000000e-01 6.3508489350e+01 -8.4072263703e-02 2.7548117224e+03
4.9400000000e-01 6.3682270242e+01 -8.4030158455e-02 2.7599867138e+03
4.9500000000e-01 6.3854948702e+01 -8.4042028525e-02 2.7645924389e+03
4.9600000000e-01 6.4026940594e+01 -8.4084191189e-02 2.7688910122e+03
4.9700000000e-01 6.4198883870e+01 -8.4124076963e-02 2.7732484393e+03
4.9800000000e-01 6.4371674281e+01 -8.4129960071e-02 2.7780105204e+03
4.9900000000e-01 6.4545925201e+01 -8.4078242036e-02 2.7833779578e+03
5.0000000000e-01 6.4721785636e+01 -8.3970867173e-02 2.7893279109e+03
5.0100000000e-01 6.4899018874e+01 -8.3826457725e-02 2.7956319352e+03
5.0200000000e-01 6.5076920080e+01 -8.3675876298e-02 2.8019382840e+03
5.0300000000e-01 6.5254668561e+01 -8.3554135072e-02 2.8078900435e+03
5.0400000000e-01 6.5431629573e+01 -8.3485000199e-02 2.8132627828e+03
5.0500000000e-01 6.5607508010e+01 -8.3469896462e-02 2.8180430999e+03
5.0600000000e-01 6.5782549187e+01 -8.3493531170e-02 2.8224233747e+03
5.0700000000e-01 6.5957352230e+01 -8.3526058265e-02 2.8267423427e+03
5.0800000000e-01 6.6132723962e+01 -8.3531277903e-02 2.8313606777e+03
5.0900000000e-01 6.6309396134e+01 -8.3487053539e-02 2.8365236033e+03
5.1000000000e-01 6.6487637959e+01 -8.3386590856e-02 2.8422841011e+03
5.1100000000e-01 6.6667376566e+01 -8.3242372098e-02 2.8484818591e+03
5.1200000000e-01 6.6848050145e+01 -8.3083886141e-02 2.8547955630e+03
5.1300000000e-01 6.7028804267e+01 -8.2946636875e-02 2.8608676463e+03
5.1400000000e-01 6.7209030958e+01 -8.2854268454e-02 2.8664300289e+03
5.1500000000e-01 6.7388259839e+01 -8.2818194780e-02 2.8713946502e+03
5.1600000000e-01 6.7566529227e+01 -8.2827612116e-02 2.8758902602e+03
5.1700000000e-01 6.7744436056e+01 -8.2853282687e-02 2.8802148144e+03
5.1800000000e-01 6.7922628175e+01 -8.2862078118e-02 2.8847221572e+03
5.1900000000e-01 6.8101889811e+01 -8.2826912360e-02 2.8896997021e+03
5.2000000000e-01 6.8282719125e+01 -8.2733610082e-02 2.8952680088e+03
5.2100000000e-01 6.8465056985e+01 -8.2590832009e-02 2.9013309016e+03
5.2200000000e-01 6.8648539574e+01 -8.2425689527e-02 2.9076162215e+03
5.2300000000e-01 6.8832432891e+01 -8.2268996737e-02 2.9137777040e+03
5.2400000000e-01 6.9015968078e+01 -8.2151758143e-02 2.9195100700e+03
5.2500000000e-01 6.9198666881e+01 -8.2088884921e-02 2.9246646440e+03
5.2600000000e-01 6.9380410876e+01 -8.2074212298e-02 2.9293047907e+03
5.2700000000e-01 6.9561580251e+01 -8.2084968538e-02 2.9336722079e+03
5.2800000000e-01 6.9742843302e+01 -8.2090845916e-02 2.9381067287e+03
5.2900000000e-01 6.9924946280e+01 -8.2059232895e-02 2.9429260888e+03
5.3000000000e-01 7.0108484265e+01 -8.1974178389e-02 2.9483029544e+03
5.3100000000e-01 7.0293575035e+01 -8.1838423819e-02 2.9542112740e+03
5.3200000000e-01 7.0479957174e+01 -8.1670175338e-02 2.9604379420e+03
5.3300000000e-01 7.0667030172e+01 -8.1500801902e-02 2.9666521592e+03
5.3400000000e-01 7.0853972730e+01 -8.1362309170e-02 2.9725311618e+03
5.3500000000e-01 7.1040255106e+01 -8.1273234511e-02 2.9778768663e+03
5.3600000000e-01 7.1225643082e+01 -8.1235031280e-02 2.9826794838e+03
5.3700000000e-01 7.1410283080e+01 -8.1232490705e-02 2.9871249290e+03
5.3800000000e-01 7.1594853102e+01 -8.1233115588e-02 2.9915289423e+03
5.3900000000e-01 7.1780041000e+01 -8.1206337110e-02 2.9962173135e+03
5.4000000000e-01 7.1966450408e+01 -8.1130766523e-02 3.0014122420e+03
5.4100000000e-01 7.2154462247e+01 -8.1000795898e-02 3.0071566532e+03
5.4200000000e-01 7.2343859083e+01 -8.0830221382e-02 3.0132935991e+03
5.4300000000e-01 7.2534138908e+01 -8.0649140461e-02 3.0195255418e+03
5.4400000000e-01 7.2724617861e+01 -8.0487406109e-02 3.0255268619e+03
5.4500000000e-01 7.2914583805e+01 -8.0369951568e-02 3.0310532880e+03
5.4600000000e-01 7.3103726998e+01 -8.0306487907e-02 3.0360309445e+03
5.4700000000e-01 7.3292102669e+01 -8.0284591615e-02 3.0405879975e+03
5.4800000000e-01 7.3480173148e+01 -8.0278485435e-02 3.0449989988e+03
5.4900000000e-01 7.3668657388e+01 -8.0257441066e-02 3.0495885382e+03
5.5000000000e-01 7.3858197156e+01 -8.0194060426e-02 3.0546206125e+03
5.5100000000e-01 7.4049244625e+01 -8.0076062794e-02 3.0601952220e+03
5.5200000000e-01 7.4241774832e+01 -7.9913252394e-02 3.0662172457e+03
5.5300000000e-01 7.4435373166e+01 -7.9727158954e-02 3.0724364033e+03
5.5400000000e-01 7.4629429216e+01 -7.9549863593e-02 3.0785293818e+03
5.5500000000e-01 7.4823191506e+01 -7.9410227418e-02 3.0842200090e+03
5.5600000000e-01 7.5016234730e+01 -7.9321828835e-02 3.0893816580e+03
5.5700000000e-01 7.5208522555e+01 -7.9279303633e-02 3.0940749503e+03
5.5800000000e-01 7.5400321788e+01 -7.9262992264e-02 3.0985279628e+03
5.5900000000e-01 7.5592328040e+01 -7.9240742147e-02 3.1030569701e+03
5.6000000000e-01 7.5785230689e+01 -7.9183445427e-02 3.1079473482e+03
5.6100000000e-01 7.5979472635e+01 -7.9076244164e-02 3.1133526813e+03
5.6200000000e-01 7.6175268232e+01 -7.8919403600e-02 3.1192445816e+03
5.6300000000e-01 7.6372307403e+01 -7.8731911217e-02 3.1254193265e+03
5.6400000000e-01 7.6569974877e+01 -7.8544356373e-02 3.1315712559e+03
5.6500000000e-01 7.6767649080e+01 -7.8385538755e-02 3.1374084837e+03
5.6600000000e-01 7.6964737325e+01 -7.8272938361e-02 3.1427525319e+03
5.6700000000e-01 7.7161055732e+01 -7.8210597290e-02 3.1476001988e+03
5.6800000000e-01 7.7356839437e+01 -7.8180670146e-02 3.1521308465e+03
5.6900000000e-01 7.7552594173e+01 -7.8155086888e-02 3.1566351532e+03
5.7000000000e-01 7.7749036798e+01 -7.8104967667e-02 3.1614091666e+03
5.7100000000e-01 7.7946713162e+01 -7.8008864554e-02 3.1666558688e+03
5.7200000000e-01 7.8145896083e+01 -7.7861242633e-02 3.1724059189e+03
5.7300000000e-01 7.8346455582e+01 -7.7677060975e-02 3.1785075192e+03
5.7400000000e-01 7.8547857039e+01 -7.7481501664e-02 3.1846887242e+03
5.7500000000e-01 7.8749497167e+01 -7.7303036088e-02 3.1906485133e+03
5.7600000000e-01 7.8950741840e+01 -7.7165789639e-02 3.1961655325e+03
5.7700000000e-01 7.9151265328e+01 -7.7075803510e-02 3.2011825270e+03
5.7800000000e-01 7.9351211627e+01 -7.7022536411e-02 3.2058201055e+03
5.7900000000e-01 7.9550946590e+01 -7.6982943236e-02 3.2103331070e+03
5.8000000000e-01 7.9751147484e+01 -7.6928076688e-02 3.2150230790e+03
5.8100000000e-01 7.9952463596e+01 -7.6832774561e-02 3.2201258159e+03
5.8200000000e-01 8.0155188293e+01 -7.6689350936e-02 3.2257265489e+03
5.8300000000e-01 8.0359368764e+01 -7.6503771402e-02 3.2317347330e+03
5.8400000000e-01 8.0564619117e+01 -7.6297177370e-02 3.2379144742e+03
5.8500000000e-01 8.0770277978e+01 -7.6098734732e-02 3.2439676698e+03
5.8600000000e-01 8.0975776274e+01 -7.5932803443e-02 3.2496463996e+03
5.8700000000e-01 8.1180679566e+01 -7.5810599127e-02 3.2548388864e+03
5.8800000000e-01 8.1384921674e+01 -7.5728984951e-02 3.2596055387e+03
5.8900000000e-01 8.1588867115e+01 -7.5668063427e-02 3.2641625690e+03
5.9000000000e-01 8.1793071442e+01 -7.5598777111e-02 3.2688008581e+03
5.9100000000e-01 8.1998178310e+01 -7.5496958235e-02 3.2737775680e+03
5.9200000000e-01 8.2204647617e+01 -7.5347068380e-02 3.2792312050e+03
5.9300000000e-01 8.2412576635e+01 -7.5150324310e-02 3.2851291877e+03
5.9400000000e-01 8.2621725822e+01 -7.4924672713e-02 3.2912768884e+03
5.9500000000e-01 8.2831518586e+01 -7.4697233675e-02 3.2973955536e+03
5.9600000000e-01 8.3041346370e+01 -7.4492617811e-02 3.3032184969e+03
5.9700000000e-01 8.3250732138e+01 -7.4329105438e-02 3.3085838392e+03
5.9800000000e-01 8.3459459875e+01 -7.4206891069e-02 3.3134986543e+03
5.9900000000e-01 8.3667797706e+01 -7.4110220930e-02 3.3181312638e+03
6.0000000000e-01 8.3876219884e+01 -7.4014631966e-02 3.3227482660e+03
6.0100000000e-01 8.4085328197e+01 -7.3893246509e-02 3.3276237903e+03
6.0200000000e-01 8.4295712159e+01 -7.3726340019e-02 3.3329380408e+03
6.0300000000e-01 8.4507528956e+01 -7.3511243665e-02 3.3387115452e+03
6.0400000000e-01 8.4720656850e+01 -7.3260891012e-02 3.3448027077e+03
6.0500000000e-01 8.4934675737e+01 -7.2997801374e-02 3.3509579331e+03
6.0600000000e-01 8.5148905416e+01 -7.2750312188e-02 3.3569003402e+03
6.0700000000e-01 8.5362856387e+01 -7.2537726454e-02 3.3624328435e+03
6.0800000000e-01 8.5576249659e+01 -7.2365087234e-02 3.3675082002e+03
6.0900000000e-01 8.5789133103e+01 -7.2222219429e-02 3.3722408071e+03
6.1000000000e-01 8.6001966542e+01 -7.2086946857e-02 3.3768693963e+03
6.1100000000e-01 8.6215318712e+01 -7.1930568715e-02 3.3816709670e+03
6.1200000000e-01 8.6429751140e+01 -7.1733123851e-02 3.3868560371e+03
6.1300000000e-01 8.6645605615e+01 -7.1486521704e-02 3.3924992053e+03
6.1400000000e-01 8.6862839044e+01 -7.1197759535e-02 3.3985127192e+03
6.1500000000e-01 8.7081111444e+01 -7.0888747718e-02 3.4046734731e+03
6.1600000000e-01 8.7299836869e+01 -7.0586064727e-02 3.4107098291e+03
6.1700000000e-01 8.7518447648e+01 -7.0310966896e-02 3.4163979783e+03
6.1800000000e-01 8.7736597532e+01 -7.0074092734e-02 3.4216372089e+03
6.1900000000e-01 8.7954213815e+01 -6.9870664235e-02 3.4264912118e+03
6.2000000000e-01 8.8171639233e+01 -6.9679731425e-02 3.4311627330e+03
6.2100000000e-01 8.8389420205e+01 -6.9476535492e-02 3.4359164605e+03
6.2200000000e-01 8.8608091084e+01 -6.9237275389e-02 3.4409888111e+03
6.2300000000e-01 8.8828117943e+01 -6.8948598586e-02 3.4465020605e+03
6.2400000000e-01 8.9049565612e+01 -6.8613196365e-02 3.4524181003e+03
6.2500000000e-01 8.9272153586e+01 -6.8248917729e-02 3.4585566750e+03
6.2600000000e-01 8.9495438848e+01 -6.7879195946e-02 3.4646604127e+03
6.2700000000e-01 8.9718786181e+01 -6.7529001609e-02 3.4704843741e+03
6.2800000000e-01 8.9941768528e+01 -6.7213135685e-02 3.4758863980e+03
6.2900000000e-01 9.0164278836e+01 -6.6930017307e-02 3.4808785623e+03
6.3000000000e-01 9.0386459957e+01 -6.6665301113e-02 3.4856180341e+03
6.3100000000e-01 9.0608825540e+01 -6.6395093732e-02 3.4903524887e+03
6.3200000000e-01 9.0831944862e+01 -6.6093759300e-02 3.4953329520e+03
6.3300000000e-01 9.1056264614e+01 -6.5744733503e-02 3.5007187527e+03
6.3400000000e-01 9.1282014746e+01 -6.5346450135e-02 3.5065240936e+03
6.3500000000e-01 9.1509026754e+01 -6.4909511893e-02 3.5126159302e+03
6.3600000000e-01 9.1736884542e+01 -6.4457633471e-02 3.5187567154e+03
6.3700000000e-01 9.1965025119e+01 -6.4015828710e-02 3.5246939960e+03
6.3800000000e-01 9.2192942938e+01 -6.3601547713e-02 3.5302525175e+03
6.3900000000e-01 9.2420422817e+01 -6.3219381054e-02 3.5353910447e+03
6.4000000000e-01 9.2647523127e+01 -6.2860032585e-02 3.5402206008e+03
6.4100000000e-01 9.2874643384e+01 -6.2500357327e-02 3.5449647742e+03
6.4200000000e-01 9.3102353595e+01 -6.2115186710e-02 3.5498741881e+03
6.4300000000e-01 9.3331119852e+01 -6.1685022661e-02 3.5551404274e+03
6.4400000000e-01 9.3561267314e+01 -6.1200963224e-02 3.5608282971e+03
6.4500000000e-01 9.3792767679e+01 -6.0670934104e-02 3.5668494056e+03
6.4600000000e-01 9.4025236569e+01 -6.0115051863e-02 3.5729976364e+03
6.4700000000e-01 9.4258200676e+01 -5.9557516743e-02 3.5790244137e+03
6.4800000000e-01 9.4491117090e+01 -5.9018860861e-02 3.5847248050e+03
6.4900000000e-01 9.4723631334e+01 -5.8509683356e-02 3.5900124376e+03
6.5000000000e-01 9.4955776809e+01 -5.8022973104e-02 3.5949514673e+03
6.5100000000e-01 9.5187803706e+01 -5.7540981388e-02 3.5997296197e+03
6.5200000000e-01 9.5420220522e+01 -5.7039390719e-02 3.6045910589e+03
6.5300000000e-01 9.5653586513e+01 -5.6495389316e-02 3.6097514908e+03
6.5400000000e-01 9.5888225645e+01 -5.5896769653e-02 3.6153171985e+03
6.5500000000e-01 9.6124241643e+01 -5.5246956348e-02 3.6212481900e+03
6.5600000000e-01 9.6361385421e+01 -5.4560664211e-02 3.6273770784e+03
6.5700000000e-01 9.6599171464e+01 -5.3861104172e-02 3.6334648902e+03
6.5800000000e-01 9.6837094918e+01 -5.3171531659e-02 3.6392883406e+03
6.5900000000e-01 9.7074730942e+01 -5.2503950804e-02 3.6447234215e+03
6.6000000000e-01 9.7311979333e+01 -5.1857922348e-02 3.6497839374e+03
6.6100000000e-01 9.7549026687e+01 -5.1219409017e-02 3.6546178661e+03
6.6200000000e-01 9.7786293889e+01 -5.0565094193e-02 3.6594565197e+03
6.6300000000e-01 9.8024348072e+01 -4.9871101414e-02 3.6645262646e+03
6.6400000000e-01 9.8263573463e+01 -4.9123341312e-02 3.6699697901e+03
6.6500000000e-01 9.8504154299e+01 -4.8318265259e-02 3.6757974840e+03
6.6600000000e-01 9.8745976974e+01 -4.7467618736e-02 3.6818805453e+03
6.6700000000e-01 9.8988587037e+01 -4.6592777759e-02 3.6879996201e+03
6.6800000000e-01 9.9231507520e+01 -4.5716005567e-02 3.6939256387e+03
6.6900000000e-01 9.9474291856e+01 -4.4853198405e-02 3.6994990499e+03
6.7000000000e-01 9.9716686093e+01 -4.4009147558e-02 3.7046872089e+03
6.7100000000e-01 9.9958827918e+01 -4.3173352428e-02 3.7095976065e+03
6.7200000000e-01 1.0020105906e+02 -4.2325259110e-02 3.7144361465e+03
6.7300000000e-01 1.0044386830e+02 -4.1442713146e-02 3.7194324626e+03
6.7400000000e-01 1.0068775573e+02 -4.0506434786e-02 3.7247606078e+03
6.7500000000e-01 1.0093294933e+02 -3.9509609005e-02 3.7304743994e+03
6.7600000000e-01 1.0117941410e+02 -3.8459383574e-02 3.7364879022e+03
6.7700000000e-01 1.0142684558e+02 -3.7373436231e-02 3.7426108465e+03
6.7800000000e-01 1.0167473320e+02 -3.6273238716e-02 3.7486142286e+03
6.7900000000e-01 1.0192262008e+02 -3.5178578146e-02 3.7543116720e+03
6.8000000000e-01 1.0217020269e+02 -3.4096586857e-02 3.7596302293e+03
6.8100000000e-01 1.0241746791e+02 -3.3021781656e-02 3.7646321900e+03
6.8200000000e-01 1.0266470892e+02 -3.1937731568e-02 3.7694915638e+03
6.8300000000e-01 1.0291236293e+02 -3.0821535206e-02 3.7744352904e+03
6.8400000000e-01 1.0316093943e+02 -2.9652610261e-02 3.7796576621e+03
6.8500000000e-01 1.0341075767e+02 -2.8421123172e-02 3.7852510807e+03
6.8600000000e-01 1.0366185473e+02 -2.7129304206e-02 3.7911769706e+03
6.8700000000e-01 1.0391404194e+02 -2.5790916712e-02 3.7972767227e+03
6.8800000000e-01 1.0416684038e+02 -2.4428285059e-02 3.8033295988e+03
6.8900000000e-01 1.0441977287e+02 -2.3060622954e-02 3.8091347526e+03
6.9000000000e-01 1.0467251250e+02 -2.1699437549e-02 3.8145804455e+03
6.9100000000e-01 1.0492490233e+02 -2.0343944331e-02 3.8196835322e+03
6.9200000000e-01 1.0517716436e+02 -1.8980628423e-02 3.8245849231e+03
6.9300000000e-01 1.0542970829e+02 -1.7587308943e-02 3.8294968454e+03
6.9400000000e-01 1.0568298089e+02 -1.6143725106e-02 3.8346253411e+03
6.9500000000e-01 1.0593740683e+02 -1.4635354082e-02 3.8400990827e+03
6.9600000000e-01 1.0619311393e+02 -1.3060119180e-02 3.8459225992e+03
6.9700000000e-01 1.0644995376e+02 -1.1429567251e-02 3.8519733177e+03
6.9800000000e-01 1.0670757498e+02 -9.7628136865e-03 3.8580495590e+03
6.9900000000e-01 1.0696547902e+02 -8.0800522551e-03 3.8639418952e+03
7.0000000000e-01 1.0722326896e+02 -6.3962467299e-03 3.8695058143e+03
7.0100000000e-01 1.0748075758e+02 -4.7142920787e-03 3.8747171604e+03
7.0200000000e-01 1.0773802462e+02 -3.0233714580e-03 3.8796782563e+03
7.0300000000e-01 1.0799542446e+02 -1.3055288683e-03 3.8845783411e+03
7.0400000000e-01 1.0825340480e+02 4.6133433934e-04 3.8896295375e+03
7.0500000000e-01 1.0851239369e+02 2.2937708133e-03 3.8949883870e+03
7.0600000000e-01 1.0877262844e+02 4.1970858945e-03 3.9006984395e+03
7.0700000000e-01 1.0903403484e+02 6.1640393845e-03 3.9066791556e+03
7.0800000000e-01 1.0929634093e+02 8.1787430808e-03 3.9127530049e+03
7.0900000000e-01 1.0955908548e+02 1.0219786108e-02 3.9187085285e+03
7.1000000000e-01 1.0982181274e+02 1.2270807750e-02 3.9243793695e+03
7.1100000000e-01 1.1008430148e+02 1.4325795394e-02 3.9297016657e+03
7.1200000000e-01 1.1034651262e+02 1.6390018507e-02 3.9347354794e+03
7.1300000000e-01 1.1060871162e+02 1.8479982965e-02 3.9396448487e+03
7.1400000000e-01 1.1087135800e+02 2.0617304495e-02 3.9446375056e+03
7.1500000000e-01 1.1113484497e+02 2.2820067589e-02 3.9498888258e+03
7.1600000000e-01 1.1139949653e+02 2.5097208276e-02 3.9554811413e+03
7.1700000000e-01 1.1166535948e+02 2.7446822164e-02 3.9613747296e+03
7.1800000000e-01 1.1193218203e+02 2.9853972878e-02 3.9674203984e+03
7.1900000000e-01 1.1219959061e+02 3.2299323544e-02 3.9734158772e+03
7.2000000000e-01 1.1246712163e+02 3.4764917007e-02 3.9791788391e+03
7.2100000000e-01 1.1273444801e+02 3.7240383182e-02 3.9846090532e+03
7.2200000000e-01 1.1300149584e+02 3.9727022721e-02 3.9897268617e+03
7.2300000000e-01 1.1326842326e+02 4.2238770890e-02 3.9946651837e+03
7.2400000000e-01 1.1353562349e+02 4.4794807847e-02 3.9996181002e+03
7.2500000000e-01 1.1380352839e+02 4.7414721341e-02 4.0047744609e+03
7.2600000000e-01 1.1407248136e+02 5.0111824415e-02 4.0102497084e+03
7.2700000000e-01 1.1434262528e+02 5.2886742305e-02 4.0160421359e+03
7.2800000000e-01 1.1461379857e+02 5.5729030342e-02 4.0220375510e+03
7.2900000000e-01 1.1488566754e+02 5.8620979724e-02 4.0280499407e+03
7.3000000000e-01 1.1515779752e+02 6.1543319461e-02 4.0338862475e+03
7.3100000000e-01 1.1542979281e+02 6.4482310446e-02 4.0394184993e+03
7.3200000000e-01 1.1570151625e+02 6.7436709473e-02 4.0446284717e+03
7.3300000000e-01 1.1597304600e+02 7.0415182374e-02 4.0496118226e+03
7.3400000000e-01 1.1624467921e+02 7.3435833194e-02 4.0545454130e+03
7.3500000000e-01 1.1651687818e+02 7.6519136773e-02 4.0596231658e+03
7.3600000000e-01 1.1678999518e+02 7.9680111924e-02 4.0649848585e+03
7.3700000000e-01 1.1706423079e+02 8.2923205661e-02 4.0706678868e+03
7.3800000000e-01 1.1733956199e+02 8.6242317468e-02 4.0765948830e+03
7.3900000000e-01 1.1761566726e+02 8.9621048927e-02 4.0826000839e+03
7.4000000000e-01 1.1789215177e+02 9.3039777292e-02 4.0884903856e+03
7.4100000000e-01 1.1816862396e+02 9.6483798605e-02 4.0941159028e+03
7.4200000000e-01 1.1844482224e+02 9.9946515851e-02 4.0994206885e+03
7.4300000000e-01 1.1872077874e+02 1.0343346847e-01 4.1044637176e+03
7.4400000000e-01 1.1899672142e+02 1.0696030993e-01 4.1093986407e+03
7.4500000000e-01 1.1927304727e+02 1.1054676647e-01 4.1144148760e+03
7.4600000000e-01 1.1955016592e+02 1.1420911016e-01 4.1196716401e+03
7.4700000000e-01 1.1982832216e+02 1.1795675076e-01 4.1252422709e+03
7.4800000000e-01 1.2010756944e+02 1.2178609178e-01 4.1310850309e+03
7.4900000000e-01 1.2038767946e+02 1.2568383353e-01 4.1370611971e+03
7.5000000000e-01 1.2066827528e+02 1.2963186617e-01 4.1429858683e+03
7.5100000000e-01 1.2094896883e+02 1.3361320290e-01 4.1486915680e+03
7.5200000000e-01 1.2122943529e+02 1.3761803519e-01 4.1540904877e+03
7.5300000000e-01 1.2150962171e+02 1.4164869662e-01 4.1592057137e+03
7.5400000000e-01 1.2178970018e+02 1.4571722151e-01 4.1641601620e+03
7.5500000000e-01 1.2206999182e+02 1.4984131203e-01 4.1691337072e+03
7.5600000000e-01 1.2235093268e+02 1.5403962628e-01 4.1742988102e+03
7.5700000000e-01 1.2263282131e+02 1.5832299394e-01 4.1797570559e+03
7.5800000000e-01 1.2291575086e+02 1.6269193375e-01 4.1855041192e+03
7.5900000000e-01 1.2319961915e+02 1.6713665262e-01 4.1914328270e+03
7.6000000000e-01 1.2348407491e+02 1.7164051396e-01 4.1973704191e+03
7.6100000000e-01 1.2376871577e+02 1.7618503131e-01 4.2031411863e+03
7.6200000000e-01 1.2405322680e+02 1.8075904243e-01 4.2086310482e+03
7.6300000000e-01 1.2433743395e+02 1.8536020192e-01 4.2138259892e+03
7.6400000000e-01 1.2462144192e+02 1.8999697306e-01 4.2188167736e+03
7.6500000000e-01 1.2490554600e+02 1.9468610186e-01 4.2237679836e+03
7.6600000000e-01 1.2519012325e+02 1.9944587626e-01 4.2288560416e+03
7.6700000000e-01 1.2547553714e+02 2.0428941778e-01 4.2342064686e+03
7.6800000000e-01 1.2576195007e+02 2.0922132661e-01 4.2398514490e+03
7.6900000000e-01 1.2604931510e+02 2.1423514925e-01 4.2457158198e+03
7.7000000000e-01 1.2633736845e+02 2.1931530734e-01 4.2516455931e+03
7.7100000000e-01 1.2662571077e+02 2.2444480087e-01 4.2574654218e+03
7.7200000000e-01 1.2691400478e+02 2.2960926677e-01 4.2630386030e+03
7.7300000000e-01 1.2720201887e+02 2.3480305175e-01 4.2683171112e+03
7.7400000000e-01 1.2748976496e+02 2.4003144965e-01 4.2733596263e+03
7.7500000000e-01 1.2777749620e+02 2.4530882727e-01 4.2783075253e+03
7.7600000000e-01 1.2806554264e+02 2.5065212383e-01 4.2833348958e+03
7.7700000000e-01 1.2835429087e+02 2.5607721104e-01 4.2885869725e+03
7.7800000000e-01 1.2864398247e+02 2.6159127636e-01 4.2941265798e+03
7.7900000000e-01 1.2893461012e+02 2.6719075255e-01 4.2999125904e+03
7.8000000000e-01 1.2922600531e+02 2.7286357806e-01 4.3058163390e+03
7.8100000000e-01 1.2951780632e+02 2.7859279708e-01 4.3116669446e+03
7.8200000000e-01 1.2980962775e+02 2.8436245783e-01 4.3173125337e+03
7.8300000000e-01 1.3010123069e+02 2.9016439808e-01 4.3226761560e+03
7.8400000000e-01 1.3039253300e+02 2.9600081715e-01 4.3277816566e+03
7.8500000000e-01 1.3068369904e+02 3.0188229775e-01 4.3327439141e+03
7.8600000000e-01 1.3097506362e+02 3.0782623800e-01 4.3377293763e+03
7.8700000000e-01 1.3126698045e+02 3.1384872656e-01 4.3428945420e+03
7.8800000000e-01 1.3155974295e+02 3.1995944572e-01 4.3483292621e+03
7.8900000000e-01 1.3185344035e+02 3.2615845122e-01 4.3540274647e+03
7.9000000000e-01 1.3214794015e+02 3.3243653017e-01 4.3598878311e+03
7.9100000000e-01 1.3244294907e+02 3.3877706774e-01 4.3657502138e+03
7.9200000000e-01 1.3273808310e+02 3.4516421749e-01 4.3714558160e+03
7.9300000000e-01 1.3303305066e+02 3.5158725620e-01 4.3769018055e+03
7.9400000000e-01 1.3332772146e+02 3.5804421493e-01 4.3820778201e+03
7.9500000000e-01 1.3362216930e+02 3.6454368506e-01 4.3870712783e+03
7.9600000000e-01 1.3391669300e+02 3.7110099664e-01 4.3920333868e+03
7.9700000000e-01 1.3421163323e+02 3.7773236930e-01 4.3971248772e+03
7.9800000000e-01 1.3450730195e+02 3.8444986063e-01 4.4024599380e+03
7.9900000000e-01 1.3480388134e+02 3.9125726518e-01 4.4080639844e+03
8.0000000000e-01 1.3510128272e+02 3.9814719029e-01 4.4138651461e+03
8.0100000000e-01 1.3539927470e+02 4.0510603354e-01 4.4197217352e+03
8.0200000000e-01 1.3569751361e+02 4.1211738441e-01 4.4254725007e+03
8.0300000000e-01 1.3599564236e+02 4.1916823576e-01 4.4309939872e+03
8.0400000000e-01 1.3629350082e+02 4.2625385515e-01 4.4362458360e+03
8.0500000000e-01 1.3659109503e+02 4.3337992653e-01 4.4412843184e+03
8.0600000000e-01 1.3688863243e+02 4.4055890599e-01 4.4462404469e+03
8.0700000000e-01 1.3718646872e+02 4.4780730499e-01 4.4512744505e+03
8.0800000000e-01 1.3748491937e+02 4.5513906008e-01 4.4565176727e+03
8.0900000000e-01 1.3778420397e+02 4.6255982669e-01 4.4620241779e+03
8.1000000000e-01 1.3808433880e+02 4.7006627589e-01 4.4677541366e+03
8.1100000000e-01 1.3838512663e+02 4.7764670067e-01 4.4735876694e+03
8.1200000000e-01 1.3868625733e+02 4.8528490825e-01 4.4793668586e+03
8.1300000000e-01 1.3898737970e+02 4.9296642161e-01 4.4849549785e+03
8.1400000000e-01 1.3928826073e+02 5.0068429415e-01 4.4902840756e+03
8.1500000000e-01 1.3958885651e+02 5.0843974740e-01 4.4953778937e+03
8.1600000000e-01 1.3988930463e+02 5.1624372362e-01 4.5003451141e+03
8.1700000000e-01 1.4018992152e+02 5.2411183055e-01 4.5053386014e+03
8.1800000000e-01 1.4049104173e+02 5.3205870146e-01 4.5104997222e+03
8.1900000000e-01 1.4079290639e+02 5.4009297225e-01 4.5159096113e+03
8.2000000000e-01 1.4109561946e+02 5.4821481109e-01 4.5215593253e+03
8.2100000000e-01 1.4139904011e+02 5.5641444470e-01 4.5273530277e+03
8.2200000000e-01 1.4170288440e+02 5.6467695317e-01 4.5331441598e+03
8.2300000000e-01 1.4200683620e+02 5.7298757353e-01 4.5387875808e+03
8.2400000000e-01 1.4231059425e+02 5.8133584367e-01 4.5441908667e+03
8.2500000000e-01 1.4261405918e+02 5.8972063144e-01 4.5493481604e+03
8.2600000000e-01 1.4291732712e+02 5.9814995321e-01 4.5543417363e+03
8.2700000000e-01 1.4322063081e+02 6.0663777307e-01 4.5593108716e+03
8.2800000000e-01 1.4352432232e+02 6.1519899506e-01 4.5644027692e+03
8.2900000000e-01 1.4382867892e+02 6.2384514746e-01 4.5697200912e+03
8.3000000000e-01 1.4413383333e+02 6.3257830962e-01 4.5752827346e+03
8.3100000000e-01 1.4443974341e+02 6.4139215142e-01 4.5810227083e+03
8.3200000000e-01 1.4474616171e+02 6.5027353001e-01 4.5868091986e+03
8.3300000000e-01 1.4505277460e+02 6.5920697598e-01 4.5924938270e+03
8.3400000000e-01 1.4535928151e+02 6.6818038809e-01 4.5979658390e+03
8.3500000000e-01 1.4566550770e+02 6.7719001121e-01 4.6031914057e+03
8.3600000000e-01 1.4597149029e+02 6.8624049450e-01 4.6082235363e+03
8.3700000000e-01 1.4627741633e+02 6.9534387563e-01 4.6131846452e+03
8.3800000000e-01 1.4658360390e+02 7.0451569215e-01 4.6182218269e+03
8.3900000000e-01 1.4689036362e+02 7.1376800859e-01 4.6234526889e+03
8.4000000000e-01 1.4719786614e+02 7.2310629489e-01 4.6289251470e+03
8.4100000000e-01 1.4750613874e+02 7.3252714786e-01 4.6346001352e+03
8.4200000000e-01 1.4781499805e+02 7.4201933295e-01 4.6403651021e+03
8.4300000000e-01 1.4812413480e+02 7.5156757699e-01 4.6460760108e+03
8.4400000000e-01 1.4843326102e+02 7.6115929711e-01 4.6516088609e+03
8.4500000000e-01 1.4874214718e+02 7.7078720673e-01 4.6569031252e+03
8.4600000000e-01 1.4905075168e+02 7.8045318828e-01 4.6619838881e+03
8.4700000000e-01 1.4935923811e+02 7.9016730602e-01 4.6669526216e+03
8.4800000000e-01 1.4966786384e+02 7.9994369257e-01 4.6719493590e+03
8.4900000000e-01 1.4997694859e+02 8.0979553877e-01 4.6771029203e+03
8.5000000000e-01 1.5028672886e+02 8.1973104187e-01 4.6824855480e+03
8.5100000000e-01 1.5059725625e+02 8.2974950749e-01 4.6880858990e+03
8.5200000000e-01 1.5090842871e+02 8.3984185397e-01 4.6938142657e+03
8.5300000000e-01 1.5121997840e+02 8.4999479856e-01 4.6995361034e+03
8.5400000000e-01 1.5153159252e+02 8.6019409412e-01 4.7051186041e+03
8.5500000000e-01 1.5184303348e+02 8.7043067406e-01 4.7104792903e+03
8.5600000000e-01 1.5215418989e+02 8.8070364623e-01 4.7156161013e+03
8.5700000000e-01 1.5246515967e+02 8.9102040670e-01 4.7206056719e+03
8.5800000000e-01 1.5277617542e+02 9.0139342741e-01 4.7255768074e+03
8.5900000000e-01 1.5308753446e+02 9.1183708102e-01 4.7306645151e+03
8.6000000000e-01 1.5339951283e+02 9.2236085012e-01 4.7359598513e+03
8.6100000000e-01 1.5371221404e+02 9.3296677561e-01 4.7414789521e+03
8.6200000000e-01 1.5402559051e+02 9.4364890757e-01 4.7471578180e+03
8.6300000000e-01 1.5433943306e+02 9.5439484341e-01 4.7528743800e+03
8.6400000000e-01 1.5465342349e+02 9.6519024435e-01 4.7584936092e+03
8.6500000000e-01 1.5496731150e+02 9.7602453815e-01 4.7639160800e+03
8.6600000000e-01 1.5528094117e+02 9.8689402236e-01 4.7691124413e+03
8.6700000000e-01 1.5559432724e+02 9.9780287202e-01 4.7741340875e+03
8.6800000000e-01 1.5590768086e+02 1.0087627798e+00 4.7790947451e+03
8.6900000000e-01 1.5622127180e+02 1.0197871913e+00 4.7841285155e+03
8.7000000000e-01 1.5653537788e+02 1.0308872756e+00 4.7893419011e+03
8.7100000000e-01 1.5685018121e+02 1.0420677953e+00 4.7947767007e+03
8.7200000000e-01 1.5716566812e+02 1.0533253845e+00 4.8003943307e+03
8.7300000000e-01 1.5748168051e+02 1.0646490567e+00 4.8060901331e+03
8.7400000000e-01 1.5779794663e+02 1.0760255209e+00 4.8117324668e+03
8.7500000000e-01 1.5811417398e+02 1.0874425924e+00 4.8172085983e+03
8.7600000000e-01 1.5843018152e+02 1.0988939308e+00 4.8224651404e+03
8.7700000000e-01 1.5874593064e+02 1.1103816839e+00 4.8275281766e+03
8.7800000000e-01 1.5906156080e+02 1.1219149701e+00 4.8324918006e+03
8.7900000000e-01 1.5937733453e+02 1.1335065576e+00 4.8374844725e+03
8.8000000000e-01 1.5969352404e+02 1.1451686836e+00 4.8426240061e+03
8.8100000000e-01 1.6001034942e+02 1.1569083309e+00 4.8479737149e+03
8.8200000000e-01 1.6032786123e+02 1.1687240517e+00 4.8535207321e+03
8.8300000000e-01 1.6064594166e+02 1.1806078582e+00 4.8591819011e+03
8.8400000000e-01 1.6096436596e+02 1.1925467146e+00 4.8648324860e+03
8.8500000000e-01 1.6128283138e+02 1.2045277376e+00 4.8703517771e+03
8.8600000000e-01 1.6160112241e+02 1.2165427934e+00 4.8756668470e+03
8.8700000000e-01 1.6191916268e+02 1.2285913709e+00 4.8807773730e+03
8.8800000000e-01 1.6223701472e+02 1.2406798958e+00 4.8857557252e+03
8.8900000000e-01 1.6255491882e+02 1.2528205610e+00 4.8907211490e+03
8.9000000000e-01 1.6287314777e+02 1.2650259213e+00 4.8957961410e+03
8.9100000000e-01 1.6319192550e+02 1.2773043153e+00 4.9010624573e+03
8.9200000000e-01 1.6351137886e+02 1.2896575199e+00 4.9065328684e+03
8.9300000000e-01 1.6383143624e+02 1.3020794539e+00 4.9121463984e+03
8.9400000000e-01 1.6415189786e+02 1.3145583181e+00 4.9177901118e+03
8.9500000000e-01 1.6447249943e+02 1.3270811207e+00 4.9233410825e+03
8.9600000000e-01 1.6479298198e+02 1.3396382872e+00 4.9287096635e+03
8.9700000000e-01 1.6511322242e+02 1.3522260761e+00 4.9338708845e+03
8.9800000000e-01 1.6543324655e+02 1.3648492130e+00 4.9388745161e+03
8.9900000000e-01 1.6575322903e+02 1.3775179498e+00 4.9438257029e+03
9.0000000000e-01 1.6607343998e+02 1.3902446017e+00 4.9488466663e+03
9.0100000000e-01 1.6639412246e+02 1.4030391740e+00 4.9540343171e+03
9.0200000000e-01 1.6671543443e+02 1.4159058204e+00 4.9594243985e+03
9.0300000000e-01 1.6703737333e+02 1.4288405177e+00 4.9649789764e+03
9.0400000000e-01 1.6735977348e+02 1.4418334710e+00 4.9706016938e+03
9.0500000000e-01 1.6768239581e+02 1.4548720527e+00 4.9761713816e+03
9.0600000000e-01 1.6800497334e+02 1.4679448633e+00 4.9815857056e+03
9.0700000000e-01 1.6832733062e+02 1.4810465743e+00 4.9867986458e+03
9.0800000000e-01 1.6864945850e+02 1.4941791197e+00 4.9918356973e+03
9.0900000000e-01 1.6897147059e+02 1.5073508711e+00 4.9967844118e+03
9.1000000000e-01 1.6929361113e+02 1.5205736804e+00 5.0017633655e+03
9.1100000000e-01 1.6961614783e+02 1.5338588584e+00 5.0068789552e+03
9.1200000000e-01 1.6993924868e+02 1.5472119382e+00 5.0121871591e+03
9.1300000000e-01 1.7026297780e+02 1.5606319477e+00 5.0176744200e+03
9.1400000000e-01 1.7058722448e+02 1.5741108545e+00 5.0232626678e+03
9.1500000000e-01 1.7091175494e+02 1.5876364653e+00 5.0288370213e+03
9.1600000000e-01 1.7123632571e+02 1.6011968922e+00 5.0342880402e+03
9.1700000000e-01 1.7156072190e+02 1.6147849107e+00 5.0395507134e+03
9.1800000000e-01 1.7188487336e+02 1.6283996474e+00 5.0446265636e+03
9.1900000000e-01 1.7220886605e+02 1.6420475278e+00 5.0495839825e+03
9.2000000000e-01 1.7253289520e+02 1.6557397174e+00 5.0545329515e+03
9.2100000000e-01 1.7285722580e+02 1.6694873184e+00 5.0595844935e+03
9.2200000000e-01 1.7318206398e+02 1.6832981953e+00 5.0648123593e+03
9.2300000000e-01 1.7350750520e+02 1.6971735632e+00 5.0702261326e+03
9.2400000000e-01 1.7383349899e+02 1.7111074604e+00 5.0757674902e+03
9.2500000000e-01 1.7415984626e+02 1.7250888442e+00 5.0813328323e+03
9.2600000000e-01 1.7448630638e+02 1.7391060184e+00 5.0868098480e+03
9.2700000000e-01 1.7481265391e+02 1.7531495634e+00 5.0921173726e+03
9.2800000000e-01 1.7513876277e+02 1.7672167317e+00 5.0972353637e+03
9.2900000000e-01 1.7546467782e+02 1.7813117413e+00 5.1022110501e+03
9.3000000000e-01 1.7579055601e+02 1.7954439900e+00 5.1071413488e+03
9.3100000000e-01 1.7611663603e+02 1.8096247583e+00 5.1121386499e+03
9.3200000000e-01 1.7644316097e+02 1.8238632749e+00 5.1172900793e+03
9.3300000000e-01 1.7677025118e+02 1.8381626641e+00 5.1226260911e+03
9.3400000000e-01 1.7709790494e+02 1.8525192053e+00 5.1281104514e+03
9.3500000000e-01 1.7742598321e+02 1.8669238239e+00 5.1336535427e+03
9.3600000000e-01 1.7775423847e+02 1.8813643820e+00 5.1391441708e+03
9.3700000000e-01 1.7808244771e+02 1.8958307896e+00 5.1444900608e+03
9.3800000000e-01 1.7841045460e+02 1.9103181096e+00 5.1496510099e+03
9.3900000000e-01 1.7873823391e+02 1.9248281175e+00 5.1546520559e+03
9.4000000000e-01 1.7906592077e+02 1.9393684010e+00 5.1595748970e+03
9.4100000000e-01 1.7939372495e+02 1.9539501812e+00 5.1645285497e+03
9.4200000000e-01 1.7972188677e+02 1.9685830309e+00 5.1696089885e+03
9.4300000000e-01 1.8005057700e+02 1.9832722355e+00 5.1748659017e+03
9.4400000000e-01 1.8037982770e+02 1.9980165759e+00 5.1802851843e+03
9.4500000000e-01 1.8070954756e+02 2.0128083641e+00 5.1857932374e+03
9.4600000000e-01 1.8103952103e+02 2.0276363540e+00 5.1912848618e+03
9.4700000000e-01 1.8136951297e+02 2.0424898716e+00 5.1966608754e+03
9.4800000000e-01 1.8169934823e+02 2.0573620168e+00 5.2018627465e+03
9.4900000000e-01 1.8202894997e+02 2.0722521357e+00 5.2068943981e+03
9.5000000000e-01 1.8235840827e+02 2.0871664014e+00 5.2118201034e+03
9.5100000000e-01 1.8268791141e+02 2.1021144547e+00 5.2167405598e+03
9.5200000000e-01 1.8301768332e+02 2.1171066065e+00 5.2217573713e+03
9.5300000000e-01 1.8334793212e+02 2.1321497155e+00 5.2269364641e+03
9.5400000000e-01 1.8367873068e+02 2.1472445975e+00 5.2322842316e+03
9.5500000000e-01 1.8401002155e+02 2.1623853815e+00 5.2377460302e+03
9.5600000000e-01 1.8434164193e+02 2.1775622694e+00 5.2432262066e+03
9.5700000000e-01 1.8467334917e+02 2.1927639595e+00 5.2486220506e+03
9.5800000000e-01 1.8500494616e+02 2.2079821501e+00 5.2538608965e+03
9.5900000000e-01 1.8533633392e+02 2.2232144192e+00 5.2589263931e+03
9.6000000000e-01 1.8566753455e+02 2.2384644939e+00 5.2638632523e+03
9.6100000000e-01 1.8599871255e+02 2.2537409447e+00 5.2687612040e+03
9.6200000000e-01 1.8633008704e+02 2.2690541684e+00 5.2737231844e+03
9.6300000000e-01 1.8666186353e+02 2.2844121659e+00 5.2788273585e+03
9.6400000000e-01 1.8699416973e+02 2.2998174334e+00 5.2840997716e+03
9.6500000000e-01 1.8732698776e+02 2.3152666937e+00 5.2895058705e+03
9.6600000000e-01 1.8766018557e+02 2.3307509513e+00 5.2949620621e+03
9.6700000000e-01 1.8799354913e+02 2.3462592823e+00 5.3003666509e+03
9.6800000000e-01 1.8832685845e+02 2.3617824394e+00 5.3056367174e+03
9.6900000000e-01 1.8865998638e+02 2.3773159820e+00 5.3107366266e+03
9.7000000000e-01 1.8899291129e+02 2.3928613729e+00 5.3156913260e+03
9.7100000000e-01 1.8932575187e+02 2.4084260101e+00 5.3205771864e+03
9.7200000000e-01 1.8965871888e+02 2.4240195924e+00 5.3254935346e+03
9.7300000000e-01 1.8999201385e+02 2.4396507868e+00 5.3305276194e+03
9.7400000000e-01 1.9032579985e+02 2.4553242510e+00 5.3357234670e+03
9.7500000000e-01 1.9066010870e+02 2.4710383474e+00 5.3410658190e+03
9.7600000000e-01 1.9099483357e+02 2.4867858079e+00 5.3464863010e+03
9.7700000000e-01 1.9132979843e+02 2.5025563717e+00 5.3518883876e+03
9.7800000000e-01 1.9166477703e+02 2.5183401910e+00 5.3571817129e+03
9.7900000000e-01 1.9199960409e+02 2.5341308481e+00 5.3623144584e+03
9.8000000000e-01 1.9233423538e+02 2.5499283133e+00 5.3672921599e+03
9.8100000000e-01 1.9266873499e+02 2.5657378637e+00 5.3721748634e+03
9.8200000000e-01 1.9300328554e+02 2.5815684660e+00 5.3770552471e+03
9.8300000000e-01 1.9333810250e+02 2.5974293522e+00 5.3820259640e+03
9.8400000000e-01 1.9367335415e+02 2.6133265414e+00 5.3871457040e+03
9.8500000000e-01 1.9400912015e+02 2.6292601701e+00 5.3924183803e+03
9.8600000000e-01 1.9434534148e+02 2.6452250015e+00 5.3977928608e+03
9.8700000000e-01 1.9468185660e+02 2.6612115950e+00 5.4031806483e+03
9.8800000000e-01 1.9501845879e+02 2.6772095488e+00 5.4084879842e+03
9.8900000000e-01 1.9535495790e+02 2.6932115552e+00 5.4136501906e+03
9.9000000000e-01 1.9569126931e+02 2.7092152768e+00 5.4186536698e+03
9.9100000000e-01 1.9602742405e+02 2.7252241817e+00 5.4235408367e+03
9.9200000000e-01 1.9636356268e+02 2.7412461880e+00 5.4283951470e+03
9.9300000000e-01 1.9669989943e+02 2.7572906671e+00 5.4333100879e+03
9.9400000000e-01 1.9703661444e+02 2.7733643924e+00 5.4383560430e+03
9.9500000000e-01 1.9737381734e+02 2.7894698220e+00 5.4435555522e+03
9.9600000000e-01 1.9771150273e+02 2.8056032934e+00 5.4488748799e+03
9.9700000000e-01 1.9804952908e+02 2.8217565099e+00 5.4542366897e+03
9.9800000000e-01 1.9838770985e+02 2.8379193952e+00 5.4595482455e+03
9.9900000000e-01 1.9872585000e+02 2.8540835568e+00 5.4647343424e+03
1.0000000000e+00 1.9906381711e+02 2.8702447287e+00 5.4697641250e+03
1.0010000000e+00 1.9940161667e+02 2.8864046385e+00 5.4746622612e+03
1.0020000000e+00 1.9973935017e+02 2.9025698878e+00 5.4794995296e+03
1.0030000000e+00 2.0007720386e+02 2.9187491125e+00 5.4843669159e+03
1.0040000000e+00 2.0041538239e+02 2.9349502942e+00 5.4893435538e+03
1.0050000000e+00 2.0075401199e+02 2.9511772249e+00 5.4944680875e+03
1.0060000000e+00 2.0109312566e+02 2.9674280970e+00 5.4997246770e+03
1.0070000000e+00 2.0143263098e+02 2.9836960593e+00 5.5050498549e+03
1.0080000000e+00 2.0177234752e+02 2.9999716858e+00 5.5103549395e+03
1.0090000000e+00 2.0211208429e+02 3.0162455276e+00 5.5155576730e+03
1.0100000000e+00 2.0245168648e+02 3.0325121685e+00 5.5206125464e+03
1.0110000000e+00 2.0279111191e+02 3.0487713224e+00 5.5255261420e+03
1.0120000000e+00 2.0313043419e+02 3.0650278489e+00 5.5303544058e+03
1.0130000000e+00 2.0346981010e+02 3.0812899193e+00 5.5351830830e+03
1.0140000000e+00 2.0380944381e+02 3.0975658719e+00 5.5400961064e+03
1.0150000000e+00 2.0414948822e+02 3.1138607032e+00 5.5451456076e+03
1.0160000000e+00 2.0449000352e+02 3.1301745026e+00 5.5503339756e+03
1.0170000000e+00 2.0483094536e+02 3.1465021788e+00 5.5556127206e+03
1.0180000000e+00 2.0517215399e+02 3.1628346948e+00 5.5609001862e+03
1.0190000000e+00 2.0551343900e+02 3.1791627556e+00 5.5661113719e+03
1.0200000000e+00 2.0585464028e+02 3.1954794809e+00 5.5711880545e+03
1.0210000000e+00 2.0619566645e+02 3.2117827555e+00 5.5761194013e+03
1.0220000000e+00 2.0653655929e+02 3.2280757114e+00 5.5809459125e+03
1.0230000000e+00 2.0687745397e+02 3.2443656741e+00 5.5857444888e+03
1.0240000000e+00 2.0721852978e+02 3.2606606296e+00 5.5906003641e+03
1.0250000000e+00 2.0755996883e+02 3.2769668594e+00 5.5955769677e+03
1.0260000000e+00 2.0790185984e+02 3.2932861300e+00 5.6006932905e+03
1.0270000000e+00 2.0824418667e+02 3.3096147924e+00 5.6059168051e+03
1.0280000000e+00 2.0858683515e+02 3.3259451165e+00 5.6111760653e+03
1.0290000000e+00 2.0892961602e+02 3.3422678817e+00 5.6163863808e+03
1.0300000000e+00 2.0927235829e+02 3.3585751694e+00 5.6214796287e+03
1.0310000000e+00 2.0961494964e+02 3.3748632188e+00 5.6264293838e+03
1.0320000000e+00 2.0995738372e+02 3.3911336742e+00 5.6312598086e+03
1.0330000000e+00 2.1029977000e+02 3.4073921482e+00 5.6360362335e+03
1.0340000000e+00 2.1064227230e+02 3.4236466437e+00 5.6408423552e+03
1.0350000000e+00 2.1098507483e+02 3.4399040336e+00 5.6457496835e+03
1.0360000000e+00 2.1132829997e+02 3.4561674659e+00 5.6507917326e+03
1.0370000000e+00 2.1167196095e+02 3.4724349588e+00 5.6559528998e+03
1.0380000000e+00 2.1201598041e+02 3.4887002636e+00 5.6611739050e+03
1.0390000000e+00 2.1236018936e+02 3.5049542575e+00 5.6663731306e+03
1.0400000000e+00 2.1270440457e+02 3.5211885568e+00 5.6714764271e+03
1.0410000000e+00 2.1304850122e+02 3.5373980669e+00 5.6764433705e+03
1.0420000000e+00 2.1339243095e+02 3.5535823810e+00 5.6812813834e+03
1.0430000000e+00 2.1373626533e+02 3.5697458494e+00 5.6860430908e+03
1.0440000000e+00 2.1408016003e+02 3.5858957577e+00 5.6908071794e+03
1.0450000000e+00 2.1442428463e+02 3.6020392595e+00 5.6956497561e+03
1.0460000000e+00 2.1476878754e+02 3.6181805836e+00 5.7006173713e+03
1.0470000000e+00 2.1511372244e+02 3.6343196460e+00 5.7057106566e+03
1.0480000000e+00 2.1545903145e+02 3.6504511836e+00 5.7108838539e+03
1.0490000000e+00 2.1580458175e+02 3.6665669924e+00 5.7160618447e+03
1.0500000000e+00 2.1615019101e+02 3.6826583608e+00 5.7211674086e+03
1.0510000000e+00 2.1649570893e+02 3.6987189171e+00 5.7261482230e+03
1.0520000000e+00 2.1684106787e+02 3.7147465155e+00 5.7309960082e+03
1.0530000000e+00 2.1718629534e+02 3.7307441069e+00 5.7357493212e+03
1.0540000000e+00 2.1753152263e+02 3.7467177423e+00 5.7404787848e+03
1.0550000000e+00 2.1787691749e+02 3.7626745206e+00 5.7452622878e+03
1.0560000000e+00 2.1822263396e+02 3.7786197177e+00 5.7501569501e+03
1.0570000000e+00 2.1856876213e+02 3.7945543035e+00 5.7551782370e+03
1.0580000000e+00 2.1891527540e+02 3.8104745756e+00 5.7602953114e+03
1.0590000000e+00 2.1926206687e+02 3.8263731631e+00 5.7654421407e+03
1.0600000000e+00 2.1960897045e+02 3.8422412597e+00 5.7705410023e+03
1.0610000000e+00 2.1995581676e+02 3.8580713664e+00 5.7755308591e+03
1.0620000000e+00 2.2030251733e+02 3.8738600489e+00 5.7803889663e+03
1.0630000000e+00 2.2064906571e+02 3.8896081713e+00 5.7851385684e+03
1.0640000000e+00 2.2099555575e+02 3.9053206771e+00 5.7898405561e+03
1.0650000000e+00 2.2134215381e+02 3.9210042386e+00 5.7945714684e+03
1.0660000000e+00 2.2168901361e+02 3.9366645139e+00 5.7993957250e+03
1.0670000000e+00 2.2203624688e+02 3.9523035680e+00 5.8043427423e+03
1.0680000000e+00 2.2238387241e+02 3.9679191778e+00 5.8093968340e+03
1.0690000000e+00 2.2273180054e+02 3.9835048007e+00 5.8145026800e+03
1.0700000000e+00 2.2307988619e+02 3.9990517039e+00 5.8195854939e+03
1.0710000000e+00 2.2342796236e+02 4.0145518944e+00 5.8245782800e+03
1.0720000000e+00 2.2377590615e+02 4.0300001506e+00 5.8294452033e+03
1.0730000000e+00 2.2412368916e+02 4.0453956621e+00 5.8341944827e+03
1.0740000000e+00 2.2447137207e+02 4.0607418459e+00 5.8388755437e+03
1.0750000000e+00 2.2481909662e+02 4.0760445697e+00 5.8435604041e+03
1.0760000000e+00 2.2516702645e+02 4.0913093459e+00 5.8483181229e+03
1.0770000000e+00 2.2551528502e+02 4.1065394150e+00 5.8531903277e+03
1.0780000000e+00 2.2586392450e+02 4.1217334475e+00 5.8581758160e+03
1.0790000000e+00 2.2621288964e+02 4.1368859618e+00 5.8632316837e+03
1.0800000000e+00 2.2656204999e+02 4.1519886804e+00 5.8682890374e+03
1.0810000000e+00 2.2691124899e+02 4.1670329570e+00 5.8732773043e+03
1.0820000000e+00 2.2726034200e+02 4.1820121916e+00 5.8781499284e+03
1.0830000000e+00 2.2760927194e+02 4.1969239456e+00 5.8829009182e+03
1.0840000000e+00 2.2795807391e+02 4.2117698985e+00 5.8875664204e+03
1.0850000000e+00 2.2830685651e+02 4.2265546664e+00 5.8922117770e+03
1.0860000000e+00 2.2865578601e+02 4.2412838023e+00 5.8969080007e+03
1.0870000000e+00 2.2900499850e+02 4.2559608308e+00 5.9017060909e+03
1.0880000000e+00 2.2935456523e+02 4.2705855757e+00 5.9066189265e+03
1.0890000000e+00 2.2970447492e+02 4.2851535787e+00 5.9116170855e+03
1.0900000000e+00 2.3005461430e+02 4.2996571710e+00 5.9166393936e+03
1.0910000000e+00 2.3040483358e+02 4.3140872168e+00 5.9216149296e+03
1.0920000000e+00 2.3075498833e+02 4.3284363059e+00 5.9264888959e+03
1.0930000000e+00 2.3110498553e+02 4.3427001854e+00 5.9312417632e+03
1.0940000000e+00 2.3145483319e+02 4.3568787888e+00 5.9358959992e+03
1.0950000000e+00 2.3180461849e+02 4.3709755788e+00 5.9405082833e+03
1.0960000000e+00 2.3215448682e+02 4.3849955088e+00 5.9451484641e+03
1.0970000000e+00 2.3250458915e+02 4.3989423588e+00 5.9498745348e+03
1.0980000000e+00 2.3285501775e+02 4.4128169926e+00 5.9547123897e+03
1.0990000000e+00 2.3320578823e+02 4.4266160977e+00 5.9596461400e+03
1.1000000000e+00 2.3355682154e+02 4.4403325566e+00 5.9646242433e+03
1.1010000000e+00 2.3390797558e+02 4.4539576587e+00 5.9695784978e+03
1.1020000000e+00 2.3425910591e+02 4.4674830511e+00 5.9744480409e+03
1.1030000000e+00 2.3461009953e+02 4.4809031871e+00 5.9792013392e+03
1.1040000000e+00 2.3496092968e+02 4.4942164540e+00 5.9838475079e+03
1.1050000000e+00 2.3531166373e+02 4.5074250668e+00 5.9884324282e+03
1.1060000000e+00 2.3566242321e+02 4.5205331232e+00 5.9930222658e+03
1.1070000000e+00 2.3601336174e+02 4.5335448260e+00 5.9976797878e+03
1.1080000000e+00 2.3636459558e+02 4.5464618089e+00 6.0024416763e+03
1.1090000000e+00 2.3671615795e+02 4.5592819066e+00 6.0073055571e+03
1.1100000000e+00 2.3706800734e+02 4.5719992247e+00 6.0122312548e+03
1.1110000000e+00 2.3742001963e+02 4.5846054833e+00 6.0171552747e+03
1.1120000000e+00 2.3777204427e+02 4.5970920456e+00 6.0220135219e+03
1.1130000000e+00 2.3812396447e+02 4.6094524333e+00 6.0267645837e+03
1.1140000000e+00 2.3847571949e+02 4.6216838404e+00 6.0314042725e+03
1.1150000000e+00 2.3882734598e+02 4.6337870159e+00 6.0359666545e+03
1.1160000000e+00 2.3917895338e+02 4.6457656744e+00 6.0405121031e+03
1.1170000000e+00 2.3953068135e+02 4.6576240038e+00 6.0451052329e+03
1.1180000000e+00 2.3988266253e+02 4.6693645269e+00 6.0497915152e+03
1.1190000000e+00 2.4023495801e+02 4.6809864460e+00 6.0545816459e+03
1.1200000000e+00 2.4058754858e+02 4.6924853515e+00 6.0594474987e+03
1.1210000000e+00 2.4094033853e+02 4.7038536953e+00 6.0643323425e+03
1.1220000000e+00 2.4129318172e+02 4.7150832798e+00 6.0691718001e+03
1.1230000000e+00 2.4164595066e+02 4.7261671464e+00 6.0739165079e+03
1.1240000000e+00 2.4199856537e+02 4.7371013816e+00 6.0785497377e+03
1.1250000000e+00 2.4235102786e+02 4.7478859286e+00 6.0830935292e+03
1.1260000000e+00 2.4270342909e+02 4.7585238110e+00 6.0876002138e+03
1.1270000000e+00 2.4305589700e+02 4.7690192840e+00 6.0921335414e+03
1.1280000000e+00 2.4340856699e+02 4.7793757315e+00 6.0967459902e+03
1.1290000000e+00 2.4376152958e+02 4.7895939077e+00 6.1014598259e+03
1.1300000000e+00 2.4411478570e+02 4.7996707285e+00 6.1062592748e+03
1.1310000000e+00 2.4446826609e+02 4.8096001982e+00 6.1110965620e+03
1.1320000000e+00 2.4482184299e+02 4.8193746921e+00 6.1159091368e+03
1.1330000000e+00 2.4517537415e+02 4.8289872274e+00 6.1206420006e+03
1.1340000000e+00 2.4552876852e+02 4.8384332903e+00 6.1252675744e+03
1.1350000000e+00 2.4588200049e+02 4.8477121423e+00 6.1297954137e+03
1.1360000000e+00 2.4623512775e+02 4.8568260948e+00 6.1342682672e+03
1.1370000000e+00 2.4658827366e+02 4.8657795179e+00 6.1387468993e+03
1.1380000000e+00 2.4694156865e+02 4.8745766410e+00 6.1432881882e+03
1.1390000000e+00 2.4729511866e+02 4.8832194056e+00 6.1479244008e+03
1.1400000000e+00 2.4764895739e+02 4.8917065427e+00 6.1526522377e+03
1.1410000000e+00 2.4800303389e+02 4.9000335411e+00 6.1574340728e+03
1.1420000000e+00 2.4835724111e+02 4.9081937521e+00 6.1622113074e+03
1.1430000000e+00 2.4871143858e+02 4.9161804562e+00 6.1669259828e+03
1.1440000000e+00 2.4906551662e+02 4.9239890224e+00 6.1715412724e+03
1.1450000000e+00 2.4941943008e+02 4.9316177746e+00 6.1760543577e+03
1.1460000000e+00 2.4977320572e+02 4.9390686524e+00 6.1804976566e+03
1.1470000000e+00 2.5012694994e+02 4.9463458482e+00 6.1849267221e+03
1.1480000000e+00 2.5048079147e+02 4.9534540738e+00 6.1894001339e+03
1.1490000000e+00 2.5083484212e+02 4.9603964786e+00 6.1939587590e+03
1.1500000000e+00 2.5118916521e+02 4.9671734407e+00 6.1986110394e+03
1.1510000000e+00 2.5154373306e+02 4.9737818858e+00 6.2033300934e+03
1.1520000000e+00 2.5189845523e+02 4.9802163714e+00 6.2080636942e+03
1.1530000000e+00 2.5225320554e+02 4.9864708088e+00 6.2127531016e+03
1.1540000000e+00 2.5260785714e+02 4.9925402490e+00 6.2173539845e+03
1.1550000000e+00 2.5296234507e+02 4.9984225895e+00 6.2218523350e+03
1.1560000000e+00 2.5331667539e+02 5.0041190763e+00 6.2262694000e+03
1.1570000000e+00 2.5367092370e+02 5.0096336025e+00 6.2306535775e+03
1.1580000000e+00 2.5402521678e+02 5.0149710369e+00 6.2350631040e+03
1.1590000000e+00 2.5437967312e+02 5.0201356423e+00 6.2395452606e+03
1.1600000000e+00 2.5473436906e+02 5.0251289416e+00 6.2441191152e+03
1.1610000000e+00 2.5508931099e+02 5.0299494498e+00 6.2487691439e+03
1.1620000000e+00 2.5544442539e+02 5.0345929639e+00 6.2534510677e+03
1.1630000000e+00 2.5579959644e+02 5.0390539680e+00 6.2581074727e+03
1.1640000000e+00 2.5615469791e+02 5.0433274961e+00 6.2626888213e+03
1.1650000000e+00 2.5650964074e+02 5.0474110237e+00 6.2671711274e+03
1.1660000000e+00 2.5686441046e+02 5.0513049803e+00 6.2715640482e+03
1.1670000000e+00 2.5721905827e+02 5.0550126998e+00 6.2759076085e+03
1.1680000000e+00 2.5757369554e+02 5.0585392094e+00 6.2802575760e+03
1.1690000000e+00 2.5792844732e+02 5.0618891451e+00 6.2846651604e+03
1.1700000000e+00 2.5828339996e+02 5.0650653000e+00 6.2891589929e+03
1.1710000000e+00 2.5863858700e+02 5.0680675155e+00 6.2937348892e+03
1.1720000000e+00 2.5899395983e+02 5.0708928111e+00 6.2983574067e+03
1.1730000000e+00 2.5934941140e+02 5.0735363342e+00 6.3029728857e+03
1.1740000000e+00 2.5970482334e+02 5.0759934323e+00 6.3075287517e+03
1.1750000000e+00 2.6006008936e+02 5.0782609776e+00 6.3119922254e+03
1.1760000000e+00 2.6041516929e+02 5.0803387593e+00 6.3163619954e+03
1.1770000000e+00 2.6077009796e+02 5.0822294939e+00 6.3206686174e+03
1.1780000000e+00 2.6112496284e+02 5.0839379002e+00 6.3249631833e+03
1.1790000000e+00 2.6147988773e+02 5.0854689405e+00 6.3292989234e+03
1.1800000000e+00 2.6183497481e+02 5.0868263537e+00 6.3337123452e+03
1.1810000000e+00 2.6219027108e+02 5.0880111923e+00 6.3382099354e+03
1.1820000000e+00 2.6254575768e+02 5.0890215691e+00 6.3427661056e+03
1.1830000000e+00 2.6290134511e+02 5.0898536919e+00 6.3473327819e+03
1.1840000000e+00 2.6325691551e+02 5.0905030188e+00 6.3518563566e+03
1.1850000000e+00 2.6361236003e+02 5.0909662191e+00 6.3562971191e+03
1.1860000000e+00 2.6396761407e+02 5.0912424405e+00 6.3606435642e+03
1.1870000000e+00 2.6432268903e+02 5.0913337212e+00 6.3649159500e+03
1.1880000000e+00 2.6467765623e+02 5.0912442458e+00 6.3691591121e+03
1.1890000000e+00 2.6503262703e+02 5.0909792996e+00 6.3734263246e+03
1.1900000000e+00 2.6538771470e+02 5.0905431569e+00 6.3777598494e+03
1.1910000000e+00 2.6574298217e+02 5.0899379798e+00 6.3821761055e+03
1.1920000000e+00 2.6609843265e+02 5.0891631785e+00 6.3866599404e+03
1.1930000000e+00 2.6645400157e+02 5.0882158166e+00 6.3911700371e+03
1.1940000000e+00 2.6680957427e+02 5.0870918452e+00 6.3956540265e+03
1.1950000000e+00 2.6716504158e+02 5.0857878661e+00 6.4000673163e+03
1.1960000000e+00 2.6752032354e+02 5.0843024923e+00 6.4043889005e+03
1.1970000000e+00 2.6787540234e+02 5.0826369430e+00 6.4086287757e+03
1.1980000000e+00 2.6823033605e+02 5.0807950503e+00 6.4128242676e+03
1.1990000000e+00 2.6858522056e+02 5.0787818540e+00 6.4170263887e+03
1.2000000000e+00 2.6894016865e+02 5.0766021531e+00 6.4212814167e+03
1.2010000000e+00 2.6929526497e+02 5.0742590036e+00 6.4256145592e+03
1.2020000000e+00 2.6965052779e+02 5.0717529900e+00 6.4300208592e+03
1.2030000000e+00 2.7000591612e+02 5.0690820321e+00 6.4344670727e+03
1.2040000000e+00 2.7036133178e+02 5.0662428049e+00 6.4389040447e+03
1.2050000000e+00 2.7071665964e+02 5.0632318889e+00 6.4432841124e+03
1.2060000000e+00 2.7107181184e+02 5.0600473734e+00 6.4475781739e+03
1.2070000000e+00 2.7142674863e+02 5.0566898900e+00 6.4517862920e+03
1.2080000000e+00 2.7178150348e+02 5.0531625378e+00 6.4559371439e+03
1.2090000000e+00 2.7213616206e+02 5.0494700270e+00 6.4600776769e+03
1.2100000000e+00 2.7249083092e+02 5.0456173836e+00 6.4642563847e+03
1.2110000000e+00 2.7284560679e+02 5.0416083784e+00 6.4685056032e+03
1.2120000000e+00 2.7320052907e+02 5.0374443741e+00 6.4728301581e+03
1.2130000000e+00 2.7355557476e+02 5.0331244258e+00 6.4772059109e+03
1.2140000000e+00 2.7391066643e+02 5.0286456563e+00 6.4815883435e+03
1.2150000000e+00 2.7426569015e+02 5.0240047819e+00 6.4859287300e+03
1.2160000000e+00 2.7462054893e+02 5.0191994891e+00 6.4901916831e+03
1.2170000000e+00 2.7497518935e+02 5.0142296744e+00 6.4943676157e+03
1.2180000000e+00 2.7532961646e+02 5.0090975318e+00 6.4984760420e+03
1.2190000000e+00 2.7568390311e+02 5.0038072994e+00 6.5025584961e+03
1.2200000000e+00 2.7603815042e+02 4.9983638502e+00 6.5066634495e+03
1.2210000000e+00 2.7639245540e+02 4.9927712384e+00 6.5108288254e+03
1.2220000000e+00 2.7674688170e+02 4.9870316227e+00 6.5150686245e+03
1.2230000000e+00 2.7710142403e+02 4.9811447671e+00 6.5193679851e+03
1.2240000000e+00 2.7745602085e+02 4.9751083504e+00 6.5236885200e+03
1.2250000000e+00 2.7781057281e+02 4.9689191718e+00 6.5279824569e+03
1.2260000000e+00 2.7816497252e+02 4.9625746343e+00 6.5322096777e+03
1.2270000000e+00 2.7851915340e+02 4.9560736620e+00 6.5363518836e+03
1.2280000000e+00 2.7887310189e+02 4.9494176791e+00 6.5404193383e+03
1.2290000000e+00 2.7922686724e+02 4.9426100546e+00 6.5444467973e+03
1.2300000000e+00 2.7958054475e+02 4.9356552102e+00 6.5484808236e+03
1.2310000000e+00 2.7993423188e+02 4.9285572647e+00 6.5525633368e+03
1.2320000000e+00 2.8028800489e+02 4.9213188428e+00 6.5567163477e+03
1.2330000000e+00 2.8064188175e+02 4.9139401805e+00 6.5609341973e+03
1.2340000000e+00 2.8099581655e+02 4.9064195145e+00 6.5651859555e+03
1.2350000000e+00 2.8134972425e+02 4.8987537761e+00 6.5694264163e+03
1.2360000000e+00 2.8170349719e+02 4.8909398847e+00 6.5736124221e+03
1.2370000000e+00 2.8205705378e+02 4.8829761304e+00 6.5777184234e+03
1.2380000000e+00 2.8241036616e+02 4.8748628522e+00 6.5817453926e+03
1.2390000000e+00 2.8276345992e+02 4.8666024872e+00 6.5857203211e+03
1.2400000000e+00 2.8311641734e+02 4.8581987812e+00 6.5896864640e+03
1.2410000000e+00 2.8346933855e+02 4.8496557295e+00 6.5936877100e+03
1.2420000000e+00 2.8382230345e+02 4.8409760163e+00 6.5977527653e+03
1.2430000000e+00 2.8417535241e+02 4.8321604488e+00 6.6018850563e+03
1.2440000000e+00 2.8452846034e+02 4.8232076537e+00 6.6060616627e+03
1.2450000000e+00 2.8488155098e+02 4.8141147251e+00 6.6102415066e+03
1.2460000000e+00 2.8523452676e+02 4.8048783342e+00 6.6143803479e+03
1.2470000000e+00 2.8558729478e+02 4.7954961559e+00 6.6184466468e+03
1.2480000000e+00 2.8593980834e+02 4.7859675101e+00 6.6224325645e+03
1.2490000000e+00 2.8629207837e+02 4.7762938590e+00 6.6263568781e+03
1.2500000000e+00 2.8664416675e+02 4.7664782856e+00 6.6302580271e+03
1.2510000000e+00 2.8699617028e+02 4.7565242644e+00 6.6341800178e+03
1.2520000000e+00 2.8734817642e+02 4.7464346603e+00 6.6381569096e+03
1.2530000000e+00 2.8770023771e+02 4.7362106177e+00 6.6422005292e+03
1.2540000000e+00 2.8805235250e+02 4.7258512007e+00 6.6462962308e+03
1.2550000000e+00 2.8840445823e+02 4.7153537556e+00 6.6504085526e+03
1.2560000000e+00 2.8875646477e+02 4.7047149990e+00 6.6544938747e+03
1.2570000000e+00 2.8910827728e+02 4.6939319566e+00 6.6585160385e+03
1.2580000000e+00 2.8945983065e+02 4.6830032715e+00 6.6624594239e+03
1.2590000000e+00 2.8981112055e+02 4.6719294839e+00 6.6663342947e+03
1.2600000000e+00 2.9016219073e+02 4.6607128705e+00 6.6701729418e+03
1.2610000000e+00 2.9051312655e+02 4.6493565254e+00 6.6740180621e+03
1.2620000000e+00 2.9086402305e+02 4.6378633223e+00 6.6779073634e+03
1.2630000000e+00 2.9121494115e+02 4.6262347178e+00 6.6818600180e+03
1.2640000000e+00 2.9156589829e+02 4.6144702607e+00 6.6858699465e+03
1.2650000000e+00 2.9191685322e+02 4.6025678043e+00 6.6899081975e+03
1.2660000000e+00 2.9226772043e+02 4.5905240743e+00 6.6939333057e+03
1.2670000000e+00 2.9261840818e+02 4.5783359268e+00 6.6979062967e+03
1.2680000000e+00 2.9296884098e+02 4.5660013774e+00 6.7018047219e+03
1.2690000000e+00 2.9331899227e+02 4.5535202225e+00 6.7056303785e+03
1.2700000000e+00 2.9366889311e+02 4.5408939528e+00 6.7094086641e+03
1.2710000000e+00 2.9401861473e+02 4.5281253572e+00 6.7131793971e+03
1.2720000000e+00 2.9436824967e+02 4.5152171322e+00 6.7169822137e+03
1.2730000000e+00 2.9471787229e+02 4.5021710871e+00 6.7208425710e+03
1.2740000000e+00 2.9506751266e+02 4.4889873532e+00 6.7247627093e+03
1.2750000000e+00 2.9541714990e+02 4.4756642335e+00 6.7287207665e+03
1.2760000000e+00 2.9576671156e+02 4.4621987916e+00 6.7326789756e+03
1.2770000000e+00 2.9611610633e+02 4.4485878868e+00 6.7365972309e+03
1.2780000000e+00 2.9646525466e+02 4.4348291077e+00 6.7404473181e+03
1.2790000000e+00 2.9681411099e+02 4.4209216030e+00 6.7442231373e+03
1.2800000000e+00 2.9716268957e+02 4.4068663531e+00 6.7479426755e+03
1.2810000000e+00 2.9751104977e+02 4.3926655580e+00 6.7516413377e+03
1.2820000000e+00 2.9785927517e+02 4.3783219141e+00 6.7553592606e+03
1.2830000000e+00 2.9820745059e+02 4.3638374603e+00 6.7591268635e+03
1.2840000000e+00 2.9855561905e+02 4.3492128633e+00 6.7629539543e+03
1.2850000000e+00 2.9890377504e+02 4.3344469712e+00 6.7668263581e+03
1.2860000000e+00 2.9925186582e+02 4.3195373796e+00 6.7707111857e+03
1.2870000000e+00 2.9959980193e+02 4.3044810206e+00 6.7745686379e+03
1.2880000000e+00 2.9994750026e+02 4.2892752892e+00 6.7783662943e+03
1.2890000000e+00 3.0029490529e+02 4.2739189107e+00 6.7820908137e+03
1.2900000000e+00 3.0064200882e+02 4.2584122567e+00 6.7857524274e+03
1.2910000000e+00 3.0098885831e+02 4.2427570930e+00 6.7893811584e+03
1.2920000000e+00 3.0133552996e+02 4.2269559806e+00 6.7930160969e+03
1.2930000000e+00 3.0168210778e+02 4.2110111743e+00 6.7966911012e+03
1.2940000000e+00 3.0202865086e+02 4.1949237324e+00 6.8004227954e+03
1.2950000000e+00 3.0237516817e+02 4.1786932744e+00 6.8042048234e+03
1.2960000000e+00 3.0272162250e+02 4.1623178239e+00 6.8080100186e+03
1.2970000000e+00 3.0306793592e+02 4.1457946629e+00 6.8118004096e+03
1.2980000000e+00 3.0341402119e+02 4.1291211854e+00 6.8155409302e+03
1.2990000000e+00 3.0375981484e+02 4.1122958019e+00 6.8192117709e+03
1.3000000000e+00 3.0410529177e+02 4.0953183728e+00 6.8228155309e+03
1.3010000000e+00 3.0445048167e+02 4.0781903599e+00 6.8263761460e+03
1.3020000000e+00 3.0479545389e+02 4.0609140720e+00 6.8299300601e+03
1.3030000000e+00 3.0514028812e+02 4.0434919046e+00 6.8335131855e+03
1.3040000000e+00 3.0548505405e+02 4.0259254475e+00 6.8371480315e+03
1.3050000000e+00 3.0582977780e+02 4.0082148814e+00 6.8408356460e+03
1.3060000000e+00 3.0617443412e+02 3.9903589138e+00 6.8445553920e+03
1.3070000000e+00 3.0651896092e+02 3.9723552782e+00 6.8482725049e+03
1.3080000000e+00 3.0686327169e+02 3.9542015762e+00 6.8519505768e+03
1.3090000000e+00 3.0720729315e+02 3.9358960176e+00 6.8555645730e+03
1.3100000000e+00 3.0755099060e+02 3.9174382667e+00 6.8591098368e+03
1.3110000000e+00 3.0789437320e+02 3.8988293942e+00 6.8626035469e+03
1.3120000000e+00 3.0823749886e+02 3.8800715846e+00 6.8660783707e+03
1.3130000000e+00 3.0858044616e+02 3.8611673809e+00 6.8695708300e+03
1.3140000000e+00 3.0892328634e+02 3.8421188587e+00 6.8731080384e+03
1.3150000000e+00 3.0926606213e+02 3.8229268089e+00 6.8766980125e+03
1.3160000000e+00 3.0960876417e+02 3.8035907606e+00 6.8803270935e+03
1.3170000000e+00 3.0995134128e+02 3.7841090738e+00 6.8839647635e+03
1.3180000000e+00 3.1029371545e+02 3.7644796663e+00 6.8875747167e+03
1.3190000000e+00 3.1063580670e+02 3.7447009639e+00 6.8911280406e+03
1.3200000000e+00 3.1097756866e+02 3.7247724496e+00 6.8946133223e+03
1.3210000000e+00 3.1131899586e+02 3.7046950240e+00 6.8980407166e+03
1.3220000000e+00 3.1166012987e+02 3.6844708134e+00 6.9014382446e+03
1.3230000000e+00 3.1200104535e+02 3.6641025604e+00 6.9048414924e+03
1.3240000000e+00 3.1234181482e+02 3.6435927150e+00 6.9082808889e+03
1.3250000000e+00 3.1268249121e+02 3.6229429098e+00 6.9117708547e+03
1.3260000000e+00 3.1302308378e+02 3.6021534260e+00 6.9153046486e+03
1.3270000000e+00 3.1336355192e+02 3.5812234261e+00 6.9188569296e+03
1.3280000000e+00 3.1370382739e+02 3.5601514310e+00 6.9223929742e+03
1.3290000000e+00 3.1404383055e+02 3.5389361857e+00 6.9258811421e+03
1.3300000000e+00 3.1438350107e+02 3.5175772310e+00 6.9293041457e+03
1.3310000000e+00 3.1472282280e+02 3.4960754585e+00 6.9326652309e+03
1.3320000000e+00 3.1506182125e+02 3.4744330265e+00 6.9359868616e+03
1.3330000000e+00 3.1540055981e+02 3.4526528056e+00 6.9393024572e+03
1.3340000000e+00 3.1573911506e+02 3.4307377895e+00 6.9426444831e+03
1.3350000000e+00 3.1607754468e+02 3.4086902939e+00 6.9460327588e+03
1.3360000000e+00 3.1641587302e+02 3.3865114781e+00 6.9494673242e+03
1.3370000000e+00 3.1675407641e+02 3.3642013567e+00 6.9529287218e+03
1.3380000000e+00 3.1709209312e+02 3.3417592429e+00 6.9563849650e+03
1.3390000000e+00 3.1742984824e+02 3.3191842364e+00 6.9598030057e+03
1.3400000000e+00 3.1776727345e+02 3.2964762035e+00 6.9631607626e+03
1.3410000000e+00 3.1810433805e+02 3.2736360678e+00 6.9664548066e+03
1.3420000000e+00 3.1844105520e+02 3.2506659941e+00 6.9697014682e+03
1.3430000000e+00 3.1877747476e+02 3.2275690719e+00 6.9729309980e+03
1.3440000000e+00 3.1911367162e+02 3.2043486948e+00 6.9761764906e+03
1.3450000000e+00 3.1944970951e+02 3.1810077847e+00 6.9794620368e+03
1.3460000000e+00 3.1978562298e+02 3.1575483548e+00 6.9827942082e+03
1.3470000000e+00 3.2012140618e+02 3.1339713050e+00 6.9861597138e+03
1.3480000000e+00 3.2045700705e+02 3.1102766156e+00 6.9895302954e+03
1.3490000000e+00 3.2079235477e+02 3.0864640147e+00 6.9928729699e+03
1.3500000000e+00 3.2112737978e+02 3.0625335920e+00 6.9961618508e+03
1.3510000000e+00 3.2146203620e+02 3.0384863848e+00 6.9993873400e+03
1.3520000000e+00 3.2179632471e+02 3.0143245479e+00 7.0025595069e+03
1.3530000000e+00 3.2213028403e+02 2.9900513125e+00 7.0057043727e+03
1.3540000000e+00 3.2246397960e+02 2.9656702651e+00 7.0088543879e+03
1.3550000000e+00 3.2279748171e+02 2.9411848695e+00 7.0120368461e+03
1.3560000000e+00 3.2313083391e+02 2.9165978171e+00 7.0152641412e+03
1.3570000000e+00 3.2346404275e+02 2.8919107240e+00 7.0185292784e+03
1.3580000000e+00 3.2379707256e+02 2.8671242712e+00 7.0218086295e+03
1.3590000000e+00 3.2412985637e+02 2.8422387066e+00 7.0250704697e+03
1.3600000000e+00 3.2446232417e+02 2.8172543466e+00 7.0282862641e+03
1.3610000000e+00 3.2479442231e+02 2.7921722631e+00 7.0314410339e+03
1.3620000000e+00 3.2512613513e+02 2.7669946189e+00 7.0345385680e+03
1.3630000000e+00 3.2545749074e+02 2.7417244784e+00 7.0375998578e+03
1.3640000000e+00 3.2578854536e+02 2.7163655994e+00 7.0406556230e+03
1.3650000000e+00 3.2611936879e+02 2.6909217062e+00 7.0437351413e+03
1.3660000000e+00 3.2645001468e+02 2.6653959547e+00 7.0468557206e+03
1.3670000000e+00 3.2678049985e+02 2.6397905355e+00 7.0500166752e+03
1.3680000000e+00 3.2711080409e+02 2.6141067412e+00 7.0531995886e+03
1.3690000000e+00 3.2744086928e+02 2.5883451546e+00 7.0563750078e+03
1.3700000000e+00 3.2777062452e+02 2.5625063411e+00 7.0595131127e+03
1.3710000000e+00 3.2810001283e+02 2.5365913531e+00 7.0625943648e+03
1.3720000000e+00 3.2842900376e+02 2.5106021418e+00 7.0656164253e+03
1.3730000000e+00 3.2875761187e+02 2.4845416120e+00 7.0685948988e+03
1.3740000000e+00 3.2908588641e+02 2.4584134048e+00 7.0715576575e+03
1.3750000000e+00 3.2941389095e+02 2.4322213233e+00 7.0745347041e+03
1.3760000000e+00 3.2974168673e+02 2.4059687478e+00 7.0775474256e+03
1.3770000000e+00 3.3006930285e+02 2.3796583345e+00 7.0806010404e+03
1.3780000000e+00 3.3039672951e+02 2.3532917068e+00 7.0836826929e+03
1.3790000000e+00 3.3072392222e+02 2.3268698058e+00 7.0867662362e+03
1.3800000000e+00 3.3105081261e+02 2.3003933148e+00 7.0898217298e+03
1.3810000000e+00 3.3137733842e+02 2.2738632008e+00 7.0928260348e+03
1.3820000000e+00 3.3170346122e+02 2.2472811264e+00 7.0957711798e+03
1.3830000000e+00 3.3202917991e+02 2.2206497560e+00 7.0986671295e+03
1.3840000000e+00 3.3235453374e+02 2.1939724042e+00 7.1015379654e+03
1.3850000000e+00 3.3267958209e+02 2.1672527718e+00 7.1044133017e+03
1.3860000000e+00 3.3300438703e+02 2.1404943622e+00 7.1073175979e+03
1.3870000000e+00 3.3332898970e+02 2.1136999766e+00 7.1102613306e+03
1.3880000000e+00 3.3365339160e+02 2.0868715561e+00 7.1132374304e+03
1.3890000000e+00 3.3397755980e+02 2.0600102613e+00 7.1162238679e+03
1.3900000000e+00 3.3430143378e+02 2.0331168327e+00 7.1191915886e+03
1.3910000000e+00 3.3462494681e+02 2.0061920784e+00 7.1221150296e+03
1.3920000000e+00 3.3494805427e+02 1.9792374289e+00 7.1249812262e+03
1.3930000000e+00 3.3527074225e+02 1.9522550649e+00 7.1277943535e+03
1.3940000000e+00 3.3559303601e+02 1.9252479742e+00 7.1305741378e+03
1.3950000000e+00 3.3591499138e+02 1.8982195745e+00 7.1333487066e+03
1.3960000000e+00 3.3623666822e+02 1.8711732757e+00 7.1361444128e+03
1.3970000000e+00 3.3655811525e+02 1.8441119151e+00 7.1389763853e+03
1.3980000000e+00 3.3687934845e+02 1.8170376170e+00 7.1418432386e+03
1.3990000000e+00 3.3720034363e+02 1.7899516513e+00 7.1447275814e+03
1.4000000000e+00 3.3752105021e+02 1.7628547481e+00 7.1476023427e+03
1.4010000000e+00 3.3784140278e+02 1.7357476090e+00 7.1504406221e+03
1.4020000000e+00 3.3816134799e+02 1.7086312779e+00 7.1532251964e+03
1.4030000000e+00 3.3848086327e+02 1.6815074956e+00 7.1559546716e+03
1.4040000000e+00 3.3879996032e+02 1.6543787856e+00 7.1586439620e+03
1.4050000000e+00 3.3911868588e+02 1.6272481870e+00 7.1613186933e+03
1.4060000000e+00 3.3943709958e+02 1.6001188009e+00 7.1640060340e+03
1.4070000000e+00 3.3975525331e+02 1.5729934705e+00 7.1667249779e+03
1.4080000000e+00 3.4007317506e+02 1.5458742602e+00 7.1694794581e+03
1.4090000000e+00 3.4039085279e+02 1.5187624987e+00 7.1722571173e+03
1.4100000000e+00 3.4070824391e+02 1.4916588917e+00 7.1750338269e+03
1.4110000000e+00 3.4102528838e+02 1.4645639227e+00 7.1777823244e+03
1.4120000000e+00 3.4134192688e+02 1.4374782568e+00 7.1804820663e+03
1.4130000000e+00 3.4165812749e+02 1.4104031734e+00 7.1831265325e+03
1.4140000000e+00 3.4197389142e+02 1.3833406250e+00 7.1857254378e+03
1.4150000000e+00 3.4228925273e+02 1.3562931291e+00 7.1883011669e+03
1.4160000000e+00 3.4260426929e+02 1.3292634640e+00 7.1908806807e+03
1.4170000000e+00 3.4291899548e+02 1.3022541873e+00 7.1934857980e+03
1.4180000000e+00 3.4323346629e+02 1.2752672891e+00 7.1961253800e+03
1.4190000000e+00 3.4354768469e+02 1.2483040204e+00 7.1987922802e+03
1.4200000000e+00 3.4386161606e+02 1.2213650165e+00 7.2014659602e+03
1.4210000000e+00 3.4417520565e+02 1.1944504762e+00 7.2041198865e+03
1.4220000000e+00 3.4448839461e+02 1.1675607478e+00 7.2067311665e+03
1.4230000000e+00 3.4480114003e+02 1.1406965544e+00 7.2092886507e+03
1.4240000000e+00 3.4511343361e+02 1.1138592509e+00 7.2117968263e+03
1.4250000000e+00 3.4542529892e+02 1.0870508009e+00 7.2142742210e+03
1.4260000000e+00 3.4573678588e+02 1.0602735031e+00 7.2167465572e+03
1.4270000000e+00 3.4604795181e+02 1.0335295450e+00 7.2192374963e+03
1.4280000000e+00 3.4635883724e+02 1.0068207427e+00 7.2217602576e+03
1.4290000000e+00 3.4666945631e+02 9.8014821925e-01 7.2243128114e+03
1.4300000000e+00 3.4697978646e+02 9.5351240999e-01 7.2268787452e+03
1.4310000000e+00 3.4728977803e+02 9.2691336511e-01 7.2294332748e+03
1.4320000000e+00 3.4759937439e+02 9.0035100755e-01 7.2319520766e+03
1.4330000000e+00 3.4790852593e+02 8.7382557870e-01 7.2344200539e+03
1.4340000000e+00 3.4821721308e+02 8.4733785066e-01 7.2368366967e+03
1.4350000000e+00 3.4852545047e+02 8.2088921304e-01 7.2392161232e+03
1.4360000000e+00 3.4883327826e+02 7.9448140101e-01 7.2415819482e+03
1.4370000000e+00 3.4914075303e+02 7.6811627625e-01 7.2439587628e+03
1.4380000000e+00 3.4944792155e+02 7.4179537013e-01 7.2463632965e+03
1.4390000000e+00 3.4975480520e+02 7.1551965406e-01 7.2487984398e+03
1.4400000000e+00 3.5006139479e+02 6.8928945632e-01 7.2512523219e+03
1.4410000000e+00 3.5036764847e+02 6.6310464039e-01 7.2537026436e+03
1.4420000000e+00 3.5067351055e+02 6.3696483627e-01 7.2561246719e+03
1.4430000000e+00 3.5097893022e+02 6.1086987278e-01 7.2585001899e+03
1.4440000000e+00 3.5128387677e+02 5.8482005506e-01 7.2608239530e+03
1.4450000000e+00 3.5158835402e+02 5.5881618519e-01 7.2631054234e+03
1.4460000000e+00 3.5189239512e+02 5.3285958782e-01 7.2653653849e+03
1.4470000000e+00 3.5219605061e+02 5.0695174093e-01 7.2676283599e+03
1.4480000000e+00 3.5249937195e+02 4.8109395791e-01 7.2699137454e+03
1.4490000000e+00 3.5280238869e+02 4.5528710319e-01 7.2722289948e+03
1.4500000000e+00 3.5310510113e+02 4.2953149462e-01 7.2745669261e+03
1.4510000000e+00 3.5340747865e+02 4.0382686457e-01 7.2769083683e+03
1.4520000000e+00 3.5370946834e+02 3.7817275164e-01 7.2792291884e+03
1.4530000000e+00 3.5401101824e+02 3.5256871926e-01 7.2815088759e+03
1.4540000000e+00 3.5431209080e+02 3.2701469392e-01 7.2837378861e+03
1.4550000000e+00 3.5461267768e+02 3.0151113676e-01 7.2859210364e+03
1.4560000000e+00 3.5491280442e+02 2.7605900175e-01 7.2880756243e+03
1.4570000000e+00 3.5521251519e+02 2.5065950885e-01 7.2902251653e+03
1.4580000000e+00 3.5551186174e+02 2.2531385124e-01 7.2923909357e+03
1.4590000000e+00 3.5581088230e+02 2.0002292196e-01 7.2945843341e+03
1.4600000000e+00 3.5610958499e+02 1.7478706015e-01 7.2968028415e+03
1.4610000000e+00 3.5640795003e+02 1.4960614217e-01 7.2990310150e+03
1.4620000000e+00 3.5670593159e+02 1.2447970368e-01 7.3012461105e+03
1.4630000000e+00 3.5700347555e+02 9.9407260125e-02 7.3034262244e+03
1.4640000000e+00 3.5730054079e+02 7.4388567020e-02 7.3055581725e+03
1.4650000000e+00 3.5759710883e+02 4.9423912814e-02 7.3076421760e+03
1.4660000000e+00 3.5789319396e+02 2.4514014241e-02 7.3096916145e+03
1.4670000000e+00 3.5818883591e+02 -3.4001238629e-04 7.3117282197e+03
1.4680000000e+00 3.5848408348e+02 -2.5136959803e-02 7.3137742226e+03
1.4690000000e+00 3.5877898005e+02 -4.9875858206e-02 7.3158442936e+03
1.4700000000e+00 3.5907354400e+02 -7.4556133438e-02 7.3179404239e+03
1.4710000000e+00 3.5936776366e+02 -9.9177673746e-02 7.3200512432e+03
1.4720000000e+00 3.5966160210e+02 -1.2374075282e-01 7.3221561153e+03
1.4730000000e+00 3.5995500685e+02 -1.4824574514e-01 7.3242326829e+03
1.4740000000e+00 3.6024793220e+02 -1.7269281495e-01 7.3262648273e+03
1.4750000000e+00 3.6054035284e+02 -1.9708178486e-01 7.3282483806e+03
1.4760000000e+00 3.6083227146e+02 -2.2141193235e-01 7.3301926100e+03
1.4770000000e+00 3.6112372091e+02 -2.4568216482e-01 7.3321167534e+03
1.4780000000e+00 3.6141474742e+02 -2.6989119011e-01 7.3340430557e+03
1.4790000000e+00 3.6170539562e+02 -2.9403783300e-01 7.3359888024e+03
1.4800000000e+00 3.6199569377e+02 -3.1812120346e-01 7.3379601208e+03
1.4810000000e+00 3.6228563872e+02 -3.4214088339e-01 7.3399498431e+03
1.4820000000e+00 3.6257520137e+02 -3.6609681224e-01 7.3419401569e+03
1.4830000000e+00 3.6286433511e+02 -3.8998909731e-01 7.3439090628e+03
1.4840000000e+00 3.6315298995e+02 -4.1381777908e-01 7.3458382506e+03
1.4850000000e+00 3.6344113473e+02 -4.3758257110e-01 7.3477196413e+03
1.4860000000e+00 3.6372876337e+02 -4.6128272054e-01 7.3495582548e+03
1.4870000000e+00 3.6401589808e+02 -4.8491705800e-01 7.3513702576e+03
1.4880000000e+00 3.6430258251e+02 -5.0848418795e-01 7.3531771249e+03
1.4890000000e+00 3.6458886162e+02 -5.3198264698e-01 7.3549979424e+03
1.4900000000e+00 3.6487476907e+02 -5.5541127705e-01 7.3568424822e+03
1.4910000000e+00 3.6516031271e+02 -5.7876925929e-01 7.3587078158e+03
1.4920000000e+00 3.6544547073e+02 -6.0205616006e-01 7.3605794480e+03
1.4930000000e+00 3.6573020236e+02 -6.2527178584e-01 7.3624364940e+03
1.4940000000e+00 3.6601445819e+02 -6.4841596124e-01 7.3642592821e+03
1.4950000000e+00 3.6629820024e+02 -6.7148823030e-01 7.3660363750e+03
1.4960000000e+00 3.6658141507e+02 -6.9448778808e-01 7.3677685581e+03
1.4970000000e+00 3.6686411516e+02 -7.1741338995e-01 7.3694685497e+03
1.4980000000e+00 3.6714633796e+02 -7.4026347635e-01 7.3711563306e+03
1.4990000000e+00 3.6742812896e+02 -7.6303643354e-01 7.3728519048e+03
1.5000000000e+00 3.6770952474e+02 -7.8573077915e-01 7.3745681651e+03
1.5010000000e+00 3.6799054264e+02 -8.0834536304e-01 7.3763062857e+03
1.5020000000e+00 3.6827117012e+02 -8.3087939446e-01 7.3780553571e+03
1.5030000000e+00 3.6855137132e+02 -8.5333239450e-01 7.3797963773e+03
1.5040000000e+00 3.6883110060e+02 -8.7570391632e-01 7.3815091124e+03
1.5050000000e+00 3.6911031496e+02 -8.9799340980e-01 7.3831793375e+03
1.5060000000e+00 3.6938899280e+02 -9.2019997583e-01 7.3848038872e+03
1.5070000000e+00 3.6966713949e+02 -9.4232232535e-01 7.3863917524e+03
1.5080000000e+00 3.6994478334e+02 -9.6435883263e-01 7.3879607389e+03
1.5090000000e+00 3.7022196852e+02 -9.8630775966e-01 7.3895310176e+03
1.5100000000e+00 3.7049873510e+02 -1.0081674000e+00 7.3911179292e+03
1.5110000000e+00 3.7077510585e+02 -1.0299363385e+00 7.3927264389e+03
1.5120000000e+00 3.7105107897e+02 -1.0516135259e+00 7.3943494302e+03
1.5130000000e+00 3.7132662515e+02 -1.0731981782e+00 7.3959703790e+03
1.5140000000e+00 3.7160170155e+02 -1.0946897047e+00 7.3975692418e+03
1.5150000000e+00 3.7187626450e+02 -1.1160874394e+00 7.3991297050e+03
1.5160000000e+00 3.7215028442e+02 -1.1373904606e+00 7.4006450332e+03
1.5170000000e+00 3.7242375885e+02 -1.1585974919e+00 7.4021203407e+03
1.5180000000e+00 3.7269670857e+02 -1.1797069576e+00 7.4035707417e+03
1.5190000000e+00 3.7296917281e+02 -1.2007170370e+00 7.4050158609e+03
1.5200000000e+00 3.7324119421e+02 -1.2216259707e+00 7.4064727164e+03
1.5210000000e+00 3.7351280043e+02 -1.2424321775e+00 7.4079496754e+03
1.5220000000e+00 3.7378399812e+02 -1.2631344080e+00 7.4094434875e+03
1.5230000000e+00 3.7405476704e+02 -1.2837317312e+00 7.4109404972e+03
1.5240000000e+00 3.7432506728e+02 -1.3042234437e+00 7.4124216150e+03
1.5250000000e+00 3.7459485611e+02 -1.3246088455e+00 7.4138691879e+03
1.5260000000e+00 3.7486409887e+02 -1.3448870683e+00 7.4152733096e+03
1.5270000000e+00 3.7513278362e+02 -1.3650569696e+00 7.4166353055e+03
1.5280000000e+00 3.7540092504e+02 -1.3851170556e+00 7.4179672117e+03
1.5290000000e+00 3.7566855594e+02 -1.4050656361e+00 7.4192873714e+03
1.5300000000e+00 3.7593571824e+02 -1.4249009729e+00 7.4206137886e+03
1.5310000000e+00 3.7620244561e+02 -1.4446214791e+00 7.4219577227e+03
1.5320000000e+00 3.7646875052e+02 -1.4642258348e+00 7.4233196478e+03
1.5330000000e+00 3.7673462190e+02 -1.4837131012e+00 7.4246891246e+03
1.5340000000e+00 3.7700002599e+02 -1.5030825385e+00 7.4260486704e+03
1.5350000000e+00 3.7726491990e+02 -1.5223335414e+00 7.4273800025e+03
1.5360000000e+00 3.7752926695e+02 -1.5414654139e+00 7.4286705963e+03
1.5370000000e+00 3.7779304710e+02 -1.5604772123e+00 7.4299181931e+03
1.5380000000e+00 3.7805626679e+02 -1.5793677100e+00 7.4311314685e+03
1.5390000000e+00 3.7831895366e+02 -1.5981354639e+00 7.4323268759e+03
1.5400000000e+00 3.7858114631e+02 -1.6167789241e+00 7.4335227277e+03
1.5410000000e+00 3.7884288232e+02 -1.6352966413e+00 7.4347325494e+03
1.5420000000e+00 3.7910418065e+02 -1.6536874430e+00 7.4359602905e+03
1.5430000000e+00 3.7936503754e+02 -1.6719504426e+00 7.4371989688e+03
1.5440000000e+00 3.7962542724e+02 -1.6900850769e+00 7.4384332016e+03
1.5450000000e+00 3.7988530831e+02 -1.7080909295e+00 7.4396447902e+03
1.5460000000e+00 3.8014464233e+02 -1.7259675905e+00 7.4408192551e+03
1.5470000000e+00 3.8040340411e+02 -1.7437144589e+00 7.4419509938e+03
1.5480000000e+00 3.8066159052e+02 -1.7613307262e+00 7.4430452230e+03
1.5490000000e+00 3.8091922371e+02 -1.7788153187e+00 7.4441160480e+03
1.5500000000e+00 3.8117633876e+02 -1.7961670608e+00 7.4451813482e+03
1.5510000000e+00 3.8143297344e+02 -1.8133848326e+00 7.4462563052e+03
1.5520000000e+00 3.8168915392e+02 -1.8304677173e+00 7.4473480075e+03
1.5530000000e+00 3.8194488303e+02 -1.8474150993e+00 7.4484529447e+03
1.5540000000e+00 3.8220014199e+02 -1.8642266933e+00 7.4495582853e+03
1.5550000000e+00 3.8245489464e+02 -1.8809024221e+00 7.4506465894e+03
1.5560000000e+00 3.8270910048e+02 -1.8974422521e+00 7.4517020542e+03
1.5570000000e+00 3.8296273037e+02 -1.9138461005e+00 7.4527161356e+03
1.5580000000e+00 3.8321577400e+02 -1.9301136347e+00 7.4536906283e+03
1.5590000000e+00 3.8346824519e+02 -1.9462443314e+00 7.4546369031e+03
1.5600000000e+00 3.8372017586e+02 -1.9622375221e+00 7.4555717574e+03
1.5610000000e+00 3.8397160264e+02 -1.9780925457e+00 7.4565114072e+03
1.5620000000e+00 3.8422255605e+02 -1.9938088854e+00 7.4574656155e+03
1.5630000000e+00 3.8447304674e+02 -2.0093863406e+00 7.4584342370e+03
1.5640000000e+00 3.8472306200e+02 -2.0248249896e+00 7.4594073564e+03
1.5650000000e+00 3.8497257193e+02 -2.0401251791e+00 7.4603688570e+03
1.5660000000e+00 3.8522153650e+02 -2.0552873823e+00 7.4613022502e+03
1.5670000000e+00 3.8546992247e+02 -2.0703120296e+00 7.4621965931e+03
1.5680000000e+00 3.8571771431e+02 -2.0851993981e+00 7.4630503585e+03
1.5690000000e+00 3.8596491709e+02 -2.0999495637e+00 7.4638719224e+03
1.5700000000e+00 3.8621155778e+02 -2.1145624531e+00 7.4646764954e+03
1.5710000000e+00 3.8645767221e+02 -2.1290379238e+00 7.4654806301e+03
1.5720000000e+00 3.8670329216e+02 -2.1433759836e+00 7.4662962478e+03
1.5730000000e+00 3.8694843581e+02 -2.1575768463e+00 7.4671264014e+03
1.5740000000e+00 3.8719309755e+02 -2.1716410361e+00 7.4679642466e+03
1.5750000000e+00 3.8743725236e+02 -2.1855693428e+00 7.4687955041e+03
1.5760000000e+00 3.8768086398e+02 -2.1993627313e+00 7.4696036618e+03
1.5770000000e+00 3.8792389598e+02 -2.2130221520e+00 7.4703759066e+03
1.5780000000e+00 3.8816632723e+02 -2.2265484796e+00 7.4711076404e+03
1.5790000000e+00 3.8840815650e+02 -2.2399423780e+00 7.4718041328e+03
1.5800000000e+00 3.8864940342e+02 -2.2532043305e+00 7.4724785446e+03
1.5810000000e+00 3.8889010184e+02 -2.2663347603e+00 7.4731471185e+03
1.5820000000e+00 3.8913028488e+02 -2.2793341195e+00 7.4738233902e+03
1.5830000000e+00 3.8936997520e+02 -2.2922030503e+00 7.4745133088e+03
1.5840000000e+00 3.8960917533e+02 -2.3049424610e+00 7.4752131316e+03
1.5850000000e+00 3.8984786562e+02 -2.3175535309e+00 7.4759108639e+03
1.5860000000e+00 3.9008601363e+02 -2.3300375979e+00 7.4765905706e+03
1.5870000000e+00 3.9032358271e+02 -2.3423960925e+00 7.4772381123e+03
1.5880000000e+00 3.9056054599e+02 -2.3546303318e+00 7.4778462196e+03
1.5890000000e+00 3.9079689672e+02 -2.3667414782e+00 7.4784170342e+03
1.5900000000e+00 3.9103264744e+02 -2.3787304947e+00 7.4789612803e+03
1.5910000000e+00 3.9126782757e+02 -2.3905982310e+00 7.4794943636e+03
1.5920000000e+00 3.9150247165e+02 -2.4023455036e+00 7.4800308170e+03
1.5930000000e+00 3.9173660495e+02 -2.4139732709e+00 7.4805790765e+03
1.5940000000e+00 3.9197023700e+02 -2.4254827035e+00 7.4811384892e+03
1.5950000000e+00 3.9220335548e+02 -2.4368751993e+00 7.4816996198e+03
1.5960000000e+00 3.9243593091e+02 -2.4481523688e+00 7.4822476500e+03
1.5970000000e+00 3.9266792854e+02 -2.4593158905e+00 7.4827677338e+03
1.5980000000e+00 3.9289931780e+02 -2.4703673895e+00 7.4832503426e+03
1.5990000000e+00 3.9313008510e+02 -2.4813083327e+00 7.4836945945e+03
1.6000000000e+00 3.9336023759e+02 -2.4921400068e+00 7.4841085449e+03
1.6010000000e+00 3.9358979886e+02 -2.5028634941e+00 7.4845062518e+03
1.6020000000e+00 3.9381880249e+02 -2.5134798517e+00 7.4849026386e+03
1.6030000000e+00 3.9404727707e+02 -2.5239901661e+00 7.4853081812e+03
1.6040000000e+00 3.9427523686e+02 -2.5343956903e+00 7.4857251652e+03
1.6050000000e+00 3.9450267710e+02 -2.5446978912e+00 7.4861468748e+03
1.6060000000e+00 3.9472957308e+02 -2.5548984257e+00 7.4865600994e+03
1.6070000000e+00 3.9495589158e+02 -2.5649990290e+00 7.4869498850e+03
1.6080000000e+00 3.9518160080e+02 -2.5750014265e+00 7.4873048880e+03
1.6090000000e+00 3.9540668088e+02 -2.5849072011e+00 7.4876214467e+03
1.6100000000e+00 3.9563113298e+02 -2.5947177189e+00 7.4879048233e+03
1.6110000000e+00 3.9585497554e+02 -2.6044341741e+00 7.4881672561e+03
1.6120000000e+00 3.9607823870e+02 -2.6140576266e+00 7.4884235294e+03
1.6130000000e+00 3.9630095377e+02 -2.6235891400e+00 7.4886856498e+03
1.6140000000e+00 3.9652313923e+02 -2.6330298695e+00 7.4889585488e+03
1.6150000000e+00 3.9674479629e+02 -2.6423811684e+00 7.4892383462e+03
1.6160000000e+00 3.9696590718e+02 -2.6516445274e+00 7.4895138119e+03
1.6170000000e+00 3.9718644032e+02 -2.6608215707e+00 7.4897704150e+03
1.6180000000e+00 3.9740636356e+02 -2.6699139086e+00 7.4899955456e+03
1.6190000000e+00 3.9762565331e+02 -2.6789230298e+00 7.4901830540e+03
1.6200000000e+00 3.9784430329e+02 -2.6878502298e+00 7.4903353750e+03
1.6210000000e+00 3.9806232726e+02 -2.6966966058e+00 7.4904626036e+03
1.6220000000e+00 3.9827975158e+02 -2.7054630776e+00 7.4905788560e+03
1.6230000000e+00 3.9849660731e+02 -2.7141505168e+00 7.4906971273e+03
1.6240000000e+00 3.9871291775e+02 -2.7227598581e+00 7.4908246580e+03
1.6250000000e+00 3.9892868910e+02 -2.7312921386e+00 7.4909603874e+03
1.6260000000e+00 3.9914390999e+02 -2.7397485809e+00 7.4910953327e+03
1.6270000000e+00 3.9935855295e+02 -2.7481305019e+00 7.4912158916e+03
1.6280000000e+00 3.9957258538e+02 -2.7564392435e+00 7.4913087457e+03
1.6290000000e+00 3.9978598142e+02 -2.7646760483e+00 7.4913655986e+03
1.6300000000e+00 3.9999872853e+02 -2.7728420000e+00 7.4913861496e+03
1.6310000000e+00 4.0021083442e+02 -2.7809379399e+00 7.4913781359e+03
1.6320000000e+00 4.0042232200e+02 -2.7889645495e+00 7.4913544926e+03
1.6330000000e+00 4.0063322035e+02 -2.7969223991e+00 7.4913286907e+03
1.6340000000e+00 4.0084355619e+02 -2.8048120626e+00 7.4913098914e+03
1.6350000000e+00 4.0105334113e+02 -2.8126342078e+00 7.4912996826e+03
1.6360000000e+00 4.0126256890e+02 -2.8203896452e+00 7.4912915448e+03
1.6370000000e+00 4.0147121774e+02 -2.8280792948e+00 7.4912732467e+03
1.6380000000e+00 4.0167925592e+02 -2.8357041133e+00 7.4912312589e+03
1.6390000000e+00 4.0188665512e+02 -2.8432650176e+00 7.4911555926e+03
1.6400000000e+00 4.0209339901e+02 -2.8507627428e+00 7.4910433864e+03
1.6410000000e+00 4.0229948820e+02 -2.8581978396e+00 7.4908998642e+03
1.6420000000e+00 4.0250494129e+02 -2.8655706549e+00 7.4907363934e+03
1.6430000000e+00 4.0270978580e+02 -2.8728814074e+00 7.4905664042e+03
1.6440000000e+00 4.0291404899e+02 -2.8801302677e+00 7.4904005194e+03
1.6450000000e+00 4.0311774796e+02 -2.8873174935e+00 7.4902427566e+03
1.6460000000e+00 4.0332088185e+02 -2.8944434291e+00 7.4900891586e+03
1.6470000000e+00 4.0352343368e+02 -2.9015085564e+00 7.4899292142e+03
1.6480000000e+00 4.0372537499e+02 -2.9085134221e+00 7.4897496789e+03
1.6490000000e+00 4.0392667562e+02 -2.9154585344e+00 7.4895393594e+03
1.6500000000e+00 4.0412731574e+02 -2.9223442894e+00 7.4892930722e+03
1.6510000000e+00 4.0432729038e+02 -2.9291708991e+00 7.4890134842e+03
1.6520000000e+00 4.0452661224e+02 -2.9359383771e+00 7.4887101070e+03
1.6530000000e+00 4.0472530691e+02 -2.9426465820e+00 7.4883958153e+03
1.6540000000e+00 4.0492340133e+02 -2.9492953281e+00 7.4880822206e+03
1.6550000000e+00 4.0512091628e+02 -2.9558844357e+00 7.4877755047e+03
1.6560000000e+00 4.0531785705e+02 -2.9624138456e+00 7.4874742263e+03
1.6570000000e+00 4.0551421094e+02 -2.9688836100e+00 7.4871698812e+03
1.6580000000e+00 4.0570995362e+02 -2.9752938770e+00 7.4868499916e+03
1.6590000000e+00 4.0590505507e+02 -2.9816447890e+00 7.4865026077e+03
1.6600000000e+00 4.0609949156e+02 -2.9879364293e+00 7.4861205670e+03
1.6610000000e+00 4.0629325404e+02 -2.9941687097e+00 7.4857040467e+03
1.6620000000e+00 4.0648634915e+02 -3.0003413643e+00 7.4852604500e+03
1.6630000000e+00 4.0667879864e+02 -3.0064539842e+00 7.4848016731e+03
1.6640000000e+00 4.0687062965e+02 -3.0125060658e+00 7.4843398406e+03
1.6650000000e+00 4.0706186462e+02 -3.0184971194e+00 7.4838829332e+03
1.6660000000e+00 4.0725251426e+02 -3.0244267465e+00 7.4834319249e+03
1.6670000000e+00 4.0744257149e+02 -3.0302946733e+00 7.4829805131e+03
1.6680000000e+00 4.0763201527e+02 -3.0361007214e+00 7.4825173881e+03
1.6690000000e+00 4.0782081758e+02 -3.0418447891e+00 7.4820303110e+03
1.6700000000e+00 4.0800895211e+02 -3.0475267077e+00 7.4815105377e+03
1.6710000000e+00 4.0819640520e+02 -3.0531462139e+00 7.4809558941e+03
1.6720000000e+00 4.0838317870e+02 -3.0587028826e+00 7.4803715182e+03
1.6730000000e+00 4.0856928929e+02 -3.0641961457e+00 7.4797679848e+03
1.6740000000e+00 4.0875476314e+02 -3.0696253363e+00 7.4791574465e+03
1.6750000000e+00 4.0893962420e+02 -3.0749897983e+00 7.4785492714e+03
1.6760000000e+00 4.0912388679e+02 -3.0802889398e+00 7.4779466989e+03
1.6770000000e+00 4.0930755013e+02 -3.0855222978e+00 7.4773456993e+03
1.6780000000e+00 4.0949059687e+02 -3.0906895489e+00 7.4767364640e+03
1.6790000000e+00 4.0967300123e+02 -3.0957904449e+00 7.4761069536e+03
1.6800000000e+00 4.0985473649e+02 -3.1008247517e+00 7.4754472292e+03
1.6810000000e+00 4.1003578413e+02 -3.1057921640e+00 7.4747529896e+03
1.6820000000e+00 4.1021614168e+02 -3.1106922628e+00 7.4740270787e+03
1.6830000000e+00 4.1039582109e+02 -3.1155244794e+00 7.4732784272e+03
1.6840000000e+00 4.1057484537e+02 -3.1202881825e+00 7.4725187801e+03
1.6850000000e+00 4.1075324003e+02 -3.1249827052e+00 7.4717584805e+03
1.6860000000e+00 4.1093102213e+02 -3.1296074559e+00 7.4710027681e+03
1.6870000000e+00 4.1110819588e+02 -3.1341619704e+00 7.4702498944e+03
1.6880000000e+00 4.1128474935e+02 -3.1386459347e+00 7.4694918222e+03
1.6890000000e+00 4.1146065882e+02 -3.1430591394e+00 7.4687171336e+03
1.6900000000e+00 4.1163589806e+02 -3.1474014443e+00 7.4679151179e+03
1.6910000000e+00 4.1181044560e+02 -3.1516726764e+00 7.4670796423e+03
1.6920000000e+00 4.1198429372e+02 -3.1558725695e+00 7.4662112968e+03
1.6930000000e+00 4.1215745023e+02 -3.1600007669e+00 7.4653171272e+03
1.6940000000e+00 4.1232993438e+02 -3.1640568099e+00 7.4644080910e+03
1.6950000000e+00 4.1250177140e+02 -3.1680402254e+00 7.4634950739e+03
1.6960000000e+00 4.1267298131e+02 -3.1719505918e+00 7.4625849834e+03
1.6970000000e+00 4.1284357206e+02 -3.1757876169e+00 7.4616783040e+03
1.6980000000e+00 4.1301353734e+02 -3.1795511455e+00 7.4607689447e+03
1.6990000000e+00 4.1318285674e+02 -3.1832411839e+00 7.4598464658e+03
1.7000000000e+00 4.1335150444e+02 -3.1868578092e+00 7.4588998475e+03
1.7010000000e+00 4.1351945782e+02 -3.1904011203e+00 7.4579214436e+03
1.7020000000e+00 4.1368670417e+02 -3.1938711607e+00 7.4569096962e+03
1.7030000000e+00 4.1385324659e+02 -3.1972678913e+00 7.4558696508e+03
1.7040000000e+00 4.1401910117e+02 -3.2005911812e+00 7.4548111143e+03
1.7050000000e+00 4.1418429087e+02 -3.2038408744e+00 7.4537450863e+03
1.7060000000e+00 4.1434883806e+02 -3.2070168552e+00 7.4526798064e+03
1.7070000000e+00 4.1451275453e+02 -3.2101190999e+00 7.4516178287e+03
1.7080000000e+00 4.1467603822e+02 -3.2131477527e+00 7.4505551082e+03
1.7090000000e+00 4.1483867354e+02 -3.2161030957e+00 7.4494825072e+03
1.7100000000e+00 4.1500063580e+02 -3.2189855245e+00 7.4483891118e+03
1.7110000000e+00 4.1516190134e+02 -3.2217954756e+00 7.4472661233e+03
1.7120000000e+00 4.1532245431e+02 -3.2245333708e+00 7.4461100274e+03
1.7130000000e+00 4.1548229245e+02 -3.2271995376e+00 7.4449238158e+03
1.7140000000e+00 4.1564142827e+02 -3.2297942457e+00 7.4437158458e+03
1.7150000000e+00 4.1579988246e+02 -3.2323177027e+00 7.4424968359e+03
1.7160000000e+00 4.1595767777e+02 -3.2347701322e+00 7.4412759891e+03
1.7170000000e+00 4.1611482986e+02 -3.2371518431e+00 7.4400576881e+03
1.7180000000e+00 4.1627134056e+02 -3.2394632762e+00 7.4388399706e+03
1.7190000000e+00 4.1642719891e+02 -3.2417050134e+00 7.4376152557e+03
1.7200000000e+00 4.1658238290e+02 -3.2438777593e+00 7.4363730977e+03
1.7210000000e+00 4.1673686797e+02 -3.2459822838e+00 7.4351039539e+03
1.7220000000e+00 4.1689063621e+02 -3.2480193352e+00 7.4338025965e+03
1.7230000000e+00 4.1704368066e+02 -3.2499896150e+00 7.4324699609e+03
1.7240000000e+00 4.1719600915e+02 -3.2518937295e+00 7.4311127636e+03
1.7250000000e+00 4.1734764039e+02 -3.2537322245e+00 7.4297410655e+03
1.7260000000e+00 4.1749859620e+02 -3.2555056231e+00 7.4283646303e+03
1.7270000000e+00 4.1764889487e+02 -3.2572145127e+00 7.4269894161e+03
1.7280000000e+00 4.1779854287e+02 -3.2588595654e+00 7.4256154789e+03
1.7290000000e+00 4.1794753282e+02 -3.2604415981e+00 7.4242369665e+03
1.7300000000e+00 4.1809584647e+02 -3.2619615395e+00 7.4228442553e+03
1.7310000000e+00 4.1824345974e+02 -3.2634203806e+00 7.4214274450e+03
1.7320000000e+00 4.1839035228e+02 -3.2648191203e+00 7.4199798811e+03
1.7330000000e+00 4.1853651397e+02 -3.2661587019e+00 7.4185005343e+03
1.7340000000e+00 4.1868194763e+02 -3.2674399732e+00 7.4169943454e+03
1.7350000000e+00 4.1882666885e+02 -3.2686636974e+00 7.4154703842e+03
1.7360000000e+00 4.1897069875e+02 -3.2698306015e+00 7.4139385895e+03
1.7370000000e+00 4.1911405659e+02 -3.2709414060e+00 7.4124061973e+03
1.7380000000e+00 4.1925675313e+02 -3.2719969209e+00 7.4108751381e+03
1.7390000000e+00 4.1939878503e+02 -3.2729980486e+00 7.4093413972e+03
1.7400000000e+00 4.1954013741e+02 -3.2739458006e+00 7.4077964827e+03
1.7410000000e+00 4.1968078820e+02 -3.2748412497e+00 7.4062304903e+03
1.7420000000e+00 4.1982071517e+02 -3.2756854878e+00 7.4046356757e+03
1.7430000000e+00 4.1995990528e+02 -3.2764795403e+00 7.4030092108e+03
1.7440000000e+00 4.2009835721e+02 -3.2772243478e+00 7.4013541674e+03
1.7450000000e+00 4.2023608226e+02 -3.2779207478e+00 7.3996783748e+03
1.7460000000e+00 4.2037310052e+02 -3.2785694973e+00 7.3979915814e+03
1.7470000000e+00 4.2050943168e+02 -3.2791713344e+00 7.3963019451e+03
1.7480000000e+00 4.2064508927e+02 -3.2797270310e+00 7.3946131024e+03
1.7490000000e+00 4.2078007482e+02 -3.2802374351e+00 7.3929229063e+03
1.7500000000e+00 4.2091437658e+02 -3.2807034745e+00 7.3912242224e+03
1.7510000000e+00 4.2104797485e+02 -3.2811261558e+00 7.3895075072e+03
1.7520000000e+00 4.2118084736e+02 -3.2815064777e+00 7.3877642702e+03
1.7530000000e+00 4.2131297772e+02 -3.2818454060e+00 7.3859900910e+03
1.7540000000e+00 4.2144436123e+02 -3.2821438061e+00 7.3841861776e+03
1.7550000000e+00 4.2157500508e+02 -3.2824024313e+00 7.3823589182e+03
1.7560000000e+00 4.2170492671e+02 -3.2826219317e+00 7.3805175284e+03
1.7570000000e+00 4.2183414635e+02 -3.2828029147e+00 7.3786707350e+03
1.7580000000e+00 4.2196267932e+02 -3.2829459748e+00 7.3768236587e+03
1.7590000000e+00 4.2209053125e+02 -3.2830517616e+00 7.3749759743e+03
1.7600000000e+00 4.2221769453e+02 -3.2831209968e+00 7.3731220738e+03
1.7610000000e+00 4.2234415160e+02 -3.2831544498e+00 7.3712531134e+03
1.7620000000e+00 4.2246988123e+02 -3.2831529151e+00 7.3693601902e+03
1.7630000000e+00 4.2259486472e+02 -3.2831171439e+00 7.3674375486e+03
1.7640000000e+00 4.2271909366e+02 -3.2830478017e+00 7.3654846207e+03
1.7650000000e+00 4.2284257183e+02 -3.2829454291e+00 7.3635061934e+03
1.7660000000e+00 4.2296531307e+02 -3.2828104691e+00 7.3615106586e+03
1.7670000000e+00 4.2308733729e+02 -3.2826432709e+00 7.3595069774e+03
1.7680000000e+00 4.2320866152e+02 -3.2824441678e+00 7.3575014630e+03
1.7690000000e+00 4.2332929419e+02 -3.2822135121e+00 7.3554955226e+03
1.7700000000e+00 4.2344923235e+02 -3.2819517120e+00 7.3534851897e+03
1.7710000000e+00 4.2356846117e+02 -3.2816592223e+00 7.3514625819e+03
1.7720000000e+00 4.2368696043e+02 -3.2813365312e+00 7.3494187375e+03
1.7730000000e+00 4.2380471077e+02 -3.2809840929e+00 7.3473468563e+03
1.7740000000e+00 4.2392170007e+02 -3.2806022840e+00 7.3452447185e+03
1.7750000000e+00 4.2403792854e+02 -3.2801913799e+00 7.3431154385e+03
1.7760000000e+00 4.2415340693e+02 -3.2797515284e+00 7.3409663389e+03
1.7770000000e+00 4.2426815321e+02 -3.2792827924e+00 7.3388062789e+03
1.7780000000e+00 4.2438218578e+02 -3.2787851874e+00 7.3366424612e+03
1.7790000000e+00 4.2449551567e+02 -3.2782587359e+00 7.3344778793e+03
1.7800000000e+00 4.2460814363e+02 -3.2777034921e+00 7.3323102478e+03
1.7810000000e+00 4.2472005865e+02 -3.2771195785e+00 7.3301328613e+03
1.7820000000e+00 4.2483124179e+02 -3.2765071338e+00 7.3279370395e+03
1.7830000000e+00 4.2494167359e+02 -3.2758662984e+00 7.3257152381e+03
1.7840000000e+00 4.2505133940e+02 -3.2751971525e+00 7.3234637576e+03
1.7850000000e+00 4.2516023538e+02 -3.2744996809e+00 7.3211840505e+03
1.7860000000e+00 4.2526836941e+02 -3.2737737561e+00 7.3188821603e+03
1.7870000000e+00 4.2537575698e+02 -3.2730191605e+00 7.3165665305e+03
1.7880000000e+00 4.2548241662e+02 -3.2722356184e+00 7.3142449585e+03
1.7890000000e+00 4.2558836208e+02 -3.2714228422e+00 7.3119218048e+03
1.7900000000e+00 4.2569359699e+02 -3.2705805886e+00 7.3095964466e+03
1.7910000000e+00 4.2579811434e+02 -3.2697086582e+00 7.3072635344e+03
1.7920000000e+00 4.2590189758e+02 -3.2688069035e+00 7.3049149498e+03
1.7930000000e+00 4.2600492696e+02 -3.2678751861e+00 7.3025427233e+03
1.7940000000e+00 4.2610718665e+02 -3.2669133429e+00 7.3001419043e+03
1.7950000000e+00 4.2620866905e+02 -3.2659211250e+00 7.2977123248e+03
1.7960000000e+00 4.2630937842e+02 -3.2648982059e+00 7.2952586128e+03
1.7970000000e+00 4.2640932822e+02 -3.2638441589e+00 7.2927885220e+03
1.7980000000e+00 4.2650853585e+02 -3.2627585040e+00 7.2903101279e+03
1.7990000000e+00 4.2660701701e+02 -3.2616407513e+00 7.2878289136e+03
1.8000000000e+00 4.2670477851e+02 -3.2604904408e+00 7.2853458432e+03
1.8010000000e+00 4.2680181657e+02 -3.2593071690e+00 7.2828570330e+03
1.8020000000e+00 4.2689811786e+02 -3.2580905982e+00 7.2803551707e+03
1.8030000000e+00 4.2699366320e+02 -3.2568404267e+00 7.2778321814e+03
1.8040000000e+00 4.2708843557e+02 -3.2555563434e+00 7.2752821156e+03
1.8050000000e+00 4.2718242479e+02 -3.2542380060e+00 7.2727032760e+03
1.8060000000e+00 4.2727563113e+02 -3.2528849896e+00 7.2700988100e+03
1.8070000000e+00 4.2736806558e+02 -3.2514968033e+00 7.2674755409e+03
1.8080000000e+00 4.2745974431e+02 -3.2500728997e+00 7.2648415041e+03
1.8090000000e+00 4.2755068358e+02 -3.2486127268e+00 7.2622030566e+03
1.8100000000e+00 4.2764089346e+02 -3.2471157544e+00 7.2595626074e+03
1.8110000000e+00 4.2773037321e+02 -3.2455815287e+00 7.2569177796e+03
1.8120000000e+00 4.2781911255e+02 -3.2440096638e+00 7.2542622918e+03
1.8130000000e+00 4.2790709423e+02 -3.2423998358e+00 7.2515882459e+03
1.8140000000e+00 4.2799430006e+02 -3.2407517495e+00 7.2488889642e+03
1.8150000000e+00 4.2808071792e+02 -3.2390650967e+00 7.2461613809e+03
1.8160000000e+00 4.2816634474e+02 -3.2373395223e+00 7.2434071317e+03
1.8170000000e+00 4.2825118801e+02 -3.2355746175e+00 7.2406319216e+03
1.8180000000e+00 4.2833526272e+02 -3.2337699359e+00 7.2378434631e+03
1.8190000000e+00 4.2841858504e+02 -3.2319250109e+00 7.2350487035e+03
1.8200000000e+00 4.2850116716e+02 -3.2300394223e+00 7.2322513182e+03
1.8210000000e+00 4.2858301195e+02 -3.2281128081e+00 7.2294504295e+03
1.8220000000e+00 4.2866411184e+02 -3.2261448966e+00 7.2266409498e+03
1.8230000000e+00 4.2874445192e+02 -3.2241354929e+00 7.2238154193e+03
1.8240000000e+00 4.2882401407e+02 -3.2220844596e+00 7.2209667167e+03
1.8250000000e+00 4.2890278408e+02 -3.2199916642e+00 7.2180906053e+03
1.8260000000e+00 4.2898075627e+02 -3.2178569647e+00 7.2151872285e+03
1.8270000000e+00 4.2905793452e+02 -3.2156801762e+00 7.2122610455e+03
1.8280000000e+00 4.2913433181e+02 -3.2134610787e+00 7.2093191930e+03
1.8290000000e+00 4.2920996413e+02 -3.2111994485e+00 7.2063689091e+03
1.8300000000e+00 4.2928484477e+02 -3.2088950876e+00 7.2034149388e+03
1.8310000000e+00 4.2935897998e+02 -3.2065478647e+00 7.2004578414e+03
1.8320000000e+00 4.2943236527e+02 -3.2041577339e+00 7.1974938185e+03
1.8330000000e+00 4.2950498787e+02 -3.2017247451e+00 7.1945161006e+03
1.8340000000e+00 4.2957683089e+02 -3.1992490055e+00 7.1915173983e+03
1.8350000000e+00 4.2964787843e+02 -3.1967306679e+00 7.1884925187e+03
1.8360000000e+00 4.2971812223e+02 -3.1941698761e+00 7.1854402099e+03
1.8370000000e+00 4.2978756331e+02 -3.1915667522e+00 7.1823635960e+03
1.8380000000e+00 4.2985621160e+02 -3.1889213842e+00 7.1792690168e+03
1.8390000000e+00 4.2992408255e+02 -3.1862338544e+00 7.1761637306e+03
1.8400000000e+00 4.2999119037e+02 -3.1835042536e+00 7.1730533151e+03
1.8410000000e+00 4.3005754350e+02 -3.1807327333e+00 7.1699396577e+03
1.8420000000e+00 4.3012314107e+02 -3.1779195239e+00 7.1668203066e+03
1.8430000000e+00 4.3018797267e+02 -3.1750649363e+00 7.1636893848e+03
1.8440000000e+00 4.3025202268e+02 -3.1721693617e+00 7.1605397008e+03
1.8450000000e+00 4.3031527486e+02 -3.1692332301e+00 7.1573653491e+03
1.8460000000e+00 4.3037771827e+02 -3.1662569801e+00 7.1541638207e+03
1.8470000000e+00 4.3043935126e+02 -3.1632410270e+00 7.1509368673e+03
1.8480000000e+00 4.3050018089e+02 -3.1601857599e+00 7.1476898574e+03
1.8490000000e+00 4.3056022096e+02 -3.1570915316e+00 7.1444298201e+03
1.8500000000e+00 4.3061948646e+02 -3.1539587063e+00 7.1411629049e+03
1.8510000000e+00 4.3067798744e+02 -3.1507876729e+00 7.1378921862e+03
1.8520000000e+00 4.3073572622e+02 -3.1475788843e+00 7.1346165715e+03
1.8530000000e+00 4.3079269539e+02 -3.1443328620e+00 7.1313312189e+03
1.8540000000e+00 4.3084888061e+02 -3.1410501989e+00 7.1280292958e+03
1.8550000000e+00 4.3090426609e+02 -3.1377315223e+00 7.1247044417e+03
1.8560000000e+00 4.3095883892e+02 -3.1343774695e+00 7.1213530481e+03
1.8570000000e+00 4.3101259445e+02 -3.1309886565e+00 7.1179755274e+03
1.8580000000e+00 4.3106553736e+02 -3.1275656505e+00 7.1145761462e+03
1.8590000000e+00 4.3111767912e+02 -3.1241089824e+00 7.1111614649e+03
1.8600000000e+00 4.3116903465e+02 -3.1206191563e+00 7.1077379594e+03
1.8610000000e+00 4.3121961575e+02 -3.1170966827e+00 7.1043097100e+03
1.8620000000e+00 4.3126942701e+02 -3.1135420998e+00 7.1008769392e+03
1.8630000000e+00 4.3131846433e+02 -3.1099560052e+00 7.0974359525e+03
1.8640000000e+00 4.3136671534e+02 -3.1063390334e+00 7.0939805015e+03
1.8650000000e+00 4.3141416457e+02 -3.1026918584e+00 7.0905040252e+03
1.8660000000e+00 4.3146079828e+02 -3.0990151511e+00 7.0870020107e+03
1.8670000000e+00 4.3150660901e+02 -3.0953095505e+00 7.0834736078e+03
1.8680000000e+00 4.3155159865e+02 -3.0915756406e+00 7.0799218947e+03
1.8690000000e+00 4.3159577666e+02 -3.0878139488e+00 7.0763527578e+03
1.8700000000e+00 4.3163915686e+02 -3.0840249483e+00 7.0727727621e+03
1.8710000000e+00 4.3168175239e+02 -3.0802090885e+00 7.0691867805e+03
1.8720000000e+00 4.3172357003e+02 -3.0763668258e+00 7.0655962642e+03
1.8730000000e+00 4.3176460841e+02 -3.0724986313e+00 7.0619987395e+03
1.8740000000e+00 4.3180485793e+02 -3.0686050121e+00 7.0583887188e+03
1.8750000000e+00 4.3184430371e+02 -3.0646864865e+00 7.0547596915e+03
1.8760000000e+00 4.3188293158e+02 -3.0607435686e+00 7.0511064659e+03
1.8770000000e+00 4.3192073208e+02 -3.0567767264e+00 7.0474270269e+03
1.8780000000e+00 4.3195770394e+02 -3.0527863731e+00 7.0437232361e+03
1.8790000000e+00 4.3199385464e+02 -3.0487728362e+00 7.0400001435e+03
1.8800000000e+00 4.3202919656e+02 -3.0447363783e+00 7.0362641582e+03
1.8810000000e+00 4.3206374315e+02 -3.0406772096e+00 7.0325207318e+03
1.8820000000e+00 4.3209750354e+02 -3.0365955148e+00 7.0287724192e+03
1.8830000000e+00 4.3213047868e+02 -3.0324914752e+00 7.0250179791e+03
1.8840000000e+00 4.3216266169e+02 -3.0283652848e+00 7.0212528362e+03
1.8850000000e+00 4.3219403932e+02 -3.0242171391e+00 7.0174707607e+03
1.8860000000e+00 4.3222459690e+02 -3.0200472159e+00 7.0136661085e+03
1.8870000000e+00 4.3225432365e+02 -3.0158556578e+00 7.0098358413e+03
1.8880000000e+00 4.3228321558e+02 -3.0116425295e+00 7.0059806180e+03
1.8890000000e+00 4.3231127749e+02 -3.0074078187e+00 7.0021045245e+03
1.8900000000e+00 4.3233852048e+02 -3.0031514255e+00 6.9982135916e+03
1.8910000000e+00 4.3236495759e+02 -2.9988731842e+00 6.9943136300e+03
1.8920000000e+00 4.3239059961e+02 -2.9945728781e+00 6.9904081375e+03
1.8930000000e+00 4.3241545008e+02 -2.9902502791e+00 6.9864970687e+03
1.8940000000e+00 4.3243950445e+02 -2.9859051456e+00 6.9825768783e+03
1.8950000000e+00 4.3246275165e+02 -2.9815372384e+00 6.9786418145e+03
1.8960000000e+00 4.3248517716e+02 -2.9771463013e+00 6.9746860060e+03
1.8970000000e+00 4.3250676898e+02 -2.9727320384e+00 6.9707055727e+03
1.8980000000e+00 4.3252752111e+02 -2.9682940897e+00 6.9667000116e+03
1.8990000000e+00 4.3254743539e+02 -2.9638320144e+00 6.9626723597e+03
1.9000000000e+00 4.3256652123e+02 -2.9593452869e+00 6.9586280863e+03
1.9010000000e+00 4.3258479121e+02 -2.9548333005e+00 6.9545731243e+03
1.9020000000e+00 4.3260225675e+02 -2.9502954026e+00 6.9505117354e+03
1.9030000000e+00 4.3261892401e+02 -2.9457309031e+00 6.9464450013e+03
1.9040000000e+00 4.3263479086e+02 -2.9411391072e+00 6.9423704640e+03
1.9050000000e+00 4.3264984820e+02 -2.9365193150e+00 6.9382830253e+03
1.9060000000e+00 4.3266408273e+02 -2.9318708220e+00 6.9341768096e+03
1.9070000000e+00 4.3267748134e+02 -2.9271928898e+00 6.9300472821e+03
1.9080000000e+00 4.3269003628e+02 -2.9224847396e+00 6.9258928645e+03
1.9090000000e+00 4.3270174695e+02 -2.9177455175e+00 6.9217155028e+03
1.9100000000e+00 4.3271262035e+02 -2.9129742951e+00 6.9175199457e+03
1.9110000000e+00 4.3272266839e+02 -2.9081700761e+00 6.9133120243e+03
1.9120000000e+00 4.3273190283e+02 -2.9033318085e+00 6.9090965703e+03
1.9130000000e+00 4.3274033163e+02 -2.8984584135e+00 6.9048756848e+03
1.9140000000e+00 4.3274795541e+02 -2.8935488058e+00 6.9006480088e+03
1.9150000000e+00 4.3275476704e+02 -2.8886019093e+00 6.8964092453e+03
1.9160000000e+00 4.3276075469e+02 -2.8836166479e+00 6.8921537193e+03
1.9170000000e+00 4.3276590505e+02 -2.8785919479e+00 6.8878764337e+03
1.9180000000e+00 4.3277020854e+02 -2.8735267013e+00 6.8835748659e+03
1.9190000000e+00 4.3277366256e+02 -2.8684197611e+00 6.8792498619e+03
1.9200000000e+00 4.3277627159e+02 -2.8632699198e+00 6.8749053206e+03
1.9210000000e+00 4.3277804619e+02 -2.8580759207e+00 6.8705467787e+03
1.9220000000e+00 4.3277899843e+02 -2.8528364603e+00 6.8661794239e+03
1.9230000000e+00 4.3277913735e+02 -2.8475502234e+00 6.8618062379e+03
1.9240000000e+00 4.3277846613e+02 -2.8422158973e+00 6.8574269453e+03
1.9250000000e+00 4.3277698005e+02 -2.8368321898e+00 6.8530381471e+03
1.9260000000e+00 4.3277466858e+02 -2.8313978393e+00 6.8486345566e+03
1.9270000000e+00 4.3277151902e+02 -2.8259116013e+00 6.8442109205e+03
1.9280000000e+00 4.3276752043e+02 -2.8203722354e+00 6.8397639155e+03
1.9290000000e+00 4.3276266804e+02 -2.8147784851e+00 6.8352933237e+03
1.9300000000e+00 4.3275696428e+02 -2.8091290704e+00 6.8308021074e+03
1.9310000000e+00 4.3275041774e+02 -2.8034226717e+00 6.8262953317e+03
1.9320000000e+00 4.3274304030e+02 -2.7976579590e+00 6.8217783301e+03
1.9330000000e+00 4.3273484204e+02 -2.7918335926e+00 6.8172548056e+03
1.9340000000e+00 4.3272582797e+02 -2.7859482589e+00 6.8127255128e+03
1.9350000000e+00 4.3271599606e+02 -2.7800006818e+00 6.8081880070e+03
1.9360000000e+00 4.3270533740e+02 -2.7739896389e+00 6.8036375569e+03
1.9370000000e+00 4.3269384000e+02 -2.7679139498e+00 6.7990688562e+03
1.9380000000e+00 4.3268149240e+02 -2.7617724738e+00 6.7944779381e+03
1.9390000000e+00 4.3266828767e+02 -2.7555640856e+00 6.7898636004e+03
1.9400000000e+00 4.3265422625e+02 -2.7492876607e+00 6.7852278205e+03
1.9410000000e+00 4.3263931481e+02 -2.7429420744e+00 6.7805750341e+03
1.9420000000e+00 4.3262356422e+02 -2.7365262001e+00 6.7759105308e+03
1.9430000000e+00 4.3260698549e+02 -2.7300389302e+00 6.7712385563e+03
1.9440000000e+00 4.3258958510e+02 -2.7234791915e+00 6.7665608009e+03
1.9450000000e+00 4.3257136336e+02 -2.7168459744e+00 6.7618758089e+03
1.9460000000e+00 4.3255231360e+02 -2.7101383316e+00 6.7571795335e+03
1.9470000000e+00 4.3253242455e+02 -2.7033553950e+00 6.7524668044e+03
1.9480000000e+00 4.3251168473e+02 -2.6964963544e+00 6.7477331948e+03
1.9490000000e+00 4.3249008569e+02 -2.6895604481e+00 6.7429766187e+03
1.9500000000e+00 4.3246762553e+02 -2.6825469437e+00 6.7381980591e+03
1.9510000000e+00 4.3244430918e+02 -2.6754551324e+00 6.7334012048e+03
1.9520000000e+00 4.3242014617e+02 -2.6682843217e+00 6.7285911186e+03
1.9530000000e+00 4.3239514767e+02 -2.6610338533e+00 6.7237724047e+03
1.9540000000e+00 4.3236932173e+02 -2.6537031198e+00 6.7189475712e+03
1.9550000000e+00 4.3234267053e+02 -2.6462915771e+00 6.7141161471e+03
1.9560000000e+00 4.3231518975e+02 -2.6387987707e+00 6.7092748666e+03
1.9570000000e+00 4.3228686944e+02 -2.6312243288e+00 6.7044188713e+03
1.9580000000e+00 4.3225769809e+02 -2.6235679642e+00 6.6995434646e+03
1.9590000000e+00 4.3222766643e+02 -2.6158294541e+00 6.6946457977e+03
1.9600000000e+00 4.3219677033e+02 -2.6080086315e+00 6.6897258898e+03
1.9610000000e+00 4.3216501274e+02 -2.6001053599e+00 6.6847866028e+03
1.9620000000e+00 4.3213240191e+02 -2.5921195418e+00 6.6798326008e+03
1.9630000000e+00 4.3209894844e+02 -2.5840511139e+00 6.6748686684e+03
1.9640000000e+00 4.3206466167e+02 -2.5759000669e+00 6.6698979951e+03
1.9650000000e+00 4.3202954561e+02 -2.5676664591e+00 6.6649210454e+03
1.9660000000e+00 4.3199359791e+02 -2.5593504356e+00 6.6599354090e+03
1.9670000000e+00 4.3195681058e+02 -2.5509522302e+00 6.6549366913e+03
1.9680000000e+00 4.3191917234e+02 -2.5424721648e+00 6.6499201062e+03
1.9690000000e+00 4.3188067327e+02 -2.5339106400e+00 6.6448821947e+03
1.9700000000e+00 4.3184130768e+02 -2.5252681099e+00 6.6398220701e+03
1.9710000000e+00 4.3180107618e+02 -2.5165450764e+00 6.6347417174e+03
1.9720000000e+00 4.3175998563e+02 -2.5077420723e+00 6.6296452641e+03
1.9730000000e+00 4.3171804592e+02 -2.4988596665e+00 6.6245374968e+03
1.9740000000e+00 4.3167526686e+02 -2.4898984675e+00 6.6194221329e+03
1.9750000000e+00 4.3163165435e+02 -2.4808591477e+00 6.6143004982e+03
1.9760000000e+00 4.3158720792e+02 -2.4717424447e+00 6.6091710754e+03
1.9770000000e+00 4.3154192144e+02 -2.4625491814e+00 6.6040300597e+03
1.9780000000e+00 4.3149578461e+02 -2.4532802590e+00 6.5988727483e+03
1.9790000000e+00 4.3144878694e+02 -2.4439366478e+00 6.5936952391e+03
1.9800000000e+00 4.3140092156e+02 -2.4345193725e+00 6.5884958223e+03
1.9810000000e+00 4.3135218701e+02 -2.4250294947e+00 6.5832755907e+03
1.9820000000e+00 4.3130258826e+02 -2.4154680987e+00 6.5780380299e+03
1.9830000000e+00 4.3125213449e+02 -2.4058362871e+00 6.5727877542e+03
1.9840000000e+00 4.3120083548e+02 -2.3961351894e+00 6.5675288485e+03
1.9850000000e+00 4.3114869855e+02 -2.3863659651e+00 6.5622634066e+03
1.9860000000e+00 4.3109572533e+02 -2.3765298258e+00 6.5569907965e+03
1.9870000000e+00 4.3104191128e+02 -2.3666280372e+00 6.5517079067e+03
1.9880000000e+00 4.3098724758e+02 -2.3566619271e+00 6.5464102818e+03
1.9890000000e+00 4.3093172365e+02 -2.3466328709e+00 6.5410937369e+03
1.9900000000e+00 4.3087533141e+02 -2.3365422870e+00 6.5357558555e+03
1.9910000000e+00 4.3081806787e+02 -2.3263916083e+00 6.5303968551e+03
1.9920000000e+00 4.3075993590e+02 -2.3161822750e+00 6.5250194951e+03
1.9930000000e+00 4.3070094351e+02 -2.3059157240e+00 6.5196280681e+03
1.9940000000e+00 4.3064110047e+02 -2.2955933870e+00 6.5142268614e+03
1.9950000000e+00 4.3058041484e+02 -2.2852167008e+00 6.5088186164e+03
1.9960000000e+00 4.3051889022e+02 -2.2747871187e+00 6.5034035552e+03
1.9970000000e+00 4.3045652397e+02 -2.2643061196e+00 6.4979793288e+03
1.9980000000e+00 4.3039330855e+02 -2.2537752106e+00 6.4925418725e+03
1.9990000000e+00 4.3032923402e+02 -2.2431959301e+00 6.4870868811e+03
2.0000000000e+00 4.3026429131e+02 -2.2325698248e+00 6.4816113652e+03
2.0010000000e+00 4.3022629326e+02 -2.2221335784e+00 6.4767305589e+03
2.0020000000e+00 4.3021758014e+02 -2.2118457061e+00 6.4732161735e+03
2.0030000000e+00 4.3021367195e+02 -2.2014627923e+00 6.4716127580e+03
2.0040000000e+00 4.3021464824e+02 -2.1909855299e+00 6.4723774046e+03
2.0050000000e+00 4.3022011645e+02 -2.1803052290e+00 6.4752067584e+03
2.0060000000e+00 4.3022811741e+02 -2.1694630311e+00 6.4789922722e+03
2.0070000000e+00 4.3023438062e+02 -2.1585347511e+00 6.4823093978e+03
2.0080000000e+00 4.3023728740e+02 -2.1474992543e+00 6.4839993084e+03
2.0090000000e+00 4.3023507178e+02 -2.1364394696e+00 6.4834312772e+03
2.0100000000e+00 4.3022630372e+02 -2.1254617288e+00 6.4807847761e+03
2.0110000000e+00 4.3021382405e+02 -2.1145363783e+00 6.4770583671e+03
2.0120000000e+00 4.3020002572e+02 -2.1036758345e+00 6.4735666954e+03
2.0130000000e+00 4.3018702405e+02 -2.0929138867e+00 6.4715014675e+03
2.0140000000e+00 4.3017886935e+02 -2.0821235412e+00 6.4716129375e+03
2.0150000000e+00 4.3017663281e+02 -2.0712670547e+00 6.4738205411e+03
2.0160000000e+00 4.3017933197e+02 -2.0603609487e+00 6.4772553665e+03
2.0170000000e+00 4.3018594363e+02 -2.0493491521e+00 6.4806795315e+03
2.0180000000e+00 4.3019265220e+02 -2.0382708882e+00 6.4828021901e+03
2.0190000000e+00 4.3019585061e+02 -2.0272506943e+00 6.4827614988e+03
2.0200000000e+00 4.3019489532e+02 -2.0162661005e+00 6.4805688503e+03
2.0210000000e+00 4.3019031829e+02 -2.0053318773e+00 6.4769682315e+03
2.0220000000e+00 4.3018399313e+02 -1.9944836471e+00 6.4731630264e+03
2.0230000000e+00 4.3017896257e+02 -1.9836126683e+00 6.4705128856e+03
2.0240000000e+00 4.3017771623e+02 -1.9726598083e+00 6.4699141045e+03
2.0250000000e+00 4.3018064385e+02 -1.9616367421e+00 6.4714829143e+03
2.0260000000e+00 4.3018687103e+02 -1.9504756686e+00 6.4746456379e+03
2.0270000000e+00 4.3019465041e+02 -1.9391762908e+00 6.4782222616e+03
2.0280000000e+00 4.3020028264e+02 -1.9278533982e+00 6.4808623189e+03
2.0290000000e+00 4.3020176462e+02 -1.9165002530e+00 6.4816542269e+03
2.0300000000e+00 4.3019888945e+02 -1.9051487093e+00 6.4803219294e+03
2.0310000000e+00 4.3019076909e+02 -1.8938747103e+00 6.4773058477e+03
2.0320000000e+00 4.3017977269e+02 -1.8826453876e+00 6.4737132501e+03
2.0330000000e+00 4.3016933438e+02 -1.8714516358e+00 6.4708226585e+03
2.0340000000e+00 4.3016111117e+02 -1.8603739676e+00 6.4696099058e+03
2.0350000000e+00 4.3015815903e+02 -1.8493593504e+00 6.4705079176e+03
2.0360000000e+00 4.3016134268e+02 -1.8383482028e+00 6.4731674211e+03
2.0370000000e+00 4.3016827489e+02 -1.8273535153e+00 6.4765491892e+03
2.0380000000e+00 4.3017698187e+02 -1.8163020227e+00 6.4794195316e+03
2.0390000000e+00 4.3018459507e+02 -1.8051514639e+00 6.4807263665e+03
2.0400000000e+00 4.3018838507e+02 -1.7939453108e+00 6.4799200639e+03
2.0410000000e+00 4.3018803617e+02 -1.7826672128e+00 6.4772776974e+03
2.0420000000e+00 4.3018481272e+02 -1.7713124276e+00 6.4737392885e+03
2.0430000000e+00 4.3018097174e+02 -1.7599907401e+00 6.4705024813e+03
2.0440000000e+00 4.3017918581e+02 -1.7486950022e+00 6.4687201383e+03
2.0450000000e+00 4.3018154657e+02 -1.7374098910e+00 6.4690127102e+03
2.0460000000e+00 4.3018801874e+02 -1.7261907808e+00 6.4711875042e+03
2.0470000000e+00 4.3019696659e+02 -1.7149981422e+00 6.4744527477e+03
2.0480000000e+00 4.3020683420e+02 -1.7037584789e+00 6.4776359326e+03
2.0490000000e+00 4.3021477936e+02 -1.6924968649e+00 6.4795477593e+03
2.0500000000e+00 4.3021840600e+02 -1.6811806352e+00 6.4795255775e+03
2.0510000000e+00 4.3021805229e+02 -1.6697882563e+00 6.4776007262e+03
2.0520000000e+00 4.3021397908e+02 -1.6584031750e+00 6.4744347199e+03
2.0530000000e+00 4.3020807495e+02 -1.6470427356e+00 6.4711793013e+03
2.0540000000e+00 4.3020419901e+02 -1.6357041361e+00 6.4690099002e+03
2.0550000000e+00 4.3020389999e+02 -1.6244373380e+00 6.4686531669e+03
2.0560000000e+00 4.3020855755e+02 -1.6132229918e+00 6.4702213342e+03
2.0570000000e+00 4.3021860993e+02 -1.6019791999e+00 6.4731469729e+03
2.0580000000e+00 4.3023135081e+02 -1.5907163469e+00 6.4763221700e+03
2.0590000000e+00 4.3024439372e+02 -1.5793967011e+00 6.4785852621e+03
2.0600000000e+00 4.3025527149e+02 -1.5679898531e+00 6.4791277194e+03
2.0610000000e+00 4.3026199506e+02 -1.5565571492e+00 6.4777080473e+03
2.0620000000e+00 4.3026506999e+02 -1.5451080898e+00 6.4748327223e+03
2.0630000000e+00 4.3026620508e+02 -1.5335984823e+00 6.4715554830e+03
2.0640000000e+00 4.3026779994e+02 -1.5220649732e+00 6.4690064185e+03
2.0650000000e+00 4.3027197138e+02 -1.5105121686e+00 6.4680886359e+03
2.0660000000e+00 4.3028015776e+02 -1.4989184851e+00 6.4691413424e+03
2.0670000000e+00 4.3029233016e+02 -1.4873495368e+00 6.4717361255e+03
2.0680000000e+00 4.3030645606e+02 -1.4758145972e+00 6.4749355864e+03
2.0690000000e+00 4.3032057015e+02 -1.4642870687e+00 6.4776161528e+03
2.0700000000e+00 4.3033246348e+02 -1.4527979241e+00 6.4787946197e+03
2.0710000000e+00 4.3034017632e+02 -1.4413443732e+00 6.4780710451e+03
2.0720000000e+00 4.3034421336e+02 -1.4298507769e+00 6.4757494782e+03
2.0730000000e+00 4.3034583762e+02 -1.4183182973e+00 6.4726489196e+03
2.0740000000e+00 4.3034682446e+02 -1.4067256416e+00 6.4698909718e+03
2.0750000000e+00 4.3035043072e+02 -1.3950330312e+00 6.4684891054e+03
2.0760000000e+00 4.3035837203e+02 -1.3832742426e+00 6.4689159792e+03
2.0770000000e+00 4.3037086963e+02 -1.3714717458e+00 6.4710069036e+03
2.0780000000e+00 4.3038761805e+02 -1.3596138891e+00 6.4740205671e+03
2.0790000000e+00 4.3040590322e+02 -1.3477564274e+00 6.4768429954e+03
2.0800000000e+00 4.3042299937e+02 -1.3359258777e+00 6.4784524678e+03
2.0810000000e+00 4.3043735053e+02 -1.3240739076e+00 6.4782976469e+03
2.0820000000e+00 4.3044769636e+02 -1.3122106955e+00 6.4764223099e+03
2.0830000000e+00 4.3045491256e+02 -1.3003265341e+00 6.4735013281e+03
2.0840000000e+00 4.3046104625e+02 -1.2883737873e+00 6.4706190362e+03
2.0850000000e+00 4.3046833591e+02 -1.2763533858e+00 6.4687969073e+03
2.0860000000e+00 4.3047887870e+02 -1.2642917745e+00 6.4686802700e+03
2.0870000000e+00 4.3049321046e+02 -1.2521653959e+00 6.4703369850e+03
2.0880000000e+00 4.3051085335e+02 -1.2400121105e+00 6.4731504090e+03
2.0890000000e+00 4.3052992186e+02 -1.2278480488e+00 6.4761105834e+03
2.0900000000e+00 4.3054803111e+02 -1.2156294250e+00 6.4782004010e+03
2.0910000000e+00 4.3056361177e+02 -1.2033675788e+00 6.4786709988e+03
2.0920000000e+00 4.3057525292e+02 -1.1910826730e+00 6.4773757558e+03
2.0930000000e+00 4.3058355960e+02 -1.1787508936e+00 6.4748319752e+03
2.0940000000e+00 4.3059046286e+02 -1.1663905398e+00 6.4719554730e+03
2.0950000000e+00 4.3059777309e+02 -1.1540070487e+00 6.4697911395e+03
2.0960000000e+00 4.3060823852e+02 -1.1415362637e+00 6.4691459273e+03
2.0970000000e+00 4.3062309236e+02 -1.1289788014e+00 6.4702376580e+03
2.0980000000e+00 4.3064184903e+02 -1.1163396332e+00 6.4726689617e+03
2.0990000000e+00 4.3066361757e+02 -1.1035915926e+00 6.4755900114e+03
2.1000000000e+00 4.3068578922e+02 -1.0907547386e+00 6.4779462561e+03
2.1010000000e+00 4.3070588536e+02 -1.0778849973e+00 6.4788936498e+03
2.1020000000e+00 4.3072275196e+02 -1.0649858221e+00 6.4781323179e+03
2.1030000000e+00 4.3073590357e+02 -1.0521017598e+00 6.4759490414e+03
2.1040000000e+00 4.3074666038e+02 -1.0392604427e+00 6.4731391409e+03
2.1050000000e+00 4.3075730028e+02 -1.0264094643e+00 6.4707560712e+03
2.1060000000e+00 4.3076970728e+02 -1.0135263734e+00 6.4696604785e+03
2.1070000000e+00 4.3078553726e+02 -1.0005942440e+00 6.4702428221e+03
2.1080000000e+00 4.3080503755e+02 -9.8754714091e-01 6.4723312940e+03
2.1090000000e+00 4.3082708014e+02 -9.7436719226e-01 6.4751792605e+03
2.1100000000e+00 4.3084987681e+02 -9.6108000431e-01 6.4777704122e+03
2.1110000000e+00 4.3087108458e+02 -9.4767774823e-01 6.4792282409e+03
2.1120000000e+00 4.3088933933e+02 -9.3421120786e-01 6.4790511831e+03
2.1130000000e+00 4.3090412215e+02 -9.2072530964e-01 6.4773268805e+03
2.1140000000e+00 4.3091618038e+02 -9.0721396764e-01 6.4747332876e+03
2.1150000000e+00 4.3092775626e+02 -8.9368295020e-01 6.4722182942e+03
2.1160000000e+00 4.3094067973e+02 -8.8014466801e-01 6.4706962845e+03
2.1170000000e+00 4.3095697253e+02 -8.6654482440e-01 6.4707526188e+03
2.1180000000e+00 4.3097757791e+02 -8.5286741716e-01 6.4723706931e+03
2.1190000000e+00 4.3100139869e+02 -8.3913277492e-01 6.4749708114e+03
2.1200000000e+00 4.3102711615e+02 -8.2532227540e-01 6.4776542112e+03
2.1210000000e+00 4.3105233941e+02 -8.1144773269e-01 6.4794718165e+03
2.1220000000e+00 4.3107484674e+02 -7.9753226261e-01 6.4797868964e+03
2.1230000000e+00 4.3109420376e+02 -7.8355985844e-01 6.4785387235e+03
2.1240000000e+00 4.3111047956e+02 -7.6954249099e-01 6.4762066152e+03
2.1250000000e+00 4.3112512523e+02 -7.5552271586e-01 6.4736474769e+03
2.1260000000e+00 4.3114061953e+02 -7.4147872839e-01 6.4718299221e+03
2.1270000000e+00 4.3115854408e+02 -7.2741251386e-01 6.4714303301e+03
2.1280000000e+00 4.3117998163e+02 -7.1333049881e-01 6.4725978706e+03
2.1290000000e+00 4.3120489417e+02 -6.9919622179e-01 6.4749561715e+03
2.1300000000e+00 4.3123168292e+02 -6.8498877320e-01 6.4776838261e+03
2.1310000000e+00 4.3125851239e+02 -6.7071933698e-01 6.4798162838e+03
2.1320000000e+00 4.3128350258e+02 -6.5635132658e-01 6.4806496269e+03
2.1330000000e+00 4.3130545288e+02 -6.4188658800e-01 6.4799261965e+03
2.1340000000e+00 4.3132448877e+02 -6.2737889884e-01 6.4779312081e+03
2.1350000000e+00 4.3134173510e+02 -6.1283945367e-01 6.4754461517e+03
2.1360000000e+00 4.3135934857e+02 -5.9829974039e-01 6.4733971185e+03
2.1370000000e+00 4.3137922247e+02 -5.8380153099e-01 6.4725341353e+03
2.1380000000e+00 4.3140267840e+02 -5.6933590384e-01 6.4732150295e+03
2.1390000000e+00 4.3143020874e+02 -5.5488892052e-01 6.4752161483e+03
2.1400000000e+00 4.3146033858e+02 -5.4046510050e-01 6.4778304876e+03
2.1410000000e+00 4.3149141588e+02 -5.2601009928e-01 6.4801685970e+03
2.1420000000e+00 4.3152157594e+02 -5.1149929291e-01 6.4814267328e+03
2.1430000000e+00 4.3154876774e+02 -4.9694774259e-01 6.4811818614e+03
2.1440000000e+00 4.3157308973e+02 -4.8235215453e-01 6.4795841889e+03
2.1450000000e+00 4.3159531343e+02 -4.6772191880e-01 6.4772585674e+03
2.1460000000e+00 4.3161679897e+02 -4.5310238250e-01 6.4750695228e+03
2.1470000000e+00 4.3164006971e+02 -4.3849368363e-01 6.4738580206e+03
2.1480000000e+00 4.3166637511e+02 -4.2389047365e-01 6.4741019760e+03
2.1490000000e+00 4.3169615695e+02 -4.0931280321e-01 6.4757300794e+03
2.1500000000e+00 4.3172912377e+02 -3.9473167444e-01 6.4782098155e+03
2.1510000000e+00 4.3176343514e+02 -3.8014068519e-01 6.4806991842e+03
2.1520000000e+00 4.3179722315e+02 -3.6557370101e-01 6.4823305720e+03
2.1530000000e+00 4.3182897198e+02 -3.5103010642e-01 6.4825875971e+03
2.1540000000e+00 4.3185794248e+02 -3.3649874476e-01 6.4814404040e+03
2.1550000000e+00 4.3188463912e+02 -3.2201250001e-01 6.4793363276e+03
2.1560000000e+00 4.3191047956e+02 -3.0756301850e-01 6.4771006458e+03
2.1570000000e+00 4.3193757084e+02 -2.9314924133e-01 6.4755892006e+03
2.1580000000e+00 4.3196746656e+02 -2.7879604448e-01 6.4753685365e+03
2.1590000000e+00 4.3200100765e+02 -2.6449578165e-01 6.4765736097e+03
2.1600000000e+00 4.3203819109e+02 -2.5023879578e-01 6.4788168271e+03
2.1610000000e+00 4.3207733311e+02 -2.3605536116e-01 6.4813172805e+03
2.1620000000e+00 4.3211656753e+02 -2.2194388059e-01 6.4832386158e+03
2.1630000000e+00 4.3215439422e+02 -2.0788554925e-01 6.4839518264e+03
2.1640000000e+00 4.3218933564e+02 -1.9389732745e-01 6.4832436221e+03
2.1650000000e+00 4.3222166028e+02 -1.7995496193e-01 6.4814415846e+03
2.1660000000e+00 4.3225276978e+02 -1.6603642590e-01 6.4792620538e+03
2.1670000000e+00 4.3228394218e+02 -1.5215826561e-01 6.4775289481e+03
2.1680000000e+00 4.3231731198e+02 -1.3831947802e-01 6.4769272560e+03
2.1690000000e+00 4.3235410484e+02 -1.2450766966e-01 6.4777338043e+03
2.1700000000e+00 4.3239395062e+02 -1.1076615098e-01 6.4796914797e+03
2.1710000000e+00 4.3243627597e+02 -9.7110674874e-02 6.4821562141e+03
2.1720000000e+00 4.3247927194e+02 -8.3540044746e-02 6.4843127342e+03
2.1730000000e+00 4.3252096377e+02 -7.0075209429e-02 6.4854305840e+03
2.1740000000e+00 4.3256036067e+02 -5.6707695946e-02 6.4851819000e+03
2.1750000000e+00 4.3259707598e+02 -4.3408567185e-02 6.4837389157e+03
2.1760000000e+00 4.3263195868e+02 -3.0187726453e-02 6.4816672228e+03
2.1770000000e+00 4.3266656775e+02 -1.7035517486e-02 6.4797823251e+03
2.1780000000e+00 4.3270278589e+02 -3.9194960259e-03 6.4788342144e+03
2.1790000000e+00 4.3274195441e+02 9.1402296656e-03 6.4791981905e+03
2.1800000000e+00 4.3278425919e+02 2.2157375856e-02 6.4808044414e+03
2.1810000000e+00 4.3282930504e+02 3.5163135026e-02 6.4831424019e+03
2.1820000000e+00 4.3287537541e+02 4.8150770546e-02 6.4854119902e+03
2.1830000000e+00 4.3292045223e+02 6.1120222367e-02 6.4868685956e+03
2.1840000000e+00 4.3296347304e+02 7.4087118999e-02 6.4870689209e+03
2.1850000000e+00 4.3300349555e+02 8.7022459249e-02 6.4859974235e+03
2.1860000000e+00 4.3304092836e+02 9.9928119878e-02 6.4841164215e+03
2.1870000000e+00 4.3307756647e+02 1.1283042532e-01 6.4821837835e+03
2.1880000000e+00 4.3311470979e+02 1.2572324673e-01 6.4809463502e+03
2.1890000000e+00 4.3315392410e+02 1.3861880198e-01 6.4809119948e+03
2.1900000000e+00 4.3319623184e+02 1.5155988122e-01 6.4821659990e+03
2.1910000000e+00 4.3324084440e+02 1.6455733829e-01 6.4843046745e+03
2.1920000000e+00 4.3328671642e+02 1.7761678040e-01 6.4866212451e+03
2.1930000000e+00 4.3333226891e+02 1.9076458917e-01 6.4883666326e+03
2.1940000000e+00 4.3337562260e+02 2.0397586430e-01 6.4889715287e+03
2.1950000000e+00 4.3341612693e+02 2.1724181839e-01 6.4882912776e+03
2.1960000000e+00 4.3345391398e+02 2.3058097671e-01 6.4866628464e+03
2.1970000000e+00 4.3348999681e+02 2.4399124101e-01 6.4847284573e+03
2.1980000000e+00 4.3352604912e+02 2.5748643928e-01 6.4832496425e+03
2.1990000000e+00 4.3356363788e+02 2.7112328964e-01 6.4828384286e+03
2.2000000000e+00 4.3360379332e+02 2.8492604943e-01 6.4836868490e+03
2.2010000000e+00 4.3364628141e+02 2.9892488300e-01 6.4855486283e+03
2.2020000000e+00 4.3369026555e+02 3.1316162857e-01 6.4878314664e+03
2.2030000000e+00 4.3373418239e+02 3.2762730138e-01 6.4897657057e+03
2.2040000000e+00 4.3377602187e+02 3.4230649229e-01 6.4907253534e+03
2.2050000000e+00 4.3381506020e+02 3.5720749533e-01 6.4904534591e+03
2.2060000000e+00 4.3385101368e+02 3.7231851205e-01 6.4891111831e+03
2.2070000000e+00 4.3388439374e+02 3.8762667069e-01 6.4872523508e+03
2.2080000000e+00 4.3391714856e+02 4.0316434352e-01 6.4856287718e+03
2.2090000000e+00 4.3395062266e+02 4.1893720674e-01 6.4848800144e+03
2.2100000000e+00 4.3398586082e+02 4.3495751876e-01 6.4853324400e+03
2.2110000000e+00 4.3402353562e+02 4.5126054616e-01 6.4868976074e+03
2.2120000000e+00 4.3406266737e+02 4.6785877385e-01 6.4890656680e+03
2.2130000000e+00 4.3410185422e+02 4.8475760705e-01 6.4911150286e+03
2.2140000000e+00 4.3413970596e+02 5.0199292075e-01 6.4923922867e+03
2.2150000000e+00 4.3417473285e+02 5.1956331373e-01 6.4925023668e+03
2.2160000000e+00 4.3420651318e+02 5.3745240177e-01 6.4914708774e+03
2.2170000000e+00 4.3423567768e+02 5.5567310213e-01 6.4897559113e+03
2.2180000000e+00 4.3426338844e+02 5.7421641658e-01 6.4880346660e+03
2.2190000000e+00 4.3429125799e+02 5.9306850470e-01 6.4869807470e+03
2.2200000000e+00 4.3432063518e+02 6.1224284128e-01 6.4870486816e+03
2.2210000000e+00 4.3435210867e+02 6.3174068239e-01 6.4882628241e+03
2.2220000000e+00 4.3438522494e+02 6.5155331547e-01 6.4902350306e+03
2.2230000000e+00 4.3441876915e+02 6.7171361619e-01 6.4923320635e+03
2.2240000000e+00 4.3445133271e+02 6.9222268174e-01 6.4938551015e+03
2.2250000000e+00 4.3448126405e+02 7.1306659970e-01 6.4943165735e+03
2.2260000000e+00 4.3450794426e+02 7.3424610989e-01 6.4936350919e+03
2.2270000000e+00 4.3453178951e+02 7.5574183669e-01 6.4921175641e+03
2.2280000000e+00 4.3455345575e+02 7.7751700640e-01 6.4903701290e+03
2.2290000000e+00 4.3457478001e+02 7.9956113987e-01 6.4890962299e+03
2.2300000000e+00 4.3459722575e+02 8.2185464625e-01 6.4888069247e+03
2.2310000000e+00 4.3462125217e+02 8.4437563386e-01 6.4896542442e+03
2.2320000000e+00 4.3464722306e+02 8.6714098490e-01 6.4913989673e+03
2.2330000000e+00 4.3467403997e+02 8.9015798064e-01 6.4934676563e+03
2.2340000000e+00 4.3470009524e+02 9.1341878901e-01 6.4951667014e+03
2.2350000000e+00 4.3472426619e+02 9.3692560125e-01 6.4959593993e+03
2.2360000000e+00 4.3474540472e+02 9.6066554507e-01 6.4956254914e+03
2.2370000000e+00 4.3476345827e+02 9.8459296538e-01 6.4943392662e+03
2.2380000000e+00 4.3477935247e+02 1.0086930613e+00 6.4926391420e+03
2.2390000000e+00 4.3479436937e+02 1.0329384371e+00 6.4911952227e+03
2.2400000000e+00 4.3481002215e+02 1.0572892518e+00 6.4905694905e+03
2.2410000000e+00 4.3482731145e+02 1.0817348677e+00 6.4910520612e+03
2.2420000000e+00 4.3484650048e+02 1.1062609575e+00 6.4925181614e+03
2.2430000000e+00 4.3486688648e+02 1.1308305530e+00 6.4944804548e+03
2.2440000000e+00 4.3488710064e+02 1.1554307707e+00 6.4963010646e+03
2.2450000000e+00 4.3490584458e+02 1.1800446140e+00 6.4973815647e+03
2.2460000000e+00 4.3492187199e+02 1.2046356666e+00 6.4973845977e+03
2.2470000000e+00 4.3493482249e+02 1.2291922364e+00 6.4963838493e+03
2.2480000000e+00 4.3494547291e+02 1.2536915608e+00 6.4947990931e+03
2.2490000000e+00 4.3495477829e+02 1.2781013591e+00 6.4932492803e+03
2.2500000000e+00 4.3496428550e+02 1.3024089746e+00 6.4923560003e+03
2.2510000000e+00 4.3497538595e+02 1.3266050738e+00 6.4924907010e+03
2.2520000000e+00 4.3498822185e+02 1.3506492541e+00 6.4936444344e+03
2.2530000000e+00 4.3500263304e+02 1.3745234017e+00 6.4954596990e+03
2.2540000000e+00 4.3501759428e+02 1.3982073129e+00 6.4973365263e+03
2.2550000000e+00 4.3503140557e+02 1.4216647237e+00 6.4986451647e+03
2.2560000000e+00 4.3504313739e+02 1.4448784912e+00 6.4989806672e+03
2.2570000000e+00 4.3505213507e+02 1.4678345047e+00 6.4982852416e+03
2.2580000000e+00 4.3505854000e+02 1.4905002681e+00 6.4968572878e+03
2.2590000000e+00 4.3506357195e+02 1.5128644130e+00 6.4952743194e+03
2.2600000000e+00 4.3506850031e+02 1.5349191792e+00 6.4941623144e+03
2.2610000000e+00 4.3507462319e+02 1.5566269996e+00 6.4939582602e+03
2.2620000000e+00 4.3508268634e+02 1.5779695662e+00 6.4947900921e+03
2.2630000000e+00 4.3509252305e+02 1.5989277436e+00 6.4964092042e+03
2.2640000000e+00 4.3510330452e+02 1.6194706399e+00 6.4982694985e+03
2.2650000000e+00 4.3511360156e+02 1.6395852126e+00 6.4997624351e+03
2.2660000000e+00 4.3512222813e+02 1.6592701869e+00 6.5004103021e+03
2.2670000000e+00 4.3512838468e+02 1.6784989057e+00 6.5000263709e+03
2.2680000000e+00 4.3513194454e+02 1.6972670946e+00 6.4988156773e+03
2.2690000000e+00 4.3513392896e+02 1.7155712599e+00 6.4972731736e+03
2.2700000000e+00 4.3513547820e+02 1.7333900677e+00 6.4959964299e+03
2.2710000000e+00 4.3513786949e+02 1.7507211483e+00 6.4955016469e+03
2.2720000000e+00 4.3514224338e+02 1.7675676639e+00 6.4960164006e+03
2.2730000000e+00 4.3514849856e+02 1.7839169575e+00 6.4973924154e+03
2.2740000000e+00 4.3515604912e+02 1.7997655957e+00 6.4991879186e+03
2.2750000000e+00 4.3516388002e+02 1.8151154932e+00 6.5008112814e+03
2.2760000000e+00 4.3517041129e+02 1.8299423278e+00 6.5017241753e+03
2.2770000000e+00 4.3517484259e+02 1.8442354755e+00 6.5016587997e+03
2.2780000000e+00 4.3517700732e+02 1.8579885890e+00 6.5007017160e+03
2.2790000000e+00 4.3517722089e+02 1.8711837134e+00 6.4992448662e+03
2.2800000000e+00 4.3517682803e+02 1.8838113445e+00 6.4978686247e+03
2.2810000000e+00 4.3517709940e+02 1.8958845023e+00 6.4971251486e+03
2.2820000000e+00 4.3517897208e+02 1.9074039681e+00 6.4973189911e+03
2.2830000000e+00 4.3518297447e+02 1.9183870002e+00 6.4984292573e+03
2.2840000000e+00 4.3518857537e+02 1.9288560064e+00 6.5001113097e+03
2.2850000000e+00 4.3519480574e+02 1.9388080776e+00 6.5017985110e+03
2.2860000000e+00 4.3520034646e+02 1.9482470351e+00 6.5029411574e+03
2.2870000000e+00 4.3520409346e+02 1.9571796830e+00 6.5031918452e+03
2.2880000000e+00 4.3520568732e+02 1.9655924434e+00 6.5025074221e+03
2.2890000000e+00 4.3520524665e+02 1.9734779202e+00 6.5011965593e+03
2.2900000000e+00 4.3520389485e+02 1.9808496311e+00 6.4997920774e+03
2.2910000000e+00 4.3520289016e+02 1.9877094855e+00 6.4988416579e+03
2.2920000000e+00 4.3520319687e+02 1.9940786683e+00 6.4987402970e+03
2.2930000000e+00 4.3520567151e+02 1.9999835946e+00 6.4995769329e+03
2.2940000000e+00 4.3520997750e+02 2.0054358667e+00 6.5010901463e+03
2.2950000000e+00 4.3521522521e+02 2.0104440079e+00 6.5027877160e+03
2.2960000000e+00 4.3522042186e+02 2.0150264018e+00 6.5041176661e+03
2.2970000000e+00 4.3522418019e+02 2.0191805371e+00 6.5046507857e+03
2.2980000000e+00 4.3522589639e+02 2.0229072487e+00 6.5042545243e+03
2.2990000000e+00 4.3522575782e+02 2.0262202238e+00 6.5031368663e+03
2.3000000000e+00 4.3522430906e+02 2.0291189937e+00 6.5017497107e+03
2.3010000000e+00 4.3522284757e+02 2.0316132026e+00 6.5006458723e+03
2.3020000000e+00 4.3522260107e+02 2.0337267367e+00 6.5002810951e+03
2.3030000000e+00 4.3522418613e+02 2.0354765846e+00 6.5008280142e+03
2.3040000000e+00 4.3522779296e+02 2.0368832143e+00 6.5021377391e+03
2.3050000000e+00 4.3523274822e+02 2.0379851046e+00 6.5037978555e+03
2.3060000000e+00 4.3523788789e+02 2.0387996581e+00 6.5052566108e+03
2.3070000000e+00 4.3524209148e+02 2.0393459508e+00 6.5060453725e+03
2.3080000000e+00 4.3524446933e+02 2.0396468302e+00 6.5059486175e+03
2.3090000000e+00 4.3524490555e+02 2.0397104693e+00 6.5050531422e+03
2.3100000000e+00 4.3524388388e+02 2.0395401091e+00 6.5037401144e+03
2.3110000000e+00 4.3524246677e+02 2.0391521406e+00 6.5025470084e+03
2.3120000000e+00 4.3524194063e+02 2.0385493161e+00 6.5019483576e+03
2.3130000000e+00 4.3524303250e+02 2.0377407228e+00 6.5022109392e+03
2.3140000000e+00 4.3524617724e+02 2.0367577574e+00 6.5032979329e+03
2.3150000000e+00 4.3525096283e+02 2.0356233911e+00 6.5048623221e+03
2.3160000000e+00 4.3525622316e+02 2.0343656497e+00 6.5063953423e+03
2.3170000000e+00 4.3526103721e+02 2.0330190313e+00 6.5074091692e+03
2.3180000000e+00 4.3526431946e+02 2.0316075833e+00 6.5075934603e+03
2.3190000000e+00 4.3526559481e+02 2.0301455912e+00 6.5069422561e+03
2.3200000000e+00 4.3526541999e+02 2.0286563628e+00 6.5057571838e+03
2.3210000000e+00 4.3526447182e+02 2.0271441336e+00 6.5045190957e+03
2.3220000000e+00 4.3526395215e+02 2.0256169270e+00 6.5037266051e+03
2.3230000000e+00 4.3526498848e+02 2.0241015827e+00 6.5037253928e+03
2.3240000000e+00 4.3526787225e+02 2.0226254730e+00 6.5045639544e+03
2.3250000000e+00 4.3527251162e+02 2.0212131112e+00 6.5059891751e+03
2.3260000000e+00 4.3527810479e+02 2.0199045495e+00 6.5075515914e+03
2.3270000000e+00 4.3528344841e+02 2.0187280344e+00 6.5087425542e+03
2.3280000000e+00 4.3528758736e+02 2.0177002282e+00 6.5091904330e+03
2.3290000000e+00 4.3528990887e+02 2.0168501320e+00 6.5088062169e+03
2.3300000000e+00 4.3529053681e+02 2.0161892023e+00 6.5077859646e+03
2.3310000000e+00 4.3529017566e+02 2.0157268127e+00 6.5065545688e+03
2.3320000000e+00 4.3528988575e+02 2.0154846415e+00 6.5056227635e+03
2.3330000000e+00 4.3529081054e+02 2.0154803424e+00 6.5053762490e+03
2.3340000000e+00 4.3529348433e+02 2.0157273654e+00 6.5059551402e+03
2.3350000000e+00 4.3529796901e+02 2.0162589035e+00 6.5072132433e+03
2.3360000000e+00 4.3530372902e+02 2.0170973200e+00 6.5087488735e+03
2.3370000000e+00 4.3530953917e+02 2.0182640436e+00 6.5100657108e+03
2.3380000000e+00 4.3531448727e+02 2.0197881281e+00 6.5107584894e+03
2.3390000000e+00 4.3531786608e+02 2.0216908226e+00 6.5106384764e+03
2.3400000000e+00 4.3531936588e+02 2.0239862304e+00 6.5098104499e+03
2.3410000000e+00 4.3531975125e+02 2.0267005900e+00 6.5086419723e+03
2.3420000000e+00 4.3531988973e+02 2.0298555102e+00 6.5076126606e+03
2.3430000000e+00 4.3532075439e+02 2.0334615160e+00 6.5071470314e+03
2.3440000000e+00 4.3532334505e+02 2.0375430850e+00 6.5074753544e+03
2.3450000000e+00 4.3532769489e+02 2.0421139020e+00 6.5085342608e+03
2.3460000000e+00 4.3533340617e+02 2.0471829039e+00 6.5099943397e+03
2.3470000000e+00 4.3533966269e+02 2.0527674210e+00 6.5113969648e+03
2.3480000000e+00 4.3534526939e+02 2.0588812193e+00 6.5122990950e+03
2.3490000000e+00 4.3534947081e+02 2.0655267311e+00 6.5124354036e+03
2.3500000000e+00 4.3535193924e+02 2.0727240101e+00 6.5118309622e+03
2.3510000000e+00 4.3535299788e+02 2.0804859579e+00 6.5107676760e+03
2.3520000000e+00 4.3535350717e+02 2.0888177941e+00 6.5096861197e+03
2.3530000000e+00 4.3535447113e+02 2.0977328242e+00 6.5090444445e+03
2.3540000000e+00 4.3535685257e+02 2.1072386091e+00 6.5091306922e+03
2.3550000000e+00 4.3536097213e+02 2.1173372434e+00 6.5099663059e+03
2.3560000000e+00 4.3536659513e+02 2.1280426902e+00 6.5113164483e+03
2.3570000000e+00 4.3537306543e+02 2.1393647510e+00 6.5127542241e+03
2.3580000000e+00 4.3537921211e+02 2.1512999407e+00 6.5138209729e+03
2.3590000000e+00 4.3538417552e+02 2.1638571782e+00 6.5142056126e+03
2.3600000000e+00 4.3538757651e+02 2.1770359816e+00 6.5138363026e+03
2.3610000000e+00 4.3538935305e+02 2.1908293820e+00 6.5129092533e+03
2.3620000000e+00 4.3539032286e+02 2.2052353670e+00 6.5118297049e+03
2.3630000000e+00 4.3539151628e+02 2.2202540213e+00 6.5110496588e+03
2.3640000000e+00 4.3539368685e+02 2.2358761455e+00 6.5109065265e+03
2.3650000000e+00 4.3539757680e+02 2.2521036700e+00 6.5115163392e+03
2.3660000000e+00 4.3540309437e+02 2.2689350426e+00 6.5127208431e+03
2.3670000000e+00 4.3540953210e+02 2.2863588467e+00 6.5141429566e+03
2.3680000000e+00 4.3541610974e+02 2.3043685657e+00 6.5153398516e+03
2.3690000000e+00 4.3542175390e+02 2.3229525622e+00 6.5159502189e+03
2.3700000000e+00 4.3542585104e+02 2.3420865345e+00 6.5158171213e+03
2.3710000000e+00 4.3542841177e+02 2.3617511806e+00 6.5150631340e+03
2.3720000000e+00 4.3542987033e+02 2.3819324213e+00 6.5140303717e+03
2.3730000000e+00 4.3543119216e+02 2.4026065701e+00 6.5131496596e+03
2.3740000000e+00 4.3543329596e+02 2.4237686407e+00 6.5128075383e+03
2.3750000000e+00 4.3543689059e+02 2.4454131897e+00 6.5131907833e+03
2.3760000000e+00 4.3544214539e+02 2.4675276193e+00 6.5142164359e+03
2.3770000000e+00 4.3544853776e+02 2.4901031727e+00 6.5155842056e+03
2.3780000000e+00 4.3545536139e+02 2.5131279489e+00 6.5168680706e+03
2.3790000000e+00 4.3546155581e+02 2.5365714100e+00 6.5176683764e+03
2.3800000000e+00 4.3546635114e+02 2.5604065559e+00 6.5177724108e+03
2.3810000000e+00 4.3546967803e+02 2.5846035694e+00 6.5172148166e+03
2.3820000000e+00 4.3547168628e+02 2.6091273240e+00 6.5162619881e+03
2.3830000000e+00 4.3547322943e+02 2.6339549562e+00 6.5153290771e+03
2.3840000000e+00 4.3547536269e+02 2.6590678838e+00 6.5148198558e+03
2.3850000000e+00 4.3547867218e+02 2.6844435362e+00 6.5149771290e+03
2.3860000000e+00 4.3548360352e+02 2.7100626588e+00 6.5158103752e+03
2.3870000000e+00 4.3548992909e+02 2.7359130384e+00 6.5170868541e+03
2.3880000000e+00 4.3549679591e+02 2.7619680754e+00 6.5184082330e+03
2.3890000000e+00 4.3550339387e+02 2.7882057495e+00 6.5193701186e+03
2.3900000000e+00 4.3550888388e+02 2.8146010391e+00 6.5197013644e+03
2.3910000000e+00 4.3551280632e+02 2.8411201648e+00 6.5193495181e+03
2.3920000000e+00 4.3551540834e+02 2.8677331536e+00 6.5185159072e+03
2.3930000000e+00 4.3551729144e+02 2.8944174849e+00 6.5175754094e+03
2.3940000000e+00 4.3551936799e+02 2.9211420503e+00 6.5169287521e+03
2.3950000000e+00 4.3552249264e+02 2.9478854941e+00 6.5168776288e+03
2.3960000000e+00 4.3552710586e+02 2.9746343500e+00 6.5175095423e+03
2.3970000000e+00 4.3553318372e+02 3.0013663223e+00 6.5186561000e+03
2.3980000000e+00 4.3554007497e+02 3.0280648355e+00 6.5199745729e+03
2.3990000000e+00 4.3554696633e+02 3.0547138987e+00 6.5210633996e+03
2.4000000000e+00 4.3555301486e+02 3.0812893762e+00 6.5215967298e+03
2.4010000000e+00 4.3555757514e+02 3.1077652237e+00 6.5214589954e+03
2.4020000000e+00 4.3556078875e+02 3.1341194485e+00 6.5207765282e+03
2.4030000000e+00 4.3556306904e+02 3.1603172384e+00 6.5198625633e+03
2.4040000000e+00 4.3556518912e+02 3.1863320906e+00 6.5191187139e+03
2.4050000000e+00 4.3556819014e+02 3.2121433825e+00 6.5188839427e+03
2.4060000000e+00 4.3557249408e+02 3.2377299231e+00 6.5193053620e+03
2.4070000000e+00 4.3557823562e+02 3.2630769080e+00 6.5202989776e+03
2.4080000000e+00 4.3558510009e+02 3.2881796421e+00 6.5215784416e+03
2.4090000000e+00 4.3559214126e+02 3.3130272113e+00 6.5227494417e+03
2.4100000000e+00 4.3559858156e+02 3.3376086144e+00 6.5234631289e+03
2.4110000000e+00 4.3560380889e+02 3.3619160950e+00 6.5235413201e+03
2.4120000000e+00 4.3560754927e+02 3.3859275844e+00 6.5230268254e+03
2.4130000000e+00 4.3561022750e+02 3.4096214397e+00 6.5221787622e+03
2.4140000000e+00 4.3561255622e+02 3.4329818292e+00 6.5213797950e+03
2.4150000000e+00 4.3561537329e+02 3.4559916020e+00 6.5209831256e+03
2.4160000000e+00 4.3561939501e+02 3.4786354617e+00 6.5211996916e+03
2.4170000000e+00 4.3562484482e+02 3.5009115437e+00 6.5220246319e+03
2.4180000000e+00 4.3563149240e+02 3.5228089035e+00 6.5232245675e+03
2.4190000000e+00 4.3563862947e+02 3.5443224575e+00 6.5244382510e+03
2.4200000000e+00 4.3564540646e+02 3.5654509935e+00 6.5253066479e+03
2.4210000000e+00 4.3565116522e+02 3.5861838115e+00 6.5255870944e+03
2.4220000000e+00 4.3565547810e+02 3.6065091535e+00 6.5252552063e+03
2.4230000000e+00 4.3565860144e+02 3.6264199035e+00 6.5245102359e+03
2.4240000000e+00 4.3566117418e+02 3.6459035547e+00 6.5236900922e+03
2.4250000000e+00 4.3566389471e+02 3.6649503712e+00 6.5231624502e+03
2.4260000000e+00 4.3566766269e+02 3.6835596185e+00 6.5231907869e+03
2.4270000000e+00 4.3567280044e+02 3.7017259618e+00 6.5238307600e+03
2.4280000000e+00 4.3567913247e+02 3.7194491993e+00 6.5249210801e+03
2.4290000000e+00 4.3568627301e+02 3.7367325716e+00 6.5261437473e+03
2.4300000000e+00 4.3569328147e+02 3.7535762742e+00 6.5271295159e+03
2.4310000000e+00 4.3569941454e+02 3.7699753621e+00 6.5275974960e+03
2.4320000000e+00 4.3570431491e+02 3.7859339298e+00 6.5274601394e+03
2.4330000000e+00 4.3570787761e+02 3.8014482655e+00 6.5268414325e+03
2.4340000000e+00 4.3571066041e+02 3.8165139343e+00 6.5260375797e+03
2.4350000000e+00 4.3571343636e+02 3.8311323557e+00 6.5254164921e+03
2.4360000000e+00 4.3571692975e+02 3.8453006223e+00 6.5252707404e+03
2.4370000000e+00 4.3572170100e+02 3.8590155026e+00 6.5257209680e+03
2.4380000000e+00 4.3572776439e+02 3.8722807763e+00 6.5266806194e+03
2.4390000000e+00 4.3573473378e+02 3.8850963253e+00 6.5278726598e+03
2.4400000000e+00 4.3574186780e+02 3.8974608710e+00 6.5289396857e+03
2.4410000000e+00 4.3574836181e+02 3.9093832275e+00 6.5295783518e+03
2.4420000000e+00 4.3575372661e+02 3.9208651617e+00 6.5296329854e+03
2.4430000000e+00 4.3575775603e+02 3.9319090125e+00 6.5291602365e+03
2.4440000000e+00 4.3576082333e+02 3.9425194359e+00 6.5284118203e+03
2.4450000000e+00 4.3576366337e+02 3.9526985366e+00 6.5277296217e+03
2.4460000000e+00 4.3576694849e+02 3.9624458484e+00 6.5274311465e+03
2.4470000000e+00 4.3577135600e+02 3.9717709513e+00 6.5276995552e+03
2.4480000000e+00 4.3577709693e+02 3.9806796916e+00 6.5285073361e+03
2.4490000000e+00 4.3578379568e+02 3.9891777838e+00 6.5296343161e+03
2.4500000000e+00 4.3579093574e+02 3.9972757790e+00 6.5307522205e+03
2.4510000000e+00 4.3579770939e+02 4.0049807636e+00 6.5315332659e+03
2.4520000000e+00 4.3580341037e+02 4.0122967063e+00 6.5317722001e+03
2.4530000000e+00 4.3580790563e+02 4.0192291054e+00 6.5314650531e+03
2.4540000000e+00 4.3581130025e+02 4.0257808615e+00 6.5307999404e+03
2.4550000000e+00 4.3581416928e+02 4.0319499655e+00 6.5300904015e+03
2.4560000000e+00 4.3581735295e+02 4.0377443533e+00 6.5296703597e+03
2.4570000000e+00 4.3582141098e+02 4.0431701809e+00 6.5297637934e+03
2.4580000000e+00 4.3582672572e+02 4.0482351763e+00 6.5304060998e+03
2.4590000000e+00 4.3583316865e+02 4.0529533352e+00 6.5314430886e+03
2.4600000000e+00 4.3584018508e+02 4.0573395055e+00 6.5325750760e+03
2.4610000000e+00 4.3584708820e+02 4.0614008610e+00 6.5334674706e+03
2.4620000000e+00 4.3585313871e+02 4.0651496638e+00 6.5338819284e+03
2.4630000000e+00 4.3585801305e+02 4.0685913060e+00 6.5337475039e+03
2.4640000000e+00 4.3586173460e+02 4.0717266821e+00 6.5331889907e+03
2.4650000000e+00 4.3586473325e+02 4.0745643278e+00 6.5324901067e+03
2.4660000000e+00 4.3586780759e+02 4.0771111955e+00 6.5319774989e+03
2.4670000000e+00 4.3587155411e+02 4.0793759395e+00 6.5319080052e+03
2.4680000000e+00 4.3587643683e+02 4.0813746395e+00 6.5323839069e+03
2.4690000000e+00 4.3588253883e+02 4.0831249128e+00 6.5333065005e+03
2.4700000000e+00 4.3588933895e+02 4.0846388879e+00 6.5344163501e+03
2.4710000000e+00 4.3589624767e+02 4.0859320372e+00 6.5353935104e+03
2.4720000000e+00 4.3590257721e+02 4.0870132261e+00 6.5359646541e+03
2.4730000000e+00 4.3590774800e+02 4.0878880802e+00 6.5360018925e+03
2.4740000000e+00 4.3591178233e+02 4.0885625523e+00 6.5355746568e+03
2.4750000000e+00 4.3591498206e+02 4.0890438622e+00 6.5349168888e+03
2.4760000000e+00 4.3591792763e+02 4.0893348929e+00 6.5343403777e+03
2.4770000000e+00 4.3592141780e+02 4.0894468174e+00 6.5341312998e+03
2.4780000000e+00 4.3592590482e+02 4.0893946521e+00 6.5344407661e+03
2.4790000000e+00 4.3593154081e+02 4.0891915289e+00 6.5352283125e+03
2.4800000000e+00 4.3593809808e+02 4.0888579490e+00 6.5362886034e+03
2.4810000000e+00 4.3594492803e+02 4.0884122158e+00 6.5373179362e+03
2.4820000000e+00 4.3595137221e+02 4.0878668764e+00 6.5380208780e+03
2.4830000000e+00 4.3595685546e+02 4.0872349545e+00 6.5382281428e+03
2.4840000000e+00 4.3596116837e+02 4.0865281763e+00 6.5379469838e+03
2.4850000000e+00 4.3596454451e+02 4.0857490720e+00 6.5373556688e+03
2.4860000000e+00 4.3596746961e+02 4.0849060711e+00 6.5367497183e+03
2.4870000000e+00 4.3597070171e+02 4.0840063901e+00 6.5364251560e+03
2.4880000000e+00 4.3597478830e+02 4.0830576853e+00 6.5365717289e+03
2.4890000000e+00 4.3597995614e+02 4.0820737346e+00 6.5372150364e+03
2.4900000000e+00 4.3598616661e+02 4.0810716321e+00 6.5381996337e+03
2.4910000000e+00 4.3599282393e+02 4.0800651230e+00 6.5392456773e+03
2.4920000000e+00 4.3599928085e+02 4.0790718725e+00 6.5400580300e+03
2.4930000000e+00 4.3600500628e+02 4.0781074009e+00 6.5404257309e+03
2.4940000000e+00 4.3600956167e+02 4.0771780931e+00 6.5402957347e+03
2.4950000000e+00 4.3601310149e+02 4.0762912896e+00 6.5397981274e+03
2.4960000000e+00 4.3601608063e+02 4.0754517429e+00 6.5391938384e+03
2.4970000000e+00 4.3601906425e+02 4.0746622584e+00 6.5387766020e+03
2.4980000000e+00 4.3602275788e+02 4.0739294046e+00 6.5387751724e+03
2.4990000000e+00 4.3602749948e+02 4.0732673504e+00 6.5392681891e+03
2.5000000000e+00 4.3603324428e+02 4.0726880307e+00 6.5401515242e+03
2.5010000000e+00 4.3603966067e+02 4.0722110260e+00 6.5411859757e+03
2.5020000000e+00 4.3604608883e+02 4.0718552141e+00 6.5420805095e+03
2.5030000000e+00 4.3605190478e+02 4.0716324383e+00 6.5425906652e+03
2.5040000000e+00 4.3605671149e+02 4.0715523462e+00 6.5426164534e+03
2.5050000000e+00 4.3606043615e+02 4.0716232284e+00 6.5422330977e+03
2.5060000000e+00 4.3606343758e+02 4.0718460558e+00 6.5416565068e+03
2.5070000000e+00 4.3606627355e+02 4.0722244288e+00 6.5411760533e+03
2.5080000000e+00 4.3606959409e+02 4.0727654918e+00 6.5410448972e+03
2.5090000000e+00 4.3607387227e+02 4.0734737436e+00 6.5413839616e+03
2.5100000000e+00 4.3607915022e+02 4.0743627503e+00 6.5421500536e+03
2.5110000000e+00 4.3608523115e+02 4.0754476089e+00 6.5431465008e+03
2.5120000000e+00 4.3609153478e+02 4.0767415916e+00 6.5440909219e+03
2.5130000000e+00 4.3609737586e+02 4.0782574594e+00 6.5447259289e+03
2.5140000000e+00 4.3610237985e+02 4.0800081266e+00 6.5449064768e+03
2.5150000000e+00 4.3610628879e+02 4.0819989053e+00 6.5446481787e+03
2.5160000000e+00 4.3610932604e+02 4.0842371451e+00 6.5441271651e+03
2.5170000000e+00 4.3611208400e+02 4.0867305864e+00 6.5436135659e+03
2.5180000000e+00 4.3611507264e+02 4.0894855940e+00 6.5433696454e+03
2.5190000000e+00 4.3611887550e+02 4.0925115185e+00 6.5435613415e+03
2.5200000000e+00 4.3612372002e+02 4.0958225870e+00 6.5441993760e+03
2.5210000000e+00 4.3612938300e+02 4.0994309399e+00 6.5451297212e+03
2.5220000000e+00 4.3613546951e+02 4.1033488684e+00 6.5460965518e+03
2.5230000000e+00 4.3614133240e+02 4.1075919130e+00 6.5468354955e+03
2.5240000000e+00 4.3614643059e+02 4.1121685703e+00 6.5471602000e+03
2.5250000000e+00 4.3615052437e+02 4.1170891246e+00 6.5470370186e+03
2.5260000000e+00 4.3615367941e+02 4.1223635794e+00 6.5465960700e+03
2.5270000000e+00 4.3615634382e+02 4.1279987408e+00 6.5460749851e+03
2.5280000000e+00 4.3615909065e+02 4.1340022745e+00 6.5457420342e+03
2.5290000000e+00 4.3616247454e+02 4.1403873772e+00 6.5457985072e+03
2.5300000000e+00 4.3616683625e+02 4.1471632672e+00 6.5462992372e+03
2.5310000000e+00 4.3617208682e+02 4.1543435529e+00 6.5471426862e+03
2.5320000000e+00 4.3617789395e+02 4.1619448879e+00 6.5481066520e+03
2.5330000000e+00 4.3618369703e+02 4.1699810766e+00 6.5489223766e+03
2.5340000000e+00 4.3618886750e+02 4.1784663396e+00 6.5493790085e+03
2.5350000000e+00 4.3619312994e+02 4.1874144493e+00 6.5493974282e+03
2.5360000000e+00 4.3619643611e+02 4.1968355417e+00 6.5490524284e+03
2.5370000000e+00 4.3619905994e+02 4.2067389332e+00 6.5485509073e+03
2.5380000000e+00 4.3620164060e+02 4.2171384518e+00 6.5481564666e+03
2.5390000000e+00 4.3620467359e+02 4.2280444375e+00 6.5480892514e+03
2.5400000000e+00 4.3620855057e+02 4.2394704516e+00 6.5484516852e+03
2.5410000000e+00 4.3621341345e+02 4.2514324707e+00 6.5491939216e+03
2.5420000000e+00 4.3621890731e+02 4.2639459939e+00 6.5501267177e+03
2.5430000000e+00 4.3622456515e+02 4.2770244059e+00 6.5509940239e+03
2.5440000000e+00 4.3622983176e+02 4.2906834139e+00 6.5515684470e+03
2.5450000000e+00 4.3623423243e+02 4.3049323089e+00 6.5517252205e+03
2.5460000000e+00 4.3623769426e+02 4.3197786632e+00 6.5514906085e+03
2.5470000000e+00 4.3624040551e+02 4.3352326840e+00 6.5510352954e+03
2.5480000000e+00 4.3624284864e+02 4.3513018451e+00 6.5506035320e+03
2.5490000000e+00 4.3624560367e+02 4.3679957728e+00 6.5504303321e+03
2.5500000000e+00 4.3624909097e+02 4.3853293526e+00 6.5506604619e+03
2.5510000000e+00 4.3625352849e+02 4.4033171239e+00 6.5512881129e+03
2.5520000000e+00 4.3625871383e+02 4.4219726595e+00 6.5521661410e+03
2.5530000000e+00 4.3626421447e+02 4.4413129238e+00 6.5530618764e+03
2.5540000000e+00 4.3626951647e+02 4.4613467178e+00 6.5537332449e+03
2.5550000000e+00 4.3627407525e+02 4.4820810172e+00 6.5540217047e+03
2.5560000000e+00 4.3627772422e+02 4.5035211189e+00 6.5539098984e+03
2.5570000000e+00 4.3628058240e+02 4.5256696281e+00 6.5535206049e+03
2.5580000000e+00 4.3628298111e+02 4.5485284123e+00 6.5530764511e+03
2.5590000000e+00 4.3628554122e+02 4.5721036896e+00 6.5528207929e+03
2.5600000000e+00 4.3628872469e+02 4.5964013059e+00 6.5529250749e+03
2.5610000000e+00 4.3629275362e+02 4.6214278218e+00 6.5534305424e+03
2.5620000000e+00 4.3629764815e+02 4.6471919827e+00 6.5542369157e+03
2.5630000000e+00 4.3630299801e+02 4.6736985827e+00 6.5551343491e+03
2.5640000000e+00 4.3630827500e+02 4.7009491103e+00 6.5558807310e+03
2.5650000000e+00 4.3631303065e+02 4.7289439267e+00 6.5562932102e+03
2.5660000000e+00 4.3631690219e+02 4.7576800504e+00 6.5563076611e+03
2.5670000000e+00 4.3631992764e+02 4.7871486912e+00 6.5560017848e+03
2.5680000000e+00 4.3632242656e+02 4.8173456580e+00 6.5555720953e+03
2.5690000000e+00 4.3632486811e+02 4.8482643304e+00 6.5552554581e+03
2.5700000000e+00 4.3632780180e+02 4.8798993360e+00 6.5552453319e+03
2.5710000000e+00 4.3633153130e+02 4.9122488598e+00 6.5556285874e+03
2.5720000000e+00 4.3633612286e+02 4.9453095056e+00 6.5563468954e+03
2.5730000000e+00 4.3634131268e+02 4.9790748130e+00 6.5572213092e+03
2.5740000000e+00 4.3634659288e+02 5.0135397845e+00 6.5580222238e+03
2.5750000000e+00 4.3635151072e+02 5.0486937464e+00 6.5585443902e+03
2.5760000000e+00 4.3635564351e+02 5.0845209124e+00 6.5586837079e+03
2.5770000000e+00 4.3635891088e+02 5.1210057998e+00 6.5584776160e+03
2.5780000000e+00 4.3636158024e+02 5.1581278092e+00 6.5580844600e+03
2.5790000000e+00 4.3636401593e+02 5.1958659282e+00 6.5577285101e+03
2.5800000000e+00 4.3636678662e+02 5.2342004871e+00 6.5576220817e+03
2.5810000000e+00 4.3637029558e+02 5.2731128252e+00 6.5578846907e+03
2.5820000000e+00 4.3637461511e+02 5.3125826695e+00 6.5585017772e+03
2.5830000000e+00 4.3637964796e+02 5.3525938225e+00 6.5593343555e+03
2.5840000000e+00 4.3638495503e+02 5.3931271586e+00 6.5601657633e+03
2.5850000000e+00 4.3639000211e+02 5.4341605123e+00 6.5607794739e+03
2.5860000000e+00 4.3639442869e+02 5.4756697580e+00 6.5610415395e+03
2.5870000000e+00 4.3639801678e+02 5.5176270565e+00 6.5609441341e+03
2.5880000000e+00 4.3640088791e+02 5.5599993229e+00 6.5606062765e+03
2.5890000000e+00 4.3640344829e+02 5.6027545297e+00 6.5602361032e+03
2.5900000000e+00 4.3640615975e+02 5.6458605654e+00 6.5600510058e+03
2.5910000000e+00 4.3640947675e+02 5.6892835769e+00 6.5601980561e+03
2.5920000000e+00 4.3641361621e+02 5.7329950241e+00 6.5607081474e+03
2.5930000000e+00 4.3641849480e+02 5.7769652714e+00 6.5614803032e+03
2.5940000000e+00 4.3642379621e+02 5.8211630643e+00 6.5623176836e+03
2.5950000000e+00 4.3642900887e+02 5.8655567023e+00 6.5630054104e+03
2.5960000000e+00 4.3643371514e+02 5.9101118589e+00 6.5633819303e+03
2.5970000000e+00 4.3643765372e+02 5.9547879534e+00 6.5633964438e+03
2.5980000000e+00 4.3644081749e+02 5.9995457879e+00 6.5631322455e+03
2.5990000000e+00 4.3644356808e+02 6.0443422039e+00 6.5627702986e+03
2.6000000000e+00 4.3644631536e+02 6.0891332521e+00 6.5625241157e+03
2.6010000000e+00 4.3644951710e+02 6.1338785216e+00 6.5625673509e+03
2.6020000000e+00 4.3645352026e+02 6.1785390194e+00 6.5629673464e+03
2.6030000000e+00 4.3645826443e+02 6.2230760218e+00 6.5636616851e+03
2.6040000000e+00 4.3646353882e+02 6.2674522237e+00 6.5644849569e+03
2.6050000000e+00 4.3646892119e+02 6.3116302064e+00 6.5652261103e+03
2.6060000000e+00 4.3647388615e+02 6.3555685641e+00 6.5657031065e+03
2.6070000000e+00 4.3647817926e+02 6.3992260542e+00 6.5658319055e+03
2.6080000000e+00 4.3648171398e+02 6.4425588289e+00 6.5656543692e+03
2.6090000000e+00 4.3648468322e+02 6.4855210038e+00 6.5653194242e+03
2.6100000000e+00 4.3648754477e+02 6.5280670430e+00 6.5650339858e+03
2.6110000000e+00 4.3649072456e+02 6.5701545129e+00 6.5649864680e+03
2.6120000000e+00 4.3649458040e+02 6.6117385339e+00 6.5652754970e+03
2.6130000000e+00 4.3649922307e+02 6.6527785251e+00 6.5658812657e+03
2.6140000000e+00 4.3650446277e+02 6.6932348921e+00 6.5666706403e+03
2.6150000000e+00 4.3650993763e+02 6.7330659821e+00 6.5674421862e+03
2.6160000000e+00 4.3651516561e+02 6.7722323319e+00 6.5680054271e+03
2.6170000000e+00 4.3651979319e+02 6.8106935653e+00 6.5682456427e+03
2.6180000000e+00 4.3652368692e+02 6.8484063310e+00 6.5681619412e+03
2.6190000000e+00 4.3652693936e+02 6.8853283074e+00 6.5678728595e+03
2.6200000000e+00 4.3652994554e+02 6.9214181062e+00 6.5675694348e+03
2.6210000000e+00 4.3653314076e+02 6.9566324923e+00 6.5674443525e+03
2.6220000000e+00 4.3653687919e+02 6.9909334038e+00 6.5676276832e+03
2.6230000000e+00 4.3654140053e+02 7.0242840791e+00 6.5681376276e+03
2.6240000000e+00 4.3654657228e+02 7.0566499545e+00 6.5688731271e+03
2.6250000000e+00 4.3655207012e+02 7.0879982062e+00 6.5696546918e+03
2.6260000000e+00 4.3655750834e+02 7.1182980066e+00 6.5702876037e+03
2.6270000000e+00 4.3656242098e+02 7.1475157643e+00 6.5706298452e+03
2.6280000000e+00 4.3656662673e+02 7.1756185435e+00 6.5706459218e+03
2.6290000000e+00 4.3657018657e+02 7.2025736567e+00 6.5704185817e+03
2.6300000000e+00 4.3657333187e+02 7.2283466221e+00 6.5701150813e+03
2.6310000000e+00 4.3657653727e+02 7.2529050898e+00 6.5699301404e+03
2.6320000000e+00 4.3658018836e+02 7.2762201460e+00 6.5700161699e+03
2.6330000000e+00 4.3658452039e+02 7.2982648283e+00 6.5704244063e+03
2.6340000000e+00 4.3658955944e+02 7.3190160588e+00 6.5710916006e+03
2.6350000000e+00 4.3659502562e+02 7.3384561406e+00 6.5718634730e+03
2.6360000000e+00 4.3660053579e+02 7.3565650053e+00 6.5725458470e+03
2.6370000000e+00 4.3660566443e+02 7.3733253708e+00 6.5729797987e+03
2.6380000000e+00 4.3661012921e+02 7.3887198880e+00 6.5730977717e+03
2.6390000000e+00 4.3661391662e+02 7.4027292977e+00 6.5729428668e+03
2.6400000000e+00 4.3661720145e+02 7.4153351322e+00 6.5726579266e+03
2.6410000000e+00 4.3662039012e+02 7.4265226330e+00 6.5724323878e+03
2.6420000000e+00 4.3662390559e+02 7.4362778633e+00 6.5724303886e+03
2.6430000000e+00 4.3662800752e+02 7.4445930196e+00 6.5727366808e+03
2.6440000000e+00 4.3663281668e+02 7.4514654075e+00 6.5733254164e+03
2.6450000000e+00 4.3663814351e+02 7.4568935426e+00 6.5740672597e+03
2.6460000000e+00 4.3664359955e+02 7.4608795553e+00 6.5747801356e+03
2.6470000000e+00 4.3664882361e+02 7.4634261756e+00 6.5752941846e+03
2.6480000000e+00 4.3665345367e+02 7.4645352482e+00 6.5755101494e+03
2.6490000000e+00 4.3665737066e+02 7.4642076935e+00 6.5754371270e+03
2.6500000000e+00 4.3666075291e+02 7.4624470820e+00 6.5751890296e+03
2.6510000000e+00 4.3666387833e+02 7.4592562731e+00 6.5749401294e+03
2.6520000000e+00 4.3666718016e+02 7.4546425444e+00 6.5748640837e+03
2.6530000000e+00 4.3667101143e+02 7.4486185219e+00 6.5750732151e+03
2.6540000000e+00 4.3667547974e+02 7.4412008519e+00 6.5755746525e+03
2.6550000000e+00 4.3668052658e+02 7.4324100344e+00 6.5762706357e+03
2.6560000000e+00 4.3668583013e+02 7.4222723841e+00 6.5769964818e+03
2.6570000000e+00 4.3669098563e+02 7.4108134926e+00 6.5775751551e+03
2.6580000000e+00 4.3669565820e+02 7.3980592690e+00 6.5778840085e+03
2.6590000000e+00 4.3669963876e+02 7.3840376563e+00 6.5779002903e+03
2.6600000000e+00 4.3670301245e+02 7.3687736829e+00 6.5777034804e+03
2.6610000000e+00 4.3670603188e+02 7.3522948842e+00 6.5774499648e+03
2.6620000000e+00 4.3670907803e+02 7.3346321340e+00 6.5773173393e+03
2.6630000000e+00 4.3671254858e+02 7.3158188421e+00 6.5774359900e+03
2.6640000000e+00 4.3671660531e+02 7.2958927011e+00 6.5778463848e+03
2.6650000000e+00 4.3672125847e+02 7.2748985942e+00 6.5784853526e+03
2.6660000000e+00 4.3672627835e+02 7.2528824347e+00 6.5792059953e+03
2.6670000000e+00 4.3673124500e+02 7.2298937347e+00 6.5798338072e+03
2.6680000000e+00 4.3673583901e+02 7.2059827955e+00 6.5802298816e+03
2.6690000000e+00 4.3673980221e+02 7.1811985146e+00 6.5803378935e+03
2.6700000000e+00 4.3674309352e+02 7.1555886984e+00 6.5802054581e+03
2.6710000000e+00 4.3674596608e+02 7.1292023769e+00 6.5799676541e+03
2.6720000000e+00 4.3674873684e+02 7.1020887490e+00 6.5797953315e+03
2.6730000000e+00 4.3675178214e+02 7.0742991421e+00 6.5798344192e+03
2.6740000000e+00 4.3675539024e+02 7.0458916482e+00 6.5801559798e+03
2.6750000000e+00 4.3675957944e+02 7.0169274008e+00 6.5807279642e+03
2.6760000000e+00 4.3676419547e+02 6.9874718211e+00 6.5814280391e+03
2.6770000000e+00 4.3676891113e+02 6.9575935877e+00 6.5820910372e+03
2.6780000000e+00 4.3677333119e+02 6.9273613525e+00 6.5825646086e+03
2.6790000000e+00 4.3677719665e+02 6.8968410180e+00 6.5827648047e+03
2.6800000000e+00 4.3678040552e+02 6.8660993939e+00 6.5827089389e+03
2.6810000000e+00 4.3678309915e+02 6.8351993977e+00 6.5825043290e+03
2.6820000000e+00 4.3678559631e+02 6.8042039693e+00 6.5823107257e+03
2.6830000000e+00 4.3678824509e+02 6.7731790607e+00 6.5822854816e+03
2.6840000000e+00 4.3679137490e+02 6.7421923056e+00 6.5825226036e+03
2.6850000000e+00 4.3679508356e+02 6.7113143449e+00 6.5830214197e+03
2.6860000000e+00 4.3679926340e+02 6.6806205762e+00 6.5836895164e+03
2.6870000000e+00 4.3680366711e+02 6.6501870946e+00 6.5843726125e+03
2.6880000000e+00 4.3680788246e+02 6.6200889738e+00 6.5849122753e+03
2.6890000000e+00 4.3681162427e+02 6.5904018523e+00 6.5852042934e+03
2.6900000000e+00 4.3681475854e+02 6.5611967280e+00 6.5852328785e+03
2.6910000000e+00 4.3681730467e+02 6.5325426877e+00 6.5850769470e+03
2.6920000000e+00 4.3681956991e+02 6.5045080224e+00 6.5848826799e+03
2.6930000000e+00 4.3682189158e+02 6.4771614870e+00 6.5848085832e+03
2.6940000000e+00 4.3682457217e+02 6.4505717582e+00 6.5849685419e+03
2.6950000000e+00 4.3682783126e+02 6.4248114417e+00 6.5853934518e+03
2.6960000000e+00 4.3683160381e+02 6.3999536148e+00 6.5860186866e+03
2.6970000000e+00 4.3683566739e+02 6.3760711459e+00 6.5867071330e+03
2.6980000000e+00 4.3683969795e+02 6.3532372402e+00 6.5873020448e+03
2.6990000000e+00 4.3684334030e+02 6.3315221047e+00 6.5876809151e+03
2.7000000000e+00 4.3684640995e+02 6.3109914757e+00 6.5877983822e+03
2.7010000000e+00 4.3684890218e+02 6.2917094070e+00 6.5877057698e+03
2.7020000000e+00 4.3685101103e+02 6.2737374538e+00 6.5875288772e+03
2.7030000000e+00 4.3685307774e+02 6.2571337922e+00 6.5874219235e+03
2.7040000000e+00 4.3685542098e+02 6.2419589422e+00 6.5875157420e+03
2.7050000000e+00 4.3685828098e+02 6.2282716734e+00 6.5878673987e+03
2.7060000000e+00 4.3686169164e+02 6.2161307879e+00 6.5884403484e+03
2.7070000000e+00 4.3686546395e+02 6.2055955228e+00 6.5891213235e+03
2.7080000000e+00 4.3686932357e+02 6.1967232193e+00 6.5897580715e+03
2.7090000000e+00 4.3687290879e+02 6.1895667141e+00 6.5902148084e+03
2.7100000000e+00 4.3687597064e+02 6.1841771648e+00 6.5904232487e+03
2.7110000000e+00 4.3687848198e+02 6.1806009247e+00 6.5904040221e+03
2.7120000000e+00 4.3688053507e+02 6.1788804685e+00 6.5902590900e+03
2.7130000000e+00 4.3688244328e+02 6.1790570053e+00 6.5901364433e+03
2.7140000000e+00 4.3688455846e+02 6.1811697732e+00 6.5901750583e+03
2.7150000000e+00 4.3688709931e+02 6.1852565374e+00 6.5904545913e+03
2.7160000000e+00 4.3689020271e+02 6.1913545210e+00 6.5909690943e+03
2.7170000000e+00 4.3689374870e+02 6.1994999109e+00 6.5916287153e+03
2.7180000000e+00 4.3689745300e+02 6.2097240312e+00 6.5922909851e+03
2.7190000000e+00 4.3690101879e+02 6.2220565847e+00 6.5928149597e+03
2.7200000000e+00 4.3690414294e+02 6.2365221808e+00 6.5931107537e+03
2.7210000000e+00 4.3690671336e+02 6.2531401371e+00 6.5931694480e+03
2.7220000000e+00 4.3690881303e+02 6.2719264458e+00 6.5930692224e+03
2.7230000000e+00 4.3691066864e+02 6.2928948265e+00 6.5929451194e+03
2.7240000000e+00 4.3691262359e+02 6.3160550377e+00 6.5929383223e+03
2.7250000000e+00 4.3691494986e+02 6.3414174984e+00 6.5931491501e+03
2.7260000000e+00 4.3691780175e+02 6.3689911567e+00 6.5935991590e+03
2.7270000000e+00 4.3692114570e+02 6.3987814746e+00 6.5942225274e+03
2.7280000000e+00 4.3692474027e+02 6.4307926016e+00 6.5948936569e+03
2.7290000000e+00 4.3692829764e+02 6.4650239858e+00 6.5954703776e+03
2.7300000000e+00 4.3693151375e+02 6.5014696213e+00 6.5958441778e+03
2.7310000000e+00 4.3693420037e+02 6.5401193531e+00 6.5959817918e+03
2.7320000000e+00 4.3693640410e+02 6.5809593716e+00 6.5959347156e+03
2.7330000000e+00 4.3693829166e+02 6.6239710568e+00 6.5958195006e+03
2.7340000000e+00 4.3694016170e+02 6.6691359041e+00 6.5957777075e+03
2.7350000000e+00 4.3694234619e+02 6.7164332732e+00 6.5959236403e+03
2.7360000000e+00 4.3694500189e+02 6.7658408108e+00 6.5963026080e+03
2.7370000000e+00 4.3694816224e+02 6.8173341726e+00 6.5968768467e+03
2.7380000000e+00 4.3695167840e+02 6.8708865733e+00 6.5975390997e+03
2.7390000000e+00 4.3695522960e+02 6.9264658828e+00 6.5981500669e+03
2.7400000000e+00 4.3695854370e+02 6.9840359301e+00 6.5985903550e+03
2.7410000000e+00 4.3696140032e+02 7.0435566884e+00 6.5988033260e+03
2.7420000000e+00 4.3696373927e+02 7.1049826522e+00 6.5988127095e+03
2.7430000000e+00 4.3696572444e+02 7.1682667259e+00 6.5987158887e+03
2.7440000000e+00 4.3696760146e+02 7.2333604516e+00 6.5986485909e+03
2.7450000000e+00 4.3696968616e+02 7.3002134516e+00 6.5987331181e+03
2.7460000000e+00 4.3697220941e+02 7.3687746745e+00 6.5990375253e+03
2.7470000000e+00 4.3697523044e+02 7.4389931694e+00 6.5995510963e+03
2.7480000000e+00 4.3697866429e+02 7.5108131819e+00 6.6001860547e+03
2.7490000000e+00 4.3698223803e+02 7.5841775034e+00 6.6008128062e+03
2.7500000000e+00 4.3698566356e+02 7.6590246914e+00 6.6013056968e+03
2.7510000000e+00 4.3698870899e+02 7.7352884884e+00 6.6015861202e+03
2.7520000000e+00 4.3699124670e+02 7.8129001149e+00 6.6016532902e+03
2.7530000000e+00 4.3699338906e+02 7.8917885165e+00 6.6015828997e+03
2.7540000000e+00 4.3699535417e+02 7.9718799655e+00 6.6014981109e+03
2.7550000000e+00 4.3699742019e+02 8.0531007649e+00 6.6015271222e+03
2.7560000000e+00 4.3699987655e+02 8.1353771989e+00 6.6017564580e+03
2.7570000000e+00 4.3700282004e+02 8.2186339570e+00 6.6021989635e+03
2.7580000000e+00 4.3700619949e+02 8.3027955578e+00 6.6027910576e+03
2.7590000000e+00 4.3700983381e+02 8.3877843997e+00 6.6034161254e+03
2.7600000000e+00 4.3701340641e+02 8.4735205143e+00 6.6039451761e+03
2.7610000000e+00 4.3701666975e+02 8.5599204290e+00 6.6042843291e+03
2.7620000000e+00 4.3701948906e+02 8.6468996721e+00 6.6044090721e+03
2.7630000000e+00 4.3702186545e+02 8.7343701784e+00 6.6043704718e+03
2.7640000000e+00 4.3702400554e+02 8.8222433022e+00 6.6042776565e+03
2.7650000000e+00 4.3702617820e+02 8.9104309960e+00 6.6042593760e+03
2.7660000000e+00 4.3702864714e+02 8.9988448934e+00 6.6044149538e+03
2.7670000000e+00 4.3703159387e+02 9.0873974445e+00 6.6047805766e+03
2.7680000000e+00 4.3703500470e+02 9.1760026249e+00 6.6053176593e+03
2.7690000000e+00 4.3703873508e+02 9.2645726858e+00 6.6059242362e+03
2.7700000000e+00 4.3704251729e+02 9.3530190670e+00 6.6064741799e+03
2.7710000000e+00 4.3704607038e+02 9.4412530231e+00 6.6068630945e+03
2.7720000000e+00 4.3704923463e+02 9.5291821180e+00 6.6070430192e+03
2.7730000000e+00 4.3705195579e+02 9.6167138457e+00 6.6070415809e+03
2.7740000000e+00 4.3705438215e+02 9.7037551399e+00 6.6069516316e+03
2.7750000000e+00 4.3705677572e+02 9.7902129844e+00 6.6068954859e+03
2.7760000000e+00 4.3705937913e+02 9.8759956807e+00 6.6069827087e+03
2.7770000000e+00 4.3706242429e+02 9.9610143705e+00 6.6072708356e+03
2.7780000000e+00 4.3706595637e+02 1.0045180819e+01 6.6077435821e+03
2.7790000000e+00 4.3706984828e+02 1.0128408944e+01 6.6083183094e+03
2.7800000000e+00 4.3707390131e+02 1.0210613488e+01 6.6088765065e+03
2.7810000000e+00 4.3707781888e+02 1.0291708872e+01 6.6093052364e+03
2.7820000000e+00 4.3708139013e+02 1.0371609024e+01 6.6095381798e+03
2.7830000000e+00 4.3708455702e+02 1.0450228235e+01 6.6095802334e+03
2.7840000000e+00 4.3708737909e+02 1.0527481140e+01 6.6095036716e+03
2.7850000000e+00 4.3709008583e+02 1.0603282692e+01 6.6094221188e+03
2.7860000000e+00 4.3709294794e+02 1.0677551526e+01 6.6094511321e+03
2.7870000000e+00 4.3709617705e+02 1.0750207667e+01 6.6096645696e+03
2.7880000000e+00 4.3709988885e+02 1.0821174275e+01 6.6100688770e+03
2.7890000000e+00 4.3710401538e+02 1.0890377939e+01 6.6106030092e+03
2.7900000000e+00 4.3710836322e+02 1.0957746962e+01 6.6111582171e+03
2.7910000000e+00 4.3711267681e+02 1.1023210324e+01 6.6116183319e+03
2.7920000000e+00 4.3711670921e+02 1.1086699900e+01 6.6119031063e+03
2.7930000000e+00 4.3712035466e+02 1.1148146834e+01 6.6119941710e+03
2.7940000000e+00 4.3712363709e+02 1.1207483686e+01 6.6119425302e+03
2.7950000000e+00 4.3712672486e+02 1.1264645627e+01 6.6118509667e+03
2.7960000000e+00 4.3712989306e+02 1.1319569157e+01 6.6118345111e+03
2.7970000000e+00 4.3713335581e+02 1.1372194603e+01 6.6119804205e+03
2.7980000000e+00 4.3713726395e+02 1.1422466655e+01 6.6123177277e+03
2.7990000000e+00 4.3714162235e+02 1.1470333762e+01 6.6128055086e+03
2.8000000000e+00 4.3714624468e+02 1.1515747705e+01 6.6133489337e+03
2.8010000000e+00 4.3715091620e+02 1.1558664221e+01 6.6138342541e+03
2.8020000000e+00 4.3715538475e+02 1.1599040307e+01 6.6141686623e+03
2.8030000000e+00 4.3715947238e+02 1.1636834988e+01 6.6143136510e+03
2.8040000000e+00 4.3716319378e+02 1.1672008678e+01 6.6142995424e+03
2.8050000000e+00 4.3716665580e+02 1.1704524005e+01 6.6142132127e+03
2.8060000000e+00 4.3717009130e+02 1.1734345031e+01 6.6141661311e+03
2.8070000000e+00 4.3717375944e+02 1.1761440705e+01 6.6142559350e+03
2.8080000000e+00 4.3717781123e+02 1.1785784043e+01 6.6145301142e+03
2.8090000000e+00 4.3718229944e+02 1.1807352123e+01 6.6149687891e+03
2.8100000000e+00 4.3718710800e+02 1.1826128084e+01 6.6154944371e+03
2.8110000000e+00 4.3719201436e+02 1.1842098418e+01 6.6159982059e+03
2.8120000000e+00 4.3719678190e+02 1.1855252155e+01 6.6163790473e+03
2.8130000000e+00 4.3720120863e+02 1.1865581214e+01 6.6165820424e+03
2.8140000000e+00 4.3720524257e+02 1.1873078731e+01 6.6166157262e+03
2.8150000000e+00 4.3720896677e+02 1.1877738516e+01 6.6165488692e+03
2.8160000000e+00 4.3721256890e+02 1.1879558665e+01 6.6164871686e+03
2.8170000000e+00 4.3721630867e+02 1.1878539612e+01 6.6165330981e+03
2.8180000000e+00 4.3722036841e+02 1.1874686814e+01 6.6167495847e+03
2.8190000000e+00 4.3722482411e+02 1.1868011616e+01 6.6171390000e+03
2.8200000000e+00 4.3722963078e+02 1.1858530511e+01 6.6176411015e+03
2.8210000000e+00 4.3723457780e+02 1.1846264022e+01 6.6181554005e+03
2.8220000000e+00 4.3723943480e+02 1.1831236734e+01 6.6185785024e+03
2.8230000000e+00 4.3724400479e+02 1.1813474820e+01 6.6188401715e+03
2.8240000000e+00 4.3724815769e+02 1.1793005251e+01 6.6189283022e+03
2.8250000000e+00 4.3725195494e+02 1.1769856957e+01 6.6188938703e+03
2.8260000000e+00 4.3725555578e+02 1.1744060388e+01 6.6188316325e+03
2.8270000000e+00 4.3725917430e+02 1.1715648825e+01 6.6188452165e+03
2.8280000000e+00 4.3726304605e+02 1.1684659993e+01 6.6190111818e+03
2.8290000000e+00 4.3726726999e+02 1.1651137568e+01 6.6193512027e+03
2.8300000000e+00 4.3727182925e+02 1.1615129186e+01 6.6198235505e+03
2.8310000000e+00 4.3727658428e+02 1.1576688603e+01 6.6203403079e+03
2.8320000000e+00 4.3728129378e+02 1.1535872597e+01 6.6207984047e+03
2.8330000000e+00 4.3728575190e+02 1.1492739357e+01 6.6211155771e+03
2.8340000000e+00 4.3728981294e+02 1.1447348668e+01 6.6212619354e+03
2.8350000000e+00 4.3729346983e+02 1.1399761061e+01 6.6212691119e+03
2.8360000000e+00 4.3729685954e+02 1.1350037048e+01 6.6212177194e+03
2.8370000000e+00 4.3730017529e+02 1.1298240391e+01 6.6212101974e+03
2.8380000000e+00 4.3730365206e+02 1.1244438176e+01 6.6213324292e+03
2.8390000000e+00 4.3730743476e+02 1.1188701147e+01 6.6216226488e+03
2.8400000000e+00 4.3731153390e+02 1.1131106278e+01 6.6220596753e+03
2.8410000000e+00 4.3731586294e+02 1.1071734338e+01 6.6225695934e+03
2.8420000000e+00 4.3732020255e+02 1.1010669295e+01 6.6230524388e+03
2.8430000000e+00 4.3732432871e+02 1.0947997116e+01 6.6234194307e+03
2.8440000000e+00 4.3732809592e+02 1.0883804614e+01 6.6236239238e+03
2.8450000000e+00 4.3733143467e+02 1.0818177272e+01 6.6236775775e+03
2.8460000000e+00 4.3733444145e+02 1.0751201342e+01 6.6236466961e+03
2.8470000000e+00 4.3733731140e+02 1.0682963703e+01 6.6236277698e+03
2.8480000000e+00 4.3734024332e+02 1.0613553221e+01 6.6237119212e+03
2.8490000000e+00 4.3734342796e+02 1.0543062478e+01 6.6239531608e+03
2.8500000000e+00 4.3734692564e+02 1.0471588854e+01 6.6243492634e+03
2.8510000000e+00 4.3735065888e+02 1.0399232964e+01 6.6248416991e+03
2.8520000000e+00 4.3735447120e+02 1.0326098882e+01 6.6253382477e+03
2.8530000000e+00 4.3735813194e+02 1.0252292854e+01 6.6257463648e+03
2.8540000000e+00 4.3736146245e+02 1.0177919635e+01 6.6260048515e+03
2.8550000000e+00 4.3736438479e+02 1.0103083886e+01 6.6261073081e+03
2.8560000000e+00 4.3736693256e+02 1.0027889012e+01 6.6261038237e+03
2.8570000000e+00 4.3736927771e+02 9.9524374600e+00 6.6260811466e+03
2.8580000000e+00 4.3737162060e+02 9.8768328399e+00 6.6261332164e+03
2.8590000000e+00 4.3737415318e+02 9.8011817073e+00 6.6263267467e+03
2.8600000000e+00 4.3737698682e+02 9.7255923656e+00 6.6266763361e+03
2.8610000000e+00 4.3738007638e+02 9.6501772610e+00 6.6271412772e+03
2.8620000000e+00 4.3738330008e+02 9.5750510282e+00 6.6276397206e+03
2.8630000000e+00 4.3738644984e+02 9.5003284634e+00 6.6280776148e+03
2.8640000000e+00 4.3738931723e+02 9.4261240115e+00 6.6283837960e+03
2.8650000000e+00 4.3739181169e+02 9.3525504301e+00 6.6285348302e+03
2.8660000000e+00 4.3739392154e+02 9.2797177695e+00 6.6285625815e+03
2.8670000000e+00 4.3739577108e+02 9.2077346998e+00 6.6285432190e+03
2.8680000000e+00 4.3739757389e+02 9.1367101838e+00 6.6285695224e+03
2.8690000000e+00 4.3739950853e+02 9.0667530998e+00 6.6287167343e+03
2.8700000000e+00 4.3740171626e+02 8.9979747866e+00 6.6290162625e+03
2.8710000000e+00 4.3740421666e+02 8.9304884885e+00 6.6294450397e+03
2.8720000000e+00 4.3740689157e+02 8.8644083631e+00 6.6299330308e+03
2.8730000000e+00 4.3740956972e+02 8.7998480951e+00 6.6303893585e+03
2.8740000000e+00 4.3741204775e+02 8.7369208017e+00 6.6307356333e+03
2.8750000000e+00 4.3741418127e+02 8.6757358067e+00 6.6309325355e+03
2.8760000000e+00 4.3741594838e+02 8.6163999203e+00 6.6309946606e+03
2.8770000000e+00 4.3741742748e+02 8.5590178656e+00 6.6309854612e+03
2.8780000000e+00 4.3741880062e+02 8.5036918263e+00 6.6309925248e+03
2.8790000000e+00 4.3742026850e+02 8.4505237119e+00 6.6310972467e+03
2.8800000000e+00 4.3742197677e+02 8.3996160708e+00 6.6313459221e+03
2.8810000000e+00 4.3742399079e+02 8.3510710623e+00 6.6317318034e+03
2.8820000000e+00 4.3742623116e+02 8.3049905414e+00 6.6321992568e+03
2.8830000000e+00 4.3742854048e+02 8.2614759382e+00 6.6326639936e+03
2.8840000000e+00 4.3743073395e+02 8.2206250212e+00 6.6330423085e+03
2.8850000000e+00 4.3743263173e+02 8.1825328801e+00 6.6332823542e+03
2.8860000000e+00 4.3743418499e+02 8.1472908212e+00 6.6333823693e+03
2.8870000000e+00 4.3743544206e+02 8.1149863471e+00 6.6333902083e+03
2.8880000000e+00 4.3743653744e+02 8.0857040480e+00 6.6333866431e+03
2.8890000000e+00 4.3743768805e+02 8.0595273408e+00 6.6334561869e+03
2.8900000000e+00 4.3743904723e+02 8.0365376012e+00 6.6336561357e+03
2.8910000000e+00 4.3744069853e+02 8.0168151245e+00 6.6339964972e+03
2.8920000000e+00 4.3744262708e+02 8.0004389354e+00 6.6344371882e+03
2.8930000000e+00 4.3744468150e+02 7.9874849558e+00 6.6349019592e+03
2.8940000000e+00 4.3744668628e+02 7.9780254959e+00 6.6353061215e+03
2.8950000000e+00 4.3744847016e+02 7.9721289050e+00 6.6355879255e+03
2.8960000000e+00 4.3744992597e+02 7.9698585782e+00 6.6357294013e+03
2.8970000000e+00 4.3745107963e+02 7.9712728524e+00 6.6357628315e+03
2.8980000000e+00 4.3745204168e+02 7.9764273938e+00 6.6357599020e+03
2.8990000000e+00 4.3745299494e+02 7.9853736921e+00 6.6358042369e+03
2.9000000000e+00 4.3745412188e+02 7.9981609340e+00 6.6359619241e+03
2.9010000000e+00 4.3745552444e+02 8.0148362430e+00 6.6362587878e+03
2.9020000000e+00 4.3745721819e+02 8.0354433883e+00 6.6366698448e+03
2.9030000000e+00 4.3745909581e+02 8.0600221884e+00 6.6371294428e+03
2.9040000000e+00 4.3746098218e+02 8.0886086697e+00 6.6375556603e+03
2.9050000000e+00 4.3746271083e+02 8.1212327453e+00 6.6378785080e+03
2.9060000000e+00 4.3746414573e+02 8.1579189263e+00 6.6380658299e+03
2.9070000000e+00 4.3746527058e+02 8.1986870570e+00 6.6381349488e+03
2.9080000000e+00 4.3746617985e+02 8.2435517169e+00 6.6381451753e+03
2.9090000000e+00 4.3746701820e+02 8.2925238985e+00 6.6381768870e+03
2.9100000000e+00 4.3746798036e+02 8.3456112358e+00 6.6383028256e+03
2.9110000000e+00 4.3746919783e+02 8.4028179845e+00 6.6385614039e+03
2.9120000000e+00 4.3747069575e+02 8.4641440393e+00 6.6389433746e+03
2.9130000000e+00 4.3747242453e+02 8.5295853782e+00 6.6393959261e+03
2.9140000000e+00 4.3747422061e+02 8.5991319318e+00 6.6398414189e+03
2.9150000000e+00 4.3747590466e+02 8.6727676047e+00 6.6402052682e+03
2.9160000000e+00 4.3747734839e+02 8.7504704268e+00 6.6404435648e+03
2.9170000000e+00 4.3747848222e+02 8.8322128127e+00 6.6405579840e+03
2.9180000000e+00 4.3747936926e+02 8.9179614716e+00 6.6405946195e+03
2.9190000000e+00 4.3748014778e+02 9.0076795441e+00 6.6406283674e+03
2.9200000000e+00 4.3748098695e+02 9.1013260635e+00 6.6407348607e+03
2.9210000000e+00 4.3748204671e+02 9.1988557408e+00 6.6409632152e+03
2.9220000000e+00 4.3748338539e+02 9.3002200266e+00 6.6413198328e+03
2.9230000000e+00 4.3748497431e+02 9.4053647328e+00 6.6417651283e+03
2.9240000000e+00 4.3748668906e+02 9.5142299810e+00 6.6422282350e+03
2.9250000000e+00 4.3748834996e+02 9.6267501974e+00 6.6426336758e+03
2.9260000000e+00 4.3748981658e+02 9.7428534931e+00 6.6429272814e+03
2.9270000000e+00 4.3749099901e+02 9.8624617397e+00 6.6430958823e+03
2.9280000000e+00 4.3749191553e+02 9.9854926490e+00 6.6431725183e+03
2.9290000000e+00 4.3749269221e+02 1.0111858785e+01 6.6432233346e+03
2.9300000000e+00 4.3749348132e+02 1.0241469075e+01 6.6433239786e+03
2.9310000000e+00 4.3749444865e+02 1.0374228797e+01 6.6435329147e+03
2.9320000000e+00 4.3749569714e+02 1.0510039043e+01 6.6438699272e+03
2.9330000000e+00 4.3749721003e+02 1.0648796178e+01 6.6443093791e+03
2.9340000000e+00 4.3749890339e+02 1.0790391567e+01 6.6447901939e+03
2.9350000000e+00 4.3750061931e+02 1.0934711147e+01 6.6452376665e+03
2.9360000000e+00 4.3750218843e+02 1.1081634852e+01 6.6455901358e+03
2.9370000000e+00 4.3750352241e+02 1.1231037796e+01 6.6458217071e+03
2.9380000000e+00 4.3750460079e+02 1.1382790400e+01 6.6459510946e+03
2.9390000000e+00 4.3750550972e+02 1.1536758931e+01 6.6460340773e+03
2.9400000000e+00 4.3750641073e+02 1.1692806385e+01 6.6461442506e+03
2.9410000000e+00 4.3750745640e+02 1.1850793210e+01 6.6463461124e+03
2.9420000000e+00 4.3750877406e+02 1.2010575720e+01 6.6466713339e+03
2.9430000000e+00 4.3751039153e+02 1.2172007782e+01 6.6471088778e+03
2.9440000000e+00 4.3751223875e+02 1.2334939127e+01 6.6476085325e+03
2.9450000000e+00 4.3751418797e+02 1.2499214812e+01 6.6480987465e+03
2.9460000000e+00 4.3751606934e+02 1.2664676247e+01 6.6485137256e+03
2.9470000000e+00 4.3751777058e+02 1.2831160419e+01 6.6488161163e+03
2.9480000000e+00 4.3751925365e+02 1.2998500364e+01 6.6490101095e+03
2.9490000000e+00 4.3752056541e+02 1.3166526685e+01 6.6491406895e+03
2.9500000000e+00 4.3752185510e+02 1.3335067364e+01 6.6492764065e+03
2.9510000000e+00 4.3752327543e+02 1.3503948148e+01 6.6494846747e+03
2.9520000000e+00 4.3752495951e+02 1.3672993780e+01 6.6498082541e+03
2.9530000000e+00 4.3752697978e+02 1.3842026772e+01 6.6502495414e+03
2.9540000000e+00 4.3752928579e+02 1.4010868081e+01 6.6507699263e+03
2.9550000000e+00 4.3753176980e+02 1.4179336230e+01 6.6513043929e+03
2.9560000000e+00 4.3753428439e+02 1.4347247710e+01 6.6517848433e+03
2.9570000000e+00 4.3753668385e+02 1.4514416328e+01 6.6521642547e+03
2.9580000000e+00 4.3753891518e+02 1.4680654088e+01 6.6524339369e+03
2.9590000000e+00 4.3754100301e+02 1.4845771682e+01 6.6526264449e+03
2.9600000000e+00 4.3754305214e+02 1.5009578681e+01 6.6528030197e+03
2.9610000000e+00 4.3754522781e+02 1.5171884544e+01 6.6530321408e+03
2.9620000000e+00 4.3754766672e+02 1.5332499417e+01 6.6533649407e+03
2.9630000000e+00 4.3755045421e+02 1.5491233446e+01 6.6538161530e+03
2.9640000000e+00 4.3755358833e+02 1.5647897470e+01 6.6543600105e+03
2.9650000000e+00 4.3755697006e+02 1.5802303274e+01 6.6549396274e+03
2.9660000000e+00 4.3756046448e+02 1.5954261805e+01 6.6554868010e+03
2.9670000000e+00 4.3756392585e+02 1.6103584925e+01 6.6559476742e+03
2.9680000000e+00 4.3756726480e+02 1.6250084408e+01 6.6563016265e+03
2.9690000000e+00 4.3757048658e+02 1.6393572162e+01 6.6565678363e+03
2.9700000000e+00 4.3757366354e+02 1.6533861464e+01 6.6567992133e+03
2.9710000000e+00 4.3757694453e+02 1.6670767418e+01 6.6570627016e+03
2.9720000000e+00 4.3758047746e+02 1.6804107036e+01 6.6574147944e+03
2.9730000000e+00 4.3758435252e+02 1.6933701000e+01 6.6578821404e+03
2.9740000000e+00 4.3758860482e+02 1.7059373081e+01 6.6584517431e+03
2.9750000000e+00 4.3759315706e+02 1.7180950409e+01 6.6590756694e+03
2.9760000000e+00 4.3759787647e+02 1.7298263601e+01 6.6596889719e+03
2.9770000000e+00 4.3760263033e+02 1.7411146007e+01 6.6602329632e+03
2.9780000000e+00 4.3760729525e+02 1.7519433805e+01 6.6606759710e+03
2.9790000000e+00 4.3761184573e+02 1.7622965551e+01 6.6610248345e+03
2.9800000000e+00 4.3761633901e+02 1.7721583354e+01 6.6613223962e+03
2.9810000000e+00 4.3762088444e+02 1.7815132620e+01 6.6616313553e+03
2.9820000000e+00 4.3762563522e+02 1.7903463494e+01 6.6620119856e+03
2.9830000000e+00 4.3763069940e+02 1.7986431857e+01 6.6625008756e+03
2.9840000000e+00 4.3763611673e+02 1.8063899596e+01 6.6630971276e+03
2.9850000000e+00 4.3764184938e+02 1.8135734869e+01 6.6637634716e+03
2.9860000000e+00 4.3764777480e+02 1.8201812864e+01 6.6644401888e+03
2.9870000000e+00 4.3765375133e+02 1.8262013820e+01 6.6650657417e+03
2.9880000000e+00 4.3765965374e+02 1.8316223461e+01 6.6655996442e+03
2.9890000000e+00 4.3766541598e+02 1.8364332794e+01 6.6660369891e+03
2.9900000000e+00 4.3767106817e+02 1.8406237020e+01 6.6664091075e+03
2.9910000000e+00 4.3767669967e+02 1.8441837380e+01 6.6667729490e+03
2.9920000000e+00 4.3768244377e+02 1.8471041660e+01 6.6671904084e+03
2.9930000000e+00 4.3768842617e+02 1.8493765115e+01 6.6677054058e+03
2.9940000000e+00 4.3769469630e+02 1.8509931876e+01 6.6683289976e+03
2.9950000000e+00 4.3770124136e+02 1.8519475608e+01 6.6690354479e+03
2.9960000000e+00 4.3770796390e+02 1.8522338533e+01 6.6697712689e+03
2.9970000000e+00 4.3771471233e+02 1.8518471773e+01 6.6704751076e+03
2.9980000000e+00 4.3772136389e+02 1.8507833750e+01 6.6710997426e+03
2.9990000000e+00 4.3772782453e+02 1.8490389701e+01 6.6716286555e+03
3.0000000000e+00 4.3773408452e+02 1.8466111082e+01 6.6720819864e+03
3.0010000000e+00 4.3774022534e+02 1.8434976421e+01 6.6725092689e+03
3.0020000000e+00 4.3774635310e+02 1.8396971916e+01 6.6729710998e+03
3.0030000000e+00 4.3775259567e+02 1.8352092621e+01 6.6735173812e+03
3.0040000000e+00 4.3775903247e+02 1.8300344409e+01 6.6741699604e+03
3.0050000000e+00 4.3776565680e+02 1.8241743830e+01 6.6749143531e+03
3.0060000000e+00 4.3777240160e+02 1.8176318402e+01 6.6757053032e+03
3.0070000000e+00 4.3777913046e+02 1.8104106250e+01 6.6764838340e+03
3.0080000000e+00 4.3778570289e+02 1.8025154413e+01 6.6771976529e+03
3.0090000000e+00 4.3779201985e+02 1.7939517470e+01 6.6778202354e+03
3.0100000000e+00 4.3779804065e+02 1.7847257974e+01 6.6783606959e+03
3.0110000000e+00 4.3780381801e+02 1.7748444974e+01 6.6788593875e+03
3.0120000000e+00 4.3780945273e+02 1.7643155848e+01 6.6793737543e+03
3.0130000000e+00 4.3781506328e+02 1.7531477584e+01 6.6799579114e+03
3.0140000000e+00 4.3782074990e+02 1.7413507548e+01 6.6806424686e+03
3.0150000000e+00 4.3782653033e+02 1.7289354674e+01 6.6814242450e+03
3.0160000000e+00 4.3783235658e+02 1.7159139879e+01 6.6822677645e+03
3.0170000000e+00 4.3783812051e+02 1.7022994689e+01 6.6831176390e+03
3.0180000000e+00 4.3784367495e+02 1.6881060110e+01 6.6839189935e+03
3.0190000000e+00 4.3784891417e+02 1.6733485550e+01 6.6846372627e+03
3.0200000000e+00 4.3785378439e+02 1.6580426913e+01 6.6852701108e+03
3.0210000000e+00 4.3785830138e+02 1.6422046787e+01 6.6858482668e+03
3.0220000000e+00 4.3786256559e+02 1.6258514831e+01 6.6864244857e+03
3.0230000000e+00 4.3786669102e+02 1.6090009015e+01 6.6870542157e+03
3.0240000000e+00 4.3787078136e+02 1.5916716414e+01 6.6877756458e+03
3.0250000000e+00 4.3787489706e+02 1.5738835207e+01 6.6885965210e+03
3.0260000000e+00 4.3787900569e+02 1.5556574056e+01 6.6894912357e+03
3.0270000000e+00 4.3788302265e+02 1.5370151584e+01 6.6904100727e+03
3.0280000000e+00 4.3788682408e+02 1.5179795396e+01 6.6912978506e+03
3.0290000000e+00 4.3789028618e+02 1.4985739901e+01 6.6921132412e+03
3.0300000000e+00 4.3789334969e+02 1.4788224706e+01 6.6928434231e+03
3.0310000000e+00 4.3789601352e+02 1.4587494588e+01 6.6935092512e+03
3.0320000000e+00 4.3789835476e+02 1.4383799071e+01 6.6941568322e+03
3.0330000000e+00 4.3790049469e+02 1.4177393096e+01 6.6948409317e+03
3.0340000000e+00 4.3790254271e+02 1.3968539282e+01 6.6956058942e+03
3.0350000000e+00 4.3790458313e+02 1.3757507787e+01 6.6964690270e+03
3.0360000000e+00 4.3790661827e+02 1.3544577114e+01 6.6974148500e+03
3.0370000000e+00 4.3790858261e+02 1.3330033610e+01 6.6984012558e+03
3.0380000000e+00 4.3791037665e+02 1.3114169918e+01 6.6993741933e+03
3.0390000000e+00 4.3791187612e+02 1.2897282803e+01 6.7002874299e+03
3.0400000000e+00 4.3791300810e+02 1.2679672425e+01 6.7011193287e+03
3.0410000000e+00 4.3791376544e+02 1.2461640518e+01 6.7018800992e+03
3.0420000000e+00 4.3791419835e+02 1.2243490443e+01 6.7026080545e+03
3.0430000000e+00 4.3791442666e+02 1.2025528190e+01 6.7033558975e+03
3.0440000000e+00 4.3791457334e+02 1.1808063053e+01 6.7041715331e+03
3.0450000000e+00 4.3791472774e+02 1.1591408412e+01 6.7050807962e+03
3.0460000000e+00 4.3791493312e+02 1.1375882404e+01 6.7060786563e+03
3.0470000000e+00 4.3791514805e+02 1.1161807281e+01 6.7071310849e+03
3.0480000000e+00 4.3791528222e+02 1.0949507502e+01 6.7081871593e+03
3.0490000000e+00 4.3791523290e+02 1.0739309098e+01 6.7091979775e+03
3.0500000000e+00 4.3791490806e+02 1.0531537257e+01 6.7101339758e+03
3.0510000000e+00 4.3791428430e+02 1.0326515347e+01 6.7109950618e+03
3.0520000000e+00 4.3791340313e+02 1.0124564887e+01 6.7118111557e+03
3.0530000000e+00 4.3791236011e+02 9.9260058822e+00 6.7126308637e+03
3.0540000000e+00 4.3791128629e+02 9.7311569424e+00 6.7135036435e+03
3.0550000000e+00 4.3791028327e+02 9.5403369026e+00 6.7144627747e+03
3.0560000000e+00 4.3790941042e+02 9.3538643629e+00 6.7155129649e+03
3.0570000000e+00 4.3790865843e+02 9.1720570728e+00 6.7166287543e+03
3.0580000000e+00 4.3790794751e+02 8.9952313822e+00 6.7177644331e+03
3.0590000000e+00 4.3790718442e+02 8.8237003251e+00 6.7188700253e+03
3.0600000000e+00 4.3790627153e+02 8.6577720920e+00 6.7199093040e+03
3.0610000000e+00 4.3790515974e+02 8.4977493798e+00 6.7208730789e+03
3.0620000000e+00 4.3790387781e+02 8.3439290367e+00 6.7217819353e+03
3.0630000000e+00 4.3790249681e+02 8.1966016154e+00 6.7226786915e+03
3.0640000000e+00 4.3790113710e+02 8.0560528254e+00 6.7236131004e+03
3.0650000000e+00 4.3789991475e+02 7.9225632903e+00 6.7246237843e+03
3.0660000000e+00 4.3789889130e+02 7.7964086949e+00 6.7257243050e+03
3.0670000000e+00 4.3789808164e+02 7.6778593969e+00 6.7268986588e+03
3.0680000000e+00 4.3789742661e+02 7.5671795401e+00 6.7281071937e+03
3.0690000000e+00 4.3789682474e+02 7.4646252007e+00 6.7293006418e+03
3.0700000000e+00 4.3789618247e+02 7.3704438932e+00 6.7304381913e+03
3.0710000000e+00 4.3789542826e+02 7.2848736295e+00 6.7315020837e+03
3.0720000000e+00 4.3789455740e+02 7.2081421911e+00 6.7325033453e+03
3.0730000000e+00 4.3789362949e+02 7.1404679202e+00 6.7334781439e+03
3.0740000000e+00 4.3789273980e+02 7.0820598153e+00 6.7344745374e+03
3.0750000000e+00 4.3789200153e+02 7.0331175419e+00 6.7355346373e+03
3.0760000000e+00 4.3789149041e+02 6.9938316232e+00 6.7366801295e+03
3.0770000000e+00 4.3789122581e+02 6.9643830981e+00 6.7379043541e+03
3.0780000000e+00 4.3789116888e+02 6.9449417643e+00 6.7391744641e+03
3.0790000000e+00 4.3789122130e+02 6.9356661636e+00 6.7404439636e+03
3.0800000000e+00 4.3789127980e+02 6.9367021312e+00 6.7416691117e+03
3.0810000000e+00 4.3789126151e+02 6.9481823470e+00 6.7428243518e+03
3.0820000000e+00 4.3789112748e+02 6.9702265274e+00 6.7439118159e+03
3.0830000000e+00 4.3789091651e+02 7.0029417452e+00 6.7449600263e+03
3.0840000000e+00 4.3789070480e+02 7.0464224034e+00 6.7460133560e+03
3.0850000000e+00 4.3789058909e+02 7.1007508673e+00 6.7471162432e+03
3.0860000000e+00 4.3789066003e+02 7.1659971865e+00 6.7482970321e+03
3.0870000000e+00 4.3789094113e+02 7.2422181669e+00 6.7495577495e+03
3.0880000000e+00 4.3789140603e+02 7.3294569316e+00 6.7508736320e+03
3.0890000000e+00 4.3789197523e+02 7.4277419066e+00 6.7522021866e+03
3.0900000000e+00 4.3789253131e+02 7.5370862781e+00 6.7534982475e+03
3.0910000000e+00 4.3789298453e+02 7.6574876762e+00 6.7547302868e+03
3.0920000000e+00 4.3789327808e+02 7.7889290749e+00 6.7558917975e+03
3.0930000000e+00 4.3789341582e+02 7.9313784856e+00 6.7570029535e+03
3.0940000000e+00 4.3789346488e+02 8.0847901003e+00 6.7581034293e+03
3.0950000000e+00 4.3789351023e+02 8.2491045054e+00 6.7592381674e+03
3.0960000000e+00 4.3789364054e+02 8.4242481430e+00 6.7604405874e+03
3.0970000000e+00 4.3789390191e+02 8.6101330195e+00 6.7617210544e+03
3.0980000000e+00 4.3789427857e+02 8.8066562526e+00 6.7630632950e+03
3.0990000000e+00 4.3789470750e+02 9.0136987439e+00 6.7644298237e+03
3.1000000000e+00 4.3789508194e+02 9.2311254603e+00 6.7657759857e+03
3.1010000000e+00 4.3789530075e+02 9.4587856355e+00 6.7670658817e+03
3.1020000000e+00 4.3789530035e+02 9.6965127786e+00 6.7682847568e+03
3.1030000000e+00 4.3789506304e+02 9.9441263067e+00 6.7694445540e+03
3.1040000000e+00 4.3789463996e+02 1.0201431761e+01 6.7705792588e+03
3.1050000000e+00 4.3789411651e+02 1.0468221375e+01 6.7717322625e+03
3.1060000000e+00 4.3789357782e+02 1.0744274030e+01 6.7729409773e+03
3.1070000000e+00 4.3789309421e+02 1.1029354994e+01 6.7742232949e+03
3.1080000000e+00 4.3789267249e+02 1.1323215052e+01 6.7755710711e+03
3.1090000000e+00 4.3789226444e+02 1.1625590392e+01 6.7769533000e+03
3.1100000000e+00 4.3789179096e+02 1.1936202309e+01 6.7783273761e+03
3.1110000000e+00 4.3789114837e+02 1.2254757845e+01 6.7796542267e+03
3.1120000000e+00 4.3789026788e+02 1.2580950330e+01 6.7809122889e+03
3.1130000000e+00 4.3788913104e+02 1.2914460798e+01 6.7821053089e+03
3.1140000000e+00 4.3788776794e+02 1.3254958799e+01 6.7832604768e+03
3.1150000000e+00 4.3788626707e+02 1.3602102723e+01 6.7844185064e+03
3.1160000000e+00 4.3788472452e+02 1.3955540776e+01 6.7856192224e+03
3.1170000000e+00 4.3788322070e+02 1.4314910038e+01 6.7868867476e+03
3.1180000000e+00 4.3788179762e+02 1.4679836518e+01 6.7882210617e+03
3.1190000000e+00 4.3788043160e+02 1.5049935133e+01 6.7895984213e+03
3.1200000000e+00 4.3787906328e+02 1.5424809377e+01 6.7909794304e+03
3.1210000000e+00 4.3787760866e+02 1.5804051978e+01 6.7923235482e+03
3.1220000000e+00 4.3787599522e+02 1.6187246333e+01 6.7936037715e+03
3.1230000000e+00 4.3787420265e+02 1.6573966690e+01 6.7948157102e+03
3.1240000000e+00 4.3787225484e+02 1.6963780083e+01 6.7959793378e+03
3.1250000000e+00 4.3787023292e+02 1.7356246802e+01 6.7971316619e+03
3.1260000000e+00 4.3786824593e+02 1.7750920670e+01 6.7983129576e+03
3.1270000000e+00 4.3786638566e+02 1.8147349670e+01 6.7995525295e+03
3.1280000000e+00 4.3786471994e+02 1.8545075501e+01 6.8008582182e+03
3.1290000000e+00 4.3786325792e+02 1.8943633816e+01 6.8022134868e+03
3.1300000000e+00 4.3786195494e+02 1.9342554413e+01 6.8035836005e+03
3.1310000000e+00 4.3786074955e+02 1.9741361774e+01 6.8049282322e+03
3.1320000000e+00 4.3785957258e+02 2.0139575924e+01 6.8062158030e+03
3.1330000000e+00 4.3785839098e+02 2.0536713492e+01 6.8074347073e+03
3.1340000000e+00 4.3785722997e+02 2.0932288547e+01 6.8085975137e+03
3.1350000000e+00 4.3785615526e+02 2.1325814024e+01 6.8097360963e+03
3.1360000000e+00 4.3785527391e+02 2.1716801619e+01 6.8108899398e+03
3.1370000000e+00 4.3785469478e+02 2.2104763009e+01 6.8120922237e+03
3.1380000000e+00 4.3785449236e+02 2.2489209796e+01 6.8133576303e+03
3.1390000000e+00 4.3785470195e+02 2.2869653535e+01 6.8146770842e+03
3.1400000000e+00 4.3785529908e+02 2.3245606757e+01 6.8160215404e+03
3.1410000000e+00 4.3785622575e+02 2.3616582883e+01 6.8173520776e+03
3.1420000000e+00 4.3785741987e+02 2.3982096931e+01 6.8186339453e+03
3.1430000000e+00 4.3785883340e+02 2.4341666758e+01 6.8198493420e+03
3.1440000000e+00 4.3786047370e+02 2.4694813278e+01 6.8210031893e+03
3.1450000000e+00 4.3786239283e+02 2.5041061483e+01 6.8221213625e+03
3.1460000000e+00 4.3786467907e+02 2.5379941635e+01 6.8232414588e+03
3.1470000000e+00 4.3786744177e+02 2.5710989085e+01 6.8243987981e+03
3.1480000000e+00 4.3787075779e+02 2.6033745837e+01 6.8256139268e+03
3.1490000000e+00 4.3787466840e+02 2.6347760557e+01 6.8268853891e+03
3.1500000000e+00 4.3787916427e+02 2.6652589258e+01 6.8281901154e+03
3.1510000000e+00 4.3788418266e+02 2.6947795881e+01 6.8294919041e+03
3.1520000000e+00 4.3788965581e+02 2.7232952482e+01 6.8307545224e+03
3.1530000000e+00 4.3789552117e+02 2.7507639787e+01 6.8319545657e+03
3.1540000000e+00 4.3790175092e+02 2.7771447582e+01 6.8330896840e+03
3.1550000000e+00 4.3790837563e+02 2.8023975135e+01 6.8341793959e+03
3.1560000000e+00 4.3791545712e+02 2.8264832198e+01 6.8352578271e+03
3.1570000000e+00 4.3792308034e+02 2.8493639545e+01 6.8363611510e+03
3.1580000000e+00 4.3793132258e+02 2.8710030009e+01 6.8375148159e+03
3.1590000000e+00 4.3794021607e+02 2.8913649782e+01 6.8387242974e+03
3.1600000000e+00 4.3794974937e+02 2.9104158335e+01 6.8399729950e+03
3.1610000000e+00 4.3795986145e+02 2.9281229738e+01 6.8412286512e+03
3.1620000000e+00 4.3797046220e+02 2.9444552332e+01 6.8424547370e+03
3.1630000000e+00 4.3798146997e+02 2.9593828586e+01 6.8436233692e+03
3.1640000000e+00 4.3799282546e+02 2.9728775439e+01 6.8447256101e+03
3.1650000000e+00 4.3800451849e+02 2.9849124144e+01 6.8457741693e+03
3.1660000000e+00 4.3801658388e+02 2.9954620554e+01 6.8467985805e+03
3.1670000000e+00 4.3802907535e+02 3.0045026636e+01 6.8478347783e+03
3.1680000000e+00 4.3804205443e+02 3.0120121021e+01 6.8489117425e+03
3.1690000000e+00 4.3805554683e+02 3.0179700456e+01 6.8500411111e+03
3.1700000000e+00 4.3806953018e+02 3.0223581017e+01 6.8512132624e+03
3.1710000000e+00 4.3808394300e+02 3.0251598067e+01 6.8524005597e+03
3.1720000000e+00 4.3809867878e+02 3.0263606695e+01 6.8535673716e+03
3.1730000000e+00 4.3811363199e+02 3.0259480842e+01 6.8546829411e+03
3.1740000000e+00 4.3812872044e+02 3.0239112885e+01 6.8557321931e+03
3.1750000000e+00 4.3814389270e+02 3.0202413045e+01 6.8567209452e+03
3.1760000000e+00 4.3815915435e+02 3.0149309580e+01 6.8576736858e+03
3.1770000000e+00 4.3817453704e+02 3.0079749504e+01 6.8586245888e+03
3.1780000000e+00 4.3819007795e+02 2.9993699794e+01 6.8596049359e+03
3.1790000000e+00 4.3820580325e+02 2.9891148626e+01 6.8606319838e+03
3.1800000000e+00 4.3822168883e+02 2.9772106934e+01 6.8617028050e+03
3.1810000000e+00 4.3823766865e+02 2.9636608350e+01 6.8627951036e+03
3.1820000000e+00 4.3825364109e+02 2.9484709324e+01 6.8638755422e+03
3.1830000000e+00 4.3826948476e+02 2.9316488306e+01 6.8649116519e+03
3.1840000000e+00 4.3828509979e+02 2.9132043960e+01 6.8658831049e+03
3.1850000000e+00 4.3830041763e+02 2.8931494784e+01 6.8667892252e+03
3.1860000000e+00 4.3831541599e+02 2.8714978341e+01 6.8676488746e+03
3.1870000000e+00 4.3833011521e+02 2.8482651529e+01 6.8684932631e+03
3.1880000000e+00 4.3834454572e+02 2.8234691908e+01 6.8693549585e+03
3.1890000000e+00 4.3835873474e+02 2.7971299066e+01 6.8702558894e+03
3.1900000000e+00 4.3837267538e+02 2.7692695440e+01 6.8711993572e+03
3.1910000000e+00 4.3838631206e+02 2.7399127402e+01 6.8721691764e+03
3.1920000000e+00 4.3839955934e+02 2.7090864429e+01 6.8731353266e+03
3.1930000000e+00 4.3841230553e+02 2.6768197973e+01 6.8740647085e+03
3.1940000000e+00 4.3842444624e+02 2.6431439800e+01 6.8749331443e+03
3.1950000000e+00 4.3843591582e+02 2.6080920366e+01 6.8757338121e+03
3.1960000000e+00 4.3844668342e+02 2.5716987668e+01 6.8764794907e+03
3.1970000000e+00 4.3845676712e+02 2.5340007188e+01 6.8771978661e+03
3.1980000000e+00 4.3846621266e+02 2.4950362785e+01 6.8779214494e+03
3.1990000000e+00 4.3847505772e+02 2.4548457564e+01 6.8786757115e+03
3.2000000000e+00 4.3848332604e+02 2.4134715332e+01 6.8794699975e+03
3.2010000000e+00 4.3849099693e+02 2.3709581008e+01 6.8802943332e+03
3.2020000000e+00 4.3849800892e+02 2.3273520068e+01 6.8811228501e+03
3.2030000000e+00 4.3850428378e+02 2.2827017085e+01 6.8819232665e+03
3.2040000000e+00 4.3850973481e+02 2.2370574041e+01 6.8826686026e+03
3.2050000000e+00 4.3851430641e+02 2.1904707687e+01 6.8833464751e+03
3.2060000000e+00 4.3851798473e+02 2.1429948468e+01 6.8839636754e+03
3.2070000000e+00 4.3852079610e+02 2.0946839841e+01 6.8845436313e+03
3.2080000000e+00 4.3852280683e+02 2.0455938399e+01 6.8851175601e+03
3.2090000000e+00 4.3852408582e+02 1.9957815008e+01 6.8857135184e+03
3.2100000000e+00 4.3852468916e+02 1.9453055864e+01 6.8863462808e+03
3.2110000000e+00 4.3852464214e+02 1.8942262680e+01 6.8870118912e+03
3.2120000000e+00 4.3852392375e+02 1.8426052322e+01 6.8876894885e+03
3.2130000000e+00 4.3852249201e+02 1.7905055578e+01 6.8883487938e+03
3.2140000000e+00 4.3852029470e+02 1.7379914532e+01 6.8889609232e+03
3.2150000000e+00 4.3851729355e+02 1.6851280691e+01 6.8895089533e+03
3.2160000000e+00 4.3851349562e+02 1.6319813083e+01 6.8899938564e+03
3.2170000000e+00 4.3850894515e+02 1.5786177194e+01 6.8904339919e+03
3.2180000000e+00 4.3850372376e+02 1.5251044922e+01 6.8908585246e+03
3.2190000000e+00 4.3849793505e+02 1.4715095569e+01 6.8912969211e+03
3.2200000000e+00 4.3849166585e+02 1.4179016074e+01 6.8917683267e+03
3.2210000000e+00 4.3848497937e+02 1.3643501729e+01 6.8922748168e+03
3.2220000000e+00 4.3847790125e+02 1.3109255726e+01 6.8928009062e+03
3.2230000000e+00 4.3847041759e+02 1.2576987486e+01 6.8933191144e+03
3.2240000000e+00 4.3846250701e+02 1.2047410841e+01 6.8937999627e+03
3.2250000000e+00 4.3845415210e+02 1.1521241863e+01 6.8942228054e+03
3.2260000000e+00 4.3844536454e+02 1.0999196829e+01 6.8945829853e+03
3.2270000000e+00 4.3843620220e+02 1.0481991154e+01 6.8948935401e+03
3.2280000000e+00 4.3842675308e+02 9.9703393606e+00 6.8951806592e+03
3.2290000000e+00 4.3841713183e+02 9.4649549889e+00 6.8954739376e+03
3.2300000000e+00 4.3840744913e+02 8.9665513689e+00 6.8957959745e+03
3.2310000000e+00 4.3839778714e+02 8.4758417040e+00 6.8961544772e+03
3.2320000000e+00 4.3838819753e+02 7.9935385522e+00 6.8965393478e+03
3.2330000000e+00 4.3837868704e+02 7.5203523408e+00 6.8969267204e+03
3.2340000000e+00 4.3836924270e+02 7.0569899466e+00 6.8972876825e+03
3.2350000000e+00 4.3835985314e+02 6.6041523291e+00 6.8975985460e+03
3.2360000000e+00 4.3835051997e+02 6.1625329173e+00 6.8978495760e+03
3.2370000000e+00 4.3834128845e+02 5.7328168115e+00 6.8980484232e+03
3.2380000000e+00 4.3833223638e+02 5.3156799843e+00 6.8982172330e+03
3.2390000000e+00 4.3832346214e+02 4.9117894492e+00 6.8983847585e+03
3.2400000000e+00 4.3831507449e+02 4.5218035976e+00 6.8985760643e+03
3.2410000000e+00 4.3830715435e+02 4.1463718103e+00 6.8988035573e+03
3.2420000000e+00 4.3829974824e+02 3.7861337252e+00 6.8990626616e+03
3.2430000000e+00 4.3829286645e+02 3.4417183858e+00 6.8993337191e+03
3.2440000000e+00 4.3828648188e+02 3.1137420738e+00 6.8995891102e+03
3.2450000000e+00 4.3828056233e+02 2.8028069601e+00 6.8998032101e+03
3.2460000000e+00 4.3827508661e+02 2.5094996802e+00 6.8999618073e+03
3.2470000000e+00 4.3827005852e+02 2.2343903456e+00 6.9000670203e+03
3.2480000000e+00 4.3826552174e+02 1.9780320454e+00 6.9001364352e+03
3.2490000000e+00 4.3826154142e+02 1.7409609561e+00 6.9001969670e+03
3.2500000000e+00 4.3825819115e+02 1.5236958905e+00 6.9002749388e+03
3.2510000000e+00 4.3825553218e+02 1.3267378722e+00 6.9003866954e+03
3.2520000000e+00 4.3825358711e+02 1.1505693964e+00 6.9005330397e+03
3.2530000000e+00 4.3825234302e+02 9.9565289527e-01 6.9006987915e+03
3.2540000000e+00 4.3825174968e+02 8.6242934840e-01 6.9008584603e+03
3.2550000000e+00 4.3825173644e+02 7.5131698192e-01 6.9009856134e+03
3.2560000000e+00 4.3825224299e+02 6.6271027695e-01 6.9010621380e+03
3.2570000000e+00 4.3825322482e+02 5.9697916134e-01 6.9010848377e+03
3.2580000000e+00 4.3825467295e+02 5.5446919918e-01 6.9010665431e+03
3.2590000000e+00 4.3825660970e+02 5.3550107741e-01 6.9010312537e+03
3.2600000000e+00 4.3825906280e+02 5.4037041553e-01 6.9010055511e+03
3.2610000000e+00 4.3826206005e+02 5.6934713704e-01 6.9010090511e+03
3.2620000000e+00 4.3826559836e+02 6.2267432347e-01 6.9010473405e+03
3.2630000000e+00 4.3826963312e+02 7.0056678140e-01 6.9011100517e+03
3.2640000000e+00 4.3827409113e+02 8.0320999738e-01 6.9011747239e+03
3.2650000000e+00 4.3827886926e+02 9.3075900743e-01 6.9012149073e+03
3.2660000000e+00 4.3828386538e+02 1.0833378556e+00 6.9012095722e+03
3.2670000000e+00 4.3828899854e+02 1.2610397768e+00 6.9011507459e+03
3.2680000000e+00 4.3829421290e+02 1.4639272419e+00 6.9010462183e+03
3.2690000000e+00 4.3829948986e+02 1.6920321462e+00 6.9009164984e+03
3.2700000000e+00 4.3830482861e+02 1.9453556954e+00 6.9007875705e+03
3.2710000000e+00 4.3831022767e+02 2.2238678590e+00 6.9006813819e+03
3.2720000000e+00 4.3831567070e+02 2.5275060365e+00 6.9006078730e+03
3.2730000000e+00 4.3832110420e+02 2.8561743520e+00 6.9005617071e+03
3.2740000000e+00 4.3832644285e+02 3.2097423463e+00 6.9005240657e+03
3.2750000000e+00 4.3833157801e+02 3.5880445867e+00 6.9004694421e+03
3.2760000000e+00 4.3833639156e+02 3.9908809791e+00 6.9003750270e+03
3.2770000000e+00 4.3834078603e+02 4.4180172657e+00 6.9002286498e+03
3.2780000000e+00 4.3834469139e+02 4.8691859562e+00 6.9000331035e+03
3.2790000000e+00 4.3834807147e+02 5.3440872423e+00 6.8998051699e+03
3.2800000000e+00 4.3835092313e+02 5.8423891274e+00 6.8995693284e+03
3.2810000000e+00 4.3835324717e+02 6.3637272803e+00 6.8993489767e+03
3.2820000000e+00 4.3835503850e+02 6.9077044297e+00 6.8991580964e+03
3.2830000000e+00 4.3835626948e+02 7.4738893723e+00 6.8989962127e+03
3.2840000000e+00 4.3835687517e+02 8.0618167442e+00 6.8988486810e+03
3.2850000000e+00 4.3835677384e+02 8.6709867915e+00 6.8986920751e+03
3.2860000000e+00 4.3835587297e+02 9.3008664830e+00 6.8985026698e+03
3.2870000000e+00 4.3835408983e+02 9.9508906667e+00 6.8982649109e+03
3.2880000000e+00 4.3835137788e+02 1.0620463736e+01 6.8979770475e+03
3.2890000000e+00 4.3834772157e+02 1.1308961202e+01 6.8976517422e+03
3.2900000000e+00 4.3834314169e+02 1.2015730450e+01 6.8973113262e+03
3.2910000000e+00 4.3833768011e+02 1.2740091108e+01 6.8969799283e+03
3.2920000000e+00 4.3833137364e+02 1.3481335077e+01 6.8966748515e+03
3.2930000000e+00 4.3832424741e+02 1.4238725828e+01 6.8964002970e+03
3.2940000000e+00 4.3831629705e+02 1.5011498671e+01 6.8961462323e+03
3.2950000000e+00 4.3830749423e+02 1.5798861271e+01 6.8958920755e+03
3.2960000000e+00 4.3829780375e+02 1.6599994539e+01 6.8956141099e+03
3.2970000000e+00 4.3828719340e+02 1.7414055024e+01 6.8952943372e+03
3.2980000000e+00 4.3827566147e+02 1.8240176477e+01 6.8949268650e+03
3.2990000000e+00 4.3826324244e+02 1.9077471968e+01 6.8945200012e+03
3.3000000000e+00 4.3825000374e+02 1.9925035388e+01 6.8940934735e+03
3.3010000000e+00 4.3823604339e+02 2.0781941972e+01 6.8936712637e+03
3.3020000000e+00 4.3822146197e+02 2.1647248739e+01 6.8932731015e+03
3.3030000000e+00 4.3820634875e+02 2.2519994640e+01 6.8929076450e+03
3.3040000000e+00 4.3819077391e+02 2.3399200483e+01 6.8925695041e+03
3.3050000000e+00 4.3817477690e+02 2.4283870122e+01 6.8922414103e+03
3.3060000000e+00 4.3815838536e+02 2.5172991479e+01 6.8919006892e+03
3.3070000000e+00 4.3814162980e+02 2.6065538449e+01 6.8915275821e+03
3.3080000000e+00 4.3812455520e+02 2.6960473267e+01 6.8911124407e+03
3.3090000000e+00 4.3810724450e+02 2.7856747965e+01 6.8906593239e+03
3.3100000000e+00 4.3808981315e+02 2.8753306379e+01 6.8901846803e+03
3.3110000000e+00 4.3807240124e+02 2.9649084934e+01 6.8897114275e+03
3.3120000000e+00 4.3805516414e+02 3.0543013087e+01 6.8892609269e+03
3.3130000000e+00 4.3803824350e+02 3.1434014025e+01 6.8888455809e+03
3.3140000000e+00 4.3802176063e+02 3.2321004831e+01 6.8884644409e+03
3.3150000000e+00 4.3800581004e+02 3.3202897269e+01 6.8881039452e+03
3.3160000000e+00 4.3799045984e+02 3.4078599418e+01 6.8877430867e+03
3.3170000000e+00 4.3797577563e+02 3.4947016629e+01 6.8873609872e+03
3.3180000000e+00 4.3796182909e+02 3.5807053845e+01 6.8869447606e+03
3.3190000000e+00 4.3794871631e+02 3.6657617056e+01 6.8864942308e+03
3.3200000000e+00 4.3793656657e+02 3.7497614438e+01 6.8860219463e+03
3.3210000000e+00 4.3792552792e+02 3.8325957971e+01 6.8855489561e+03
3.3220000000e+00 4.3791576369e+02 3.9141563658e+01 6.8850972822e+03
3.3230000000e+00 4.3790742790e+02 3.9943352475e+01 6.8846821043e+03
3.3240000000e+00 4.3790064722e+02 4.0730251238e+01 6.8843066367e+03
3.3250000000e+00 4.3789552204e+02 4.1501193176e+01 6.8839611246e+03
3.3260000000e+00 4.3789211786e+02 4.2255119447e+01 6.8836265489e+03
3.3270000000e+00 4.3789048281e+02 4.2990980398e+01 6.8832816945e+03
3.3280000000e+00 4.3789066712e+02 4.3707736618e+01 6.8829108903e+03
3.3290000000e+00 4.3789272930e+02 4.4404360777e+01 6.8825096868e+03
3.3300000000e+00 4.3789675391e+02 4.5079838250e+01 6.8820864916e+03
3.3310000000e+00 4.3790284614e+02 4.5733168488e+01 6.8816596220e+03
3.3320000000e+00 4.3791111655e+02 4.6363366191e+01 6.8812506756e+03
3.3330000000e+00 4.3792167223e+02 4.6969462098e+01 6.8808768326e+03
3.3340000000e+00 4.3793459285e+02 4.7550504700e+01 6.8805448800e+03
3.3350000000e+00 4.3794992193e+02 4.8105561399e+01 6.8802487518e+03
3.3360000000e+00 4.3796767020e+02 4.8633719770e+01 6.8799718634e+03
3.3370000000e+00 4.3798781706e+02 4.9134089181e+01 6.8796932614e+03
3.3380000000e+00 4.3801033288e+02 4.9605801537e+01 6.8793949978e+03
3.3390000000e+00 4.3803519263e+02 5.0048012302e+01 6.8790686498e+03
3.3400000000e+00 4.3806238363e+02 5.0459901768e+01 6.8787183320e+03
3.3410000000e+00 4.3809191502e+02 5.0840675563e+01 6.8783589265e+03
3.3420000000e+00 4.3812380105e+02 5.1189566629e+01 6.8780107713e+03
3.3430000000e+00 4.3815805092e+02 5.1505836657e+01 6.8776922690e+03
3.3440000000e+00 4.3819465417e+02 5.1788777971e+01 6.8774130927e+03
3.3450000000e+00 4.3823355999e+02 5.2037715853e+01 6.8771708144e+03
3.3460000000e+00 4.3827468428e+02 5.2252009950e+01 6.8769517166e+03
3.3470000000e+00 4.3831790962e+02 5.2431055741e+01 6.8767356177e+03
3.3480000000e+00 4.3836309767e+02 5.2574285524e+01 6.8765031016e+03
3.3490000000e+00 4.3841011458e+02 5.2681168682e+01 6.8762423263e+03
3.3500000000e+00 4.3845883357e+02 5.2751212503e+01 6.8759530598e+03
3.3510000000e+00 4.3850914606e+02 5.2783962909e+01 6.8756465321e+03
3.3520000000e+00 4.3856095917e+02 5.2779005729e+01 6.8753412029e+03
3.3530000000e+00 4.3861417514e+02 5.2735969015e+01 6.8750558800e+03
3.3540000000e+00 4.3866868455e+02 5.2654524953e+01 6.8748027429e+03
3.3550000000e+00 4.3872434867e+02 5.2534392553e+01 6.8745829193e+03
3.3560000000e+00 4.3878099177e+02 5.2375339427e+01 6.8743858675e+03
3.3570000000e+00 4.3883841152e+02 5.2177182819e+01 6.8741929970e+03
3.3580000000e+00 4.3889638427e+02 5.1939790207e+01 6.8739843138e+03
3.3590000000e+00 4.3895468514e+02 5.1663078933e+01 6.8737452539e+03
3.3600000000e+00 4.3901310418e+02 5.1347015756e+01 6.8734716702e+03
3.3610000000e+00 4.3907144931e+02 5.0991617134e+01 6.8731711588e+03
3.3620000000e+00 4.3912955189e+02 5.0596949640e+01 6.8728598735e+03
3.3630000000e+00 4.3918725286e+02 5.0163131543e+01 6.8725565130e+03
3.3640000000e+00 4.3924438785e+02 4.9690335007e+01 6.8722754548e+03
3.3650000000e+00 4.3930077901e+02 4.9178787809e+01 6.8720212523e+03
3.3660000000e+00 4.3935621964e+02 4.8628775101e+01 6.8717869370e+03
3.3670000000e+00 4.3941048059e+02 4.8040639781e+01 6.8715564089e+03
3.3680000000e+00 4.3946332117e+02 4.7414781914e+01 6.8713099679e+03
3.3690000000e+00 4.3951449761e+02 4.6751657261e+01 6.8710312843e+03
3.3700000000e+00 4.3956378799e+02 4.6051775590e+01 6.8707130445e+03
3.3710000000e+00 4.3961099732e+02 4.5315699138e+01 6.8703593017e+03
3.3720000000e+00 4.3965595790e+02 4.4544042028e+01 6.8699837986e+03
3.3730000000e+00 4.3969853069e+02 4.3737470565e+01 6.8696048259e+03
3.3740000000e+00 4.3973858280e+02 4.2896704307e+01 6.8692384816e+03
3.3750000000e+00 4.3977597894e+02 4.2022517121e+01 6.8688927279e+03
3.3760000000e+00 4.3981057347e+02 4.1115737952e+01 6.8685645325e+03
3.3770000000e+00 4.3984220127e+02 4.0177250370e+01 6.8682409075e+03
3.3780000000e+00 4.3987069361e+02 3.9207990756e+01 6.8679034670e+03
3.3790000000e+00 4.3989588664e+02 3.8208945840e+01 6.8675351156e+03
3.3800000000e+00 4.3991763657e+02 3.7181149357e+01 6.8671260551e+03
3.3810000000e+00 4.3993583709e+02 3.6125679253e+01 6.8666771594e+03
3.3820000000e+00 4.3995041673e+02 3.5043655681e+01 6.8661997264e+03
3.3830000000e+00 4.3996133995e+02 3.3936240117e+01 6.8657112421e+03
3.3840000000e+00 4.3996859458e+02 3.2804635194e+01 6.8652290765e+03
3.3850000000e+00 4.3997217396e+02 3.1650085219e+01 6.8647644162e+03
3.3860000000e+00 4.3997207191e+02 3.0473876037e+01 6.8643182176e+03
3.3870000000e+00 4.3996827217e+02 2.9277333958e+01 6.8638810422e+03
3.3880000000e+00 4.3996075381e+02 2.8061823632e+01 6.8634366843e+03
3.3890000000e+00 4.3994950635e+02 2.6828744781e+01 6.8629680468e+03
3.3900000000e+00 4.3993453714e+02 2.5579528270e+01 6.8624634669e+03
3.3910000000e+00 4.3991588979e+02 2.4315632755e+01 6.8619210580e+03
3.3920000000e+00 4.3989364994e+02 2.3038542035e+01 6.8613494480e+03
3.3930000000e+00 4.3986793763e+02 2.1749763243e+01 6.8607648343e+03
3.3940000000e+00 4.3983890500e+02 2.0450826754e+01 6.8601853480e+03
3.3950000000e+00 4.3980671698e+02 1.9143285952e+01 6.8596247597e+03
3.3960000000e+00 4.3977153702e+02 1.7828717046e+01 6.8590877843e+03
3.3970000000e+00 4.3973352569e+02 1.6508718356e+01 6.8585687372e+03
3.3980000000e+00 4.3969283314e+02 1.5184908164e+01 6.8580539361e+03
3.3990000000e+00 4.3964961190e+02 1.3858921690e+01 6.8575268748e+03
3.4000000000e+00 4.3960403064e+02 1.2532407938e+01 6.8569745431e+03
3.4010000000e+00 4.3955628078e+02 1.1207026183e+01 6.8563923937e+03
3.4020000000e+00 4.3950659132e+02 9.8844436474e+00 6.8557861431e+03
3.4030000000e+00 4.3945522335e+02 8.5663340858e+00 6.8551701123e+03
3.4040000000e+00 4.3940246183e+02 7.2543772878e+00 6.8545623312e+03
3.4050000000e+00 4.3934860615e+02 5.9502592623e+00 6.8539783080e+03
3.4060000000e+00 4.3929394862e+02 4.6556721073e+00 6.8534259701e+03
3.4070000000e+00 4.3923877020e+02 3.3723136675e+00 6.8529031335e+03
3.4080000000e+00 4.3918333534e+02 2.1018857993e+00 6.8523986724e+03
3.4090000000e+00 4.3912789391e+02 8.4609219375e-01 6.8518970346e+03
3.4100000000e+00 4.3907269868e+02 -3.9336421430e-01 6.8513841094e+03
3.4110000000e+00 4.3901801063e+02 -1.6147840927e+00 6.8508526403e+03
3.4120000000e+00 4.3896411004e+02 -2.8164736109e+00 6.8503051892e+03
3.4130000000e+00 4.3891130118e+02 -3.9967454457e+00 6.8497534288e+03
3.4140000000e+00 4.3885989877e+02 -5.1539196942e+00 6.8492142379e+03
3.4150000000e+00 4.3881022149e+02 -6.2863236022e+00 6.8487039445e+03
3.4160000000e+00 4.3876257567e+02 -7.3922918781e+00 6.8482327612e+03
3.4170000000e+00 4.3871723909e+02 -8.4701677581e+00 6.8478014339e+03
3.4180000000e+00 4.3867446219e+02 -9.5183041262e+00 6.8474013154e+03
3.4190000000e+00 4.3863446529e+02 -1.0535065912e+01 6.8470178145e+03
3.4200000000e+00 4.3859744778e+02 -1.1518832626e+01 6.8466358490e+03
3.4210000000e+00 4.3856360409e+02 -1.2468000579e+01 6.8462455090e+03
3.4220000000e+00 4.3853312733e+02 -1.3380985024e+01 6.8458458215e+03
3.4230000000e+00 4.3850621733e+02 -1.4256221728e+01 6.8454451162e+03
3.4240000000e+00 4.3848307672e+02 -1.5092167914e+01 6.8450581971e+03
3.4250000000e+00 4.3846389633e+02 -1.5887303570e+01 6.8447011364e+03
3.4260000000e+00 4.3844884717e+02 -1.6640132660e+01 6.8443854816e+03
3.4270000000e+00 4.3843806307e+02 -1.7349185176e+01 6.8441143183e+03
3.4280000000e+00 4.3843163464e+02 -1.8013019559e+01 6.8438812403e+03
3.4290000000e+00 4.3842961298e+02 -1.8630225666e+01 6.8436726329e+03
3.4300000000e+00 4.3843201099e+02 -1.9199427918e+01 6.8434727070e+03
3.4310000000e+00 4.3843882102e+02 -1.9719287984e+01 6.8432690790e+03
3.4320000000e+00 4.3845002376e+02 -2.0188507523e+01 6.8430570794e+03
3.4330000000e+00 4.3846559188e+02 -2.0605830414e+01 6.8428413613e+03
3.4340000000e+00 4.3848549662e+02 -2.0970044790e+01 6.8426339786e+03
3.4350000000e+00 4.3850969317e+02 -2.1279985674e+01 6.8424498486e+03
3.4360000000e+00 4.3853811190e+02 -2.1534537806e+01 6.8423012194e+03
3.4370000000e+00 4.3857064929e+02 -2.1732638889e+01 6.8421930490e+03
3.4380000000e+00 4.3860715341e+02 -2.1873283759e+01 6.8421210209e+03
3.4390000000e+00 4.3864742986e+02 -2.1955528017e+01 6.8420728733e+03
3.4400000000e+00 4.3869124599e+02 -2.1978491809e+01 6.8420325772e+03
3.4410000000e+00 4.3873834004e+02 -2.1941363117e+01 6.8419857519e+03
3.4420000000e+00 4.3878843976e+02 -2.1843400351e+01 6.8419244629e+03
3.4430000000e+00 4.3884126688e+02 -2.1683934795e+01 6.8418497174e+03
3.4440000000e+00 4.3889654209e+02 -2.1462373105e+01 6.8417705787e+03
3.4450000000e+00 4.3895398349e+02 -2.1178200066e+01 6.8417004741e+03
3.4460000000e+00 4.3901329308e+02 -2.0830981908e+01 6.8416519833e+03
3.4470000000e+00 4.3907415027e+02 -2.0420370203e+01 6.8416317837e+03
3.4480000000e+00 4.3913620298e+02 -1.9946105714e+01 6.8416378933e+03
3.4490000000e+00 4.3919906408e+02 -1.9408022067e+01 6.8416600122e+03
3.4500000000e+00 4.3926232162e+02 -1.8806048651e+01 6.8416826931e+03
3.4510000000e+00 4.3932554608e+02 -1.8140212640e+01 6.8416905236e+03
3.4520000000e+00 4.3938830606e+02 -1.7410639989e+01 6.8416731812e+03
3.4530000000e+00 4.3945018247e+02 -1.6617556207e+01 6.8416285439e+03
3.4540000000e+00 4.3951076953e+02 -1.5761286750e+01 6.8415630074e+03
3.4550000000e+00 4.3956968001e+02 -1.4842258008e+01 6.8414886365e+03
3.4560000000e+00 4.3962653620e+02 -1.3860998736e+01 6.8414182967e+03
3.4570000000e+00 4.3968095818e+02 -1.2818141814e+01 6.8413606306e+03
3.4580000000e+00 4.3973256240e+02 -1.1714426080e+01 6.8413165165e+03
3.4590000000e+00 4.3978095227e+02 -1.0550697406e+01 6.8412783722e+03
3.4600000000e+00 4.3982572510e+02 -9.3279087876e+00 6.8412325314e+03
3.4610000000e+00 4.3986648491e+02 -8.0471191150e+00 6.8411638100e+03
3.4620000000e+00 4.3990284970e+02 -6.7094907097e+00 6.8410606012e+03
3.4630000000e+00 4.3993447044e+02 -5.3162862897e+00 6.8409186595e+03
3.4640000000e+00 4.3996103676e+02 -3.8688657876e+00 6.8407423269e+03
3.4650000000e+00 4.3998227639e+02 -2.3686834107e+00 6.8405426104e+03
3.4660000000e+00 4.3999795545e+02 -8.1728575756e-01 6.8403329249e+03
3.4670000000e+00 4.4000786440e+02 7.8369010826e-01 6.8401241395e+03
3.4680000000e+00 4.4001181172e+02 2.4325181045e+00 6.8399204468e+03
3.4690000000e+00 4.4000961998e+02 4.1273852656e+00 6.8397177751e+03
3.4700000000e+00 4.4000112294e+02 5.8663951745e+00 6.8395052879e+03
3.4710000000e+00 4.3998617765e+02 7.6475722381e+00 6.8392691661e+03
3.4720000000e+00 4.3996467321e+02 9.4688674316e+00 6.8389976190e+03
3.4730000000e+00 4.3993654229e+02 1.1328164575e+01 6.8386851835e+03
3.4740000000e+00 4.3990177326e+02 1.3223286224e+01 6.8383346305e+03
3.4750000000e+00 4.3986040771e+02 1.5151999408e+01 6.8379560972e+03
3.4760000000e+00 4.3981253927e+02 1.7112020052e+01 6.8375635778e+03
3.4770000000e+00 4.3975830496e+02 1.9101016480e+01 6.8371700222e+03
3.4780000000e+00 4.3969787038e+02 2.1116613080e+01 6.8367829954e+03
3.4790000000e+00 4.3963142696e+02 2.3156393283e+01 6.8364022796e+03
3.4800000000e+00 4.3955918638e+02 2.5217903919e+01 6.8360203127e+03
3.4810000000e+00 4.3948138277e+02 2.7298660307e+01 6.8356253433e+03
3.4820000000e+00 4.3939828628e+02 2.9396151690e+01 6.8352060882e+03
3.4830000000e+00 4.3931020762e+02 3.1507847659e+01 6.8347562352e+03
3.4840000000e+00 4.3921750831e+02 3.3631203734e+01 6.8342771499e+03
3.4850000000e+00 4.3912060497e+02 3.5763666000e+01 6.8337778947e+03
3.4860000000e+00 4.3901995984e+02 3.7902675197e+01 6.8332724892e+03
3.4870000000e+00 4.3891607626e+02 4.0045668876e+01 6.8327753978e+03
3.4880000000e+00 4.3880948393e+02 4.2190083409e+01 6.8322970292e+03
3.4890000000e+00 4.3870072643e+02 4.4333355878e+01 6.8318406495e+03
3.4900000000e+00 4.3859035931e+02 4.6472925607e+01 6.8314018948e+03
3.4910000000e+00 4.3847894484e+02 4.8606237208e+01 6.8309711787e+03
3.4920000000e+00 4.3836706015e+02 5.0730743253e+01 6.8305378218e+03
3.4930000000e+00 4.3825530541e+02 5.2843907383e+01 6.8300946236e+03
3.4940000000e+00 4.3814430693e+02 5.4943207315e+01 6.8296412578e+03
3.4950000000e+00 4.3803472444e+02 5.7026136346e+01 6.8291850279e+03
3.4960000000e+00 4.3792724335e+02 5.9090204564e+01 6.8287389913e+03
3.4970000000e+00 4.3782256549e+02 6.1132938917e+01 6.8283180558e+03
3.4980000000e+00 4.3772139913e+02 6.3151882277e+01 6.8279343198e+03
3.4990000000e+00 4.3762444100e+02 6.5144593302e+01 6.8275935484e+03
3.5000000000e+00 4.3753237110e+02 6.7108645649e+01 6.8272939139e+03
3.5010000000e+00 4.3744584884e+02 6.9041627932e+01 6.8270274052e+03
3.5020000000e+00 4.3736551219e+02 7.0941144546e+01 6.8267834864e+03
3.5030000000e+00 4.3729198853e+02 7.2804815611e+01 6.8265535949e+03
3.5040000000e+00 4.3722589781e+02 7.4630277701e+01 6.8263348705e+03
3.5050000000e+00 4.3716785503e+02 7.6415183856e+01 6.8261317782e+03
3.5060000000e+00 4.3711847144e+02 7.8157202750e+01 6.8259550733e+03
3.5070000000e+00 4.3707834175e+02 7.9854018373e+01 6.8258184786e+03
3.5080000000e+00 4.3704803396e+02 8.1503329068e+01 6.8257342199e+03
3.5090000000e+00 4.3702807747e+02 8.3102846847e+01 6.8257091563e+03
3.5100000000e+00 4.3701894885e+02 8.4650297808e+01 6.8257427813e+03
3.5110000000e+00 4.3702107120e+02 8.6143422103e+01 6.8258277592e+03
3.5120000000e+00 4.3703481282e+02 8.7579975061e+01 6.8259529797e+03
3.5130000000e+00 4.3706049199e+02 8.8957728348e+01 6.8261078011e+03
3.5140000000e+00 4.3709838754e+02 9.0274470752e+01 6.8262860018e+03
3.5150000000e+00 4.3714873940e+02 9.1528009930e+01 6.8264881943e+03
3.5160000000e+00 4.3721175206e+02 9.2716173503e+01 6.8267215676e+03
3.5170000000e+00 4.3728758916e+02 9.3836810991e+01 6.8269972315e+03
3.5180000000e+00 4.3737636055e+02 9.4887796629e+01 6.8273261961e+03
3.5190000000e+00 4.3747811594e+02 9.5867032225e+01 6.8277152058e+03
3.5200000000e+00 4.3759283126e+02 9.6772451476e+01 6.8281641346e+03
3.5210000000e+00 4.3772040498e+02 9.7602024482e+01 6.8286658198e+03
3.5220000000e+00 4.3786066228e+02 9.8353762153e+01 6.8292082693e+03
3.5230000000e+00 4.3801335644e+02 9.9025721545e+01 6.8297785825e+03
3.5240000000e+00 4.3817818223e+02 9.9616010304e+01 6.8303670900e+03
3.5250000000e+00 4.3835478330e+02 1.0012279179e+02 6.8309702212e+03
3.5260000000e+00 4.3854275391e+02 1.0054429086e+02 6.8315911090e+03
3.5270000000e+00 4.3874164286e+02 1.0087879978e+02 6.8322377148e+03
3.5280000000e+00 4.3895094465e+02 1.0112468592e+02 6.8329191897e+03
3.5290000000e+00 4.3917009197e+02 1.0128039987e+02 6.8336417198e+03
3.5300000000e+00 4.3939845160e+02 1.0134448411e+02 6.8344054467e+03
3.5310000000e+00 4.3963531746e+02 1.0131558225e+02 6.8352035345e+03
3.5320000000e+00 4.3987991615e+02 1.0119244732e+02 6.8360236108e+03
3.5330000000e+00 4.4013141510e+02 1.0097394963e+02 6.8368512307e+03
3.5340000000e+00 4.4038893184e+02 1.0065908414e+02 6.8376739930e+03
3.5350000000e+00 4.4065154943e+02 1.0024697679e+02 6.8384847754e+03
3.5360000000e+00 4.4091832305e+02 9.9736891511e+01 6.8392831427e+03
3.5370000000e+00 4.4118828451e+02 9.9128237373e+01 6.8400742434e+03
3.5380000000e+00 4.4146044376e+02 9.8420576285e+01 6.8408656362e+03
3.5390000000e+00 4.4173378130e+02 9.7613631543e+01 6.8416633731e+03
3.5400000000e+00 4.4200724697e+02 9.6707295963e+01 6.8424685274e+03
3.5410000000e+00 4.4227975792e+02 9.5701639356e+01 6.8432755270e+03
3.5420000000e+00 4.4255019975e+02 9.4596914667e+01 6.8440729597e+03
3.5430000000e+00 4.4281743998e+02 9.3393561927e+01 6.8448463747e+03
3.5440000000e+00 4.4308033710e+02 9.2092210532e+01 6.8455822055e+03
3.5450000000e+00 4.4333775557e+02 9.0693680016e+01 6.8462713893e+03
3.5460000000e+00 4.4358858043e+02 8.9198979875e+01 6.8469113206e+03
3.5470000000e+00 4.4383171997e+02 8.7609309466e+01 6.8475055333e+03
3.5480000000e+00 4.4406611198e+02 8.5926057827e+01 6.8480612055e+03
3.5490000000e+00 4.4429072098e+02 8.4150803845e+01 6.8485854260e+03
3.5500000000e+00 4.4450453222e+02 8.2285315753e+01 6.8490815444e+03
3.5510000000e+00 4.4470655445e+02 8.0331549523e+01 6.8495469421e+03
3.5520000000e+00 4.4489581864e+02 7.8291645263e+01 6.8499730640e+03
3.5530000000e+00 4.4507138639e+02 7.6167921114e+01 6.8503475719e+03
3.5540000000e+00 4.4523236365e+02 7.3962864943e+01 6.8506579625e+03
3.5550000000e+00 4.4537791058e+02 7.1679124304e+01 6.8508953313e+03
3.5560000000e+00 4.4550725685e+02 6.9319495539e+01 6.8510568032e+03
3.5570000000e+00 4.4561970865e+02 6.6886913045e+01 6.8511459662e+03
3.5580000000e+00 4.4571465031e+02 6.4384439282e+01 6.8511710656e+03
3.5590000000e+00 4.4579154532e+02 6.1815255479e+01 6.8511415449e+03
3.5600000000e+00 4.4584992919e+02 5.9182652813e+01 6.8510643924e+03
3.5610000000e+00 4.4588940663e+02 5.6490023197e+01 6.8509414413e+03
3.5620000000e+00 4.4590965206e+02 5.3740849021e+01 6.8507685906e+03
3.5630000000e+00 4.4591041034e+02 5.0938691205e+01 6.8505373660e+03
3.5640000000e+00 4.4589150804e+02 4.8087176180e+01 6.8502380741e+03
3.5650000000e+00 4.4585286284e+02 4.5189981767e+01 6.8498634753e+03
3.5660000000e+00 4.4579449163e+02 4.2250823345e+01 6.8494117178e+03
3.5670000000e+00 4.4571652089e+02 3.9273441499e+01 6.8488873681e+03
3.5680000000e+00 4.4561918451e+02 3.6261591083e+01 6.8483002561e+03
3.5690000000e+00 4.4550282102e+02 3.3219032593e+01 6.8476625517e+03
3.5700000000e+00 4.4536786853e+02 3.0149525354e+01 6.8469851106e+03
3.5710000000e+00 4.4521485249e+02 2.7056821050e+01 6.8462744222e+03
3.5720000000e+00 4.4504438344e+02 2.3944657861e+01 6.8455312239e+03
3.5730000000e+00 4.4485715407e+02 2.0816754021e+01 6.8447513257e+03
3.5740000000e+00 4.4465393945e+02 1.7676800483e+01 6.8439282528e+03
3.5750000000e+00 4.4443560610e+02 1.4528454224e+01 6.8430567783e+03
3.5760000000e+00 4.4420311398e+02 1.1375331717e+01 6.8421361412e+03
3.5770000000e+00 4.4395752032e+02 8.2210042672e+00 6.8411716373e+03
3.5780000000e+00 4.4369997910e+02 5.0689956111e+00 6.8401741493e+03
3.5790000000e+00 4.4343173042e+02 1.9227814493e+00 6.8391578004e+03
3.5800000000e+00 4.4315409232e+02 -1.2142088233e+00 6.8381364250e+03
3.5810000000e+00 4.4286844602e+02 -4.3385896043e+00 6.8371203154e+03
3.5820000000e+00 4.4257622331e+02 -7.4470162639e+00 6.8361143272e+03
3.5830000000e+00 4.4227890110e+02 -1.0536182431e+01 6.8351179147e+03
3.5840000000e+00 4.4197799411e+02 -1.3602818292e+01 6.8341272486e+03
3.5850000000e+00 4.4167505639e+02 -1.6643688580e+01 6.8331385023e+03
3.5860000000e+00 4.4137168259e+02 -1.9655590349e+01 6.8321511049e+03
3.5870000000e+00 4.4106950432e+02 -2.2635350130e+01 6.8311698963e+03
3.5880000000e+00 4.4077018861e+02 -2.5579818834e+01 6.8302052923e+03
3.5890000000e+00 4.4047542649e+02 -2.8485865956e+01 6.8292714413e+03
3.5900000000e+00 4.4018691803e+02 -3.1350372522e+01 6.8283830680e+03
3.5910000000e+00 4.3990635934e+02 -3.4170223174e+01 6.8275520828e+03
3.5920000000e+00 4.3963542406e+02 -3.6942299288e+01 6.8267851931e+03
3.5930000000e+00 4.3937575239e+02 -3.9663472394e+01 6.8260833374e+03
3.5940000000e+00 4.3912894490e+02 -4.2330598303e+01 6.8254431498e+03
3.5950000000e+00 4.3889655573e+02 -4.4940512628e+01 6.8248598780e+03
3.5960000000e+00 4.3868009424e+02 -4.7490025795e+01 6.8243306670e+03
3.5970000000e+00 4.3848102233e+02 -4.9975918245e+01 6.8238571039e+03
3.5980000000e+00 4.3830074840e+02 -5.2394935506e+01 6.8234459971e+03
3.5990000000e+00 4.3814062148e+02 -5.4743782404e+01 6.8231081471e+03
3.6000000000e+00 4.3800191533e+02 -5.7019118049e+01 6.8228556420e+03
3.6010000000e+00 4.3788581431e+02 -5.9217551116e+01 6.8226984884e+03
3.6020000000e+00 4.3779339917e+02 -6.1335636352e+01 6.8226418947e+03
3.6030000000e+00 4.3772563182e+02 -6.3369872830e+01 6.8226852073e+03
3.6040000000e+00 4.3768335060e+02 -6.5316703266e+01 6.8228227030e+03
3.6050000000e+00 4.3766726509e+02 -6.7172515051e+01 6.8230461051e+03
3.6060000000e+00 4.3767795554e+02 -6.8933642197e+01 6.8233478561e+03
3.6070000000e+00 4.3771587647e+02 -7.0596367836e+01 6.8237238705e+03
3.6080000000e+00 4.3778135224e+02 -7.2156928284e+01 6.8241749333e+03
3.6090000000e+00 4.3787457516e+02 -7.3611517597e+01 6.8247061531e+03
3.6100000000e+00 4.3799559782e+02 -7.4956294043e+01 6.8253246683e+03
3.6110000000e+00 4.3814432004e+02 -7.6187388867e+01 6.8260365179e+03
3.6120000000e+00 4.3832048204e+02 -7.7300916642e+01 6.8268437334e+03
3.6130000000e+00 4.3852365438e+02 -7.8292988539e+01 6.8277427279e+03
3.6140000000e+00 4.3875323446e+02 -7.9159727356e+01 6.8287245493e+03
3.6150000000e+00 4.3900845111e+02 -7.9897283938e+01 6.8297768997e+03
3.6160000000e+00 4.3928836792e+02 -8.0501855365e+01 6.8308871961e+03
3.6170000000e+00 4.3959189358e+02 -8.0969704015e+01 6.8320455291e+03
3.6180000000e+00 4.3991779090e+02 -8.1297177870e+01 6.8332465382e+03
3.6190000000e+00 4.4026468074e+02 -8.1480732772e+01 6.8344894878e+03
3.6200000000e+00 4.4063104765e+02 -8.1516956195e+01 6.8357765084e+03
3.6210000000e+00 4.4101523953e+02 -8.1402593317e+01 6.8371097641e+03
3.6220000000e+00 4.4141546743e+02 -8.1134574945e+01 6.8384884576e+03
3.6230000000e+00 4.4182981032e+02 -8.0710046650e+01 6.8399067836e+03
3.6240000000e+00 4.4225621937e+02 -8.0126398627e+01 6.8413536689e+03
3.6250000000e+00 4.4269253123e+02 -7.9381295148e+01 6.8428142305e+03
3.6260000000e+00 4.4313648503e+02 -7.8472703174e+01 6.8442725218e+03
3.6270000000e+00 4.4358573921e+02 -7.7398919700e+01 6.8457146251e+03
3.6280000000e+00 4.4403789391e+02 -7.6158597808e+01 6.8471308474e+03
3.6290000000e+00 4.4449050619e+02 -7.4750771720e+01 6.8485163764e+03
3.6300000000e+00 4.4494110359e+02 -7.3174880956e+01 6.8498701576e+03
3.6310000000e+00 4.4538719698e+02 -7.1430793407e+01 6.8511923411e+03
3.6320000000e+00 4.4582628554e+02 -6.9518827062e+01 6.8524813438e+03
3.6330000000e+00 4.4625586774e+02 -6.7439769135e+01 6.8537315366e+03
3.6340000000e+00 4.4667345235e+02 -6.5194891813e+01 6.8549323954e+03
3.6350000000e+00 4.4707657046e+02 -6.2785963325e+01 6.8560694628e+03
3.6360000000e+00 4.4746279688e+02 -6.0215253827e+01 6.8571267488e+03
3.6370000000e+00 4.4782976791e+02 -5.7485535802e+01 6.8580897485e+03
3.6380000000e+00 4.4817520109e+02 -5.4600079337e+01 6.8589479730e+03
3.6390000000e+00 4.4849691457e+02 -5.1562643066e+01 6.8596961477e+03
3.6400000000e+00 4.4879283722e+02 -4.8377461166e+01 6.8603336799e+03
3.6410000000e+00 4.4906101907e+02 -4.5049227197e+01 6.8608625541e+03
3.6420000000e+00 4.4929963644e+02 -4.1583074558e+01 6.8612845466e+03
3.6430000000e+00 4.4950699404e+02 -3.7984553173e+01 6.8615987223e+03
3.6440000000e+00 4.4968153222e+02 -3.4259602083e+01 6.8618000911e+03
3.6450000000e+00 4.4982183284e+02 -3.0414517160e+01 6.8618800437e+03
3.6460000000e+00 4.4992663019e+02 -2.6455914073e+01 6.8618282980e+03
3.6470000000e+00 4.4999482556e+02 -2.2390687290e+01 6.8616356783e+03
3.6480000000e+00 4.5002549847e+02 -1.8225965617e+01 6.8612968349e+03
3.6490000000e+00 4.5001791996e+02 -1.3969066537e+01 6.8608118014e+03
3.6500000000e+00 4.4997156030e+02 -9.6274501843e+00 6.8601859053e+03
3.6510000000e+00 4.4988609078e+02 -5.2086741136e+00 6.8594281225e+03
3.6520000000e+00 4.4976138601e+02 -7.2035004265e-01 6.8585483579e+03
3.6530000000e+00 4.4959751971e+02 3.8298983777e+00 6.8575547125e+03
3.6540000000e+00 4.4939476285e+02 8.4344763021e+00 6.8564516993e+03
3.6550000000e+00 4.4915358583e+02 1.3085857236e+01 6.8552399703e+03
3.6560000000e+00 4.4887465870e+02 1.7776622232e+01 6.8539176923e+03
3.6570000000e+00 4.4855885886e+02 2.2499497042e+01 6.8524830120e+03
3.6580000000e+00 4.4820727741e+02 2.7247386995e+01 6.8509367114e+03
3.6590000000e+00 4.4782122158e+02 3.2013408727e+01 6.8492840810e+03
3.6600000000e+00 4.4740221886e+02 3.6790916288e+01 6.8475353164e+03
3.6610000000e+00 4.4695201105e+02 4.1573522579e+01 6.8457043306e+03
3.6620000000e+00 4.4647254597e+02 4.6355114927e+01 6.8438063374e+03
3.6630000000e+00 4.4596596793e+02 5.1129865203e+01 6.8418551316e+03
3.6640000000e+00 4.4543460251e+02 5.5892236420e+01 6.8398610452e+03
3.6650000000e+00 4.4488094731e+02 6.0636985282e+01 6.8378302204e+03
3.6660000000e+00 4.4430766244e+02 6.5359162357e+01 6.8357655696e+03
3.6670000000e+00 4.4371756255e+02 7.0054110034e+01 6.8336690165e+03
3.6680000000e+00 4.4311361330e+02 7.4717457176e+01 6.8315441578e+03
3.6690000000e+00 4.4249892271e+02 7.9345111357e+01 6.8293985240e+03
3.6700000000e+00 4.4187673207e+02 8.3933247134e+01 6.8272445323e+03
3.6710000000e+00 4.4125040283e+02 8.8478290424e+01 6.8250988076e+03
3.6720000000e+00 4.4062339606e+02 9.2976900221e+01 6.8229802208e+03
3.6730000000e+00 4.3999925288e+02 9.7425946677e+01 6.8209072450e+03
3.6740000000e+00 4.3938157114e+02 1.0182248812e+02 6.8188956241e+03
3.6750000000e+00 4.3877398295e+02 1.0616374734e+02 6.8169572123e+03
3.6760000000e+00 4.3818013843e+02 1.1044708702e+02 6.8151002997e+03
3.6770000000e+00 4.3760368848e+02 1.1466998614e+02 6.8133313257e+03
3.6780000000e+00 4.3704827242e+02 1.1883001578e+02 6.8116573160e+03
3.6790000000e+00 4.3651750726e+02 1.2292481400e+02 6.8100881031e+03
3.6800000000e+00 4.3601497184e+02 1.2695206075e+02 6.8086375137e+03
3.6810000000e+00 4.3554419215e+02 1.3090945051e+02 6.8073230334e+03
3.6820000000e+00 4.3510862137e+02 1.3479466426e+02 6.8061640544e+03
3.6830000000e+00 4.3471161582e+02 1.3860534124e+02 6.8051792601e+03
3.6840000000e+00 4.3435641425e+02 1.4233904955e+02 6.8043840447e+03
3.6850000000e+00 4.3404611430e+02 1.4599325810e+02 6.8037888877e+03
3.6860000000e+00 4.3378365411e+02 1.4956530889e+02 6.8033991330e+03
3.6870000000e+00 4.3357179902e+02 1.5305238967e+02 6.8032162615e+03
3.6880000000e+00 4.3341312784e+02 1.5645150805e+02 6.8032401741e+03
3.6890000000e+00 4.3331002498e+02 1.5975946523e+02 6.8034715318e+03
3.6900000000e+00 4.3326466968e+02 1.6297283054e+02 6.8039134046e+03
3.6910000000e+00 4.3327902266e+02 1.6608791706e+02 6.8045715890e+03
3.6920000000e+00 4.3335481303e+02 1.6910075763e+02 6.8054534192e+03
3.6930000000e+00 4.3349351828e+02 1.7200708393e+02 6.8065656317e+03
3.6940000000e+00 4.3369634657e+02 1.7480230764e+02 6.8079119802e+03
3.6950000000e+00 4.3396421980e+02 1.7748150516e+02 6.8094914677e+03
3.6960000000e+00 4.3429775700e+02 1.8003940686e+02 6.8112979263e+03
3.6970000000e+00 4.3469726623e+02 1.8247038964e+02 6.8133210245e+03
3.6980000000e+00 4.3516273738e+02 1.8476847471e+02 6.8155483907e+03
3.6990000000e+00 4.3569383839e+02 1.8692733022e+02 6.8179681316e+03
3.7000000000e+00 4.3628991565e+02 1.8894027876e+02 6.8205708205e+03
3.7010000000e+00 4.3694998996e+02 1.9080031199e+02 6.8233503034e+03
3.7020000000e+00 4.3767275415e+02 1.9250011192e+02 6.8263030464e+03
3.7030000000e+00 4.3845656996e+02 1.9403208020e+02 6.8294263011e+03
3.7040000000e+00 4.3929946225e+02 1.9538837657e+02 6.8327157656e+03
3.7050000000e+00 4.4019911939e+02 1.9656096538e+02 6.8361635813e+03
3.7060000000e+00 4.4115289568e+02 1.9754167108e+02 6.8397574420e+03
3.7070000000e+00 4.4215781883e+02 1.9832224189e+02 6.8434810816e+03
3.7080000000e+00 4.4321060605e+02 1.9889442046e+02 6.8473159731e+03
3.7090000000e+00 4.4430768137e+02 1.9925002220e+02 6.8512436789e+03
3.7100000000e+00 4.4544519769e+02 1.9938101989e+02 6.8552479091e+03
3.7110000000e+00 4.4661906006e+02 1.9927963474e+02 6.8593156103e+03
3.7120000000e+00 4.4782494497e+02 1.9893843385e+02 6.8634367174e+03
3.7130000000e+00 4.4905832156e+02 1.9835043230e+02 6.8676025637e+03
3.7140000000e+00 4.5031446883e+02 1.9750919930e+02 6.8718036167e+03
3.7150000000e+00 4.5158849255e+02 1.9640896590e+02 6.8760273242e+03
3.7160000000e+00 4.5287534610e+02 1.9504473117e+02 6.8802567698e+03
3.7170000000e+00 4.5416984950e+02 1.9341236460e+02 6.8844707089e+03
3.7180000000e+00 4.5546671414e+02 1.9150870115e+02 6.8886448952e+03
3.7190000000e+00 4.5676056880e+02 1.8933162659e+02 6.8927542059e+03
3.7200000000e+00 4.5804598304e+02 1.8688015143e+02 6.8967748623e+03
3.7210000000e+00 4.5931749331e+02 1.8415447141e+02 6.9006859056e+03
3.7220000000e+00 4.6056962242e+02 1.8115601388e+02 6.9044694562e+03
3.7230000000e+00 4.6179689593e+02 1.7788746870e+02 6.9081097107e+03
3.7240000000e+00 4.6299385828e+02 1.7435280253e+02 6.9115910819e+03
3.7250000000e+00 4.6415508336e+02 1.7055725531e+02 6.9148962396e+03
3.7260000000e+00 4.6527518931e+02 1.6650731759e+02 6.9180048015e+03
3.7270000000e+00 4.6634885550e+02 1.6221068794e+02 6.9208932724e+03
3.7280000000e+00 4.6737084154e+02 1.5767621055e+02 6.9235363193e+03
3.7290000000e+00 4.6833601390e+02 1.5291379379e+02 6.9259090053e+03
3.7300000000e+00 4.6923937328e+02 1.4793431216e+02 6.9279893485e+03
3.7310000000e+00 4.7007608435e+02 1.4274949437e+02 6.9297603276e+03
3.7320000000e+00 4.7084150759e+02 1.3737180105e+02 6.9312107325e+03
3.7330000000e+00 4.7153122778e+02 1.3181429563e+02 6.9323347117e+03
3.7340000000e+00 4.7214108389e+02 1.2609051121e+02 6.9331301693e+03
3.7350000000e+00 4.7266719892e+02 1.2021431582e+02 6.9335967010e+03
3.7360000000e+00 4.7310600914e+02 1.1419977786e+02 6.9337338752e+03
3.7370000000e+00 4.7345429899e+02 1.0806103326e+02 6.9335403952e+03
3.7380000000e+00 4.7370923660e+02 1.0181215576e+02 6.9330145040e+03
3.7390000000e+00 4.7386841219e+02 9.5467032341e+01 6.9321554318e+03
3.7400000000e+00 4.7392987949e+02 8.9039246180e+01 6.9309652528e+03
3.7410000000e+00 4.7389219199e+02 8.2541969327e+01 6.9294504856e+03
3.7420000000e+00 4.7375443816e+02 7.5987868126e+01 6.9276227418e+03
3.7430000000e+00 4.7351626985e+02 6.9389023118e+01 6.9254980973e+03
3.7440000000e+00 4.7317792118e+02 6.2756864186e+01 6.9230953604e+03
3.7450000000e+00 4.7274022413e+02 5.6102122149e+01 6.9204337350e+03
3.7460000000e+00 4.7220461466e+02 4.9434795174e+01 6.9175306560e+03
3.7470000000e+00 4.7157313464e+02 4.2764129420e+01 6.9144004751e+03
3.7480000000e+00 4.7084843223e+02 3.6098613299e+01 6.9110544019e+03
3.7490000000e+00 4.7003375540e+02 2.9445983474e+01 6.9075016743e+03
3.7500000000e+00 4.6913294477e+02 2.2813243225e+01 6.9037514494e+03
3.7510000000e+00 4.6815042104e+02 1.6206692644e+01 6.8998147670e+03
3.7520000000e+00 4.6709116474e+02 9.6319700028e+00 6.8957058547e+03
3.7530000000e+00 4.6596069224e+02 3.0941044422e+00 6.8914422908e+03
3.7540000000e+00 4.6476502229e+02 -3.4024223866e+00 6.8870440878e+03
3.7550000000e+00 4.6351063779e+02 -9.8536078055e+00 6.8825320084e+03
3.7560000000e+00 4.6220444504e+02 -1.6255855513e+01 6.8779257914e+03
3.7570000000e+00 4.6085372899e+02 -2.2605903199e+01 6.8732430583e+03
3.7580000000e+00 4.5946611178e+02 -2.8900752505e+01 6.8684992823e+03
3.7590000000e+00 4.5804951209e+02 -3.5137604746e+01 6.8637089444e+03
3.7600000000e+00 4.5661210541e+02 -4.1313804069e+01 6.8588875630e+03
3.7610000000e+00 4.5516228809e+02 -4.7426788142e+01 6.8540538590e+03
3.7620000000e+00 4.5370863805e+02 -5.3474047881e+01 6.8492313970e+03
3.7630000000e+00 4.5225987456e+02 -5.9453095030e+01 6.8444491480e+03
3.7640000000e+00 4.5082481611e+02 -6.5361437287e+01 6.8397407601e+03
3.7650000000e+00 4.4941233230e+02 -7.1196561698e+01 6.8351428443e+03
3.7660000000e+00 4.4803129627e+02 -7.6955924325e+01 6.8306928339e+03
3.7670000000e+00 4.4669053550e+02 -8.2636946300e+01 6.8264271229e+03
3.7680000000e+00 4.4539878178e+02 -8.8237015405e+01 6.8223800609e+03
3.7690000000e+00 4.4416462614e+02 -9.3753489676e+01 6.8185840148e+03
3.7700000000e+00 4.4299647285e+02 -9.9183702234e+01 6.8150703396e+03
3.7710000000e+00 4.4190249535e+02 -1.0452496355e+02 6.8118706891e+03
3.7720000000e+00 4.4089059366e+02 -1.0977455771e+02 6.8090180202e+03
3.7730000000e+00 4.3996834719e+02 -1.1492973163e+02 6.8065467307e+03
3.7740000000e+00 4.3914296799e+02 -1.1998767363e+02 6.8044916154e+03
3.7750000000e+00 4.3842125096e+02 -1.2494548118e+02 6.8028858641e+03
3.7760000000e+00 4.3780952149e+02 -1.2980011759e+02 6.8017585878e+03
3.7770000000e+00 4.3731358648e+02 -1.3454835674e+02 6.8011325258e+03
3.7780000000e+00 4.3693868479e+02 -1.3918671755e+02 6.8010226553e+03
3.7790000000e+00 4.3668944267e+02 -1.4371138792e+02 6.8014359872e+03
3.7800000000e+00 4.3656983406e+02 -1.4811813880e+02 6.8023724939e+03
3.7810000000e+00 4.3658314215e+02 -1.5240223042e+02 6.8038268154e+03
3.7820000000e+00 4.3673192644e+02 -1.5655831046e+02 6.8057900165e+03
3.7830000000e+00 4.3701798982e+02 -1.6058030765e+02 6.8082508029e+03
3.7840000000e+00 4.3744234611e+02 -1.6446132304e+02 6.8111958389e+03
3.7850000000e+00 4.3800519133e+02 -1.6819352174e+02 6.8146090934e+03
3.7860000000e+00 4.3870587508e+02 -1.7176803037e+02 6.8184706265e+03
3.7870000000e+00 4.3954287864e+02 -1.7517484328e+02 6.8227554112e+03
3.7880000000e+00 4.4051380168e+02 -1.7840274215e+02 6.8274327837e+03
3.7890000000e+00 4.4161535706e+02 -1.8143923413e+02 6.8324669559e+03
3.7900000000e+00 4.4284338028e+02 -1.8427051177e+02 6.8378186088e+03
3.7910000000e+00 4.4419285042e+02 -1.8688144008e+02 6.8434472404e+03
3.7920000000e+00 4.4565792222e+02 -1.8925557591e+02 6.8493136512e+03
3.7930000000e+00 4.4723197133e+02 -1.9137522351e+02 6.8553818989e+03
3.7940000000e+00 4.4890764627e+02 -1.9322153249e+02 6.8616202694e+03
3.7950000000e+00 4.5067692868e+02 -1.9477464216e+02 6.8680010675e+03
3.7960000000e+00 4.5253120100e+02 -1.9601387545e+02 6.8744994973e+03
3.7970000000e+00 4.5446131678e+02 -1.9691798527e+02 6.8810921732e+03
3.7980000000e+00 4.5645767762e+02 -1.9746545235e+02 6.8877558139e+03
3.7990000000e+00 4.5851031203e+02 -1.9763483270e+02 6.8944666742e+03
3.8000000000e+00 4.6060895441e+02 -1.9740515010e+02 6.9012008680e+03
3.8010000000e+00 4.6274312484e+02 -1.9675632560e+02 6.9079353412e+03
3.8020000000e+00 4.6490220176e+02 -1.9566963512e+02 6.9146490847e+03
3.8030000000e+00 4.6707548841e+02 -1.9412818232e+02 6.9213239259e+03
3.8040000000e+00 4.6925226987e+02 -1.9211737245e+02 6.9279443894e+03
3.8050000000e+00 4.7142185621e+02 -1.8962537106e+02 6.9344964920e+03
3.8060000000e+00 4.7357361726e+02 -1.8664352938e+02 6.9409655798e+03
3.8070000000e+00 4.7569700559e+02 -1.8316675874e+02 6.9473337453e+03
3.8080000000e+00 4.7778157178e+02 -1.7919383667e+02 6.9535775198e+03
3.8090000000e+00 4.7981697747e+02 -1.7472762975e+02 6.9596664180e+03
3.8100000000e+00 4.8179300409e+02 -1.6977522211e+02 6.9655627402e+03
3.8110000000e+00 4.8369956420e+02 -1.6434794252e+02 6.9712226228e+03
3.8120000000e+00 4.8552671580e+02 -1.5846128878e+02 6.9765980010e+03
3.8130000000e+00 4.8726467795e+02 -1.5213475271e+02 6.9816389432e+03
3.8140000000e+00 4.8890385355e+02 -1.4539155384e+02 6.9862957722e+03
3.8150000000e+00 4.9043485556e+02 -1.3825829313e+02 6.9905206159e+03
3.8160000000e+00 4.9184853918e+02 -1.3076454002e+02 6.9942682582e+03
3.8170000000e+00 4.9313604366e+02 -1.2294236740e+02 6.9974964862e+03
3.8180000000e+00 4.9428884129e+02 -1.1482584829e+02 7.0001663421e+03
3.8190000000e+00 4.9529879836e+02 -1.0645052758e+02 7.0022426075e+03
3.8200000000e+00 4.9615824776e+02 -9.7852881173e+01 7.0036947694e+03
3.8210000000e+00 4.9686007024e+02 -8.9069773107e+01 7.0044984351e+03
3.8220000000e+00 4.9739778576e+02 -8.0137920873e+01 7.0046368119e+03
3.8230000000e+00 4.9776564816e+02 -7.1093377481e+01 7.0041018411e+03
3.8240000000e+00 4.9795873969e+02 -6.1971038336e+01 7.0028945281e+03
3.8250000000e+00 4.9797306344e+02 -5.2804180390e+01 7.0010241822e+03
3.8260000000e+00 4.9780562618e+02 -4.3624039853e+01 6.9985067202e+03
3.8270000000e+00 4.9745451327e+02 -3.4459435408e+01 6.9953623986e+03
3.8280000000e+00 4.9691895378e+02 -2.5336443430e+01 6.9916135774e+03
3.8290000000e+00 4.9619937349e+02 -1.6278131966e+01 6.9872831976e+03
3.8300000000e+00 4.9529744100e+02 -7.3043624603e+00 6.9823943623e+03
3.8310000000e+00 4.9421610252e+02 1.5683325021e+00 6.9769711417e+03
3.8320000000e+00 4.9295960567e+02 1.0326785746e+01 6.9710403313e+03
3.8330000000e+00 4.9153351301e+02 1.8961137056e+01 6.9646335708e+03
3.8340000000e+00 4.8994469757e+02 2.7464674925e+01 6.9577891648e+03
3.8350000000e+00 4.8820132284e+02 3.5833576306e+01 6.9505530023e+03
3.8360000000e+00 4.8631280426e+02 4.4066549924e+01 6.9429782907e+03
3.8370000000e+00 4.8428975061e+02 5.2164396647e+01 6.9351241486e+03
3.8380000000e+00 4.8214389243e+02 6.0129505903e+01 6.9270533948e+03
3.8390000000e+00 4.7988799710e+02 6.7965315138e+01 6.9188301051e+03
3.8400000000e+00 4.7753577701e+02 7.5675762157e+01 6.9105174052e+03
3.8410000000e+00 4.7510179635e+02 8.3264760911e+01 6.9021758154e+03
3.8420000000e+00 4.7260137494e+02 9.0735732040e+01 6.8938622404e+03
3.8430000000e+00 4.7005049295e+02 9.8091214048e+01 6.8856293323e+03
3.8440000000e+00 4.6746569265e+02 1.0533257715e+02 6.8775249266e+03
3.8450000000e+00 4.6486397279e+02 1.1245985534e+02 6.8695912817e+03
3.8460000000e+00 4.6226267565e+02 1.1947170268e+02 6.8618639678e+03
3.8470000000e+00 4.5967936135e+02 1.2636547346e+02 6.8543706457e+03
3.8480000000e+00 4.5713167094e+02 1.3313741561e+02 6.8471301590e+03
3.8490000000e+00 4.5463718044e+02 1.3978295918e+02 6.8401524395e+03
3.8500000000e+00 4.5221324521e+02 1.4629707801e+02 6.8334397300e+03
3.8510000000e+00 4.4987684012e+02 1.5267469644e+02 6.8269892677e+03
3.8520000000e+00 4.4764439673e+02 1.5891111404e+02 6.8207972146e+03
3.8530000000e+00 4.4553163753e+02 1.6500242189e+02 6.8148632967e+03
3.8540000000e+00 4.4355341400e+02 1.7094588380e+02 6.8091953322e+03
3.8550000000e+00 4.4172354819e+02 1.7674026103e+02 6.8038128706e+03
3.8560000000e+00 4.4005468531e+02 1.8238606006e+02 6.7987493658e+03
3.8570000000e+00 4.3855816666e+02 1.8788568702e+02 6.7940526468e+03
3.8580000000e+00 4.3724392604e+02 1.9324350080e+02 6.7897838348e+03
3.8590000000e+00 4.3612041909e+02 1.9846576082e+02 6.7860150541e+03
3.8600000000e+00 4.3519458609e+02 2.0356047238e+02 6.7828264255e+03
3.8610000000e+00 4.3447184600e+02 2.0853713491e+02 6.7803027349e+03
3.8620000000e+00 4.3395612346e+02 2.1340639618e+02 6.7785300011e+03
3.8630000000e+00 4.3364990235e+02 2.1817961915e+02 6.7775920768e+03
3.8640000000e+00 4.3355430381e+02 2.2286837063e+02 6.7775671943e+03
3.8650000000e+00 4.3366918490e+02 2.2748384668e+02 6.7785243676e+03
3.8660000000e+00 4.3399324839e+02 2.3203625671e+02 6.7805196827e+03
3.8670000000e+00 4.3452416080e+02 2.3653418677e+02 6.7835925597e+03
3.8680000000e+00 4.3525867018e+02 2.4098396416e+02 6.7877623487e+03
3.8690000000e+00 4.3619271830e+02 2.4538904368e+02 6.7930257426e+03
3.8700000000e+00 4.3732154645e+02 2.4974943478e+02 6.7993554210e+03
3.8710000000e+00 4.3863978908e+02 2.5406119175e+02 6.8067003072e+03
3.8720000000e+00 4.4014155634e+02 2.5831598680e+02 6.8149875128e+03
3.8730000000e+00 4.4182050479e+02 2.6250078462e+02 6.8241257152e+03
3.8740000000e+00 4.4366989224e+02 2.6659763536e+02 6.8340095146e+03
3.8750000000e+00 4.4568261865e+02 2.7058359815e+02 6.8445241192e+03
3.8760000000e+00 4.4785125008e+02 2.7443080826e+02 6.8555497703e+03
3.8770000000e+00 4.5016802484e+02 2.7810670045e+02 6.8669655395e+03
3.8780000000e+00 4.5262484614e+02 2.8157439853e+02 6.8786523821e+03
3.8790000000e+00 4.5521325993e+02 2.8479328041e+02 6.8904956210e+03
3.8800000000e+00 4.5792442211e+02 2.8771971934e+02 6.9023871536e+03
3.8810000000e+00 4.6074905903e+02 2.9030799327e+02 6.9142276720e+03
3.8820000000e+00 4.6367742028e+02 2.9251134481e+02 6.9259290407e+03
3.8830000000e+00 4.6669922984e+02 2.9428316211e+02 6.9374166923e+03
3.8840000000e+00 4.6980363603e+02 2.9557824242e+02 6.9486317494e+03
3.8850000000e+00 4.7297916176e+02 2.9635409177e+02 6.9595324182e+03
3.8860000000e+00 4.7621366035e+02 2.9657220554e+02 6.9700942119e+03
3.8870000000e+00 4.7949427609e+02 2.9619927269e+02 6.9803088241e+03
3.8880000000e+00 4.8280741315e+02 2.9520824421e+02 6.9901816499e+03
3.8890000000e+00 4.8613871671e+02 2.9357921190e+02 6.9997282625e+03
3.8900000000e+00 4.8947306676e+02 2.9130005571e+02 7.0089704074e+03
3.8910000000e+00 4.9279459315e+02 2.8836683223e+02 7.0179320324e+03
3.8920000000e+00 4.9608671420e+02 2.8478389653e+02 7.0266358341e+03
3.8930000000e+00 4.9933220080e+02 2.8056376483e+02 7.0351005591e+03
3.8940000000e+00 5.0251326698e+02 2.7572673665e+02 7.0433389349e+03
3.8950000000e+00 5.0561167861e+02 2.7030030345e+02 7.0513559629e+03
3.8960000000e+00 5.0860887827e+02 2.6431837650e+02 7.0591472005e+03
3.8970000000e+00 5.1148612653e+02 2.5782037332e+02 7.0666967931e+03
3.8980000000e+00 5.1422466296e+02 2.5085020957e+02 7.0739753753e+03
3.8990000000e+00 5.1680589892e+02 2.4345524452e+02 7.0809382783e+03
3.9000000000e+00 5.1921164382e+02 2.3568522359e+02 7.0875247541e+03
3.9010000000e+00 5.2142435906e+02 2.2759124826e+02 7.0936589246e+03
3.9020000000e+00 5.2342742422e+02 2.1922478603e+02 7.0992528711e+03
3.9030000000e+00 5.2520538659e+02 2.1063672059e+02 7.1042118054e+03
3.9040000000e+00 5.2674417011e+02 2.0187643739e+02 7.1084406688e+03
3.9050000000e+00 5.2803122679e+02 1.9299094368e+02 7.1118511110e+03
3.9060000000e+00 5.2905562439e+02 1.8402402694e+02 7.1143676476e+03
3.9070000000e+00 5.2980808571e+02 1.7501545531e+02 7.1159319065e+03
3.9080000000e+00 5.3028100479e+02 1.6600021932e+02 7.1165044026e+03
3.9090000000e+00 5.3046847637e+02 1.5700781642e+02 7.1160638582e+03
3.9100000000e+00 5.3036637940e+02 1.4806160153e+02 7.1146046981e+03
3.9110000000e+00 5.2997253890e+02 1.3917826671e+02 7.1121338811e+03
3.9120000000e+00 5.2928696876e+02 1.3036755378e+02 7.1086682518e+03
3.9130000000e+00 5.2831216024e+02 1.2163231434e+02 7.1042332806e+03
3.9140000000e+00 5.2705334385e+02 1.1296899525e+02 7.0988634106e+03
3.9150000000e+00 5.2551864642e+02 1.0436855164e+02 7.0926033258e+03
3.9160000000e+00 5.2371908212e+02 9.5817707355e+01 7.0855089522e+03
3.9170000000e+00 5.2166837162e+02 8.7300434902e+01 7.0776470220e+03
3.9180000000e+00 5.1938264578e+02 7.8799532470e+01 7.0690926085e+03
3.9190000000e+00 5.1688011882e+02 7.0298220797e+01 7.0599250678e+03
3.9200000000e+00 5.1418081343e+02 6.1781731870e+01 7.0502235754e+03
3.9210000000e+00 5.1130637086e+02 5.3238872752e+01 7.0400636434e+03
3.9220000000e+00 5.0827991767e+02 4.4663506776e+01 7.0295155581e+03
3.9230000000e+00 5.0512592495e+02 3.6055824235e+01 7.0186448268e+03
3.9240000000e+00 5.0186998885e+02 2.7423220772e+01 7.0075140473e+03
3.9250000000e+00 4.9853850413e+02 1.8780616113e+01 6.9961853333e+03
3.9260000000e+00 4.9515826564e+02 1.0150142057e+01 6.9847226430e+03
3.9270000000e+00 4.9175606689e+02 1.5602647277e+00 6.9731937765e+03
3.9280000000e+00 4.8835835556e+02 -6.9554864658e+00 6.9616719133e+03
3.9290000000e+00 4.8499094195e+02 -1.5359991916e+01 6.9502363896e+03
3.9300000000e+00 4.8167869931e+02 -2.3614092180e+01 6.9389720498e+03
3.9310000000e+00 4.7844519612e+02 -3.1678180696e+01 6.9279665059e+03
3.9320000000e+00 4.7531224825e+02 -3.9513850225e+01 6.9173055227e+03
3.9330000000e+00 4.7229944617e+02 -4.7085575270e+01 6.9070679124e+03
3.9340000000e+00 4.6942374988e+02 -5.4362348358e+01 6.8973219222e+03
3.9350000000e+00 4.6669922951e+02 -6.1319155212e+01 6.8881244745e+03
3.9360000000e+00 4.6413698627e+02 -6.7938191289e+01 6.8795228276e+03
3.9370000000e+00 4.6174523195e+02 -7.4209760401e+01 6.8715566801e+03
3.9380000000e+00 4.5952946963e+02 -8.0132809806e+01 6.8642584268e+03
3.9390000000e+00 4.5749273133e+02 -8.5715030230e+01 6.8576503253e+03
3.9400000000e+00 4.5563586532e+02 -9.0972431492e+01 6.8517394832e+03
3.9410000000e+00 4.5395790147e+02 -9.5928364888e+01 6.8465134257e+03
3.9420000000e+00 4.5245651213e+02 -1.0061211004e+02 6.8419392690e+03
3.9430000000e+00 4.5112853575e+02 -1.0505725792e+02 6.8379680689e+03
3.9440000000e+00 4.4997049864e+02 -1.0930008232e+02 6.8345435384e+03
3.9450000000e+00 4.4897906037e+02 -1.1337795407e+02 6.8316124188e+03
3.9460000000e+00 4.4815132495e+02 -1.1732776408e+02 6.8291332410e+03
3.9470000000e+00 4.4748500259e+02 -1.2118435575e+02 6.8270812645e+03
3.9480000000e+00 4.4697844055e+02 -1.2497905556e+02 6.8254494093e+03
3.9490000000e+00 4.4663056732e+02 -1.2873840481e+02 6.8242466689e+03
3.9500000000e+00 4.4644079000e+02 -1.3248312639e+02 6.8234960676e+03
3.9510000000e+00 4.4640885447e+02 -1.3622731081e+02 6.8232335844e+03
3.9520000000e+00 4.4653466060e+02 -1.3997782323e+02 6.8235081483e+03
3.9530000000e+00 4.4681802733e+02 -1.4373395573e+02 6.8243820001e+03
3.9540000000e+00 4.4725843016e+02 -1.4748730620e+02 6.8259306090e+03
3.9550000000e+00 4.4785476355e+02 -1.5122180711e+02 6.8282415716e+03
3.9560000000e+00 4.4860517638e+02 -1.5491385453e+02 6.8314121843e+03
3.9570000000e+00 4.4950700306e+02 -1.5853258432e+02 6.8355451695e+03
3.9580000000e+00 4.5055677249e+02 -1.6204041472e+02 6.8407417504e+03
3.9590000000e+00 4.5175024942e+02 -1.6539396254e+02 6.8470915492e+03
3.9600000000e+00 4.5308247332e+02 -1.6854536640e+02 6.8546596762e+03
3.9610000000e+00 4.5454778417e+02 -1.7144397499e+02 6.8634727075e+03
3.9620000000e+00 4.5613985013e+02 -1.7403830195e+02 6.8735063332e+03
3.9630000000e+00 4.5785172173e+02 -1.7627811476e+02 6.8846775188e+03
3.9640000000e+00 4.5967591681e+02 -1.7811651815e+02 6.8968430148e+03
3.9650000000e+00 4.6160451835e+02 -1.7951190252e+02 6.9098043231e+03
3.9660000000e+00 4.6362925378e+02 -1.8042965246e+02 6.9233176518e+03
3.9670000000e+00 4.6574152624e+02 -1.8084354712e+02 6.9371067025e+03
3.9680000000e+00 4.6793239596e+02 -1.8073682689e+02 6.9508764571e+03
3.9690000000e+00 4.7019253180e+02 -1.8010293434e+02 6.9643271149e+03
3.9700000000e+00 4.7251215943e+02 -1.7894592543e+02 6.9771681467e+03
3.9710000000e+00 4.7488102730e+02 -1.7728048754e+02 6.9891327121e+03
3.9720000000e+00 4.7728838885e+02 -1.7513145640e+02 6.9999924782e+03
3.9730000000e+00 4.7972298865e+02 -1.7253276159e+02 7.0095722369e+03
3.9740000000e+00 4.8217304135e+02 -1.6952584869e+02 7.0177630755e+03
3.9750000000e+00 4.8462620227e+02 -1.6615774364e+02 7.0245324182e+03
3.9760000000e+00 4.8706955140e+02 -1.6247895296e+02 7.0299289192e+03
3.9770000000e+00 4.8948961657e+02 -1.5854134663e+02 7.0340803496e+03
3.9780000000e+00 4.9187244978e+02 -1.5439612295e+02 7.0371832328e+03
3.9790000000e+00 4.9420375015e+02 -1.5009195142e+02 7.0394840745e+03
3.9800000000e+00 4.9646899977e+02 -1.4567339412e+02 7.0412537179e+03
3.9810000000e+00 4.9865357836e+02 -1.4117966655e+02 7.0427580975e+03
3.9820000000e+00 5.0074284146e+02 -1.3664374235e+02 7.0442299461e+03
3.9830000000e+00 5.0272217331e+02 -1.3209180489e+02 7.0458463185e+03
3.9840000000e+00 5.0457705408e+02 -1.2754310120e+02 7.0477156907e+03
3.9850000000e+00 5.0629318090e+02 -1.2301026589e+02 7.0498762194e+03
3.9860000000e+00 5.0785666410e+02 -1.1850007654e+02 7.0523041665e+03
3.9870000000e+00 5.0925429446e+02 -1.1401443844e+02 7.0549293193e+03
3.9880000000e+00 5.1047384495e+02 -1.0955132144e+02 7.0576531881e+03
3.9890000000e+00 5.1150435831e+02 -1.0510545704e+02 7.0603659547e+03
3.9900000000e+00 5.1233637433e+02 -1.0066878390e+02 7.0629594422e+03
3.9910000000e+00 5.1296206757e+02 -9.6230786879e+01 7.0653351835e+03
3.9920000000e+00 5.1337529705e+02 -9.1778926934e+01 7.0674082962e+03
3.9930000000e+00 5.1357159301e+02 -8.7299289840e+01 7.0691089338e+03
3.9940000000e+00 5.1354812157e+02 -8.2777423905e+01 7.0703831970e+03
3.9950000000e+00 5.1330367334e+02 -7.8199184611e+01 7.0711946458e+03
3.9960000000e+00 5.1283870290e+02 -7.3551364059e+01 7.0715263563e+03
3.9970000000e+00 5.1215542139e+02 -6.8821988633e+01 7.0713821149e+03
3.9980000000e+00 5.1125791687e+02 -6.4000350573e+01 7.0707845619e+03
3.9990000000e+00 5.1015225477e+02 -5.9076993058e+01 7.0697683798e+03
4.0000000000e+00 5.0884651476e+02 -5.4043921298e+01 7.0683679336e+03
4.0010000000e+00 5.0735073419e+02 -4.8895234705e+01 7.0666009889e+03
4.0020000000e+00 5.0567675670e+02 -4.3628180815e+01 7.0644523482e+03
4.0030000000e+00 5.0383801490e+02 -3.8244396060e+01 7.0618624412e+03
4.0040000000e+00 5.0184928414e+02 -3.2750941024e+01 7.0587255149e+03
4.0050000000e+00 4.9972644332e+02 -2.7160751204e+01 7.0548997982e+03
4.0060000000e+00 4.9748625741e+02 -2.1492297652e+01 7.0502285286e+03
4.0070000000e+00 4.9514616766e+02 -1.5768484338e+01 7.0445672466e+03
4.0080000000e+00 4.9272406301e+02 -1.0014994699e+01 7.0378105318e+03
4.0090000000e+00 4.9023800432e+02 -4.2583982859e+00 7.0299113598e+03
4.0100000000e+00 4.8770589364e+02 1.4756430412e+00 7.0208885411e+03
4.0110000000e+00 4.8514511092e+02 7.1637703515e+00 7.0108214852e+03
4.0120000000e+00 4.8257215532e+02 1.2785763637e+01 6.9998355337e+03
4.0130000000e+00 4.8000233258e+02 1.8324873105e+01 6.9880838313e+03
4.0140000000e+00 4.7744951258e+02 2.3767886115e+01 6.9757323558e+03
4.0150000000e+00 4.7492595987e+02 2.9105200849e+01 6.9629530231e+03
4.0160000000e+00 4.7244223670e+02 3.4331031433e+01 6.9499262928e+03
4.0170000000e+00 4.7000718091e+02 3.9443671217e+01 6.9368506998e+03
4.0180000000e+00 4.6762796745e+02 4.4445643308e+01 6.9239534366e+03
4.0190000000e+00 4.6531025589e+02 4.9343616694e+01 6.9114946834e+03
4.0200000000e+00 4.6305840511e+02 5.4148084415e+01 6.8997595106e+03
4.0210000000e+00 4.6087572464e+02 5.8872878154e+01 6.8890346007e+03
4.0220000000e+00 4.5876473225e+02 6.3534585610e+01 6.8795720270e+03
4.0230000000e+00 4.5672739679e+02 6.8151862961e+01 6.8715474908e+03
4.0240000000e+00 4.5476536598e+02 7.2744550815e+01 6.8650238778e+03
4.0250000000e+00 4.5288019036e+02 7.7332486037e+01 6.8599314556e+03
4.0260000000e+00 4.5107355851e+02 8.1933995337e+01 6.8560727972e+03
4.0270000000e+00 4.4934754939e+02 8.6564222340e+01 6.8531542305e+03
4.0280000000e+00 4.4770488047e+02 9.1233576121e+01 6.8508382188e+03
4.0290000000e+00 4.4614910692e+02 9.5946603325e+01 6.8488048020e+03
4.0300000000e+00 4.4468471440e+02 1.0070147796e+02 6.8468072359e+03
4.0310000000e+00 4.4331705935e+02 1.0549013381e+02 6.8447084816e+03
4.0320000000e+00 4.4205215169e+02 1.1029889946e+02 6.8424907120e+03
4.0330000000e+00 4.4089631402e+02 1.1510939063e+02 6.8402377577e+03
4.0340000000e+00 4.3985578036e+02 1.1989939486e+02 6.8380977198e+03
4.0350000000e+00 4.3893630706e+02 1.2464354984e+02 6.8362376237e+03
4.0360000000e+00 4.3814285266e+02 1.2931374399e+02 6.8348027724e+03
4.0370000000e+00 4.3747936549e+02 1.3387930371e+02 6.8338904543e+03
4.0380000000e+00 4.3694869273e+02 1.3830714376e+02 6.8335423141e+03
4.0390000000e+00 4.3655260243e+02 1.4256211125e+02 6.8337538543e+03
4.0400000000e+00 4.3629190001e+02 1.4660772074e+02 6.8344949815e+03
4.0410000000e+00 4.3616660889e+02 1.5040735622e+02 6.8357335711e+03
4.0420000000e+00 4.3617618197e+02 1.5392584421e+02 6.8374547403e+03
4.0430000000e+00 4.3631971133e+02 1.5713115981e+02 6.8396712929e+03
4.0440000000e+00 4.3659610564e+02 1.5999599279e+02 6.8424245084e+03
4.0450000000e+00 4.3700421795e+02 1.6249898931e+02 6.8457775763e+03
4.0460000000e+00 4.3754291712e+02 1.6462563719e+02 6.8498056204e+03
4.0470000000e+00 4.3821110518e+02 1.6636886593e+02 6.8545860271e+03
4.0480000000e+00 4.3900769097e+02 1.6772941944e+02 6.8601909652e+03
4.0490000000e+00 4.3993152824e+02 1.6871597527e+02 6.8666816927e+03
4.0500000000e+00 4.4098132470e+02 1.6934492157e+02 6.8741025952e+03
4.0510000000e+00 4.4215552983e+02 1.6963972398e+02 6.8824726761e+03
4.0520000000e+00 4.4345220839e+02 1.6962990825e+02 6.8917736516e+03
4.0530000000e+00 4.4486891395e+02 1.6934978527e+02 6.9019362152e+03
4.0540000000e+00 4.4640257909e+02 1.6883709845e+02 6.9128284225e+03
4.0550000000e+00 4.4804943723e+02 1.6813174298e+02 6.9242513937e+03
4.0560000000e+00 4.4980499105e+02 1.6727460095e+02 6.9359468753e+03
4.0570000000e+00 4.5166403156e+02 1.6630641694e+02 6.9476186598e+03
4.0580000000e+00 4.5362070318e+02 1.6526658230e+02 6.9589660660e+03
4.0590000000e+00 4.5566860275e+02 1.6419174358e+02 6.9697238597e+03
4.0600000000e+00 4.5780088860e+02 1.6311427159e+02 6.9797004265e+03
4.0610000000e+00 4.6001037283e+02 1.6206074420e+02 6.9888054835e+03
4.0620000000e+00 4.6228956767e+02 1.6105066174e+02 6.9970605774e+03
4.0630000000e+00 4.6463066084e+02 1.6009561754e+02 7.0045895471e+03
4.0640000000e+00 4.6702541283e+02 1.5919908933e+02 7.0115909312e+03
4.0650000000e+00 4.6946498689e+02 1.5835690845e+02 7.0182987427e+03
4.0660000000e+00 4.7193974462e+02 1.5755832584e+02 7.0249406244e+03
4.0670000000e+00 4.7443905363e+02 1.5678747171e+02 7.0317024323e+03
4.0680000000e+00 4.7695114908e+02 1.5602493850e+02 7.0387058782e+03
4.0690000000e+00 4.7946307768e+02 1.5524922211e+02 7.0460016905e+03
4.0700000000e+00 4.8196072905e+02 1.5443784084e+02 7.0535763200e+03
4.0710000000e+00 4.8442893819e+02 1.5356809511e+02 7.0613669585e+03
4.0720000000e+00 4.8685163627e+02 1.5261757942e+02 7.0692784721e+03
4.0730000000e+00 4.8921202880e+02 1.5156463549e+02 7.0771970872e+03
4.0740000000e+00 4.9149279577e+02 1.5038889968e+02 7.0849985774e+03
4.0750000000e+00 4.9367632387e+02 1.4907197977e+02 7.0925520114e+03
4.0760000000e+00 4.9574498274e+02 1.4759818135e+02 7.0997225183e+03
4.0770000000e+00 4.9768145275e+02 1.4595516352e+02 7.1063770422e+03
4.0780000000e+00 4.9946909576e+02 1.4413445048e+02 7.1123955852e+03
4.0790000000e+00 5.0109234203e+02 1.4213180533e+02 7.1176875514e+03
4.0800000000e+00 5.0253705919e+02 1.3994751039e+02 7.1222096680e+03
4.0810000000e+00 5.0379086581e+02 1.3758656764e+02 7.1259798937e+03
4.0820000000e+00 5.0484336264e+02 1.3505876125e+02 7.1290815642e+03
4.0830000000e+00 5.0568627212e+02 1.3237846584e+02 7.1316540610e+03
4.0840000000e+00 5.0631349079e+02 1.2956407646e+02 7.1338699701e+03
4.0850000000e+00 5.0672107644e+02 1.2663699371e+02 7.1359027579e+03
4.0860000000e+00 5.0690719865e+02 1.2362020975e+02 7.1378922010e+03
4.0870000000e+00 5.0687208145e+02 1.2053666025e+02 7.1399159838e+03
4.0880000000e+00 5.0661796200e+02 1.1740757090e+02 7.1419744575e+03
4.0890000000e+00 5.0614907356e+02 1.1425100486e+02 7.1439920210e+03
4.0900000000e+00 5.0547164474e+02 1.1108073300e+02 7.1458338876e+03
4.0910000000e+00 5.0459389218e+02 1.0790544938e+02 7.1473326853e+03
4.0920000000e+00 5.0352597138e+02 1.0472827508e+02 7.1483168899e+03
4.0930000000e+00 5.0227985573e+02 1.0154645103e+02 7.1486331781e+03
4.0940000000e+00 5.0086912506e+02 9.8351130162e+01 7.1481574197e+03
4.0950000000e+00 4.9930866452e+02 9.5127246807e+01 7.1467932754e+03
4.0960000000e+00 4.9761429877e+02 9.1853541185e+01 7.1444617224e+03
4.0970000000e+00 4.9580239728e+02 8.8502896881e+01 7.1410878937e+03
4.0980000000e+00 4.9388949053e+02 8.5043160676e+01 7.1365923119e+03
4.0990000000e+00 4.9189192809e+02 8.1438543485e+01 7.1308917707e+03
4.1000000000e+00 4.8982559305e+02 7.7651570159e+01 7.1239114406e+03
4.1010000000e+00 4.8770567918e+02 7.3645402476e+01 7.1156055058e+03
4.1020000000e+00 4.8554653184e+02 6.9386260379e+01 7.1059802773e+03
4.1030000000e+00 4.8336155218e+02 6.4845655815e+01 7.0951122997e+03
4.1040000000e+00 4.8116316323e+02 6.0002227430e+01 7.0831549283e+03
4.1050000000e+00 4.7896282294e+02 5.4843062763e+01 7.0703299504e+03
4.1060000000e+00 4.7677105764e+02 4.9364456691e+01 7.0569049887e+03
4.1070000000e+00 4.7459748598e+02 4.3572073179e+01 7.0431614779e+03
4.1080000000e+00 4.7245081385e+02 3.7480493018e+01 7.0293607604e+03
4.1090000000e+00 4.7033880810e+02 3.1112187091e+01 7.0157163598e+03
4.1100000000e+00 4.6826827575e+02 2.4496052010e+01 7.0023787274e+03
4.1110000000e+00 4.6624507913e+02 1.7665741313e+01 6.9894351367e+03
4.1120000000e+00 4.6427420498e+02 1.0658068598e+01 6.9769229736e+03
4.1130000000e+00 4.6235988108e+02 3.5117193776e+00 6.9648509450e+03
4.1140000000e+00 4.6050571662e+02 -3.7335988128e+00 6.9532208727e+03
4.1150000000e+00 4.5871483617e+02 -1.1037574399e+01 6.9420434566e+03
4.1160000000e+00 4.5698998143e+02 -1.8359406246e+01 6.9313444394e+03
4.1170000000e+00 4.5533357567e+02 -2.5657815689e+01 6.9211616561e+03
4.1180000000e+00 4.5374776243e+02 -3.2891161575e+01 6.9115369040e+03
4.1190000000e+00 4.5223444115e+02 -4.0017798337e+01 6.9025080505e+03
4.1200000000e+00 4.5079532192e+02 -4.6996709644e+01 6.8941057842e+03
4.1210000000e+00 4.4943200127e+02 -5.3788348229e+01 6.8863564852e+03
4.1220000000e+00 4.4814604359e+02 -6.0355543837e+01 6.8792891624e+03
4.1230000000e+00 4.4693904415e+02 -6.6664322339e+01 6.8729419820e+03
4.1240000000e+00 4.4581265637e+02 -7.2684521468e+01 6.8673637003e+03
4.1250000000e+00 4.4476858474e+02 -7.8390178905e+01 6.8626073286e+03
4.1260000000e+00 4.4380855580e+02 -8.3759758421e+01 6.8587167563e+03
4.1270000000e+00 4.4293428404e+02 -8.8776310717e+01 6.8557103153e+03
4.1280000000e+00 4.4214744785e+02 -9.3427630417e+01 6.8535670557e+03
4.1290000000e+00 4.4144968135e+02 -9.7706412625e+01 6.8522211900e+03
4.1300000000e+00 4.4084258273e+02 -1.0161036410e+02 6.8515677670e+03
4.1310000000e+00 4.4032773645e+02 -1.0514219169e+02 6.8514791224e+03
4.1320000000e+00 4.3990674503e+02 -1.0830937622e+02 6.8518282123e+03
4.1330000000e+00 4.3958126675e+02 -1.1112365741e+02 6.8525125777e+03
4.1340000000e+00 4.3935304935e+02 -1.1360021347e+02 6.8534722716e+03
4.1350000000e+00 4.3922394413e+02 -1.1575658981e+02 6.8546967010e+03
4.1360000000e+00 4.3919588599e+02 -1.1761147140e+02 6.8562185165e+03
4.1370000000e+00 4.3927082967e+02 -1.1918339573e+02 6.8580965431e+03
4.1380000000e+00 4.3945064653e+02 -1.2048949594e+02 6.8603929807e+03
4.1390000000e+00 4.3973699908e+02 -1.2154437752e+02 6.8631516698e+03
4.1400000000e+00 4.4013121492e+02 -1.2235926043e+02 6.8663836267e+03
4.1410000000e+00 4.4063418126e+02 -1.2294152652e+02 6.8700634538e+03
4.1420000000e+00 4.4124626936e+02 -1.2329478103e+02 6.8741365746e+03
4.1430000000e+00 4.4196728652e+02 -1.2341946444e+02 6.8785337668e+03
4.1440000000e+00 4.4279644847e+02 -1.2331395391e+02 6.8831873555e+03
4.1450000000e+00 4.4373236202e+02 -1.2297599734e+02 6.8880433786e+03
4.1460000000e+00 4.4477301432e+02 -1.2240424909e+02 6.8930658914e+03
4.1470000000e+00 4.4591577100e+02 -1.2159965079e+02 6.8982326327e+03
4.1480000000e+00 4.4715738605e+02 -1.2056643774e+02 6.9035243972e+03
4.1490000000e+00 4.4849402707e+02 -1.1931264443e+02 6.9089125510e+03
4.1500000000e+00 4.4992131385e+02 -1.1785011061e+02 6.9143496762e+03
4.1510000000e+00 4.5143436518e+02 -1.1619410746e+02 6.9197671535e+03
4.1520000000e+00 4.5302784883e+02 -1.1436277158e+02 6.9250810827e+03
4.1530000000e+00 4.5469602660e+02 -1.1237653033e+02 6.9302051670e+03
4.1540000000e+00 4.5643278800e+02 -1.1025762807e+02 6.9350668647e+03
4.1550000000e+00 4.5823166577e+02 -1.0802975788e+02 6.9396220505e+03
4.1560000000e+00 4.6008582583e+02 -1.0571772397e+02 6.9438639386e+03
4.1570000000e+00 4.6198802912e+02 -1.0334704405e+02 6.9478238489e+03
4.1580000000e+00 4.6393056606e+02 -1.0094344391e+02 6.9515639835e+03
4.1590000000e+00 4.6590517224e+02 -9.8532257277e+01 6.9551648274e+03
4.1600000000e+00 4.6790294135e+02 -9.6137792444e+01 6.9587112225e+03
4.1610000000e+00 4.6991425143e+02 -9.3782754636e+01 6.9622811787e+03
4.1620000000e+00 4.7192872050e+02 -9.1487812110e+01 6.9659400753e+03
4.1630000000e+00 4.7393520210e+02 -8.9271355761e+01 6.9697406616e+03
4.1640000000e+00 4.7592182366e+02 -8.7149436779e+01 6.9737270562e+03
4.1650000000e+00 4.7787606755e+02 -8.5135811574e+01 6.9779395572e+03
4.1660000000e+00 4.7978488884e+02 -8.3242013487e+01 6.9824170027e+03
4.1670000000e+00 4.8163486128e+02 -8.1477396170e+01 6.9871946104e+03
4.1680000000e+00 4.8341234325e+02 -7.9849116750e+01 6.9922972111e+03
4.1690000000e+00 4.8510365413e+02 -7.8362029799e+01 6.9977298442e+03
4.1700000000e+00 4.8669525556e+02 -7.7018458829e+01 7.0034690178e+03
4.1710000000e+00 4.8817393564e+02 -7.5817825738e+01 7.0094581192e+03
4.1720000000e+00 4.8952699526e+02 -7.4756155795e+01 7.0156094111e+03
4.1730000000e+00 4.9074243904e+02 -7.3825524416e+01 7.0218130511e+03
4.1740000000e+00 4.9180916987e+02 -7.3013559002e+01 7.0279513840e+03
4.1750000000e+00 4.9271718156e+02 -7.2303140783e+01 7.0339150120e+03
4.1760000000e+00 4.9345774010e+02 -7.1672452134e+01 7.0396164606e+03
4.1770000000e+00 4.9402353972e+02 -7.1095470101e+01 7.0449979262e+03
4.1780000000e+00 4.9440882384e+02 -7.0542915567e+01 7.0500313171e+03
4.1790000000e+00 4.9460946671e+02 -6.9983553074e+01 7.0547110520e+03
4.1800000000e+00 4.9462301833e+02 -6.9385636592e+01 7.0590421202e+03
4.1810000000e+00 4.9444872374e+02 -6.8718249520e+01 7.0630270140e+03
4.1820000000e+00 4.9408752851e+02 -6.7952316705e+01 7.0666550871e+03
4.1830000000e+00 4.9354208012e+02 -6.7061166524e+01 7.0698967630e+03
4.1840000000e+00 4.9281673025e+02 -6.6020654888e+01 7.0727032944e+03
4.1850000000e+00 4.9191753258e+02 -6.4808975531e+01 7.0750111399e+03
4.1860000000e+00 4.9085222688e+02 -6.3406330829e+01 7.0767489727e+03
4.1870000000e+00 4.8963019514e+02 -6.1794616658e+01 7.0778451040e+03
4.1880000000e+00 4.8826237439e+02 -5.9957209098e+01 7.0782335839e+03
4.1890000000e+00 4.8676111493e+02 -5.7878869089e+01 7.0778580544e+03
4.1900000000e+00 4.8513997665e+02 -5.5545730521e+01 7.0766732536e+03
4.1910000000e+00 4.8341346320e+02 -5.2945317354e+01 7.0746446054e+03
4.1920000000e+00 4.8159670339e+02 -5.0066548310e+01 7.0717465457e+03
4.1930000000e+00 4.7970509455e+02 -4.6899727062e+01 7.0679602734e+03
4.1940000000e+00 4.7775393044e+02 -4.3436560607e+01 7.0632715364e+03
4.1950000000e+00 4.7575803939e+02 -3.9670265577e+01 7.0576690911e+03
4.1960000000e+00 4.7373145840e+02 -3.5595797624e+01 7.0511445488e+03
4.1970000000e+00 4.7168716912e+02 -3.1210196167e+01 7.0436942947e+03
4.1980000000e+00 4.6963691354e+02 -2.6513007933e+01 7.0353239455e+03
4.1990000000e+00 4.6759109849e+02 -2.1506746134e+01 7.0260552216e+03
4.2000000000e+00 4.6555878642e+02 -1.6197340040e+01 7.0159342093e+03
4.2010000000e+00 4.6354775716e+02 -1.0594519986e+01 7.0050391004e+03
4.2020000000e+00 4.6156461954e+02 -4.7120740780e+00 6.9934848885e+03
4.2030000000e+00 4.5961494967e+02 1.4320856045e+00 6.9814226038e+03
4.2040000000e+00 4.5770343512e+02 7.8160985951e+00 6.9690316524e+03
4.2050000000e+00 4.5583401267e+02 1.4414605011e+01 6.9565055327e+03
4.2060000000e+00 4.5400999346e+02 2.1199467502e+01 6.9440332273e+03
4.2070000000e+00 4.5223417749e+02 2.8140713549e+01 6.9317802290e+03
4.2080000000e+00 4.5050896538e+02 3.5207581789e+01 6.9198738059e+03
4.2090000000e+00 4.4883647398e+02 4.2369505795e+01 6.9083964475e+03
4.2100000000e+00 4.4721866066e+02 4.9596854760e+01 6.8973894889e+03
4.2110000000e+00 4.4565745447e+02 5.6861288935e+01 6.8868662444e+03
4.2120000000e+00 4.4415488593e+02 6.4135674602e+01 6.8768313293e+03
4.2130000000e+00 4.4271320474e+02 7.1393612416e+01 6.8673009862e+03
4.2140000000e+00 4.4133497202e+02 7.8608727213e+01 6.8583188059e+03
4.2150000000e+00 4.4002311545e+02 8.5753912064e+01 6.8499623334e+03
4.2160000000e+00 4.3878093946e+02 9.2800705014e+01 6.8423384306e+03
4.2170000000e+00 4.3761208593e+02 9.9718921356e+01 6.8355682836e+03
4.2180000000e+00 4.3652045063e+02 1.0647659372e+02 6.8297657202e+03
4.2190000000e+00 4.3551006876e+02 1.1304021033e+02 6.8250143453e+03
4.2200000000e+00 4.3458498894e+02 1.1937519741e+02 6.8213493601e+03
4.2210000000e+00 4.3374915769e+02 1.2544656696e+02 6.8187486734e+03
4.2220000000e+00 4.3300632982e+02 1.3121965239e+02 6.8171354571e+03
4.2230000000e+00 4.3236001124e+02 1.3666087629e+02 6.8163913267e+03
4.2240000000e+00 4.3181343107e+02 1.4173852307e+02 6.8163767034e+03
4.2250000000e+00 4.3136953048e+02 1.4642350140e+02 6.8169534395e+03
4.2260000000e+00 4.3103095535e+02 1.5069007181e+02 6.8180047290e+03
4.2270000000e+00 4.3080004220e+02 1.5451650069e+02 6.8194485817e+03
4.2280000000e+00 4.3067879153e+02 1.5788560422e+02 6.8212431844e+03
4.2290000000e+00 4.3066882997e+02 1.6078516137e+02 6.8233845397e+03
4.2300000000e+00 4.3077136494e+02 1.6320818891e+02 6.8258983053e+03
4.2310000000e+00 4.3098713787e+02 1.6515307112e+02 6.8288283608e+03
4.2320000000e+00 4.3131638226e+02 1.6662353249e+02 6.8322243785e+03
4.2330000000e+00 4.3175878989e+02 1.6762844319e+02 6.8361299066e+03
4.2340000000e+00 4.3231348882e+02 1.6818145022e+02 6.8405716462e+03
4.2350000000e+00 4.3297903499e+02 1.6830043475e+02 6.8455501506e+03
4.2360000000e+00 4.3375341800e+02 1.6800681514e+02 6.8510322317e+03
4.2370000000e+00 4.3463408209e+02 1.6732475210e+02 6.8569458081e+03
4.2380000000e+00 4.3561796042e+02 1.6628035490e+02 6.8631784954e+03
4.2390000000e+00 4.3670152162e+02 1.6490100968e+02 6.8695814533e+03
4.2400000000e+00 4.3788082737e+02 1.6321493341e+02 6.8759795974e+03
4.2410000000e+00 4.3915159832e+02 1.6125099954e+02 6.8821881947e+03
4.2420000000e+00 4.4050928621e+02 1.5903879891e+02 6.8880342407e+03
4.2430000000e+00 4.4194914660e+02 1.5660882197e+02 6.8933793957e+03
4.2440000000e+00 4.4346630355e+02 1.5399260653e+02 6.8981401741e+03
4.2450000000e+00 4.4505579609e+02 1.5122270737e+02 6.9023009613e+03
4.2460000000e+00 4.4671259514e+02 1.4833240448e+02 6.9059165426e+03
4.2470000000e+00 4.4843158339e+02 1.4535514610e+02 6.9091029273e+03
4.2480000000e+00 4.5020749729e+02 1.4232379318e+02 6.9120178406e+03
4.2490000000e+00 4.5203483672e+02 1.3926977624e+02 6.9148346258e+03
4.2500000000e+00 4.5390775545e+02 1.3622228724e+02 6.9177147366e+03
4.2510000000e+00 4.5581994838e+02 1.3320761077e+02 6.9207841064e+03
4.2520000000e+00 4.5776455083e+02 1.3024865556e+02 6.9241174570e+03
4.2530000000e+00 4.5973406317e+02 1.2736469612e+02 6.9277324408e+03
4.2540000000e+00 4.6172030767e+02 1.2457129830e+02 6.9315930915e+03
4.2550000000e+00 4.6371441888e+02 1.2188039407e+02 6.9356200749e+03
4.2560000000e+00 4.6570686467e+02 1.1930048239e+02 6.9397042357e+03
4.2570000000e+00 4.6768749077e+02 1.1683694371e+02 6.9437201160e+03
4.2580000000e+00 4.6964558352e+02 1.1449245073e+02 6.9475372400e+03
4.2590000000e+00 4.7156994655e+02 1.1226744542e+02 6.9510285630e+03
4.2600000000e+00 4.7344898969e+02 1.1016064370e+02 6.9540769124e+03
4.2610000000e+00 4.7527083264e+02 1.0816953128e+02 6.9565809900e+03
4.2620000000e+00 4.7702342493e+02 1.0629082174e+02 6.9584623684e+03
4.2630000000e+00 4.7869468359e+02 1.0452085531e+02 6.9596739313e+03
4.2640000000e+00 4.8027264688e+02 1.0285592675e+02 6.9602088478e+03
4.2650000000e+00 4.8174563727e+02 1.0129253828e+02 6.9601080041e+03
4.2660000000e+00 4.8310242591e+02 9.9827568626e+01 6.9594632910e+03
4.2670000000e+00 4.8433238952e+02 9.8458329458e+01 6.9584145983e+03
4.2680000000e+00 4.8542565349e+02 9.7182459413e+01 6.9571396812e+03
4.2690000000e+00 4.8637322047e+02 9.5997608587e+01 6.9558378129e+03
4.2700000000e+00 4.8716708698e+02 9.4900901560e+01 6.9547098210e+03
4.2710000000e+00 4.8780035520e+02 9.3888224106e+01 6.9539380966e+03
4.2720000000e+00 4.8826734746e+02 9.2953435413e+01 6.9536701661e+03
4.2730000000e+00 4.8856372783e+02 9.2087642751e+01 6.9540084146e+03
4.2740000000e+00 4.8868663139e+02 9.1278673086e+01 6.9550068557e+03
4.2750000000e+00 4.8863479544e+02 9.0510833966e+01 6.9566740362e+03
4.2760000000e+00 4.8840868109e+02 8.9764989402e+01 6.9589798062e+03
4.2770000000e+00 4.8801057183e+02 8.9018910471e+01 6.9618631920e+03
4.2780000000e+00 4.8744463322e+02 8.8247813554e+01 6.9652391059e+03
4.2790000000e+00 4.8671692090e+02 8.7424978182e+01 6.9690028585e+03
4.2800000000e+00 4.8583532902e+02 8.6522342808e+01 6.9730329423e+03
4.2810000000e+00 4.8480947580e+02 8.5511007976e+01 6.9771937571e+03
4.2820000000e+00 4.8365052996e+02 8.4361623293e+01 6.9813403268e+03
4.2830000000e+00 4.8237098503e+02 8.3044679447e+01 6.9853265084e+03
4.2840000000e+00 4.8098439036e+02 8.1530752536e+01 6.9890168325e+03
4.2850000000e+00 4.7950504879e+02 7.9790751848e+01 6.9923004295e+03
4.2860000000e+00 4.7794768956e+02 7.7796214106e+01 6.9951041568e+03
4.2870000000e+00 4.7632712578e+02 7.5519678864e+01 6.9974015124e+03
4.2880000000e+00 4.7465790816e+02 7.2935172186e+01 6.9992145264e+03
4.2890000000e+00 4.7295398946e+02 7.0018811143e+01 7.0006074347e+03
4.2900000000e+00 4.7122841996e+02 6.6749516407e+01 7.0016730619e+03
4.2910000000e+00 4.6949309574e+02 6.3109790119e+01 7.0025148192e+03
4.2920000000e+00 4.6775858030e+02 5.9086491734e+01 7.0032284095e+03
4.2930000000e+00 4.6603401476e+02 5.4671532431e+01 7.0038872998e+03
4.2940000000e+00 4.6432712053e+02 4.9862409633e+01 7.0045348140e+03
4.2950000000e+00 4.6264428823e+02 4.4662521928e+01 7.0051836796e+03
4.2960000000e+00 4.6099073577e+02 3.9081242146e+01 7.0058216974e+03
4.2970000000e+00 4.5937071087e+02 3.3133773412e+01 7.0064206021e+03
4.2980000000e+00 4.5778771117e+02 2.6840848982e+01 7.0069446345e+03
4.2990000000e+00 4.5624469547e+02 2.0228342091e+01 7.0073560113e+03
4.3000000000e+00 4.5474426577e+02 1.3326827291e+01 7.0076160689e+03
4.3010000000e+00 4.5328880809e+02 6.1710974724e+00 7.0076827763e+03
4.3020000000e+00 4.5188058818e+02 -1.2003895437e+00 7.0075069031e+03
4.3030000000e+00 4.5052180586e+02 -8.7461701261e+00 7.0070297760e+03
4.3040000000e+00 4.4921461618e+02 -1.6422559650e+01 7.0061850960e+03
4.3050000000e+00 4.4796112668e+02 -2.4184548577e+01 7.0049058444e+03
4.3060000000e+00 4.4676338038e+02 -3.1986754422e+01 7.0031353735e+03
4.3070000000e+00 4.4562333251e+02 -3.9784344709e+01 7.0008400775e+03
4.3080000000e+00 4.4454282718e+02 -4.7533837607e+01 6.9980201392e+03
4.3090000000e+00 4.4352358021e+02 -5.5193701173e+01 6.9947150778e+03
4.3100000000e+00 4.4256717169e+02 -6.2724706664e+01 6.9910021424e+03
4.3110000000e+00 4.4167505185e+02 -7.0090038610e+01 6.9869875503e+03
4.3120000000e+00 4.4084856284e+02 -7.7255211856e+01 6.9827925393e+03
4.3130000000e+00 4.4008897714e+02 -8.4187876166e+01 6.9785375997e+03
4.3140000000e+00 4.3939755283e+02 -9.0857591338e+01 6.9743285841e+03
4.3150000000e+00 4.3877560209e+02 -9.7235638868e+01 6.9702476383e+03
4.3160000000e+00 4.3822456543e+02 -1.0329491459e+02 6.9663503098e+03
4.3170000000e+00 4.3774608112e+02 -1.0900992961e+02 6.9626683258e+03
4.3180000000e+00 4.3734203546e+02 -1.1435693217e+02 6.9592160347e+03
4.3190000000e+00 4.3701458035e+02 -1.1931414203e+02 6.9559978169e+03
4.3200000000e+00 4.3676610869e+02 -1.2386206415e+02 6.9530140791e+03
4.3210000000e+00 4.3659918330e+02 -1.2798382710e+02 6.9502645335e+03
4.3220000000e+00 4.3651642492e+02 -1.3166548212e+02 6.9477488688e+03
4.3230000000e+00 4.3652037059e+02 -1.3489620490e+02 6.9454660942e+03
4.3240000000e+00 4.3661331880e+02 -1.3766836153e+02 6.9434143235e+03
4.3250000000e+00 4.3679717875e+02 -1.3997742961e+02 6.9415923926e+03
4.3260000000e+00 4.3707333700e+02 -1.4182180272e+02 6.9400036765e+03
4.3270000000e+00 4.3744255021e+02 -1.4320253663e+02 6.9386611838e+03
4.3280000000e+00 4.3790486745e+02 -1.4412310500e+02 6.9375920503e+03
4.3290000000e+00 4.3845958100e+02 -1.4458921539e+02 6.9368393273e+03
4.3300000000e+00 4.3910520484e+02 -1.4460870226e+02 6.9364595772e+03
4.3310000000e+00 4.3983947903e+02 -1.4419148218e+02 6.9365160887e+03
4.3320000000e+00 4.4065939966e+02 -1.4334953978e+02 6.9370690211e+03
4.3330000000e+00 4.4156127471e+02 -1.4209691268e+02 6.9381649228e+03
4.3340000000e+00 4.4254080460e+02 -1.4044965748e+02 6.9398284486e+03
4.3350000000e+00 4.4359318465e+02 -1.3842579799e+02 6.9420585171e+03
4.3360000000e+00 4.4471322316e+02 -1.3604527528e+02 6.9448297929e+03
4.3370000000e+00 4.4589546501e+02 -1.3332992712e+02 6.9480987191e+03
4.3380000000e+00 4.4713430940e+02 -1.3030351716e+02 6.9518118909e+03
4.3390000000e+00 4.4842410898e+02 -1.2699181657e+02 6.9559138767e+03
4.3400000000e+00 4.4975924001e+02 -1.2342271519e+02 6.9603518826e+03
4.3410000000e+00 4.5113413813e+02 -1.1962631505e+02 6.9650758086e+03
4.3420000000e+00 4.5254329871e+02 -1.1563494432e+02 6.9700339058e+03
4.3430000000e+00 4.5398124735e+02 -1.1148303271e+02 6.9751657911e+03
4.3440000000e+00 4.5544249008e+02 -1.0720681149e+02 6.9803955325e+03
4.3450000000e+00 4.5692145329e+02 -1.0284383080e+02 6.9856275312e+03
4.3460000000e+00 4.5841242405e+02 -9.8432310834e+01 6.9907470206e+03
4.3470000000e+00 4.5990949748e+02 -9.4010360422e+01 6.9956255220e+03
4.3480000000e+00 4.6140653431e+02 -8.9615111957e+01 7.0001300409e+03
4.3490000000e+00 4.6289712928e+02 -8.5281838705e+01 7.0041336968e+03
4.3500000000e+00 4.6437458783e+02 -8.1043134027e+01 7.0075252265e+03
4.3510000000e+00 4.6583190963e+02 -7.6928232521e+01 7.0102153860e+03
4.3520000000e+00 4.6726177896e+02 -7.2962538119e+01 7.0121394917e+03
4.3530000000e+00 4.6865656377e+02 -6.9167395353e+01 7.0132566978e+03
4.3540000000e+00 4.7000832831e+02 -6.5560101621e+01 7.0135475912e+03
4.3550000000e+00 4.7130886443e+02 -6.2154117168e+01 7.0130119927e+03
4.3560000000e+00 4.7254974587e+02 -5.8959395427e+01 7.0116683626e+03
4.3570000000e+00 4.7372240761e+02 -5.5982742458e+01 7.0095551422e+03
4.3580000000e+00 4.7481824756e+02 -5.3228128055e+01 7.0067331575e+03
4.3590000000e+00 4.7582874458e+02 -5.0696907201e+01 7.0032873097e+03
4.3600000000e+00 4.7674558446e+02 -4.8387952277e+01 6.9993255593e+03
4.3610000000e+00 4.7756078450e+02 -4.6297725820e+01 6.9949737902e+03
4.3620000000e+00 4.7826681096e+02 -4.4420332494e+01 6.9903663199e+03
4.3630000000e+00 4.7885668640e+02 -4.2747580352e+01 6.9856332359e+03
4.3640000000e+00 4.7932408884e+02 -4.1269062611e+01 6.9808868874e+03
4.3650000000e+00 4.7966344807e+02 -3.9972250431e+01 6.9762103488e+03
4.3660000000e+00 4.7987004438e+02 -3.8842573308e+01 6.9716503388e+03
4.3670000000e+00 4.7994011385e+02 -3.7863464174e+01 6.9672159904e+03
4.3680000000e+00 4.7987096064e+02 -3.7016362509e+01 6.9628834133e+03
4.3690000000e+00 4.7966107109e+02 -3.6280694055e+01 6.9586045964e+03
4.3700000000e+00 4.7931022194e+02 -3.5633869614e+01 6.9543183027e+03
4.3710000000e+00 4.7881957127e+02 -3.5051357591e+01 6.9499604702e+03
4.3720000000e+00 4.7819172141e+02 -3.4506878406e+01 6.9454722171e+03
4.3730000000e+00 4.7743074495e+02 -3.3972743364e+01 6.9408046259e+03
4.3740000000e+00 4.7654216767e+02 -3.3420325217e+01 6.9359206625e+03
4.3750000000e+00 4.7553290733e+02 -3.2820617206e+01 6.9307954364e+03
4.3760000000e+00 4.7441116967e+02 -3.2144822262e+01 6.9254162853e+03
4.3770000000e+00 4.7318630575e+02 -3.1364913645e+01 6.9197838044e+03
4.3780000000e+00 4.7186863615e+02 -3.0454116058e+01 6.9139141112e+03
4.3790000000e+00 4.7046924744e+02 -2.9387267740e+01 6.9078417019e+03
4.3800000000e+00 4.6899976651e+02 -2.8141041306e+01 6.9016215830e+03
4.3810000000e+00 4.6747211971e+02 -2.6694023853e+01 6.8953292178e+03
4.3820000000e+00 4.6589828396e+02 -2.5026680461e+01 6.8890573105e+03
4.3830000000e+00 4.6429004061e+02 -2.3121244931e+01 6.8829093787e+03
4.3840000000e+00 4.6265874454e+02 -2.0961594879e+01 6.8769911237e+03
4.3850000000e+00 4.6101512193e+02 -1.8533173558e+01 6.8714014036e+03
4.3860000000e+00 4.5936911024e+02 -1.5823013812e+01 6.8662248395e+03
4.3870000000e+00 4.5772974980e+02 -1.2819896085e+01 6.8615276497e+03
4.3880000000e+00 4.5610513152e+02 -9.5146364033e+00 6.8573573319e+03
4.3890000000e+00 4.5450239899e+02 -5.9004638857e+00 6.8537456303e+03
4.3900000000e+00 4.5292779645e+02 -1.9734238023e+00 6.8507132544e+03
4.3910000000e+00 4.5138675040e+02 2.2672604957e+00 6.8482743637e+03
4.3920000000e+00 4.4988397030e+02 6.8189182858e+00 6.8464390969e+03
4.3930000000e+00 4.4842355456e+02 1.1675280925e+01 6.8452132949e+03
4.3940000000e+00 4.4700909161e+02 1.6826448720e+01 6.8445957265e+03
4.3950000000e+00 4.4564374957e+02 2.2258952102e+01 6.8445742087e+03
4.3960000000e+00 4.4433035267e+02 2.7955872842e+01 6.8451225780e+03
4.3970000000e+00 4.4307144556e+02 3.3896994258e+01 6.8462003389e+03
4.3980000000e+00 4.4186934732e+02 4.0058965347e+01 6.8477560146e+03
4.3990000000e+00 4.4072619686e+02 4.6415483723e+01 6.8497339960e+03
4.4000000000e+00 4.3964398958e+02 5.2937517169e+01 6.8520834631e+03
4.4010000000e+00 4.3862460369e+02 5.9593586581e+01 6.8547671492e+03
4.4020000000e+00 4.3766981583e+02 6.6350122682e+01 6.8577675948e+03
4.4030000000e+00 4.3678130585e+02 7.3171890558e+01 6.8610891643e+03
4.4040000000e+00 4.3596065409e+02 8.0022457258e+01 6.8647552449e+03
4.4050000000e+00 4.3520933657e+02 8.6864667858e+01 6.8688013419e+03
4.4060000000e+00 4.3452872407e+02 9.3661097159e+01 6.8732658212e+03
4.4070000000e+00 4.3392009131e+02 1.0037445215e+02 6.8781804973e+03
4.4080000000e+00 4.3338463935e+02 1.0696790972e+02 6.8835630428e+03
4.4090000000e+00 4.3292353105e+02 1.1340538361e+02 6.8894124132e+03
4.4100000000e+00 4.3253793593e+02 1.1965172592e+02 6.8957074486e+03
4.4110000000e+00 4.3222907688e+02 1.2567288271e+02 6.9024079088e+03
4.4120000000e+00 4.3199826960e+02 1.3143603401e+02 6.9094566947e+03
4.4130000000e+00 4.3184694567e+02 1.3690975442e+02 6.9167820593e+03
4.4140000000e+00 4.3177665166e+02 1.4206422882e+02 6.9242991363e+03
4.4150000000e+00 4.3178902036e+02 1.4687154915e+02 6.9319108485e+03
4.4160000000e+00 4.3188571458e+02 1.5130609982e+02 6.9395089160e+03
4.4170000000e+00 4.3206834796e+02 1.5534501297e+02 6.9469759814e+03
4.4180000000e+00 4.3233839084e+02 1.5896864627e+02 6.9541896628e+03
4.4190000000e+00 4.3269707029e+02 1.6216101848e+02 6.9610287518e+03
4.4200000000e+00 4.3314527278e+02 1.6491013776e+02 6.9673809665e+03
4.4210000000e+00 4.3368345640e+02 1.6720817492e+02 6.9731509988e+03
4.4220000000e+00 4.3431157634e+02 1.6905146095e+02 6.9782673165e+03
4.4230000000e+00 4.3502902610e+02 1.7044031809e+02 6.9826864151e+03
4.4240000000e+00 4.3583459530e+02 1.7137875990e+02 6.9863939041e+03
4.4250000000e+00 4.3672644510e+02 1.7187411207e+02 6.9894027183e+03
4.4260000000e+00 4.3770210257e+02 1.7193660834e+02 6.9917495309e+03
4.4270000000e+00 4.3875847487e+02 1.7157900467e+02 6.9934908350e+03
4.4280000000e+00 4.3989188339e+02 1.7081623375e+02 6.9946999958e+03
4.4290000000e+00 4.4109811628e+02 1.6966510063e+02 6.9954659120e+03
4.4300000000e+00 4.4237249466e+02 1.6814400719e+02 6.9958930160e+03
4.4310000000e+00 4.4370994615e+02 1.6627269188e+02 6.9961014979e+03
4.4320000000e+00 4.4510507738e+02 1.6407197956e+02 6.9962262061e+03
4.4330000000e+00 4.4655223703e+02 1.6156354818e+02 6.9964128208e+03
4.4340000000e+00 4.4804556336e+02 1.5876972669e+02 6.9968105947e+03
4.4350000000e+00 4.4957901272e+02 1.5571333826e+02 6.9975620176e+03
4.4360000000e+00 4.5114636994e+02 1.5241759547e+02 6.9987908038e+03
4.4370000000e+00 4.5274124543e+02 1.4890604383e+02 7.0005903037e+03
4.4380000000e+00 4.5435706520e+02 1.4520254173e+02 7.0030145578e+03
4.4390000000e+00 4.5598706145e+02 1.4133125850e+02 7.0060736767e+03
4.4400000000e+00 4.5762426906e+02 1.3731666768e+02 7.0097342411e+03
4.4410000000e+00 4.5926153050e+02 1.3318350984e+02 7.0139242699e+03
4.4420000000e+00 4.6089150917e+02 1.2895670123e+02 7.0185413533e+03
4.4430000000e+00 4.6250670782e+02 1.2466117234e+02 7.0234621024e+03
4.4440000000e+00 4.6409948920e+02 1.2032163079e+02 7.0285511997e+03
4.4450000000e+00 4.6566209653e+02 1.1596225660e+02 7.0336689598e+03
4.4460000000e+00 4.6718667354e+02 1.1160635350e+02 7.0386771760e+03
4.4470000000e+00 4.6866528684e+02 1.0727599596e+02 7.0434437743e+03
4.4480000000e+00 4.7008995398e+02 1.0299172123e+02 7.0478471731e+03
4.4490000000e+00 4.7145268085e+02 9.8772311867e+01 7.0517811149e+03
4.4500000000e+00 4.7274551112e+02 9.4634697621e+01 7.0551601541e+03
4.4510000000e+00 4.7396058699e+02 9.0593980329e+01 7.0579252078e+03
4.4520000000e+00 4.7509021871e+02 8.6663560068e+01 7.0600478984e+03
4.4530000000e+00 4.7612695904e+02 8.2855319203e+01 7.0615321574e+03
4.4540000000e+00 4.7706367794e+02 7.9179807338e+01 7.0624118491e+03
4.4550000000e+00 4.7789363553e+02 7.5646367972e+01 7.0627439876e+03
4.4560000000e+00 4.7861055325e+02 7.2263159502e+01 7.0625982280e+03
4.4570000000e+00 4.7920868598e+02 6.9037047012e+01 7.0620443713e+03
4.4580000000e+00 4.7968289998e+02 6.5973370632e+01 7.0611402657e+03
4.4590000000e+00 4.8002876083e+02 6.3075622513e+01 7.0599225201e+03
4.4600000000e+00 4.8024263373e+02 6.0345080911e+01 7.0584017896e+03
4.4610000000e+00 4.8032179483e+02 5.7780453998e+01 7.0565632621e+03
4.4620000000e+00 4.8026454731e+02 5.5377579455e+01 7.0543717181e+03
4.4630000000e+00 4.8007033290e+02 5.3129213060e+01 7.0517795031e+03
4.4640000000e+00 4.7973982700e+02 5.1024924851e+01 7.0487352852e+03
4.4650000000e+00 4.7927500561e+02 4.9051107937e+01 7.0451916617e+03
4.4660000000e+00 4.7867917573e+02 4.7191093995e+01 7.0411104097e+03
4.4670000000e+00 4.7795696383e+02 4.5425361788e+01 7.0364651878e+03
4.4680000000e+00 4.7711426264e+02 4.3731822020e+01 7.0312423947e+03
4.4690000000e+00 4.7615814011e+02 4.2086164389e+01 7.0254413801e+03
4.4700000000e+00 4.7509671695e+02 4.0462259819e+01 7.0190751451e+03
4.4710000000e+00 4.7393902056e+02 3.8832618882e+01 7.0121720943e+03
4.4720000000e+00 4.7269482227e+02 3.7168911085e+01 7.0047785912e+03
4.4730000000e+00 4.7137446382e+02 3.5442546625e+01 6.9969613156e+03
4.4740000000e+00 4.6998867801e+02 3.3625312360e+01 6.9888080490e+03
4.4750000000e+00 4.6854840757e+02 3.1690038644e+01 6.9804256746e+03
4.4760000000e+00 4.6706462688e+02 2.9611256430e+01 6.9719348287e+03
4.4770000000e+00 4.6554817219e+02 2.7365790564e+01 6.9634615829e+03
4.4780000000e+00 4.6400958629e+02 2.4933232995e+01 6.9551274380e+03
4.4790000000e+00 4.6245898501e+02 2.2296253268e+01 6.9470394606e+03
4.4800000000e+00 4.6090595088e+02 1.9440729431e+01 6.9392824206e+03
4.4810000000e+00 4.5935945786e+02 1.6355712672e+01 6.9319142602e+03
4.4820000000e+00 4.5782782807e+02 1.3033266025e+01 6.9249653361e+03
4.4830000000e+00 4.5631871726e+02 9.4682360707e+00 6.9184409278e+03
4.4840000000e+00 4.5483912368e+02 5.6580232290e+00 6.9123257845e+03
4.4850000000e+00 4.5339541267e+02 1.6024079224e+00 6.9065892372e+03
4.4860000000e+00 4.5199334894e+02 -2.6965325515e+00 6.9011896700e+03
4.4870000000e+00 4.5063813001e+02 -7.2344114096e+00 6.8960777844e+03
4.4880000000e+00 4.4933441642e+02 -1.2004447570e+01 6.8911988634e+03
4.4890000000e+00 4.4808635659e+02 -1.6997351089e+01 6.8864948290e+03
4.4900000000e+00 4.4689760746e+02 -2.2201227103e+01 6.8819070677e+03
4.4910000000e+00 4.4577135179e+02 -2.7601540336e+01 6.8773807105e+03
4.4920000000e+00 4.4471031462e+02 -3.3181167311e+01 6.8728703905e+03
4.4930000000e+00 4.4371677983e+02 -3.8920545283e+01 6.8683467160e+03
4.4940000000e+00 4.4279260735e+02 -4.4797909724e+01 6.8638020993e+03
4.4950000000e+00 4.4193925147e+02 -5.0789598394e+01 6.8592543951e+03
4.4960000000e+00 4.4115778101e+02 -5.6870391805e+01 6.8547471485e+03
4.4970000000e+00 4.4044890296e+02 -6.3013857846e+01 6.8503460235e+03
4.4980000000e+00 4.3981299259e+02 -6.9192673140e+01 6.8461319446e+03
4.4990000000e+00 4.3925013296e+02 -7.5378904691e+01 6.8421923360e+03
4.5000000000e+00 4.3876016664e+02 -8.1544248446e+01 6.8386122792e+03
4.5010000000e+00 4.3834276042e+02 -8.7660232676e+01 6.8354673285e+03
4.5020000000e+00 4.3799748147e+02 -9.3698400110e+01 6.8328191326e+03
4.5030000000e+00 4.3772388057e+02 -9.9630482169e+01 6.8307141213e+03
4.5040000000e+00 4.3752157503e+02 -1.0542857292e+02 6.8291846449e+03
4.5050000000e+00 4.3739032274e+02 -1.1106530084e+02 6.8282513671e+03
4.5060000000e+00 4.3733007853e+02 -1.1651398676e+02 6.8279256018e+03
4.5070000000e+00 4.3734102534e+02 -1.2174877038e+02 6.8282106668e+03
4.5080000000e+00 4.3742357610e+02 -1.2674469060e+02 6.8291020054e+03
4.5090000000e+00 4.3757834550e+02 -1.3147771607e+02 6.8305865683e+03
4.5100000000e+00 4.3780609433e+02 -1.3592473882e+02 6.8326424318e+03
4.5110000000e+00 4.3810765199e+02 -1.4006355897e+02 6.8352396899e+03
4.5120000000e+00 4.3848382380e+02 -1.4387289726e+02 6.8383432538e+03
4.5130000000e+00 4.3893528964e+02 -1.4733247353e+02 6.8419174729e+03
4.5140000000e+00 4.3946249996e+02 -1.5042318046e+02 6.8459317156e+03
4.5150000000e+00 4.4006557381e+02 -1.5312736337e+02 6.8503655058e+03
4.5160000000e+00 4.4074420316e+02 -1.5542919196e+02 6.8552117196e+03
4.5170000000e+00 4.4149756785e+02 -1.5731508659e+02 6.8604767486e+03
4.5180000000e+00 4.4232426551e+02 -1.5877414697e+02 6.8661773323e+03
4.5190000000e+00 4.4322226125e+02 -1.5979852952e+02 6.8723346736e+03
4.5200000000e+00 4.4418886132e+02 -1.6038372930e+02 6.8789672039e+03
4.5210000000e+00 4.4522071322e+02 -1.6052873934e+02 6.8860836945e+03
4.5220000000e+00 4.4631383298e+02 -1.6023607986e+02 6.8936782365e+03
4.5230000000e+00 4.4746365676e+02 -1.5951170761e+02 6.9017280014e+03
4.5240000000e+00 4.4866511155e+02 -1.5836482920e+02 6.9101938512e+03
4.5250000000e+00 4.4991269735e+02 -1.5680764990e+02 6.9190231001e+03
4.5260000000e+00 4.5120057187e+02 -1.5485509112e+02 6.9281532617e+03
4.5270000000e+00 4.5252262951e+02 -1.5252450588e+02 6.9375155838e+03
4.5280000000e+00 4.5387256776e+02 -1.4983541134e+02 6.9470375703e+03
4.5290000000e+00 4.5524393697e+02 -1.4680924478e+02 6.9566443115e+03
4.5300000000e+00 4.5663017296e+02 -1.4346913616e+02 6.9662590697e+03
4.5310000000e+00 4.5802461438e+02 -1.3983968258e+02 6.9758039485e+03
4.5320000000e+00 4.5942050907e+02 -1.3594670776e+02 6.9852014631e+03
4.5330000000e+00 4.6081101449e+02 -1.3181699493e+02 6.9943774455e+03
4.5340000000e+00 4.6218919627e+02 -1.2747799152e+02 7.0032651071e+03
4.5350000000e+00 4.6354802857e+02 -1.2295749599e+02 7.0118094678e+03
4.5360000000e+00 4.6488039740e+02 -1.1828334712e+02 7.0199710032e+03
4.5370000000e+00 4.6617910788e+02 -1.1348313965e+02 7.0277273875e+03
4.5380000000e+00 4.6743689590e+02 -1.0858398486e+02 7.0350726404e+03
4.5390000000e+00 4.6864644504e+02 -1.0361232284e+02 7.0420136779e+03
4.5400000000e+00 4.6980041104e+02 -9.8593778419e+01 7.0485649857e+03
4.5410000000e+00 4.7089145677e+02 -9.3553041414e+01 7.0547426392e+03
4.5420000000e+00 4.7191230045e+02 -8.8513745757e+01 7.0605590116e+03
4.5430000000e+00 4.7285577957e+02 -8.3498324632e+01 7.0660192118e+03
4.5440000000e+00 4.7371493044e+02 -7.8527829140e+01 7.0711196922e+03
4.5450000000e+00 4.7448308084e+02 -7.3621715162e+01 7.0758487723e+03
4.5460000000e+00 4.7515395121e+02 -6.8797621443e+01 7.0801882822e+03
4.5470000000e+00 4.7572175736e+02 -6.4071173666e+01 7.0841153281e+03
4.5480000000e+00 4.7618130832e+02 -5.9455849238e+01 7.0876033630e+03
4.5490000000e+00 4.7652809336e+02 -5.4962925531e+01 7.0906222359e+03
4.5500000000e+00 4.7675835475e+02 -5.0601515387e+01 7.0931375016e+03
4.5510000000e+00 4.7686914589e+02 -4.6378673607e+01 7.0951097488e+03
4.5520000000e+00 4.7685837592e+02 -4.2299542617e+01 7.0964948869e+03
4.5530000000e+00 4.7672484383e+02 -3.8367498419e+01 7.0972461308e+03
4.5540000000e+00 4.7646826489e+02 -3.4584261095e+01 7.0973178968e+03
4.5550000000e+00 4.7608929052e+02 -3.0949945985e+01 7.0966711792e+03
4.5560000000e+00 4.7558952132e+02 -2.7463048994e+01 7.0952794095e+03
4.5570000000e+00 4.7497151138e+02 -2.4120377829e+01 7.0931335330e+03
4.5580000000e+00 4.7423876055e+02 -2.0916956335e+01 7.0902451592e+03
4.5590000000e+00 4.7339569221e+02 -1.7845937715e+01 7.0866471114e+03
4.5600000000e+00 4.7244761458e+02 -1.4898561823e+01 7.0823913656e+03
4.5610000000e+00 4.7140066577e+02 -1.2064182456e+01 7.0775450151e+03
4.5620000000e+00 4.7026174418e+02 -9.3303756517e+00 7.0721853043e+03
4.5630000000e+00 4.6903842706e+02 -6.6831236025e+00 7.0663948408e+03
4.5640000000e+00 4.6773888054e+02 -4.1070554592e+00 7.0602578013e+03
4.5650000000e+00 4.6637176391e+02 -1.5857187013e+00 7.0538574393e+03
4.5660000000e+00 4.6494613010e+02 8.9814492984e-01 7.0472746511e+03
4.5670000000e+00 4.6347132344e+02 3.3623372365e+00 7.0405869793e+03
4.5680000000e+00 4.6195687537e+02 5.8249610509e+00 7.0338673571e+03
4.5690000000e+00 4.6041239861e+02 8.3041910195e+00 7.0271821274e+03
4.5700000000e+00 4.5884748143e+02 1.0818043270e+01 7.0205883260e+03
4.5710000000e+00 4.5727158400e+02 1.3384128487e+01 7.0141307082e+03
4.5720000000e+00 4.5569394028e+02 1.6019378171e+01 7.0078393238e+03
4.5730000000e+00 4.5412346868e+02 1.8739744517e+01 7.0017284842e+03
4.5740000000e+00 4.5256869445e+02 2.1559887532e+01 6.9957976706e+03
4.5750000000e+00 4.5103768582e+02 2.4492875231e+01 6.9900344106e+03
4.5760000000e+00 4.4953800396e+02 2.7549929238e+01 6.9844185752e+03
4.5770000000e+00 4.4807666598e+02 3.0740244743e+01 6.9789271253e+03
4.5780000000e+00 4.4666011889e+02 3.4070900824e+01 6.9735382168e+03
4.5790000000e+00 4.4529422277e+02 3.7546858851e+01 6.9682338121e+03
4.5800000000e+00 4.4398424212e+02 4.1171028853e+01 6.9630004504e+03
4.5810000000e+00 4.4273484552e+02 4.4944371528e+01 6.9578284355e+03
4.5820000000e+00 4.4155011469e+02 4.8865999299e+01 6.9527101931e+03
4.5830000000e+00 4.4043356457e+02 5.2933244100e+01 6.9476387571e+03
4.5840000000e+00 4.3938817528e+02 5.7141671799e+01 6.9426072031e+03
4.5850000000e+00 4.3841643554e+02 6.1485039730e+01 6.9376094141e+03
4.5860000000e+00 4.3752039553e+02 6.5955210978e+01 6.9326419953e+03
4.5870000000e+00 4.3670172511e+02 7.0542052907e+01 6.9277066719e+03
4.5880000000e+00 4.3596177298e+02 7.5233354814e+01 6.9228122631e+03
4.5890000000e+00 4.3530162197e+02 8.0014799339e+01 6.9179754388e+03
4.5900000000e+00 4.3472213675e+02 8.4870013938e+01 6.9132198622e+03
4.5910000000e+00 4.3422400236e+02 8.9780714160e+01 6.9085738770e+03
4.5920000000e+00 4.3380775315e+02 9.4726933833e+01 6.9040674005e+03
4.5930000000e+00 4.3347379434e+02 9.9687322134e+01 6.8997289502e+03
4.5940000000e+00 4.3322241864e+02 1.0463947745e+02 6.8955836620e+03
4.5950000000e+00 4.3305382045e+02 1.0956028525e+02 6.8916527860e+03
4.5960000000e+00 4.3296810944e+02 1.1442623193e+02 6.8879545876e+03
4.5970000000e+00 4.3296532320e+02 1.1921367806e+02 6.8845060611e+03
4.5980000000e+00 4.3304543752e+02 1.2389908800e+02 6.8813245635e+03
4.5990000000e+00 4.3320837192e+02 1.2845922475e+02 6.8784285146e+03
4.6000000000e+00 4.3345398798e+02 1.3287132549e+02 6.8758366795e+03
4.6010000000e+00 4.3378207956e+02 1.3711327455e+02 6.8735661214e+03
4.6020000000e+00 4.3419235527e+02 1.4116378491e+02 6.8716294752e+03
4.6030000000e+00 4.3468441506e+02 1.4500259109e+02 6.8700325451e+03
4.6040000000e+00 4.3525772370e+02 1.4861064484e+02 6.8687732284e+03
4.6050000000e+00 4.3591158375e+02 1.5197029661e+02 6.8678424074e+03
4.6060000000e+00 4.3664510926e+02 1.5506544233e+02 6.8672268460e+03
4.6070000000e+00 4.3745720060e+02 1.5788161945e+02 6.8669134782e+03
4.6080000000e+00 4.3834651876e+02 1.6040604741e+02 6.8668940159e+03
4.6090000000e+00 4.3931145741e+02 1.6262762003e+02 6.8671686800e+03
4.6100000000e+00 4.4035011126e+02 1.6453686854e+02 6.8677481186e+03
4.6110000000e+00 4.4146023993e+02 1.6612591880e+02 6.8686531280e+03
4.6120000000e+00 4.4263922903e+02 1.6738846561e+02 6.8699124358e+03
4.6130000000e+00 4.4388405098e+02 1.6831977924e+02 6.8715593283e+03
4.6140000000e+00 4.4519122949e+02 1.6891674766e+02 6.8736281303e+03
4.6150000000e+00 4.4655681205e+02 1.6917794389e+02 6.8761513902e+03
4.6160000000e+00 4.4797635347e+02 1.6910369762e+02 6.8791581929e+03
4.6170000000e+00 4.4944491208e+02 1.6869614484e+02 6.8826734373e+03
4.6180000000e+00 4.5095705862e+02 1.6795923087e+02 6.8867174391e+03
4.6190000000e+00 4.5250689515e+02 1.6689865136e+02 6.8913050088e+03
4.6200000000e+00 4.5408808128e+02 1.6552172801e+02 6.8964432957e+03
4.6210000000e+00 4.5569386408e+02 1.6383723083e+02 6.9021281525e+03
4.6220000000e+00 4.5731710952e+02 1.6185516999e+02 6.9083393830e+03
4.6230000000e+00 4.5895033462e+02 1.5958658669e+02 6.9150357858e+03
4.6240000000e+00 4.6058574150e+02 1.5704337168e+02 6.9221512038e+03
4.6250000000e+00 4.6221525532e+02 1.5423813280e+02 6.9295927113e+03
4.6260000000e+00 4.6383056869e+02 1.5118412108e+02 6.9372416534e+03
4.6270000000e+00 4.6542319355e+02 1.4789521087e+02 6.9449576208e+03
4.6280000000e+00 4.6698452035e+02 1.4438591764e+02 6.9525847984e+03
4.6290000000e+00 4.6850588194e+02 1.4067142985e+02 6.9599596893e+03
4.6300000000e+00 4.6997861886e+02 1.3676763054e+02 6.9669190876e+03
4.6310000000e+00 4.7139414276e+02 1.3269108832e+02 6.9733073854e+03
4.6320000000e+00 4.7274399619e+02 1.2845900589e+02 6.9789827331e+03
4.6330000000e+00 4.7401990924e+02 1.2408912368e+02 6.9838220444e+03
4.6340000000e+00 4.7521385562e+02 1.1959958510e+02 6.9877251589e+03
4.6350000000e+00 4.7631811168e+02 1.1500877564e+02 6.9906185333e+03
4.6360000000e+00 4.7732532165e+02 1.1033514879e+02 6.9924585950e+03
4.6370000000e+00 4.7822857006e+02 1.0559704848e+02 6.9932344957e+03
4.6380000000e+00 4.7902145998e+02 1.0081253313e+02 6.9929696113e+03
4.6390000000e+00 4.7969819324e+02 9.5999201632e+01 6.9917209398e+03
4.6400000000e+00 4.8025364745e+02 9.1174018598e+01 6.9895756927e+03
4.6410000000e+00 4.8068344530e+02 8.6353134367e+01 6.9866448396e+03
4.6420000000e+00 4.8098401348e+02 8.1551694334e+01 6.9830540437e+03
4.6430000000e+00 4.8115263100e+02 7.6783633705e+01 6.9789331107e+03
4.6440000000e+00 4.8118746968e+02 7.2061458105e+01 6.9744055286e+03
4.6450000000e+00 4.8108763024e+02 6.7396017780e+01 6.9695797525e+03
4.6460000000e+00 4.8085317741e+02 6.2796291559e+01 6.9645435327e+03
4.6470000000e+00 4.8048517558e+02 5.8269203841e+01 6.9593618977e+03
4.6480000000e+00 4.7998572316e+02 5.3819500549e+01 6.9540785810e+03
4.6490000000e+00 4.7935798116e+02 4.9449706372e+01 6.9487199701e+03
4.6500000000e+00 4.7860618899e+02 4.5160174925e+01 6.9433002501e+03
4.6510000000e+00 4.7773566002e+02 4.0949228036e+01 6.9378264257e+03
4.6520000000e+00 4.7675275040e+02 3.6813364464e+01 6.9323022719e+03
4.6530000000e+00 4.7566479731e+02 3.2747506959e+01 6.9267308647e+03
4.6540000000e+00 4.7448002621e+02 2.8745253304e+01 6.9211159289e+03
4.6550000000e+00 4.7320743055e+02 2.4799103229e+01 6.9154626328e+03
4.6560000000e+00 4.7185662987e+02 2.0900646975e+01 6.9097785358e+03
4.6570000000e+00 4.7043771439e+02 1.7040718893e+01 6.9040751376e+03
4.6580000000e+00 4.6896108448e+02 1.3209534766e+01 6.8983700277e+03
4.6590000000e+00 4.6743729266e+02 9.3968399040e+00 6.8926891605e+03
4.6600000000e+00 4.6587689452e+02 5.5920940649e+00 6.8870684726e+03
4.6610000000e+00 4.6429031323e+02 1.7847094448e+00 6.8815540498e+03
4.6620000000e+00 4.6268772072e+02 -2.0356577366e+00 6.8762003437e+03
4.6630000000e+00 4.6107893762e+02 -5.8787788173e+00 6.8710664382e+03
4.6640000000e+00 4.5947335291e+02 -9.7535182057e+00 6.8662109129e+03
4.6650000000e+00 4.5787986380e+02 -1.3667529946e+01 6.8616862364e+03
4.6660000000e+00 4.5630683564e+02 -1.7627019786e+01 6.8575337383e+03
4.6670000000e+00 4.5476208052e+02 -2.1636596955e+01 6.8537800085e+03
4.6680000000e+00 4.5325285196e+02 -2.5699225145e+01 6.8504351323e+03
4.6690000000e+00 4.5178585187e+02 -2.9816266729e+01 6.8474926593e+03
4.6700000000e+00 4.5036724506e+02 -3.3987600317e+01 6.8449307941e+03
4.6710000000e+00 4.4900267651e+02 -3.8211781864e+01 6.8427141284e+03
4.6720000000e+00 4.4769728743e+02 -4.2486215633e+01 6.8407953568e+03
4.6730000000e+00 4.4645572784e+02 -4.6807304378e+01 6.8391167605e+03
4.6740000000e+00 4.4528216503e+02 -5.1170557805e+01 6.8376116708e+03
4.6750000000e+00 4.4418028894e+02 -5.5570652243e+01 6.8362064452e+03
4.6760000000e+00 4.4315331691e+02 -6.0001448486e+01 6.8348235684e+03
4.6770000000e+00 4.4220400021e+02 -6.4455985439e+01 6.8333862769e+03
4.6780000000e+00 4.4133463449e+02 -6.8926471378e+01 6.8318246487e+03
4.6790000000e+00 4.4054707586e+02 -7.3404291510e+01 6.8300825558e+03
4.6800000000e+00 4.3984276234e+02 -7.7880041489e+01 6.8281244311e+03
4.6810000000e+00 4.3922274026e+02 -8.2343584717e+01 6.8259406093e+03
4.6820000000e+00 4.3868769429e+02 -8.6784121121e+01 6.8235501621e+03
4.6830000000e+00 4.3823797961e+02 -9.1190250103e+01 6.8210006096e+03
4.6840000000e+00 4.3787365587e+02 -9.5550012107e+01 6.8183645339e+03
4.6850000000e+00 4.3759452260e+02 -9.9850901468e+01 6.8157337444e+03
4.6860000000e+00 4.3740015650e+02 -1.0407985519e+02 6.8132120670e+03
4.6870000000e+00 4.3728995095e+02 -1.0822323424e+02 6.8109079301e+03
4.6880000000e+00 4.3726315666e+02 -1.1226682162e+02 6.8089277099e+03
4.6890000000e+00 4.3731892183e+02 -1.1619586141e+02 6.8073703611e+03
4.6900000000e+00 4.3745632855e+02 -1.1999515560e+02 6.8063233783e+03
4.6910000000e+00 4.3767442159e+02 -1.2364922250e+02 6.8058597732e+03
4.6920000000e+00 4.3797222655e+02 -1.2714250606e+02 6.8060356291e+03
4.6930000000e+00 4.3834875496e+02 -1.3045961428e+02 6.8068879289e+03
4.6940000000e+00 4.3880299612e+02 -1.3358555943e+02 6.8084326703e+03
4.6950000000e+00 4.3933389717e+02 -1.3650597471e+02 6.8106636240e+03
4.6960000000e+00 4.3994033392e+02 -1.3920728973e+02 6.8135523189e+03
4.6970000000e+00 4.4062107581e+02 -1.4167685760e+02 6.8170498139e+03
4.6980000000e+00 4.4137474778e+02 -1.4390303595e+02 6.8210905441e+03
4.6990000000e+00 4.4219979134e+02 -1.4587523245e+02 6.8255980719e+03
4.7000000000e+00 4.4309442606e+02 -1.4758393046e+02 6.8304920735e+03
4.7010000000e+00 4.4405661167e+02 -1.4902071281e+02 6.8356955353e+03
4.7020000000e+00 4.4508401076e+02 -1.5017830073e+02 6.8411410210e+03
4.7030000000e+00 4.4617395186e+02 -1.5105061936e+02 6.8467750573e+03
4.7040000000e+00 4.4732339338e+02 -1.5163289258e+02 6.8525601213e+03
4.7050000000e+00 4.4852889001e+02 -1.5192175993e+02 6.8584742470e+03
4.7060000000e+00 4.4978656365e+02 -1.5191539871e+02 6.8645087545e+03
4.7070000000e+00 4.5109208180e+02 -1.5161362947e+02 6.8706648927e+03
4.7080000000e+00 4.5244064617e+02 -1.5101798377e+02 6.8769502053e+03
4.7090000000e+00 4.5382699306e+02 -1.5013171980e+02 6.8833752074e+03
4.7100000000e+00 4.5524540597e+02 -1.4895978239e+02 6.8899506021e+03
4.7110000000e+00 4.5668973911e+02 -1.4750871590e+02 6.8966849133e+03
4.7120000000e+00 4.5815344931e+02 -1.4578654619e+02 6.9035822121e+03
4.7130000000e+00 4.5962963330e+02 -1.4380265063e+02 6.9106396312e+03
4.7140000000e+00 4.6111106775e+02 -1.4156763067e+02 6.9178445826e+03
4.7150000000e+00 4.6259025031e+02 -1.3909319282e+02 6.9251719361e+03
4.7160000000e+00 4.6405944135e+02 -1.3639203383e+02 6.9325817194e+03
4.7170000000e+00 4.6551070725e+02 -1.3347771807e+02 6.9400180545e+03
4.7180000000e+00 4.6693596668e+02 -1.3036453276e+02 6.9474099594e+03
4.7190000000e+00 4.6832704116e+02 -1.2706731137e+02 6.9546743287e+03
4.7200000000e+00 4.6967571047e+02 -1.2360122533e+02 6.9617209512e+03
4.7210000000e+00 4.7097377195e+02 -1.1998155589e+02 6.9684589525e+03
4.7220000000e+00 4.7221310176e+02 -1.1622346780e+02 6.9748037166e+03
4.7230000000e+00 4.7338571536e+02 -1.1234181028e+02 6.9806832282e+03
4.7240000000e+00 4.7448382498e+02 -1.0835096766e+02 6.9860429140e+03
4.7250000000e+00 4.7549989300e+02 -1.0426477237e+02 6.9908484059e+03
4.7260000000e+00 4.7642668171e+02 -1.0009648001e+02 6.9950860708e+03
4.7270000000e+00 4.7725730234e+02 -9.5858793660e+01 6.9987615494e+03
4.7280000000e+00 4.7798526644e+02 -9.1563915524e+01 7.0018968026e+03
4.7290000000e+00 4.7860454342e+02 -8.7223600044e+01 7.0045262389e+03
4.7300000000e+00 4.7910962629e+02 -8.2849184067e+01 7.0066924128e+03
4.7310000000e+00 4.7949560584e+02 -7.8451575837e+01 7.0084416152e+03
4.7320000000e+00 4.7975825126e+02 -7.4041194467e+01 7.0098195125e+03
4.7330000000e+00 4.7989409330e+02 -6.9627862694e+01 7.0108669165e+03
4.7340000000e+00 4.7990050537e+02 -6.5220665471e+01 7.0116157992e+03
4.7350000000e+00 4.7977577800e+02 -6.0827792840e+01 7.0120857923e+03
4.7360000000e+00 4.7951918299e+02 -5.6456386526e+01 7.0122815546e+03
4.7370000000e+00 4.7913102458e+02 -5.2112406246e+01 7.0121914701e+03
4.7380000000e+00 4.7861267627e+02 -4.7800525483e+01 7.0117880965e+03
4.7390000000e+00 4.7796660182e+02 -4.3524059848e+01 7.0110305937e+03
4.7400000000e+00 4.7719635967e+02 -3.9284926510e+01 7.0098690626e+03
4.7410000000e+00 4.7630658897e+02 -3.5083632010e+01 7.0082503853e+03
4.7420000000e+00 4.7530297543e+02 -3.0919287893e+01 7.0061248748e+03
4.7430000000e+00 4.7419219510e+02 -2.6789657472e+01 7.0034528873e+03
4.7440000000e+00 4.7298183456e+02 -2.2691240334e+01 7.0002105679e+03
4.7450000000e+00 4.7168028754e+02 -1.8619401948e+01 6.9963940732e+03
4.7460000000e+00 4.7029662980e+02 -1.4568552866e+01 6.9920219033e+03
4.7470000000e+00 4.6884047596e+02 -1.0532375752e+01 6.9871352817e+03
4.7480000000e+00 4.6732182452e+02 -6.5040901346e+00 6.9817967828e+03
4.7490000000e+00 4.6575089821e+02 -2.4767366214e+00 6.9760875608e+03
4.7500000000e+00 4.6413798796e+02 1.5565432278e+00 6.9701035688e+03
4.7510000000e+00 4.6249330800e+02 5.6022559117e+00 6.9639510950e+03
4.7520000000e+00 4.6082686856e+02 9.6663538642e+00 6.9577418544e+03
4.7530000000e+00 4.5914837046e+02 1.3754093111e+01 6.9515877921e+03
4.7540000000e+00 4.5746712388e+02 1.7869950551e+01 6.9455957490e+03
4.7550000000e+00 4.5579199117e+02 2.2017590386e+01 6.9398621998e+03
4.7560000000e+00 4.5413135216e+02 2.6199862335e+01 6.9344683781e+03
4.7570000000e+00 4.5249308893e+02 3.0418812311e+01 6.9294762012e+03
4.7580000000e+00 4.5088458637e+02 3.4675688896e+01 6.9249254403e+03
4.7590000000e+00 4.4931274442e+02 3.8970934667e+01 6.9208325113e+03
4.7600000000e+00 4.4778399753e+02 4.3304158498e+01 6.9171910900e+03
4.7610000000e+00 4.4630433734e+02 4.7674091643e+01 6.9139745041e+03
4.7620000000e+00 4.4487933466e+02 5.2078535883e+01 6.9111395948e+03
4.7630000000e+00 4.4351415765e+02 5.6514315060e+01 6.9086315332e+03
4.7640000000e+00 4.4221358396e+02 6.0977241199e+01 6.9063889812e+03
4.7650000000e+00 4.4098200581e+02 6.5462103458e+01 6.9043490221e+03
4.7660000000e+00 4.3982342790e+02 6.9962683082e+01 6.9024514376e+03
4.7670000000e+00 4.3874145995e+02 7.4471791987e+01 6.9006421231e+03
4.7680000000e+00 4.3773930624e+02 7.8981328220e+01 6.8988756429e+03
4.7690000000e+00 4.3681975597e+02 8.3482339297e+01 6.8971170692e+03
4.7700000000e+00 4.3598517823e+02 8.7965085445e+01 6.8953432956e+03
4.7710000000e+00 4.3523752499e+02 9.2419098505e+01 6.8935439543e+03
4.7720000000e+00 4.3457834457e+02 9.6833237715e+01 6.8917219516e+03
4.7730000000e+00 4.3400880605e+02 1.0119574870e+02 6.8898935221e+03
4.7740000000e+00 4.3352973382e+02 1.0549433485e+02 6.8880876425e+03
4.7750000000e+00 4.3314164999e+02 1.0971624988e+02 6.8863446819e+03
4.7760000000e+00 4.3284482166e+02 1.1384841682e+02 6.8847142877e+03
4.7770000000e+00 4.3263930993e+02 1.1787757278e+02 6.8832526659e+03
4.7780000000e+00 4.3252501750e+02 1.2179043234e+02 6.8820195576e+03
4.7790000000e+00 4.3250173223e+02 1.2557385726e+02 6.8810752768e+03
4.7800000000e+00 4.3256916380e+02 1.2921501722e+02 6.8804781349e+03
4.7810000000e+00 4.3272697136e+02 1.3270152742e+02 6.8802824383e+03
4.7820000000e+00 4.3297477966e+02 1.3602155331e+02 6.8805370628e+03
4.7830000000e+00 4.3331218241e+02 1.3916387967e+02 6.8812844328e+03
4.7840000000e+00 4.3373873160e+02 1.4211794994e+02 6.8825596439e+03
4.7850000000e+00 4.3425391331e+02 1.4487388782e+02 6.8843894796e+03
4.7860000000e+00 4.3485711130e+02 1.4742251734e+02 6.8867912030e+03
4.7870000000e+00 4.3554756108e+02 1.4975539604e+02 6.8897711907e+03
4.7880000000e+00 4.3632429819e+02 1.5186487114e+02 6.8933236638e+03
4.7890000000e+00 4.3718610493e+02 1.5374416100e+02 6.8974298820e+03
4.7900000000e+00 4.3813145992e+02 1.5538745543e+02 6.9020581589e+03
4.7910000000e+00 4.3915849437e+02 1.5679002193e+02 6.9071649292e+03
4.7920000000e+00 4.4026495776e+02 1.5794830087e+02 6.9126968778e+03
4.7930000000e+00 4.4144819455e+02 1.5885997276e+02 6.9185939085e+03
4.7940000000e+00 4.4270513154e+02 1.5952398560e+02 6.9247925456e+03
4.7950000000e+00 4.4403227453e+02 1.5994053759e+02 6.9312292967e+03
4.7960000000e+00 4.4542571191e+02 1.6011101857e+02 6.9378435613e+03
4.7970000000e+00 4.4688112236e+02 1.6003792028e+02 6.9445798365e+03
4.7980000000e+00 4.4839378452e+02 1.5972472914e+02 6.9513891741e+03
4.7990000000e+00 4.4995858682e+02 1.5917581518e+02 6.9582300127e+03
4.8000000000e+00 4.5157003635e+02 1.5839632768e+02 6.9650685884e+03
4.8010000000e+00 4.5322226666e+02 1.5739210267e+02 6.9718790824e+03
4.8020000000e+00 4.5490904407e+02 1.5616958196e+02 6.9786435310e+03
4.8030000000e+00 4.5662377233e+02 1.5473573914e+02 6.9853513535e+03
4.8040000000e+00 4.5835949574e+02 1.5309800630e+02 6.9919982273e+03
4.8050000000e+00 4.6010890058e+02 1.5126419667e+02 6.9985840262e+03
4.8060000000e+00 4.6186431606e+02 1.4924242154e+02 7.0051096586e+03
4.8070000000e+00 4.6361771665e+02 1.4704100475e+02 7.0115728861e+03
4.8080000000e+00 4.6536072926e+02 1.4466840231e+02 7.0179634990e+03
4.8090000000e+00 4.6708464918e+02 1.4213313678e+02 7.0242584897e+03
4.8100000000e+00 4.6878046892e+02 1.3944375584e+02 7.0304180121e+03
4.8110000000e+00 4.7043892255e+02 1.3660882056e+02 7.0363828900e+03
4.8120000000e+00 4.7205054673e+02 1.3363692294e+02 7.0420742437e+03
4.8130000000e+00 4.7360575727e+02 1.3053672551e+02 7.0473954869e+03
4.8140000000e+00 4.7509493872e+02 1.2731701025e+02 7.0522365835e+03
4.8150000000e+00 4.7650854415e+02 1.2398672064e+02 7.0564801384e+03
4.8160000000e+00 4.7783720218e+02 1.2055498100e+02 7.0600086878e+03
4.8170000000e+00 4.7907182948e+02 1.1703108026e+02 7.0627124712e+03
4.8180000000e+00 4.8020374713e+02 1.1342441291e+02 7.0644969984e+03
4.8190000000e+00 4.8122479875e+02 1.0974437725e+02 7.0652898176e+03
4.8200000000e+00 4.8212746779e+02 1.0600023884e+02 7.0650459915e+03
4.8210000000e+00 4.8290498918e+02 1.0220097414e+02 7.0637518827e+03
4.8220000000e+00 4.8355145016e+02 9.8355113521e+01 7.0614269143e+03
4.8230000000e+00 4.8406187479e+02 9.4470601621e+01 7.0581230632e+03
4.8240000000e+00 4.8443228785e+02 9.0554686393e+01 7.0539219707e+03
4.8250000000e+00 4.8465975690e+02 8.6613837275e+01 7.0489297635e+03
4.8260000000e+00 4.8474241351e+02 8.2653681478e+01 7.0432699450e+03
4.8270000000e+00 4.8467945812e+02 7.8678940253e+01 7.0370750114e+03
4.8280000000e+00 4.8447115426e+02 7.4693347469e+01 7.0304776827e+03
4.8290000000e+00 4.8411881802e+02 7.0699541692e+01 7.0236027547e+03
4.8300000000e+00 4.8362480754e+02 6.6698937819e+01 7.0165605106e+03
4.8310000000e+00 4.8299251463e+02 6.2691599913e+01 7.0094423761e+03
4.8320000000e+00 4.8222635746e+02 5.8676147320e+01 7.0023191084e+03
4.8330000000e+00 4.8133177088e+02 5.4649727039e+01 6.9952413601e+03
4.8340000000e+00 4.8031518812e+02 5.0608075978e+01 6.9882420712e+03
4.8350000000e+00 4.7918400772e+02 4.6545679613e+01 6.9813399143e+03
4.8360000000e+00 4.7794653969e+02 4.2456014363e+01 6.9745429912e+03
4.8370000000e+00 4.7661192692e+02 3.8331845101e+01 6.9678521660e+03
4.8380000000e+00 4.7519004090e+02 3.4165541623e+01 6.9612637292e+03
4.8390000000e+00 4.7369135360e+02 2.9949380127e+01 6.9547714292e+03
4.8400000000e+00 4.7212679033e+02 2.5675806670e+01 6.9483681631e+03
4.8410000000e+00 4.7050757058e+02 2.1337655029e+01 6.9420477078e+03
4.8420000000e+00 4.6884504461e+02 1.6928326414e+01 6.9358067736e+03
4.8430000000e+00 4.6715053371e+02 1.2441948496e+01 6.9296474188e+03
4.8440000000e+00 4.6543518072e+02 7.8735336407e+00 6.9235795609e+03
4.8450000000e+00 4.6370981575e+02 3.2191511391e+00 6.9176230761e+03
4.8460000000e+00 4.6198484003e+02 -1.5238823222e+00 6.9118088799e+03
4.8470000000e+00 4.6027012940e+02 -6.3568021850e+00 6.9061784781e+03
4.8480000000e+00 4.5857495798e+02 -1.1279204965e+01 6.9007817496e+03
4.8490000000e+00 4.5690794219e+02 -1.6288893083e+01 6.8956730924e+03
4.8500000000e+00 4.5527700484e+02 -2.1381783458e+01 6.8909064223e+03
4.8510000000e+00 4.5368935888e+02 -2.6551902417e+01 6.8865297642e+03
4.8520000000e+00 4.5215150994e+02 -3.1791477886e+01 6.8825802349e+03
4.8530000000e+00 4.5066927574e+02 -3.7091123565e+01 6.8790800908e+03
4.8540000000e+00 4.4924782031e+02 -4.2440092452e+01 6.8760342419e+03
4.8550000000e+00 4.4789169940e+02 -4.7826563118e+01 6.8734293217e+03
4.8560000000e+00 4.4660491331e+02 -5.3237915907e+01 6.8712341473e+03
4.8570000000e+00 4.4539096273e+02 -5.8660960206e+01 6.8694012744e+03
4.8580000000e+00 4.4425290355e+02 -6.4082087725e+01 6.8678693794e+03
4.8590000000e+00 4.4319339731e+02 -6.9487346675e+01 6.8665663259e+03
4.8600000000e+00 4.4221475543e+02 -7.4862452166e+01 6.8654129284e+03
4.8610000000e+00 4.4131897624e+02 -8.0192763061e+01 6.8643275141e+03
4.8620000000e+00 4.4050777523e+02 -8.5463260755e+01 6.8632313337e+03
4.8630000000e+00 4.3978260897e+02 -9.0658560002e+01 6.8620546901e+03
4.8640000000e+00 4.3914469375e+02 -9.5762968190e+01 6.8607433687e+03
4.8650000000e+00 4.3859501955e+02 -1.0076059188e+02 6.8592646844e+03
4.8660000000e+00 4.3813436021e+02 -1.0563547376e+02 6.8576122992e+03
4.8670000000e+00 4.3776328058e+02 -1.1037173408e+02 6.8558089867e+03
4.8680000000e+00 4.3748214170e+02 -1.1495369099e+02 6.8539067538e+03
4.8690000000e+00 4.3729110505e+02 -1.1936594405e+02 6.8519841275e+03
4.8700000000e+00 4.3719013682e+02 -1.2359341989e+02 6.8501408757e+03
4.8710000000e+00 4.3717901310e+02 -1.2762139406e+02 6.8484908573e+03
4.8720000000e+00 4.3725732628e+02 -1.3143551210e+02 6.8471539592e+03
4.8730000000e+00 4.3742449269e+02 -1.3502183367e+02 6.8462481335e+03
4.8740000000e+00 4.3767976098e+02 -1.3836691759e+02 6.8458823812e+03
4.8750000000e+00 4.3802222032e+02 -1.4145795436e+02 6.8461512175e+03
4.8760000000e+00 4.3845080713e+02 -1.4428294164e+02 6.8471307939e+03
4.8770000000e+00 4.3896430881e+02 -1.4683088872e+02 6.8488765566e+03
4.8780000000e+00 4.3956136306e+02 -1.4909202972e+02 6.8514221589e+03
4.8790000000e+00 4.4024045134e+02 -1.5105802284e+02 6.8547793446e+03
4.8800000000e+00 4.4099988594e+02 -1.5272211418e+02 6.8589386393e+03
4.8810000000e+00 4.4183779072e+02 -1.5407924904e+02 6.8638708391e+03
4.8820000000e+00 4.4275207651e+02 -1.5512612216e+02 6.8695294019e+03
4.8830000000e+00 4.4374041273e+02 -1.5586116948e+02 6.8758538352e+03
4.8840000000e+00 4.4480019682e+02 -1.5628451538e+02 6.8827740360e+03
4.8850000000e+00 4.4592852291e+02 -1.5639789814e+02 6.8902153066e+03
4.8860000000e+00 4.4712215068e+02 -1.5620459824e+02 6.8981035246e+03
4.8870000000e+00 4.4837747522e+02 -1.5570938884e+02 6.9063697860e+03
4.8880000000e+00 4.4969049845e+02 -1.5491851544e+02 6.9149538364e+03
4.8890000000e+00 4.5105680332e+02 -1.5383969682e+02 6.9238057785e+03
4.8900000000e+00 4.5247153232e+02 -1.5248212665e+02 6.9328858585e+03
4.8910000000e+00 4.5392937239e+02 -1.5085644969e+02 6.9421625033e+03
4.8920000000e+00 4.5542454840e+02 -1.4897468952e+02 6.9516090980e+03
4.8930000000e+00 4.5695082678e+02 -1.4685011601e+02 6.9612001785e+03
4.8940000000e+00 4.5850153022e+02 -1.4449705550e+02 6.9709077195e+03
4.8950000000e+00 4.6006956296e+02 -1.4193066121e+02 6.9806980451e+03
4.8960000000e+00 4.6164744530e+02 -1.3916667068e+02 6.9905296398e+03
4.8970000000e+00 4.6322735505e+02 -1.3622117819e+02 7.0003518836e+03
4.8980000000e+00 4.6480117348e+02 -1.3311044340e+02 7.0101045622e+03
4.8990000000e+00 4.6636053387e+02 -1.2985074439e+02 7.0197179590e+03
4.9000000000e+00 4.6789687182e+02 -1.2645826933e+02 7.0291134205e+03
4.9010000000e+00 4.6940147722e+02 -1.2294903040e+02 7.0382044493e+03
4.9020000000e+00 4.7086554881e+02 -1.1933878021e+02 7.0468985251e+03
4.9030000000e+00 4.7228025220e+02 -1.1564291462e+02 7.0550999148e+03
4.9040000000e+00 4.7363678152e+02 -1.1187635460e+02 7.0627136434e+03
4.9050000000e+00 4.7492642413e+02 -1.0805340972e+02 7.0696505600e+03
4.9060000000e+00 4.7614062689e+02 -1.0418763457e+02 7.0758331167e+03
4.9070000000e+00 4.7727106220e+02 -1.0029169390e+02 7.0812011644e+03
4.9080000000e+00 4.7830969266e+02 -9.6377253347e+01 7.0857168795e+03
4.9090000000e+00 4.7924883413e+02 -9.2454909088e+01 7.0893679360e+03
4.9100000000e+00 4.8008121852e+02 -8.8534163015e+01 7.0921682570e+03
4.9110000000e+00 4.8080005834e+02 -8.4623441741e+01 7.0941560695e+03
4.9120000000e+00 4.8139911554e+02 -8.0730148293e+01 7.0953894577e+03
4.9130000000e+00 4.8187277645e+02 -7.6860728052e+01 7.0959400407e+03
4.9140000000e+00 4.8221613320e+02 -7.3020726717e+01 7.0958856877e+03
4.9150000000e+00 4.8242507053e+02 -6.9214819612e+01 7.0953032633e+03
4.9160000000e+00 4.8249635512e+02 -6.5446798233e+01 7.0942622656e+03
4.9170000000e+00 4.8242772348e+02 -6.1719510098e+01 7.0928199386e+03
4.9180000000e+00 4.8221796382e+02 -5.8034758847e+01 7.0910180997e+03
4.9190000000e+00 4.8186698709e+02 -5.4393180439e+01 7.0888816302e+03
4.9200000000e+00 4.8137588298e+02 -5.0794116054e+01 7.0864183998e+03
4.9210000000e+00 4.8074695721e+02 -4.7235502702e+01 7.0836203664e+03
4.9220000000e+00 4.7998374703e+02 -4.3713799055e+01 7.0804656821e+03
4.9230000000e+00 4.7909101307e+02 -4.0223958581e+01 7.0769217577e+03
4.9240000000e+00 4.7807470577e+02 -3.6759456030e+01 7.0729493253e+03
4.9250000000e+00 4.7694190563e+02 -3.3312368103e+01 7.0685075003e+03
4.9260000000e+00 4.7570073697e+02 -2.9873505414e+01 7.0635596867e+03
4.9270000000e+00 4.7436025538e+02 -2.6432590947e+01 7.0580799088e+03
4.9280000000e+00 4.7293031045e+02 -2.2978479881e+01 7.0520588987e+03
4.9290000000e+00 4.7142138628e+02 -1.9499415730e+01 7.0455091042e+03
4.9300000000e+00 4.6984442442e+02 -1.5983317174e+01 7.0384678005e+03
4.9310000000e+00 4.6821063560e+02 -1.2418087752e+01 7.0309977127e+03
4.9320000000e+00 4.6653130873e+02 -8.7919373523e+00 7.0231849428e+03
4.9330000000e+00 4.6481762662e+02 -5.0937014752e+00 7.0151344615e+03
4.9340000000e+00 4.6308049859e+02 -1.3131430232e+00 7.0069638273e+03
4.9350000000e+00 4.6133041862e+02 2.5587774809e+00 6.9987960461e+03
4.9360000000e+00 4.5957735569e+02 6.5296742019e+00 6.9907525079e+03
4.9370000000e+00 4.5783067956e+02 1.0605557650e+01 6.9829467516e+03
4.9380000000e+00 4.5609912149e+02 1.4790708466e+01 6.9754794878e+03
4.9390000000e+00 4.5439076616e+02 1.9087602577e+01 6.9684349602e+03
4.9400000000e+00 4.5271306846e+02 2.3496884205e+01 6.9618784701e+03
4.9410000000e+00 4.5107288731e+02 2.8017380772e+01 6.9558547841e+03
4.9420000000e+00 4.4947652863e+02 3.2646151656e+01 6.9503872136e+03
4.9430000000e+00 4.4792979040e+02 3.7378561141e+01 6.9454773307e+03
4.9440000000e+00 4.4643800462e+02 4.2208365442e+01 6.9411054746e+03
4.9450000000e+00 4.4500607313e+02 4.7127804721e+01 6.9372323069e+03
4.9460000000e+00 4.4363849586e+02 5.2127693598e+01 6.9338016336e+03
4.9470000000e+00 4.4233939170e+02 5.7197506863e+01 6.9307445177e+03
4.9480000000e+00 4.4111251249e+02 6.2325460285e+01 6.9279844274e+03
4.9490000000e+00 4.3996125135e+02 6.7498588603e+01 6.9254428938e+03
4.9500000000e+00 4.3888864653e+02 7.2702823938e+01 6.9230449909e+03
4.9510000000e+00 4.3789738255e+02 7.7923077991e+01 6.9207239632e+03
4.9520000000e+00 4.3698979110e+02 8.3143331037e+01 6.9184245203e+03
4.9530000000e+00 4.3616785431e+02 8.8346730209e+01 6.9161046277e+03
4.9540000000e+00 4.3543321346e+02 9.3515699264e+01 6.9137359591e+03
4.9550000000e+00 4.3478718538e+02 9.8632061749e+01 6.9113034202e+03
4.9560000000e+00 4.3423078794e+02 1.0367717912e+02 6.9088042505e+03
4.9570000000e+00 4.3376477465e+02 1.0863210478e+02 6.9062471324e+03
4.9580000000e+00 4.3338967687e+02 1.1347775410e+02 6.9036515227e+03
4.9590000000e+00 4.3310585086e+02 1.1819508912e+02 6.9010471704e+03
4.9600000000e+00 4.3291352544e+02 1.2276531501e+02 6.8984735679e+03
4.9610000000e+00 4.3281284597e+02 1.2717008316e+02 6.8959789951e+03
4.9620000000e+00 4.3280390983e+02 1.3139169358e+02 6.8936188841e+03
4.9630000000e+00 4.3288678962e+02 1.3541328762e+02 6.8914534191e+03
4.9640000000e+00 4.3306154150e+02 1.3921902152e+02 6.8895445324e+03
4.9650000000e+00 4.3332819789e+02 1.4279421271e+02 6.8879526629e+03
4.9660000000e+00 4.3368674532e+02 1.4612545392e+02 6.8867337280e+03
4.9670000000e+00 4.3413708980e+02 1.4920069432e+02 6.8859367079e+03
4.9680000000e+00 4.3467901248e+02 1.5200929131e+02 6.8856020547e+03
4.9690000000e+00 4.3531211916e+02 1.5454203963e+02 6.8857609055e+03
4.9700000000e+00 4.3603578637e+02 1.5679118604e+02 6.8864348726e+03
4.9710000000e+00 4.3684910714e+02 1.5875043710e+02 6.8876360901e+03
4.9720000000e+00 4.3775083891e+02 1.6041496606e+02 6.8893672380e+03
4.9730000000e+00 4.3873935624e+02 1.6178142151e+02 6.8916214350e+03
4.9740000000e+00 4.3981261087e+02 1.6284793818e+02 6.8943821068e+03
4.9750000000e+00 4.4096810149e+02 1.6361414684e+02 6.8976231193e+03
4.9760000000e+00 4.4220285463e+02 1.6408117932e+02 6.9013095327e+03
4.9770000000e+00 4.4351341753e+02 1.6425166329e+02 6.9053992492e+03
4.9780000000e+00 4.4489586207e+02 1.6412970182e+02 6.9098456134e+03
4.9790000000e+00 4.4634579797e+02 1.6372083390e+02 6.9146007507e+03
4.9800000000e+00 4.4785839243e+02 1.6303197303e+02 6.9196191779e+03
4.9810000000e+00 4.4942839291e+02 1.6207132348e+02 6.9248610898e+03
4.9820000000e+00 4.5105014995e+02 1.6084827553e+02 6.9302947395e+03
4.9830000000e+00 4.5271763731e+02 1.5937328285e+02 6.9358975075e+03
4.9840000000e+00 4.5442446787e+02 1.5765772660e+02 6.9416555133e+03
4.9850000000e+00 4.5616390428e+02 1.5571377112e+02 6.9475619023e+03
4.9860000000e+00 4.5792886463e+02 1.5355421536e+02 6.9536141430e+03
4.9870000000e+00 4.5971192405e+02 1.5119234353e+02 6.9598107496e+03
4.9880000000e+00 4.6150531400e+02 1.4864177732e+02 6.9661477976e+03
4.9890000000e+00 4.6330092187e+02 1.4591633233e+02 6.9726154706e+03
4.9900000000e+00 4.6509029430e+02 1.4302988192e+02 6.9791947395e+03
4.9910000000e+00 4.6686464778e+02 1.3999623365e+02 6.9858541985e+03
4.9920000000e+00 4.6861489041e+02 1.3682902406e+02 6.9925471214e+03
4.9930000000e+00 4.7033165723e+02 1.3354163781e+02 6.9992089283e+03
4.9940000000e+00 4.7200536055e+02 1.3014715532e+02 7.0057554429e+03
4.9950000000e+00 4.7362625493e+02 1.2665832911e+02 7.0120824589e+03
4.9960000000e+00 4.7518451512e+02 1.2308758490e+02 7.0180671705e+03
4.9970000000e+00 4.7667032517e+02 1.1944703859e+02 7.0235718834e+03
4.9980000000e+00 4.7807397713e+02 1.1574851652e+02 7.0284501224e+03
4.9990000000e+00 4.7938597851e+02 1.1200356480e+02 7.0325548430e+03
5.0000000000e+00 4.8059716790e+02 1.0822343330e+02 7.0357480221e+03
5.0010000000e+00 4.8169883790e+02 1.0441902311e+02 7.0379105636e+03
5.0020000000e+00 4.8268286229e+02 1.0060079211e+02 7.0389512938e+03
5.0030000000e+00 4.8354182288e+02 9.6778621449e+01 7.0388138816e+03
5.0040000000e+00 4.8426912906e+02 9.2961654051e+01 7.0374808034e+03
5.0050000000e+00 4.8485912270e+02 8.9158122849e+01 7.0349739153e+03
5.0060000000e+00 4.8530716228e+02 8.5375187482e+01 7.0313517008e+03
5.0070000000e+00 4.8560968251e+02 8.1618793562e+01 7.0267037243e+03
5.0080000000e+00 4.8576422965e+02 7.7893559252e+01 7.0211431491e+03
5.0090000000e+00 4.8576947617e+02 7.4202683935e+01 7.0147983249e+03
5.0100000000e+00 4.8562522077e+02 7.0547867565e+01 7.0078044076e+03
5.0110000000e+00 4.8533238045e+02 6.6929230304e+01 7.0002957952e+03
5.0120000000e+00 4.8489298040e+02 6.3345230273e+01 6.9923999002e+03
5.0130000000e+00 4.8431014469e+02 5.9792589860e+01 6.9842325175e+03
5.0140000000e+00 4.8358808794e+02 5.6266252600e+01 6.9758948210e+03
5.0150000000e+00 4.8273210462e+02 5.2759398199e+01 6.9674718789e+03
5.0160000000e+00 4.8174855098e+02 4.9263539622e+01 6.9590324870e+03
5.0170000000e+00 4.8064481293e+02 4.5768713768e+01 6.9506300924e+03
5.0180000000e+00 4.7942925399e+02 4.2263759663e+01 6.9423045661e+03
5.0190000000e+00 4.7811113877e+02 3.8736660852e+01 6.9340845817e+03
5.0200000000e+00 4.7670052980e+02 3.5174917235e+01 6.9259903578e+03
5.0210000000e+00 4.7520815828e+02 3.1565909319e+01 6.9180365282e+03
5.0220000000e+00 4.7364527234e+02 2.7897225214e+01 6.9102349283e+03
5.0230000000e+00 4.7202346841e+02 2.4156934826e+01 6.9025971304e+03
5.0240000000e+00 4.7035451354e+02 2.0333811990e+01 6.8951366223e+03
5.0250000000e+00 4.6865016690e+02 1.6417518598e+01 6.8878705807e+03
5.0260000000e+00 4.6692200901e+02 1.2398771550e+01 6.8808212308e+03
5.0270000000e+00 4.6518128568e+02 8.2695123093e+00 6.8740167811e+03
5.0280000000e+00 4.6343877239e+02 4.0230912751e+00 6.8674918819e+03
5.0290000000e+00 4.6170466247e+02 -3.4553216524e-01 6.8612874982e+03
5.0300000000e+00 4.5998848091e+02 -4.8395848694e+00 6.8554500317e+03
5.0310000000e+00 4.5829902405e+02 -9.4602910108e+00 6.8500295295e+03
5.0320000000e+00 4.5664432423e+02 -1.4206724974e+01 6.8450768800e+03
5.0330000000e+00 4.5503163763e+02 -1.9075732002e+01 6.8406400437e+03
5.0340000000e+00 4.5346745266e+02 -2.4061936453e+01 6.8367595595e+03
5.0350000000e+00 4.5195751620e+02 -2.9157845658e+01 6.8334637597e+03
5.0360000000e+00 4.5050687431e+02 -3.4354041755e+01 6.8307642697e+03
5.0370000000e+00 4.4911992462e+02 -3.9639437715e+01 6.8286524112e+03
5.0380000000e+00 4.4780047672e+02 -4.5001561521e+01 6.8270970552e+03
5.0390000000e+00 4.4655181735e+02 -5.0426828021e+01 6.8260443045e+03
5.0400000000e+00 4.4537677654e+02 -5.5900763382e+01 6.8254191516e+03
5.0410000000e+00 4.4427779144e+02 -6.1408161364e+01 6.8251290154e+03
5.0420000000e+00 4.4325696482e+02 -6.6933169837e+01 6.8250688579e+03
5.0430000000e+00 4.4231611610e+02 -7.2459324154e+01 6.8251274467e+03
5.0440000000e+00 4.4145682353e+02 -7.7969556279e+01 6.8251942715e+03
5.0450000000e+00 4.4068045703e+02 -8.3446211353e+01 6.8251666198e+03
5.0460000000e+00 4.3998820172e+02 -8.8871096661e+01 6.8249563526e+03
5.0470000000e+00 4.3938107332e+02 -9.4225574051e+01 6.8244959586e+03
5.0480000000e+00 4.3885992682e+02 -9.9490690498e+01 6.8237435008e+03
5.0490000000e+00 4.3842546081e+02 -1.0464732815e+02 6.8226860914e+03
5.0500000000e+00 4.3807821966e+02 -1.0967634942e+02 6.8213415660e+03
5.0510000000e+00 4.3781859540e+02 -1.1455871651e+02 6.8197580888e+03
5.0520000000e+00 4.3764683045e+02 -1.1927557631e+02 6.8180115457e+03
5.0530000000e+00 4.3756302112e+02 -1.2380831685e+02 6.8162007781e+03
5.0540000000e+00 4.3756712132e+02 -1.2813861331e+02 6.8144409578e+03
5.0550000000e+00 4.3765894498e+02 -1.3224848723e+02 6.8128556652e+03
5.0560000000e+00 4.3783816659e+02 -1.3612040035e+02 6.8115684371e+03
5.0570000000e+00 4.3810431881e+02 -1.3973739646e+02 6.8106946425e+03
5.0580000000e+00 4.3845678740e+02 -1.4308329435e+02 6.8103345024e+03
5.0590000000e+00 4.3889480348e+02 -1.4614292413e+02 6.8105678768e+03
5.0600000000e+00 4.3941743318e+02 -1.4890239093e+02 6.8114511617e+03
5.0610000000e+00 4.4002356480e+02 -1.5134934334e+02 6.8130163239e+03
5.0620000000e+00 4.4071189279e+02 -1.5347322087e+02 6.8152718253e+03
5.0630000000e+00 4.4148089822e+02 -1.5526545525e+02 6.8182050175e+03
5.0640000000e+00 4.4232882557e+02 -1.5671960564e+02 6.8217855331e+03
5.0650000000e+00 4.4325365601e+02 -1.5783141775e+02 6.8259692508e+03
5.0660000000e+00 4.4425307799e+02 -1.5859881059e+02 6.8307025159e+03
5.0670000000e+00 4.4532445619e+02 -1.5902180776e+02 6.8359264025e+03
5.0680000000e+00 4.4646480004e+02 -1.5910243938e+02 6.8415808563e+03
5.0690000000e+00 4.4767073318e+02 -1.5884464233e+02 6.8476085477e+03
5.0700000000e+00 4.4893846529e+02 -1.5825417862e+02 6.8539582061e+03
5.0710000000e+00 4.5026376773e+02 -1.5733857877e+02 6.8605871388e+03
5.0720000000e+00 4.5164195451e+02 -1.5610710142e+02 6.8674626164e+03
5.0730000000e+00 4.5306787016e+02 -1.5457068959e+02 6.8745618639e+03
5.0740000000e+00 4.5453588560e+02 -1.5274190040e+02 6.8818705422e+03
5.0750000000e+00 4.5603990302e+02 -1.5063478984e+02 6.8893798269e+03
5.0760000000e+00 4.5757336991e+02 -1.4826474564e+02 6.8970824215e+03
5.0770000000e+00 4.5912930210e+02 -1.4564827520e+02 6.9049680456e+03
5.0780000000e+00 4.6070031499e+02 -1.4280276736e+02 6.9130190326e+03
5.0790000000e+00 4.6227866168e+02 -1.3974625273e+02 6.9212066496e+03
5.0800000000e+00 4.6385627694e+02 -1.3649718556e+02 6.9294886086e+03
5.0810000000e+00 4.6542482561e+02 -1.3307426065e+02 6.9378080195e+03
5.0820000000e+00 4.6697575475e+02 -1.2949626627e+02 6.9460938075e+03
5.0830000000e+00 4.6850034908e+02 -1.2578196230e+02 6.9542624370e+03
5.0840000000e+00 4.6998978925e+02 -1.2194996665e+02 6.9622206924e+03
5.0850000000e+00 4.7143521281e+02 -1.1801863395e+02 6.9698692625e+03
5.0860000000e+00 4.7282777682e+02 -1.1400591652e+02 6.9771069251e+03
5.0870000000e+00 4.7415872096e+02 -1.0992920696e+02 6.9838351826e+03
5.0880000000e+00 4.7541942965e+02 -1.0580516962e+02 6.9899632010e+03
5.0890000000e+00 4.7660149192e+02 -1.0164957425e+02 6.9954128367e+03
5.0900000000e+00 4.7769675863e+02 -9.7477147785e+01 7.0001234062e+03
5.0910000000e+00 4.7869739791e+02 -9.3301459174e+01 7.0040557077e+03
5.0920000000e+00 4.7959595076e+02 -8.9134848494e+01 7.0071947138e+03
5.0930000000e+00 4.8038538935e+02 -8.4988405136e+01 7.0095503805e+03
5.0940000000e+00 4.8105918057e+02 -8.0871991680e+01 7.0111561813e+03
5.0950000000e+00 4.8161135627e+02 -7.6794301433e+01 7.0120652874e+03
5.0960000000e+00 4.8203659070e+02 -7.2762930417e+01 7.0123446939e+03
5.0970000000e+00 4.8233028374e+02 -6.8784440811e+01 7.0120679643e+03
5.0980000000e+00 4.8248864773e+02 -6.4864394079e+01 7.0113075284e+03
5.0990000000e+00 4.8250879476e+02 -6.1007338162e+01 7.0101275494e+03
5.1000000000e+00 4.8238882107e+02 -5.7216742917e+01 7.0085782520e+03
5.1010000000e+00 4.8212788485e+02 -5.3494888983e+01 7.0066923134e+03
5.1020000000e+00 4.8172627407e+02 -4.9842724934e+01 7.0044835355e+03
5.1030000000e+00 4.8118546057e+02 -4.6259714165e+01 7.0019476542e+03
5.1040000000e+00 4.8050813685e+02 -4.2743695548e+01 6.9990648831e+03
5.1050000000e+00 4.7969823172e+02 -3.9290780713e+01 6.9958036841e+03
5.1060000000e+00 4.7876090145e+02 -3.5895306192e+01 6.9921253013e+03
5.1070000000e+00 4.7770249357e+02 -3.2549851920e+01 6.9879887162e+03
5.1080000000e+00 4.7653048119e+02 -2.9245329951e+01 6.9833558146e+03
5.1090000000e+00 4.7525336736e+02 -2.5971140470e+01 6.9781966122e+03
5.1100000000e+00 4.7388056029e+02 -2.2715387479e+01 6.9724943425e+03
5.1110000000e+00 4.7242222215e+02 -1.9465144151e+01 6.9662500808e+03
5.1120000000e+00 4.7088909613e+02 -1.6206756918e+01 6.9594864330e+03
5.1130000000e+00 4.6929231806e+02 -1.2926176701e+01 6.9522497328e+03
5.1140000000e+00 4.6764322075e+02 -9.6093047264e+00 6.9446102443e+03
5.1150000000e+00 4.6595314000e+02 -6.2423394986e+00 6.9366600795e+03
5.1160000000e+00 4.6423323230e+02 -2.8121115085e+00 6.9285088775e+03
5.1170000000e+00 4.6249431295e+02 6.9360636895e-01 6.9202776757e+03
5.1180000000e+00 4.6074672280e+02 4.2858223878e+00 6.9120917243e+03
5.1190000000e+00 4.5900022842e+02 7.9740902956e+00 6.9040731560e+03
5.1200000000e+00 4.5726395815e+02 1.1766319202e+01 6.8963343877e+03
5.1210000000e+00 4.5554637272e+02 1.5668631978e+01 6.8889728998e+03
5.1220000000e+00 4.5385526629e+02 1.9685273761e+01 6.8820676999e+03
5.1230000000e+00 4.5219779147e+02 2.3818570296e+01 6.8756774225e+03
5.1240000000e+00 4.5058050022e+02 2.8068933106e+01 6.8698397622e+03
5.1250000000e+00 4.4900939260e+02 3.2434904889e+01 6.8645718335e+03
5.1260000000e+00 4.4748996603e+02 3.6913235058e+01 6.8598711111e+03
5.1270000000e+00 4.4602725955e+02 4.1498973003e+01 6.8557167713e+03
5.1280000000e+00 4.4462588991e+02 4.6185566596e+01 6.8520714495e+03
5.1290000000e+00 4.4329007841e+02 5.0964955643e+01 6.8488835568e+03
5.1300000000e+00 4.4202366893e+02 5.5827653962e+01 6.8460903094e+03
5.1310000000e+00 4.4083013886e+02 6.0762818297e+01 6.8436215103e+03
5.1320000000e+00 4.3971260507e+02 6.5758306734e+01 6.8414039240e+03
5.1330000000e+00 4.3867382735e+02 7.0800732650e+01 6.8393658834e+03
5.1340000000e+00 4.3771621184e+02 7.5875522378e+01 6.8374416378e+03
5.1350000000e+00 4.3684181683e+02 8.0966985148e+01 6.8355749514e+03
5.1360000000e+00 4.3605236315e+02 8.6058402869e+01 6.8337215901e+03
5.1370000000e+00 4.3534925086e+02 9.1132144957e+01 6.8318505664e+03
5.1380000000e+00 4.3473358309e+02 9.6169810566e+01 6.8299442586e+03
5.1390000000e+00 4.3420619718e+02 1.0115239745e+02 6.8279977222e+03
5.1400000000e+00 4.3376770262e+02 1.0606049423e+02 6.8260176010e+03
5.1410000000e+00 4.3341852396e+02 1.1087449059e+02 6.8240209952e+03
5.1420000000e+00 4.3315894660e+02 1.1557479862e+02 6.8220344914e+03
5.1430000000e+00 4.3298916195e+02 1.2014207737e+02 6.8200933468e+03
5.1440000000e+00 4.3290930814e+02 1.2455745199e+02 6.8182406386e+03
5.1450000000e+00 4.3291950201e+02 1.2880271886e+02 6.8165261034e+03
5.1460000000e+00 4.3301985850e+02 1.3286052896e+02 6.8150044229e+03
5.1470000000e+00 4.3321049476e+02 1.3671454321e+02 6.8137328669e+03
5.1480000000e+00 4.3349151800e+02 1.4034955642e+02 6.8127683991e+03
5.1490000000e+00 4.3386299772e+02 1.4375159008e+02 6.8121645443e+03
5.1500000000e+00 4.3432492499e+02 1.4690795691e+02 6.8119684125e+03
5.1510000000e+00 4.3487716200e+02 1.4980730316e+02 6.8122182659e+03
5.1520000000e+00 4.3551938618e+02 1.5243963498e+02 6.8129418913e+03
5.1530000000e+00 4.3625103242e+02 1.5479633516e+02 6.8141558540e+03
5.1540000000e+00 4.3707123702e+02 1.5687017502e+02 6.8158655283e+03
5.1550000000e+00 4.3797878612e+02 1.5865532476e+02 6.8180656853e+03
5.1560000000e+00 4.3897207086e+02 1.6014736409e+02 6.8207414038e+03
5.1570000000e+00 4.4004905114e+02 1.6134329395e+02 6.8238691512e+03
5.1580000000e+00 4.4120722922e+02 1.6224154880e+02 6.8274180097e+03
5.1590000000e+00 4.4244363359e+02 1.6284200820e+02 6.8313511449e+03
5.1600000000e+00 4.4375481310e+02 1.6314600494e+02 6.8356276628e+03
5.1610000000e+00 4.4513684040e+02 1.6315632551e+02 6.8402049549e+03
5.1620000000e+00 4.4658532320e+02 1.6287719752e+02 6.8450414930e+03
5.1630000000e+00 4.4809542119e+02 1.6231425788e+02 6.8500998457e+03
5.1640000000e+00 4.4966186632e+02 1.6147449640e+02 6.8553495178e+03
5.1650000000e+00 4.5127898392e+02 1.6036617203e+02 6.8607691177e+03
5.1660000000e+00 4.5294071221e+02 1.5899870197e+02 6.8663473796e+03
5.1670000000e+00 4.5464061821e+02 1.5738252809e+02 6.8720827166e+03
5.1680000000e+00 4.5637190890e+02 1.5552896717e+02 6.8779812118e+03
5.1690000000e+00 4.5812743706e+02 1.5345005328e+02 6.8840532151e+03
5.1700000000e+00 4.5989970285e+02 1.5115837986e+02 6.8903089376e+03
5.1710000000e+00 4.6168085338e+02 1.4866694845e+02 6.8967535580e+03
5.1720000000e+00 4.6346268359e+02 1.4598902984e+02 6.9033823793e+03
5.1730000000e+00 4.6523664296e+02 1.4313804230e+02 6.9101764965e+03
5.1740000000e+00 4.6699385215e+02 1.4012745076e+02 6.9170993183e+03
5.1750000000e+00 4.6872513306e+02 1.3697068964e+02 6.9240941708e+03
5.1760000000e+00 4.7042105413e+02 1.3368111011e+02 6.9310831349e+03
5.1770000000e+00 4.7207199052e+02 1.3027195025e+02 6.9379672565e+03
5.1780000000e+00 4.7366819742e+02 1.2675632364e+02 6.9446282738e+03
5.1790000000e+00 4.7519989402e+02 1.2314721910e+02 6.9509320151e+03
5.1800000000e+00 4.7665735581e+02 1.1945750195e+02 6.9567335590e+03
5.1810000000e+00 4.7803101406e+02 1.1569990564e+02 6.9618841022e+03
5.1820000000e+00 4.7931156228e+02 1.1188700263e+02 6.9662392374e+03
5.1830000000e+00 4.8049006945e+02 1.0803114483e+02 6.9696680505e+03
5.1840000000e+00 4.8155809902e+02 1.0414436777e+02 6.9720621655e+03
5.1850000000e+00 4.8250783021e+02 1.0023825849e+02 6.9733436864e+03
5.1860000000e+00 4.8333217634e+02 9.6323793981e+01 6.9734709809e+03
5.1870000000e+00 4.8402489307e+02 9.2411163385e+01 6.9724414546e+03
5.1880000000e+00 4.8458066939e+02 8.8509590234e+01 6.9702908632e+03
5.1890000000e+00 4.8499519677e+02 8.4627169111e+01 6.9670892293e+03
5.1900000000e+00 4.8526521454e+02 8.0770724861e+01 6.9629339599e+03
5.1910000000e+00 4.8538853392e+02 7.6945693991e+01 6.9579411830e+03
5.1920000000e+00 4.8536404629e+02 7.3156021353e+01 6.9522365372e+03
5.1930000000e+00 4.8519172273e+02 6.9404063685e+01 6.9459466170e+03
5.1940000000e+00 4.8487261160e+02 6.5690496483e+01 6.9391920184e+03
5.1950000000e+00 4.8440883878e+02 6.2014230165e+01 6.9320825151e+03
5.1960000000e+00 4.8380361144e+02 5.8372351838e+01 6.9247144452e+03
5.1970000000e+00 4.8306122296e+02 5.4760115528e+01 6.9171700029e+03
5.1980000000e+00 4.8218705318e+02 5.1171003183e+01 6.9095178955e+03
5.1990000000e+00 4.8118755651e+02 4.7596870141e+01 6.9018147710e+03
5.2000000000e+00 4.8007023058e+02 4.4028174385e+01 6.8941069312e+03
5.2010000000e+00 4.7884355904e+02 4.0454273025e+01 6.8864320456e+03
5.2020000000e+00 4.7751692529e+02 3.6863757348e+01 6.8788208000e+03
5.2030000000e+00 4.7610049674e+02 3.3244793252e+01 6.8712985708e+03
5.2040000000e+00 4.7460508255e+02 2.9585438290e+01 6.8638872715e+03
5.2050000000e+00 4.7304197046e+02 2.5873918204e+01 6.8566074638e+03
5.2060000000e+00 4.7142275024e+02 2.2098860618e+01 6.8494806970e+03
5.2070000000e+00 4.6975913204e+02 1.8249496701e+01 6.8425318909e+03
5.2080000000e+00 4.6806276829e+02 1.4315849223e+01 6.8357914582e+03
5.2090000000e+00 4.6634508657e+02 1.0288925463e+01 6.8292968239e+03
5.2100000000e+00 4.6461713962e+02 6.1609267516e+00 6.8230930358e+03
5.2110000000e+00 4.6288947683e+02 1.9254753269e+00 6.8172322743e+03
5.2120000000e+00 4.6117204008e+02 -2.4221527085e+00 6.8117722177e+03
5.2130000000e+00 4.5947408531e+02 -6.8848093195e+00 6.8067733650e+03
5.2140000000e+00 4.5780413027e+02 -1.1463297733e+01 6.8022955363e+03
5.2150000000e+00 4.5616992762e+02 -1.6156263295e+01 6.7983938408e+03
5.2160000000e+00 4.5457846179e+02 -2.0960172557e+01 6.7951144305e+03
5.2170000000e+00 4.5303596665e+02 -2.5869390090e+01 6.7924903540e+03
5.2180000000e+00 4.5154796056e+02 -3.0876347677e+01 6.7905378132e+03
5.2190000000e+00 4.5011929482e+02 -3.5971784913e+01 6.7892531049e+03
5.2200000000e+00 4.4875421128e+02 -4.1145027524e+01 6.7886105276e+03
5.2210000000e+00 4.4745640504e+02 -4.6384263814e+01 6.7885615166e+03
5.2220000000e+00 4.4622908829e+02 -5.1676782555e+01 6.7890352499e+03
5.2230000000e+00 4.4507505186e+02 -5.7009147418e+01 6.7899408987e+03
5.2240000000e+00 4.4399672181e+02 -6.2367300354e+01 6.7911715863e+03
5.2250000000e+00 4.4299620924e+02 -6.7736604320e+01 6.7926099544e+03
5.2260000000e+00 4.4207535236e+02 -7.3101849274e+01 6.7941350399e+03
5.2270000000e+00 4.4123575047e+02 -7.8447250893e+01 6.7956299712e+03
5.2280000000e+00 4.4047878997e+02 -8.3756468220e+01 6.7969898294e+03
5.2290000000e+00 4.3980566288e+02 -8.9012655825e+01 6.7981289425e+03
5.2300000000e+00 4.3921737861e+02 -9.4198551871e+01 6.7989868962e+03
5.2310000000e+00 4.3871477065e+02 -9.9296590217e+01 6.7995326780e+03
5.2320000000e+00 4.3829849976e+02 -1.0428901697e+02 6.7997665736e+03
5.2330000000e+00 4.3796905618e+02 -1.0915799218e+02 6.7997196906e+03
5.2340000000e+00 4.3772676265e+02 -1.1388566590e+02 6.7994512239e+03
5.2350000000e+00 4.3757177953e+02 -1.1845423059e+02 6.7990437887e+03
5.2360000000e+00 4.3750411224e+02 -1.2284596456e+02 6.7985972926e+03
5.2370000000e+00 4.3752362020e+02 -1.2704328801e+02 6.7982219062e+03
5.2380000000e+00 4.3763002582e+02 -1.3102885232e+02 6.7980307153e+03
5.2390000000e+00 4.3782292171e+02 -1.3478567635e+02 6.7981326115e+03
5.2400000000e+00 4.3810177468e+02 -1.3829733269e+02 6.7986259171e+03
5.2410000000e+00 4.3846592544e+02 -1.4154817637e+02 6.7995931521e+03
5.2420000000e+00 4.3891458337e+02 -1.4452360037e+02 6.8010972490e+03
5.2430000000e+00 4.3944681611e+02 -1.4721029714e+02 6.8031794050e+03
5.2440000000e+00 4.4006153401e+02 -1.4959650326e+02 6.8058586385e+03
5.2450000000e+00 4.4075746948e+02 -1.5167220560e+02 6.8091329846e+03
5.2460000000e+00 4.4153315166e+02 -1.5342929130e+02 6.8129821407e+03
5.2470000000e+00 4.4238687716e+02 -1.5486163179e+02 6.8173712580e+03
5.2480000000e+00 4.4331667763e+02 -1.5596510170e+02 6.8222554871e+03
5.2490000000e+00 4.4432028544e+02 -1.5673754476e+02 6.8275848292e+03
5.2500000000e+00 4.4539509831e+02 -1.5717870851e+02 6.8333088269e+03
5.2510000000e+00 4.4653814429e+02 -1.5729017208e+02 6.8393806613e+03
5.2520000000e+00 4.4774604809e+02 -1.5707528798e+02 6.8457602962e+03
5.2530000000e+00 4.4901500060e+02 -1.5653914696e+02 6.8524164186e+03
5.2540000000e+00 4.5034073320e+02 -1.5568856190e+02 6.8593270644e+03
5.2550000000e+00 4.5171849919e+02 -1.5453205384e+02 6.8664789485e+03
5.2560000000e+00 4.5314306417e+02 -1.5307981782e+02 6.8738656470e+03
5.2570000000e+00 4.5460870682e+02 -1.5134364783e+02 6.8814848672e+03
5.2580000000e+00 4.5610923073e+02 -1.4933680929e+02 6.8893351049e+03
5.2590000000e+00 4.5763798672e+02 -1.4707386028e+02 6.8974120137e+03
5.2600000000e+00 4.5918790438e+02 -1.4457043545e+02 6.9057048175e+03
5.2610000000e+00 4.6075153080e+02 -1.4184301442e+02 6.9141930779e+03
5.2620000000e+00 4.6232107441e+02 -1.3890869793e+02 6.9228441031e+03
5.2630000000e+00 4.6388845199e+02 -1.3578500903e+02 6.9316112370e+03
5.2640000000e+00 4.6544533780e+02 -1.3248972554e+02 6.9404332186e+03
5.2650000000e+00 4.6698321433e+02 -1.2904073818e+02 6.9492347328e+03
5.2660000000e+00 4.6849342479e+02 -1.2545592077e+02 6.9579282045e+03
5.2670000000e+00 4.6996722773e+02 -1.2175299730e+02 6.9664168003e+03
5.2680000000e+00 4.7139585363e+02 -1.1794939553e+02 6.9745985081e+03
5.2690000000e+00 4.7277056303e+02 -1.1406208527e+02 6.9823710627e+03
5.2700000000e+00 4.7408270486e+02 -1.1010740847e+02 6.9896373782e+03
5.2710000000e+00 4.7532377363e+02 -1.0610091426e+02 6.9963110552e+03
5.2720000000e+00 4.7648546474e+02 -1.0205721477e+02 7.0023214604e+03
5.2730000000e+00 4.7755972791e+02 -9.7989875973e+01 7.0076178574e+03
5.2740000000e+00 4.7853882036e+02 -9.3911353347e+01 7.0121721059e+03
5.2750000000e+00 4.7941536222e+02 -8.9832975622e+01 7.0159795589e+03
5.2760000000e+00 4.8018239715e+02 -8.5764972217e+01 7.0190579594e+03
5.2770000000e+00 4.8083346060e+02 -8.1716532398e+01 7.0214443622e+03
5.2780000000e+00 4.8136265674e+02 -7.7695878031e+01 7.0231903409e+03
5.2790000000e+00 4.8176474350e+02 -7.3710328589e+01 7.0243559628e+03
5.2800000000e+00 4.8203522342e+02 -6.9766337928e+01 7.0250031766e+03
5.2810000000e+00 4.8217043686e+02 -6.5869487644e+01 7.0251893296e+03
5.2820000000e+00 4.8216765357e+02 -6.2024430385e+01 7.0249615114e+03
5.2830000000e+00 4.8202515833e+02 -5.8234786474e+01 7.0243522912e+03
5.2840000000e+00 4.8174232696e+02 -5.4503006170e+01 7.0233772291e+03
5.2850000000e+00 4.8131968928e+02 -5.0830216084e+01 7.0220343134e+03
5.2860000000e+00 4.8075897570e+02 -4.7216070984e+01 7.0203052678e+03
5.2870000000e+00 4.8006314446e+02 -4.3658631504e+01 7.0181585050e+03
5.2880000000e+00 4.7923638677e+02 -4.0154285022e+01 7.0155533970e+03
5.2890000000e+00 4.7828410677e+02 -3.6697721912e+01 7.0124454798e+03
5.2900000000e+00 4.7721287437e+02 -3.3281973644e+01 7.0087921919e+03
5.2910000000e+00 4.7603034905e+02 -2.9898513682e+01 7.0045587319e+03
5.2920000000e+00 4.7474517458e+02 -2.6537417857e+01 6.9997236115e+03
5.2930000000e+00 4.7336684583e+02 -2.3187578166e+01 6.9942834587e+03
5.2940000000e+00 4.7190555102e+02 -1.9836962369e+01 6.9882566325e+03
5.2950000000e+00 4.7037199471e+02 -1.6472910401e+01 6.9816852519e+03
5.2960000000e+00 4.6877720890e+02 -1.3082456695e+01 6.9746353510e+03
5.2970000000e+00 4.6713236096e+02 -9.6526653169e+00 6.9671950486e+03
5.2980000000e+00 4.6544856813e+02 -6.1709632009e+00 6.9594708437e+03
5.2990000000e+00 4.6373672801e+02 -2.6254569842e+00 6.9515823811e+03
5.3000000000e+00 4.6200737331e+02 9.9477898871e-01 6.9436562190e+03
5.3010000000e+00 4.6027055682e+02 4.6994524365e+00 6.9358192327e+03
5.3020000000e+00 4.5853576991e+02 8.4968460098e+00 6.9281922860e+03
5.3030000000e+00 4.5681189417e+02 1.2393655613e+01 6.9208846880e+03
5.3040000000e+00 4.5510718354e+02 1.6394874526e+01 6.9139897794e+03
5.3050000000e+00 4.5342927133e+02 2.0503722283e+01 6.9075817942e+03
5.3060000000e+00 4.5178519565e+02 2.4721615831e+01 6.9017139771e+03
5.3070000000e+00 4.5018143589e+02 2.9048178602e+01 6.8964178384e+03
5.3080000000e+00 4.4862395355e+02 3.3481280824e+01 6.8917033974e+03
5.3090000000e+00 4.4711823172e+02 3.8017102400e+01 6.8875602928e+03
5.3100000000e+00 4.4566930955e+02 4.2650208719e+01 6.8839596786e+03
5.3110000000e+00 4.4428180953e+02 4.7373630665e+01 6.8808568478e+03
5.3120000000e+00 4.4295995721e+02 5.2178942271e+01 6.8781945101e+03
5.3130000000e+00 4.4170759400e+02 5.7056332769e+01 6.8759065929e+03
5.3140000000e+00 4.4052818452e+02 6.1994672986e+01 6.8739223576e+03
5.3150000000e+00 4.3942482060e+02 6.6981578987e+01 6.8721705535e+03
5.3160000000e+00 4.3840022393e+02 7.2003477850e+01 6.8705833065e+03
5.3170000000e+00 4.3745675032e+02 7.7045681528e+01 6.8690994667e+03
5.3180000000e+00 4.3659639789e+02 8.2092474598e+01 6.8676672180e+03
5.3190000000e+00 4.3582082154e+02 8.7127220691e+01 6.8662458686e+03
5.3200000000e+00 4.3513135514e+02 9.2132490669e+01 6.8648068456e+03
5.3210000000e+00 4.3452904178e+02 9.7090213631e+01 6.8633340022e+03
5.3220000000e+00 4.3401467131e+02 1.0198184982e+02 6.8618233848e+03
5.3230000000e+00 4.3358882327e+02 1.0678858256e+02 6.8602825980e+03
5.3240000000e+00 4.3325191266e+02 1.1149152461e+02 6.8587298716e+03
5.3250000000e+00 4.3300423531e+02 1.1607193254e+02 6.8571928749e+03
5.3260000000e+00 4.3284600962e+02 1.2051142132e+02 6.8557072803e+03
5.3270000000e+00 4.3277741102e+02 1.2479217076e+02 6.8543150629e+03
5.3280000000e+00 4.3279859618e+02 1.2889711504e+02 6.8530625342e+03
5.3290000000e+00 4.3290971434e+02 1.3281010778e+02 6.8519981581e+03
5.3300000000e+00 4.3311090441e+02 1.3651605733e+02 6.8511702493e+03
5.3310000000e+00 4.3340227778e+02 1.4000102969e+02 6.8506246957e+03
5.3320000000e+00 4.3378388781e+02 1.4325232030e+02 6.8504028623e+03
5.3330000000e+00 4.3425568862e+02 1.4625849945e+02 6.8505398125e+03
5.3340000000e+00 4.3481748596e+02 1.4900943797e+02 6.8510629386e+03
5.3350000000e+00 4.3546888372e+02 1.5149632103e+02 6.8519910410e+03
5.3360000000e+00 4.3620922928e+02 1.5371165698e+02 6.8533338482e+03
5.3370000000e+00 4.3703756103e+02 1.5564928598e+02 6.8550919516e+03
5.3380000000e+00 4.3795256074e+02 1.5730439108e+02 6.8572571346e+03
5.3390000000e+00 4.3895251334e+02 1.5867351187e+02 6.8598131023e+03
5.3400000000e+00 4.4003527584e+02 1.5975455871e+02 6.8627366390e+03
5.3410000000e+00 4.4119825648e+02 1.6054682498e+02 6.8659992192e+03
5.3420000000e+00 4.4243840426e+02 1.6105099366e+02 6.8695690647e+03
5.3430000000e+00 4.4375220780e+02 1.6126913494e+02 6.8734135663e+03
5.3440000000e+00 4.4513570214e+02 1.6120469123e+02 6.8775019039e+03
5.3450000000e+00 4.4658448098e+02 1.6086244593e+02 6.8818076139e+03
5.3460000000e+00 4.4809371225e+02 1.6024847283e+02 6.8863108028e+03
5.3470000000e+00 4.4965815467e+02 1.5937006398e+02 6.8909997050e+03
5.3480000000e+00 4.5127217333e+02 1.5823563559e+02 6.8958713279e+03
5.3490000000e+00 4.5292975310e+02 1.5685461420e+02 6.9009310272e+03
5.3500000000e+00 4.5462450861e+02 1.5523730717e+02 6.9061909676e+03
5.3510000000e+00 4.5634969058e+02 1.5339476315e+02 6.9116675463e+03
5.3520000000e+00 4.5809818862e+02 1.5133862831e+02 6.9173779571e+03
5.3530000000e+00 4.5986253167e+02 1.4908100403e+02 6.9233361433e+03
5.3540000000e+00 4.6163488814e+02 1.4663431133e+02 6.9295484310e+03
5.3550000000e+00 4.6340706876e+02 1.4401116714e+02 6.9360091535e+03
5.3560000000e+00 4.6517053615e+02 1.4122427705e+02 6.9426965931e+03
5.3570000000e+00 4.6691642454e+02 1.3828634894e+02 6.9495695775e+03
5.3580000000e+00 4.6863557303e+02 1.3521002983e+02 6.9565650826e+03
5.3590000000e+00 4.7031857366e+02 1.3200786656e+02 6.9635971900e+03
5.3600000000e+00 4.7195583402e+02 1.2869228781e+02 6.9705577151e+03
5.3610000000e+00 4.7353765289e+02 1.2527560182e+02 6.9773187394e+03
5.3620000000e+00 4.7505430614e+02 1.2177000158e+02 6.9837371341e+03
5.3630000000e+00 4.7649614111e+02 1.1818756719e+02 6.9896609640e+03
5.3640000000e+00 4.7785367767e+02 1.1454025412e+02 6.9949374223e+03
5.3650000000e+00 4.7911771566e+02 1.1083985712e+02 6.9994217059e+03
5.3660000000e+00 4.8027944766e+02 1.0709794136e+02 7.0029860456e+03
5.3670000000e+00 4.8133057567e+02 1.0332573749e+02 7.0055279820e+03
5.3680000000e+00 4.8226342812e+02 9.9534003135e+01 7.0069769855e+03
5.3690000000e+00 4.8307107209e+02 9.5732860089e+01 7.0072986480e+03
5.3700000000e+00 4.8374741433e+02 9.1931621838e+01 7.0064959417e+03
5.3710000000e+00 4.8428728551e+02 8.8138627209e+01 7.0046073958e+03
5.3720000000e+00 4.8468650391e+02 8.4361092597e+01 7.0017024428e+03
5.3730000000e+00 4.8494191801e+02 8.0604987789e+01 6.9978745513e+03
5.3740000000e+00 4.8505143058e+02 7.6874932119e+01 6.9932330372e+03
5.3750000000e+00 4.8501400992e+02 7.3174102220e+01 6.9878945693e+03
5.3760000000e+00 4.8482969423e+02 6.9504142870e+01 6.9819753451e+03
5.3770000000e+00 4.8449959494e+02 6.5865078759e+01 6.9755847189e+03
5.3780000000e+00 4.8402590220e+02 6.2255235240e+01 6.9688207642e+03
5.3790000000e+00 4.8341189257e+02 5.8671186125e+01 6.9617679079e+03
5.3800000000e+00 4.8266193558e+02 5.5107752011e+01 6.9544964594e+03
5.3810000000e+00 4.8178149334e+02 5.1558070574e+01 6.9470636257e+03
5.3820000000e+00 4.8077710579e+02 4.8013750506e+01 6.9395154919e+03
5.3830000000e+00 4.7965635457e+02 4.4465105923e+01 6.9318894567e+03
5.3840000000e+00 4.7842779979e+02 4.0901452958e+01 6.9242167216e+03
5.3850000000e+00 4.7710088696e+02 3.7311439539e+01 6.9165245955e+03
5.3860000000e+00 4.7568582438e+02 3.3683376723e+01 6.9088385376e+03
5.3870000000e+00 4.7419343442e+02 3.0005545729e+01 6.9011839861e+03
5.3880000000e+00 4.7263498504e+02 2.6266466889e+01 6.8935880641e+03
5.3890000000e+00 4.7102200963e+02 2.2455130717e+01 6.8860812300e+03
5.3900000000e+00 4.6936612406e+02 1.8561202857e+01 6.8786988516e+03
5.3910000000e+00 4.6767884988e+02 1.4575220206e+01 6.8714825759e+03
5.3920000000e+00 4.6597145134e+02 1.0488794036e+01 6.8644812685e+03
5.3930000000e+00 4.6425479186e+02 6.2948283543e+00 6.8577512490e+03
5.3940000000e+00 4.6253921414e+02 1.9877508062e+00 6.8513555699e+03
5.3950000000e+00 4.6083444558e+02 -2.4362576657e+00 6.8453621798e+03
5.3960000000e+00 4.5914952969e+02 -6.9790567178e+00 6.8398409559e+03
5.3970000000e+00 4.5749278300e+02 -1.1640390382e+01 6.8348597657e+03
5.3980000000e+00 4.5587177592e+02 -1.6417805697e+01 6.8304798757e+03
5.3990000000e+00 4.5429333545e+02 -2.1306664050e+01 6.8267511472e+03
5.4000000000e+00 4.5276356673e+02 -2.6300250964e+01 6.8237075061e+03
5.4010000000e+00 4.5128788999e+02 -3.1389974657e+01 6.8213631574e+03
5.4020000000e+00 4.4987108941e+02 -3.6565627888e+01 6.8197099509e+03
5.4030000000e+00 4.4851736798e+02 -4.1815679921e+01 6.8187159742e+03
5.4040000000e+00 4.4723041356e+02 -4.7127552490e+01 6.8183262239e+03
5.4050000000e+00 4.4601344731e+02 -5.2487843323e+01 6.8184639212e+03
5.4060000000e+00 4.4486929695e+02 -5.7882499115e+01 6.8190341903e+03
5.4070000000e+00 4.4380043087e+02 -6.3296894724e+01 6.8199287168e+03
5.4080000000e+00 4.4280901571e+02 -6.8715870418e+01 6.8210313590e+03
5.4090000000e+00 4.4189694174e+02 -7.4123729180e+01 6.8222251572e+03
5.4100000000e+00 4.4106585673e+02 -7.9504239507e+01 6.8233993955e+03
5.4110000000e+00 4.4031718446e+02 -8.4840661704e+01 6.8244565838e+03
5.4120000000e+00 4.3965213662e+02 -9.0115807175e+01 6.8253193897e+03
5.4130000000e+00 4.3907173271e+02 -9.5312136076e+01 6.8259358405e+03
5.4140000000e+00 4.3857679506e+02 -1.0041187732e+02 6.8262829098e+03
5.4150000000e+00 4.3816796481e+02 -1.0539714287e+02 6.8263682042e+03
5.4160000000e+00 4.3784570735e+02 -1.1025003107e+02 6.8262289739e+03
5.4170000000e+00 4.3761031013e+02 -1.1495270263e+02 6.8259287689e+03
5.4180000000e+00 4.3746190674e+02 -1.1948742710e+02 6.8255523756e+03
5.4190000000e+00 4.3740047408e+02 -1.2383663075e+02 6.8251990959e+03
5.4200000000e+00 4.3742584935e+02 -1.2798295522e+02 6.8249751011e+03
5.4210000000e+00 4.3753774084e+02 -1.3190936573e+02 6.8249861600e+03
5.4220000000e+00 4.3773573018e+02 -1.3559929075e+02 6.8253308093e+03
5.4230000000e+00 4.3801928366e+02 -1.3903681265e+02 6.8260944438e+03
5.4240000000e+00 4.3838774181e+02 -1.4220689123e+02 6.8273454337e+03
5.4250000000e+00 4.3884032403e+02 -1.4509561906e+02 6.8291325096e+03
5.4260000000e+00 4.3937610705e+02 -1.4769047361e+02 6.8314836163e+03
5.4270000000e+00 4.3999401188e+02 -1.4998052281e+02 6.8344066277e+03
5.4280000000e+00 4.4069278299e+02 -1.5195661523e+02 6.8378910046e+03
5.4290000000e+00 4.4147095160e+02 -1.5361150666e+02 6.8419103631e+03
5.4300000000e+00 4.4232681171e+02 -1.5493991191e+02 6.8464262320e+03
5.4310000000e+00 4.4325838043e+02 -1.5593850353e+02 6.8513921472e+03
5.4320000000e+00 4.4426336159e+02 -1.5660587770e+02 6.8567578810e+03
5.4330000000e+00 4.4533911216e+02 -1.5694248590e+02 6.8624739957e+03
5.4340000000e+00 4.4648260751e+02 -1.5695056483e+02 6.8684957568e+03
5.4350000000e+00 4.4769041067e+02 -1.5663410059e+02 6.8747860157e+03
5.4360000000e+00 4.4895864503e+02 -1.5599881219e+02 6.8813172512e+03
5.4370000000e+00 4.5028297625e+02 -1.5505212714e+02 6.8880720056e+03
5.4380000000e+00 4.5165859623e+02 -1.5380319334e+02 6.8950416455e+03
5.4390000000e+00 4.5308021600e+02 -1.5226283305e+02 6.9022241599e+03
5.4400000000e+00 4.5454207864e+02 -1.5044345720e+02 6.9096208520e+03
5.4410000000e+00 4.5603796266e+02 -1.4835893518e+02 6.9172322887e+03
5.4420000000e+00 4.5756121601e+02 -1.4602439561e+02 6.9250545481e+03
5.4430000000e+00 4.5910478557e+02 -1.4345600293e+02 6.9330758060e+03
5.4440000000e+00 4.6066125348e+02 -1.4067071809e+02 6.9412733446e+03
5.4450000000e+00 4.6222288730e+02 -1.3768607130e+02 6.9496118779e+03
5.4460000000e+00 4.6378167867e+02 -1.3451994626e+02 6.9580427349e+03
5.4470000000e+00 4.6532939669e+02 -1.3119042151e+02 6.9665037403e+03
5.4480000000e+00 4.6685762968e+02 -1.2771561670e+02 6.9749204114e+03
5.4490000000e+00 4.6835783784e+02 -1.2411354849e+02 6.9832079313e+03
5.4500000000e+00 4.6982140241e+02 -1.2040199698e+02 6.9912737745e+03
5.4510000000e+00 4.7123967166e+02 -1.1659834603e+02 6.9990215478e+03
5.4520000000e+00 4.7260402313e+02 -1.1271941477e+02 7.0063555208e+03
5.4530000000e+00 4.7390590779e+02 -1.0878130359e+02 7.0131855547e+03
5.4540000000e+00 4.7513690786e+02 -1.0479922281e+02 7.0194324805e+03
5.4550000000e+00 4.7628879275e+02 -1.0078737255e+02 7.0250332245e+03
5.4560000000e+00 4.7735356453e+02 -9.6758843867e+01 7.0299446958e+03
5.4570000000e+00 4.7832352113e+02 -9.2725571150e+01 7.0341464533e+03
5.4580000000e+00 4.7919130745e+02 -8.8698350856e+01 7.0376414164e+03
5.4590000000e+00 4.7994998461e+02 -8.4686866586e+01 7.0404539953e+03
5.4600000000e+00 4.8059309885e+02 -8.0699765603e+01 7.0426264571e+03
5.4610000000e+00 4.8111476307e+02 -7.6744735777e+01 7.0442135210e+03
5.4620000000e+00 4.8150974821e+02 -7.2828569455e+01 7.0452756318e+03
5.4630000000e+00 4.8177356923e+02 -6.8957187934e+01 7.0458722856e+03
5.4640000000e+00 4.8190259049e+02 -6.5135627089e+01 7.0460558463e+03
5.4650000000e+00 4.8189411013e+02 -6.1367966189e+01 7.0458663878e+03
5.4660000000e+00 4.8174644912e+02 -5.7657221873e+01 7.0453283514e+03
5.4670000000e+00 4.8145903119e+02 -5.4005204121e+01 7.0444491089e+03
5.4680000000e+00 4.8103243615e+02 -5.0412363008e+01 7.0432190744e+03
5.4690000000e+00 4.8046845407e+02 -4.6877653868e+01 7.0416135222e+03
5.4700000000e+00 4.7977010132e+02 -4.3398429680e+01 7.0395959503e+03
5.4710000000e+00 4.7894162725e+02 -3.9970376393e+01 7.0371220697e+03
5.4720000000e+00 4.7798848799e+02 -3.6587510365e+01 7.0341448950e+03
5.4730000000e+00 4.7691729251e+02 -3.3242236829e+01 7.0306204448e+03
5.4740000000e+00 4.7573573034e+02 -2.9925463302e+01 7.0265132919e+03
5.4750000000e+00 4.7445245220e+02 -2.6626770006e+01 7.0218022547e+03
5.4760000000e+00 4.7307694666e+02 -2.3334627890e+01 7.0164853597e+03
5.4770000000e+00 4.7161937479e+02 -2.0036670364e+01 7.0105833350e+03
5.4780000000e+00 4.7009039438e+02 -1.6719966546e+01 7.0041415521e+03
5.4790000000e+00 4.6850097773e+02 -1.3371355516e+01 6.9972298368e+03
5.4800000000e+00 4.6686221511e+02 -9.9777712736e+00 6.9899399688e+03
5.4810000000e+00 4.6518513683e+02 -6.5265625422e+00 6.9823812140e+03
5.4820000000e+00 4.6348054713e+02 -3.0058054862e+00 6.9746746072e+03
5.4830000000e+00 4.6175887939e+02 5.9542090223e-01 6.9669461863e+03
5.4840000000e+00 4.6003009155e+02 4.2867881012e+00 6.9593203087e+03
5.4850000000e+00 4.5830358180e+02 8.0765174960e+00 6.9519138379e+03
5.4860000000e+00 4.5658815214e+02 1.1971224448e+01 6.9448310165e+03
5.4870000000e+00 4.5489198670e+02 1.5975800642e+01 6.9381597942e+03
5.4880000000e+00 4.5322266485e+02 2.0093349425e+01 6.9319694667e+03
5.4890000000e+00 4.5158718731e+02 2.4325153324e+01 6.9263090259e+03
5.4900000000e+00 4.4999200587e+02 2.8670671958e+01 6.9212065614e+03
5.4910000000e+00 4.4844306938e+02 3.3127589137e+01 6.9166694272e+03
5.4920000000e+00 4.4694585160e+02 3.7691858370e+01 6.9126849526e+03
5.4930000000e+00 4.4550538666e+02 4.2357783192e+01 6.9092220525e+03
5.4940000000e+00 4.4412629077e+02 4.7118081746e+01 6.9062338447e+03
5.4950000000e+00 4.4281277948e+02 5.1963969228e+01 6.9036609908e+03
5.4960000000e+00 4.4156867962e+02 5.6885227234e+01 6.9014357647e+03
5.4970000000e+00 4.4039743616e+02 6.1870272877e+01 6.8994867899e+03
5.4980000000e+00 4.3930211741e+02 6.6906231587e+01 6.8977434381e+03
5.4990000000e+00 4.3828541909e+02 7.1979001346e+01 6.8961398909e+03
5.5000000000e+00 4.3734966811e+02 7.7073344904e+01 6.8946185380e+03
5.5010000000e+00 4.3649683668e+02 8.2172987915e+01 6.8931321120e+03
5.5020000000e+00 4.3572855021e+02 8.7260729861e+01 6.8916449547e+03
5.5030000000e+00 4.3504611831e+02 9.2318585445e+01 6.8901336088e+03
5.5040000000e+00 4.3445056023e+02 9.7327951213e+01 6.8885866372e+03
5.5050000000e+00 4.3394264458e+02 1.0226977563e+02 6.8870042174e+03
5.5060000000e+00 4.3352293710e+02 1.0712476334e+02 6.8853976799e+03
5.5070000000e+00 4.3319184133e+02 1.1187357904e+02 6.8837887387e+03
5.5080000000e+00 4.3294965206e+02 1.1649706833e+02 6.8822084585e+03
5.5090000000e+00 4.3279659071e+02 1.2097646321e+02 6.8806960629e+03
5.5100000000e+00 4.3273284439e+02 1.2529359329e+02 6.8792970008e+03
5.5110000000e+00 4.3275858479e+02 1.2943106674e+02 6.8780605676e+03
5.5120000000e+00 4.3287397756e+02 1.3337243341e+02 6.8770373522e+03
5.5130000000e+00 4.3307917954e+02 1.3710232011e+02 6.8762763435e+03
5.5140000000e+00 4.3337431307e+02 1.4060653084e+02 6.8758222832e+03
5.5150000000e+00 4.3375943985e+02 1.4387212949e+02 6.8757136458e+03
5.5160000000e+00 4.3423451456e+02 1.4688748471e+02 6.8759810737e+03
5.5170000000e+00 4.3479933619e+02 1.4964230353e+02 6.8766464808e+03
5.5180000000e+00 4.3545349820e+02 1.5212764740e+02 6.8777229347e+03
5.5190000000e+00 4.3619633070e+02 1.5433595658e+02 6.8792147335e+03
5.5200000000e+00 4.3702685364e+02 1.5626105339e+02 6.8811177286e+03
5.5210000000e+00 4.3794372707e+02 1.5789816228e+02 6.8834200103e+03
5.5220000000e+00 4.3894521383e+02 1.5924392120e+02 6.8861025367e+03
5.5230000000e+00 4.4002914872e+02 1.6029639978e+02 6.8891400875e+03
5.5240000000e+00 4.4119291562e+02 1.6105510406e+02 6.8925028249e+03
5.5250000000e+00 4.4243344344e+02 1.6152098356e+02 6.8961581778e+03
5.5260000000e+00 4.4374719744e+02 1.6169641856e+02 6.9000732733e+03
5.5270000000e+00 4.4513019483e+02 1.6158519912e+02 6.9042177634e+03
5.5280000000e+00 4.4657801368e+02 1.6119248448e+02 6.9085665386e+03
5.5290000000e+00 4.4808580835e+02 1.6052474266e+02 6.9131018739e+03
5.5300000000e+00 4.4964833164e+02 1.5958967547e+02 6.9178149484e+03
5.5310000000e+00 4.5125994304e+02 1.5839610667e+02 6.9227060594e+03
5.5320000000e+00 4.5291462789e+02 1.5695387289e+02 6.9277834913e+03
5.5330000000e+00 4.5460600201e+02 1.5527368892e+02 6.9330614664e+03
5.5340000000e+00 4.5632731876e+02 1.5336700873e+02 6.9385569369e+03
5.5350000000e+00 4.5807147267e+02 1.5124587725e+02 6.9442857164e+03
5.5360000000e+00 4.5983099606e+02 1.4892280265e+02 6.9502585551e+03
5.5370000000e+00 4.6159806595e+02 1.4641061127e+02 6.9564769803e+03
5.5380000000e+00 4.6336450357e+02 1.4372233324e+02 6.9629294076e+03
5.5390000000e+00 4.6512178795e+02 1.4087109189e+02 6.9695877854e+03
5.5400000000e+00 4.6686108079e+02 1.3787001746e+02 6.9764047541e+03
5.5410000000e+00 4.6857325409e+02 1.3473218325e+02 6.9833116228e+03
5.5420000000e+00 4.7024894718e+02 1.3147056205e+02 6.9902176698e+03
5.5430000000e+00 4.7187862306e+02 1.2809800216e+02 6.9970109317e+03
5.5440000000e+00 4.7345264463e+02 1.2462721466e+02 7.0035607045e+03
5.5450000000e+00 4.7496136066e+02 1.2107077786e+02 7.0097223197e+03
5.5460000000e+00 4.7639519412e+02 1.1744112203e+02 7.0153437723e+03
5.5470000000e+00 4.7774474572e+02 1.1375051864e+02 7.0202738407e+03
5.5480000000e+00 4.7900089538e+02 1.1001103061e+02 7.0243713863e+03
5.5490000000e+00 4.8015491630e+02 1.0623444342e+02 7.0275145102e+03
5.5500000000e+00 4.8119858879e+02 1.0243215097e+02 7.0296086276e+03
5.5510000000e+00 4.8212431271e+02 9.8615021019e+01 7.0305927506e+03
5.5520000000e+00 4.8292522253e+02 9.4793235275e+01 7.0304428810e+03
5.5530000000e+00 4.8359527838e+02 9.0976121831e+01 7.0291722289e+03
5.5540000000e+00 4.8412935330e+02 8.7171990299e+01 7.0268284316e+03
5.5550000000e+00 4.8452329320e+02 8.3388001738e+01 7.0234880897e+03
5.5560000000e+00 4.8477395641e+02 7.9630045463e+01 7.0192492902e+03
5.5570000000e+00 4.8487924454e+02 7.5902638966e+01 7.0142233900e+03
5.5580000000e+00 4.8483811059e+02 7.2208842297e+01 7.0085268547e+03
5.5590000000e+00 4.8465057266e+02 6.8550161542e+01 7.0022738542e+03
5.5600000000e+00 4.8431771903e+02 6.4926466727e+01 6.9955706274e+03
5.5610000000e+00 4.8384171944e+02 6.1335901094e+01 6.9885116319e+03
5.5620000000e+00 4.8322583796e+02 5.7774838009e+01 6.9811774169e+03
5.5630000000e+00 4.8247443771e+02 5.4237867148e+01 6.9736344218e+03
5.5640000000e+00 4.8159298644e+02 5.0717878198e+01 6.9659359732e+03
5.5650000000e+00 4.8058803594e+02 4.7206207712e+01 6.9581241438e+03
5.5660000000e+00 4.7946718457e+02 4.3692880374e+01 6.9502322879e+03
5.5670000000e+00 4.7823901497e+02 4.0166906121e+01 6.9422877317e+03
5.5680000000e+00 4.7691299010e+02 3.6616606854e+01 6.9343143505e+03
5.5690000000e+00 4.7549933647e+02 3.3029950781e+01 6.9263350670e+03
5.5700000000e+00 4.7400888613e+02 2.9394855770e+01 6.9183741242e+03
5.5710000000e+00 4.7245291009e+02 2.5699461502e+01 6.9104588854e+03
5.5720000000e+00 4.7084293603e+02 2.1932359890e+01 6.9026214778e+03
5.5730000000e+00 4.6919056307e+02 1.8082811006e+01 6.8949000975e+03
5.5740000000e+00 4.6750728817e+02 1.4140947998e+01 6.8873397082e+03
5.5750000000e+00 4.6580433852e+02 1.0097986954e+01 6.8799924335e+03
5.5760000000e+00 4.6409253505e+02 5.9464511564e+00 6.8729172754e+03
5.5770000000e+00 4.6238217027e+02 1.6804178617e+00 6.8661789130e+03
5.5780000000e+00 4.6068291820e+02 -2.7042620153e+00 6.8598458046e+03
5.5790000000e+00 4.5900377133e+02 -7.2097466852e+00 6.8539873311e+03
5.5800000000e+00 4.5735299782e+02 -1.1836058009e+01 6.8486700038e+03
5.5810000000e+00 4.5573812900e+02 -1.6581001093e+01 6.8439531465e+03
5.5820000000e+00 4.5416596365e+02 -2.1440183492e+01 6.8398843352e+03
5.5830000000e+00 4.5264258983e+02 -2.6407127509e+01 6.8364948349e+03
5.5840000000e+00 4.5117342415e+02 -3.1473471017e+01 6.8337958370e+03
5.5850000000e+00 4.4976325564e+02 -3.6629227972e+01 6.8317758413e+03
5.5860000000e+00 4.4841630393e+02 -4.1863072227e+01 6.8303993615e+03
5.5870000000e+00 4.4713627125e+02 -4.7162609721e+01 6.8296074833e+03
5.5880000000e+00 4.4592640460e+02 -5.2514589570e+01 6.8293201918e+03
5.5890000000e+00 4.4478954650e+02 -5.7905062540e+01 6.8294401891e+03
5.5900000000e+00 4.4372818311e+02 -6.3319454895e+01 6.8298582334e+03
5.5910000000e+00 4.4274448899e+02 -6.8742599515e+01 6.8304595227e+03
5.5920000000e+00 4.4184035531e+02 -7.4158729464e+01 6.8311305764e+03
5.5930000000e+00 4.4101742053e+02 -7.9551485649e+01 6.8317663555e+03
5.5940000000e+00 4.4027708725e+02 -8.4903940935e+01 6.8322771271e+03
5.5950000000e+00 4.3962053738e+02 -9.0198676407e+01 6.8325943437e+03
5.5960000000e+00 4.3904874328e+02 -9.5417878771e+01 6.8326753345e+03
5.5970000000e+00 4.3856247596e+02 -1.0054346785e+02 6.8325063549e+03
5.5980000000e+00 4.3816231498e+02 -1.0555722250e+02 6.8321034235e+03
5.5990000000e+00 4.3784865639e+02 -1.1044088243e+02 6.8315111127e+03
5.6000000000e+00 4.3762172547e+02 -1.1517622885e+02 6.8307992091e+03
5.6010000000e+00 4.3748159018e+02 -1.1974513686e+02 6.8300573446e+03
5.6020000000e+00 4.3742817240e+02 -1.2412963552e+02 6.8293882913e+03
5.6030000000e+00 4.3746126590e+02 -1.2831196603e+02 6.8289005069e+03
5.6040000000e+00 4.3758054375e+02 -1.3227469520e+02 6.8287004909e+03
5.6050000000e+00 4.3778556783e+02 -1.3600086232e+02 6.8288858389e+03
5.6060000000e+00 4.3807579308e+02 -1.3947417324e+02 6.8295396199e+03
5.6070000000e+00 4.3845056144e+02 -1.4267923302e+02 6.8307262463e+03
5.6080000000e+00 4.3890909824e+02 -1.4560179732e+02 6.8324892043e+03
5.6090000000e+00 4.3945049298e+02 -1.4822901033e+02 6.8348506816e+03
5.6100000000e+00 4.4007368419e+02 -1.5054962949e+02 6.8378125335e+03
5.6110000000e+00 4.4077742943e+02 -1.5255419537e+02 6.8413586359e+03
5.6120000000e+00 4.4156027666e+02 -1.5423515393e+02 6.8454581770e+03
5.6130000000e+00 4.4242053042e+02 -1.5558691072e+02 6.8500694136e+03
5.6140000000e+00 4.4335620993e+02 -1.5660583209e+02 6.8551438289e+03
5.6150000000e+00 4.4436501714e+02 -1.5729020635e+02 6.8606303796e+03
5.6160000000e+00 4.4544429415e+02 -1.5764018404e+02 6.8664794682e+03
5.6170000000e+00 4.4659099067e+02 -1.5765772857e+02 6.8726464413e+03
5.6180000000e+00 4.4780163478e+02 -1.5734657500e+02 6.8790944024e+03
5.6190000000e+00 4.4907230366e+02 -1.5671222688e+02 6.8857958471e+03
5.6200000000e+00 4.5039860928e+02 -1.5576195047e+02 6.8927329739e+03
5.6210000000e+00 4.5177568396e+02 -1.5450477576e+02 6.8998967942e+03
5.6220000000e+00 4.5319818046e+02 -1.5295145561e+02 6.9072847286e+03
5.6230000000e+00 4.5466028025e+02 -1.5111438750e+02 6.9148972577e+03
5.6240000000e+00 4.5615570793e+02 -1.4900746631e+02 6.9227340612e+03
5.6250000000e+00 4.5767776406e+02 -1.4664589209e+02 6.9307898695e+03
5.6260000000e+00 4.5921935176e+02 -1.4404593993e+02 6.9390507996e+03
5.6270000000e+00 4.6077302403e+02 -1.4122472064e+02 6.9474915048e+03
5.6280000000e+00 4.6233102365e+02 -1.3819994894e+02 6.9560732992e+03
5.6290000000e+00 4.6388532905e+02 -1.3498973715e+02 6.9647434455e+03
5.6300000000e+00 4.6542770521e+02 -1.3161242581e+02 6.9734356497e+03
5.6310000000e+00 4.6694974569e+02 -1.2808642602e+02 6.9820715068e+03
5.6320000000e+00 4.6844292614e+02 -1.2443007980e+02 6.9905627993e+03
5.6330000000e+00 4.6989864993e+02 -1.2066150915e+02 6.9988147302e+03
5.6340000000e+00 4.7130830054e+02 -1.1679846060e+02 7.0067297230e+03
5.6350000000e+00 4.7266329360e+02 -1.1285812966e+02 7.0142118101e+03
5.6360000000e+00 4.7395512657e+02 -1.0885699681e+02 7.0211716025e+03
5.6370000000e+00 4.7517543555e+02 -1.0481066042e+02 7.0275312261e+03
5.6380000000e+00 4.7631604215e+02 -1.0073371013e+02 7.0332290236e+03
5.6390000000e+00 4.7736900963e+02 -9.6639635408e+01 7.0382234713e+03
5.6400000000e+00 4.7832669663e+02 -9.2540778951e+01 7.0424955979e+03
5.6410000000e+00 4.7918181290e+02 -8.8448341560e+01 7.0460494883e+03
5.6420000000e+00 4.7992748917e+02 -8.4372421187e+01 7.0489107044e+03
5.6430000000e+00 4.8055734513e+02 -8.0322079150e+01 7.0511224900e+03
5.6440000000e+00 4.8106557412e+02 -7.6305409316e+01 7.0527401758e+03
5.6450000000e+00 4.8144703043e+02 -7.2329593562e+01 7.0538245947e+03
5.6460000000e+00 4.8169732190e+02 -6.8400920883e+01 7.0544351530e+03
5.6470000000e+00 4.8181290635e+02 -6.4524761735e+01 7.0546234498e+03
5.6480000000e+00 4.8179118026e+02 -6.0705491219e+01 7.0544283587e+03
5.6490000000e+00 4.8163056692e+02 -5.6946379152e+01 7.0538727897e+03
5.6500000000e+00 4.8133058847e+02 -5.3249440029e+01 7.0529624095e+03
5.6510000000e+00 4.8089192620e+02 -4.9615289490e+01 7.0516863408e+03
5.6520000000e+00 4.8031646602e+02 -4.6043004418e+01 7.0500193644e+03
5.6530000000e+00 4.7960731625e+02 -4.2530023668e+01 7.0479253330e+03
5.6540000000e+00 4.7876881147e+02 -3.9072090780e+01 7.0453615748e+03
5.6550000000e+00 4.7780648281e+02 -3.5663256413e+01 7.0422838317e+03
5.6560000000e+00 4.7672700525e+02 -3.2295941113e+01 7.0386515323e+03
5.6570000000e+00 4.7553811641e+02 -2.8961053744e+01 7.0344332840e+03
5.6580000000e+00 4.7424850535e+02 -2.5648166759e+01 7.0296121016e+03
5.6590000000e+00 4.7286767862e+02 -2.2345738372e+01 7.0241899572e+03
5.6600000000e+00 4.7140580086e+02 -1.9041376579e+01 7.0181912862e+03
5.6610000000e+00 4.6987352072e+02 -1.5722131816e+01 7.0116647777e+03
5.6620000000e+00 4.6828178541e+02 -1.2374816497e+01 7.0046830513e+03
5.6630000000e+00 4.6664165270e+02 -8.9863297870e+00 6.9973402506e+03
5.6640000000e+00 4.6496411394e+02 -5.5439830322e+00 6.9897475422e+03
5.6650000000e+00 4.6325992832e+02 -2.0357975443e+00 6.9820270391e+03
5.6660000000e+00 4.6153948618e+02 1.5492128202e+00 6.9743050038e+03
5.6670000000e+00 4.5981270120e+02 5.2208119640e+00 6.9667050089e+03
5.6680000000e+00 4.5808893200e+02 8.9873398247e+00 6.9593417394e+03
5.6690000000e+00 4.5637694352e+02 1.2855564472e+01 6.9523161069e+03
5.6700000000e+00 4.5468488814e+02 1.6830573229e+01 6.9457117323e+03
5.6710000000e+00 4.5302031894e+02 2.0915700294e+01 6.9395927001e+03
5.6720000000e+00 4.5139021238e+02 2.5112499720e+01 6.9340025494e+03
5.6730000000e+00 4.4980100373e+02 2.9420744781e+01 6.9289640622e+03
5.6740000000e+00 4.4825862526e+02 3.3838459741e+01 6.9244796448e+03
5.6750000000e+00 4.4676853700e+02 3.8361965177e+01 6.9205324324e+03
5.6760000000e+00 4.4533576085e+02 4.2985943205e+01 6.9170879973e+03
5.6770000000e+00 4.4396489729e+02 4.7703499433e+01 6.9140968176e+03
5.6780000000e+00 4.4266014449e+02 5.2506233394e+01 6.9114976459e+03
5.6790000000e+00 4.4142530805e+02 5.7384302085e+01 6.9092216146e+03
5.6800000000e+00 4.4026380545e+02 6.2326486797e+01 6.9071967466e+03
5.6810000000e+00 4.3917867426e+02 6.7320256463e+01 6.9053525770e+03
5.6820000000e+00 4.3817257310e+02 7.2351842355e+01 6.9036243691e+03
5.6830000000e+00 4.3724779050e+02 7.7406318315e+01 6.9019563638e+03
5.6840000000e+00 4.3640625442e+02 8.2467700487e+01 6.9003040833e+03
5.6850000000e+00 4.3564954786e+02 8.7519061581e+01 6.8986354851e+03
5.6860000000e+00 4.3497893527e+02 9.2542667886e+01 6.8969311098e+03
5.6870000000e+00 4.3439539017e+02 9.7520138800e+01 6.8951837111e+03
5.6880000000e+00 4.3389963890e+02 1.0243262105e+02 6.8933975062e+03
5.6890000000e+00 4.3349220140e+02 1.0726098995e+02 6.8915872963e+03
5.6900000000e+00 4.3317343993e+02 1.1198605012e+02 6.8897776278e+03
5.6910000000e+00 4.3294360769e+02 1.1658875567e+02 6.8880018591e+03
5.6920000000e+00 4.3280288696e+02 1.2105041819e+02 6.8863009278e+03
5.6930000000e+00 4.3275142866e+02 1.2535291141e+02 6.8847217279e+03
5.6940000000e+00 4.3278937032e+02 1.2947885494e+02 6.8833150376e+03
5.6950000000e+00 4.3291684826e+02 1.3341177543e+02 6.8821328699e+03
5.6960000000e+00 4.3313398971e+02 1.3713623986e+02 6.8812257005e+03
5.6970000000e+00 4.3344089211e+02 1.4063795592e+02 6.8806397716e+03
5.6980000000e+00 4.3383759126e+02 1.4390384918e+02 6.8804146892e+03
5.6990000000e+00 4.3432401509e+02 1.4692211382e+02 6.8805817860e+03
5.7000000000e+00 4.3489993665e+02 1.4968224531e+02 6.8811631904e+03
5.7010000000e+00 4.3556491906e+02 1.5217506783e+02 6.8821715337e+03
5.7020000000e+00 4.3631826142e+02 1.5439275574e+02 6.8836102604e+03
5.7030000000e+00 4.3715895071e+02 1.5632885281e+02 6.8854742285e+03
5.7040000000e+00 4.3808561201e+02 1.5797829568e+02 6.8877504491e+03
5.7050000000e+00 4.3909647265e+02 1.5933743542e+02 6.8904189484e+03
5.7060000000e+00 4.4018933109e+02 1.6040405912e+02 6.8934538618e+03
5.7070000000e+00 4.4136153564e+02 1.6117739968e+02 6.8968247512e+03
5.7080000000e+00 4.4260997729e+02 1.6165814379e+02 6.9004984046e+03
5.7090000000e+00 4.4393108553e+02 1.6184841861e+02 6.9044411652e+03
5.7100000000e+00 4.4532083993e+02 1.6175177067e+02 6.9086214661e+03
5.7110000000e+00 4.4677477947e+02 1.6137312219e+02 6.9130125192e+03
5.7120000000e+00 4.4828802172e+02 1.6071870769e+02 6.9175946511e+03
5.7130000000e+00 4.4985527896e+02 1.5979599394e+02 6.9223567820e+03
5.7140000000e+00 4.5147087271e+02 1.5861357573e+02 6.9272968704e+03
5.7150000000e+00 4.5312874940e+02 1.5718105895e+02 6.9324210601e+03
5.7160000000e+00 4.5482248652e+02 1.5550893137e+02 6.9377415178e+03
5.7170000000e+00 4.5654530007e+02 1.5360842486e+02 6.9432732554e+03
5.7180000000e+00 4.5829004644e+02 1.5149137757e+02 6.9490302754e+03
5.7190000000e+00 4.6004922189e+02 1.4917009774e+02 6.9550213294e+03
5.7200000000e+00 4.6181496587e+02 1.4665723333e+02 6.9612457216e+03
5.7210000000e+00 4.6357906394e+02 1.4396565552e+02 6.9676894941e+03
5.7220000000e+00 4.6533296249e+02 1.4110835296e+02 6.9743220262e+03
5.7230000000e+00 4.6706779062e+02 1.3809834952e+02 6.9810934157e+03
5.7240000000e+00 4.6877439704e+02 1.3494863977e+02 6.9879328032e+03
5.7250000000e+00 4.7044340228e+02 1.3167214946e+02 6.9947477933e+03
5.7260000000e+00 4.7206525969e+02 1.2828171121e+02 7.0014253955e+03
5.7270000000e+00 4.7363033557e+02 1.2479005776e+02 7.0078347484e+03
5.7280000000e+00 4.7512899084e+02 1.2120981905e+02 7.0138317127e+03
5.7290000000e+00 4.7655167596e+02 1.1755351408e+02 7.0192653972e+03
5.7300000000e+00 4.7788903082e+02 1.1383352997e+02 7.0239863117e+03
5.7310000000e+00 4.7913198842e+02 1.1006207363e+02 7.0278554168e+03
5.7320000000e+00 4.8027188874e+02 1.0625109287e+02 7.0307532535e+03
5.7330000000e+00 4.8130059076e+02 1.0241216131e+02 7.0325881749e+03
5.7340000000e+00 4.8221058870e+02 9.8556336052e+01 7.0333025109e+03
5.7350000000e+00 4.8299511999e+02 9.4693990201e+01 7.0328759929e+03
5.7360000000e+00 4.8364826143e+02 9.0834644942e+01 7.0313260083e+03
5.7370000000e+00 4.8416501135e+02 8.6986807994e+01 7.0287045728e+03
5.7380000000e+00 4.8454134570e+02 8.3157835479e+01 7.0250925978e+03
5.7390000000e+00 4.8477426129e+02 7.9353815841e+01 7.0205922773e+03
5.7400000000e+00 4.8486179629e+02 7.5579473280e+01 7.0153185396e+03
5.7410000000e+00 4.8480304250e+02 7.1838077481e+01 7.0093906613e+03
5.7420000000e+00 4.8459815359e+02 6.8131355302e+01 7.0029249967e+03
5.7430000000e+00 4.8424834911e+02 6.4459400339e+01 6.9960292917e+03
5.7440000000e+00 4.8375592621e+02 6.0820587682e+01 6.9887989404e+03
5.7450000000e+00 4.8312426750e+02 5.7211519175e+01 6.9813152055e+03
5.7460000000e+00 4.8235785027e+02 5.3627019875e+01 6.9736449943e+03
5.7470000000e+00 4.8146224450e+02 5.0060210401e+01 6.9658418976e+03
5.7480000000e+00 4.8044409488e+02 4.6502661077e+01 6.9579481093e+03
5.7490000000e+00 4.7931108263e+02 4.2944633505e+01 6.9499967368e+03
5.7500000000e+00 4.7807185507e+02 3.9375377550e+01 6.9420143326e+03
5.7510000000e+00 4.7673593060e+02 3.5783463591e+01 6.9340234622e+03
5.7520000000e+00 4.7531357164e+02 3.2157113343e+01 6.9260451581e+03
5.7530000000e+00 4.7381563226e+02 2.8484505546e+01 6.9181011901e+03
5.7540000000e+00 4.7225339144e+02 2.4754043539e+01 6.9102161904e+03
5.7550000000e+00 4.7063836918e+02 2.0954586399e+01 6.9024194398e+03
5.7560000000e+00 4.6898214780e+02 1.7075655102e+01 6.8947462523e+03
5.7570000000e+00 4.6729619474e+02 1.3107632329e+01 6.8872389528e+03
5.7580000000e+00 4.6559170273e+02 9.0419691289e+00 6.8799471738e+03
5.7590000000e+00 4.6387945014e+02 4.8714050230e+00 6.8729274298e+03
5.7600000000e+00 4.6216968287e+02 5.9020242262e-01 6.8662419550e+03
5.7610000000e+00 4.6047202701e+02 -3.8056270655e+00 6.8599566073e+03
5.7620000000e+00 4.5879542253e+02 -8.3181192900e+00 6.8541379537e+03
5.7630000000e+00 4.5714808684e+02 -1.2947208090e+01 6.8488496556e+03
5.7640000000e+00 4.5553750060e+02 -1.7690651493e+01 6.8441482769e+03
5.7650000000e+00 4.5397041235e+02 -2.2544050374e+01 6.8400788606e+03
5.7660000000e+00 4.5245286456e+02 -2.7500963131e+01 6.8366706960e+03
5.7670000000e+00 4.5099022943e+02 -3.2553106777e+01 6.8339336637e+03
5.7680000000e+00 4.4958725639e+02 -3.7690616007e+01 6.8318555607e+03
5.7690000000e+00 4.4824812712e+02 -4.2902324296e+01 6.8304008811e+03
5.7700000000e+00 4.4697650990e+02 -4.8176029046e+01 6.8295111933e+03
5.7710000000e+00 4.4577561860e+02 -5.3498704217e+01 6.8291072184e+03
5.7720000000e+00 4.4464826328e+02 -5.8856645428e+01 6.8290926676e+03
5.7730000000e+00 4.4359689987e+02 -6.4235543468e+01 6.8293594848e+03
5.7740000000e+00 4.4262367012e+02 -6.9620505457e+01 6.8297941933e+03
5.7750000000e+00 4.4173043430e+02 -7.4996048010e+01 6.8302849869e+03
5.7760000000e+00 4.4091879974e+02 -8.0346097679e+01 6.8307289272e+03
5.7770000000e+00 4.4019013714e+02 -8.5654018479e+01 6.8310387803e+03
5.7780000000e+00 4.3954559830e+02 -9.0902679728e+01 6.8311489775e+03
5.7790000000e+00 4.3898612474e+02 -9.6074559431e+01 6.8310201809e+03
5.7800000000e+00 4.3851245666e+02 -1.0115186872e+02 6.8306420334e+03
5.7810000000e+00 4.3812514211e+02 -1.0611667525e+02 6.8300339136e+03
5.7820000000e+00 4.3782454446e+02 -1.1095100650e+02 6.8292435279e+03
5.7830000000e+00 4.3761085522e+02 -1.1563692702e+02 6.8283433710e+03
5.7840000000e+00 4.3748410573e+02 -1.2015659307e+02 6.8274254605e+03
5.7850000000e+00 4.3744418174e+02 -1.2449230377e+02 6.8265946705e+03
5.7860000000e+00 4.3749083776e+02 -1.2862656726e+02 6.8259612644e+03
5.7870000000e+00 4.3762370653e+02 -1.3254220407e+02 6.8256334125e+03
5.7880000000e+00 4.3784230980e+02 -1.3622249508e+02 6.8257102286e+03
5.7890000000e+00 4.3814605805e+02 -1.3965137644e+02 6.8262759642e+03
5.7900000000e+00 4.3853424978e+02 -1.4281366858e+02 6.8273958148e+03
5.7910000000e+00 4.3900606293e+02 -1.4569532359e+02 6.8291135067e+03
5.7920000000e+00 4.3956053883e+02 -1.4828366947e+02 6.8314506724e+03
5.7930000000e+00 4.4019656530e+02 -1.5056762923e+02 6.8344079009e+03
5.7940000000e+00 4.4091284818e+02 -1.5253789545e+02 6.8379671547e+03
5.7950000000e+00 4.4170788393e+02 -1.5418704819e+02 6.8420951336e+03
5.7960000000e+00 4.4257992382e+02 -1.5550961083e+02 6.8467473550e+03
5.7970000000e+00 4.4352693827e+02 -1.5650204800e+02 6.8518725311e+03
5.7980000000e+00 4.4454657974e+02 -1.5716272393e+02 6.8574169012e+03
5.7990000000e+00 4.4563614444e+02 -1.5749184314e+02 6.8633283519e+03
5.8000000000e+00 4.4679253982e+02 -1.5749139497e+02 6.8695599367e+03
5.8010000000e+00 4.4801225150e+02 -1.5716511726e+02 6.8760725328e+03
5.8020000000e+00 4.4929131833e+02 -1.5651848609e+02 6.8828364608e+03
5.8030000000e+00 4.5062531338e+02 -1.5555871677e+02 6.8898318346e+03
5.8040000000e+00 4.5200933089e+02 -1.5429475835e+02 6.8970475678e+03
5.8050000000e+00 4.5343798614e+02 -1.5273725875e+02 6.9044791786e+03
5.8060000000e+00 4.5490542122e+02 -1.5089847861e+02 6.9121256089e+03
5.8070000000e+00 4.5640532383e+02 -1.4879214839e+02 6.9199853574e+03
5.8080000000e+00 4.5793095338e+02 -1.4643327481e+02 6.9280524911e+03
5.8090000000e+00 4.5947517480e+02 -1.4383791207e+02 6.9363129286e+03
5.8100000000e+00 4.6103050002e+02 -1.4102292374e+02 6.9447413691e+03
5.8110000000e+00 4.6258912931e+02 -1.3800575638e+02 6.9532992644e+03
5.8120000000e+00 4.6414300031e+02 -1.3480424009e+02 6.9619339229e+03
5.8130000000e+00 4.6568383320e+02 -1.3143642039e+02 6.9705787751e+03
5.8140000000e+00 4.6720318024e+02 -1.2792041152e+02 6.9791547937e+03
5.8150000000e+00 4.6869247636e+02 -1.2427425957e+02 6.9875729308e+03
5.8160000000e+00 4.7014308854e+02 -1.2051579984e+02 6.9957374047e+03
5.8170000000e+00 4.7154637115e+02 -1.1666250250e+02 7.0035497552e+03
5.8180000000e+00 4.7289371804e+02 -1.1273130690e+02 7.0109135118e+03
5.8190000000e+00 4.7417661782e+02 -1.0873845288e+02 7.0177391625e+03
5.8200000000e+00 4.7538670788e+02 -1.0469932379e+02 7.0239492151e+03
5.8210000000e+00 4.7651582647e+02 -1.0062831705e+02 7.0294828801e+03
5.8220000000e+00 4.7755606760e+02 -9.6538752388e+01 7.0342997889e+03
5.8230000000e+00 4.7849983381e+02 -9.2442826556e+01 7.0383823376e+03
5.8240000000e+00 4.7933989676e+02 -8.8351614172e+01 7.0417361339e+03
5.8250000000e+00 4.8006946159e+02 -8.4275106741e+01 7.0443882963e+03
5.8260000000e+00 4.8068223924e+02 -8.0222276013e+01 7.0463836859e+03
5.8270000000e+00 4.8117252937e+02 -7.6201142093e+01 7.0477794048e+03
5.8280000000e+00 4.8153530572e+02 -7.2218826084e+01 7.0486381468e+03
5.8290000000e+00 4.8176630995e+02 -6.8281568570e+01 7.0490212551e+03
5.8300000000e+00 4.8186214320e+02 -6.4394702180e+01 7.0489823480e+03
5.8310000000e+00 4.8182035535e+02 -6.0562575703e+01 7.0485621648e+03
5.8320000000e+00 4.8163952813e+02 -5.6788437106e+01 7.0477852213e+03
5.8330000000e+00 4.8131934552e+02 -5.3074289024e+01 7.0466584948e+03
5.8340000000e+00 4.8086065296e+02 -4.9420738235e+01 7.0451719826e+03
5.8350000000e+00 4.8026549655e+02 -4.5826859874e+01 7.0433009962e+03
5.8360000000e+00 4.7953714407e+02 -4.2290096145e+01 7.0410097589e+03
5.8370000000e+00 4.7868008265e+02 -3.8806204236e+01 7.0382559107e+03
5.8380000000e+00 4.7769998862e+02 -3.5369262139e+01 7.0349956339e+03
5.8390000000e+00 4.7660367442e+02 -3.1971735783e+01 7.0311890984e+03
5.8400000000e+00 4.7539900169e+02 -2.8604606524e+01 7.0268059108e+03
5.8410000000e+00 4.7409477096e+02 -2.5257550974e+01 7.0218302657e+03
5.8420000000e+00 4.7270058322e+02 -2.1919168782e+01 7.0162654231e+03
5.8430000000e+00 4.7122667874e+02 -1.8577248444e+01 7.0101369699e+03
5.8440000000e+00 4.6968376193e+02 -1.5219063273e+01 7.0034944435e+03
5.8450000000e+00 4.6808281325e+02 -1.1831686609e+01 6.9964110143e+03
5.8460000000e+00 4.6643490403e+02 -8.4023150670e+00 6.9889809762e+03
5.8470000000e+00 4.6475101716e+02 -4.9185857890e+00 6.9813153147e+03
5.8480000000e+00 4.6304188614e+02 -1.3688743917e+00 6.9735357928e+03
5.8490000000e+00 4.6131786062e+02 2.2574351049e+00 6.9657681670e+03
5.8500000000e+00 4.5958879911e+02 5.9697186951e+00 6.9581353863e+03
5.8510000000e+00 4.5786399880e+02 9.7759211131e+00 6.9507514448e+03
5.8520000000e+00 4.5615215422e+02 1.3682408687e+01 6.9437163680e+03
5.8530000000e+00 4.5446134568e+02 1.7693865076e+01 6.9371125929e+03
5.8540000000e+00 4.5279905224e+02 2.1813227803e+01 6.9310027460e+03
5.8550000000e+00 4.5117217691e+02 2.6041665029e+01 6.9254285727e+03
5.8560000000e+00 4.4958708492e+02 3.0378585730e+01 6.9204107907e+03
5.8570000000e+00 4.4804964019e+02 3.4821676666e+01 6.9159497100e+03
5.8580000000e+00 4.4656524183e+02 3.9366959613e+01 6.9120264508e+03
5.8590000000e+00 4.4513885323e+02 4.4008858592e+01 6.9086048255e+03
5.8600000000e+00 4.4377502396e+02 4.8740270452e+01 6.9056339905e+03
5.8610000000e+00 4.4247790661e+02 5.3552633250e+01 6.9030518030e+03
5.8620000000e+00 4.4125126482e+02 5.8435991681e+01 6.9007888642e+03
5.8630000000e+00 4.4009848096e+02 6.3379057759e+01 6.8987729935e+03
5.8640000000e+00 4.3902255888e+02 6.8369273550e+01 6.8969337118e+03
5.8650000000e+00 4.3802612763e+02 7.3392879525e+01 6.8952063263e+03
5.8660000000e+00 4.3711144816e+02 7.8434992392e+01 6.8935352633e+03
5.8670000000e+00 4.3628042233e+02 8.3479701917e+01 6.8918763527e+03
5.8680000000e+00 4.3553461018e+02 8.8510185228e+01 6.8901980425e+03
5.8690000000e+00 4.3487525355e+02 9.3508843383e+01 6.8884817170e+03
5.8700000000e+00 4.3430330751e+02 9.8457460205e+01 6.8867213072e+03
5.8710000000e+00 4.3381948023e+02 1.0333738023e+02 6.8849225017e+03
5.8720000000e+00 4.3342427562e+02 1.0812970312e+02 6.8831018287e+03
5.8730000000e+00 4.3311804203e+02 1.1281548882e+02 6.8812856266e+03
5.8740000000e+00 4.3290101663e+02 1.1737596857e+02 6.8795089266e+03
5.8750000000e+00 4.3277336809e+02 1.2179275302e+02 6.8778141435e+03
5.8760000000e+00 4.3273523029e+02 1.2604802976e+02 6.8762493809e+03
5.8770000000e+00 4.3278672303e+02 1.3012474503e+02 6.8748663063e+03
5.8780000000e+00 4.3292796224e+02 1.3400676004e+02 6.8737176600e+03
5.8790000000e+00 4.3315905131e+02 1.3767898074e+02 6.8728545328e+03
5.8800000000e+00 4.3348006118e+02 1.4112745820e+02 6.8723236864e+03
5.8810000000e+00 4.3389099575e+02 1.4433946057e+02 6.8721652537e+03
5.8820000000e+00 4.3439174810e+02 1.4730352353e+02 6.8724109942e+03
5.8830000000e+00 4.3498205039e+02 1.5000948260e+02 6.8730832329e+03
5.8840000000e+00 4.3566141987e+02 1.5244849683e+02 6.8741945136e+03
5.8850000000e+00 4.3642910592e+02 1.5461306682e+02 6.8757477764e+03
5.8860000000e+00 4.3728403925e+02 1.5649705359e+02 6.8777369107e+03
5.8870000000e+00 4.3822478620e+02 1.5809569634e+02 6.8801475863e+03
5.8880000000e+00 4.3924951201e+02 1.5940563183e+02 6.8829582383e+03
5.8890000000e+00 4.4035595015e+02 1.6042491054e+02 6.8861412680e+03
5.8900000000e+00 4.4154138514e+02 1.6115300767e+02 6.8896645723e+03
5.8910000000e+00 4.4280264224e+02 1.6159082598e+02 6.8934934553e+03
5.8920000000e+00 4.4413608814e+02 1.6174068679e+02 6.8975929124e+03
5.8930000000e+00 4.4553763918e+02 1.6160630633e+02 6.9019302212e+03
5.8940000000e+00 4.4700277345e+02 1.6119275395e+02 6.9064775142e+03
5.8950000000e+00 4.4852654856e+02 1.6050638973e+02 6.9112139705e+03
5.8960000000e+00 4.5010361679e+02 1.5955478155e+02 6.9161273048e+03
5.8970000000e+00 4.5172824219e+02 1.5834660127e+02 6.9212141601e+03
5.8980000000e+00 4.5339431246e+02 1.5689150394e+02 6.9264792579e+03
5.8990000000e+00 4.5509534804e+02 1.5519999596e+02 6.9319333466e+03
5.9000000000e+00 4.5682450855e+02 1.5328329563e+02 6.9375900748e+03
5.9010000000e+00 4.5857459325e+02 1.5115319421e+02 6.9434621244e+03
5.9020000000e+00 4.6033804306e+02 1.4882191953e+02 6.9495569794e+03
5.9030000000e+00 4.6210694119e+02 1.4630200960e+02 6.9558726789e+03
5.9040000000e+00 4.6387301805e+02 1.4360619672e+02 6.9623938404e+03
5.9050000000e+00 4.6562766589e+02 1.4074730870e+02 6.9690882595e+03
5.9060000000e+00 4.6736196137e+02 1.3773818870e+02 6.9759042912e+03
5.9070000000e+00 4.6906670547e+02 1.3459163648e+02 6.9827692000e+03
5.9080000000e+00 4.7073247465e+02 1.3132037055e+02 6.9895888283e+03
5.9090000000e+00 4.7234968765e+02 1.2793700892e+02 6.9962487743e+03
5.9100000000e+00 4.7390868347e+02 1.2445406263e+02 7.0026173285e+03
5.9110000000e+00 4.7539980722e+02 1.2088393469e+02 7.0085503436e+03
5.9120000000e+00 4.7681350633e+02 1.1723891400e+02 7.0138978983e+03
5.9130000000e+00 4.7814042965e+02 1.1353115377e+02 7.0185124355e+03
5.9140000000e+00 4.7937153558e+02 1.0977262485e+02 7.0222577612e+03
5.9150000000e+00 4.8049820408e+02 1.0597503653e+02 7.0250180183e+03
5.9160000000e+00 4.8151235147e+02 1.0214972367e+02 7.0267056222e+03
5.9170000000e+00 4.8240654661e+02 9.8307501507e+01 7.0272672128e+03
5.9180000000e+00 4.8317411808e+02 9.4458502860e+01 7.0266868520e+03
5.9190000000e+00 4.8380925154e+02 9.0612008048e+01 7.0249859895e+03
5.9200000000e+00 4.8430706746e+02 8.6776286389e+01 7.0222202984e+03
5.9210000000e+00 4.8466367880e+02 8.2958457029e+01 7.0184737945e+03
5.9220000000e+00 4.8487622934e+02 7.9164373275e+01 7.0138510513e+03
5.9230000000e+00 4.8494291305e+02 7.5398524452e+01 7.0084686115e+03
5.9240000000e+00 4.8486298587e+02 7.1663945295e+01 7.0024465957e+03
5.9250000000e+00 4.8463676923e+02 6.7962126141e+01 6.9959014232e+03
5.9260000000e+00 4.8426565631e+02 6.4292922263e+01 6.9889402792e+03
5.9270000000e+00 4.8375211966e+02 6.0654474192e+01 6.9816575827e+03
5.9280000000e+00 4.8309971908e+02 5.7043158326e+01 6.9741333833e+03
5.9290000000e+00 4.8231310851e+02 5.3453593865e+01 6.9664334085e+03
5.9300000000e+00 4.8139803119e+02 4.9878724669e+01 6.9586103330e+03
5.9310000000e+00 4.8036129964e+02 4.6309987093e+01 6.9507057657e+03
5.9320000000e+00 4.7921075190e+02 4.2737556666e+01 6.9427526303e+03
5.9330000000e+00 4.7795517919e+02 3.9150653268e+01 6.9347776508e+03
5.9340000000e+00 4.7660422561e+02 3.5537873252e+01 6.9268037509e+03
5.9350000000e+00 4.7516825715e+02 3.1887519783e+01 6.9188523737e+03
5.9360000000e+00 4.7365820888e+02 2.8187903576e+01 6.9109456601e+03
5.9370000000e+00 4.7208541336e+02 2.4427607379e+01 6.9031084496e+03
5.9380000000e+00 4.7046141969e+02 2.0595712351e+01 6.8953700832e+03
5.9390000000e+00 4.6879781377e+02 1.6682002320e+01 6.8877658807e+03
5.9400000000e+00 4.6710604398e+02 1.2677161726e+01 6.8803381294e+03
5.9410000000e+00 4.6539726482e+02 8.5729809749e+00 6.8731364575e+03
5.9420000000e+00 4.6368219918e+02 4.3625765126e+00 6.8662174361e+03
5.9430000000e+00 4.6197102586e+02 4.0619167103e-02 6.8596432785e+03
5.9440000000e+00 4.6027329283e+02 -4.3964424493e+00 6.8534796353e+03
5.9450000000e+00 4.5859785624e+02 -8.9501890170e+00 6.8477925377e+03
5.9460000000e+00 4.5695284547e+02 -1.3620090679e+01 6.8426445962e+03
5.9470000000e+00 4.5534565059e+02 -1.8403445957e+01 6.8380907534e+03
5.9480000000e+00 4.5378293102e+02 -2.3295412154e+01 6.8341739054e+03
5.9490000000e+00 4.5227064124e+02 -2.8289131912e+01 6.8309207571e+03
5.9500000000e+00 4.5081406898e+02 -3.3375940911e+01 6.8283383565e+03
5.9510000000e+00 4.4941788499e+02 -3.8545631074e+01 6.8264116883e+03
5.9520000000e+00 4.4808619648e+02 -4.3786731028e+01 6.8251026136e+03
5.9530000000e+00 4.4682260507e+02 -4.9086766572e+01 6.8243504033e+03
5.9540000000e+00 4.4563026310e+02 -5.4432467444e+01 6.8240739558e+03
5.9550000000e+00 4.4451192594e+02 -5.9809905740e+01 6.8241756105e+03
5.9560000000e+00 4.4347000027e+02 -6.5204565091e+01 6.8245464066e+03
5.9570000000e+00 4.4250658315e+02 -7.0601360070e+01 6.8250724754e+03
5.9580000000e+00 4.4162349617e+02 -7.5984633044e+01 6.8256420969e+03
5.9590000000e+00 4.4082231046e+02 -8.1338158173e+01 6.8261529632e+03
5.9600000000e+00 4.4010436666e+02 -8.6645175627e+01 6.8265190762e+03
5.9610000000e+00 4.3947078969e+02 -9.1888463574e+01 6.8266766874e+03
5.9620000000e+00 4.3892249833e+02 -9.7050446216e+01 6.8265887980e+03
5.9630000000e+00 4.3846021490e+02 -1.0211331654e+02 6.8262477984e+03
5.9640000000e+00 4.3808447192e+02 -1.0705915792e+02 6.8256759664e+03
5.9650000000e+00 4.3779562124e+02 -1.1187004315e+02 6.8249237639e+03
5.9660000000e+00 4.3759384457e+02 -1.1652810748e+02 6.8240660739e+03
5.9670000000e+00 4.3747916486e+02 -1.2101560114e+02 6.8231966605e+03
5.9680000000e+00 4.3745146030e+02 -1.2531494025e+02 6.8224213721e+03
5.9690000000e+00 4.3751047611e+02 -1.2940877618e+02 6.8218507163e+03
5.9700000000e+00 4.3765583546e+02 -1.3328010221e+02 6.8215924245e+03
5.9710000000e+00 4.3788704615e+02 -1.3691240632e+02 6.8217446805e+03
5.9720000000e+00 4.3820350210e+02 -1.4028986832e+02 6.8223905467e+03
5.9730000000e+00 4.3860448070e+02 -1.4339759052e+02 6.8235939228e+03
5.9740000000e+00 4.3908913248e+02 -1.4622184366e+02 6.8253972624e+03
5.9750000000e+00 4.3965646750e+02 -1.4875030853e+02 6.8278210415e+03
5.9760000000e+00 4.4030533425e+02 -1.5097228913e+02 6.8308648148e+03
5.9770000000e+00 4.4103439428e+02 -1.5287888265e+02 6.8345096071e+03
5.9780000000e+00 4.4184209275e+02 -1.5446308922e+02 6.8387213419e+03
5.9790000000e+00 4.4272662391e+02 -1.5571986164e+02 6.8434549333e+03
5.9800000000e+00 4.4368589639e+02 -1.5664609762e+02 6.8486587161e+03
5.9810000000e+00 4.4471749595e+02 -1.5724059449e+02 6.8542789115e+03
5.9820000000e+00 4.4581865014e+02 -1.5750398647e+02 6.8602637542e+03
5.9830000000e+00 4.4698619484e+02 -1.5743868812e+02 6.8665669935e+03
5.9840000000e+00 4.4821654350e+02 -1.5704885794e+02 6.8731504961e+03
5.9850000000e+00 4.4950566298e+02 -1.5634038417e+02 6.8799856636e+03
5.9860000000e+00 4.5084905367e+02 -1.5532088284e+02 6.8870535651e+03
5.9870000000e+00 4.5224173938e+02 -1.5399968526e+02 6.8943437618e+03
5.9880000000e+00 4.5367826565e+02 -1.5238779443e+02 6.9018519377e+03
5.9890000000e+00 4.5515270730e+02 -1.5049779022e+02 6.9095766226e+03
5.9900000000e+00 4.5665868780e+02 -1.4834367980e+02 6.9175153898e+03
5.9910000000e+00 4.5818940517e+02 -1.4594069792e+02 6.9256609517e+03
5.9920000000e+00 4.5973766763e+02 -1.4330507761e+02 6.9339975702e+03
5.9930000000e+00 4.6129593350e+02 -1.4045381242e+02 6.9424981830e+03
5.9940000000e+00 4.6285635499e+02 -1.3740443505e+02 6.9511224700e+03
5.9950000000e+00 4.6441082502e+02 -1.3417482198e+02 6.9598160114e+03
5.9960000000e+00 4.6595102392e+02 -1.3078302990e+02 6.9685106176e+03
5.9970000000e+00 4.6746846909e+02 -1.2724715185e+02 6.9771257412e+03
5.9980000000e+00 4.6895456464e+02 -1.2358518118e+02 6.9855709234e+03
5.9990000000e+00 4.7040065353e+02 -1.1981486912e+02 6.9937491852e+03
6.0000000000e+00 4.7179807188e+02 -1.1595356994e+02 7.0015611952e+03
6.0010000000e+00 4.7313820292e+02 -1.1201807571e+02 7.0089100627e+03
6.0020000000e+00 4.7441253336e+02 -1.0802444948e+02 7.0157064942e+03
6.0030000000e+00 4.7561270711e+02 -1.0398787288e+02 7.0218739318e+03
6.0040000000e+00 4.7673057949e+02 -9.9922520049e+01 7.0273531972e+03
6.0050000000e+00 4.7775827109e+02 -9.5841472852e+01 7.0321061276e+03
6.0060000000e+00 4.7868822271e+02 -9.1756680244e+01 7.0361176627e+03
6.0070000000e+00 4.7951325563e+02 -8.7678964395e+01 7.0393959701e+03
6.0080000000e+00 4.8022663683e+02 -8.3618062125e+01 7.0419704656e+03
6.0090000000e+00 4.8082215359e+02 -7.9582690131e+01 7.0438877778e+03
6.0100000000e+00 4.8129419498e+02 -7.5580612031e+01 7.0452060700e+03
6.0110000000e+00 4.8163784005e+02 -7.1618688482e+01 7.0459883899e+03
6.0120000000e+00 4.8184895066e+02 -6.7702892401e+01 7.0462958085e+03
6.0130000000e+00 4.8192426267e+02 -6.3838277707e+01 7.0461811800e+03
6.0140000000e+00 4.8186147545e+02 -6.0028900763e+01 7.0456842144e+03
6.0150000000e+00 4.8165933224e+02 -5.6277701135e+01 7.0448283192e+03
6.0160000000e+00 4.8131768988e+02 -5.2586358156e+01 7.0436193883e+03
6.0170000000e+00 4.8083757486e+02 -4.8955141784e+01 7.0420465030e+03
6.0180000000e+00 4.8022122014e+02 -4.5382781519e+01 7.0400842805e+03
6.0190000000e+00 4.7947208340e+02 -4.1866369347e+01 7.0376965099e+03
6.0200000000e+00 4.7859484004e+02 -3.8401314651e+01 7.0348407636e+03
6.0210000000e+00 4.7759535169e+02 -3.4981356690e+01 7.0314736166e+03
6.0220000000e+00 4.7648060654e+02 -3.1598640408e+01 7.0275561724e+03
6.0230000000e+00 4.7525863074e+02 -2.8243851005e+01 7.0230596107e+03
6.0240000000e+00 4.7393837317e+02 -2.4906403275e+01 7.0179703547e+03
6.0250000000e+00 4.7252956266e+02 -2.1574676382e+01 7.0122944314e+03
6.0260000000e+00 4.7104254492e+02 -1.8236287615e+01 7.0060605625e+03
6.0270000000e+00 4.6948810291e+02 -1.4878394266e+01 6.9993215267e+03
6.0280000000e+00 4.6787726854e+02 -1.1488012917e+01 6.9921534841e+03
6.0290000000e+00 4.6622113606e+02 -8.0523448108e+00 6.9846532121e+03
6.0300000000e+00 4.6453068393e+02 -4.5590917053e+00 6.9769334622e+03
6.0310000000e+00 4.6281661694e+02 -9.9675212612e-01 6.9691169118e+03
6.0320000000e+00 4.6108923353e+02 2.6451147292e+00 6.9613294363e+03
6.0330000000e+00 4.5935832504e+02 6.3756617002e+00 6.9536934162e+03
6.0340000000e+00 4.5763310826e+02 1.0202569770e+01 6.9463217319e+03
6.0350000000e+00 4.5592218923e+02 1.4131906021e+01 6.9393129249e+03
6.0360000000e+00 4.5423355664e+02 1.8168025929e+01 6.9327477025e+03
6.0370000000e+00 4.5257459558e+02 2.2313516427e+01 6.9266867527e+03
6.0380000000e+00 4.5095211781e+02 2.6569178359e+01 6.9211697043e+03
6.0390000000e+00 4.4937239915e+02 3.0934042425e+01 6.9162150079e+03
6.0400000000e+00 4.4784121805e+02 3.5405412944e+01 6.9118205586e+03
6.0410000000e+00 4.4636389198e+02 3.9978929753e+01 6.9079650197e+03
6.0420000000e+00 4.4494530625e+02 4.4648640477e+01 6.9046098687e+03
6.0430000000e+00 4.4358993688e+02 4.9407075180e+01 6.9017021830e+03
6.0440000000e+00 4.4230186586e+02 5.4245317659e+01 6.8991781933e+03
6.0450000000e+00 4.4108479080e+02 5.9153072665e+01 6.8969674461e+03
6.0460000000e+00 4.3994203124e+02 6.4118728176e+01 6.8949972809e+03
6.0470000000e+00 4.3887653156e+02 6.9129419245e+01 6.8931972713e+03
6.0480000000e+00 4.3789086543e+02 7.4171095552e+01 6.8915031874e+03
6.0490000000e+00 4.3698724133e+02 7.9228602100e+01 6.8898601431e+03
6.0500000000e+00 4.3616751302e+02 8.4285775546e+01 6.8882247459e+03
6.0510000000e+00 4.3543319718e+02 8.9325561733e+01 6.8865662355e+03
6.0520000000e+00 4.3478549727e+02 9.4330155634e+01 6.8848667490e+03
6.0530000000e+00 4.3422533690e+02 9.9281163493e+01 6.8831209711e+03
6.0540000000e+00 4.3375339900e+02 1.0415978492e+02 6.8813354229e+03
6.0550000000e+00 4.3337017028e+02 1.0894701094e+02 6.8795275499e+03
6.0560000000e+00 4.3307598830e+02 1.1362383248e+02 6.8777247058e+03
6.0570000000e+00 4.3287108629e+02 1.1817145247e+02 6.8759629867e+03
6.0580000000e+00 4.3275563427e+02 1.2257149440e+02 6.8742857790e+03
6.0590000000e+00 4.3272977028e+02 1.2680619884e+02 6.8727419497e+03
6.0600000000e+00 4.3279362080e+02 1.3085860208e+02 6.8713836228e+03
6.0610000000e+00 4.3294730674e+02 1.3471268904e+02 6.8702636143e+03
6.0620000000e+00 4.3319093427e+02 1.3835351934e+02 6.8694327347e+03
6.0630000000e+00 4.3352457237e+02 1.4176732252e+02 6.8689372153e+03
6.0640000000e+00 4.3394821669e+02 1.4494156757e+02 6.8688165089e+03
6.0650000000e+00 4.3446174510e+02 1.4786500938e+02 6.8691016732e+03
6.0660000000e+00 4.3506486647e+02 1.5052772003e+02 6.8698144185e+03
6.0670000000e+00 4.3575706658e+02 1.5292111030e+02 6.8709667630e+03
6.0680000000e+00 4.3653755512e+02 1.5503794749e+02 6.8725611881e+03
6.0690000000e+00 4.3740521477e+02 1.5687237244e+02 6.8745911571e+03
6.0700000000e+00 4.3835855714e+02 1.5841991645e+02 6.8770418601e+03
6.0710000000e+00 4.3939568549e+02 1.5967751807e+02 6.8798911952e+03
6.0720000000e+00 4.4051426725e+02 1.6064353669e+02 6.8831110253e+03
6.0730000000e+00 4.4171151693e+02 1.6131776100e+02 6.8866687847e+03
6.0740000000e+00 4.4298418801e+02 1.6170140867e+02 6.8905295148e+03
6.0750000000e+00 4.4432857561e+02 1.6179711506e+02 6.8946582828e+03
6.0760000000e+00 4.4574052472e+02 1.6160890660e+02 6.8990228093e+03
6.0770000000e+00 4.4721544464e+02 1.6114215728e+02 6.9035960224e+03
6.0780000000e+00 4.4874832578e+02 1.6040352368e+02 6.9083581733e+03
6.0790000000e+00 4.5033375611e+02 1.5940085965e+02 6.9132981349e+03
6.0800000000e+00 4.5196593727e+02 1.5814310942e+02 6.9184136089e+03
6.0810000000e+00 4.5363869647e+02 1.5664018459e+02 6.9237101223e+03
6.0820000000e+00 4.5534549571e+02 1.5490282826e+02 6.9291988240e+03
6.0830000000e+00 4.5707943675e+02 1.5294247363e+02 6.9348932989e+03
6.0840000000e+00 4.5883326282e+02 1.5077110192e+02 6.9408057078e+03
6.0850000000e+00 4.6059935965e+02 1.4840110489e+02 6.9469425705e+03
6.0860000000e+00 4.6236975636e+02 1.4584515690e+02 6.9533005549e+03
6.0870000000e+00 4.6413613205e+02 1.4311609994e+02 6.9598625554e+03
6.0880000000e+00 4.6588982971e+02 1.4022684620e+02 6.9665943071e+03
6.0890000000e+00 4.6762188187e+02 1.3719030066e+02 6.9734417891e+03
6.0900000000e+00 4.6932305073e+02 1.3401930553e+02 6.9803296785e+03
6.0910000000e+00 4.7098388162e+02 1.3072660572e+02 6.9871611240e+03
6.0920000000e+00 4.7259477135e+02 1.2732483254e+02 6.9938191299e+03
6.0930000000e+00 4.7414604684e+02 1.2382649896e+02 7.0001697912e+03
6.0940000000e+00 4.7562805365e+02 1.2024399908e+02 7.0060674452e+03
6.0950000000e+00 4.7703125157e+02 1.1658960050e+02 7.0113616225e+03
6.0960000000e+00 4.7834631640e+02 1.1287542037e+02 7.0159054052e+03
6.0970000000e+00 4.7956424856e+02 1.0911337454e+02 7.0195644844e+03
6.0980000000e+00 4.8067648555e+02 1.0531509450e+02 7.0222260422e+03
6.0990000000e+00 4.8167501861e+02 1.0149180974e+02 7.0238064584e+03
6.1000000000e+00 4.8255250714e+02 9.7654200944e+01 7.0242568929e+03
6.1010000000e+00 4.8330238616e+02 9.3812235351e+01 7.0235660374e+03
6.1020000000e+00 4.8391896126e+02 8.9974998725e+01 7.0217596865e+03
6.1030000000e+00 4.8439748391e+02 8.6150539022e+01 7.0188972045e+03
6.1040000000e+00 4.8473420726e+02 8.2345730869e+01 7.0150653906e+03
6.1050000000e+00 4.8492642094e+02 7.8566162430e+01 7.0103706144e+03
6.1060000000e+00 4.8497247017e+02 7.4816038367e+01 7.0049302232e+03
6.1070000000e+00 4.8487176491e+02 7.1098089641e+01 6.9988642649e+03
6.1080000000e+00 4.8462478399e+02 6.7413482596e+01 6.9922884058e+03
6.1090000000e+00 4.8423308089e+02 6.3761729771e+01 6.9853085935e+03
6.1100000000e+00 4.8369929067e+02 6.0140613636e+01 6.9780177242e+03
6.1110000000e+00 4.8302713836e+02 5.6546145530e+01 6.9704942420e+03
6.1120000000e+00 4.8222144350e+02 5.2972583393e+01 6.9628023427e+03
6.1130000000e+00 4.8128811366e+02 4.9412528089e+01 6.9549933554e+03
6.1140000000e+00 4.8023412152e+02 4.5857104917e+01 6.9471078471e+03
6.1150000000e+00 4.7906745671e+02 4.2296222057e+01 6.9391780587e+03
6.1160000000e+00 4.7779705023e+02 3.8718882907e+01 6.9312303932e+03
6.1170000000e+00 4.7643266882e+02 3.5113521196e+01 6.9232878266e+03
6.1180000000e+00 4.7498478109e+02 3.1468328468e+01 6.9153721621e+03
6.1190000000e+00 4.7346440098e+02 2.7771550960e+01 6.9075061202e+03
6.1200000000e+00 4.7188291377e+02 2.4011747712e+01 6.8997152748e+03
6.1210000000e+00 4.7025189523e+02 2.0178013244e+01 6.8920297632e+03
6.1220000000e+00 4.6858293073e+02 1.6260179624e+01 6.8844856910e+03
6.1230000000e+00 4.6688744388e+02 1.2249014618e+01 6.8771260949e+03
6.1240000000e+00 4.6517654189e+02 8.1364297727e+00 6.8700012824e+03
6.1250000000e+00 4.6346088120e+02 3.9157022176e+00 6.8631683951e+03
6.1260000000e+00 4.6175055907e+02 -4.1829507167e-01 6.8566900757e+03
6.1270000000e+00 4.6005502999e+02 -4.8688726540e+00 6.8506321916e+03
6.1280000000e+00 4.5838304879e+02 -9.4373360977e+00 6.8450606548e+03
6.1290000000e+00 4.5674263883e+02 -1.4122855916e+01 6.8400375233e+03
6.1300000000e+00 4.5514108236e+02 -1.8922417969e+01 6.8356166436e+03
6.1310000000e+00 4.5358493212e+02 -2.3830868003e+01 6.8318391911e+03
6.1320000000e+00 4.5208003837e+02 -2.8841050632e+01 6.8287295517e+03
6.1330000000e+00 4.5063158998e+02 -3.3944027370e+01 6.8262919445e+03
6.1340000000e+00 4.4924416430e+02 -3.9129345240e+01 6.8245081742e+03
6.1350000000e+00 4.4792178254e+02 -4.4385317429e+01 6.8233368238e+03
6.1360000000e+00 4.4666796811e+02 -4.9699278266e+01 6.8227140476e+03
6.1370000000e+00 4.4548580260e+02 -5.5057782181e+01 6.8225560283e+03
6.1380000000e+00 4.4437797898e+02 -6.0446732311e+01 6.8227630162e+03
6.1390000000e+00 4.4334684812e+02 -6.5851442608e+01 6.8232247402e+03
6.1400000000e+00 4.4239445822e+02 -7.1256653454e+01 6.8238268628e+03
6.1410000000e+00 4.4152258729e+02 -7.6646529175e+01 6.8244580741e+03
6.1420000000e+00 4.4073276785e+02 -8.2004666749e+01 6.8250173192e+03
6.1430000000e+00 4.4002630620e+02 -8.7314136246e+01 6.8254206009e+03
6.1440000000e+00 4.3940429603e+02 -9.2557560456e+01 6.8256068187e+03
6.1450000000e+00 4.3886762877e+02 -9.7717226170e+01 6.8255421119e+03
6.1460000000e+00 4.3841700195e+02 -1.0277520981e+02 6.8252222903e+03
6.1470000000e+00 4.3805292651e+02 -1.0771349602e+02 6.8246731091e+03
6.1480000000e+00 4.3777573605e+02 -1.1251407359e+02 6.8239483059e+03
6.1490000000e+00 4.3758559656e+02 -1.1715900456e+02 6.8231255487e+03
6.1500000000e+00 4.3748251863e+02 -1.2163047524e+02 6.8223006581e+03
6.1510000000e+00 4.3746637008e+02 -1.2591084825e+02 6.8215806264e+03
6.1520000000e+00 4.3753688757e+02 -1.2998273686e+02 6.8210760774e+03
6.1530000000e+00 4.3769368664e+02 -1.3382911842e+02 6.8208938618e+03
6.1540000000e+00 4.3793626699e+02 -1.3743349485e+02 6.8211304200e+03
6.1550000000e+00 4.3826401388e+02 -1.4078009667e+02 6.8218664106e+03
6.1560000000e+00 4.3867619357e+02 -1.4385411839e+02 6.8231629589e+03
6.1570000000e+00 4.3917194336e+02 -1.4664196662e+02 6.8250596559e+03
6.1580000000e+00 4.3975025632e+02 -1.4913149956e+02 6.8275742638e+03
6.1590000000e+00 4.4040995988e+02 -1.5131223672e+02 6.8307039685e+03
6.1600000000e+00 4.4114969010e+02 -1.5317552061e+02 6.8344278953e+03
6.1610000000e+00 4.4196786083e+02 -1.5471461908e+02 6.8387105793e+03
6.1620000000e+00 4.4286262973e+02 -1.5592476528e+02 6.8435060771e+03
6.1630000000e+00 4.4383186269e+02 -1.5680314376e+02 6.8487623964e+03
6.1640000000e+00 4.4487309696e+02 -1.5734884024e+02 6.8544259193e+03
6.1650000000e+00 4.4598350632e+02 -1.5756277798e+02 6.8604455038e+03
6.1660000000e+00 4.4715986770e+02 -1.5744766258e+02 6.8667759372e+03
6.1670000000e+00 4.4839853196e+02 -1.5700794798e+02 6.8733804244e+03
6.1680000000e+00 4.4969539974e+02 -1.5624982410e+02 6.8802318817e+03
6.1690000000e+00 4.5104590349e+02 -1.5518121334e+02 6.8873128918e+03
6.1700000000e+00 4.5244499821e+02 -1.5381175433e+02 6.8946143114e+03
6.1710000000e+00 4.5388716062e+02 -1.5215275029e+02 6.9021327127e+03
6.1720000000e+00 4.5536639911e+02 -1.5021706619e+02 6.9098669556e+03
6.1730000000e+00 4.5687627293e+02 -1.4801897002e+02 6.9178142939e+03
6.1740000000e+00 4.5840992049e+02 -1.4557392749e+02 6.9259664792e+03
6.1750000000e+00 4.5996009526e+02 -1.4289836923e+02 6.9343062819e+03
6.1760000000e+00 4.6151920647e+02 -1.4000945465e+02 6.9428047684e+03
6.1770000000e+00 4.6307936400e+02 -1.3692485273e+02 6.9514195733e+03
6.1780000000e+00 4.6463242484e+02 -1.3366255220e+02 6.9600942778e+03
6.1790000000e+00 4.6617004094e+02 -1.3024070051e+02 6.9687588980e+03
6.1800000000e+00 4.6768370860e+02 -1.2667746218e+02 6.9773314451e+03
6.1810000000e+00 4.6916481855e+02 -1.2299088171e+02 6.9857204828e+03
6.1820000000e+00 4.7060470870e+02 -1.1919873907e+02 6.9938285729e+03
6.1830000000e+00 4.7199471772e+02 -1.1531839193e+02 7.0015565149e+03
6.1840000000e+00 4.7332624009e+02 -1.1136660837e+02 7.0088081945e+03
6.1850000000e+00 4.7459078135e+02 -1.0735940041e+02 7.0154957679e+03
6.1860000000e+00 4.7578001209e+02 -1.0331187288e+02 7.0215448038e+03
6.1870000000e+00 4.7688582211e+02 -9.9238102522e+01 7.0268988762e+03
6.1880000000e+00 4.7790037368e+02 -9.5151057889e+01 7.0315230486e+03
6.1890000000e+00 4.7881615752e+02 -9.1062566043e+01 7.0354057254e+03
6.1900000000e+00 4.7962605311e+02 -8.6983323620e+01 7.0385584891e+03
6.1910000000e+00 4.8032339523e+02 -8.2922943668e+01 7.0410137654e+03
6.1920000000e+00 4.8090204933e+02 -7.8890022201e+01 7.0428204736e+03
6.1930000000e+00 4.8135649384e+02 -7.4892205101e+01 7.0440381236e+03
6.1940000000e+00 4.8168190956e+02 -7.0936234536e+01 7.0447300361e+03
6.1950000000e+00 4.8187427184e+02 -6.7027958537e+01 7.0449565192e+03
6.1960000000e+00 4.8193044265e+02 -6.3172293242e+01 7.0447688043e+03
6.1970000000e+00 4.8184825873e+02 -5.9373137885e+01 7.0442043774e+03
6.1980000000e+00 4.8162661099e+02 -5.5633250970e+01 7.0432841353e+03
6.1990000000e+00 4.8126551329e+02 -5.1954104226e+01 7.0420114911e+03
6.2000000000e+00 4.8076615547e+02 -4.8335734849e+01 7.0403733264e+03
6.2010000000e+00 4.8013093883e+02 -4.4776617039e+01 7.0383425216e+03
6.2020000000e+00 4.7936349052e+02 -4.1273572011e+01 7.0358817294e+03
6.2030000000e+00 4.7846865377e+02 -3.7821729626e+01 7.0329480443e+03
6.2040000000e+00 4.7745245248e+02 -3.4414550679e+01 7.0294982606e+03
6.2050000000e+00 4.7632202738e+02 -3.1043910750e+01 7.0254944354e+03
6.2060000000e+00 4.7508554410e+02 -2.7700243835e+01 7.0209094211e+03
6.2070000000e+00 4.7375207320e+02 -2.4372738545e+01 7.0157319919e+03
6.2080000000e+00 4.7233144470e+02 -2.1049580081e+01 7.0099711078e+03
6.2090000000e+00 4.7083408194e+02 -1.7718228689e+01 7.0036588068e+03
6.2100000000e+00 4.6927081960e+02 -1.4365725639e+01 6.9968512989e+03
6.2110000000e+00 4.6765271545e+02 -1.0979015188e+01 6.9896279759e+03
6.2120000000e+00 4.6599086323e+02 -7.5452699528e+00 6.9820883133e+03
6.2130000000e+00 4.6429621697e+02 -4.0522063773e+00 6.9743469399e+03
6.2140000000e+00 4.6257943576e+02 -4.8837757247e-01 6.9665274247e+03
6.2150000000e+00 4.6085075503e+02 3.1565657216e+00 6.9587554921e+03
6.2160000000e+00 4.5911989070e+02 6.8916534118e+00 6.9511524066e+03
6.2170000000e+00 4.5739597587e+02 1.0724416099e+01 6.9438291664e+03
6.2180000000e+00 4.5568752983e+02 1.4660749157e+01 6.9368818944e+03
6.2190000000e+00 4.5400245431e+02 1.8704819536e+01 6.9303885754e+03
6.2200000000e+00 4.5234805072e+02 2.2859014570e+01 6.9244070775e+03
6.2210000000e+00 4.5073105170e+02 2.7123928752e+01 6.9189742381e+03
6.2220000000e+00 4.4915765898e+02 3.1498384522e+01 6.9141058160e+03
6.2230000000e+00 4.4763358220e+02 3.5979478796e+01 6.9097971714e+03
6.2240000000e+00 4.4616407399e+02 4.0562647551e+01 6.9060246326e+03
6.2250000000e+00 4.4475395805e+02 4.5241739150e+01 6.9027476050e+03
6.2260000000e+00 4.4340765101e+02 5.0009089055e+01 6.8999114705e+03
6.2270000000e+00 4.4212917666e+02 5.4855591262e+01 6.8974512502e+03
6.2280000000e+00 4.4092217543e+02 5.9770764454e+01 6.8952958564e+03
6.2290000000e+00 4.3978990990e+02 6.4742814847e+01 6.8933726345e+03
6.2300000000e+00 4.3873526832e+02 6.9758699290e+01 6.8916117713e+03
6.2310000000e+00 4.3776076893e+02 7.4804194940e+01 6.8899501555e+03
6.2320000000e+00 4.3686856611e+02 7.9863980896e+01 6.8883343768e+03
6.2330000000e+00 4.3606046219e+02 8.4921737766e+01 6.8867226913e+03
6.2340000000e+00 4.3533792526e+02 8.9960268134e+01 6.8850859903e+03
6.2350000000e+00 4.3470211517e+02 9.4961640281e+01 6.8834079570e+03
6.2360000000e+00 4.3415391741e+02 9.9907353577e+01 6.8816846603e+03
6.2370000000e+00 4.3369398339e+02 1.0477852407e+02 6.8799238352e+03
6.2380000000e+00 4.3332277586e+02 1.0955608490e+02 6.8781440130e+03
6.2390000000e+00 4.3304061556e+02 1.1422099662e+02 6.8763735348e+03
6.2400000000e+00 4.3284772633e+02 1.1875445987e+02 6.8746493754e+03
6.2410000000e+00 4.3274427462e+02 1.2313812321e+02 6.8730156643e+03
6.2420000000e+00 4.3273039953e+02 1.2735427829e+02 6.8715217898e+03
6.2430000000e+00 4.3280623112e+02 1.3138603525e+02 6.8702200746e+03
6.2440000000e+00 4.3297189376e+02 1.3521747304e+02 6.8691631423e+03
6.2450000000e+00 4.3322749538e+02 1.3883376071e+02 6.8684011849e+03
6.2460000000e+00 4.3357310212e+02 1.4222124989e+02 6.8679794132e+03
6.2470000000e+00 4.3400870118e+02 1.4536754038e+02 6.8679359559e+03
6.2480000000e+00 4.3453415508e+02 1.4826152462e+02 6.8683003712e+03
6.2490000000e+00 4.3514914960e+02 1.5089341696e+02 6.8690928260e+03
6.2500000000e+00 4.3585314011e+02 1.5325477465e+02 6.8703238742e+03
6.2510000000e+00 4.3664529820e+02 1.5533851498e+02 6.8719946908e+03
6.2520000000e+00 4.3752446194e+02 1.5713893235e+02 6.8740976101e+03
6.2530000000e+00 4.3848909235e+02 1.5865171510e+02 6.8766168852e+03
6.2540000000e+00 4.3953723726e+02 1.5987396203e+02 6.8795296640e+03
6.2550000000e+00 4.4066650538e+02 1.6080419562e+02 6.8828072508e+03
6.2560000000e+00 4.4187404996e+02 1.6144236972e+02 6.8864167659e+03
6.2570000000e+00 4.4315656288e+02 1.6178986859e+02 6.8903232462e+03
6.2580000000e+00 4.4451027757e+02 1.6184949398e+02 6.8944921293e+03
6.2590000000e+00 4.4593097876e+02 1.6162543755e+02 6.8988919318e+03
6.2600000000e+00 4.4741401750e+02 1.6112323462e+02 6.9034967927e+03
6.2610000000e+00 4.4895432767e+02 1.6034969769e+02 6.9082884976e+03
6.2620000000e+00 4.5054644313e+02 1.5931282778e+02 6.9132576237e+03
6.2630000000e+00 4.5218451275e+02 1.5802170592e+02 6.9184035407e+03
6.2640000000e+00 4.5386231226e+02 1.5648636740e+02 6.9237331679e+03
6.2650000000e+00 4.5557325273e+02 1.5471766506e+02 6.9292585702e+03
6.2660000000e+00 4.5731038491e+02 1.5272712684e+02 6.9349936231e+03
6.2670000000e+00 4.5906640107e+02 1.5052681379e+02 6.9409500598e+03
6.2680000000e+00 4.6083363554e+02 1.4812918317e+02 6.9471332618e+03
6.2690000000e+00 4.6260406672e+02 1.4554696154e+02 6.9535381044e+03
6.2700000000e+00 4.6436932442e+02 1.4279303181e+02 6.9601451301e+03
6.2710000000e+00 4.6612070531e+02 1.3988033795e+02 6.9669172982e+03
6.2720000000e+00 4.6784920098e+02 1.3682181038e+02 6.9737975344e+03
6.2730000000e+00 4.6954553932e+02 1.3363031307e+02 6.9807073439e+03
6.2740000000e+00 4.7120024076e+02 1.3031861178e+02 6.9875467820e+03
6.2750000000e+00 4.7280368769e+02 1.2689935926e+02 6.9941960714e+03
6.2760000000e+00 4.7434620463e+02 1.2338509181e+02 7.0005190897e+03
6.2770000000e+00 4.7581814783e+02 1.1978822752e+02 7.0063688023e+03
6.2780000000e+00 4.7721000148e+02 1.1612105711e+02 7.0115944749e+03
6.2790000000e+00 4.7851248068e+02 1.1239571587e+02 7.0160502066e+03
6.2800000000e+00 4.7971664029e+02 1.0862412848e+02 7.0196040651e+03
6.2810000000e+00 4.8081398844e+02 1.0481792025e+02 7.0221468871e+03
6.2820000000e+00 4.8179660275e+02 1.0098829472e+02 7.0235997275e+03
6.2830000000e+00 4.8265724405e+02 9.7145883074e+01 7.0239190531e+03
6.2840000000e+00 4.8338946251e+02 9.3300577668e+01 7.0230990064e+03
6.2850000000e+00 4.8398768948e+02 8.9461364543e+01 7.0211704611e+03
6.2860000000e+00 4.8444731041e+02 8.5636169184e+01 7.0181970354e+03
6.2870000000e+00 4.8476471732e+02 8.1831724006e+01 7.0142686368e+03
6.2880000000e+00 4.8493734123e+02 7.8053457448e+01 7.0094934289e+03
6.2890000000e+00 4.8496366977e+02 7.4305398392e+01 7.0039892603e+03
6.2900000000e+00 4.8484325531e+02 7.0590085600e+01 6.9978755634e+03
6.2910000000e+00 4.8457671976e+02 6.6908477005e+01 6.9912665354e+03
6.2920000000e+00 4.8416576046e+02 6.3259861012e+01 6.9842661203e+03
6.2930000000e+00 4.8361315797e+02 5.9641784395e+01 6.9769649819e+03
6.2940000000e+00 4.8292278447e+02 5.6050018023e+01 6.9694393414e+03
6.2950000000e+00 4.8209960709e+02 5.2478585242e+01 6.9617513627e+03
6.2960000000e+00 4.8114968007e+02 4.8919870122e+01 6.9539506447e+03
6.2970000000e+00 4.8008011823e+02 4.5364810864e+01 6.9460763779e+03
6.2980000000e+00 4.7889904545e+02 4.1803167359e+01 6.9381598078e+03
6.2990000000e+00 4.7761551497e+02 3.8223838513e+01 6.9302267448e+03
6.3000000000e+00 4.7623939928e+02 3.4615197839e+01 6.9222999775e+03
6.3010000000e+00 4.7478125308e+02 3.0965417321e+01 6.9144015310e+03
6.3020000000e+00 4.7325215339e+02 2.7262759264e+01 6.9065547522e+03
6.3030000000e+00 4.7166352419e+02 2.3495828426e+01 6.8987861969e+03
6.3040000000e+00 4.7002695465e+02 1.9653791308e+01 6.8911272709e+03
6.3050000000e+00 4.6835401886e+02 1.5726576550e+01 6.8836155352e+03
6.3060000000e+00 4.6665610642e+02 1.1705074425e+01 6.8762955320e+03
6.3070000000e+00 4.6494426980e+02 7.5813468317e+00 6.8692189841e+03
6.3080000000e+00 4.6322909381e+02 3.3488517708e+00 6.8624442208e+03
6.3090000000e+00 4.6152059032e+02 -9.9732667355e-01 6.8560347107e+03
6.3100000000e+00 4.5982811855e+02 -5.4602600258e+00 6.8500566730e+03
6.3110000000e+00 4.5816033220e+02 -1.0040993462e+01 6.8445758178e+03
6.3120000000e+00 4.5652515060e+02 -1.4738425496e+01 6.8396533816e+03
6.3130000000e+00 4.5492975285e+02 -1.9549270857e+01 6.8353417396e+03
6.3140000000e+00 4.5338059145e+02 -2.4468118347e+01 6.8316799654e+03
6.3150000000e+00 4.5188342187e+02 -2.9487581849e+01 6.8286897612e+03
6.3160000000e+00 4.5044334487e+02 -3.4598527452e+01 6.8263721915e+03
6.3170000000e+00 4.4906485719e+02 -3.9790345575e+01 6.8247056105e+03
6.3180000000e+00 4.4775190786e+02 -4.5051230391e+01 6.8236450642e+03
6.3190000000e+00 4.4650795578e+02 -5.0368427947e+01 6.8231233434e+03
6.3200000000e+00 4.4533602597e+02 -5.5728425880e+01 6.8230537142e+03
6.3210000000e+00 4.4423876158e+02 -6.1117071651e+01 6.8233342105e+03
6.3220000000e+00 4.4321846947e+02 -6.6519626936e+01 6.8238532568e+03
6.3230000000e+00 4.4227715887e+02 -7.1920778323e+01 6.8244962708e+03
6.3240000000e+00 4.4141657233e+02 -7.7304634864e+01 6.8251528070e+03
6.3250000000e+00 4.4063820975e+02 -8.2654739741e+01 6.8257237368e+03
6.3260000000e+00 4.3994334661e+02 -8.7954115743e+01 6.8261279214e+03
6.3270000000e+00 4.3933304695e+02 -9.3185349585e+01 6.8263078296e+03
6.3280000000e+00 4.3880817345e+02 -9.8330705939e+01 6.8262336055e+03
6.3290000000e+00 4.3836939541e+02 -1.0337225294e+02 6.8259052039e+03
6.3300000000e+00 4.3801719670e+02 -1.0829197790e+02 6.8253523516e+03
6.3310000000e+00 4.3775188496e+02 -1.1307187943e+02 6.8246322944e+03
6.3320000000e+00 4.3757360206e+02 -1.1769403291e+02 6.8238255032e+03
6.3330000000e+00 4.3748233672e+02 -1.2214064078e+02 6.8230296981e+03
6.3340000000e+00 4.3747793695e+02 -1.2639408640e+02 6.8223527468e+03
6.3350000000e+00 4.3756012200e+02 -1.3043701357e+02 6.8219050905e+03
6.3360000000e+00 4.3772849148e+02 -1.3425244663e+02 6.8217923848e+03
6.3370000000e+00 4.3798253035e+02 -1.3782395800e+02 6.8221089892e+03
6.3380000000e+00 4.3832160937e+02 -1.4113587784e+02 6.8229328038e+03
6.3390000000e+00 4.3874497966e+02 -1.4417353295e+02 6.8243217659e+03
6.3400000000e+00 4.3925176214e+02 -1.4692349521e+02 6.8263121200e+03
6.3410000000e+00 4.3984093108e+02 -1.4937381842e+02 6.8289184022e+03
6.3420000000e+00 4.4051129234e+02 -1.5151424243e+02 6.8321349254e+03
6.3430000000e+00 4.4126145656e+02 -1.5333634709e+02 6.8359384803e+03
6.3440000000e+00 4.4208980782e+02 -1.5483364593e+02 6.8402919342e+03
6.3450000000e+00 4.4299446934e+02 -1.5600161772e+02 6.8451483954e+03
6.3460000000e+00 4.4397326716e+02 -1.5683768659e+02 6.8504556341e+03
6.3470000000e+00 4.4502369369e+02 -1.5734116835e+02 6.8561604508e+03
6.3480000000e+00 4.4614287261e+02 -1.5751320738e+02 6.8622126726e+03
6.3490000000e+00 4.4732752591e+02 -1.5735672389e+02 6.8685684656e+03
6.3500000000e+00 4.4857394548e+02 -1.5687638373e+02 6.8751926684e+03
6.3510000000e+00 4.4987796948e+02 -1.5607858851e+02 6.8820599104e+03
6.3520000000e+00 4.5123496588e+02 -1.5497147210e+02 6.8891543835e+03
6.3530000000e+00 4.5263982416e+02 -1.5356488094e+02 6.8964682904e+03
6.3540000000e+00 4.5408695628e+02 -1.5187031653e+02 6.9039991388e+03
6.3550000000e+00 4.5557030789e+02 -1.4990082502e+02 6.9117462031e+03
6.3560000000e+00 4.5708337893e+02 -1.4767083153e+02 6.9197065819e+03
6.3570000000e+00 4.5861925323e+02 -1.4519593016e+02 6.9278713011e+03
6.3580000000e+00 4.6017063500e+02 -1.4249264948e+02 6.9362218945e+03
6.3590000000e+00 4.6172989040e+02 -1.3957821794e+02 6.9447278017e+03
6.3600000000e+00 4.6328909273e+02 -1.3647034822e+02 6.9533447958e+03
6.3610000000e+00 4.6484006901e+02 -1.3318705168e+02 6.9620145381e+03
6.3620000000e+00 4.6637444839e+02 -1.2974648029e+02 6.9706652550e+03
6.3630000000e+00 4.6788371129e+02 -1.2616678630e+02 6.9792134725e+03
6.3640000000e+00 4.6935924020e+02 -1.2246598414e+02 6.9875667170e+03
6.3650000000e+00 4.7079237230e+02 -1.1866180388e+02 6.9956270874e+03
6.3660000000e+00 4.7217445326e+02 -1.1477153137e+02 7.0032955740e+03
6.3670000000e+00 4.7349689231e+02 -1.1081184024e+02 7.0104769440e+03
6.3680000000e+00 4.7475121699e+02 -1.0679862659e+02 7.0170849237e+03
6.3690000000e+00 4.7592912732e+02 -1.0274686147e+02 7.0230472749e+03
6.3700000000e+00 4.7702254932e+02 -9.8670475296e+01 7.0283102605e+03
6.3710000000e+00 4.7802368872e+02 -9.4582284447e+01 7.0328419447e+03
6.3720000000e+00 4.7892508737e+02 -9.0493964679e+01 7.0366338045e+03
6.3730000000e+00 4.7971968418e+02 -8.6416068100e+01 7.0397002879e+03
6.3740000000e+00 4.8040088320e+02 -8.2358074094e+01 7.0420762029e+03
6.3750000000e+00 4.8096262974e+02 -7.8328457093e+01 7.0438121256e+03
6.3760000000e+00 4.8139949406e+02 -7.4334751988e+01 7.0449683167e+03
6.3770000000e+00 4.8170676115e+02 -7.0383596087e+01 7.0456078723e+03
6.3780000000e+00 4.8188052314e+02 -6.6480732427e+01 7.0457899435e+03
6.3790000000e+00 4.8191777108e+02 -6.2630964897e+01 7.0455638161e+03
6.3800000000e+00 4.8181648180e+02 -5.8838066849e+01 7.0449644873e+03
6.3810000000e+00 4.8157569642e+02 -5.5104652558e+01 7.0440101086e+03
6.3820000000e+00 4.8119558678e+02 -5.1432029266e+01 7.0427013882e+03
6.3830000000e+00 4.8067750647e+02 -4.7820050325e+01 7.0410228176e+03
6.3840000000e+00 4.8002402364e+02 -4.4266990685e+01 7.0389454248e+03
6.3850000000e+00 4.7923893197e+02 -4.0769462947e+01 7.0364307020e+03
6.3860000000e+00 4.7832723782e+02 -3.7322386918e+01 7.0334353729e+03
6.3870000000e+00 4.7729512065e+02 -3.3919020323e+01 7.0299166926e+03
6.3880000000e+00 4.7614986540e+02 -3.0551051145e+01 7.0258379946e+03
6.3890000000e+00 4.7489976656e+02 -2.7208749032e+01 7.0211741667e+03
6.3900000000e+00 4.7355400443e+02 -2.3881168223e+01 7.0159166697e+03
6.3910000000e+00 4.7212249668e+02 -2.0556395124e+01 7.0100776297e+03
6.3920000000e+00 4.7061572956e+02 -1.7221830880e+01 7.0036925148e+03
6.3930000000e+00 4.6904457493e+02 -1.3864500147e+01 6.9968209645e+03
6.3940000000e+00 4.6742010164e+02 -1.0471373876e+01 6.9895455114e+03
6.3950000000e+00 4.6575338964e+02 -7.0296939314e+00 6.9819682124e+03
6.3960000000e+00 4.6405535695e+02 -3.5272856907e+00 6.9742054961e+03
6.3970000000e+00 4.6233660754e+02 4.7153101294e-02 6.9663818049e+03
6.3980000000e+00 4.6060730729e+02 3.7037968042e+00 6.9586227682e+03
6.3990000000e+00 4.5887709242e+02 7.4514756972e+00 6.9510486486e+03
6.4000000000e+00 4.5715501089e+02 1.1297502237e+01 6.9437686682e+03
6.4010000000e+00 4.5544949549e+02 1.5247540969e+01 6.9368765878e+03
6.4020000000e+00 4.5376836322e+02 1.9305521143e+01 6.9304476513e+03
6.4030000000e+00 4.5211883508e+02 2.3473590906e+01 6.9245367868e+03
6.4040000000e+00 4.5050756869e+02 2.7752108894e+01 6.9191778531e+03
6.4050000000e+00 4.4894069662e+02 3.2139668823e+01 6.9143837169e+03
6.4060000000e+00 4.4742386489e+02 3.6633148694e+01 6.9101470275e+03
6.4070000000e+00 4.4596226681e+02 4.1227776927e+01 6.9064416757e+03
6.4080000000e+00 4.4456067045e+02 4.5917205745e+01 6.9032249912e+03
6.4090000000e+00 4.4322343893e+02 5.0693585540e+01 6.9004407298e+03
6.4100000000e+00 4.4195454398e+02 5.5547635151e+01 6.8980228145e+03
6.4110000000e+00 4.4075757476e+02 6.0468707284e+01 6.8958996492e+03
6.4120000000e+00 4.3963574279e+02 6.5444850835e+01 6.8939986724e+03
6.4130000000e+00 4.3859188578e+02 7.0462874513e+01 6.8922507324e+03
6.4140000000e+00 4.3762847187e+02 7.5508417705e+01 6.8905938689e+03
6.4150000000e+00 4.3674760677e+02 8.0566034384e+01 6.8889761848e+03
6.4160000000e+00 4.3595104618e+02 8.5619295472e+01 6.8873576743e+03
6.4170000000e+00 4.3524021473e+02 9.0650912583e+01 6.8857110599e+03
6.4180000000e+00 4.3461623322e+02 9.5642884923e+01 6.8840218315e+03
6.4190000000e+00 4.3407995315e+02 1.0057666775e+02 6.8822877631e+03
6.4200000000e+00 4.3363199806e+02 1.0543336036e+02 6.8805181471e+03
6.4210000000e+00 4.3327280908e+02 1.1019390808e+02 6.8787328968e+03
6.4220000000e+00 4.3300269157e+02 1.1483931334e+02 6.8769615438e+03
6.4230000000e+00 4.3282185979e+02 1.1935084780e+02 6.8752420440e+03
6.4240000000e+00 4.3273047515e+02 1.2371025868e+02 6.8736192625e+03
6.4250000000e+00 4.3272867498e+02 1.2789996117e+02 6.8721430352e+03
6.4260000000e+00 4.3281658875e+02 1.3190321040e+02 6.8708658053e+03
6.4270000000e+00 4.3299433967e+02 1.3570424744e+02 6.8698399573e+03
6.4280000000e+00 4.3326203170e+02 1.3928841628e+02 6.8691150836e+03
6.4290000000e+00 4.3361972250e+02 1.4264225222e+02 6.8687354711e+03
6.4300000000e+00 4.3406738502e+02 1.4575354386e+02 6.8687380610e+03
6.4310000000e+00 4.3460486048e+02 1.4861137506e+02 6.8691510502e+03
6.4320000000e+00 4.3523180624e+02 1.5120615250e+02 6.8699931685e+03
6.4330000000e+00 4.3594764192e+02 1.5352962588e+02 6.8712735439e+03
6.4340000000e+00 4.3675149643e+02 1.5557490482e+02 6.8729920100e+03
6.4350000000e+00 4.3764215928e+02 1.5733647586e+02 6.8751397003e+03
6.4360000000e+00 4.3861803769e+02 1.5881021936e+02 6.8776998469e+03
6.4370000000e+00 4.3967712211e+02 1.5999342573e+02 6.8806487874e+03
6.4380000000e+00 4.4081696139e+02 1.6088480812e+02 6.8839572679e+03
6.4390000000e+00 4.4203464788e+02 1.6148450920e+02 6.8875921378e+03
6.4400000000e+00 4.4332681281e+02 1.6179409882e+02 6.8915184878e+03
6.4410000000e+00 4.4468963005e+02 1.6181655947e+02 6.8957021639e+03
6.4420000000e+00 4.4611882691e+02 1.6155625634e+02 6.9001124403e+03
6.4430000000e+00 4.4760969912e+02 1.6101888860e+02 6.9047245207e+03
6.4440000000e+00 4.4915712786e+02 1.6021141993e+02 6.9095214785e+03
6.4450000000e+00 4.5075559652e+02 1.5914198708e+02 6.9144952683e+03
6.4460000000e+00 4.5239920532e+02 1.5781978883e+02 6.9196465678e+03
6.4470000000e+00 4.5408168284e+02 1.5625495844e+02 6.9249833667e+03
6.4480000000e+00 4.5579639371e+02 1.5445842609e+02 6.9305184060e+03
6.4490000000e+00 4.5753634251e+02 1.5244177628e+02 6.9362657151e+03
6.4500000000e+00 4.5929417531e+02 1.5021710669e+02 6.9422365860e+03
6.4510000000e+00 4.6106218007e+02 1.4779689272e+02 6.9484353335e+03
6.4520000000e+00 4.6283228925e+02 1.4519386282e+02 6.9548551643e+03
6.4530000000e+00 4.6459608792e+02 1.4242088803e+02 6.9614744260e+03
6.4540000000e+00 4.6634483095e+02 1.3949088998e+02 6.9682534662e+03
6.4550000000e+00 4.6806947265e+02 1.3641676944e+02 6.9751323326e+03
6.4560000000e+00 4.6976071042e+02 1.3321135677e+02 6.9820295750e+03
6.4570000000e+00 4.7140904287e+02 1.2988738289e+02 6.9888424331e+03
6.4580000000e+00 4.7300484070e+02 1.2645746652e+02 6.9954486960e+03
6.4590000000e+00 4.7453842850e+02 1.2293411153e+02 7.0017104478e+03
6.4600000000e+00 4.7600017508e+02 1.1932970472e+02 7.0074797413e+03
6.4610000000e+00 4.7738059066e+02 1.1565650453e+02 7.0126060068e+03
6.4620000000e+00 4.7867043069e+02 1.1192660961e+02 7.0169447099e+03
6.4630000000e+00 4.7986080521e+02 1.0815189927e+02 7.0203664985e+03
6.4640000000e+00 4.8094329308e+02 1.0434393979e+02 7.0227658836e+03
6.4650000000e+00 4.8191005801e+02 1.0051385772e+02 7.0240684477e+03
6.4660000000e+00 4.8275396167e+02 9.6672186218e+01 7.0242356777e+03
6.4670000000e+00 4.8346866817e+02 9.2828697603e+01 7.0232668015e+03
6.4680000000e+00 4.8404873343e+02 8.8992236970e+01 7.0211974053e+03
6.4690000000e+00 4.8448967555e+02 8.5170570747e+01 7.0180950522e+03
6.4700000000e+00 4.8478802407e+02 8.1370257355e+01 7.0140525364e+03
6.4710000000e+00 4.8494135027e+02 7.7596539139e+01 7.0091797011e+03
6.4720000000e+00 4.8494828308e+02 7.3853248078e+01 7.0035948695e+03
6.4730000000e+00 4.8480851643e+02 7.0142715578e+01 6.9974168821e+03
6.4740000000e+00 4.8452281423e+02 6.6465681736e+01 6.9907585202e+03
6.4750000000e+00 4.8409301649e+02 6.2821207946e+01 6.9837217826e+03
6.4760000000e+00 4.8352204761e+02 5.9206608562e+01 6.9763951488e+03
6.4770000000e+00 4.8281392449e+02 5.5617423776e+01 6.9688526726e+03
6.4780000000e+00 4.8197375884e+02 5.2047457933e+01 6.9611545515e+03
6.4790000000e+00 4.8100774728e+02 4.8488899119e+01 6.9533487263e+03
6.4800000000e+00 4.7992314164e+02 4.4932523403e+01 6.9454730879e+03
6.4810000000e+00 4.7872819389e+02 4.1367970366e+01 6.9375579387e+03
6.4820000000e+00 4.7743207204e+02 3.7784064437e+01 6.9296284803e+03
6.4830000000e+00 4.7604474637e+02 3.4169150053e+01 6.9217072046e+03
6.4840000000e+00 4.7457684886e+02 3.0511411875e+01 6.9138161347e+03
6.4850000000e+00 4.7303951071e+02 2.6799160996e+01 6.9059788977e+03
6.4860000000e+00 4.7144418588e+02 2.3021082057e+01 6.8982226015e+03
6.4870000000e+00 4.6980246883e+02 1.9166448899e+01 6.8905794512e+03
6.4880000000e+00 4.6812591556e+02 1.5225324100e+01 6.8830879996e+03
6.4890000000e+00 4.6642587611e+02 1.1188759465e+01 6.8757938929e+03
6.4900000000e+00 4.6471334464e+02 7.0490082403e+00 6.8687499559e+03
6.4910000000e+00 4.6299883240e+02 2.7997510912e+00 6.8620154762e+03
6.4920000000e+00 4.6129226558e+02 -1.5636743149e+00 6.8556545952e+03
6.4930000000e+00 4.5960290967e+02 -6.0440585893e+00 6.8497337810e+03
6.4940000000e+00 4.5793931959e+02 -1.0642145935e+01 6.8443184568e+03
6.4950000000e+00 4.5630931435e+02 -1.5356524372e+01 6.8394689712e+03
6.4960000000e+00 4.5471997403e+02 -2.0183601511e+01 6.8352361936e+03
6.4970000000e+00 4.5317765566e+02 -2.5117675866e+01 6.8316571123e+03
6.4980000000e+00 4.5168802486e+02 -3.0151099839e+01 6.8287508598e+03
6.4990000000e+00 4.5025609939e+02 -3.5274515054e+01 6.8265155895e+03
6.5000000000e+00 4.4888630073e+02 -4.0477127944e+01 6.8249265786e+03
6.5010000000e+00 4.4758251063e+02 -4.5746986774e+01 6.8239358371e+03
6.5020000000e+00 4.4634812854e+02 -5.1071223180e+01 6.8234733787e+03
6.5030000000e+00 4.4518612738e+02 -5.6436232175e+01 6.8234501653e+03
6.5040000000e+00 4.4409910458e+02 -6.1827780986e+01 6.8237626019e+03
6.5050000000e+00 4.4308932680e+02 -6.7231055768e+01 6.8242983285e+03
6.5060000000e+00 4.4215876741e+02 -7.2630668808e+01 6.8249429385e+03
6.5070000000e+00 4.4130913649e+02 -7.8010656349e+01 6.8255871761e+03
6.5080000000e+00 4.4054190411e+02 -8.3354493942e+01 6.8261340887e+03
6.5090000000e+00 4.3985831757e+02 -8.8645147151e+01 6.8265055832e+03
6.5100000000e+00 4.3925941407e+02 -9.3865160454e+01 6.8266478459e+03
6.5110000000e+00 4.3874603031e+02 -9.8996773942e+01 6.8265351453e+03
6.5120000000e+00 4.3831881032e+02 -1.0402204835e+02 6.8261716530e+03
6.5130000000e+00 4.3797821365e+02 -1.0892297812e+02 6.8255910816e+03
6.5140000000e+00 4.3772452458e+02 -1.1368157949e+02 6.8248541304e+03
6.5150000000e+00 4.3755786311e+02 -1.1827995315e+02 6.8240439345e+03
6.5160000000e+00 4.3747819753e+02 -1.2270033366e+02 6.8232599159e+03
6.5170000000e+00 4.3748535714e+02 -1.2692514576e+02 6.8226105955e+03
6.5180000000e+00 4.3757904391e+02 -1.3093708863e+02 6.8222060257e+03
6.5190000000e+00 4.3775884114e+02 -1.3471926252e+02 6.8221505269e+03
6.5200000000e+00 4.3802421807e+02 -1.3825534231e+02 6.8225363407e+03
6.5210000000e+00 4.3837452939e+02 -1.4152979207e+02 6.8234386753e+03
6.5220000000e+00 4.3880900923e+02 -1.4452810615e+02 6.8249124361e+03
6.5230000000e+00 4.3932675975e+02 -1.4723705706e+02 6.8269907335e+03
6.5240000000e+00 4.3992673389e+02 -1.4964492870e+02 6.8296850846e+03
6.5250000000e+00 4.4060771301e+02 -1.5174171415e+02 6.8329870909e+03
6.5260000000e+00 4.4136827928e+02 -1.5351926163e+02 6.8368712973e+03
6.5270000000e+00 4.4220678400e+02 -1.5497135926e+02 6.8412989001e+03
6.5280000000e+00 4.4312131291e+02 -1.5609375892e+02 6.8462219793e+03
6.5290000000e+00 4.4410964976e+02 -1.5688415036e+02 6.8515879366e+03
6.5300000000e+00 4.4516924000e+02 -1.5734210521e+02 6.8573438228e+03
6.5310000000e+00 4.4629715574e+02 -1.5746901435e+02 6.8634402443e+03
6.5320000000e+00 4.4749006349e+02 -1.5726803811e+02 6.8698345365e+03
6.5330000000e+00 4.4874419610e+02 -1.5674407945e+02 6.8764929194e+03
6.5340000000e+00 4.5005533006e+02 -1.5590377631e+02 6.8833914203e+03
6.5350000000e+00 4.5141877012e+02 -1.5475549729e+02 6.8905154551e+03
6.5360000000e+00 4.5282934212e+02 -1.5330931822e+02 6.8978581072e+03
6.5370000000e+00 4.5428139553e+02 -1.5157695801e+02 6.9054172989e+03
6.5380000000e+00 4.5576881585e+02 -1.4957166060e+02 6.9131921892e+03
6.5390000000e+00 4.5728504672e+02 -1.4730802239e+02 6.9211792224e+03
6.5400000000e+00 4.5882312047e+02 -1.4480177746e+02 6.9293682814e+03
6.5410000000e+00 4.6037569547e+02 -1.4206956170e+02 6.9377393644e+03
6.5420000000e+00 4.6193509826e+02 -1.3912867963e+02 6.9462601062e+03
6.5430000000e+00 4.6349336884e+02 -1.3599689247e+02 6.9548843508e+03
6.5440000000e+00 4.6504230760e+02 -1.3269223639e+02 6.9635518577e+03
6.5450000000e+00 4.6657352362e+02 -1.2923286760e+02 6.9721891266e+03
6.5460000000e+00 4.6807848398e+02 -1.2563692282e+02 6.9807112782e+03
6.5470000000e+00 4.6954856482e+02 -1.2192238055e+02 6.9890248923e+03
6.5480000000e+00 4.7097510395e+02 -1.1810691258e+02 6.9970317023e+03
6.5490000000e+00 4.7234945489e+02 -1.1420772265e+02 7.0046330107e+03
6.5500000000e+00 4.7366304189e+02 -1.1024137805e+02 7.0117346356e+03
6.5510000000e+00 4.7490741446e+02 -1.0622364613e+02 7.0182520926e+03
6.5520000000e+00 4.7607430146e+02 -1.0216935063e+02 7.0241156016e+03
6.5530000000e+00 4.7715566433e+02 -9.8092261721e+01 7.0292744071e+03
6.5540000000e+00 4.7814375115e+02 -9.4005029232e+01 7.0336998550e+03
6.5550000000e+00 4.7903115339e+02 -8.9919162625e+01 7.0373867283e+03
6.5560000000e+00 4.7981086781e+02 -8.5845053662e+01 7.0403525086e+03
6.5570000000e+00 4.8047636565e+02 -8.1792030690e+01 7.0426344812e+03
6.5580000000e+00 4.8102166990e+02 -7.7768427492e+01 7.0442849157e+03
6.5590000000e+00 4.8144144012e+02 -7.3781646458e+01 7.0453648455e+03
6.5600000000e+00 4.8173106279e+02 -6.9838196205e+01 7.0459371864e+03
6.5610000000e+00 4.8188674394e+02 -6.5943688449e+01 7.0460600302e+03
6.5620000000e+00 4.8190560053e+02 -6.2102786699e+01 7.0457808950e+03
6.5630000000e+00 4.8178574639e+02 -5.8319108947e+01 7.0451325316e+03
6.5640000000e+00 4.8152636929e+02 -5.4595095538e+01 7.0441306262e+03
6.5650000000e+00 4.8112779545e+02 -5.0931860102e+01 7.0427734644e+03
6.5660000000e+00 4.8059153832e+02 -4.7329044627e+01 7.0410433891e+03
6.5670000000e+00 4.7992032858e+02 -4.3784699533e+01 7.0389097475e+03
6.5680000000e+00 4.7911812213e+02 -4.0295206330e+01 7.0363329714e+03
6.5690000000e+00 4.7819008375e+02 -3.6855255298e+01 7.0332694499e+03
6.5700000000e+00 4.7714254384e+02 -3.3457884482e+01 7.0296768916e+03
6.5710000000e+00 4.7598292705e+02 -3.0094580507e+01 7.0255198854e+03
6.5720000000e+00 4.7471965240e+02 -2.6755437168e+01 7.0207753324e+03
6.5730000000e+00 4.7336200611e+02 -2.3429364985e+01 7.0154373509e+03
6.5740000000e+00 4.7191999006e+02 -2.0104343735e+01 7.0095211891e+03
6.5750000000e+00 4.7040415061e+02 -1.6767709110e+01 7.0030656568e+03
6.5760000000e+00 4.6882539455e+02 -1.3406463669e+01 6.9961336675e+03
6.5770000000e+00 4.6719480018e+02 -1.0007600479e+01 6.9888106694e+03
6.5780000000e+00 4.6552343286e+02 -6.5584264922e+00 6.9812010136e+03
6.5790000000e+00 4.6382217431e+02 -3.0468724045e+00 6.9734226090e+03
6.5800000000e+00 4.6210157406e+02 5.3822271520e-01 6.9656004673e+03
6.5810000000e+00 4.6037172977e+02 4.2068609629e+00 6.9578598757e+03
6.5820000000e+00 4.5864220002e+02 7.9676749808e+00 6.9503199303e+03
6.5830000000e+00 4.5692195033e+02 1.1827759981e+01 6.9430880118e+03
6.5840000000e+00 4.5521933000e+02 1.5792549183e+01 6.9362555390e+03
6.5850000000e+00 4.5354207463e+02 1.9865732065e+01 6.9298950840e+03
6.5860000000e+00 4.5189732805e+02 2.4049213413e+01 6.9240587258e+03
6.5870000000e+00 4.5029167593e+02 2.8343109698e+01 6.9187774229e+03
6.5880000000e+00 4.4873118451e+02 3.2745777098e+01 6.9140611972e+03
6.5890000000e+00 4.4722143852e+02 3.7253863623e+01 6.9099000134e+03
6.5900000000e+00 4.4576757423e+02 4.1862376520e+01 6.9062653446e+03
6.5910000000e+00 4.4437430590e+02 4.6564756383e+01 6.9031124808e+03
6.5920000000e+00 4.4304594496e+02 5.1352951113e+01 6.9003836252e+03
6.5930000000e+00 4.4178641295e+02 5.6217485737e+01 6.8980117210e+03
6.5940000000e+00 4.4059924943e+02 6.1147527289e+01 6.8959248086e+03
6.5950000000e+00 4.3948761676e+02 6.6130947109e+01 6.8940505722e+03
6.5960000000e+00 4.3845430380e+02 7.1154385165e+01 6.8923206499e+03
6.5970000000e+00 4.3750173036e+02 7.6203322401e+01 6.8906743051e+03
6.5980000000e+00 4.3663195502e+02 8.1262167005e+01 6.8890611672e+03
6.5990000000e+00 4.3584668835e+02 8.6314359574e+01 6.8874429277e+03
6.6000000000e+00 4.3514731303e+02 9.1342500191e+01 6.8857940626e+03
6.6010000000e+00 4.3453491211e+02 9.6328498357e+01 6.8841017932e+03
6.6020000000e+00 4.3401030463e+02 1.0125374458e+02 6.8823655505e+03
6.6030000000e+00 4.3357408766e+02 1.0609930043e+02 6.8805961780e+03
6.6040000000e+00 4.3322668216e+02 1.1084610242e+02 6.8788150101e+03
6.6050000000e+00 4.3296837963e+02 1.1547517342e+02 6.8770528359e+03
6.6060000000e+00 4.3279938598e+02 1.1996783455e+02 6.8753486574e+03
6.6070000000e+00 4.3271985873e+02 1.2430590988e+02 6.8737481162e+03
6.6080000000e+00 4.3272993427e+02 1.2847191649e+02 6.8723014960e+03
6.6090000000e+00 4.3282974203e+02 1.3244923309e+02 6.8710613154e+03
6.6100000000e+00 4.3301940428e+02 1.3622224223e+02 6.8700796481e+03
6.6110000000e+00 4.3329902108e+02 1.3977644346e+02 6.8694054148e+03
6.6120000000e+00 4.3366864156e+02 1.4309853784e+02 6.8690819257e+03
6.6130000000e+00 4.3412822421e+02 1.4617648719e+02 6.8691449248e+03
6.6140000000e+00 4.3467758897e+02 1.4899955360e+02 6.8696212821e+03
6.6150000000e+00 4.3531636465e+02 1.5155832581e+02 6.8705283524e+03
6.6160000000e+00 4.3604393499e+02 1.5384473859e+02 6.8718739096e+03
6.6170000000e+00 4.3685938627e+02 1.5585208961e+02 6.8736565005e+03
6.6180000000e+00 4.3776145908e+02 1.5757505618e+02 6.8758660768e+03
6.6190000000e+00 4.3874850666e+02 1.5900971213e+02 6.8784848296e+03
6.6200000000e+00 4.3981846171e+02 1.6015354338e+02 6.8814882427e+03
6.6210000000e+00 4.4096881272e+02 1.6100545996e+02 6.8848464506e+03
6.6220000000e+00 4.4219659077e+02 1.6156580153e+02 6.8885259969e+03
6.6230000000e+00 4.4349836595e+02 1.6183633347e+02 6.8924920260e+03
6.6240000000e+00 4.4487025223e+02 1.6182023043e+02 6.8967108213e+03
6.6250000000e+00 4.4630791894e+02 1.6152204401e+02 6.9011524609e+03
6.6260000000e+00 4.4780660612e+02 1.6094765145e+02 6.9057932503e+03
6.6270000000e+00 4.4936114158e+02 1.6010418318e+02 6.9106175404e+03
6.6280000000e+00 4.5096595744e+02 1.5899992879e+02 6.9156185864e+03
6.6290000000e+00 4.5261510439e+02 1.5764422334e+02 6.9207982189e+03
6.6300000000e+00 4.5430226272e+02 1.5604731839e+02 6.9261652723e+03
6.6310000000e+00 4.5602074944e+02 1.5422024316e+02 6.9317328914e+03
6.6320000000e+00 4.5776352194e+02 1.5217466207e+02 6.9375149790e+03
6.6330000000e+00 4.5952317911e+02 1.4992273389e+02 6.9435221222e+03
6.6340000000e+00 4.6129196195e+02 1.4747697766e+02 6.9497573498e+03
6.6350000000e+00 4.6306175673e+02 1.4485014959e+02 6.9562120344e+03
6.6360000000e+00 4.6482410394e+02 1.4205513512e+02 6.9628622062e+03
6.6370000000e+00 4.6657021717e+02 1.3910485939e+02 6.9696655108e+03
6.6380000000e+00 4.6829101437e+02 1.3601221886e+02 6.9765590477e+03
6.6390000000e+00 4.6997716352e+02 1.3279003451e+02 6.9834583488e+03
6.6400000000e+00 4.7161914255e+02 1.2945102522e+02 6.9902577897e+03
6.6410000000e+00 4.7320731179e+02 1.2600779675e+02 6.9968327080e+03
6.6420000000e+00 4.7473199708e+02 1.2247283938e+02 7.0030434185e+03
6.6430000000e+00 4.7618358095e+02 1.1885852514e+02 7.0087411445e+03
6.6440000000e+00 4.7755260083e+02 1.1517709412e+02 7.0137756262e+03
6.6450000000e+00 4.7882985348e+02 1.1144061991e+02 7.0180038848e+03
6.6460000000e+00 4.8000650503e+02 1.0766094549e+02 7.0212993520e+03
6.6470000000e+00 4.8107420566e+02 1.0384958526e+02 7.0235603986e+03
6.6480000000e+00 4.8202520536e+02 1.0001759414e+02 7.0247172607e+03
6.6490000000e+00 4.8285246636e+02 9.6175411521e+01 7.0247364924e+03
6.6500000000e+00 4.8354976576e+02 9.2332692994e+01 7.0236223743e+03
6.6510000000e+00 4.8411178273e+02 8.8498145454e+01 7.0214151065e+03
6.6520000000e+00 4.8453416608e+02 8.4679378262e+01 7.0181860695e+03
6.6530000000e+00 4.8481358089e+02 8.0882777024e+01 7.0140308303e+03
6.6540000000e+00 4.8494773670e+02 7.7113397853e+01 7.0090608451e+03
6.6550000000e+00 4.8493540195e+02 7.3374874137e+01 7.0033949144e+03
6.6560000000e+00 4.8477641080e+02 6.9669326471e+01 6.9971513630e+03
6.6570000000e+00 4.8447166812e+02 6.5997271870e+01 6.9904416888e+03
6.6580000000e+00 4.8402315600e+02 6.2357538004e+01 6.9833661047e+03
6.6590000000e+00 4.8343394229e+02 5.8747198886e+01 6.9760110675e+03
6.6600000000e+00 4.8270818826e+02 5.5161555335e+01 6.9684486012e+03
6.6610000000e+00 4.8185114979e+02 5.1594183258e+01 6.9607370425e+03
6.6620000000e+00 4.8086916521e+02 4.8037064780e+01 6.9529227579e+03
6.6630000000e+00 4.7976962250e+02 4.4480802860e+01 6.9450424094e+03
6.6640000000e+00 4.7856090055e+02 4.0914904692e+01 6.9371254339e+03
6.6650000000e+00 4.7725228090e+02 3.7328106634e+01 6.9291965231e+03
6.6660000000e+00 4.7585383031e+02 3.3708709016e+01 6.9212779890e+03
6.6670000000e+00 4.7437625666e+02 3.0044892653e+01 6.9133919765e+03
6.6680000000e+00 4.7283074422e+02 2.6325000012e+01 6.9055625063e+03
6.6690000000e+00 4.7122877586e+02 2.2537777577e+01 6.8978173169e+03
6.6700000000e+00 4.6958195063e+02 1.8672588443e+01 6.8901894392e+03
6.6710000000e+00 4.6790180607e+02 1.4719611231e+01 6.8827183901e+03
6.6720000000e+00 4.6619965253e+02 1.0670041587e+01 6.8754508407e+03
6.6730000000e+00 4.6448642630e+02 6.5163064850e+00 6.8684406019e+03
6.6740000000e+00 4.6277256571e+02 2.2522912781e+00 6.8617477912e+03
6.6750000000e+00 4.6106791258e+02 -2.1264313837e+00 6.8554370931e+03
6.6760000000e+00 4.5938164006e+02 -6.6223908900e+00 6.8495751032e+03
6.6770000000e+00 4.5772220615e+02 -1.1236051158e+01 6.8442268491e+03
6.6780000000e+00 4.5609733154e+02 -1.5965711368e+01 6.8394516843e+03
6.6790000000e+00 4.5451399923e+02 -2.0807494025e+01 6.8352988607e+03
6.6800000000e+00 4.5297847278e+02 -2.5755429025e+01 6.8318031634e+03
6.6810000000e+00 4.5149632975e+02 -3.0801627500e+01 6.8289810347e+03
6.6820000000e+00 4.5007250641e+02 -3.5936524481e+01 6.8268276051e+03
6.6830000000e+00 4.4871135028e+02 -4.1149156763e+01 6.8253149942e+03
6.6840000000e+00 4.4741667681e+02 -4.6427437073e+01 6.8243921427e+03
6.6850000000e+00 4.4619182677e+02 -5.1758388544e+01 6.8239863109e+03
6.6860000000e+00 4.4503972141e+02 -5.7128315328e+01 6.8240062401e+03
6.6870000000e+00 4.4396291261e+02 -6.2522902415e+01 6.8243468351e+03
6.6880000000e+00 4.4296362669e+02 -6.7927255517e+01 6.8248950979e+03
6.6890000000e+00 4.4204380076e+02 -7.3325905494e+01 6.8255369384e+03
6.6900000000e+00 4.4120511178e+02 -7.8702807071e+01 6.8261643970e+03
6.6910000000e+00 4.4044899896e+02 -8.4041358390e+01 6.8266827524e+03
6.6920000000e+00 4.3977668040e+02 -8.9324456909e+01 6.8270169604e+03
6.6930000000e+00 4.3918916530e+02 -9.4534593019e+01 6.8271168839e+03
6.6940000000e+00 4.3868726324e+02 -9.9653969067e+01 6.8269608453e+03
6.6950000000e+00 4.3827159219e+02 -1.0466462397e+02 6.8265571567e+03
6.6960000000e+00 4.3794258670e+02 -1.0954854346e+02 6.8259434492e+03
6.6970000000e+00 4.3770050743e+02 -1.1428774469e+02 6.8251838228e+03
6.6980000000e+00 4.3754545254e+02 -1.1886433610e+02 6.8243640446e+03
6.6990000000e+00 4.3747737025e+02 -1.2326056665e+02 6.8235852187e+03
6.7000000000e+00 4.3749607167e+02 -1.2745888481e+02 6.8229565073e+03
6.7010000000e+00 4.3760124208e+02 -1.3144202776e+02 6.8225875705e+03
6.7020000000e+00 4.3779244922e+02 -1.3519315436e+02 6.8225814015e+03
6.7030000000e+00 4.3806914723e+02 -1.3869602469e+02 6.8230281513e+03
6.7040000000e+00 4.3843067539e+02 -1.4193521918e+02 6.8240003974e+03
6.7050000000e+00 4.3887625142e+02 -1.4489638171e+02 6.8255501150e+03
6.7060000000e+00 4.3940495918e+02 -1.4756646696e+02 6.8277074212e+03
6.7070000000e+00 4.4001573069e+02 -1.4993396992e+02 6.8304809879e+03
6.7080000000e+00 4.4070732296e+02 -1.5198911777e+02 6.8338598932e+03
6.7090000000e+00 4.4147828974e+02 -1.5372400813e+02 6.8378166120e+03
6.7100000000e+00 4.4232694930e+02 -1.5513268556e+02 6.8423108146e+03
6.7110000000e+00 4.4325134938e+02 -1.5621115807e+02 6.8472936502e+03
6.7120000000e+00 4.4424923076e+02 -1.5695736612e+02 6.8527121936e+03
6.7130000000e+00 4.4531799100e+02 -1.5737112450e+02 6.8585137413e+03
6.7140000000e+00 4.4645464973e+02 -1.5745406045e+02 6.8646496409e+03
6.7150000000e+00 4.4765581693e+02 -1.5720956671e+02 6.8710783412e+03
6.7160000000e+00 4.4891766549e+02 -1.5664277768e+02 6.8777673892e+03
6.7170000000e+00 4.5023590948e+02 -1.5576056332e+02 6.8846941663e+03
6.7180000000e+00 4.5160578977e+02 -1.5457152360e+02 6.8918452797e+03
6.7190000000e+00 4.5302206813e+02 -1.5308596075e+02 6.8992146703e+03
6.7200000000e+00 4.5447903113e+02 -1.5131580843e+02 6.9068006552e+03
6.7210000000e+00 4.5597050387e+02 -1.4927450617e+02 6.9146022535e+03
6.7220000000e+00 4.5748987333e+02 -1.4697682028e+02 6.9226152285e+03
6.7230000000e+00 4.5903011998e+02 -1.4443862485e+02 6.9308282969e+03
6.7240000000e+00 4.6058385587e+02 -1.4167666492e+02 6.9392199082e+03
6.7250000000e+00 4.6214336737e+02 -1.3870832511e+02 6.9477559034e+03
6.7260000000e+00 4.6370066060e+02 -1.3555142142e+02 6.9563882366e+03
6.7270000000e+00 4.6524750866e+02 -1.3222402329e+02 6.9650548289e+03
6.7280000000e+00 4.6677549991e+02 -1.2874430138e+02 6.9736805346e+03
6.7290000000e+00 4.6827608759e+02 -1.2513038880e+02 6.9821791491e+03
6.7300000000e+00 4.6974064093e+02 -1.2140024143e+02 6.9904563650e+03
6.7310000000e+00 4.7116049796e+02 -1.1757148750e+02 6.9984135718e+03
6.7320000000e+00 4.7252701981e+02 -1.1366126475e+02 7.0059523599e+03
6.7330000000e+00 4.7383164554e+02 -1.0968605172e+02 7.0129795227e+03
6.7340000000e+00 4.7506594681e+02 -1.0566150606e+02 7.0194122484e+03
6.7350000000e+00 4.7622168165e+02 -1.0160232444e+02 7.0251830690e+03
6.7360000000e+00 4.7729084782e+02 -9.7522138004e+01 7.0302440449e+03
6.7370000000e+00 4.7826573701e+02 -9.3433451656e+01 7.0345696306e+03
6.7380000000e+00 4.7913899211e+02 -8.9347630188e+01 7.0381577412e+03
6.7390000000e+00 4.7990367001e+02 -8.5274925878e+01 7.0410287154e+03
6.7400000000e+00 4.8055331176e+02 -8.1224535819e+01 7.0432221395e+03
6.7410000000e+00 4.8108202095e+02 -7.7204671177e+01 7.0447918043e+03
6.7420000000e+00 4.8148454938e+02 -7.3222618044e+01 7.0457993535e+03
6.7430000000e+00 4.8175638790e+02 -6.9284770375e+01 7.0463073853e+03
6.7440000000e+00 4.8189385918e+02 -6.5396620690e+01 7.0463728402e+03
6.7450000000e+00 4.8189420849e+02 -6.1562702355e+01 7.0460414363e+03
6.7460000000e+00 4.8175568874e+02 -5.7786486853e+01 7.0453437194e+03
6.7470000000e+00 4.8147763604e+02 -5.4070248321e+01 7.0442930289e+03
6.7480000000e+00 4.8106053226e+02 -5.0414913771e+01 7.0428854103e+03
6.7490000000e+00 4.8050605155e+02 -4.6819920362e+01 7.0411012851e+03
6.7500000000e+00 4.7981708740e+02 -4.3283100151e+01 7.0389085651e+03
6.7510000000e+00 4.7899775772e+02 -3.9800609488e+01 7.0362668529e+03
6.7520000000e+00 4.7805338489e+02 -3.6366914535e+01 7.0331323981e+03
6.7530000000e+00 4.7699044890e+02 -3.2974838589e+01 7.0294635075e+03
6.7540000000e+00 4.7581651221e+02 -2.9615670860e+01 7.0252261126e+03
6.7550000000e+00 4.7454011614e+02 -2.6279332313e+01 7.0203991616e+03
6.7560000000e+00 4.7317065032e+02 -2.2954591453e+01 7.0149794218e+03
6.7570000000e+00 4.7171819827e+02 -1.9629321970e+01 7.0089852196e+03
6.7580000000e+00 4.7019336405e+02 -1.6290793280e+01 7.0024586355e+03
6.7590000000e+00 4.6860708717e+02 -1.2925983888e+01 6.9954657647e+03
6.7600000000e+00 4.6697045368e+02 -9.5219057803e+00 6.9880948563e+03
6.7610000000e+00 4.6529451309e+02 -6.0659266950e+00 6.9804524219e+03
6.7620000000e+00 4.6359011012e+02 -2.5460772485e+00 6.9726577027e+03
6.7630000000e+00 4.6186773974e+02 1.0486686465e+00 6.9648361229e+03
6.7640000000e+00 4.6013743163e+02 4.7281483645e+00 6.9571124769e+03
6.7650000000e+00 4.5840866747e+02 8.5008056004e+00 6.9496045652e+03
6.7660000000e+00 4.5669033123e+02 1.2373528107e+01 6.9424178300e+03
6.7670000000e+00 4.5499068977e+02 1.6351528913e+01 6.9356412929e+03
6.7680000000e+00 4.5331739835e+02 2.0438270002e+01 6.9293448428e+03
6.7690000000e+00 4.5167752443e+02 2.4635426494e+01 6.9235777345e+03
6.7700000000e+00 4.5007758237e+02 2.8942887417e+01 6.9183680749e+03
6.7710000000e+00 4.4852357232e+02 3.3358787272e+01 6.9137231018e+03
6.7720000000e+00 4.4702101759e+02 3.7879560552e+01 6.9096301544e+03
6.7730000000e+00 4.4557499701e+02 4.2500010388e+01 6.9060583380e+03
6.7740000000e+00 4.4419017027e+02 4.7213382880e+01 6.9029609462e+03
6.7750000000e+00 4.4287079635e+02 5.2011440583e+01 6.9002786672e+03
6.7760000000e+00 4.4162074559e+02 5.6884531577e+01 6.8979435049e+03
6.7770000000e+00 4.4044350718e+02 6.1821653707e+01 6.8958831869e+03
6.7780000000e+00 4.3934219365e+02 6.6810516777e+01 6.8940257028e+03
6.7790000000e+00 4.3831954448e+02 7.1837607451e+01 6.8923035476e+03
6.7800000000e+00 4.3737793097e+02 7.6888263055e+01 6.8906572747e+03
6.7810000000e+00 4.3651936452e+02 8.1946760002e+01 6.8890380935e+03
6.7820000000e+00 4.3574551071e+02 8.6996421736e+01 6.8874094231e+03
6.7830000000e+00 4.3505771055e+02 9.2019748803e+01 6.8857474986e+03
6.7840000000e+00 4.3445700960e+02 9.6998571863e+01 6.8840412511e+03
6.7850000000e+00 4.3394419466e+02 1.0191422599e+02 6.8822917291e+03
6.7860000000e+00 4.3351983648e+02 1.0674774301e+02 6.8805112832e+03
6.7870000000e+00 4.3318433588e+02 1.1148005682e+02 6.8787226327e+03
6.7880000000e+00 4.3293797029e+02 1.1609221538e+02 6.8769578058e+03
6.7890000000e+00 4.3278093689e+02 1.2056559216e+02 6.8752568586e+03
6.7900000000e+00 4.3271338878e+02 1.2488208939e+02 6.8736662410e+03
6.7910000000e+00 4.3273546054e+02 1.2902432557e+02 6.8722367368e+03
6.7920000000e+00 4.3284728065e+02 1.3297580086e+02 6.8710210063e+03
6.7930000000e+00 4.3304896928e+02 1.3672103552e+02 6.8700708876e+03
6.7940000000e+00 4.3334062129e+02 1.4024567915e+02 6.8694347084e+03
6.7950000000e+00 4.3372227603e+02 1.4353659163e+02 6.8691548890e+03
6.7960000000e+00 4.3419387628e+02 1.4658189943e+02 6.8692660721e+03
6.7970000000e+00 4.3475521959e+02 1.4937103301e+02 6.8697939081e+03
6.7980000000e+00 4.3540590532e+02 1.5189475209e+02 6.8707544986e+03
6.7990000000e+00 4.3614528072e+02 1.5414516452e+02 6.8721543915e+03
6.8000000000e+00 4.3697238895e+02 1.5611574316e+02 6.8739909738e+03
6.8010000000e+00 4.3788592153e+02 1.5780134277e+02 6.8762531263e+03
6.8020000000e+00 4.3888417775e+02 1.5919821686e+02 6.8789220795e+03
6.8030000000e+00 4.3996503252e+02 1.6030403304e+02 6.8819725002e+03
6.8040000000e+00 4.4112591426e+02 1.6111788434e+02 6.8853738998e+03
6.8050000000e+00 4.4236379286e+02 1.6164029369e+02 6.8890924550e+03
6.8060000000e+00 4.4367517737e+02 1.6187320857e+02 6.8930932588e+03
6.8070000000e+00 4.4505612195e+02 1.6181998262e+02 6.8973428957e+03
6.8080000000e+00 4.4650223788e+02 1.6148534104e+02 6.9018120907e+03
6.8090000000e+00 4.4800870941e+02 1.6087532656e+02 6.9064780818e+03
6.8100000000e+00 4.4957031076e+02 1.5999722419e+02 6.9113263259e+03
6.8110000000e+00 4.5118142251e+02 1.5885946441e+02 6.9163512056e+03
6.8120000000e+00 4.5283604545e+02 1.5747150722e+02 6.9215555318e+03
6.8130000000e+00 4.5452781109e+02 1.5584371149e+02 6.9269488134e+03
6.8140000000e+00 4.5624998835e+02 1.5398719539e+02 6.9325444357e+03
6.8150000000e+00 4.5799548681e+02 1.5191369374e+02 6.9383560250e+03
6.8160000000e+00 4.5975685760e+02 1.4963541792e+02 6.9443933405e+03
6.8170000000e+00 4.6152629425e+02 1.4716492292e+02 6.9506580394e+03
6.8180000000e+00 4.6329563633e+02 1.4451498616e+02 6.9571396238e+03
6.8190000000e+00 4.6505637962e+02 1.4169850180e+02 6.9638118254e+03
6.8200000000e+00 4.6679969636e+02 1.3872839404e+02 6.9706296635e+03
6.8210000000e+00 4.6851646843e+02 1.3561755167e+02 6.9775274121e+03
6.8220000000e+00 4.7019733489e+02 1.3237878417e+02 6.9844177473e+03
6.8230000000e+00 4.7183275365e+02 1.2902479751e+02 6.9911923655e+03
6.8240000000e+00 4.7341307556e+02 1.2556818471e+02 6.9977243450e+03
6.8250000000e+00 4.7492862860e+02 1.2202142406e+02 7.0038724229e+03
6.8260000000e+00 4.7636981014e+02 1.1839687529e+02 7.0094871722e+03
6.8270000000e+00 4.7772718603e+02 1.1470676373e+02 7.0144188046e+03
6.8280000000e+00 4.7899159577e+02 1.1096314199e+02 7.0185260362e+03
6.8290000000e+00 4.8015426338e+02 1.0717782149e+02 7.0216851947e+03
6.8300000000e+00 4.8120691230e+02 1.0336226977e+02 7.0237985886e+03
6.8310000000e+00 4.8214188109e+02 9.9527475569e+01 7.0248011440e+03
6.8320000000e+00 4.8295223490e+02 9.5683790266e+01 7.0246644736e+03
6.8330000000e+00 4.8363186632e+02 9.1840759092e+01 7.0233978528e+03
6.8340000000e+00 4.8417558023e+02 8.8006957657e+01 7.0210459982e+03
6.8350000000e+00 4.8457915847e+02 8.4189845896e+01 7.0176839840e+03
6.8360000000e+00 4.8483940395e+02 8.0395644786e+01 7.0134100203e+03
6.8370000000e+00 4.8495416663e+02 7.6629232818e+01 7.0083370671e+03
6.8380000000e+00 4.8492235659e+02 7.2894053646e+01 7.0025843371e+03
6.8390000000e+00 4.8474395034e+02 6.9192026007e+01 6.9962696337e+03
6.8400000000e+00 4.8441999580e+02 6.5523453041e+01 6.9895032315e+03
6.8410000000e+00 4.8395261912e+02 6.1886938244e+01 6.9823836780e+03
6.8420000000e+00 4.8334503328e+02 5.8279325671e+01 6.9749955694e+03
6.8430000000e+00 4.8260154523e+02 5.4695688120e+01 6.9674090812e+03
6.8440000000e+00 4.8172755573e+02 5.1129385753e+01 6.9596808654e+03
6.8450000000e+00 4.8072954479e+02 4.7572208502e+01 6.9518558627e+03
6.8460000000e+00 4.7961503577e+02 4.4014600926e+01 6.9439696159e+03
6.8470000000e+00 4.7839253282e+02 4.0445952794e+01 6.9360507637e+03
6.8480000000e+00 4.7707142881e+02 3.6854927149e+01 6.9281235134e+03
6.8490000000e+00 4.7566188401e+02 3.3229794119e+01 6.9202099899e+03
6.8500000000e+00 4.7417467909e+02 2.9558743465e+01 6.9123324269e+03
6.8510000000e+00 4.7262104808e+02 2.5830160522e+01 6.9045151833e+03
6.8520000000e+00 4.7101249949e+02 2.2032863872e+01 6.8967865514e+03
6.8530000000e+00 4.6936063410e+02 1.8156315108e+01 6.8891802863e+03
6.8540000000e+00 4.6767696837e+02 1.4190817154e+01 6.8817367386e+03
6.8550000000e+00 4.6597277100e+02 1.0127717002e+01 6.8745034443e+03
6.8560000000e+00 4.6425891891e+02 5.9596218310e+00 6.8675350152e+03
6.8570000000e+00 4.6254577657e+02 1.6806270924e+00 6.8608921964e+03
6.8580000000e+00 4.6084310099e+02 -2.7134557713e+00 6.8546400113e+03
6.8590000000e+00 4.5915997298e+02 -7.2248929010e+00 6.8488449952e+03
6.8600000000e+00 4.5750475399e+02 -1.1853868197e+01 6.8435716204e+03
6.8610000000e+00 4.5588506700e+02 -1.6598394623e+01 6.8388781272e+03
6.8620000000e+00 4.5430779872e+02 -2.1454314731e+01 6.8348120784e+03
6.8630000000e+00 4.5277912008e+02 -2.6415397148e+01 6.8314060284e+03
6.8640000000e+00 4.5130452127e+02 -3.1473520974e+01 6.8286737405e+03
6.8650000000e+00 4.4988885771e+02 -3.6618925085e+01 6.8266073658e+03
6.8660000000e+00 4.4853640333e+02 -4.1840487686e+01 6.8251759340e+03
6.8670000000e+00 4.4725090749e+02 -4.7125997034e+01 6.8243254040e+03
6.8680000000e+00 4.4603565225e+02 -5.2462378450e+01 6.8239803885e+03
6.8690000000e+00 4.4489350702e+02 -5.7835855544e+01 6.8240475292e+03
6.8700000000e+00 4.4382697794e+02 -6.3232041069e+01 6.8244203629e+03
6.8710000000e+00 4.4283825071e+02 -6.8635970494e+01 6.8249853925e+03
6.8720000000e+00 4.4192922597e+02 -7.4032103885e+01 6.8256289766e+03
6.8730000000e+00 4.4110154749e+02 -7.9404325989e+01 6.8262445628e+03
6.8740000000e+00 4.4035662369e+02 -8.4735969904e+01 6.8267397369e+03
6.8750000000e+00 4.3969564364e+02 -9.0009878178e+01 6.8270425293e+03
6.8760000000e+00 4.3911958883e+02 -9.5208500638e+01 6.8271064497e+03
6.8770000000e+00 4.3862924220e+02 -1.0031401536e+02 6.8269137914e+03
6.8780000000e+00 4.3822519610e+02 -1.0530845235e+02 6.8264768798e+03
6.8790000000e+00 4.3790786066e+02 -1.1017380081e+02 6.8258371102e+03
6.8800000000e+00 4.3767747353e+02 -1.1489209001e+02 6.8250618226e+03
6.8810000000e+00 4.3753411150e+02 -1.1944544681e+02 6.8242392666e+03
6.8820000000e+00 4.3747770314e+02 -1.2381614480e+02 6.8234721052e+03
6.8830000000e+00 4.3750804156e+02 -1.2798666619e+02 6.8228700536e+03
6.8840000000e+00 4.3762479533e+02 -1.3193979628e+02 6.8225423283e+03
6.8850000000e+00 4.3782751627e+02 -1.3565876251e+02 6.8225905772e+03
6.8860000000e+00 4.3811564269e+02 -1.3912741994e+02 6.8231028739e+03
6.8870000000e+00 4.3848849750e+02 -1.4233047449e+02 6.8241492020e+03
6.8880000000e+00 4.3894528075e+02 -1.4525372795e+02 6.8257786651e+03
6.8890000000e+00 4.3948505654e+02 -1.4788432417e+02 6.8280184652e+03
6.8900000000e+00 4.4010673447e+02 -1.5021097486e+02 6.8308745238e+03
6.8910000000e+00 4.4080904564e+02 -1.5222414526e+02 6.8343335036e+03
6.8920000000e+00 4.4159051392e+02 -1.5391618451e+02 6.8383659245e+03
6.8930000000e+00 4.4244942327e+02 -1.5528139409e+02 6.8429300426e+03
6.8940000000e+00 4.4338378236e+02 -1.5631603714e+02 6.8479761715e+03
6.8950000000e+00 4.4439128813e+02 -1.5701830260e+02 6.8534511266e+03
6.8960000000e+00 4.4546928962e+02 -1.5738824536e+02 6.8593024788e+03
6.8970000000e+00 4.4661475361e+02 -1.5742772538e+02 6.8654823013e+03
6.8980000000e+00 4.4782423335e+02 -1.5714036365e+02 6.8719500999e+03
6.8990000000e+00 4.4909384179e+02 -1.5653152123e+02 6.8786746566e+03
6.9000000000e+00 4.5041923078e+02 -1.5560829438e+02 6.8856345926e+03
6.9010000000e+00 4.5179557764e+02 -1.5437950740e+02 6.8928175840e+03
6.9020000000e+00 4.5321758055e+02 -1.5285568025e+02 6.9002183114e+03
6.9030000000e+00 4.5467946371e+02 -1.5104895093e+02 6.9078353810e+03
6.9040000000e+00 4.5617499238e+02 -1.4897294253e+02 6.9156675841e+03
6.9050000000e+00 4.5769749738e+02 -1.4664257785e+02 6.9237099325e+03
6.9060000000e+00 4.5923990769e+02 -1.4407385675e+02 6.9319499203e+03
6.9070000000e+00 4.6079478923e+02 -1.4128361880e+02 6.9403644064e+03
6.9080000000e+00 4.6235438808e+02 -1.3828931420e+02 6.9489174078e+03
6.9090000000e+00 4.6391067624e+02 -1.3510879944e+02 6.9575589733e+03
6.9100000000e+00 4.6545539905e+02 -1.3176016328e+02 6.9662251901e+03
6.9110000000e+00 4.6698012365e+02 -1.2826157715e+02 6.9748392934e+03
6.9120000000e+00 4.6847628879e+02 -1.2463115708e+02 6.9833138049e+03
6.9130000000e+00 4.6993525623e+02 -1.2088682304e+02 6.9915536053e+03
6.9140000000e+00 4.7134836382e+02 -1.1704614682e+02 6.9994598332e+03
6.9150000000e+00 4.7270697987e+02 -1.1312618791e+02 7.0069344671e+03
6.9160000000e+00 4.7400255810e+02 -1.0914332492e+02 7.0138853732e+03
6.9170000000e+00 4.7522669218e+02 -1.0511309585e+02 7.0202314936e+03
6.9180000000e+00 4.7637116944e+02 -1.0105006206e+02 7.0259077285e+03
6.9190000000e+00 4.7742802423e+02 -9.6967708975e+01 7.0308689817e+03
6.9200000000e+00 4.7838959243e+02 -9.2878391656e+01 7.0350928152e+03
6.9210000000e+00 4.7924856926e+02 -8.8793326681e+01 7.0385802500e+03
6.9220000000e+00 4.7999807297e+02 -8.4722624511e+01 7.0413544396e+03
6.9230000000e+00 4.8063171610e+02 -8.0675349440e+01 7.0434572202e+03
6.9240000000e+00 4.8114368481e+02 -7.6659588939e+01 7.0449438517e+03
6.9250000000e+00 4.8152882539e+02 -7.2682511864e+01 7.0458765421e+03
6.9260000000e+00 4.8178273554e+02 -6.8750396525e+01 7.0463175363e+03
6.9270000000e+00 4.8190185700e+02 -6.4868615163e+01 7.0463226013e+03
6.9280000000e+00 4.8188356581e+02 -6.1041569902e+01 7.0459356500e+03
6.9290000000e+00 4.8172625628e+02 -5.7272584823e+01 7.0451850370e+03
6.9300000000e+00 4.8142941496e+02 -5.3563767402e+01 7.0440817904e+03
6.9310000000e+00 4.8099368127e+02 -4.9915858379e+01 7.0426197742e+03
6.9320000000e+00 4.8042089161e+02 -4.6328091443e+01 7.0407775706e+03
6.9330000000e+00 4.7971410362e+02 -4.2798082968e+01 7.0385217570e+03
6.9340000000e+00 4.7887759812e+02 -3.9321768228e+01 7.0358112234e+03
6.9350000000e+00 4.7791685563e+02 -3.5893394941e+01 7.0326022019e+03
6.9360000000e+00 4.7683850582e+02 -3.2505578865e+01 7.0288537131e+03
6.9370000000e+00 4.7565024854e+02 -2.9149420546e+01 7.0245331312e+03
6.9380000000e+00 4.7436074656e+02 -2.5814678270e+01 7.0196215236e+03
6.9390000000e+00 4.7297949153e+02 -2.2489989938e+01 7.0141183440e+03
6.9400000000e+00 4.7151664676e+02 -1.9163135611e+01 7.0080449971e+03
6.9410000000e+00 4.6998287193e+02 -1.5821331675e+01 7.0014467978e+03
6.9420000000e+00 4.6838913691e+02 -1.2451546318e+01 6.9943929562e+03
6.9430000000e+00 4.6674653312e+02 -9.0408243223e+00 6.9869744337e+03
6.9440000000e+00 4.6506609190e+02 -5.5766079848e+00 6.9792998017e+03
6.9450000000e+00 4.6335861892e+02 -2.0470412011e+00 6.9714895303e+03
6.9460000000e+00 4.6163455284e+02 1.5587543734e+00 6.9636693594e+03
6.9470000000e+00 4.5990385402e+02 5.2504391078e+00 6.9559635047e+03
6.9480000000e+00 4.5817592628e+02 9.0362559787e+00 6.9484884001e+03
6.9490000000e+00 4.5645957148e+02 1.2922874113e+01 6.9413474972e+03
6.9500000000e+00 4.5476297377e+02 1.6915275683e+01 6.9346273872e+03
6.9510000000e+00 4.5309370800e+02 2.1016685148e+01 6.9283952639e+03
6.9520000000e+00 4.5145876542e+02 2.5228538567e+01 6.9226975684e+03
6.9530000000e+00 4.4986458929e+02 2.9550488901e+01 6.9175595907e+03
6.9540000000e+00 4.4831711392e+02 3.3980441179e+01 6.9129858418e+03
6.9550000000e+00 4.4682180146e+02 3.8514609490e+01 6.9089611128e+03
6.9560000000e+00 4.4538367344e+02 4.3147586919e+01 6.9054522352e+03
6.9570000000e+00 4.4400733517e+02 4.7872420130e+01 6.9024106056e+03
6.9580000000e+00 4.4269699321e+02 5.2680682433e+01 6.8997754976e+03
6.9590000000e+00 4.4145646679e+02 5.7562542096e+01 6.8974780653e+03
6.9600000000e+00 4.4028919473e+02 6.2506826053e+01 6.8954457965e+03
6.9610000000e+00 4.3919823974e+02 6.7501081973e+01 6.8936070398e+03
6.9620000000e+00 4.3818629205e+02 7.2531643888e+01 6.8918951785e+03
6.9630000000e+00 4.3725567455e+02 7.7583707440e+01 6.8902520687e+03
6.9640000000e+00 4.3640835183e+02 8.2641420591e+01 6.8886304960e+03
6.9650000000e+00 4.3564594498e+02 8.7687994293e+01 6.8869955908e+03
6.9660000000e+00 4.3496975392e+02 9.2705835615e+01 6.8853253190e+03
6.9670000000e+00 4.3438078760e+02 9.7676703692e+01 6.8836102828e+03
6.9680000000e+00 4.3387980153e+02 1.0258188668e+02 6.8818530984e+03
6.9690000000e+00 4.3346734108e+02 1.0740239615e+02 6.8800675611e+03
6.9700000000e+00 4.3314378792e+02 1.1211917365e+02 6.8782777003e+03
6.9710000000e+00 4.3290940628e+02 1.1671330309e+02 6.8765167007e+03
6.9720000000e+00 4.3276438539e+02 1.2116622146e+02 6.8748255821e+03
6.9730000000e+00 4.3270887446e+02 1.2545992037e+02 6.8732515135e+03
6.9740000000e+00 4.3274300658e+02 1.2957713092e+02 6.8718456942e+03
6.9750000000e+00 4.3286690928e+02 1.3350148573e+02 6.8706608511e+03
6.9760000000e+00 4.3308070029e+02 1.3721765349e+02 6.8697485230e+03
6.9770000000e+00 4.3338446875e+02 1.4071144437e+02 6.8691563937e+03
6.9780000000e+00 4.3377824331e+02 1.4396988739e+02 6.8689259522e+03
6.9790000000e+00 4.3426194993e+02 1.4698128381e+02 6.8690907068e+03
6.9800000000e+00 4.3483536244e+02 1.4973524258e+02 6.8696750621e+03
6.9810000000e+00 4.3549804931e+02 1.5222270437e+02 6.8706938465e+03
6.9820000000e+00 4.3624931978e+02 1.5443595993e+02 6.8721523709e+03
6.9830000000e+00 4.3708817240e+02 1.5636866683e+02 6.8740468628e+03
6.9840000000e+00 4.3801324824e+02 1.5801586629e+02 6.8763651477e+03
6.9850000000e+00 4.3902279131e+02 1.5937399987e+02 6.8790875284e+03
6.9860000000e+00 4.4011461777e+02 1.6044092439e+02 6.8821879048e+03
6.9870000000e+00 4.4128609503e+02 1.6121592248e+02 6.8856352286e+03
6.9880000000e+00 4.4253413113e+02 1.6169970592e+02 6.8893953813e+03
6.9890000000e+00 4.4385517360e+02 1.6189440881e+02 6.8934334776e+03
6.9900000000e+00 4.4524521635e+02 1.6180356732e+02 6.8977164694e+03
6.9910000000e+00 4.4669981236e+02 1.6143208273e+02 6.9022157840e+03
6.9920000000e+00 4.4821408976e+02 1.6078616478e+02 6.9069096333e+03
6.9930000000e+00 4.4978276895e+02 1.5987325358e+02 6.9117846068e+03
6.9940000000e+00 4.5140017866e+02 1.5870192005e+02 6.9168362274e+03
6.9950000000e+00 4.5306026945e+02 1.5728174778e+02 6.9220682881e+03
6.9960000000e+00 4.5475662371e+02 1.5562320084e+02 6.9274909625e+03
6.9970000000e+00 4.5648246182e+02 1.5373748337e+02 6.9331178569e+03
6.9980000000e+00 4.5823064500e+02 1.5163639702e+02 6.9389622900e+03
6.9990000000e+00 4.5999367609e+02 1.4933220156e+02 6.9450331498e+03
7.0000000000e+00 4.6176370053e+02 1.4683748328e+02 6.9513306690e+03
