# Time Cd Cl Pressure_Diff, div norm
5.00000000e-06 4.60910288e-01 -8.05609090e-01 1.06744442e+01 0.00000000e+00
1.00000000e-05 4.52567062e-01 -7.16860425e-01 1.00891208e+01 0.00000000e+00
1.50000000e-05 4.84961408e-01 -8.14346213e-01 1.07648523e+01 0.00000000e+00
2.00000000e-05 4.83944070e-01 -7.95424552e-01 1.06372720e+01 0.00000000e+00
2.50000000e-05 4.91609817e-01 -8.07412868e-01 1.07217786e+01 0.00000000e+00
3.00000000e-05 4.94686179e-01 -8.04003752e-01 1.07014546e+01 0.00000000e+00
3.50000000e-05 4.98913775e-01 -8.05460315e-01 1.07139414e+01 0.00000000e+00
4.00000000e-05 5.02323869e-01 -8.04743787e-01 1.07114126e+01 0.00000000e+00
4.50000000e-05 5.05761892e-01 -8.04746885e-01 1.07135279e+01 0.00000000e+00
5.00000000e-05 5.08951338e-01 -8.04415446e-01 1.07131653e+01 0.00000000e+00
5.50000000e-05 5.12027565e-01 -8.04167075e-01 1.07131836e+01 0.00000000e+00
6.00000000e-05 5.14959737e-01 -8.03845016e-01 1.07125350e+01 0.00000000e+00
6.50000000e-05 5.17776130e-01 -8.03509975e-01 1.07116423e+01 0.00000000e+00
7.00000000e-05 5.20479594e-01 -8.03138766e-01 1.07103571e+01 0.00000000e+00
7.50000000e-05 5.23080772e-01 -8.02740184e-01 1.07087464e+01 0.00000000e+00
8.00000000e-05 5.25585821e-01 -8.02310719e-01 1.07067935e+01 0.00000000e+00
8.50000000e-05 5.28001377e-01 -8.01851549e-01 1.07045126e+01 0.00000000e+00
9.00000000e-05 5.30332840e-01 -8.01362052e-01 1.07019052e+01 0.00000000e+00
9.50000000e-05 5.32585192e-01 -8.00842298e-01 1.06989770e+01 0.00000000e+00
1.00000000e-04 5.34762812e-01 -8.00292096e-01 1.06957313e+01 0.00000000e+00
1.05000000e-04 5.36869663e-01 -7.99711357e-01 1.06921717e+01 0.00000000e+00
1.10000000e-04 5.38909312e-01 -7.99099955e-01 1.06883013e+01 0.00000000e+00
1.15000000e-04 5.40884998e-01 -7.98457776e-01 1.06841230e+01 0.00000000e+00
1.20000000e-04 5.42799670e-01 -7.97784701e-01 1.06796394e+01 0.00000000e+00
1.25000000e-04 5.44656026e-01 -7.97080610e-01 1.06748528e+01 0.00000000e+00
1.30000000e-04 5.46456542e-01 -7.96345380e-01 1.06697655e+01 0.00000000e+00
1.35000000e-04 5.48203498e-01 -7.95578885e-01 1.06643796e+01 0.00000000e+00
1.40000000e-04 5.49899000e-01 -7.94780996e-01 1.06586969e+01 0.00000000e+00
1.45000000e-04 5.51545003e-01 -7.93951581e-01 1.06527192e+01 0.00000000e+00
1.50000000e-04 5.53143321e-01 -7.93090503e-01 1.06464482e+01 0.00000000e+00
1.55000000e-04 5.54695645e-01 -7.92197623e-01 1.06398856e+01 0.00000000e+00
1.60000000e-04 5.56203558e-01 -7.91272796e-01 1.06330327e+01 0.00000000e+00
1.65000000e-04 5.57668540e-01 -7.90315875e-01 1.06258910e+01 0.00000000e+00
1.70000000e-04 5.59091982e-01 -7.89326706e-01 1.06184619e+01 0.00000000e+00
1.75000000e-04 5.60475192e-01 -7.88305134e-01 1.06107466e+01 0.00000000e+00
1.80000000e-04 5.61819404e-01 -7.87251000e-01 1.06027463e+01 0.00000000e+00
1.85000000e-04 5.63125782e-01 -7.86164141e-01 1.05944622e+01 0.00000000e+00
1.90000000e-04 5.64395427e-01 -7.85044391e-01 1.05858955e+01 0.00000000e+00
1.95000000e-04 5.65629383e-01 -7.83891583e-01 1.05770472e+01 0.00000000e+00
2.00000000e-04 5.66828638e-01 -7.82705547e-01 1.05679183e+01 0.00000000e+00
2.05000000e-04 5.67994131e-01 -7.81486110e-01 1.05585098e+01 0.00000000e+00
2.10000000e-04 5.69126754e-01 -7.80233102e-01 1.05488227e+01 0.00000000e+00
2.15000000e-04 5.70227356e-01 -7.78946349e-01 1.05388580e+01 0.00000000e+00
2.20000000e-04 5.71296743e-01 -7.77625680e-01 1.05286164e+01 0.00000000e+00
2.25000000e-04 5.72335684e-01 -7.76270922e-01 1.05180989e+01 0.00000000e+00
2.30000000e-04 5.73344909e-01 -7.74881906e-01 1.05073063e+01 0.00000000e+00
2.35000000e-04 5.74325116e-01 -7.73458464e-01 1.04962394e+01 0.00000000e+00
2.40000000e-04 5.75276969e-01 -7.72000429e-01 1.04848990e+01 0.00000000e+00
2.45000000e-04 5.76201101e-01 -7.70507638e-01 1.04732858e+01 0.00000000e+00
2.50000000e-04 5.77098115e-01 -7.68979933e-01 1.04614006e+01 0.00000000e+00
2.55000000e-04 5.77968586e-01 -7.67417156e-01 1.04492441e+01 0.00000000e+00
2.60000000e-04 5.78813062e-01 -7.65819156e-01 1.04368169e+01 0.00000000e+00
2.65000000e-04 5.79632067e-01 -7.64185782e-01 1.04241198e+01 0.00000000e+00
2.70000000e-04 5.80426101e-01 -7.62516891e-01 1.04111534e+01 0.00000000e+00
2.75000000e-04 5.81195638e-01 -7.60812343e-01 1.03979183e+01 0.00000000e+00
2.80000000e-04 5.81941135e-01 -7.59072000e-01 1.03844151e+01 0.00000000e+00
2.85000000e-04 5.82663026e-01 -7.57295732e-01 1.03706445e+01 0.00000000e+00
2.90000000e-04 5.83361726e-01 -7.55483410e-01 1.03566070e+01 0.00000000e+00
2.95000000e-04 5.84037634e-01 -7.53634910e-01 1.03423031e+01 0.00000000e+00
3.00000000e-04 5.84691129e-01 -7.51750112e-01 1.03277334e+01 0.00000000e+00
3.05000000e-04 5.85322578e-01 -7.49828899e-01 1.03128985e+01 0.00000000e+00
3.10000000e-04 5.85932330e-01 -7.47871161e-01 1.02977988e+01 0.00000000e+00
3.15000000e-04 5.86520723e-01 -7.45876787e-01 1.02824349e+01 0.00000000e+00
3.20000000e-04 5.87088078e-01 -7.43845674e-01 1.02668073e+01 0.00000000e+00
3.25000000e-04 5.87634709e-01 -7.41777718e-01 1.02509164e+01 0.00000000e+00
3.30000000e-04 5.88160915e-01 -7.39672822e-01 1.02347628e+01 0.00000000e+00
3.35000000e-04 5.88666987e-01 -7.37530892e-01 1.02183468e+01 0.00000000e+00
3.40000000e-04 5.89153204e-01 -7.35351836e-01 1.02016691e+01 0.00000000e+00
3.45000000e-04 5.89619837e-01 -7.33135567e-01 1.01847299e+01 0.00000000e+00
3.50000000e-04 5.90067149e-01 -7.30882002e-01 1.01675298e+01 0.00000000e+00
3.55000000e-04 5.90495393e-01 -7.28591061e-01 1.01500692e+01 0.00000000e+00
3.60000000e-04 5.90904816e-01 -7.26262669e-01 1.01323485e+01 0.00000000e+00
3.65000000e-04 5.91295657e-01 -7.23896754e-01 1.01143681e+01 0.00000000e+00
3.70000000e-04 5.91668149e-01 -7.21493250e-01 1.00961286e+01 0.00000000e+00
3.75000000e-04 5.92022517e-01 -7.19052095e-01 1.00776302e+01 0.00000000e+00
3.80000000e-04 5.92358980e-01 -7.16573233e-01 1.00588734e+01 0.00000000e+00
3.85000000e-04 5.92677752e-01 -7.14056613e-01 1.00398587e+01 0.00000000e+00
3.90000000e-04 5.92979040e-01 -7.11502190e-01 1.00205863e+01 0.00000000e+00
3.95000000e-04 5.93263046e-01 -7.08909924e-01 1.00010568e+01 0.00000000e+00
4.00000000e-04 5.93529967e-01 -7.06279783e-01 9.98127058e+00 0.00000000e+00
4.05000000e-04 5.93779994e-01 -7.03611739e-01 9.96122796e+00 0.00000000e+00
4.10000000e-04 5.94013312e-01 -7.00905774e-01 9.94092939e+00 0.00000000e+00
4.15000000e-04 5.94230104e-01 -6.98161875e-01 9.92037527e+00 0.00000000e+00
4.20000000e-04 5.94430545e-01 -6.95380038e-01 9.89956602e+00 0.00000000e+00
4.25000000e-04 5.94614808e-01 -6.92560265e-01 9.87850202e+00 0.00000000e+00
4.30000000e-04 5.94783059e-01 -6.89702568e-01 9.85718371e+00 0.00000000e+00
4.35000000e-04 5.94935461e-01 -6.86806966e-01 9.83561149e+00 0.00000000e+00
4.40000000e-04 5.95072173e-01 -6.83873486e-01 9.81378577e+00 0.00000000e+00
4.45000000e-04 5.95193348e-01 -6.80902164e-01 9.79170697e+00 0.00000000e+00
4.50000000e-04 5.95299138e-01 -6.77893046e-01 9.76937552e+00 0.00000000e+00
4.55000000e-04 5.95389687e-01 -6.74846186e-01 9.74679184e+00 0.00000000e+00
4.60000000e-04 5.95465140e-01 -6.71761647e-01 9.72395636e+00 0.00000000e+00
4.65000000e-04 5.95525633e-01 -6.68639501e-01 9.70086953e+00 0.00000000e+00
4.70000000e-04 5.95571302e-01 -6.65479831e-01 9.67753177e+00 0.00000000e+00
4.75000000e-04 5.95602278e-01 -6.62282727e-01 9.65394355e+00 0.00000000e+00
4.80000000e-04 5.95618689e-01 -6.59048293e-01 9.63010530e+00 0.00000000e+00
4.85000000e-04 5.95620659e-01 -6.55776638e-01 9.60601751e+00 0.00000000e+00
4.90000000e-04 5.95608309e-01 -6.52467885e-01 9.58168062e+00 0.00000000e+00
4.95000000e-04 5.95581755e-01 -6.49122164e-01 9.55709512e+00 0.00000000e+00
5.00000000e-04 5.95541113e-01 -6.45739616e-01 9.53226148e+00 0.00000000e+00
5.05000000e-04 5.95486493e-01 -6.42320393e-01 9.50718021e+00 0.00000000e+00
5.10000000e-04 5.95418002e-01 -6.38864656e-01 9.48185179e+00 0.00000000e+00
5.15000000e-04 5.95335746e-01 -6.35372576e-01 9.45627672e+00 0.00000000e+00
5.20000000e-04 5.95239826e-01 -6.31844336e-01 9.43045553e+00 0.00000000e+00
5.25000000e-04 5.95130340e-01 -6.28280128e-01 9.40438874e+00 0.00000000e+00
5.30000000e-04 5.95007384e-01 -6.24680152e-01 9.37807686e+00 0.00000000e+00
5.35000000e-04 5.94871051e-01 -6.21044620e-01 9.35152045e+00 0.00000000e+00
5.40000000e-04 5.94721431e-01 -6.17373754e-01 9.32472005e+00 0.00000000e+00
5.45000000e-04 5.94558609e-01 -6.13667786e-01 9.29767620e+00 0.00000000e+00
5.50000000e-04 5.94382672e-01 -6.09926955e-01 9.27038949e+00 0.00000000e+00
5.55000000e-04 5.94193699e-01 -6.06151514e-01 9.24286047e+00 0.00000000e+00
5.60000000e-04 5.93991770e-01 -6.02341720e-01 9.21508972e+00 0.00000000e+00
5.65000000e-04 5.93776961e-01 -5.98497845e-01 9.18707785e+00 0.00000000e+00
5.70000000e-04 5.93549344e-01 -5.94620165e-01 9.15882543e+00 0.00000000e+00
5.75000000e-04 5.93308991e-01 -5.90708967e-01 9.13033309e+00 0.00000000e+00
5.80000000e-04 5.93055970e-01 -5.86764547e-01 9.10160143e+00 0.00000000e+00
5.85000000e-04 5.92790346e-01 -5.82787210e-01 9.07263107e+00 0.00000000e+00
5.90000000e-04 5.92512182e-01 -5.78777266e-01 9.04342265e+00 0.00000000e+00
5.95000000e-04 5.92221538e-01 -5.74735037e-01 9.01397680e+00 0.00000000e+00
6.00000000e-04 5.91918472e-01 -5.70660851e-01 8.98429416e+00 0.00000000e+00
6.05000000e-04 5.91603040e-01 -5.66555042e-01 8.95437540e+00 0.00000000e+00
6.10000000e-04 5.91275294e-01 -5.62417953e-01 8.92422117e+00 0.00000000e+00
6.15000000e-04 5.90935283e-01 -5.58249934e-01 8.89383214e+00 0.00000000e+00
6.20000000e-04 5.90583056e-01 -5.54051340e-01 8.86320898e+00 0.00000000e+00
6.25000000e-04 5.90218658e-01 -5.49822534e-01 8.83235238e+00 0.00000000e+00
6.30000000e-04 5.89842132e-01 -5.45563884e-01 8.80126302e+00 0.00000000e+00
6.35000000e-04 5.89453517e-01 -5.41275764e-01 8.76994161e+00 0.00000000e+00
6.40000000e-04 5.89052851e-01 -5.36958552e-01 8.73838884e+00 0.00000000e+00
6.45000000e-04 5.88640170e-01 -5.32612633e-01 8.70660542e+00 0.00000000e+00
6.50000000e-04 5.88215506e-01 -5.28238396e-01 8.67459208e+00 0.00000000e+00
6.55000000e-04 5.87778890e-01 -5.23836232e-01 8.64234953e+00 0.00000000e+00
6.60000000e-04 5.87330348e-01 -5.19406539e-01 8.60987849e+00 0.00000000e+00
6.65000000e-04 5.86869908e-01 -5.14949718e-01 8.57717971e+00 0.00000000e+00
6.70000000e-04 5.86397591e-01 -5.10466171e-01 8.54425391e+00 0.00000000e+00
6.75000000e-04 5.85913419e-01 -5.05956304e-01 8.51110185e+00 0.00000000e+00
6.80000000e-04 5.85417409e-01 -5.01420528e-01 8.47772428e+00 0.00000000e+00
6.85000000e-04 5.84909577e-01 -4.96859252e-01 8.44412195e+00 0.00000000e+00
6.90000000e-04 5.84389937e-01 -4.92272890e-01 8.41029561e+00 0.00000000e+00
6.95000000e-04 5.83858500e-01 -4.87661855e-01 8.37624604e+00 0.00000000e+00
7.00000000e-04 5.83315273e-01 -4.83026565e-01 8.34197401e+00 0.00000000e+00
7.05000000e-04 5.82760264e-01 -4.78367435e-01 8.30748028e+00 0.00000000e+00
7.10000000e-04 5.82193476e-01 -4.73684882e-01 8.27276565e+00 0.00000000e+00
7.15000000e-04 5.81614910e-01 -4.68979325e-01 8.23783088e+00 0.00000000e+00
7.20000000e-04 5.81024565e-01 -4.64251181e-01 8.20267678e+00 0.00000000e+00
7.25000000e-04 5.80422439e-01 -4.59500867e-01 8.16730412e+00 0.00000000e+00
7.30000000e-04 5.79808526e-01 -4.54728800e-01 8.13171372e+00 0.00000000e+00
7.35000000e-04 5.79182816e-01 -4.49935398e-01 8.09590636e+00 0.00000000e+00
7.40000000e-04 5.78545301e-01 -4.45121075e-01 8.05988286e+00 0.00000000e+00
7.45000000e-04 5.77895967e-01 -4.40286247e-01 8.02364402e+00 0.00000000e+00
7.50000000e-04 5.77234799e-01 -4.35431326e-01 7.98719066e+00 0.00000000e+00
7.55000000e-04 5.76561780e-01 -4.30556724e-01 7.95052358e+00 0.00000000e+00
7.60000000e-04 5.75876890e-01 -4.25662852e-01 7.91364362e+00 0.00000000e+00
7.65000000e-04 5.75180107e-01 -4.20750119e-01 7.87655159e+00 0.00000000e+00
7.70000000e-04 5.74471407e-01 -4.15818930e-01 7.83924832e+00 0.00000000e+00
7.75000000e-04 5.73750762e-01 -4.10869690e-01 7.80173464e+00 0.00000000e+00
7.80000000e-04 5.73018144e-01 -4.05902802e-01 7.76401140e+00 0.00000000e+00
7.85000000e-04 5.72273523e-01 -4.00918666e-01 7.72607942e+00 0.00000000e+00
7.90000000e-04 5.71516864e-01 -3.95917680e-01 7.68793955e+00 0.00000000e+00
7.95000000e-04 5.70748131e-01 -3.90900238e-01 7.64959263e+00 0.00000000e+00
8.00000000e-04 5.69967287e-01 -3.85866735e-01 7.61103952e+00 0.00000000e+00
8.05000000e-04 5.69174292e-01 -3.80817559e-01 7.57228107e+00 0.00000000e+00
8.10000000e-04 5.68369104e-01 -3.75753099e-01 7.53331813e+00 0.00000000e+00
8.15000000e-04 5.67551677e-01 -3.70673739e-01 7.49415157e+00 0.00000000e+00
8.20000000e-04 5.66721966e-01 -3.65579862e-01 7.45478225e+00 0.00000000e+00
8.25000000e-04 5.65879922e-01 -3.60471846e-01 7.41521104e+00 0.00000000e+00
8.30000000e-04 5.65025493e-01 -3.55350069e-01 7.37543881e+00 0.00000000e+00
8.35000000e-04 5.64158628e-01 -3.50214904e-01 7.33546644e+00 0.00000000e+00
8.40000000e-04 5.63279271e-01 -3.45066722e-01 7.29529481e+00 0.00000000e+00
8.45000000e-04 5.62387365e-01 -3.39905891e-01 7.25492480e+00 0.00000000e+00
8.50000000e-04 5.61482852e-01 -3.34732775e-01 7.21435731e+00 0.00000000e+00
8.55000000e-04 5.60565670e-01 -3.29547737e-01 7.17359322e+00 0.00000000e+00
8.60000000e-04 5.59635757e-01 -3.24351137e-01 7.13263344e+00 0.00000000e+00
8.65000000e-04 5.58693049e-01 -3.19143329e-01 7.09147887e+00 0.00000000e+00
8.70000000e-04 5.57737477e-01 -3.13924668e-01 7.05013040e+00 0.00000000e+00
8.75000000e-04 5.56768975e-01 -3.08695505e-01 7.00858896e+00 0.00000000e+00
8.80000000e-04 5.55787472e-01 -3.03456186e-01 6.96685545e+00 0.00000000e+00
8.85000000e-04 5.54792896e-01 -2.98207057e-01 6.92493081e+00 0.00000000e+00
8.90000000e-04 5.53785173e-01 -2.92948459e-01 6.88281594e+00 0.00000000e+00
8.95000000e-04 5.52764228e-01 -2.87680731e-01 6.84051179e+00 0.00000000e+00
9.00000000e-04 5.51729983e-01 -2.82404210e-01 6.79801928e+00 0.00000000e+00
9.05000000e-04 5.50682360e-01 -2.77119230e-01 6.75533936e+00 0.00000000e+00
9.10000000e-04 5.49621278e-01 -2.71826120e-01 6.71247297e+00 0.00000000e+00
9.15000000e-04 5.48546656e-01 -2.66525210e-01 6.66942106e+00 0.00000000e+00
9.20000000e-04 5.47458409e-01 -2.61216825e-01 6.62618459e+00 0.00000000e+00
9.25000000e-04 5.46356452e-01 -2.55901288e-01 6.58276451e+00 0.00000000e+00
9.30000000e-04 5.45240699e-01 -2.50578920e-01 6.53916179e+00 0.00000000e+00
9.35000000e-04 5.44111062e-01 -2.45250041e-01 6.49537740e+00 0.00000000e+00
9.40000000e-04 5.42967451e-01 -2.39914965e-01 6.45141232e+00 0.00000000e+00
9.45000000e-04 5.41809775e-01 -2.34574007e-01 6.40726752e+00 0.00000000e+00
9.50000000e-04 5.40637941e-01 -2.29227481e-01 6.36294400e+00 0.00000000e+00
9.55000000e-04 5.39451856e-01 -2.23875695e-01 6.31844274e+00 0.00000000e+00
9.60000000e-04 5.38251425e-01 -2.18518959e-01 6.27376475e+00 0.00000000e+00
9.65000000e-04 5.37036552e-01 -2.13157580e-01 6.22891102e+00 0.00000000e+00
9.70000000e-04 5.35807139e-01 -2.07791863e-01 6.18388257e+00 0.00000000e+00
9.75000000e-04 5.34563087e-01 -2.02422112e-01 6.13868040e+00 0.00000000e+00
9.80000000e-04 5.33304296e-01 -1.97048630e-01 6.09330554e+00 0.00000000e+00
9.85000000e-04 5.32030666e-01 -1.91671719e-01 6.04775902e+00 0.00000000e+00
9.90000000e-04 5.30742095e-01 -1.86291679e-01 6.00204186e+00 0.00000000e+00
9.95000000e-04 5.29438479e-01 -1.80908810e-01 5.95615509e+00 0.00000000e+00
1.00000000e-03 5.28119715e-01 -1.75523410e-01 5.91009977e+00 0.00000000e+00
1.00500000e-03 5.26785698e-01 -1.70135778e-01 5.86387694e+00 0.00000000e+00
1.01000000e-03 5.25436322e-01 -1.64746209e-01 5.81748764e+00 0.00000000e+00
1.01500000e-03 5.24071481e-01 -1.59355001e-01 5.77093294e+00 0.00000000e+00
1.02000000e-03 5.22691067e-01 -1.53962448e-01 5.72421391e+00 0.00000000e+00
1.02500000e-03 5.21294973e-01 -1.48568845e-01 5.67733160e+00 0.00000000e+00
1.03000000e-03 5.19883090e-01 -1.43174487e-01 5.63028710e+00 0.00000000e+00
1.03500000e-03 5.18455310e-01 -1.37779666e-01 5.58308149e+00 0.00000000e+00
1.04000000e-03 5.17011523e-01 -1.32384675e-01 5.53571585e+00 0.00000000e+00
1.04500000e-03 5.15551619e-01 -1.26989806e-01 5.48819127e+00 0.00000000e+00
1.05000000e-03 5.14075488e-01 -1.21595349e-01 5.44050885e+00 0.00000000e+00
1.05500000e-03 5.12583020e-01 -1.16201594e-01 5.39266970e+00 0.00000000e+00
1.06000000e-03 5.11074104e-01 -1.10808831e-01 5.34467491e+00 0.00000000e+00
1.06500000e-03 5.09548630e-01 -1.05417346e-01 5.29652561e+00 0.00000000e+00
1.07000000e-03 5.08006488e-01 -1.00027428e-01 5.24822291e+00 0.00000000e+00
1.07500000e-03 5.06447566e-01 -9.46393627e-02 5.19976794e+00 0.00000000e+00
1.08000000e-03 5.04871754e-01 -8.92534341e-02 5.15116183e+00 0.00000000e+00
1.08500000e-03 5.03278942e-01 -8.38699265e-02 5.10240572e+00 0.00000000e+00
1.09000000e-03 5.01669021e-01 -7.84891228e-02 5.05350074e+00 0.00000000e+00
1.09500000e-03 5.00041880e-01 -7.31113048e-02 5.00444804e+00 0.00000000e+00
1.10000000e-03 4.98397412e-01 -6.77367533e-02 4.95524878e+00 0.00000000e+00
1.10500000e-03 4.96735507e-01 -6.23657484e-02 4.90590410e+00 0.00000000e+00
1.11000000e-03 4.95056057e-01 -5.69985692e-02 4.85641519e+00 0.00000000e+00
1.11500000e-03 4.93358956e-01 -5.16354939e-02 4.80678320e+00 0.00000000e+00
1.12000000e-03 4.91644098e-01 -4.62768003e-02 4.75700931e+00 0.00000000e+00
1.12500000e-03 4.89911377e-01 -4.09227653e-02 4.70709469e+00 0.00000000e+00
1.13000000e-03 4.88160688e-01 -3.55736653e-02 4.65704054e+00 0.00000000e+00
1.13500000e-03 4.86391928e-01 -3.02297762e-02 4.60684803e+00 0.00000000e+00
1.14000000e-03 4.84604996e-01 -2.48913735e-02 4.55651838e+00 0.00000000e+00
1.14500000e-03 4.82799790e-01 -1.95587321e-02 4.50605277e+00 0.00000000e+00
1.15000000e-03 4.80976210e-01 -1.42321263e-02 4.45545241e+00 0.00000000e+00
1.15500000e-03 4.79134159e-01 -8.91183018e-03 4.40471851e+00 0.00000000e+00
1.16000000e-03 4.77273539e-01 -3.59811688e-03 4.35385229e+00 0.00000000e+00
1.16500000e-03 4.75394256e-01 1.70874103e-03 4.30285497e+00 0.00000000e+00
1.17000000e-03 4.73496215e-01 7.00847191e-03 4.25172777e+00 0.00000000e+00
1.17500000e-03 4.71579326e-01 1.23008052e-02 4.20047193e+00 0.00000000e+00
1.18000000e-03 4.69643498e-01 1.75854715e-02 4.14908868e+00 0.00000000e+00
1.18500000e-03 4.67688643e-01 2.28622030e-02 4.09757926e+00 0.00000000e+00
1.19000000e-03 4.65714675e-01 2.81307335e-02 4.04594492e+00 0.00000000e+00
1.19500000e-03 4.63721510e-01 3.33907989e-02 3.99418692e+00 0.00000000e+00
1.20000000e-03 4.61709066e-01 3.86421369e-02 3.94230650e+00 0.00000000e+00
1.20500000e-03 4.59677264e-01 4.38844878e-02 3.89030494e+00 0.00000000e+00
1.21000000e-03 4.57626025e-01 4.91175945e-02 3.83818349e+00 0.00000000e+00
1.21500000e-03 4.55555275e-01 5.43412021e-02 3.78594345e+00 0.00000000e+00
1.22000000e-03 4.53464940e-01 5.95550590e-02 3.73358608e+00 0.00000000e+00
1.22500000e-03 4.51354950e-01 6.47589158e-02 3.68111268e+00 0.00000000e+00
1.23000000e-03 4.49225237e-01 6.99525262e-02 3.62852452e+00 0.00000000e+00
1.23500000e-03 4.47075735e-01 7.51356466e-02 3.57582292e+00 0.00000000e+00
1.24000000e-03 4.44906381e-01 8.03080357e-02 3.52300918e+00 0.00000000e+00
1.24500000e-03 4.42717114e-01 8.54694549e-02 3.47008460e+00 0.00000000e+00
1.25000000e-03 4.40507877e-01 9.06196676e-02 3.41705050e+00 0.00000000e+00
1.25500000e-03 4.38278613e-01 9.57584393e-02 3.36390819e+00 0.00000000e+00
1.26000000e-03 4.36029271e-01 1.00885537e-01 3.31065902e+00 0.00000000e+00
1.26500000e-03 4.33759801e-01 1.06000731e-01 3.25730430e+00 0.00000000e+00
1.27000000e-03 4.31470154e-01 1.11103790e-01 3.20384538e+00 0.00000000e+00
1.27500000e-03 4.29160287e-01 1.16194486e-01 3.15028360e+00 0.00000000e+00
1.28000000e-03 4.26830158e-01 1.21272593e-01 3.09662030e+00 0.00000000e+00
1.28500000e-03 4.24479728e-01 1.26337883e-01 3.04285685e+00 0.00000000e+00
1.29000000e-03 4.22108961e-01 1.31390134e-01 2.98899461e+00 0.00000000e+00
1.29500000e-03 4.19717823e-01 1.36429120e-01 2.93503493e+00 0.00000000e+00
1.30000000e-03 4.17306285e-01 1.41454621e-01 2.88097919e+00 0.00000000e+00
1.30500000e-03 4.14874319e-01 1.46466416e-01 2.82682876e+00 0.00000000e+00
1.31000000e-03 4.12421900e-01 1.51464288e-01 2.77258504e+00 0.00000000e+00
1.31500000e-03 4.09949008e-01 1.56448021e-01 2.71824939e+00 0.00000000e+00
1.32000000e-03 4.07455623e-01 1.61417402e-01 2.66382322e+00 0.00000000e+00
1.32500000e-03 4.04941730e-01 1.66372222e-01 2.60930793e+00 0.00000000e+00
1.33000000e-03 4.02407316e-01 1.71312276e-01 2.55470491e+00 0.00000000e+00
1.33500000e-03 3.99852371e-01 1.76237360e-01 2.50001558e+00 0.00000000e+00
1.34000000e-03 3.97276890e-01 1.81147276e-01 2.44524135e+00 0.00000000e+00
1.34500000e-03 3.94680867e-01 1.86041832e-01 2.39038363e+00 0.00000000e+00
1.35000000e-03 3.92064302e-01 1.90920838e-01 2.33544386e+00 0.00000000e+00
1.35500000e-03 3.89427198e-01 1.95784108e-01 2.28042347e+00 0.00000000e+00
1.36000000e-03 3.86769559e-01 2.00631462e-01 2.22532388e+00 0.00000000e+00
1.36500000e-03 3.84091394e-01 2.05462723e-01 2.17014654e+00 0.00000000e+00
1.37000000e-03 3.81392714e-01 2.10277720e-01 2.11489291e+00 0.00000000e+00
1.37500000e-03 3.78673534e-01 2.15076283e-01 2.05956442e+00 0.00000000e+00
1.38000000e-03 3.75933870e-01 2.19858248e-01 2.00416254e+00 0.00000000e+00
1.38500000e-03 3.73173742e-01 2.24623451e-01 1.94868873e+00 0.00000000e+00
1.39000000e-03 3.70393175e-01 2.29371736e-01 1.89314446e+00 0.00000000e+00
1.39500000e-03 3.67592194e-01 2.34102943e-01 1.83753120e+00 0.00000000e+00
1.40000000e-03 3.64770828e-01 2.38816921e-01 1.78185043e+00 0.00000000e+00
1.40500000e-03 3.61929111e-01 2.43513517e-01 1.72610362e+00 0.00000000e+00
1.41000000e-03 3.59067078e-01 2.48192581e-01 1.67029227e+00 0.00000000e+00
1.41500000e-03 3.56184766e-01 2.52853966e-01 1.61441787e+00 0.00000000e+00
1.42000000e-03 3.53282219e-01 2.57497526e-01 1.55848191e+00 0.00000000e+00
1.42500000e-03 3.50359480e-01 2.62123118e-01 1.50248589e+00 0.00000000e+00
1.43000000e-03 3.47416598e-01 2.66730601e-01 1.44643132e+00 0.00000000e+00
1.43500000e-03 3.44453622e-01 2.71319836e-01 1.39031971e+00 0.00000000e+00
1.44000000e-03 3.41470608e-01 2.75890687e-01 1.33415257e+00 0.00000000e+00
1.44500000e-03 3.38467611e-01 2.80443021e-01 1.27793142e+00 0.00000000e+00
1.45000000e-03 3.35444691e-01 2.84976708e-01 1.22165778e+00 0.00000000e+00
1.45500000e-03 3.32401912e-01 2.89491621e-01 1.16533318e+00 0.00000000e+00
1.46000000e-03 3.29339340e-01 2.93987636e-01 1.10895916e+00 0.00000000e+00
1.46500000e-03 3.26257044e-01 2.98464632e-01 1.05253724e+00 0.00000000e+00
1.47000000e-03 3.23155097e-01 3.02922493e-01 9.96068972e-01 0.00000000e+00
1.47500000e-03 3.20033573e-01 3.07361104e-01 9.39555899e-01 0.00000000e+00
1.48000000e-03 3.16892552e-01 3.11780357e-01 8.82999573e-01 0.00000000e+00
1.48500000e-03 3.13732117e-01 3.16180144e-01 8.26401547e-01 0.00000000e+00
1.49000000e-03 3.10552351e-01 3.20560362e-01 7.69763382e-01 0.00000000e+00
1.49500000e-03 3.07353345e-01 3.24920911e-01 7.13086641e-01 0.00000000e+00
1.50000000e-03 3.04135190e-01 3.29261696e-01 6.56372891e-01 0.00000000e+00
1.50500000e-03 3.00897982e-01 3.33582623e-01 5.99623706e-01 0.00000000e+00
1.51000000e-03 2.97641820e-01 3.37883603e-01 5.42840662e-01 0.00000000e+00
1.51500000e-03 2.94366807e-01 3.42164549e-01 4.86025339e-01 0.00000000e+00
1.52000000e-03 2.91073048e-01 3.46425378e-01 4.29179322e-01 0.00000000e+00
1.52500000e-03 2.87760654e-01 3.50666012e-01 3.72304201e-01 0.00000000e+00
1.53000000e-03 2.84429737e-01 3.54886373e-01 3.15401568e-01 0.00000000e+00
1.53500000e-03 2.81080414e-01 3.59086390e-01 2.58473022e-01 0.00000000e+00
1.54000000e-03 2.77712805e-01 3.63265992e-01 2.01520162e-01 0.00000000e+00
1.54500000e-03 2.74327034e-01 3.67425115e-01 1.44544595e-01 0.00000000e+00
1.55000000e-03 2.70923226e-01 3.71563696e-01 8.75479299e-02 0.00000000e+00
1.55500000e-03 2.67501512e-01 3.75681675e-01 3.05317799e-02 0.00000000e+00
1.56000000e-03 2.64062026e-01 3.79778997e-01 -2.65022377e-02 0.00000000e+00
1.56500000e-03 2.60604904e-01 3.83855609e-01 -8.35525019e-02 0.00000000e+00
1.57000000e-03 2.57130285e-01 3.87911460e-01 -1.40617388e-01 0.00000000e+00
1.57500000e-03 2.53638314e-01 3.91946504e-01 -1.97695267e-01 0.00000000e+00
1.58000000e-03 2.50129135e-01 3.95960694e-01 -2.54784508e-01 0.00000000e+00
1.58500000e-03 2.46602899e-01 3.99953989e-01 -3.11883476e-01 0.00000000e+00
1.59000000e-03 2.43059757e-01 4.03926347e-01 -3.68990530e-01 0.00000000e+00
1.59500000e-03 2.39499865e-01 4.07877730e-01 -4.26104030e-01 0.00000000e+00
1.60000000e-03 2.35923383e-01 4.11808099e-01 -4.83222331e-01 0.00000000e+00
1.60500000e-03 2.32330470e-01 4.15717418e-01 -5.40343784e-01 0.00000000e+00
1.61000000e-03 2.28721293e-01 4.19605654e-01 -5.97466738e-01 0.00000000e+00
1.61500000e-03 2.25096019e-01 4.23472774e-01 -6.54589539e-01 0.00000000e+00
1.62000000e-03 2.21454818e-01 4.27318746e-01 -7.11710530e-01 0.00000000e+00
1.62500000e-03 2.17797866e-01 4.31143540e-01 -7.68828051e-01 0.00000000e+00
1.63000000e-03 2.14125339e-01 4.34947129e-01 -8.25940437e-01 0.00000000e+00
1.63500000e-03 2.10437417e-01 4.38729486e-01 -8.83046024e-01 0.00000000e+00
1.64000000e-03 2.06734284e-01 4.42490589e-01 -9.40143142e-01 0.00000000e+00
1.64500000e-03 2.03016125e-01 4.46230417e-01 -9.97230119e-01 0.00000000e+00
1.65000000e-03 1.99283131e-01 4.49948951e-01 -1.05430528e+00 0.00000000e+00
1.65500000e-03 1.95535493e-01 4.53646176e-01 -1.11136694e+00 0.00000000e+00
1.66000000e-03 1.91773408e-01 4.57322081e-01 -1.16841343e+00 0.00000000e+00
1.66500000e-03 1.87997072e-01 4.60976657e-01 -1.22544306e+00 0.00000000e+00
1.67000000e-03 1.84206688e-01 4.64609898e-01 -1.28245413e+00 0.00000000e+00
1.67500000e-03 1.80402461e-01 4.68221804e-01 -1.33944497e+00 0.00000000e+00
1.68000000e-03 1.76584596e-01 4.71812378e-01 -1.39641387e+00 0.00000000e+00
1.68500000e-03 1.72753305e-01 4.75381623e-01 -1.45335915e+00 0.00000000e+00
1.69000000e-03 1.68908801e-01 4.78929551e-01 -1.51027910e+00 0.00000000e+00
1.69500000e-03 1.65051299e-01 4.82456172e-01 -1.56717202e+00 0.00000000e+00
1.70000000e-03 1.61181018e-01 4.85961504e-01 -1.62403622e+00 0.00000000e+00
1.70500000e-03 1.57298180e-01 4.89445563e-01 -1.68086997e+00 0.00000000e+00
1.71000000e-03 1.53403009e-01 4.92908371e-01 -1.73767159e+00 0.00000000e+00
1.71500000e-03 1.49495732e-01 4.96349952e-01 -1.79443936e+00 0.00000000e+00
1.72000000e-03 1.45576579e-01 4.99770330e-01 -1.85117156e+00 0.00000000e+00
1.72500000e-03 1.41645783e-01 5.03169532e-01 -1.90786649e+00 0.00000000e+00
1.73000000e-03 1.37703577e-01 5.06547588e-01 -1.96452243e+00 0.00000000e+00
1.73500000e-03 1.33750200e-01 5.09904527e-01 -2.02113768e+00 0.00000000e+00
1.74000000e-03 1.29785893e-01 5.13240381e-01 -2.07771050e+00 0.00000000e+00
1.74500000e-03 1.25810896e-01 5.16555182e-01 -2.13423918e+00 0.00000000e+00
1.75000000e-03 1.21825455e-01 5.19848964e-01 -2.19072201e+00 0.00000000e+00
1.75500000e-03 1.17829818e-01 5.23121760e-01 -2.24715727e+00 0.00000000e+00
1.76000000e-03 1.13824233e-01 5.26373606e-01 -2.30354322e+00 0.00000000e+00
1.76500000e-03 1.09808953e-01 5.29604539e-01 -2.35987815e+00 0.00000000e+00
1.77000000e-03 1.05784231e-01 5.32814596e-01 -2.41616034e+00 0.00000000e+00
1.77500000e-03 1.01750323e-01 5.36003816e-01 -2.47238805e+00 0.00000000e+00
1.78000000e-03 9.77074873e-02 5.39172238e-01 -2.52855956e+00 0.00000000e+00
1.78500000e-03 9.36559842e-02 5.42319904e-01 -2.58467316e+00 0.00000000e+00
1.79000000e-03 8.95960757e-02 5.45446858e-01 -2.64072709e+00 0.00000000e+00
1.79500000e-03 8.55280258e-02 5.48553142e-01 -2.69671965e+00 0.00000000e+00
1.80000000e-03 8.14521004e-02 5.51638805e-01 -2.75264909e+00 0.00000000e+00
1.80500000e-03 7.73685673e-02 5.54703894e-01 -2.80851369e+00 0.00000000e+00
1.81000000e-03 7.32776960e-02 5.57748459e-01 -2.86431171e+00 0.00000000e+00
1.81500000e-03 6.91797579e-02 5.60772554e-01 -2.92004143e+00 0.00000000e+00
1.82000000e-03 6.50750259e-02 5.63776232e-01 -2.97570111e+00 0.00000000e+00
1.82500000e-03 6.09637745e-02 5.66759550e-01 -3.03128902e+00 0.00000000e+00
1.83000000e-03 5.68462800e-02 5.69722568e-01 -3.08680343e+00 0.00000000e+00
1.83500000e-03 5.27228198e-02 5.72665345e-01 -3.14224260e+00 0.00000000e+00
1.84000000e-03 4.85936732e-02 5.75587944e-01 -3.19760479e+00 0.00000000e+00
1.84500000e-03 4.44591205e-02 5.78490432e-01 -3.25288828e+00 0.00000000e+00
1.85000000e-03 4.03194434e-02 5.81372873e-01 -3.30809133e+00 0.00000000e+00
1.85500000e-03 3.61749249e-02 5.84235338e-01 -3.36321221e+00 0.00000000e+00
1.86000000e-03 3.20258490e-02 5.87077896e-01 -3.41824917e+00 0.00000000e+00
1.86500000e-03 2.78725009e-02 5.89900620e-01 -3.47320050e+00 0.00000000e+00
1.87000000e-03 2.37151667e-02 5.92703583e-01 -3.52806445e+00 0.00000000e+00
1.87500000e-03 1.95541336e-02 5.95486859e-01 -3.58283930e+00 0.00000000e+00
1.88000000e-03 1.53896894e-02 5.98250525e-01 -3.63752330e+00 0.00000000e+00
1.88500000e-03 1.12221229e-02 6.00994658e-01 -3.69211473e+00 0.00000000e+00
1.89000000e-03 7.05172340e-03 6.03719336e-01 -3.74661186e+00 0.00000000e+00
1.89500000e-03 2.87878094e-03 6.06424639e-01 -3.80101295e+00 0.00000000e+00
1.90000000e-03 -1.29641394e-03 6.09110647e-01 -3.85531628e+00 0.00000000e+00
1.90500000e-03 -5.47357021e-03 6.11777441e-01 -3.90952013e+00 0.00000000e+00
1.91000000e-03 -9.65239646e-03 6.14425101e-01 -3.96362275e+00 0.00000000e+00
1.91500000e-03 -1.38326010e-02 6.17053712e-01 -4.01762243e+00 0.00000000e+00
1.92000000e-03 -1.80138918e-02 6.19663354e-01 -4.07151745e+00 0.00000000e+00
1.92500000e-03 -2.21959769e-02 6.22254112e-01 -4.12530608e+00 0.00000000e+00
1.93000000e-03 -2.63785641e-02 6.24826069e-01 -4.17898660e+00 0.00000000e+00
1.93500000e-03 -3.05613611e-02 6.27379310e-01 -4.23255730e+00 0.00000000e+00
1.94000000e-03 -3.47440759e-02 6.29913918e-01 -4.28601645e+00 0.00000000e+00
1.94500000e-03 -3.89264165e-02 6.32429978e-01 -4.33936234e+00 0.00000000e+00
1.95000000e-03 -4.31080914e-02 6.34927576e-01 -4.39259326e+00 0.00000000e+00
1.95500000e-03 -4.72888091e-02 6.37406796e-01 -4.44570750e+00 0.00000000e+00
1.96000000e-03 -5.14682787e-02 6.39867725e-01 -4.49870335e+00 0.00000000e+00
1.96500000e-03 -5.56462098e-02 6.42310448e-01 -4.55157911e+00 0.00000000e+00
1.97000000e-03 -5.98223124e-02 6.44735050e-01 -4.60433306e+00 0.00000000e+00
1.97500000e-03 -6.39962973e-02 6.47141619e-01 -4.65696351e+00 0.00000000e+00
1.98000000e-03 -6.81678760e-02 6.49530240e-01 -4.70946877e+00 0.00000000e+00
1.98500000e-03 -7.23367609e-02 6.51901001e-01 -4.76184712e+00 0.00000000e+00
1.99000000e-03 -7.65026652e-02 6.54253989e-01 -4.81409688e+00 0.00000000e+00
1.99500000e-03 -8.06653029e-02 6.56589291e-01 -4.86621636e+00 0.00000000e+00
2.00000000e-03 -8.48243894e-02 6.58906993e-01 -4.91820387e+00 0.00000000e+00
2.00500000e-03 -8.89796411e-02 6.61207186e-01 -4.97005772e+00 0.00000000e+00
2.01000000e-03 -9.31307755e-02 6.63489955e-01 -5.02177622e+00 0.00000000e+00
2.01500000e-03 -9.72775115e-02 6.65755391e-01 -5.07335771e+00 0.00000000e+00
2.02000000e-03 -1.01419569e-01 6.68003581e-01 -5.12480051e+00 0.00000000e+00
2.02500000e-03 -1.05556671e-01 6.70234615e-01 -5.17610293e+00 0.00000000e+00
2.03000000e-03 -1.09688539e-01 6.72448581e-01 -5.22726331e+00 0.00000000e+00
2.03500000e-03 -1.13814899e-01 6.74645568e-01 -5.27827999e+00 0.00000000e+00
2.04000000e-03 -1.17935477e-01 6.76825666e-01 -5.32915129e+00 0.00000000e+00
2.04500000e-03 -1.22050002e-01 6.78988964e-01 -5.37987557e+00 0.00000000e+00
2.05000000e-03 -1.26158203e-01 6.81135552e-01 -5.43045116e+00 0.00000000e+00
2.05500000e-03 -1.30259813e-01 6.83265517e-01 -5.48087642e+00 0.00000000e+00
2.06000000e-03 -1.34354565e-01 6.85378950e-01 -5.53114969e+00 0.00000000e+00
2.06500000e-03 -1.38442196e-01 6.87475939e-01 -5.58126934e+00 0.00000000e+00
2.07000000e-03 -1.42522444e-01 6.89556572e-01 -5.63123372e+00 0.00000000e+00
2.07500000e-03 -1.46595049e-01 6.91620936e-01 -5.68104120e+00 0.00000000e+00
2.08000000e-03 -1.50659753e-01 6.93669120e-01 -5.73069014e+00 0.00000000e+00
2.08500000e-03 -1.54716303e-01 6.95701209e-01 -5.78017893e+00 0.00000000e+00
2.09000000e-03 -1.58764444e-01 6.97717290e-01 -5.82950593e+00 0.00000000e+00
2.09500000e-03 -1.62803926e-01 6.99717448e-01 -5.87866953e+00 0.00000000e+00
2.10000000e-03 -1.66834502e-01 7.01701767e-01 -5.92766812e+00 0.00000000e+00
2.10500000e-03 -1.70855927e-01 7.03670331e-01 -5.97650010e+00 0.00000000e+00
2.11000000e-03 -1.74867957e-01 7.05623223e-01 -6.02516385e+00 0.00000000e+00
2.11500000e-03 -1.78870352e-01 7.07560524e-01 -6.07365778e+00 0.00000000e+00
2.12000000e-03 -1.82862876e-01 7.09482315e-01 -6.12198029e+00 0.00000000e+00
2.12500000e-03 -1.86845293e-01 7.11388676e-01 -6.17012981e+00 0.00000000e+00
2.13000000e-03 -1.90817371e-01 7.13279686e-01 -6.21810473e+00 0.00000000e+00
2.13500000e-03 -1.94778882e-01 7.15155422e-01 -6.26590350e+00 0.00000000e+00
2.14000000e-03 -1.98729599e-01 7.17015960e-01 -6.31352454e+00 0.00000000e+00
2.14500000e-03 -2.02669298e-01 7.18861378e-01 -6.36096627e+00 0.00000000e+00
2.15000000e-03 -2.06597760e-01 7.20691749e-01 -6.40822714e+00 0.00000000e+00
2.15500000e-03 -2.10514767e-01 7.22507146e-01 -6.45530560e+00 0.00000000e+00
2.16000000e-03 -2.14420104e-01 7.24307642e-01 -6.50220009e+00 0.00000000e+00
2.16500000e-03 -2.18313559e-01 7.26093309e-01 -6.54890906e+00 0.00000000e+00
2.17000000e-03 -2.22194925e-01 7.27864217e-01 -6.59543099e+00 0.00000000e+00
2.17500000e-03 -2.26063996e-01 7.29620435e-01 -6.64176434e+00 0.00000000e+00
2.18000000e-03 -2.29920569e-01 7.31362031e-01 -6.68790758e+00 0.00000000e+00
2.18500000e-03 -2.33764446e-01 7.33089073e-01 -6.73385919e+00 0.00000000e+00
2.19000000e-03 -2.37595429e-01 7.34801626e-01 -6.77961766e+00 0.00000000e+00
2.19500000e-03 -2.41413326e-01 7.36499756e-01 -6.82518148e+00 0.00000000e+00
2.20000000e-03 -2.45217947e-01 7.38183527e-01 -6.87054915e+00 0.00000000e+00
2.20500000e-03 -2.49009105e-01 7.39853000e-01 -6.91571916e+00 0.00000000e+00
2.21000000e-03 -2.52786616e-01 7.41508239e-01 -6.96069004e+00 0.00000000e+00
2.21500000e-03 -2.56550299e-01 7.43149303e-01 -7.00546030e+00 0.00000000e+00
2.22000000e-03 -2.60299977e-01 7.44776251e-01 -7.05002846e+00 0.00000000e+00
2.22500000e-03 -2.64035475e-01 7.46389144e-01 -7.09439305e+00 0.00000000e+00
2.23000000e-03 -2.67756622e-01 7.47988036e-01 -7.13855261e+00 0.00000000e+00
2.23500000e-03 -2.71463250e-01 7.49572985e-01 -7.18250567e+00 0.00000000e+00
2.24000000e-03 -2.75155193e-01 7.51144045e-01 -7.22625080e+00 0.00000000e+00
2.24500000e-03 -2.78832289e-01 7.52701269e-01 -7.26978654e+00 0.00000000e+00
2.25000000e-03 -2.82494378e-01 7.54244710e-01 -7.31311145e+00 0.00000000e+00
2.25500000e-03 -2.86141305e-01 7.55774420e-01 -7.35622411e+00 0.00000000e+00
2.26000000e-03 -2.89772917e-01 7.57290447e-01 -7.39912310e+00 0.00000000e+00
2.26500000e-03 -2.93389062e-01 7.58792840e-01 -7.44180698e+00 0.00000000e+00
2.27000000e-03 -2.96989595e-01 7.60281648e-01 -7.48427436e+00 0.00000000e+00
2.27500000e-03 -3.00574369e-01 7.61756915e-01 -7.52652383e+00 0.00000000e+00
2.28000000e-03 -3.04143245e-01 7.63218686e-01 -7.56855399e+00 0.00000000e+00
2.28500000e-03 -3.07696083e-01 7.64667006e-01 -7.61036345e+00 0.00000000e+00
2.29000000e-03 -3.11232747e-01 7.66101916e-01 -7.65195083e+00 0.00000000e+00
2.29500000e-03 -3.14753105e-01 7.67523456e-01 -7.69331475e+00 0.00000000e+00
2.30000000e-03 -3.18257026e-01 7.68931667e-01 -7.73445385e+00 0.00000000e+00
2.30500000e-03 -3.21744383e-01 7.70326586e-01 -7.77536677e+00 0.00000000e+00
2.31000000e-03 -3.25215051e-01 7.71708250e-01 -7.81605214e+00 0.00000000e+00
2.31500000e-03 -3.28668908e-01 7.73076694e-01 -7.85650862e+00 0.00000000e+00
2.32000000e-03 -3.32105835e-01 7.74431952e-01 -7.89673488e+00 0.00000000e+00
2.32500000e-03 -3.35525715e-01 7.75774057e-01 -7.93672957e+00 0.00000000e+00
2.33000000e-03 -3.38928434e-01 7.77103038e-01 -7.97649138e+00 0.00000000e+00
2.33500000e-03 -3.42313881e-01 7.78418927e-01 -8.01601898e+00 0.00000000e+00
2.34000000e-03 -3.45681946e-01 7.79721750e-01 -8.05531107e+00 0.00000000e+00
2.34500000e-03 -3.49032525e-01 7.81011534e-01 -8.09436634e+00 0.00000000e+00
2.35000000e-03 -3.52365512e-01 7.82288304e-01 -8.13318350e+00 0.00000000e+00
2.35500000e-03 -3.55680806e-01 7.83552084e-01 -8.17176125e+00 0.00000000e+00
2.36000000e-03 -3.58978309e-01 7.84802894e-01 -8.21009832e+00 0.00000000e+00
2.36500000e-03 -3.62257925e-01 7.86040756e-01 -8.24819344e+00 0.00000000e+00
2.37000000e-03 -3.65519559e-01 7.87265687e-01 -8.28604534e+00 0.00000000e+00
2.37500000e-03 -3.68763121e-01 7.88477704e-01 -8.32365275e+00 0.00000000e+00
2.38000000e-03 -3.71988521e-01 7.89676823e-01 -8.36101444e+00 0.00000000e+00
2.38500000e-03 -3.75195673e-01 7.90863057e-01 -8.39812916e+00 0.00000000e+00
2.39000000e-03 -3.78384493e-01 7.92036417e-01 -8.43499567e+00 0.00000000e+00
2.39500000e-03 -3.81554898e-01 7.93196915e-01 -8.47161275e+00 0.00000000e+00
2.40000000e-03 -3.84706810e-01 7.94344558e-01 -8.50797918e+00 0.00000000e+00
2.40500000e-03 -3.87840152e-01 7.95479352e-01 -8.54409374e+00 0.00000000e+00
2.41000000e-03 -3.90954849e-01 7.96601303e-01 -8.57995524e+00 0.00000000e+00
2.41500000e-03 -3.94050829e-01 7.97710414e-01 -8.61556249e+00 0.00000000e+00
2.42000000e-03 -3.97128021e-01 7.98806685e-01 -8.65091428e+00 0.00000000e+00
2.42500000e-03 -4.00186358e-01 7.99890117e-01 -8.68600945e+00 0.00000000e+00
2.43000000e-03 -4.03225776e-01 8.00960707e-01 -8.72084682e+00 0.00000000e+00
2.43500000e-03 -4.06246211e-01 8.02018450e-01 -8.75542524e+00 0.00000000e+00
2.44000000e-03 -4.09247602e-01 8.03063342e-01 -8.78974354e+00 0.00000000e+00
2.44500000e-03 -4.12229892e-01 8.04095373e-01 -8.82380058e+00 0.00000000e+00
2.45000000e-03 -4.15193023e-01 8.05114536e-01 -8.85759522e+00 0.00000000e+00
2.45500000e-03 -4.18136944e-01 8.06120817e-01 -8.89112634e+00 0.00000000e+00
2.46000000e-03 -4.21061602e-01 8.07114205e-01 -8.92439280e+00 0.00000000e+00
2.46500000e-03 -4.23966948e-01 8.08094683e-01 -8.95739351e+00 0.00000000e+00
2.47000000e-03 -4.26852935e-01 8.09062236e-01 -8.99012735e+00 0.00000000e+00
2.47500000e-03 -4.29719520e-01 8.10016844e-01 -9.02259322e+00 0.00000000e+00
2.48000000e-03 -4.32566659e-01 8.10958487e-01 -9.05479005e+00 0.00000000e+00
2.48500000e-03 -4.35394313e-01 8.11887143e-01 -9.08671675e+00 0.00000000e+00
2.49000000e-03 -4.38202444e-01 8.12802788e-01 -9.11837225e+00 0.00000000e+00
2.49500000e-03 -4.40991016e-01 8.13705397e-01 -9.14975549e+00 0.00000000e+00
2.50000000e-03 -4.43759996e-01 8.14594941e-01 -9.18086542e+00 0.00000000e+00
2.50500000e-03 -4.46509353e-01 8.15471391e-01 -9.21170098e+00 0.00000000e+00
2.51000000e-03 -4.49239058e-01 8.16334717e-01 -9.24226116e+00 0.00000000e+00
2.51500000e-03 -4.51949083e-01 8.17184885e-01 -9.27254492e+00 0.00000000e+00
2.52000000e-03 -4.54639405e-01 8.18021861e-01 -9.30255123e+00 0.00000000e+00
2.52500000e-03 -4.57309999e-01 8.18845609e-01 -9.33227910e+00 0.00000000e+00
2.53000000e-03 -4.59960846e-01 8.19656090e-01 -9.36172753e+00 0.00000000e+00
2.53500000e-03 -4.62591927e-01 8.20453266e-01 -9.39089551e+00 0.00000000e+00
2.54000000e-03 -4.65203224e-01 8.21237095e-01 -9.41978208e+00 0.00000000e+00
2.54500000e-03 -4.67794723e-01 8.22007534e-01 -9.44838625e+00 0.00000000e+00
2.55000000e-03 -4.70366410e-01 8.22764539e-01 -9.47670706e+00 0.00000000e+00
2.55500000e-03 -4.72918274e-01 8.23508064e-01 -9.50474356e+00 0.00000000e+00
2.56000000e-03 -4.75450306e-01 8.24238060e-01 -9.53249480e+00 0.00000000e+00
2.56500000e-03 -4.77962497e-01 8.24954478e-01 -9.55995984e+00 0.00000000e+00
2.57000000e-03 -4.80454841e-01 8.25657268e-01 -9.58713777e+00 0.00000000e+00
2.57500000e-03 -4.82927333e-01 8.26346377e-01 -9.61402765e+00 0.00000000e+00
2.58000000e-03 -4.85379971e-01 8.27021752e-01 -9.64062858e+00 0.00000000e+00
2.58500000e-03 -4.87812751e-01 8.27683337e-01 -9.66693966e+00 0.00000000e+00
2.59000000e-03 -4.90225673e-01 8.28331075e-01 -9.69296000e+00 0.00000000e+00
2.59500000e-03 -4.92618738e-01 8.28964909e-01 -9.71868872e+00 0.00000000e+00
2.60000000e-03 -4.94991948e-01 8.29584778e-01 -9.74412495e+00 0.00000000e+00
2.60500000e-03 -4.97345305e-01 8.30190622e-01 -9.76926782e+00 0.00000000e+00
2.61000000e-03 -4.99678814e-01 8.30782378e-01 -9.79411650e+00 0.00000000e+00
2.61500000e-03 -5.01992480e-01 8.31359983e-01 -9.81867012e+00 0.00000000e+00
2.62000000e-03 -5.04286308e-01 8.31923372e-01 -9.84292787e+00 0.00000000e+00
2.62500000e-03 -5.06560305e-01 8.32472480e-01 -9.86688891e+00 0.00000000e+00
2.63000000e-03 -5.08814479e-01 8.33007238e-01 -9.89055244e+00 0.00000000e+00
2.63500000e-03 -5.11048837e-01 8.33527578e-01 -9.91391765e+00 0.00000000e+00
2.64000000e-03 -5.13263390e-01 8.34033430e-01 -9.93698376e+00 0.00000000e+00
2.64500000e-03 -5.15458146e-01 8.34524725e-01 -9.95974997e+00 0.00000000e+00
2.65000000e-03 -5.17633116e-01 8.35001389e-01 -9.98221551e+00 0.00000000e+00
2.65500000e-03 -5.19788311e-01 8.35463350e-01 -1.00043796e+01 0.00000000e+00
2.66000000e-03 -5.21923741e-01 8.35910534e-01 -1.00262416e+01 0.00000000e+00
2.66500000e-03 -5.24039418e-01 8.36342865e-01 -1.00478006e+01 0.00000000e+00
2.67000000e-03 -5.26135356e-01 8.36760267e-01 -1.00690560e+01 0.00000000e+00
2.67500000e-03 -5.28211566e-01 8.37162663e-01 -1.00900070e+01 0.00000000e+00
2.68000000e-03 -5.30268062e-01 8.37549975e-01 -1.01106529e+01 0.00000000e+00
2.68500000e-03 -5.32304859e-01 8.37922121e-01 -1.01309930e+01 0.00000000e+00
2.69000000e-03 -5.34321970e-01 8.38279023e-01 -1.01510267e+01 0.00000000e+00
2.69500000e-03 -5.36319412e-01 8.38620597e-01 -1.01707533e+01 0.00000000e+00
2.70000000e-03 -5.38297200e-01 8.38946762e-01 -1.01901720e+01 0.00000000e+00
2.70500000e-03 -5.40255352e-01 8.39257432e-01 -1.02092823e+01 0.00000000e+00
2.71000000e-03 -5.42193884e-01 8.39552521e-01 -1.02280835e+01 0.00000000e+00
2.71500000e-03 -5.44112817e-01 8.39831944e-01 -1.02465749e+01 0.00000000e+00
2.72000000e-03 -5.46012169e-01 8.40095611e-01 -1.02647560e+01 0.00000000e+00
2.72500000e-03 -5.47891963e-01 8.40343432e-01 -1.02826262e+01 0.00000000e+00
2.73000000e-03 -5.49752220e-01 8.40575316e-01 -1.03001848e+01 0.00000000e+00
2.73500000e-03 -5.51592966e-01 8.40791170e-01 -1.03174313e+01 0.00000000e+00
2.74000000e-03 -5.53414226e-01 8.40990898e-01 -1.03343651e+01 0.00000000e+00
2.74500000e-03 -5.55216028e-01 8.41174404e-01 -1.03509857e+01 0.00000000e+00
2.75000000e-03 -5.56998402e-01 8.41341588e-01 -1.03672925e+01 0.00000000e+00
2.75500000e-03 -5.58761381e-01 8.41492349e-01 -1.03832851e+01 0.00000000e+00
2.76000000e-03 -5.60505000e-01 8.41626583e-01 -1.03989628e+01 0.00000000e+00
2.76500000e-03 -5.62229296e-01 8.41744184e-01 -1.04143252e+01 0.00000000e+00
2.77000000e-03 -5.63934310e-01 8.41845044e-01 -1.04293718e+01 0.00000000e+00
2.77500000e-03 -5.65620086e-01 8.41929050e-01 -1.04441022e+01 0.00000000e+00
2.78000000e-03 -5.67286671e-01 8.41996088e-01 -1.04585159e+01 0.00000000e+00
2.78500000e-03 -5.68934117e-01 8.42046039e-01 -1.04726124e+01 0.00000000e+00
2.79000000e-03 -5.70562478e-01 8.42078783e-01 -1.04863914e+01 0.00000000e+00
2.79500000e-03 -5.72171815e-01 8.42094195e-01 -1.04998525e+01 0.00000000e+00
2.80000000e-03 -5.73762190e-01 8.42092146e-01 -1.05129953e+01 0.00000000e+00
2.80500000e-03 -5.75333673e-01 8.42072504e-01 -1.05258193e+01 0.00000000e+00
2.81000000e-03 -5.76886338e-01 8.42035133e-01 -1.05383243e+01 0.00000000e+00
2.81500000e-03 -5.78420263e-01 8.41979890e-01 -1.05505100e+01 0.00000000e+00
2.82000000e-03 -5.79935534e-01 8.41906633e-01 -1.05623760e+01 0.00000000e+00
2.82500000e-03 -5.81432241e-01 8.41815210e-01 -1.05739221e+01 0.00000000e+00
2.83000000e-03 -5.82910481e-01 8.41705467e-01 -1.05851479e+01 0.00000000e+00
2.83500000e-03 -5.84370358e-01 8.41577246e-01 -1.05960533e+01 0.00000000e+00
2.84000000e-03 -5.85811981e-01 8.41430380e-01 -1.06066380e+01 0.00000000e+00
2.84500000e-03 -5.87235469e-01 8.41264702e-01 -1.06169018e+01 0.00000000e+00
2.85000000e-03 -5.88640945e-01 8.41080036e-01 -1.06268446e+01 0.00000000e+00
2.85500000e-03 -5.90028543e-01 8.40876202e-01 -1.06364661e+01 0.00000000e+00
2.86000000e-03 -5.91398402e-01 8.40653014e-01 -1.06457662e+01 0.00000000e+00
2.86500000e-03 -5.92750671e-01 8.40410279e-01 -1.06547449e+01 0.00000000e+00
2.87000000e-03 -5.94085507e-01 8.40147801e-01 -1.06634019e+01 0.00000000e+00
2.87500000e-03 -5.95403075e-01 8.39865376e-01 -1.06717374e+01 0.00000000e+00
2.88000000e-03 -5.96703552e-01 8.39562794e-01 -1.06797511e+01 0.00000000e+00
2.88500000e-03 -5.97987121e-01 8.39239839e-01 -1.06874432e+01 0.00000000e+00
2.89000000e-03 -5.99253976e-01 8.38896288e-01 -1.06948135e+01 0.00000000e+00
2.89500000e-03 -6.00504322e-01 8.38531914e-01 -1.07018622e+01 0.00000000e+00
2.90000000e-03 -6.01738374e-01 8.38146480e-01 -1.07085893e+01 0.00000000e+00
2.90500000e-03 -6.02956356e-01 8.37739745e-01 -1.07149949e+01 0.00000000e+00
2.91000000e-03 -6.04158504e-01 8.37311458e-01 -1.07210790e+01 0.00000000e+00
2.91500000e-03 -6.05345067e-01 8.36861366e-01 -1.07268418e+01 0.00000000e+00
2.92000000e-03 -6.06516303e-01 8.36389203e-01 -1.07322835e+01 0.00000000e+00
2.92500000e-03 -6.07672483e-01 8.35894702e-01 -1.07374043e+01 0.00000000e+00
2.93000000e-03 -6.08813889e-01 8.35377584e-01 -1.07422043e+01 0.00000000e+00
2.93500000e-03 -6.09940818e-01 8.34837565e-01 -1.07466839e+01 0.00000000e+00
2.94000000e-03 -6.11053577e-01 8.34274355e-01 -1.07508432e+01 0.00000000e+00
2.94500000e-03 -6.12152488e-01 8.33687654e-01 -1.07546825e+01 0.00000000e+00
2.95000000e-03 -6.13237884e-01 8.33077157e-01 -1.07582022e+01 0.00000000e+00
2.95500000e-03 -6.14310113e-01 8.32442550e-01 -1.07614027e+01 0.00000000e+00
2.96000000e-03 -6.15369538e-01 8.31783514e-01 -1.07642841e+01 0.00000000e+00
2.96500000e-03 -6.16416533e-01 8.31099721e-01 -1.07668471e+01 0.00000000e+00
2.97000000e-03 -6.17451489e-01 8.30390837e-01 -1.07690919e+01 0.00000000e+00
2.97500000e-03 -6.18474810e-01 8.29656520e-01 -1.07710191e+01 0.00000000e+00
2.98000000e-03 -6.19486914e-01 8.28896422e-01 -1.07726290e+01 0.00000000e+00
2.98500000e-03 -6.20488238e-01 8.28110187e-01 -1.07739222e+01 0.00000000e+00
2.99000000e-03 -6.21479230e-01 8.27297453e-01 -1.07748991e+01 0.00000000e+00
2.99500000e-03 -6.22460356e-01 8.26457851e-01 -1.07755603e+01 0.00000000e+00
3.00000000e-03 -6.23432098e-01 8.25591002e-01 -1.07759064e+01 0.00000000e+00
3.00500000e-03 8.78642983e+01 -1.53841618e+02 2.03857649e+03 0.00000000e+00
3.01000000e-03 -1.63124022e+00 1.74450942e+01 -1.11529944e+02 0.00000000e+00
3.01500000e-03 6.20052664e+00 -1.84799397e+01 1.29898519e+02 0.00000000e+00
3.02000000e-03 -2.43128089e-01 3.84189949e+00 -2.39306859e+01 0.00000000e+00
3.02500000e-03 1.39272031e+00 -2.09726305e+00 1.66340610e+01 0.00000000e+00
3.03000000e-03 4.97317390e-01 8.53866508e-01 -3.37925166e+00 0.00000000e+00
3.03500000e-03 7.13763373e-01 -8.94459857e-02 2.95955369e+00 0.00000000e+00
3.04000000e-03 5.63162595e-01 3.28612196e-01 1.47128850e-01 0.00000000e+00
3.04500000e-03 5.78099012e-01 1.93541640e-01 1.09334652e+00 0.00000000e+00
3.05000000e-03 5.39265214e-01 2.59029102e-01 6.74571857e-01 0.00000000e+00
3.05500000e-03 5.23760332e-01 2.41211529e-01 8.00683546e-01 0.00000000e+00
3.06000000e-03 5.00087595e-01 2.51129785e-01 7.25193677e-01 0.00000000e+00
3.06500000e-03 4.80613395e-01 2.48244775e-01 7.30297801e-01 0.00000000e+00
3.07000000e-03 4.61360519e-01 2.49518037e-01 7.07157921e-01 0.00000000e+00
3.07500000e-03 4.44287264e-01 2.49231843e-01 6.97307823e-01 0.00000000e+00
3.08000000e-03 4.28655134e-01 2.49871217e-01 6.84612348e-01 0.00000000e+00
3.08500000e-03 4.14499907e-01 2.50495672e-01 6.74930196e-01 0.00000000e+00
3.09000000e-03 4.01488763e-01 2.51365560e-01 6.65669770e-01 0.00000000e+00
3.09500000e-03 3.89476121e-01 2.52283933e-01 6.57529497e-01 0.00000000e+00
3.10000000e-03 3.78327836e-01 2.53278471e-01 6.50024998e-01 0.00000000e+00
3.10500000e-03 3.67970396e-01 2.54329978e-01 6.43192291e-01 0.00000000e+00
3.11000000e-03 3.58337177e-01 2.55447322e-01 6.36908270e-01 0.00000000e+00
3.11500000e-03 3.49364261e-01 2.56619737e-01 6.31130510e-01 0.00000000e+00
3.12000000e-03 3.40984413e-01 2.57833124e-01 6.25795401e-01 0.00000000e+00
3.12500000e-03 3.33132953e-01 2.59070560e-01 6.20855611e-01 0.00000000e+00
3.13000000e-03 3.25751909e-01 2.60318977e-01 6.16266714e-01 0.00000000e+00
3.13500000e-03 3.18792538e-01 2.61569739e-01 6.11992885e-01 0.00000000e+00
3.14000000e-03 3.12214947e-01 2.62818239e-01 6.08003720e-01 0.00000000e+00
3.14500000e-03 3.05986330e-01 2.64062299e-01 6.04273502e-01 0.00000000e+00
3.15000000e-03 3.00078881e-01 2.65300965e-01 6.00779407e-01 0.00000000e+00
3.15500000e-03 2.94468176e-01 2.66533717e-01 5.97500685e-01 0.00000000e+00
3.16000000e-03 2.89132223e-01 2.67760179e-01 5.94418186e-01 0.00000000e+00
3.16500000e-03 2.84051026e-01 2.68980052e-01 5.91514312e-01 0.00000000e+00
3.17000000e-03 2.79206411e-01 2.70193136e-01 5.88773071e-01 0.00000000e+00
3.17500000e-03 2.74581915e-01 2.71399322e-01 5.86180113e-01 0.00000000e+00
3.18000000e-03 2.70162616e-01 2.72598526e-01 5.83722655e-01 0.00000000e+00
3.18500000e-03 2.65934932e-01 2.73790585e-01 5.81389319e-01 0.00000000e+00
3.19000000e-03 2.61886407e-01 2.74975184e-01 5.79169937e-01 0.00000000e+00
3.19500000e-03 2.58005549e-01 2.76151831e-01 5.77055360e-01 0.00000000e+00
3.20000000e-03 2.54281722e-01 2.77319893e-01 5.75037313e-01 0.00000000e+00
3.20500000e-03 2.50705080e-01 2.78478667e-01 5.73108286e-01 0.00000000e+00
3.21000000e-03 2.47266535e-01 2.79627460e-01 5.71261461e-01 0.00000000e+00
3.21500000e-03 2.43957709e-01 2.80765635e-01 5.69490650e-01 0.00000000e+00
3.22000000e-03 2.40770893e-01 2.81892632e-01 5.67790241e-01 0.00000000e+00
3.22500000e-03 2.37698980e-01 2.83007967e-01 5.66155140e-01 0.00000000e+00
3.23000000e-03 2.34735405e-01 2.84111211e-01 5.64580717e-01 0.00000000e+00
3.23500000e-03 2.31874084e-01 2.85201967e-01 5.63062751e-01 0.00000000e+00
3.24000000e-03 2.29109361e-01 2.86279853e-01 5.61597389e-01 0.00000000e+00
3.24500000e-03 2.26435971e-01 2.87344489e-01 5.60181106e-01 0.00000000e+00
3.25000000e-03 2.23849005e-01 2.88395497e-01 5.58810668e-01 0.00000000e+00
3.25500000e-03 2.21343888e-01 2.89432496e-01 5.57483111e-01 0.00000000e+00
3.26000000e-03 2.18916354e-01 2.90455107e-01 5.56195706e-01 0.00000000e+00
3.26500000e-03 2.16562431e-01 2.91462958e-01 5.54945941e-01 0.00000000e+00
3.27000000e-03 2.14278418e-01 2.92455691e-01 5.53731501e-01 0.00000000e+00
3.27500000e-03 2.12060872e-01 2.93432966e-01 5.52550245e-01 0.00000000e+00
3.28000000e-03 2.09906591e-01 2.94394472e-01 5.51400191e-01 0.00000000e+00
3.28500000e-03 2.07812597e-01 2.95339931e-01 5.50279506e-01 0.00000000e+00
3.29000000e-03 2.05776125e-01 2.96269107e-01 5.49186489e-01 0.00000000e+00
3.29500000e-03 2.03794604e-01 2.97181810e-01 5.48119563e-01 0.00000000e+00
3.30000000e-03 2.01865649e-01 2.98077899e-01 5.47077268e-01 0.00000000e+00
3.30500000e-03 1.99987045e-01 2.98957287e-01 5.46058253e-01 0.00000000e+00
3.31000000e-03 1.98156735e-01 2.99819940e-01 5.45061266e-01 0.00000000e+00
3.31500000e-03 1.96372804e-01 3.00665873e-01 5.44085150e-01 0.00000000e+00
3.32000000e-03 1.94633475e-01 3.01495153e-01 5.43128841e-01 0.00000000e+00
3.32500000e-03 1.92937092e-01 3.02307889e-01 5.42191352e-01 0.00000000e+00
3.33000000e-03 1.91282109e-01 3.03104230e-01 5.41271779e-01 0.00000000e+00
3.33500000e-03 1.89667085e-01 3.03884358e-01 5.40369288e-01 0.00000000e+00
3.34000000e-03 1.88090670e-01 3.04648483e-01 5.39483115e-01 0.00000000e+00
3.34500000e-03 1.86551601e-01 3.05396834e-01 5.38612559e-01 0.00000000e+00
3.35000000e-03 1.85048690e-01 3.06129656e-01 5.37756977e-01 0.00000000e+00
3.35500000e-03 1.83580821e-01 3.06847203e-01 5.36915782e-01 0.00000000e+00
3.36000000e-03 1.82146942e-01 3.07549731e-01 5.36088438e-01 0.00000000e+00
3.36500000e-03 1.80746059e-01 3.08237500e-01 5.35274458e-01 0.00000000e+00
3.37000000e-03 1.79377234e-01 3.08910764e-01 5.34473398e-01 0.00000000e+00
3.37500000e-03 1.78039578e-01 3.09569774e-01 5.33684855e-01 0.00000000e+00
3.38000000e-03 1.76732249e-01 3.10214775e-01 5.32908465e-01 0.00000000e+00
3.38500000e-03 1.75454449e-01 3.10846007e-01 5.32143899e-01 0.00000000e+00
3.39000000e-03 1.74205420e-01 3.11463701e-01 5.31390859e-01 0.00000000e+00
3.39500000e-03 1.72984444e-01 3.12068086e-01 5.30649077e-01 0.00000000e+00
3.40000000e-03 1.71790838e-01 3.12659385e-01 5.29918314e-01 0.00000000e+00
3.40500000e-03 1.70623954e-01 3.13237820e-01 5.29198352e-01 0.00000000e+00
3.41000000e-03 1.69483178e-01 3.13803609e-01 5.28488996e-01 0.00000000e+00
3.41500000e-03 1.68367926e-01 3.14356970e-01 5.27790071e-01 0.00000000e+00
3.42000000e-03 1.67277643e-01 3.14898121e-01 5.27101418e-01 0.00000000e+00
3.42500000e-03 1.66211801e-01 3.15427280e-01 5.26422896e-01 0.00000000e+00
3.43000000e-03 1.65169899e-01 3.15944664e-01 5.25754377e-01 0.00000000e+00
3.43500000e-03 1.64151461e-01 3.16450490e-01 5.25095745e-01 0.00000000e+00
3.44000000e-03 1.63156031e-01 3.16944977e-01 5.24446898e-01 0.00000000e+00
3.44500000e-03 1.62183176e-01 3.17428339e-01 5.23807743e-01 0.00000000e+00
3.45000000e-03 1.61232481e-01 3.17900789e-01 5.23178202e-01 0.00000000e+00
3.45500000e-03 1.60303550e-01 3.18362539e-01 5.22558203e-01 0.00000000e+00
3.46000000e-03 1.59396004e-01 3.18813793e-01 5.21947689e-01 0.00000000e+00
3.46500000e-03 1.58509479e-01 3.19254755e-01 5.21346610e-01 0.00000000e+00
3.47000000e-03 1.57643626e-01 3.19685620e-01 5.20754928e-01 0.00000000e+00
3.47500000e-03 1.56798112e-01 3.20106579e-01 5.20172614e-01 0.00000000e+00
3.48000000e-03 1.55972614e-01 3.20517815e-01 5.19599649e-01 0.00000000e+00
3.48500000e-03 1.55166825e-01 3.20919508e-01 5.19036022e-01 0.00000000e+00
3.49000000e-03 1.54380450e-01 3.21311829e-01 5.18481729e-01 0.00000000e+00
3.49500000e-03 1.53613205e-01 3.21694943e-01 5.17936773e-01 0.00000000e+00
3.50000000e-03 1.52864820e-01 3.22069011e-01 5.17401160e-01 0.00000000e+00
3.50500000e-03 1.52135037e-01 3.22434189e-01 5.16874901e-01 0.00000000e+00
3.51000000e-03 1.51423609e-01 3.22790627e-01 5.16358010e-01 0.00000000e+00
3.51500000e-03 1.50730299e-01 3.23138471e-01 5.15850501e-01 0.00000000e+00
3.52000000e-03 1.50054883e-01 3.23477864e-01 5.15352388e-01 0.00000000e+00
3.52500000e-03 1.49397150e-01 3.23808945e-01 5.14863686e-01 0.00000000e+00
3.53000000e-03 1.48756895e-01 3.24131852e-01 5.14384408e-01 0.00000000e+00
3.53500000e-03 1.48133926e-01 3.24446717e-01 5.13914566e-01 0.00000000e+00
3.54000000e-03 1.47528061e-01 3.24753675e-01 5.13454172e-01 0.00000000e+00
3.54500000e-03 1.46939125e-01 3.25052854e-01 5.13003235e-01 0.00000000e+00
3.55000000e-03 1.46366954e-01 3.25344385e-01 5.12561767e-01 0.00000000e+00
3.55500000e-03 1.45811392e-01 3.25628394e-01 5.12129775e-01 0.00000000e+00
3.56000000e-03 1.45272289e-01 3.25905008e-01 5.11707269e-01 0.00000000e+00
3.56500000e-03 1.44749503e-01 3.26174353e-01 5.11294256e-01 0.00000000e+00
3.57000000e-03 1.44242899e-01 3.26436554e-01 5.10890743e-01 0.00000000e+00
3.57500000e-03 1.43752349e-01 3.26691737e-01 5.10496737e-01 0.00000000e+00
3.58000000e-03 1.43277727e-01 3.26940025e-01 5.10112243e-01 0.00000000e+00
3.58500000e-03 1.42818914e-01 3.27181544e-01 5.09737263e-01 0.00000000e+00
3.59000000e-03 1.42375797e-01 3.27416418e-01 5.09371796e-01 0.00000000e+00
3.59500000e-03 1.41948263e-01 3.27644771e-01 5.09015841e-01 0.00000000e+00
3.60000000e-03 1.41536204e-01 3.27866726e-01 5.08669389e-01 0.00000000e+00
3.60500000e-03 1.41139514e-01 3.28082407e-01 5.08332431e-01 0.00000000e+00
3.61000000e-03 1.40758089e-01 3.28291935e-01 5.08004950e-01 0.00000000e+00
3.61500000e-03 1.40391826e-01 3.28495432e-01 5.07686926e-01 0.00000000e+00
3.62000000e-03 1.40040621e-01 3.28693018e-01 5.07378334e-01 0.00000000e+00
3.62500000e-03 1.39704372e-01 3.28884811e-01 5.07079144e-01 0.00000000e+00
3.63000000e-03 1.39382973e-01 3.29070927e-01 5.06789319e-01 0.00000000e+00
3.63500000e-03 1.39076318e-01 3.29251481e-01 5.06508820e-01 0.00000000e+00
3.64000000e-03 1.38784297e-01 3.29426585e-01 5.06237602e-01 0.00000000e+00
3.64500000e-03 1.38506798e-01 3.29596350e-01 5.05975614e-01 0.00000000e+00
3.65000000e-03 1.38243705e-01 3.29760883e-01 5.05722801e-01 0.00000000e+00
3.65500000e-03 1.37994895e-01 3.29920291e-01 5.05479104e-01 0.00000000e+00
3.66000000e-03 1.37760242e-01 3.30074678e-01 5.05244459e-01 0.00000000e+00
3.66500000e-03 1.37539614e-01 3.30224142e-01 5.05018796e-01 0.00000000e+00
3.67000000e-03 1.37332870e-01 3.30368784e-01 5.04802042e-01 0.00000000e+00
3.67500000e-03 1.37139865e-01 3.30508698e-01 5.04594118e-01 0.00000000e+00
3.68000000e-03 1.36960446e-01 3.30643976e-01 5.04394937e-01 0.00000000e+00
3.68500000e-03 1.36794449e-01 3.30774708e-01 5.04204412e-01 0.00000000e+00
3.69000000e-03 1.36641706e-01 3.30900980e-01 5.04022444e-01 0.00000000e+00
3.69500000e-03 1.36502037e-01 3.31022876e-01 5.03848933e-01 0.00000000e+00
3.70000000e-03 1.36375256e-01 3.31140475e-01 5.03683770e-01 0.00000000e+00
3.70500000e-03 1.36261166e-01 3.31253855e-01 5.03526842e-01 0.00000000e+00
3.71000000e-03 1.36159562e-01 3.31363088e-01 5.03378029e-01 0.00000000e+00
3.71500000e-03 1.36070229e-01 3.31468247e-01 5.03237206e-01 0.00000000e+00
3.72000000e-03 1.35992942e-01 3.31569397e-01 5.03104241e-01 0.00000000e+00
3.72500000e-03 1.35927470e-01 3.31666606e-01 5.02978997e-01 0.00000000e+00
3.73000000e-03 1.35873569e-01 3.31759933e-01 5.02861331e-01 0.00000000e+00
3.73500000e-03 1.35830988e-01 3.31849440e-01 5.02751096e-01 0.00000000e+00
3.74000000e-03 1.35799468e-01 3.31935181e-01 5.02648139e-01 0.00000000e+00
3.74500000e-03 1.35778740e-01 3.32017212e-01 5.02552300e-01 0.00000000e+00
3.75000000e-03 1.35768527e-01 3.32095585e-01 5.02463418e-01 0.00000000e+00
3.75500000e-03 1.35768545e-01 3.32170349e-01 5.02381324e-01 0.00000000e+00
3.76000000e-03 1.35778501e-01 3.32241551e-01 5.02305846e-01 0.00000000e+00
3.76500000e-03 1.35798097e-01 3.32309237e-01 5.02236809e-01 0.00000000e+00
3.77000000e-03 1.35827027e-01 3.32373449e-01 5.02174034e-01 0.00000000e+00
3.77500000e-03 1.35864978e-01 3.32434228e-01 5.02117338e-01 0.00000000e+00
3.78000000e-03 1.35911635e-01 3.32491614e-01 5.02066535e-01 0.00000000e+00
3.78500000e-03 1.35966674e-01 3.32545643e-01 5.02021439e-01 0.00000000e+00
3.79000000e-03 1.36029770e-01 3.32596350e-01 5.01981859e-01 0.00000000e+00
3.79500000e-03 1.36100591e-01 3.32643768e-01 5.01947604e-01 0.00000000e+00
3.80000000e-03 1.36178806e-01 3.32687929e-01 5.01918483e-01 0.00000000e+00
3.80500000e-03 1.36264078e-01 3.32728863e-01 5.01894301e-01 0.00000000e+00
3.81000000e-03 1.36356070e-01 3.32766597e-01 5.01874864e-01 0.00000000e+00
3.81500000e-03 1.36454444e-01 3.32801158e-01 5.01859980e-01 0.00000000e+00
3.82000000e-03 1.36558860e-01 3.32832572e-01 5.01849455e-01 0.00000000e+00
3.82500000e-03 1.36668979e-01 3.32860863e-01 5.01843096e-01 0.00000000e+00
3.83000000e-03 1.36784465e-01 3.32886052e-01 5.01840712e-01 0.00000000e+00
3.83500000e-03 1.36904980e-01 3.32908164e-01 5.01842112e-01 0.00000000e+00
3.84000000e-03 1.37030189e-01 3.32927217e-01 5.01847106e-01 0.00000000e+00
3.84500000e-03 1.37159762e-01 3.32943234e-01 5.01855509e-01 0.00000000e+00
3.85000000e-03 1.37293371e-01 3.32956233e-01 5.01867134e-01 0.00000000e+00
3.85500000e-03 1.37430689e-01 3.32966234e-01 5.01881800e-01 0.00000000e+00
3.86000000e-03 1.37571398e-01 3.32973257e-01 5.01899326e-01 0.00000000e+00
3.86500000e-03 1.37715182e-01 3.32977319e-01 5.01919535e-01 0.00000000e+00
3.87000000e-03 1.37861730e-01 3.32978439e-01 5.01942252e-01 0.00000000e+00
3.87500000e-03 1.38010739e-01 3.32976637e-01 5.01967306e-01 0.00000000e+00
3.88000000e-03 1.38161910e-01 3.32971930e-01 5.01994528e-01 0.00000000e+00
3.88500000e-03 1.38314950e-01 3.32964339e-01 5.02023752e-01 0.00000000e+00
3.89000000e-03 1.38469574e-01 3.32953883e-01 5.02054819e-01 0.00000000e+00
3.89500000e-03 1.38625505e-01 3.32940582e-01 5.02087568e-01 0.00000000e+00
3.90000000e-03 1.38782470e-01 3.32924456e-01 5.02121846e-01 0.00000000e+00
3.90500000e-03 1.38940206e-01 3.32905526e-01 5.02157502e-01 0.00000000e+00
3.91000000e-03 1.39098456e-01 3.32883815e-01 5.02194388e-01 0.00000000e+00
3.91500000e-03 1.39256971e-01 3.32859345e-01 5.02232361e-01 0.00000000e+00
3.92000000e-03 1.39415510e-01 3.32832140e-01 5.02271281e-01 0.00000000e+00
3.92500000e-03 1.39573840e-01 3.32802225e-01 5.02311012e-01 0.00000000e+00
3.93000000e-03 1.39731734e-01 3.32769625e-01 5.02351420e-01 0.00000000e+00
3.93500000e-03 1.39888974e-01 3.32734367e-01 5.02392377e-01 0.00000000e+00
3.94000000e-03 1.40045350e-01 3.32696480e-01 5.02433758e-01 0.00000000e+00
3.94500000e-03 1.40200659e-01 3.32655993e-01 5.02475441e-01 0.00000000e+00
3.95000000e-03 1.40354704e-01 3.32612935e-01 5.02517306e-01 0.00000000e+00
3.95500000e-03 1.40507297e-01 3.32567338e-01 5.02559240e-01 0.00000000e+00
3.96000000e-03 1.40658257e-01 3.32519235e-01 5.02601130e-01 0.00000000e+00
3.96500000e-03 1.40807410e-01 3.32468659e-01 5.02642868e-01 0.00000000e+00
3.97000000e-03 1.40954586e-01 3.32415646e-01 5.02684348e-01 0.00000000e+00
3.97500000e-03 1.41099626e-01 3.32360231e-01 5.02725467e-01 0.00000000e+00
3.98000000e-03 1.41242374e-01 3.32302450e-01 5.02766127e-01 0.00000000e+00
3.98500000e-03 1.41382681e-01 3.32242341e-01 5.02806229e-01 0.00000000e+00
3.99000000e-03 1.41520404e-01 3.32179942e-01 5.02845681e-01 0.00000000e+00
3.99500000e-03 1.41655406e-01 3.32115291e-01 5.02884391e-01 0.00000000e+00
4.00000000e-03 1.41787554e-01 3.32048427e-01 5.02922271e-01 0.00000000e+00
4.00500000e-03 1.41916720e-01 3.31979389e-01 5.02959235e-01 0.00000000e+00
4.01000000e-03 1.42042783e-01 3.31908214e-01 5.02995199e-01 0.00000000e+00
4.01500000e-03 1.42165624e-01 3.31834943e-01 5.03030082e-01 0.00000000e+00
4.02000000e-03 1.42285131e-01 3.31759613e-01 5.03063807e-01 0.00000000e+00
4.02500000e-03 1.42401193e-01 3.31682262e-01 5.03096297e-01 0.00000000e+00
4.03000000e-03 1.42513704e-01 3.31602926e-01 5.03127478e-01 0.00000000e+00
4.03500000e-03 1.42622564e-01 3.31521641e-01 5.03157281e-01 0.00000000e+00
4.04000000e-03 1.42727672e-01 3.31438441e-01 5.03185635e-01 0.00000000e+00
4.04500000e-03 1.42828934e-01 3.31353359e-01 5.03212475e-01 0.00000000e+00
4.05000000e-03 1.42926257e-01 3.31266427e-01 5.03237737e-01 0.00000000e+00
4.05500000e-03 1.43019550e-01 3.31177674e-01 5.03261359e-01 0.00000000e+00
4.06000000e-03 1.43108726e-01 3.31087128e-01 5.03283283e-01 0.00000000e+00
4.06500000e-03 1.43193700e-01 3.30994815e-01 5.03303451e-01 0.00000000e+00
4.07000000e-03 1.43274389e-01 3.30900759e-01 5.03321808e-01 0.00000000e+00
4.07500000e-03 1.43350711e-01 3.30804981e-01 5.03338304e-01 0.00000000e+00
4.08000000e-03 1.43422588e-01 3.30707500e-01 5.03352886e-01 0.00000000e+00
4.08500000e-03 1.43489941e-01 3.30608335e-01 5.03365509e-01 0.00000000e+00
4.09000000e-03 1.43552695e-01 3.30507499e-01 5.03376125e-01 0.00000000e+00
4.09500000e-03 1.43610773e-01 3.30405007e-01 5.03384691e-01 0.00000000e+00
4.10000000e-03 1.43664103e-01 3.30300870e-01 5.03391164e-01 0.00000000e+00
4.10500000e-03 1.43712612e-01 3.30195096e-01 5.03395505e-01 0.00000000e+00
4.11000000e-03 1.43756228e-01 3.30087693e-01 5.03397675e-01 0.00000000e+00
4.11500000e-03 1.43794881e-01 3.29978668e-01 5.03397636e-01 0.00000000e+00
4.12000000e-03 1.43828500e-01 3.29868024e-01 5.03395352e-01 0.00000000e+00
4.12500000e-03 1.43857017e-01 3.29755766e-01 5.03390788e-01 0.00000000e+00
4.13000000e-03 1.43880363e-01 3.29641894e-01 5.03383910e-01 0.00000000e+00
4.13500000e-03 1.43898471e-01 3.29526410e-01 5.03374684e-01 0.00000000e+00
4.14000000e-03 1.43911273e-01 3.29409314e-01 5.03363079e-01 0.00000000e+00
4.14500000e-03 1.43918702e-01 3.29290605e-01 5.03349062e-01 0.00000000e+00
4.15000000e-03 1.43920694e-01 3.29170283e-01 5.03332602e-01 0.00000000e+00
4.15500000e-03 1.43917183e-01 3.29048347e-01 5.03313666e-01 0.00000000e+00
4.16000000e-03 1.43908105e-01 3.28924794e-01 5.03292224e-01 0.00000000e+00
4.16500000e-03 1.43893396e-01 3.28799623e-01 5.03268245e-01 0.00000000e+00
4.17000000e-03 1.43872993e-01 3.28672831e-01 5.03241697e-01 0.00000000e+00
4.17500000e-03 1.43846835e-01 3.28544417e-01 5.03212549e-01 0.00000000e+00
4.18000000e-03 1.43814860e-01 3.28414378e-01 5.03180771e-01 0.00000000e+00
4.18500000e-03 1.43777010e-01 3.28282713e-01 5.03146331e-01 0.00000000e+00
4.19000000e-03 1.43733225e-01 3.28149418e-01 5.03109200e-01 0.00000000e+00
4.19500000e-03 1.43683449e-01 3.28014493e-01 5.03069346e-01 0.00000000e+00
4.20000000e-03 1.43627626e-01 3.27877935e-01 5.03026739e-01 0.00000000e+00
4.20500000e-03 1.43565704e-01 3.27739743e-01 5.02981349e-01 0.00000000e+00
4.21000000e-03 1.43497631e-01 3.27599914e-01 5.02933148e-01 0.00000000e+00
4.21500000e-03 1.43423358e-01 3.27458448e-01 5.02882107e-01 0.00000000e+00
4.22000000e-03 1.43342838e-01 3.27315342e-01 5.02828199e-01 0.00000000e+00
4.22500000e-03 1.43256028e-01 3.27170597e-01 5.02771396e-01 0.00000000e+00
4.23000000e-03 1.43162887e-01 3.27024209e-01 5.02711675e-01 0.00000000e+00
4.23500000e-03 1.43063379e-01 3.26876180e-01 5.02649010e-01 0.00000000e+00
4.24000000e-03 1.42957469e-01 3.26726508e-01 5.02583382e-01 0.00000000e+00
4.24500000e-03 1.42845128e-01 3.26575193e-01 5.02514769e-01 0.00000000e+00
4.25000000e-03 1.42726331e-01 3.26422237e-01 5.02443153e-01 0.00000000e+00
4.25500000e-03 1.42601057e-01 3.26267640e-01 5.02368520e-01 0.00000000e+00
4.26000000e-03 1.42469290e-01 3.26111404e-01 5.02290854e-01 0.00000000e+00
4.26500000e-03 1.42331019e-01 3.25953532e-01 5.02210147e-01 0.00000000e+00
4.27000000e-03 1.42186240e-01 3.25794029e-01 5.02126389e-01 0.00000000e+00
4.27500000e-03 1.42034952e-01 3.25632900e-01 5.02039576e-01 0.00000000e+00
4.28000000e-03 1.41877163e-01 3.25470152e-01 5.01949706e-01 0.00000000e+00
4.28500000e-03 1.41712886e-01 3.25305793e-01 5.01856779e-01 0.00000000e+00
4.29000000e-03 1.41542140e-01 3.25139835e-01 5.01760800e-01 0.00000000e+00
4.29500000e-03 1.41364952e-01 3.24972289e-01 5.01661776e-01 0.00000000e+00
4.30000000e-03 1.41181356e-01 3.24803171e-01 5.01559717e-01 0.00000000e+00
4.30500000e-03 1.40991392e-01 3.24632500e-01 5.01454639e-01 0.00000000e+00
4.31000000e-03 1.40795109e-01 3.24460294e-01 5.01346559e-01 0.00000000e+00
4.31500000e-03 1.40592564e-01 3.24286578e-01 5.01235498e-01 0.00000000e+00
4.32000000e-03 1.40383819e-01 3.24111378e-01 5.01121481e-01 0.00000000e+00
4.32500000e-03 1.40168948e-01 3.23934725e-01 5.01004537e-01 0.00000000e+00
4.33000000e-03 1.39948028e-01 3.23756651e-01 5.00884696e-01 0.00000000e+00
4.33500000e-03 1.39721148e-01 3.23577194e-01 5.00761996e-01 0.00000000e+00
4.34000000e-03 1.39488403e-01 3.23396395e-01 5.00636474e-01 0.00000000e+00
4.34500000e-03 1.39249898e-01 3.23214298e-01 5.00508174e-01 0.00000000e+00
4.35000000e-03 1.39005742e-01 3.23030952e-01 5.00377142e-01 0.00000000e+00
4.35500000e-03 1.38756056e-01 3.22846410e-01 5.00243427e-01 0.00000000e+00
4.36000000e-03 1.38500967e-01 3.22660728e-01 5.00107084e-01 0.00000000e+00
4.36500000e-03 1.38240609e-01 3.22473967e-01 4.99968167e-01 0.00000000e+00
4.37000000e-03 1.37975125e-01 3.22286191e-01 4.99826738e-01 0.00000000e+00
4.37500000e-03 1.37704663e-01 3.22097471e-01 4.99682859e-01 0.00000000e+00
4.38000000e-03 1.37429380e-01 3.21907878e-01 4.99536596e-01 0.00000000e+00
4.38500000e-03 1.37149439e-01 3.21717490e-01 4.99388018e-01 0.00000000e+00
4.39000000e-03 1.36865011e-01 3.21526387e-01 4.99237198e-01 0.00000000e+00
4.39500000e-03 1.36576272e-01 3.21334655e-01 4.99084211e-01 0.00000000e+00
4.40000000e-03 1.36283403e-01 3.21142381e-01 4.98929133e-01 0.00000000e+00
4.40500000e-03 1.35986594e-01 3.20949659e-01 4.98772046e-01 0.00000000e+00
4.41000000e-03 1.35686037e-01 3.20756583e-01 4.98613031e-01 0.00000000e+00
4.41500000e-03 1.35381933e-01 3.20563253e-01 4.98452175e-01 0.00000000e+00
4.42000000e-03 1.35074484e-01 3.20369770e-01 4.98289564e-01 0.00000000e+00
4.42500000e-03 1.34763899e-01 3.20176239e-01 4.98125288e-01 0.00000000e+00
4.43000000e-03 1.34450391e-01 3.19982767e-01 4.97959438e-01 0.00000000e+00
4.43500000e-03 1.34134176e-01 3.19789465e-01 4.97792108e-01 0.00000000e+00
4.44000000e-03 1.33815475e-01 3.19596444e-01 4.97623394e-01 0.00000000e+00
4.44500000e-03 1.33494512e-01 3.19403819e-01 4.97453392e-01 0.00000000e+00
4.45000000e-03 1.33171513e-01 3.19211704e-01 4.97282201e-01 0.00000000e+00
4.45500000e-03 1.32846707e-01 3.19020216e-01 4.97109922e-01 0.00000000e+00
4.46000000e-03 1.32520327e-01 3.18829475e-01 4.96936656e-01 0.00000000e+00
4.46500000e-03 1.32192606e-01 3.18639598e-01 4.96762507e-01 0.00000000e+00
4.47000000e-03 1.31863779e-01 3.18450706e-01 4.96587579e-01 0.00000000e+00
4.47500000e-03 1.31534084e-01 3.18262920e-01 4.96411977e-01 0.00000000e+00
4.48000000e-03 1.31203759e-01 3.18076358e-01 4.96235807e-01 0.00000000e+00
4.48500000e-03 1.30873044e-01 3.17891143e-01 4.96059178e-01 0.00000000e+00
4.49000000e-03 1.30542177e-01 3.17707395e-01 4.95882197e-01 0.00000000e+00
4.49500000e-03 1.30211399e-01 3.17525234e-01 4.95704973e-01 0.00000000e+00
4.50000000e-03 1.29880951e-01 3.17344780e-01 4.95527614e-01 0.00000000e+00
4.50500000e-03 1.29551071e-01 3.17166153e-01 4.95350230e-01 0.00000000e+00
4.51000000e-03 1.29222000e-01 3.16989471e-01 4.95172931e-01 0.00000000e+00
4.51500000e-03 1.28893976e-01 3.16814854e-01 4.94995825e-01 0.00000000e+00
4.52000000e-03 1.28567236e-01 3.16642417e-01 4.94819022e-01 0.00000000e+00
4.52500000e-03 1.28242017e-01 3.16472277e-01 4.94642631e-01 0.00000000e+00
4.53000000e-03 1.27918554e-01 3.16304549e-01 4.94466760e-01 0.00000000e+00
4.53500000e-03 1.27597078e-01 3.16139346e-01 4.94291516e-01 0.00000000e+00
4.54000000e-03 1.27277822e-01 3.15976780e-01 4.94117007e-01 0.00000000e+00
4.54500000e-03 1.26961012e-01 3.15816962e-01 4.93943339e-01 0.00000000e+00
4.55000000e-03 1.26646874e-01 3.15659999e-01 4.93770615e-01 0.00000000e+00
4.55500000e-03 1.26335631e-01 3.15506000e-01 4.93598940e-01 0.00000000e+00
4.56000000e-03 1.26027501e-01 3.15355068e-01 4.93428415e-01 0.00000000e+00
4.56500000e-03 1.25722700e-01 3.15207305e-01 4.93259141e-01 0.00000000e+00
4.57000000e-03 1.25421440e-01 3.15062811e-01 4.93091217e-01 0.00000000e+00
4.57500000e-03 1.25123926e-01 3.14921683e-01 4.92924739e-01 0.00000000e+00
4.58000000e-03 1.24830363e-01 3.14784015e-01 4.92759801e-01 0.00000000e+00
4.58500000e-03 1.24540946e-01 3.14649897e-01 4.92596497e-01 0.00000000e+00
4.59000000e-03 1.24255868e-01 3.14519418e-01 4.92434916e-01 0.00000000e+00
4.59500000e-03 1.23975316e-01 3.14392662e-01 4.92275145e-01 0.00000000e+00
4.60000000e-03 1.23699469e-01 3.14269709e-01 4.92117269e-01 0.00000000e+00
4.60500000e-03 1.23428501e-01 3.14150635e-01 4.91961369e-01 0.00000000e+00
4.61000000e-03 1.23162578e-01 3.14035513e-01 4.91807524e-01 0.00000000e+00
4.61500000e-03 1.22901860e-01 3.13924411e-01 4.91655809e-01 0.00000000e+00
4.62000000e-03 1.22646500e-01 3.13817392e-01 4.91506296e-01 0.00000000e+00
4.62500000e-03 1.22396639e-01 3.13714515e-01 4.91359052e-01 0.00000000e+00
4.63000000e-03 1.22152414e-01 3.13615834e-01 4.91214143e-01 0.00000000e+00
4.63500000e-03 1.21913950e-01 3.13521396e-01 4.91071627e-01 0.00000000e+00
4.64000000e-03 1.21681366e-01 3.13431246e-01 4.90931562e-01 0.00000000e+00
4.64500000e-03 1.21454768e-01 3.13345420e-01 4.90794000e-01 0.00000000e+00
4.65000000e-03 1.21234254e-01 3.13263951e-01 4.90658987e-01 0.00000000e+00
4.65500000e-03 1.21019912e-01 3.13186864e-01 4.90526568e-01 0.00000000e+00
4.66000000e-03 1.20811820e-01 3.13114179e-01 4.90396782e-01 0.00000000e+00
4.66500000e-03 1.20610043e-01 3.13045910e-01 4.90269662e-01 0.00000000e+00
4.67000000e-03 1.20414637e-01 3.12982064e-01 4.90145239e-01 0.00000000e+00
4.67500000e-03 1.20225649e-01 3.12922643e-01 4.90023538e-01 0.00000000e+00
4.68000000e-03 1.20043111e-01 3.12867641e-01 4.89904579e-01 0.00000000e+00
4.68500000e-03 1.19867046e-01 3.12817046e-01 4.89788379e-01 0.00000000e+00
4.69000000e-03 1.19697466e-01 3.12770840e-01 4.89674948e-01 0.00000000e+00
4.69500000e-03 1.19534372e-01 3.12728999e-01 4.89564295e-01 0.00000000e+00
4.70000000e-03 1.19377752e-01 3.12691493e-01 4.89456421e-01 0.00000000e+00
4.70500000e-03 1.19227586e-01 3.12658283e-01 4.89351324e-01 0.00000000e+00
4.71000000e-03 1.19083842e-01 3.12629328e-01 4.89249000e-01 0.00000000e+00
4.71500000e-03 1.18946476e-01 3.12604579e-01 4.89149437e-01 0.00000000e+00
4.72000000e-03 1.18815437e-01 3.12583981e-01 4.89052621e-01 0.00000000e+00
4.72500000e-03 1.18690661e-01 3.12567475e-01 4.88958535e-01 0.00000000e+00
4.73000000e-03 1.18572075e-01 3.12554996e-01 4.88867156e-01 0.00000000e+00
4.73500000e-03 1.18459599e-01 3.12546474e-01 4.88778460e-01 0.00000000e+00
4.74000000e-03 1.18353140e-01 3.12541836e-01 4.88692416e-01 0.00000000e+00
4.74500000e-03 1.18252601e-01 3.12541002e-01 4.88608994e-01 0.00000000e+00
4.75000000e-03 1.18157875e-01 3.12543891e-01 4.88528157e-01 0.00000000e+00
4.75500000e-03 1.18068846e-01 3.12550416e-01 4.88449867e-01 0.00000000e+00
4.76000000e-03 1.17985392e-01 3.12560490e-01 4.88374085e-01 0.00000000e+00
4.76500000e-03 1.17907387e-01 3.12574019e-01 4.88300765e-01 0.00000000e+00
4.77000000e-03 1.17834696e-01 3.12590911e-01 4.88229863e-01 0.00000000e+00
4.77500000e-03 1.17767178e-01 3.12611067e-01 4.88161330e-01 0.00000000e+00
4.78000000e-03 1.17704690e-01 3.12634391e-01 4.88095116e-01 0.00000000e+00
4.78500000e-03 1.17647082e-01 3.12660782e-01 4.88031171e-01 0.00000000e+00
4.79000000e-03 1.17594201e-01 3.12690138e-01 4.87969439e-01 0.00000000e+00
4.79500000e-03 1.17545892e-01 3.12722359e-01 4.87909867e-01 0.00000000e+00
4.80000000e-03 1.17501994e-01 3.12757341e-01 4.87852398e-01 0.00000000e+00
4.80500000e-03 1.17462346e-01 3.12794982e-01 4.87796977e-01 0.00000000e+00
4.81000000e-03 1.17426785e-01 3.12835178e-01 4.87743544e-01 0.00000000e+00
4.81500000e-03 1.17395146e-01 3.12877827e-01 4.87692042e-01 0.00000000e+00
4.82000000e-03 1.17367262e-01 3.12922826e-01 4.87642411e-01 0.00000000e+00
4.82500000e-03 1.17342968e-01 3.12970074e-01 4.87594593e-01 0.00000000e+00
4.83000000e-03 1.17322097e-01 3.13019470e-01 4.87548527e-01 0.00000000e+00
4.83500000e-03 1.17304482e-01 3.13070914e-01 4.87504153e-01 0.00000000e+00
4.84000000e-03 1.17289958e-01 3.13124307e-01 4.87461413e-01 0.00000000e+00
4.84500000e-03 1.17278360e-01 3.13179552e-01 4.87420247e-01 0.00000000e+00
4.85000000e-03 1.17269526e-01 3.13236554e-01 4.87380595e-01 0.00000000e+00
4.85500000e-03 1.17263293e-01 3.13295219e-01 4.87342399e-01 0.00000000e+00
4.86000000e-03 1.17259503e-01 3.13355454e-01 4.87305600e-01 0.00000000e+00
4.86500000e-03 1.17257998e-01 3.13417170e-01 4.87270141e-01 0.00000000e+00
4.87000000e-03 1.17258623e-01 3.13480278e-01 4.87235964e-01 0.00000000e+00
4.87500000e-03 1.17261226e-01 3.13544693e-01 4.87203013e-01 0.00000000e+00
4.88000000e-03 1.17265659e-01 3.13610330e-01 4.87171233e-01 0.00000000e+00
4.88500000e-03 1.17271776e-01 3.13677107e-01 4.87140569e-01 0.00000000e+00
4.89000000e-03 1.17279433e-01 3.13744946e-01 4.87110967e-01 0.00000000e+00
4.89500000e-03 1.17288492e-01 3.13813769e-01 4.87082375e-01 0.00000000e+00
4.90000000e-03 1.17298817e-01 3.13883500e-01 4.87054742e-01 0.00000000e+00
4.90500000e-03 1.17310276e-01 3.13954068e-01 4.87028016e-01 0.00000000e+00
4.91000000e-03 1.17322742e-01 3.14025401e-01 4.87002149e-01 0.00000000e+00
4.91500000e-03 1.17336089e-01 3.14097432e-01 4.86977092e-01 0.00000000e+00
4.92000000e-03 1.17350198e-01 3.14170094e-01 4.86952801e-01 0.00000000e+00
4.92500000e-03 1.17364952e-01 3.14243323e-01 4.86929228e-01 0.00000000e+00
4.93000000e-03 1.17380239e-01 3.14317057e-01 4.86906330e-01 0.00000000e+00
4.93500000e-03 1.17395951e-01 3.14391237e-01 4.86884065e-01 0.00000000e+00
4.94000000e-03 1.17411984e-01 3.14465805e-01 4.86862392e-01 0.00000000e+00
4.94500000e-03 1.17428236e-01 3.14540705e-01 4.86841270e-01 0.00000000e+00
4.95000000e-03 1.17444614e-01 3.14615883e-01 4.86820662e-01 0.00000000e+00
4.95500000e-03 1.17461023e-01 3.14691288e-01 4.86800531e-01 0.00000000e+00
4.96000000e-03 1.17477377e-01 3.14766870e-01 4.86780841e-01 0.00000000e+00
4.96500000e-03 1.17493592e-01 3.14842582e-01 4.86761559e-01 0.00000000e+00
4.97000000e-03 1.17509586e-01 3.14918377e-01 4.86742652e-01 0.00000000e+00
4.97500000e-03 1.17525284e-01 3.14994213e-01 4.86724089e-01 0.00000000e+00
4.98000000e-03 1.17540614e-01 3.15070046e-01 4.86705839e-01 0.00000000e+00
4.98500000e-03 1.17555506e-01 3.15145836e-01 4.86687875e-01 0.00000000e+00
4.99000000e-03 1.17569897e-01 3.15221546e-01 4.86670170e-01 0.00000000e+00
4.99500000e-03 1.17583724e-01 3.15297139e-01 4.86652698e-01 0.00000000e+00
5.00000000e-03 1.17596931e-01 3.15372581e-01 4.86635434e-01 0.00000000e+00
5.00500000e-03 1.17609462e-01 3.15447838e-01 4.86618354e-01 0.00000000e+00
5.01000000e-03 1.17621267e-01 3.15522879e-01 4.86601438e-01 0.00000000e+00
5.01500000e-03 1.17632299e-01 3.15597675e-01 4.86584664e-01 0.00000000e+00
5.02000000e-03 1.17642513e-01 3.15672199e-01 4.86568013e-01 0.00000000e+00
5.02500000e-03 1.17651869e-01 3.15746424e-01 4.86551465e-01 0.00000000e+00
5.03000000e-03 1.17660328e-01 3.15820326e-01 4.86535004e-01 0.00000000e+00
5.03500000e-03 1.17667856e-01 3.15893881e-01 4.86518613e-01 0.00000000e+00
5.04000000e-03 1.17674420e-01 3.15967070e-01 4.86502278e-01 0.00000000e+00
5.04500000e-03 1.17679992e-01 3.16039870e-01 4.86485982e-01 0.00000000e+00
5.05000000e-03 1.17684544e-01 3.16112265e-01 4.86469715e-01 0.00000000e+00
5.05500000e-03 1.17688054e-01 3.16184237e-01 4.86453462e-01 0.00000000e+00
5.06000000e-03 1.17690499e-01 3.16255769e-01 4.86437212e-01 0.00000000e+00
5.06500000e-03 1.17691862e-01 3.16326849e-01 4.86420956e-01 0.00000000e+00
5.07000000e-03 1.17692126e-01 3.16397461e-01 4.86404683e-01 0.00000000e+00
5.07500000e-03 1.17691277e-01 3.16467595e-01 4.86388384e-01 0.00000000e+00
5.08000000e-03 1.17689302e-01 3.16537238e-01 4.86372051e-01 0.00000000e+00
5.08500000e-03 1.17686193e-01 3.16606382e-01 4.86355678e-01 0.00000000e+00
5.09000000e-03 1.17681942e-01 3.16675017e-01 4.86339256e-01 0.00000000e+00
5.09500000e-03 1.17676543e-01 3.16743136e-01 4.86322781e-01 0.00000000e+00
5.10000000e-03 1.17669992e-01 3.16810731e-01 4.86306247e-01 0.00000000e+00
5.10500000e-03 1.17662288e-01 3.16877796e-01 4.86289649e-01 0.00000000e+00
5.11000000e-03 1.17653430e-01 3.16944327e-01 4.86272983e-01 0.00000000e+00
5.11500000e-03 1.17643419e-01 3.17010319e-01 4.86256247e-01 0.00000000e+00
5.12000000e-03 1.17632260e-01 3.17075768e-01 4.86239437e-01 0.00000000e+00
5.12500000e-03 1.17619956e-01 3.17140672e-01 4.86222550e-01 0.00000000e+00
5.13000000e-03 1.17606514e-01 3.17205029e-01 4.86205586e-01 0.00000000e+00
5.13500000e-03 1.17591941e-01 3.17268836e-01 4.86188543e-01 0.00000000e+00
5.14000000e-03 1.17576245e-01 3.17332093e-01 4.86171420e-01 0.00000000e+00
5.14500000e-03 1.17559438e-01 3.17394800e-01 4.86154217e-01 0.00000000e+00
5.15000000e-03 1.17541529e-01 3.17456957e-01 4.86136934e-01 0.00000000e+00
5.15500000e-03 1.17522531e-01 3.17518564e-01 4.86119572e-01 0.00000000e+00
5.16000000e-03 1.17502457e-01 3.17579622e-01 4.86102132e-01 0.00000000e+00
5.16500000e-03 1.17481323e-01 3.17640133e-01 4.86084616e-01 0.00000000e+00
5.17000000e-03 1.17459142e-01 3.17700098e-01 4.86067025e-01 0.00000000e+00
5.17500000e-03 1.17435932e-01 3.17759521e-01 4.86049362e-01 0.00000000e+00
5.18000000e-03 1.17411709e-01 3.17818402e-01 4.86031630e-01 0.00000000e+00
5.18500000e-03 1.17386491e-01 3.17876746e-01 4.86013831e-01 0.00000000e+00
5.19000000e-03 1.17360296e-01 3.17934555e-01 4.85995970e-01 0.00000000e+00
5.19500000e-03 1.17333144e-01 3.17991832e-01 4.85978049e-01 0.00000000e+00
5.20000000e-03 1.17305053e-01 3.18048582e-01 4.85960073e-01 0.00000000e+00
5.20500000e-03 1.17276046e-01 3.18104808e-01 4.85942046e-01 0.00000000e+00
5.21000000e-03 1.17246141e-01 3.18160514e-01 4.85923973e-01 0.00000000e+00
5.21500000e-03 1.17215361e-01 3.18215704e-01 4.85905858e-01 0.00000000e+00
5.22000000e-03 1.17183727e-01 3.18270384e-01 4.85887706e-01 0.00000000e+00
5.22500000e-03 1.17151262e-01 3.18324557e-01 4.85869522e-01 0.00000000e+00
5.23000000e-03 1.17117988e-01 3.18378229e-01 4.85851312e-01 0.00000000e+00
5.23500000e-03 1.17083927e-01 3.18431406e-01 4.85833081e-01 0.00000000e+00
5.24000000e-03 1.17049103e-01 3.18484091e-01 4.85814834e-01 0.00000000e+00
5.24500000e-03 1.17013540e-01 3.18536292e-01 4.85796578e-01 0.00000000e+00
5.25000000e-03 1.16977259e-01 3.18588012e-01 4.85778318e-01 0.00000000e+00
5.25500000e-03 1.16940287e-01 3.18639258e-01 4.85760059e-01 0.00000000e+00
5.26000000e-03 1.16902645e-01 3.18690036e-01 4.85741809e-01 0.00000000e+00
5.26500000e-03 1.16864359e-01 3.18740350e-01 4.85723572e-01 0.00000000e+00
5.27000000e-03 1.16825452e-01 3.18790207e-01 4.85705354e-01 0.00000000e+00
5.27500000e-03 1.16785949e-01 3.18839613e-01 4.85687163e-01 0.00000000e+00
5.28000000e-03 1.16745873e-01 3.18888572e-01 4.85669003e-01 0.00000000e+00
5.28500000e-03 1.16705249e-01 3.18937090e-01 4.85650882e-01 0.00000000e+00
5.29000000e-03 1.16664101e-01 3.18985173e-01 4.85632804e-01 0.00000000e+00
5.29500000e-03 1.16622453e-01 3.19032826e-01 4.85614777e-01 0.00000000e+00
5.30000000e-03 1.16580329e-01 3.19080053e-01 4.85596806e-01 0.00000000e+00
5.30500000e-03 1.16537754e-01 3.19126859e-01 4.85578898e-01 0.00000000e+00
5.31000000e-03 1.16494750e-01 3.19173250e-01 4.85561059e-01 0.00000000e+00
5.31500000e-03 1.16451342e-01 3.19219229e-01 4.85543294e-01 0.00000000e+00
5.32000000e-03 1.16407554e-01 3.19264800e-01 4.85525611e-01 0.00000000e+00
5.32500000e-03 1.16363408e-01 3.19309968e-01 4.85508014e-01 0.00000000e+00
5.33000000e-03 1.16318928e-01 3.19354736e-01 4.85490510e-01 0.00000000e+00
5.33500000e-03 1.16274138e-01 3.19399108e-01 4.85473105e-01 0.00000000e+00
5.34000000e-03 1.16229060e-01 3.19443087e-01 4.85455804e-01 0.00000000e+00
5.34500000e-03 1.16183717e-01 3.19486676e-01 4.85438614e-01 0.00000000e+00
5.35000000e-03 1.16138132e-01 3.19529879e-01 4.85421540e-01 0.00000000e+00
5.35500000e-03 1.16092326e-01 3.19572697e-01 4.85404588e-01 0.00000000e+00
5.36000000e-03 1.16046322e-01 3.19615134e-01 4.85387762e-01 0.00000000e+00
5.36500000e-03 1.16000141e-01 3.19657192e-01 4.85371070e-01 0.00000000e+00
5.37000000e-03 1.15953805e-01 3.19698873e-01 4.85354515e-01 0.00000000e+00
5.37500000e-03 1.15907336e-01 3.19740181e-01 4.85338103e-01 0.00000000e+00
5.38000000e-03 1.15860753e-01 3.19781116e-01 4.85321838e-01 0.00000000e+00
5.38500000e-03 1.15814078e-01 3.19821681e-01 4.85305727e-01 0.00000000e+00
5.39000000e-03 1.15767331e-01 3.19861879e-01 4.85289772e-01 0.00000000e+00
5.39500000e-03 1.15720532e-01 3.19901710e-01 4.85273980e-01 0.00000000e+00
5.40000000e-03 1.15673701e-01 3.19941179e-01 4.85258354e-01 0.00000000e+00
5.40500000e-03 1.15626857e-01 3.19980285e-01 4.85242899e-01 0.00000000e+00
5.41000000e-03 1.15580019e-01 3.20019032e-01 4.85227619e-01 0.00000000e+00
5.41500000e-03 1.15533206e-01 3.20057422e-01 4.85212517e-01 0.00000000e+00
5.42000000e-03 1.15486436e-01 3.20095456e-01 4.85197598e-01 0.00000000e+00
5.42500000e-03 1.15439728e-01 3.20133137e-01 4.85182865e-01 0.00000000e+00
5.43000000e-03 1.15393099e-01 3.20170466e-01 4.85168322e-01 0.00000000e+00
5.43500000e-03 1.15346567e-01 3.20207447e-01 4.85153972e-01 0.00000000e+00
5.44000000e-03 1.15300148e-01 3.20244080e-01 4.85139819e-01 0.00000000e+00
5.44500000e-03 1.15253859e-01 3.20280368e-01 4.85125865e-01 0.00000000e+00
5.45000000e-03 1.15207718e-01 3.20316312e-01 4.85112114e-01 0.00000000e+00
5.45500000e-03 1.15161739e-01 3.20351916e-01 4.85098567e-01 0.00000000e+00
5.46000000e-03 1.15115939e-01 3.20387181e-01 4.85085229e-01 0.00000000e+00
5.46500000e-03 1.15070333e-01 3.20422108e-01 4.85072101e-01 0.00000000e+00
5.47000000e-03 1.15024935e-01 3.20456700e-01 4.85059187e-01 0.00000000e+00
5.47500000e-03 1.14979762e-01 3.20490958e-01 4.85046487e-01 0.00000000e+00
5.48000000e-03 1.14934826e-01 3.20524884e-01 4.85034005e-01 0.00000000e+00
5.48500000e-03 1.14890143e-01 3.20558479e-01 4.85021742e-01 0.00000000e+00
5.49000000e-03 1.14845725e-01 3.20591744e-01 4.85009700e-01 0.00000000e+00
5.49500000e-03 1.14801587e-01 3.20624680e-01 4.84997882e-01 0.00000000e+00
5.50000000e-03 1.14757741e-01 3.20657289e-01 4.84986289e-01 0.00000000e+00
5.50500000e-03 1.14714199e-01 3.20689570e-01 4.84974922e-01 0.00000000e+00
5.51000000e-03 1.14668777e-01 3.20718775e-01 4.84951416e-01 8.74317079e-01
5.51500000e-03 1.14627991e-01 3.20752212e-01 4.84955269e-01 8.74260218e-01
5.52000000e-03 1.14585148e-01 3.20785047e-01 4.84941921e-01 8.74196028e-01
5.52500000e-03 1.14542995e-01 3.20815671e-01 4.84930878e-01 8.74134045e-01
5.53000000e-03 1.14501194e-01 3.20846251e-01 4.84920778e-01 8.74073191e-01
5.53500000e-03 1.14459739e-01 3.20876553e-01 4.84910946e-01 8.74012890e-01
5.54000000e-03 1.14418664e-01 3.20906523e-01 4.84901275e-01 8.73952935e-01
5.54500000e-03 1.14377986e-01 3.20936162e-01 4.84891807e-01 8.73893284e-01
5.55000000e-03 1.14337714e-01 3.20965469e-01 4.84882564e-01 8.73833907e-01
5.55500000e-03 1.14297858e-01 3.20994440e-01 4.84873559e-01 8.73774765e-01
5.56000000e-03 1.14258427e-01 3.21023074e-01 4.84864795e-01 8.73715810e-01
5.56500000e-03 1.14219428e-01 3.21051368e-01 4.84856271e-01 8.73656981e-01
5.57000000e-03 1.14180872e-01 3.21079318e-01 4.84847989e-01 8.73598216e-01
5.57500000e-03 1.14142766e-01 3.21106922e-01 4.84839949e-01 8.73539443e-01
5.58000000e-03 1.14105119e-01 3.21134176e-01 4.84832151e-01 8.73480591e-01
5.58500000e-03 1.14067938e-01 3.21161079e-01 4.84824596e-01 8.73421585e-01
5.59000000e-03 1.14031232e-01 3.21187627e-01 4.84817285e-01 8.73362352e-01
5.59500000e-03 1.13995007e-01 3.21213817e-01 4.84810218e-01 8.73302820e-01
5.60000000e-03 1.13959271e-01 3.21239646e-01 4.84803394e-01 8.73242924e-01
5.60500000e-03 1.13924030e-01 3.21265112e-01 4.84796815e-01 8.73182599e-01
5.61000000e-03 1.13889292e-01 3.21290211e-01 4.84790480e-01 8.73121792e-01
5.61500000e-03 1.13855062e-01 3.21314941e-01 4.84784389e-01 8.73060457e-01
5.62000000e-03 1.13821346e-01 3.21339300e-01 4.84778542e-01 8.72998556e-01
5.62500000e-03 1.13788151e-01 3.21363285e-01 4.84772939e-01 8.72936064e-01
5.63000000e-03 1.13755482e-01 3.21386894e-01 4.84767579e-01 8.72872966e-01
5.63500000e-03 1.13723345e-01 3.21410126e-01 4.84762462e-01 8.72809262e-01
5.64000000e-03 1.13691744e-01 3.21432978e-01 4.84757587e-01 8.72744963e-01
5.64500000e-03 1.13660684e-01 3.21455451e-01 4.84752952e-01 8.72680094e-01
5.65000000e-03 1.13630170e-01 3.21477542e-01 4.84748558e-01 8.72614695e-01
5.65500000e-03 1.13600206e-01 3.21499252e-01 4.84744403e-01 8.72548818e-01
5.66000000e-03 1.13570797e-01 3.21520579e-01 4.84740485e-01 8.72482530e-01
5.66500000e-03 1.13541946e-01 3.21541523e-01 4.84736805e-01 8.72415910e-01
5.67000000e-03 1.13513658e-01 3.21562085e-01 4.84733359e-01 8.72349048e-01
5.67500000e-03 1.13485936e-01 3.21582264e-01 4.84730147e-01 8.72282049e-01
5.68000000e-03 1.13458782e-01 3.21602061e-01 4.84727167e-01 8.72215025e-01
5.68500000e-03 1.13432201e-01 3.21621477e-01 4.84724418e-01 8.72148099e-01
5.69000000e-03 1.13406196e-01 3.21640512e-01 4.84721897e-01 8.72081401e-01
5.69500000e-03 1.13380768e-01 3.21659167e-01 4.84719603e-01 8.72015067e-01
5.70000000e-03 1.13355921e-01 3.21677444e-01 4.84717534e-01 8.71949239e-01
5.70500000e-03 1.13331658e-01 3.21695344e-01 4.84715688e-01 8.71884059e-01
5.71000000e-03 1.13307979e-01 3.21712867e-01 4.84714063e-01 8.71819671e-01
5.71500000e-03 1.13284888e-01 3.21730014e-01 4.84712658e-01 8.71756218e-01
5.72000000e-03 1.13262386e-01 3.21746788e-01 4.84711469e-01 8.71693839e-01
5.72500000e-03 1.13240475e-01 3.21763189e-01 4.84710496e-01 8.71632667e-01
5.73000000e-03 1.13219157e-01 3.21779218e-01 4.84709737e-01 8.71572828e-01
5.73500000e-03 1.13198432e-01 3.21794877e-01 4.84709189e-01 8.71514436e-01
5.74000000e-03 1.13178304e-01 3.21810166e-01 4.84708850e-01 8.71457597e-01
5.74500000e-03 1.13158771e-01 3.21825086e-01 4.84708718e-01 8.71402400e-01
5.75000000e-03 1.13139836e-01 3.21839637e-01 4.84708792e-01 8.71348919e-01
5.75500000e-03 1.13121500e-01 3.21853821e-01 4.84709070e-01 8.71297211e-01
5.76000000e-03 1.13103763e-01 3.21867638e-01 4.84709550e-01 8.71247315e-01
5.76500000e-03 1.13086626e-01 3.21881087e-01 4.84710230e-01 8.71199250e-01
5.77000000e-03 1.13070090e-01 3.21894169e-01 4.84711108e-01 8.71153015e-01
5.77500000e-03 1.13054154e-01 3.21906883e-01 4.84712183e-01 8.71108585e-01
5.78000000e-03 1.13038820e-01 3.21919229e-01 4.84713453e-01 8.71065919e-01
5.78500000e-03 1.13024088e-01 3.21931207e-01 4.84714918e-01 8.71024949e-01
5.79000000e-03 1.13009957e-01 3.21942815e-01 4.84716574e-01 8.70985591e-01
5.79500000e-03 1.12996428e-01 3.21954053e-01 4.84718422e-01 8.70947739e-01
5.80000000e-03 1.12983501e-01 3.21964919e-01 4.84720460e-01 8.70911268e-01
5.80500000e-03 1.12971176e-01 3.21975411e-01 4.84722687e-01 8.70876037e-01
5.81000000e-03 1.12959452e-01 3.21985529e-01 4.84725101e-01 8.70841892e-01
5.81500000e-03 1.12948330e-01 3.21995270e-01 4.84727703e-01 8.70808661e-01
5.82000000e-03 1.12937809e-01 3.22004632e-01 4.84730491e-01 8.70776168e-01
5.82500000e-03 1.12927888e-01 3.22013615e-01 4.84733464e-01 8.70744226e-01
5.83000000e-03 1.12918568e-01 3.22022214e-01 4.84736622e-01 8.70712644e-01
5.83500000e-03 1.12909847e-01 3.22030429e-01 4.84739965e-01 8.70681231e-01
5.84000000e-03 1.12901726e-01 3.22038258e-01 4.84743491e-01 8.70649799e-01
5.84500000e-03 1.12894203e-01 3.22045698e-01 4.84747201e-01 8.70618163e-01
5.85000000e-03 1.12887278e-01 3.22052747e-01 4.84751094e-01 8.70586149e-01
5.85500000e-03 1.12880950e-01 3.22059403e-01 4.84755170e-01 8.70553595e-01
5.86000000e-03 1.12875218e-01 3.22065666e-01 4.84759428e-01 8.70520354e-01
5.86500000e-03 1.12870082e-01 3.22071533e-01 4.84763869e-01 8.70486298e-01
5.87000000e-03 1.12865540e-01 3.22077003e-01 4.84768492e-01 8.70451319e-01
5.87500000e-03 1.12861591e-01 3.22082074e-01 4.84773296e-01 8.70415333e-01
5.88000000e-03 1.12858236e-01 3.22086748e-01 4.84778282e-01 8.70378282e-01
5.88500000e-03 1.12855471e-01 3.22091022e-01 4.84783448e-01 8.70340134e-01
5.89000000e-03 1.12853297e-01 3.22094897e-01 4.84788796e-01 8.70300887e-01
5.89500000e-03 1.12851713e-01 3.22098373e-01 4.84794323e-01 8.70260566e-01
5.90000000e-03 1.12850716e-01 3.22101452e-01 4.84800031e-01 8.70219227e-01
5.90500000e-03 1.12850306e-01 3.22104134e-01 4.84805918e-01 8.70176955e-01
5.91000000e-03 1.12850482e-01 3.22106421e-01 4.84811983e-01 8.70133862e-01
5.91500000e-03 1.12851242e-01 3.22108314e-01 4.84818226e-01 8.70090088e-01
5.92000000e-03 1.12852585e-01 3.22109817e-01 4.84824646e-01 8.70045800e-01
5.92500000e-03 1.12854509e-01 3.22110933e-01 4.84831242e-01 8.70001186e-01
5.93000000e-03 1.12857013e-01 3.22111664e-01 4.84838013e-01 8.69956457e-01
5.93500000e-03 1.12860096e-01 3.22112013e-01 4.84844958e-01 8.69911840e-01
5.94000000e-03 1.12863756e-01 3.22111986e-01 4.84852076e-01 8.69867580e-01
5.94500000e-03 1.12867992e-01 3.22111586e-01 4.84859366e-01 8.69823930e-01
5.95000000e-03 1.12872802e-01 3.22110817e-01 4.84866826e-01 8.69781153e-01
5.95500000e-03 1.12878184e-01 3.22109683e-01 4.84874456e-01 8.69739517e-01
5.96000000e-03 1.12884137e-01 3.22108191e-01 4.84882254e-01 8.69699289e-01
5.96500000e-03 1.12890659e-01 3.22106343e-01 4.84890219e-01 8.69660733e-01
5.97000000e-03 1.12897749e-01 3.22104146e-01 4.84898350e-01 8.69624108e-01
5.97500000e-03 1.12905404e-01 3.22101602e-01 4.84906645e-01 8.69589660e-01
5.98000000e-03 1.12913624e-01 3.22098718e-01 4.84915104e-01 8.69557625e-01
5.98500000e-03 1.12922405e-01 3.22095498e-01 4.84923726e-01 8.69528218e-01
5.99000000e-03 1.12931747e-01 3.22091945e-01 4.84932509e-01 8.69501640e-01
5.99500000e-03 1.12941648e-01 3.22088063e-01 4.84941453e-01 8.69478068e-01
6.00000000e-03 1.12952106e-01 3.22083856e-01 4.84950558e-01 8.69457656e-01
6.00500000e-03 1.12963119e-01 3.22079328e-01 4.84959821e-01 8.69440535e-01
6.01000000e-03 1.12974684e-01 3.22074481e-01 4.84969244e-01 8.69426809e-01
6.01500000e-03 1.12986801e-01 3.22069317e-01 4.84978825e-01 8.69416558e-01
6.02000000e-03 1.12999467e-01 3.22063839e-01 4.84988565e-01 8.69409834e-01
6.02500000e-03 1.13012680e-01 3.22058049e-01 4.84998462e-01 8.69406667e-01
6.03000000e-03 1.13026439e-01 3.22051947e-01 4.85008518e-01 8.69407059e-01
6.03500000e-03 1.13040740e-01 3.22045536e-01 4.85018732e-01 8.69410992e-01
6.04000000e-03 1.13055583e-01 3.22038814e-01 4.85029105e-01 8.69418425e-01
6.04500000e-03 1.13070965e-01 3.22031784e-01 4.85039636e-01 8.69429297e-01
6.05000000e-03 1.13086883e-01 3.22024444e-01 4.85050326e-01 8.69443530e-01
6.05500000e-03 1.13103336e-01 3.22016795e-01 4.85061175e-01 8.69461032e-01
6.06000000e-03 1.13120322e-01 3.22008836e-01 4.85072183e-01 8.69481697e-01
6.06500000e-03 1.13137837e-01 3.22000567e-01 4.85083352e-01 8.69505410e-01
6.07000000e-03 1.13155880e-01 3.21991988e-01 4.85094681e-01 8.69532048e-01
6.07500000e-03 1.13174449e-01 3.21983097e-01 4.85106170e-01 8.69561484e-01
6.08000000e-03 1.13193541e-01 3.21973895e-01 4.85117821e-01 8.69593588e-01
6.08500000e-03 1.13213153e-01 3.21964380e-01 4.85129633e-01 8.69628229e-01
6.09000000e-03 1.13233284e-01 3.21954553e-01 4.85141606e-01 8.69665280e-01
6.09500000e-03 1.13253930e-01 3.21944414e-01 4.85153741e-01 8.69704615e-01
6.10000000e-03 1.13275089e-01 3.21933962e-01 4.85166037e-01 8.69746117e-01
6.10500000e-03 1.13296758e-01 3.21923199e-01 4.85178496e-01 8.69789672e-01
6.11000000e-03 1.13318935e-01 3.21912125e-01 4.85191116e-01 8.69835174e-01
6.11500000e-03 1.13341616e-01 3.21900741e-01 4.85203897e-01 8.69882527e-01
6.12000000e-03 1.13364799e-01 3.21889049e-01 4.85216840e-01 8.69931641e-01
6.12500000e-03 1.13388481e-01 3.21877050e-01 4.85229944e-01 8.69982437e-01
6.13000000e-03 1.13412659e-01 3.21864747e-01 4.85243209e-01 8.70034842e-01
6.13500000e-03 1.13437330e-01 3.21852141e-01 4.85256633e-01 8.70088790e-01
6.14000000e-03 1.13462490e-01 3.21839236e-01 4.85270218e-01 8.70144224e-01
6.14500000e-03 1.13488137e-01 3.21826035e-01 4.85283962e-01 8.70201093e-01
6.15000000e-03 1.13514268e-01 3.21812540e-01 4.85297865e-01 8.70259347e-01
6.15500000e-03 1.13540878e-01 3.21798755e-01 4.85311927e-01 8.70318945e-01
6.16000000e-03 1.13567965e-01 3.21784683e-01 4.85326147e-01 8.70379846e-01
6.16500000e-03 1.13595525e-01 3.21770329e-01 4.85340525e-01 8.70442011e-01
6.17000000e-03 1.13623555e-01 3.21755695e-01 4.85355061e-01 8.70505400e-01
6.17500000e-03 1.13652051e-01 3.21740785e-01 4.85369754e-01 8.70569975e-01
6.18000000e-03 1.13681009e-01 3.21725602e-01 4.85384604e-01 8.70635696e-01
6.18500000e-03 1.13710426e-01 3.21710150e-01 4.85399612e-01 8.70702521e-01
6.19000000e-03 1.13740298e-01 3.21694432e-01 4.85414778e-01 8.70770406e-01
6.19500000e-03 1.13770621e-01 3.21678450e-01 4.85430101e-01 8.70839303e-01
6.20000000e-03 1.13801391e-01 3.21662207e-01 4.85445583e-01 8.70909164e-01
6.20500000e-03 1.13832604e-01 3.21645706e-01 4.85461223e-01 8.70979938e-01
6.21000000e-03 1.13864256e-01 3.21628948e-01 4.85477022e-01 8.71051571e-01
6.21500000e-03 1.13896343e-01 3.21611935e-01 4.85492981e-01 8.71124011e-01
6.22000000e-03 1.13928861e-01 3.21594668e-01 4.85509101e-01 8.71197204e-01
6.22500000e-03 1.13961805e-01 3.21577148e-01 4.85525381e-01 8.71271097e-01
6.23000000e-03 1.13995171e-01 3.21559375e-01 4.85541824e-01 8.71345642e-01
6.23500000e-03 1.14028955e-01 3.21541351e-01 4.85558430e-01 8.71420792e-01
6.24000000e-03 1.14063152e-01 3.21523073e-01 4.85575200e-01 8.71496507e-01
6.24500000e-03 1.14097757e-01 3.21504543e-01 4.85592134e-01 8.71572753e-01
6.25000000e-03 1.14132767e-01 3.21485760e-01 4.85609233e-01 8.71649504e-01
6.25500000e-03 1.14168176e-01 3.21466723e-01 4.85626498e-01 8.71726744e-01
6.26000000e-03 1.14203979e-01 3.21447432e-01 4.85643930e-01 8.71804467e-01
6.26500000e-03 1.14240171e-01 3.21427884e-01 4.85661529e-01 8.71882680e-01
6.27000000e-03 1.14276749e-01 3.21408081e-01 4.85679294e-01 8.71961400e-01
6.27500000e-03 1.14313706e-01 3.21388020e-01 4.85697227e-01 8.72040659e-01
6.28000000e-03 1.14351037e-01 3.21367702e-01 4.85715327e-01 8.72120500e-01
6.28500000e-03 1.14388738e-01 3.21347125e-01 4.85733594e-01 8.72200982e-01
6.29000000e-03 1.14426803e-01 3.21326291e-01 4.85752027e-01 8.72282175e-01
6.29500000e-03 1.14465227e-01 3.21305198e-01 4.85770625e-01 8.72364160e-01
6.30000000e-03 1.14504005e-01 3.21283847e-01 4.85789387e-01 8.72447030e-01
6.30500000e-03 1.14543130e-01 3.21262240e-01 4.85808313e-01 8.72530888e-01
6.31000000e-03 1.14582598e-01 3.21240378e-01 4.85827399e-01 8.72615842e-01
6.31500000e-03 1.14622404e-01 3.21218261e-01 4.85846646e-01 8.72702010e-01
6.32000000e-03 1.14662540e-01 3.21195893e-01 4.85866050e-01 8.72789508e-01
6.32500000e-03 1.14703002e-01 3.21173276e-01 4.85885610e-01 8.72878455e-01
6.33000000e-03 1.14743783e-01 3.21150413e-01 4.85905323e-01 8.72968969e-01
6.33500000e-03 1.14784879e-01 3.21127307e-01 4.85925187e-01 8.73061159e-01
6.34000000e-03 1.14826283e-01 3.21103962e-01 4.85945199e-01 8.73155128e-01
6.34500000e-03 1.14867988e-01 3.21080383e-01 4.85965356e-01 8.73250966e-01
6.35000000e-03 1.14909990e-01 3.21056573e-01 4.85985657e-01 8.73348750e-01
6.35500000e-03 1.14952281e-01 3.21032538e-01 4.86006097e-01 8.73448535e-01
6.36000000e-03 1.14994856e-01 3.21008281e-01 4.86026675e-01 8.73550357e-01
6.36500000e-03 1.15037708e-01 3.20983809e-01 4.86047388e-01 8.73654230e-01
6.37000000e-03 1.15080832e-01 3.20959126e-01 4.86068233e-01 8.73760138e-01
6.37500000e-03 1.15124221e-01 3.20934238e-01 4.86089208e-01 8.73868037e-01
6.38000000e-03 1.15167868e-01 3.20909147e-01 4.86110311e-01 8.73977852e-01
6.38500000e-03 1.15211768e-01 3.20883860e-01 4.86131539e-01 8.74089478e-01
6.39000000e-03 1.15255913e-01 3.20858381e-01 4.86152892e-01 8.74202771e-01
6.39500000e-03 1.15300298e-01 3.20832713e-01 4.86174366e-01 8.74317559e-01
6.40000000e-03 1.15344915e-01 3.20806861e-01 4.86195962e-01 8.74433631e-01
6.40500000e-03 1.15389759e-01 3.20780826e-01 4.86217679e-01 8.74550746e-01
6.41000000e-03 1.15434822e-01 3.20754611e-01 4.86239515e-01 8.74668626e-01
6.41500000e-03 1.15480099e-01 3.20728219e-01 4.86261470e-01 8.74786965e-01
6.42000000e-03 1.15525582e-01 3.20701651e-01 4.86283545e-01 8.74905428e-01
6.42500000e-03 1.15571265e-01 3.20674906e-01 4.86305739e-01 8.75023651e-01
6.43000000e-03 1.15617142e-01 3.20647985e-01 4.86328054e-01 8.75141251e-01
6.43500000e-03 1.15663205e-01 3.20620887e-01 4.86350490e-01 8.75257823e-01
6.44000000e-03 1.15709448e-01 3.20593611e-01 4.86373048e-01 8.75372947e-01
6.44500000e-03 1.15755865e-01 3.20566153e-01 4.86395730e-01 8.75486194e-01
6.45000000e-03 1.15802447e-01 3.20538512e-01 4.86418538e-01 8.75597129e-01
6.45500000e-03 1.15849190e-01 3.20510684e-01 4.86441473e-01 8.75705316e-01
6.46000000e-03 1.15896086e-01 3.20482665e-01 4.86464537e-01 8.75810326e-01
6.46500000e-03 1.15943128e-01 3.20454450e-01 4.86487733e-01 8.75911740e-01
6.47000000e-03 1.15990309e-01 3.20426034e-01 4.86511062e-01 8.76009156e-01
6.47500000e-03 1.16037624e-01 3.20397412e-01 4.86534527e-01 8.76102196e-01
6.48000000e-03 1.16085064e-01 3.20368579e-01 4.86558130e-01 8.76190508e-01
6.48500000e-03 1.16132623e-01 3.20339529e-01 4.86581874e-01 8.76273774e-01
6.49000000e-03 1.16180294e-01 3.20310255e-01 4.86605759e-01 8.76351716e-01
6.49500000e-03 1.16228072e-01 3.20280753e-01 4.86629788e-01 8.76424098e-01
6.50000000e-03 1.16275947e-01 3.20251016e-01 4.86653963e-01 8.76490731e-01
6.50500000e-03 1.16323915e-01 3.20221038e-01 4.86678286e-01 8.76551478e-01
6.51000000e-03 1.16371967e-01 3.20190816e-01 4.86702757e-01 8.76606257e-01
6.51500000e-03 1.16420097e-01 3.20160343e-01 4.86727377e-01 8.76655041e-01
6.52000000e-03 1.16468299e-01 3.20129616e-01 4.86752148e-01 8.76697864e-01
6.52500000e-03 1.16516565e-01 3.20098631e-01 4.86777070e-01 8.76734815e-01
6.53000000e-03 1.16564888e-01 3.20067384e-01 4.86802142e-01 8.76766048e-01
6.53500000e-03 1.16613262e-01 3.20035874e-01 4.86827366e-01 8.76791773e-01
6.54000000e-03 1.16661679e-01 3.20004098e-01 4.86852739e-01 8.76812256e-01
6.54500000e-03 1.16710133e-01 3.19972055e-01 4.86878261e-01 8.76827821e-01
6.55000000e-03 1.16758617e-01 3.19939746e-01 4.86903931e-01 8.76838843e-01
6.55500000e-03 1.16807124e-01 3.19907171e-01 4.86929747e-01 8.76845746e-01
6.56000000e-03 1.16855646e-01 3.19874333e-01 4.86955707e-01 8.76848996e-01
6.56500000e-03 1.16904178e-01 3.19841232e-01 4.86981809e-01 8.76849099e-01
6.57000000e-03 1.16952713e-01 3.19807873e-01 4.87008051e-01 8.76846595e-01
6.57500000e-03 1.17001242e-01 3.19774259e-01 4.87034430e-01 8.76842051e-01
6.58000000e-03 1.17049760e-01 3.19740395e-01 4.87060942e-01 8.76836051e-01
6.58500000e-03 1.17098260e-01 3.19706287e-01 4.87087585e-01 8.76829197e-01
6.59000000e-03 1.17146735e-01 3.19671941e-01 4.87114355e-01 8.76822095e-01
6.59500000e-03 1.17195178e-01 3.19637364e-01 4.87141249e-01 8.76815350e-01
6.60000000e-03 1.17243582e-01 3.19602562e-01 4.87168263e-01 8.76809562e-01
6.60500000e-03 1.17291941e-01 3.19567544e-01 4.87195394e-01 8.76805313e-01
6.61000000e-03 1.17340248e-01 3.19532317e-01 4.87222639e-01 8.76803165e-01
6.61500000e-03 1.17388496e-01 3.19496889e-01 4.87249993e-01 8.76803653e-01
6.62000000e-03 1.17436678e-01 3.19461268e-01 4.87277454e-01 8.76807274e-01
6.62500000e-03 1.17484788e-01 3.19425464e-01 4.87305017e-01 8.76814490e-01
6.63000000e-03 1.17532820e-01 3.19389483e-01 4.87332681e-01 8.76825715e-01
6.63500000e-03 1.17580766e-01 3.19353334e-01 4.87360441e-01 8.76841314e-01
6.64000000e-03 1.17628621e-01 3.19317024e-01 4.87388295e-01 8.76861600e-01
6.64500000e-03 1.17676378e-01 3.19280561e-01 4.87416241e-01 8.76886829e-01
6.65000000e-03 1.17724030e-01 3.19243952e-01 4.87444275e-01 8.76917198e-01
6.65500000e-03 1.17771571e-01 3.19207203e-01 4.87472397e-01 8.76952846e-01
6.66000000e-03 1.17818996e-01 3.19170319e-01 4.87500603e-01 8.76993849e-01
6.66500000e-03 1.17866297e-01 3.19133306e-01 4.87528893e-01 8.77040223e-01
6.67000000e-03 1.17913468e-01 3.19096168e-01 4.87557266e-01 8.77091927e-01
6.67500000e-03 1.17960505e-01 3.19058909e-01 4.87585720e-01 8.77148858e-01
6.68000000e-03 1.18007399e-01 3.19021530e-01 4.87614254e-01 8.77210858e-01
6.68500000e-03 1.18054146e-01 3.18984034e-01 4.87642869e-01 8.77277717e-01
6.69000000e-03 1.18100740e-01 3.18946422e-01 4.87671564e-01 8.77349175e-01
6.69500000e-03 1.18147174e-01 3.18908695e-01 4.87700340e-01 8.77424928e-01
6.70000000e-03 1.18193443e-01 3.18870850e-01 4.87729196e-01 8.77504628e-01
6.70500000e-03 1.18239542e-01 3.18832887e-01 4.87758134e-01 8.77587894e-01
6.71000000e-03 1.18285464e-01 3.18794804e-01 4.87787154e-01 8.77674314e-01
6.71500000e-03 1.18331204e-01 3.18756598e-01 4.87816257e-01 8.77763452e-01
6.72000000e-03 1.18376757e-01 3.18718264e-01 4.87845445e-01 8.77854851e-01
6.72500000e-03 1.18422117e-01 3.18679799e-01 4.87874719e-01 8.77948042e-01
6.73000000e-03 1.18467278e-01 3.18641197e-01 4.87904081e-01 8.78042551e-01
6.73500000e-03 1.18512236e-01 3.18602453e-01 4.87933531e-01 8.78137900e-01
6.74000000e-03 1.18556985e-01 3.18563563e-01 4.87963073e-01 8.78233617e-01
6.74500000e-03 1.18601520e-01 3.18524518e-01 4.87992706e-01 8.78329239e-01
6.75000000e-03 1.18645836e-01 3.18485314e-01 4.88022434e-01 8.78424320e-01
6.75500000e-03 1.18689927e-01 3.18445943e-01 4.88052257e-01 8.78518433e-01
6.76000000e-03 1.18733789e-01 3.18406399e-01 4.88082178e-01 8.78611178e-01
6.76500000e-03 1.18777418e-01 3.18366677e-01 4.88112197e-01 8.78702181e-01
6.77000000e-03 1.18820807e-01 3.18326769e-01 4.88142317e-01 8.78791105e-01
6.77500000e-03 1.18863952e-01 3.18286669e-01 4.88172539e-01 8.78877646e-01
6.78000000e-03 1.18906849e-01 3.18246372e-01 4.88202864e-01 8.78961538e-01
6.78500000e-03 1.18949493e-01 3.18205873e-01 4.88233294e-01 8.79042559e-01
6.79000000e-03 1.18991879e-01 3.18165165e-01 4.88263829e-01 8.79120527e-01
6.79500000e-03 1.19034002e-01 3.18124246e-01 4.88294471e-01 8.79195304e-01
6.80000000e-03 1.19075859e-01 3.18083111e-01 4.88325220e-01 8.79266794e-01
6.80500000e-03 1.19117444e-01 3.18041757e-01 4.88356077e-01 8.79334945e-01
6.81000000e-03 1.19158754e-01 3.18000182e-01 4.88387043e-01 8.79399749e-01
6.81500000e-03 1.19199784e-01 3.17958382e-01 4.88418117e-01 8.79461237e-01
6.82000000e-03 1.19240530e-01 3.17916358e-01 4.88449300e-01 8.79519480e-01
6.82500000e-03 1.19280987e-01 3.17874108e-01 4.88480593e-01 8.79574586e-01
6.83000000e-03 1.19321152e-01 3.17831632e-01 4.88511994e-01 8.79626697e-01
6.83500000e-03 1.19361021e-01 3.17788932e-01 4.88543504e-01 8.79675986e-01
6.84000000e-03 1.19400589e-01 3.17746008e-01 4.88575123e-01 8.79722653e-01
6.84500000e-03 1.19439853e-01 3.17702864e-01 4.88606850e-01 8.79766924e-01
6.85000000e-03 1.19478808e-01 3.17659500e-01 4.88638684e-01 8.79809041e-01
6.85500000e-03 1.19517452e-01 3.17615921e-01 4.88670626e-01 8.79849265e-01
6.86000000e-03 1.19555780e-01 3.17572130e-01 4.88702674e-01 8.79887864e-01
6.86500000e-03 1.19593788e-01 3.17528131e-01 4.88734827e-01 8.79925116e-01
6.87000000e-03 1.19631474e-01 3.17483928e-01 4.88767086e-01 8.79961300e-01
6.87500000e-03 1.19668833e-01 3.17439526e-01 4.88799449e-01 8.79996690e-01
6.88000000e-03 1.19705863e-01 3.17394930e-01 4.88831915e-01 8.80031557e-01
6.88500000e-03 1.19742559e-01 3.17350144e-01 4.88864485e-01 8.80066159e-01
6.89000000e-03 1.19778919e-01 3.17305174e-01 4.88897156e-01 8.80100738e-01
6.89500000e-03 1.19814940e-01 3.17260024e-01 4.88929928e-01 8.80135517e-01
6.90000000e-03 1.19850618e-01 3.17214699e-01 4.88962802e-01 8.80170698e-01
6.90500000e-03 1.19885950e-01 3.17169204e-01 4.88995775e-01 8.80206457e-01
6.91000000e-03 1.19920934e-01 3.17123544e-01 4.89028848e-01 8.80242940e-01
6.91500000e-03 1.19955566e-01 3.17077721e-01 4.89062019e-01 8.80280264e-01
6.92000000e-03 1.19989843e-01 3.17031741e-01 4.89095289e-01 8.80318511e-01
6.92500000e-03 1.20023764e-01 3.16985607e-01 4.89128658e-01 8.80357731e-01
6.93000000e-03 1.20057325e-01 3.16939320e-01 4.89162124e-01 8.80397937e-01
6.93500000e-03 1.20090524e-01 3.16892885e-01 4.89195688e-01 8.80439108e-01
6.94000000e-03 1.20123358e-01 3.16846303e-01 4.89229350e-01 8.80481186e-01
6.94500000e-03 1.20155825e-01 3.16799574e-01 4.89263109e-01 8.80524080e-01
6.95000000e-03 1.20187922e-01 3.16752701e-01 4.89296966e-01 8.80567662e-01
6.95500000e-03 1.20219648e-01 3.16705683e-01 4.89330921e-01 8.80611776e-01
6.96000000e-03 1.20251000e-01 3.16658520e-01 4.89364974e-01 8.80656231e-01
6.96500000e-03 1.20281977e-01 3.16611212e-01 4.89399126e-01 8.80700813e-01
6.97000000e-03 1.20312575e-01 3.16563757e-01 4.89433376e-01 8.80745281e-01
6.97500000e-03 1.20342793e-01 3.16516153e-01 4.89467725e-01 8.80789371e-01
6.98000000e-03 1.20372630e-01 3.16468398e-01 4.89502174e-01 8.80832804e-01
6.98500000e-03 1.20402083e-01 3.16420490e-01 4.89536723e-01 8.80875286e-01
6.99000000e-03 1.20431152e-01 3.16372426e-01 4.89571374e-01 8.80916513e-01
6.99500000e-03 1.20459833e-01 3.16324202e-01 4.89606125e-01 8.80956175e-01
7.00000000e-03 1.20488127e-01 3.16275815e-01 4.89640979e-01 8.80993960e-01
7.00500000e-03 1.20516030e-01 3.16227262e-01 4.89675935e-01 8.81029562e-01
7.01000000e-03 1.20543543e-01 3.16178538e-01 4.89710995e-01 8.81062680e-01
7.01500000e-03 1.20570663e-01 3.16129640e-01 4.89746159e-01 8.81093024e-01
7.02000000e-03 1.20597389e-01 3.16080564e-01 4.89781428e-01 8.81120320e-01
7.02500000e-03 1.20623720e-01 3.16031305e-01 4.89816802e-01 8.81144314e-01
7.03000000e-03 1.20649655e-01 3.15981860e-01 4.89852283e-01 8.81164775e-01
7.03500000e-03 1.20675194e-01 3.15932226e-01 4.89887870e-01 8.81181495e-01
7.04000000e-03 1.20700334e-01 3.15882399e-01 4.89923565e-01 8.81194299e-01
7.04500000e-03 1.20725075e-01 3.15832375e-01 4.89959368e-01 8.81203040e-01
7.05000000e-03 1.20749416e-01 3.15782152e-01 4.89995280e-01 8.81207604e-01
7.05500000e-03 1.20773357e-01 3.15731727e-01 4.90031301e-01 8.81207912e-01
7.06000000e-03 1.20796896e-01 3.15681097e-01 4.90067431e-01 8.81203918e-01
7.06500000e-03 1.20820033e-01 3.15630262e-01 4.90103672e-01 8.81195613e-01
7.07000000e-03 1.20842768e-01 3.15579218e-01 4.90140024e-01 8.81183023e-01
7.07500000e-03 1.20865100e-01 3.15527965e-01 4.90176488e-01 8.81166206e-01
7.08000000e-03 1.20887027e-01 3.15476502e-01 4.90213063e-01 8.81145256e-01
7.08500000e-03 1.20908551e-01 3.15424828e-01 4.90249750e-01 8.81120295e-01
7.09000000e-03 1.20929671e-01 3.15372944e-01 4.90286550e-01 8.81091477e-01
7.09500000e-03 1.20950385e-01 3.15320849e-01 4.90323463e-01 8.81058980e-01
7.10000000e-03 1.20970695e-01 3.15268544e-01 4.90360489e-01 8.81023007e-01
7.10500000e-03 1.20990600e-01 3.15216030e-01 4.90397629e-01 8.80983780e-01
7.11000000e-03 1.21010099e-01 3.15163308e-01 4.90434884e-01 8.80941539e-01
7.11500000e-03 1.21029193e-01 3.15110379e-01 4.90472253e-01 8.80896538e-01
7.12000000e-03 1.21047882e-01 3.15057244e-01 4.90509738e-01 8.80849038e-01
7.12500000e-03 1.21066166e-01 3.15003906e-01 4.90547337e-01 8.80799306e-01
7.13000000e-03 1.21084045e-01 3.14950367e-01 4.90585054e-01 8.80747613e-01
7.13500000e-03 1.21101518e-01 3.14896627e-01 4.90622886e-01 8.80694225e-01
7.14000000e-03 1.21118588e-01 3.14842690e-01 4.90660836e-01 8.80639404e-01
7.14500000e-03 1.21135253e-01 3.14788557e-01 4.90698904e-01 8.80583402e-01
7.15000000e-03 1.21151514e-01 3.14734230e-01 4.90737090e-01 8.80526460e-01
7.15500000e-03 1.21167372e-01 3.14679710e-01 4.90775396e-01 8.80468803e-01
7.16000000e-03 1.21182827e-01 3.14625000e-01 4.90813821e-01 8.80410636e-01
7.16500000e-03 1.21197880e-01 3.14570101e-01 4.90852367e-01 8.80352147e-01
7.17000000e-03 1.21212531e-01 3.14515015e-01 4.90891034e-01 8.80293500e-01
7.17500000e-03 1.21226781e-01 3.14459743e-01 4.90929824e-01 8.80234836e-01
7.18000000e-03 1.21240630e-01 3.14404285e-01 4.90968738e-01 8.80176270e-01
7.18500000e-03 1.21254081e-01 3.14348643e-01 4.91007775e-01 8.80117893e-01
7.19000000e-03 1.21267132e-01 3.14292817e-01 4.91046939e-01 8.80059771e-01
7.19500000e-03 1.21279786e-01 3.14236808e-01 4.91086228e-01 8.80001943e-01
7.20000000e-03 1.21292043e-01 3.14180616e-01 4.91125646e-01 8.79944423e-01
7.20500000e-03 1.21303905e-01 3.14124240e-01 4.91165192e-01 8.79887203e-01
7.21000000e-03 1.21315372e-01 3.14067681e-01 4.91204868e-01 8.79830250e-01
7.21500000e-03 1.21326446e-01 3.14010938e-01 4.91244676e-01 8.79773512e-01
7.22000000e-03 1.21337127e-01 3.13954009e-01 4.91284616e-01 8.79716915e-01
7.22500000e-03 1.21347417e-01 3.13896895e-01 4.91324691e-01 8.79660369e-01
7.23000000e-03 1.21357318e-01 3.13839594e-01 4.91364900e-01 8.79603769e-01
7.23500000e-03 1.21366830e-01 3.13782104e-01 4.91405246e-01 8.79546998e-01
7.24000000e-03 1.21375956e-01 3.13724425e-01 4.91445730e-01 8.79489927e-01
7.24500000e-03 1.21384696e-01 3.13666554e-01 4.91486353e-01 8.79432420e-01
7.25000000e-03 1.21393052e-01 3.13608491e-01 4.91527116e-01 8.79374336e-01
7.25500000e-03 1.21401025e-01 3.13550234e-01 4.91568022e-01 8.79315530e-01
7.26000000e-03 1.21408617e-01 3.13491780e-01 4.91609070e-01 8.79255860e-01
7.26500000e-03 1.21415831e-01 3.13433128e-01 4.91650263e-01 8.79195182e-01
7.27000000e-03 1.21422666e-01 3.13374277e-01 4.91691602e-01 8.79133359e-01
7.27500000e-03 1.21429126e-01 3.13315225e-01 4.91733087e-01 8.79070260e-01
7.28000000e-03 1.21435211e-01 3.13255970e-01 4.91774721e-01 8.79005762e-01
7.28500000e-03 1.21440924e-01 3.13196511e-01 4.91816503e-01 8.78939753e-01
7.29000000e-03 1.21446267e-01 3.13136845e-01 4.91858437e-01 8.78872131e-01
7.29500000e-03 1.21451240e-01 3.13076973e-01 4.91900522e-01 8.78802808e-01
7.30000000e-03 1.21455847e-01 3.13016892e-01 4.91942759e-01 8.78731710e-01
7.30500000e-03 1.21460089e-01 3.12956601e-01 4.91985151e-01 8.78658777e-01
7.31000000e-03 1.21463968e-01 3.12896099e-01 4.92027697e-01 8.78583966e-01
7.31500000e-03 1.21467486e-01 3.12835386e-01 4.92070399e-01 8.78507247e-01
7.32000000e-03 1.21470646e-01 3.12774460e-01 4.92113257e-01 8.78428610e-01
7.32500000e-03 1.21473448e-01 3.12713320e-01 4.92156274e-01 8.78348058e-01
7.33000000e-03 1.21475895e-01 3.12651966e-01 4.92199449e-01 8.78265610e-01
7.33500000e-03 1.21477990e-01 3.12590398e-01 4.92242783e-01 8.78181301e-01
7.34000000e-03 1.21479735e-01 3.12528615e-01 4.92286278e-01 8.78095179e-01
7.34500000e-03 1.21481131e-01 3.12466616e-01 4.92329934e-01 8.78007309e-01
7.35000000e-03 1.21482181e-01 3.12404401e-01 4.92373753e-01 8.77917767e-01
7.35500000e-03 1.21482887e-01 3.12341970e-01 4.92417734e-01 8.77826640e-01
7.36000000e-03 1.21483252e-01 3.12279323e-01 4.92461879e-01 8.77734028e-01
7.36500000e-03 1.21483277e-01 3.12216460e-01 4.92506189e-01 8.77640039e-01
7.37000000e-03 1.21482965e-01 3.12153381e-01 4.92550664e-01 8.77544791e-01
7.37500000e-03 1.21482319e-01 3.12090085e-01 4.92595305e-01 8.77448407e-01
7.38000000e-03 1.21481341e-01 3.12026573e-01 4.92640113e-01 8.77351017e-01
7.38500000e-03 1.21480033e-01 3.11962845e-01 4.92685089e-01 8.77252754e-01
7.39000000e-03 1.21478397e-01 3.11898900e-01 4.92730234e-01 8.77153754e-01
7.39500000e-03 1.21476437e-01 3.11834739e-01 4.92775548e-01 8.77054155e-01
7.40000000e-03 1.21474155e-01 3.11770361e-01 4.92821032e-01 8.76954094e-01
7.40500000e-03 1.21471552e-01 3.11705766e-01 4.92866687e-01 8.76853705e-01
7.41000000e-03 1.21468632e-01 3.11640955e-01 4.92912513e-01 8.76753120e-01
7.41500000e-03 1.21465398e-01 3.11575927e-01 4.92958513e-01 8.76652468e-01
7.42000000e-03 1.21461851e-01 3.11510682e-01 4.93004685e-01 8.76551869e-01
7.42500000e-03 1.21457995e-01 3.11445219e-01 4.93051031e-01 8.76451438e-01
7.43000000e-03 1.21453832e-01 3.11379539e-01 4.93097553e-01 8.76351281e-01
7.43500000e-03 1.21449364e-01 3.11313640e-01 4.93144249e-01 8.76251495e-01
7.44000000e-03 1.21444596e-01 3.11247522e-01 4.93191123e-01 8.76152166e-01
7.44500000e-03 1.21439528e-01 3.11181186e-01 4.93238173e-01 8.76053369e-01
7.45000000e-03 1.21434164e-01 3.11114629e-01 4.93285401e-01 8.75955169e-01
7.45500000e-03 1.21428507e-01 3.11047852e-01 4.93332808e-01 8.75857616e-01
7.46000000e-03 1.21422559e-01 3.10980854e-01 4.93380394e-01 8.75760747e-01
7.46500000e-03 1.21416323e-01 3.10913634e-01 4.93428161e-01 8.75664589e-01
7.47000000e-03 1.21409803e-01 3.10846190e-01 4.93476108e-01 8.75569152e-01
7.47500000e-03 1.21403000e-01 3.10778523e-01 4.93524237e-01 8.75474434e-01
7.48000000e-03 1.21395918e-01 3.10710631e-01 4.93572548e-01 8.75380421e-01
7.48500000e-03 1.21388559e-01 3.10642513e-01 4.93621042e-01 8.75287083e-01
7.49000000e-03 1.21380927e-01 3.10574167e-01 4.93669720e-01 8.75194381e-01
7.49500000e-03 1.21373024e-01 3.10505594e-01 4.93718582e-01 8.75102262e-01
7.50000000e-03 1.21364853e-01 3.10436791e-01 4.93767630e-01 8.75010664e-01
7.50500000e-03 1.21356417e-01 3.10367757e-01 4.93816863e-01 8.74919511e-01
7.51000000e-03 1.21347719e-01 3.10298492e-01 4.93866283e-01 8.74828722e-01
7.51500000e-03 1.21338762e-01 3.10228994e-01 4.93915889e-01 8.74738207e-01
7.52000000e-03 1.21329549e-01 3.10159261e-01 4.93965683e-01 8.74647867e-01
7.52500000e-03 1.21320083e-01 3.10089292e-01 4.94015666e-01 8.74557602e-01
7.53000000e-03 1.21310367e-01 3.10019087e-01 4.94065838e-01 8.74467303e-01
7.53500000e-03 1.21300403e-01 3.09948644e-01 4.94116199e-01 8.74376862e-01
7.54000000e-03 1.21290196e-01 3.09877962e-01 4.94166750e-01 8.74286169e-01
7.54500000e-03 1.21279747e-01 3.09807039e-01 4.94217492e-01 8.74195113e-01
7.55000000e-03 1.21269060e-01 3.09735875e-01 4.94268425e-01 8.74103587e-01
7.55500000e-03 1.21258138e-01 3.09664468e-01 4.94319550e-01 8.74011485e-01
7.56000000e-03 1.21246984e-01 3.09592818e-01 4.94370868e-01 8.73918707e-01
7.56500000e-03 1.21235601e-01 3.09520924e-01 4.94422378e-01 8.73825157e-01
7.57000000e-03 1.21223992e-01 3.09448784e-01 4.94474082e-01 8.73730746e-01
7.57500000e-03 1.21212160e-01 3.09376399e-01 4.94525980e-01 8.73635395e-01
7.58000000e-03 1.21200108e-01 3.09303766e-01 4.94578073e-01 8.73539030e-01
7.58500000e-03 1.21187840e-01 3.09230887e-01 4.94630360e-01 8.73441588e-01
7.59000000e-03 1.21175358e-01 3.09157760e-01 4.94682843e-01 8.73343016e-01
7.59500000e-03 1.21162665e-01 3.09084384e-01 4.94735522e-01 8.73243271e-01
7.60000000e-03 1.21149764e-01 3.09010760e-01 4.94788398e-01 8.73142322e-01
7.60500000e-03 1.21136660e-01 3.08936887e-01 4.94841470e-01 8.73040145e-01
7.61000000e-03 1.21123353e-01 3.08862765e-01 4.94894739e-01 8.72936730e-01
7.61500000e-03 1.21109849e-01 3.08788394e-01 4.94948207e-01 8.72832078e-01
7.62000000e-03 1.21096149e-01 3.08713774e-01 4.95001872e-01 8.72726198e-01
7.62500000e-03 1.21082257e-01 3.08638905e-01 4.95055736e-01 8.72619111e-01
7.63000000e-03 1.21068176e-01 3.08563788e-01 4.95109798e-01 8.72510846e-01
7.63500000e-03 1.21053909e-01 3.08488421e-01 4.95164060e-01 8.72401444e-01
7.64000000e-03 1.21039460e-01 3.08412807e-01 4.95218521e-01 8.72290952e-01
7.64500000e-03 1.21024830e-01 3.08336945e-01 4.95273181e-01 8.72179427e-01
7.65000000e-03 1.21010024e-01 3.08260835e-01 4.95328042e-01 8.72066933e-01
7.65500000e-03 1.20995044e-01 3.08184478e-01 4.95383103e-01 8.71953539e-01
7.66000000e-03 1.20979894e-01 3.08107875e-01 4.95438364e-01 8.71839324e-01
7.66500000e-03 1.20964577e-01 3.08031026e-01 4.95493826e-01 8.71724369e-01
7.67000000e-03 1.20949095e-01 3.07953932e-01 4.95549489e-01 8.71608762e-01
7.67500000e-03 1.20933452e-01 3.07876593e-01 4.95605353e-01 8.71492594e-01
7.68000000e-03 1.20917650e-01 3.07799009e-01 4.95661418e-01 8.71375961e-01
7.68500000e-03 1.20901694e-01 3.07721182e-01 4.95717685e-01 8.71258960e-01
7.69000000e-03 1.20885586e-01 3.07643112e-01 4.95774152e-01 8.71141694e-01
7.69500000e-03 1.20869329e-01 3.07564800e-01 4.95830822e-01 8.71024263e-01
7.70000000e-03 1.20852926e-01 3.07486246e-01 4.95887693e-01 8.70906771e-01
7.70500000e-03 1.20836380e-01 3.07407450e-01 4.95944765e-01 8.70789322e-01
7.71000000e-03 1.20819695e-01 3.07328414e-01 4.96002039e-01 8.70672020e-01
7.71500000e-03 1.20802873e-01 3.07249138e-01 4.96059515e-01 8.70554968e-01
7.72000000e-03 1.20785918e-01 3.07169622e-01 4.96117192e-01 8.70438266e-01
7.72500000e-03 1.20768832e-01 3.07089868e-01 4.96175071e-01 8.70322013e-01
7.73000000e-03 1.20751618e-01 3.07009874e-01 4.96233151e-01 8.70206305e-01
7.73500000e-03 1.20734280e-01 3.06929642e-01 4.96291433e-01 8.70091233e-01
7.74000000e-03 1.20716821e-01 3.06849172e-01 4.96349916e-01 8.69976883e-01
7.74500000e-03 1.20699244e-01 3.06768464e-01 4.96408601e-01 8.69863337e-01
7.75000000e-03 1.20681551e-01 3.06687519e-01 4.96467487e-01 8.69750668e-01
7.75500000e-03 1.20663746e-01 3.06606336e-01 4.96526574e-01 8.69638942e-01
7.76000000e-03 1.20645832e-01 3.06524917e-01 4.96585862e-01 8.69528216e-01
7.76500000e-03 1.20627811e-01 3.06443259e-01 4.96645351e-01 8.69418540e-01
7.77000000e-03 1.20609688e-01 3.06361365e-01 4.96705041e-01 8.69309949e-01
7.77500000e-03 1.20591464e-01 3.06279234e-01 4.96764932e-01 8.69202469e-01
7.78000000e-03 1.20573143e-01 3.06196864e-01 4.96825024e-01 8.69096115e-01
7.78500000e-03 1.20554727e-01 3.06114258e-01 4.96885316e-01 8.68990884e-01
7.79000000e-03 1.20536221e-01 3.06031413e-01 4.96945809e-01 8.68886765e-01
7.79500000e-03 1.20517626e-01 3.05948329e-01 4.97006502e-01 8.68783730e-01
7.80000000e-03 1.20498946e-01 3.05865007e-01 4.97067395e-01 8.68681734e-01
7.80500000e-03 1.20480184e-01 3.05781445e-01 4.97128489e-01 8.68580720e-01
7.81000000e-03 1.20461342e-01 3.05697644e-01 4.97189784e-01 8.68480615e-01
7.81500000e-03 1.20442424e-01 3.05613601e-01 4.97251278e-01 8.68381331e-01
7.82000000e-03 1.20423432e-01 3.05529318e-01 4.97312973e-01 8.68282765e-01
7.82500000e-03 1.20404370e-01 3.05444792e-01 4.97374868e-01 8.68184799e-01
7.83000000e-03 1.20385240e-01 3.05360024e-01 4.97436963e-01 8.68087303e-01
7.83500000e-03 1.20366046e-01 3.05275011e-01 4.97499258e-01 8.67990132e-01
7.84000000e-03 1.20346789e-01 3.05189754e-01 4.97561754e-01 8.67893132e-01
7.84500000e-03 1.20327474e-01 3.05104252e-01 4.97624449e-01 8.67796136e-01
7.85000000e-03 1.20308102e-01 3.05018503e-01 4.97687345e-01 8.67698971e-01
7.85500000e-03 1.20288677e-01 3.04932507e-01 4.97750441e-01 8.67601453e-01
7.86000000e-03 1.20269202e-01 3.04846262e-01 4.97813737e-01 8.67503396e-01
7.86500000e-03 1.20249679e-01 3.04759768e-01 4.97877234e-01 8.67404610e-01
7.87000000e-03 1.20230112e-01 3.04673024e-01 4.97940931e-01 8.67304901e-01
7.87500000e-03 1.20210502e-01 3.04586029e-01 4.98004828e-01 8.67204079e-01
7.88000000e-03 1.20190853e-01 3.04498782e-01 4.98068925e-01 8.67101954e-01
7.88500000e-03 1.20171168e-01 3.04411282e-01 4.98133222e-01 8.66998343e-01
7.89000000e-03 1.20151449e-01 3.04323529e-01 4.98197720e-01 8.66893070e-01
7.89500000e-03 1.20131699e-01 3.04235522e-01 4.98262418e-01 8.66785967e-01
7.90000000e-03 1.20111921e-01 3.04147260e-01 4.98327316e-01 8.66676879e-01
7.90500000e-03 1.20092117e-01 3.04058744e-01 4.98392413e-01 8.66565664e-01
7.91000000e-03 1.20072291e-01 3.03969972e-01 4.98457711e-01 8.66452195e-01
7.91500000e-03 1.20052444e-01 3.03880945e-01 4.98523207e-01 8.66336362e-01
7.92000000e-03 1.20032580e-01 3.03791661e-01 4.98588904e-01 8.66218075e-01
7.92500000e-03 1.20012701e-01 3.03702122e-01 4.98654799e-01 8.66097262e-01
7.93000000e-03 1.19992809e-01 3.03612327e-01 4.98720893e-01 8.65973874e-01
7.93500000e-03 1.19972908e-01 3.03522277e-01 4.98787186e-01 8.65847884e-01
7.94000000e-03 1.19952999e-01 3.03431972e-01 4.98853676e-01 8.65719285e-01
7.94500000e-03 1.19933086e-01 3.03341412e-01 4.98920365e-01 8.65588097e-01
7.95000000e-03 1.19913171e-01 3.03250597e-01 4.98987250e-01 8.65454361e-01
7.95500000e-03 1.19893256e-01 3.03159529e-01 4.99054332e-01 8.65318142e-01
7.96000000e-03 1.19873344e-01 3.03068209e-01 4.99121610e-01 8.65179527e-01
7.96500000e-03 1.19853437e-01 3.02976637e-01 4.99189084e-01 8.65038628e-01
7.97000000e-03 1.19833538e-01 3.02884814e-01 4.99256752e-01 8.64895574e-01
7.97500000e-03 1.19813648e-01 3.02792742e-01 4.99324615e-01 8.64750517e-01
7.98000000e-03 1.19793772e-01 3.02700422e-01 4.99392671e-01 8.64603628e-01
7.98500000e-03 1.19773910e-01 3.02607854e-01 4.99460920e-01 8.64455096e-01
7.99000000e-03 1.19754065e-01 3.02515042e-01 4.99529360e-01 8.64305123e-01
7.99500000e-03 1.19734240e-01 3.02421985e-01 4.99597992e-01 8.64153926e-01
8.00000000e-03 1.19714436e-01 3.02328685e-01 4.99666813e-01 8.64001736e-01
8.00500000e-03 1.19694657e-01 3.02235145e-01 4.99735824e-01 8.63848789e-01
8.01000000e-03 1.19674903e-01 3.02141365e-01 4.99805023e-01 8.63695333e-01
8.01500000e-03 1.19655179e-01 3.02047347e-01 4.99874409e-01 8.63541617e-01
8.02000000e-03 1.19635485e-01 3.01953094e-01 4.99943981e-01 8.63387896e-01
8.02500000e-03 1.19615824e-01 3.01858606e-01 5.00013739e-01 8.63234421e-01
8.03000000e-03 1.19596198e-01 3.01763886e-01 5.00083680e-01 8.63081445e-01
8.03500000e-03 1.19576609e-01 3.01668934e-01 5.00153805e-01 8.62929213e-01
8.04000000e-03 1.19557060e-01 3.01573754e-01 5.00224111e-01 8.62777965e-01
8.04500000e-03 1.19537552e-01 3.01478346e-01 5.00294599e-01 8.62627932e-01
8.05000000e-03 1.19518087e-01 3.01382712e-01 5.00365266e-01 8.62479332e-01
8.05500000e-03 1.19498668e-01 3.01286853e-01 5.00436112e-01 8.62332371e-01
8.06000000e-03 1.19479297e-01 3.01190773e-01 5.00507136e-01 8.62187240e-01
8.06500000e-03 1.19459975e-01 3.01094471e-01 5.00578336e-01 8.62044113e-01
8.07000000e-03 1.19440705e-01 3.00997949e-01 5.00649712e-01 8.61903144e-01
8.07500000e-03 1.19421489e-01 3.00901209e-01 5.00721262e-01 8.61764469e-01
8.08000000e-03 1.19402328e-01 3.00804253e-01 5.00792985e-01 8.61628203e-01
8.08500000e-03 1.19383224e-01 3.00707081e-01 5.00864880e-01 8.61494439e-01
8.09000000e-03 1.19364180e-01 3.00609695e-01 5.00936947e-01 8.61363246e-01
8.09500000e-03 1.19345197e-01 3.00512096e-01 5.01009183e-01 8.61234672e-01
8.10000000e-03 1.19326277e-01 3.00414286e-01 5.01081589e-01 8.61108738e-01
8.10500000e-03 1.19307423e-01 3.00316266e-01 5.01154162e-01 8.60985446e-01
8.11000000e-03 1.19288635e-01 3.00218036e-01 5.01226903e-01 8.60864769e-01
8.11500000e-03 1.19269916e-01 3.00119599e-01 5.01299809e-01 8.60746660e-01
8.12000000e-03 1.19251267e-01 3.00020954e-01 5.01372881e-01 8.60631049e-01
8.12500000e-03 1.19232690e-01 2.99922103e-01 5.01446116e-01 8.60517841e-01
8.13000000e-03 1.19214187e-01 2.99823046e-01 5.01519514e-01 8.60406922e-01
8.13500000e-03 1.19195760e-01 2.99723786e-01 5.01593075e-01 8.60298155e-01
8.14000000e-03 1.19177410e-01 2.99624321e-01 5.01666796e-01 8.60191386e-01
8.14500000e-03 1.19159139e-01 2.99524654e-01 5.01740678e-01 8.60086441e-01
8.15000000e-03 1.19140949e-01 2.99424785e-01 5.01814719e-01 8.59983130e-01
8.15500000e-03 1.19122841e-01 2.99324714e-01 5.01888919e-01 8.59881248e-01
8.16000000e-03 1.19104817e-01 2.99224442e-01 5.01963276e-01 8.59780575e-01
8.16500000e-03 1.19086878e-01 2.99123970e-01 5.02037790e-01 8.59680882e-01
8.17000000e-03 1.19069026e-01 2.99023298e-01 5.02112460e-01 8.59581928e-01
8.17500000e-03 1.19051263e-01 2.98922426e-01 5.02187286e-01 8.59483465e-01
8.18000000e-03 1.19033590e-01 2.98821354e-01 5.02262266e-01 8.59385238e-01
8.18500000e-03 1.19016009e-01 2.98720084e-01 5.02337399e-01 8.59286992e-01
8.19000000e-03 1.18998520e-01 2.98618616e-01 5.02412686e-01 8.59188467e-01
8.19500000e-03 1.18981126e-01 2.98516948e-01 5.02488125e-01 8.59089403e-01
8.20000000e-03 1.18963828e-01 2.98415083e-01 5.02563715e-01 8.58989547e-01
8.20500000e-03 1.18946628e-01 2.98313019e-01 5.02639457e-01 8.58888646e-01
8.21000000e-03 1.18929526e-01 2.98210757e-01 5.02715349e-01 8.58786458e-01
8.21500000e-03 1.18912524e-01 2.98108296e-01 5.02791390e-01 8.58682748e-01
8.22000000e-03 1.18895624e-01 2.98005637e-01 5.02867580e-01 8.58577293e-01
8.22500000e-03 1.18878826e-01 2.97902780e-01 5.02943918e-01 8.58469882e-01
8.23000000e-03 1.18862132e-01 2.97799724e-01 5.03020404e-01 8.58360320e-01
8.23500000e-03 1.18845544e-01 2.97696470e-01 5.03097038e-01 8.58248428e-01
8.24000000e-03 1.18829062e-01 2.97593016e-01 5.03173817e-01 8.58134046e-01
8.24500000e-03 1.18812688e-01 2.97489364e-01 5.03250742e-01 8.58017034e-01
8.25000000e-03 1.18796422e-01 2.97385512e-01 5.03327813e-01 8.57897271e-01
8.25500000e-03 1.18780267e-01 2.97281461e-01 5.03405028e-01 8.57774661e-01
8.26000000e-03 1.18764223e-01 2.97177210e-01 5.03482386e-01 8.57649131e-01
8.26500000e-03 1.18748291e-01 2.97072760e-01 5.03559888e-01 8.57520629e-01
8.27000000e-03 1.18732473e-01 2.96968109e-01 5.03637533e-01 8.57389131e-01
8.27500000e-03 1.18716770e-01 2.96863259e-01 5.03715319e-01 8.57254638e-01
8.28000000e-03 1.18701182e-01 2.96758208e-01 5.03793246e-01 8.57117174e-01
8.28500000e-03 1.18685710e-01 2.96652958e-01 5.03871314e-01 8.56976791e-01
8.29000000e-03 1.18670356e-01 2.96547507e-01 5.03949521e-01 8.56833564e-01
8.29500000e-03 1.18655121e-01 2.96441857e-01 5.04027868e-01 8.56687594e-01
8.30000000e-03 1.18640005e-01 2.96336007e-01 5.04106352e-01 8.56539006e-01
8.30500000e-03 1.18625010e-01 2.96229958e-01 5.04184973e-01 8.56387947e-01
8.31000000e-03 1.18610136e-01 2.96123711e-01 5.04263730e-01 8.56234588e-01
8.31500000e-03 1.18595384e-01 2.96017266e-01 5.04342623e-01 8.56079120e-01
8.32000000e-03 1.18580756e-01 2.95910623e-01 5.04421650e-01 8.55921753e-01
8.32500000e-03 1.18566251e-01 2.95803784e-01 5.04500810e-01 8.55762716e-01
8.33000000e-03 1.18551871e-01 2.95696749e-01 5.04580102e-01 8.55602254e-01
8.33500000e-03 1.18537616e-01 2.95589521e-01 5.04659525e-01 8.55440625e-01
8.34000000e-03 1.18523488e-01 2.95482100e-01 5.04739078e-01 8.55278101e-01
8.34500000e-03 1.18509487e-01 2.95374487e-01 5.04818759e-01 8.55114962e-01
8.35000000e-03 1.18495613e-01 2.95266685e-01 5.04898568e-01 8.54951499e-01
8.35500000e-03 1.18481867e-01 2.95158694e-01 5.04978502e-01 8.54788006e-01
8.36000000e-03 1.18468251e-01 2.95050518e-01 5.05058561e-01 8.54624780e-01
8.36500000e-03 1.18454764e-01 2.94942159e-01 5.05138744e-01 8.54462121e-01
8.37000000e-03 1.18441408e-01 2.94833618e-01 5.05219048e-01 8.54300326e-01
8.37500000e-03 1.18428182e-01 2.94724898e-01 5.05299472e-01 8.54139689e-01
8.38000000e-03 1.18415087e-01 2.94616003e-01 5.05380014e-01 8.53980497e-01
8.38500000e-03 1.18402125e-01 2.94506934e-01 5.05460674e-01 8.53823029e-01
8.39000000e-03 1.18389295e-01 2.94397694e-01 5.05541449e-01 8.53667553e-01
8.39500000e-03 1.18376597e-01 2.94288288e-01 5.05622338e-01 8.53514326e-01
8.40000000e-03 1.18364033e-01 2.94178717e-01 5.05703338e-01 8.53363588e-01
8.40500000e-03 1.18351603e-01 2.94068985e-01 5.05784449e-01 8.53215563e-01
8.41000000e-03 1.18339308e-01 2.93959096e-01 5.05865669e-01 8.53070459e-01
8.41500000e-03 1.18327147e-01 2.93849053e-01 5.05946995e-01 8.52928463e-01
8.42000000e-03 1.18315121e-01 2.93738860e-01 5.06028426e-01 8.52789739e-01
8.42500000e-03 1.18303230e-01 2.93628520e-01 5.06109960e-01 8.52654432e-01
8.43000000e-03 1.18291475e-01 2.93518037e-01 5.06191596e-01 8.52522663e-01
8.43500000e-03 1.18279857e-01 2.93407415e-01 5.06273332e-01 8.52394528e-01
8.44000000e-03 1.18268375e-01 2.93296657e-01 5.06355165e-01 8.52270099e-01
8.44500000e-03 1.18257029e-01 2.93185767e-01 5.06437095e-01 8.52149426e-01
8.45000000e-03 1.18245821e-01 2.93074749e-01 5.06519119e-01 8.52032529e-01
8.45500000e-03 1.18234750e-01 2.92963605e-01 5.06601235e-01 8.51919409e-01
8.46000000e-03 1.18223817e-01 2.92852341e-01 5.06683443e-01 8.51810039e-01
8.46500000e-03 1.18213021e-01 2.92740958e-01 5.06765740e-01 8.51704370e-01
8.47000000e-03 1.18202364e-01 2.92629462e-01 5.06848124e-01 8.51602327e-01
8.47500000e-03 1.18191845e-01 2.92517853e-01 5.06930595e-01 8.51503817e-01
8.48000000e-03 1.18181464e-01 2.92406137e-01 5.07013150e-01 8.51408722e-01
8.48500000e-03 1.18171222e-01 2.92294316e-01 5.07095788e-01 8.51316906e-01
8.49000000e-03 1.18161119e-01 2.92182392e-01 5.07178507e-01 8.51228214e-01
8.49500000e-03 1.18151155e-01 2.92070368e-01 5.07261307e-01 8.51142475e-01
8.50000000e-03 1.18141330e-01 2.91958246e-01 5.07344185e-01 8.51059499e-01
8.50500000e-03 1.18131645e-01 2.91846030e-01 5.07427141e-01 8.50979088e-01
8.51000000e-03 1.18122099e-01 2.91733720e-01 5.07510172e-01 8.50901026e-01
8.51500000e-03 1.18112692e-01 2.91621320e-01 5.07593279e-01 8.50825092e-01
8.52000000e-03 1.18103426e-01 2.91508829e-01 5.07676459e-01 8.50751055e-01
8.52500000e-03 1.18094299e-01 2.91396251e-01 5.07759712e-01 8.50678677e-01
8.53000000e-03 1.18085312e-01 2.91283586e-01 5.07843037e-01 8.50607719e-01
8.53500000e-03 1.18076465e-01 2.91170834e-01 5.07926432e-01 8.50537936e-01
8.54000000e-03 1.18067757e-01 2.91057998e-01 5.08009897e-01 8.50469087e-01
8.54500000e-03 1.18059191e-01 2.90945077e-01 5.08093430e-01 8.50400931e-01
8.55000000e-03 1.18050764e-01 2.90832072e-01 5.08177031e-01 8.50333231e-01
8.55500000e-03 1.18042477e-01 2.90718984e-01 5.08260699e-01 8.50265757e-01
8.56000000e-03 1.18034330e-01 2.90605811e-01 5.08344434e-01 8.50198286e-01
8.56500000e-03 1.18026324e-01 2.90492555e-01 5.08428233e-01 8.50130603e-01
8.57000000e-03 1.18018458e-01 2.90379215e-01 5.08512098e-01 8.50062506e-01
8.57500000e-03 1.18010732e-01 2.90265790e-01 5.08596027e-01 8.49993805e-01
8.58000000e-03 1.18003146e-01 2.90152279e-01 5.08680019e-01 8.49924323e-01
8.58500000e-03 1.17995700e-01 2.90038684e-01 5.08764074e-01 8.49853897e-01
8.59000000e-03 1.17988394e-01 2.89925001e-01 5.08848190e-01 8.49782383e-01
8.59500000e-03 1.17981227e-01 2.89811231e-01 5.08932369e-01 8.49709650e-01
8.60000000e-03 1.17974201e-01 2.89697373e-01 5.09016608e-01 8.49635588e-01
8.60500000e-03 1.17967314e-01 2.89583426e-01 5.09100908e-01 8.49560103e-01
8.61000000e-03 1.17960567e-01 2.89469389e-01 5.09185267e-01 8.49483121e-01
8.61500000e-03 1.17953959e-01 2.89355261e-01 5.09269685e-01 8.49404586e-01
8.62000000e-03 1.17947491e-01 2.89241041e-01 5.09354162e-01 8.49324462e-01
8.62500000e-03 1.17941161e-01 2.89126728e-01 5.09438697e-01 8.49242729e-01
8.63000000e-03 1.17934971e-01 2.89012321e-01 5.09523288e-01 8.49159389e-01
8.63500000e-03 1.17928919e-01 2.88897820e-01 5.09607936e-01 8.49074462e-01
8.64000000e-03 1.17923005e-01 2.88783224e-01 5.09692640e-01 8.48987982e-01
8.64500000e-03 1.17917230e-01 2.88668533e-01 5.09777398e-01 8.48900005e-01
8.65000000e-03 1.17911592e-01 2.88553745e-01 5.09862210e-01 8.48810600e-01
8.65500000e-03 1.17906092e-01 2.88438862e-01 5.09947076e-01 8.48719852e-01
8.66000000e-03 1.17900729e-01 2.88323882e-01 5.10031994e-01 8.48627860e-01
8.66500000e-03 1.17895504e-01 2.88208806e-01 5.10116964e-01 8.48534737e-01
8.67000000e-03 1.17890414e-01 2.88093634e-01 5.10201983e-01 8.48440608e-01
8.67500000e-03 1.17885461e-01 2.87978367e-01 5.10287053e-01 8.48345606e-01
8.68000000e-03 1.17880644e-01 2.87863004e-01 5.10372170e-01 8.48249875e-01
8.68500000e-03 1.17875962e-01 2.87747548e-01 5.10457335e-01 8.48153568e-01
8.69000000e-03 1.17871415e-01 2.87631999e-01 5.10542546e-01 8.48056841e-01
8.69500000e-03 1.17867002e-01 2.87516358e-01 5.10627801e-01 8.47959858e-01
8.70000000e-03 1.17862723e-01 2.87400627e-01 5.10713100e-01 8.47862783e-01
8.70500000e-03 1.17858578e-01 2.87284808e-01 5.10798442e-01 8.47765785e-01
8.71000000e-03 1.17854565e-01 2.87168902e-01 5.10883824e-01 8.47669029e-01
8.71500000e-03 1.17850685e-01 2.87052912e-01 5.10969245e-01 8.47572683e-01
8.72000000e-03 1.17846937e-01 2.86936840e-01 5.11054705e-01 8.47476909e-01
8.72500000e-03 1.17843320e-01 2.86820689e-01 5.11140201e-01 8.47381866e-01
8.73000000e-03 1.17839834e-01 2.86704461e-01 5.11225732e-01 8.47287709e-01
8.73500000e-03 1.17836478e-01 2.86588159e-01 5.11311296e-01 8.47194583e-01
8.74000000e-03 1.17833251e-01 2.86471786e-01 5.11396892e-01 8.47102628e-01
8.74500000e-03 1.17830152e-01 2.86355346e-01 5.11482518e-01 8.47011973e-01
8.75000000e-03 1.17827182e-01 2.86238842e-01 5.11568172e-01 8.46922738e-01
8.75500000e-03 1.17824339e-01 2.86122277e-01 5.11653853e-01 8.46835031e-01
8.76000000e-03 1.17821622e-01 2.86005655e-01 5.11739559e-01 8.46748950e-01
8.76500000e-03 1.17819032e-01 2.85888980e-01 5.11825288e-01 8.46664578e-01
8.77000000e-03 1.17816566e-01 2.85772255e-01 5.11911039e-01 8.46581987e-01
8.77500000e-03 1.17814225e-01 2.85655484e-01 5.11996810e-01 8.46501234e-01
8.78000000e-03 1.17812007e-01 2.85538672e-01 5.12082599e-01 8.46422363e-01
8.78500000e-03 1.17809913e-01 2.85421821e-01 5.12168404e-01 8.46345403e-01
8.79000000e-03 1.17807940e-01 2.85304936e-01 5.12254223e-01 8.46270370e-01
8.79500000e-03 1.17806088e-01 2.85188021e-01 5.12340055e-01 8.46197265e-01
8.80000000e-03 1.17804357e-01 2.85071079e-01 5.12425899e-01 8.46126074e-01
8.80500000e-03 1.17802745e-01 2.84954115e-01 5.12511751e-01 8.46056770e-01
8.81000000e-03 1.17801252e-01 2.84837132e-01 5.12597611e-01 8.45989312e-01
8.81500000e-03 1.17799876e-01 2.84720133e-01 5.12683477e-01 8.45923647e-01
8.82000000e-03 1.17798618e-01 2.84603122e-01 5.12769348e-01 8.45859707e-01
8.82500000e-03 1.17797476e-01 2.84486102e-01 5.12855221e-01 8.45797415e-01
8.83000000e-03 1.17796448e-01 2.84369077e-01 5.12941095e-01 8.45736679e-01
8.83500000e-03 1.17795535e-01 2.84252050e-01 5.13026968e-01 8.45677400e-01
8.84000000e-03 1.17794736e-01 2.84135023e-01 5.13112840e-01 8.45619468e-01
8.84500000e-03 1.17794049e-01 2.84018000e-01 5.13198707e-01 8.45562764e-01
8.85000000e-03 1.17793473e-01 2.83900983e-01 5.13284570e-01 8.45507162e-01
8.85500000e-03 1.17793008e-01 2.83783974e-01 5.13370426e-01 8.45452530e-01
8.86000000e-03 1.17792653e-01 2.83666976e-01 5.13456274e-01 8.45398728e-01
8.86500000e-03 1.17792406e-01 2.83549991e-01 5.13542113e-01 8.45345615e-01
8.87000000e-03 1.17792268e-01 2.83433021e-01 5.13627941e-01 8.45293046e-01
8.87500000e-03 1.17792236e-01 2.83316066e-01 5.13713757e-01 8.45240872e-01
8.88000000e-03 1.17792310e-01 2.83199130e-01 5.13799559e-01 8.45188945e-01
8.88500000e-03 1.17792489e-01 2.83082213e-01 5.13885348e-01 8.45137118e-01
8.89000000e-03 1.17792773e-01 2.82965316e-01 5.13971120e-01 8.45085244e-01
8.89500000e-03 1.17793159e-01 2.82848440e-01 5.14056875e-01 8.45033180e-01
8.90000000e-03 1.17793648e-01 2.82731585e-01 5.14142613e-01 8.44980787e-01
8.90500000e-03 1.17794237e-01 2.82614754e-01 5.14228331e-01 8.44927929e-01
8.91000000e-03 1.17794927e-01 2.82497945e-01 5.14314029e-01 8.44874479e-01
8.91500000e-03 1.17795716e-01 2.82381160e-01 5.14399706e-01 8.44820315e-01
8.92000000e-03 1.17796604e-01 2.82264397e-01 5.14485360e-01 8.44765323e-01
8.92500000e-03 1.17797588e-01 2.82147659e-01 5.14570991e-01 8.44709398e-01
8.93000000e-03 1.17798669e-01 2.82030944e-01 5.14656598e-01 8.44652445e-01
8.93500000e-03 1.17799846e-01 2.81914252e-01 5.14742179e-01 8.44594379e-01
8.94000000e-03 1.17801116e-01 2.81797583e-01 5.14827733e-01 8.44535125e-01
8.94500000e-03 1.17802480e-01 2.81680937e-01 5.14913261e-01 8.44474619e-01
8.95000000e-03 1.17803936e-01 2.81564313e-01 5.14998760e-01 8.44412811e-01
8.95500000e-03 1.17805484e-01 2.81447711e-01 5.15084230e-01 8.44349661e-01
8.96000000e-03 1.17807122e-01 2.81331131e-01 5.15169670e-01 8.44285141e-01
8.96500000e-03 1.17808849e-01 2.81214572e-01 5.15255078e-01 8.44219236e-01
8.97000000e-03 1.17810665e-01 2.81098035e-01 5.15340455e-01 8.44151942e-01
8.97500000e-03 1.17812568e-01 2.80981517e-01 5.15425798e-01 8.44083271e-01
8.98000000e-03 1.17814557e-01 2.80865020e-01 5.15511108e-01 8.44013241e-01
8.98500000e-03 1.17816631e-01 2.80748543e-01 5.15596382e-01 8.43941887e-01
8.99000000e-03 1.17818790e-01 2.80632086e-01 5.15681621e-01 8.43869252e-01
8.99500000e-03 1.17821032e-01 2.80515648e-01 5.15766823e-01 8.43795390e-01
9.00000000e-03 1.17823356e-01 2.80399230e-01 5.15851987e-01 8.43720368e-01
9.00500000e-03 1.17825761e-01 2.80282832e-01 5.15937111e-01 8.43644259e-01
9.01000000e-03 1.17828246e-01 2.80166454e-01 5.16022197e-01 8.43567147e-01
9.01500000e-03 1.17830810e-01 2.80050095e-01 5.16107241e-01 8.43489124e-01
9.02000000e-03 1.17833453e-01 2.79933757e-01 5.16192243e-01 8.43410287e-01
9.02500000e-03 1.17836172e-01 2.79817441e-01 5.16277201e-01 8.43330741e-01
9.03000000e-03 1.17838967e-01 2.79701146e-01 5.16362116e-01 8.43250598e-01
9.03500000e-03 1.17841837e-01 2.79584873e-01 5.16446985e-01 8.43169971e-01
9.04000000e-03 1.17844780e-01 2.79468624e-01 5.16531808e-01 8.43088978e-01
9.04500000e-03 1.17847797e-01 2.79352398e-01 5.16616584e-01 8.43007740e-01
9.05000000e-03 1.17850884e-01 2.79236199e-01 5.16701310e-01 8.42926378e-01
9.05500000e-03 1.17854043e-01 2.79120026e-01 5.16785987e-01 8.42845014e-01
9.06000000e-03 1.17857271e-01 2.79003881e-01 5.16870612e-01 8.42763769e-01
9.06500000e-03 1.17860567e-01 2.78887766e-01 5.16955185e-01 8.42682761e-01
9.07000000e-03 1.17863931e-01 2.78771682e-01 5.17039704e-01 8.42602108e-01
9.07500000e-03 1.17867360e-01 2.78655631e-01 5.17124169e-01 8.42521921e-01
9.08000000e-03 1.17870855e-01 2.78539615e-01 5.17208577e-01 8.42442308e-01
9.08500000e-03 1.17874414e-01 2.78423635e-01 5.17292928e-01 8.42363371e-01
9.09000000e-03 1.17878036e-01 2.78307693e-01 5.17377220e-01 8.42285205e-01
9.09500000e-03 1.17881720e-01 2.78191792e-01 5.17461452e-01 8.42207899e-01
9.10000000e-03 1.17885465e-01 2.78075933e-01 5.17545623e-01 8.42131533e-01
9.10500000e-03 1.17889269e-01 2.77960119e-01 5.17629731e-01 8.42056177e-01
9.11000000e-03 1.17893133e-01 2.77844352e-01 5.17713776e-01 8.41981894e-01
9.11500000e-03 1.17897053e-01 2.77728633e-01 5.17797755e-01 8.41908736e-01
9.12000000e-03 1.17901031e-01 2.77612965e-01 5.17881667e-01 8.41836745e-01
9.12500000e-03 1.17905063e-01 2.77497351e-01 5.17965512e-01 8.41765953e-01
9.13000000e-03 1.17909150e-01 2.77381791e-01 5.18049287e-01 8.41696380e-01
9.13500000e-03 1.17913291e-01 2.77266289e-01 5.18132992e-01 8.41628037e-01
9.14000000e-03 1.17917483e-01 2.77150846e-01 5.18216625e-01 8.41560922e-01
9.14500000e-03 1.17921727e-01 2.77035465e-01 5.18300184e-01 8.41495023e-01
9.15000000e-03 1.17926021e-01 2.76920146e-01 5.18383670e-01 8.41430318e-01
9.15500000e-03 1.17930364e-01 2.76804893e-01 5.18467079e-01 8.41366774e-01
9.16000000e-03 1.17934755e-01 2.76689707e-01 5.18550412e-01 8.41304346e-01
9.16500000e-03 1.17939193e-01 2.76574589e-01 5.18633666e-01 8.41242982e-01
9.17000000e-03 1.17943676e-01 2.76459541e-01 5.18716840e-01 8.41182619e-01
9.17500000e-03 1.17948205e-01 2.76344566e-01 5.18799934e-01 8.41123186e-01
9.18000000e-03 1.17952778e-01 2.76229663e-01 5.18882946e-01 8.41064604e-01
9.18500000e-03 1.17957393e-01 2.76114836e-01 5.18965874e-01 8.41006788e-01
9.19000000e-03 1.17962050e-01 2.76000084e-01 5.19048718e-01 8.40949643e-01
9.19500000e-03 1.17966748e-01 2.75885408e-01 5.19131477e-01 8.40893073e-01
9.20000000e-03 1.17971486e-01 2.75770811e-01 5.19214148e-01 8.40836975e-01
9.20500000e-03 1.17976262e-01 2.75656293e-01 5.19296732e-01 8.40781242e-01
9.21000000e-03 1.17981077e-01 2.75541855e-01 5.19379226e-01 8.40725766e-01
9.21500000e-03 1.17985928e-01 2.75427497e-01 5.19461630e-01 8.40670438e-01
9.22000000e-03 1.17990814e-01 2.75313220e-01 5.19543943e-01 8.40615146e-01
9.22500000e-03 1.17995736e-01 2.75199025e-01 5.19626163e-01 8.40559782e-01
9.23000000e-03 1.18000692e-01 2.75084912e-01 5.19708290e-01 8.40504237e-01
9.23500000e-03 1.18005680e-01 2.74970881e-01 5.19790322e-01 8.40448406e-01
9.24000000e-03 1.18010700e-01 2.74856934e-01 5.19872258e-01 8.40392190e-01
9.24500000e-03 1.18015751e-01 2.74743069e-01 5.19954098e-01 8.40335492e-01
9.25000000e-03 1.18020833e-01 2.74629287e-01 5.20035840e-01 8.40278222e-01
9.25500000e-03 1.18025943e-01 2.74515589e-01 5.20117483e-01 8.40220299e-01
9.26000000e-03 1.18031081e-01 2.74401975e-01 5.20199026e-01 8.40161646e-01
9.26500000e-03 1.18036247e-01 2.74288443e-01 5.20280469e-01 8.40102198e-01
9.27000000e-03 1.18041438e-01 2.74174995e-01 5.20361810e-01 8.40041898e-01
9.27500000e-03 1.18046655e-01 2.74061631e-01 5.20443048e-01 8.39980700e-01
9.28000000e-03 1.18051897e-01 2.73948350e-01 5.20524183e-01 8.39918566e-01
9.28500000e-03 1.18057162e-01 2.73835152e-01 5.20605213e-01 8.39855473e-01
9.29000000e-03 1.18062449e-01 2.73722038e-01 5.20686137e-01 8.39791407e-01
9.29500000e-03 1.18067758e-01 2.73609008e-01 5.20766955e-01 8.39726365e-01
9.30000000e-03 1.18073087e-01 2.73496060e-01 5.20847665e-01 8.39660358e-01
9.30500000e-03 1.18078437e-01 2.73383197e-01 5.20928267e-01 8.39593407e-01
9.31000000e-03 1.18083805e-01 2.73270416e-01 5.21008760e-01 8.39525545e-01
9.31500000e-03 1.18089191e-01 2.73157720e-01 5.21089142e-01 8.39456819e-01
9.32000000e-03 1.18094595e-01 2.73045107e-01 5.21169413e-01 8.39387283e-01
9.32500000e-03 1.18100015e-01 2.72932578e-01 5.21249572e-01 8.39317006e-01
9.33000000e-03 1.18105450e-01 2.72820134e-01 5.21329618e-01 8.39246063e-01
9.33500000e-03 1.18110899e-01 2.72707774e-01 5.21409549e-01 8.39174543e-01
9.34000000e-03 1.18116362e-01 2.72595499e-01 5.21489366e-01 8.39102541e-01
9.34500000e-03 1.18121838e-01 2.72483309e-01 5.21569067e-01 8.39030161e-01
9.35000000e-03 1.18127326e-01 2.72371205e-01 5.21648652e-01 8.38957514e-01
9.35500000e-03 1.18132824e-01 2.72259187e-01 5.21728118e-01 8.38884716e-01
9.36000000e-03 1.18138333e-01 2.72147256e-01 5.21807466e-01 8.38811892e-01
9.36500000e-03 1.18143852e-01 2.72035412e-01 5.21886695e-01 8.38739166e-01
9.37000000e-03 1.18149378e-01 2.71923656e-01 5.21965803e-01 8.38666668e-01
9.37500000e-03 1.18154912e-01 2.71811988e-01 5.22044790e-01 8.38594529e-01
9.38000000e-03 1.18160454e-01 2.71700410e-01 5.22123654e-01 8.38522880e-01
9.38500000e-03 1.18166001e-01 2.71588922e-01 5.22202395e-01 8.38451852e-01
9.39000000e-03 1.18171553e-01 2.71477525e-01 5.22281013e-01 8.38381574e-01
9.39500000e-03 1.18177109e-01 2.71366219e-01 5.22359505e-01 8.38312171e-01
9.40000000e-03 1.18182669e-01 2.71255005e-01 5.22437872e-01 8.38243764e-01
9.40500000e-03 1.18188232e-01 2.71143884e-01 5.22516111e-01 8.38176468e-01
9.41000000e-03 1.18193797e-01 2.71032857e-01 5.22594224e-01 8.38110393e-01
9.41500000e-03 1.18199363e-01 2.70921925e-01 5.22672208e-01 8.38045639e-01
9.42000000e-03 1.18204929e-01 2.70811088e-01 5.22750062e-01 8.37982298e-01
9.42500000e-03 1.18210494e-01 2.70700346e-01 5.22827787e-01 8.37920453e-01
9.43000000e-03 1.18216059e-01 2.70589701e-01 5.22905380e-01 8.37860176e-01
9.43500000e-03 1.18221622e-01 2.70479154e-01 5.22982842e-01 8.37801527e-01
9.44000000e-03 1.18227181e-01 2.70368704e-01 5.23060171e-01 8.37744555e-01
9.44500000e-03 1.18232738e-01 2.70258352e-01 5.23137366e-01 8.37689296e-01
9.45000000e-03 1.18238290e-01 2.70148100e-01 5.23214428e-01 8.37635772e-01
9.45500000e-03 1.18243837e-01 2.70037946e-01 5.23291355e-01 8.37583994e-01
9.46000000e-03 1.18249379e-01 2.69927892e-01 5.23368146e-01 8.37533957e-01
9.46500000e-03 1.18254914e-01 2.69817938e-01 5.23444801e-01 8.37485643e-01
9.47000000e-03 1.18260443e-01 2.69708084e-01 5.23521318e-01 8.37439021e-01
9.47500000e-03 1.18265963e-01 2.69598330e-01 5.23597698e-01 8.37394046e-01
9.48000000e-03 1.18271475e-01 2.69488676e-01 5.23673940e-01 8.37350660e-01
9.48500000e-03 1.18276978e-01 2.69379123e-01 5.23750043e-01 8.37308791e-01
9.49000000e-03 1.18282471e-01 2.69269670e-01 5.23826006e-01 8.37268357e-01
9.49500000e-03 1.18287954e-01 2.69160316e-01 5.23901829e-01 8.37229261e-01
9.50000000e-03 1.18293426e-01 2.69051063e-01 5.23977511e-01 8.37191398e-01
9.50500000e-03 1.18298885e-01 2.68941909e-01 5.24053051e-01 8.37154651e-01
9.51000000e-03 1.18304333e-01 2.68832854e-01 5.24128450e-01 8.37118895e-01
9.51500000e-03 1.18309767e-01 2.68723898e-01 5.24203707e-01 8.37083995e-01
9.52000000e-03 1.18315188e-01 2.68615040e-01 5.24278821e-01 8.37049812e-01
9.52500000e-03 1.18320594e-01 2.68506279e-01 5.24353792e-01 8.37016197e-01
9.53000000e-03 1.18325986e-01 2.68397616e-01 5.24428619e-01 8.36983000e-01
9.53500000e-03 1.18331362e-01 2.68289050e-01 5.24503302e-01 8.36950065e-01
9.54000000e-03 1.18336722e-01 2.68180579e-01 5.24577840e-01 8.36917236e-01
9.54500000e-03 1.18342066e-01 2.68072204e-01 5.24652234e-01 8.36884356e-01
9.55000000e-03 1.18347392e-01 2.67963923e-01 5.24726483e-01 8.36851267e-01
9.55500000e-03 1.18352701e-01 2.67855736e-01 5.24800586e-01 8.36817816e-01
9.56000000e-03 1.18357991e-01 2.67747642e-01 5.24874544e-01 8.36783851e-01
9.56500000e-03 1.18363262e-01 2.67639640e-01 5.24948355e-01 8.36749225e-01
9.57000000e-03 1.18368514e-01 2.67531731e-01 5.25022021e-01 8.36713800e-01
9.57500000e-03 1.18373745e-01 2.67423912e-01 5.25095539e-01 8.36677443e-01
9.58000000e-03 1.18378957e-01 2.67316184e-01 5.25168912e-01 8.36640029e-01
9.58500000e-03 1.18384147e-01 2.67208546e-01 5.25242137e-01 8.36601446e-01
9.59000000e-03 1.18389315e-01 2.67100997e-01 5.25315215e-01 8.36561590e-01
9.59500000e-03 1.18394462e-01 2.66993537e-01 5.25388147e-01 8.36520370e-01
9.60000000e-03 1.18399585e-01 2.66886165e-01 5.25460930e-01 8.36477710e-01
9.60500000e-03 1.18404686e-01 2.66778881e-01 5.25533567e-01 8.36433544e-01
9.61000000e-03 1.18409763e-01 2.66671685e-01 5.25606055e-01 8.36387821e-01
9.61500000e-03 1.18414815e-01 2.66564577e-01 5.25678396e-01 8.36340508e-01
9.62000000e-03 1.18419843e-01 2.66457555e-01 5.25750589e-01 8.36291584e-01
9.62500000e-03 1.18424846e-01 2.66350621e-01 5.25822634e-01 8.36241044e-01
9.63000000e-03 1.18429823e-01 2.66243773e-01 5.25894531e-01 8.36188900e-01
9.63500000e-03 1.18434774e-01 2.66137013e-01 5.25966280e-01 8.36135177e-01
9.64000000e-03 1.18439699e-01 2.66030339e-01 5.26037881e-01 8.36079919e-01
9.64500000e-03 1.18444596e-01 2.65923753e-01 5.26109333e-01 8.36023183e-01
9.65000000e-03 1.18449466e-01 2.65817254e-01 5.26180637e-01 8.35965040e-01
9.65500000e-03 1.18454307e-01 2.65710843e-01 5.26251793e-01 8.35905577e-01
9.66000000e-03 1.18459121e-01 2.65604520e-01 5.26322800e-01 8.35844894e-01
9.66500000e-03 1.18463905e-01 2.65498286e-01 5.26393659e-01 8.35783103e-01
9.67000000e-03 1.18468660e-01 2.65392140e-01 5.26464370e-01 8.35720328e-01
9.67500000e-03 1.18473384e-01 2.65286084e-01 5.26534932e-01 8.35656705e-01
9.68000000e-03 1.18478079e-01 2.65180118e-01 5.26605345e-01 8.35592377e-01
9.68500000e-03 1.18482743e-01 2.65074243e-01 5.26675610e-01 8.35527497e-01
9.69000000e-03 1.18487376e-01 2.64968459e-01 5.26745726e-01 8.35462225e-01
9.69500000e-03 1.18491977e-01 2.64862767e-01 5.26815694e-01 8.35396727e-01
9.70000000e-03 1.18496546e-01 2.64757168e-01 5.26885513e-01 8.35331172e-01
9.70500000e-03 1.18501083e-01 2.64651661e-01 5.26955183e-01 8.35265733e-01
9.71000000e-03 1.18505587e-01 2.64546249e-01 5.27024705e-01 8.35200583e-01
9.71500000e-03 1.18510058e-01 2.64440931e-01 5.27094078e-01 8.35135895e-01
9.72000000e-03 1.18514495e-01 2.64335708e-01 5.27163302e-01 8.35071841e-01
9.72500000e-03 1.18518898e-01 2.64230581e-01 5.27232378e-01 8.35008589e-01
9.73000000e-03 1.18523267e-01 2.64125550e-01 5.27301306e-01 8.34946302e-01
9.73500000e-03 1.18527601e-01 2.64020616e-01 5.27370085e-01 8.34885139e-01
9.74000000e-03 1.18531900e-01 2.63915779e-01 5.27438715e-01 8.34825247e-01
9.74500000e-03 1.18536163e-01 2.63811039e-01 5.27507197e-01 8.34766769e-01
9.75000000e-03 1.18540391e-01 2.63706397e-01 5.27575531e-01 8.34709835e-01
9.75500000e-03 1.18544582e-01 2.63601854e-01 5.27643716e-01 8.34654564e-01
9.76000000e-03 1.18548738e-01 2.63497408e-01 5.27711754e-01 8.34601063e-01
9.76500000e-03 1.18552856e-01 2.63393061e-01 5.27779643e-01 8.34549426e-01
9.77000000e-03 1.18556937e-01 2.63288812e-01 5.27847384e-01 8.34499732e-01
9.77500000e-03 1.18560981e-01 2.63184662e-01 5.27914977e-01 8.34452047e-01
9.78000000e-03 1.18564987e-01 2.63080609e-01 5.27982423e-01 8.34406420e-01
9.78500000e-03 1.18568955e-01 2.62976654e-01 5.28049721e-01 8.34362884e-01
9.79000000e-03 1.18572885e-01 2.62872796e-01 5.28116872e-01 8.34321456e-01
9.79500000e-03 1.18576777e-01 2.62769035e-01 5.28183875e-01 8.34282139e-01
9.80000000e-03 1.18580629e-01 2.62665370e-01 5.28250732e-01 8.34244916e-01
9.80500000e-03 1.18584443e-01 2.62561800e-01 5.28317442e-01 8.34209757e-01
9.81000000e-03 1.18588217e-01 2.62458325e-01 5.28384005e-01 8.34176614e-01
9.81500000e-03 1.18591952e-01 2.62354943e-01 5.28450422e-01 8.34145424e-01
9.82000000e-03 1.18595647e-01 2.62251655e-01 5.28516693e-01 8.34116109e-01
9.82500000e-03 1.18599302e-01 2.62148458e-01 5.28582818e-01 8.34088576e-01
9.83000000e-03 1.18602917e-01 2.62045352e-01 5.28648798e-01 8.34062721e-01
9.83500000e-03 1.18606491e-01 2.61942335e-01 5.28714633e-01 8.34038423e-01
9.84000000e-03 1.18610025e-01 2.61839407e-01 5.28780323e-01 8.34015552e-01
9.84500000e-03 1.18613519e-01 2.61736565e-01 5.28845869e-01 8.33993968e-01
9.85000000e-03 1.18616971e-01 2.61633809e-01 5.28911271e-01 8.33973518e-01
9.85500000e-03 1.18620382e-01 2.61531138e-01 5.28976529e-01 8.33954045e-01
9.86000000e-03 1.18623752e-01 2.61428549e-01 5.29041644e-01 8.33935383e-01
9.86500000e-03 1.18627081e-01 2.61326043e-01 5.29106616e-01 8.33917360e-01
9.87000000e-03 1.18630367e-01 2.61223616e-01 5.29171446e-01 8.33899800e-01
9.87500000e-03 1.18633613e-01 2.61121268e-01 5.29236134e-01 8.33882525e-01
9.88000000e-03 1.18636816e-01 2.61018998e-01 5.29300680e-01 8.33865356e-01
9.88500000e-03 1.18639977e-01 2.60916804e-01 5.29365086e-01 8.33848114e-01
9.89000000e-03 1.18643096e-01 2.60814685e-01 5.29429351e-01 8.33830622e-01
9.89500000e-03 1.18646173e-01 2.60712639e-01 5.29493477e-01 8.33812704e-01
9.90000000e-03 1.18649207e-01 2.60610666e-01 5.29557463e-01 8.33794193e-01
9.90500000e-03 1.18652199e-01 2.60508764e-01 5.29621310e-01 8.33774923e-01
9.91000000e-03 1.18655148e-01 2.60406933e-01 5.29685020e-01 8.33754740e-01
9.91500000e-03 1.18658055e-01 2.60305171e-01 5.29748591e-01 8.33733496e-01
9.92000000e-03 1.18660918e-01 2.60203477e-01 5.29812026e-01 8.33711052e-01
9.92500000e-03 1.18663739e-01 2.60101851e-01 5.29875323e-01 8.33687283e-01
9.93000000e-03 1.18666516e-01 2.60000292e-01 5.29938486e-01 8.33662073e-01
9.93500000e-03 1.18669251e-01 2.59898800e-01 5.30001512e-01 8.33635321e-01
9.94000000e-03 1.18671942e-01 2.59797373e-01 5.30064404e-01 8.33606938e-01
9.94500000e-03 1.18674589e-01 2.59696012e-01 5.30127162e-01 8.33576850e-01
9.95000000e-03 1.18677194e-01 2.59594716e-01 5.30189787e-01 8.33544998e-01
9.95500000e-03 1.18679754e-01 2.59493484e-01 5.30252278e-01 8.33511338e-01
9.96000000e-03 1.18682271e-01 2.59392318e-01 5.30314638e-01 8.33475841e-01
9.96500000e-03 1.18684745e-01 2.59291217e-01 5.30376866e-01 8.33438496e-01
9.97000000e-03 1.18687174e-01 2.59190180e-01 5.30438962e-01 8.33399304e-01
9.97500000e-03 1.18689560e-01 2.59089209e-01 5.30500929e-01 8.33358286e-01
9.98000000e-03 1.18691901e-01 2.58988304e-01 5.30562766e-01 8.33315475e-01
9.98500000e-03 1.18694199e-01 2.58887464e-01 5.30624474e-01 8.33270921e-01
9.99000000e-03 1.18696452e-01 2.58786692e-01 5.30686053e-01 8.33224688e-01
9.99500000e-03 1.18698662e-01 2.58685986e-01 5.30747504e-01 8.33176853e-01
1.00000000e-02 1.18700827e-01 2.58585347e-01 5.30808829e-01 8.33127509e-01
1.00050000e-02 1.18702948e-01 2.58484778e-01 5.30870027e-01 8.33076758e-01
1.00100000e-02 1.18705024e-01 2.58384277e-01 5.30931099e-01 8.33024716e-01
1.00150000e-02 1.18707056e-01 2.58283846e-01 5.30992045e-01 8.32971509e-01
1.00200000e-02 1.18709044e-01 2.58183486e-01 5.31052868e-01 8.32917270e-01
1.00250000e-02 1.18710987e-01 2.58083198e-01 5.31113566e-01 8.32862144e-01
1.00300000e-02 1.18712885e-01 2.57982982e-01 5.31174140e-01 8.32806280e-01
1.00350000e-02 1.18714739e-01 2.57882839e-01 5.31234592e-01 8.32749835e-01
1.00400000e-02 1.18716549e-01 2.57782770e-01 5.31294922e-01 8.32692966e-01
1.00450000e-02 1.18718313e-01 2.57682777e-01 5.31355131e-01 8.32635839e-01
1.00500000e-02 1.18720033e-01 2.57582860e-01 5.31415218e-01 8.32578616e-01
1.00550000e-02 1.18721709e-01 2.57483019e-01 5.31475186e-01 8.32521462e-01
1.00600000e-02 1.18723339e-01 2.57383256e-01 5.31535033e-01 8.32464540e-01
1.00650000e-02 1.18724925e-01 2.57283570e-01 5.31594762e-01 8.32408011e-01
1.00700000e-02 1.18726467e-01 2.57183964e-01 5.31654373e-01 8.32352032e-01
1.00750000e-02 1.18727963e-01 2.57084437e-01 5.31713865e-01 8.32296754e-01
1.00800000e-02 1.18729415e-01 2.56984989e-01 5.31773241e-01 8.32242322e-01
1.00850000e-02 1.18730823e-01 2.56885622e-01 5.31832500e-01 8.32188874e-01
1.00900000e-02 1.18732185e-01 2.56786336e-01 5.31891643e-01 8.32136538e-01
1.00950000e-02 1.18733503e-01 2.56687130e-01 5.31950671e-01 8.32085434e-01
1.01000000e-02 1.18734777e-01 2.56588006e-01 5.32009585e-01 8.32035671e-01
1.01050000e-02 1.18736006e-01 2.56488962e-01 5.32068384e-01 8.31987345e-01
1.01100000e-02 1.18737190e-01 2.56389999e-01 5.32127070e-01 8.31940542e-01
1.01150000e-02 1.18738330e-01 2.56291117e-01 5.32185644e-01 8.31895335e-01
1.01200000e-02 1.18739426e-01 2.56192316e-01 5.32244105e-01 8.31851783e-01
1.01250000e-02 1.18740477e-01 2.56093594e-01 5.32302455e-01 8.31809932e-01
1.01300000e-02 1.18741484e-01 2.55994953e-01 5.32360694e-01 8.31769814e-01
1.01350000e-02 1.18742448e-01 2.55896390e-01 5.32418822e-01 8.31731448e-01
1.01400000e-02 1.18743367e-01 2.55797906e-01 5.32476841e-01 8.31694837e-01
1.01450000e-02 1.18744242e-01 2.55699499e-01 5.32534751e-01 8.31659973e-01
1.01500000e-02 1.18745073e-01 2.55601170e-01 5.32592552e-01 8.31626832e-01
1.01550000e-02 1.18745860e-01 2.55502916e-01 5.32650246e-01 8.31595378e-01
1.01600000e-02 1.18746604e-01 2.55404737e-01 5.32707833e-01 8.31565562e-01
1.01650000e-02 1.18747304e-01 2.55306632e-01 5.32765313e-01 8.31537322e-01
1.01700000e-02 1.18747961e-01 2.55208599e-01 5.32822686e-01 8.31510586e-01
1.01750000e-02 1.18748575e-01 2.55110638e-01 5.32879955e-01 8.31485269e-01
1.01800000e-02 1.18749145e-01 2.55012748e-01 5.32937119e-01 8.31461278e-01
1.01850000e-02 1.18749672e-01 2.54914926e-01 5.32994178e-01 8.31438509e-01
1.01900000e-02 1.18750157e-01 2.54817172e-01 5.33051134e-01 8.31416850e-01
1.01950000e-02 1.18750598e-01 2.54719484e-01 5.33107987e-01 8.31396182e-01
1.02000000e-02 1.18750997e-01 2.54621862e-01 5.33164737e-01 8.31376380e-01
1.02050000e-02 1.18751354e-01 2.54524303e-01 5.33221385e-01 8.31357313e-01
1.02100000e-02 1.18751668e-01 2.54426806e-01 5.33277932e-01 8.31338847e-01
1.02150000e-02 1.18751940e-01 2.54329371e-01 5.33334378e-01 8.31320845e-01
1.02200000e-02 1.18752170e-01 2.54231996e-01 5.33390724e-01 8.31303167e-01
1.02250000e-02 1.18752358e-01 2.54134679e-01 5.33446970e-01 8.31285673e-01
1.02300000e-02 1.18752504e-01 2.54037420e-01 5.33503116e-01 8.31268223e-01
1.02350000e-02 1.18752609e-01 2.53940217e-01 5.33559164e-01 8.31250679e-01
1.02400000e-02 1.18752672e-01 2.53843070e-01 5.33615113e-01 8.31232907e-01
1.02450000e-02 1.18752694e-01 2.53745977e-01 5.33670964e-01 8.31214773e-01
1.02500000e-02 1.18752674e-01 2.53648937e-01 5.33726718e-01 8.31196152e-01
1.02550000e-02 1.18752614e-01 2.53551950e-01 5.33782374e-01 8.31176922e-01
1.02600000e-02 1.18752513e-01 2.53455015e-01 5.33837934e-01 8.31156967e-01
1.02650000e-02 1.18752371e-01 2.53358132e-01 5.33893398e-01 8.31136180e-01
1.02700000e-02 1.18752188e-01 2.53261299e-01 5.33948765e-01 8.31114462e-01
1.02750000e-02 1.18751965e-01 2.53164516e-01 5.34004037e-01 8.31091722e-01
1.02800000e-02 1.18751702e-01 2.53067783e-01 5.34059214e-01 8.31067879e-01
1.02850000e-02 1.18751399e-01 2.52971099e-01 5.34114295e-01 8.31042861e-01
1.02900000e-02 1.18751056e-01 2.52874465e-01 5.34169282e-01 8.31016607e-01
1.02950000e-02 1.18750672e-01 2.52777880e-01 5.34224175e-01 8.30989066e-01
1.03000000e-02 1.18750250e-01 2.52681345e-01 5.34278973e-01 8.30960200e-01
1.03050000e-02 1.18749787e-01 2.52584859e-01 5.34333677e-01 8.30929979e-01
1.03100000e-02 1.18749285e-01 2.52488423e-01 5.34388288e-01 8.30898386e-01
1.03150000e-02 1.18748744e-01 2.52392037e-01 5.34442804e-01 8.30865416e-01
1.03200000e-02 1.18748163e-01 2.52295701e-01 5.34497228e-01 8.30831072e-01
1.03250000e-02 1.18747544e-01 2.52199416e-01 5.34551558e-01 8.30795372e-01
1.03300000e-02 1.18746886e-01 2.52103182e-01 5.34605795e-01 8.30758341e-01
1.03350000e-02 1.18746188e-01 2.52007000e-01 5.34659939e-01 8.30720015e-01
1.03400000e-02 1.18745453e-01 2.51910871e-01 5.34713990e-01 8.30680442e-01
1.03450000e-02 1.18744678e-01 2.51814795e-01 5.34767948e-01 8.30639677e-01
1.03500000e-02 1.18743865e-01 2.51718773e-01 5.34821813e-01 8.30597784e-01
1.03550000e-02 1.18743014e-01 2.51622806e-01 5.34875585e-01 8.30554836e-01
1.03600000e-02 1.18742125e-01 2.51526894e-01 5.34929264e-01 8.30510912e-01
1.03650000e-02 1.18741198e-01 2.51431039e-01 5.34982850e-01 8.30466101e-01
1.03700000e-02 1.18740232e-01 2.51335240e-01 5.35036344e-01 8.30420493e-01
1.03750000e-02 1.18739229e-01 2.51239500e-01 5.35089744e-01 8.30374186e-01
1.03800000e-02 1.18738188e-01 2.51143819e-01 5.35143052e-01 8.30327284e-01
1.03850000e-02 1.18737110e-01 2.51048197e-01 5.35196266e-01 8.30279890e-01
1.03900000e-02 1.18735994e-01 2.50952636e-01 5.35249387e-01 8.30232114e-01
1.03950000e-02 1.18734841e-01 2.50857136e-01 5.35302414e-01 8.30184063e-01
1.04000000e-02 1.18733651e-01 2.50761697e-01 5.35355349e-01 8.30135850e-01
1.04050000e-02 1.18732424e-01 2.50666321e-01 5.35408189e-01 8.30087583e-01
1.04100000e-02 1.18731160e-01 2.50571008e-01 5.35460936e-01 8.30039373e-01
1.04150000e-02 1.18729859e-01 2.50475759e-01 5.35513589e-01 8.29991327e-01
1.04200000e-02 1.18728521e-01 2.50380574e-01 5.35566148e-01 8.29943549e-01
1.04250000e-02 1.18727146e-01 2.50285453e-01 5.35618612e-01 8.29896141e-01
1.04300000e-02 1.18725736e-01 2.50190397e-01 5.35670982e-01 8.29849201e-01
1.04350000e-02 1.18724289e-01 2.50095407e-01 5.35723258e-01 8.29802822e-01
1.04400000e-02 1.18722806e-01 2.50000481e-01 5.35775438e-01 8.29757089e-01
1.04450000e-02 1.18721286e-01 2.49905621e-01 5.35827524e-01 8.29712086e-01
1.04500000e-02 1.18719731e-01 2.49810826e-01 5.35879514e-01 8.29667885e-01
1.04550000e-02 1.18718141e-01 2.49716096e-01 5.35931408e-01 8.29624555e-01
1.04600000e-02 1.18716514e-01 2.49621431e-01 5.35983207e-01 8.29582156e-01
1.04650000e-02 1.18714852e-01 2.49526830e-01 5.36034910e-01 8.29540740e-01
1.04700000e-02 1.18713155e-01 2.49432295e-01 5.36086516e-01 8.29500352e-01
1.04750000e-02 1.18711423e-01 2.49337822e-01 5.36138026e-01 8.29461027e-01
1.04800000e-02 1.18709655e-01 2.49243414e-01 5.36189439e-01 8.29422793e-01
1.04850000e-02 1.18707853e-01 2.49149067e-01 5.36240754e-01 8.29385670e-01
1.04900000e-02 1.18706016e-01 2.49054783e-01 5.36291973e-01 8.29349667e-01
1.04950000e-02 1.18704145e-01 2.48960560e-01 5.36343094e-01 8.29314788e-01
1.05000000e-02 1.18702239e-01 2.48866397e-01 5.36394117e-01 8.29281026e-01
1.05050000e-02 1.18700298e-01 2.48772294e-01 5.36445042e-01 8.29248368e-01
1.05100000e-02 1.18698324e-01 2.48678249e-01 5.36495868e-01 8.29216791e-01
1.05150000e-02 1.18696316e-01 2.48584261e-01 5.36546596e-01 8.29186266e-01
1.05200000e-02 1.18694273e-01 2.48490330e-01 5.36597224e-01 8.29156756e-01
1.05250000e-02 1.18692198e-01 2.48396454e-01 5.36647754e-01 8.29128218e-01
1.05300000e-02 1.18690088e-01 2.48302632e-01 5.36698183e-01 8.29100603e-01
1.05350000e-02 1.18687945e-01 2.48208862e-01 5.36748513e-01 8.29073854e-01
1.05400000e-02 1.18685770e-01 2.48115144e-01 5.36798743e-01 8.29047911e-01
1.05450000e-02 1.18683560e-01 2.48021477e-01 5.36848872e-01 8.29022707e-01
1.05500000e-02 1.18681319e-01 2.47927858e-01 5.36898901e-01 8.28998173e-01
1.05550000e-02 1.18679044e-01 2.47834287e-01 5.36948828e-01 8.28974234e-01
1.05600000e-02 1.18676737e-01 2.47740763e-01 5.36998654e-01 8.28950814e-01
1.05650000e-02 1.18674397e-01 2.47647284e-01 5.37048379e-01 8.28927833e-01
1.05700000e-02 1.18672025e-01 2.47553849e-01 5.37098001e-01 8.28905210e-01
1.05750000e-02 1.18669620e-01 2.47460457e-01 5.37147522e-01 8.28882862e-01
1.05800000e-02 1.18667184e-01 2.47367106e-01 5.37196939e-01 8.28860707e-01
1.05850000e-02 1.18664716e-01 2.47273796e-01 5.37246254e-01 8.28838660e-01
1.05900000e-02 1.18662216e-01 2.47180526e-01 5.37295466e-01 8.28816639e-01
1.05950000e-02 1.18659684e-01 2.47087294e-01 5.37344574e-01 8.28794562e-01
1.06000000e-02 1.18657121e-01 2.46994099e-01 5.37393578e-01 8.28772348e-01
1.06050000e-02 1.18654527e-01 2.46900940e-01 5.37442479e-01 8.28749921e-01
1.06100000e-02 1.18651901e-01 2.46807817e-01 5.37491275e-01 8.28727203e-01
1.06150000e-02 1.18649244e-01 2.46714729e-01 5.37539966e-01 8.28704124e-01
1.06200000e-02 1.18646556e-01 2.46621674e-01 5.37588552e-01 8.28680614e-01
1.06250000e-02 1.18643837e-01 2.46528653e-01 5.37637033e-01 8.28656608e-01
1.06300000e-02 1.18641087e-01 2.46435663e-01 5.37685408e-01 8.28632046e-01
1.06350000e-02 1.18638307e-01 2.46342706e-01 5.37733677e-01 8.28606872e-01
1.06400000e-02 1.18635496e-01 2.46249780e-01 5.37781840e-01 8.28581035e-01
1.06450000e-02 1.18632654e-01 2.46156884e-01 5.37829897e-01 8.28554489e-01
1.06500000e-02 1.18629783e-01 2.46064019e-01 5.37877846e-01 8.28527195e-01
1.06550000e-02 1.18626881e-01 2.45971184e-01 5.37925688e-01 8.28499118e-01
1.06600000e-02 1.18623948e-01 2.45878378e-01 5.37973423e-01 8.28470228e-01
1.06650000e-02 1.18620986e-01 2.45785602e-01 5.38021049e-01 8.28440505e-01
1.06700000e-02 1.18617993e-01 2.45692855e-01 5.38068568e-01 8.28409930e-01
1.06750000e-02 1.18614971e-01 2.45600137e-01 5.38115978e-01 8.28378493e-01
1.06800000e-02 1.18611919e-01 2.45507448e-01 5.38163279e-01 8.28346190e-01
1.06850000e-02 1.18608837e-01 2.45414788e-01 5.38210471e-01 8.28313022e-01
1.06900000e-02 1.18605725e-01 2.45322157e-01 5.38257553e-01 8.28278996e-01
1.06950000e-02 1.18602583e-01 2.45229555e-01 5.38304526e-01 8.28244126e-01
1.07000000e-02 1.18599412e-01 2.45136983e-01 5.38351388e-01 8.28208432e-01
1.07050000e-02 1.18596212e-01 2.45044439e-01 5.38398141e-01 8.28171937e-01
1.07100000e-02 1.18592982e-01 2.44951925e-01 5.38444782e-01 8.28134673e-01
1.07150000e-02 1.18589722e-01 2.44859441e-01 5.38491313e-01 8.28096674e-01
1.07200000e-02 1.18586434e-01 2.44766986e-01 5.38537732e-01 8.28057981e-01
1.07250000e-02 1.18583115e-01 2.44674562e-01 5.38584040e-01 8.28018638e-01
1.07300000e-02 1.18579768e-01 2.44582168e-01 5.38630236e-01 8.27978696e-01
1.07350000e-02 1.18576392e-01 2.44489804e-01 5.38676320e-01 8.27938208e-01
1.07400000e-02 1.18572986e-01 2.44397471e-01 5.38722291e-01 8.27897230e-01
1.07450000e-02 1.18569551e-01 2.44305169e-01 5.38768150e-01 8.27855825e-01
1.07500000e-02 1.18566088e-01 2.44212898e-01 5.38813896e-01 8.27814055e-01
1.07550000e-02 1.18562595e-01 2.44120659e-01 5.38859529e-01 8.27771986e-01
1.07600000e-02 1.18559073e-01 2.44028452e-01 5.38905049e-01 8.27729688e-01
1.07650000e-02 1.18555523e-01 2.43936276e-01 5.38950454e-01 8.27687230e-01
1.07700000e-02 1.18551944e-01 2.43844133e-01 5.38995746e-01 8.27644685e-01
1.07750000e-02 1.18548335e-01 2.43752022e-01 5.39040924e-01 8.27602124e-01
1.07800000e-02 1.18544698e-01 2.43659944e-01 5.39085988e-01 8.27559622e-01
1.07850000e-02 1.18541033e-01 2.43567898e-01 5.39130937e-01 8.27517252e-01
1.07900000e-02 1.18537338e-01 2.43475885e-01 5.39175772e-01 8.27475086e-01
1.07950000e-02 1.18533615e-01 2.43383905e-01 5.39220491e-01 8.27433199e-01
1.08000000e-02 1.18529864e-01 2.43291958e-01 5.39265096e-01 8.27391660e-01
1.08050000e-02 1.18526084e-01 2.43200044e-01 5.39309586e-01 8.27350540e-01
1.08100000e-02 1.18522275e-01 2.43108163e-01 5.39353960e-01 8.27309906e-01
1.08150000e-02 1.18518438e-01 2.43016314e-01 5.39398219e-01 8.27269825e-01
1.08200000e-02 1.18514572e-01 2.42924499e-01 5.39442363e-01 8.27230360e-01
1.08250000e-02 1.18510678e-01 2.42832716e-01 5.39486391e-01 8.27191570e-01
1.08300000e-02 1.18506756e-01 2.42740966e-01 5.39530303e-01 8.27153513e-01
1.08350000e-02 1.18502805e-01 2.42649248e-01 5.39574100e-01 8.27116241e-01
1.08400000e-02 1.18498826e-01 2.42557563e-01 5.39617781e-01 8.27079804e-01
1.08450000e-02 1.18494819e-01 2.42465909e-01 5.39661346e-01 8.27044247e-01
1.08500000e-02 1.18490784e-01 2.42374288e-01 5.39704795e-01 8.27009611e-01
1.08550000e-02 1.18486720e-01 2.42282697e-01 5.39748129e-01 8.26975932e-01
1.08600000e-02 1.18482629e-01 2.42191138e-01 5.39791347e-01 8.26943242e-01
1.08650000e-02 1.18478509e-01 2.42099610e-01 5.39834449e-01 8.26911567e-01
1.08700000e-02 1.18474361e-01 2.42008112e-01 5.39877435e-01 8.26880930e-01
1.08750000e-02 1.18470186e-01 2.41916644e-01 5.39920306e-01 8.26851346e-01
1.08800000e-02 1.18465982e-01 2.41825206e-01 5.39963061e-01 8.26822827e-01
1.08850000e-02 1.18461751e-01 2.41733796e-01 5.40005701e-01 8.26795381e-01
1.08900000e-02 1.18457492e-01 2.41642416e-01 5.40048225e-01 8.26769007e-01
1.08950000e-02 1.18453205e-01 2.41551064e-01 5.40090635e-01 8.26743702e-01
1.09000000e-02 1.18448890e-01 2.41459739e-01 5.40132929e-01 8.26719458e-01
1.09050000e-02 1.18444548e-01 2.41368442e-01 5.40175109e-01 8.26696261e-01
1.09100000e-02 1.18440178e-01 2.41277172e-01 5.40217174e-01 8.26674091e-01
1.09150000e-02 1.18435781e-01 2.41185928e-01 5.40259125e-01 8.26652927e-01
1.09200000e-02 1.18431356e-01 2.41094710e-01 5.40300962e-01 8.26632739e-01
1.09250000e-02 1.18426903e-01 2.41003517e-01 5.40342685e-01 8.26613497e-01
1.09300000e-02 1.18422423e-01 2.40912348e-01 5.40384295e-01 8.26595163e-01
1.09350000e-02 1.18417916e-01 2.40821204e-01 5.40425791e-01 8.26577698e-01
1.09400000e-02 1.18413382e-01 2.40730084e-01 5.40467174e-01 8.26561058e-01
1.09450000e-02 1.18408820e-01 2.40638987e-01 5.40508445e-01 8.26545196e-01
1.09500000e-02 1.18404231e-01 2.40547912e-01 5.40549604e-01 8.26530061e-01
1.09550000e-02 1.18399615e-01 2.40456860e-01 5.40590651e-01 8.26515600e-01
1.09600000e-02 1.18394972e-01 2.40365830e-01 5.40631586e-01 8.26501758e-01
1.09650000e-02 1.18390301e-01 2.40274821e-01 5.40672411e-01 8.26488476e-01
1.09700000e-02 1.18385604e-01 2.40183833e-01 5.40713124e-01 8.26475695e-01
1.09750000e-02 1.18380880e-01 2.40092865e-01 5.40753728e-01 8.26463352e-01
1.09800000e-02 1.18376129e-01 2.40001918e-01 5.40794222e-01 8.26451385e-01
1.09850000e-02 1.18371351e-01 2.39910990e-01 5.40834607e-01 8.26439730e-01
1.09900000e-02 1.18366546e-01 2.39820082e-01 5.40874883e-01 8.26428321e-01
1.09950000e-02 1.18361715e-01 2.39729193e-01 5.40915051e-01 8.26417093e-01
1.10000000e-02 1.18356857e-01 2.39638323e-01 5.40955112e-01 8.26405980e-01
1.10050000e-02 1.18351972e-01 2.39547471e-01 5.40995065e-01 8.26394918e-01
1.10100000e-02 1.18347061e-01 2.39456638e-01 5.41034911e-01 8.26383841e-01
1.10150000e-02 1.18342123e-01 2.39365823e-01 5.41074652e-01 8.26372684e-01
1.10200000e-02 1.18337159e-01 2.39275026e-01 5.41114287e-01 8.26361384e-01
1.10250000e-02 1.18332169e-01 2.39184246e-01 5.41153817e-01 8.26349879e-01
1.10300000e-02 1.18327152e-01 2.39093485e-01 5.41193242e-01 8.26338109e-01
1.10350000e-02 1.18322108e-01 2.39002741e-01 5.41232564e-01 8.26326013e-01
1.10400000e-02 1.18317039e-01 2.38912015e-01 5.41271783e-01 8.26313536e-01
1.10450000e-02 1.18311943e-01 2.38821306e-01 5.41310899e-01 8.26300621e-01
1.10500000e-02 1.18306821e-01 2.38730615e-01 5.41349913e-01 8.26287218e-01
1.10550000e-02 1.18301673e-01 2.38639942e-01 5.41388826e-01 8.26273275e-01
1.10600000e-02 1.18296499e-01 2.38549287e-01 5.41427638e-01 8.26258746e-01
1.10650000e-02 1.18291299e-01 2.38458650e-01 5.41466350e-01 8.26243586e-01
1.10700000e-02 1.18286073e-01 2.38368031e-01 5.41504962e-01 8.26227754e-01
1.10750000e-02 1.18280821e-01 2.38277430e-01 5.41543475e-01 8.26211213e-01
1.10800000e-02 1.18275543e-01 2.38186849e-01 5.41581890e-01 8.26193928e-01
1.10850000e-02 1.18270239e-01 2.38096286e-01 5.41620207e-01 8.26175868e-01
1.10900000e-02 1.18264910e-01 2.38005743e-01 5.41658427e-01 8.26157006e-01
1.10950000e-02 1.18259554e-01 2.37915219e-01 5.41696550e-01 8.26137317e-01
1.11000000e-02 1.18254173e-01 2.37824716e-01 5.41734578e-01 8.26116783e-01
1.11050000e-02 1.18248767e-01 2.37734233e-01 5.41772510e-01 8.26095386e-01
1.11100000e-02 1.18243334e-01 2.37643772e-01 5.41810347e-01 8.26073116e-01
1.11150000e-02 1.18237876e-01 2.37553332e-01 5.41848090e-01 8.26049963e-01
1.11200000e-02 1.18232393e-01 2.37462914e-01 5.41885739e-01 8.26025923e-01
1.11250000e-02 1.18226883e-01 2.37372519e-01 5.41923295e-01 8.26000996e-01
1.11300000e-02 1.18221349e-01 2.37282148e-01 5.41960758e-01 8.25975186e-01
1.11350000e-02 1.18215789e-01 2.37191801e-01 5.41998130e-01 8.25948498e-01
1.11400000e-02 1.18210203e-01 2.37101479e-01 5.42035410e-01 8.25920946e-01
1.11450000e-02 1.18204592e-01 2.37011182e-01 5.42072598e-01 8.25892542e-01
1.11500000e-02 1.18198956e-01 2.36920912e-01 5.42109697e-01 8.25863307e-01
1.11550000e-02 1.18193294e-01 2.36830668e-01 5.42146705e-01 8.25833261e-01
1.11600000e-02 1.18187607e-01 2.36740453e-01 5.42183623e-01 8.25802431e-01
1.11650000e-02 1.18181895e-01 2.36650267e-01 5.42220453e-01 8.25770845e-01
1.11700000e-02 1.18176157e-01 2.36560110e-01 5.42257193e-01 8.25738534e-01
1.11750000e-02 1.18170394e-01 2.36469984e-01 5.42293846e-01 8.25705534e-01
1.11800000e-02 1.18164606e-01 2.36379889e-01 5.42330410e-01 8.25671882e-01
1.11850000e-02 1.18158793e-01 2.36289826e-01 5.42366887e-01 8.25637619e-01
1.11900000e-02 1.18152955e-01 2.36199797e-01 5.42403277e-01 8.25602788e-01
1.11950000e-02 1.18147091e-01 2.36109803e-01 5.42439580e-01 8.25567432e-01
1.12000000e-02 1.18141202e-01 2.36019844e-01 5.42475796e-01 8.25531599e-01
1.12050000e-02 1.18135288e-01 2.35929920e-01 5.42511927e-01 8.25495338e-01
1.12100000e-02 1.18129350e-01 2.35840035e-01 5.42547971e-01 8.25458697e-01
1.12150000e-02 1.18123386e-01 2.35750187e-01 5.42583930e-01 8.25421730e-01
1.12200000e-02 1.18117397e-01 2.35660379e-01 5.42619804e-01 8.25384488e-01
1.12250000e-02 1.18111383e-01 2.35570612e-01 5.42655593e-01 8.25347023e-01
1.12300000e-02 1.18105344e-01 2.35480886e-01 5.42691297e-01 8.25309389e-01
1.12350000e-02 1.18099280e-01 2.35391202e-01 5.42726916e-01 8.25271640e-01
1.12400000e-02 1.18093191e-01 2.35301562e-01 5.42762451e-01 8.25233830e-01
1.12450000e-02 1.18087077e-01 2.35211966e-01 5.42797902e-01 8.25196010e-01
1.12500000e-02 1.18080939e-01 2.35122415e-01 5.42833269e-01 8.25158233e-01
1.12550000e-02 1.18074775e-01 2.35032912e-01 5.42868552e-01 8.25120552e-01
1.12600000e-02 1.18068586e-01 2.34943455e-01 5.42903751e-01 8.25083015e-01
1.12650000e-02 1.18062373e-01 2.34854047e-01 5.42938866e-01 8.25045672e-01
1.12700000e-02 1.18056135e-01 2.34764689e-01 5.42973898e-01 8.25008570e-01
1.12750000e-02 1.18049872e-01 2.34675381e-01 5.43008846e-01 8.24971753e-01
1.12800000e-02 1.18043584e-01 2.34586124e-01 5.43043710e-01 8.24935266e-01
1.12850000e-02 1.18037271e-01 2.34496920e-01 5.43078491e-01 8.24899148e-01
1.12900000e-02 1.18030934e-01 2.34407769e-01 5.43113189e-01 8.24863437e-01
1.12950000e-02 1.18024572e-01 2.34318671e-01 5.43147802e-01 8.24828169e-01
1.13000000e-02 1.18018185e-01 2.34229629e-01 5.43182333e-01 8.24793376e-01
1.13050000e-02 1.18011774e-01 2.34140642e-01 5.43216779e-01 8.24759086e-01
1.13100000e-02 1.18005337e-01 2.34051712e-01 5.43251142e-01 8.24725325e-01
1.13150000e-02 1.17998877e-01 2.33962839e-01 5.43285421e-01 8.24692116e-01
1.13200000e-02 1.17992391e-01 2.33874024e-01 5.43319616e-01 8.24659478e-01
1.13250000e-02 1.17985881e-01 2.33785268e-01 5.43353726e-01 8.24627425e-01
1.13300000e-02 1.17979346e-01 2.33696572e-01 5.43387752e-01 8.24595969e-01
1.13350000e-02 1.17972787e-01 2.33607935e-01 5.43421694e-01 8.24565118e-01
1.13400000e-02 1.17966203e-01 2.33519360e-01 5.43455551e-01 8.24534876e-01
1.13450000e-02 1.17959595e-01 2.33430845e-01 5.43489322e-01 8.24505243e-01
1.13500000e-02 1.17952962e-01 2.33342393e-01 5.43523008e-01 8.24476216e-01
1.13550000e-02 1.17946304e-01 2.33254004e-01 5.43556609e-01 8.24447786e-01
1.13600000e-02 1.17939622e-01 2.33165677e-01 5.43590123e-01 8.24419944e-01
1.13650000e-02 1.17932916e-01 2.33077414e-01 5.43623551e-01 8.24392674e-01
1.13700000e-02 1.17926185e-01 2.32989215e-01 5.43656892e-01 8.24365957e-01
1.13750000e-02 1.17919429e-01 2.32901081e-01 5.43690145e-01 8.24339774e-01
1.13800000e-02 1.17912650e-01 2.32813012e-01 5.43723311e-01 8.24314097e-01
1.13850000e-02 1.17905845e-01 2.32725008e-01 5.43756389e-01 8.24288900e-01
1.13900000e-02 1.17899017e-01 2.32637071e-01 5.43789378e-01 8.24264150e-01
1.13950000e-02 1.17892164e-01 2.32549199e-01 5.43822278e-01 8.24239814e-01
1.14000000e-02 1.17885286e-01 2.32461395e-01 5.43855088e-01 8.24215855e-01
1.14050000e-02 1.17878385e-01 2.32373657e-01 5.43887807e-01 8.24192233e-01
1.14100000e-02 1.17871459e-01 2.32285987e-01 5.43920435e-01 8.24168907e-01
1.14150000e-02 1.17864508e-01 2.32198384e-01 5.43952972e-01 8.24145834e-01
1.14200000e-02 1.17857533e-01 2.32110850e-01 5.43985416e-01 8.24122967e-01
1.14250000e-02 1.17850534e-01 2.32023384e-01 5.44017766e-01 8.24100259e-01
1.14300000e-02 1.17843511e-01 2.31935987e-01 5.44050023e-01 8.24077663e-01
1.14350000e-02 1.17836463e-01 2.31848659e-01 5.44082185e-01 8.24055129e-01
1.14400000e-02 1.17829391e-01 2.31761401e-01 5.44114251e-01 8.24032606e-01
