# Time u_x(A) u_y(A)
1.0000000000e-03 -8.8608603903e-11 -7.3082734923e-13
2.0000000000e-03 -5.7667376587e-10 -5.3040572101e-12
3.0000000000e-03 -2.0507869458e-09 -1.8865809150e-11
4.0000000000e-03 -5.4487707600e-09 -4.5664428877e-11
5.0000000000e-03 -1.1997225248e-08 -8.8041488606e-11
6.0000000000e-03 -2.2989796386e-08 -1.4723187991e-10
7.0000000000e-03 -3.9701289199e-08 -2.2295405097e-10
8.0000000000e-03 -6.3256648172e-08 -3.1400798150e-10
9.0000000000e-03 -9.4477908484e-08 -4.1954270359e-10
1.0000000000e-02 -1.3384639622e-07 -5.3773006345e-10
1.1000000000e-02 -1.8141040497e-07 -6.6487969416e-10
1.2000000000e-02 -2.3679345009e-07 -7.9741542346e-10
1.3000000000e-02 -2.9922391867e-07 -9.3268655348e-10
1.4000000000e-02 -3.6752710750e-07 -1.0683418569e-09
1.5000000000e-02 -4.4030529773e-07 -1.2032452088e-09
1.6000000000e-02 -5.1605846127e-07 -1.3375025324e-09
1.7000000000e-02 -5.9328265639e-07 -1.4714008020e-09
1.8000000000e-02 -6.7061678720e-07 -1.6066580906e-09
1.9000000000e-02 -7.4688302890e-07 -1.7470732293e-09
2.0000000000e-02 -8.2127796551e-07 -1.8964974121e-09
2.1000000000e-02 -8.9346800567e-07 -2.0587601345e-09
2.2000000000e-02 -9.6348606312e-07 -2.2386574446e-09
2.3000000000e-02 -1.0317544564e-06 -2.4406410892e-09
2.4000000000e-02 -1.0990306408e-06 -2.6685644829e-09
2.5000000000e-02 -1.1663692962e-06 -2.9260621994e-09
2.6000000000e-02 -1.2350251295e-06 -3.2150078149e-09
2.7000000000e-02 -1.3062062576e-06 -3.5355352458e-09
2.8000000000e-02 -1.3810493237e-06 -3.8878776099e-09
2.9000000000e-02 -1.4605501624e-06 -4.2716364889e-09
3.0000000000e-02 -1.5454309700e-06 -4.6847150424e-09
3.1000000000e-02 -1.6360859110e-06 -5.1245930881e-09
3.2000000000e-02 -1.7325019713e-06 -5.5884613859e-09
3.3000000000e-02 -1.8343435563e-06 -6.0733323234e-09
3.4000000000e-02 -1.9409350338e-06 -6.5776306931e-09
3.5000000000e-02 -2.0512075076e-06 -7.1007805871e-09
3.6000000000e-02 -2.1638883279e-06 -7.6420311653e-09
3.7000000000e-02 -2.2776150757e-06 -8.2016848430e-09
3.8000000000e-02 -2.3910491668e-06 -8.7818097219e-09
3.9000000000e-02 -2.5029859701e-06 -9.3852590806e-09
4.0000000000e-02 -2.6124928356e-06 -1.0015732462e-08
4.1000000000e-02 -2.7191528907e-06 -1.0677719300e-08
4.2000000000e-02 -2.8230108579e-06 -1.1375373188e-08
4.3000000000e-02 -2.9244880414e-06 -1.2112733006e-08
4.4000000000e-02 -3.0244010178e-06 -1.2894281620e-08
4.5000000000e-02 -3.1239066788e-06 -1.3723673376e-08
4.6000000000e-02 -3.2244540535e-06 -1.4603185883e-08
4.7000000000e-02 -3.3275287807e-06 -1.5534802045e-08
4.8000000000e-02 -3.4345308421e-06 -1.6519981580e-08
4.9000000000e-02 -3.5467706906e-06 -1.7558814947e-08
5.0000000000e-02 -3.6652579609e-06 -1.8650280173e-08
5.1000000000e-02 -3.7906229201e-06 -1.9791071058e-08
5.2000000000e-02 -3.9230219665e-06 -2.0974022907e-08
5.3000000000e-02 -4.0621372746e-06 -2.2189460429e-08
5.4000000000e-02 -4.2072636234e-06 -2.3427185572e-08
5.5000000000e-02 -4.3571956218e-06 -2.4678619321e-08
5.6000000000e-02 -4.5103492388e-06 -2.5941256714e-08
5.7000000000e-02 -4.6648929730e-06 -2.7220790263e-08
5.8000000000e-02 -4.8187826550e-06 -2.8528506987e-08
5.9000000000e-02 -4.9698720838e-06 -2.9880093249e-08
6.0000000000e-02 -5.1158813608e-06 -3.1295446579e-08
6.1000000000e-02 -5.2545982787e-06 -3.2795322093e-08
6.2000000000e-02 -5.3840639676e-06 -3.4397522942e-08
6.3000000000e-02 -5.5025370879e-06 -3.6114815674e-08
6.4000000000e-02 -5.6086943601e-06 -3.7954870081e-08
6.5000000000e-02 -5.7018225551e-06 -3.9921808081e-08
6.6000000000e-02 -5.7819687013e-06 -4.2014647648e-08
6.7000000000e-02 -5.8499498965e-06 -4.4223433608e-08
6.8000000000e-02 -5.9072660804e-06 -4.6531622677e-08
6.9000000000e-02 -5.9562085727e-06 -4.8921789824e-08
7.0000000000e-02 -5.9996269829e-06 -5.1375397319e-08
7.1000000000e-02 -6.0404664652e-06 -5.3871882649e-08
7.2000000000e-02 -6.0814445238e-06 -5.6392699545e-08
7.3000000000e-02 -6.1248272699e-06 -5.8924116265e-08
7.4000000000e-02 -6.1723084871e-06 -6.1457276166e-08
7.5000000000e-02 -6.2247762158e-06 -6.3990043638e-08
7.6000000000e-02 -6.2822765186e-06 -6.6527648034e-08
7.7000000000e-02 -6.3441139374e-06 -6.9079958988e-08
7.8000000000e-02 -6.4088959487e-06 -7.1661351731e-08
7.9000000000e-02 -6.4747858448e-06 -7.4292121950e-08
8.0000000000e-02 -6.5396200037e-06 -7.6995426045e-08
8.1000000000e-02 -6.6010519826e-06 -7.9793328957e-08
8.2000000000e-02 -6.6568012475e-06 -8.2705695105e-08
8.3000000000e-02 -6.7047593244e-06 -8.5748684667e-08
8.4000000000e-02 -6.7433444825e-06 -8.8933376676e-08
8.5000000000e-02 -6.7717932842e-06 -9.2265967895e-08
8.6000000000e-02 -6.7901603537e-06 -9.5746404313e-08
8.7000000000e-02 -6.7991328727e-06 -9.9366824592e-08
8.8000000000e-02 -6.7998186947e-06 -1.0311360444e-07
8.9000000000e-02 -6.7939401561e-06 -1.0697024668e-07
9.0000000000e-02 -6.7837502493e-06 -1.1091824856e-07
9.1000000000e-02 -6.7715714847e-06 -1.1493823484e-07
9.2000000000e-02 -6.7595853490e-06 -1.1901213760e-07
9.3000000000e-02 -6.7496784176e-06 -1.2312470601e-07
9.4000000000e-02 -6.7433994019e-06 -1.2726569519e-07
9.5000000000e-02 -6.7417795129e-06 -1.3143200267e-07
9.6000000000e-02 -6.7450803532e-06 -1.3562624420e-07
9.7000000000e-02 -6.7528639418e-06 -1.3985543163e-07
9.8000000000e-02 -6.7639652968e-06 -1.4413256896e-07
9.9000000000e-02 -6.7766021706e-06 -1.4847574370e-07
1.0000000000e-01 -6.7887596633e-06 -1.5290505387e-07
1.0100000000e-01 -6.7983056877e-06 -1.5744133299e-07
1.0200000000e-01 -6.8029145257e-06 -1.6210329858e-07
1.0300000000e-01 -6.8002621904e-06 -1.6690513338e-07
1.0400000000e-01 -6.7886110814e-06 -1.7185815089e-07
1.0500000000e-01 -6.7670982659e-06 -1.7696958791e-07
1.0600000000e-01 -6.7355220839e-06 -1.8223930050e-07
1.0700000000e-01 -6.6942038128e-06 -1.8766079922e-07
1.0800000000e-01 -6.6440330184e-06 -1.9322313343e-07
1.0900000000e-01 -6.5866465027e-06 -1.9891191920e-07
1.1000000000e-01 -6.5243257701e-06 -2.0471087869e-07
1.1100000000e-01 -6.4595301142e-06 -2.1060239494e-07
1.1200000000e-01 -6.3947063471e-06 -2.1656849142e-07
1.1300000000e-01 -6.3322462054e-06 -2.2259370908e-07
1.1400000000e-01 -6.2743759452e-06 -2.2866804995e-07
1.1500000000e-01 -6.2230615668e-06 -2.3478786805e-07
1.1600000000e-01 -6.1798605634e-06 -2.4095452752e-07
1.1700000000e-01 -6.1457905043e-06 -2.4717401546e-07
1.1800000000e-01 -6.1212435936e-06 -2.5345764909e-07
1.1900000000e-01 -6.1061268034e-06 -2.5982121953e-07
1.2000000000e-01 -6.1000842415e-06 -2.6628381462e-07
1.2100000000e-01 -6.1024147391e-06 -2.7286568965e-07
1.2200000000e-01 -6.1119605812e-06 -2.7958491647e-07
1.2300000000e-01 -6.1272055563e-06 -2.8645653375e-07
1.2400000000e-01 -6.1465259337e-06 -2.9349262505e-07
1.2500000000e-01 -6.1684188270e-06 -3.0070073172e-07
1.2600000000e-01 -6.1913701546e-06 -3.0808242021e-07
1.2700000000e-01 -6.2137660796e-06 -3.1563288086e-07
1.2800000000e-01 -6.2342533953e-06 -3.2334198718e-07
1.2900000000e-01 -6.2520171233e-06 -3.3119681692e-07
1.3000000000e-01 -6.2668286262e-06 -3.3918313476e-07
1.3100000000e-01 -6.2789885066e-06 -3.4728511478e-07
1.3200000000e-01 -6.2891818127e-06 -3.5548676020e-07
1.3300000000e-01 -6.2985201544e-06 -3.6377510076e-07
1.3400000000e-01 -6.3085326318e-06 -3.7214200237e-07
1.3500000000e-01 -6.3209353203e-06 -3.8058496501e-07
1.3600000000e-01 -6.3373598811e-06 -3.8910698992e-07
1.3700000000e-01 -6.3590244335e-06 -3.9771505236e-07
1.3800000000e-01 -6.3866481599e-06 -4.0642054335e-07
1.3900000000e-01 -6.4205716429e-06 -4.1524033582e-07
1.4000000000e-01 -6.4607591158e-06 -4.2419393255e-07
1.4100000000e-01 -6.5067549681e-06 -4.3330066505e-07
1.4200000000e-01 -6.5576199707e-06 -4.4257881080e-07
1.4300000000e-01 -6.6120928179e-06 -4.5204347185e-07
1.4400000000e-01 -6.6689018447e-06 -4.6170579267e-07
1.4500000000e-01 -6.7268425909e-06 -4.7157357302e-07
1.4600000000e-01 -6.7847584562e-06 -4.8164905967e-07
1.4700000000e-01 -6.8415354850e-06 -4.9192726903e-07
1.4800000000e-01 -6.8962648767e-06 -5.0239868557e-07
1.4900000000e-01 -6.9485152729e-06 -5.1305134066e-07
1.5000000000e-01 -6.9984059211e-06 -5.2387090125e-07
1.5100000000e-01 -7.0464827240e-06 -5.3484281039e-07
1.5200000000e-01 -7.0935047546e-06 -5.4595395130e-07
1.5300000000e-01 -7.1404218288e-06 -5.5719346764e-07
1.5400000000e-01 -7.1884249174e-06 -5.6855643902e-07
1.5500000000e-01 -7.2388178783e-06 -5.8004525504e-07
1.5600000000e-01 -7.2928159390e-06 -5.9166606978e-07
1.5700000000e-01 -7.3513030104e-06 -6.0342752989e-07
1.5800000000e-01 -7.4148521132e-06 -6.1534143913e-07
1.5900000000e-01 -7.4838716539e-06 -6.2742019346e-07
1.6000000000e-01 -7.5585153965e-06 -6.3967554802e-07
1.6100000000e-01 -7.6385657635e-06 -6.5212000000e-07
1.6200000000e-01 -7.7232948906e-06 -6.6476549092e-07
1.6300000000e-01 -7.8115617500e-06 -6.7762348862e-07
1.6400000000e-01 -7.9021606205e-06 -6.9070763234e-07
1.6500000000e-01 -7.9938900894e-06 -7.0403151854e-07
1.6600000000e-01 -8.0855226730e-06 -7.1760506147e-07
1.6700000000e-01 -8.1758264151e-06 -7.3143474188e-07
1.6800000000e-01 -8.2636629767e-06 -7.4552279004e-07
1.6900000000e-01 -8.3482072627e-06 -7.5986618901e-07
1.7000000000e-01 -8.4289286775e-06 -7.7445922751e-07
1.7100000000e-01 -8.5054516471e-06 -7.8929383670e-07
1.7200000000e-01 -8.5774970929e-06 -8.0435768378e-07
1.7300000000e-01 -8.6448286126e-06 -8.1963709497e-07
1.7400000000e-01 -8.7073145692e-06 -8.3512025503e-07
1.7500000000e-01 -8.7649488104e-06 -8.5079617082e-07
1.7600000000e-01 -8.8176925772e-06 -8.6665632484e-07
1.7700000000e-01 -8.8653457744e-06 -8.8269715773e-07
1.7800000000e-01 -8.9075941875e-06 -8.9891873768e-07
1.7900000000e-01 -8.9442413610e-06 -9.1532653314e-07
1.8000000000e-01 -8.9753530147e-06 -9.3193344634e-07
1.8100000000e-01 -9.0011251681e-06 -9.4875574676e-07
1.8200000000e-01 -9.0217724120e-06 -9.6581131857e-07
1.8300000000e-01 -9.0376183445e-06 -9.8312102493e-07
1.8400000000e-01 -9.0492637535e-06 -1.0007061992e-06
1.8500000000e-01 -9.0575810875e-06 -1.0185871169e-06
1.8600000000e-01 -9.0634733901e-06 -1.0367827894e-06
1.8700000000e-01 -9.0677387277e-06 -1.0553065403e-06
1.8800000000e-01 -9.0710758866e-06 -1.0741650487e-06
1.8900000000e-01 -9.0740618359e-06 -1.0933620357e-06
1.9000000000e-01 -9.0770770282e-06 -1.1128966896e-06
1.9100000000e-01 -9.0801783330e-06 -1.1327619018e-06
1.9200000000e-01 -9.0831036604e-06 -1.1529474720e-06
1.9300000000e-01 -9.0853756040e-06 -1.1734409636e-06
1.9400000000e-01 -9.0864370199e-06 -1.1942283172e-06
1.9500000000e-01 -9.0857853026e-06 -1.2152980740e-06
1.9600000000e-01 -9.0829096571e-06 -1.2366418043e-06
1.9700000000e-01 -9.0772584595e-06 -1.2582524945e-06
1.9800000000e-01 -9.0683197855e-06 -1.2801276874e-06
1.9900000000e-01 -9.0557156790e-06 -1.3022714497e-06
2.0000000000e-01 -9.0392869635e-06 -1.3246927780e-06
2.0100000000e-01 -9.0189286919e-06 -1.3474051531e-06
2.0200000000e-01 -8.9944757778e-06 -1.3704248752e-06
2.0300000000e-01 -8.9658339162e-06 -1.3937686526e-06
2.0400000000e-01 -8.9331285065e-06 -1.4174551746e-06
2.0500000000e-01 -8.8967737116e-06 -1.4415046131e-06
2.0600000000e-01 -8.8572730266e-06 -1.4659329353e-06
2.0700000000e-01 -8.8150946956e-06 -1.4907505477e-06
2.0800000000e-01 -8.7707702512e-06 -1.5159647161e-06
2.0900000000e-01 -8.7248859296e-06 -1.5415783815e-06
2.1000000000e-01 -8.6780284744e-06 -1.5675894037e-06
2.1100000000e-01 -8.6306318267e-06 -1.5939922375e-06
2.1200000000e-01 -8.5828571054e-06 -1.6207774740e-06
2.1300000000e-01 -8.5346588691e-06 -1.6479328687e-06
2.1400000000e-01 -8.4858742455e-06 -1.6754479104e-06
2.1500000000e-01 -8.4363125028e-06 -1.7033143534e-06
2.1600000000e-01 -8.3856729066e-06 -1.7315247313e-06
2.1700000000e-01 -8.3334383155e-06 -1.7600750117e-06
2.1800000000e-01 -8.2790009895e-06 -1.7889660275e-06
2.1900000000e-01 -8.2218357985e-06 -1.8182027813e-06
2.2000000000e-01 -8.1616025033e-06 -1.8477956822e-06
2.2100000000e-01 -8.0980498782e-06 -1.8777597162e-06
2.2200000000e-01 -8.0309683045e-06 -1.9081112933e-06
2.2300000000e-01 -7.9604105316e-06 -1.9388682844e-06
2.2400000000e-01 -7.8868276854e-06 -1.9700501683e-06
2.2500000000e-01 -7.8110596150e-06 -2.0016750944e-06
2.2600000000e-01 -7.7341820845e-06 -2.0337584001e-06
2.2700000000e-01 -7.6573400305e-06 -2.0663117568e-06
2.2800000000e-01 -7.5817998525e-06 -2.0993415107e-06
2.2900000000e-01 -7.5089896671e-06 -2.1328499827e-06
2.3000000000e-01 -7.4404624090e-06 -2.1668365585e-06
2.3100000000e-01 -7.3777319535e-06 -2.2012956350e-06
2.3200000000e-01 -7.3220261206e-06 -2.2362170715e-06
2.3300000000e-01 -7.2742652634e-06 -2.2715898810e-06
2.3400000000e-01 -7.2350842597e-06 -2.3074036243e-06
2.3500000000e-01 -7.2047745566e-06 -2.3436488162e-06
2.3600000000e-01 -7.1831739318e-06 -2.3803187941e-06
2.3700000000e-01 -7.1694628121e-06 -2.4174100350e-06
2.3800000000e-01 -7.1622296295e-06 -2.4549224963e-06
2.3900000000e-01 -7.1597956897e-06 -2.4928620383e-06
2.4000000000e-01 -7.1603889306e-06 -2.5312402391e-06
2.4100000000e-01 -7.1621342123e-06 -2.5700714184e-06
2.4200000000e-01 -7.1630543444e-06 -2.6093722545e-06
2.4300000000e-01 -7.1613349467e-06 -2.6491619562e-06
2.4400000000e-01 -7.1556923252e-06 -2.6894600427e-06
2.4500000000e-01 -7.1454770373e-06 -2.7302851336e-06
2.4600000000e-01 -7.1306310775e-06 -2.7716537368e-06
2.4700000000e-01 -7.1116483546e-06 -2.8135774343e-06
2.4800000000e-01 -7.0895470652e-06 -2.8560628516e-06
2.4900000000e-01 -7.0658487207e-06 -2.8991133960e-06
2.5000000000e-01 -7.0424468384e-06 -2.9427280880e-06
2.5100000000e-01 -7.0213520611e-06 -2.9869006889e-06
2.5200000000e-01 -7.0043953793e-06 -3.0316215634e-06
2.5300000000e-01 -6.9930212845e-06 -3.0768790318e-06
2.5400000000e-01 -6.9882670460e-06 -3.1226607793e-06
2.5500000000e-01 -6.9907876725e-06 -3.1689562241e-06
2.5600000000e-01 -7.0007433958e-06 -3.2157571035e-06
2.5700000000e-01 -7.0176226957e-06 -3.2630576115e-06
2.5800000000e-01 -7.0403127168e-06 -3.3108572097e-06
2.5900000000e-01 -7.0674423572e-06 -3.3591626113e-06
2.6000000000e-01 -7.0976307744e-06 -3.4079863956e-06
2.6100000000e-01 -7.1294575127e-06 -3.4573462692e-06
2.6200000000e-01 -7.1613908953e-06 -3.5072640338e-06
2.6300000000e-01 -7.1919883744e-06 -3.5577621675e-06
2.6400000000e-01 -7.2201892276e-06 -3.6088623526e-06
2.6500000000e-01 -7.2453761297e-06 -3.6605841080e-06
2.6600000000e-01 -7.2673070122e-06 -3.7129406197e-06
2.6700000000e-01 -7.2860931614e-06 -3.7659381274e-06
2.6800000000e-01 -7.3022503929e-06 -3.8195789468e-06
2.6900000000e-01 -7.3167322931e-06 -3.8738618775e-06
2.7000000000e-01 -7.3308803764e-06 -3.9287827397e-06
2.7100000000e-01 -7.3462664941e-06 -3.9843363334e-06
2.7200000000e-01 -7.3643853078e-06 -4.0405158232e-06
2.7300000000e-01 -7.3864489642e-06 -4.0973135102e-06
2.7400000000e-01 -7.4134370495e-06 -4.1547240826e-06
2.7500000000e-01 -7.4460960105e-06 -4.2127443177e-06
2.7600000000e-01 -7.4847324812e-06 -4.2713718910e-06
2.7700000000e-01 -7.5289989840e-06 -4.3306073490e-06
2.7800000000e-01 -7.5779340893e-06 -4.3904548572e-06
2.7900000000e-01 -7.6302319820e-06 -4.4509211136e-06
2.8000000000e-01 -7.6844052127e-06 -4.5120155737e-06
2.8100000000e-01 -7.7387381099e-06 -4.5737493673e-06
2.8200000000e-01 -7.7912593298e-06 -4.6361331413e-06
2.8300000000e-01 -7.8399180553e-06 -4.6991777205e-06
2.8400000000e-01 -7.8828829644e-06 -4.7628948582e-06
2.8500000000e-01 -7.9187030406e-06 -4.8272955848e-06
2.8600000000e-01 -7.9462854474e-06 -4.8923892290e-06
2.8700000000e-01 -7.9648786728e-06 -4.9581832904e-06
2.8800000000e-01 -7.9741459520e-06 -5.0246828819e-06
2.8900000000e-01 -7.9742898141e-06 -5.0918916041e-06
2.9000000000e-01 -7.9660924286e-06 -5.1598124462e-06
2.9100000000e-01 -7.9507376616e-06 -5.2284467289e-06
2.9200000000e-01 -7.9295545022e-06 -5.2977939839e-06
2.9300000000e-01 -7.9039277148e-06 -5.3678536548e-06
2.9400000000e-01 -7.8753892599e-06 -5.4386259211e-06
2.9500000000e-01 -7.8456177400e-06 -5.5101112814e-06
2.9600000000e-01 -7.8161575799e-06 -5.5823106719e-06
2.9700000000e-01 -7.7881377447e-06 -5.6552256965e-06
2.9800000000e-01 -7.7622653677e-06 -5.7288589041e-06
2.9900000000e-01 -7.7389634927e-06 -5.8032147603e-06
3.0000000000e-01 -7.7183516950e-06 -5.8782993055e-06
3.0100000000e-01 -7.7000397851e-06 -5.9541186874e-06
3.0200000000e-01 -7.6830785715e-06 -6.0306788683e-06
3.0300000000e-01 -7.6661494795e-06 -6.1079859264e-06
3.0400000000e-01 -7.6478004429e-06 -6.1860460908e-06
3.0500000000e-01 -7.6266229791e-06 -6.2648657050e-06
3.0600000000e-01 -7.6013095951e-06 -6.3444503090e-06
3.0700000000e-01 -7.5707011764e-06 -6.4248034944e-06
3.0800000000e-01 -7.5338907107e-06 -6.5059274686e-06
3.0900000000e-01 -7.4903921317e-06 -6.5878242840e-06
3.1000000000e-01 -7.4403213887e-06 -6.6704959692e-06
3.1100000000e-01 -7.3843015233e-06 -6.7539438381e-06
3.1200000000e-01 -7.3232190118e-06 -6.8381680708e-06
3.1300000000e-01 -7.2581534637e-06 -6.9231686630e-06
3.1400000000e-01 -7.1904015293e-06 -7.0089467667e-06
3.1500000000e-01 -7.1214070783e-06 -7.0955047100e-06
3.1600000000e-01 -7.0524630992e-06 -7.1828452812e-06
3.1700000000e-01 -6.9844220066e-06 -7.2709715844e-06
3.1800000000e-01 -6.9177096464e-06 -7.3598878234e-06
3.1900000000e-01 -6.8524645010e-06 -7.4496003182e-06
3.2000000000e-01 -6.7885620375e-06 -7.5401172443e-06
3.2100000000e-01 -6.7255210494e-06 -7.6314470248e-06
3.2200000000e-01 -6.6624978171e-06 -7.7235974299e-06
3.2300000000e-01 -6.5984559316e-06 -7.8165762039e-06
3.2400000000e-01 -6.5323721633e-06 -7.9103916314e-06
3.2500000000e-01 -6.4633637069e-06 -8.0050515385e-06
3.2600000000e-01 -6.3906709638e-06 -8.1005617910e-06
3.2700000000e-01 -6.3136514277e-06 -8.1969262017e-06
3.2800000000e-01 -6.2318816686e-06 -8.2941474140e-06
3.2900000000e-01 -6.1452448890e-06 -8.3922274625e-06
3.3000000000e-01 -6.0540246067e-06 -8.4911674093e-06
3.3100000000e-01 -5.9588485704e-06 -8.5909666672e-06
3.3200000000e-01 -5.8604911045e-06 -8.6916235079e-06
3.3300000000e-01 -5.7598752210e-06 -8.7931362793e-06
3.3400000000e-01 -5.6581493473e-06 -8.8955040921e-06
3.3500000000e-01 -5.5566545889e-06 -8.9987270630e-06
3.3600000000e-01 -5.4567337502e-06 -9.1028060746e-06
3.3700000000e-01 -5.3594580496e-06 -9.2077424429e-06
3.3800000000e-01 -5.2656278045e-06 -9.3135386600e-06
3.3900000000e-01 -5.1758925151e-06 -9.4201993221e-06
3.4000000000e-01 -5.0907253747e-06 -9.5277306159e-06
3.4100000000e-01 -5.0103532366e-06 -9.6361392722e-06
3.4200000000e-01 -4.9347017278e-06 -9.7454319502e-06
3.4300000000e-01 -4.8635059870e-06 -9.8556154302e-06
3.4400000000e-01 -4.7964677667e-06 -9.9666972089e-06
3.4500000000e-01 -4.7332763594e-06 -1.0078684726e-05
3.4600000000e-01 -4.6736032537e-06 -1.0191583913e-05
3.4700000000e-01 -4.6170351683e-06 -1.0305398942e-05
3.4800000000e-01 -4.5631087662e-06 -1.0420132797e-05
3.4900000000e-01 -4.5114839292e-06 -1.0535787901e-05
3.5000000000e-01 -4.4619611748e-06 -1.0652366264e-05
3.5100000000e-01 -4.4143873668e-06 -1.0769868467e-05
3.5200000000e-01 -4.3685359135e-06 -1.0888293433e-05
3.5300000000e-01 -4.3241252108e-06 -1.1007640290e-05
3.5400000000e-01 -4.2809870044e-06 -1.1127909365e-05
3.5500000000e-01 -4.2390493958e-06 -1.1249101650e-05
3.5600000000e-01 -4.1982148595e-06 -1.1371218671e-05
3.5700000000e-01 -4.1583012071e-06 -1.1494262700e-05
3.5800000000e-01 -4.1190910006e-06 -1.1618237106e-05
3.5900000000e-01 -4.0804856886e-06 -1.1743146809e-05
3.6000000000e-01 -4.0425350834e-06 -1.1868997869e-05
3.6100000000e-01 -4.0053648489e-06 -1.1995796233e-05
3.6200000000e-01 -3.9690998602e-06 -1.2123547272e-05
3.6300000000e-01 -3.9338440324e-06 -1.2252256560e-05
3.6400000000e-01 -3.8997989862e-06 -1.2381930426e-05
3.6500000000e-01 -3.8672714585e-06 -1.2512575643e-05
3.6600000000e-01 -3.8365206289e-06 -1.2644198999e-05
3.6700000000e-01 -3.8076534661e-06 -1.2776807084e-05
3.6800000000e-01 -3.7806617034e-06 -1.2910406474e-05
3.6900000000e-01 -3.7555925485e-06 -1.3045003909e-05
3.7000000000e-01 -3.7325853004e-06 -1.3180604862e-05
3.7100000000e-01 -3.7117506937e-06 -1.3317211477e-05
3.7200000000e-01 -3.6931017715e-06 -1.3454822606e-05
3.7300000000e-01 -3.6765762992e-06 -1.3593435216e-05
3.7400000000e-01 -3.6621687233e-06 -1.3733045465e-05
3.7500000000e-01 -3.6499631595e-06 -1.3873649793e-05
3.7600000000e-01 -3.6400032828e-06 -1.4015245886e-05
3.7700000000e-01 -3.6322078572e-06 -1.4157832966e-05
3.7800000000e-01 -3.6263713012e-06 -1.4301412875e-05
3.7900000000e-01 -3.6222709975e-06 -1.4445991341e-05
3.8000000000e-01 -3.6197123985e-06 -1.4591576801e-05
3.8100000000e-01 -3.6184118751e-06 -1.4738178787e-05
3.8200000000e-01 -3.6179548491e-06 -1.4885807998e-05
3.8300000000e-01 -3.6178585574e-06 -1.5034476057e-05
3.8400000000e-01 -3.6177106107e-06 -1.5184194557e-05
3.8500000000e-01 -3.6172822048e-06 -1.5334974335e-05
3.8600000000e-01 -3.6164614948e-06 -1.5486823829e-05
3.8700000000e-01 -3.6151842762e-06 -1.5639747480e-05
3.8800000000e-01 -3.6134431080e-06 -1.5793746677e-05
3.8900000000e-01 -3.6113425496e-06 -1.5948820776e-05
3.9000000000e-01 -3.6091218345e-06 -1.6104966489e-05
3.9100000000e-01 -3.6070002094e-06 -1.6262178277e-05
3.9200000000e-01 -3.6050331660e-06 -1.6420449783e-05
3.9300000000e-01 -3.6031123494e-06 -1.6579774910e-05
3.9400000000e-01 -3.6010267209e-06 -1.6740149279e-05
3.9500000000e-01 -3.5985157911e-06 -1.6901571289e-05
3.9600000000e-01 -3.5951861339e-06 -1.7064041608e-05
3.9700000000e-01 -3.5904024480e-06 -1.7227563568e-05
3.9800000000e-01 -3.5833438857e-06 -1.7392144648e-05
3.9900000000e-01 -3.5731536628e-06 -1.7557796096e-05
4.0000000000e-01 -3.5590522501e-06 -1.7724531534e-05
4.0100000000e-01 -3.5403092156e-06 -1.7892365822e-05
4.0200000000e-01 -3.5161803300e-06 -1.8061313610e-05
4.0300000000e-01 -3.4860126716e-06 -1.8231388638e-05
4.0400000000e-01 -3.4494266567e-06 -1.8402603692e-05
4.0500000000e-01 -3.4063974821e-06 -1.8574969073e-05
4.0600000000e-01 -3.3572159605e-06 -1.8748490782e-05
4.0700000000e-01 -3.3024387756e-06 -1.8923170567e-05
4.0800000000e-01 -3.2428913694e-06 -1.9099006425e-05
4.0900000000e-01 -3.1796718038e-06 -1.9275993100e-05
4.1000000000e-01 -3.1140988082e-06 -1.9454123036e-05
4.1100000000e-01 -3.0475536845e-06 -1.9633386741e-05
4.1200000000e-01 -2.9812801636e-06 -1.9813773417e-05
4.1300000000e-01 -2.9162757936e-06 -1.9995273266e-05
4.1400000000e-01 -2.8532839577e-06 -2.0177879391e-05
4.1500000000e-01 -2.7927834925e-06 -2.0361587887e-05
4.1600000000e-01 -2.7348913601e-06 -2.0546398215e-05
4.1700000000e-01 -2.6792558667e-06 -2.0732314015e-05
4.1800000000e-01 -2.6250771268e-06 -2.0919343126e-05
4.1900000000e-01 -2.5712648608e-06 -2.1107497520e-05
4.2000000000e-01 -2.5166068582e-06 -2.1296792745e-05
4.2100000000e-01 -2.4598092232e-06 -2.1487245806e-05
4.2200000000e-01 -2.3995168092e-06 -2.1678873461e-05
4.2300000000e-01 -2.3344868886e-06 -2.1871692125e-05
4.2400000000e-01 -2.2638080177e-06 -2.2065716882e-05
4.2500000000e-01 -2.1870088785e-06 -2.2260959844e-05
4.2600000000e-01 -2.1040259141e-06 -2.2457429477e-05
4.2700000000e-01 -2.0151118319e-06 -2.2655129559e-05
4.2800000000e-01 -1.9208181274e-06 -2.2854059035e-05
4.2900000000e-01 -1.8220093268e-06 -2.3054213683e-05
4.3000000000e-01 -1.7198066302e-06 -2.3255586419e-05
4.3100000000e-01 -1.6154404469e-06 -2.3458166886e-05
4.3200000000e-01 -1.5100544422e-06 -2.3661943146e-05
4.3300000000e-01 -1.4046080210e-06 -2.3866903778e-05
4.3400000000e-01 -1.2999040586e-06 -2.4073038954e-05
4.3500000000e-01 -1.1965895747e-06 -2.4280341712e-05
4.3600000000e-01 -1.0950640275e-06 -2.4488808417e-05
4.3700000000e-01 -9.9537664261e-07 -2.4698438473e-05
4.3800000000e-01 -8.9723274607e-07 -2.4909235467e-05
4.3900000000e-01 -8.0010601951e-07 -2.5121207884e-05
4.4000000000e-01 -7.0334316285e-07 -2.5334367496e-05
4.4100000000e-01 -6.0619253620e-07 -2.5548727923e-05
4.4200000000e-01 -5.0779677191e-07 -2.5764303966e-05
4.4300000000e-01 -4.0727504345e-07 -2.5981110254e-05
4.4400000000e-01 -3.0390028268e-07 -2.6199160435e-05
4.4500000000e-01 -1.9723649931e-07 -2.6418466538e-05
4.4600000000e-01 -8.7142561879e-08 -2.6639036937e-05
4.4700000000e-01 2.6290756690e-08 -2.6860875286e-05
4.4800000000e-01 1.4270277934e-07 -2.7083981644e-05
4.4900000000e-01 2.6136162925e-07 -2.7308353103e-05
4.5000000000e-01 3.8115238949e-07 -2.7533983486e-05
4.5100000000e-01 5.0069093280e-07 -2.7760863986e-05
4.5200000000e-01 6.1851589353e-07 -2.7988984341e-05
4.5300000000e-01 7.3321643632e-07 -2.8218334036e-05
4.5400000000e-01 8.4345589645e-07 -2.8448904289e-05
4.5500000000e-01 9.4803301909e-07 -2.8680689158e-05
4.5600000000e-01 1.0460341112e-06 -2.8913685100e-05
4.5700000000e-01 1.1369837987e-06 -2.9147891552e-05
4.5800000000e-01 1.2208708228e-06 -2.9383312291e-05
4.5900000000e-01 1.2980476310e-06 -2.9619955174e-05
4.6000000000e-01 1.3691527617e-06 -2.9857831117e-05
4.6100000000e-01 1.4351181369e-06 -3.0096953271e-05
4.6200000000e-01 1.4971705667e-06 -3.0337335589e-05
4.6300000000e-01 1.5567350089e-06 -3.0578992050e-05
4.6400000000e-01 1.6152577743e-06 -3.0821936347e-05
4.6500000000e-01 1.6740552964e-06 -3.1066179868e-05
4.6600000000e-01 1.7342554954e-06 -3.1311729644e-05
4.6700000000e-01 1.7967803803e-06 -3.1558588298e-05
4.6800000000e-01 1.8622753687e-06 -3.1806754242e-05
4.6900000000e-01 1.9309890150e-06 -3.2056221767e-05
4.7000000000e-01 2.0026890425e-06 -3.2306982078e-05
4.7100000000e-01 2.0767217185e-06 -3.2559024215e-05
4.7200000000e-01 2.1521731892e-06 -3.2812335983e-05
4.7300000000e-01 2.2279463908e-06 -3.3066906446e-05
4.7400000000e-01 2.3027712331e-06 -3.3322727909e-05
4.7500000000e-01 2.3752881284e-06 -3.3579795652e-05
4.7600000000e-01 2.4442328271e-06 -3.3838107687e-05
4.7700000000e-01 2.5086351586e-06 -3.4097664883e-05
4.7800000000e-01 2.5678886591e-06 -3.4358470427e-05
4.7900000000e-01 2.6217168779e-06 -3.4620529752e-05
4.8000000000e-01 2.6701675762e-06 -3.4883850389e-05
4.8100000000e-01 2.7136499950e-06 -3.5148440600e-05
4.8200000000e-01 2.7529471543e-06 -3.5414308818e-05
4.8300000000e-01 2.7891231719e-06 -3.5681464262e-05
4.8400000000e-01 2.8233450957e-06 -3.5949916295e-05
4.8500000000e-01 2.8567445650e-06 -3.6219673039e-05
4.8600000000e-01 2.8903621230e-06 -3.6490740593e-05
4.8700000000e-01 2.9250922385e-06 -3.6763122294e-05
4.8800000000e-01 2.9615728526e-06 -3.7036818763e-05
4.8900000000e-01 3.0000677041e-06 -3.7311828854e-05
4.9000000000e-01 3.0404354321e-06 -3.7588149327e-05
4.9100000000e-01 3.0822207114e-06 -3.7865774099e-05
4.9200000000e-01 3.1247863790e-06 -3.8144695188e-05
4.9300000000e-01 3.1673942311e-06 -3.8424903884e-05
4.9400000000e-01 3.2092316081e-06 -3.8706391184e-05
4.9500000000e-01 3.2494637057e-06 -3.8989148526e-05
4.9600000000e-01 3.2873768790e-06 -3.9273168529e-05
4.9700000000e-01 3.3225154363e-06 -3.9558445403e-05
4.9800000000e-01 3.3547092282e-06 -3.9844975984e-05
4.9900000000e-01 3.3840267201e-06 -4.0132760777e-05
5.0000000000e-01 3.4107351204e-06 -4.0421803441e-05
5.0100000000e-01 3.4353396911e-06 -4.0712109781e-05
5.0200000000e-01 3.4586217793e-06 -4.1003687737e-05
5.0300000000e-01 3.4815575979e-06 -4.1296547173e-05
5.0400000000e-01 3.5051805793e-06 -4.1590698982e-05
5.0500000000e-01 3.5304921298e-06 -4.1886154221e-05
5.0600000000e-01 3.5584488318e-06 -4.2182922589e-05
5.0700000000e-01 3.5899593551e-06 -4.2481010951e-05
5.0800000000e-01 3.6258094476e-06 -4.2780423515e-05
5.0900000000e-01 3.6665497849e-06 -4.3081161796e-05
5.1000000000e-01 3.7124447635e-06 -4.3383223533e-05
5.1100000000e-01 3.7635201760e-06 -4.3686602715e-05
5.1200000000e-01 3.8196294305e-06 -4.3991290318e-05
5.1300000000e-01 3.8804586575e-06 -4.4297274906e-05
5.1400000000e-01 3.9455021458e-06 -4.4604544020e-05
5.1500000000e-01 4.0140854963e-06 -4.4913085193e-05
5.1600000000e-01 4.0854747516e-06 -4.5222886066e-05
5.1700000000e-01 4.1589930200e-06 -4.5533935656e-05
5.1800000000e-01 4.2340622656e-06 -4.5846226111e-05
5.1900000000e-01 4.3101962347e-06 -4.6159753151e-05
5.2000000000e-01 4.3869957113e-06 -4.6474515982e-05
5.2100000000e-01 4.4642035884e-06 -4.6790517266e-05
5.2200000000e-01 4.5417672437e-06 -4.7107762668e-05
5.2300000000e-01 4.6197974989e-06 -4.7426260388e-05
5.2400000000e-01 4.6984696915e-06 -4.7746020815e-05
5.2500000000e-01 4.7779579286e-06 -4.8067055171e-05
5.2600000000e-01 4.8584588210e-06 -4.8389373609e-05
5.2700000000e-01 4.9402454889e-06 -4.8712984369e-05
5.2800000000e-01 5.0236323983e-06 -4.9037893345e-05
5.2900000000e-01 5.1089011214e-06 -4.9364103315e-05
5.3000000000e-01 5.1962541735e-06 -4.9691613472e-05
5.3100000000e-01 5.2858237514e-06 -5.0020419202e-05
5.3200000000e-01 5.3777243203e-06 -5.0350512218e-05
5.3300000000e-01 5.4720394881e-06 -5.0681881693e-05
5.3400000000e-01 5.5687603115e-06 -5.1014515503e-05
5.3500000000e-01 5.6677654852e-06 -5.1348400582e-05
5.3600000000e-01 5.7688711540e-06 -5.1683523525e-05
5.3700000000e-01 5.8719198379e-06 -5.2019872025e-05
5.3800000000e-01 5.9767903017e-06 -5.2357436061e-05
5.3900000000e-01 6.0833475385e-06 -5.2696208630e-05
5.4000000000e-01 6.1914538114e-06 -5.3036186085e-05
5.4100000000e-01 6.3010322253e-06 -5.3377367741e-05
5.4200000000e-01 6.4121089237e-06 -5.3719755528e-05
5.4300000000e-01 6.5247875657e-06 -5.4063354097e-05
5.4400000000e-01 6.6391971140e-06 -5.4408170183e-05
5.4500000000e-01 6.7554573348e-06 -5.4754211271e-05
5.4600000000e-01 6.8736661520e-06 -5.5101484537e-05
5.4700000000e-01 6.9939167431e-06 -5.5449995860e-05
5.4800000000e-01 7.1162761934e-06 -5.5799749073e-05
5.4900000000e-01 7.2407134405e-06 -5.6150745827e-05
5.5000000000e-01 7.3670561264e-06 -5.6502985075e-05
5.5100000000e-01 7.4950000102e-06 -5.6856462208e-05
5.5200000000e-01 7.6241766935e-06 -5.7211169509e-05
5.5300000000e-01 7.7541876342e-06 -5.7567097318e-05
5.5400000000e-01 7.8845603419e-06 -5.7924234604e-05
5.5500000000e-01 8.0147674601e-06 -5.8282569631e-05
5.5600000000e-01 8.1443187446e-06 -5.8642090754e-05
5.5700000000e-01 8.2728511734e-06 -5.9002787104e-05
5.5800000000e-01 8.4001552533e-06 -5.9364649782e-05
5.5900000000e-01 8.5261172106e-06 -5.9727672921e-05
5.6000000000e-01 8.6506996994e-06 -6.0091853465e-05
5.6100000000e-01 8.7739568666e-06 -6.0457190673e-05
5.6200000000e-01 8.8960169038e-06 -6.0823686224e-05
5.6300000000e-01 9.0170310778e-06 -6.1191343949e-05
5.6400000000e-01 9.1370849859e-06 -6.1560169152e-05
5.6500000000e-01 9.2561615086e-06 -6.1930167796e-05
5.6600000000e-01 9.3741509932e-06 -6.2301345086e-05
5.6700000000e-01 9.4908594988e-06 -6.2673704516e-05
5.6800000000e-01 9.6060288424e-06 -6.3047247959e-05
5.6900000000e-01 9.7193189041e-06 -6.3421975376e-05
5.7000000000e-01 9.8303008931e-06 -6.3797883894e-05
5.7100000000e-01 9.9385207289e-06 -6.4174967398e-05
5.7200000000e-01 1.0043587019e-05 -6.4553216755e-05
5.7300000000e-01 1.0145229593e-05 -6.4932620367e-05
5.7400000000e-01 1.0243291364e-05 -6.5313165000e-05
5.7500000000e-01 1.0337728711e-05 -6.5694836387e-05
5.7600000000e-01 1.0428661015e-05 -6.6077619785e-05
5.7700000000e-01 1.0516408917e-05 -6.6461501426e-05
5.7800000000e-01 1.0601480246e-05 -6.6846470393e-05
5.7900000000e-01 1.0684496872e-05 -6.7232519618e-05
5.8000000000e-01 1.0766139243e-05 -6.7619646042e-05
5.8100000000e-01 1.0847124029e-05 -6.8007850544e-05
5.8200000000e-01 1.0928168451e-05 -6.8397137329e-05
5.8300000000e-01 1.1009933256e-05 -6.8787513022e-05
5.8400000000e-01 1.1092925740e-05 -6.9178985664e-05
5.8500000000e-01 1.1177423824e-05 -6.9571563005e-05
5.8600000000e-01 1.1263462251e-05 -6.9965250721e-05
5.8700000000e-01 1.1350845301e-05 -7.0360051925e-05
5.8800000000e-01 1.1439165219e-05 -7.0755967193e-05
5.8900000000e-01 1.1527793844e-05 -7.1152994117e-05
5.9000000000e-01 1.1615903181e-05 -7.1551127157e-05
5.9100000000e-01 1.1702571251e-05 -7.1950357830e-05
5.9200000000e-01 1.1786909787e-05 -7.2350674958e-05
5.9300000000e-01 1.1868155377e-05 -7.2752065876e-05
5.9400000000e-01 1.1945697768e-05 -7.3154517805e-05
5.9500000000e-01 1.2019109616e-05 -7.3558018286e-05
5.9600000000e-01 1.2088217081e-05 -7.3962555754e-05
5.9700000000e-01 1.2153122777e-05 -7.4368120674e-05
5.9800000000e-01 1.2214180508e-05 -7.4774706137e-05
5.9900000000e-01 1.2271951034e-05 -7.5182307963e-05
6.0000000000e-01 1.2327139485e-05 -7.5590924510e-05
6.0100000000e-01 1.2380548151e-05 -7.6000555932e-05
6.0200000000e-01 1.2433031507e-05 -7.6411203708e-05
6.0300000000e-01 1.2485445228e-05 -7.6822870694e-05
6.0400000000e-01 1.2538571842e-05 -7.7235560543e-05
6.0500000000e-01 1.2593025541e-05 -7.7649276468e-05
6.0600000000e-01 1.2649215549e-05 -7.8064020342e-05
6.0700000000e-01 1.2707363653e-05 -7.8479792354e-05
6.0800000000e-01 1.2767513675e-05 -7.8896590831e-05
6.0900000000e-01 1.2829515153e-05 -7.9314412300e-05
6.1000000000e-01 1.2893018587e-05 -7.9733251346e-05
6.1100000000e-01 1.2957541672e-05 -8.0153100253e-05
6.1200000000e-01 1.3022559709e-05 -8.0573949591e-05
6.1300000000e-01 1.3087552949e-05 -8.0995789282e-05
6.1400000000e-01 1.3152032611e-05 -8.1418608969e-05
6.1500000000e-01 1.3215585866e-05 -8.1842398166e-05
6.1600000000e-01 1.3277955861e-05 -8.2267146813e-05
6.1700000000e-01 1.3339105070e-05 -8.2692845850e-05
6.1800000000e-01 1.3399225558e-05 -8.3119487776e-05
6.1900000000e-01 1.3458727650e-05 -8.3547067112e-05
6.2000000000e-01 1.3518221822e-05 -8.3975580037e-05
6.2100000000e-01 1.3578499838e-05 -8.4405023780e-05
6.2200000000e-01 1.3640497349e-05 -8.4835396737e-05
6.2300000000e-01 1.3705226110e-05 -8.5266698479e-05
6.2400000000e-01 1.3773683747e-05 -8.5698929162e-05
6.2500000000e-01 1.3846735728e-05 -8.6132088922e-05
6.2600000000e-01 1.3925029783e-05 -8.6566177250e-05
6.2700000000e-01 1.4008962319e-05 -8.7001192552e-05
6.2800000000e-01 1.4098640567e-05 -8.7437132390e-05
6.2900000000e-01 1.4193847843e-05 -8.7873993441e-05
6.3000000000e-01 1.4294029360e-05 -8.8311770896e-05
6.3100000000e-01 1.4398346749e-05 -8.8750458439e-05
6.3200000000e-01 1.4505795975e-05 -8.9190048726e-05
6.3300000000e-01 1.4615281824e-05 -8.9630533760e-05
6.3400000000e-01 1.4725668869e-05 -9.0071905283e-05
6.3500000000e-01 1.4835866920e-05 -9.0514155018e-05
6.3600000000e-01 1.4944943378e-05 -9.0957274585e-05
6.3700000000e-01 1.5052226886e-05 -9.1401255984e-05
6.3800000000e-01 1.5157344168e-05 -9.1846092540e-05
6.3900000000e-01 1.5260226389e-05 -9.2291778957e-05
6.4000000000e-01 1.5361117874e-05 -9.2738310893e-05
6.4100000000e-01 1.5460560765e-05 -9.3185684809e-05
6.4200000000e-01 1.5559363582e-05 -9.3633897851e-05
6.4300000000e-01 1.5658529265e-05 -9.4082947790e-05
6.4400000000e-01 1.5759142705e-05 -9.4532832937e-05
6.4500000000e-01 1.5862265160e-05 -9.4983551414e-05
6.4600000000e-01 1.5968853065e-05 -9.5435100416e-05
6.4700000000e-01 1.6079706960e-05 -9.5887476338e-05
6.4800000000e-01 1.6195405971e-05 -9.6340674832e-05
6.4900000000e-01 1.6316219844e-05 -9.6794690458e-05
6.5000000000e-01 1.6442069962e-05 -9.7249516588e-05
6.5100000000e-01 1.6572555104e-05 -9.7705145361e-05
6.5200000000e-01 1.6707018510e-05 -9.8161567915e-05
6.5300000000e-01 1.6844610800e-05 -9.8618775183e-05
6.5400000000e-01 1.6984338606e-05 -9.9076758279e-05
6.5500000000e-01 1.7125156623e-05 -9.9535508341e-05
6.5600000000e-01 1.7266088946e-05 -9.9995016854e-05
6.5700000000e-01 1.7406334945e-05 -1.0045527623e-04
6.5800000000e-01 1.7545331665e-05 -1.0091628014e-04
6.5900000000e-01 1.7682765442e-05 -1.0137802367e-04
6.6000000000e-01 1.7818577572e-05 -1.0184050315e-04
6.6100000000e-01 1.7952957834e-05 -1.0230371569e-04
6.6200000000e-01 1.8086317654e-05 -1.0276765909e-04
6.6300000000e-01 1.8219238413e-05 -1.0323233190e-04
6.6400000000e-01 1.8352368287e-05 -1.0369773303e-04
6.6500000000e-01 1.8486329536e-05 -1.0416386094e-04
6.6600000000e-01 1.8621666585e-05 -1.0463071316e-04
6.6700000000e-01 1.8758809667e-05 -1.0509828606e-04
6.6800000000e-01 1.8898032150e-05 -1.0556657479e-04
6.6900000000e-01 1.9039378382e-05 -1.0603557327e-04
6.7000000000e-01 1.9182636215e-05 -1.0650527385e-04
6.7100000000e-01 1.9327376980e-05 -1.0697566717e-04
6.7200000000e-01 1.9472999601e-05 -1.0744674263e-04
6.7300000000e-01 1.9618769001e-05 -1.0791848931e-04
6.7400000000e-01 1.9763846822e-05 -1.0839089637e-04
6.7500000000e-01 1.9907356209e-05 -1.0886395328e-04
6.7600000000e-01 2.0048474599e-05 -1.0933765016e-04
6.7700000000e-01 2.0186485827e-05 -1.0981197824e-04
6.7800000000e-01 2.0320816252e-05 -1.1028693023e-04
6.7900000000e-01 2.0451065098e-05 -1.1076250029e-04
6.8000000000e-01 2.0577022468e-05 -1.1123868353e-04
6.8100000000e-01 2.0698687103e-05 -1.1171547552e-04
6.8200000000e-01 2.0816269189e-05 -1.1219287234e-04
6.8300000000e-01 2.0930183469e-05 -1.1267087065e-04
6.8400000000e-01 2.1041003869e-05 -1.1314946770e-04
6.8500000000e-01 2.1149393108e-05 -1.1362866114e-04
6.8600000000e-01 2.1256064335e-05 -1.1410844867e-04
6.8700000000e-01 2.1361744398e-05 -1.1458882800e-04
6.8800000000e-01 2.1467116815e-05 -1.1506979675e-04
6.8900000000e-01 2.1572743859e-05 -1.1555135212e-04
6.9000000000e-01 2.1679004769e-05 -1.1603349000e-04
6.9100000000e-01 2.1786097755e-05 -1.1651620431e-04
6.9200000000e-01 2.1894047767e-05 -1.1699948716e-04
6.9300000000e-01 2.2002698698e-05 -1.1748332927e-04
6.9400000000e-01 2.2111722837e-05 -1.1796772031e-04
6.9500000000e-01 2.2220660743e-05 -1.1845264913e-04
6.9600000000e-01 2.2328996061e-05 -1.1893810411e-04
6.9700000000e-01 2.2436209906e-05 -1.1942407390e-04
6.9800000000e-01 2.2541812965e-05 -1.1991054819e-04
6.9900000000e-01 2.2645386676e-05 -1.2039751826e-04
7.0000000000e-01 2.2746608399e-05 -1.2088497678e-04
7.0100000000e-01 2.2845276533e-05 -1.2137291794e-04
7.0200000000e-01 2.2941326980e-05 -1.2186133765e-04
7.0300000000e-01 2.3034826342e-05 -1.2235023361e-04
7.0400000000e-01 2.3125959406e-05 -1.2283960477e-04
7.0500000000e-01 2.3214993843e-05 -1.2332945050e-04
7.0600000000e-01 2.3302254553e-05 -1.2381976964e-04
7.0700000000e-01 2.3388108423e-05 -1.2431055990e-04
7.0800000000e-01 2.3472917557e-05 -1.2480181785e-04
7.0900000000e-01 2.3556992122e-05 -1.2529353843e-04
7.1000000000e-01 2.3640559033e-05 -1.2578571448e-04
7.1100000000e-01 2.3723760206e-05 -1.2627833673e-04
7.1200000000e-01 2.3806661555e-05 -1.2677139412e-04
7.1300000000e-01 2.3889236526e-05 -1.2726487443e-04
7.1400000000e-01 2.3971369285e-05 -1.2775876495e-04
7.1500000000e-01 2.4052879147e-05 -1.2825305289e-04
7.1600000000e-01 2.4133557001e-05 -1.2874772580e-04
7.1700000000e-01 2.4213214701e-05 -1.2924277248e-04
7.1800000000e-01 2.4291715136e-05 -1.2973818385e-04
7.1900000000e-01 2.4369002126e-05 -1.3023395301e-04
7.2000000000e-01 2.4445124071e-05 -1.3073007511e-04
7.2100000000e-01 2.4520249478e-05 -1.3122654711e-04
7.2200000000e-01 2.4594684224e-05 -1.3172336742e-04
7.2300000000e-01 2.4668845389e-05 -1.3222053575e-04
7.2400000000e-01 2.4743212277e-05 -1.3271805260e-04
7.2500000000e-01 2.4818284040e-05 -1.3321591799e-04
7.2600000000e-01 2.4894543486e-05 -1.3371413064e-04
7.2700000000e-01 2.4972429251e-05 -1.3421268773e-04
7.2800000000e-01 2.5052292164e-05 -1.3471158451e-04
7.2900000000e-01 2.5134365015e-05 -1.3521081403e-04
7.3000000000e-01 2.5218764045e-05 -1.3571036704e-04
7.3100000000e-01 2.5305500221e-05 -1.3621023200e-04
7.3200000000e-01 2.5394496179e-05 -1.3671039563e-04
7.3300000000e-01 2.5485600646e-05 -1.3721084401e-04
7.3400000000e-01 2.5578620983e-05 -1.3771156321e-04
7.3500000000e-01 2.5673362886e-05 -1.3821253971e-04
7.3600000000e-01 2.5769656700e-05 -1.3871376103e-04
7.3700000000e-01 2.5867389063e-05 -1.3921521660e-04
7.3800000000e-01 2.5966519593e-05 -1.3971689827e-04
7.3900000000e-01 2.6067081959e-05 -1.4021880048e-04
7.4000000000e-01 2.6169175653e-05 -1.4072091997e-04
7.4100000000e-01 2.6272948504e-05 -1.4122325514e-04
7.4200000000e-01 2.6378585168e-05 -1.4172580570e-04
7.4300000000e-01 2.6486271473e-05 -1.4222857241e-04
7.4400000000e-01 2.6596147157e-05 -1.4273155621e-04
7.4500000000e-01 2.6708282475e-05 -1.4323475708e-04
7.4600000000e-01 2.6822670251e-05 -1.4373817334e-04
7.4700000000e-01 2.6939224464e-05 -1.4424180115e-04
7.4800000000e-01 2.7057770457e-05 -1.4474563429e-04
7.4900000000e-01 2.7178051086e-05 -1.4524966413e-04
7.5000000000e-01 2.7299758295e-05 -1.4575387939e-04
7.5100000000e-01 2.7422556901e-05 -1.4625826623e-04
7.5200000000e-01 2.7546106924e-05 -1.4676280921e-04
7.5300000000e-01 2.7670087788e-05 -1.4726749232e-04
7.5400000000e-01 2.7794226568e-05 -1.4777229954e-04
7.5500000000e-01 2.7918335786e-05 -1.4827721556e-04
7.5600000000e-01 2.8042340341e-05 -1.4878222646e-04
7.5700000000e-01 2.8166288759e-05 -1.4928732043e-04
7.5800000000e-01 2.8290353282e-05 -1.4979248853e-04
7.5900000000e-01 2.8414822970e-05 -1.5029772501e-04
7.6000000000e-01 2.8540090113e-05 -1.5080302673e-04
7.6100000000e-01 2.8666620390e-05 -1.5130839277e-04
7.6200000000e-01 2.8794911732e-05 -1.5181382415e-04
7.6300000000e-01 2.8925445251e-05 -1.5231932323e-04
7.6400000000e-01 2.9058637070e-05 -1.5282489273e-04
7.6500000000e-01 2.9194799249e-05 -1.5333053473e-04
7.6600000000e-01 2.9334104360e-05 -1.5383624964e-04
7.6700000000e-01 2.9476565258e-05 -1.5434203565e-04
7.6800000000e-01 2.9622024568e-05 -1.5484788858e-04
7.6900000000e-01 2.9770155724e-05 -1.5535380157e-04
7.7000000000e-01 2.9920493479e-05 -1.5585976477e-04
7.7100000000e-01 3.0072473692e-05 -1.5636576560e-04
7.7200000000e-01 3.0225471771e-05 -1.5687178950e-04
7.7300000000e-01 3.0378839189e-05 -1.5737782075e-04
7.7400000000e-01 3.0531939543e-05 -1.5788384333e-04
7.7500000000e-01 3.0684200878e-05 -1.5838984153e-04
7.7600000000e-01 3.0835163878e-05 -1.5889580048e-04
7.7700000000e-01 3.0984503299e-05 -1.5940170712e-04
7.7800000000e-01 3.1132035270e-05 -1.5990755109e-04
7.7900000000e-01 3.1277718549e-05 -1.6041332493e-04
7.8000000000e-01 3.1421653902e-05 -1.6091902393e-04
7.8100000000e-01 3.1564071309e-05 -1.6142464608e-04
7.8200000000e-01 3.1705294033e-05 -1.6193019177e-04
7.8300000000e-01 3.1845696125e-05 -1.6243566323e-04
7.8400000000e-01 3.1985662824e-05 -1.6294106385e-04
7.8500000000e-01 3.2125552227e-05 -1.6344639669e-04
7.8600000000e-01 3.2265655702e-05 -1.6395166332e-04
7.8700000000e-01 3.2406154977e-05 -1.6445686322e-04
7.8800000000e-01 3.2547083542e-05 -1.6496199320e-04
7.8900000000e-01 3.2688304119e-05 -1.6546704699e-04
7.9000000000e-01 3.2829507934e-05 -1.6597201529e-04
7.9100000000e-01 3.2970233145e-05 -1.6647688619e-04
7.9200000000e-01 3.3109901091e-05 -1.6698164593e-04
7.9300000000e-01 3.3247862457e-05 -1.6748628021e-04
7.9400000000e-01 3.3383450723e-05 -1.6799077501e-04
7.9500000000e-01 3.3516051041e-05 -1.6849511699e-04
7.9600000000e-01 3.3645167502e-05 -1.6899929407e-04
7.9700000000e-01 3.3770473020e-05 -1.6950329611e-04
7.9800000000e-01 3.3891843062e-05 -1.7000711523e-04
7.9900000000e-01 3.4009371766e-05 -1.7051074590e-04
8.0000000000e-01 3.4123378365e-05 -1.7101418486e-04
8.0100000000e-01 3.4234394246e-05 -1.7151743045e-04
8.0200000000e-01 3.4343118739e-05 -1.7202048251e-04
8.0300000000e-01 3.4450358438e-05 -1.7252334209e-04
8.0400000000e-01 3.4556954107e-05 -1.7302601065e-04
8.0500000000e-01 3.4663706861e-05 -1.7352848907e-04
8.0600000000e-01 3.4771314698e-05 -1.7403077717e-04
8.0700000000e-01 3.4880305707e-05 -1.7453287324e-04
8.0800000000e-01 3.4990978065e-05 -1.7503477393e-04
8.0900000000e-01 3.5103370005e-05 -1.7553647426e-04
8.1000000000e-01 3.5217264224e-05 -1.7603796721e-04
8.1100000000e-01 3.5332216294e-05 -1.7653924365e-04
8.1200000000e-01 3.5447591092e-05 -1.7704029297e-04
8.1300000000e-01 3.5562613661e-05 -1.7754110363e-04
8.1400000000e-01 3.5676441142e-05 -1.7804166349e-04
8.1500000000e-01 3.5788239173e-05 -1.7854196036e-04
8.1600000000e-01 3.5897254151e-05 -1.7904198254e-04
8.1700000000e-01 3.6002875571e-05 -1.7954171949e-04
8.1800000000e-01 3.6104684455e-05 -1.8004116256e-04
8.1900000000e-01 3.6202488686e-05 -1.8054030533e-04
8.2000000000e-01 3.6296339252e-05 -1.8103914343e-04
8.2100000000e-01 3.6386530227e-05 -1.8153767441e-04
8.2200000000e-01 3.6473578600e-05 -1.8203589795e-04
8.2300000000e-01 3.6558176969e-05 -1.8253381553e-04
8.2400000000e-01 3.6641129928e-05 -1.8303142988e-04
8.2500000000e-01 3.6723286801e-05 -1.8352874427e-04
8.2600000000e-01 3.6805477884e-05 -1.8402576156e-04
8.2700000000e-01 3.6888445632e-05 -1.8452248360e-04
8.2800000000e-01 3.6972773966e-05 -1.8501891108e-04
8.2900000000e-01 3.7058844622e-05 -1.8551504286e-04
8.3000000000e-01 3.7146825886e-05 -1.8601087536e-04
8.3100000000e-01 3.7236681478e-05 -1.8650640256e-04
8.3200000000e-01 3.7328187066e-05 -1.8700161622e-04
8.3300000000e-01 3.7420955775e-05 -1.8749650629e-04
8.3400000000e-01 3.7514492850e-05 -1.8799106144e-04
8.3500000000e-01 3.7608267075e-05 -1.8848526948e-04
8.3600000000e-01 3.7701778912e-05 -1.8897911786e-04
8.3700000000e-01 3.7794615854e-05 -1.8947259471e-04
8.3800000000e-01 3.7886488602e-05 -1.8996568981e-04
8.3900000000e-01 3.7977264990e-05 -1.9045839491e-04
8.4000000000e-01 3.8066994055e-05 -1.9095070402e-04
8.4100000000e-01 3.8155908170e-05 -1.9144261357e-04
8.4200000000e-01 3.8244407032e-05 -1.9193412247e-04
8.4300000000e-01 3.8333019220e-05 -1.9242523207e-04
8.4400000000e-01 3.8422360064e-05 -1.9291594567e-04
8.4500000000e-01 3.8513090491e-05 -1.9340626758e-04
8.4600000000e-01 3.8605867609e-05 -1.9389620229e-04
8.4700000000e-01 3.8701293997e-05 -1.9438575385e-04
8.4800000000e-01 3.8799861956e-05 -1.9487492530e-04
8.4900000000e-01 3.8901910553e-05 -1.9536371787e-04
8.5000000000e-01 3.9007610565e-05 -1.9585213048e-04
8.5100000000e-01 3.9116956533e-05 -1.9634015936e-04
8.5200000000e-01 3.9229762614e-05 -1.9682779810e-04
8.5300000000e-01 3.9345666264e-05 -1.9731503821e-04
8.5400000000e-01 3.9464148924e-05 -1.9780186949e-04
8.5500000000e-01 3.9584586599e-05 -1.9828828031e-04
8.5600000000e-01 3.9706309086e-05 -1.9877425836e-04
8.5700000000e-01 3.9828651577e-05 -1.9925979171e-04
8.5800000000e-01 3.9951001347e-05 -1.9974486967e-04
8.5900000000e-01 4.0072847357e-05 -2.0022948350e-04
8.6000000000e-01 4.0193834121e-05 -2.0071362673e-04
8.6100000000e-01 4.0313794994e-05 -2.0119729529e-04
8.6200000000e-01 4.0432754190e-05 -2.0168048783e-04
8.6300000000e-01 4.0550909431e-05 -2.0216320577e-04
8.6400000000e-01 4.0668609527e-05 -2.0264545273e-04
8.6500000000e-01 4.0786332075e-05 -2.0312723376e-04
8.6600000000e-01 4.0904644715e-05 -2.0360855462e-04
8.6700000000e-01 4.1024145157e-05 -2.0408942111e-04
8.6800000000e-01 4.1145397247e-05 -2.0456983841e-04
8.6900000000e-01 4.1268881244e-05 -2.0504981037e-04
8.7000000000e-01 4.1394962144e-05 -2.0552933868e-04
8.7100000000e-01 4.1523860856e-05 -2.0600842241e-04
8.7200000000e-01 4.1655631200e-05 -2.0648705817e-04
8.7300000000e-01 4.1790156429e-05 -2.0696524028e-04
8.7400000000e-01 4.1927166038e-05 -2.0744296107e-04
8.7500000000e-01 4.2066276697e-05 -2.0792021122e-04
8.7600000000e-01 4.2207038318e-05 -2.0839698048e-04
8.7700000000e-01 4.2348972289e-05 -2.0887325842e-04
8.7800000000e-01 4.2491609810e-05 -2.0934903550e-04
8.7900000000e-01 4.2634526824e-05 -2.0982430364e-04
8.8000000000e-01 4.2777384054e-05 -2.1029905652e-04
8.8100000000e-01 4.2919957657e-05 -2.1077328984e-04
8.8200000000e-01 4.3062139366e-05 -2.1124700163e-04
8.8300000000e-01 4.3203922807e-05 -2.1172019221e-04
8.8400000000e-01 4.3345389213e-05 -2.1219286388e-04
8.8500000000e-01 4.3486698355e-05 -2.1266502031e-04
8.8600000000e-01 4.3628068298e-05 -2.1313666591e-04
8.8700000000e-01 4.3769727663e-05 -2.1360780545e-04
8.8800000000e-01 4.3911868037e-05 -2.1407844373e-04
8.8900000000e-01 4.4054614660e-05 -2.1454858483e-04
8.9000000000e-01 4.4198010030e-05 -2.1501823140e-04
8.9100000000e-01 4.4342000750e-05 -2.1548738424e-04
8.9200000000e-01 4.4486418704e-05 -2.1595604209e-04
8.9300000000e-01 4.4630977889e-05 -2.1642420161e-04
8.9400000000e-01 4.4775300008e-05 -2.1689185746e-04
8.9500000000e-01 4.4918954947e-05 -2.1735900248e-04
8.9600000000e-01 4.5061502719e-05 -2.1782562816e-04
8.9700000000e-01 4.5202521685e-05 -2.1829172578e-04
8.9800000000e-01 4.5341634509e-05 -2.1875728740e-04
8.9900000000e-01 4.5478542506e-05 -2.1922230655e-04
9.0000000000e-01 4.5613056291e-05 -2.1968677880e-04
9.0100000000e-01 4.5745111423e-05 -2.2015070207e-04
9.0200000000e-01 4.5874756643e-05 -2.2061407681e-04
9.0300000000e-01 4.6002127943e-05 -2.2107690599e-04
9.0400000000e-01 4.6127426545e-05 -2.2153919451e-04
9.0500000000e-01 4.6250901352e-05 -2.2200094843e-04
9.0600000000e-01 4.6372827369e-05 -2.2246217420e-04
9.0700000000e-01 4.6493466873e-05 -2.2292287809e-04
9.0800000000e-01 4.6613030532e-05 -2.2338306558e-04
9.0900000000e-01 4.6731661259e-05 -2.2384274067e-04
9.1000000000e-01 4.6849438418e-05 -2.2430190524e-04
9.1100000000e-01 4.6966388531e-05 -2.2476055883e-04
9.1200000000e-01 4.7082482795e-05 -2.2521869872e-04
9.1300000000e-01 4.7197634172e-05 -2.2567632041e-04
9.1400000000e-01 4.7311717254e-05 -2.2613341812e-04
9.1500000000e-01 4.7424600385e-05 -2.2658998511e-04
9.1600000000e-01 4.7536172544e-05 -2.2704601449e-04
9.1700000000e-01 4.7646348575e-05 -2.2750149997e-04
9.1800000000e-01 4.7755066075e-05 -2.2795643663e-04
9.1900000000e-01 4.7862299793e-05 -2.2841082122e-04
9.2000000000e-01 4.7968077995e-05 -2.2886465236e-04
9.2100000000e-01 4.8072482831e-05 -2.2931793095e-04
9.2200000000e-01 4.8175632748e-05 -2.2977065994e-04
9.2300000000e-01 4.8277659610e-05 -2.3022284369e-04
9.2400000000e-01 4.8378699625e-05 -2.3067448822e-04
9.2500000000e-01 4.8478887638e-05 -2.3112560033e-04
9.2600000000e-01 4.8578342315e-05 -2.3157618616e-04
9.2700000000e-01 4.8677143552e-05 -2.3202625174e-04
9.2800000000e-01 4.8775307283e-05 -2.3247580257e-04
9.2900000000e-01 4.8872777456e-05 -2.3292484227e-04
9.3000000000e-01 4.8969439084e-05 -2.3337337292e-04
9.3100000000e-01 4.9065135627e-05 -2.3382139485e-04
9.3200000000e-01 4.9159677881e-05 -2.3426890636e-04
9.3300000000e-01 4.9252847666e-05 -2.3471590439e-04
9.3400000000e-01 4.9344419073e-05 -2.3516238515e-04
9.3500000000e-01 4.9434197297e-05 -2.3560834393e-04
9.3600000000e-01 4.9522050413e-05 -2.3605377563e-04
9.3700000000e-01 4.9607922152e-05 -2.3649867588e-04
9.3800000000e-01 4.9691836353e-05 -2.3694304120e-04
9.3900000000e-01 4.9773911889e-05 -2.3738686919e-04
9.4000000000e-01 4.9854380322e-05 -2.3783015927e-04
9.4100000000e-01 4.9933583661e-05 -2.3827291213e-04
9.4200000000e-01 5.0011946459e-05 -2.3871512991e-04
9.4300000000e-01 5.0089937186e-05 -2.3915681650e-04
9.4400000000e-01 5.0168038217e-05 -2.3959797681e-04
9.4500000000e-01 5.0246722667e-05 -2.4003861612e-04
9.4600000000e-01 5.0326425017e-05 -2.4047873992e-04
9.4700000000e-01 5.0407503151e-05 -2.4091835363e-04
9.4800000000e-01 5.0490205043e-05 -2.4135746201e-04
9.4900000000e-01 5.0574658113e-05 -2.4179606897e-04
9.5000000000e-01 5.0660878396e-05 -2.4223417748e-04
9.5100000000e-01 5.0748780192e-05 -2.4267178859e-04
9.5200000000e-01 5.0838181953e-05 -2.4310890231e-04
9.5300000000e-01 5.0928819671e-05 -2.4354551796e-04
9.5400000000e-01 5.1020377429e-05 -2.4398163365e-04
9.5500000000e-01 5.1112532330e-05 -2.4441724695e-04
9.5600000000e-01 5.1204994900e-05 -2.4485235538e-04
9.5700000000e-01 5.1297533775e-05 -2.4528695635e-04
9.5800000000e-01 5.1389995509e-05 -2.4572104799e-04
9.5900000000e-01 5.1482329079e-05 -2.4615462979e-04
9.6000000000e-01 5.1574609094e-05 -2.4658770202e-04
9.6100000000e-01 5.1667040964e-05 -2.4702026589e-04
9.6200000000e-01 5.1759938658e-05 -2.4745232426e-04
9.6300000000e-01 5.1853688696e-05 -2.4788388091e-04
9.6400000000e-01 5.1948713856e-05 -2.4831494028e-04
9.6500000000e-01 5.2045439403e-05 -2.4874550783e-04
9.6600000000e-01 5.2144255587e-05 -2.4917558880e-04
9.6700000000e-01 5.2245466559e-05 -2.4960518801e-04
9.6800000000e-01 5.2349241370e-05 -2.5003431035e-04
9.6900000000e-01 5.2455590028e-05 -2.5046295959e-04
9.7000000000e-01 5.2564367100e-05 -2.5089113814e-04
9.7100000000e-01 5.2675286922e-05 -2.5131884750e-04
9.7200000000e-01 5.2787933550e-05 -2.5174608798e-04
9.7300000000e-01 5.2901783432e-05 -2.5217285903e-04
9.7400000000e-01 5.3016259421e-05 -2.5259915979e-04
9.7500000000e-01 5.3130797507e-05 -2.5302498895e-04
9.7600000000e-01 5.3244903435e-05 -2.5345034469e-04
9.7700000000e-01 5.3358190034e-05 -2.5387522561e-04
9.7800000000e-01 5.3470407152e-05 -2.5429963111e-04
9.7900000000e-01 5.3581472325e-05 -2.5472356124e-04
9.8000000000e-01 5.3691486594e-05 -2.5514701719e-04
9.8100000000e-01 5.3800727887e-05 -2.5557000103e-04
9.8200000000e-01 5.3909621699e-05 -2.5599251570e-04
9.8300000000e-01 5.4018696554e-05 -2.5641456560e-04
9.8400000000e-01 5.4128536170e-05 -2.5683615582e-04
9.8500000000e-01 5.4239732569e-05 -2.5725729170e-04
9.8600000000e-01 5.4352841645e-05 -2.5767797857e-04
9.8700000000e-01 5.4468328880e-05 -2.5809822160e-04
9.8800000000e-01 5.4586513149e-05 -2.5851802538e-04
9.8900000000e-01 5.4707534877e-05 -2.5893739351e-04
9.9000000000e-01 5.4831352000e-05 -2.5935632842e-04
9.9100000000e-01 5.4957750573e-05 -2.5977483115e-04
9.9200000000e-01 5.5086349196e-05 -2.6019290167e-04
9.9300000000e-01 5.5216612295e-05 -2.6061053914e-04
9.9400000000e-01 5.5347897044e-05 -2.6102774236e-04
9.9500000000e-01 5.5479515332e-05 -2.6144451002e-04
9.9600000000e-01 5.5610791217e-05 -2.6186084088e-04
9.9700000000e-01 5.5741102621e-05 -2.6227673448e-04
9.9800000000e-01 5.5869916161e-05 -2.6269219155e-04
9.9900000000e-01 5.5996829726e-05 -2.6310721370e-04
1.0000000000e+00 5.6121603767e-05 -2.6352180349e-04
1.0010000000e+00 5.6244172818e-05 -2.6393596438e-04
1.0020000000e+00 5.6364635531e-05 -2.6434970044e-04
1.0030000000e+00 5.6483224998e-05 -2.6476301668e-04
1.0040000000e+00 5.6600277789e-05 -2.6517591875e-04
1.0050000000e+00 5.6716200495e-05 -2.6558841245e-04
1.0060000000e+00 5.6831430512e-05 -2.6600050362e-04
1.0070000000e+00 5.6946384054e-05 -2.6641219800e-04
1.0080000000e+00 5.7061395315e-05 -2.6682350099e-04
1.0090000000e+00 5.7176677347e-05 -2.6723441723e-04
1.0100000000e+00 5.7292306976e-05 -2.6764495037e-04
1.0110000000e+00 5.7408220308e-05 -2.6805510274e-04
1.0120000000e+00 5.7524209671e-05 -2.6846487537e-04
1.0130000000e+00 5.7639929633e-05 -2.6887426835e-04
1.0140000000e+00 5.7754931725e-05 -2.6928328074e-04
1.0150000000e+00 5.7868712840e-05 -2.6969191084e-04
1.0160000000e+00 5.7980761185e-05 -2.7010015643e-04
1.0170000000e+00 5.8090594476e-05 -2.7050801528e-04
1.0180000000e+00 5.8197790224e-05 -2.7091548571e-04
1.0190000000e+00 5.8302023686e-05 -2.7132256676e-04
1.0200000000e+00 5.8403105677e-05 -2.7172925865e-04
1.0210000000e+00 5.8501006267e-05 -2.7213556294e-04
1.0220000000e+00 5.8595856362e-05 -2.7254148257e-04
1.0230000000e+00 5.8687925509e-05 -2.7294702229e-04
1.0240000000e+00 5.8777601425e-05 -2.7335218813e-04
1.0250000000e+00 5.8865372355e-05 -2.7375698681e-04
1.0260000000e+00 5.8951793603e-05 -2.7416142575e-04
1.0270000000e+00 5.9037433866e-05 -2.7456551257e-04
1.0280000000e+00 5.9122811058e-05 -2.7496925434e-04
1.0290000000e+00 5.9208349140e-05 -2.7537265742e-04
1.0300000000e+00 5.9294354789e-05 -2.7577572675e-04
1.0310000000e+00 5.9380991618e-05 -2.7617846517e-04
1.0320000000e+00 5.9468257494e-05 -2.7658087405e-04
1.0330000000e+00 5.9555975578e-05 -2.7698295327e-04
1.0340000000e+00 5.9643813183e-05 -2.7738470095e-04
1.0350000000e+00 5.9731322815e-05 -2.7778611427e-04
1.0360000000e+00 5.9817986255e-05 -2.7818718982e-04
1.0370000000e+00 5.9903259351e-05 -2.7858792377e-04
1.0380000000e+00 5.9986613639e-05 -2.7898831314e-04
1.0390000000e+00 6.0067582155e-05 -2.7938835594e-04
1.0400000000e+00 6.0145812288e-05 -2.7978805106e-04
1.0410000000e+00 6.0221104475e-05 -2.8018739933e-04
1.0420000000e+00 6.0293424234e-05 -2.8058640316e-04
1.0430000000e+00 6.0362889859e-05 -2.8098506635e-04
1.0440000000e+00 6.0429755302e-05 -2.8138339431e-04
1.0450000000e+00 6.0494399095e-05 -2.8178139316e-04
1.0460000000e+00 6.0557297246e-05 -2.8217906912e-04
1.0470000000e+00 6.0618971450e-05 -2.8257642853e-04
1.0480000000e+00 6.0679931066e-05 -2.8297347711e-04
1.0490000000e+00 6.0740632573e-05 -2.8337021918e-04
1.0500000000e+00 6.0801461409e-05 -2.8376665766e-04
1.0510000000e+00 6.0862712279e-05 -2.8416279359e-04
1.0520000000e+00 6.0924562883e-05 -2.8455862609e-04
1.0530000000e+00 6.0987061034e-05 -2.8495415317e-04
1.0540000000e+00 6.1050135818e-05 -2.8534937142e-04
1.0550000000e+00 6.1113630020e-05 -2.8574427638e-04
1.0560000000e+00 6.1177333924e-05 -2.8613886344e-04
1.0570000000e+00 6.1241010276e-05 -2.8653312809e-04
1.0580000000e+00 6.1304420832e-05 -2.8692706663e-04
1.0590000000e+00 6.1367359406e-05 -2.8732067677e-04
1.0600000000e+00 6.1429689770e-05 -2.8771395739e-04
1.0610000000e+00 6.1491373181e-05 -2.8810690891e-04
1.0620000000e+00 6.1552472920e-05 -2.8849953338e-04
1.0630000000e+00 6.1613143940e-05 -2.8889183413e-04
1.0640000000e+00 6.1673618974e-05 -2.8928381567e-04
1.0650000000e+00 6.1734200016e-05 -2.8967548289e-04
1.0660000000e+00 6.1795242458e-05 -2.9006684043e-04
1.0670000000e+00 6.1857117019e-05 -2.9045789252e-04
1.0680000000e+00 6.1920166216e-05 -2.9084864240e-04
1.0690000000e+00 6.1984673343e-05 -2.9123909153e-04
1.0700000000e+00 6.2050849818e-05 -2.9162923977e-04
1.0710000000e+00 6.2118827271e-05 -2.9201908503e-04
1.0720000000e+00 6.2188639079e-05 -2.9240862301e-04
1.0730000000e+00 6.2260209332e-05 -2.9279784829e-04
1.0740000000e+00 6.2333363638e-05 -2.9318675419e-04
1.0750000000e+00 6.2407858444e-05 -2.9357533276e-04
1.0760000000e+00 6.2483414620e-05 -2.9396357617e-04
1.0770000000e+00 6.2559738375e-05 -2.9435147696e-04
1.0780000000e+00 6.2636539933e-05 -2.9473902830e-04
1.0790000000e+00 6.2713560565e-05 -2.9512622517e-04
1.0800000000e+00 6.2790602691e-05 -2.9551306421e-04
1.0810000000e+00 6.2867550133e-05 -2.9589954340e-04
1.0820000000e+00 6.2944364566e-05 -2.9628566272e-04
1.0830000000e+00 6.3021071361e-05 -2.9667142378e-04
1.0840000000e+00 6.3097751130e-05 -2.9705682874e-04
1.0850000000e+00 6.3174536017e-05 -2.9744188042e-04
1.0860000000e+00 6.3251600976e-05 -2.9782658157e-04
1.0870000000e+00 6.3329138890e-05 -2.9821093387e-04
1.0880000000e+00 6.3407332253e-05 -2.9859493818e-04
1.0890000000e+00 6.3486336592e-05 -2.9897859386e-04
1.0900000000e+00 6.3566274481e-05 -2.9936189805e-04
1.0910000000e+00 6.3647231050e-05 -2.9974484601e-04
1.0920000000e+00 6.3729240868e-05 -3.0012743122e-04
1.0930000000e+00 6.3812277001e-05 -3.0050964538e-04
1.0940000000e+00 6.3896255655e-05 -3.0089147898e-04
1.0950000000e+00 6.3981054318e-05 -3.0127292172e-04
1.0960000000e+00 6.4066532831e-05 -3.0165396275e-04
1.0970000000e+00 6.4152542991e-05 -3.0203459147e-04
1.0980000000e+00 6.4238933377e-05 -3.0241479821e-04
1.0990000000e+00 6.4325564716e-05 -3.0279457463e-04
1.1000000000e+00 6.4412332842e-05 -3.0317391387e-04
1.1010000000e+00 6.4499186601e-05 -3.0355281102e-04
1.1020000000e+00 6.4586125997e-05 -3.0393126317e-04
1.1030000000e+00 6.4673186285e-05 -3.0430926907e-04
1.1040000000e+00 6.4760429676e-05 -3.0468682893e-04
1.1050000000e+00 6.4847942738e-05 -3.0506394355e-04
1.1060000000e+00 6.4935824117e-05 -3.0544061354e-04
1.1070000000e+00 6.5024157369e-05 -3.0581683867e-04
1.1080000000e+00 6.5112979734e-05 -3.0619261752e-04
1.1090000000e+00 6.5202267325e-05 -3.0656794656e-04
1.1100000000e+00 6.5291934066e-05 -3.0694281979e-04
1.1110000000e+00 6.5381828593e-05 -3.0731722912e-04
1.1120000000e+00 6.5471730004e-05 -3.0769116406e-04
1.1130000000e+00 6.5561349840e-05 -3.0806461224e-04
1.1140000000e+00 6.5650349954e-05 -3.0843756022e-04
1.1150000000e+00 6.5738374290e-05 -3.0880999351e-04
1.1160000000e+00 6.5825078589e-05 -3.0918189711e-04
1.1170000000e+00 6.5910152018e-05 -3.0955325680e-04
1.1180000000e+00 6.5993332439e-05 -3.0992405927e-04
1.1190000000e+00 6.6074424173e-05 -3.1029429230e-04
1.1200000000e+00 6.6153321332e-05 -3.1066394560e-04
1.1210000000e+00 6.6230020632e-05 -3.1103301045e-04
1.1220000000e+00 6.6304613972e-05 -3.1140147948e-04
1.1230000000e+00 6.6377266340e-05 -3.1176934724e-04
1.1240000000e+00 6.6448195076e-05 -3.1213660917e-04
1.1250000000e+00 6.6517656542e-05 -3.1250326072e-04
1.1260000000e+00 6.6585924607e-05 -3.1286929780e-04
1.1270000000e+00 6.6653255169e-05 -3.1323471575e-04
1.1280000000e+00 6.6719848085e-05 -3.1359950854e-04
1.1290000000e+00 6.6785824917e-05 -3.1396366923e-04
1.1300000000e+00 6.6851226188e-05 -3.1432718908e-04
1.1310000000e+00 6.6916009972e-05 -3.1469005711e-04
1.1320000000e+00 6.6980048170e-05 -3.1505226098e-04
1.1330000000e+00 6.7043130501e-05 -3.1541378684e-04
1.1340000000e+00 6.7104985940e-05 -3.1577461919e-04
1.1350000000e+00 6.7165319133e-05 -3.1613474184e-04
1.1360000000e+00 6.7223843606e-05 -3.1649413805e-04
1.1370000000e+00 6.7280308004e-05 -3.1685279075e-04
1.1380000000e+00 6.7334518140e-05 -3.1721068353e-04
1.1390000000e+00 6.7386358988e-05 -3.1756780092e-04
1.1400000000e+00 6.7435818982e-05 -3.1792412815e-04
1.1410000000e+00 6.7483000004e-05 -3.1827965190e-04
1.1420000000e+00 6.7528106960e-05 -3.1863436027e-04
1.1430000000e+00 6.7571423984e-05 -3.1898824246e-04
1.1440000000e+00 6.7613286015e-05 -3.1934128876e-04
1.1450000000e+00 6.7654054417e-05 -3.1969349008e-04
1.1460000000e+00 6.7694085524e-05 -3.2004483726e-04
1.1470000000e+00 6.7733688094e-05 -3.2039532097e-04
1.1480000000e+00 6.7773083710e-05 -3.2074493127e-04
1.1490000000e+00 6.7812382324e-05 -3.2109365695e-04
1.1500000000e+00 6.7851578956e-05 -3.2144148521e-04
1.1510000000e+00 6.7890558805e-05 -3.2178840153e-04
1.1520000000e+00 6.7929102849e-05 -3.2213438951e-04
1.1530000000e+00 6.7966901843e-05 -3.2247943116e-04
1.1540000000e+00 6.8003584761e-05 -3.2282350693e-04
1.1550000000e+00 6.8038761812e-05 -3.2316659613e-04
1.1560000000e+00 6.8072066546e-05 -3.2350867724e-04
1.1570000000e+00 6.8103186330e-05 -3.2384972844e-04
1.1580000000e+00 6.8131886567e-05 -3.2418972841e-04
1.1590000000e+00 6.8158035438e-05 -3.2452865658e-04
1.1600000000e+00 6.8181629904e-05 -3.2486649335e-04
1.1610000000e+00 6.8202807547e-05 -3.2520322070e-04
1.1620000000e+00 6.8221835123e-05 -3.2553882225e-04
1.1630000000e+00 6.8239084807e-05 -3.2587328301e-04
1.1640000000e+00 6.8255009292e-05 -3.2620658957e-04
1.1650000000e+00 6.8270117813e-05 -3.2653872949e-04
1.1660000000e+00 6.8284943244e-05 -3.2686969056e-04
1.1670000000e+00 6.8299997987e-05 -3.2719946085e-04
1.1680000000e+00 6.8315731846e-05 -3.2752802794e-04
1.1690000000e+00 6.8332500904e-05 -3.2785537808e-04
1.1700000000e+00 6.8350549789e-05 -3.2818149610e-04
1.1710000000e+00 6.8370000955e-05 -3.2850636492e-04
1.1720000000e+00 6.8390846741e-05 -3.2882996521e-04
1.1730000000e+00 6.8412951506e-05 -3.2915227579e-04
1.1740000000e+00 6.8436068942e-05 -3.2947327365e-04
1.1750000000e+00 6.8459876216e-05 -3.2979293394e-04
1.1760000000e+00 6.8484015729e-05 -3.3011123083e-04
1.1770000000e+00 6.8508129641e-05 -3.3042813813e-04
1.1780000000e+00 6.8531888817e-05 -3.3074362955e-04
1.1790000000e+00 6.8555024880e-05 -3.3105767957e-04
1.1800000000e+00 6.8577365642e-05 -3.3137026392e-04
1.1810000000e+00 6.8598860448e-05 -3.3168135964e-04
1.1820000000e+00 6.8619581556e-05 -3.3199094557e-04
1.1830000000e+00 6.8639709735e-05 -3.3229900254e-04
1.1840000000e+00 6.8659518763e-05 -3.3260551298e-04
1.1850000000e+00 6.8679358784e-05 -3.3291046063e-04
1.1860000000e+00 6.8699628442e-05 -3.3321383034e-04
1.1870000000e+00 6.8720731891e-05 -3.3351560739e-04
1.1880000000e+00 6.8743034254e-05 -3.3381577692e-04
1.1890000000e+00 6.8766828384e-05 -3.3411432330e-04
1.1900000000e+00 6.8792312546e-05 -3.3441122954e-04
1.1910000000e+00 6.8819574098e-05 -3.3470647673e-04
1.1920000000e+00 6.8848575655e-05 -3.3500004390e-04
1.1930000000e+00 6.8879150410e-05 -3.3529190818e-04
1.1940000000e+00 6.8911014754e-05 -3.3558204451e-04
1.1950000000e+00 6.8943797377e-05 -3.3587042600e-04
1.1960000000e+00 6.8977077338e-05 -3.3615702467e-04
1.1970000000e+00 6.9010419462e-05 -3.3644181176e-04
1.1980000000e+00 6.9043405792e-05 -3.3672475840e-04
1.1990000000e+00 6.9075670470e-05 -3.3700583650e-04
1.2000000000e+00 6.9106938757e-05 -3.3728501895e-04
1.2010000000e+00 6.9137059182e-05 -3.3756227992e-04
1.2020000000e+00 6.9166014876e-05 -3.3783759561e-04
1.2030000000e+00 6.9193917929e-05 -3.3811094405e-04
1.2040000000e+00 6.9220999184e-05 -3.3838230481e-04
1.2050000000e+00 6.9247594092e-05 -3.3865165916e-04
1.2060000000e+00 6.9274117675e-05 -3.3891898946e-04
1.2070000000e+00 6.9301022205e-05 -3.3918427862e-04
1.2080000000e+00 6.9328746556e-05 -3.3944751004e-04
1.2090000000e+00 6.9357673761e-05 -3.3970866688e-04
1.2100000000e+00 6.9388099600e-05 -3.3996773104e-04
1.2110000000e+00 6.9420207808e-05 -3.4022468330e-04
1.2120000000e+00 6.9454048161e-05 -3.4047950273e-04
1.2130000000e+00 6.9489523151e-05 -3.4073216622e-04
1.2140000000e+00 6.9526395295e-05 -3.4098264880e-04
1.2150000000e+00 6.9564313877e-05 -3.4123092360e-04
1.2160000000e+00 6.9602850279e-05 -3.4147696195e-04
1.2170000000e+00 6.9641531574e-05 -3.4172073440e-04
1.2180000000e+00 6.9679871877e-05 -3.4196221126e-04
1.2190000000e+00 6.9717409879e-05 -3.4220136291e-04
1.2200000000e+00 6.9753748259e-05 -3.4243816039e-04
1.2210000000e+00 6.9788584453e-05 -3.4267257594e-04
1.2220000000e+00 6.9821725236e-05 -3.4290458400e-04
1.2230000000e+00 6.9853085812e-05 -3.4313416173e-04
1.2240000000e+00 6.9882685672e-05 -3.4336128787e-04
1.2250000000e+00 6.9910640824e-05 -3.4358594293e-04
1.2260000000e+00 6.9937146102e-05 -3.4380810914e-04
1.2270000000e+00 6.9962446060e-05 -3.4402776918e-04
1.2280000000e+00 6.9986796888e-05 -3.4424490623e-04
1.2290000000e+00 7.0010433303e-05 -3.4445950352e-04
1.2300000000e+00 7.0033545809e-05 -3.4467154292e-04
1.2310000000e+00 7.0056262880e-05 -3.4488100498e-04
1.2320000000e+00 7.0078634632e-05 -3.4508786868e-04
1.2330000000e+00 7.0100618674e-05 -3.4529211096e-04
1.2340000000e+00 7.0122081031e-05 -3.4549370718e-04
1.2350000000e+00 7.0142814259e-05 -3.4569263118e-04
1.2360000000e+00 7.0162560141e-05 -3.4588885556e-04
1.2370000000e+00 7.0181030396e-05 -3.4608235252e-04
1.2380000000e+00 7.0197925628e-05 -3.4627309425e-04
1.2390000000e+00 7.0212962369e-05 -3.4646105349e-04
1.2400000000e+00 7.0225906662e-05 -3.4664620417e-04
1.2410000000e+00 7.0236598395e-05 -3.4682852160e-04
1.2420000000e+00 7.0244962270e-05 -3.4700798288e-04
1.2430000000e+00 7.0251008306e-05 -3.4718456709e-04
1.2440000000e+00 7.0254829551e-05 -3.4735825485e-04
1.2450000000e+00 7.0256598266e-05 -3.4752902802e-04
1.2460000000e+00 7.0256551085e-05 -3.4769686977e-04
1.2470000000e+00 7.0254964173e-05 -3.4786176348e-04
1.2480000000e+00 7.0252122974e-05 -3.4802369263e-04
1.2490000000e+00 7.0248295178e-05 -3.4818264050e-04
1.2500000000e+00 7.0243712597e-05 -3.4833858891e-04
1.2510000000e+00 7.0238554814e-05 -3.4849151851e-04
1.2520000000e+00 7.0232933245e-05 -3.4864140858e-04
1.2530000000e+00 7.0226878135e-05 -3.4878823658e-04
1.2540000000e+00 7.0220336648e-05 -3.4893197865e-04
1.2550000000e+00 7.0213186072e-05 -3.4907261001e-04
1.2560000000e+00 7.0205251978e-05 -3.4921010471e-04
1.2570000000e+00 7.0196324664e-05 -3.4934443663e-04
1.2580000000e+00 7.0186173984e-05 -3.4947558013e-04
1.2590000000e+00 7.0174569738e-05 -3.4960350983e-04
1.2600000000e+00 7.0161309104e-05 -3.4972820159e-04
1.2610000000e+00 7.0146238994e-05 -3.4984963295e-04
1.2620000000e+00 7.0129267101e-05 -3.4996778272e-04
1.2630000000e+00 7.0110363762e-05 -3.5008263153e-04
1.2640000000e+00 7.0089562689e-05 -3.5019416177e-04
1.2650000000e+00 7.0066963322e-05 -3.5030235671e-04
1.2660000000e+00 7.0042724384e-05 -3.5040720070e-04
1.2670000000e+00 7.0017046362e-05 -3.5050867901e-04
1.2680000000e+00 6.9990148923e-05 -3.5060677658e-04
1.2690000000e+00 6.9962251539e-05 -3.5070147797e-04
1.2700000000e+00 6.9933561405e-05 -3.5079276699e-04
1.2710000000e+00 6.9904260146e-05 -3.5088062577e-04
1.2720000000e+00 6.9874487713e-05 -3.5096503542e-04
1.2730000000e+00 6.9844329750e-05 -3.5104597628e-04
1.2740000000e+00 6.9813814789e-05 -3.5112342750e-04
1.2750000000e+00 6.9782924123e-05 -3.5119736744e-04
1.2760000000e+00 6.9751605535e-05 -3.5126777384e-04
1.2770000000e+00 6.9719786672e-05 -3.5133462347e-04
1.2780000000e+00 6.9687389861e-05 -3.5139789324e-04
1.2790000000e+00 6.9654350526e-05 -3.5145756100e-04
1.2800000000e+00 6.9620639148e-05 -3.5151360477e-04
1.2810000000e+00 6.9586278284e-05 -3.5156600358e-04
1.2820000000e+00 6.9551349336e-05 -3.5161473802e-04
1.2830000000e+00 6.9515988902e-05 -3.5165979000e-04
1.2840000000e+00 6.9480380537e-05 -3.5170114311e-04
1.2850000000e+00 6.9444747386e-05 -3.5173878190e-04
1.2860000000e+00 6.9409339314e-05 -3.5177269144e-04
1.2870000000e+00 6.9374410082e-05 -3.5180285765e-04
1.2880000000e+00 6.9340190225e-05 -3.5182926665e-04
1.2890000000e+00 6.9306866394e-05 -3.5185190376e-04
1.2900000000e+00 6.9274571306e-05 -3.5187075389e-04
1.2910000000e+00 6.9243375681e-05 -3.5188580120e-04
1.2920000000e+00 6.9213279154e-05 -3.5189702831e-04
1.2930000000e+00 6.9184207367e-05 -3.5190441684e-04
1.2940000000e+00 6.9156020676e-05 -3.5190794731e-04
1.2950000000e+00 6.9128533402e-05 -3.5190759901e-04
1.2960000000e+00 6.9101534990e-05 -3.5190335057e-04
1.2970000000e+00 6.9074809288e-05 -3.5189518021e-04
1.2980000000e+00 6.9048154089e-05 -3.5188306600e-04
1.2990000000e+00 6.9021401656e-05 -3.5186698643e-04
1.3000000000e+00 6.8994438958e-05 -3.5184692045e-04
1.3010000000e+00 6.8967221244e-05 -3.5182284777e-04
1.3020000000e+00 6.8939774260e-05 -3.5179474953e-04
1.3030000000e+00 6.8912187831e-05 -3.5176260787e-04
1.3040000000e+00 6.8884606293e-05 -3.5172640624e-04
1.3050000000e+00 6.8857217205e-05 -3.5168612928e-04
1.3060000000e+00 6.8830234680e-05 -3.5164176193e-04
1.3070000000e+00 6.8803874906e-05 -3.5159328971e-04
1.3080000000e+00 6.8778329182e-05 -3.5154069831e-04
1.3090000000e+00 6.8753743407e-05 -3.5148397279e-04
1.3100000000e+00 6.8730205743e-05 -3.5142309751e-04
1.3110000000e+00 6.8707738422e-05 -3.5135805590e-04
1.3120000000e+00 6.8686291773e-05 -3.5128882973e-04
1.3130000000e+00 6.8665744309e-05 -3.5121539960e-04
1.3140000000e+00 6.8645914622e-05 -3.5113774534e-04
1.3150000000e+00 6.8626583239e-05 -3.5105584540e-04
1.3160000000e+00 6.8607516743e-05 -3.5096967795e-04
1.3170000000e+00 6.8588488944e-05 -3.5087922108e-04
1.3180000000e+00 6.8569299653e-05 -3.5078445225e-04
1.3190000000e+00 6.8549794859e-05 -3.5068534964e-04
1.3200000000e+00 6.8529886337e-05 -3.5058189213e-04
1.3210000000e+00 6.8509562378e-05 -3.5047405878e-04
1.3220000000e+00 6.8488886203e-05 -3.5036182999e-04
1.3230000000e+00 6.8467985623e-05 -3.5024518700e-04
1.3240000000e+00 6.8447039485e-05 -3.5012411113e-04
1.3250000000e+00 6.8426261573e-05 -3.4999858472e-04
1.3260000000e+00 6.8405878052e-05 -3.4986859031e-04
1.3270000000e+00 6.8386099431e-05 -3.4973411007e-04
1.3280000000e+00 6.8367092944e-05 -3.4959512655e-04
1.3290000000e+00 6.8348961923e-05 -3.4945162135e-04
1.3300000000e+00 6.8331732733e-05 -3.4930357477e-04
1.3310000000e+00 6.8315346536e-05 -3.4915096651e-04
1.3320000000e+00 6.8299655945e-05 -3.4899377450e-04
1.3330000000e+00 6.8284428318e-05 -3.4883197520e-04
1.3340000000e+00 6.8269358989e-05 -3.4866554429e-04
1.3350000000e+00 6.8254093063e-05 -3.4849445570e-04
1.3360000000e+00 6.8238251171e-05 -3.4831868230e-04
1.3370000000e+00 6.8221455599e-05 -3.4813819664e-04
1.3380000000e+00 6.8203354019e-05 -3.4795297035e-04
1.3390000000e+00 6.8183643433e-05 -3.4776297518e-04
1.3400000000e+00 6.8162095145e-05 -3.4756818343e-04
1.3410000000e+00 6.8138573720e-05 -3.4736856745e-04
1.3420000000e+00 6.8113044335e-05 -3.4716410058e-04
1.3430000000e+00 6.8085569123e-05 -3.4695475725e-04
1.3440000000e+00 6.8056298421e-05 -3.4674051234e-04
1.3450000000e+00 6.8025459290e-05 -3.4652134143e-04
1.3460000000e+00 6.7993334417e-05 -3.4629722073e-04
1.3470000000e+00 6.7960230557e-05 -3.4606812634e-04
1.3480000000e+00 6.7926445002e-05 -3.4583403407e-04
1.3490000000e+00 6.7892236679e-05 -3.4559491916e-04
1.3500000000e+00 6.7857803655e-05 -3.4535075508e-04
1.3510000000e+00 6.7823264107e-05 -3.4510151387e-04
1.3520000000e+00 6.7788642378e-05 -3.4484716607e-04
1.3530000000e+00 6.7753865513e-05 -3.4458767975e-04
1.3540000000e+00 6.7718770070e-05 -3.4432302142e-04
1.3550000000e+00 6.7683118599e-05 -3.4405315591e-04
1.3560000000e+00 6.7646623644e-05 -3.4377804583e-04
1.3570000000e+00 6.7608974860e-05 -3.4349765322e-04
1.3580000000e+00 6.7569867478e-05 -3.4321193965e-04
1.3590000000e+00 6.7529030583e-05 -3.4292086579e-04
1.3600000000e+00 6.7486255137e-05 -3.4262439327e-04
1.3610000000e+00 6.7441417537e-05 -3.4232248422e-04
1.3620000000e+00 6.7394491462e-05 -3.4201510088e-04
1.3630000000e+00 6.7345549070e-05 -3.4170220746e-04
1.3640000000e+00 6.7294754648e-05 -3.4138376884e-04
1.3650000000e+00 6.7242352786e-05 -3.4105975011e-04
1.3660000000e+00 6.7188648524e-05 -3.4073011755e-04
1.3670000000e+00 6.7133977004e-05 -3.4039483711e-04
1.3680000000e+00 6.7078670082e-05 -3.4005387371e-04
1.3690000000e+00 6.7023025584e-05 -3.3970719210e-04
1.3700000000e+00 6.6967281923e-05 -3.3935475505e-04
1.3710000000e+00 6.6911597564e-05 -3.3899652304e-04
1.3720000000e+00 6.6856034174e-05 -3.3863245531e-04
1.3730000000e+00 6.6800549313e-05 -3.3826250823e-04
1.3740000000e+00 6.6745000519e-05 -3.3788663554e-04
1.3750000000e+00 6.6689160247e-05 -3.3750478960e-04
1.3760000000e+00 6.6632739361e-05 -3.3711692024e-04
1.3770000000e+00 6.6575413920e-05 -3.3672297592e-04
1.3780000000e+00 6.6516855937e-05 -3.3632290509e-04
1.3790000000e+00 6.6456766333e-05 -3.3591665534e-04
1.3800000000e+00 6.6394907138e-05 -3.3550417489e-04
1.3810000000e+00 6.6331128965e-05 -3.3508541324e-04
1.3820000000e+00 6.6265386774e-05 -3.3466032034e-04
1.3830000000e+00 6.6197745696e-05 -3.3422884744e-04
1.3840000000e+00 6.6128379096e-05 -3.3379094717e-04
1.3850000000e+00 6.6057558604e-05 -3.3334657219e-04
1.3860000000e+00 6.5985635263e-05 -3.3289567573e-04
1.3870000000e+00 6.5913010620e-05 -3.3243821124e-04
1.3880000000e+00 6.5840103843e-05 -3.3197413099e-04
1.3890000000e+00 6.5767319521e-05 -3.3150338669e-04
1.3900000000e+00 6.5695018390e-05 -3.3102592869e-04
1.3910000000e+00 6.5623492942e-05 -3.3054170490e-04
1.3920000000e+00 6.5552947570e-05 -3.3005066143e-04
1.3930000000e+00 6.5483486644e-05 -3.2955274219e-04
1.3940000000e+00 6.5415113127e-05 -3.2904788843e-04
1.3950000000e+00 6.5347738112e-05 -3.2853604000e-04
1.3960000000e+00 6.5281199109e-05 -3.2801713527e-04
1.3970000000e+00 6.5215281087e-05 -3.2749111118e-04
1.3980000000e+00 6.5149739630e-05 -3.2695790461e-04
1.3990000000e+00 6.5084327692e-05 -3.2641745221e-04
1.4000000000e+00 6.5018823758e-05 -3.2586969088e-04
1.4010000000e+00 6.4953055996e-05 -3.2531455878e-04
1.4020000000e+00 6.4886917362e-05 -3.2475199505e-04
1.4030000000e+00 6.4820373731e-05 -3.2418193997e-04
1.4040000000e+00 6.4753468073e-05 -3.2360433508e-04
1.4050000000e+00 6.4686318669e-05 -3.2301912247e-04
1.4060000000e+00 6.4619108474e-05 -3.2242624451e-04
1.4070000000e+00 6.4552066317e-05 -3.2182564394e-04
1.4080000000e+00 6.4485444413e-05 -3.2121726295e-04
1.4090000000e+00 6.4419495524e-05 -3.2060104265e-04
1.4100000000e+00 6.4354450228e-05 -3.1997692299e-04
1.4110000000e+00 6.4290495531e-05 -3.1934484199e-04
1.4120000000e+00 6.4227756939e-05 -3.1870473569e-04
1.4130000000e+00 6.4166285290e-05 -3.1805653837e-04
1.4140000000e+00 6.4106051493e-05 -3.1740018237e-04
1.4150000000e+00 6.4046950714e-05 -3.1673559828e-04
1.4160000000e+00 6.3988813997e-05 -3.1606271558e-04
1.4170000000e+00 6.3931424762e-05 -3.1538146267e-04
1.4180000000e+00 6.3874537554e-05 -3.1469176763e-04
1.4190000000e+00 6.3817900311e-05 -3.1399355908e-04
1.4200000000e+00 6.3761279875e-05 -3.1328676609e-04
1.4210000000e+00 6.3704484666e-05 -3.1257131900e-04
1.4220000000e+00 6.3647380643e-05 -3.1184715017e-04
1.4230000000e+00 6.3589900478e-05 -3.1111419332e-04
1.4240000000e+00 6.3532049071e-05 -3.1037238367e-04
1.4250000000e+00 6.3473904598e-05 -3.0962165804e-04
1.4260000000e+00 6.3415610235e-05 -3.0886195394e-04
1.4270000000e+00 6.3357357908e-05 -3.0809320956e-04
1.4280000000e+00 6.3299368034e-05 -3.0731536331e-04
1.4290000000e+00 6.3241868690e-05 -3.0652835228e-04
1.4300000000e+00 6.3185075009e-05 -3.0573211249e-04
1.4310000000e+00 6.3129167867e-05 -3.0492657865e-04
1.4320000000e+00 6.3074275380e-05 -3.0411168310e-04
1.4330000000e+00 6.3020459756e-05 -3.0328735671e-04
1.4340000000e+00 6.2967711120e-05 -3.0245352873e-04
1.4350000000e+00 6.2915948702e-05 -3.0161012637e-04
1.4360000000e+00 6.2865027340e-05 -3.0075707600e-04
1.4370000000e+00 6.2814748820e-05 -2.9989430364e-04
1.4380000000e+00 6.2764877156e-05 -2.9902173496e-04
1.4390000000e+00 6.2715157818e-05 -2.9813929655e-04
1.4400000000e+00 6.2665339327e-05 -2.9724691635e-04
1.4410000000e+00 6.2615193170e-05 -2.9634452335e-04
1.4420000000e+00 6.2564529363e-05 -2.9543204852e-04
1.4430000000e+00 6.2513207082e-05 -2.9450942501e-04
1.4440000000e+00 6.2461141797e-05 -2.9357658742e-04
1.4450000000e+00 6.2408307709e-05 -2.9263347219e-04
1.4460000000e+00 6.2354732919e-05 -2.9168001711e-04
1.4470000000e+00 6.2300487411e-05 -2.9071616037e-04
1.4480000000e+00 6.2245666387e-05 -2.8974184069e-04
1.4490000000e+00 6.2190373194e-05 -2.8875699670e-04
1.4500000000e+00 6.2134702959e-05 -2.8776156591e-04
1.4510000000e+00 6.2078726443e-05 -2.8675548513e-04
1.4520000000e+00 6.2022475718e-05 -2.8573869004e-04
1.4530000000e+00 6.1965934740e-05 -2.8471111451e-04
1.4540000000e+00 6.1909037413e-05 -2.8367269144e-04
1.4550000000e+00 6.1851672178e-05 -2.8262335274e-04
1.4560000000e+00 6.1793691082e-05 -2.8156302918e-04
1.4570000000e+00 6.1734921696e-05 -2.8049165166e-04
1.4580000000e+00 6.1675182246e-05 -2.7940915133e-04
1.4590000000e+00 6.1614300711e-05 -2.7831545974e-04
1.4600000000e+00 6.1552133568e-05 -2.7721051005e-04
1.4610000000e+00 6.1488580314e-05 -2.7609423695e-04
1.4620000000e+00 6.1423592013e-05 -2.7496657679e-04
1.4630000000e+00 6.1357174733e-05 -2.7382746842e-04
1.4640000000e+00 6.1289389838e-05 -2.7267685266e-04
1.4650000000e+00 6.1220348384e-05 -2.7151467196e-04
1.4660000000e+00 6.1150199282e-05 -2.7034087079e-04
1.4670000000e+00 6.1079113342e-05 -2.6915539459e-04
1.4680000000e+00 6.1007265677e-05 -2.6795818949e-04
1.4690000000e+00 6.0934819561e-05 -2.6674920226e-04
1.4700000000e+00 6.0861911352e-05 -2.6552837914e-04
1.4710000000e+00 6.0788637877e-05 -2.6429566583e-04
1.4720000000e+00 6.0715047246e-05 -2.6305100741e-04
1.4730000000e+00 6.0641133571e-05 -2.6179434761e-04
1.4740000000e+00 6.0566838302e-05 -2.6052562905e-04
1.4750000000e+00 6.0492057753e-05 -2.5924479373e-04
1.4760000000e+00 6.0416654815e-05 -2.5795178269e-04
1.4770000000e+00 6.0340472084e-05 -2.5664653686e-04
1.4780000000e+00 6.0263346233e-05 -2.5532899763e-04
1.4790000000e+00 6.0185125892e-05 -2.5399910669e-04
1.4800000000e+00 6.0105689637e-05 -2.5265680697e-04
1.4810000000e+00 6.0024959134e-05 -2.5130204305e-04
1.4820000000e+00 5.9942905970e-05 -2.4993476115e-04
1.4830000000e+00 5.9859554367e-05 -2.4855490976e-04
1.4840000000e+00 5.9774981461e-05 -2.4716243956e-04
1.4850000000e+00 5.9689311662e-05 -2.4575730315e-04
1.4860000000e+00 5.9602704191e-05 -2.4433945530e-04
1.4870000000e+00 5.9515336846e-05 -2.4290885263e-04
1.4880000000e+00 5.9427389451e-05 -2.4146545287e-04
1.4890000000e+00 5.9339028694e-05 -2.4000921470e-04
1.4900000000e+00 5.9250393510e-05 -2.3854009697e-04
1.4910000000e+00 5.9161583025e-05 -2.3705805814e-04
1.4920000000e+00 5.9072648862e-05 -2.3556305630e-04
1.4930000000e+00 5.8983592480e-05 -2.3405504869e-04
1.4940000000e+00 5.8894368631e-05 -2.3253399169e-04
1.4950000000e+00 5.8804893936e-05 -2.3099984116e-04
1.4960000000e+00 5.8715059650e-05 -2.2945255238e-04
1.4970000000e+00 5.8624746761e-05 -2.2789208050e-04
1.4980000000e+00 5.8533842142e-05 -2.2631838109e-04
1.4990000000e+00 5.8442256436e-05 -2.2473141034e-04
1.5000000000e+00 5.8349940646e-05 -2.2313112575e-04
1.5010000000e+00 5.8256897784e-05 -2.2151748680e-04
1.5020000000e+00 5.8163188391e-05 -2.1989045487e-04
1.5030000000e+00 5.8068931025e-05 -2.1824999388e-04
1.5040000000e+00 5.7974299683e-05 -2.1659607028e-04
1.5050000000e+00 5.7879515636e-05 -2.1492865266e-04
1.5060000000e+00 5.7784832342e-05 -2.1324771186e-04
1.5070000000e+00 5.7690516482e-05 -2.1155322072e-04
1.5080000000e+00 5.7596828216e-05 -2.0984515331e-04
1.5090000000e+00 5.7504002748e-05 -2.0812348461e-04
1.5100000000e+00 5.7412232516e-05 -2.0638818999e-04
1.5110000000e+00 5.7321651045e-05 -2.0463924438e-04
1.5120000000e+00 5.7232321800e-05 -2.0287662215e-04
1.5130000000e+00 5.7144233498e-05 -2.0110029704e-04
1.5140000000e+00 5.7057302687e-05 -1.9931024158e-04
1.5150000000e+00 5.6971382431e-05 -1.9750642741e-04
1.5160000000e+00 5.6886275854e-05 -1.9568882575e-04
1.5170000000e+00 5.6801754197e-05 -1.9385740723e-04
1.5180000000e+00 5.6717578230e-05 -1.9201214268e-04
1.5190000000e+00 5.6633522257e-05 -1.9015300401e-04
1.5200000000e+00 5.6549396864e-05 -1.8827996412e-04
1.5210000000e+00 5.6465066529e-05 -1.8639299759e-04
1.5220000000e+00 5.6380462226e-05 -1.8449208156e-04
1.5230000000e+00 5.6295588621e-05 -1.8257719517e-04
1.5240000000e+00 5.6210525329e-05 -1.8064832013e-04
1.5250000000e+00 5.6125420204e-05 -1.7870544098e-04
1.5260000000e+00 5.6040474323e-05 -1.7674854414e-04
1.5270000000e+00 5.5955922280e-05 -1.7477761821e-04
1.5280000000e+00 5.5872009359e-05 -1.7279265376e-04
1.5290000000e+00 5.5788967846e-05 -1.7079364203e-04
1.5300000000e+00 5.5706994735e-05 -1.6878057497e-04
1.5310000000e+00 5.5626231896e-05 -1.6675344490e-04
1.5320000000e+00 5.5546751422e-05 -1.6471224343e-04
1.5330000000e+00 5.5468547904e-05 -1.6265696178e-04
1.5340000000e+00 5.5391539529e-05 -1.6058759040e-04
1.5350000000e+00 5.5315577083e-05 -1.5850411847e-04
1.5360000000e+00 5.5240457264e-05 -1.5640653467e-04
1.5370000000e+00 5.5165940209e-05 -1.5429482720e-04
1.5380000000e+00 5.5091771389e-05 -1.5216898409e-04
1.5390000000e+00 5.5017706532e-05 -1.5002899401e-04
1.5400000000e+00 5.4943535225e-05 -1.4787484653e-04
1.5410000000e+00 5.4869098838e-05 -1.4570653257e-04
1.5420000000e+00 5.4794303825e-05 -1.4352404525e-04
1.5430000000e+00 5.4719130346e-05 -1.4132737995e-04
1.5440000000e+00 5.4643634194e-05 -1.3911653439e-04
1.5450000000e+00 5.4567940355e-05 -1.3689150894e-04
1.5460000000e+00 5.4492228265e-05 -1.3465230625e-04
1.5470000000e+00 5.4416712575e-05 -1.3239893098e-04
1.5480000000e+00 5.4341620890e-05 -1.3013138945e-04
1.5490000000e+00 5.4267169315e-05 -1.2784968898e-04
1.5500000000e+00 5.4193538731e-05 -1.2555383731e-04
1.5510000000e+00 5.4120853369e-05 -1.2324384229e-04
1.5520000000e+00 5.4049164545e-05 -1.2091971121e-04
1.5530000000e+00 5.3978441166e-05 -1.1858145042e-04
1.5540000000e+00 5.3908567998e-05 -1.1622906541e-04
1.5550000000e+00 5.3839352633e-05 -1.1386256055e-04
1.5560000000e+00 5.3770538117e-05 -1.1148193927e-04
1.5570000000e+00 5.3701820363e-05 -1.0908720474e-04
1.5580000000e+00 5.3632870834e-05 -1.0667835993e-04
1.5590000000e+00 5.3563362578e-05 -1.0425540815e-04
1.5600000000e+00 5.3492996091e-05 -1.0181835385e-04
1.5610000000e+00 5.3421520520e-05 -9.9367202774e-05
1.5620000000e+00 5.3348749992e-05 -9.6901962587e-05
1.5630000000e+00 5.3274576030e-05 -9.4422643404e-05
1.5640000000e+00 5.3198973710e-05 -9.1929257489e-05
1.5650000000e+00 5.3121999461e-05 -8.9421819413e-05
1.5660000000e+00 5.3043780330e-05 -8.6900346072e-05
1.5670000000e+00 5.2964497649e-05 -8.4364856033e-05
1.5680000000e+00 5.2884367788e-05 -8.1815369402e-05
1.5690000000e+00 5.2803620453e-05 -7.9251907436e-05
1.5700000000e+00 5.2722475993e-05 -7.6674491579e-05
1.5710000000e+00 5.2641123660e-05 -7.4083143313e-05
1.5720000000e+00 5.2559703398e-05 -7.1477883902e-05
1.5730000000e+00 5.2478293423e-05 -6.8858733699e-05
1.5740000000e+00 5.2396904295e-05 -6.6225712320e-05
1.5750000000e+00 5.2315479136e-05 -6.3578838768e-05
1.5760000000e+00 5.2233898937e-05 -6.0918131204e-05
1.5770000000e+00 5.2151993326e-05 -5.8243607448e-05
1.5780000000e+00 5.2069557163e-05 -5.5555285558e-05
1.5790000000e+00 5.1986371045e-05 -5.2853183829e-05
1.5800000000e+00 5.1902222540e-05 -5.0137321559e-05
1.5810000000e+00 5.1816925462e-05 -4.7407719628e-05
1.5820000000e+00 5.1730336505e-05 -4.4664400437e-05
1.5830000000e+00 5.1642368945e-05 -4.1907388564e-05
1.5840000000e+00 5.1553001600e-05 -3.9136710864e-05
1.5850000000e+00 5.1462281225e-05 -3.6352396059e-05
1.5860000000e+00 5.1370317454e-05 -3.3554474903e-05
1.5870000000e+00 5.1277271452e-05 -3.0742979912e-05
1.5880000000e+00 5.1183340801e-05 -2.7917944599e-05
1.5890000000e+00 5.1088741840e-05 -2.5079403352e-05
1.5900000000e+00 5.0993689821e-05 -2.2227391024e-05
1.5910000000e+00 5.0898377960e-05 -1.9361942249e-05
1.5920000000e+00 5.0802958194e-05 -1.6483091568e-05
1.5930000000e+00 5.0707527383e-05 -1.3590873120e-05
1.5940000000e+00 5.0612120306e-05 -1.0685320346e-05
1.5950000000e+00 5.0516707951e-05 -7.7664663236e-06
1.5960000000e+00 5.0421200518e-05 -4.8343436972e-06
1.5970000000e+00 5.0325456465e-05 -1.8889848071e-06
1.5980000000e+00 5.0229298295e-05 1.0695776386e-06
1.5990000000e+00 5.0132532742e-05 4.0413103614e-06
1.6000000000e+00 5.0034971187e-05 7.0261791510e-06
1.6010000000e+00 4.9936448366e-05 1.0024148074e-05
1.6020000000e+00 4.9836839273e-05 1.3035179453e-05
1.6030000000e+00 4.9736073246e-05 1.6059233664e-05
1.6040000000e+00 4.9634143406e-05 1.9096268705e-05
1.6050000000e+00 4.9531109799e-05 2.2146240612e-05
1.6060000000e+00 4.9427095944e-05 2.5209103443e-05
1.6070000000e+00 4.9322279692e-05 2.8284809225e-05
1.6080000000e+00 4.9216879779e-05 3.1373308727e-05
1.6090000000e+00 4.9111139798e-05 3.4474551709e-05
1.6100000000e+00 4.9005310213e-05 3.7588487110e-05
1.6110000000e+00 4.8899628866e-05 4.0715063791e-05
1.6120000000e+00 4.8794302357e-05 4.3854230659e-05
1.6130000000e+00 4.8689491752e-05 4.7005936737e-05
1.6140000000e+00 4.8585304476e-05 5.0170131684e-05
1.6150000000e+00 4.8481791220e-05 5.3346765524e-05
1.6160000000e+00 4.8378946449e-05 5.6535788421e-05
1.6170000000e+00 4.8276713918e-05 5.9737150859e-05
1.6180000000e+00 4.8174998561e-05 6.2950802981e-05
1.6190000000e+00 4.8073682846e-05 6.6176694233e-05
1.6200000000e+00 4.7972643583e-05 6.9414773301e-05
1.6210000000e+00 4.7871767087e-05 7.2664987335e-05
1.6220000000e+00 4.7770962977e-05 7.5927281640e-05
1.6230000000e+00 4.7670176306e-05 7.9201599729e-05
1.6240000000e+00 4.7569396002e-05 8.2487882791e-05
1.6250000000e+00 4.7468657189e-05 8.5786069733e-05
1.6260000000e+00 4.7368037302e-05 8.9096097591e-05
1.6270000000e+00 4.7267647989e-05 9.2417901276e-05
1.6280000000e+00 4.7167624163e-05 9.5751414037e-05
1.6290000000e+00 4.7068111131e-05 9.9096568184e-05
1.6300000000e+00 4.6969250095e-05 1.0245329499e-04
1.6310000000e+00 4.6871162993e-05 1.0582152527e-04
1.6320000000e+00 4.6773939448e-05 1.0920118985e-04
1.6330000000e+00 4.6677627935e-05 1.1259221942e-04
1.6340000000e+00 4.6582232034e-05 1.1599454486e-04
1.6350000000e+00 4.6487711139e-05 1.1940809739e-04
1.6360000000e+00 4.6393984379e-05 1.2283280796e-04
1.6370000000e+00 4.6300938297e-05 1.2626860735e-04
1.6380000000e+00 4.6208438740e-05 1.2971542599e-04
1.6390000000e+00 4.6116345406e-05 1.3317319319e-04
1.6400000000e+00 4.6024526465e-05 1.3664183720e-04
1.6410000000e+00 4.5932870583e-05 1.4012128489e-04
1.6420000000e+00 4.5841296418e-05 1.4361146112e-04
1.6430000000e+00 4.5749760610e-05 1.4711228882e-04
1.6440000000e+00 4.5658262856e-05 1.5062368895e-04
1.6450000000e+00 4.5566845935e-05 1.5414558020e-04
1.6460000000e+00 4.5475589944e-05 1.5767787938e-04
1.6470000000e+00 4.5384602832e-05 1.6122050158e-04
1.6480000000e+00 4.5294009868e-05 1.6477336012e-04
1.6490000000e+00 4.5203942112e-05 1.6833636713e-04
1.6500000000e+00 4.5114523096e-05 1.7190943388e-04
1.6510000000e+00 4.5025854377e-05 1.7549247120e-04
1.6520000000e+00 4.4938004853e-05 1.7908539029e-04
1.6530000000e+00 4.4851003141e-05 1.8268810267e-04
1.6540000000e+00 4.4764833381e-05 1.8630051834e-04
1.6550000000e+00 4.4679437218e-05 1.8992254632e-04
1.6560000000e+00 4.4594716435e-05 1.9355409668e-04
1.6570000000e+00 4.4510539100e-05 1.9719507885e-04
1.6580000000e+00 4.4426751611e-05 2.0084540157e-04
1.6590000000e+00 4.4343192390e-05 2.0450497434e-04
1.6600000000e+00 4.4259706003e-05 2.0817370483e-04
1.6610000000e+00 4.4176154508e-05 2.1185149825e-04
1.6620000000e+00 4.4092426979e-05 2.1553825924e-04
1.6630000000e+00 4.4008448109e-05 2.1923389032e-04
1.6640000000e+00 4.3924182433e-05 2.2293829148e-04
1.6650000000e+00 4.3839633961e-05 2.2665136187e-04
1.6660000000e+00 4.3754840445e-05 2.3037299839e-04
1.6670000000e+00 4.3669863372e-05 2.3410309512e-04
1.6680000000e+00 4.3584777251e-05 2.3784154504e-04
1.6690000000e+00 4.3499657898e-05 2.4158823961e-04
1.6700000000e+00 4.3414569782e-05 2.4534306914e-04
1.6710000000e+00 4.3329553764e-05 2.4910592370e-04
1.6720000000e+00 4.3244615921e-05 2.5287669299e-04
1.6730000000e+00 4.3159722219e-05 2.5665526633e-04
1.6740000000e+00 4.3074798282e-05 2.6044153273e-04
1.6750000000e+00 4.2989731885e-05 2.6423538117e-04
1.6760000000e+00 4.2904378463e-05 2.6803670082e-04
1.6770000000e+00 4.2818569389e-05 2.7184538067e-04
1.6780000000e+00 4.2732126243e-05 2.7566130938e-04
1.6790000000e+00 4.2644876548e-05 2.7948437532e-04
1.6800000000e+00 4.2556668700e-05 2.8331446501e-04
1.6810000000e+00 4.2467384490e-05 2.8715146329e-04
1.6820000000e+00 4.2376948567e-05 2.9099525404e-04
1.6830000000e+00 4.2285337066e-05 2.9484571867e-04
1.6840000000e+00 4.2192580778e-05 2.9870273684e-04
1.6850000000e+00 4.2098762836e-05 3.0256618668e-04
1.6860000000e+00 4.2004010300e-05 3.0643594347e-04
1.6870000000e+00 4.1908481553e-05 3.1031188019e-04
1.6880000000e+00 4.1812352517e-05 3.1419386893e-04
1.6890000000e+00 4.1715800582e-05 3.1808178014e-04
1.6900000000e+00 4.1618987935e-05 3.2197548334e-04
1.6910000000e+00 4.1522045195e-05 3.2587484835e-04
1.6920000000e+00 4.1425057300e-05 3.2977974395e-04
1.6930000000e+00 4.1328055512e-05 3.3369003842e-04
1.6940000000e+00 4.1231014953e-05 3.3760560106e-04
1.6950000000e+00 4.1133856834e-05 3.4152630127e-04
1.6960000000e+00 4.1036455251e-05 3.4545200872e-04
1.6970000000e+00 4.0938647481e-05 3.4938259384e-04
1.6980000000e+00 4.0840250309e-05 3.5331792649e-04
1.6990000000e+00 4.0741079317e-05 3.5725787514e-04
1.7000000000e+00 4.0640967340e-05 3.6120230751e-04
1.7010000000e+00 4.0539779889e-05 3.6515108999e-04
1.7020000000e+00 4.0437427100e-05 3.6910408653e-04
1.7030000000e+00 4.0333874159e-05 3.7306115955e-04
1.7040000000e+00 4.0229146388e-05 3.7702216966e-04
1.7050000000e+00 4.0123327377e-05 3.8098697542e-04
1.7060000000e+00 4.0016550139e-05 3.8495543460e-04
1.7070000000e+00 3.9908984229e-05 3.8892740427e-04
1.7080000000e+00 3.9800821534e-05 3.9290273946e-04
1.7090000000e+00 3.9692259519e-05 3.9688129377e-04
1.7100000000e+00 3.9583483845e-05 4.0086292051e-04
1.7110000000e+00 3.9474651150e-05 4.0484747186e-04
1.7120000000e+00 3.9365875153e-05 4.0883479945e-04
1.7130000000e+00 3.9257218725e-05 4.1282475476e-04
1.7140000000e+00 3.9148690379e-05 4.1681718967e-04
1.7150000000e+00 3.9040246247e-05 4.2081195725e-04
1.7160000000e+00 3.8931796364e-05 4.2480891090e-04
1.7170000000e+00 3.8823214869e-05 4.2880790296e-04
1.7180000000e+00 3.8714356000e-05 4.3280878505e-04
1.7190000000e+00 3.8605072392e-05 4.3681140927e-04
1.7200000000e+00 3.8495232733e-05 4.4081562707e-04
1.7210000000e+00 3.8384737670e-05 4.4482128829e-04
1.7220000000e+00 3.8273532108e-05 4.4882824166e-04
1.7230000000e+00 3.8161615538e-05 4.5283633473e-04
1.7240000000e+00 3.8049048597e-05 4.5684541248e-04
1.7250000000e+00 3.7935951861e-05 4.6085531775e-04
1.7260000000e+00 3.7822498161e-05 4.6486589334e-04
1.7270000000e+00 3.7708900256e-05 4.6887698052e-04
1.7280000000e+00 3.7595396061e-05 4.7288841856e-04
1.7290000000e+00 3.7482232069e-05 4.7690004697e-04
1.7300000000e+00 3.7369643850e-05 4.8091170459e-04
1.7310000000e+00 3.7257836356e-05 4.8492322918e-04
1.7320000000e+00 3.7146967877e-05 4.8893445978e-04
1.7330000000e+00 3.7037138964e-05 4.9294523619e-04
1.7340000000e+00 3.6928387099e-05 4.9695539777e-04
1.7350000000e+00 3.6820685895e-05 5.0096478526e-04
1.7360000000e+00 3.6713948180e-05 5.0497324031e-04
1.7370000000e+00 3.6608035497e-05 5.0898060384e-04
1.7380000000e+00 3.6502773280e-05 5.1298671770e-04
1.7390000000e+00 3.6397968941e-05 5.1699142424e-04
1.7400000000e+00 3.6293430259e-05 5.2099456480e-04
1.7410000000e+00 3.6188982154e-05 5.2499598055e-04
1.7420000000e+00 3.6084482256e-05 5.2899551196e-04
1.7430000000e+00 3.5979834765e-05 5.3299299764e-04
1.7440000000e+00 3.5875000052e-05 5.3698827511e-04
1.7450000000e+00 3.5769997751e-05 5.4098118120e-04
1.7460000000e+00 3.5664903731e-05 5.4497155139e-04
1.7470000000e+00 3.5559841741e-05 5.4895922051e-04
1.7480000000e+00 3.5454972337e-05 5.5294402283e-04
1.7490000000e+00 3.5350479251e-05 5.5692579196e-04
1.7500000000e+00 3.5246551571e-05 5.6090436146e-04
1.7510000000e+00 3.5143365010e-05 5.6487956546e-04
1.7520000000e+00 3.5041064542e-05 5.6885123941e-04
1.7530000000e+00 3.4939752031e-05 5.7281921941e-04
1.7540000000e+00 3.4839478501e-05 5.7678334252e-04
1.7550000000e+00 3.4740238739e-05 5.8074344725e-04
1.7560000000e+00 3.4641970934e-05 5.8469937287e-04
1.7570000000e+00 3.4544562161e-05 5.8865095939e-04
1.7580000000e+00 3.4447859922e-05 5.9259804820e-04
1.7590000000e+00 3.4351687904e-05 5.9654048084e-04
1.7600000000e+00 3.4255861984e-05 6.0047809779e-04
1.7610000000e+00 3.4160205965e-05 6.0441073956e-04
1.7620000000e+00 3.4064567822e-05 6.0833824617e-04
1.7630000000e+00 3.3968834373e-05 6.1226045670e-04
1.7640000000e+00 3.3872941893e-05 6.1617721050e-04
1.7650000000e+00 3.3776880716e-05 6.2008834638e-04
1.7660000000e+00 3.3680693503e-05 6.2399370163e-04
1.7670000000e+00 3.3584468882e-05 6.2789311334e-04
1.7680000000e+00 3.3488331869e-05 6.3178641883e-04
1.7690000000e+00 3.3392430436e-05 6.3567345525e-04
1.7700000000e+00 3.3296918383e-05 6.3955406100e-04
1.7710000000e+00 3.3201937566e-05 6.4342807595e-04
1.7720000000e+00 3.3107600893e-05 6.4729534033e-04
1.7730000000e+00 3.3013979552e-05 6.5115569592e-04
1.7740000000e+00 3.2921094672e-05 6.5500898625e-04
1.7750000000e+00 3.2828911931e-05 6.5885505576e-04
1.7760000000e+00 3.2737341412e-05 6.6269375092e-04
1.7770000000e+00 3.2646242309e-05 6.6652491993e-04
1.7780000000e+00 3.2555433422e-05 6.7034841148e-04
1.7790000000e+00 3.2464708402e-05 6.7416407538e-04
1.7800000000e+00 3.2373851115e-05 6.7797176200e-04
1.7810000000e+00 3.2282650900e-05 6.8177132107e-04
1.7820000000e+00 3.2190918032e-05 6.8556260317e-04
1.7830000000e+00 3.2098497839e-05 6.8934545928e-04
1.7840000000e+00 3.2005282490e-05 6.9311973940e-04
1.7850000000e+00 3.1911216494e-05 6.9688529393e-04
1.7860000000e+00 3.1816295885e-05 7.0064197292e-04
1.7870000000e+00 3.1720564700e-05 7.0438962560e-04
1.7880000000e+00 3.1624107818e-05 7.0812810237e-04
1.7890000000e+00 3.1527040430e-05 7.1185725459e-04
1.7900000000e+00 3.1429493990e-05 7.1557693399e-04
1.7910000000e+00 3.1331600011e-05 7.1928699396e-04
1.7920000000e+00 3.1233475844e-05 7.2298728890e-04
1.7930000000e+00 3.1135213122e-05 7.2667767438e-04
1.7940000000e+00 3.1036868879e-05 7.3035800867e-04
1.7950000000e+00 3.0938459852e-05 7.3402815141e-04
1.7960000000e+00 3.0839960304e-05 7.3768796432e-04
1.7970000000e+00 3.0741304759e-05 7.4133731115e-04
1.7980000000e+00 3.0642396052e-05 7.4497605587e-04
1.7990000000e+00 3.0543116493e-05 7.4860406439e-04
1.8000000000e+00 3.0443340075e-05 7.5222120411e-04
1.8010000000e+00 3.0342944652e-05 7.5582734226e-04
1.8020000000e+00 3.0241823557e-05 7.5942234814e-04
1.8030000000e+00 3.0139896626e-05 7.6300609153e-04
1.8040000000e+00 3.0037119135e-05 7.6657844082e-04
1.8050000000e+00 2.9933485506e-05 7.7013926605e-04
1.8060000000e+00 2.9829028204e-05 7.7368843737e-04
1.8070000000e+00 2.9723813672e-05 7.7722582329e-04
1.8080000000e+00 2.9617935943e-05 7.8075129463e-04
1.8090000000e+00 2.9511508454e-05 7.8426472247e-04
1.8100000000e+00 2.9404652281e-05 7.8776597671e-04
1.8110000000e+00 2.9297483006e-05 7.9125493096e-04
1.8120000000e+00 2.9190099703e-05 7.9473146089e-04
1.8130000000e+00 2.9082576032e-05 7.9819544248e-04
1.8140000000e+00 2.8974954586e-05 8.0164675602e-04
1.8150000000e+00 2.8867243334e-05 8.0508528384e-04
1.8160000000e+00 2.8759414287e-05 8.0851090804e-04
1.8170000000e+00 2.8651407074e-05 8.1192351412e-04
1.8180000000e+00 2.8543136751e-05 8.1532298936e-04
1.8190000000e+00 2.8434504157e-05 8.1870922087e-04
1.8200000000e+00 2.8325406781e-05 8.2208209883e-04
1.8210000000e+00 2.8215749013e-05 8.2544151478e-04
1.8220000000e+00 2.8105452867e-05 8.2878735951e-04
1.8230000000e+00 2.7994468266e-05 8.3211952503e-04
1.8240000000e+00 2.7882780299e-05 8.3543790419e-04
1.8250000000e+00 2.7770412767e-05 8.3874238906e-04
1.8260000000e+00 2.7657427711e-05 8.4203287277e-04
1.8270000000e+00 2.7543921111e-05 8.4530924981e-04
1.8280000000e+00 2.7430016932e-05 8.4857141430e-04
1.8290000000e+00 2.7315859200e-05 8.5181926103e-04
1.8300000000e+00 2.7201600642e-05 8.5505268666e-04
1.8310000000e+00 2.7087390025e-05 8.5827158881e-04
1.8320000000e+00 2.6973360512e-05 8.6147586664e-04
1.8330000000e+00 2.6859620809e-05 8.6466542214e-04
1.8340000000e+00 2.6746249441e-05 8.6784015919e-04
1.8350000000e+00 2.6633290735e-05 8.7099998312e-04
1.8360000000e+00 2.6520753666e-05 8.7414480227e-04
1.8370000000e+00 2.6408615033e-05 8.7727452719e-04
1.8380000000e+00 2.6296826685e-05 8.8038906958e-04
1.8390000000e+00 2.6185325980e-05 8.8348834405e-04
1.8400000000e+00 2.6074046024e-05 8.8657226703e-04
1.8410000000e+00 2.5962925211e-05 8.8964075495e-04
1.8420000000e+00 2.5851917472e-05 8.9269372593e-04
1.8430000000e+00 2.5741001119e-05 8.9573109976e-04
1.8440000000e+00 2.5630184962e-05 8.9875279576e-04
1.8450000000e+00 2.5519510446e-05 9.0175873441e-04
1.8460000000e+00 2.5409049078e-05 9.0474883777e-04
1.8470000000e+00 2.5298897125e-05 9.0772302713e-04
1.8480000000e+00 2.5189168776e-05 9.1068122452e-04
1.8490000000e+00 2.5079986703e-05 9.1362335414e-04
1.8500000000e+00 2.4971470728e-05 9.1654934058e-04
1.8510000000e+00 2.4863725970e-05 9.1945910957e-04
1.8520000000e+00 2.4756832151e-05 9.2235258961e-04
1.8530000000e+00 2.4650836373e-05 9.2522971011e-04
1.8540000000e+00 2.4545748977e-05 9.2809040216e-04
1.8550000000e+00 2.4441542163e-05 9.3093460078e-04
1.8560000000e+00 2.4338151416e-05 9.3376224222e-04
1.8570000000e+00 2.4235480797e-05 9.3657326407e-04
1.8580000000e+00 2.4133412810e-05 9.3936760793e-04
1.8590000000e+00 2.4031820850e-05 9.4214521693e-04
1.8600000000e+00 2.3930581371e-05 9.4490603473e-04
1.8610000000e+00 2.3829585059e-05 9.4765000828e-04
1.8620000000e+00 2.3728747713e-05 9.5037708586e-04
1.8630000000e+00 2.3628019864e-05 9.5308721559e-04
1.8640000000e+00 2.3527393216e-05 9.5578034798e-04
1.8650000000e+00 2.3426901677e-05 9.5845643423e-04
1.8660000000e+00 2.3326617510e-05 9.6111542466e-04
1.8670000000e+00 2.3226644572e-05 9.6375727147e-04
1.8680000000e+00 2.3127109140e-05 9.6638192801e-04
1.8690000000e+00 2.3028148302e-05 9.6898934745e-04
1.8700000000e+00 2.2929896226e-05 9.7157948527e-04
1.8710000000e+00 2.2832469961e-05 9.7415229891e-04
1.8720000000e+00 2.2735957481e-05 9.7670774638e-04
1.8730000000e+00 2.2640409330e-05 9.7924578819e-04
1.8740000000e+00 2.2545833732e-05 9.8176638754e-04
1.8750000000e+00 2.2452194831e-05 9.8426950928e-04
1.8760000000e+00 2.2359414073e-05 9.8675512140e-04
1.8770000000e+00 2.2267376368e-05 9.8922319475e-04
1.8780000000e+00 2.2175940739e-05 9.9167370171e-04
1.8790000000e+00 2.2084952889e-05 9.9410661738e-04
1.8800000000e+00 2.1994258148e-05 9.9652191932e-04
1.8810000000e+00 2.1903713744e-05 9.9891958621e-04
1.8820000000e+00 2.1813200033e-05 1.0012995986e-03
1.8830000000e+00 2.1722630324e-05 1.0036619387e-03
1.8840000000e+00 2.1631957667e-05 1.0060065897e-03
1.8850000000e+00 2.1541176420e-05 1.0083335356e-03
1.8860000000e+00 2.1450319103e-05 1.0106427616e-03
1.8870000000e+00 2.1359449969e-05 1.0129342537e-03
1.8880000000e+00 2.1268656299e-05 1.0152079992e-03
1.8890000000e+00 2.1178037999e-05 1.0174639861e-03
1.8900000000e+00 2.1087694527e-05 1.0197022041e-03
1.8910000000e+00 2.0997710720e-05 1.0219226448e-03
1.8920000000e+00 2.0908145053e-05 1.0241253006e-03
1.8930000000e+00 2.0819021388e-05 1.0263101668e-03
1.8940000000e+00 2.0730323900e-05 1.0284772408e-03
1.8950000000e+00 2.0641994700e-05 1.0306265215e-03
1.8960000000e+00 2.0553934595e-05 1.0327580107e-03
1.8970000000e+00 2.0466008970e-05 1.0348717132e-03
1.8980000000e+00 2.0378058389e-05 1.0369676345e-03
1.8990000000e+00 2.0289911346e-05 1.0390457836e-03
1.9000000000e+00 2.0201397714e-05 1.0411061713e-03
1.9010000000e+00 2.0112361893e-05 1.0431488091e-03
1.9020000000e+00 2.0022675595e-05 1.0451737110e-03
1.9030000000e+00 1.9932249364e-05 1.0471808925e-03
1.9040000000e+00 1.9841040683e-05 1.0491703686e-03
1.9050000000e+00 1.9749056314e-05 1.0511421559e-03
1.9060000000e+00 1.9656350771e-05 1.0530962724e-03
1.9070000000e+00 1.9563021065e-05 1.0550327377e-03
1.9080000000e+00 1.9469196941e-05 1.0569515730e-03
1.9090000000e+00 1.9375029979e-05 1.0588528010e-03
1.9100000000e+00 1.9280679582e-05 1.0607364456e-03
1.9110000000e+00 1.9186296660e-05 1.0626025317e-03
1.9120000000e+00 1.9092009521e-05 1.0644510857e-03
1.9130000000e+00 1.8997912577e-05 1.0662821367e-03
1.9140000000e+00 1.8904059086e-05 1.0680957149e-03
1.9150000000e+00 1.8810456280e-05 1.0698918529e-03
1.9160000000e+00 1.8717063152e-05 1.0716705851e-03
1.9170000000e+00 1.8623794768e-05 1.0734319476e-03
1.9180000000e+00 1.8530531335e-05 1.0751759788e-03
1.9190000000e+00 1.8437130247e-05 1.0769027198e-03
1.9200000000e+00 1.8343439164e-05 1.0786122138e-03
1.9210000000e+00 1.8249308993e-05 1.0803045054e-03
1.9220000000e+00 1.8154608322e-05 1.0819796415e-03
1.9230000000e+00 1.8059236732e-05 1.0836376694e-03
1.9240000000e+00 1.7963134472e-05 1.0852786369e-03
1.9250000000e+00 1.7866288082e-05 1.0869025943e-03
1.9260000000e+00 1.7768731294e-05 1.0885095922e-03
1.9270000000e+00 1.7670541986e-05 1.0900996820e-03
1.9280000000e+00 1.7571835719e-05 1.0916729178e-03
1.9290000000e+00 1.7472755978e-05 1.0932293537e-03
1.9300000000e+00 1.7373461365e-05 1.0947690447e-03
1.9310000000e+00 1.7274110372e-05 1.0962920479e-03
1.9320000000e+00 1.7174847160e-05 1.0977984219e-03
1.9330000000e+00 1.7075789676e-05 1.0992882267e-03
1.9340000000e+00 1.6977020840e-05 1.1007615252e-03
1.9350000000e+00 1.6878582518e-05 1.1022183822e-03
1.9360000000e+00 1.6780472251e-05 1.1036588629e-03
1.9370000000e+00 1.6682645921e-05 1.1050830358e-03
1.9380000000e+00 1.6585025250e-05 1.1064909712e-03
1.9390000000e+00 1.6487509001e-05 1.1078827404e-03
1.9400000000e+00 1.6389985155e-05 1.1092584177e-03
1.9410000000e+00 1.6292343134e-05 1.1106180791e-03
1.9420000000e+00 1.6194487759e-05 1.1119618006e-03
1.9430000000e+00 1.6096351982e-05 1.1132896603e-03
1.9440000000e+00 1.5997906869e-05 1.1146017377e-03
1.9450000000e+00 1.5899167124e-05 1.1158981127e-03
1.9460000000e+00 1.5800191480e-05 1.1171788670e-03
1.9470000000e+00 1.5701080582e-05 1.1184440837e-03
1.9480000000e+00 1.5601971088e-05 1.1196938459e-03
1.9490000000e+00 1.5503025828e-05 1.1209282381e-03
1.9500000000e+00 1.5404421464e-05 1.1221473467e-03
1.9510000000e+00 1.5306333857e-05 1.1233512591e-03
1.9520000000e+00 1.5208924494e-05 1.1245400642e-03
1.9530000000e+00 1.5112328944e-05 1.1257138538e-03
1.9540000000e+00 1.5016647365e-05 1.1268727200e-03
1.9550000000e+00 1.4921938229e-05 1.1280167573e-03
1.9560000000e+00 1.4828214731e-05 1.1291460627e-03
1.9570000000e+00 1.4735445708e-05 1.1302607340e-03
1.9580000000e+00 1.4643561719e-05 1.1313608715e-03
1.9590000000e+00 1.4552464193e-05 1.1324465772e-03
1.9600000000e+00 1.4462036098e-05 1.1335179540e-03
1.9610000000e+00 1.4372153247e-05 1.1345751068e-03
1.9620000000e+00 1.4282696807e-05 1.1356181416e-03
1.9630000000e+00 1.4193565704e-05 1.1366471654e-03
1.9640000000e+00 1.4104687014e-05 1.1376622869e-03
1.9650000000e+00 1.4016022369e-05 1.1386636161e-03
1.9660000000e+00 1.3927570183e-05 1.1396512639e-03
1.9670000000e+00 1.3839365832e-05 1.1406253424e-03
1.9680000000e+00 1.3751478053e-05 1.1415859649e-03
1.9690000000e+00 1.3664002043e-05 1.1425332460e-03
1.9700000000e+00 1.3577050075e-05 1.1434673020e-03
1.9710000000e+00 1.3490739214e-05 1.1443882509e-03
1.9720000000e+00 1.3405179947e-05 1.1452962115e-03
1.9730000000e+00 1.3320466377e-05 1.1461913046e-03
1.9740000000e+00 1.3236667599e-05 1.1470736524e-03
1.9750000000e+00 1.3153821678e-05 1.1479433791e-03
1.9760000000e+00 1.3071931427e-05 1.1488006107e-03
1.9770000000e+00 1.2990964353e-05 1.1496454749e-03
1.9780000000e+00 1.2910857709e-05 1.1504781016e-03
1.9790000000e+00 1.2831525155e-05 1.1512986219e-03
1.9800000000e+00 1.2752865046e-05 1.1521071682e-03
1.9810000000e+00 1.2674769973e-05 1.1529038748e-03
1.9820000000e+00 1.2597136719e-05 1.1536888769e-03
1.9830000000e+00 1.2519876850e-05 1.1544623116e-03
1.9840000000e+00 1.2442925023e-05 1.1552243169e-03
1.9850000000e+00 1.2366243896e-05 1.1559750320e-03
1.9860000000e+00 1.2289826387e-05 1.1567145968e-03
1.9870000000e+00 1.2213694736e-05 1.1574431523e-03
1.9880000000e+00 1.2137897387e-05 1.1581608406e-03
1.9890000000e+00 1.2062503661e-05 1.1588678046e-03
1.9900000000e+00 1.1987594877e-05 1.1595641892e-03
1.9910000000e+00 1.1913253943e-05 1.1602501399e-03
1.9920000000e+00 1.1839555174e-05 1.1609258036e-03
1.9930000000e+00 1.1766555282e-05 1.1615913286e-03
1.9940000000e+00 1.1694286584e-05 1.1622468647e-03
1.9950000000e+00 1.1622751337e-05 1.1628925633e-03
1.9960000000e+00 1.1551917877e-05 1.1635285776e-03
1.9970000000e+00 1.1481720936e-05 1.1641550624e-03
1.9980000000e+00 1.1412066242e-05 1.1647721737e-03
1.9990000000e+00 1.1342837701e-05 1.1653800692e-03
2.0000000000e+00 1.1273905466e-05 1.1659789076e-03
2.0010000000e+00 1.1205045241e-05 1.1665688481e-03
2.0020000000e+00 1.1135813641e-05 1.1671500481e-03
2.0030000000e+00 1.1065505862e-05 1.1677226629e-03
2.0040000000e+00 1.0993089878e-05 1.1682868487e-03
2.0050000000e+00 1.0917275002e-05 1.1688427629e-03
2.0060000000e+00 1.0836736789e-05 1.1693905642e-03
2.0070000000e+00 1.0750202773e-05 1.1699304129e-03
2.0080000000e+00 1.0656580791e-05 1.1704624713e-03
2.0090000000e+00 1.0555106309e-05 1.1709869020e-03
2.0100000000e+00 1.0445370600e-05 1.1715038699e-03
2.0110000000e+00 1.0327402057e-05 1.1720135444e-03
2.0120000000e+00 1.0201648053e-05 1.1725160968e-03
2.0130000000e+00 1.0068937612e-05 1.1730117004e-03
2.0140000000e+00 9.9304820585e-06 1.1735005316e-03
2.0150000000e+00 9.7876868766e-06 1.1739827677e-03
2.0160000000e+00 9.6420281569e-06 1.1744585861e-03
2.0170000000e+00 9.4949580563e-06 1.1749281664e-03
2.0180000000e+00 9.3477635391e-06 1.1753916875e-03
2.0190000000e+00 9.2015312250e-06 1.1758493275e-03
2.0200000000e+00 9.0569629743e-06 1.1763012648e-03
2.0210000000e+00 8.9142918230e-06 1.1767476771e-03
2.0220000000e+00 8.7733980170e-06 1.1771887397e-03
2.0230000000e+00 8.6337933986e-06 1.1776246284e-03
2.0240000000e+00 8.4946797404e-06 1.1780555184e-03
2.0250000000e+00 8.3549920292e-06 1.1784815840e-03
2.0260000000e+00 8.2134988347e-06 1.1789030019e-03
2.0270000000e+00 8.0690452532e-06 1.1793199499e-03
2.0280000000e+00 7.9205703275e-06 1.1797326056e-03
2.0290000000e+00 7.7671703403e-06 1.1801411477e-03
2.0300000000e+00 7.6082247409e-06 1.1805457573e-03
2.0310000000e+00 7.4434382965e-06 1.1809466162e-03
2.0320000000e+00 7.2729072630e-06 1.1813439096e-03
2.0330000000e+00 7.0970291077e-06 1.1817378241e-03
2.0340000000e+00 6.9165171638e-06 1.1821285467e-03
2.0350000000e+00 6.7324463823e-06 1.1825162657e-03
2.0360000000e+00 6.5460586287e-06 1.1829011707e-03
2.0370000000e+00 6.3586538844e-06 1.1832834515e-03
2.0380000000e+00 6.1714874925e-06 1.1836632976e-03
2.0390000000e+00 5.9856667374e-06 1.1840408982e-03
2.0400000000e+00 5.8020170363e-06 1.1844164416e-03
2.0410000000e+00 5.6208514394e-06 1.1847901139e-03
2.0420000000e+00 5.4420420549e-06 1.1851621003e-03
2.0430000000e+00 5.2651129121e-06 1.1855325850e-03
2.0440000000e+00 5.0892234030e-06 1.1859017502e-03
2.0450000000e+00 4.9132274151e-06 1.1862697775e-03
2.0460000000e+00 4.7357265700e-06 1.1866368488e-03
2.0470000000e+00 4.5553231217e-06 1.1870031446e-03
2.0480000000e+00 4.3707308426e-06 1.1873688459e-03
2.0490000000e+00 4.1807702506e-06 1.1877341348e-03
2.0500000000e+00 3.9845728955e-06 1.1880991943e-03
2.0510000000e+00 3.7816472281e-06 1.1884642105e-03
2.0520000000e+00 3.5719590841e-06 1.1888293745e-03
2.0530000000e+00 3.3559227938e-06 1.1891948800e-03
2.0540000000e+00 3.1343114488e-06 1.1895609227e-03
2.0550000000e+00 2.9083655653e-06 1.1899276983e-03
2.0560000000e+00 2.6796650832e-06 1.1902953974e-03
2.0570000000e+00 2.4500017025e-06 1.1906642042e-03
2.0580000000e+00 2.2213563922e-06 1.1910342988e-03
2.0590000000e+00 1.9957984717e-06 1.1914058572e-03
2.0600000000e+00 1.7755211357e-06 1.1917790530e-03
2.0610000000e+00 1.5626474912e-06 1.1921540587e-03
2.0620000000e+00 1.3590619398e-06 1.1925310484e-03
2.0630000000e+00 1.1664573967e-06 1.1929102012e-03
2.0640000000e+00 9.8613441590e-07 1.1932916992e-03
2.0650000000e+00 8.1881066634e-07 1.1936757252e-03
2.0660000000e+00 6.6447786723e-07 1.1940624637e-03
2.0670000000e+00 5.2239291269e-07 1.1944521049e-03
2.0680000000e+00 3.9115387297e-07 1.1948448422e-03
2.0690000000e+00 2.6858417916e-07 1.1952408663e-03
2.0700000000e+00 1.5196556788e-07 1.1956403663e-03
2.0710000000e+00 3.8489693929e-08 1.1960435324e-03
2.0720000000e+00 -7.4437619804e-08 1.1964505521e-03
2.0730000000e+00 -1.8898460599e-07 1.1968616081e-03
2.0740000000e+00 -3.0677656896e-07 1.1972768796e-03
2.0750000000e+00 -4.2866974640e-07 1.1976965415e-03
2.0760000000e+00 -5.5472477180e-07 1.1981207631e-03
2.0770000000e+00 -6.8430399040e-07 1.1985497104e-03
2.0780000000e+00 -8.1610698240e-07 1.1989835464e-03
2.0790000000e+00 -9.4841592769e-07 1.1994224295e-03
2.0800000000e+00 -1.0792017945e-06 1.1998665153e-03
2.0810000000e+00 -1.2062565656e-06 1.2003159608e-03
2.0820000000e+00 -1.3274279978e-06 1.2007709249e-03
2.0830000000e+00 -1.4407145796e-06 1.2012315691e-03
2.0840000000e+00 -1.5446137231e-06 1.2016980581e-03
2.0850000000e+00 -1.6384032658e-06 1.2021705594e-03
2.0860000000e+00 -1.7221318004e-06 1.2026492440e-03
2.0870000000e+00 -1.7964324619e-06 1.2031342875e-03
2.0880000000e+00 -1.8623232497e-06 1.2036258693e-03
2.0890000000e+00 -1.9214127526e-06 1.2041241672e-03
2.0900000000e+00 -1.9758187096e-06 1.2046293562e-03
2.0910000000e+00 -2.0277184500e-06 1.2051416088e-03
2.0920000000e+00 -2.0791588660e-06 1.2056610908e-03
2.0930000000e+00 -2.1319167772e-06 1.2061879620e-03
2.0940000000e+00 -2.1874622427e-06 1.2067223735e-03
2.0950000000e+00 -2.2467844473e-06 1.2072644667e-03
2.0960000000e+00 -2.3101495097e-06 1.2078143773e-03
2.0970000000e+00 -2.3771713705e-06 1.2083722367e-03
2.0980000000e+00 -2.4467769649e-06 1.2089381706e-03
2.0990000000e+00 -2.5173126764e-06 1.2095123018e-03
2.1000000000e+00 -2.5869197503e-06 1.2100947538e-03
2.1010000000e+00 -2.6536301142e-06 1.2106856517e-03
2.1020000000e+00 -2.7152736689e-06 1.2112851258e-03
2.1030000000e+00 -2.7696711292e-06 1.2118933131e-03
2.1040000000e+00 -2.8152125533e-06 1.2125103546e-03
2.1050000000e+00 -2.8511229190e-06 1.2131363960e-03
2.1060000000e+00 -2.8772349475e-06 1.2137715893e-03
2.1070000000e+00 -2.8938582886e-06 1.2144160920e-03
2.1080000000e+00 -2.9018385172e-06 1.2150700634e-03
2.1090000000e+00 -2.9027391410e-06 1.2157336624e-03
2.1100000000e+00 -2.8987365876e-06 1.2164070454e-03
2.1110000000e+00 -2.8921697021e-06 1.2170903658e-03
2.1120000000e+00 -2.8853739606e-06 1.2177837725e-03
2.1130000000e+00 -2.8806496945e-06 1.2184874077e-03
2.1140000000e+00 -2.8801585366e-06 1.2192014030e-03
2.1150000000e+00 -2.8858390112e-06 1.2199258794e-03
2.1160000000e+00 -2.8992652750e-06 1.2206609498e-03
2.1170000000e+00 -2.9215127596e-06 1.2214067212e-03
2.1180000000e+00 -2.9530687862e-06 1.2221632946e-03
2.1190000000e+00 -2.9939720381e-06 1.2229307661e-03
2.1200000000e+00 -3.0440221750e-06 1.2237092297e-03
2.1210000000e+00 -3.1026754460e-06 1.2244987800e-03
2.1220000000e+00 -3.1689191582e-06 1.2252995159e-03
2.1230000000e+00 -3.2413659332e-06 1.2261115413e-03
2.1240000000e+00 -3.3184984503e-06 1.2269349653e-03
2.1250000000e+00 -3.3988795508e-06 1.2277699020e-03
2.1260000000e+00 -3.4810097829e-06 1.2286164725e-03
2.1270000000e+00 -3.5632507967e-06 1.2294748030e-03
2.1280000000e+00 -3.6441979321e-06 1.2303450219e-03
2.1290000000e+00 -3.7229574105e-06 1.2312272566e-03
2.1300000000e+00 -3.7991958732e-06 1.2321216299e-03
2.1310000000e+00 -3.8730956426e-06 1.2330282608e-03
2.1320000000e+00 -3.9452271946e-06 1.2339472617e-03
2.1330000000e+00 -4.0166025028e-06 1.2348787352e-03
2.1340000000e+00 -4.0886701125e-06 1.2358227728e-03
2.1350000000e+00 -4.1630893334e-06 1.2367794541e-03
2.1360000000e+00 -4.2414642780e-06 1.2377488482e-03
2.1370000000e+00 -4.3250205529e-06 1.2387310178e-03
2.1380000000e+00 -4.4145241221e-06 1.2397260186e-03
2.1390000000e+00 -4.5103976251e-06 1.2407338996e-03
2.1400000000e+00 -4.6127116818e-06 1.2417547072e-03
2.1410000000e+00 -4.7211277680e-06 1.2427884876e-03
2.1420000000e+00 -4.8348258315e-06 1.2438352900e-03
2.1430000000e+00 -4.9526605915e-06 1.2448951677e-03
2.1440000000e+00 -5.0734591218e-06 1.2459681787e-03
2.1450000000e+00 -5.1960828155e-06 1.2470543851e-03
2.1460000000e+00 -5.3194012236e-06 1.2481538562e-03
2.1470000000e+00 -5.4422896195e-06 1.2492666687e-03
2.1480000000e+00 -5.5637992045e-06 1.2503929035e-03
2.1490000000e+00 -5.6834316147e-06 1.2515326424e-03
2.1500000000e+00 -5.8012122122e-06 1.2526859676e-03
2.1510000000e+00 -5.9175712262e-06 1.2538529583e-03
2.1520000000e+00 -6.0331443750e-06 1.2550336883e-03
2.1530000000e+00 -6.1487682682e-06 1.2562282241e-03
2.1540000000e+00 -6.2655389327e-06 1.2574366204e-03
2.1550000000e+00 -6.3846867219e-06 1.2586589183e-03
2.1560000000e+00 -6.5073786256e-06 1.2598951482e-03
2.1570000000e+00 -6.6344833335e-06 1.2611453318e-03
2.1580000000e+00 -6.7665986847e-06 1.2624094816e-03
2.1590000000e+00 -6.9041885144e-06 1.2636876034e-03
2.1600000000e+00 -7.0474769731e-06 1.2649796999e-03
2.1610000000e+00 -7.1963213863e-06 1.2662857694e-03
2.1620000000e+00 -7.3500695118e-06 1.2676058095e-03
2.1630000000e+00 -7.5076569293e-06 1.2689398178e-03
2.1640000000e+00 -7.6679420108e-06 1.2702877887e-03
2.1650000000e+00 -7.8297568381e-06 1.2716497174e-03
2.1660000000e+00 -7.9918716606e-06 1.2730256037e-03
2.1670000000e+00 -8.1530189247e-06 1.2744154516e-03
2.1680000000e+00 -8.3119967968e-06 1.2758192697e-03
2.1690000000e+00 -8.4678887085e-06 1.2772370714e-03
2.1700000000e+00 -8.6200448112e-06 1.2786688708e-03
2.1710000000e+00 -8.7679541576e-06 1.2801146828e-03
2.1720000000e+00 -8.9112001329e-06 1.2815745236e-03
2.1730000000e+00 -9.0494200856e-06 1.2830484065e-03
2.1740000000e+00 -9.1823791277e-06 1.2845363372e-03
2.1750000000e+00 -9.3099955010e-06 1.2860383159e-03
2.1760000000e+00 -9.4321852923e-06 1.2875543345e-03
2.1770000000e+00 -9.5487405359e-06 1.2890843736e-03
2.1780000000e+00 -9.6593851104e-06 1.2906284058e-03
2.1790000000e+00 -9.7640037835e-06 1.2921863925e-03
2.1800000000e+00 -9.8627666773e-06 1.2937582824e-03
2.1810000000e+00 -9.9559794783e-06 1.2953440178e-03
2.1820000000e+00 -1.0043967383e-05 1.2969435370e-03
2.1830000000e+00 -1.0127162228e-05 1.2985567728e-03
2.1840000000e+00 -1.0206255192e-05 1.3001836567e-03
2.1850000000e+00 -1.0282170098e-05 1.3018241205e-03
2.1860000000e+00 -1.0355815963e-05 1.3034780976e-03
2.1870000000e+00 -1.0427958451e-05 1.3051455287e-03
2.1880000000e+00 -1.0499229275e-05 1.3068263619e-03
2.1890000000e+00 -1.0570105472e-05 1.3085205480e-03
2.1900000000e+00 -1.0640842337e-05 1.3102280443e-03
2.1910000000e+00 -1.0711363342e-05 1.3119488148e-03
2.1920000000e+00 -1.0781283272e-05 1.3136828259e-03
2.1930000000e+00 -1.0850022883e-05 1.3154300452e-03
2.1940000000e+00 -1.0916953291e-05 1.3171904394e-03
2.1950000000e+00 -1.0981533859e-05 1.3189639679e-03
2.1960000000e+00 -1.1043249404e-05 1.3207505834e-03
2.1970000000e+00 -1.1101580516e-05 1.3225502316e-03
2.1980000000e+00 -1.1156083692e-05 1.3243628468e-03
2.1990000000e+00 -1.1206479271e-05 1.3261883506e-03
2.2000000000e+00 -1.1252719853e-05 1.3280266529e-03
2.2010000000e+00 -1.1294810187e-05 1.3298776532e-03
2.2020000000e+00 -1.1332692428e-05 1.3317412440e-03
2.2030000000e+00 -1.1366375570e-05 1.3336173130e-03
2.2040000000e+00 -1.1396071192e-05 1.3355057423e-03
2.2050000000e+00 -1.1422243016e-05 1.3374064099e-03
2.2060000000e+00 -1.1445399840e-05 1.3393191974e-03
2.2070000000e+00 -1.1465982175e-05 1.3412439924e-03
2.2080000000e+00 -1.1484466170e-05 1.3431806855e-03
2.2090000000e+00 -1.1501353976e-05 1.3451291732e-03
2.2100000000e+00 -1.1517124703e-05 1.3470893596e-03
2.2110000000e+00 -1.1532093405e-05 1.3490611543e-03
2.2120000000e+00 -1.1546310314e-05 1.3510444734e-03
2.2130000000e+00 -1.1559642559e-05 1.3530392373e-03
2.2140000000e+00 -1.1571872904e-05 1.3550453650e-03
2.2150000000e+00 -1.1582790765e-05 1.3570627733e-03
2.2160000000e+00 -1.1592107054e-05 1.3590913764e-03
2.2170000000e+00 -1.1599355548e-05 1.3611310820e-03
2.2180000000e+00 -1.1604024155e-05 1.3631817887e-03
2.2190000000e+00 -1.1605719061e-05 1.3652433850e-03
2.2200000000e+00 -1.1604248138e-05 1.3673157465e-03
2.2210000000e+00 -1.1599509699e-05 1.3693987377e-03
2.2220000000e+00 -1.1591445879e-05 1.3714922154e-03
2.2230000000e+00 -1.1580257558e-05 1.3735960274e-03
2.2240000000e+00 -1.1566519307e-05 1.3757100145e-03
2.2250000000e+00 -1.1551151390e-05 1.3778340140e-03
2.2260000000e+00 -1.1535258847e-05 1.3799678629e-03
2.2270000000e+00 -1.1519974758e-05 1.3821114009e-03
2.2280000000e+00 -1.1506524424e-05 1.3842644721e-03
2.2290000000e+00 -1.1496265350e-05 1.3864269244e-03
2.2300000000e+00 -1.1490651012e-05 1.3885986093e-03
2.2310000000e+00 -1.1491073323e-05 1.3907793858e-03
2.2320000000e+00 -1.1498633237e-05 1.3929691192e-03
2.2330000000e+00 -1.1514139155e-05 1.3951676765e-03
2.2340000000e+00 -1.1538136473e-05 1.3973749249e-03
2.2350000000e+00 -1.1570852909e-05 1.3995907312e-03
2.2360000000e+00 -1.1612088123e-05 1.4018149583e-03
2.2370000000e+00 -1.1661016773e-05 1.4040474651e-03
2.2380000000e+00 -1.1716273639e-05 1.4062881044e-03
2.2390000000e+00 -1.1776278639e-05 1.4085367191e-03
2.2400000000e+00 -1.1839383118e-05 1.4107931419e-03
2.2410000000e+00 -1.1903838962e-05 1.4130571977e-03
2.2420000000e+00 -1.1967803639e-05 1.4153287042e-03
2.2430000000e+00 -1.2029610678e-05 1.4176074710e-03
2.2440000000e+00 -1.2088115465e-05 1.4198933013e-03
2.2450000000e+00 -1.2142769732e-05 1.4221859940e-03
2.2460000000e+00 -1.2193570473e-05 1.4244853458e-03
2.2470000000e+00 -1.2241022232e-05 1.4267911547e-03
2.2480000000e+00 -1.2286109906e-05 1.4291032205e-03
2.2490000000e+00 -1.2330278373e-05 1.4314213439e-03
2.2500000000e+00 -1.2375304147e-05 1.4337453285e-03
2.2510000000e+00 -1.2423046769e-05 1.4360749829e-03
2.2520000000e+00 -1.2475166626e-05 1.4384101206e-03
2.2530000000e+00 -1.2532944550e-05 1.4407505579e-03
2.2540000000e+00 -1.2597285053e-05 1.4430961127e-03
2.2550000000e+00 -1.2668746686e-05 1.4454466022e-03
2.2560000000e+00 -1.2747423941e-05 1.4478018420e-03
2.2570000000e+00 -1.2832779295e-05 1.4501616463e-03
2.2580000000e+00 -1.2923737840e-05 1.4525258239e-03
2.2590000000e+00 -1.3019031714e-05 1.4548941732e-03
2.2600000000e+00 -1.3117415132e-05 1.4572664844e-03
2.2610000000e+00 -1.3217603561e-05 1.4596425390e-03
2.2620000000e+00 -1.3318202281e-05 1.4620221096e-03
2.2630000000e+00 -1.3417913590e-05 1.4644049629e-03
2.2640000000e+00 -1.3515807626e-05 1.4667908598e-03
2.2650000000e+00 -1.3611353547e-05 1.4691795572e-03
2.2660000000e+00 -1.3704344812e-05 1.4715708121e-03
2.2670000000e+00 -1.3794884547e-05 1.4739643824e-03
2.2680000000e+00 -1.3883439544e-05 1.4763600237e-03
2.2690000000e+00 -1.3970873016e-05 1.4787574896e-03
2.2700000000e+00 -1.4058396605e-05 1.4811565320e-03
2.2710000000e+00 -1.4147414472e-05 1.4835568999e-03
2.2720000000e+00 -1.4239227299e-05 1.4859583423e-03
2.2730000000e+00 -1.4334858633e-05 1.4883606086e-03
2.2740000000e+00 -1.4435130424e-05 1.4907634453e-03
2.2750000000e+00 -1.4540660029e-05 1.4931665968e-03
2.2760000000e+00 -1.4651645670e-05 1.4955698086e-03
2.2770000000e+00 -1.4767668075e-05 1.4979728253e-03
2.2780000000e+00 -1.4887758560e-05 1.5003753901e-03
2.2790000000e+00 -1.5010668510e-05 1.5027772435e-03
2.2800000000e+00 -1.5135000120e-05 1.5051781230e-03
2.2810000000e+00 -1.5259135120e-05 1.5075777643e-03
2.2820000000e+00 -1.5381209981e-05 1.5099759019e-03
2.2830000000e+00 -1.5499298266e-05 1.5123722672e-03
2.2840000000e+00 -1.5611692139e-05 1.5147665864e-03
2.2850000000e+00 -1.5717032913e-05 1.5171585822e-03
2.2860000000e+00 -1.5814274732e-05 1.5195479742e-03
2.2870000000e+00 -1.5902672959e-05 1.5219344794e-03
2.2880000000e+00 -1.5981865894e-05 1.5243178122e-03
2.2890000000e+00 -1.6052000653e-05 1.5266976839e-03
2.2900000000e+00 -1.6113767140e-05 1.5290738020e-03
2.2910000000e+00 -1.6168217128e-05 1.5314458724e-03
2.2920000000e+00 -1.6216526435e-05 1.5338136003e-03
2.2930000000e+00 -1.6259941192e-05 1.5361766898e-03
2.2940000000e+00 -1.6299887844e-05 1.5385348423e-03
2.2950000000e+00 -1.6337958121e-05 1.5408877580e-03
2.2960000000e+00 -1.6375615982e-05 1.5432351368e-03
2.2970000000e+00 -1.6413938675e-05 1.5455766802e-03
2.2980000000e+00 -1.6453638416e-05 1.5479120909e-03
2.2990000000e+00 -1.6495190485e-05 1.5502410704e-03
2.3000000000e+00 -1.6538778888e-05 1.5525633206e-03
2.3010000000e+00 -1.6584079158e-05 1.5548785458e-03
2.3020000000e+00 -1.6630226908e-05 1.5571864521e-03
2.3030000000e+00 -1.6676011570e-05 1.5594867460e-03
2.3040000000e+00 -1.6720091834e-05 1.5617791323e-03
2.3050000000e+00 -1.6761150234e-05 1.5640633131e-03
2.3060000000e+00 -1.6797938620e-05 1.5663389895e-03
2.3070000000e+00 -1.6829324091e-05 1.5686058612e-03
2.3080000000e+00 -1.6854399862e-05 1.5708636251e-03
2.3090000000e+00 -1.6872662456e-05 1.5731119740e-03
2.3100000000e+00 -1.6884183617e-05 1.5753505966e-03
2.3110000000e+00 -1.6889499307e-05 1.5775791782e-03
2.3120000000e+00 -1.6889378743e-05 1.5797974034e-03
2.3130000000e+00 -1.6884786699e-05 1.5820049552e-03
2.3140000000e+00 -1.6876922116e-05 1.5842015144e-03
2.3150000000e+00 -1.6867135612e-05 1.5863867614e-03
2.3160000000e+00 -1.6856625185e-05 1.5885603782e-03
2.3170000000e+00 -1.6846176076e-05 1.5907220506e-03
2.3180000000e+00 -1.6836206597e-05 1.5928714672e-03
2.3190000000e+00 -1.6826901477e-05 1.5950083184e-03
2.3200000000e+00 -1.6818209479e-05 1.5971322963e-03
2.3210000000e+00 -1.6809739249e-05 1.5992430978e-03
2.3220000000e+00 -1.6800762172e-05 1.6013404242e-03
2.3230000000e+00 -1.6790382172e-05 1.6034239796e-03
2.3240000000e+00 -1.6777721459e-05 1.6054934684e-03
2.3250000000e+00 -1.6762020057e-05 1.6075485961e-03
2.3260000000e+00 -1.6742604552e-05 1.6095890699e-03
2.3270000000e+00 -1.6718886727e-05 1.6116145983e-03
2.3280000000e+00 -1.6690469188e-05 1.6136248893e-03
2.3290000000e+00 -1.6657234706e-05 1.6156196486e-03
2.3300000000e+00 -1.6619437689e-05 1.6175985811e-03
2.3310000000e+00 -1.6577638491e-05 1.6195613914e-03
2.3320000000e+00 -1.6532521596e-05 1.6215077844e-03
2.3330000000e+00 -1.6484930463e-05 1.6234374641e-03
2.3340000000e+00 -1.6435953774e-05 1.6253501333e-03
2.3350000000e+00 -1.6386881116e-05 1.6272454944e-03
2.3360000000e+00 -1.6339002423e-05 1.6291232509e-03
2.3370000000e+00 -1.6293356731e-05 1.6309831098e-03
2.3380000000e+00 -1.6250764713e-05 1.6328247812e-03
2.3390000000e+00 -1.6211941308e-05 1.6346479769e-03
2.3400000000e+00 -1.6177445350e-05 1.6364524119e-03
2.3410000000e+00 -1.6147600111e-05 1.6382378055e-03
2.3420000000e+00 -1.6122443595e-05 1.6400038816e-03
2.3430000000e+00 -1.6101839321e-05 1.6417503682e-03
2.3440000000e+00 -1.6085610833e-05 1.6434769944e-03
2.3450000000e+00 -1.6073540075e-05 1.6451834918e-03
2.3460000000e+00 -1.6065351338e-05 1.6468695957e-03
2.3470000000e+00 -1.6060644245e-05 1.6485350437e-03
2.3480000000e+00 -1.6058942842e-05 1.6501795753e-03
2.3490000000e+00 -1.6059870447e-05 1.6518029305e-03
2.3500000000e+00 -1.6063153727e-05 1.6534048493e-03
2.3510000000e+00 -1.6068527918e-05 1.6549850741e-03
2.3520000000e+00 -1.6075640567e-05 1.6565433503e-03
2.3530000000e+00 -1.6084104619e-05 1.6580794242e-03
2.3540000000e+00 -1.6093673359e-05 1.6595930417e-03
2.3550000000e+00 -1.6104209598e-05 1.6610839497e-03
2.3560000000e+00 -1.6115568886e-05 1.6625518972e-03
2.3570000000e+00 -1.6127562032e-05 1.6639966352e-03
2.3580000000e+00 -1.6140021721e-05 1.6654179168e-03
2.3590000000e+00 -1.6152946988e-05 1.6668154956e-03
2.3600000000e+00 -1.6166505666e-05 1.6681891271e-03
2.3610000000e+00 -1.6180945337e-05 1.6695385705e-03
2.3620000000e+00 -1.6196512003e-05 1.6708635893e-03
2.3630000000e+00 -1.6213433576e-05 1.6721639506e-03
2.3640000000e+00 -1.6232026455e-05 1.6734394234e-03
2.3650000000e+00 -1.6252670308e-05 1.6746897797e-03
2.3660000000e+00 -1.6275642994e-05 1.6759147949e-03
2.3670000000e+00 -1.6301031882e-05 1.6771142484e-03
2.3680000000e+00 -1.6328793137e-05 1.6782879222e-03
2.3690000000e+00 -1.6358922563e-05 1.6794356000e-03
2.3700000000e+00 -1.6391472069e-05 1.6805570685e-03
2.3710000000e+00 -1.6426431262e-05 1.6816521209e-03
2.3720000000e+00 -1.6463685229e-05 1.6827205557e-03
2.3730000000e+00 -1.6503064472e-05 1.6837621754e-03
2.3740000000e+00 -1.6544485117e-05 1.6847767856e-03
2.3750000000e+00 -1.6587967008e-05 1.6857641934e-03
2.3760000000e+00 -1.6633500563e-05 1.6867242077e-03
2.3770000000e+00 -1.6680979685e-05 1.6876566398e-03
2.3780000000e+00 -1.6730218869e-05 1.6885613024e-03
2.3790000000e+00 -1.6781057877e-05 1.6894380073e-03
2.3800000000e+00 -1.6833379680e-05 1.6902865686e-03
2.3810000000e+00 -1.6886977684e-05 1.6911068045e-03
2.3820000000e+00 -1.6941521887e-05 1.6918985369e-03
2.3830000000e+00 -1.6996627172e-05 1.6926615918e-03
2.3840000000e+00 -1.7051982728e-05 1.6933957994e-03
2.3850000000e+00 -1.7107436014e-05 1.6941009940e-03
2.3860000000e+00 -1.7162903185e-05 1.6947770167e-03
2.3870000000e+00 -1.7218305454e-05 1.6954237164e-03
2.3880000000e+00 -1.7273591342e-05 1.6960409484e-03
2.3890000000e+00 -1.7328794475e-05 1.6966285729e-03
2.3900000000e+00 -1.7384043102e-05 1.6971864560e-03
2.3910000000e+00 -1.7439402681e-05 1.6977144696e-03
2.3920000000e+00 -1.7494760582e-05 1.6982124913e-03
2.3930000000e+00 -1.7549856905e-05 1.6986804027e-03
2.3940000000e+00 -1.7604359535e-05 1.6991180878e-03
2.3950000000e+00 -1.7657912032e-05 1.6995254319e-03
2.3960000000e+00 -1.7710042138e-05 1.6999023236e-03
2.3970000000e+00 -1.7760070578e-05 1.7002486539e-03
2.3980000000e+00 -1.7807192616e-05 1.7005643142e-03
2.3990000000e+00 -1.7850628254e-05 1.7008491964e-03
2.4000000000e+00 -1.7889707768e-05 1.7011031940e-03
2.4010000000e+00 -1.7923815429e-05 1.7013262035e-03
2.4020000000e+00 -1.7952331801e-05 1.7015181264e-03
2.4030000000e+00 -1.7974752604e-05 1.7016788691e-03
2.4040000000e+00 -1.7990854271e-05 1.7018083424e-03
2.4050000000e+00 -1.8000741849e-05 1.7019064634e-03
2.4060000000e+00 -1.8004790197e-05 1.7019731572e-03
2.4070000000e+00 -1.8003596682e-05 1.7020083573e-03
2.4080000000e+00 -1.7997989399e-05 1.7020120048e-03
2.4090000000e+00 -1.7989027575e-05 1.7019840471e-03
2.4100000000e+00 -1.7977941568e-05 1.7019244377e-03
2.4110000000e+00 -1.7965971524e-05 1.7018331366e-03
2.4120000000e+00 -1.7954185392e-05 1.7017101105e-03
2.4130000000e+00 -1.7943403752e-05 1.7015553310e-03
2.4140000000e+00 -1.7934213264e-05 1.7013687724e-03
2.4150000000e+00 -1.7926956190e-05 1.7011504122e-03
2.4160000000e+00 -1.7921630104e-05 1.7009002322e-03
2.4170000000e+00 -1.7917798020e-05 1.7006182174e-03
2.4180000000e+00 -1.7914637886e-05 1.7003043563e-03
2.4190000000e+00 -1.7911110346e-05 1.6999586401e-03
2.4200000000e+00 -1.7906104481e-05 1.6995810630e-03
2.4210000000e+00 -1.7898451675e-05 1.6991716245e-03
2.4220000000e+00 -1.7886948468e-05 1.6987303307e-03
2.4230000000e+00 -1.7870538330e-05 1.6982571930e-03
2.4240000000e+00 -1.7848508588e-05 1.6977522289e-03
2.4250000000e+00 -1.7820558346e-05 1.6972154625e-03
2.4260000000e+00 -1.7786738383e-05 1.6966469262e-03
2.4270000000e+00 -1.7747360801e-05 1.6960466613e-03
2.4280000000e+00 -1.7702994123e-05 1.6954147183e-03
2.4290000000e+00 -1.7654477533e-05 1.6947511545e-03
2.4300000000e+00 -1.7602854562e-05 1.6940560341e-03
2.4310000000e+00 -1.7549222206e-05 1.6933294292e-03
2.4320000000e+00 -1.7494556361e-05 1.6925714189e-03
2.4330000000e+00 -1.7439654588e-05 1.6917820866e-03
2.4340000000e+00 -1.7385186777e-05 1.6909615194e-03
2.4350000000e+00 -1.7331690859e-05 1.6901098066e-03
2.4360000000e+00 -1.7279475624e-05 1.6892270405e-03
2.4370000000e+00 -1.7228534271e-05 1.6883133177e-03
2.4380000000e+00 -1.7178577205e-05 1.6873687374e-03
2.4390000000e+00 -1.7129150104e-05 1.6863934004e-03
2.4400000000e+00 -1.7079717595e-05 1.6853874111e-03
2.4410000000e+00 -1.7029667172e-05 1.6843508793e-03
2.4420000000e+00 -1.6978296238e-05 1.6832839204e-03
2.4430000000e+00 -1.6924903166e-05 1.6821866565e-03
2.4440000000e+00 -1.6868956452e-05 1.6810592161e-03
2.4450000000e+00 -1.6810197481e-05 1.6799017348e-03
2.4460000000e+00 -1.6748613503e-05 1.6787143566e-03
2.4470000000e+00 -1.6684376734e-05 1.6774972347e-03
2.4480000000e+00 -1.6617902022e-05 1.6762505292e-03
2.4490000000e+00 -1.6549948082e-05 1.6749744062e-03
2.4500000000e+00 -1.6481607823e-05 1.6736690373e-03
2.4510000000e+00 -1.6414180258e-05 1.6723345998e-03
2.4520000000e+00 -1.6348993248e-05 1.6709712754e-03
2.4530000000e+00 -1.6287311437e-05 1.6695792499e-03
2.4540000000e+00 -1.6230334741e-05 1.6681587110e-03
2.4550000000e+00 -1.6179131755e-05 1.6667098479e-03
2.4560000000e+00 -1.6134484013e-05 1.6652328534e-03
2.4570000000e+00 -1.6096758828e-05 1.6637279236e-03
2.4580000000e+00 -1.6065917004e-05 1.6621952571e-03
2.4590000000e+00 -1.6041620764e-05 1.6606350547e-03
2.4600000000e+00 -1.6023287238e-05 1.6590475208e-03
2.4610000000e+00 -1.6010059347e-05 1.6574328641e-03
2.4620000000e+00 -1.6000808013e-05 1.6557912995e-03
2.4630000000e+00 -1.5994238832e-05 1.6541230471e-03
2.4640000000e+00 -1.5989059967e-05 1.6524283320e-03
2.4650000000e+00 -1.5984105181e-05 1.6507073857e-03
2.4660000000e+00 -1.5978365930e-05 1.6489604478e-03
2.4670000000e+00 -1.5971006226e-05 1.6471877654e-03
2.4680000000e+00 -1.5961446973e-05 1.6453895919e-03
2.4690000000e+00 -1.5949489552e-05 1.6435661866e-03
2.4700000000e+00 -1.5935380204e-05 1.6417178123e-03
2.4710000000e+00 -1.5919728514e-05 1.6398447356e-03
2.4720000000e+00 -1.5903359253e-05 1.6379472254e-03
2.4730000000e+00 -1.5887270992e-05 1.6360255507e-03
2.4740000000e+00 -1.5872637118e-05 1.6340799787e-03
2.4750000000e+00 -1.5860708699e-05 1.6321107758e-03
2.4760000000e+00 -1.5852625987e-05 1.6301182092e-03
2.4770000000e+00 -1.5849245467e-05 1.6281025473e-03
2.4780000000e+00 -1.5851103155e-05 1.6260640610e-03
2.4790000000e+00 -1.5858454446e-05 1.6240030235e-03
2.4800000000e+00 -1.5871263172e-05 1.6219197105e-03
2.4810000000e+00 -1.5889152431e-05 1.6198144025e-03
2.4820000000e+00 -1.5911399552e-05 1.6176873845e-03
2.4830000000e+00 -1.5937040249e-05 1.6155389448e-03
2.4840000000e+00 -1.5965037088e-05 1.6133693751e-03
2.4850000000e+00 -1.5994387797e-05 1.6111789709e-03
2.4860000000e+00 -1.6024159150e-05 1.6089680325e-03
2.4870000000e+00 -1.6053543895e-05 1.6067368649e-03
2.4880000000e+00 -1.6081976503e-05 1.6044857769e-03
2.4890000000e+00 -1.6109237445e-05 1.6022150791e-03
2.4900000000e+00 -1.6135459347e-05 1.5999250845e-03
2.4910000000e+00 -1.6161025068e-05 1.5976161099e-03
2.4920000000e+00 -1.6186453034e-05 1.5952884745e-03
2.4930000000e+00 -1.6212346175e-05 1.5929424989e-03
2.4940000000e+00 -1.6239380478e-05 1.5905785047e-03
2.4950000000e+00 -1.6268247896e-05 1.5881968140e-03
2.4960000000e+00 -1.6299513619e-05 1.5857977493e-03
2.4970000000e+00 -1.6333505072e-05 1.5833816332e-03
2.4980000000e+00 -1.6370314091e-05 1.5809487879e-03
2.4990000000e+00 -1.6409848885e-05 1.5784995338e-03
2.5000000000e+00 -1.6451853675e-05 1.5760341909e-03
2.5010000000e+00 -1.6495851857e-05 1.5735530798e-03
2.5020000000e+00 -1.6541116399e-05 1.5710565223e-03
2.5030000000e+00 -1.6586762668e-05 1.5685448407e-03
2.5040000000e+00 -1.6631871173e-05 1.5660183585e-03
2.5050000000e+00 -1.6675545097e-05 1.5634774009e-03
2.5060000000e+00 -1.6716902530e-05 1.5609222969e-03
2.5070000000e+00 -1.6755084259e-05 1.5583533798e-03
2.5080000000e+00 -1.6789341600e-05 1.5557709865e-03
2.5090000000e+00 -1.6819143405e-05 1.5531754575e-03
2.5100000000e+00 -1.6844207323e-05 1.5505671377e-03
2.5110000000e+00 -1.6864444878e-05 1.5479463768e-03
2.5120000000e+00 -1.6879914946e-05 1.5453135285e-03
2.5130000000e+00 -1.6890845214e-05 1.5426689498e-03
2.5140000000e+00 -1.6897663871e-05 1.5400129993e-03
2.5150000000e+00 -1.6900966129e-05 1.5373460364e-03
2.5160000000e+00 -1.6901402886e-05 1.5346684218e-03
2.5170000000e+00 -1.6899583491e-05 1.5319805163e-03
2.5180000000e+00 -1.6896056282e-05 1.5292826787e-03
2.5190000000e+00 -1.6891319937e-05 1.5265752658e-03
2.5200000000e+00 -1.6885812447e-05 1.5238586326e-03
2.5210000000e+00 -1.6879839224e-05 1.5211331325e-03
2.5220000000e+00 -1.6873517043e-05 1.5183991181e-03
2.5230000000e+00 -1.6866828204e-05 1.5156569407e-03
2.5240000000e+00 -1.6859707262e-05 1.5129069512e-03
2.5250000000e+00 -1.6852072236e-05 1.5101495007e-03
2.5260000000e+00 -1.6843774890e-05 1.5073849433e-03
2.5270000000e+00 -1.6834553781e-05 1.5046136367e-03
2.5280000000e+00 -1.6824087894e-05 1.5018359424e-03
2.5290000000e+00 -1.6812071604e-05 1.4990522264e-03
2.5300000000e+00 -1.6798249862e-05 1.4962628594e-03
2.5310000000e+00 -1.6782402791e-05 1.4934682179e-03
2.5320000000e+00 -1.6764308828e-05 1.4906686834e-03
2.5330000000e+00 -1.6743787028e-05 1.4878646411e-03
2.5340000000e+00 -1.6720770321e-05 1.4850564782e-03
2.5350000000e+00 -1.6695317073e-05 1.4822445838e-03
2.5360000000e+00 -1.6667552950e-05 1.4794293482e-03
2.5370000000e+00 -1.6637596421e-05 1.4766111606e-03
2.5380000000e+00 -1.6605574580e-05 1.4737904081e-03
2.5390000000e+00 -1.6571671032e-05 1.4709674742e-03
2.5400000000e+00 -1.6536090816e-05 1.4681427385e-03
2.5410000000e+00 -1.6498984954e-05 1.4653165779e-03
2.5420000000e+00 -1.6460415641e-05 1.4624893662e-03
2.5430000000e+00 -1.6420386772e-05 1.4596614747e-03
2.5440000000e+00 -1.6378884429e-05 1.4568332720e-03
2.5450000000e+00 -1.6335892972e-05 1.4540051270e-03
2.5460000000e+00 -1.6291391053e-05 1.4511774089e-03
2.5470000000e+00 -1.6245331968e-05 1.4483504892e-03
2.5480000000e+00 -1.6197677335e-05 1.4455247427e-03
2.5490000000e+00 -1.6148471778e-05 1.4427005472e-03
2.5500000000e+00 -1.6097875344e-05 1.4398782849e-03
2.5510000000e+00 -1.6046142615e-05 1.4370583436e-03
2.5520000000e+00 -1.5993562108e-05 1.4342411159e-03
2.5530000000e+00 -1.5940452394e-05 1.4314269984e-03
2.5540000000e+00 -1.5887217721e-05 1.4286163901e-03
2.5550000000e+00 -1.5834315586e-05 1.4258096925e-03
2.5560000000e+00 -1.5782162272e-05 1.4230073079e-03
2.5570000000e+00 -1.5731062328e-05 1.4202096389e-03
2.5580000000e+00 -1.5681211368e-05 1.4174170858e-03
2.5590000000e+00 -1.5632759305e-05 1.4146300452e-03
2.5600000000e+00 -1.5585811095e-05 1.4118489100e-03
2.5610000000e+00 -1.5540403237e-05 1.4090740696e-03
2.5620000000e+00 -1.5496523692e-05 1.4063059092e-03
2.5630000000e+00 -1.5454162763e-05 1.4035448098e-03
2.5640000000e+00 -1.5413385322e-05 1.4007911493e-03
2.5650000000e+00 -1.5374340443e-05 1.3980453029e-03
2.5660000000e+00 -1.5337235196e-05 1.3953076459e-03
2.5670000000e+00 -1.5302319822e-05 1.3925785540e-03
2.5680000000e+00 -1.5269870907e-05 1.3898584038e-03
2.5690000000e+00 -1.5240214419e-05 1.3871475732e-03
2.5700000000e+00 -1.5213722881e-05 1.3844464432e-03
2.5710000000e+00 -1.5190742615e-05 1.3817553982e-03
2.5720000000e+00 -1.5171517944e-05 1.3790748264e-03
2.5730000000e+00 -1.5156164140e-05 1.3764051193e-03
2.5740000000e+00 -1.5144697500e-05 1.3737466704e-03
2.5750000000e+00 -1.5137033656e-05 1.3710998750e-03
2.5760000000e+00 -1.5132938966e-05 1.3684651295e-03
2.5770000000e+00 -1.5132010692e-05 1.3658428288e-03
2.5780000000e+00 -1.5133714480e-05 1.3632333643e-03
2.5790000000e+00 -1.5137461446e-05 1.3606371223e-03
2.5800000000e+00 -1.5142648236e-05 1.3580544831e-03
2.5810000000e+00 -1.5148668154e-05 1.3554858215e-03
2.5820000000e+00 -1.5154943003e-05 1.3529315061e-03
2.5830000000e+00 -1.5160979365e-05 1.3503919003e-03
2.5840000000e+00 -1.5166456073e-05 1.3478673631e-03
2.5850000000e+00 -1.5171273517e-05 1.3453582507e-03
2.5860000000e+00 -1.5175541645e-05 1.3428649185e-03
2.5870000000e+00 -1.5179555102e-05 1.3403877208e-03
2.5880000000e+00 -1.5183777725e-05 1.3379270117e-03
2.5890000000e+00 -1.5188852715e-05 1.3354831453e-03
2.5900000000e+00 -1.5195565265e-05 1.3330564762e-03
2.5910000000e+00 -1.5204724278e-05 1.3306473607e-03
2.5920000000e+00 -1.5217050782e-05 1.3282561560e-03
2.5930000000e+00 -1.5233121865e-05 1.3258832203e-03
2.5940000000e+00 -1.5253366450e-05 1.3235289108e-03
2.5950000000e+00 -1.5278037015e-05 1.3211935845e-03
2.5960000000e+00 -1.5307147673e-05 1.3188775969e-03
2.5970000000e+00 -1.5340475061e-05 1.3165813011e-03
2.5980000000e+00 -1.5377599496e-05 1.3143050469e-03
2.5990000000e+00 -1.5417952989e-05 1.3120491798e-03
2.6000000000e+00 -1.5460875577e-05 1.3098140408e-03
2.6010000000e+00 -1.5505649724e-05 1.3075999673e-03
2.6020000000e+00 -1.5551533872e-05 1.3054072918e-03
2.6030000000e+00 -1.5597808084e-05 1.3032363413e-03
2.6040000000e+00 -1.5643845059e-05 1.3010874384e-03
2.6050000000e+00 -1.5689185600e-05 1.2989609017e-03
2.6060000000e+00 -1.5733542652e-05 1.2968570468e-03
2.6070000000e+00 -1.5776768031e-05 1.2947761864e-03
2.6080000000e+00 -1.5818850356e-05 1.2927186311e-03
2.6090000000e+00 -1.5859938124e-05 1.2906846889e-03
2.6100000000e+00 -1.5900332914e-05 1.2886746662e-03
2.6110000000e+00 -1.5940412398e-05 1.2866888682e-03
2.6120000000e+00 -1.5980555010e-05 1.2847275988e-03
2.6130000000e+00 -1.6021119434e-05 1.2827911595e-03
2.6140000000e+00 -1.6062432276e-05 1.2808798500e-03
2.6150000000e+00 -1.6104743291e-05 1.2789939682e-03
2.6160000000e+00 -1.6148151135e-05 1.2771338102e-03
2.6170000000e+00 -1.6192560498e-05 1.2752996697e-03
2.6180000000e+00 -1.6237690351e-05 1.2734918379e-03
2.6190000000e+00 -1.6283090068e-05 1.2717106028e-03
2.6200000000e+00 -1.6328153546e-05 1.2699562494e-03
2.6210000000e+00 -1.6372133414e-05 1.2682290602e-03
2.6220000000e+00 -1.6414176881e-05 1.2665293140e-03
2.6230000000e+00 -1.6453392627e-05 1.2648572860e-03
2.6240000000e+00 -1.6488938887e-05 1.2632132468e-03
2.6250000000e+00 -1.6520126386e-05 1.2615974633e-03
2.6260000000e+00 -1.6546473984e-05 1.2600101988e-03
2.6270000000e+00 -1.6567723303e-05 1.2584517126e-03
2.6280000000e+00 -1.6583875133e-05 1.2569222595e-03
2.6290000000e+00 -1.6595222249e-05 1.2554220903e-03
2.6300000000e+00 -1.6602347406e-05 1.2539514520e-03
2.6310000000e+00 -1.6606048906e-05 1.2525105886e-03
2.6320000000e+00 -1.6607232178e-05 1.2510997406e-03
2.6330000000e+00 -1.6606864278e-05 1.2497191449e-03
2.6340000000e+00 -1.6605933961e-05 1.2483690355e-03
2.6350000000e+00 -1.6605363644e-05 1.2470496433e-03
2.6360000000e+00 -1.6605905247e-05 1.2457611971e-03
2.6370000000e+00 -1.6608062637e-05 1.2445039231e-03
2.6380000000e+00 -1.6612077879e-05 1.2432780444e-03
2.6390000000e+00 -1.6617930277e-05 1.2420837813e-03
2.6400000000e+00 -1.6625328465e-05 1.2409213516e-03
2.6410000000e+00 -1.6633726477e-05 1.2397909710e-03
2.6420000000e+00 -1.6642356473e-05 1.2386928526e-03
2.6430000000e+00 -1.6650303711e-05 1.2376272061e-03
2.6440000000e+00 -1.6656612461e-05 1.2365942381e-03
2.6450000000e+00 -1.6660371543e-05 1.2355941516e-03
2.6460000000e+00 -1.6660770994e-05 1.2346271469e-03
2.6470000000e+00 -1.6657142752e-05 1.2336934201e-03
2.6480000000e+00 -1.6649031040e-05 1.2327931633e-03
2.6490000000e+00 -1.6636273235e-05 1.2319265644e-03
2.6500000000e+00 -1.6619015353e-05 1.2310938071e-03
2.6510000000e+00 -1.6597668802e-05 1.2302950713e-03
2.6520000000e+00 -1.6572848600e-05 1.2295305323e-03
2.6530000000e+00 -1.6545329947e-05 1.2288003608e-03
2.6540000000e+00 -1.6516005625e-05 1.2281047231e-03
2.6550000000e+00 -1.6485790356e-05 1.2274437815e-03
2.6560000000e+00 -1.6455509512e-05 1.2268176952e-03
2.6570000000e+00 -1.6425818394e-05 1.2262266196e-03
2.6580000000e+00 -1.6397166886e-05 1.2256707067e-03
2.6590000000e+00 -1.6369799230e-05 1.2251501052e-03
2.6600000000e+00 -1.6343747924e-05 1.2246649611e-03
2.6610000000e+00 -1.6318840021e-05 1.2242154179e-03
2.6620000000e+00 -1.6294724063e-05 1.2238016160e-03
2.6630000000e+00 -1.6270925659e-05 1.2234236923e-03
2.6640000000e+00 -1.6246944236e-05 1.2230817803e-03
2.6650000000e+00 -1.6222320059e-05 1.2227760100e-03
2.6660000000e+00 -1.6196661115e-05 1.2225065075e-03
2.6670000000e+00 -1.6169669597e-05 1.2222733951e-03
2.6680000000e+00 -1.6141189072e-05 1.2220767901e-03
2.6690000000e+00 -1.6111270702e-05 1.2219168047e-03
2.6700000000e+00 -1.6080176669e-05 1.2217935463e-03
2.6710000000e+00 -1.6048329926e-05 1.2217071175e-03
2.6720000000e+00 -1.6016281844e-05 1.2216576154e-03
2.6730000000e+00 -1.5984690987e-05 1.2216451305e-03
2.6740000000e+00 -1.5954298237e-05 1.2216697468e-03
2.6750000000e+00 -1.5925860937e-05 1.2217315420e-03
2.6760000000e+00 -1.5900075592e-05 1.2218305875e-03
2.6770000000e+00 -1.5877547108e-05 1.2219669479e-03
2.6780000000e+00 -1.5858762852e-05 1.2221406815e-03
2.6790000000e+00 -1.5844066750e-05 1.2223518408e-03
2.6800000000e+00 -1.5833641759e-05 1.2226004735e-03
2.6810000000e+00 -1.5827490096e-05 1.2228866229e-03
2.6820000000e+00 -1.5825426489e-05 1.2232103282e-03
2.6830000000e+00 -1.5827086351e-05 1.2235716237e-03
2.6840000000e+00 -1.5831974054e-05 1.2239705393e-03
2.6850000000e+00 -1.5839518518e-05 1.2244070996e-03
2.6860000000e+00 -1.5849092113e-05 1.2248813244e-03
2.6870000000e+00 -1.5860043030e-05 1.2253932278e-03
2.6880000000e+00 -1.5871757633e-05 1.2259428178e-03
2.6890000000e+00 -1.5883736813e-05 1.2265300968e-03
2.6900000000e+00 -1.5895638995e-05 1.2271550615e-03
2.6910000000e+00 -1.5907267149e-05 1.2278177039e-03
2.6920000000e+00 -1.5918572067e-05 1.2285180105e-03
2.6930000000e+00 -1.5929670694e-05 1.2292559612e-03
2.6940000000e+00 -1.5940836895e-05 1.2300315299e-03
2.6950000000e+00 -1.5952458465e-05 1.2308446835e-03
2.6960000000e+00 -1.5964971358e-05 1.2316953826e-03
2.6970000000e+00 -1.5978823993e-05 1.2325835799e-03
2.6980000000e+00 -1.5994453666e-05 1.2335092207e-03
2.6990000000e+00 -1.6012249533e-05 1.2344722423e-03
2.7000000000e+00 -1.6032529936e-05 1.2354725749e-03
2.7010000000e+00 -1.6055513775e-05 1.2365101417e-03
2.7020000000e+00 -1.6081301649e-05 1.2375848583e-03
2.7030000000e+00 -1.6109879938e-05 1.2386966338e-03
2.7040000000e+00 -1.6141130900e-05 1.2398453708e-03
2.7050000000e+00 -1.6174859453e-05 1.2410309665e-03
2.7060000000e+00 -1.6210802771e-05 1.2422533137e-03
2.7070000000e+00 -1.6248641180e-05 1.2435123003e-03
2.7080000000e+00 -1.6288047376e-05 1.2448078094e-03
2.7090000000e+00 -1.6328728316e-05 1.2461397193e-03
2.7100000000e+00 -1.6370445488e-05 1.2475079037e-03
2.7110000000e+00 -1.6413012439e-05 1.2489122314e-03
2.7120000000e+00 -1.6456297829e-05 1.2503525654e-03
2.7130000000e+00 -1.6500251809e-05 1.2518287620e-03
2.7140000000e+00 -1.6544903586e-05 1.2533406703e-03
2.7150000000e+00 -1.6590339543e-05 1.2548881315e-03
2.7160000000e+00 -1.6636671445e-05 1.2564709788e-03
2.7170000000e+00 -1.6683996974e-05 1.2580890357e-03
2.7180000000e+00 -1.6732379053e-05 1.2597421159e-03
2.7190000000e+00 -1.6781822042e-05 1.2614300237e-03
2.7200000000e+00 -1.6832252049e-05 1.2631525542e-03
2.7210000000e+00 -1.6883498056e-05 1.2649094941e-03
2.7220000000e+00 -1.6935277441e-05 1.2667006222e-03
2.7230000000e+00 -1.6987228872e-05 1.2685257105e-03
2.7240000000e+00 -1.7038955268e-05 1.2703845244e-03
2.7250000000e+00 -1.7090051205e-05 1.2722768251e-03
2.7260000000e+00 -1.7140123048e-05 1.2742023702e-03
2.7270000000e+00 -1.7188809496e-05 1.2761609137e-03
2.7280000000e+00 -1.7235820649e-05 1.2781522066e-03
2.7290000000e+00 -1.7280956104e-05 1.2801759970e-03
2.7300000000e+00 -1.7324095403e-05 1.2822320300e-03
2.7310000000e+00 -1.7365187449e-05 1.2843200476e-03
2.7320000000e+00 -1.7404239437e-05 1.2864397874e-03
2.7330000000e+00 -1.7441308005e-05 1.2885909814e-03
2.7340000000e+00 -1.7476473350e-05 1.2907733553e-03
2.7350000000e+00 -1.7509813812e-05 1.2929866279e-03
2.7360000000e+00 -1.7541391125e-05 1.2952305102e-03
2.7370000000e+00 -1.7571227499e-05 1.2975047045e-03
2.7380000000e+00 -1.7599301508e-05 1.2998089038e-03
2.7390000000e+00 -1.7625557356e-05 1.3021427916e-03
2.7400000000e+00 -1.7649916455e-05 1.3045060436e-03
2.7410000000e+00 -1.7672288997e-05 1.3068983274e-03
2.7420000000e+00 -1.7692580606e-05 1.3093193038e-03
2.7430000000e+00 -1.7710725876e-05 1.3117686271e-03
2.7440000000e+00 -1.7726721993e-05 1.3142459472e-03
2.7450000000e+00 -1.7740631291e-05 1.3167509108e-03
2.7460000000e+00 -1.7752573244e-05 1.3192831623e-03
2.7470000000e+00 -1.7762717937e-05 1.3218423447e-03
2.7480000000e+00 -1.7771288385e-05 1.3244280997e-03
2.7490000000e+00 -1.7778545280e-05 1.3270400679e-03
2.7500000000e+00 -1.7784756031e-05 1.3296778891e-03
2.7510000000e+00 -1.7790177464e-05 1.3323412019e-03
2.7520000000e+00 -1.7795038664e-05 1.3350296416e-03
2.7530000000e+00 -1.7799523987e-05 1.3377428400e-03
2.7540000000e+00 -1.7803755133e-05 1.3404804242e-03
2.7550000000e+00 -1.7807767800e-05 1.3432420158e-03
2.7560000000e+00 -1.7811500072e-05 1.3460272300e-03
2.7570000000e+00 -1.7814793196e-05 1.3488356747e-03
2.7580000000e+00 -1.7817400619e-05 1.3516669499e-03
2.7590000000e+00 -1.7819002291e-05 1.3545206476e-03
2.7600000000e+00 -1.7819224139e-05 1.3573963525e-03
2.7610000000e+00 -1.7817668222e-05 1.3602936429e-03
2.7620000000e+00 -1.7813947822e-05 1.3632120911e-03
2.7630000000e+00 -1.7807726862e-05 1.3661512643e-03
2.7640000000e+00 -1.7798756034e-05 1.3691107262e-03
2.7650000000e+00 -1.7786898849e-05 1.3720900384e-03
2.7660000000e+00 -1.7772150163e-05 1.3750887614e-03
2.7670000000e+00 -1.7754639420e-05 1.3781064554e-03
2.7680000000e+00 -1.7734629921e-05 1.3811426802e-03
2.7690000000e+00 -1.7712508120e-05 1.3841969961e-03
2.7700000000e+00 -1.7688748172e-05 1.3872689638e-03
2.7710000000e+00 -1.7663875631e-05 1.3903581444e-03
2.7720000000e+00 -1.7638436722e-05 1.3934640975e-03
2.7730000000e+00 -1.7612971117e-05 1.3965863812e-03
2.7740000000e+00 -1.7587984217e-05 1.3997245507e-03
2.7750000000e+00 -1.7563906089e-05 1.4028781582e-03
2.7760000000e+00 -1.7541061480e-05 1.4060467517e-03
2.7770000000e+00 -1.7519664853e-05 1.4092298745e-03
2.7780000000e+00 -1.7499821632e-05 1.4124270638e-03
2.7790000000e+00 -1.7481531562e-05 1.4156378518e-03
2.7800000000e+00 -1.7464693705e-05 1.4188617648e-03
2.7810000000e+00 -1.7449122214e-05 1.4220983239e-03
2.7820000000e+00 -1.7434578785e-05 1.4253470454e-03
2.7830000000e+00 -1.7420805051e-05 1.4286074415e-03
2.7840000000e+00 -1.7407551794e-05 1.4318790213e-03
2.7850000000e+00 -1.7394608511e-05 1.4351612927e-03
2.7860000000e+00 -1.7381833020e-05 1.4384537634e-03
2.7870000000e+00 -1.7369182848e-05 1.4417559419e-03
2.7880000000e+00 -1.7356741826e-05 1.4450673375e-03
2.7890000000e+00 -1.7344731081e-05 1.4483874612e-03
2.7900000000e+00 -1.7333500437e-05 1.4517158253e-03
2.7910000000e+00 -1.7323503488e-05 1.4550519426e-03
2.7920000000e+00 -1.7315260971e-05 1.4583953259e-03
2.7930000000e+00 -1.7309320829e-05 1.4617454861e-03
2.7940000000e+00 -1.7306211829e-05 1.4651019322e-03
2.7950000000e+00 -1.7306385193e-05 1.4684641708e-03
2.7960000000e+00 -1.7310164103e-05 1.4718317056e-03
2.7970000000e+00 -1.7317710775e-05 1.4752040367e-03
2.7980000000e+00 -1.7329007527e-05 1.4785806607e-03
2.7990000000e+00 -1.7343852621e-05 1.4819610706e-03
2.8000000000e+00 -1.7361863586e-05 1.4853447561e-03
2.8010000000e+00 -1.7382498706e-05 1.4887312042e-03
2.8020000000e+00 -1.7405103723e-05 1.4921198987e-03
2.8030000000e+00 -1.7428969641e-05 1.4955103213e-03
2.8040000000e+00 -1.7453398504e-05 1.4989019518e-03
2.8050000000e+00 -1.7477762727e-05 1.5022942696e-03
2.8060000000e+00 -1.7501553357e-05 1.5056867538e-03
2.8070000000e+00 -1.7524433211e-05 1.5090788833e-03
2.8080000000e+00 -1.7546278626e-05 1.5124701374e-03
2.8090000000e+00 -1.7567188737e-05 1.5158599957e-03
2.8100000000e+00 -1.7587466785e-05 1.5192479387e-03
2.8110000000e+00 -1.7607587771e-05 1.5226334479e-03
2.8120000000e+00 -1.7628162066e-05 1.5260160048e-03
2.8130000000e+00 -1.7649885315e-05 1.5293950913e-03
2.8140000000e+00 -1.7673473980e-05 1.5327701885e-03
2.8150000000e+00 -1.7699603077e-05 1.5361407774e-03
2.8160000000e+00 -1.7728849155e-05 1.5395063377e-03
2.8170000000e+00 -1.7761642798e-05 1.5428663475e-03
2.8180000000e+00 -1.7798235288e-05 1.5462202828e-03
2.8190000000e+00 -1.7838677997e-05 1.5495676181e-03
2.8200000000e+00 -1.7882816684e-05 1.5529078261e-03
2.8210000000e+00 -1.7930297244e-05 1.5562403783e-03
2.8220000000e+00 -1.7980590859e-05 1.5595647446e-03
2.8230000000e+00 -1.8033043703e-05 1.5628803938e-03
2.8240000000e+00 -1.8086935244e-05 1.5661867940e-03
2.8250000000e+00 -1.8141533081e-05 1.5694834133e-03
2.8260000000e+00 -1.8196144352e-05 1.5727697206e-03
2.8270000000e+00 -1.8250173673e-05 1.5760451856e-03
2.8280000000e+00 -1.8303176790e-05 1.5793092791e-03
2.8290000000e+00 -1.8354883846e-05 1.5825614738e-03
2.8300000000e+00 -1.8405197433e-05 1.5858012448e-03
2.8310000000e+00 -1.8454179979e-05 1.5890280697e-03
2.8320000000e+00 -1.8502037418e-05 1.5922414283e-03
2.8330000000e+00 -1.8549091159e-05 1.5954408030e-03
2.8340000000e+00 -1.8595724132e-05 1.5986256780e-03
2.8350000000e+00 -1.8642321177e-05 1.6017955401e-03
2.8360000000e+00 -1.8689219014e-05 1.6049498778e-03
2.8370000000e+00 -1.8736669162e-05 1.6080881810e-03
2.8380000000e+00 -1.8784814481e-05 1.6112099399e-03
2.8390000000e+00 -1.8833664520e-05 1.6143146459e-03
2.8400000000e+00 -1.8883082571e-05 1.6174017906e-03
2.8410000000e+00 -1.8932791808e-05 1.6204708666e-03
2.8420000000e+00 -1.8982394682e-05 1.6235213664e-03
2.8430000000e+00 -1.9031407902e-05 1.6265527831e-03
2.8440000000e+00 -1.9079295123e-05 1.6295646109e-03
2.8450000000e+00 -1.9125499574e-05 1.6325563455e-03
2.8460000000e+00 -1.9169484514e-05 1.6355274852e-03
2.8470000000e+00 -1.9210774215e-05 1.6384775307e-03
2.8480000000e+00 -1.9248997708e-05 1.6414059860e-03
2.8490000000e+00 -1.9283915834e-05 1.6443123593e-03
2.8500000000e+00 -1.9315427539e-05 1.6471961633e-03
2.8510000000e+00 -1.9343578177e-05 1.6500569155e-03
2.8520000000e+00 -1.9368564372e-05 1.6528941386e-03
2.8530000000e+00 -1.9390728449e-05 1.6557073597e-03
2.8540000000e+00 -1.9410534028e-05 1.6584961104e-03
2.8550000000e+00 -1.9428517955e-05 1.6612599272e-03
2.8560000000e+00 -1.9445243025e-05 1.6639983507e-03
2.8570000000e+00 -1.9461258523e-05 1.6667109245e-03
2.8580000000e+00 -1.9477060265e-05 1.6693971950e-03
2.8590000000e+00 -1.9493045698e-05 1.6720567115e-03
2.8600000000e+00 -1.9509470537e-05 1.6746890256e-03
2.8610000000e+00 -1.9526429862e-05 1.6772936913e-03
2.8620000000e+00 -1.9543863493e-05 1.6798702649e-03
2.8630000000e+00 -1.9561570364e-05 1.6824183046e-03
2.8640000000e+00 -1.9579223454e-05 1.6849373715e-03
2.8650000000e+00 -1.9596389307e-05 1.6874270298e-03
2.8660000000e+00 -1.9612568050e-05 1.6898868478e-03
2.8670000000e+00 -1.9627248473e-05 1.6923163981e-03
2.8680000000e+00 -1.9639958071e-05 1.6947152577e-03
2.8690000000e+00 -1.9650298197e-05 1.6970830097e-03
2.8700000000e+00 -1.9657970113e-05 1.6994192434e-03
2.8710000000e+00 -1.9662802595e-05 1.7017235551e-03
2.8720000000e+00 -1.9664768608e-05 1.7039955479e-03
2.8730000000e+00 -1.9663981618e-05 1.7062348314e-03
2.8740000000e+00 -1.9660676523e-05 1.7084410222e-03
2.8750000000e+00 -1.9655174746e-05 1.7106137434e-03
2.8760000000e+00 -1.9647850824e-05 1.7127526244e-03
2.8770000000e+00 -1.9639104008e-05 1.7148572996e-03
2.8780000000e+00 -1.9629327141e-05 1.7169274081e-03
2.8790000000e+00 -1.9618877714e-05 1.7189625929e-03
2.8800000000e+00 -1.9608044441e-05 1.7209625013e-03
2.8810000000e+00 -1.9597028097e-05 1.7229267843e-03
2.8820000000e+00 -1.9585947445e-05 1.7248550964e-03
2.8830000000e+00 -1.9574847222e-05 1.7267470954e-03
2.8840000000e+00 -1.9563702476e-05 1.7286024435e-03
2.8850000000e+00 -1.9552423396e-05 1.7304208073e-03
2.8860000000e+00 -1.9540878503e-05 1.7322018587e-03
2.8870000000e+00 -1.9528937443e-05 1.7339452744e-03
2.8880000000e+00 -1.9516501546e-05 1.7356507365e-03
2.8890000000e+00 -1.9503519536e-05 1.7373179334e-03
2.8900000000e+00 -1.9490000928e-05 1.7389465601e-03
2.8910000000e+00 -1.9476031027e-05 1.7405363190e-03
2.8920000000e+00 -1.9461785916e-05 1.7420869196e-03
2.8930000000e+00 -1.9447525732e-05 1.7435980791e-03
2.8940000000e+00 -1.9433566801e-05 1.7450695219e-03
2.8950000000e+00 -1.9420251270e-05 1.7465009805e-03
2.8960000000e+00 -1.9407920733e-05 1.7478921941e-03
2.8970000000e+00 -1.9396898912e-05 1.7492429078e-03
2.8980000000e+00 -1.9387469087e-05 1.7505528714e-03
2.8990000000e+00 -1.9379845482e-05 1.7518218392e-03
2.9000000000e+00 -1.9374155008e-05 1.7530495696e-03
2.9010000000e+00 -1.9370435294e-05 1.7542358244e-03
2.9020000000e+00 -1.9368651253e-05 1.7553803685e-03
2.9030000000e+00 -1.9368712904e-05 1.7564829700e-03
2.9040000000e+00 -1.9370485897e-05 1.7575434007e-03
2.9050000000e+00 -1.9373802786e-05 1.7585614371e-03
2.9060000000e+00 -1.9378482877e-05 1.7595368604e-03
2.9070000000e+00 -1.9384363014e-05 1.7604694571e-03
2.9080000000e+00 -1.9391317168e-05 1.7613590195e-03
2.9090000000e+00 -1.9399255030e-05 1.7622053462e-03
2.9100000000e+00 -1.9408113236e-05 1.7630082437e-03
2.9110000000e+00 -1.9417851659e-05 1.7637675255e-03
2.9120000000e+00 -1.9428461665e-05 1.7644830129e-03
2.9130000000e+00 -1.9439965213e-05 1.7651545341e-03
2.9140000000e+00 -1.9452394292e-05 1.7657819248e-03
2.9150000000e+00 -1.9465771777e-05 1.7663650273e-03
2.9160000000e+00 -1.9480105398e-05 1.7669036905e-03
2.9170000000e+00 -1.9495396739e-05 1.7673977686e-03
2.9180000000e+00 -1.9511643686e-05 1.7678471208e-03
2.9190000000e+00 -1.9528825370e-05 1.7682516109e-03
2.9200000000e+00 -1.9546896265e-05 1.7686111072e-03
2.9210000000e+00 -1.9565796015e-05 1.7689254823e-03
2.9220000000e+00 -1.9585464927e-05 1.7691946123e-03
2.9230000000e+00 -1.9605852925e-05 1.7694183768e-03
2.9240000000e+00 -1.9626916299e-05 1.7695966600e-03
2.9250000000e+00 -1.9648620104e-05 1.7697293506e-03
2.9260000000e+00 -1.9670949924e-05 1.7698163424e-03
2.9270000000e+00 -1.9693925163e-05 1.7698575347e-03
2.9280000000e+00 -1.9717608450e-05 1.7698528322e-03
2.9290000000e+00 -1.9742097440e-05 1.7698021456e-03
2.9300000000e+00 -1.9767506407e-05 1.7697053926e-03
2.9310000000e+00 -1.9793955481e-05 1.7695624975e-03
2.9320000000e+00 -1.9821569139e-05 1.7693733913e-03
2.9330000000e+00 -1.9850471195e-05 1.7691380114e-03
2.9340000000e+00 -1.9880761035e-05 1.7688563021e-03
2.9350000000e+00 -1.9912485864e-05 1.7685282146e-03
2.9360000000e+00 -1.9945630230e-05 1.7681537065e-03
2.9370000000e+00 -1.9980117694e-05 1.7677327411e-03
2.9380000000e+00 -2.0015808052e-05 1.7672652877e-03
2.9390000000e+00 -2.0052484053e-05 1.7667513212e-03
2.9400000000e+00 -2.0089846808e-05 1.7661908220e-03
2.9410000000e+00 -2.0127533843e-05 1.7655837761e-03
2.9420000000e+00 -2.0165149656e-05 1.7649301743e-03
2.9430000000e+00 -2.0202292861e-05 1.7642300119e-03
2.9440000000e+00 -2.0238573042e-05 1.7634832895e-03
2.9450000000e+00 -2.0273627705e-05 1.7626900125e-03
2.9460000000e+00 -2.0307147515e-05 1.7618501916e-03
2.9470000000e+00 -2.0338902004e-05 1.7609638425e-03
2.9480000000e+00 -2.0368753132e-05 1.7600309858e-03
2.9490000000e+00 -2.0396649865e-05 1.7590516479e-03
2.9500000000e+00 -2.0422615023e-05 1.7580258609e-03
2.9510000000e+00 -2.0446739691e-05 1.7569536634e-03
2.9520000000e+00 -2.0469177682e-05 1.7558350994e-03
2.9530000000e+00 -2.0490127998e-05 1.7546702198e-03
2.9540000000e+00 -2.0509804121e-05 1.7534590816e-03
2.9550000000e+00 -2.0528399567e-05 1.7522017494e-03
2.9560000000e+00 -2.0546066544e-05 1.7508982946e-03
2.9570000000e+00 -2.0562904582e-05 1.7495487956e-03
2.9580000000e+00 -2.0578944228e-05 1.7481533378e-03
2.9590000000e+00 -2.0594128149e-05 1.7467120138e-03
2.9600000000e+00 -2.0608301734e-05 1.7452249238e-03
2.9610000000e+00 -2.0621224438e-05 1.7436921751e-03
2.9620000000e+00 -2.0632597905e-05 1.7421138820e-03
2.9630000000e+00 -2.0642095133e-05 1.7404901651e-03
2.9640000000e+00 -2.0649387815e-05 1.7388211516e-03
2.9650000000e+00 -2.0654173865e-05 1.7371069752e-03
2.9660000000e+00 -2.0656210993e-05 1.7353477758e-03
2.9670000000e+00 -2.0655357426e-05 1.7335436990e-03
2.9680000000e+00 -2.0651598872e-05 1.7316948960e-03
2.9690000000e+00 -2.0645049235e-05 1.7298015236e-03
2.9700000000e+00 -2.0635935222e-05 1.7278637449e-03
2.9710000000e+00 -2.0624582418e-05 1.7258817290e-03
2.9720000000e+00 -2.0611403160e-05 1.7238556510e-03
2.9730000000e+00 -2.0596862218e-05 1.7217856921e-03
2.9740000000e+00 -2.0581420054e-05 1.7196720407e-03
2.9750000000e+00 -2.0565481877e-05 1.7175148929e-03
2.9760000000e+00 -2.0549365442e-05 1.7153144526e-03
2.9770000000e+00 -2.0533279831e-05 1.7130709314e-03
2.9780000000e+00 -2.0517303282e-05 1.7107845497e-03
2.9790000000e+00 -2.0501366279e-05 1.7084555359e-03
2.9800000000e+00 -2.0485254802e-05 1.7060841277e-03
2.9810000000e+00 -2.0468632444e-05 1.7036705710e-03
2.9820000000e+00 -2.0451074859e-05 1.7012151197e-03
2.9830000000e+00 -2.0432109677e-05 1.6987180353e-03
2.9840000000e+00 -2.0411256321e-05 1.6961795865e-03
2.9850000000e+00 -2.0388062802e-05 1.6936000493e-03
2.9860000000e+00 -2.0362143068e-05 1.6909797059e-03
2.9870000000e+00 -2.0333222146e-05 1.6883188447e-03
2.9880000000e+00 -2.0301170898e-05 1.6856177596e-03
2.9890000000e+00 -2.0266013444e-05 1.6828767505e-03
2.9900000000e+00 -2.0227917225e-05 1.6800961231e-03
2.9910000000e+00 -2.0187183580e-05 1.6772761891e-03
2.9920000000e+00 -2.0144243153e-05 1.6744172655e-03
2.9930000000e+00 -2.0099629004e-05 1.6715196750e-03
2.9940000000e+00 -2.0053923766e-05 1.6685837462e-03
2.9950000000e+00 -2.0007710753e-05 1.6656098139e-03
2.9960000000e+00 -1.9961537915e-05 1.6625982192e-03
2.9970000000e+00 -1.9915890553e-05 1.6595493100e-03
2.9980000000e+00 -1.9871161041e-05 1.6564634409e-03
2.9990000000e+00 -1.9827617293e-05 1.6533409743e-03
3.0000000000e+00 -1.9785389443e-05 1.6501822807e-03
3.0010000000e+00 -1.9744473420e-05 1.6469877386e-03
3.0020000000e+00 -1.9704749293e-05 1.6437577343e-03
3.0030000000e+00 -1.9666008513e-05 1.6404926613e-03
3.0040000000e+00 -1.9627977625e-05 1.6371929205e-03
3.0050000000e+00 -1.9590346333e-05 1.6338589192e-03
3.0060000000e+00 -1.9552805339e-05 1.6304910710e-03
3.0070000000e+00 -1.9515093449e-05 1.6270897946e-03
3.0080000000e+00 -1.9477038205e-05 1.6236555139e-03
3.0090000000e+00 -1.9438570736e-05 1.6201886576e-03
3.0100000000e+00 -1.9399728468e-05 1.6166896592e-03
3.0110000000e+00 -1.9360658209e-05 1.6131589574e-03
3.0120000000e+00 -1.9321615709e-05 1.6095969951e-03
3.0130000000e+00 -1.9282947833e-05 1.6060042202e-03
3.0140000000e+00 -1.9245054076e-05 1.6023810855e-03
3.0150000000e+00 -1.9208349275e-05 1.5987280494e-03
3.0160000000e+00 -1.9173234084e-05 1.5950455759e-03
3.0170000000e+00 -1.9140069757e-05 1.5913341342e-03
3.0180000000e+00 -1.9109152584e-05 1.5875941993e-03
3.0190000000e+00 -1.9080681298e-05 1.5838262520e-03
3.0200000000e+00 -1.9054732439e-05 1.5800307793e-03
3.0210000000e+00 -1.9031253523e-05 1.5762082736e-03
3.0220000000e+00 -1.9010073345e-05 1.5723592329e-03
3.0230000000e+00 -1.8990921472e-05 1.5684841605e-03
3.0240000000e+00 -1.8973439684e-05 1.5645835650e-03
3.0250000000e+00 -1.8957199618e-05 1.5606579603e-03
3.0260000000e+00 -1.8941742806e-05 1.5567078653e-03
3.0270000000e+00 -1.8926631910e-05 1.5527338031e-03
3.0280000000e+00 -1.8911494639e-05 1.5487363011e-03
3.0290000000e+00 -1.8896045241e-05 1.5447158906e-03
3.0300000000e+00 -1.8880102189e-05 1.5406731070e-03
3.0310000000e+00 -1.8863613994e-05 1.5366084896e-03
3.0320000000e+00 -1.8846672918e-05 1.5325225810e-03
3.0330000000e+00 -1.8829507990e-05 1.5284159268e-03
3.0340000000e+00 -1.8812456409e-05 1.5242890765e-03
3.0350000000e+00 -1.8795927036e-05 1.5201425828e-03
3.0360000000e+00 -1.8780367658e-05 1.5159770015e-03
3.0370000000e+00 -1.8766229414e-05 1.5117928917e-03
3.0380000000e+00 -1.8753930067e-05 1.5075908153e-03
3.0390000000e+00 -1.8743811956e-05 1.5033713376e-03
3.0400000000e+00 -1.8736101702e-05 1.4991350270e-03
3.0410000000e+00 -1.8730893213e-05 1.4948824558e-03
3.0420000000e+00 -1.8728151546e-05 1.4906141991e-03
3.0430000000e+00 -1.8727725056e-05 1.4863308357e-03
3.0440000000e+00 -1.8729353648e-05 1.4820329477e-03
3.0450000000e+00 -1.8732680484e-05 1.4777211215e-03
3.0460000000e+00 -1.8737288372e-05 1.4733959470e-03
3.0470000000e+00 -1.8742748212e-05 1.4690580180e-03
3.0480000000e+00 -1.8748656027e-05 1.4647079319e-03
3.0490000000e+00 -1.8754651429e-05 1.4603462898e-03
3.0500000000e+00 -1.8760430095e-05 1.4559736967e-03
3.0510000000e+00 -1.8765767888e-05 1.4515907610e-03
3.0520000000e+00 -1.8770540675e-05 1.4471980940e-03
3.0530000000e+00 -1.8774721901e-05 1.4427963095e-03
3.0540000000e+00 -1.8778362442e-05 1.4383860242e-03
3.0550000000e+00 -1.8781564323e-05 1.4339678565e-03
3.0560000000e+00 -1.8784462851e-05 1.4295424269e-03
3.0570000000e+00 -1.8787210832e-05 1.4251103571e-03
3.0580000000e+00 -1.8789953591e-05 1.4206722697e-03
3.0590000000e+00 -1.8792799201e-05 1.4162287890e-03
3.0600000000e+00 -1.8795792367e-05 1.4117805402e-03
3.0610000000e+00 -1.8798905427e-05 1.4073281502e-03
3.0620000000e+00 -1.8802044420e-05 1.4028722474e-03
3.0630000000e+00 -1.8805056942e-05 1.3984134619e-03
3.0640000000e+00 -1.8807737195e-05 1.3939524261e-03
3.0650000000e+00 -1.8809831475e-05 1.3894897754e-03
3.0660000000e+00 -1.8811060492e-05 1.3850261483e-03
3.0670000000e+00 -1.8811155173e-05 1.3805621861e-03
3.0680000000e+00 -1.8809882260e-05 1.3760985336e-03
3.0690000000e+00 -1.8807055263e-05 1.3716358390e-03
3.0700000000e+00 -1.8802539384e-05 1.3671747538e-03
3.0710000000e+00 -1.8796264344e-05 1.3627159324e-03
3.0720000000e+00 -1.8788241144e-05 1.3582600317e-03
3.0730000000e+00 -1.8778559807e-05 1.3538077103e-03
3.0740000000e+00 -1.8767369257e-05 1.3493596284e-03
3.0750000000e+00 -1.8754853446e-05 1.3449164473e-03
3.0760000000e+00 -1.8741214688e-05 1.3404788284e-03
3.0770000000e+00 -1.8726664646e-05 1.3360474330e-03
3.0780000000e+00 -1.8711407258e-05 1.3316229212e-03
3.0790000000e+00 -1.8695614474e-05 1.3272059528e-03
3.0800000000e+00 -1.8679408530e-05 1.3227971864e-03
3.0810000000e+00 -1.8662859675e-05 1.3183972801e-03
3.0820000000e+00 -1.8645997249e-05 1.3140068912e-03
3.0830000000e+00 -1.8628815559e-05 1.3096266768e-03
3.0840000000e+00 -1.8611271109e-05 1.3052572948e-03
3.0850000000e+00 -1.8593283054e-05 1.3008994040e-03
3.0860000000e+00 -1.8574745044e-05 1.2965536650e-03
3.0870000000e+00 -1.8555546110e-05 1.2922207403e-03
3.0880000000e+00 -1.8535583239e-05 1.2879012943e-03
3.0890000000e+00 -1.8514762978e-05 1.2835959940e-03
3.0900000000e+00 -1.8493003614e-05 1.2793055086e-03
3.0910000000e+00 -1.8470244716e-05 1.2750305092e-03
3.0920000000e+00 -1.8446461376e-05 1.2707716681e-03
3.0930000000e+00 -1.8421667007e-05 1.2665296580e-03
3.0940000000e+00 -1.8395902909e-05 1.2623051522e-03
3.0950000000e+00 -1.8369226866e-05 1.2580988231e-03
3.0960000000e+00 -1.8341707964e-05 1.2539113425e-03
3.0970000000e+00 -1.8313428740e-05 1.2497433798e-03
3.0980000000e+00 -1.8284479947e-05 1.2455956022e-03
3.0990000000e+00 -1.8254943448e-05 1.2414686741e-03
3.1000000000e+00 -1.8224877970e-05 1.2373632569e-03
3.1010000000e+00 -1.8194316555e-05 1.2332800088e-03
3.1020000000e+00 -1.8163277455e-05 1.2292195849e-03
3.1030000000e+00 -1.8131772932e-05 1.2251826372e-03
3.1040000000e+00 -1.8099805621e-05 1.2211698160e-03
3.1050000000e+00 -1.8067370485e-05 1.2171817701e-03
3.1060000000e+00 -1.8034471186e-05 1.2132191476e-03
3.1070000000e+00 -1.8001142315e-05 1.2092825964e-03
3.1080000000e+00 -1.7967462222e-05 1.2053727645e-03
3.1090000000e+00 -1.7933549346e-05 1.2014903004e-03
3.1100000000e+00 -1.7899559632e-05 1.1976358530e-03
3.1110000000e+00 -1.7865691511e-05 1.1938100713e-03
3.1120000000e+00 -1.7832186063e-05 1.1900136034e-03
3.1130000000e+00 -1.7799315750e-05 1.1862470960e-03
3.1140000000e+00 -1.7767361297e-05 1.1825111940e-03
3.1150000000e+00 -1.7736588855e-05 1.1788065396e-03
3.1160000000e+00 -1.7707236383e-05 1.1751337713e-03
3.1170000000e+00 -1.7679504140e-05 1.1714935232e-03
3.1180000000e+00 -1.7653544349e-05 1.1678864246e-03
3.1190000000e+00 -1.7629446172e-05 1.1643130994e-03
3.1200000000e+00 -1.7607224146e-05 1.1607741660e-03
3.1210000000e+00 -1.7586822812e-05 1.1572702372e-03
3.1220000000e+00 -1.7568134094e-05 1.1538019201e-03
3.1230000000e+00 -1.7551015234e-05 1.1503698164e-03
3.1240000000e+00 -1.7535298532e-05 1.1469745232e-03
3.1250000000e+00 -1.7520802119e-05 1.1436166328e-03
3.1260000000e+00 -1.7507354559e-05 1.1402967336e-03
3.1270000000e+00 -1.7494824450e-05 1.1370154101e-03
3.1280000000e+00 -1.7483138710e-05 1.1337732430e-03
3.1290000000e+00 -1.7472282921e-05 1.1305708099e-03
3.1300000000e+00 -1.7462297034e-05 1.1274086850e-03
3.1310000000e+00 -1.7453278716e-05 1.1242874391e-03
3.1320000000e+00 -1.7445382636e-05 1.1212076389e-03
3.1330000000e+00 -1.7438805312e-05 1.1181698470e-03
3.1340000000e+00 -1.7433757624e-05 1.1151746209e-03
3.1350000000e+00 -1.7430437528e-05 1.1122225130e-03
3.1360000000e+00 -1.7429012667e-05 1.1093140693e-03
3.1370000000e+00 -1.7429605589e-05 1.1064498293e-03
3.1380000000e+00 -1.7432278563e-05 1.1036303252e-03
3.1390000000e+00 -1.7437018046e-05 1.1008560814e-03
3.1400000000e+00 -1.7443724883e-05 1.0981276149e-03
3.1410000000e+00 -1.7452223154e-05 1.0954454344e-03
3.1420000000e+00 -1.7462281204e-05 1.0928100406e-03
3.1430000000e+00 -1.7473634542e-05 1.0902219258e-03
3.1440000000e+00 -1.7486006423e-05 1.0876815751e-03
3.1450000000e+00 -1.7499128696e-05 1.0851894658e-03
3.1460000000e+00 -1.7512773125e-05 1.0827460684e-03
3.1470000000e+00 -1.7526783520e-05 1.0803518465e-03
3.1480000000e+00 -1.7541093142e-05 1.0780072575e-03
3.1490000000e+00 -1.7555725759e-05 1.0757127526e-03
3.1500000000e+00 -1.7570786893e-05 1.0734687773e-03
3.1510000000e+00 -1.7586456698e-05 1.0712757714e-03
3.1520000000e+00 -1.7602979602e-05 1.0691341685e-03
3.1530000000e+00 -1.7620641143e-05 1.0670443963e-03
3.1540000000e+00 -1.7639734761e-05 1.0650068761e-03
3.1550000000e+00 -1.7660527090e-05 1.0630220224e-03
3.1560000000e+00 -1.7683234004e-05 1.0610902421e-03
3.1570000000e+00 -1.7708004826e-05 1.0592119343e-03
3.1580000000e+00 -1.7734905276e-05 1.0573874894e-03
3.1590000000e+00 -1.7763899579e-05 1.0556172888e-03
3.1600000000e+00 -1.7794839919e-05 1.0539017046e-03
3.1610000000e+00 -1.7827475330e-05 1.0522410991e-03
3.1620000000e+00 -1.7861474166e-05 1.0506358248e-03
3.1630000000e+00 -1.7896444851e-05 1.0490862241e-03
3.1640000000e+00 -1.7931954008e-05 1.0475926296e-03
3.1650000000e+00 -1.7967549663e-05 1.0461553648e-03
3.1660000000e+00 -1.8002795205e-05 1.0447747440e-03
3.1670000000e+00 -1.8037304581e-05 1.0434510730e-03
3.1680000000e+00 -1.8070765713e-05 1.0421846492e-03
3.1690000000e+00 -1.8102953622e-05 1.0409757626e-03
3.1700000000e+00 -1.8133738091e-05 1.0398246960e-03
3.1710000000e+00 -1.8163089531e-05 1.0387317252e-03
3.1720000000e+00 -1.8191079459e-05 1.0376971190e-03
3.1730000000e+00 -1.8217867235e-05 1.0367211392e-03
3.1740000000e+00 -1.8243674488e-05 1.0358040408e-03
3.1750000000e+00 -1.8268753002e-05 1.0349460715e-03
3.1760000000e+00 -1.8293356174e-05 1.0341474710e-03
3.1770000000e+00 -1.8317718352e-05 1.0334084707e-03
3.1780000000e+00 -1.8342031687e-05 1.0327292931e-03
3.1790000000e+00 -1.8366418229e-05 1.0321101513e-03
3.1800000000e+00 -1.8390908401e-05 1.0315512487e-03
3.1810000000e+00 -1.8415437464e-05 1.0310527787e-03
3.1820000000e+00 -1.8439858353e-05 1.0306149240e-03
3.1830000000e+00 -1.8463955001e-05 1.0302378568e-03
3.1840000000e+00 -1.8487452609e-05 1.0299217392e-03
3.1850000000e+00 -1.8510036615e-05 1.0296667230e-03
3.1860000000e+00 -1.8531385252e-05 1.0294729505e-03
3.1870000000e+00 -1.8551206308e-05 1.0293405545e-03
3.1880000000e+00 -1.8569263444e-05 1.0292696594e-03
3.1890000000e+00 -1.8585391605e-05 1.0292603812e-03
3.1900000000e+00 -1.8599509918e-05 1.0293128291e-03
3.1910000000e+00 -1.8611633276e-05 1.0294271047e-03
3.1920000000e+00 -1.8621878117e-05 1.0296033032e-03
3.1930000000e+00 -1.8630454012e-05 1.0298415127e-03
3.1940000000e+00 -1.8637640883e-05 1.0301418149e-03
3.1950000000e+00 -1.8643760045e-05 1.0305042844e-03
3.1960000000e+00 -1.8649146304e-05 1.0309289881e-03
3.1970000000e+00 -1.8654124411e-05 1.0314159848e-03
3.1980000000e+00 -1.8658982938e-05 1.0319653241e-03
3.1990000000e+00 -1.8663942649e-05 1.0325770465e-03
3.2000000000e+00 -1.8669129338e-05 1.0332511826e-03
3.2010000000e+00 -1.8674562369e-05 1.0339877525e-03
3.2020000000e+00 -1.8680159657e-05 1.0347867661e-03
3.2030000000e+00 -1.8685746048e-05 1.0356482224e-03
3.2040000000e+00 -1.8691061437e-05 1.0365721103e-03
3.2050000000e+00 -1.8695778918e-05 1.0375584083e-03
3.2060000000e+00 -1.8699537268e-05 1.0386070853e-03
3.2070000000e+00 -1.8701982370e-05 1.0397181003e-03
3.2080000000e+00 -1.8702802937e-05 1.0408914033e-03
3.2090000000e+00 -1.8701754366e-05 1.0421269360e-03
3.2100000000e+00 -1.8698679000e-05 1.0434246322e-03
3.2110000000e+00 -1.8693525032e-05 1.0447844180e-03
3.2120000000e+00 -1.8686359223e-05 1.0462062127e-03
3.2130000000e+00 -1.8677364041e-05 1.0476899287e-03
3.2140000000e+00 -1.8666816378e-05 1.0492354717e-03
3.2150000000e+00 -1.8655059861e-05 1.0508427403e-03
3.2160000000e+00 -1.8642479370e-05 1.0525116258e-03
3.2170000000e+00 -1.8629477462e-05 1.0542420114e-03
3.2180000000e+00 -1.8616446645e-05 1.0560337715e-03
3.2190000000e+00 -1.8603736192e-05 1.0578867711e-03
3.2200000000e+00 -1.8591625846e-05 1.0598008652e-03
3.2210000000e+00 -1.8580314297e-05 1.0617758986e-03
3.2220000000e+00 -1.8569918427e-05 1.0638117049e-03
3.2230000000e+00 -1.8560475688e-05 1.0659081069e-03
3.2240000000e+00 -1.8551946843e-05 1.0680649165e-03
3.2250000000e+00 -1.8544226198e-05 1.0702819351e-03
3.2260000000e+00 -1.8537163410e-05 1.0725589540e-03
3.2270000000e+00 -1.8530591837e-05 1.0748957546e-03
3.2280000000e+00 -1.8524354111e-05 1.0772921094e-03
3.2290000000e+00 -1.8518318665e-05 1.0797477826e-03
3.2300000000e+00 -1.8512392320e-05 1.0822625305e-03
3.2310000000e+00 -1.8506534306e-05 1.0848361019e-03
3.2320000000e+00 -1.8500768819e-05 1.0874682381e-03
3.2330000000e+00 -1.8495187725e-05 1.0901586735e-03
3.2340000000e+00 -1.8489938311e-05 1.0929071346e-03
3.2350000000e+00 -1.8485206008e-05 1.0957133407e-03
3.2360000000e+00 -1.8481201269e-05 1.0985770026e-03
3.2370000000e+00 -1.8478147702e-05 1.1014978225e-03
3.2380000000e+00 -1.8476264148e-05 1.1044754934e-03
3.2390000000e+00 -1.8475738548e-05 1.1075096985e-03
3.2400000000e+00 -1.8476706701e-05 1.1106001111e-03
3.2410000000e+00 -1.8479244961e-05 1.1137463938e-03
3.2420000000e+00 -1.8483369884e-05 1.1169481987e-03
3.2430000000e+00 -1.8489038403e-05 1.1202051671e-03
3.2440000000e+00 -1.8496147891e-05 1.1235169302e-03
3.2450000000e+00 -1.8504543455e-05 1.1268831094e-03
3.2460000000e+00 -1.8514036582e-05 1.1303033165e-03
3.2470000000e+00 -1.8524426913e-05 1.1337771542e-03
3.2480000000e+00 -1.8535520928e-05 1.1373042169e-03
3.2490000000e+00 -1.8547145096e-05 1.1408840913e-03
3.2500000000e+00 -1.8559156651e-05 1.1445163563e-03
3.2510000000e+00 -1.8571457109e-05 1.1482005840e-03
3.2520000000e+00 -1.8584004116e-05 1.1519363391e-03
3.2530000000e+00 -1.8596814983e-05 1.1557231794e-03
3.2540000000e+00 -1.8609959179e-05 1.1595606555e-03
3.2550000000e+00 -1.8623545324e-05 1.1634483107e-03
3.2560000000e+00 -1.8637711683e-05 1.1673856802e-03
3.2570000000e+00 -1.8652618572e-05 1.1713722910e-03
3.2580000000e+00 -1.8668435094e-05 1.1754076615e-03
3.2590000000e+00 -1.8685319079e-05 1.1794913008e-03
3.2600000000e+00 -1.8703398545e-05 1.1836227090e-03
3.2610000000e+00 -1.8722763167e-05 1.1878013763e-03
3.2620000000e+00 -1.8743462965e-05 1.1920267834e-03
3.2630000000e+00 -1.8765505711e-05 1.1962984014e-03
3.2640000000e+00 -1.8788851605e-05 1.2006156920e-03
3.2650000000e+00 -1.8813413109e-05 1.2049781081e-03
3.2660000000e+00 -1.8839065864e-05 1.2093850939e-03
3.2670000000e+00 -1.8865664448e-05 1.2138360855e-03
3.2680000000e+00 -1.8893054168e-05 1.2183305109e-03
3.2690000000e+00 -1.8921078118e-05 1.2228677915e-03
3.2700000000e+00 -1.8949585389e-05 1.2274473414e-03
3.2710000000e+00 -1.8978444354e-05 1.2320685681e-03
3.2720000000e+00 -1.9007554780e-05 1.2367308727e-03
3.2730000000e+00 -1.9036851205e-05 1.2414336500e-03
3.2740000000e+00 -1.9066297870e-05 1.2461762883e-03
3.2750000000e+00 -1.9095879949e-05 1.2509581697e-03
3.2760000000e+00 -1.9125596354e-05 1.2557786694e-03
3.2770000000e+00 -1.9155452875e-05 1.2606371559e-03
3.2780000000e+00 -1.9185450439e-05 1.2655329905e-03
3.2790000000e+00 -1.9215569898e-05 1.2704655276e-03
3.2800000000e+00 -1.9245759708e-05 1.2754341141e-03
3.2810000000e+00 -1.9275932440e-05 1.2804380899e-03
3.2820000000e+00 -1.9305969534e-05 1.2854767874e-03
3.2830000000e+00 -1.9335726735e-05 1.2905495317e-03
3.2840000000e+00 -1.9365038440e-05 1.2956556415e-03
3.2850000000e+00 -1.9393725645e-05 1.3007944286e-03
3.2860000000e+00 -1.9421611198e-05 1.3059651990e-03
3.2870000000e+00 -1.9448539455e-05 1.3111672525e-03
3.2880000000e+00 -1.9474389743e-05 1.3163998838e-03
3.2890000000e+00 -1.9499081080e-05 1.3216623825e-03
3.2900000000e+00 -1.9522575183e-05 1.3269540336e-03
3.2910000000e+00 -1.9544881414e-05 1.3322741176e-03
3.2920000000e+00 -1.9566059955e-05 1.3376219103e-03
3.2930000000e+00 -1.9586215093e-05 1.3429966837e-03
3.2940000000e+00 -1.9605479233e-05 1.3483977054e-03
3.2950000000e+00 -1.9623996715e-05 1.3538242388e-03
3.2960000000e+00 -1.9641911363e-05 1.3592755432e-03
3.2970000000e+00 -1.9659355354e-05 1.3647508734e-03
3.2980000000e+00 -1.9676435406e-05 1.3702494800e-03
3.2990000000e+00 -1.9693218400e-05 1.3757706092e-03
3.3000000000e+00 -1.9709723027e-05 1.3813135028e-03
3.3010000000e+00 -1.9725920337e-05 1.3868773981e-03
3.3020000000e+00 -1.9741740948e-05 1.3924615281e-03
3.3030000000e+00 -1.9757082751e-05 1.3980651212e-03
3.3040000000e+00 -1.9771818632e-05 1.4036874017e-03
3.3050000000e+00 -1.9785808325e-05 1.4093275899e-03
3.3060000000e+00 -1.9798915296e-05 1.4149849020e-03
3.3070000000e+00 -1.9811026134e-05 1.4206585507e-03
3.3080000000e+00 -1.9822064594e-05 1.4263477456e-03
3.3090000000e+00 -1.9831997663e-05 1.4320516931e-03
3.3100000000e+00 -1.9840838548e-05 1.4377695972e-03
3.3110000000e+00 -1.9848648672e-05 1.4435006594e-03
3.3120000000e+00 -1.9855537269e-05 1.4492440786e-03
3.3130000000e+00 -1.9861652021e-05 1.4549990514e-03
3.3140000000e+00 -1.9867160327e-05 1.4607647721e-03
3.3150000000e+00 -1.9872230587e-05 1.4665404328e-03
3.3160000000e+00 -1.9877018043e-05 1.4723252231e-03
3.3170000000e+00 -1.9881653753e-05 1.4781183303e-03
3.3180000000e+00 -1.9886232173e-05 1.4839189399e-03
3.3190000000e+00 -1.9890797718e-05 1.4897262352e-03
3.3200000000e+00 -1.9895338793e-05 1.4955393979e-03
3.3210000000e+00 -1.9899792570e-05 1.5013576078e-03
3.3220000000e+00 -1.9904056372e-05 1.5071800435e-03
3.3230000000e+00 -1.9908000085e-05 1.5130058816e-03
3.3240000000e+00 -1.9911478140e-05 1.5188342978e-03
3.3250000000e+00 -1.9914345851e-05 1.5246644661e-03
3.3260000000e+00 -1.9916480564e-05 1.5304955596e-03
3.3270000000e+00 -1.9917801846e-05 1.5363267498e-03
3.3280000000e+00 -1.9918285280e-05 1.5421572072e-03
3.3290000000e+00 -1.9917968493e-05 1.5479861014e-03
3.3300000000e+00 -1.9916953530e-05 1.5538126009e-03
3.3310000000e+00 -1.9915407379e-05 1.5596358734e-03
3.3320000000e+00 -1.9913557946e-05 1.5654550859e-03
3.3330000000e+00 -1.9911682609e-05 1.5712694045e-03
3.3340000000e+00 -1.9910089229e-05 1.5770779951e-03
3.3350000000e+00 -1.9909095168e-05 1.5828800229e-03
3.3360000000e+00 -1.9909008684e-05 1.5886746530e-03
3.3370000000e+00 -1.9910112380e-05 1.5944610503e-03
3.3380000000e+00 -1.9912646328e-05 1.6002383792e-03
3.3390000000e+00 -1.9916789624e-05 1.6060058043e-03
3.3400000000e+00 -1.9922646579e-05 1.6117624902e-03
3.3410000000e+00 -1.9930243373e-05 1.6175076010e-03
3.3420000000e+00 -1.9939532864e-05 1.6232403013e-03
3.3430000000e+00 -1.9950402801e-05 1.6289597551e-03
3.3440000000e+00 -1.9962685004e-05 1.6346651271e-03
3.3450000000e+00 -1.9976170613e-05 1.6403555817e-03
3.3460000000e+00 -1.9990634998e-05 1.6460302837e-03
3.3470000000e+00 -2.0005864572e-05 1.6516883979e-03
3.3480000000e+00 -2.0021678470e-05 1.6573290895e-03
3.3490000000e+00 -2.0037943820e-05 1.6629515241e-03
3.3500000000e+00 -2.0054587635e-05 1.6685548680e-03
3.3510000000e+00 -2.0071607392e-05 1.6741382881e-03
3.3520000000e+00 -2.0089074168e-05 1.6797009520e-03
3.3530000000e+00 -2.0107125620e-05 1.6852420286e-03
3.3540000000e+00 -2.0125951531e-05 1.6907606875e-03
3.3550000000e+00 -2.0145774392e-05 1.6962560999e-03
3.3560000000e+00 -2.0166829289e-05 1.7017274380e-03
3.3570000000e+00 -2.0189343394e-05 1.7071738755e-03
3.3580000000e+00 -2.0213514335e-05 1.7125945871e-03
3.3590000000e+00 -2.0239489415e-05 1.7179887494e-03
3.3600000000e+00 -2.0267348047e-05 1.7233555402e-03
3.3610000000e+00 -2.0297093658e-05 1.7286941387e-03
3.3620000000e+00 -2.0328655461e-05 1.7340037260e-03
3.3630000000e+00 -2.0361894497e-05 1.7392834845e-03
3.3640000000e+00 -2.0396613117e-05 1.7445325985e-03
3.3650000000e+00 -2.0432569838e-05 1.7497502542e-03
3.3660000000e+00 -2.0469502690e-05 1.7549356400e-03
3.3670000000e+00 -2.0507156956e-05 1.7600879463e-03
3.3680000000e+00 -2.0545308128e-05 1.7652063660e-03
3.3690000000e+00 -2.0583779322e-05 1.7702900946e-03
3.3700000000e+00 -2.0622455582e-05 1.7753383305e-03
3.3710000000e+00 -2.0661295908e-05 1.7803502747e-03
3.3720000000e+00 -2.0700339484e-05 1.7853251313e-03
3.3730000000e+00 -2.0739700951e-05 1.7902621075e-03
3.3740000000e+00 -2.0779556551e-05 1.7951604135e-03
3.3750000000e+00 -2.0820125046e-05 1.8000192628e-03
3.3760000000e+00 -2.0861646450e-05 1.8048378720e-03
3.3770000000e+00 -2.0904359487e-05 1.8096154609e-03
3.3780000000e+00 -2.0948476002e-05 1.8143512527e-03
3.3790000000e+00 -2.0994155355e-05 1.8190444739e-03
3.3800000000e+00 -2.1041483844e-05 1.8236943547e-03
3.3810000000e+00 -2.1090463390e-05 1.8283001289e-03
3.3820000000e+00 -2.1141009521e-05 1.8328610344e-03
3.3830000000e+00 -2.1192953853e-05 1.8373763129e-03
3.3840000000e+00 -2.1246051607e-05 1.8418452109e-03
3.3850000000e+00 -2.1299996765e-05 1.8462669795e-03
3.3860000000e+00 -2.1354444901e-05 1.8506408749e-03
3.3870000000e+00 -2.1409040234e-05 1.8549661582e-03
3.3880000000e+00 -2.1463440332e-05 1.8592420963e-03
3.3890000000e+00 -2.1517337337e-05 1.8634679616e-03
3.3900000000e+00 -2.1570476219e-05 1.8676430324e-03
3.3910000000e+00 -2.1622669356e-05 1.8717665927e-03
3.3920000000e+00 -2.1673806535e-05 1.8758379324e-03
3.3930000000e+00 -2.1723855714e-05 1.8798563476e-03
3.3940000000e+00 -2.1772854316e-05 1.8838211399e-03
3.3950000000e+00 -2.1820895205e-05 1.8877316173e-03
3.3960000000e+00 -2.1868110700e-05 1.8915870933e-03
3.3970000000e+00 -2.1914656809e-05 1.8953868870e-03
3.3980000000e+00 -2.1960694166e-05 1.8991303234e-03
3.3990000000e+00 -2.2006365733e-05 1.9028167332e-03
3.4000000000e+00 -2.2051778701e-05 1.9064454532e-03
3.4010000000e+00 -2.2096993995e-05 1.9100158260e-03
3.4020000000e+00 -2.2142021436e-05 1.9135272006e-03
3.4030000000e+00 -2.2186816563e-05 1.9169789327e-03
3.4040000000e+00 -2.2231280041e-05 1.9203703852e-03
3.4050000000e+00 -2.2275264908e-05 1.9237009284e-03
3.4060000000e+00 -2.2318590762e-05 1.9269699406e-03
3.4070000000e+00 -2.2361060392e-05 1.9301768083e-03
3.4080000000e+00 -2.2402476060e-05 1.9333209265e-03
3.4090000000e+00 -2.2442654934e-05 1.9364016990e-03
3.4100000000e+00 -2.2481444474e-05 1.9394185383e-03
3.4110000000e+00 -2.2518736313e-05 1.9423708658e-03
3.4120000000e+00 -2.2554476426e-05 1.9452581116e-03
3.4130000000e+00 -2.2588669361e-05 1.9480797145e-03
3.4140000000e+00 -2.2621374752e-05 1.9508351222e-03
3.4150000000e+00 -2.2652698388e-05 1.9535237909e-03
3.4160000000e+00 -2.2682781109e-05 1.9561451852e-03
3.4170000000e+00 -2.2711786302e-05 1.9586987785e-03
3.4180000000e+00 -2.2739884206e-05 1.9611840522e-03
3.4190000000e+00 -2.2767232593e-05 1.9636004964e-03
3.4200000000e+00 -2.2793959604e-05 1.9659476096e-03
3.4210000000e+00 -2.2820152961e-05 1.9682248986e-03
3.4220000000e+00 -2.2845853786e-05 1.9704318790e-03
3.4230000000e+00 -2.2871052423e-05 1.9725680758e-03
3.4240000000e+00 -2.2895686466e-05 1.9746330230e-03
3.4250000000e+00 -2.2919645435e-05 1.9766262650e-03
3.4260000000e+00 -2.2942783107e-05 1.9785473563e-03
3.4270000000e+00 -2.2964932477e-05 1.9803958624e-03
3.4280000000e+00 -2.2985920557e-05 1.9821713598e-03
3.4290000000e+00 -2.3005582483e-05 1.9838734367e-03
3.4300000000e+00 -2.3023776084e-05 1.9855016926e-03
3.4310000000e+00 -2.3040396595e-05 1.9870557386e-03
3.4320000000e+00 -2.3055387252e-05 1.9885351972e-03
3.4330000000e+00 -2.3068744159e-05 1.9899397020e-03
3.4340000000e+00 -2.3080515707e-05 1.9912688980e-03
3.4350000000e+00 -2.3090797965e-05 1.9925224403e-03
3.4360000000e+00 -2.3099728252e-05 1.9936999949e-03
3.4370000000e+00 -2.3107475508e-05 1.9948012374e-03
3.4380000000e+00 -2.3114226741e-05 1.9958258537e-03
3.4390000000e+00 -2.3120171338e-05 1.9967735394e-03
3.4400000000e+00 -2.3125486321e-05 1.9976439997e-03
3.4410000000e+00 -2.3130325609e-05 1.9984369501e-03
3.4420000000e+00 -2.3134812425e-05 1.9991521159e-03
3.4430000000e+00 -2.3139033424e-05 1.9997892329e-03
3.4440000000e+00 -2.3143035662e-05 2.0003480478e-03
3.4450000000e+00 -2.3146828496e-05 2.0008283184e-03
3.4460000000e+00 -2.3150391665e-05 2.0012298136e-03
3.4470000000e+00 -2.3153686905e-05 2.0015523143e-03
3.4480000000e+00 -2.3156669252e-05 2.0017956132e-03
3.4490000000e+00 -2.3159296977e-05 2.0019595154e-03
3.4500000000e+00 -2.3161541373e-05 2.0020438379e-03
3.4510000000e+00 -2.3163396707e-05 2.0020484102e-03
3.4520000000e+00 -2.3164887219e-05 2.0019730737e-03
3.4530000000e+00 -2.3166067945e-05 2.0018176820e-03
3.4540000000e+00 -2.3167020231e-05 2.0015821004e-03
3.4550000000e+00 -2.3167844975e-05 2.0012662059e-03
3.4560000000e+00 -2.3168655242e-05 2.0008698869e-03
3.4570000000e+00 -2.3169566748e-05 2.0003930430e-03
3.4580000000e+00 -2.3170685203e-05 1.9998355849e-03
3.4590000000e+00 -2.3172093624e-05 1.9991974345e-03
3.4600000000e+00 -2.3173843485e-05 1.9984785246e-03
3.4610000000e+00 -2.3175950899e-05 1.9976787990e-03
3.4620000000e+00 -2.3178396171e-05 1.9967982124e-03
3.4630000000e+00 -2.3181125117e-05 1.9958367307e-03
3.4640000000e+00 -2.3184053476e-05 1.9947943310e-03
3.4650000000e+00 -2.3187075512e-05 1.9936710018e-03
3.4660000000e+00 -2.3190075524e-05 1.9924667432e-03
3.4670000000e+00 -2.3192940081e-05 1.9911815669e-03
3.4680000000e+00 -2.3195568491e-05 1.9898154962e-03
3.4690000000e+00 -2.3197881098e-05 1.9883685666e-03
3.4700000000e+00 -2.3199826035e-05 1.9868408255e-03
3.4710000000e+00 -2.3201384283e-05 1.9852323325e-03
3.4720000000e+00 -2.3202572321e-05 1.9835431590e-03
3.4730000000e+00 -2.3203439919e-05 1.9817733887e-03
3.4740000000e+00 -2.3204062929e-05 1.9799231172e-03
3.4750000000e+00 -2.3204534345e-05 1.9779924522e-03
3.4760000000e+00 -2.3204955535e-05 1.9759815132e-03
3.4770000000e+00 -2.3205427118e-05 1.9738904313e-03
3.4780000000e+00 -2.3206037578e-05 1.9717193494e-03
3.4790000000e+00 -2.3206851323e-05 1.9694684218e-03
3.4800000000e+00 -2.3207900871e-05 1.9671378143e-03
3.4810000000e+00 -2.3209184249e-05 1.9647277039e-03
3.4820000000e+00 -2.3210665456e-05 1.9622382788e-03
3.4830000000e+00 -2.3212276078e-05 1.9596697383e-03
3.4840000000e+00 -2.3213919593e-05 1.9570222930e-03
3.4850000000e+00 -2.3215480531e-05 1.9542961646e-03
3.4860000000e+00 -2.3216836380e-05 1.9514915860e-03
3.4870000000e+00 -2.3217869120e-05 1.9486088013e-03
3.4880000000e+00 -2.3218474566e-05 1.9456480662e-03
3.4890000000e+00 -2.3218570078e-05 1.9426096478e-03
3.4900000000e+00 -2.3218100920e-05 1.9394938252e-03
3.4910000000e+00 -2.3217043621e-05 1.9363008891e-03
3.4920000000e+00 -2.3215405906e-05 1.9330311422e-03
3.4930000000e+00 -2.3213222502e-05 1.9296848996e-03
3.4940000000e+00 -2.3210546973e-05 1.9262624885e-03
3.4950000000e+00 -2.3207441623e-05 1.9227642482e-03
3.4960000000e+00 -2.3203966626e-05 1.9191905304e-03
3.4970000000e+00 -2.3200169424e-05 1.9155416989e-03
3.4980000000e+00 -2.3196073886e-05 1.9118181295e-03
3.4990000000e+00 -2.3191669848e-05 1.9080202100e-03
3.5000000000e+00 -2.3186906773e-05 1.9041483400e-03
3.5010000000e+00 -2.3181692675e-05 1.9002029306e-03
3.5020000000e+00 -2.3175896867e-05 1.8961844044e-03
3.5030000000e+00 -2.3169354722e-05 1.8920931952e-03
3.5040000000e+00 -2.3161874736e-05 1.8879297476e-03
3.5050000000e+00 -2.3153250358e-05 1.8836945175e-03
3.5060000000e+00 -2.3143274995e-05 1.8793879714e-03
3.5070000000e+00 -2.3131756776e-05 1.8750105868e-03
3.5080000000e+00 -2.3118531507e-05 1.8705628520e-03
3.5090000000e+00 -2.3103473629e-05 1.8660452666e-03
3.5100000000e+00 -2.3086505948e-05 1.8614583414e-03
3.5110000000e+00 -2.3067606315e-05 1.8568025987e-03
3.5120000000e+00 -2.3046809032e-05 1.8520785725e-03
3.5130000000e+00 -2.3024200898e-05 1.8472868088e-03
3.5140000000e+00 -2.2999912429e-05 1.8424278657e-03
3.5150000000e+00 -2.2974105970e-05 1.8375023131e-03
3.5160000000e+00 -2.2946961593e-05 1.8325107335e-03
3.5170000000e+00 -2.2918660846e-05 1.8274537209e-03
3.5180000000e+00 -2.2889369517e-05 1.8223318815e-03
3.5190000000e+00 -2.2859221338e-05 1.8171458335e-03
3.5200000000e+00 -2.2828305568e-05 1.8118962062e-03
3.5210000000e+00 -2.2796659640e-05 1.8065836407e-03
3.5220000000e+00 -2.2764266163e-05 1.8012087892e-03
3.5230000000e+00 -2.2731054424e-05 1.7957723148e-03
3.5240000000e+00 -2.2696906991e-05 1.7902748915e-03
3.5250000000e+00 -2.2661671979e-05 1.7847172036e-03
3.5260000000e+00 -2.2625179449e-05 1.7790999459e-03
3.5270000000e+00 -2.2587259306e-05 1.7734238230e-03
3.5280000000e+00 -2.2547759014e-05 1.7676895497e-03
3.5290000000e+00 -2.2506559200e-05 1.7618978509e-03
3.5300000000e+00 -2.2463586549e-05 1.7560494614e-03
3.5310000000e+00 -2.2418823097e-05 1.7501451262e-03
3.5320000000e+00 -2.2372309931e-05 1.7441856008e-03
3.5330000000e+00 -2.2324144452e-05 1.7381716512e-03
3.5340000000e+00 -2.2274471420e-05 1.7321040542e-03
3.5350000000e+00 -2.2223470678e-05 1.7259835973e-03
3.5360000000e+00 -2.2171343392e-05 1.7198110790e-03
3.5370000000e+00 -2.2118295507e-05 1.7135873083e-03
3.5380000000e+00 -2.2064519427e-05 1.7073131051e-03
3.5390000000e+00 -2.2010176921e-05 1.7009892995e-03
3.5400000000e+00 -2.1955386516e-05 1.6946167317e-03
3.5410000000e+00 -2.1900216060e-05 1.6881962516e-03
3.5420000000e+00 -2.1844678660e-05 1.6817287184e-03
3.5430000000e+00 -2.1788733258e-05 1.6752149999e-03
3.5440000000e+00 -2.1732291603e-05 1.6686559726e-03
3.5450000000e+00 -2.1675230713e-05 1.6620525212e-03
3.5460000000e+00 -2.1617408954e-05 1.6554055381e-03
3.5470000000e+00 -2.1558683651e-05 1.6487159233e-03
3.5480000000e+00 -2.1498929489e-05 1.6419845848e-03
3.5490000000e+00 -2.1438055940e-05 1.6352124380e-03
3.5500000000e+00 -2.1376021460e-05 1.6284004059e-03
3.5510000000e+00 -2.1312843974e-05 1.6215494195e-03
3.5520000000e+00 -2.1248606331e-05 1.6146604175e-03
3.5530000000e+00 -2.1183455417e-05 1.6077343467e-03
3.5540000000e+00 -2.1117594736e-05 1.6007721617e-03
3.5550000000e+00 -2.1051272294e-05 1.5937748256e-03
3.5560000000e+00 -2.0984766134e-05 1.5867433092e-03
3.5570000000e+00 -2.0918366930e-05 1.5796785915e-03
3.5580000000e+00 -2.0852357972e-05 1.5725816589e-03
3.5590000000e+00 -2.0786995744e-05 1.5654535055e-03
3.5600000000e+00 -2.0722494272e-05 1.5582951324e-03
3.5610000000e+00 -2.0659014362e-05 1.5511075476e-03
3.5620000000e+00 -2.0596656177e-05 1.5438917652e-03
3.5630000000e+00 -2.0535455900e-05 1.5366488056e-03
3.5640000000e+00 -2.0475388852e-05 1.5293796947e-03
3.5650000000e+00 -2.0416378642e-05 1.5220854639e-03
3.5660000000e+00 -2.0358310505e-05 1.5147671497e-03
3.5670000000e+00 -2.0301046517e-05 1.5074257935e-03
3.5680000000e+00 -2.0244441724e-05 1.5000624416e-03
3.5690000000e+00 -2.0188360849e-05 1.4926781451e-03
3.5700000000e+00 -2.0132693570e-05 1.4852739597e-03
3.5710000000e+00 -2.0077367113e-05 1.4778509458e-03
3.5720000000e+00 -2.0022354897e-05 1.4704101683e-03
3.5730000000e+00 -1.9967680005e-05 1.4629526967e-03
3.5740000000e+00 -1.9913414064e-05 1.4554796051e-03
3.5750000000e+00 -1.9859672231e-05 1.4479919716e-03
3.5760000000e+00 -1.9806604709e-05 1.4404908788e-03
3.5770000000e+00 -1.9754384675e-05 1.4329774129e-03
3.5780000000e+00 -1.9703193093e-05 1.4254526640e-03
3.5790000000e+00 -1.9653203033e-05 1.4179177255e-03
3.5800000000e+00 -1.9604565741e-05 1.4103736941e-03
3.5810000000e+00 -1.9557399040e-05 1.4028216691e-03
3.5820000000e+00 -1.9511778212e-05 1.3952627527e-03
3.5830000000e+00 -1.9467730058e-05 1.3876980491e-03
3.5840000000e+00 -1.9425231715e-05 1.3801286648e-03
3.5850000000e+00 -1.9384214864e-05 1.3725557082e-03
3.5860000000e+00 -1.9344574496e-05 1.3649802894e-03
3.5870000000e+00 -1.9306180657e-05 1.3574035201e-03
3.5880000000e+00 -1.9268891625e-05 1.3498265134e-03
3.5890000000e+00 -1.9232568202e-05 1.3422503839e-03
3.5900000000e+00 -1.9197088593e-05 1.3346762475e-03
3.5910000000e+00 -1.9162362050e-05 1.3271052211e-03
3.5920000000e+00 -1.9128338593e-05 1.3195384229e-03
3.5930000000e+00 -1.9095013308e-05 1.3119769720e-03
3.5940000000e+00 -1.9062426505e-05 1.3044219885e-03
3.5950000000e+00 -1.9030660675e-05 1.2968745933e-03
3.5960000000e+00 -1.8999833231e-05 1.2893359077e-03
3.5970000000e+00 -1.8970084540e-05 1.2818070536e-03
3.5980000000e+00 -1.8941562800e-05 1.2742891530e-03
3.5990000000e+00 -1.8914409066e-05 1.2667833281e-03
3.6000000000e+00 -1.8888743983e-05 1.2592907009e-03
3.6010000000e+00 -1.8864655838e-05 1.2518123930e-03
3.6020000000e+00 -1.8842190851e-05 1.2443495252e-03
3.6030000000e+00 -1.8821347036e-05 1.2369032177e-03
3.6040000000e+00 -1.8802072501e-05 1.2294745899e-03
3.6050000000e+00 -1.8784268480e-05 1.2220647599e-03
3.6060000000e+00 -1.8767796235e-05 1.2146748446e-03
3.6070000000e+00 -1.8752487324e-05 1.2073059596e-03
3.6080000000e+00 -1.8738155760e-05 1.1999592191e-03
3.6090000000e+00 -1.8724610804e-05 1.1926357359e-03
3.6100000000e+00 -1.8711670821e-05 1.1853366208e-03
3.6110000000e+00 -1.8699176677e-05 1.1780629832e-03
3.6120000000e+00 -1.8687001947e-05 1.1708159303e-03
3.6130000000e+00 -1.8675058445e-05 1.1635965673e-03
3.6140000000e+00 -1.8663297849e-05 1.1564059974e-03
3.6150000000e+00 -1.8651711100e-05 1.1492453213e-03
3.6160000000e+00 -1.8640324548e-05 1.1421156372e-03
3.6170000000e+00 -1.8629191381e-05 1.1350180409e-03
3.6180000000e+00 -1.8618380067e-05 1.1279536252e-03
3.6190000000e+00 -1.8607962762e-05 1.1209234804e-03
3.6200000000e+00 -1.8598005156e-05 1.1139286936e-03
3.6210000000e+00 -1.8588557372e-05 1.1069703486e-03
3.6220000000e+00 -1.8579645970e-05 1.1000495260e-03
3.6230000000e+00 -1.8571268895e-05 1.0931673026e-03
3.6240000000e+00 -1.8563394640e-05 1.0863247519e-03
3.6250000000e+00 -1.8555965361e-05 1.0795229430e-03
3.6260000000e+00 -1.8548902789e-05 1.0727629413e-03
3.6270000000e+00 -1.8542115894e-05 1.0660458083e-03
3.6280000000e+00 -1.8535509696e-05 1.0593726010e-03
3.6290000000e+00 -1.8528994694e-05 1.0527443727e-03
3.6300000000e+00 -1.8522496309e-05 1.0461621720e-03
3.6310000000e+00 -1.8515962892e-05 1.0396270436e-03
3.6320000000e+00 -1.8509370533e-05 1.0331400273e-03
3.6330000000e+00 -1.8502724274e-05 1.0267021585e-03
3.6340000000e+00 -1.8496056435e-05 1.0203144675e-03
3.6350000000e+00 -1.8489422923e-05 1.0139779798e-03
3.6360000000e+00 -1.8482897480e-05 1.0076937153e-03
3.6370000000e+00 -1.8476563382e-05 1.0014626887e-03
3.6380000000e+00 -1.8470503752e-05 9.9528590903e-04
3.6390000000e+00 -1.8464792451e-05 9.8916437944e-04
3.6400000000e+00 -1.8459486847e-05 9.8309909728e-04
3.6410000000e+00 -1.8454622682e-05 9.7709105379e-04
3.6420000000e+00 -1.8450210142e-05 9.7114123402e-04
3.6430000000e+00 -1.8446231741e-05 9.6525061681e-04
3.6440000000e+00 -1.8442643614e-05 9.5942017460e-04
3.6450000000e+00 -1.8439380304e-05 9.5365087337e-04
3.6460000000e+00 -1.8436361910e-05 9.4794367248e-04
3.6470000000e+00 -1.8433501457e-05 9.4229952461e-04
3.6480000000e+00 -1.8430712326e-05 9.3671937566e-04
3.6490000000e+00 -1.8427916879e-05 9.3120416459e-04
3.6500000000e+00 -1.8425055135e-05 9.2575482323e-04
3.6510000000e+00 -1.8422091507e-05 9.2037227615e-04
3.6520000000e+00 -1.8419018226e-05 9.1505744052e-04
3.6530000000e+00 -1.8415855975e-05 9.0981122590e-04
3.6540000000e+00 -1.8412653000e-05 9.0463453413e-04
3.6550000000e+00 -1.8409482062e-05 8.9952825912e-04
3.6560000000e+00 -1.8406434861e-05 8.9449328659e-04
3.6570000000e+00 -1.8403614132e-05 8.8953049398e-04
3.6580000000e+00 -1.8401124495e-05 8.8464075021e-04
3.6590000000e+00 -1.8399063914e-05 8.7982491552e-04
3.6600000000e+00 -1.8397516421e-05 8.7508384125e-04
3.6610000000e+00 -1.8396546735e-05 8.7041836968e-04
3.6620000000e+00 -1.8396196615e-05 8.6582933390e-04
3.6630000000e+00 -1.8396483091e-05 8.6131755762e-04
3.6640000000e+00 -1.8397400166e-05 8.5688385511e-04
3.6650000000e+00 -1.8398923957e-05 8.5252903096e-04
3.6660000000e+00 -1.8401020130e-05 8.4825388002e-04
3.6670000000e+00 -1.8403651624e-05 8.4405918727e-04
3.6680000000e+00 -1.8406785858e-05 8.3994572774e-04
3.6690000000e+00 -1.8410402542e-05 8.3591426643e-04
3.6700000000e+00 -1.8414501159e-05 8.3196555818e-04
3.6710000000e+00 -1.8419106229e-05 8.2810034754e-04
3.6720000000e+00 -1.8424268936e-05 8.2431936866e-04
3.6730000000e+00 -1.8430065231e-05 8.2062334513e-04
3.6740000000e+00 -1.8436592405e-05 8.1701298980e-04
3.6750000000e+00 -1.8443963944e-05 8.1348900454e-04
3.6760000000e+00 -1.8452301778e-05 8.1005207999e-04
3.6770000000e+00 -1.8461726146e-05 8.0670289528e-04
3.6780000000e+00 -1.8472344432e-05 8.0344211785e-04
3.6790000000e+00 -1.8484241568e-05 8.0027040310e-04
3.6800000000e+00 -1.8497472659e-05 7.9718839414e-04
3.6810000000e+00 -1.8512057327e-05 7.9419672152e-04
3.6820000000e+00 -1.8527976330e-05 7.9129600310e-04
3.6830000000e+00 -1.8545171348e-05 7.8848684388e-04
3.6840000000e+00 -1.8563549179e-05 7.8576983590e-04
3.6850000000e+00 -1.8582989775e-05 7.8314555824e-04
3.6860000000e+00 -1.8603356338e-05 7.8061457697e-04
3.6870000000e+00 -1.8624506602e-05 7.7817744525e-04
3.6880000000e+00 -1.8646304526e-05 7.7583470344e-04
3.6890000000e+00 -1.8668632135e-05 7.7358687916e-04
3.6900000000e+00 -1.8691400456e-05 7.7143448733e-04
3.6910000000e+00 -1.8714557599e-05 7.6937803026e-04
3.6920000000e+00 -1.8738092744e-05 7.6741799764e-04
3.6930000000e+00 -1.8762035589e-05 7.6555486645e-04
3.6940000000e+00 -1.8786452287e-05 7.6378910091e-04
3.6950000000e+00 -1.8811438911e-05 7.6212115215e-04
3.6960000000e+00 -1.8837111654e-05 7.6055145807e-04
3.6970000000e+00 -1.8863593852e-05 7.5908044295e-04
3.6980000000e+00 -1.8891001577e-05 7.5770851719e-04
3.6990000000e+00 -1.8919430697e-05 7.5643607700e-04
3.7000000000e+00 -1.8948946978e-05 7.5526350405e-04
3.7010000000e+00 -1.8979578356e-05 7.5419116523e-04
3.7020000000e+00 -1.9011309626e-05 7.5321941251e-04
3.7030000000e+00 -1.9044081159e-05 7.5234858282e-04
3.7040000000e+00 -1.9077792958e-05 7.5157899802e-04
3.7050000000e+00 -1.9112313233e-05 7.5091096498e-04
3.7060000000e+00 -1.9147488956e-05 7.5034477566e-04
3.7070000000e+00 -1.9183157427e-05 7.4988070732e-04
3.7080000000e+00 -1.9219158724e-05 7.4951902272e-04
3.7090000000e+00 -1.9255348269e-05 7.4925997032e-04
3.7100000000e+00 -1.9291608206e-05 7.4910378443e-04
3.7110000000e+00 -1.9327855480e-05 7.4905068536e-04
3.7120000000e+00 -1.9364045768e-05 7.4910087950e-04
3.7130000000e+00 -1.9400173510e-05 7.4925455931e-04
3.7140000000e+00 -1.9436268339e-05 7.4951190319e-04
3.7150000000e+00 -1.9472388665e-05 7.4987307530e-04
3.7160000000e+00 -1.9508612076e-05 7.5033822524e-04
3.7170000000e+00 -1.9545022797e-05 7.5090748774e-04
3.7180000000e+00 -1.9581698032e-05 7.5158098231e-04
3.7190000000e+00 -1.9618695231e-05 7.5235881290e-04
3.7200000000e+00 -1.9656041942e-05 7.5324106761e-04
3.7210000000e+00 -1.9693728051e-05 7.5422781841e-04
3.7220000000e+00 -1.9731700107e-05 7.5531912112e-04
3.7230000000e+00 -1.9769859352e-05 7.5651501540e-04
3.7240000000e+00 -1.9808064808e-05 7.5781552486e-04
3.7250000000e+00 -1.9846141291e-05 7.5922065730e-04
3.7260000000e+00 -1.9883890344e-05 7.6073040495e-04
3.7270000000e+00 -1.9921102258e-05 7.6234474486e-04
3.7280000000e+00 -1.9957569371e-05 7.6406363920e-04
3.7290000000e+00 -1.9993100460e-05 7.6588703557e-04
3.7300000000e+00 -2.0027534556e-05 7.6781486729e-04
3.7310000000e+00 -2.0060751705e-05 7.6984705352e-04
3.7320000000e+00 -2.0092679153e-05 7.7198349947e-04
3.7330000000e+00 -2.0123293520e-05 7.7422409642e-04
3.7340000000e+00 -2.0152619659e-05 7.7656872165e-04
3.7350000000e+00 -2.0180725993e-05 7.7901723827e-04
3.7360000000e+00 -2.0207715819e-05 7.8156949499e-04
3.7370000000e+00 -2.0233715023e-05 7.8422532578e-04
3.7380000000e+00 -2.0258858253e-05 7.8698454956e-04
3.7390000000e+00 -2.0283275332e-05 7.8984696982e-04
3.7400000000e+00 -2.0307078933e-05 7.9281237426e-04
3.7410000000e+00 -2.0330353829e-05 7.9588053459e-04
3.7420000000e+00 -2.0353148075e-05 7.9905120635e-04
3.7430000000e+00 -2.0375467578e-05 8.0232412893e-04
3.7440000000e+00 -2.0397275161e-05 8.0569902570e-04
3.7450000000e+00 -2.0418494220e-05 8.0917560416e-04
3.7460000000e+00 -2.0439016036e-05 8.1275355635e-04
3.7470000000e+00 -2.0458709069e-05 8.1643255921e-04
3.7480000000e+00 -2.0477429985e-05 8.2021227503e-04
3.7490000000e+00 -2.0495036570e-05 8.2409235190e-04
3.7500000000e+00 -2.0511401283e-05 8.2807242403e-04
3.7510000000e+00 -2.0526423311e-05 8.3215211203e-04
3.7520000000e+00 -2.0540036928e-05 8.3633102315e-04
3.7530000000e+00 -2.0552216230e-05 8.4060875130e-04
3.7540000000e+00 -2.0562977361e-05 8.4498487696e-04
3.7550000000e+00 -2.0572377617e-05 8.4945896692e-04
3.7560000000e+00 -2.0580510317e-05 8.5403057406e-04
3.7570000000e+00 -2.0587495356e-05 8.5869923689e-04
3.7580000000e+00 -2.0593467257e-05 8.6346447923e-04
3.7590000000e+00 -2.0598563119e-05 8.6832580981e-04
3.7600000000e+00 -2.0602910943e-05 8.7328272193e-04
3.7610000000e+00 -2.0606618413e-05 8.7833469328e-04
3.7620000000e+00 -2.0609763210e-05 8.8348118579e-04
3.7630000000e+00 -2.0612386473e-05 8.8872164573e-04
3.7640000000e+00 -2.0614490879e-05 8.9405550377e-04
3.7650000000e+00 -2.0616043119e-05 8.9948217536e-04
3.7660000000e+00 -2.0616979703e-05 9.0500106101e-04
3.7670000000e+00 -2.0617215410e-05 9.1061154680e-04
3.7680000000e+00 -2.0616653900e-05 9.1631300486e-04
3.7690000000e+00 -2.0615200159e-05 9.2210479379e-04
3.7700000000e+00 -2.0612773585e-05 9.2798625906e-04
3.7710000000e+00 -2.0609319632e-05 9.3395673330e-04
3.7720000000e+00 -2.0604818361e-05 9.4001553651e-04
3.7730000000e+00 -2.0599289432e-05 9.4616197609e-04
3.7740000000e+00 -2.0592794142e-05 9.5239534681e-04
3.7750000000e+00 -2.0585434535e-05 9.5871493055e-04
3.7760000000e+00 -2.0577348618e-05 9.6511999609e-04
3.7770000000e+00 -2.0568701494e-05 9.7160979876e-04
3.7780000000e+00 -2.0559673822e-05 9.7818358005e-04
3.7790000000e+00 -2.0550450049e-05 9.8484056731e-04
3.7800000000e+00 -2.0541207382e-05 9.9157997338e-04
3.7810000000e+00 -2.0532105025e-05 9.9840099643e-04
3.7820000000e+00 -2.0523274222e-05 1.0053028198e-03
3.7830000000e+00 -2.0514810910e-05 1.0122846122e-03
3.7840000000e+00 -2.0506772736e-05 1.0193455276e-03
3.7850000000e+00 -2.0499180241e-05 1.0264847055e-03
3.7860000000e+00 -2.0492020504e-05 1.0337012716e-03
3.7870000000e+00 -2.0485252839e-05 1.0409943379e-03
3.7880000000e+00 -2.0478816873e-05 1.0483630031e-03
3.7890000000e+00 -2.0472642818e-05 1.0558063534e-03
3.7900000000e+00 -2.0466662586e-05 1.0633234626e-03
3.7910000000e+00 -2.0460819662e-05 1.0709133925e-03
3.7920000000e+00 -2.0455076810e-05 1.0785751933e-03
3.7930000000e+00 -2.0449421491e-05 1.0863079035e-03
3.7940000000e+00 -2.0443868956e-05 1.0941105503e-03
3.7950000000e+00 -2.0438462886e-05 1.1019821492e-03
3.7960000000e+00 -2.0433272696e-05 1.1099217041e-03
3.7970000000e+00 -2.0428387508e-05 1.1179282070e-03
3.7980000000e+00 -2.0423907941e-05 1.1260006379e-03
3.7990000000e+00 -2.0419937446e-05 1.1341379643e-03
3.8000000000e+00 -2.0416574461e-05 1.1423391411e-03
3.8010000000e+00 -2.0413904980e-05 1.1506031107e-03
3.8020000000e+00 -2.0411995608e-05 1.1589288025e-03
3.8030000000e+00 -2.0410888549e-05 1.1673151332e-03
3.8040000000e+00 -2.0410599942e-05 1.1757610067e-03
3.8050000000e+00 -2.0411121720e-05 1.1842653146e-03
3.8060000000e+00 -2.0412425230e-05 1.1928269360e-03
3.8070000000e+00 -2.0414465770e-05 1.2014447384e-03
3.8080000000e+00 -2.0417188634e-05 1.2101175781e-03
3.8090000000e+00 -2.0420536849e-05 1.2188443000e-03
3.8100000000e+00 -2.0424459636e-05 1.2276237388e-03
3.8110000000e+00 -2.0428919428e-05 1.2364547192e-03
3.8120000000e+00 -2.0433896540e-05 1.2453360558e-03
3.8130000000e+00 -2.0439392098e-05 1.2542665540e-03
3.8140000000e+00 -2.0445429459e-05 1.2632450097e-03
3.8150000000e+00 -2.0452053849e-05 1.2722702097e-03
3.8160000000e+00 -2.0459329139e-05 1.2813409315e-03
3.8170000000e+00 -2.0467331822e-05 1.2904559433e-03
3.8180000000e+00 -2.0476143773e-05 1.2996140040e-03
3.8190000000e+00 -2.0485844943e-05 1.3088138629e-03
3.8200000000e+00 -2.0496506613e-05 1.3180542599e-03
3.8210000000e+00 -2.0508184891e-05 1.3273339251e-03
3.8220000000e+00 -2.0520914631e-05 1.3366515788e-03
3.8230000000e+00 -2.0534705290e-05 1.3460059318e-03
3.8240000000e+00 -2.0549539598e-05 1.3553956853e-03
3.8250000000e+00 -2.0565375132e-05 1.3648195309e-03
3.8260000000e+00 -2.0582147850e-05 1.3742761513e-03
3.8270000000e+00 -2.0599776708e-05 1.3837642203e-03
3.8280000000e+00 -2.0618169682e-05 1.3932824036e-03
3.8290000000e+00 -2.0637231330e-05 1.4028293590e-03
3.8300000000e+00 -2.0656871159e-05 1.4124037371e-03
3.8310000000e+00 -2.0677011102e-05 1.4220041817e-03
3.8320000000e+00 -2.0697590511e-05 1.4316293305e-03
3.8330000000e+00 -2.0718569055e-05 1.4412778153e-03
3.8340000000e+00 -2.0739928293e-05 1.4509482624e-03
3.8350000000e+00 -2.0761671546e-05 1.4606392929e-03
3.8360000000e+00 -2.0783820990e-05 1.4703495225e-03
3.8370000000e+00 -2.0806411705e-05 1.4800775623e-03
3.8380000000e+00 -2.0829484473e-05 1.4898220177e-03
3.8390000000e+00 -2.0853079155e-05 1.4995814896e-03
3.8400000000e+00 -2.0877228710e-05 1.5093545732e-03
3.8410000000e+00 -2.0901953394e-05 1.5191398589e-03
3.8420000000e+00 -2.0927255697e-05 1.5289359316e-03
3.8430000000e+00 -2.0953117630e-05 1.5387413711e-03
3.8440000000e+00 -2.0979501261e-05 1.5485547524e-03
3.8450000000e+00 -2.1006351821e-05 1.5583746451e-03
3.8460000000e+00 -2.1033602345e-05 1.5681996144e-03
3.8470000000e+00 -2.1061179349e-05 1.5780282211e-03
3.8480000000e+00 -2.1089009576e-05 1.5878590219e-03
3.8490000000e+00 -2.1117027654e-05 1.5976905700e-03
3.8500000000e+00 -2.1145183655e-05 1.6075214154e-03
3.8510000000e+00 -2.1173449221e-05 1.6173501054e-03
3.8520000000e+00 -2.1201821052e-05 1.6271751852e-03
3.8530000000e+00 -2.1230321780e-05 1.6369951985e-03
3.8540000000e+00 -2.1258999058e-05 1.6468086873e-03
3.8550000000e+00 -2.1287922819e-05 1.6566141929e-03
3.8560000000e+00 -2.1317179959e-05 1.6664102557e-03
3.8570000000e+00 -2.1346866192e-05 1.6761954158e-03
3.8580000000e+00 -2.1377076616e-05 1.6859682125e-03
3.8590000000e+00 -2.1407897216e-05 1.6957271850e-03
3.8600000000e+00 -2.1439397616e-05 1.7054708721e-03
3.8610000000e+00 -2.1471624566e-05 1.7151978119e-03
3.8620000000e+00 -2.1504596589e-05 1.7249065423e-03
3.8630000000e+00 -2.1538301400e-05 1.7345956006e-03
3.8640000000e+00 -2.1572697439e-05 1.7442635237e-03
3.8650000000e+00 -2.1607718644e-05 1.7539088482e-03
3.8660000000e+00 -2.1643281011e-05 1.7635301103e-03
3.8670000000e+00 -2.1679290433e-05 1.7731258465e-03
3.8680000000e+00 -2.1715651735e-05 1.7826945934e-03
3.8690000000e+00 -2.1752278696e-05 1.7922348886e-03
3.8700000000e+00 -2.1789103570e-05 1.8017452707e-03
3.8710000000e+00 -2.1826084405e-05 1.8112242801e-03
3.8720000000e+00 -2.1863209414e-05 1.8206704592e-03
3.8730000000e+00 -2.1900498485e-05 1.8300823529e-03
3.8740000000e+00 -2.1938002443e-05 1.8394585093e-03
3.8750000000e+00 -2.1975799935e-05 1.8487974798e-03
3.8760000000e+00 -2.2013991349e-05 1.8580978193e-03
3.8770000000e+00 -2.2052690084e-05 1.8673580869e-03
3.8780000000e+00 -2.2092012632e-05 1.8765768454e-03
3.8790000000e+00 -2.2132069263e-05 1.8857526619e-03
3.8800000000e+00 -2.2172955967e-05 1.8948841076e-03
3.8810000000e+00 -2.2214747467e-05 1.9039697578e-03
3.8820000000e+00 -2.2257491687e-05 1.9130081918e-03
3.8830000000e+00 -2.2301206867e-05 1.9219979931e-03
3.8840000000e+00 -2.2345882424e-05 1.9309377493e-03
3.8850000000e+00 -2.2391483180e-05 1.9398260519e-03
3.8860000000e+00 -2.2437955544e-05 1.9486614968e-03
3.8870000000e+00 -2.2485234767e-05 1.9574426843e-03
3.8880000000e+00 -2.2533253246e-05 1.9661682191e-03
3.8890000000e+00 -2.2581949947e-05 1.9748367111e-03
3.8900000000e+00 -2.2631279775e-05 1.9834467753e-03
3.8910000000e+00 -2.2681220875e-05 1.9919970321e-03
3.8920000000e+00 -2.2731778980e-05 2.0004861082e-03
3.8930000000e+00 -2.2782989161e-05 2.0089126363e-03
3.8940000000e+00 -2.2834915562e-05 2.0172752560e-03
3.8950000000e+00 -2.2887648672e-05 2.0255726139e-03
3.8960000000e+00 -2.2941299173e-05 2.0338033637e-03
3.8970000000e+00 -2.2995988940e-05 2.0419661669e-03
3.8980000000e+00 -2.3051840867e-05 2.0500596924e-03
3.8990000000e+00 -2.3108968848e-05 2.0580826172e-03
3.9000000000e+00 -2.3167468453e-05 2.0660336262e-03
3.9010000000e+00 -2.3227408386e-05 2.0739114123e-03
3.9020000000e+00 -2.3288823652e-05 2.0817146764e-03
3.9030000000e+00 -2.3351711655e-05 2.0894421278e-03
3.9040000000e+00 -2.3416031909e-05 2.0970924839e-03
3.9050000000e+00 -2.3481709353e-05 2.1046644703e-03
3.9060000000e+00 -2.3548640405e-05 2.1121568214e-03
3.9070000000e+00 -2.3616700885e-05 2.1195682798e-03
3.9080000000e+00 -2.3685755538e-05 2.1268975969e-03
3.9090000000e+00 -2.3755668920e-05 2.1341435332e-03
3.9100000000e+00 -2.3826316792e-05 2.1413048581e-03
3.9110000000e+00 -2.3897596029e-05 2.1483803504e-03
3.9120000000e+00 -2.3969431592e-05 2.1553687988e-03
3.9130000000e+00 -2.4041780748e-05 2.1622690014e-03
3.9140000000e+00 -2.4114635080e-05 2.1690797670e-03
3.9150000000e+00 -2.4188019832e-05 2.1757999143e-03
3.9160000000e+00 -2.4261989471e-05 2.1824282731e-03
3.9170000000e+00 -2.4336619677e-05 2.1889636840e-03
3.9180000000e+00 -2.4411997621e-05 2.1954049987e-03
3.9190000000e+00 -2.4488211959e-05 2.2017510806e-03
3.9200000000e+00 -2.4565342857e-05 2.2080008044e-03
3.9210000000e+00 -2.4643452100e-05 2.2141530567e-03
3.9220000000e+00 -2.4722574289e-05 2.2202067361e-03
3.9230000000e+00 -2.4802710772e-05 2.2261607533e-03
3.9240000000e+00 -2.4883827079e-05 2.2320140312e-03
3.9250000000e+00 -2.4965853728e-05 2.2377655052e-03
3.9260000000e+00 -2.5048689835e-05 2.2434141234e-03
3.9270000000e+00 -2.5132209076e-05 2.2489588464e-03
3.9280000000e+00 -2.5216267919e-05 2.2543986477e-03
3.9290000000e+00 -2.5300715707e-05 2.2597325140e-03
3.9300000000e+00 -2.5385405565e-05 2.2649594448e-03
3.9310000000e+00 -2.5470204494e-05 2.2700784530e-03
3.9320000000e+00 -2.5555001253e-05 2.2750885648e-03
3.9330000000e+00 -2.5639711776e-05 2.2799888200e-03
3.9340000000e+00 -2.5724282327e-05 2.2847782719e-03
3.9350000000e+00 -2.5808689879e-05 2.2894559881e-03
3.9360000000e+00 -2.5892938948e-05 2.2940210501e-03
3.9370000000e+00 -2.5977054828e-05 2.2984725538e-03
3.9380000000e+00 -2.6061074697e-05 2.3028096101e-03
3.9390000000e+00 -2.6145038235e-05 2.3070313448e-03
3.9400000000e+00 -2.6228978246e-05 2.3111368989e-03
3.9410000000e+00 -2.6312911373e-05 2.3151254291e-03
3.9420000000e+00 -2.6396829662e-05 2.3189961077e-03
3.9430000000e+00 -2.6480694499e-05 2.3227481231e-03
3.9440000000e+00 -2.6564434156e-05 2.3263806798e-03
3.9450000000e+00 -2.6647944707e-05 2.3298929983e-03
3.9460000000e+00 -2.6731093522e-05 2.3332843158e-03
3.9470000000e+00 -2.6813724926e-05 2.3365538857e-03
3.9480000000e+00 -2.6895668078e-05 2.3397009781e-03
3.9490000000e+00 -2.6976746912e-05 2.3427248795e-03
3.9500000000e+00 -2.7056790766e-05 2.3456248931e-03
3.9510000000e+00 -2.7135644067e-05 2.3484003390e-03
3.9520000000e+00 -2.7213174082e-05 2.3510505537e-03
3.9530000000e+00 -2.7289276675e-05 2.3535748909e-03
3.9540000000e+00 -2.7363880118e-05 2.3559727210e-03
3.9550000000e+00 -2.7436946268e-05 2.3582434314e-03
3.9560000000e+00 -2.7508468477e-05 2.3603864271e-03
3.9570000000e+00 -2.7578466406e-05 2.3624011302e-03
3.9580000000e+00 -2.7646978782e-05 2.3642869807e-03
3.9590000000e+00 -2.7714055277e-05 2.3660434366e-03
3.9600000000e+00 -2.7779747959e-05 2.3676699740e-03
3.9610000000e+00 -2.7844102612e-05 2.3691660879e-03
3.9620000000e+00 -2.7907150528e-05 2.3705312917e-03
3.9630000000e+00 -2.7968901859e-05 2.3717651180e-03
3.9640000000e+00 -2.8029341795e-05 2.3728671188e-03
3.9650000000e+00 -2.8088429673e-05 2.3738368655e-03
3.9660000000e+00 -2.8146100403e-05 2.3746739487e-03
3.9670000000e+00 -2.8202267688e-05 2.3753779790e-03
3.9680000000e+00 -2.8256829179e-05 2.3759485862e-03
3.9690000000e+00 -2.8309673878e-05 2.3763854199e-03
3.9700000000e+00 -2.8360690678e-05 2.3766881491e-03
3.9710000000e+00 -2.8409776263e-05 2.3768564621e-03
3.9720000000e+00 -2.8456841511e-05 2.3768900666e-03
3.9730000000e+00 -2.8501816555e-05 2.3767886897e-03
3.9740000000e+00 -2.8544654679e-05 2.3765520777e-03
3.9750000000e+00 -2.8585334142e-05 2.3761799963e-03
3.9760000000e+00 -2.8623857031e-05 2.3756722306e-03
3.9770000000e+00 -2.8660245519e-05 2.3750285855e-03
3.9780000000e+00 -2.8694536607e-05 2.3742488853e-03
3.9790000000e+00 -2.8726776132e-05 2.3733329746e-03
3.9800000000e+00 -2.8757012285e-05 2.3722807181e-03
3.9810000000e+00 -2.8785288835e-05 2.3710920008e-03
3.9820000000e+00 -2.8811638827e-05 2.3697667283e-03
3.9830000000e+00 -2.8836079641e-05 2.3683048272e-03
3.9840000000e+00 -2.8858610229e-05 2.3667062447e-03
3.9850000000e+00 -2.8879210697e-05 2.3649709489e-03
3.9860000000e+00 -2.8897843768e-05 2.3630989290e-03
3.9870000000e+00 -2.8914457701e-05 2.3610901948e-03
3.9880000000e+00 -2.8928990704e-05 2.3589447770e-03
3.9890000000e+00 -2.8941377120e-05 2.3566627269e-03
3.9900000000e+00 -2.8951554667e-05 2.3542441161e-03
3.9910000000e+00 -2.8959471210e-05 2.3516890366e-03
3.9920000000e+00 -2.8965090150e-05 2.3489976004e-03
3.9930000000e+00 -2.8968394569e-05 2.3461699397e-03
3.9940000000e+00 -2.8969390375e-05 2.3432062065e-03
3.9950000000e+00 -2.8968107743e-05 2.3401065726e-03
3.9960000000e+00 -2.8964599805e-05 2.3368712298e-03
3.9970000000e+00 -2.8958938770e-05 2.3335003897e-03
3.9980000000e+00 -2.8951210531e-05 2.3299942842e-03
3.9990000000e+00 -2.8941508656e-05 2.3263531650e-03
4.0000000000e+00 -2.8929927934e-05 2.3225773043e-03
4.0010000000e+00 -2.8916557485e-05 2.3186669946e-03
4.0020000000e+00 -2.8901474204e-05 2.3146225490e-03
4.0030000000e+00 -2.8884737703e-05 2.3104443012e-03
4.0040000000e+00 -2.8866387526e-05 2.3061326053e-03
4.0050000000e+00 -2.8846442646e-05 2.3016878364e-03
4.0060000000e+00 -2.8824902692e-05 2.2971103897e-03
4.0070000000e+00 -2.8801750676e-05 2.2924006813e-03
4.0080000000e+00 -2.8776957422e-05 2.2875591474e-03
4.0090000000e+00 -2.8750487536e-05 2.2825862445e-03
4.0100000000e+00 -2.8722306105e-05 2.2774824490e-03
4.0110000000e+00 -2.8692384857e-05 2.2722482572e-03
4.0120000000e+00 -2.8660707027e-05 2.2668841850e-03
4.0130000000e+00 -2.8627270929e-05 2.2613907680e-03
4.0140000000e+00 -2.8592092231e-05 2.2557685610e-03
4.0150000000e+00 -2.8555204509e-05 2.2500181382e-03
4.0160000000e+00 -2.8516657513e-05 2.2441400928e-03
4.0170000000e+00 -2.8476513129e-05 2.2381350375e-03
4.0180000000e+00 -2.8434840026e-05 2.2320036041e-03
4.0190000000e+00 -2.8391707993e-05 2.2257464433e-03
4.0200000000e+00 -2.8347182482e-05 2.2193642254e-03
4.0210000000e+00 -2.8301319267e-05 2.2128576396e-03
4.0220000000e+00 -2.8254159549e-05 2.2062273945e-03
4.0230000000e+00 -2.8205726642e-05 2.1994742179e-03
4.0240000000e+00 -2.8156025106e-05 2.1925988566e-03
4.0250000000e+00 -2.8105042126e-05 2.1856020768e-03
4.0260000000e+00 -2.8052750291e-05 2.1784846633e-03
4.0270000000e+00 -2.7999111471e-05 2.1712474201e-03
4.0280000000e+00 -2.7944082132e-05 2.1638911699e-03
4.0290000000e+00 -2.7887619891e-05 2.1564167538e-03
4.0300000000e+00 -2.7829690198e-05 2.1488250314e-03
4.0310000000e+00 -2.7770271964e-05 2.1411168808e-03
4.0320000000e+00 -2.7709361622e-05 2.1332931978e-03
4.0330000000e+00 -2.7646975755e-05 2.1253548965e-03
4.0340000000e+00 -2.7583152099e-05 2.1173029087e-03
4.0350000000e+00 -2.7517948508e-05 2.1091381842e-03
4.0360000000e+00 -2.7451439640e-05 2.1008616901e-03
4.0370000000e+00 -2.7383711565e-05 2.0924744114e-03
4.0380000000e+00 -2.7314855174e-05 2.0839773502e-03
4.0390000000e+00 -2.7244959314e-05 2.0753715264e-03
4.0400000000e+00 -2.7174104203e-05 2.0666579769e-03
4.0410000000e+00 -2.7102355391e-05 2.0578377561e-03
4.0420000000e+00 -2.7029758560e-05 2.0489119354e-03
4.0430000000e+00 -2.6956336134e-05 2.0398816034e-03
4.0440000000e+00 -2.6882086528e-05 2.0307478661e-03
4.0450000000e+00 -2.6806985890e-05 2.0215118460e-03
4.0460000000e+00 -2.6730991608e-05 2.0121746830e-03
4.0470000000e+00 -2.6654047037e-05 2.0027375336e-03
4.0480000000e+00 -2.6576087570e-05 1.9932015711e-03
4.0490000000e+00 -2.6497047953e-05 1.9835679852e-03
4.0500000000e+00 -2.6416869740e-05 1.9738379821e-03
4.0510000000e+00 -2.6335507622e-05 1.9640127842e-03
4.0520000000e+00 -2.6252934023e-05 1.9540936300e-03
4.0530000000e+00 -2.6169142123e-05 1.9440817737e-03
4.0540000000e+00 -2.6084147384e-05 1.9339784856e-03
4.0550000000e+00 -2.5997987006e-05 1.9237850514e-03
4.0560000000e+00 -2.5910716945e-05 1.9135027722e-03
4.0570000000e+00 -2.5822406870e-05 1.9031329646e-03
4.0580000000e+00 -2.5733134020e-05 1.8926769602e-03
4.0590000000e+00 -2.5642976789e-05 1.8821361059e-03
4.0600000000e+00 -2.5552008252e-05 1.8715117633e-03
4.0610000000e+00 -2.5460289995e-05 1.8608053087e-03
4.0620000000e+00 -2.5367866872e-05 1.8500181332e-03
4.0630000000e+00 -2.5274763579e-05 1.8391516422e-03
4.0640000000e+00 -2.5180983627e-05 1.8282072557e-03
4.0650000000e+00 -2.5086510629e-05 1.8171864076e-03
4.0660000000e+00 -2.4991311516e-05 1.8060905461e-03
4.0670000000e+00 -2.4895341346e-05 1.7949211333e-03
4.0680000000e+00 -2.4798549521e-05 1.7836796453e-03
4.0690000000e+00 -2.4700887246e-05 1.7723675718e-03
4.0700000000e+00 -2.4602315336e-05 1.7609864159e-03
4.0710000000e+00 -2.4502811177e-05 1.7495376944e-03
4.0720000000e+00 -2.4402374000e-05 1.7380229372e-03
4.0730000000e+00 -2.4301028335e-05 1.7264436874e-03
4.0740000000e+00 -2.4198825767e-05 1.7148015007e-03
4.0750000000e+00 -2.4095844499e-05 1.7030979457e-03
4.0760000000e+00 -2.3992186097e-05 1.6913346032e-03
4.0770000000e+00 -2.3887969746e-05 1.6795130661e-03
4.0780000000e+00 -2.3783325010e-05 1.6676349394e-03
4.0790000000e+00 -2.3678384087e-05 1.6557018394e-03
4.0800000000e+00 -2.3573273862e-05 1.6437153940e-03
4.0810000000e+00 -2.3468107992e-05 1.6316772422e-03
4.0820000000e+00 -2.3362980000e-05 1.6195890337e-03
4.0830000000e+00 -2.3257958438e-05 1.6074524290e-03
4.0840000000e+00 -2.3153084717e-05 1.5952690993e-03
4.0850000000e+00 -2.3048373561e-05 1.5830407258e-03
4.0860000000e+00 -2.2943815711e-05 1.5707690001e-03
4.0870000000e+00 -2.2839382714e-05 1.5584556237e-03
4.0880000000e+00 -2.2735033677e-05 1.5461023081e-03
4.0890000000e+00 -2.2630723462e-05 1.5337107744e-03
4.0900000000e+00 -2.2526411443e-05 1.5212827535e-03
4.0910000000e+00 -2.2422069663e-05 1.5088199853e-03
4.0920000000e+00 -2.2317689641e-05 1.4963242190e-03
4.0930000000e+00 -2.2213287494e-05 1.4837972128e-03
4.0940000000e+00 -2.2108907170e-05 1.4712407334e-03
4.0950000000e+00 -2.2004621341e-05 1.4586565558e-03
4.0960000000e+00 -2.1900529470e-05 1.4460464632e-03
4.0970000000e+00 -2.1796753201e-05 1.4334122462e-03
4.0980000000e+00 -2.1693429844e-05 1.4207557028e-03
4.0990000000e+00 -2.1590704850e-05 1.4080786381e-03
4.1000000000e+00 -2.1488723825e-05 1.3953828637e-03
4.1010000000e+00 -2.1387624395e-05 1.3826701977e-03
4.1020000000e+00 -2.1287528675e-05 1.3699424641e-03
4.1030000000e+00 -2.1188537461e-05 1.3572014928e-03
4.1040000000e+00 -2.1090726939e-05 1.3444491190e-03
4.1050000000e+00 -2.0994148019e-05 1.3316871835e-03
4.1060000000e+00 -2.0898827832e-05 1.3189175320e-03
4.1070000000e+00 -2.0804773281e-05 1.3061420152e-03
4.1080000000e+00 -2.0711976756e-05 1.2933624885e-03
4.1090000000e+00 -2.0620423591e-05 1.2805808119e-03
4.1100000000e+00 -2.0530100210e-05 1.2677988498e-03
4.1110000000e+00 -2.0441001765e-05 1.2550184706e-03
4.1120000000e+00 -2.0353138636e-05 1.2422415467e-03
4.1130000000e+00 -2.0266541589e-05 1.2294699542e-03
4.1140000000e+00 -2.0181265089e-05 1.2167055724e-03
4.1150000000e+00 -2.0097388219e-05 1.2039502839e-03
4.1160000000e+00 -2.0015012909e-05 1.1912059738e-03
4.1170000000e+00 -1.9934259712e-05 1.1784745296e-03
4.1180000000e+00 -1.9855261784e-05 1.1657578410e-03
4.1190000000e+00 -1.9778157711e-05 1.1530577989e-03
4.1200000000e+00 -1.9703083773e-05 1.1403762957e-03
4.1210000000e+00 -1.9630166171e-05 1.1277152246e-03
4.1220000000e+00 -1.9559513787e-05 1.1150764790e-03
4.1230000000e+00 -1.9491212388e-05 1.1024619526e-03
4.1240000000e+00 -1.9425321056e-05 1.0898735389e-03
4.1250000000e+00 -1.9361871051e-05 1.0773131306e-03
4.1260000000e+00 -1.9300866796e-05 1.0647826200e-03
4.1270000000e+00 -1.9242288736e-05 1.0522838981e-03
4.1280000000e+00 -1.9186098251e-05 1.0398188547e-03
4.1290000000e+00 -1.9132244454e-05 1.0273893782e-03
4.1300000000e+00 -1.9080671914e-05 1.0149973553e-03
4.1310000000e+00 -1.9031328211e-05 1.0026446711e-03
4.1320000000e+00 -1.8984170668e-05 9.9033320845e-04
4.1330000000e+00 -1.8939172135e-05 9.7806484806e-04
4.1340000000e+00 -1.8896325441e-05 9.6584146815e-04
4.1350000000e+00 -1.8855645747e-05 9.5366494418e-04
4.1360000000e+00 -1.8817170389e-05 9.4153714856e-04
4.1370000000e+00 -1.8780956376e-05 9.2945995032e-04
4.1380000000e+00 -1.8747076114e-05 9.1743521475e-04
4.1390000000e+00 -1.8715611864e-05 9.0546480311e-04
4.1400000000e+00 -1.8686649219e-05 8.9355057215e-04
4.1410000000e+00 -1.8660270063e-05 8.8169437382e-04
4.1420000000e+00 -1.8636545687e-05 8.6989805488e-04
4.1430000000e+00 -1.8615530950e-05 8.5816345648e-04
4.1440000000e+00 -1.8597260144e-05 8.4649241386e-04
4.1450000000e+00 -1.8581744764e-05 8.3488675602e-04
4.1460000000e+00 -1.8568973149e-05 8.2334830541e-04
4.1470000000e+00 -1.8558911964e-05 8.1187887771e-04
4.1480000000e+00 -1.8551509583e-05 8.0048028163e-04
4.1490000000e+00 -1.8546701211e-05 7.8915431872e-04
4.1500000000e+00 -1.8544415060e-05 7.7790278328e-04
4.1510000000e+00 -1.8544578691e-05 7.6672746219e-04
4.1520000000e+00 -1.8547124845e-05 7.5563013483e-04
4.1530000000e+00 -1.8551996448e-05 7.4461257294e-04
4.1540000000e+00 -1.8559150572e-05 7.3367654042e-04
4.1550000000e+00 -1.8568560775e-05 7.2282379315e-04
4.1560000000e+00 -1.8580217310e-05 7.1205607873e-04
4.1570000000e+00 -1.8594125189e-05 7.0137513619e-04
4.1580000000e+00 -1.8610300669e-05 6.9078269570e-04
4.1590000000e+00 -1.8628766761e-05 6.8028047819e-04
4.1600000000e+00 -1.8649547929e-05 6.6987019496e-04
4.1610000000e+00 -1.8672664144e-05 6.5955354731e-04
4.1620000000e+00 -1.8698125032e-05 6.4933222620e-04
4.1630000000e+00 -1.8725925019e-05 6.3920791178e-04
4.1640000000e+00 -1.8756040049e-05 6.2918227315e-04
4.1650000000e+00 -1.8788425928e-05 6.1925696795e-04
4.1660000000e+00 -1.8823018243e-05 6.0943364214e-04
4.1670000000e+00 -1.8859734062e-05 5.9971392974e-04
4.1680000000e+00 -1.8898475485e-05 5.9009945268e-04
4.1690000000e+00 -1.8939134685e-05 5.8059182061e-04
4.1700000000e+00 -1.8981599841e-05 5.7119263082e-04
4.1710000000e+00 -1.9025761235e-05 5.6190346813e-04
4.1720000000e+00 -1.9071516980e-05 5.5272590483e-04
4.1730000000e+00 -1.9118777925e-05 5.4366150056e-04
4.1740000000e+00 -1.9167471427e-05 5.3471180223e-04
4.1750000000e+00 -1.9217543574e-05 5.2587834387e-04
4.1760000000e+00 -1.9268959418e-05 5.1716264647e-04
4.1770000000e+00 -1.9321701167e-05 5.0856621772e-04
4.1780000000e+00 -1.9375764752e-05 5.0009055176e-04
4.1790000000e+00 -1.9431155387e-05 4.9173712885e-04
4.1800000000e+00 -1.9487882435e-05 4.8350741500e-04
4.1810000000e+00 -1.9545953769e-05 4.7540286155e-04
4.1820000000e+00 -1.9605370252e-05 4.6742490483e-04
4.1830000000e+00 -1.9666121185e-05 4.5957496568e-04
4.1840000000e+00 -1.9728181335e-05 4.5185444914e-04
4.1850000000e+00 -1.9791509561e-05 4.4426474407e-04
4.1860000000e+00 -1.9856048847e-05 4.3680722286e-04
4.1870000000e+00 -1.9921727868e-05 4.2948324122e-04
4.1880000000e+00 -1.9988464138e-05 4.2229413799e-04
4.1890000000e+00 -2.0056168463e-05 4.1524123501e-04
4.1900000000e+00 -2.0124749996e-05 4.0832583705e-04
4.1910000000e+00 -2.0194121155e-05 4.0154923180e-04
4.1920000000e+00 -2.0264202043e-05 3.9491268979e-04
4.1930000000e+00 -2.0334924138e-05 3.8841746444e-04
4.1940000000e+00 -2.0406232901e-05 3.8206479193e-04
4.1950000000e+00 -2.0478088893e-05 3.7585589116e-04
4.1960000000e+00 -2.0550467131e-05 3.6979196360e-04
4.1970000000e+00 -2.0623354863e-05 3.6387419309e-04
4.1980000000e+00 -2.0696748172e-05 3.5810374552e-04
4.1990000000e+00 -2.0770647791e-05 3.5248176858e-04
4.2000000000e+00 -2.0845054452e-05 3.4700939130e-04
4.2010000000e+00 -2.0919964121e-05 3.4168772372e-04
4.2020000000e+00 -2.0995363652e-05 3.3651785641e-04
4.2030000000e+00 -2.1071227445e-05 3.3150086010e-04
4.2040000000e+00 -2.1147515579e-05 3.2663778527e-04
4.2050000000e+00 -2.1224173535e-05 3.2192966180e-04
4.2060000000e+00 -2.1301133353e-05 3.1737749874e-04
4.2070000000e+00 -2.1378316079e-05 3.1298228405e-04
4.2080000000e+00 -2.1455635524e-05 3.0874498448e-04
4.2090000000e+00 -2.1533003124e-05 3.0466654549e-04
4.2100000000e+00 -2.1610333305e-05 3.0074789124e-04
4.2110000000e+00 -2.1687548489e-05 2.9698992454e-04
4.2120000000e+00 -2.1764583332e-05 2.9339352692e-04
4.2130000000e+00 -2.1841388086e-05 2.8995955862e-04
4.2140000000e+00 -2.1917930823e-05 2.8668885856e-04
4.2150000000e+00 -2.1994198022e-05 2.8358224428e-04
4.2160000000e+00 -2.2070193210e-05 2.8064051181e-04
4.2170000000e+00 -2.2145933974e-05 2.7786443548e-04
4.2180000000e+00 -2.2221447881e-05 2.7525476767e-04
4.2190000000e+00 -2.2296767619e-05 2.7281223848e-04
4.2200000000e+00 -2.2371925607e-05 2.7053755539e-04
4.2210000000e+00 -2.2446948548e-05 2.6843140286e-04
4.2220000000e+00 -2.2521852573e-05 2.6649444197e-04
4.2230000000e+00 -2.2596639551e-05 2.6472731002e-04
4.2240000000e+00 -2.2671294875e-05 2.6313062023e-04
4.2250000000e+00 -2.2745786844e-05 2.6170496145e-04
4.2260000000e+00 -2.2820067631e-05 2.6045089795e-04
4.2270000000e+00 -2.2894075686e-05 2.5936896926e-04
4.2280000000e+00 -2.2967739496e-05 2.5845969013e-04
4.2290000000e+00 -2.3040982410e-05 2.5772355046e-04
4.2300000000e+00 -2.3113727998e-05 2.5716101535e-04
4.2310000000e+00 -2.3185905223e-05 2.5677252514e-04
4.2320000000e+00 -2.3257452911e-05 2.5655849551e-04
4.2330000000e+00 -2.3328323314e-05 2.5651931751e-04
4.2340000000e+00 -2.3398484520e-05 2.5665535758e-04
4.2350000000e+00 -2.3467921266e-05 2.5696695754e-04
4.2360000000e+00 -2.3536633835e-05 2.5745443454e-04
4.2370000000e+00 -2.3604635228e-05 2.5811808092e-04
4.2380000000e+00 -2.3671947120e-05 2.5895816398e-04
4.2390000000e+00 -2.3738595023e-05 2.5997492582e-04
4.2400000000e+00 -2.3804602889e-05 2.6116858300e-04
4.2410000000e+00 -2.3869987566e-05 2.6253932628e-04
4.2420000000e+00 -2.3934753782e-05 2.6408732032e-04
4.2430000000e+00 -2.3998890373e-05 2.6581270347e-04
4.2440000000e+00 -2.4062368133e-05 2.6771558751e-04
4.2450000000e+00 -2.4125139344e-05 2.6979605753e-04
4.2460000000e+00 -2.4187139002e-05 2.7205417183e-04
4.2470000000e+00 -2.4248287750e-05 2.7448996193e-04
4.2480000000e+00 -2.4308496427e-05 2.7710343259e-04
4.2490000000e+00 -2.4367671802e-05 2.7989456187e-04
4.2500000000e+00 -2.4425722764e-05 2.8286330128e-04
4.2510000000e+00 -2.4482566338e-05 2.8600957588e-04
4.2520000000e+00 -2.4538133010e-05 2.8933328442e-04
4.2530000000e+00 -2.4592370966e-05 2.9283429943e-04
4.2540000000e+00 -2.4645248827e-05 2.9651246732e-04
4.2550000000e+00 -2.4696756464e-05 3.0036760835e-04
4.2560000000e+00 -2.4746903744e-05 3.0439951672e-04
4.2570000000e+00 -2.4795717367e-05 3.0860796040e-04
4.2580000000e+00 -2.4843236171e-05 3.1299268112e-04
4.2590000000e+00 -2.4889505391e-05 3.1755339412e-04
4.2600000000e+00 -2.4934570313e-05 3.2228978805e-04
4.2610000000e+00 -2.4978469783e-05 3.2720152474e-04
4.2620000000e+00 -2.5021230215e-05 3.3228823904e-04
4.2630000000e+00 -2.5062860814e-05 3.3754953864e-04
4.2640000000e+00 -2.5103350579e-05 3.4298500402e-04
4.2650000000e+00 -2.5142667175e-05 3.4859418831e-04
4.2660000000e+00 -2.5180757621e-05 3.5437661739e-04
4.2670000000e+00 -2.5217550812e-05 3.6033178996e-04
4.2680000000e+00 -2.5252961898e-05 3.6645917763e-04
4.2690000000e+00 -2.5286898088e-05 3.7275822514e-04
4.2700000000e+00 -2.5319265116e-05 3.7922835059e-04
4.2710000000e+00 -2.5349973631e-05 3.8586894563e-04
4.2720000000e+00 -2.5378945131e-05 3.9267937570e-04
4.2730000000e+00 -2.5406117037e-05 3.9965898025e-04
4.2740000000e+00 -2.5431446347e-05 4.0680707286e-04
4.2750000000e+00 -2.5454911363e-05 4.1412294138e-04
4.2760000000e+00 -2.5476511368e-05 4.2160584799e-04
4.2770000000e+00 -2.5496264433e-05 4.2925502921e-04
4.2780000000e+00 -2.5514203631e-05 4.3706969587e-04
4.2790000000e+00 -2.5530371958e-05 4.4504903307e-04
4.2800000000e+00 -2.5544816445e-05 4.5319220007e-04
4.2810000000e+00 -2.5557581984e-05 4.6149833029e-04
4.2820000000e+00 -2.5568705527e-05 4.6996653118e-04
4.2830000000e+00 -2.5578211254e-05 4.7859588427e-04
4.2840000000e+00 -2.5586107275e-05 4.8738544518e-04
4.2850000000e+00 -2.5592384125e-05 4.9633424370e-04
4.2860000000e+00 -2.5597015046e-05 5.0544128393e-04
4.2870000000e+00 -2.5599958047e-05 5.1470554446e-04
4.2880000000e+00 -2.5601159734e-05 5.2412597863e-04
4.2890000000e+00 -2.5600560587e-05 5.3370151475e-04
4.2900000000e+00 -2.5598101019e-05 5.4343105641e-04
4.2910000000e+00 -2.5593727467e-05 5.5331348273e-04
4.2920000000e+00 -2.5587398089e-05 5.6334764865e-04
4.2930000000e+00 -2.5579087713e-05 5.7353238515e-04
4.2940000000e+00 -2.5568791547e-05 5.8386649945e-04
4.2950000000e+00 -2.5556527120e-05 5.9434877518e-04
4.2960000000e+00 -2.5542334196e-05 6.0497797247e-04
4.2970000000e+00 -2.5526272874e-05 6.1575282805e-04
4.2980000000e+00 -2.5508420141e-05 6.2667205526e-04
4.2990000000e+00 -2.5488865099e-05 6.3773434410e-04
4.3000000000e+00 -2.5467703195e-05 6.4893836124e-04
4.3010000000e+00 -2.5445029965e-05 6.6028275002e-04
4.3020000000e+00 -2.5420934964e-05 6.7176613048e-04
4.3030000000e+00 -2.5395496510e-05 6.8338709944e-04
4.3040000000e+00 -2.5368777672e-05 6.9514423059e-04
4.3050000000e+00 -2.5340823781e-05 7.0703607462e-04
4.3060000000e+00 -2.5311661677e-05 7.1906115942e-04
4.3070000000e+00 -2.5281300771e-05 7.3121799031e-04
4.3080000000e+00 -2.5249735934e-05 7.4350505031e-04
4.3090000000e+00 -2.5216951891e-05 7.5592080039e-04
4.3100000000e+00 -2.5182928647e-05 7.6846367984e-04
4.3110000000e+00 -2.5147647371e-05 7.8113210654e-04
4.3120000000e+00 -2.5111096243e-05 7.9392447725e-04
4.3130000000e+00 -2.5073275806e-05 8.0683916791e-04
4.3140000000e+00 -2.5034203341e-05 8.1987453390e-04
4.3150000000e+00 -2.4993915773e-05 8.3302891022e-04
4.3160000000e+00 -2.4952470754e-05 8.4630061172e-04
4.3170000000e+00 -2.4909945906e-05 8.5968793318e-04
4.3180000000e+00 -2.4866436453e-05 8.7318914950e-04
4.3190000000e+00 -2.4822051494e-05 8.8680251575e-04
4.3200000000e+00 -2.4776909140e-05 9.0052626727e-04
4.3210000000e+00 -2.4731130942e-05 9.1435861975e-04
4.3220000000e+00 -2.4684836214e-05 9.2829776936e-04
4.3230000000e+00 -2.4638136992e-05 9.4234189282e-04
4.3240000000e+00 -2.4591134011e-05 9.5648914764e-04
4.3250000000e+00 -2.4543913908e-05 9.7073767222e-04
4.3260000000e+00 -2.4496547889e-05 9.8508558617e-04
4.3270000000e+00 -2.4449092080e-05 9.9953099053e-04
4.3280000000e+00 -2.4401589630e-05 1.0140719681e-03
4.3290000000e+00 -2.4354074187e-05 1.0287065839e-03
4.3300000000e+00 -2.4306574293e-05 1.0434328852e-03
4.3310000000e+00 -2.4259118270e-05 1.0582489022e-03
4.3320000000e+00 -2.4211739199e-05 1.0731526484e-03
4.3330000000e+00 -2.4164479516e-05 1.0881421207e-03
4.3340000000e+00 -2.4117394706e-05 1.1032152997e-03
4.3350000000e+00 -2.4070555653e-05 1.1183701503e-03
4.3360000000e+00 -2.4024049459e-05 1.1336046214e-03
4.3370000000e+00 -2.3978010406e-05 1.1489166467e-03
4.3380000000e+00 -2.3932527731e-05 1.1643041440e-03
4.3390000000e+00 -2.3887693918e-05 1.1797650161e-03
4.3400000000e+00 -2.3843690308e-05 1.1952971512e-03
4.3410000000e+00 -2.3800622978e-05 1.2108984220e-03
4.3420000000e+00 -2.3758591358e-05 1.2265666868e-03
4.3430000000e+00 -2.3717737373e-05 1.2422997891e-03
4.3440000000e+00 -2.3678164861e-05 1.2580955578e-03
4.3450000000e+00 -2.3639960495e-05 1.2739518079e-03
4.3460000000e+00 -2.3603162679e-05 1.2898663402e-03
4.3470000000e+00 -2.3567828783e-05 1.3058369422e-03
4.3480000000e+00 -2.3534028689e-05 1.3218613883e-03
4.3490000000e+00 -2.3501760055e-05 1.3379374400e-03
4.3500000000e+00 -2.3471031831e-05 1.3540628465e-03
4.3510000000e+00 -2.3441868744e-05 1.3702353448e-03
4.3520000000e+00 -2.3414295551e-05 1.3864526607e-03
4.3530000000e+00 -2.3388338872e-05 1.4027125090e-03
4.3540000000e+00 -2.3364010042e-05 1.4190125936e-03
4.3550000000e+00 -2.3341367582e-05 1.4353506084e-03
4.3560000000e+00 -2.3320492969e-05 1.4517242371e-03
4.3570000000e+00 -2.3301439362e-05 1.4681311533e-03
4.3580000000e+00 -2.3284283085e-05 1.4845690215e-03
4.3590000000e+00 -2.3269128958e-05 1.5010354967e-03
4.3600000000e+00 -2.3256085009e-05 1.5175282246e-03
4.3610000000e+00 -2.3245237013e-05 1.5340448420e-03
4.3620000000e+00 -2.3236659291e-05 1.5505829771e-03
4.3630000000e+00 -2.3230452324e-05 1.5671402492e-03
4.3640000000e+00 -2.3226688219e-05 1.5837142696e-03
4.3650000000e+00 -2.3225423546e-05 1.6003026414e-03
4.3660000000e+00 -2.3226689840e-05 1.6169029602e-03
4.3670000000e+00 -2.3230510670e-05 1.6335128144e-03
4.3680000000e+00 -2.3236922611e-05 1.6501297858e-03
4.3690000000e+00 -2.3245919721e-05 1.6667514496e-03
4.3700000000e+00 -2.3257505448e-05 1.6833753752e-03
4.3710000000e+00 -2.3271669188e-05 1.6999991268e-03
4.3720000000e+00 -2.3288414748e-05 1.7166202636e-03
4.3730000000e+00 -2.3307760831e-05 1.7332363405e-03
4.3740000000e+00 -2.3329702274e-05 1.7498449085e-03
4.3750000000e+00 -2.3354269992e-05 1.7664435150e-03
4.3760000000e+00 -2.3381498901e-05 1.7830297039e-03
4.3770000000e+00 -2.3411433379e-05 1.7996010168e-03
4.3780000000e+00 -2.3444131326e-05 1.8161549921e-03
4.3790000000e+00 -2.3479633128e-05 1.8326891667e-03
4.3800000000e+00 -2.3517999960e-05 1.8492010749e-03
4.3810000000e+00 -2.3559289862e-05 1.8656882492e-03
4.3820000000e+00 -2.3603533541e-05 1.8821482209e-03
4.3830000000e+00 -2.3650762530e-05 1.8985785197e-03
4.3840000000e+00 -2.3700996964e-05 1.9149766747e-03
4.3850000000e+00 -2.3754249334e-05 1.9313402141e-03
4.3860000000e+00 -2.3810500046e-05 1.9476666661e-03
4.3870000000e+00 -2.3869706226e-05 1.9639535588e-03
4.3880000000e+00 -2.3931834398e-05 1.9801984212e-03
4.3890000000e+00 -2.3996839375e-05 1.9963987832e-03
4.3900000000e+00 -2.4064670427e-05 2.0125521766e-03
4.3910000000e+00 -2.4135264718e-05 2.0286561349e-03
4.3920000000e+00 -2.4208571994e-05 2.0447081945e-03
4.3930000000e+00 -2.4284558140e-05 2.0607058950e-03
4.3940000000e+00 -2.4363126707e-05 2.0766467795e-03
4.3950000000e+00 -2.4444310951e-05 2.0925283951e-03
4.3960000000e+00 -2.4528159097e-05 2.1083482928e-03
4.3970000000e+00 -2.4614593562e-05 2.1241040289e-03
4.3980000000e+00 -2.4703692888e-05 2.1397931646e-03
4.3990000000e+00 -2.4795512885e-05 2.1554132665e-03
4.4000000000e+00 -2.4890036994e-05 2.1709619067e-03
4.4010000000e+00 -2.4987288767e-05 2.1864366634e-03
4.4020000000e+00 -2.5087280789e-05 2.2018351209e-03
4.4030000000e+00 -2.5190091236e-05 2.2171548691e-03
4.4040000000e+00 -2.5295686804e-05 2.2323935057e-03
4.4050000000e+00 -2.5403966042e-05 2.2475486357e-03
4.4060000000e+00 -2.5514961440e-05 2.2626178700e-03
4.4070000000e+00 -2.5628639739e-05 2.2775988281e-03
4.4080000000e+00 -2.5744921768e-05 2.2924891381e-03
4.4090000000e+00 -2.5863729018e-05 2.3072864365e-03
4.4100000000e+00 -2.5984975524e-05 2.3219883693e-03
4.4110000000e+00 -2.6108646850e-05 2.3365925916e-03
4.4120000000e+00 -2.6234645806e-05 2.3510967687e-03
4.4130000000e+00 -2.6362865420e-05 2.3654985770e-03
4.4140000000e+00 -2.6493310276e-05 2.3797957036e-03
4.4150000000e+00 -2.6625953433e-05 2.3939858468e-03
4.4160000000e+00 -2.6760735786e-05 2.4080667170e-03
4.4170000000e+00 -2.6897631058e-05 2.4220360364e-03
4.4180000000e+00 -2.7036674667e-05 2.4358915392e-03
4.4190000000e+00 -2.7177912561e-05 2.4496309726e-03
4.4200000000e+00 -2.7321304076e-05 2.4632520972e-03
4.4210000000e+00 -2.7466820427e-05 2.4767526865e-03
4.4220000000e+00 -2.7614473190e-05 2.4901305267e-03
4.4230000000e+00 -2.7764287705e-05 2.5033834182e-03
4.4240000000e+00 -2.7916233437e-05 2.5165091760e-03
4.4250000000e+00 -2.8070216786e-05 2.5295056292e-03
4.4260000000e+00 -2.8226186901e-05 2.5423706216e-03
4.4270000000e+00 -2.8384065757e-05 2.5551020118e-03
4.4280000000e+00 -2.8543792926e-05 2.5676976740e-03
4.4290000000e+00 -2.8705263356e-05 2.5801554989e-03
4.4300000000e+00 -2.8868341607e-05 2.5924733931e-03
4.4310000000e+00 -2.9032959060e-05 2.6046492794e-03
4.4320000000e+00 -2.9199003902e-05 2.6166810979e-03
4.4330000000e+00 -2.9366409585e-05 2.6285668061e-03
4.4340000000e+00 -2.9535114768e-05 2.6403043791e-03
4.4350000000e+00 -2.9705019201e-05 2.6518918107e-03
4.4360000000e+00 -2.9876095954e-05 2.6633271124e-03
4.4370000000e+00 -3.0048311781e-05 2.6746083142e-03
4.4380000000e+00 -3.0221669619e-05 2.6857334650e-03
4.4390000000e+00 -3.0396196152e-05 2.6967006328e-03
4.4400000000e+00 -3.0571852094e-05 2.7075079059e-03
4.4410000000e+00 -3.0748618110e-05 2.7181533918e-03
4.4420000000e+00 -3.0926488538e-05 2.7286352172e-03
4.4430000000e+00 -3.1105480271e-05 2.7389515289e-03
4.4440000000e+00 -3.1285591057e-05 2.7491004949e-03
4.4450000000e+00 -3.1466735321e-05 2.7590803042e-03
4.4460000000e+00 -3.1648827074e-05 2.7688891668e-03
4.4470000000e+00 -3.1831808053e-05 2.7785253132e-03
4.4480000000e+00 -3.2015614468e-05 2.7879869959e-03
4.4490000000e+00 -3.2200135605e-05 2.7972724899e-03
4.4500000000e+00 -3.2385239232e-05 2.8063800920e-03
4.4510000000e+00 -3.2570816253e-05 2.8153081215e-03
4.4520000000e+00 -3.2756747352e-05 2.8240549203e-03
4.4530000000e+00 -3.2942950338e-05 2.8326188530e-03
4.4540000000e+00 -3.3129320886e-05 2.8409983083e-03
4.4550000000e+00 -3.3315731463e-05 2.8491916987e-03
4.4560000000e+00 -3.3502123302e-05 2.8571974598e-03
4.4570000000e+00 -3.3688422098e-05 2.8650140513e-03
4.4580000000e+00 -3.3874606728e-05 2.8726399565e-03
4.4590000000e+00 -3.4060645613e-05 2.8800736846e-03
4.4600000000e+00 -3.4246438272e-05 2.8873137705e-03
4.4610000000e+00 -3.4431984821e-05 2.8943587725e-03
4.4620000000e+00 -3.4617299393e-05 2.9012072737e-03
4.4630000000e+00 -3.4802319180e-05 2.9078578843e-03
4.4640000000e+00 -3.4986978090e-05 2.9143092409e-03
4.4650000000e+00 -3.5171182817e-05 2.9205600061e-03
4.4660000000e+00 -3.5354843551e-05 2.9266088688e-03
4.4670000000e+00 -3.5537875761e-05 2.9324545433e-03
4.4680000000e+00 -3.5720127569e-05 2.9380957721e-03
4.4690000000e+00 -3.5901488818e-05 2.9435313246e-03
4.4700000000e+00 -3.6081836938e-05 2.9487599971e-03
4.4710000000e+00 -3.6260978829e-05 2.9537806141e-03
4.4720000000e+00 -3.6438803075e-05 2.9585920258e-03
4.4730000000e+00 -3.6615230005e-05 2.9631931104e-03
4.4740000000e+00 -3.6790137140e-05 2.9675827758e-03
4.4750000000e+00 -3.6963376539e-05 2.9717599581e-03
4.4760000000e+00 -3.7134798810e-05 2.9757236214e-03
4.4770000000e+00 -3.7304383125e-05 2.9794727569e-03
4.4780000000e+00 -3.7472155201e-05 2.9830063844e-03
4.4790000000e+00 -3.7638014835e-05 2.9863235557e-03
4.4800000000e+00 -3.7801851860e-05 2.9894233518e-03
4.4810000000e+00 -3.7963626650e-05 2.9923048820e-03
4.4820000000e+00 -3.8123345804e-05 2.9949672847e-03
4.4830000000e+00 -3.8280995959e-05 2.9974097286e-03
4.4840000000e+00 -3.8436477372e-05 2.9996314149e-03
4.4850000000e+00 -3.8589681333e-05 3.0016315750e-03
4.4860000000e+00 -3.8740533869e-05 3.0034094697e-03
4.4870000000e+00 -3.8888953242e-05 3.0049643904e-03
4.4880000000e+00 -3.9034827261e-05 3.0062956600e-03
4.4890000000e+00 -3.9178030390e-05 3.0074026332e-03
4.4900000000e+00 -3.9318393285e-05 3.0082846965e-03
4.4910000000e+00 -3.9455747291e-05 3.0089412669e-03
4.4920000000e+00 -3.9590003188e-05 3.0093717915e-03
4.4930000000e+00 -3.9721067077e-05 3.0095757488e-03
4.4940000000e+00 -3.9848812625e-05 3.0095526504e-03
4.4950000000e+00 -3.9973055687e-05 3.0093020410e-03
4.4960000000e+00 -4.0093658083e-05 3.0088234962e-03
4.4970000000e+00 -4.0210630341e-05 3.0081166205e-03
4.4980000000e+00 -4.0323938974e-05 3.0071810523e-03
4.4990000000e+00 -4.0433483149e-05 3.0060164647e-03
4.5000000000e+00 -4.0539160879e-05 3.0046225638e-03
4.5010000000e+00 -4.0640897221e-05 3.0029990872e-03
4.5020000000e+00 -4.0738715485e-05 3.0011458040e-03
4.5030000000e+00 -4.0832611467e-05 2.9990625171e-03
4.5040000000e+00 -4.0922479737e-05 2.9967490653e-03
4.5050000000e+00 -4.1008221313e-05 2.9942053205e-03
4.5060000000e+00 -4.1089760712e-05 2.9914311872e-03
4.5070000000e+00 -4.1167048595e-05 2.9884266027e-03
4.5080000000e+00 -4.1240032423e-05 2.9851915383e-03
4.5090000000e+00 -4.1308589731e-05 2.9817260007e-03
4.5100000000e+00 -4.1372578197e-05 2.9780300302e-03
4.5110000000e+00 -4.1431896429e-05 2.9741036999e-03
4.5120000000e+00 -4.1486482619e-05 2.9699471154e-03
4.5130000000e+00 -4.1536289738e-05 2.9655604162e-03
4.5140000000e+00 -4.1581241366e-05 2.9609437765e-03
4.5150000000e+00 -4.1621202284e-05 2.9560974062e-03
4.5160000000e+00 -4.1656109137e-05 2.9510215470e-03
4.5170000000e+00 -4.1686009819e-05 2.9457164723e-03
4.5180000000e+00 -4.1710890614e-05 2.9401824916e-03
4.5190000000e+00 -4.1730697580e-05 2.9344199499e-03
4.5200000000e+00 -4.1745401750e-05 2.9284292263e-03
4.5210000000e+00 -4.1755011589e-05 2.9222107334e-03
4.5220000000e+00 -4.1759583642e-05 2.9157649169e-03
4.5230000000e+00 -4.1759111892e-05 2.9090922584e-03
4.5240000000e+00 -4.1753581381e-05 2.9021932754e-03
4.5250000000e+00 -4.1743002112e-05 2.8950685187e-03
4.5260000000e+00 -4.1727332331e-05 2.8877185745e-03
4.5270000000e+00 -4.1706571555e-05 2.8801440619e-03
4.5280000000e+00 -4.1680732516e-05 2.8723456344e-03
4.5290000000e+00 -4.1649759469e-05 2.8643239817e-03
4.5300000000e+00 -4.1613570527e-05 2.8560798280e-03
4.5310000000e+00 -4.1572081223e-05 2.8476139308e-03
4.5320000000e+00 -4.1525294932e-05 2.8389270798e-03
4.5330000000e+00 -4.1473270229e-05 2.8300200978e-03
4.5340000000e+00 -4.1415935860e-05 2.8208938446e-03
4.5350000000e+00 -4.1353192970e-05 2.8115492144e-03
4.5360000000e+00 -4.1285078335e-05 2.8019871319e-03
4.5370000000e+00 -4.1211692289e-05 2.7922085543e-03
4.5380000000e+00 -4.1133091363e-05 2.7822144734e-03
4.5390000000e+00 -4.1049253420e-05 2.7720059175e-03
4.5400000000e+00 -4.0960183658e-05 2.7615839474e-03
4.5410000000e+00 -4.0865991818e-05 2.7509496554e-03
4.5420000000e+00 -4.0766784400e-05 2.7401041670e-03
4.5430000000e+00 -4.0662602783e-05 2.7290486427e-03
4.5440000000e+00 -4.0553495749e-05 2.7177842769e-03
4.5450000000e+00 -4.0439518450e-05 2.7063122970e-03
4.5460000000e+00 -4.0320713705e-05 2.6946339628e-03
4.5470000000e+00 -4.0197137552e-05 2.6827505665e-03
4.5480000000e+00 -4.0068836640e-05 2.6706634334e-03
4.5490000000e+00 -3.9935848547e-05 2.6583739218e-03
4.5500000000e+00 -3.9798173623e-05 2.6458834229e-03
4.5510000000e+00 -3.9655800840e-05 2.6331933596e-03
4.5520000000e+00 -3.9508816603e-05 2.6203051847e-03
4.5530000000e+00 -3.9357320083e-05 2.6072203825e-03
4.5540000000e+00 -3.9201329149e-05 2.5939404712e-03
4.5550000000e+00 -3.9040856410e-05 2.5804670006e-03
4.5560000000e+00 -3.8875970591e-05 2.5668015497e-03
4.5570000000e+00 -3.8706824984e-05 2.5529457272e-03
4.5580000000e+00 -3.8533578551e-05 2.5389011727e-03
4.5590000000e+00 -3.8356298884e-05 2.5246695589e-03
4.5600000000e+00 -3.8175047598e-05 2.5102525899e-03
4.5610000000e+00 -3.7989966435e-05 2.4956519975e-03
4.5620000000e+00 -3.7801233285e-05 2.4808695432e-03
4.5630000000e+00 -3.7608986530e-05 2.4659070199e-03
4.5640000000e+00 -3.7413290322e-05 2.4507662521e-03
4.5650000000e+00 -3.7214213198e-05 2.4354490941e-03
4.5660000000e+00 -3.7011881229e-05 2.4199574280e-03
4.5670000000e+00 -3.6806392010e-05 2.4042931656e-03
4.5680000000e+00 -3.6597817756e-05 2.3884582482e-03
4.5690000000e+00 -3.6386240607e-05 2.3724546465e-03
4.5700000000e+00 -3.6171681239e-05 2.3562843605e-03
4.5710000000e+00 -3.5954161718e-05 2.3399494178e-03
4.5720000000e+00 -3.5733801490e-05 2.3234518721e-03
4.5730000000e+00 -3.5510717916e-05 2.3067938051e-03
4.5740000000e+00 -3.5284977452e-05 2.2899773268e-03
4.5750000000e+00 -3.5056621494e-05 2.2730045752e-03
4.5760000000e+00 -3.4825764288e-05 2.2558777133e-03
4.5770000000e+00 -3.4592571370e-05 2.2385989291e-03
4.5780000000e+00 -3.4357169976e-05 2.2211704381e-03
4.5790000000e+00 -3.4119705443e-05 2.2035944825e-03
4.5800000000e+00 -3.3880289006e-05 2.1858733306e-03
4.5810000000e+00 -3.3639036840e-05 2.1680092756e-03
4.5820000000e+00 -3.3396148346e-05 2.1500046345e-03
4.5830000000e+00 -3.3151787955e-05 2.1318617501e-03
4.5840000000e+00 -3.2906050337e-05 2.1135829917e-03
4.5850000000e+00 -3.2659035369e-05 2.0951707534e-03
4.5860000000e+00 -3.2410863757e-05 2.0766274525e-03
4.5870000000e+00 -3.2161667322e-05 2.0579555294e-03
4.5880000000e+00 -3.1911567687e-05 2.0391574495e-03
4.5890000000e+00 -3.1660645463e-05 2.0202357019e-03
4.5900000000e+00 -3.1408938268e-05 2.0011927996e-03
4.5910000000e+00 -3.1156527637e-05 1.9820312769e-03
4.5920000000e+00 -3.0903554515e-05 1.9627536895e-03
4.5930000000e+00 -3.0650124803e-05 1.9433626158e-03
4.5940000000e+00 -3.0396309667e-05 1.9238606570e-03
4.5950000000e+00 -3.0142186676e-05 1.9042504354e-03
4.5960000000e+00 -2.9887867283e-05 1.8845345927e-03
4.5970000000e+00 -2.9633525823e-05 1.8647157910e-03
4.5980000000e+00 -2.9379328119e-05 1.8447967127e-03
4.5990000000e+00 -2.9125404871e-05 1.8247800610e-03
4.6000000000e+00 -2.8871885409e-05 1.8046685590e-03
4.6010000000e+00 -2.8618909397e-05 1.7844649483e-03
4.6020000000e+00 -2.8366667155e-05 1.7641719886e-03
4.6030000000e+00 -2.8115314184e-05 1.7437924591e-03
4.6040000000e+00 -2.7864971198e-05 1.7233291584e-03
4.6050000000e+00 -2.7615734263e-05 1.7027849034e-03
4.6060000000e+00 -2.7367680337e-05 1.6821625286e-03
4.6070000000e+00 -2.7120946779e-05 1.6614648847e-03
4.6080000000e+00 -2.6875658790e-05 1.6406948401e-03
4.6090000000e+00 -2.6631883140e-05 1.6198552809e-03
4.6100000000e+00 -2.6389628466e-05 1.5989491102e-03
4.6110000000e+00 -2.6148943371e-05 1.5779792458e-03
4.6120000000e+00 -2.5909954474e-05 1.5569486200e-03
4.6130000000e+00 -2.5672762175e-05 1.5358601812e-03
4.6140000000e+00 -2.5437413507e-05 1.5147168930e-03
4.6150000000e+00 -2.5203944315e-05 1.4935217335e-03
4.6160000000e+00 -2.4972461442e-05 1.4722776933e-03
4.6170000000e+00 -2.4743144956e-05 1.4509877752e-03
4.6180000000e+00 -2.4516137307e-05 1.4296549959e-03
4.6190000000e+00 -2.4291531266e-05 1.4082823858e-03
4.6200000000e+00 -2.4069434587e-05 1.3868729869e-03
4.6210000000e+00 -2.3850007608e-05 1.3654298519e-03
4.6220000000e+00 -2.3633433600e-05 1.3439560446e-03
4.6230000000e+00 -2.3419846336e-05 1.3224546407e-03
4.6240000000e+00 -2.3209375289e-05 1.3009287269e-03
4.6250000000e+00 -2.3002119069e-05 1.2793814001e-03
4.6260000000e+00 -2.2798150980e-05 1.2578157670e-03
4.6270000000e+00 -2.2597597398e-05 1.2362349429e-03
4.6280000000e+00 -2.2400571578e-05 1.2146420529e-03
4.6290000000e+00 -2.2207144067e-05 1.1930402312e-03
4.6300000000e+00 -2.2017322463e-05 1.1714326207e-03
4.6310000000e+00 -2.1831113774e-05 1.1498223713e-03
4.6320000000e+00 -2.1648635707e-05 1.1282126393e-03
4.6330000000e+00 -2.1470005181e-05 1.1066065879e-03
4.6340000000e+00 -2.1295249018e-05 1.0850073877e-03
4.6350000000e+00 -2.1124368811e-05 1.0634182157e-03
4.6360000000e+00 -2.0957450273e-05 1.0418422525e-03
4.6370000000e+00 -2.0794653051e-05 1.0202826829e-03
4.6380000000e+00 -2.0636100190e-05 9.9874269687e-04
4.6390000000e+00 -2.0481877400e-05 9.7722548886e-04
4.6400000000e+00 -2.0332070526e-05 9.5573425701e-04
4.6410000000e+00 -2.0186802445e-05 9.3427220108e-04
4.6420000000e+00 -2.0046218882e-05 9.1284252301e-04
4.6430000000e+00 -1.9910445214e-05 8.9144842769e-04
4.6440000000e+00 -1.9779564621e-05 8.7009312226e-04
4.6450000000e+00 -1.9653620539e-05 8.4877981478e-04
4.6460000000e+00 -1.9532669333e-05 8.2751171331e-04
4.6470000000e+00 -1.9416807082e-05 8.0629202600e-04
4.6480000000e+00 -1.9306117670e-05 7.8512396106e-04
4.6490000000e+00 -1.9200611149e-05 7.6401072711e-04
4.6500000000e+00 -1.9100252995e-05 7.4295553136e-04
4.6510000000e+00 -1.9005054478e-05 7.2196157845e-04
4.6520000000e+00 -1.8915084218e-05 7.0103207074e-04
4.6530000000e+00 -1.8830390444e-05 6.8017020832e-04
4.6540000000e+00 -1.8750962846e-05 6.5937918864e-04
4.6550000000e+00 -1.8676783935e-05 6.3866220544e-04
4.6560000000e+00 -1.8607900911e-05 6.1802244744e-04
4.6570000000e+00 -1.8544399876e-05 5.9746309831e-04
4.6580000000e+00 -1.8486365497e-05 5.7698733691e-04
4.6590000000e+00 -1.8433849978e-05 5.5659833709e-04
4.6600000000e+00 -1.8386871049e-05 5.3629926641e-04
4.6610000000e+00 -1.8345492349e-05 5.1609328484e-04
4.6620000000e+00 -1.8309831998e-05 4.9598354486e-04
4.6630000000e+00 -1.8280009047e-05 4.7597319155e-04
4.6640000000e+00 -1.8256068059e-05 4.5606536249e-04
4.6650000000e+00 -1.8237980876e-05 4.3626318643e-04
4.6660000000e+00 -1.8225769061e-05 4.1656978184e-04
4.6670000000e+00 -1.8219514480e-05 3.9698825758e-04
4.6680000000e+00 -1.8219268974e-05 3.7752171266e-04
4.6690000000e+00 -1.8224982246e-05 3.5817323589e-04
4.6700000000e+00 -1.8236559029e-05 3.3894590492e-04
4.6710000000e+00 -1.8253977542e-05 3.1984278481e-04
4.6720000000e+00 -1.8277276081e-05 3.0086692870e-04
4.6730000000e+00 -1.8306459477e-05 2.8202137781e-04
4.6740000000e+00 -1.8341437082e-05 2.6330916041e-04
4.6750000000e+00 -1.8382118681e-05 2.4473329137e-04
4.6760000000e+00 -1.8428501465e-05 2.2629677114e-04
4.6770000000e+00 -1.8480627609e-05 2.0800258555e-04
4.6780000000e+00 -1.8538501789e-05 1.8985370590e-04
4.6790000000e+00 -1.8602063603e-05 1.7185308825e-04
4.6800000000e+00 -1.8671273907e-05 1.5400367247e-04
4.6810000000e+00 -1.8746150622e-05 1.3630838139e-04
4.6820000000e+00 -1.8826729231e-05 1.1877012089e-04
4.6830000000e+00 -1.8913029758e-05 1.0139177940e-04
4.6840000000e+00 -1.9005006789e-05 8.4176227463e-05
4.6850000000e+00 -1.9102570279e-05 6.7126317001e-05
4.6860000000e+00 -1.9205672960e-05 5.0244880336e-05
4.6870000000e+00 -1.9314317679e-05 3.3534730289e-05
4.6880000000e+00 -1.9428489778e-05 1.6998660081e-05
4.6890000000e+00 -1.9548060963e-05 6.3944240674e-07
4.6900000000e+00 -1.9672859581e-05 -1.5540170964e-05
4.6910000000e+00 -1.9802800825e-05 -3.1537449405e-05
4.6920000000e+00 -1.9937852690e-05 -4.7349683707e-05
4.6930000000e+00 -2.0077941419e-05 -6.2974186268e-05
4.6940000000e+00 -2.0222894999e-05 -7.8408291753e-05
4.6950000000e+00 -2.0372554238e-05 -9.3649357513e-05
4.6960000000e+00 -2.0526778389e-05 -1.0869476425e-04
4.6970000000e+00 -2.0685586882e-05 -1.2354191516e-04
4.6980000000e+00 -2.0848991504e-05 -1.3818823714e-04
4.6990000000e+00 -2.1016753706e-05 -1.5263118286e-04
4.7000000000e+00 -2.1188830745e-05 -1.6686822842e-04
4.7010000000e+00 -2.1365239457e-05 -1.8089687552e-04
4.7020000000e+00 -2.1545868839e-05 -1.9471465261e-04
4.7030000000e+00 -2.1730668722e-05 -2.0831911347e-04
4.7040000000e+00 -2.1919536813e-05 -2.2170783891e-04
4.7050000000e+00 -2.2112411508e-05 -2.3487843651e-04
4.7060000000e+00 -2.2309173242e-05 -2.4782854266e-04
4.7070000000e+00 -2.2509650644e-05 -2.6055582237e-04
4.7080000000e+00 -2.2713833578e-05 -2.7305796720e-04
4.7090000000e+00 -2.2921564641e-05 -2.8533269853e-04
4.7100000000e+00 -2.3132599340e-05 -2.9737776743e-04
4.7110000000e+00 -2.3346772656e-05 -3.0919095398e-04
4.7120000000e+00 -2.3563962167e-05 -3.2077006798e-04
4.7130000000e+00 -2.3784112691e-05 -3.3211294776e-04
4.7140000000e+00 -2.4006981838e-05 -3.4321746310e-04
4.7150000000e+00 -2.4232291870e-05 -3.5408151504e-04
4.7160000000e+00 -2.4459973623e-05 -3.6470303336e-04
4.7170000000e+00 -2.4689957191e-05 -3.7507997950e-04
4.7180000000e+00 -2.4922091002e-05 -3.8521034671e-04
4.7190000000e+00 -2.5156165007e-05 -3.9509216001e-04
4.7200000000e+00 -2.5392034849e-05 -4.0472347645e-04
4.7210000000e+00 -2.5629647339e-05 -4.1410238540e-04
4.7220000000e+00 -2.5868881565e-05 -4.2322701007e-04
4.7230000000e+00 -2.6109607106e-05 -4.3209550718e-04
4.7240000000e+00 -2.6351664170e-05 -4.4070606760e-04
4.7250000000e+00 -2.6594902111e-05 -4.4905691645e-04
4.7260000000e+00 -2.6839189533e-05 -4.5714631425e-04
4.7270000000e+00 -2.7084367593e-05 -4.6497255708e-04
4.7280000000e+00 -2.7330317431e-05 -4.7253397527e-04
4.7290000000e+00 -2.7576836229e-05 -4.7982893568e-04
4.7300000000e+00 -2.7823731497e-05 -4.8685584132e-04
4.7310000000e+00 -2.8070815879e-05 -4.9361313131e-04
4.7320000000e+00 -2.8317923470e-05 -5.0009928089e-04
4.7330000000e+00 -2.8564950371e-05 -5.0631280045e-04
4.7340000000e+00 -2.8811661870e-05 -5.1225223804e-04
4.7350000000e+00 -2.9057856948e-05 -5.1791617844e-04
4.7360000000e+00 -2.9303388499e-05 -5.2330324285e-04
4.7370000000e+00 -2.9548121212e-05 -5.2841208958e-04
4.7380000000e+00 -2.9791975033e-05 -5.3324141338e-04
4.7390000000e+00 -3.0034767970e-05 -5.3778994788e-04
4.7400000000e+00 -3.0276316706e-05 -5.4205646485e-04
4.7410000000e+00 -3.0516527789e-05 -5.4603977380e-04
4.7420000000e+00 -3.0755334288e-05 -5.4973872309e-04
4.7430000000e+00 -3.0992635178e-05 -5.5315220032e-04
4.7440000000e+00 -3.1228234068e-05 -5.5627913356e-04
4.7450000000e+00 -3.1461984674e-05 -5.5911849062e-04
4.7460000000e+00 -3.1693810855e-05 -5.6166927890e-04
4.7470000000e+00 -3.1923606395e-05 -5.6393054679e-04
4.7480000000e+00 -3.2151225448e-05 -5.6590138368e-04
4.7490000000e+00 -3.2376484638e-05 -5.6758091977e-04
4.7500000000e+00 -3.2599221166e-05 -5.6896832620e-04
4.7510000000e+00 -3.2819273967e-05 -5.7006281566e-04
4.7520000000e+00 -3.3036527134e-05 -5.7086364097e-04
4.7530000000e+00 -3.3250889089e-05 -5.7137009544e-04
4.7540000000e+00 -3.3462143897e-05 -5.7158151535e-04
4.7550000000e+00 -3.3670115619e-05 -5.7149727781e-04
4.7560000000e+00 -3.3874688613e-05 -5.7111680065e-04
4.7570000000e+00 -3.4075760993e-05 -5.7043954323e-04
4.7580000000e+00 -3.4273255596e-05 -5.6946500598e-04
4.7590000000e+00 -3.4466993201e-05 -5.6819273273e-04
4.7600000000e+00 -3.4656864202e-05 -5.6662230875e-04
4.7610000000e+00 -3.4842800802e-05 -5.6475336135e-04
4.7620000000e+00 -3.5024698104e-05 -5.6258556138e-04
4.7630000000e+00 -3.5202538228e-05 -5.6011862128e-04
4.7640000000e+00 -3.5376263637e-05 -5.5735229734e-04
4.7650000000e+00 -3.5545734433e-05 -5.5428639069e-04
4.7660000000e+00 -3.5710849711e-05 -5.5092074593e-04
4.7670000000e+00 -3.5871548594e-05 -5.4725525109e-04
4.7680000000e+00 -3.6027774850e-05 -5.4328983772e-04
4.7690000000e+00 -3.6179418134e-05 -5.3902448216e-04
4.7700000000e+00 -3.6326294303e-05 -5.3445920652e-04
4.7710000000e+00 -3.6468322835e-05 -5.2959407524e-04
4.7720000000e+00 -3.6605493165e-05 -5.2442919520e-04
4.7730000000e+00 -3.6737689366e-05 -5.1896471930e-04
4.7740000000e+00 -3.6864796576e-05 -5.1320084430e-04
4.7750000000e+00 -3.6986752972e-05 -5.0713780987e-04
4.7760000000e+00 -3.7103497206e-05 -5.0077589946e-04
4.7770000000e+00 -3.7214982856e-05 -4.9411544041e-04
4.7780000000e+00 -3.7321142488e-05 -4.8715680459e-04
4.7790000000e+00 -3.7421967925e-05 -4.7990040656e-04
4.7800000000e+00 -3.7517483741e-05 -4.7234670415e-04
4.7810000000e+00 -3.7607629212e-05 -4.6449620115e-04
4.7820000000e+00 -3.7692389687e-05 -4.5634944552e-04
4.7830000000e+00 -3.7771781618e-05 -4.4790702913e-04
4.7840000000e+00 -3.7845788986e-05 -4.3916958857e-04
4.7850000000e+00 -3.7914390250e-05 -4.3013780557e-04
4.7860000000e+00 -3.7977543629e-05 -4.2081240787e-04
4.7870000000e+00 -3.8035243306e-05 -4.1119416763e-04
4.7880000000e+00 -3.8087481345e-05 -4.0128390149e-04
4.7890000000e+00 -3.8134212430e-05 -3.9108247134e-04
4.7900000000e+00 -3.8175377760e-05 -3.8059078469e-04
4.7910000000e+00 -3.8210935487e-05 -3.6980979380e-04
4.7920000000e+00 -3.8240862362e-05 -3.5874049456e-04
4.7930000000e+00 -3.8265119079e-05 -3.4738392703e-04
4.7940000000e+00 -3.8283709099e-05 -3.3574117519e-04
4.7950000000e+00 -3.8296639701e-05 -3.2381336755e-04
4.7960000000e+00 -3.8303894497e-05 -3.1160167630e-04
4.7970000000e+00 -3.8305453795e-05 -2.9910731686e-04
4.7980000000e+00 -3.8301338159e-05 -2.8633154774e-04
4.7990000000e+00 -3.8291647846e-05 -2.7327567009e-04
4.8000000000e+00 -3.8276421058e-05 -2.5994102940e-04
4.8010000000e+00 -3.8255661850e-05 -2.4632901446e-04
4.8020000000e+00 -3.8229423689e-05 -2.3244105707e-04
4.8030000000e+00 -3.8197764641e-05 -2.1827863320e-04
4.8040000000e+00 -3.8160774891e-05 -2.0384326097e-04
4.8050000000e+00 -3.8118502961e-05 -1.8913650206e-04
4.8060000000e+00 -3.8070943108e-05 -1.7415996312e-04
4.8070000000e+00 -3.8018156244e-05 -1.5891529332e-04
4.8080000000e+00 -3.7960203309e-05 -1.4340418452e-04
4.8090000000e+00 -3.7897101478e-05 -1.2762837143e-04
4.8100000000e+00 -3.7828882483e-05 -1.1158963142e-04
4.8110000000e+00 -3.7755587674e-05 -9.5289785122e-05
4.8120000000e+00 -3.7677252207e-05 -7.8730695385e-05
4.8130000000e+00 -3.7593916665e-05 -6.1914265772e-05
4.8140000000e+00 -3.7505656674e-05 -4.4842440750e-05
4.8150000000e+00 -3.7412545773e-05 -2.7517206997e-05
4.8160000000e+00 -3.7314642837e-05 -9.9405925860e-06
4.8170000000e+00 -3.7212005316e-05 7.8853344839e-06
4.8180000000e+00 -3.7104743606e-05 2.5958467000e-05
4.8190000000e+00 -3.6993040490e-05 4.4276658122e-05
4.8200000000e+00 -3.6876963191e-05 6.2837718868e-05
4.8210000000e+00 -3.6756549413e-05 8.1639420555e-05
4.8220000000e+00 -3.6631960817e-05 1.0067949705e-04
4.8230000000e+00 -3.6503362570e-05 1.1995564231e-04
4.8240000000e+00 -3.6370881351e-05 1.3946551021e-04
4.8250000000e+00 -3.6234558341e-05 1.5920671481e-04
4.8260000000e+00 -3.6094519151e-05 1.7917683260e-04
4.8270000000e+00 -3.5950936104e-05 1.9937340129e-04
4.8280000000e+00 -3.5803858248e-05 2.1979391834e-04
4.8290000000e+00 -3.5653394076e-05 2.4043584477e-04
4.8300000000e+00 -3.5499640425e-05 2.6129660380e-04
4.8310000000e+00 -3.5342662525e-05 2.8237358030e-04
4.8320000000e+00 -3.5182558384e-05 3.0366412187e-04
4.8330000000e+00 -3.5019387043e-05 3.2516553930e-04
4.8340000000e+00 -3.4853276553e-05 3.4687510929e-04
4.8350000000e+00 -3.4684374800e-05 3.6879007248e-04
4.8360000000e+00 -3.4512745080e-05 3.9090763207e-04
4.8370000000e+00 -3.4338490115e-05 4.1322495716e-04
4.8380000000e+00 -3.4161787531e-05 4.3573918427e-04
4.8390000000e+00 -3.3982847404e-05 4.5844741637e-04
4.8400000000e+00 -3.3801821826e-05 4.8134672069e-04
4.8410000000e+00 -3.3618796426e-05 5.0443413035e-04
4.8420000000e+00 -3.3433944513e-05 5.2770664750e-04
4.8430000000e+00 -3.3247524412e-05 5.5116124208e-04
4.8440000000e+00 -3.3059736773e-05 5.7479485049e-04
4.8450000000e+00 -3.2870693625e-05 5.9860437600e-04
4.8460000000e+00 -3.2680527810e-05 6.2258669038e-04
4.8470000000e+00 -3.2489463542e-05 6.4673863473e-04
4.8480000000e+00 -3.2297691723e-05 6.7105701801e-04
4.8490000000e+00 -3.2105329326e-05 6.9553861785e-04
4.8500000000e+00 -3.1912481679e-05 7.2018018159e-04
4.8510000000e+00 -3.1719287787e-05 7.4497842630e-04
4.8520000000e+00 -3.1525930106e-05 7.6993003953e-04
4.8530000000e+00 -3.1332529135e-05 7.9503167959e-04
4.8540000000e+00 -3.1139240891e-05 8.2027997702e-04
4.8550000000e+00 -3.0946230766e-05 8.4567153390e-04
4.8560000000e+00 -3.0753621708e-05 8.7120292449e-04
4.8570000000e+00 -3.0561588165e-05 8.9687069679e-04
4.8580000000e+00 -3.0370308026e-05 9.2267137174e-04
4.8590000000e+00 -3.0180008563e-05 9.4860144534e-04
4.8600000000e+00 -2.9990895920e-05 9.7465738810e-04
4.8610000000e+00 -2.9803128791e-05 1.0008356441e-03
4.8620000000e+00 -2.9616909305e-05 1.0271326329e-03
4.8630000000e+00 -2.9432476188e-05 1.0535447511e-03
4.8640000000e+00 -2.9250059112e-05 1.0800683707e-03
4.8650000000e+00 -2.9069825034e-05 1.1066998393e-03
4.8660000000e+00 -2.8891927782e-05 1.1334354811e-03
4.8670000000e+00 -2.8716576591e-05 1.1602715981e-03
4.8680000000e+00 -2.8543981245e-05 1.1872044698e-03
4.8690000000e+00 -2.8374285923e-05 1.2142303539e-03
4.8700000000e+00 -2.8207614528e-05 1.2413454855e-03
4.8710000000e+00 -2.8044134765e-05 1.2685460795e-03
4.8720000000e+00 -2.7883995015e-05 1.2958283310e-03
4.8730000000e+00 -2.7727300733e-05 1.3231884147e-03
4.8740000000e+00 -2.7574242974e-05 1.3506224867e-03
4.8750000000e+00 -2.7424988831e-05 1.3781266848e-03
4.8760000000e+00 -2.7279655459e-05 1.4056971281e-03
4.8770000000e+00 -2.7138408320e-05 1.4333299191e-03
4.8780000000e+00 -2.7001429767e-05 1.4610211436e-03
4.8790000000e+00 -2.6868952878e-05 1.4887668715e-03
4.8800000000e+00 -2.6741132279e-05 1.5165631566e-03
4.8810000000e+00 -2.6618111416e-05 1.5444060373e-03
4.8820000000e+00 -2.6500138622e-05 1.5722915376e-03
4.8830000000e+00 -2.6387411792e-05 1.6002156671e-03
4.8840000000e+00 -2.6280119776e-05 1.6281744219e-03
4.8850000000e+00 -2.6178413155e-05 1.6561637844e-03
4.8860000000e+00 -2.6082431797e-05 1.6841797242e-03
4.8870000000e+00 -2.5992408247e-05 1.7122181986e-03
4.8880000000e+00 -2.5908496313e-05 1.7402751534e-03
4.8890000000e+00 -2.5830805254e-05 1.7683465226e-03
4.8900000000e+00 -2.5759485241e-05 1.7964282299e-03
4.8910000000e+00 -2.5694676630e-05 1.8245161887e-03
4.8920000000e+00 -2.5636498067e-05 1.8526063024e-03
4.8930000000e+00 -2.5585045716e-05 1.8806944662e-03
4.8940000000e+00 -2.5540459506e-05 1.9087765667e-03
4.8950000000e+00 -2.5502865710e-05 1.9368484830e-03
4.8960000000e+00 -2.5472331778e-05 1.9649060873e-03
4.8970000000e+00 -2.5448958078e-05 1.9929452451e-03
4.8980000000e+00 -2.5432893775e-05 2.0209618165e-03
4.8990000000e+00 -2.5424291499e-05 2.0489516565e-03
4.9000000000e+00 -2.5423247852e-05 2.0769106157e-03
4.9010000000e+00 -2.5429844144e-05 2.1048345402e-03
4.9020000000e+00 -2.5444225563e-05 2.1327192723e-03
4.9030000000e+00 -2.5466549472e-05 2.1605606524e-03
4.9040000000e+00 -2.5496915727e-05 2.1883545186e-03
4.9050000000e+00 -2.5535371331e-05 2.2160967070e-03
4.9060000000e+00 -2.5582012923e-05 2.2437830522e-03
4.9070000000e+00 -2.5636976349e-05 2.2714093880e-03
4.9080000000e+00 -2.5700328652e-05 2.2989715495e-03
4.9090000000e+00 -2.5772105891e-05 2.3264653717e-03
4.9100000000e+00 -2.5852350907e-05 2.3538866904e-03
4.9110000000e+00 -2.5941118635e-05 2.3812313429e-03
4.9120000000e+00 -2.6038445789e-05 2.4084951705e-03
4.9130000000e+00 -2.6144343959e-05 2.4356740165e-03
4.9140000000e+00 -2.6258853256e-05 2.4627637275e-03
4.9150000000e+00 -2.6381990056e-05 2.4897601557e-03
4.9160000000e+00 -2.6513741542e-05 2.5166591587e-03
4.9170000000e+00 -2.6654119114e-05 2.5434565989e-03
4.9180000000e+00 -2.6803163229e-05 2.5701483448e-03
4.9190000000e+00 -2.6960928452e-05 2.5967302727e-03
4.9200000000e+00 -2.7127421693e-05 2.6231982670e-03
4.9210000000e+00 -2.7302608477e-05 2.6495482201e-03
4.9220000000e+00 -2.7486513239e-05 2.6757760323e-03
4.9230000000e+00 -2.7679217227e-05 2.7018776134e-03
4.9240000000e+00 -2.7880723754e-05 2.7278488848e-03
4.9250000000e+00 -2.8090963561e-05 2.7536857785e-03
4.9260000000e+00 -2.8309933025e-05 2.7793842361e-03
4.9270000000e+00 -2.8537668534e-05 2.8049402117e-03
4.9280000000e+00 -2.8774140357e-05 2.8303496729e-03
4.9290000000e+00 -2.9019266639e-05 2.8556086004e-03
4.9300000000e+00 -2.9272970561e-05 2.8807129883e-03
4.9310000000e+00 -2.9535217181e-05 2.9056588442e-03
4.9320000000e+00 -2.9805943295e-05 2.9304421920e-03
4.9330000000e+00 -3.0085024893e-05 2.9550590721e-03
4.9340000000e+00 -3.0372379258e-05 2.9795055399e-03
4.9350000000e+00 -3.0667943228e-05 3.0037776675e-03
4.9360000000e+00 -3.0971607679e-05 3.0278715461e-03
4.9370000000e+00 -3.1283242645e-05 3.0517832852e-03
4.9380000000e+00 -3.1602769294e-05 3.0755090120e-03
4.9390000000e+00 -3.1930120035e-05 3.0990448728e-03
4.9400000000e+00 -3.2265176280e-05 3.1223870359e-03
4.9410000000e+00 -3.2607822919e-05 3.1455316897e-03
4.9420000000e+00 -3.2957984155e-05 3.1684750429e-03
4.9430000000e+00 -3.3315583043e-05 3.1912133260e-03
4.9440000000e+00 -3.3680473305e-05 3.2137427939e-03
4.9450000000e+00 -3.4052513212e-05 3.2360597246e-03
4.9460000000e+00 -3.4431600161e-05 3.2581604186e-03
4.9470000000e+00 -3.4817595557e-05 3.2800412004e-03
4.9480000000e+00 -3.5210332015e-05 3.3016984213e-03
4.9490000000e+00 -3.5609633817e-05 3.3231284585e-03
4.9500000000e+00 -3.6015347192e-05 3.3443277144e-03
4.9510000000e+00 -3.6427308880e-05 3.3652926173e-03
4.9520000000e+00 -3.6845294159e-05 3.3860196249e-03
4.9530000000e+00 -3.7269121172e-05 3.4065052228e-03
4.9540000000e+00 -3.7698631240e-05 3.4267459237e-03
4.9550000000e+00 -3.8133630826e-05 3.4467382699e-03
4.9560000000e+00 -3.8573927740e-05 3.4664788329e-03
4.9570000000e+00 -3.9019311326e-05 3.4859642161e-03
4.9580000000e+00 -3.9469631172e-05 3.5051910518e-03
4.9590000000e+00 -3.9924715623e-05 3.5241560034e-03
4.9600000000e+00 -4.0384333878e-05 3.5428557676e-03
4.9610000000e+00 -4.0848323068e-05 3.5612870728e-03
4.9620000000e+00 -4.1316518233e-05 3.5794466802e-03
4.9630000000e+00 -4.1788738156e-05 3.5973313844e-03
4.9640000000e+00 -4.2264773569e-05 3.6149380142e-03
4.9650000000e+00 -4.2744406150e-05 3.6322634347e-03
4.9660000000e+00 -4.3227471660e-05 3.6493045443e-03
4.9670000000e+00 -4.3713749618e-05 3.6660582777e-03
4.9680000000e+00 -4.4202977378e-05 3.6825216072e-03
4.9690000000e+00 -4.4694922680e-05 3.6986915414e-03
4.9700000000e+00 -4.5189364482e-05 3.7145651266e-03
4.9710000000e+00 -4.5686072174e-05 3.7301394458e-03
4.9720000000e+00 -4.6184762050e-05 3.7454116212e-03
4.9730000000e+00 -4.6685163033e-05 3.7603788148e-03
4.9740000000e+00 -4.7187057574e-05 3.7750382267e-03
4.9750000000e+00 -4.7690220858e-05 3.7893870956e-03
4.9760000000e+00 -4.8194373659e-05 3.8034227015e-03
4.9770000000e+00 -4.8699231661e-05 3.8171423659e-03
4.9780000000e+00 -4.9204597424e-05 3.8305434498e-03
4.9790000000e+00 -4.9710257664e-05 3.8436233555e-03
4.9800000000e+00 -5.0215941195e-05 3.8563795281e-03
4.9810000000e+00 -5.0721397598e-05 3.8688094552e-03
4.9820000000e+00 -5.1226413501e-05 3.8809106674e-03
4.9830000000e+00 -5.1730793551e-05 3.8926807375e-03
4.9840000000e+00 -5.2234192018e-05 3.9041172850e-03
4.9850000000e+00 -5.2736403199e-05 3.9152179713e-03
4.9860000000e+00 -5.3237294626e-05 3.9259805001e-03
4.9870000000e+00 -5.3736479463e-05 3.9364026269e-03
4.9880000000e+00 -5.4233752760e-05 3.9464821486e-03
4.9890000000e+00 -5.4728929025e-05 3.9562169074e-03
4.9900000000e+00 -5.5221683343e-05 3.9656047952e-03
4.9910000000e+00 -5.5711731732e-05 3.9746437494e-03
4.9920000000e+00 -5.6198772945e-05 3.9833317552e-03
4.9930000000e+00 -5.6682634867e-05 3.9916668418e-03
4.9940000000e+00 -5.7163050700e-05 3.9996470890e-03
4.9950000000e+00 -5.7639661415e-05 4.0072706269e-03
4.9960000000e+00 -5.8112273667e-05 4.0145356287e-03
4.9970000000e+00 -5.8580648215e-05 4.0214403181e-03
4.9980000000e+00 -5.9044532897e-05 4.0279829692e-03
4.9990000000e+00 -5.9503664526e-05 4.0341619049e-03
5.0000000000e+00 -5.9957814841e-05 4.0399754971e-03
5.0010000000e+00 -6.0406835024e-05 4.0454221652e-03
5.0020000000e+00 -6.0850440940e-05 4.0505003825e-03
5.0030000000e+00 -6.1288378558e-05 4.0552086741e-03
5.0040000000e+00 -6.1720486079e-05 4.0595456124e-03
5.0050000000e+00 -6.2146574026e-05 4.0635098216e-03
5.0060000000e+00 -6.2566386201e-05 4.0670999799e-03
5.0070000000e+00 -6.2979631364e-05 4.0703148187e-03
5.0080000000e+00 -6.3386143610e-05 4.0731531181e-03
5.0090000000e+00 -6.3785732041e-05 4.0756137116e-03
5.0100000000e+00 -6.4178092379e-05 4.0776954889e-03
5.0110000000e+00 -6.4562952073e-05 4.0793973914e-03
5.0120000000e+00 -6.4940063224e-05 4.0807184133e-03
5.0130000000e+00 -6.5309245342e-05 4.0816576013e-03
5.0140000000e+00 -6.5670232242e-05 4.0822140579e-03
5.0150000000e+00 -6.6022738149e-05 4.0823869399e-03
5.0160000000e+00 -6.6366597460e-05 4.0821754551e-03
5.0170000000e+00 -6.6701573567e-05 4.0815788670e-03
5.0180000000e+00 -6.7027491199e-05 4.0805964930e-03
5.0190000000e+00 -6.7344144436e-05 4.0792277063e-03
5.0200000000e+00 -6.7651341902e-05 4.0774719338e-03
5.0210000000e+00 -6.7948971910e-05 4.0753286552e-03
5.0220000000e+00 -6.8236809188e-05 4.0727974091e-03
5.0230000000e+00 -6.8514702893e-05 4.0698777887e-03
5.0240000000e+00 -6.8782493247e-05 4.0665694424e-03
5.0250000000e+00 -6.9039994596e-05 4.0628720752e-03
5.0260000000e+00 -6.9287075187e-05 4.0587854468e-03
5.0270000000e+00 -6.9523519848e-05 4.0543093753e-03
5.0280000000e+00 -6.9749172920e-05 4.0494437350e-03
5.0290000000e+00 -6.9963904204e-05 4.0441884548e-03
5.0300000000e+00 -7.0167528836e-05 4.0385435221e-03
5.0310000000e+00 -7.0359863540e-05 4.0325089814e-03
5.0320000000e+00 -7.0540706023e-05 4.0260849343e-03
5.0330000000e+00 -7.0709940765e-05 4.0192715372e-03
5.0340000000e+00 -7.0867447329e-05 4.0120690039e-03
5.0350000000e+00 -7.1013049230e-05 4.0044776066e-03
5.0360000000e+00 -7.1146609091e-05 3.9964976733e-03
5.0370000000e+00 -7.1268032742e-05 3.9881295879e-03
5.0380000000e+00 -7.1377254659e-05 3.9793737913e-03
5.0390000000e+00 -7.1474144733e-05 3.9702307837e-03
5.0400000000e+00 -7.1558611244e-05 3.9607011218e-03
5.0410000000e+00 -7.1630635708e-05 3.9507854170e-03
5.0420000000e+00 -7.1690127451e-05 3.9404843399e-03
5.0430000000e+00 -7.1737014749e-05 3.9297986193e-03
5.0440000000e+00 -7.1771231563e-05 3.9187290416e-03
5.0450000000e+00 -7.1792727074e-05 3.9072764500e-03
5.0460000000e+00 -7.1801452425e-05 3.8954417447e-03
5.0470000000e+00 -7.1797286517e-05 3.8832258861e-03
5.0480000000e+00 -7.1780219025e-05 3.8706298895e-03
5.0490000000e+00 -7.1750209539e-05 3.8576548287e-03
5.0500000000e+00 -7.1707127469e-05 3.8443018383e-03
5.0510000000e+00 -7.1650946207e-05 3.8305721060e-03
5.0520000000e+00 -7.1581686769e-05 3.8164668756e-03
5.0530000000e+00 -7.1499295324e-05 3.8019874522e-03
5.0540000000e+00 -7.1403686856e-05 3.7871351981e-03
5.0550000000e+00 -7.1294851681e-05 3.7719115311e-03
5.0560000000e+00 -7.1172805055e-05 3.7563179257e-03
5.0570000000e+00 -7.1037543975e-05 3.7403559121e-03
5.0580000000e+00 -7.0889042850e-05 3.7240270802e-03
5.0590000000e+00 -7.0727353202e-05 3.7073330743e-03
5.0600000000e+00 -7.0552578047e-05 3.6902755939e-03
5.0610000000e+00 -7.0364709119e-05 3.6728563981e-03
5.0620000000e+00 -7.0163794740e-05 3.6550773000e-03
5.0630000000e+00 -6.9949985927e-05 3.6369401668e-03
5.0640000000e+00 -6.9723359415e-05 3.6184469250e-03
5.0650000000e+00 -6.9483946329e-05 3.5995995583e-03
5.0660000000e+00 -6.9231772484e-05 3.5804001054e-03
5.0670000000e+00 -6.8966991902e-05 3.5608506566e-03
5.0680000000e+00 -6.8689801871e-05 3.5409533582e-03
5.0690000000e+00 -6.8400218410e-05 3.5207104169e-03
5.0700000000e+00 -6.8098280002e-05 3.5001240938e-03
5.0710000000e+00 -6.7784117968e-05 3.4791967018e-03
5.0720000000e+00 -6.7457872216e-05 3.4579306078e-03
5.0730000000e+00 -6.7119655526e-05 3.4363282350e-03
5.0740000000e+00 -6.6769541522e-05 3.4143920625e-03
5.0750000000e+00 -6.6407662253e-05 3.3921246214e-03
5.0760000000e+00 -6.6034164826e-05 3.3695284956e-03
5.0770000000e+00 -6.5649225836e-05 3.3466063213e-03
5.0780000000e+00 -6.5252976644e-05 3.3233607890e-03
5.0790000000e+00 -6.4845568553e-05 3.2997946428e-03
5.0800000000e+00 -6.4427241241e-05 3.2759106781e-03
5.0810000000e+00 -6.3998129701e-05 3.2517117432e-03
5.0820000000e+00 -6.3558457323e-05 3.2272007356e-03
5.0830000000e+00 -6.3108532153e-05 3.2023806041e-03
5.0840000000e+00 -6.2648592986e-05 3.1772543495e-03
5.0850000000e+00 -6.2178784004e-05 3.1518250265e-03
5.0860000000e+00 -6.1699251571e-05 3.1260957409e-03
5.0870000000e+00 -6.1210357143e-05 3.1000696414e-03
5.0880000000e+00 -6.0712392349e-05 3.0737499300e-03
5.0890000000e+00 -6.0205493857e-05 3.0471398634e-03
5.0900000000e+00 -5.9689832041e-05 3.0202427459e-03
5.0910000000e+00 -5.9165635590e-05 2.9930619283e-03
5.0920000000e+00 -5.8633233347e-05 2.9656008075e-03
5.0930000000e+00 -5.8092856990e-05 2.9378628317e-03
5.0940000000e+00 -5.7544665749e-05 2.9098514982e-03
5.0950000000e+00 -5.6988933202e-05 2.8815703496e-03
5.0960000000e+00 -5.6425937562e-05 2.8530229741e-03
5.0970000000e+00 -5.5855935652e-05 2.8242130054e-03
5.0980000000e+00 -5.5279222698e-05 2.7951441237e-03
5.0990000000e+00 -5.4696115453e-05 2.7658200546e-03
5.1000000000e+00 -5.4106909394e-05 2.7362445685e-03
5.1010000000e+00 -5.3511874525e-05 2.7064214804e-03
5.1020000000e+00 -5.2911375453e-05 2.6763546467e-03
5.1030000000e+00 -5.2305833415e-05 2.6460479663e-03
5.1040000000e+00 -5.1695556929e-05 2.6155053849e-03
5.1050000000e+00 -5.1080800811e-05 2.5847308918e-03
5.1060000000e+00 -5.0461890552e-05 2.5537285151e-03
5.1070000000e+00 -4.9839273167e-05 2.5225023224e-03
5.1080000000e+00 -4.9213286132e-05 2.4910564262e-03
5.1090000000e+00 -4.8584146432e-05 2.4593949814e-03
5.1100000000e+00 -4.7952194142e-05 2.4275221803e-03
5.1110000000e+00 -4.7317781553e-05 2.3954422546e-03
5.1120000000e+00 -4.6681256250e-05 2.3631594740e-03
5.1130000000e+00 -4.6042904368e-05 2.3306781490e-03
5.1140000000e+00 -4.5403034427e-05 2.2980026280e-03
5.1150000000e+00 -4.4762038238e-05 2.2651372937e-03
5.1160000000e+00 -4.4120205343e-05 2.2320865681e-03
5.1170000000e+00 -4.3477871772e-05 2.1988549080e-03
5.1180000000e+00 -4.2835467152e-05 2.1654468033e-03
5.1190000000e+00 -4.2193349934e-05 2.1318667816e-03
5.1200000000e+00 -4.1551803800e-05 2.0981194071e-03
5.1210000000e+00 -4.0911145627e-05 2.0642092749e-03
5.1220000000e+00 -4.0271820691e-05 2.0301410101e-03
5.1230000000e+00 -3.9634295441e-05 1.9959192718e-03
5.1240000000e+00 -3.8998848043e-05 1.9615487551e-03
5.1250000000e+00 -3.8365750958e-05 1.9270341855e-03
5.1260000000e+00 -3.7735439358e-05 1.8923803161e-03
5.1270000000e+00 -3.7108346257e-05 1.8575919286e-03
5.1280000000e+00 -3.6484790784e-05 1.8226738383e-03
5.1290000000e+00 -3.5865026304e-05 1.7876308910e-03
5.1300000000e+00 -3.5249390878e-05 1.7524679573e-03
5.1310000000e+00 -3.4638281418e-05 1.7171899344e-03
5.1320000000e+00 -3.4032036299e-05 1.6818017476e-03
5.1330000000e+00 -3.3430931537e-05 1.6463083490e-03
5.1340000000e+00 -3.2835293435e-05 1.6107147154e-03
5.1350000000e+00 -3.2245495448e-05 1.5750258486e-03
5.1360000000e+00 -3.1661831650e-05 1.5392467745e-03
5.1370000000e+00 -3.1084612368e-05 1.5033825418e-03
5.1380000000e+00 -3.0514201696e-05 1.4674382213e-03
5.1390000000e+00 -2.9950939044e-05 1.4314189067e-03
5.1400000000e+00 -2.9395125580e-05 1.3953297143e-03
5.1410000000e+00 -2.8847046747e-05 1.3591757802e-03
5.1420000000e+00 -2.8307092052e-05 1.3229622574e-03
5.1430000000e+00 -2.7775668237e-05 1.2866943191e-03
5.1440000000e+00 -2.7253034267e-05 1.2503771603e-03
5.1450000000e+00 -2.6739439913e-05 1.2140159931e-03
5.1460000000e+00 -2.6235229535e-05 1.1776160451e-03
5.1470000000e+00 -2.5740764840e-05 1.1411825594e-03
5.1480000000e+00 -2.5256373960e-05 1.1047207954e-03
5.1490000000e+00 -2.4782293329e-05 1.0682360299e-03
5.1500000000e+00 -2.4318744676e-05 1.0317335539e-03
5.1510000000e+00 -2.3866043172e-05 9.9521866964e-04
5.1520000000e+00 -2.3424476537e-05 9.5869669153e-04
5.1530000000e+00 -2.2994269418e-05 9.2217294797e-04
5.1540000000e+00 -2.2575637950e-05 8.8565277912e-04
5.1550000000e+00 -2.2168809881e-05 8.4914153487e-04
5.1560000000e+00 -2.1774037769e-05 8.1264457438e-04
5.1570000000e+00 -2.1391558831e-05 7.7616726535e-04
5.1580000000e+00 -2.1021603476e-05 7.3971498401e-04
5.1590000000e+00 -2.0664427656e-05 7.0329311447e-04
5.1600000000e+00 -2.0320222540e-05 6.6690704759e-04
5.1610000000e+00 -1.9989131932e-05 6.3056218046e-04
5.1620000000e+00 -1.9671435086e-05 5.9426391370e-04
5.1630000000e+00 -1.9367420067e-05 5.5801765233e-04
5.1640000000e+00 -1.9077252836e-05 5.2182880615e-04
5.1650000000e+00 -1.8801077080e-05 4.8570278841e-04
5.1660000000e+00 -1.8539074018e-05 4.4964501395e-04
5.1670000000e+00 -1.8291486664e-05 4.1366089700e-04
5.1680000000e+00 -1.8058496532e-05 3.7775585297e-04
5.1690000000e+00 -1.7840199296e-05 3.4193529820e-04
5.1700000000e+00 -1.7636723064e-05 3.0620464812e-04
5.1710000000e+00 -1.7448199169e-05 2.7056931534e-04
5.1720000000e+00 -1.7274752908e-05 2.3503470868e-04
5.1730000000e+00 -1.7116503796e-05 1.9960623373e-04
5.1740000000e+00 -1.6973515085e-05 1.6428929282e-04
5.1750000000e+00 -1.6845869646e-05 1.2908928321e-04
5.1760000000e+00 -1.6733661443e-05 9.4011595208e-05
5.1770000000e+00 -1.6636962082e-05 5.9061612000e-05
5.1780000000e+00 -1.6555911041e-05 2.4244709362e-05
5.1790000000e+00 -1.6490607917e-05 -1.0433744267e-05
5.1800000000e+00 -1.6441044989e-05 -4.4968389843e-05
5.1810000000e+00 -1.6407273302e-05 -7.9353879144e-05
5.1820000000e+00 -1.6389445308e-05 -1.1358487497e-04
5.1830000000e+00 -1.6387663888e-05 -1.4765605151e-04
5.1840000000e+00 -1.6401930862e-05 -1.8156209480e-04
5.1850000000e+00 -1.6432221506e-05 -2.1529770381e-04
5.1860000000e+00 -1.6478563883e-05 -2.4885759171e-04
5.1870000000e+00 -1.6541051032e-05 -2.8223648646e-04
5.1880000000e+00 -1.6619678415e-05 -3.1542913217e-04
5.1890000000e+00 -1.6714378953e-05 -3.4843028970e-04
5.1900000000e+00 -1.6825124175e-05 -3.8123473652e-04
5.1910000000e+00 -1.6951866778e-05 -4.1383726894e-04
5.1920000000e+00 -1.7094571406e-05 -4.4623270290e-04
5.1930000000e+00 -1.7253177549e-05 -4.7841587390e-04
5.1940000000e+00 -1.7427598940e-05 -5.1038163731e-04
5.1950000000e+00 -1.7617743130e-05 -5.4212487011e-04
5.1960000000e+00 -1.7823487800e-05 -5.7364047189e-04
5.1970000000e+00 -1.8044772202e-05 -6.0492336552e-04
5.1980000000e+00 -1.8281579809e-05 -6.3596849735e-04
5.1990000000e+00 -1.8533800006e-05 -6.6677083720e-04
5.2000000000e+00 -1.8801251139e-05 -6.9732538137e-04
5.2010000000e+00 -1.9083817671e-05 -7.2762715248e-04
5.2020000000e+00 -1.9381468239e-05 -7.5767119906e-04
5.2030000000e+00 -1.9694111755e-05 -7.8745259823e-04
5.2040000000e+00 -2.0021556123e-05 -8.1696645586e-04
5.2050000000e+00 -2.0363608288e-05 -8.4620790690e-04
5.2060000000e+00 -2.0720137503e-05 -8.7517211643e-04
5.2070000000e+00 -2.1091052342e-05 -9.0385428108e-04
5.2080000000e+00 -2.1476168773e-05 -9.3224962938e-04
5.2090000000e+00 -2.1875248513e-05 -9.6035342253e-04
5.2100000000e+00 -2.2288063686e-05 -9.8816095561e-04
5.2110000000e+00 -2.2714414772e-05 -1.0156675573e-03
5.2120000000e+00 -2.3154129781e-05 -1.0428685915e-03
5.2130000000e+00 -2.3606957424e-05 -1.0697594585e-03
5.2140000000e+00 -2.4072661868e-05 -1.0963355936e-03
5.2150000000e+00 -2.4550999714e-05 -1.1225924699e-03
5.2160000000e+00 -2.5041669543e-05 -1.1485255995e-03
5.2170000000e+00 -2.5544455683e-05 -1.1741305312e-03
5.2180000000e+00 -2.6059161116e-05 -1.1994028535e-03
5.2190000000e+00 -2.6585529921e-05 -1.2243381949e-03
5.2200000000e+00 -2.7123241349e-05 -1.2489322251e-03
5.2210000000e+00 -2.7671969222e-05 -1.2731806560e-03
5.2220000000e+00 -2.8231541520e-05 -1.2970792397e-03
5.2230000000e+00 -2.8801784258e-05 -1.3206237710e-03
5.2240000000e+00 -2.9382329915e-05 -1.3438100908e-03
5.2250000000e+00 -2.9972795893e-05 -1.3666340849e-03
5.2260000000e+00 -3.0572934475e-05 -1.3890916819e-03
5.2270000000e+00 -3.1182506615e-05 -1.4111788569e-03
5.2280000000e+00 -3.1801180788e-05 -1.4328916335e-03
5.2290000000e+00 -3.2428588673e-05 -1.4542260816e-03
5.2300000000e+00 -3.3064377580e-05 -1.4751783195e-03
5.2310000000e+00 -3.3708230473e-05 -1.4957445137e-03
5.2320000000e+00 -3.4359784493e-05 -1.5159208811e-03
5.2330000000e+00 -3.5018670467e-05 -1.5357036886e-03
5.2340000000e+00 -3.5684555784e-05 -1.5550892520e-03
5.2350000000e+00 -3.6357000384e-05 -1.5740739402e-03
5.2360000000e+00 -3.7035579658e-05 -1.5926541742e-03
5.2370000000e+00 -3.7719972395e-05 -1.6108264253e-03
5.2380000000e+00 -3.8409848129e-05 -1.6285872176e-03
5.2390000000e+00 -3.9104826575e-05 -1.6459331290e-03
5.2400000000e+00 -3.9804435818e-05 -1.6628607940e-03
5.2410000000e+00 -4.0508286655e-05 -1.6793668999e-03
5.2420000000e+00 -4.1216101946e-05 -1.6954481871e-03
5.2430000000e+00 -4.1927526706e-05 -1.7111014538e-03
5.2440000000e+00 -4.2642140487e-05 -1.7263235552e-03
5.2450000000e+00 -4.3359510242e-05 -1.7411114044e-03
5.2460000000e+00 -4.4079271375e-05 -1.7554619709e-03
5.2470000000e+00 -4.4801072466e-05 -1.7693722822e-03
5.2480000000e+00 -4.5524503855e-05 -1.7828394264e-03
5.2490000000e+00 -4.6249148124e-05 -1.7958605505e-03
5.2500000000e+00 -4.6974568752e-05 -1.8084328624e-03
5.2510000000e+00 -4.7700331458e-05 -1.8205536297e-03
5.2520000000e+00 -4.8426008120e-05 -1.8322201815e-03
5.2530000000e+00 -4.9151221609e-05 -1.8434299074e-03
5.2540000000e+00 -4.9875577205e-05 -1.8541802582e-03
5.2550000000e+00 -5.0598545289e-05 -1.8644687499e-03
5.2560000000e+00 -5.1319657162e-05 -1.8742929603e-03
5.2570000000e+00 -5.2038568328e-05 -1.8836505276e-03
5.2580000000e+00 -5.2754929627e-05 -1.8925391535e-03
5.2590000000e+00 -5.3468214350e-05 -1.9009566068e-03
5.2600000000e+00 -5.4177969292e-05 -1.9089007185e-03
5.2610000000e+00 -5.4883903584e-05 -1.9163693816e-03
5.2620000000e+00 -5.5585580782e-05 -1.9233605593e-03
5.2630000000e+00 -5.6282694064e-05 -1.9298722759e-03
5.2640000000e+00 -5.6974889661e-05 -1.9359026230e-03
5.2650000000e+00 -5.7661634234e-05 -1.9414497648e-03
5.2660000000e+00 -5.8342564298e-05 -1.9465119271e-03
5.2670000000e+00 -5.9017337197e-05 -1.9510874029e-03
5.2680000000e+00 -5.9685616379e-05 -1.9551745543e-03
5.2690000000e+00 -6.0346956221e-05 -1.9587718135e-03
5.2700000000e+00 -6.1000835878e-05 -1.9618776836e-03
5.2710000000e+00 -6.1646949396e-05 -1.9644907310e-03
5.2720000000e+00 -6.2284924761e-05 -1.9666095932e-03
5.2730000000e+00 -6.2914356561e-05 -1.9682329781e-03
5.2740000000e+00 -6.3534828066e-05 -1.9693596639e-03
5.2750000000e+00 -6.4145876177e-05 -1.9699884999e-03
5.2760000000e+00 -6.4747170326e-05 -1.9701184015e-03
5.2770000000e+00 -6.5338338676e-05 -1.9697483566e-03
5.2780000000e+00 -6.5919036949e-05 -1.9688774230e-03
5.2790000000e+00 -6.6488932268e-05 -1.9675047281e-03
5.2800000000e+00 -6.7047624273e-05 -1.9656294737e-03
5.2810000000e+00 -6.7594766566e-05 -1.9632509313e-03
5.2820000000e+00 -6.8130062199e-05 -1.9603684423e-03
5.2830000000e+00 -6.8653285743e-05 -1.9569814194e-03
5.2840000000e+00 -6.9164108329e-05 -1.9530893496e-03
5.2850000000e+00 -6.9662119457e-05 -1.9486917951e-03
5.2860000000e+00 -7.0147067794e-05 -1.9437883873e-03
5.2870000000e+00 -7.0618696464e-05 -1.9383788306e-03
5.2880000000e+00 -7.1076751552e-05 -1.9324629029e-03
5.2890000000e+00 -7.1520932370e-05 -1.9260404573e-03
5.2900000000e+00 -7.1950866354e-05 -1.9191114220e-03
5.2910000000e+00 -7.2366317174e-05 -1.9116757957e-03
5.2920000000e+00 -7.2767035796e-05 -1.9037336509e-03
5.2930000000e+00 -7.3152829288e-05 -1.8952851321e-03
5.2940000000e+00 -7.3523434577e-05 -1.8863304598e-03
5.2950000000e+00 -7.3878528095e-05 -1.8768699307e-03
5.2960000000e+00 -7.4217934777e-05 -1.8669039116e-03
5.2970000000e+00 -7.4541466398e-05 -1.8564328434e-03
5.2980000000e+00 -7.4848958966e-05 -1.8454572410e-03
5.2990000000e+00 -7.5140149737e-05 -1.8339776957e-03
5.3000000000e+00 -7.5414785083e-05 -1.8219948734e-03
5.3010000000e+00 -7.5672758826e-05 -1.8095095109e-03
5.3020000000e+00 -7.5913921823e-05 -1.7965224200e-03
5.3030000000e+00 -7.6138150276e-05 -1.7830344867e-03
5.3040000000e+00 -7.6345296894e-05 -1.7690466728e-03
5.3050000000e+00 -7.6535220417e-05 -1.7545600147e-03
5.3060000000e+00 -7.6707815161e-05 -1.7395756227e-03
5.3070000000e+00 -7.6862950911e-05 -1.7240946831e-03
5.3080000000e+00 -7.7000612694e-05 -1.7081184536e-03
5.3090000000e+00 -7.7120741945e-05 -1.6916482683e-03
5.3100000000e+00 -7.7223180310e-05 -1.6746855392e-03
5.3110000000e+00 -7.7307849750e-05 -1.6572317508e-03
5.3120000000e+00 -7.7374751809e-05 -1.6392884598e-03
5.3130000000e+00 -7.7423900642e-05 -1.6208572974e-03
5.3140000000e+00 -7.7455198056e-05 -1.6019399722e-03
5.3150000000e+00 -7.7468548057e-05 -1.5825382666e-03
5.3160000000e+00 -7.7464001032e-05 -1.5626540341e-03
5.3170000000e+00 -7.7441578334e-05 -1.5422892024e-03
5.3180000000e+00 -7.7401280541e-05 -1.5214457735e-03
5.3190000000e+00 -7.7343102675e-05 -1.5001258233e-03
5.3200000000e+00 -7.7267059719e-05 -1.4783315011e-03
5.3210000000e+00 -7.7173211552e-05 -1.4560650282e-03
5.3220000000e+00 -7.7061592707e-05 -1.4333286999e-03
5.3230000000e+00 -7.6932348607e-05 -1.4101248813e-03
5.3240000000e+00 -7.6785576862e-05 -1.3864560117e-03
5.3250000000e+00 -7.6621294081e-05 -1.3623246068e-03
5.3260000000e+00 -7.6439646143e-05 -1.3377332511e-03
5.3270000000e+00 -7.6240869563e-05 -1.3126845983e-03
5.3280000000e+00 -7.6025157847e-05 -1.2871813767e-03
5.3290000000e+00 -7.5792542715e-05 -1.2612263908e-03
5.3300000000e+00 -7.5543120233e-05 -1.2348225161e-03
5.3310000000e+00 -7.5277143935e-05 -1.2079726963e-03
5.3320000000e+00 -7.4994809582e-05 -1.1806799465e-03
5.3330000000e+00 -7.4696255091e-05 -1.1529473562e-03
5.3340000000e+00 -7.4381676171e-05 -1.1247780842e-03
5.3350000000e+00 -7.4051317381e-05 -1.0961753547e-03
5.3360000000e+00 -7.3705344967e-05 -1.0671424669e-03
5.3370000000e+00 -7.3343986596e-05 -1.0376827894e-03
5.3380000000e+00 -7.2967597890e-05 -1.0077997548e-03
5.3390000000e+00 -7.2576410824e-05 -9.7749686617e-04
5.3400000000e+00 -7.2170595602e-05 -9.4677769900e-04
5.3410000000e+00 -7.1750379589e-05 -9.1564589674e-04
5.3420000000e+00 -7.1316160437e-05 -8.8410516314e-04
5.3430000000e+00 -7.0868381471e-05 -8.5215926854e-04
5.3440000000e+00 -7.0407246622e-05 -8.1981205788e-04
5.3450000000e+00 -6.9932993399e-05 -7.8706744167e-04
5.3460000000e+00 -6.9446006392e-05 -7.5392939420e-04
5.3470000000e+00 -6.8946700542e-05 -7.2040195380e-04
5.3480000000e+00 -6.8435425063e-05 -6.8648922531e-04
5.3490000000e+00 -6.7912469183e-05 -6.5219538263e-04
5.3500000000e+00 -6.7378181391e-05 -6.1752466281e-04
5.3510000000e+00 -6.6832921642e-05 -5.8248136583e-04
5.3520000000e+00 -6.6277080981e-05 -5.4706985480e-04
5.3530000000e+00 -6.5711059735e-05 -5.1129455619e-04
5.3540000000e+00 -6.5135255107e-05 -4.7515995952e-04
5.3550000000e+00 -6.4550011678e-05 -4.3867061688e-04
5.3560000000e+00 -6.3955665112e-05 -4.0183114216e-04
5.3570000000e+00 -6.3352716065e-05 -3.6464620636e-04
5.3580000000e+00 -6.2741710273e-05 -3.2712054066e-04
5.3590000000e+00 -6.2123071207e-05 -2.8925893825e-04
5.3600000000e+00 -6.1497112252e-05 -2.5106625170e-04
5.3610000000e+00 -6.0864258470e-05 -2.1254739174e-04
5.3620000000e+00 -6.0225125275e-05 -1.7370732438e-04
5.3630000000e+00 -5.9580236697e-05 -1.3455107279e-04
5.3640000000e+00 -5.8929961441e-05 -9.5083718727e-05
5.3650000000e+00 -5.8274692065e-05 -5.5310402545e-05
5.3660000000e+00 -5.7614908200e-05 -1.5236319955e-05
5.3670000000e+00 -5.6951203288e-05 2.5133283089e-05
5.3680000000e+00 -5.6284099827e-05 6.5793104977e-05
5.3690000000e+00 -5.5614004224e-05 1.0673778635e-04
5.3700000000e+00 -5.4941375707e-05 1.4796191477e-04
5.3710000000e+00 -5.4266698007e-05 1.8946002578e-04
5.3720000000e+00 -5.3590508518e-05 2.3122660661e-04
5.3730000000e+00 -5.2913339956e-05 2.7325609269e-04
5.3740000000e+00 -5.2235693788e-05 3.1554286530e-04
5.3750000000e+00 -5.1558026616e-05 3.5808125782e-04
5.3760000000e+00 -5.0880791594e-05 4.0086555559e-04
5.3770000000e+00 -5.0204594880e-05 4.4388999692e-04
5.3780000000e+00 -4.9530048935e-05 4.8714877375e-04
5.3790000000e+00 -4.8857648951e-05 5.3063602923e-04
5.3800000000e+00 -4.8187799079e-05 5.7434585954e-04
5.3810000000e+00 -4.7520998482e-05 6.1827231804e-04
5.3820000000e+00 -4.6857948695e-05 6.6240941540e-04
5.3830000000e+00 -4.6199212142e-05 7.0675111665e-04
5.3840000000e+00 -4.5545170755e-05 7.5129134355e-04
5.3850000000e+00 -4.4896320909e-05 7.9602397757e-04
5.3860000000e+00 -4.4253252606e-05 8.4094285811e-04
5.3870000000e+00 -4.3616531406e-05 8.8604178372e-04
5.3880000000e+00 -4.2986632807e-05 9.3131451489e-04
5.3890000000e+00 -4.2364052715e-05 9.7675477391e-04
5.3900000000e+00 -4.1749353227e-05 1.0223562438e-03
5.3910000000e+00 -4.1142988934e-05 1.0681125682e-03
5.3920000000e+00 -4.0545441616e-05 1.1140173564e-03
5.3930000000e+00 -3.9957313122e-05 1.1600641860e-03
5.3940000000e+00 -3.9379130511e-05 1.2062465970e-03
5.3950000000e+00 -3.8811264868e-05 1.2525580921e-03
5.3960000000e+00 -3.8254092743e-05 1.2989921435e-03
5.3970000000e+00 -3.7708231023e-05 1.3455421960e-03
5.3980000000e+00 -3.7174333088e-05 1.3922016628e-03
5.3990000000e+00 -3.6652777236e-05 1.4389639233e-03
5.4000000000e+00 -3.6143892331e-05 1.4858223289e-03
5.4010000000e+00 -3.5648225451e-05 1.5327702061e-03
5.4020000000e+00 -3.5166417646e-05 1.5798008543e-03
5.4030000000e+00 -3.4698939444e-05 1.6269075440e-03
5.4040000000e+00 -3.4246122762e-05 1.6740835207e-03
5.4050000000e+00 -3.3808411113e-05 1.7213220085e-03
5.4060000000e+00 -3.3386341782e-05 1.7686162067e-03
5.4070000000e+00 -3.2980393590e-05 1.8159592901e-03
5.4080000000e+00 -3.2590976901e-05 1.8633444140e-03
5.4090000000e+00 -3.2218518814e-05 1.9107647148e-03
5.4100000000e+00 -3.1863463870e-05 1.9582133070e-03
5.4110000000e+00 -3.1526169377e-05 2.0056832846e-03
5.4120000000e+00 -3.1206992045e-05 2.0531677249e-03
5.4130000000e+00 -3.0906389488e-05 2.1006596917e-03
5.4140000000e+00 -3.0624763612e-05 2.1481522308e-03
5.4150000000e+00 -3.0362381479e-05 2.1956383718e-03
5.4160000000e+00 -3.0119513810e-05 2.2431111314e-03
5.4170000000e+00 -2.9896595734e-05 2.2905635159e-03
5.4180000000e+00 -2.9694089542e-05 2.3379885193e-03
5.4190000000e+00 -2.9512259398e-05 2.3853791247e-03
5.4200000000e+00 -2.9351317997e-05 2.4327283066e-03
5.4210000000e+00 -2.9211597754e-05 2.4800290299e-03
5.4220000000e+00 -2.9093534252e-05 2.5272742532e-03
5.4230000000e+00 -2.8997492674e-05 2.5744569289e-03
5.4240000000e+00 -2.8923681728e-05 2.6215700034e-03
5.4250000000e+00 -2.8872325154e-05 2.6686064196e-03
5.4260000000e+00 -2.8843733264e-05 2.7155591165e-03
5.4270000000e+00 -2.8838213920e-05 2.7624210306e-03
5.4280000000e+00 -2.8855987839e-05 2.8091850970e-03
5.4290000000e+00 -2.8897234641e-05 2.8558442517e-03
5.4300000000e+00 -2.8962152010e-05 2.9023914315e-03
5.4310000000e+00 -2.9050911736e-05 2.9488195737e-03
5.4320000000e+00 -2.9163673517e-05 2.9951216191e-03
5.4330000000e+00 -2.9300645303e-05 3.0412905131e-03
5.4340000000e+00 -2.9462016333e-05 3.0873192071e-03
5.4350000000e+00 -2.9647831159e-05 3.1332006594e-03
5.4360000000e+00 -2.9858095013e-05 3.1789278330e-03
5.4370000000e+00 -3.0093002432e-05 3.2244936989e-03
5.4380000000e+00 -3.0352779500e-05 3.2698912387e-03
5.4390000000e+00 -3.0637442668e-05 3.3151134453e-03
5.4400000000e+00 -3.0946958261e-05 3.3601533235e-03
5.4410000000e+00 -3.1281412311e-05 3.4050038898e-03
5.4420000000e+00 -3.1640974734e-05 3.4496581734e-03
5.4430000000e+00 -3.2025704680e-05 3.4941092198e-03
5.4440000000e+00 -3.2435547713e-05 3.5383500912e-03
5.4450000000e+00 -3.2870508237e-05 3.5823738654e-03
5.4460000000e+00 -3.3330589853e-05 3.6261736384e-03
5.4470000000e+00 -3.3815790407e-05 3.6697425248e-03
5.4480000000e+00 -3.4326077619e-05 3.7130736603e-03
5.4490000000e+00 -3.4861370213e-05 3.7561602029e-03
5.4500000000e+00 -3.5421591205e-05 3.7989953319e-03
5.4510000000e+00 -3.6006601117e-05 3.8415722505e-03
5.4520000000e+00 -3.6616293580e-05 3.8838841854e-03
5.4530000000e+00 -3.7250616908e-05 3.9259243884e-03
5.4540000000e+00 -3.7909425736e-05 3.9676861398e-03
5.4550000000e+00 -3.8592465275e-05 4.0091627483e-03
5.4560000000e+00 -3.9299514344e-05 4.0503475498e-03
5.4570000000e+00 -4.0030492466e-05 4.0912339075e-03
5.4580000000e+00 -4.0785254516e-05 4.1318152169e-03
5.4590000000e+00 -4.1563486292e-05 4.1720849094e-03
5.4600000000e+00 -4.2364891518e-05 4.2120364478e-03
5.4610000000e+00 -4.3189249042e-05 4.2516633257e-03
5.4620000000e+00 -4.4036376134e-05 4.2909590720e-03
5.4630000000e+00 -4.4906023726e-05 4.3299172535e-03
5.4640000000e+00 -4.5797846620e-05 4.3685314755e-03
5.4650000000e+00 -4.6711535335e-05 4.4067953791e-03
5.4660000000e+00 -4.7646796009e-05 4.4447026451e-03
5.4670000000e+00 -4.8603316007e-05 4.4822469945e-03
5.4680000000e+00 -4.9580755453e-05 4.5194221897e-03
5.4690000000e+00 -5.0578748401e-05 4.5562220366e-03
5.4700000000e+00 -5.1596901712e-05 4.5926403842e-03
5.4710000000e+00 -5.2634777579e-05 4.6286711266e-03
5.4720000000e+00 -5.3691996570e-05 4.6643082012e-03
5.4730000000e+00 -5.4768217117e-05 4.6995455899e-03
5.4740000000e+00 -5.5863004994e-05 4.7343773251e-03
5.4750000000e+00 -5.6975806976e-05 4.7687974909e-03
5.4760000000e+00 -5.8106103837e-05 4.8028002173e-03
5.4770000000e+00 -5.9253520939e-05 4.8363796794e-03
5.4780000000e+00 -6.0417615058e-05 4.8695301081e-03
5.4790000000e+00 -6.1597798604e-05 4.9022457901e-03
5.4800000000e+00 -6.2793487684e-05 4.9345210632e-03
5.4810000000e+00 -6.4004173680e-05 4.9663503164e-03
5.4820000000e+00 -6.5229428298e-05 4.9977279923e-03
5.4830000000e+00 -6.6468725569e-05 5.0286485927e-03
5.4840000000e+00 -6.7721434256e-05 5.0591066795e-03
5.4850000000e+00 -6.8986972649e-05 5.0890968688e-03
5.4860000000e+00 -7.0264810971e-05 5.1186138335e-03
5.4870000000e+00 -7.1554414860e-05 5.1476523083e-03
5.4880000000e+00 -7.2855175599e-05 5.1762070889e-03
5.4890000000e+00 -7.4166485091e-05 5.2042730315e-03
5.4900000000e+00 -7.5487735252e-05 5.2318450555e-03
5.4910000000e+00 -7.6818253852e-05 5.2589181456e-03
5.4920000000e+00 -7.8157401312e-05 5.2854873476e-03
5.4930000000e+00 -7.9504589312e-05 5.3115477710e-03
5.4940000000e+00 -8.0859184957e-05 5.3370945927e-03
5.4950000000e+00 -8.2220428412e-05 5.3621230610e-03
5.4960000000e+00 -8.3587558834e-05 5.3866284904e-03
5.4970000000e+00 -8.4959994380e-05 5.4106062554e-03
5.4980000000e+00 -8.6337161000e-05 5.4340518010e-03
5.4990000000e+00 -8.7718285438e-05 5.4569606499e-03
5.5000000000e+00 -8.9102534925e-05 5.4793283966e-03
5.5010000000e+00 -9.0489261273e-05 5.5011506974e-03
5.5020000000e+00 -9.1877867753e-05 5.5224232799e-03
5.5030000000e+00 -9.3267615657e-05 5.5431419520e-03
5.5040000000e+00 -9.4657755208e-05 5.5633025943e-03
5.5050000000e+00 -9.6047581618e-05 5.5829011584e-03
5.5060000000e+00 -9.7436404393e-05 5.6019336709e-03
5.5070000000e+00 -9.8823494807e-05 5.6203962363e-03
5.5080000000e+00 -1.0020813479e-04 5.6382850353e-03
5.5090000000e+00 -1.0158965283e-04 5.6555963235e-03
5.5100000000e+00 -1.0296725914e-04 5.6723264378e-03
5.5110000000e+00 -1.0434013747e-04 5.6884717958e-03
5.5120000000e+00 -1.0570759867e-04 5.7040288893e-03
5.5130000000e+00 -1.0706898984e-04 5.7189942878e-03
5.5140000000e+00 -1.0842356462e-04 5.7333646456e-03
5.5150000000e+00 -1.0977046868e-04 5.7471367026e-03
5.5160000000e+00 -1.1110894614e-04 5.7603072762e-03
5.5170000000e+00 -1.1243837242e-04 5.7728732596e-03
5.5180000000e+00 -1.1375806196e-04 5.7848316314e-03
5.5190000000e+00 -1.1506722035e-04 5.7961794593e-03
5.5200000000e+00 -1.1636505697e-04 5.8069138953e-03
5.5210000000e+00 -1.1765091006e-04 5.8170321685e-03
5.5220000000e+00 -1.1892410804e-04 5.8265315927e-03
5.5230000000e+00 -1.2018391473e-04 5.8354095723e-03
5.5240000000e+00 -1.2142963875e-04 5.8436635965e-03
5.5250000000e+00 -1.2266056064e-04 5.8512912420e-03
5.5260000000e+00 -1.2387595620e-04 5.8582901711e-03
5.5270000000e+00 -1.2507513419e-04 5.8646581327e-03
5.5280000000e+00 -1.2625745774e-04 5.8703929644e-03
5.5290000000e+00 -1.2742229737e-04 5.8754925911e-03
5.5300000000e+00 -1.2856878655e-04 5.8799550352e-03
5.5310000000e+00 -1.2969624946e-04 5.8837784007e-03
5.5320000000e+00 -1.3080418411e-04 5.8869608745e-03
5.5330000000e+00 -1.3189185544e-04 5.8895007462e-03
5.5340000000e+00 -1.3295867003e-04 5.8913963883e-03
5.5350000000e+00 -1.3400397090e-04 5.8926462667e-03
5.5360000000e+00 -1.3502702031e-04 5.8932489442e-03
5.5370000000e+00 -1.3602728906e-04 5.8932030641e-03
5.5380000000e+00 -1.3700423231e-04 5.8925073624e-03
5.5390000000e+00 -1.3795729507e-04 5.8911606703e-03
5.5400000000e+00 -1.3888579317e-04 5.8891619176e-03
5.5410000000e+00 -1.3978906089e-04 5.8865101255e-03
5.5420000000e+00 -1.4066669771e-04 5.8832043949e-03
5.5430000000e+00 -1.4151818530e-04 5.8792439264e-03
5.5440000000e+00 -1.4234290280e-04 5.8746280208e-03
5.5450000000e+00 -1.4314027387e-04 5.8693560717e-03
5.5460000000e+00 -1.4390981028e-04 5.8634275611e-03
5.5470000000e+00 -1.4465110244e-04 5.8568420614e-03
5.5480000000e+00 -1.4536362442e-04 5.8495992483e-03
5.5490000000e+00 -1.4604686987e-04 5.8416988922e-03
5.5500000000e+00 -1.4670039478e-04 5.8331408538e-03
5.5510000000e+00 -1.4732373796e-04 5.8239250909e-03
5.5520000000e+00 -1.4791645351e-04 5.8140516566e-03
5.5530000000e+00 -1.4847817485e-04 5.8035206958e-03
5.5540000000e+00 -1.4900855631e-04 5.7923324502e-03
5.5550000000e+00 -1.4950712104e-04 5.7804872628e-03
5.5560000000e+00 -1.4997343183e-04 5.7679855713e-03
5.5570000000e+00 -1.5040723117e-04 5.7548279009e-03
5.5580000000e+00 -1.5080823755e-04 5.7410148749e-03
5.5590000000e+00 -1.5117609467e-04 5.7265472165e-03
5.5600000000e+00 -1.5151041339e-04 5.7114257475e-03
5.5610000000e+00 -1.5181092474e-04 5.6956513810e-03
5.5620000000e+00 -1.5207746428e-04 5.6792251197e-03
5.5630000000e+00 -1.5230976459e-04 5.6621480691e-03
5.5640000000e+00 -1.5250763595e-04 5.6444214290e-03
5.5650000000e+00 -1.5267084847e-04 5.6260464973e-03
5.5660000000e+00 -1.5279918897e-04 5.6070246680e-03
5.5670000000e+00 -1.5289256010e-04 5.5873574248e-03
5.5680000000e+00 -1.5295081347e-04 5.5670463516e-03
5.5690000000e+00 -1.5297385125e-04 5.5460931288e-03
5.5700000000e+00 -1.5296146401e-04 5.5244995374e-03
5.5710000000e+00 -1.5291348014e-04 5.5022674522e-03
5.5720000000e+00 -1.5282990967e-04 5.4793988360e-03
5.5730000000e+00 -1.5271069280e-04 5.4558957530e-03
5.5740000000e+00 -1.5255572239e-04 5.4317603661e-03
5.5750000000e+00 -1.5236490880e-04 5.4069949327e-03
5.5760000000e+00 -1.5213826864e-04 5.3816018020e-03
5.5770000000e+00 -1.5187583169e-04 5.3555834174e-03
5.5780000000e+00 -1.5157760495e-04 5.3289423197e-03
5.5790000000e+00 -1.5124370674e-04 5.3016811407e-03
5.5800000000e+00 -1.5087418729e-04 5.2738026068e-03
5.5810000000e+00 -1.5046911474e-04 5.2453095416e-03
5.5820000000e+00 -1.5002866338e-04 5.2162048627e-03
5.5830000000e+00 -1.4955304815e-04 5.1864915751e-03
5.5840000000e+00 -1.4904247406e-04 5.1561727815e-03
5.5850000000e+00 -1.4849701364e-04 5.1252516877e-03
5.5860000000e+00 -1.4791689687e-04 5.0937315791e-03
5.5870000000e+00 -1.4730245845e-04 5.0616158319e-03
5.5880000000e+00 -1.4665390428e-04 5.0289079265e-03
5.5890000000e+00 -1.4597147368e-04 4.9956114322e-03
5.5900000000e+00 -1.4525536288e-04 4.9617300129e-03
5.5910000000e+00 -1.4450588087e-04 4.9272674227e-03
5.5920000000e+00 -1.4372336460e-04 4.8922275040e-03
5.5930000000e+00 -1.4290805366e-04 4.8566141935e-03
5.5940000000e+00 -1.4206036361e-04 4.8204315160e-03
5.5950000000e+00 -1.4118060886e-04 4.7836835915e-03
5.5960000000e+00 -1.4026905779e-04 4.7463746298e-03
5.5970000000e+00 -1.3932618402e-04 4.7085089233e-03
5.5980000000e+00 -1.3835255238e-04 4.6700908502e-03
5.5990000000e+00 -1.3734856984e-04 4.6311248834e-03
5.6000000000e+00 -1.3631456646e-04 4.5916155915e-03
5.6010000000e+00 -1.3525109813e-04 4.5515676202e-03
5.6020000000e+00 -1.3415877355e-04 4.5109856976e-03
5.6030000000e+00 -1.3303811637e-04 4.4698746475e-03
5.6040000000e+00 -1.3188958503e-04 4.4282393830e-03
5.6050000000e+00 -1.3071378108e-04 4.3860848958e-03
5.6060000000e+00 -1.2951137972e-04 4.3434162619e-03
5.6070000000e+00 -1.2828289245e-04 4.3002386497e-03
5.6080000000e+00 -1.2702893811e-04 4.2565573066e-03
5.6090000000e+00 -1.2575024525e-04 4.2123775625e-03
5.6100000000e+00 -1.2444740351e-04 4.1677048370e-03
5.6110000000e+00 -1.2312097713e-04 4.1225446320e-03
5.6120000000e+00 -1.2177159428e-04 4.0769025313e-03
5.6130000000e+00 -1.2040005681e-04 4.0307841929e-03
5.6140000000e+00 -1.1900714709e-04 3.9841953546e-03
5.6150000000e+00 -1.1759337291e-04 3.9371418509e-03
5.6160000000e+00 -1.1615941094e-04 3.8896295895e-03
5.6170000000e+00 -1.1470611735e-04 3.8416645446e-03
5.6180000000e+00 -1.1323429120e-04 3.7932527743e-03
5.6190000000e+00 -1.1174464866e-04 3.7444004202e-03
5.6200000000e+00 -1.1023790101e-04 3.6951136995e-03
5.6210000000e+00 -1.0871491425e-04 3.6453989013e-03
5.6220000000e+00 -1.0717652275e-04 3.5952623920e-03
5.6230000000e+00 -1.0562354786e-04 3.5447106110e-03
5.6240000000e+00 -1.0405682247e-04 3.4937500726e-03
5.6250000000e+00 -1.0247720051e-04 3.4423873677e-03
5.6260000000e+00 -1.0088555191e-04 3.3906291564e-03
5.6270000000e+00 -9.9282703748e-05 3.3384821710e-03
5.6280000000e+00 -9.7669626686e-05 3.2859532137e-03
5.6290000000e+00 -9.6047296104e-05 3.2330491548e-03
5.6300000000e+00 -9.4416554331e-05 3.1797769393e-03
5.6310000000e+00 -9.2778201599e-05 3.1261435840e-03
5.6320000000e+00 -9.1133150869e-05 3.0721561677e-03
5.6330000000e+00 -8.9482479516e-05 3.0178218320e-03
5.6340000000e+00 -8.7827109317e-05 2.9631477911e-03
5.6350000000e+00 -8.6167809126e-05 2.9081413275e-03
5.6360000000e+00 -8.4505463863e-05 2.8528097848e-03
5.6370000000e+00 -8.2841053382e-05 2.7971605691e-03
5.6380000000e+00 -8.1175597901e-05 2.7412011451e-03
5.6390000000e+00 -7.9509999787e-05 2.6849390416e-03
5.6400000000e+00 -7.7845079485e-05 2.6283818542e-03
5.6410000000e+00 -7.6181846307e-05 2.5715372313e-03
5.6420000000e+00 -7.4521313315e-05 2.5144128775e-03
5.6430000000e+00 -7.2864398772e-05 2.4570165585e-03
5.6440000000e+00 -7.1212083655e-05 2.3993560946e-03
5.6450000000e+00 -6.9565398203e-05 2.3414393631e-03
5.6460000000e+00 -6.7925305601e-05 2.2832742965e-03
5.6470000000e+00 -6.6292714622e-05 2.2248688803e-03
5.6480000000e+00 -6.4668678155e-05 2.1662311508e-03
5.6490000000e+00 -6.3054284967e-05 2.1073691946e-03
5.6500000000e+00 -6.1450457735e-05 2.0482911536e-03
5.6510000000e+00 -5.9858009169e-05 1.9890052214e-03
5.6520000000e+00 -5.8277908158e-05 1.9295196356e-03
5.6530000000e+00 -5.6711321841e-05 1.8698426774e-03
5.6540000000e+00 -5.5159157923e-05 1.8099826806e-03
5.6550000000e+00 -5.3622128516e-05 1.7499480280e-03
5.6560000000e+00 -5.2101181910e-05 1.6897471405e-03
5.6570000000e+00 -5.0597386382e-05 1.6293884779e-03
5.6580000000e+00 -4.9111667503e-05 1.5688805465e-03
5.6590000000e+00 -4.7644794303e-05 1.5082318956e-03
5.6600000000e+00 -4.6197673198e-05 1.4474511088e-03
5.6610000000e+00 -4.4771348813e-05 1.3865468063e-03
5.6620000000e+00 -4.3366660736e-05 1.3255276505e-03
5.6630000000e+00 -4.1984418286e-05 1.2644023376e-03
5.6640000000e+00 -4.0625631134e-05 1.2031795929e-03
5.6650000000e+00 -3.9291247135e-05 1.1418681798e-03
5.6660000000e+00 -3.7981996870e-05 1.0804768978e-03
5.6670000000e+00 -3.6698635879e-05 1.0190145735e-03
5.6680000000e+00 -3.5442160858e-05 9.5749005915e-04
5.6690000000e+00 -3.4213561799e-05 8.9591223692e-04
5.6700000000e+00 -3.3013486893e-05 8.3429002363e-04
5.6710000000e+00 -3.1842559822e-05 7.7263236072e-04
5.6720000000e+00 -3.0701707811e-05 7.1094820678e-04
5.6730000000e+00 -2.9591867946e-05 6.4924654553e-04
5.6740000000e+00 -2.8513698041e-05 5.8753638878e-04
5.6750000000e+00 -2.7467757260e-05 5.2582676809e-04
5.6760000000e+00 -2.6454795137e-05 4.6412673013e-04
5.6770000000e+00 -2.5475654204e-05 4.0244533999e-04
5.6780000000e+00 -2.4530998468e-05 3.4079168233e-04
5.6790000000e+00 -2.3621379685e-05 2.7917485711e-04
5.6800000000e+00 -2.2747492699e-05 2.1760397597e-04
5.6810000000e+00 -2.1910039165e-05 1.5608816484e-04
5.6820000000e+00 -2.1109589132e-05 9.4636561827e-05
5.6830000000e+00 -2.0346715823e-05 3.3258313278e-05
5.6840000000e+00 -1.9622055581e-05 -2.8037427839e-05
5.6850000000e+00 -1.8936203174e-05 -8.9241499598e-05
5.6860000000e+00 -1.8289609076e-05 -1.5034473126e-04
5.6870000000e+00 -1.7682731630e-05 -2.1133794855e-04
5.6880000000e+00 -1.7116177749e-05 -2.7221197418e-04
5.6890000000e+00 -1.6590522172e-05 -3.3295762650e-04
5.6900000000e+00 -1.6106089752e-05 -3.9356572346e-04
5.6910000000e+00 -1.5663191257e-05 -4.5402708560e-04
5.6920000000e+00 -1.5262331472e-05 -5.1433253559e-04
5.6930000000e+00 -1.4904013484e-05 -5.7447290060e-04
5.6940000000e+00 -1.4588584199e-05 -6.3443901143e-04
5.6950000000e+00 -1.4316268626e-05 -6.9422170412e-04
5.6960000000e+00 -1.4087363368e-05 -7.5381182355e-04
5.6970000000e+00 -1.3902261340e-05 -8.1320022449e-04
5.6980000000e+00 -1.3761245692e-05 -8.7237777176e-04
5.6990000000e+00 -1.3664493730e-05 -9.3133534315e-04
5.7000000000e+00 -1.3612205589e-05 -9.9006383007e-04
5.7010000000e+00 -1.3604593317e-05 -1.0485541365e-03
5.7020000000e+00 -1.3641834160e-05 -1.1067971848e-03
5.7030000000e+00 -1.3724047255e-05 -1.1647839149e-03
5.7040000000e+00 -1.3851363595e-05 -1.2225052848e-03
5.7050000000e+00 -1.4023919804e-05 -1.2799522745e-03
5.7060000000e+00 -1.4241702949e-05 -1.3371158855e-03
5.7070000000e+00 -1.4504669070e-05 -1.3939871422e-03
5.7080000000e+00 -1.4812956605e-05 -1.4505570934e-03
5.7090000000e+00 -1.5166652093e-05 -1.5068168137e-03
5.7100000000e+00 -1.5565593435e-05 -1.5627574068e-03
5.7110000000e+00 -1.6009634909e-05 -1.6183700053e-03
5.7120000000e+00 -1.6498754365e-05 -1.6736457709e-03
5.7130000000e+00 -1.7032939467e-05 -1.7285758962e-03
5.7140000000e+00 -1.7612017531e-05 -1.7831516089e-03
5.7150000000e+00 -1.8235687866e-05 -1.8373641718e-03
5.7160000000e+00 -1.8903797082e-05 -1.8912048809e-03
5.7170000000e+00 -1.9616177097e-05 -1.9446650709e-03
5.7180000000e+00 -2.0372556262e-05 -1.9977361155e-03
5.7190000000e+00 -2.1172641783e-05 -2.0504094278e-03
5.7200000000e+00 -2.2016089293e-05 -2.1026764643e-03
5.7210000000e+00 -2.2902612759e-05 -2.1545287219e-03
5.7220000000e+00 -2.3831860406e-05 -2.2059577442e-03
5.7230000000e+00 -2.4803426890e-05 -2.2569551195e-03
5.7240000000e+00 -2.5816981522e-05 -2.3075124821e-03
5.7250000000e+00 -2.6872101810e-05 -2.3576215169e-03
5.7260000000e+00 -2.7968251227e-05 -2.4072739588e-03
5.7270000000e+00 -2.9104946611e-05 -2.4564615936e-03
5.7280000000e+00 -3.0281805131e-05 -2.5051762571e-03
5.7290000000e+00 -3.1498329046e-05 -2.5534098399e-03
5.7300000000e+00 -3.2753849291e-05 -2.6011542922e-03
5.7310000000e+00 -3.4047733642e-05 -2.6484016191e-03
5.7320000000e+00 -3.5379431391e-05 -2.6951438815e-03
5.7330000000e+00 -3.6748401222e-05 -2.7413731984e-03
5.7340000000e+00 -3.8153941885e-05 -2.7870817535e-03
5.7350000000e+00 -3.9595279204e-05 -2.8322617924e-03
5.7360000000e+00 -4.1071760981e-05 -2.8769056201e-03
5.7370000000e+00 -4.2582701190e-05 -2.9210056087e-03
5.7380000000e+00 -4.4127362923e-05 -2.9645541946e-03
5.7390000000e+00 -4.5704953997e-05 -3.0075438823e-03
5.7400000000e+00 -4.7314677843e-05 -3.0499672447e-03
5.7410000000e+00 -4.8955789098e-05 -3.0918169207e-03
5.7420000000e+00 -5.0627434619e-05 -3.1330856245e-03
5.7430000000e+00 -5.2328787629e-05 -3.1737661408e-03
5.7440000000e+00 -5.4059073836e-05 -3.2138513227e-03
5.7450000000e+00 -5.5817415755e-05 -3.2533341023e-03
5.7460000000e+00 -5.7602863712e-05 -3.2922074901e-03
5.7470000000e+00 -5.9414480531e-05 -3.3304645703e-03
5.7480000000e+00 -6.1251435374e-05 -3.3680985018e-03
5.7490000000e+00 -6.3112818986e-05 -3.4051025268e-03
5.7500000000e+00 -6.4997550559e-05 -3.4414699705e-03
5.7510000000e+00 -6.6904569650e-05 -3.4771942388e-03
5.7520000000e+00 -6.8832925504e-05 -3.5122688171e-03
5.7530000000e+00 -7.0781692865e-05 -3.5466872731e-03
5.7540000000e+00 -7.2749773994e-05 -3.5804432643e-03
5.7550000000e+00 -7.4736023961e-05 -3.6135305356e-03
5.7560000000e+00 -7.6739388697e-05 -3.6459429150e-03
5.7570000000e+00 -7.8758868750e-05 -3.6776743157e-03
5.7580000000e+00 -8.0793416469e-05 -3.7087187433e-03
5.7590000000e+00 -8.2841854180e-05 -3.7390702952e-03
5.7600000000e+00 -8.4903105560e-05 -3.7687231554e-03
5.7610000000e+00 -8.6976119710e-05 -3.7976716001e-03
5.7620000000e+00 -8.9059734162e-05 -3.8259100025e-03
5.7630000000e+00 -9.1152838757e-05 -3.8534328264e-03
5.7640000000e+00 -9.3254343831e-05 -3.8802346302e-03
5.7650000000e+00 -9.5363140982e-05 -3.9063100690e-03
5.7660000000e+00 -9.7478027643e-05 -3.9316538979e-03
5.7670000000e+00 -9.9597756749e-05 -3.9562609727e-03
5.7680000000e+00 -1.0172128752e-04 -3.9801262389e-03
5.7690000000e+00 -1.0384754545e-04 -4.0032447425e-03
5.7700000000e+00 -1.0597521465e-04 -4.0256116411e-03
5.7710000000e+00 -1.0810300928e-04 -4.0472221934e-03
5.7720000000e+00 -1.1022983597e-04 -4.0680717506e-03
5.7730000000e+00 -1.1235459315e-04 -4.0881557680e-03
5.7740000000e+00 -1.1447599910e-04 -4.1074698143e-03
5.7750000000e+00 -1.1659279374e-04 -4.1260095602e-03
5.7760000000e+00 -1.1870383010e-04 -4.1437707766e-03
5.7770000000e+00 -1.2080796445e-04 -4.1607493421e-03
5.7780000000e+00 -1.2290395567e-04 -4.1769412461e-03
5.7790000000e+00 -1.2499057897e-04 -4.1923425848e-03
5.7800000000e+00 -1.2706672939e-04 -4.2069495577e-03
5.7810000000e+00 -1.2913119806e-04 -4.2207584782e-03
5.7820000000e+00 -1.3118274357e-04 -4.2337657716e-03
5.7830000000e+00 -1.3322024557e-04 -4.2459679687e-03
5.7840000000e+00 -1.3524262123e-04 -4.2573617099e-03
5.7850000000e+00 -1.3724871522e-04 -4.2679437504e-03
5.7860000000e+00 -1.3923725399e-04 -4.2777109638e-03
5.7870000000e+00 -1.4120710597e-04 -4.2866603327e-03
5.7880000000e+00 -1.4315728318e-04 -4.2947889460e-03
5.7890000000e+00 -1.4508665901e-04 -4.3020940141e-03
5.7900000000e+00 -1.4699401711e-04 -4.3085728691e-03
5.7910000000e+00 -1.4887821351e-04 -4.3142229563e-03
5.7920000000e+00 -1.5073822532e-04 -4.3190418305e-03
5.7930000000e+00 -1.5257298964e-04 -4.3230271659e-03
5.7940000000e+00 -1.5438134388e-04 -4.3261767571e-03
5.7950000000e+00 -1.5616220481e-04 -4.3284885140e-03
5.7960000000e+00 -1.5791454157e-04 -4.3299604640e-03
5.7970000000e+00 -1.5963718976e-04 -4.3305907573e-03
5.7980000000e+00 -1.6132916336e-04 -4.3303776554e-03
5.7990000000e+00 -1.6298957596e-04 -4.3293195370e-03
5.8000000000e+00 -1.6461729040e-04 -4.3274149138e-03
5.8010000000e+00 -1.6621135536e-04 -4.3246624070e-03
5.8020000000e+00 -1.6777088643e-04 -4.3210607560e-03
5.8030000000e+00 -1.6929488384e-04 -4.3166088286e-03
5.8040000000e+00 -1.7078247610e-04 -4.3113056069e-03
5.8050000000e+00 -1.7223276817e-04 -4.3051501971e-03
5.8060000000e+00 -1.7364491818e-04 -4.2981418266e-03
5.8070000000e+00 -1.7501804952e-04 -4.2902798480e-03
5.8080000000e+00 -1.7635128854e-04 -4.2815637361e-03
5.8090000000e+00 -1.7764399782e-04 -4.2719930761e-03
5.8100000000e+00 -1.7889535510e-04 -4.2615675875e-03
5.8110000000e+00 -1.8010445512e-04 -4.2502871212e-03
5.8120000000e+00 -1.8127056686e-04 -4.2381516424e-03
5.8130000000e+00 -1.8239303723e-04 -4.2251612354e-03
5.8140000000e+00 -1.8347119430e-04 -4.2113161114e-03
5.8150000000e+00 -1.8450419715e-04 -4.1966166152e-03
5.8160000000e+00 -1.8549133406e-04 -4.1810632114e-03
5.8170000000e+00 -1.8643208762e-04 -4.1646564777e-03
5.8180000000e+00 -1.8732586063e-04 -4.1473971223e-03
5.8190000000e+00 -1.8817198777e-04 -4.1292859833e-03
5.8200000000e+00 -1.8896988967e-04 -4.1103240179e-03
5.8210000000e+00 -1.8971912779e-04 -4.0905123015e-03
5.8220000000e+00 -1.9041918001e-04 -4.0698520412e-03
5.8230000000e+00 -1.9106953216e-04 -4.0483445689e-03
5.8240000000e+00 -1.9166986558e-04 -4.0259913298e-03
5.8250000000e+00 -1.9221975246e-04 -4.0027939026e-03
5.8260000000e+00 -1.9271875427e-04 -3.9787539931e-03
5.8270000000e+00 -1.9316651314e-04 -3.9538734286e-03
5.8280000000e+00 -1.9356277489e-04 -3.9281541572e-03
5.8290000000e+00 -1.9390735522e-04 -3.9015982486e-03
5.8300000000e+00 -1.9419986137e-04 -3.8742079102e-03
5.8310000000e+00 -1.9444007826e-04 -3.8459854670e-03
5.8320000000e+00 -1.9462787714e-04 -3.8169333602e-03
5.8330000000e+00 -1.9476308566e-04 -3.7870541624e-03
5.8340000000e+00 -1.9484563058e-04 -3.7563505753e-03
5.8350000000e+00 -1.9487537241e-04 -3.7248254215e-03
5.8360000000e+00 -1.9485223496e-04 -3.6924816467e-03
5.8370000000e+00 -1.9477611273e-04 -3.6593223279e-03
5.8380000000e+00 -1.9464698393e-04 -3.6253506533e-03
5.8390000000e+00 -1.9446493534e-04 -3.5905699322e-03
5.8400000000e+00 -1.9422997307e-04 -3.5549836080e-03
5.8410000000e+00 -1.9394214301e-04 -3.5185952418e-03
5.8420000000e+00 -1.9360153099e-04 -3.4814085160e-03
5.8430000000e+00 -1.9320840513e-04 -3.4434272299e-03
5.8440000000e+00 -1.9276295862e-04 -3.4046553080e-03
5.8450000000e+00 -1.9226529576e-04 -3.3650967990e-03
5.8460000000e+00 -1.9171575950e-04 -3.3247558675e-03
5.8470000000e+00 -1.9111467763e-04 -3.2836368032e-03
5.8480000000e+00 -1.9046241762e-04 -3.2417440087e-03
5.8490000000e+00 -1.8975934562e-04 -3.1990820133e-03
5.8500000000e+00 -1.8900586180e-04 -3.1556554673e-03
5.8510000000e+00 -1.8820244077e-04 -3.1114691335e-03
5.8520000000e+00 -1.8734945315e-04 -3.0665279056e-03
5.8530000000e+00 -1.8644745163e-04 -3.0208367864e-03
5.8540000000e+00 -1.8549707677e-04 -2.9744008920e-03
5.8550000000e+00 -1.8449877421e-04 -2.9272254725e-03
5.8560000000e+00 -1.8345303934e-04 -2.8793158931e-03
5.8570000000e+00 -1.8236052517e-04 -2.8306776268e-03
5.8580000000e+00 -1.8122195791e-04 -2.7813162625e-03
5.8590000000e+00 -1.8003796958e-04 -2.7312375128e-03
5.8600000000e+00 -1.7880911434e-04 -2.6804472063e-03
5.8610000000e+00 -1.7753623144e-04 -2.6289512767e-03
5.8620000000e+00 -1.7622013981e-04 -2.5767557763e-03
5.8630000000e+00 -1.7486150147e-04 -2.5238668741e-03
5.8640000000e+00 -1.7346115999e-04 -2.4702908484e-03
5.8650000000e+00 -1.7202013988e-04 -2.4160340820e-03
5.8660000000e+00 -1.7053929858e-04 -2.3611030741e-03
5.8670000000e+00 -1.6901932929e-04 -2.3055044517e-03
5.8680000000e+00 -1.6746130306e-04 -2.2492449357e-03
5.8690000000e+00 -1.6586634745e-04 -2.1923313462e-03
5.8700000000e+00 -1.6423538391e-04 -2.1347706290e-03
5.8710000000e+00 -1.6256932755e-04 -2.0765698459e-03
5.8720000000e+00 -1.6086930796e-04 -2.0177361532e-03
5.8730000000e+00 -1.5913663838e-04 -1.9582768052e-03
5.8740000000e+00 -1.5737229234e-04 -1.8981991823e-03
5.8750000000e+00 -1.5557729289e-04 -1.8375107702e-03
5.8760000000e+00 -1.5375295475e-04 -1.7762191475e-03
5.8770000000e+00 -1.5190046082e-04 -1.7143320022e-03
5.8780000000e+00 -1.5002092748e-04 -1.6518571288e-03
5.8790000000e+00 -1.4811549169e-04 -1.5888024292e-03
5.8800000000e+00 -1.4618546605e-04 -1.5251758969e-03
5.8810000000e+00 -1.4423224563e-04 -1.4609856174e-03
5.8820000000e+00 -1.4225695771e-04 -1.3962397943e-03
5.8830000000e+00 -1.4026085666e-04 -1.3309467264e-03
5.8840000000e+00 -1.3824540840e-04 -1.2651147985e-03
5.8850000000e+00 -1.3621195748e-04 -1.1987524978e-03
5.8860000000e+00 -1.3416181263e-04 -1.1318684106e-03
5.8870000000e+00 -1.3209629180e-04 -1.0644712205e-03
5.8880000000e+00 -1.3001688593e-04 -9.9656969923e-04
5.8890000000e+00 -1.2792507478e-04 -9.2817271150e-04
5.8900000000e+00 -1.2582220379e-04 -8.5928921687e-04
5.8910000000e+00 -1.2370965636e-04 -7.8992826657e-04
5.8920000000e+00 -1.2158890414e-04 -7.2009900554e-04
5.8930000000e+00 -1.1946152651e-04 -6.4981065964e-04
5.8940000000e+00 -1.1732891462e-04 -5.7907254549e-04
5.8950000000e+00 -1.1519248951e-04 -5.0789407427e-04
5.8960000000e+00 -1.1305385937e-04 -4.3628473850e-04
5.8970000000e+00 -1.1091457622e-04 -3.6425411402e-04
5.8980000000e+00 -1.0877609752e-04 -2.9181186126e-04
5.8990000000e+00 -1.0663984418e-04 -2.1896772513e-04
5.9000000000e+00 -1.0450746029e-04 -1.4573153048e-04
5.9010000000e+00 -1.0238055753e-04 -7.2113179419e-05
5.9020000000e+00 -1.0026050807e-04 1.8773475439e-06
5.9030000000e+00 -9.8148778109e-05 7.6229990207e-05
5.9040000000e+00 -9.6046959809e-05 1.5093460770e-04
5.9050000000e+00 -9.3956687214e-05 2.2598099425e-04
5.9060000000e+00 -9.1879426503e-05 3.0135887230e-04
5.9070000000e+00 -8.9816557861e-05 3.7705787974e-04
5.9080000000e+00 -8.7769776153e-05 4.5306758954e-04
5.9090000000e+00 -8.5740708503e-05 5.2937751152e-04
5.9100000000e+00 -8.3730712793e-05 6.0597708193e-04
5.9110000000e+00 -8.1741280853e-05 6.8285566757e-04
5.9120000000e+00 -7.9774084343e-05 7.6000257058e-04
5.9130000000e+00 -7.7830690380e-05 8.3740703105e-04
5.9140000000e+00 -7.5912447482e-05 9.1505822415e-04
5.9150000000e+00 -7.4020865939e-05 9.9294526518e-04
5.9160000000e+00 -7.2157632925e-05 1.0710572124e-03
5.9170000000e+00 -7.0324230226e-05 1.1493830574e-03
5.9180000000e+00 -6.8521938800e-05 1.2279117356e-03
5.9190000000e+00 -6.6752180970e-05 1.3066321344e-03
5.9200000000e+00 -6.5016684405e-05 1.3855330831e-03
5.9210000000e+00 -6.3316876663e-05 1.4646033565e-03
5.9220000000e+00 -6.1653886534e-05 1.5438316779e-03
5.9230000000e+00 -6.0029187235e-05 1.6232067264e-03
5.9240000000e+00 -5.8444372602e-05 1.7027171356e-03
5.9250000000e+00 -5.6900832226e-05 1.7823514865e-03
5.9260000000e+00 -5.5399685302e-05 1.8620983155e-03
5.9270000000e+00 -5.3942215508e-05 1.9419461252e-03
5.9280000000e+00 -5.2530022612e-05 2.0218833749e-03
5.9290000000e+00 -5.1164358103e-05 2.1018984760e-03
5.9300000000e+00 -4.9846269110e-05 2.1819798086e-03
5.9310000000e+00 -4.8577069728e-05 2.2621157205e-03
5.9320000000e+00 -4.7358139641e-05 2.3422945190e-03
5.9330000000e+00 -4.6190576092e-05 2.4225044736e-03
5.9340000000e+00 -4.5075365464e-05 2.5027338289e-03
5.9350000000e+00 -4.4013779999e-05 2.5829708065e-03
5.9360000000e+00 -4.3007174146e-05 2.6632035966e-03
5.9370000000e+00 -4.2056499513e-05 2.7434203566e-03
5.9380000000e+00 -4.1162589075e-05 2.8236092220e-03
5.9390000000e+00 -4.0326637507e-05 2.9037583133e-03
5.9400000000e+00 -3.9549869977e-05 2.9838557205e-03
5.9410000000e+00 -3.8833157245e-05 3.0638895099e-03
5.9420000000e+00 -3.8177205101e-05 3.1438477390e-03
5.9430000000e+00 -3.7582973282e-05 3.2237184541e-03
5.9440000000e+00 -3.7051588790e-05 3.3034896838e-03
5.9450000000e+00 -3.6583878206e-05 3.3831494435e-03
5.9460000000e+00 -3.6180423961e-05 3.4626857438e-03
5.9470000000e+00 -3.5842060326e-05 3.5420865893e-03
5.9480000000e+00 -3.5569753169e-05 3.6213399763e-03
5.9490000000e+00 -3.5364158559e-05 3.7004338935e-03
5.9500000000e+00 -3.5225791047e-05 3.7793563320e-03
5.9510000000e+00 -3.5155311102e-05 3.8580952896e-03
5.9520000000e+00 -3.5153461393e-05 3.9366387584e-03
5.9530000000e+00 -3.5220752335e-05 4.0149747286e-03
5.9540000000e+00 -3.5357530640e-05 4.0930912053e-03
5.9550000000e+00 -3.5564341396e-05 4.1709762005e-03
5.9560000000e+00 -3.5841795878e-05 4.2486177296e-03
5.9570000000e+00 -3.6190188161e-05 4.3260038219e-03
5.9580000000e+00 -3.6609684597e-05 4.4031225208e-03
5.9590000000e+00 -3.7100714802e-05 4.4799618832e-03
5.9600000000e+00 -3.7663742507e-05 4.5565099822e-03
5.9610000000e+00 -3.8298983744e-05 4.6327549073e-03
5.9620000000e+00 -3.9006454326e-05 4.7086847725e-03
5.9630000000e+00 -3.9786334722e-05 4.7842877154e-03
5.9640000000e+00 -4.0638966565e-05 4.8595518927e-03
5.9650000000e+00 -4.1564402187e-05 4.9344654903e-03
5.9660000000e+00 -4.2562513814e-05 5.0090167258e-03
5.9670000000e+00 -4.3633273761e-05 5.0831938459e-03
5.9680000000e+00 -4.4776756215e-05 5.1569851275e-03
5.9690000000e+00 -4.5992888729e-05 5.2303788811e-03
5.9700000000e+00 -4.7281391924e-05 5.3033634574e-03
5.9710000000e+00 -4.8642080688e-05 5.3759272437e-03
5.9720000000e+00 -5.0074850211e-05 5.4480586664e-03
5.9730000000e+00 -5.1579372930e-05 5.5197461950e-03
5.9740000000e+00 -5.3155171694e-05 5.5909783443e-03
5.9750000000e+00 -5.4801960809e-05 5.6617436730e-03
5.9760000000e+00 -5.6519464608e-05 5.7320307850e-03
5.9770000000e+00 -5.8307106709e-05 5.8018283390e-03
5.9780000000e+00 -6.0164257926e-05 5.8711250444e-03
5.9790000000e+00 -6.2090474665e-05 5.9399096609e-03
5.9800000000e+00 -6.4085323543e-05 6.0081710025e-03
5.9810000000e+00 -6.6148100796e-05 6.0758979423e-03
5.9820000000e+00 -6.8277964439e-05 6.1430794162e-03
5.9830000000e+00 -7.0474317456e-05 6.2097044145e-03
5.9840000000e+00 -7.2736546997e-05 6.2757619888e-03
5.9850000000e+00 -7.5063792783e-05 6.3412412600e-03
5.9860000000e+00 -7.7455142271e-05 6.4061314167e-03
5.9870000000e+00 -7.9909725763e-05 6.4704217140e-03
5.9880000000e+00 -8.2426775494e-05 6.5341014727e-03
5.9890000000e+00 -8.5005335360e-05 6.5971600917e-03
5.9900000000e+00 -8.7644294106e-05 6.6595870441e-03
5.9910000000e+00 -9.0342685157e-05 6.7213718766e-03
5.9920000000e+00 -9.3099496100e-05 6.7825042136e-03
5.9930000000e+00 -9.5913524006e-05 6.8429737581e-03
5.9940000000e+00 -9.8783532842e-05 6.9027702986e-03
5.9950000000e+00 -1.0170843938e-04 6.9618836996e-03
5.9960000000e+00 -1.0468707322e-04 7.0203039080e-03
5.9970000000e+00 -1.0771802745e-04 7.0780209701e-03
5.9980000000e+00 -1.1079990922e-04 7.1350250147e-03
5.9990000000e+00 -1.1393144462e-04 7.1913062500e-03
6.0000000000e+00 -1.1711139873e-04 7.2468549775e-03
6.0010000000e+00 -1.2033828102e-04 7.3016615994e-03
6.0020000000e+00 -1.2361048641e-04 7.3557166101e-03
6.0030000000e+00 -1.2692662988e-04 7.4090105911e-03
6.0040000000e+00 -1.3028531897e-04 7.4615342226e-03
6.0050000000e+00 -1.3368497772e-04 7.5132782877e-03
6.0060000000e+00 -1.3712390002e-04 7.5642336755e-03
6.0070000000e+00 -1.4060050638e-04 7.6143913706e-03
6.0080000000e+00 -1.4411330345e-04 7.6637424545e-03
6.0090000000e+00 -1.4766057857e-04 7.7122781262e-03
6.0100000000e+00 -1.5124059580e-04 7.7599896903e-03
6.0110000000e+00 -1.5485172342e-04 7.8068685479e-03
6.0120000000e+00 -1.5849227808e-04 7.8529062169e-03
6.0130000000e+00 -1.6216042890e-04 7.8980943345e-03
6.0140000000e+00 -1.6585430638e-04 7.9424246450e-03
6.0150000000e+00 -1.6957220026e-04 7.9858889977e-03
6.0160000000e+00 -1.7331232016e-04 8.0284793649e-03
6.0170000000e+00 -1.7707268081e-04 8.0701878448e-03
6.0180000000e+00 -1.8085133280e-04 8.1110066445e-03
6.0190000000e+00 -1.8464641950e-04 8.1509280846e-03
6.0200000000e+00 -1.8845613103e-04 8.1899446068e-03
6.0210000000e+00 -1.9227846569e-04 8.2280487839e-03
6.0220000000e+00 -1.9611133148e-04 8.2652333151e-03
6.0230000000e+00 -1.9995280527e-04 8.3014910091e-03
6.0240000000e+00 -2.0380103828e-04 8.3368147966e-03
6.0250000000e+00 -2.0765406370e-04 8.3711977446e-03
6.0260000000e+00 -2.1150973555e-04 8.4046330536e-03
6.0270000000e+00 -2.1536607992e-04 8.4371140412e-03
6.0280000000e+00 -2.1922122236e-04 8.4686341502e-03
6.0290000000e+00 -2.2307309610e-04 8.4991869667e-03
6.0300000000e+00 -2.2691959714e-04 8.5287662117e-03
6.0310000000e+00 -2.3075871590e-04 8.5573657283e-03
6.0320000000e+00 -2.3458852631e-04 8.5849794908e-03
6.0330000000e+00 -2.3840691629e-04 8.6116016261e-03
6.0340000000e+00 -2.4221168189e-04 8.6372263985e-03
6.0350000000e+00 -2.4600090491e-04 8.6618481884e-03
6.0360000000e+00 -2.4977267951e-04 8.6854615169e-03
6.0370000000e+00 -2.5352480391e-04 8.7080610645e-03
6.0380000000e+00 -2.5725506043e-04 8.7296416520e-03
6.0390000000e+00 -2.6096152965e-04 8.7501982182e-03
6.0400000000e+00 -2.6464230380e-04 8.7697258437e-03
6.0410000000e+00 -2.6829518222e-04 8.7882197771e-03
6.0420000000e+00 -2.7191801818e-04 8.8056754088e-03
6.0430000000e+00 -2.7550890133e-04 8.8220882489e-03
6.0440000000e+00 -2.7906590863e-04 8.8374539565e-03
6.0450000000e+00 -2.8258693503e-04 8.8517683543e-03
6.0460000000e+00 -2.8606988838e-04 8.8650274048e-03
6.0470000000e+00 -2.8951292689e-04 8.8772271996e-03
6.0480000000e+00 -2.9291411530e-04 8.8883639862e-03
6.0490000000e+00 -2.9627138500e-04 8.8984341714e-03
6.0500000000e+00 -2.9958282835e-04 8.9074343038e-03
6.0510000000e+00 -3.0284662687e-04 8.9153610739e-03
6.0520000000e+00 -3.0606091871e-04 8.9222113274e-03
6.0530000000e+00 -3.0922369853e-04 8.9279820733e-03
6.0540000000e+00 -3.1233310773e-04 8.9326704638e-03
6.0550000000e+00 -3.1538747964e-04 8.9362737902e-03
6.0560000000e+00 -3.1838499503e-04 8.9387895048e-03
6.0570000000e+00 -3.2132373642e-04 8.9402152289e-03
6.0580000000e+00 -3.2420189923e-04 8.9405487319e-03
6.0590000000e+00 -3.2701787827e-04 8.9397879174e-03
6.0600000000e+00 -3.2977001365e-04 8.9379308505e-03
6.0610000000e+00 -3.3245649726e-04 8.9349757639e-03
6.0620000000e+00 -3.3507565294e-04 8.9309210407e-03
6.0630000000e+00 -3.3762584058e-04 8.9257652190e-03
6.0640000000e+00 -3.4010561014e-04 8.9195069746e-03
6.0650000000e+00 -3.4251344717e-04 8.9121451464e-03
6.0660000000e+00 -3.4484757224e-04 8.9036787567e-03
6.0670000000e+00 -3.4710672001e-04 8.8941069480e-03
6.0680000000e+00 -3.4928959172e-04 8.8834290157e-03
6.0690000000e+00 -3.5139452222e-04 8.8716444450e-03
6.0700000000e+00 -3.5342011082e-04 8.8587528689e-03
6.0710000000e+00 -3.5536519069e-04 8.8447540585e-03
6.0720000000e+00 -3.5722866910e-04 8.8296479365e-03
6.0730000000e+00 -3.5900906041e-04 8.8134346186e-03
6.0740000000e+00 -3.6070495653e-04 8.7961143787e-03
6.0750000000e+00 -3.6231559345e-04 8.7776875988e-03
6.0760000000e+00 -3.6383997977e-04 8.7581548355e-03
6.0770000000e+00 -3.6527674718e-04 8.7375168452e-03
6.0780000000e+00 -3.6662470497e-04 8.7157745304e-03
6.0790000000e+00 -3.6788312575e-04 8.6929289166e-03
6.0800000000e+00 -3.6905128966e-04 8.6689811915e-03
6.0810000000e+00 -3.7012795076e-04 8.6439327387e-03
6.0820000000e+00 -3.7111204799e-04 8.6177850908e-03
6.0830000000e+00 -3.7200309617e-04 8.5905399049e-03
6.0840000000e+00 -3.7280055960e-04 8.5621990084e-03
6.0850000000e+00 -3.7350346421e-04 8.5327644159e-03
6.0860000000e+00 -3.7411098206e-04 8.5022382989e-03
6.0870000000e+00 -3.7462286723e-04 8.4706229520e-03
6.0880000000e+00 -3.7503868646e-04 8.4379208260e-03
6.0890000000e+00 -3.7535758175e-04 8.4041345745e-03
6.0900000000e+00 -3.7557907839e-04 8.3692669935e-03
6.0910000000e+00 -3.7570313017e-04 8.3333209983e-03
6.0920000000e+00 -3.7572943948e-04 8.2962996859e-03
6.0930000000e+00 -3.7565733355e-04 8.2582063449e-03
6.0940000000e+00 -3.7548652934e-04 8.2190443982e-03
6.0950000000e+00 -3.7521728439e-04 8.1788173827e-03
6.0960000000e+00 -3.7484949814e-04 8.1375290247e-03
6.0970000000e+00 -3.7438280636e-04 8.0951832389e-03
6.0980000000e+00 -3.7381719774e-04 8.0517840648e-03
6.0990000000e+00 -3.7315308626e-04 8.0073356734e-03
6.1000000000e+00 -3.7239067646e-04 7.9618424129e-03
6.1010000000e+00 -3.7152979507e-04 7.9153088129e-03
6.1020000000e+00 -3.7057071112e-04 7.8677395372e-03
6.1030000000e+00 -3.6951386603e-04 7.8191393920e-03
6.1040000000e+00 -3.6835952426e-04 7.7695133512e-03
6.1050000000e+00 -3.6710792361e-04 7.7188665563e-03
6.1060000000e+00 -3.6575949599e-04 7.6672042889e-03
6.1070000000e+00 -3.6431495128e-04 7.6145319638e-03
6.1080000000e+00 -3.6277474952e-04 7.5608551717e-03
6.1090000000e+00 -3.6113937975e-04 7.5061796597e-03
6.1100000000e+00 -3.5940960125e-04 7.4505113065e-03
6.1110000000e+00 -3.5758627864e-04 7.3938561438e-03
6.1120000000e+00 -3.5567021276e-04 7.3362203658e-03
6.1130000000e+00 -3.5366206645e-04 7.2776103208e-03
6.1140000000e+00 -3.5156282300e-04 7.2180324968e-03
6.1150000000e+00 -3.4937360041e-04 7.1574935265e-03
6.1160000000e+00 -3.4709540467e-04 7.0960001938e-03
6.1170000000e+00 -3.4472915036e-04 7.0335594538e-03
6.1180000000e+00 -3.4227586332e-04 6.9701784028e-03
6.1190000000e+00 -3.3973696151e-04 6.9058642510e-03
6.1200000000e+00 -3.3711375380e-04 6.8406243765e-03
6.1210000000e+00 -3.3440729841e-04 6.7744663241e-03
6.1220000000e+00 -3.3161889466e-04 6.7073977697e-03
6.1230000000e+00 -3.2875005689e-04 6.6394265229e-03
6.1240000000e+00 -3.2580230078e-04 6.5705605429e-03
6.1250000000e+00 -3.2277693183e-04 6.5008079478e-03
6.1260000000e+00 -3.1967539644e-04 6.4301769911e-03
6.1270000000e+00 -3.1649955923e-04 6.3586760482e-03
6.1280000000e+00 -3.1325097551e-04 6.2863136546e-03
6.1290000000e+00 -3.0993105757e-04 6.2130985016e-03
6.1300000000e+00 -3.0654160194e-04 6.1390394026e-03
6.1310000000e+00 -3.0308471868e-04 6.0641452811e-03
6.1320000000e+00 -2.9956212428e-04 5.9884252305e-03
6.1330000000e+00 -2.9597523618e-04 5.9118885129e-03
6.1340000000e+00 -2.9232615775e-04 5.8345444796e-03
6.1350000000e+00 -2.8861716630e-04 5.7564026053e-03
6.1360000000e+00 -2.8485016049e-04 5.6774725314e-03
6.1370000000e+00 -2.8102681319e-04 5.5977640564e-03
6.1380000000e+00 -2.7714932126e-04 5.5172870767e-03
6.1390000000e+00 -2.7322027631e-04 5.4360515943e-03
6.1400000000e+00 -2.6924160904e-04 5.3540677869e-03
6.1410000000e+00 -2.6521525805e-04 5.2713459723e-03
6.1420000000e+00 -2.6114364226e-04 5.1878965708e-03
6.1430000000e+00 -2.5702921708e-04 5.1037301162e-03
6.1440000000e+00 -2.5287415861e-04 5.0188572952e-03
6.1450000000e+00 -2.4868044245e-04 4.9332889458e-03
6.1460000000e+00 -2.4445068182e-04 4.8470359831e-03
6.1470000000e+00 -2.4018761640e-04 4.7601094398e-03
6.1480000000e+00 -2.3589333126e-04 4.6725205169e-03
6.1490000000e+00 -2.3157005028e-04 4.5842805309e-03
6.1500000000e+00 -2.2722054163e-04 4.4954008924e-03
6.1510000000e+00 -2.2284761536e-04 4.4058931223e-03
6.1520000000e+00 -2.1845344429e-04 4.3157688945e-03
6.1530000000e+00 -2.1404023748e-04 4.2250400070e-03
6.1540000000e+00 -2.0961093155e-04 4.1337183338e-03
6.1550000000e+00 -2.0516830696e-04 4.0418158662e-03
6.1560000000e+00 -2.0071469108e-04 3.9493447331e-03
6.1570000000e+00 -1.9625239629e-04 3.8563171852e-03
6.1580000000e+00 -1.9178431923e-04 3.7627455555e-03
6.1590000000e+00 -1.8731342399e-04 3.6686422750e-03
6.1600000000e+00 -1.8284202576e-04 3.5740199125e-03
6.1610000000e+00 -1.7837270540e-04 3.4788911433e-03
6.1620000000e+00 -1.7390844732e-04 3.3832687322e-03
6.1630000000e+00 -1.6945208034e-04 3.2871655412e-03
6.1640000000e+00 -1.6500603911e-04 3.1905945539e-03
6.1650000000e+00 -1.6057288445e-04 3.0935688563e-03
6.1660000000e+00 -1.5615577049e-04 2.9961016073e-03
6.1670000000e+00 -1.5175739305e-04 2.8982060853e-03
6.1680000000e+00 -1.4738005672e-04 2.7998956714e-03
6.1690000000e+00 -1.4302643027e-04 2.7011838255e-03
6.1700000000e+00 -1.3869946019e-04 2.6020841051e-03
6.1710000000e+00 -1.3440202965e-04 2.5026101480e-03
6.1720000000e+00 -1.3013647210e-04 2.4027756934e-03
6.1730000000e+00 -1.2590528208e-04 2.3025945714e-03
6.1740000000e+00 -1.2171153397e-04 2.2020806776e-03
6.1750000000e+00 -1.1755804051e-04 2.1012479967e-03
6.1760000000e+00 -1.1344711746e-04 2.0001106053e-03
6.1770000000e+00 -1.0938120399e-04 1.8986826607e-03
6.1780000000e+00 -1.0536329033e-04 1.7969783896e-03
6.1790000000e+00 -1.0139613449e-04 1.6950120945e-03
6.1800000000e+00 -9.7481967993e-05 1.5927981608e-03
6.1810000000e+00 -9.3623337024e-05 1.4903510421e-03
6.1820000000e+00 -8.9823092149e-05 1.3876852624e-03
6.1830000000e+00 -8.6083776523e-05 1.2848154264e-03
6.1840000000e+00 -8.2407556475e-05 1.1817561984e-03
6.1850000000e+00 -7.8796960922e-05 1.0785222935e-03
6.1860000000e+00 -7.5254885472e-05 9.7512849754e-04
6.1870000000e+00 -7.1783594025e-05 8.7158967048e-04
6.1880000000e+00 -6.8385069246e-05 7.6792072161e-04
6.1890000000e+00 -6.5061803926e-05 6.6413660984e-04
6.1900000000e+00 -6.1816531392e-05 5.6025235778e-04
6.1910000000e+00 -5.8651484213e-05 4.5628305175e-04
6.1920000000e+00 -5.5568376943e-05 3.5224382783e-04
6.1930000000e+00 -5.2569479860e-05 2.4814984802e-04
6.1940000000e+00 -4.9657462922e-05 1.4401632392e-04
6.1950000000e+00 -4.6834357609e-05 3.9858528807e-05
6.1960000000e+00 -4.4101774191e-05 -6.4308234603e-05
6.1970000000e+00 -4.1461793327e-05 -1.6846863131e-04
6.1980000000e+00 -3.8916818099e-05 -2.7260728450e-04
6.1990000000e+00 -3.6468671520e-05 -3.7670877491e-04
6.2000000000e+00 -3.4118866083e-05 -4.8075765280e-04
6.2010000000e+00 -3.1869351308e-05 -5.8473846110e-04
6.2020000000e+00 -2.9722335510e-05 -6.8863570495e-04
6.2030000000e+00 -2.7679439933e-05 -7.9243384062e-04
6.2040000000e+00 -2.5741904987e-05 -8.9611732076e-04
6.2050000000e+00 -2.3911578415e-05 -9.9967059230e-04
6.2060000000e+00 -2.2190446344e-05 -1.1030780686e-03
6.2070000000e+00 -2.0579814259e-05 -1.2063241403e-03
6.2080000000e+00 -1.9080716441e-05 -1.3093931928e-03
6.2090000000e+00 -1.7694712274e-05 -1.4122696119e-03
6.2100000000e+00 -1.6423616252e-05 -1.5149377695e-03
6.2110000000e+00 -1.5268554349e-05 -1.6173820162e-03
6.2120000000e+00 -1.4230303696e-05 -1.7195867102e-03
6.2130000000e+00 -1.3310189420e-05 -1.8215362271e-03
6.2140000000e+00 -1.2509723548e-05 -1.9232149295e-03
6.2150000000e+00 -1.1829843733e-05 -2.0246071734e-03
6.2160000000e+00 -1.1271098063e-05 -2.1256973407e-03
6.2170000000e+00 -1.0834437182e-05 -2.2264698240e-03
6.2180000000e+00 -1.0520993909e-05 -2.3269090190e-03
6.2190000000e+00 -1.0331393171e-05 -2.4269993363e-03
6.2200000000e+00 -1.0266050113e-05 -2.5267252075e-03
6.2210000000e+00 -1.0325647328e-05 -2.6260710917e-03
6.2220000000e+00 -1.0510994884e-05 -2.7250214615e-03
6.2230000000e+00 -1.0822436076e-05 -2.8235608101e-03
6.2240000000e+00 -1.1260133027e-05 -2.9216736732e-03
6.2250000000e+00 -1.1824598621e-05 -3.0193446126e-03
6.2260000000e+00 -1.2516307543e-05 -3.1165582133e-03
6.2270000000e+00 -1.3335389610e-05 -3.2132991025e-03
6.2280000000e+00 -1.4281696454e-05 -3.3095519518e-03
6.2290000000e+00 -1.5355336943e-05 -3.4053014687e-03
6.2300000000e+00 -1.6556596042e-05 -3.5005324027e-03
6.2310000000e+00 -1.7885261697e-05 -3.5952295529e-03
6.2320000000e+00 -1.9340877964e-05 -3.6893777671e-03
6.2330000000e+00 -2.0923174884e-05 -3.7829619515e-03
6.2340000000e+00 -2.2632069467e-05 -3.8759670592e-03
6.2350000000e+00 -2.4467190999e-05 -3.9683780963e-03
6.2360000000e+00 -2.6427759162e-05 -4.0601801434e-03
6.2370000000e+00 -2.8513213464e-05 -4.1513583364e-03
6.2380000000e+00 -3.0723153714e-05 -4.2418978714e-03
6.2390000000e+00 -3.3056870267e-05 -4.3317840210e-03
6.2400000000e+00 -3.5513345424e-05 -4.4210021292e-03
6.2410000000e+00 -3.8091723454e-05 -4.5095376090e-03
6.2420000000e+00 -4.0791285562e-05 -4.5973759456e-03
6.2430000000e+00 -4.3610923991e-05 -4.6845027058e-03
6.2440000000e+00 -4.6549387945e-05 -4.7709035395e-03
6.2450000000e+00 -4.9605573595e-05 -4.8565641799e-03
6.2460000000e+00 -5.2778452174e-05 -4.9414704338e-03
6.2470000000e+00 -5.6066695534e-05 -5.0256082038e-03
6.2480000000e+00 -5.9468655226e-05 -5.1089634941e-03
6.2490000000e+00 -6.2983014675e-05 -5.1915223844e-03
6.2500000000e+00 -6.6608483999e-05 -5.2732710523e-03
6.2510000000e+00 -7.0343427825e-05 -5.3541957807e-03
6.2520000000e+00 -7.4186014831e-05 -5.4342829533e-03
6.2530000000e+00 -7.8134464640e-05 -5.5135190551e-03
6.2540000000e+00 -8.2187317290e-05 -5.5918906640e-03
6.2550000000e+00 -8.6342746836e-05 -5.6693844754e-03
6.2560000000e+00 -9.0598556909e-05 -5.7459873012e-03
6.2570000000e+00 -9.4952799988e-05 -5.8216860593e-03
6.2580000000e+00 -9.9403598995e-05 -5.8964677762e-03
6.2590000000e+00 -1.0394886097e-04 -5.9703195987e-03
6.2600000000e+00 -1.0858620791e-04 -6.0432288077e-03
6.2610000000e+00 -1.1331347599e-04 -6.1151827883e-03
6.2620000000e+00 -1.1812856214e-04 -6.1861690458e-03
6.2630000000e+00 -1.2302897012e-04 -6.2561752280e-03
6.2640000000e+00 -1.2801215867e-04 -6.3251891063e-03
6.2650000000e+00 -1.3307574645e-04 -6.3931985719e-03
6.2660000000e+00 -1.3821744652e-04 -6.4601916422e-03
6.2670000000e+00 -1.4343456580e-04 -6.5261564884e-03
6.2680000000e+00 -1.4872422847e-04 -6.5910814162e-03
6.2690000000e+00 -1.5408394500e-04 -6.6549548494e-03
6.2700000000e+00 -1.5951116149e-04 -6.7177653595e-03
6.2710000000e+00 -1.6500300876e-04 -6.7795016662e-03
6.2720000000e+00 -1.7055642547e-04 -6.8401526439e-03
6.2730000000e+00 -1.7616862933e-04 -6.8997072929e-03
6.2740000000e+00 -1.8183701105e-04 -6.9581547490e-03
6.2750000000e+00 -1.8755849474e-04 -7.0154843261e-03
6.2760000000e+00 -1.9332996342e-04 -7.0716854851e-03
6.2770000000e+00 -1.9914850568e-04 -7.1267478241e-03
6.2780000000e+00 -2.0501121045e-04 -7.1806610958e-03
6.2790000000e+00 -2.1091495116e-04 -7.2334152289e-03
6.2800000000e+00 -2.1685640982e-04 -7.2850003134e-03
6.2810000000e+00 -2.2283256329e-04 -7.3354065735e-03
6.2820000000e+00 -2.2884031831e-04 -7.3846244096e-03
6.2830000000e+00 -2.3487630331e-04 -7.4326443982e-03
6.2840000000e+00 -2.4093717763e-04 -7.4794572718e-03
6.2850000000e+00 -2.4701974362e-04 -7.5250539190e-03
6.2860000000e+00 -2.5312092292e-04 -7.5694253900e-03
6.2870000000e+00 -2.5923727909e-04 -7.6125629265e-03
6.2880000000e+00 -2.6536530027e-04 -7.6544579382e-03
6.2890000000e+00 -2.7150175581e-04 -7.6951019881e-03
6.2900000000e+00 -2.7764350662e-04 -7.7344868050e-03
6.2910000000e+00 -2.8378718944e-04 -7.7726043105e-03
6.2920000000e+00 -2.8992911675e-04 -7.8094466267e-03
6.2930000000e+00 -2.9606598924e-04 -7.8450060165e-03
6.2940000000e+00 -3.0219467474e-04 -7.8792749124e-03
6.2950000000e+00 -3.0831170144e-04 -7.9122459562e-03
6.2960000000e+00 -3.1441349699e-04 -7.9439119675e-03
6.2970000000e+00 -3.2049664157e-04 -7.9742659318e-03
6.2980000000e+00 -3.2655800365e-04 -8.0033010018e-03
6.2990000000e+00 -3.3259413376e-04 -8.0310105409e-03
6.3000000000e+00 -3.3860138211e-04 -8.0573881120e-03
6.3010000000e+00 -3.4457655648e-04 -8.0824274292e-03
6.3020000000e+00 -3.5051646118e-04 -8.1061223925e-03
6.3030000000e+00 -3.5641760313e-04 -8.1284671151e-03
6.3040000000e+00 -3.6227643834e-04 -8.1494559108e-03
6.3050000000e+00 -3.6808978605e-04 -8.1690832456e-03
6.3060000000e+00 -3.7385455050e-04 -8.1873437675e-03
6.3070000000e+00 -3.7956717728e-04 -8.2042323701e-03
6.3080000000e+00 -3.8522422421e-04 -8.2197441252e-03
6.3090000000e+00 -3.9082261214e-04 -8.2338742610e-03
6.3100000000e+00 -3.9635930887e-04 -8.2466182044e-03
6.3110000000e+00 -4.0183094927e-04 -8.2579716034e-03
6.3120000000e+00 -4.0723409818e-04 -8.2679303108e-03
6.3130000000e+00 -4.1256583866e-04 -8.2764903359e-03
6.3140000000e+00 -4.1782320054e-04 -8.2836478806e-03
6.3150000000e+00 -4.2300295516e-04 -8.2893993752e-03
6.3160000000e+00 -4.2810194479e-04 -8.2937414486e-03
6.3170000000e+00 -4.3311727602e-04 -8.2966708976e-03
6.3180000000e+00 -4.3804617346e-04 -8.2981847088e-03
6.3190000000e+00 -4.4288550133e-04 -8.2982801070e-03
6.3200000000e+00 -4.4763232557e-04 -8.2969545062e-03
6.3210000000e+00 -4.5228406498e-04 -8.2942054887e-03
6.3220000000e+00 -4.5683795527e-04 -8.2900308494e-03
6.3230000000e+00 -4.6129108132e-04 -8.2844286067e-03
6.3240000000e+00 -4.6564066281e-04 -8.2773969783e-03
6.3250000000e+00 -4.6988437590e-04 -8.2689343397e-03
6.3260000000e+00 -4.7401972216e-04 -8.2590392810e-03
6.3270000000e+00 -4.7804386391e-04 -8.2477106363e-03
6.3280000000e+00 -4.8195435458e-04 -8.2349474146e-03
6.3290000000e+00 -4.8574902065e-04 -8.2207488040e-03
6.3300000000e+00 -4.8942559350e-04 -8.2051142036e-03
6.3310000000e+00 -4.9298155129e-04 -8.1880432405e-03
6.3320000000e+00 -4.9641460542e-04 -8.1695357402e-03
6.3330000000e+00 -4.9972286474e-04 -8.1495916975e-03
6.3340000000e+00 -5.0290420745e-04 -8.1282113238e-03
6.3350000000e+00 -5.0595645152e-04 -8.1053950530e-03
6.3360000000e+00 -5.0887765582e-04 -8.0811435115e-03
6.3370000000e+00 -5.1166609676e-04 -8.0554575106e-03
6.3380000000e+00 -5.1432000652e-04 -8.0283380685e-03
6.3390000000e+00 -5.1683745949e-04 -7.9997864287e-03
6.3400000000e+00 -5.1921686930e-04 -7.9698040245e-03
6.3410000000e+00 -5.2145689354e-04 -7.9383924679e-03
6.3420000000e+00 -5.2355604411e-04 -7.9055535888e-03
6.3430000000e+00 -5.2551268251e-04 -7.8712894456e-03
6.3440000000e+00 -5.2732543441e-04 -7.8356022860e-03
6.3450000000e+00 -5.2899335860e-04 -7.7984945292e-03
6.3460000000e+00 -5.3051526809e-04 -7.7599688162e-03
6.3470000000e+00 -5.3188975046e-04 -7.7200280225e-03
6.3480000000e+00 -5.3311577411e-04 -7.6786752064e-03
6.3490000000e+00 -5.3419269977e-04 -7.6359135926e-03
6.3500000000e+00 -5.3511976695e-04 -7.5917466229e-03
6.3510000000e+00 -5.3589591040e-04 -7.5461779772e-03
6.3520000000e+00 -5.3652043945e-04 -7.4992115158e-03
6.3530000000e+00 -5.3699304125e-04 -7.4508512714e-03
6.3540000000e+00 -5.3731321827e-04 -7.4011014931e-03
6.3550000000e+00 -5.3748036196e-04 -7.3499666564e-03
6.3560000000e+00 -5.3749415931e-04 -7.2974514195e-03
6.3570000000e+00 -5.3735462351e-04 -7.2435606140e-03
6.3580000000e+00 -5.3706154992e-04 -7.1882992983e-03
6.3590000000e+00 -5.3661467227e-04 -7.1316727439e-03
6.3600000000e+00 -5.3601414232e-04 -7.0736863981e-03
6.3610000000e+00 -5.3526031334e-04 -7.0143458892e-03
6.3620000000e+00 -5.3435337587e-04 -6.9536570666e-03
6.3630000000e+00 -5.3329340551e-04 -6.8916260013e-03
6.3640000000e+00 -5.3208090569e-04 -6.8282589299e-03
6.3650000000e+00 -5.3071670292e-04 -6.7635622664e-03
6.3660000000e+00 -5.2920131779e-04 -6.6975426547e-03
6.3670000000e+00 -5.2753521236e-04 -6.6302069533e-03
6.3680000000e+00 -5.2571927094e-04 -6.5615621865e-03
6.3690000000e+00 -5.2375460646e-04 -6.4916155587e-03
6.3700000000e+00 -5.2164215197e-04 -6.4203744960e-03
6.3710000000e+00 -5.1938276851e-04 -6.3478466320e-03
6.3720000000e+00 -5.1697767391e-04 -6.2740397750e-03
6.3730000000e+00 -5.1442829012e-04 -6.1989619128e-03
6.3740000000e+00 -5.1173590309e-04 -6.1226212453e-03
6.3750000000e+00 -5.0890181798e-04 -6.0450261779e-03
6.3760000000e+00 -5.0592765466e-04 -5.9661852824e-03
6.3770000000e+00 -5.0281513675e-04 -5.8861073226e-03
6.3780000000e+00 -4.9956583171e-04 -5.8048012763e-03
6.3790000000e+00 -4.9618146972e-04 -5.7222763011e-03
6.3800000000e+00 -4.9266406973e-04 -5.6385417340e-03
6.3810000000e+00 -4.8901567819e-04 -5.5536071000e-03
6.3820000000e+00 -4.8523822291e-04 -5.4674821285e-03
6.3830000000e+00 -4.8133376413e-04 -5.3801767409e-03
6.3840000000e+00 -4.7730469450e-04 -5.2917010201e-03
6.3850000000e+00 -4.7315343133e-04 -5.2020652411e-03
6.3860000000e+00 -4.6888225009e-04 -5.1112798863e-03
6.3870000000e+00 -4.6449355836e-04 -5.0193556201e-03
6.3880000000e+00 -4.5999004476e-04 -4.9263032751e-03
6.3890000000e+00 -4.5537442371e-04 -4.8321338713e-03
6.3900000000e+00 -4.5064934940e-04 -4.7368586236e-03
6.3910000000e+00 -4.4581760970e-04 -4.6404889249e-03
6.3920000000e+00 -4.4088216466e-04 -4.5430363431e-03
6.3930000000e+00 -4.3584599920e-04 -4.4445126259e-03
6.3940000000e+00 -4.3071205422e-04 -4.3449297096e-03
6.3950000000e+00 -4.2548344839e-04 -4.2442997043e-03
6.3960000000e+00 -4.2016345427e-04 -4.1426348860e-03
6.3970000000e+00 -4.1475525544e-04 -4.0399477232e-03
6.3980000000e+00 -4.0926207343e-04 -3.9362508628e-03
6.3990000000e+00 -4.0368730793e-04 -3.8315571170e-03
6.4000000000e+00 -3.9803449547e-04 -3.7258794711e-03
6.4010000000e+00 -3.9230715328e-04 -3.6192310817e-03
6.4020000000e+00 -3.8650872942e-04 -3.5116252862e-03
6.4030000000e+00 -3.8064286591e-04 -3.4030755868e-03
6.4040000000e+00 -3.7471339587e-04 -3.2935956418e-03
6.4050000000e+00 -3.6872409218e-04 -3.1831992846e-03
6.4060000000e+00 -3.6267866450e-04 -3.0719005271e-03
6.4070000000e+00 -3.5658094288e-04 -2.9597135455e-03
6.4080000000e+00 -3.5043493374e-04 -2.8466526694e-03
6.4090000000e+00 -3.4424460170e-04 -2.7327323965e-03
6.4100000000e+00 -3.3801385420e-04 -2.6179673957e-03
6.4110000000e+00 -3.3174674572e-04 -2.5023724898e-03
6.4120000000e+00 -3.2544742380e-04 -2.3859626601e-03
6.4130000000e+00 -3.1911996963e-04 -2.2687530496e-03
6.4140000000e+00 -3.1276848824e-04 -2.1507589578e-03
6.4150000000e+00 -3.0639724710e-04 -2.0319958384e-03
6.4160000000e+00 -3.0001053993e-04 -1.9124792967e-03
6.4170000000e+00 -2.9361256586e-04 -1.7922250902e-03
6.4180000000e+00 -2.8720752826e-04 -1.6712491314e-03
6.4190000000e+00 -2.8079976982e-04 -1.5495674783e-03
6.4200000000e+00 -2.7439370264e-04 -1.4271963327e-03
6.4210000000e+00 -2.6799363502e-04 -1.3041520414e-03
6.4220000000e+00 -2.6160383910e-04 -1.1804510996e-03
6.4230000000e+00 -2.5522871528e-04 -1.0561101442e-03
6.4240000000e+00 -2.4887272693e-04 -9.3114594364e-04
6.4250000000e+00 -2.4254026366e-04 -8.0557540815e-04
6.4260000000e+00 -2.3623568895e-04 -6.7941558519e-04
6.4270000000e+00 -2.2996342220e-04 -5.5268365992e-04
6.4280000000e+00 -2.2372791574e-04 -4.2539695184e-04
6.4290000000e+00 -2.1753359805e-04 -2.9757290193e-04
6.4300000000e+00 -2.1138487457e-04 -1.6922908324e-04
6.4310000000e+00 -2.0528618166e-04 -4.0383199218e-05
6.4320000000e+00 -1.9924193591e-04 8.8946923373e-05
6.4330000000e+00 -1.9325649228e-04 2.1874333622e-04
6.4340000000e+00 -1.8733423847e-04 3.4898797614e-04
6.4350000000e+00 -1.8147957342e-04 4.7966265740e-04
6.4360000000e+00 -1.7569684568e-04 6.1074907393e-04
6.4370000000e+00 -1.6999034663e-04 7.4222881268e-04
6.4380000000e+00 -1.6436435006e-04 8.7408335302e-04
6.4390000000e+00 -1.5882317025e-04 1.0062940636e-03
6.4400000000e+00 -1.5337107397e-04 1.1388422007e-03
6.4410000000e+00 -1.4801222816e-04 1.2717089220e-03
6.4420000000e+00 -1.4275077358e-04 1.4048752909e-03
6.4430000000e+00 -1.3759085807e-04 1.5383222656e-03
6.4440000000e+00 -1.3253658271e-04 1.6720307059e-03
6.4450000000e+00 -1.2759197983e-04 1.8059813816e-03
6.4460000000e+00 -1.2276104431e-04 1.9401549814e-03
6.4470000000e+00 -1.1804771818e-04 2.0745321016e-03
6.4480000000e+00 -1.1345588508e-04 2.2090932408e-03
6.4490000000e+00 -1.0898938257e-04 2.3438188264e-03
6.4500000000e+00 -1.0465202303e-04 2.4786892155e-03
6.4510000000e+00 -1.0044757731e-04 2.6136846810e-03
6.4520000000e+00 -9.6379644685e-05 2.7487854124e-03
6.4530000000e+00 -9.2451782041e-05 2.8839715329e-03
6.4540000000e+00 -8.8667612284e-05 3.0192231137e-03
6.4550000000e+00 -8.5030625063e-05 3.1545201534e-03
6.4560000000e+00 -8.1544175206e-05 3.2898425770e-03
6.4570000000e+00 -7.8211546160e-05 3.4251702624e-03
6.4580000000e+00 -7.5036018933e-05 3.5604830409e-03
6.4590000000e+00 -7.2020786230e-05 3.6957606861e-03
6.4600000000e+00 -6.9168848986e-05 3.8309829129e-03
6.4610000000e+00 -6.6483205581e-05 3.9661293992e-03
6.4620000000e+00 -6.3966786439e-05 4.1011797905e-03
6.4630000000e+00 -6.1622361497e-05 4.2361136857e-03
6.4640000000e+00 -5.9452643246e-05 4.3709106455e-03
6.4650000000e+00 -5.7460293269e-05 4.5055501988e-03
6.4660000000e+00 -5.5647880752e-05 4.6400118557e-03
6.4670000000e+00 -5.4017805885e-05 4.7742751021e-03
6.4680000000e+00 -5.2572381129e-05 4.9083193886e-03
6.4690000000e+00 -5.1313910782e-05 5.0421241530e-03
6.4700000000e+00 -5.0244563827e-05 5.1756688272e-03
6.4710000000e+00 -4.9366335122e-05 5.3089328281e-03
6.4720000000e+00 -4.8681116590e-05 5.4418955587e-03
6.4730000000e+00 -4.8190762941e-05 5.5745364169e-03
6.4740000000e+00 -4.7897005317e-05 5.7068348099e-03
6.4750000000e+00 -4.7801413672e-05 5.8387701469e-03
6.4760000000e+00 -4.7905491823e-05 5.9703218367e-03
6.4770000000e+00 -4.8210630589e-05 6.1014693014e-03
6.4780000000e+00 -4.8718102856e-05 6.2321919801e-03
6.4790000000e+00 -4.9429038245e-05 6.3624693337e-03
6.4800000000e+00 -5.0344491681e-05 6.4922808383e-03
6.4810000000e+00 -5.1465467531e-05 6.6216059941e-03
6.4820000000e+00 -5.2792693940e-05 6.7504243383e-03
6.4830000000e+00 -5.4326769773e-05 6.8787154412e-03
6.4840000000e+00 -5.6068309361e-05 7.0064589097e-03
6.4850000000e+00 -5.8017806118e-05 7.1336343843e-03
6.4860000000e+00 -6.0175532120e-05 7.2602215562e-03
6.4870000000e+00 -6.2541556785e-05 7.3862001746e-03
6.4880000000e+00 -6.5115978094e-05 7.5115500289e-03
6.4890000000e+00 -6.7898830065e-05 7.6362509640e-03
6.4900000000e+00 -7.0889861387e-05 7.7602828904e-03
6.4910000000e+00 -7.4088671236e-05 7.8836257830e-03
6.4920000000e+00 -7.7494854910e-05 8.0062596806e-03
6.4930000000e+00 -8.1107913183e-05 8.1281646873e-03
6.4940000000e+00 -8.4927085605e-05 8.2493209885e-03
6.4950000000e+00 -8.8951492447e-05 8.3697088474e-03
6.4960000000e+00 -9.3180247546e-05 8.4893086081e-03
6.4970000000e+00 -9.7612316234e-05 8.6081006993e-03
6.4980000000e+00 -1.0224645041e-04 8.7260656382e-03
6.4990000000e+00 -1.0708125290e-04 8.8431840445e-03
6.5000000000e+00 -1.1211534383e-04 8.9594366292e-03
6.5010000000e+00 -1.1734722493e-04 9.0748042020e-03
6.5020000000e+00 -1.2277510968e-04 9.1892676838e-03
6.5030000000e+00 -1.2839712428e-04 9.3028081013e-03
6.5040000000e+00 -1.3421137555e-04 9.4154065922e-03
6.5050000000e+00 -1.4021588147e-04 9.5270444045e-03
6.5060000000e+00 -1.4640841974e-04 9.6377029100e-03
6.5070000000e+00 -1.5278654905e-04 9.7473636072e-03
6.5080000000e+00 -1.5934787370e-04 9.8560081165e-03
6.5090000000e+00 -1.6608994248e-04 9.9636181880e-03
6.5100000000e+00 -1.7301004900e-04 1.0070175704e-02
6.5110000000e+00 -1.8010530267e-04 1.0175662691e-02
6.5120000000e+00 -1.8737282323e-04 1.0280061310e-02
6.5130000000e+00 -1.9480969300e-04 1.0383353859e-02
6.5140000000e+00 -2.0241271942e-04 1.0485522787e-02
6.5150000000e+00 -2.1017859089e-04 1.0586550697e-02
6.5160000000e+00 -2.1810402528e-04 1.0686420336e-02
6.5170000000e+00 -2.2618562504e-04 1.0785114611e-02
6.5180000000e+00 -2.3441977567e-04 1.0882616586e-02
6.5190000000e+00 -2.4280274533e-04 1.0978909492e-02
6.5200000000e+00 -2.5133086115e-04 1.1073976717e-02
6.5210000000e+00 -2.6000032404e-04 1.1167801816e-02
6.5220000000e+00 -2.6880709028e-04 1.1260368526e-02
6.5230000000e+00 -2.7774704039e-04 1.1351660754e-02
6.5240000000e+00 -2.8681607321e-04 1.1441662582e-02
6.5250000000e+00 -2.9601003188e-04 1.1530358267e-02
6.5260000000e+00 -3.0532450161e-04 1.1617732263e-02
6.5270000000e+00 -3.1475496743e-04 1.1703769207e-02
6.5280000000e+00 -3.2429699594e-04 1.1788453915e-02
6.5290000000e+00 -3.3394605125e-04 1.1871771400e-02
6.5300000000e+00 -3.4369742336e-04 1.1953706870e-02
6.5310000000e+00 -3.5354630780e-04 1.2034245733e-02
6.5320000000e+00 -3.6348792274e-04 1.2113373589e-02
6.5330000000e+00 -3.7351742088e-04 1.2191076238e-02
6.5340000000e+00 -3.8362975665e-04 1.2267339692e-02
6.5350000000e+00 -3.9381988002e-04 1.2342150163e-02
6.5360000000e+00 -4.0408274214e-04 1.2415494067e-02
6.5370000000e+00 -4.1441316514e-04 1.2487358035e-02
6.5380000000e+00 -4.2480587007e-04 1.2557728916e-02
6.5390000000e+00 -4.3525557279e-04 1.2626593763e-02
6.5400000000e+00 -4.4575702646e-04 1.2693939844e-02
6.5410000000e+00 -4.5630484917e-04 1.2759754651e-02
6.5420000000e+00 -4.6689355383e-04 1.2824025896e-02
6.5430000000e+00 -4.7751768515e-04 1.2886741513e-02
6.5440000000e+00 -4.8817180211e-04 1.2947889651e-02
6.5450000000e+00 -4.9885039436e-04 1.3007458691e-02
6.5460000000e+00 -5.0954783095e-04 1.3065437246e-02
6.5470000000e+00 -5.2025849558e-04 1.3121814156e-02
6.5480000000e+00 -5.3097678770e-04 1.3176578485e-02
6.5490000000e+00 -5.4169705222e-04 1.3229719535e-02
6.5500000000e+00 -5.5241359809e-04 1.3281226843e-02
6.5510000000e+00 -5.6312071090e-04 1.3331090179e-02
6.5520000000e+00 -5.7381269639e-04 1.3379299547e-02
6.5530000000e+00 -5.8448382620e-04 1.3425845195e-02
6.5540000000e+00 -5.9512833829e-04 1.3470717606e-02
6.5550000000e+00 -6.0574050615e-04 1.3513907503e-02
6.5560000000e+00 -6.1631460032e-04 1.3555405847e-02
6.5570000000e+00 -6.2684486158e-04 1.3595203848e-02
6.5580000000e+00 -6.3732551516e-04 1.3633292959e-02
6.5590000000e+00 -6.4775083535e-04 1.3669664868e-02
6.5600000000e+00 -6.5811514120e-04 1.3704311513e-02
6.5610000000e+00 -6.6841271997e-04 1.3737225078e-02
6.5620000000e+00 -6.7863784585e-04 1.3768397995e-02
6.5630000000e+00 -6.8878483721e-04 1.3797822945e-02
6.5640000000e+00 -6.9884810448e-04 1.3825492846e-02
6.5650000000e+00 -7.0882206357e-04 1.3851400872e-02
6.5660000000e+00 -7.1870107741e-04 1.3875540453e-02
6.5670000000e+00 -7.2847958430e-04 1.3897905262e-02
6.5680000000e+00 -7.3815211676e-04 1.3918489219e-02
6.5690000000e+00 -7.4771323668e-04 1.3937286496e-02
6.5700000000e+00 -7.5715748968e-04 1.3954291526e-02
6.5710000000e+00 -7.6647945678e-04 1.3969498989e-02
6.5720000000e+00 -7.7567384569e-04 1.3982903811e-02
6.5730000000e+00 -7.8473538994e-04 1.3994501179e-02
6.5740000000e+00 -7.9365882133e-04 1.4004286532e-02
6.5750000000e+00 -8.0243897105e-04 1.4012255563e-02
6.5760000000e+00 -8.1107076327e-04 1.4018404209e-02
6.5770000000e+00 -8.1954916196e-04 1.4022728664e-02
6.5780000000e+00 -8.2786915850e-04 1.4025225389e-02
6.5790000000e+00 -8.3602584645e-04 1.4025891081e-02
6.5800000000e+00 -8.4401444761e-04 1.4024722690e-02
6.5810000000e+00 -8.5183022264e-04 1.4021717426e-02
6.5820000000e+00 -8.5946847159e-04 1.4016872758e-02
6.5830000000e+00 -8.6692459691e-04 1.4010186402e-02
6.5840000000e+00 -8.7419413991e-04 1.4001656320e-02
6.5850000000e+00 -8.8127273361e-04 1.3991280734e-02
6.5860000000e+00 -8.8815603300e-04 1.3979058126e-02
6.5870000000e+00 -8.9483978389e-04 1.3964987227e-02
6.5880000000e+00 -9.0131988338e-04 1.3949067017e-02
6.5890000000e+00 -9.0759234253e-04 1.3931296726e-02
6.5900000000e+00 -9.1365322169e-04 1.3911675853e-02
6.5910000000e+00 -9.1949866838e-04 1.3890204141e-02
6.5920000000e+00 -9.2512499228e-04 1.3866881579e-02
6.5930000000e+00 -9.3052862543e-04 1.3841708414e-02
6.5940000000e+00 -9.3570607884e-04 1.3814685146e-02
6.5950000000e+00 -9.4065395360e-04 1.3785812530e-02
6.5960000000e+00 -9.4536899760e-04 1.3755091565e-02
6.5970000000e+00 -9.4984809757e-04 1.3722523501e-02
6.5980000000e+00 -9.5408820962e-04 1.3688109849e-02
6.5990000000e+00 -9.5808640396e-04 1.3651852362e-02
6.6000000000e+00 -9.6183991659e-04 1.3613753043e-02
6.6010000000e+00 -9.6534611562e-04 1.3573814138e-02
6.6020000000e+00 -9.6860244662e-04 1.3532038157e-02
6.6030000000e+00 -9.7160647377e-04 1.3488427855e-02
6.6040000000e+00 -9.7435597204e-04 1.3442986219e-02
6.6050000000e+00 -9.7684885615e-04 1.3395716496e-02
6.6060000000e+00 -9.7908310631e-04 1.3346622184e-02
6.6070000000e+00 -9.8105682947e-04 1.3295707029e-02
6.6080000000e+00 -9.8276834383e-04 1.3242975017e-02
6.6090000000e+00 -9.8421611436e-04 1.3188430375e-02
6.6100000000e+00 -9.8539868179e-04 1.3132077592e-02
6.6110000000e+00 -9.8631474014e-04 1.3073921397e-02
6.6120000000e+00 -9.8696315489e-04 1.3013966758e-02
6.6130000000e+00 -9.8734295330e-04 1.2952218887e-02
6.6140000000e+00 -9.8745327186e-04 1.2888683248e-02
6.6150000000e+00 -9.8729337662e-04 1.2823365552e-02
6.6160000000e+00 -9.8686275217e-04 1.2756271744e-02
6.6170000000e+00 -9.8616100695e-04 1.2687408013e-02
6.6180000000e+00 -9.8518785097e-04 1.2616780800e-02
6.6190000000e+00 -9.8394317395e-04 1.2544396785e-02
6.6200000000e+00 -9.8242705831e-04 1.2470262882e-02
6.6210000000e+00 -9.8063972489e-04 1.2394386248e-02
6.6220000000e+00 -9.7858146704e-04 1.2316774292e-02
6.6230000000e+00 -9.7625276722e-04 1.2237434662e-02
6.6240000000e+00 -9.7365434678e-04 1.2156375230e-02
6.6250000000e+00 -9.7078704086e-04 1.2073604116e-02
6.6260000000e+00 -9.6765176056e-04 1.1989129687e-02
6.6270000000e+00 -9.6424960161e-04 1.1902960548e-02
6.6280000000e+00 -9.6058191881e-04 1.1815105527e-02
6.6290000000e+00 -9.5665016609e-04 1.1725573695e-02
6.6300000000e+00 -9.5245587077e-04 1.1634374378e-02
6.6310000000e+00 -9.4800077727e-04 1.1541517127e-02
6.6320000000e+00 -9.4328684438e-04 1.1447011725e-02
6.6330000000e+00 -9.3831614948e-04 1.1350868194e-02
6.6340000000e+00 -9.3309083583e-04 1.1253096804e-02
6.6350000000e+00 -9.2761326790e-04 1.1153708058e-02
6.6360000000e+00 -9.2188603930e-04 1.1052712680e-02
6.6370000000e+00 -9.1591179831e-04 1.0950121642e-02
6.6380000000e+00 -9.0969329901e-04 1.0845946158e-02
6.6390000000e+00 -9.0323351424e-04 1.0740197665e-02
6.6400000000e+00 -8.9653563887e-04 1.0632887828e-02
6.6410000000e+00 -8.8960294053e-04 1.0524028551e-02
6.6420000000e+00 -8.8243874570e-04 1.0413631980e-02
6.6430000000e+00 -8.7504662144e-04 1.0301710486e-02
6.6440000000e+00 -8.6743035417e-04 1.0188276657e-02
6.6450000000e+00 -8.5959380236e-04 1.0073343326e-02
6.6460000000e+00 -8.5154087487e-04 9.9569235635e-03
6.6470000000e+00 -8.4327569508e-04 9.8390306609e-03
6.6480000000e+00 -8.3480262367e-04 9.7196781296e-03
6.6490000000e+00 -8.2612606910e-04 9.5988797174e-03
6.6500000000e+00 -8.1725049780e-04 9.4766494119e-03
6.6510000000e+00 -8.0818058678e-04 9.3530014196e-03
6.6520000000e+00 -7.9892122298e-04 9.2279501644e-03
6.6530000000e+00 -7.8947734339e-04 9.1015103066e-03
6.6540000000e+00 -7.7985393579e-04 8.9736967399e-03
6.6550000000e+00 -7.7005621341e-04 8.8445245757e-03
6.6560000000e+00 -7.6008957304e-04 8.7140091407e-03
6.6570000000e+00 -7.4995945200e-04 8.5821659948e-03
6.6580000000e+00 -7.3967134688e-04 8.4490109292e-03
6.6590000000e+00 -7.2923095513e-04 8.3145599474e-03
6.6600000000e+00 -7.1864415794e-04 8.1788292693e-03
6.6610000000e+00 -7.0791683589e-04 8.0418353444e-03
6.6620000000e+00 -6.9705492815e-04 7.9035948480e-03
6.6630000000e+00 -6.8606456378e-04 7.7641246679e-03
6.6640000000e+00 -6.7495202248e-04 7.6234419016e-03
6.6650000000e+00 -6.6372361811e-04 7.4815638721e-03
6.6660000000e+00 -6.5238568683e-04 7.3385081258e-03
6.6670000000e+00 -6.4094473657e-04 7.1942924172e-03
6.6680000000e+00 -6.2940742613e-04 7.0489347072e-03
6.6690000000e+00 -6.1778043262e-04 6.9024531760e-03
6.6700000000e+00 -6.0607046363e-04 6.7548662243e-03
6.6710000000e+00 -5.9428435898e-04 6.6061924573e-03
6.6720000000e+00 -5.8242909453e-04 6.4564506830e-03
6.6730000000e+00 -5.7051164613e-04 6.3056599248e-03
6.6740000000e+00 -5.5853901874e-04 6.1538394166e-03
6.6750000000e+00 -5.4651835156e-04 6.0010085942e-03
6.6760000000e+00 -5.3445687150e-04 5.8471870933e-03
6.6770000000e+00 -5.2236181125e-04 5.6923947564e-03
6.6780000000e+00 -5.1024040616e-04 5.5366516341e-03
6.6790000000e+00 -4.9810002408e-04 5.3799779697e-03
6.6800000000e+00 -4.8594812369e-04 5.2223942002e-03
6.6810000000e+00 -4.7379210609e-04 5.0639209676e-03
6.6820000000e+00 -4.6163939335e-04 4.9045791117e-03
6.6830000000e+00 -4.4949751042e-04 4.7443896578e-03
6.6840000000e+00 -4.3737403666e-04 4.5833738201e-03
6.6850000000e+00 -4.2527650619e-04 4.4215530093e-03
6.6860000000e+00 -4.1321243493e-04 4.2589488249e-03
6.6870000000e+00 -4.0118943755e-04 4.0955830452e-03
6.6880000000e+00 -3.8921515290e-04 3.9314776302e-03
6.6890000000e+00 -3.7729715580e-04 3.7666547270e-03
6.6900000000e+00 -3.6544301342e-04 3.6011366639e-03
6.6910000000e+00 -3.5366035283e-04 3.4349459388e-03
6.6920000000e+00 -3.4195681334e-04 3.2681052233e-03
6.6930000000e+00 -3.3033994370e-04 3.1006373681e-03
6.6940000000e+00 -3.1881728018e-04 2.9325653918e-03
6.6950000000e+00 -3.0739641135e-04 2.7639124750e-03
6.6960000000e+00 -2.9608489791e-04 2.5947019642e-03
6.6970000000e+00 -2.8489019301e-04 2.4249573728e-03
6.6980000000e+00 -2.7381970922e-04 2.2547023732e-03
6.6990000000e+00 -2.6288093573e-04 2.0839607869e-03
6.7000000000e+00 -2.5208128791e-04 1.9127565907e-03
6.7010000000e+00 -2.4142803131e-04 1.7411139197e-03
6.7020000000e+00 -2.3092841732e-04 1.5690570549e-03
6.7030000000e+00 -2.2058971237e-04 1.3966104130e-03
6.7040000000e+00 -2.1041910958e-04 1.2237985551e-03
6.7050000000e+00 -2.0042364718e-04 1.0506461860e-03
6.7060000000e+00 -1.9061031688e-04 8.7717814188e-04
6.7070000000e+00 -1.8098611930e-04 7.0341938393e-04
6.7080000000e+00 -1.7155793096e-04 5.2939500195e-04
6.7090000000e+00 -1.6233248318e-04 3.5513021528e-04
6.7100000000e+00 -1.5331644140e-04 1.8065036278e-04
6.7110000000e+00 -1.4451643851e-04 5.9808957889e-06
6.7120000000e+00 -1.3593897926e-04 -1.6885262088e-04
6.7130000000e+00 -1.2759039289e-04 -3.4382450731e-04
6.7140000000e+00 -1.1947693922e-04 -5.1890897771e-04
6.7150000000e+00 -1.1160482414e-04 -6.9408015023e-04
6.7160000000e+00 -1.0398010651e-04 -8.6931204414e-04
6.7170000000e+00 -9.6608652024e-05 -1.0445785821e-03
6.7180000000e+00 -8.9496239352e-05 -1.2198535972e-03
6.7190000000e+00 -8.2648597956e-05 -1.3951108412e-03
6.7200000000e+00 -7.6071277925e-05 -1.5703239864e-03
6.7210000000e+00 -6.9769638753e-05 -1.7454666222e-03
6.7220000000e+00 -6.3748925463e-05 -1.9205122654e-03
6.7230000000e+00 -5.8014304948e-05 -2.0954343701e-03
6.7240000000e+00 -5.2570777598e-05 -2.2702063271e-03
6.7250000000e+00 -4.7423109297e-05 -2.4448014662e-03
6.7260000000e+00 -4.2575944508e-05 -2.6191930608e-03
6.7270000000e+00 -3.8033821567e-05 -2.7933543396e-03
6.7280000000e+00 -3.3801091000e-05 -2.9672584887e-03
6.7290000000e+00 -2.9881890658e-05 -3.1408786515e-03
6.7300000000e+00 -2.6280200446e-05 -3.3141879348e-03
6.7310000000e+00 -2.2999885291e-05 -3.4871594175e-03
6.7320000000e+00 -2.0044607991e-05 -3.6597661584e-03
6.7330000000e+00 -1.7417802486e-05 -3.8319811942e-03
6.7340000000e+00 -1.5122747578e-05 -4.0037775447e-03
6.7350000000e+00 -1.3162583588e-05 -4.1751282216e-03
6.7360000000e+00 -1.1540232361e-05 -4.3460062341e-03
6.7370000000e+00 -1.0258364225e-05 -4.5163845940e-03
6.7380000000e+00 -9.3195039520e-06 -4.6862363143e-03
6.7390000000e+00 -8.7260345596e-06 -4.8555344203e-03
6.7400000000e+00 -8.4800942911e-06 -5.0242519576e-03
6.7410000000e+00 -8.5835800808e-06 -5.1923619924e-03
6.7420000000e+00 -9.0382239245e-06 -5.3598376160e-03
6.7430000000e+00 -9.8456115265e-06 -5.5266519512e-03
6.7440000000e+00 -1.1007079681e-05 -5.6927781611e-03
6.7450000000e+00 -1.2523710256e-05 -5.8581894554e-03
6.7460000000e+00 -1.4396430582e-05 -6.0228590883e-03
6.7470000000e+00 -1.6625984822e-05 -6.1867603680e-03
6.7480000000e+00 -1.9212866494e-05 -6.3498666669e-03
6.7490000000e+00 -2.2157328160e-05 -6.5121514261e-03
6.7500000000e+00 -2.5459449541e-05 -6.6735881538e-03
6.7510000000e+00 -2.9119121506e-05 -6.8341504317e-03
6.7520000000e+00 -3.3135967974e-05 -6.9938119307e-03
6.7530000000e+00 -3.7509387615e-05 -7.1525464118e-03
6.7540000000e+00 -4.2238613751e-05 -7.3103277247e-03
6.7550000000e+00 -4.7322674003e-05 -7.4671298166e-03
6.7560000000e+00 -5.2760326033e-05 -7.6229267429e-03
6.7570000000e+00 -5.8550097438e-05 -7.7776926723e-03
6.7580000000e+00 -6.4690369076e-05 -7.9314018838e-03
6.7590000000e+00 -7.1179312784e-05 -8.0840287750e-03
6.7600000000e+00 -7.8014819771e-05 -8.2355478742e-03
6.7610000000e+00 -8.5194563066e-05 -8.3859338436e-03
6.7620000000e+00 -9.2716062122e-05 -8.5351614788e-03
6.7630000000e+00 -1.0057663729e-04 -8.6832057141e-03
6.7640000000e+00 -1.0877333372e-04 -8.8300416357e-03
6.7650000000e+00 -1.1730298258e-04 -8.9756444856e-03
6.7660000000e+00 -1.2616226408e-04 -9.1199896586e-03
6.7670000000e+00 -1.3534765536e-04 -9.2630527116e-03
6.7680000000e+00 -1.4485537872e-04 -9.4048093746e-03
6.7690000000e+00 -1.5468144614e-04 -9.5452355520e-03
6.7700000000e+00 -1.6482172888e-04 -9.6843073244e-03
6.7710000000e+00 -1.7527189756e-04 -9.8220009547e-03
6.7720000000e+00 -1.8602736734e-04 -9.9582928981e-03
6.7730000000e+00 -1.9708336225e-04 -1.0093159806e-02
6.7740000000e+00 -2.0843496961e-04 -1.0226578525e-02
6.7750000000e+00 -2.2007708311e-04 -1.0358526103e-02
6.7760000000e+00 -2.3200434346e-04 -1.0488979801e-02
6.7770000000e+00 -2.4421121026e-04 -1.0617917095e-02
6.7780000000e+00 -2.5669201886e-04 -1.0745315672e-02
6.7790000000e+00 -2.6944092188e-04 -1.0871153444e-02
6.7800000000e+00 -2.8245184062e-04 -1.0995408550e-02
6.7810000000e+00 -2.9571852022e-04 -1.1118059362e-02
6.7820000000e+00 -3.0923459710e-04 -1.1239084483e-02
6.7830000000e+00 -3.2299354142e-04 -1.1358462756e-02
6.7840000000e+00 -3.3698861136e-04 -1.1476173267e-02
6.7850000000e+00 -3.5121291093e-04 -1.1592195352e-02
6.7860000000e+00 -3.6565942560e-04 -1.1706508595e-02
6.7870000000e+00 -3.8032100394e-04 -1.1819092834e-02
6.7880000000e+00 -3.9519030901e-04 -1.1929928167e-02
6.7890000000e+00 -4.1025984806e-04 -1.2038994957e-02
6.7900000000e+00 -4.2552203317e-04 -1.2146273830e-02
6.7910000000e+00 -4.4096913892e-04 -1.2251745682e-02
6.7920000000e+00 -4.5659327904e-04 -1.2355391683e-02
6.7930000000e+00 -4.7238644498e-04 -1.2457193282e-02
6.7940000000e+00 -4.8834053906e-04 -1.2557132202e-02
6.7950000000e+00 -5.0444735406e-04 -1.2655190448e-02
6.7960000000e+00 -5.2069853211e-04 -1.2751350317e-02
6.7970000000e+00 -5.3708560858e-04 -1.2845594392e-02
6.7980000000e+00 -5.5360005620e-04 -1.2937905542e-02
6.7990000000e+00 -5.7023324679e-04 -1.3028266934e-02
6.8000000000e+00 -5.8697642465e-04 -1.3116662033e-02
6.8010000000e+00 -6.0382074941e-04 -1.3203074601e-02
6.8020000000e+00 -6.2075732756e-04 -1.3287488699e-02
6.8030000000e+00 -6.3777718801e-04 -1.3369888695e-02
6.8040000000e+00 -6.5487127193e-04 -1.3450259259e-02
6.8050000000e+00 -6.7203045292e-04 -1.3528585372e-02
6.8060000000e+00 -6.8924555803e-04 -1.3604852320e-02
6.8070000000e+00 -7.0650736647e-04 -1.3679045701e-02
6.8080000000e+00 -7.2380659504e-04 -1.3751151428e-02
6.8090000000e+00 -7.4113391581e-04 -1.3821155726e-02
6.8100000000e+00 -7.5847996943e-04 -1.3889045137e-02
6.8110000000e+00 -7.7583535721e-04 -1.3954806520e-02
6.8120000000e+00 -7.9319065409e-04 -1.4018427056e-02
6.8130000000e+00 -8.1053641404e-04 -1.4079894245e-02
6.8140000000e+00 -8.2786317148e-04 -1.4139195909e-02
6.8150000000e+00 -8.4516145084e-04 -1.4196320193e-02
6.8160000000e+00 -8.6242176535e-04 -1.4251255565e-02
6.8170000000e+00 -8.7963462622e-04 -1.4303990821e-02
6.8180000000e+00 -8.9679055987e-04 -1.4354515076e-02
6.8190000000e+00 -9.1388010005e-04 -1.4402817774e-02
6.8200000000e+00 -9.3089378741e-04 -1.4448888685e-02
6.8210000000e+00 -9.4782218651e-04 -1.4492717907e-02
6.8220000000e+00 -9.6465588690e-04 -1.4534295864e-02
6.8230000000e+00 -9.8138551759e-04 -1.4573613307e-02
6.8240000000e+00 -9.9800174006e-04 -1.4610661317e-02
6.8250000000e+00 -1.0144952477e-03 -1.4645431304e-02
6.8260000000e+00 -1.0308567870e-03 -1.4677915006e-02
6.8270000000e+00 -1.0470771572e-03 -1.4708104487e-02
6.8280000000e+00 -1.0631472210e-03 -1.4735992143e-02
6.8290000000e+00 -1.0790578989e-03 -1.4761570695e-02
6.8300000000e+00 -1.0948001753e-03 -1.4784833195e-02
6.8310000000e+00 -1.1103651158e-03 -1.4805773024e-02
6.8320000000e+00 -1.1257438624e-03 -1.4824383888e-02
6.8330000000e+00 -1.1409276470e-03 -1.4840659822e-02
6.8340000000e+00 -1.1559077915e-03 -1.4854595190e-02
6.8350000000e+00 -1.1706757122e-03 -1.4866184679e-02
6.8360000000e+00 -1.1852229236e-03 -1.4875423306e-02
6.8370000000e+00 -1.1995410407e-03 -1.4882306412e-02
6.8380000000e+00 -1.2136217999e-03 -1.4886829665e-02
6.8390000000e+00 -1.2274570495e-03 -1.4888989055e-02
6.8400000000e+00 -1.2410387452e-03 -1.4888780901e-02
6.8410000000e+00 -1.2543589626e-03 -1.4886201844e-02
6.8420000000e+00 -1.2674099145e-03 -1.4881248847e-02
6.8430000000e+00 -1.2801839582e-03 -1.4873919194e-02
6.8440000000e+00 -1.2926735659e-03 -1.4864210492e-02
6.8450000000e+00 -1.3048713474e-03 -1.4852120670e-02
6.8460000000e+00 -1.3167700757e-03 -1.4837647975e-02
6.8470000000e+00 -1.3283626764e-03 -1.4820790971e-02
6.8480000000e+00 -1.3396422228e-03 -1.4801548541e-02
6.8490000000e+00 -1.3506019334e-03 -1.4779919885e-02
6.8500000000e+00 -1.3612352035e-03 -1.4755904518e-02
6.8510000000e+00 -1.3715356053e-03 -1.4729502270e-02
6.8520000000e+00 -1.3814968591e-03 -1.4700713286e-02
6.8530000000e+00 -1.3911128621e-03 -1.4669538026e-02
6.8540000000e+00 -1.4003777017e-03 -1.4635977260e-02
6.8550000000e+00 -1.4092856517e-03 -1.4600032071e-02
6.8560000000e+00 -1.4178311561e-03 -1.4561703851e-02
6.8570000000e+00 -1.4260088373e-03 -1.4520994309e-02
6.8580000000e+00 -1.4338135412e-03 -1.4477905453e-02
6.8590000000e+00 -1.4412403170e-03 -1.4432439603e-02
6.8600000000e+00 -1.4482843871e-03 -1.4384599388e-02
6.8610000000e+00 -1.4549411643e-03 -1.4334387745e-02
6.8620000000e+00 -1.4612062968e-03 -1.4281807913e-02
6.8630000000e+00 -1.4670756565e-03 -1.4226863431e-02
6.8640000000e+00 -1.4725452892e-03 -1.4169558150e-02
6.8650000000e+00 -1.4776114462e-03 -1.4109896225e-02
6.8660000000e+00 -1.4822706213e-03 -1.4047882107e-02
6.8670000000e+00 -1.4865195414e-03 -1.3983520547e-02
6.8680000000e+00 -1.4903551350e-03 -1.3916816600e-02
6.8690000000e+00 -1.4937745391e-03 -1.3847775624e-02
6.8700000000e+00 -1.4967751478e-03 -1.3776403269e-02
6.8710000000e+00 -1.4993545889e-03 -1.3702705483e-02
6.8720000000e+00 -1.5015106990e-03 -1.3626688517e-02
6.8730000000e+00 -1.5032415491e-03 -1.3548358917e-02
6.8740000000e+00 -1.5045454598e-03 -1.3467723524e-02
6.8750000000e+00 -1.5054209957e-03 -1.3384789472e-02
6.8760000000e+00 -1.5058669422e-03 -1.3299564199e-02
6.8770000000e+00 -1.5058823227e-03 -1.3212055432e-02
6.8780000000e+00 -1.5054664260e-03 -1.3122271194e-02
6.8790000000e+00 -1.5046187867e-03 -1.3030219798e-02
6.8800000000e+00 -1.5033391694e-03 -1.2935909857e-02
6.8810000000e+00 -1.5016275773e-03 -1.2839350277e-02
6.8820000000e+00 -1.4994842867e-03 -1.2740550251e-02
6.8830000000e+00 -1.4969098325e-03 -1.2639519265e-02
6.8840000000e+00 -1.4939049766e-03 -1.2536267103e-02
6.8850000000e+00 -1.4904707283e-03 -1.2430803837e-02
6.8860000000e+00 -1.4866083617e-03 -1.2323139833e-02
6.8870000000e+00 -1.4823194116e-03 -1.2213285743e-02
6.8880000000e+00 -1.4776056496e-03 -1.2101252516e-02
6.8890000000e+00 -1.4724690958e-03 -1.1987051392e-02
6.8900000000e+00 -1.4669120344e-03 -1.1870693899e-02
6.8910000000e+00 -1.4609369949e-03 -1.1752191858e-02
6.8920000000e+00 -1.4545467544e-03 -1.1631557381e-02
6.8930000000e+00 -1.4477443442e-03 -1.1508802870e-02
6.8940000000e+00 -1.4405330573e-03 -1.1383941018e-02
6.8950000000e+00 -1.4329164330e-03 -1.1256984807e-02
6.8960000000e+00 -1.4248982470e-03 -1.1127947514e-02
6.8970000000e+00 -1.4164825371e-03 -1.0996842704e-02
6.8980000000e+00 -1.4076736032e-03 -1.0863684231e-02
6.8990000000e+00 -1.3984759891e-03 -1.0728486242e-02
6.9000000000e+00 -1.3888944708e-03 -1.0591263175e-02
6.9010000000e+00 -1.3789340744e-03 -1.0452029762e-02
6.9020000000e+00 -1.3686000920e-03 -1.0310801019e-02
6.9030000000e+00 -1.3578980511e-03 -1.0167592257e-02
6.9040000000e+00 -1.3468337018e-03 -1.0022419082e-02
6.9050000000e+00 -1.3354130398e-03 -9.8752973893e-03
6.9060000000e+00 -1.3236423154e-03 -9.7262433638e-03
6.9070000000e+00 -1.3115280060e-03 -9.5752734831e-03
6.9080000000e+00 -1.2990768050e-03 -9.4224045214e-03
6.9090000000e+00 -1.2862956527e-03 -9.2676535415e-03
6.9100000000e+00 -1.2731917256e-03 -9.1110378975e-03
6.9110000000e+00 -1.2597724106e-03 -8.9525752384e-03
6.9120000000e+00 -1.2460453069e-03 -8.7922835065e-03
6.9130000000e+00 -1.2320182477e-03 -8.6301809358e-03
6.9140000000e+00 -1.2176992986e-03 -8.4662860482e-03
6.9150000000e+00 -1.2030967103e-03 -8.3006176636e-03
6.9160000000e+00 -1.1882189293e-03 -8.1331948970e-03
6.9170000000e+00 -1.1730746325e-03 -7.9640371510e-03
6.9180000000e+00 -1.1576727109e-03 -7.7931641207e-03
6.9190000000e+00 -1.1420222359e-03 -7.6205957962e-03
6.9200000000e+00 -1.1261324536e-03 -7.4463524646e-03
6.9210000000e+00 -1.1100128185e-03 -7.2704547032e-03
6.9220000000e+00 -1.0936729930e-03 -7.0929233774e-03
6.9230000000e+00 -1.0771228049e-03 -6.9137796494e-03
6.9240000000e+00 -1.0603722407e-03 -6.7330449754e-03
6.9250000000e+00 -1.0434314714e-03 -6.5507411013e-03
6.9260000000e+00 -1.0263108504e-03 -6.3668900620e-03
6.9270000000e+00 -1.0090208769e-03 -6.1815141855e-03
6.9280000000e+00 -9.9157219743e-04 -5.9946360940e-03
6.9290000000e+00 -9.7397562097e-04 -5.8062786962e-03
6.9300000000e+00 -9.5624210564e-04 -5.6164651907e-03
6.9310000000e+00 -9.3838274128e-04 -5.4252190665e-03
6.9320000000e+00 -9.2040874259e-04 -5.2325641030e-03
6.9330000000e+00 -9.0233146693e-04 -5.0385243652e-03
6.9340000000e+00 -8.8416240230e-04 -4.8431242020e-03
6.9350000000e+00 -8.6591313473e-04 -4.6463882525e-03
6.9360000000e+00 -8.4759535386e-04 -4.4483414417e-03
6.9370000000e+00 -8.2922086225e-04 -4.2490089766e-03
6.9380000000e+00 -8.1080156991e-04 -4.0484163467e-03
6.9390000000e+00 -7.9234946705e-04 -3.8465893225e-03
6.9400000000e+00 -7.7387661212e-04 -3.6435539597e-03
6.9410000000e+00 -7.5539514932e-04 -3.4393365908e-03
6.9420000000e+00 -7.3691730657e-04 -3.2339638224e-03
6.9430000000e+00 -7.1845537412e-04 -3.0274625387e-03
6.9440000000e+00 -7.0002168538e-04 -2.8198599000e-03
6.9450000000e+00 -6.8162862163e-04 -2.6111833391e-03
6.9460000000e+00 -6.6328861628e-04 -2.4014605576e-03
6.9470000000e+00 -6.4501414166e-04 -2.1907195255e-03
6.9480000000e+00 -6.2681769528e-04 -1.9789884808e-03
6.9490000000e+00 -6.0871178541e-04 -1.7662959255e-03
6.9500000000e+00 -5.9070893524e-04 -1.5526706236e-03
6.9510000000e+00 -5.7282168054e-04 -1.3381415966e-03
6.9520000000e+00 -5.5506254778e-04 -1.1227381247e-03
6.9530000000e+00 -5.3744404814e-04 -9.0648974360e-04
6.9540000000e+00 -5.1997867531e-04 -6.8942623676e-04
6.9550000000e+00 -5.0267889677e-04 -4.7157763773e-04
6.9560000000e+00 -4.8555714083e-04 -2.5297422538e-04
6.9570000000e+00 -4.6862578746e-04 -3.3646520616e-05
6.9580000000e+00 -4.5189717508e-04 1.8637471738e-04
6.9590000000e+00 -4.3538358501e-04 4.0705849518e-04
6.9600000000e+00 -4.1909722061e-04 6.2837358522e-04
6.9610000000e+00 -4.0305020879e-04 8.5028853220e-04
6.9620000000e+00 -3.8725460009e-04 1.0727716569e-03
6.9630000000e+00 -3.7172236213e-04 1.2957910602e-03
6.9640000000e+00 -3.5646535777e-04 1.5193146262e-03
6.9650000000e+00 -3.4149533160e-04 1.7433100250e-03
6.9660000000e+00 -3.2682391756e-04 1.9677447198e-03
6.9670000000e+00 -3.1246263570e-04 2.1925859697e-03
6.9680000000e+00 -2.9842287451e-04 2.4178008356e-03
6.9690000000e+00 -2.8471587282e-04 2.6433561836e-03
6.9700000000e+00 -2.7135271879e-04 2.8692186895e-03
6.9710000000e+00 -2.5834435527e-04 3.0953548460e-03
6.9720000000e+00 -2.4570156515e-04 3.3217309664e-03
6.9730000000e+00 -2.3343495565e-04 3.5483131904e-03
6.9740000000e+00 -2.2155495006e-04 3.7750674889e-03
6.9750000000e+00 -2.1007179037e-04 4.0019596694e-03
6.9760000000e+00 -1.9899552758e-04 4.2289553843e-03
6.9770000000e+00 -1.8833600482e-04 4.4560201340e-03
6.9780000000e+00 -1.7810285960e-04 4.6831192739e-03
6.9790000000e+00 -1.6830551353e-04 4.9102180205e-03
6.9800000000e+00 -1.5895316069e-04 5.1372814571e-03
6.9810000000e+00 -1.5005476034e-04 5.3642745415e-03
6.9820000000e+00 -1.4161903875e-04 5.5911621105e-03
6.9830000000e+00 -1.3365448780e-04 5.8179088876e-03
6.9840000000e+00 -1.2616934059e-04 6.0444794892e-03
6.9850000000e+00 -1.1917156424e-04 6.2708384321e-03
6.9860000000e+00 -1.1266886812e-04 6.4969501398e-03
6.9870000000e+00 -1.0666870090e-04 6.7227789488e-03
6.9880000000e+00 -1.0117823264e-04 6.9482891174e-03
6.9890000000e+00 -9.6204340057e-05 7.1734448323e-03
6.9900000000e+00 -9.1753614624e-05 7.3982102162e-03
6.9910000000e+00 -8.7832361463e-05 7.6225493346e-03
6.9920000000e+00 -8.4446581259e-05 7.8464262035e-03
6.9930000000e+00 -8.1601965226e-05 8.0698047988e-03
6.9940000000e+00 -7.9303900765e-05 8.2926490629e-03
6.9950000000e+00 -7.7557464384e-05 8.5149229119e-03
6.9960000000e+00 -7.6367402410e-05 8.7365902442e-03
6.9970000000e+00 -7.5738137455e-05 8.9576149493e-03
6.9980000000e+00 -7.5673778186e-05 9.1779609163e-03
6.9990000000e+00 -7.6178098350e-05 9.3975920409e-03
7.0000000000e+00 -7.7254518346e-05 9.6164722331e-03
7.0010000000e+00 -7.8906115152e-05 9.8345654279e-03
7.0020000000e+00 -8.1135641236e-05 1.0051835592e-02
7.0030000000e+00 -8.3945504649e-05 1.0268246734e-02
7.0040000000e+00 -8.7337738848e-05 1.0483762908e-02
7.0050000000e+00 -9.1314021109e-05 1.0698348230e-02
7.0060000000e+00 -9.5875693517e-05 1.0911966879e-02
7.0070000000e+00 -1.0102374505e-04 1.1124583111e-02
7.0080000000e+00 -1.0675878767e-04 1.1336161264e-02
7.0090000000e+00 -1.1308106487e-04 1.1546665768e-02
7.0100000000e+00 -1.1999047446e-04 1.1756061156e-02
7.0110000000e+00 -1.2748655461e-04 1.1964312068e-02
7.0120000000e+00 -1.3556846107e-04 1.2171383265e-02
7.0130000000e+00 -1.4423498256e-04 1.2377239631e-02
7.0140000000e+00 -1.5348455927e-04 1.2581846190e-02
7.0150000000e+00 -1.6331526304e-04 1.2785168109e-02
7.0160000000e+00 -1.7372477919e-04 1.2987170707e-02
7.0170000000e+00 -1.8471042865e-04 1.3187819467e-02
7.0180000000e+00 -1.9626918789e-04 1.3387080042e-02
7.0190000000e+00 -2.0839766618e-04 1.3584918265e-02
7.0200000000e+00 -2.2109208208e-04 1.3781300156e-02
7.0210000000e+00 -2.3434829139e-04 1.3976191936e-02
7.0220000000e+00 -2.4816181739e-04 1.4169560025e-02
7.0230000000e+00 -2.6252782419e-04 1.4361371063e-02
7.0240000000e+00 -2.7744109160e-04 1.4551591909e-02
7.0250000000e+00 -2.9289604375e-04 1.4740189653e-02
7.0260000000e+00 -3.0888677480e-04 1.4927131623e-02
7.0270000000e+00 -3.2540703406e-04 1.5112385393e-02
7.0280000000e+00 -3.4245020236e-04 1.5295918795e-02
7.0290000000e+00 -3.6000931312e-04 1.5477699919e-02
7.0300000000e+00 -3.7807708375e-04 1.5657697129e-02
7.0310000000e+00 -3.9664589292e-04 1.5835879066e-02
7.0320000000e+00 -4.1570777008e-04 1.6012214659e-02
7.0330000000e+00 -4.3525442449e-04 1.6186673128e-02
7.0340000000e+00 -4.5527725649e-04 1.6359223995e-02
7.0350000000e+00 -4.7576734454e-04 1.6529837092e-02
7.0360000000e+00 -4.9671544034e-04 1.6698482565e-02
7.0370000000e+00 -5.1811199612e-04 1.6865130884e-02
7.0380000000e+00 -5.3994718205e-04 1.7029752842e-02
7.0390000000e+00 -5.6221086493e-04 1.7192319575e-02
7.0400000000e+00 -5.8489260195e-04 1.7352802560e-02
7.0410000000e+00 -6.0798167572e-04 1.7511173624e-02
7.0420000000e+00 -6.3146711186e-04 1.7667404944e-02
7.0430000000e+00 -6.5533765664e-04 1.7821469062e-02
7.0440000000e+00 -6.7958177520e-04 1.7973338889e-02
7.0450000000e+00 -7.0418768098e-04 1.8122987707e-02
7.0460000000e+00 -7.2914335454e-04 1.8270389173e-02
7.0470000000e+00 -7.5443652900e-04 1.8415517332e-02
7.0480000000e+00 -7.8005468577e-04 1.8558346617e-02
7.0490000000e+00 -8.0598508919e-04 1.8698851854e-02
7.0500000000e+00 -8.3221479616e-04 1.8837008266e-02
7.0510000000e+00 -8.5873063659e-04 1.8972791481e-02
7.0520000000e+00 -8.8551922828e-04 1.9106177535e-02
7.0530000000e+00 -9.1256700946e-04 1.9237142875e-02
7.0540000000e+00 -9.3986023697e-04 1.9365664360e-02
7.0550000000e+00 -9.6738496966e-04 1.9491719272e-02
7.0560000000e+00 -9.9512708706e-04 1.9615285319e-02
7.0570000000e+00 -1.0230723286e-03 1.9736340628e-02
7.0580000000e+00 -1.0512062909e-03 1.9854863759e-02
7.0590000000e+00 -1.0795144039e-03 1.9970833702e-02
7.0600000000e+00 -1.1079819514e-03 2.0084229888e-02
7.0610000000e+00 -1.1365941137e-03 2.0195032181e-02
7.0620000000e+00 -1.1653359653e-03 2.0303220883e-02
7.0630000000e+00 -1.1941924501e-03 2.0408776741e-02
7.0640000000e+00 -1.2231483996e-03 2.0511680949e-02
7.0650000000e+00 -1.2521885753e-03 2.0611915144e-02
7.0660000000e+00 -1.2812976650e-03 2.0709461409e-02
7.0670000000e+00 -1.3104602613e-03 2.0804302277e-02
7.0680000000e+00 -1.3396608846e-03 2.0896420733e-02
7.0690000000e+00 -1.3688840213e-03 2.0985800212e-02
7.0700000000e+00 -1.3981141177e-03 2.1072424597e-02
7.0710000000e+00 -1.4273355570e-03 2.1156278226e-02
7.0720000000e+00 -1.4565326911e-03 2.1237345892e-02
7.0730000000e+00 -1.4856898805e-03 2.1315612835e-02
7.0740000000e+00 -1.5147914764e-03 2.1391064748e-02
7.0750000000e+00 -1.5438217998e-03 2.1463687781e-02
7.0760000000e+00 -1.5727651769e-03 2.1533468535e-02
7.0770000000e+00 -1.6016059818e-03 2.1600394060e-02
7.0780000000e+00 -1.6303286183e-03 2.1664451854e-02
7.0790000000e+00 -1.6589174938e-03 2.1725629873e-02
7.0800000000e+00 -1.6873570558e-03 2.1783916519e-02
7.0810000000e+00 -1.7156318302e-03 2.1839300641e-02
7.0820000000e+00 -1.7437264089e-03 2.1891771532e-02
7.0830000000e+00 -1.7716254297e-03 2.1941318937e-02
7.0840000000e+00 -1.7993136009e-03 2.1987933043e-02
7.0850000000e+00 -1.8267757415e-03 2.2031604478e-02
7.0860000000e+00 -1.8539967663e-03 2.2072324310e-02
7.0870000000e+00 -1.8809616724e-03 2.2110084048e-02
7.0880000000e+00 -1.9076555692e-03 2.2144875638e-02
7.0890000000e+00 -1.9340637025e-03 2.2176691457e-02
7.0900000000e+00 -1.9601714447e-03 2.2205524316e-02
7.0910000000e+00 -1.9859642807e-03 2.2231367457e-02
7.0920000000e+00 -2.0114278400e-03 2.2254214550e-02
7.0930000000e+00 -2.0365479247e-03 2.2274059686e-02
7.0940000000e+00 -2.0613104872e-03 2.2290897380e-02
7.0950000000e+00 -2.0857016241e-03 2.2304722570e-02
7.0960000000e+00 -2.1097076078e-03 2.2315530610e-02
7.0970000000e+00 -2.1333149109e-03 2.2323317263e-02
7.0980000000e+00 -2.1565101909e-03 2.2328078705e-02
7.0990000000e+00 -2.1792802793e-03 2.2329811526e-02
7.1000000000e+00 -2.2016122105e-03 2.2328512718e-02
7.1010000000e+00 -2.2234932428e-03 2.2324179672e-02
7.1020000000e+00 -2.2449108504e-03 2.2316810182e-02
7.1030000000e+00 -2.2658527155e-03 2.2306402439e-02
7.1040000000e+00 -2.2863067472e-03 2.2292955027e-02
7.1050000000e+00 -2.3062611016e-03 2.2276466919e-02
7.1060000000e+00 -2.3257041701e-03 2.2256937476e-02
7.1070000000e+00 -2.3446245829e-03 2.2234366448e-02
7.1080000000e+00 -2.3630112288e-03 2.2208753961e-02
7.1090000000e+00 -2.3808532598e-03 2.2180100522e-02
7.1100000000e+00 -2.3981400867e-03 2.2148407011e-02
7.1110000000e+00 -2.4148613814e-03 2.2113674688e-02
7.1120000000e+00 -2.4310071003e-03 2.2075905174e-02
7.1130000000e+00 -2.4465674904e-03 2.2035100460e-02
7.1140000000e+00 -2.4615330722e-03 2.1991262900e-02
7.1150000000e+00 -2.4758946490e-03 2.1944395214e-02
7.1160000000e+00 -2.4896433280e-03 2.1894500475e-02
7.1170000000e+00 -2.5027705269e-03 2.1841582112e-02
7.1180000000e+00 -2.5152679624e-03 2.1785643908e-02
7.1190000000e+00 -2.5271276524e-03 2.1726689999e-02
7.1200000000e+00 -2.5383419369e-03 2.1664724865e-02
7.1210000000e+00 -2.5489034839e-03 2.1599753332e-02
7.1220000000e+00 -2.5588052829e-03 2.1531780569e-02
7.1230000000e+00 -2.5680406469e-03 2.1460812085e-02
7.1240000000e+00 -2.5766032297e-03 2.1386853729e-02
7.1250000000e+00 -2.5844870287e-03 2.1309911683e-02
7.1260000000e+00 -2.5916863757e-03 2.1229992466e-02
7.1270000000e+00 -2.5981959469e-03 2.1147102928e-02
7.1280000000e+00 -2.6040107780e-03 2.1061250252e-02
7.1290000000e+00 -2.6091262601e-03 2.0972441945e-02
7.1300000000e+00 -2.6135381301e-03 2.0880685846e-02
7.1310000000e+00 -2.6172424817e-03 2.0785990119e-02
7.1320000000e+00 -2.6202357868e-03 2.0688363252e-02
7.1330000000e+00 -2.6225148872e-03 2.0587814050e-02
7.1340000000e+00 -2.6240769823e-03 2.0484351647e-02
7.1350000000e+00 -2.6249196389e-03 2.0377985495e-02
7.1360000000e+00 -2.6250408112e-03 2.0268725364e-02
7.1370000000e+00 -2.6244388403e-03 2.0156581340e-02
7.1380000000e+00 -2.6231124382e-03 2.0041563830e-02
7.1390000000e+00 -2.6210606936e-03 1.9923683557e-02
7.1400000000e+00 -2.6182830885e-03 1.9802951562e-02
7.1410000000e+00 -2.6147795004e-03 1.9679379196e-02
7.1420000000e+00 -2.6105501921e-03 1.9552978128e-02
7.1430000000e+00 -2.6055958131e-03 1.9423760344e-02
7.1440000000e+00 -2.5999174133e-03 1.9291738143e-02
7.1450000000e+00 -2.5935164414e-03 1.9156924135e-02
7.1460000000e+00 -2.5863947387e-03 1.9019331251e-02
7.1470000000e+00 -2.5785545424e-03 1.8878972734e-02
7.1480000000e+00 -2.5699984958e-03 1.8735862141e-02
7.1490000000e+00 -2.5607296464e-03 1.8590013346e-02
7.1500000000e+00 -2.5507514357e-03 1.8441440539e-02
7.1510000000e+00 -2.5400677049e-03 1.8290158227e-02
7.1520000000e+00 -2.5286827057e-03 1.8136181233e-02
7.1530000000e+00 -2.5166010980e-03 1.7979524697e-02
7.1540000000e+00 -2.5038279390e-03 1.7820204079e-02
7.1550000000e+00 -2.4903686809e-03 1.7658235162e-02
7.1560000000e+00 -2.4762291828e-03 1.7493634047e-02
7.1570000000e+00 -2.4614157153e-03 1.7326417155e-02
7.1580000000e+00 -2.4459349471e-03 1.7156601233e-02
7.1590000000e+00 -2.4297939385e-03 1.6984203351e-02
7.1600000000e+00 -2.4130001501e-03 1.6809240907e-02
7.1610000000e+00 -2.3955614493e-03 1.6631731624e-02
7.1620000000e+00 -2.3774861014e-03 1.6451693553e-02
7.1630000000e+00 -2.3587827609e-03 1.6269145075e-02
7.1640000000e+00 -2.3394604743e-03 1.6084104906e-02
7.1650000000e+00 -2.3195286853e-03 1.5896592092e-02
7.1660000000e+00 -2.2989972275e-03 1.5706626015e-02
7.1670000000e+00 -2.2778763171e-03 1.5514226394e-02
7.1680000000e+00 -2.2561765557e-03 1.5319413287e-02
7.1690000000e+00 -2.2339089291e-03 1.5122207091e-02
7.1700000000e+00 -2.2110847977e-03 1.4922628549e-02
7.1710000000e+00 -2.1877158931e-03 1.4720698746e-02
7.1720000000e+00 -2.1638143215e-03 1.4516439112e-02
7.1730000000e+00 -2.1393925596e-03 1.4309871428e-02
7.1740000000e+00 -2.1144634436e-03 1.4101017822e-02
7.1750000000e+00 -2.0890401615e-03 1.3889900777e-02
7.1760000000e+00 -2.0631362574e-03 1.3676543128e-02
7.1770000000e+00 -2.0367656309e-03 1.3460968065e-02
7.1780000000e+00 -2.0099425216e-03 1.3243199138e-02
7.1790000000e+00 -1.9826814996e-03 1.3023260254e-02
7.1800000000e+00 -1.9549974666e-03 1.2801175684e-02
7.1810000000e+00 -1.9269056532e-03 1.2576970061e-02
7.1820000000e+00 -1.8984216095e-03 1.2350668382e-02
7.1830000000e+00 -1.8695611940e-03 1.2122296012e-02
7.1840000000e+00 -1.8403405707e-03 1.1891878687e-02
7.1850000000e+00 -1.8107762048e-03 1.1659442509e-02
7.1860000000e+00 -1.7808848516e-03 1.1425013956e-02
7.1870000000e+00 -1.7506835492e-03 1.1188619876e-02
7.1880000000e+00 -1.7201896158e-03 1.0950287495e-02
7.1890000000e+00 -1.6894206380e-03 1.0710044414e-02
7.1900000000e+00 -1.6583944577e-03 1.0467918613e-02
7.1910000000e+00 -1.6271291664e-03 1.0223938451e-02
7.1920000000e+00 -1.5956431047e-03 9.9781326694e-03
7.1930000000e+00 -1.5639548492e-03 9.7305303882e-03
7.1940000000e+00 -1.5320831925e-03 9.4811611124e-03
7.1950000000e+00 -1.5000471377e-03 9.2300547308e-03
7.1960000000e+00 -1.4678659005e-03 8.9772415153e-03
7.1970000000e+00 -1.4355588966e-03 8.7227521227e-03
7.1980000000e+00 -1.4031457193e-03 8.4666175957e-03
7.1990000000e+00 -1.3706461313e-03 8.2088693630e-03
7.2000000000e+00 -1.3380800653e-03 7.9495392388e-03
7.2010000000e+00 -1.3054676108e-03 7.6886594230e-03
7.2020000000e+00 -1.2728289941e-03 7.4262625021e-03
7.2030000000e+00 -1.2401845686e-03 7.1623814486e-03
7.2040000000e+00 -1.2075548114e-03 6.8970496204e-03
7.2050000000e+00 -1.1749603098e-03 6.6303007600e-03
7.2060000000e+00 -1.1424217396e-03 6.3621689955e-03
7.2070000000e+00 -1.1099598592e-03 6.0926888385e-03
7.2080000000e+00 -1.0775955054e-03 5.8218951827e-03
7.2090000000e+00 -1.0453495757e-03 5.5498233034e-03
7.2100000000e+00 -1.0132430048e-03 5.2765088580e-03
7.2110000000e+00 -9.8129675756e-04 5.0019878830e-03
7.2120000000e+00 -9.4953183150e-04 4.7262967911e-03
7.2130000000e+00 -9.1796923639e-04 4.4494723701e-03
7.2140000000e+00 -8.8662996627e-04 4.1715517829e-03
7.2150000000e+00 -8.5553499170e-04 3.8925725642e-03
7.2160000000e+00 -8.2470526274e-04 3.6125726156e-03
7.2170000000e+00 -7.9416169319e-04 3.3315902042e-03
7.2180000000e+00 -7.6392512843e-04 3.0496639612e-03
7.2190000000e+00 -7.3401633479e-04 2.7668328789e-03
7.2200000000e+00 -7.0445600284e-04 2.4831363048e-03
7.2210000000e+00 -6.7526473077e-04 2.1986139381e-03
7.2220000000e+00 -6.4646299564e-04 1.9133058287e-03
7.2230000000e+00 -6.1807114217e-04 1.6272523726e-03
7.2240000000e+00 -5.9010938314e-04 1.3404943055e-03
7.2250000000e+00 -5.6259778115e-04 1.0530726985e-03
7.2260000000e+00 -5.3555622303e-04 7.6502895564e-04
7.2270000000e+00 -5.0900441022e-04 4.7640480809e-04
7.2280000000e+00 -4.8296185607e-04 1.8724230764e-04
7.2290000000e+00 -4.5744786883e-04 -1.0241617889e-04
7.2300000000e+00 -4.3248152178e-04 -3.9252797300e-04
7.2310000000e+00 -4.0808164683e-04 -6.8305009106e-04
7.2320000000e+00 -3.8426683630e-04 -9.7393925208e-04
7.2330000000e+00 -3.6105542127e-04 -1.2651518838e-03
7.2340000000e+00 -3.3846544494e-04 -1.5566441279e-03
7.2350000000e+00 -3.1651465225e-04 -1.8483718463e-03
7.2360000000e+00 -2.9522049363e-04 -2.1402906309e-03
7.2370000000e+00 -2.7460010851e-04 -2.4323558109e-03
7.2380000000e+00 -2.5467029549e-04 -2.7245224588e-03
7.2390000000e+00 -2.3544750440e-04 -3.0167453986e-03
7.2400000000e+00 -2.1694783526e-04 -3.3089792151e-03
7.2410000000e+00 -1.9918702301e-04 -3.6011782629e-03
7.2420000000e+00 -1.8218041407e-04 -3.8932966741e-03
7.2430000000e+00 -1.6594295693e-04 -4.1852883664e-03
7.2440000000e+00 -1.5048919867e-04 -4.4771070536e-03
7.2450000000e+00 -1.3583326677e-04 -4.7687062554e-03
7.2460000000e+00 -1.2198885342e-04 -5.0600393066e-03
7.2470000000e+00 -1.0896920749e-04 -5.3510593663e-03
7.2480000000e+00 -9.6787129555e-05 -5.6417194292e-03
7.2490000000e+00 -8.5454955613e-05 -5.9319723359e-03
7.2500000000e+00 -7.4984537545e-05 -6.2217707833e-03
7.2510000000e+00 -6.5387243812e-05 -6.5110673353e-03
7.2520000000e+00 -5.6673952470e-05 -6.7998144341e-03
7.2530000000e+00 -4.8855033668e-05 -7.0879644114e-03
7.2540000000e+00 -4.1940336018e-05 -7.3754695002e-03
7.2550000000e+00 -3.5939180925e-05 -7.6622818467e-03
7.2560000000e+00 -3.0860362795e-05 -7.9483535216e-03
7.2570000000e+00 -2.6712132165e-05 -8.2336365330e-03
7.2580000000e+00 -2.3502182409e-05 -8.5180828385e-03
7.2590000000e+00 -2.1237650270e-05 -8.8016443580e-03
7.2600000000e+00 -1.9925108349e-05 -9.0842729855e-03
7.2610000000e+00 -1.9570554734e-05 -9.3659206031e-03
7.2620000000e+00 -2.0179404183e-05 -9.6465390937e-03
7.2630000000e+00 -2.1756487910e-05 -9.9260803541e-03
7.2640000000e+00 -2.4306047938e-05 -1.0204496309e-02
7.2650000000e+00 -2.7831722716e-05 -1.0481738923e-02
7.2660000000e+00 -3.2336545863e-05 -1.0757760216e-02
7.2670000000e+00 -3.7822948258e-05 -1.1032512277e-02
7.2680000000e+00 -4.4292752372e-05 -1.1305947277e-02
7.2690000000e+00 -5.1747158522e-05 -1.1578017483e-02
7.2700000000e+00 -6.0186742613e-05 -1.1848675273e-02
7.2710000000e+00 -6.9611465408e-05 -1.2117873148e-02
7.2720000000e+00 -8.0020667330e-05 -1.2385563752e-02
7.2730000000e+00 -9.1413058238e-05 -1.2651699877e-02
7.2740000000e+00 -1.0378671437e-04 -1.2916234486e-02
7.2750000000e+00 -1.1713908671e-04 -1.3179120722e-02
7.2760000000e+00 -1.3146700413e-04 -1.3440311925e-02
7.2770000000e+00 -1.4676666213e-04 -1.3699761645e-02
7.2780000000e+00 -1.6303362487e-04 -1.3957423656e-02
7.2790000000e+00 -1.8026283363e-04 -1.4213251972e-02
7.2800000000e+00 -1.9844860790e-04 -1.4467200861e-02
7.2810000000e+00 -2.1758464192e-04 -1.4719224859e-02
7.2820000000e+00 -2.3766400692e-04 -1.4969278781e-02
7.2830000000e+00 -2.5867916218e-04 -1.5217317742e-02
7.2840000000e+00 -2.8062195603e-04 -1.5463297164e-02
7.2850000000e+00 -3.0348362343e-04 -1.5707172795e-02
7.2860000000e+00 -3.2725479243e-04 -1.5948900720e-02
7.2870000000e+00 -3.5192549708e-04 -1.6188437376e-02
7.2880000000e+00 -3.7748518228e-04 -1.6425739565e-02
7.2890000000e+00 -4.0392269968e-04 -1.6660764466e-02
7.2900000000e+00 -4.3122631628e-04 -1.6893469653e-02
7.2910000000e+00 -4.5938372978e-04 -1.7123813100e-02
7.2920000000e+00 -4.8838207606e-04 -1.7351753203e-02
7.2930000000e+00 -5.1820792977e-04 -1.7577248783e-02
7.2940000000e+00 -5.4884730861e-04 -1.7800259109e-02
7.2950000000e+00 -5.8028569188e-04 -1.8020743900e-02
7.2960000000e+00 -6.1250803138e-04 -1.8238663341e-02
7.2970000000e+00 -6.4549875448e-04 -1.8453978098e-02
7.2980000000e+00 -6.7924177419e-04 -1.8666649324e-02
7.2990000000e+00 -7.1372050188e-04 -1.8876638672e-02
7.3000000000e+00 -7.4891786151e-04 -1.9083908304e-02
7.3010000000e+00 -7.8481629740e-04 -1.9288420907e-02
7.3020000000e+00 -8.2139778599e-04 -1.9490139697e-02
7.3030000000e+00 -8.5864385067e-04 -1.9689028430e-02
7.3040000000e+00 -8.9653557143e-04 -1.9885051413e-02
7.3050000000e+00 -9.3505359768e-04 -2.0078173515e-02
7.3060000000e+00 -9.7417816135e-04 -2.0268360170e-02
7.3070000000e+00 -1.0138890930e-03 -2.0455577391e-02
7.3080000000e+00 -1.0541658334e-03 -2.0639791772e-02
7.3090000000e+00 -1.0949874439e-03 -2.0820970503e-02
7.3100000000e+00 -1.1363326236e-03 -2.0999081373e-02
7.3110000000e+00 -1.1781797244e-03 -2.1174092776e-02
7.3120000000e+00 -1.2205067658e-03 -2.1345973717e-02
7.3130000000e+00 -1.2632914482e-03 -2.1514693824e-02
7.3140000000e+00 -1.3065111665e-03 -2.1680223345e-02
7.3150000000e+00 -1.3501430275e-03 -2.1842533159e-02
7.3160000000e+00 -1.3941638632e-03 -2.2001594779e-02
7.3170000000e+00 -1.4385502487e-03 -2.2157380356e-02
7.3180000000e+00 -1.4832785164e-03 -2.2309862682e-02
7.3190000000e+00 -1.5283247689e-03 -2.2459015198e-02
7.3200000000e+00 -1.5736648953e-03 -2.2604811990e-02
7.3210000000e+00 -1.6192745889e-03 -2.2747227797e-02
7.3220000000e+00 -1.6651293658e-03 -2.2886238013e-02
7.3230000000e+00 -1.7112045760e-03 -2.3021818685e-02
7.3240000000e+00 -1.7574754165e-03 -2.3153946519e-02
7.3250000000e+00 -1.8039169521e-03 -2.3282598879e-02
7.3260000000e+00 -1.8505041328e-03 -2.3407753786e-02
7.3270000000e+00 -1.8972118071e-03 -2.3529389922e-02
7.3280000000e+00 -1.9440147351e-03 -2.3647486627e-02
7.3290000000e+00 -1.9908876047e-03 -2.3762023898e-02
7.3300000000e+00 -2.0378050503e-03 -2.3872982392e-02
7.3310000000e+00 -2.0847416675e-03 -2.3980343421e-02
7.3320000000e+00 -2.1316720259e-03 -2.4084088952e-02
7.3330000000e+00 -2.1785706844e-03 -2.4184201602e-02
7.3340000000e+00 -2.2254122081e-03 -2.4280664641e-02
7.3350000000e+00 -2.2721711819e-03 -2.4373461988e-02
7.3360000000e+00 -2.3188222242e-03 -2.4462578203e-02
7.3370000000e+00 -2.3653400033e-03 -2.4547998490e-02
7.3380000000e+00 -2.4116992518e-03 -2.4629708687e-02
7.3390000000e+00 -2.4578747798e-03 -2.4707695271e-02
7.3400000000e+00 -2.5038414869e-03 -2.4781945343e-02
7.3410000000e+00 -2.5495743786e-03 -2.4852446632e-02
7.3420000000e+00 -2.5950485825e-03 -2.4919187485e-02
7.3430000000e+00 -2.6402393584e-03 -2.4982156863e-02
7.3440000000e+00 -2.6851221101e-03 -2.5041344338e-02
7.3450000000e+00 -2.7296724003e-03 -2.5096740087e-02
7.3460000000e+00 -2.7738659649e-03 -2.5148334883e-02
7.3470000000e+00 -2.8176787258e-03 -2.5196120093e-02
7.3480000000e+00 -2.8610868012e-03 -2.5240087670e-02
7.3490000000e+00 -2.9040665160e-03 -2.5280230147e-02
7.3500000000e+00 -2.9465944163e-03 -2.5316540630e-02
7.3510000000e+00 -2.9886472822e-03 -2.5349012793e-02
7.3520000000e+00 -3.0302021392e-03 -2.5377640870e-02
7.3530000000e+00 -3.0712362673e-03 -2.5402419647e-02
7.3540000000e+00 -3.1117272105e-03 -2.5423344458e-02
7.3550000000e+00 -3.1516527901e-03 -2.5440411177e-02
7.3560000000e+00 -3.1909911170e-03 -2.5453616210e-02
7.3570000000e+00 -3.2297205998e-03 -2.5462956485e-02
7.3580000000e+00 -3.2678199515e-03 -2.5468429451e-02
7.3590000000e+00 -3.3052682023e-03 -2.5470033067e-02
7.3600000000e+00 -3.3420447102e-03 -2.5467765796e-02
7.3610000000e+00 -3.3781291707e-03 -2.5461626593e-02
7.3620000000e+00 -3.4135016233e-03 -2.5451614906e-02
7.3630000000e+00 -3.4481424610e-03 -2.5437730661e-02
7.3640000000e+00 -3.4820324421e-03 -2.5419974260e-02
7.3650000000e+00 -3.5151526972e-03 -2.5398346569e-02
7.3660000000e+00 -3.5474847354e-03 -2.5372848915e-02
7.3670000000e+00 -3.5790104551e-03 -2.5343483078e-02
7.3680000000e+00 -3.6097121535e-03 -2.5310251281e-02
7.3690000000e+00 -3.6395725326e-03 -2.5273156186e-02
7.3700000000e+00 -3.6685747032e-03 -2.5232200887e-02
7.3710000000e+00 -3.6967021958e-03 -2.5187388902e-02
7.3720000000e+00 -3.7239389721e-03 -2.5138724168e-02
7.3730000000e+00 -3.7502694295e-03 -2.5086211033e-02
7.3740000000e+00 -3.7756784028e-03 -2.5029854249e-02
7.3750000000e+00 -3.8001511735e-03 -2.4969658970e-02
7.3760000000e+00 -3.8236734842e-03 -2.4905630742e-02
7.3770000000e+00 -3.8462315422e-03 -2.4837775496e-02
7.3780000000e+00 -3.8678120202e-03 -2.4766099546e-02
7.3790000000e+00 -3.8884020637e-03 -2.4690609584e-02
7.3800000000e+00 -3.9079893042e-03 -2.4611312669e-02
7.3810000000e+00 -3.9265618647e-03 -2.4528216228e-02
7.3820000000e+00 -3.9441083592e-03 -2.4441328046e-02
7.3830000000e+00 -3.9606178995e-03 -2.4350656268e-02
7.3840000000e+00 -3.9760801068e-03 -2.4256209386e-02
7.3850000000e+00 -3.9904851168e-03 -2.4157996242e-02
7.3860000000e+00 -4.0038235807e-03 -2.4056026020e-02
7.3870000000e+00 -4.0160866719e-03 -2.3950308245e-02
7.3880000000e+00 -4.0272660963e-03 -2.3840852775e-02
7.3890000000e+00 -4.0373540966e-03 -2.3727669804e-02
7.3900000000e+00 -4.0463434528e-03 -2.3610769853e-02
7.3910000000e+00 -4.0542274891e-03 -2.3490163773e-02
7.3920000000e+00 -4.0610000852e-03 -2.3365862738e-02
7.3930000000e+00 -4.0666556786e-03 -2.3237878242e-02
7.3940000000e+00 -4.0711892643e-03 -2.3106222103e-02
7.3950000000e+00 -4.0745964022e-03 -2.2970906457e-02
7.3960000000e+00 -4.0768732270e-03 -2.2831943755e-02
7.3970000000e+00 -4.0780164520e-03 -2.2689346766e-02
7.3980000000e+00 -4.0780233681e-03 -2.2543128573e-02
7.3990000000e+00 -4.0768918483e-03 -2.2393302575e-02
7.4000000000e+00 -4.0746203584e-03 -2.2239882485e-02
7.4010000000e+00 -4.0712079599e-03 -2.2082882327e-02
7.4020000000e+00 -4.0666543099e-03 -2.1922316442e-02
7.4030000000e+00 -4.0609596659e-03 -2.1758199486e-02
7.4040000000e+00 -4.0541248921e-03 -2.1590546429e-02
7.4050000000e+00 -4.0461514630e-03 -2.1419372557e-02
7.4060000000e+00 -4.0370414642e-03 -2.1244693475e-02
7.4070000000e+00 -4.0267975964e-03 -2.1066525106e-02
7.4080000000e+00 -4.0154231817e-03 -2.0884883693e-02
7.4090000000e+00 -4.0029221629e-03 -2.0699785804e-02
7.4100000000e+00 -3.9892991054e-03 -2.0511248331e-02
7.4110000000e+00 -3.9745592027e-03 -2.0319288494e-02
7.4120000000e+00 -3.9587082796e-03 -2.0123923844e-02
7.4130000000e+00 -3.9417527919e-03 -1.9925172263e-02
7.4140000000e+00 -3.9236998257e-03 -1.9723051972e-02
7.4150000000e+00 -3.9045571032e-03 -1.9517581531e-02
7.4160000000e+00 -3.8843329858e-03 -1.9308779843e-02
7.4170000000e+00 -3.8630364718e-03 -1.9096666160e-02
7.4180000000e+00 -3.8406771951e-03 -1.8881260082e-02
7.4190000000e+00 -3.8172654287e-03 -1.8662581567e-02
7.4200000000e+00 -3.7928120876e-03 -1.8440650932e-02
7.4210000000e+00 -3.7673287237e-03 -1.8215488858e-02
7.4220000000e+00 -3.7408275250e-03 -1.7987116393e-02
7.4230000000e+00 -3.7133213184e-03 -1.7755554962e-02
7.4240000000e+00 -3.6848235678e-03 -1.7520826366e-02
7.4250000000e+00 -3.6553483699e-03 -1.7282952788e-02
7.4260000000e+00 -3.6249104518e-03 -1.7041956805e-02
7.4270000000e+00 -3.5935251736e-03 -1.6797861382e-02
7.4280000000e+00 -3.5612085253e-03 -1.6550689887e-02
7.4290000000e+00 -3.5279771177e-03 -1.6300466092e-02
7.4300000000e+00 -3.4938481798e-03 -1.6047214180e-02
7.4310000000e+00 -3.4588395604e-03 -1.5790958752e-02
7.4320000000e+00 -3.4229697243e-03 -1.5531724827e-02
7.4330000000e+00 -3.3862577401e-03 -1.5269537856e-02
7.4340000000e+00 -3.3487232751e-03 -1.5004423724e-02
7.4350000000e+00 -3.3103865958e-03 -1.4736408755e-02
7.4360000000e+00 -3.2712685636e-03 -1.4465519717e-02
7.4370000000e+00 -3.2313906207e-03 -1.4191783832e-02
7.4380000000e+00 -3.1907747826e-03 -1.3915228779e-02
7.4390000000e+00 -3.1494436372e-03 -1.3635882703e-02
7.4400000000e+00 -3.1074203374e-03 -1.3353774214e-02
7.4410000000e+00 -3.0647285876e-03 -1.3068932400e-02
7.4420000000e+00 -3.0213926332e-03 -1.2781386832e-02
7.4430000000e+00 -2.9774372577e-03 -1.2491167565e-02
7.4440000000e+00 -2.9328877727e-03 -1.2198305146e-02
7.4450000000e+00 -2.8877700016e-03 -1.1902830624e-02
7.4460000000e+00 -2.8421102689e-03 -1.1604775549e-02
7.4470000000e+00 -2.7959353946e-03 -1.1304171981e-02
7.4480000000e+00 -2.7492726824e-03 -1.1001052493e-02
7.4490000000e+00 -2.7021499006e-03 -1.0695450178e-02
7.4500000000e+00 -2.6545952702e-03 -1.0387398657e-02
7.4510000000e+00 -2.6066374575e-03 -1.0076932077e-02
7.4520000000e+00 -2.5583055611e-03 -9.7640851208e-03
7.4530000000e+00 -2.5096290907e-03 -9.4488930096e-03
7.4540000000e+00 -2.4606379525e-03 -9.1313915102e-03
7.4550000000e+00 -2.4113624403e-03 -8.8116169363e-03
7.4560000000e+00 -2.3618332206e-03 -8.4896061528e-03
7.4570000000e+00 -2.3120813111e-03 -8.1653965808e-03
7.4580000000e+00 -2.2621380639e-03 -7.8390262017e-03
7.4590000000e+00 -2.2120351534e-03 -7.5105335596e-03
7.4600000000e+00 -2.1618045600e-03 -7.1799577639e-03
7.4610000000e+00 -2.1114785483e-03 -6.8473384931e-03
7.4620000000e+00 -2.0610896491e-03 -6.5127159984e-03
7.4630000000e+00 -2.0106706449e-03 -6.1761311046e-03
7.4640000000e+00 -1.9602545500e-03 -5.8376252125e-03
7.4650000000e+00 -1.9098745883e-03 -5.4972403016e-03
7.4660000000e+00 -1.8595641755e-03 -5.1550189312e-03
7.4670000000e+00 -1.8093569017e-03 -4.8110042422e-03
7.4680000000e+00 -1.7592865101e-03 -4.4652399573e-03
7.4690000000e+00 -1.7093868726e-03 -4.1177703829e-03
7.4700000000e+00 -1.6596919717e-03 -3.7686404089e-03
7.4710000000e+00 -1.6102358814e-03 -3.4178955092e-03
7.4720000000e+00 -1.5610527448e-03 -3.0655817411e-03
7.4730000000e+00 -1.5121767487e-03 -2.7117457452e-03
7.4740000000e+00 -1.4636421031e-03 -2.3564347442e-03
7.4750000000e+00 -1.4154830230e-03 -1.9996965423e-03
7.4760000000e+00 -1.3677337029e-03 -1.6415795229e-03
7.4770000000e+00 -1.3204282930e-03 -1.2821326474e-03
7.4780000000e+00 -1.2736008777e-03 -9.2140545213e-04
7.4790000000e+00 -1.2272854540e-03 -5.5944804663e-04
7.4800000000e+00 -1.1815159076e-03 -1.9631111018e-04
7.4810000000e+00 -1.1363259874e-03 1.6795411157e-04
7.4820000000e+00 -1.0917492847e-03 5.3329581061e-04
7.4830000000e+00 -1.0478192108e-03 8.9966162042e-04
7.4840000000e+00 -1.0045689696e-03 1.2669986201e-03
7.4850000000e+00 -9.6203153401e-04 1.6352533400e-03
7.4860000000e+00 -9.2023962449e-04 2.0043717675e-03
7.4870000000e+00 -8.7922568689e-04 2.3742993521e-03
7.4880000000e+00 -8.3902186415e-04 2.7449810118e-03
7.4890000000e+00 -7.9965997097e-04 3.1163611396e-03
7.4900000000e+00 -7.6117147423e-04 3.4883836115e-03
7.4910000000e+00 -7.2358747067e-04 3.8609917938e-03
7.4920000000e+00 -6.8693865922e-04 4.2341285502e-03
7.4930000000e+00 -6.5125531394e-04 4.6077362508e-03
7.4940000000e+00 -6.1656726478e-04 4.9817567814e-03
7.4950000000e+00 -5.8290387625e-04 5.3561315531e-03
7.4960000000e+00 -5.5029401910e-04 5.7308015108e-03
7.4970000000e+00 -5.1876604558e-04 6.1057071442e-03
7.4980000000e+00 -4.8834776884e-04 6.4807884993e-03
7.4990000000e+00 -4.5906644231e-04 6.8559851888e-03
7.5000000000e+00 -4.3094873328e-04 7.2312364043e-03
7.5010000000e+00 -4.0402069780e-04 7.6064809276e-03
7.5020000000e+00 -3.7830776328e-04 7.9816571449e-03
7.5030000000e+00 -3.5383470682e-04 8.3567030592e-03
7.5040000000e+00 -3.3062562969e-04 8.7315563041e-03
7.5050000000e+00 -3.0870393459e-04 9.1061541571e-03
7.5060000000e+00 -2.8809230794e-04 9.4804335558e-03
7.5070000000e+00 -2.6881270143e-04 9.8543311123e-03
7.5080000000e+00 -2.5088630648e-04 1.0227783129e-02
7.5090000000e+00 -2.3433353216e-04 1.0600725614e-02
7.5100000000e+00 -2.1917398971e-04 1.0973094299e-02
7.5110000000e+00 -2.0542647540e-04 1.1344824656e-02
7.5120000000e+00 -1.9310894823e-04 1.1715851915e-02
7.5130000000e+00 -1.8223850793e-04 1.2086111080e-02
7.5140000000e+00 -1.7283138130e-04 1.2455536951e-02
7.5150000000e+00 -1.6490290781e-04 1.2824064140e-02
7.5160000000e+00 -1.5846751985e-04 1.3191627094e-02
7.5170000000e+00 -1.5353872400e-04 1.3558160111e-02
7.5180000000e+00 -1.5012908717e-04 1.3923597360e-02
7.5190000000e+00 -1.4825022552e-04 1.4287872908e-02
7.5200000000e+00 -1.4791278759e-04 1.4650920735e-02
7.5210000000e+00 -1.4912643878e-04 1.5012674756e-02
7.5220000000e+00 -1.5189985086e-04 1.5373068848e-02
7.5230000000e+00 -1.5624069124e-04 1.5732036867e-02
7.5240000000e+00 -1.6215561124e-04 1.6089512672e-02
7.5250000000e+00 -1.6965023308e-04 1.6445430152e-02
7.5260000000e+00 -1.7872914220e-04 1.6799723244e-02
7.5270000000e+00 -1.8939588090e-04 1.7152325960e-02
7.5280000000e+00 -2.0165293818e-04 1.7503172409e-02
7.5290000000e+00 -2.1550174138e-04 1.7852196826e-02
7.5300000000e+00 -2.3094265093e-04 1.8199333589e-02
7.5310000000e+00 -2.4797495782e-04 1.8544517251e-02
7.5320000000e+00 -2.6659687832e-04 1.8887682562e-02
7.5330000000e+00 -2.8680554755e-04 1.9228764492e-02
7.5340000000e+00 -3.0859701869e-04 1.9567698262e-02
7.5350000000e+00 -3.3196626329e-04 1.9904419362e-02
7.5360000000e+00 -3.5690717113e-04 2.0238863585e-02
7.5370000000e+00 -3.8341254801e-04 2.0570967046e-02
7.5380000000e+00 -4.1147411723e-04 2.0900666209e-02
7.5390000000e+00 -4.4108252486e-04 2.1227897915e-02
7.5400000000e+00 -4.7222734268e-04 2.1552599406e-02
7.5410000000e+00 -5.0489707235e-04 2.1874708350e-02
7.5420000000e+00 -5.3907915021e-04 2.2194162868e-02
7.5430000000e+00 -5.7475995517e-04 2.2510901558e-02
7.5440000000e+00 -6.1192481723e-04 2.2824863522e-02
7.5450000000e+00 -6.5055802424e-04 2.3135988388e-02
7.5460000000e+00 -6.9064283300e-04 2.3444216338e-02
7.5470000000e+00 -7.3216148024e-04 2.3749488131e-02
7.5480000000e+00 -7.7509519344e-04 2.4051745127e-02
7.5490000000e+00 -8.1942420351e-04 2.4350929312e-02
7.5500000000e+00 -8.6512775881e-04 2.4646983320e-02
7.5510000000e+00 -9.1218414165e-04 2.4939850458e-02
7.5520000000e+00 -9.6057068221e-04 2.5229474727e-02
7.5530000000e+00 -1.0102637741e-03 2.5515800848e-02
7.5540000000e+00 -1.0612388936e-03 2.5798774278e-02
7.5550000000e+00 -1.1134706193e-03 2.6078341237e-02
7.5560000000e+00 -1.1669326498e-03 2.6354448726e-02
7.5570000000e+00 -1.2215978232e-03 2.6627044546e-02
7.5580000000e+00 -1.2774381386e-03 2.6896077323e-02
7.5590000000e+00 -1.3344247794e-03 2.7161496518e-02
7.5600000000e+00 -1.3925281336e-03 2.7423252455e-02
7.5610000000e+00 -1.4517178171e-03 2.7681296332e-02
7.5620000000e+00 -1.5119626987e-03 2.7935580240e-02
7.5630000000e+00 -1.5732309253e-03 2.8186057181e-02
7.5640000000e+00 -1.6354899450e-03 2.8432681078e-02
7.5650000000e+00 -1.6987065323e-03 2.8675406797e-02
7.5660000000e+00 -1.7628468181e-03 2.8914190155e-02
7.5670000000e+00 -1.8278763155e-03 2.9148987936e-02
7.5680000000e+00 -1.8937599447e-03 2.9379757902e-02
7.5690000000e+00 -1.9604620605e-03 2.9606458803e-02
7.5700000000e+00 -2.0279464833e-03 2.9829050392e-02
7.5710000000e+00 -2.0961765288e-03 3.0047493429e-02
7.5720000000e+00 -2.1651150325e-03 3.0261749694e-02
7.5730000000e+00 -2.2347243782e-03 3.0471781992e-02
7.5740000000e+00 -2.3049665304e-03 3.0677554164e-02
7.5750000000e+00 -2.3758030652e-03 3.0879031087e-02
7.5760000000e+00 -2.4471951961e-03 3.1076178682e-02
7.5770000000e+00 -2.5191038022e-03 3.1268963922e-02
7.5780000000e+00 -2.5914894609e-03 3.1457354827e-02
7.5790000000e+00 -2.6643124792e-03 3.1641320475e-02
7.5800000000e+00 -2.7375329199e-03 3.1820830998e-02
7.5810000000e+00 -2.8111106295e-03 3.1995857583e-02
7.5820000000e+00 -2.8850052703e-03 3.2166372475e-02
7.5830000000e+00 -2.9591763515e-03 3.2332348972e-02
7.5840000000e+00 -3.0335832538e-03 3.2493761425e-02
7.5850000000e+00 -3.1081852570e-03 3.2650585235e-02
7.5860000000e+00 -3.1829415720e-03 3.2802796848e-02
7.5870000000e+00 -3.2578113697e-03 3.2950373753e-02
7.5880000000e+00 -3.3327538050e-03 3.3093294473e-02
7.5890000000e+00 -3.4077280417e-03 3.3231538561e-02
7.5900000000e+00 -3.4826932845e-03 3.3365086594e-02
7.5910000000e+00 -3.5576088061e-03 3.3493920161e-02
7.5920000000e+00 -3.6324339684e-03 3.3618021860e-02
7.5930000000e+00 -3.7071282473e-03 3.3737375287e-02
7.5940000000e+00 -3.7816512599e-03 3.3851965022e-02
7.5950000000e+00 -3.8559627914e-03 3.3961776625e-02
7.5960000000e+00 -3.9300228149e-03 3.4066796619e-02
7.5970000000e+00 -4.0037915122e-03 3.4167012484e-02
7.5980000000e+00 -4.0772293002e-03 3.4262412639e-02
7.5990000000e+00 -4.1502968528e-03 3.4352986434e-02
7.6000000000e+00 -4.2229551207e-03 3.4438724131e-02
7.6010000000e+00 -4.2951653491e-03 3.4519616897e-02
7.6020000000e+00 -4.3668891009e-03 3.4595656783e-02
7.6030000000e+00 -4.4380882766e-03 3.4666836714e-02
7.6040000000e+00 -4.5087251294e-03 3.4733150470e-02
7.6050000000e+00 -4.5787622835e-03 3.4794592674e-02
7.6060000000e+00 -4.6481627531e-03 3.4851158774e-02
7.6070000000e+00 -4.7168899588e-03 3.4902845024e-02
7.6080000000e+00 -4.7849077411e-03 3.4949648475e-02
7.6090000000e+00 -4.8521803745e-03 3.4991566951e-02
7.6100000000e+00 -4.9186725858e-03 3.5028599036e-02
7.6110000000e+00 -4.9843495667e-03 3.5060744053e-02
7.6120000000e+00 -5.0491769843e-03 3.5088002052e-02
7.6130000000e+00 -5.1131209943e-03 3.5110373789e-02
7.6140000000e+00 -5.1761482547e-03 3.5127860711e-02
7.6150000000e+00 -5.2382259377e-03 3.5140464932e-02
7.6160000000e+00 -5.2993217380e-03 3.5148189226e-02
7.6170000000e+00 -5.3594038836e-03 3.5151036999e-02
7.6180000000e+00 -5.4184411478e-03 3.5149012278e-02
7.6190000000e+00 -5.4764028572e-03 3.5142119691e-02
7.6200000000e+00 -5.5332588995e-03 3.5130364449e-02
7.6210000000e+00 -5.5889797329e-03 3.5113752332e-02
7.6220000000e+00 -5.6435363955e-03 3.5092289666e-02
7.6230000000e+00 -5.6969005113e-03 3.5065983312e-02
7.6240000000e+00 -5.7490442952e-03 3.5034840643e-02
7.6250000000e+00 -5.7999405629e-03 3.4998869536e-02
7.6260000000e+00 -5.8495627388e-03 3.4958078346e-02
7.6270000000e+00 -5.8978848593e-03 3.4912475896e-02
7.6280000000e+00 -5.9448815776e-03 3.4862071460e-02
7.6290000000e+00 -5.9905281714e-03 3.4806874748e-02
7.6300000000e+00 -6.0348005520e-03 3.4746895888e-02
7.6310000000e+00 -6.0776752655e-03 3.4682145413e-02
7.6320000000e+00 -6.1191294965e-03 3.4612634250e-02
7.6330000000e+00 -6.1591410765e-03 3.4538373699e-02
7.6340000000e+00 -6.1976884902e-03 3.4459375425e-02
7.6350000000e+00 -6.2347508791e-03 3.4375651442e-02
7.6360000000e+00 -6.2703080434e-03 3.4287214102e-02
7.6370000000e+00 -6.3043404506e-03 3.4194076081e-02
7.6380000000e+00 -6.3368292424e-03 3.4096250367e-02
7.6390000000e+00 -6.3677562363e-03 3.3993750251e-02
7.6400000000e+00 -6.3971039301e-03 3.3886589313e-02
7.6410000000e+00 -6.4248555097e-03 3.3774781415e-02
7.6420000000e+00 -6.4509948564e-03 3.3658340686e-02
7.6430000000e+00 -6.4755065487e-03 3.3537281517e-02
7.6440000000e+00 -6.4983758662e-03 3.3411618552e-02
7.6450000000e+00 -6.5195887999e-03 3.3281366676e-02
7.6460000000e+00 -6.5391320581e-03 3.3146541012e-02
7.6470000000e+00 -6.5569930705e-03 3.3007156908e-02
7.6480000000e+00 -6.5731599909e-03 3.2863229938e-02
7.6490000000e+00 -6.5876217081e-03 3.2714775889e-02
7.6500000000e+00 -6.6003678540e-03 3.2561810760e-02
7.6510000000e+00 -6.6113888067e-03 3.2404350753e-02
7.6520000000e+00 -6.6206756962e-03 3.2242412274e-02
7.6530000000e+00 -6.6282204132e-03 3.2076011924e-02
7.6540000000e+00 -6.6340156189e-03 3.1905166500e-02
7.6550000000e+00 -6.6380547496e-03 3.1729892988e-02
7.6560000000e+00 -6.6403320226e-03 3.1550208566e-02
7.6570000000e+00 -6.6408424464e-03 3.1366130600e-02
7.6580000000e+00 -6.6395818291e-03 3.1177676641e-02
7.6590000000e+00 -6.6365467852e-03 3.0984864429e-02
7.6600000000e+00 -6.6317347423e-03 3.0787711892e-02
7.6610000000e+00 -6.6251439511e-03 3.0586237145e-02
7.6620000000e+00 -6.6167734950e-03 3.0380458492e-02
7.6630000000e+00 -6.6066232953e-03 3.0170394432e-02
7.6640000000e+00 -6.5946941201e-03 2.9956063654e-02
7.6650000000e+00 -6.5809875940e-03 2.9737485047e-02
7.6660000000e+00 -6.5655062072e-03 2.9514677701e-02
7.6670000000e+00 -6.5482533215e-03 2.9287660910e-02
7.6680000000e+00 -6.5292331780e-03 2.9056454180e-02
7.6690000000e+00 -6.5084509076e-03 2.8821077229e-02
7.6700000000e+00 -6.4859125385e-03 2.8581549998e-02
7.6710000000e+00 -6.4616250034e-03 2.8337892655e-02
7.6720000000e+00 -6.4355961459e-03 2.8090125601e-02
7.6730000000e+00 -6.4078347294e-03 2.7838269479e-02
7.6740000000e+00 -6.3783504441e-03 2.7582345179e-02
7.6750000000e+00 -6.3471539132e-03 2.7322373849e-02
7.6760000000e+00 -6.3142566995e-03 2.7058376903e-02
7.6770000000e+00 -6.2796713124e-03 2.6790376028e-02
7.6780000000e+00 -6.2434112126e-03 2.6518393194e-02
7.6790000000e+00 -6.2054908176e-03 2.6242450665e-02
7.6800000000e+00 -6.1659255077e-03 2.5962571009e-02
7.6810000000e+00 -6.1247316311e-03 2.5678777106e-02
7.6820000000e+00 -6.0819265066e-03 2.5391092161e-02
7.6830000000e+00 -6.0375284262e-03 2.5099539713e-02
7.6840000000e+00 -5.9915566602e-03 2.4804143650e-02
7.6850000000e+00 -5.9440314597e-03 2.4504928217e-02
7.6860000000e+00 -5.8949740570e-03 2.4201918027e-02
7.6870000000e+00 -5.8444066658e-03 2.3895138078e-02
7.6880000000e+00 -5.7923524828e-03 2.3584613760e-02
7.6890000000e+00 -5.7388356885e-03 2.3270370873e-02
7.6900000000e+00 -5.6838814440e-03 2.2952435633e-02
7.6910000000e+00 -5.6275158891e-03 2.2630834691e-02
7.6920000000e+00 -5.5697661411e-03 2.2305595142e-02
7.6930000000e+00 -5.5106602910e-03 2.1976744541e-02
7.6940000000e+00 -5.4502273983e-03 2.1644310911e-02
7.6950000000e+00 -5.3884974857e-03 2.1308322766e-02
7.6960000000e+00 -5.3255015346e-03 2.0968809111e-02
7.6970000000e+00 -5.2612714781e-03 2.0625799468e-02
7.6980000000e+00 -5.1958401915e-03 2.0279323880e-02
7.6990000000e+00 -5.1292414842e-03 1.9929412929e-02
7.7000000000e+00 -5.0615100913e-03 1.9576097748e-02
7.7010000000e+00 -4.9926816640e-03 1.9219410035e-02
7.7020000000e+00 -4.9227927559e-03 1.8859382064e-02
7.7030000000e+00 -4.8518808108e-03 1.8496046698e-02
7.7040000000e+00 -4.7799841515e-03 1.8129437406e-02
7.7050000000e+00 -4.7071419658e-03 1.7759588270e-02
7.7060000000e+00 -4.6333942909e-03 1.7386534000e-02
7.7070000000e+00 -4.5587819958e-03 1.7010309949e-02
7.7080000000e+00 -4.4833467666e-03 1.6630952119e-02
7.7090000000e+00 -4.4071310891e-03 1.6248497180e-02
7.7100000000e+00 -4.3301782294e-03 1.5862982475e-02
7.7110000000e+00 -4.2525322143e-03 1.5474446036e-02
7.7120000000e+00 -4.1742378109e-03 1.5082926594e-02
7.7130000000e+00 -4.0953405063e-03 1.4688463590e-02
7.7140000000e+00 -4.0158864846e-03 1.4291097183e-02
7.7150000000e+00 -3.9359226049e-03 1.3890868265e-02
7.7160000000e+00 -3.8554963772e-03 1.3487818467e-02
7.7170000000e+00 -3.7746559379e-03 1.3081990171e-02
7.7180000000e+00 -3.6934500248e-03 1.2673426517e-02
7.7190000000e+00 -3.6119279511e-03 1.2262171415e-02
7.7200000000e+00 -3.5301395787e-03 1.1848269550e-02
7.7210000000e+00 -3.4481352915e-03 1.1431766395e-02
7.7220000000e+00 -3.3659659661e-03 1.1012708213e-02
7.7230000000e+00 -3.2836829440e-03 1.0591142069e-02
7.7240000000e+00 -3.2013380016e-03 1.0167115835e-02
7.7250000000e+00 -3.1189833205e-03 9.7406781981e-03
7.7260000000e+00 -3.0366714580e-03 9.3118786647e-03
7.7270000000e+00 -2.9544553144e-03 8.8807675683e-03
7.7280000000e+00 -2.8723881014e-03 8.4473960743e-03
7.7290000000e+00 -2.7905233100e-03 8.0118161853e-03
7.7300000000e+00 -2.7089146790e-03 7.5740807454e-03
7.7310000000e+00 -2.6276161612e-03 7.1342434442e-03
7.7320000000e+00 -2.5466818886e-03 6.6923588215e-03
7.7330000000e+00 -2.4661661384e-03 6.2484822707e-03
7.7340000000e+00 -2.3861232995e-03 5.8026700407e-03
7.7350000000e+00 -2.3066078383e-03 5.3549792392e-03
7.7360000000e+00 -2.2276742616e-03 4.9054678345e-03
7.7370000000e+00 -2.1493770804e-03 4.4541946581e-03
7.7380000000e+00 -2.0717707751e-03 4.0012194048e-03
7.7390000000e+00 -1.9949097594e-03 3.5466026333e-03
7.7400000000e+00 -1.9188483434e-03 3.0904057672e-03
7.7410000000e+00 -1.8436406951e-03 2.6326910951e-03
7.7420000000e+00 -1.7693408044e-03 2.1735217691e-03
7.7430000000e+00 -1.6960024466e-03 1.7129618037e-03
7.7440000000e+00 -1.6236791433e-03 1.2510760745e-03
7.7450000000e+00 -1.5524241246e-03 7.8793031634e-04
7.7460000000e+00 -1.4822902921e-03 3.2359111999e-04
7.7470000000e+00 -1.4133301805e-03 -1.4187407112e-04
7.7480000000e+00 -1.3455959182e-03 -6.0839696428e-04
7.7490000000e+00 -1.2791391888e-03 -1.0759084216e-03
7.7500000000e+00 -1.2140111936e-03 -1.5443384656e-03
7.7510000000e+00 -1.1502626132e-03 -2.0136162845e-03
7.7520000000e+00 -1.0879435670e-03 -2.4836702382e-03
7.7530000000e+00 -1.0271035742e-03 -2.9544278648e-03
7.7540000000e+00 -9.6779151623e-04 -3.4258158883e-03
7.7550000000e+00 -9.1005559855e-04 -3.8977602266e-03
7.7560000000e+00 -8.5394331009e-04 -4.3701860007e-03
7.7570000000e+00 -7.9950138415e-04 -4.8430175430e-03
7.7580000000e+00 -7.4677576024e-04 -5.3161784085e-03
7.7590000000e+00 -6.9581154614e-04 -5.7895913856e-03
7.7600000000e+00 -6.4665297834e-04 -6.2631785081e-03
7.7610000000e+00 -5.9934338314e-04 -6.7368610675e-03
7.7620000000e+00 -5.5392513870e-04 -7.2105596265e-03
7.7630000000e+00 -5.1043963671e-04 -7.6841940332e-03
7.7640000000e+00 -4.6892724440e-04 -8.1576834371e-03
7.7650000000e+00 -4.2942726688e-04 -8.6309463041e-03
7.7660000000e+00 -3.9197790993e-04 -9.1039004344e-03
7.7670000000e+00 -3.5661624242e-04 -9.5764629797e-03
7.7680000000e+00 -3.2337815896e-04 -1.0048550463e-02
7.7690000000e+00 -2.9229834459e-04 -1.0520078799e-02
7.7700000000e+00 -2.6341023925e-04 -1.0990963314e-02
7.7710000000e+00 -2.3674600136e-04 -1.1461118768e-02
7.7720000000e+00 -2.1233647260e-04 -1.1930459380e-02
7.7730000000e+00 -1.9021114426e-04 -1.2398898848e-02
7.7740000000e+00 -1.7039812431e-04 -1.2866350381e-02
7.7750000000e+00 -1.5292410364e-04 -1.3332726718e-02
7.7760000000e+00 -1.3781432348e-04 -1.3797940162e-02
7.7770000000e+00 -1.2509254484e-04 -1.4261902604e-02
7.7780000000e+00 -1.1478101806e-04 -1.4724525555e-02
7.7790000000e+00 -1.0690045258e-04 -1.5185720179e-02
7.7800000000e+00 -1.0146998840e-04 -1.5645397320e-02
7.7810000000e+00 -9.8507169489e-05 -1.6103467540e-02
7.7820000000e+00 -9.8027917061e-05 -1.6559841151e-02
7.7830000000e+00 -1.0004650296e-04 -1.7014428250e-02
7.7840000000e+00 -1.0457552611e-04 -1.7467138758e-02
7.7850000000e+00 -1.1162589105e-04 -1.7917882453e-02
7.7860000000e+00 -1.2120678624e-04 -1.8366569014e-02
7.7870000000e+00 -1.3332566226e-04 -1.8813108057e-02
7.7880000000e+00 -1.4798821317e-04 -1.9257409176e-02
7.7890000000e+00 -1.6519836153e-04 -1.9699381985e-02
7.7900000000e+00 -1.8495824296e-04 -2.0138936160e-02
7.7910000000e+00 -2.0726819039e-04 -2.0575981482e-02
7.7920000000e+00 -2.3212672177e-04 -2.1010427882e-02
7.7930000000e+00 -2.5953053146e-04 -2.1442185486e-02
7.7940000000e+00 -2.8947448224e-04 -2.1871164655e-02
7.7950000000e+00 -3.2195159703e-04 -2.2297276041e-02
7.7960000000e+00 -3.5695305380e-04 -2.2720430624e-02
7.7970000000e+00 -3.9446818436e-04 -2.3140539763e-02
7.7980000000e+00 -4.3448447390e-04 -2.3557515245e-02
7.7990000000e+00 -4.7698756095e-04 -2.3971269329e-02
7.8000000000e+00 -5.2196124064e-04 -2.4381714800e-02
7.8010000000e+00 -5.6938747148e-04 -2.4788765009e-02
7.8020000000e+00 -6.1924638278e-04 -2.5192333928e-02
7.8030000000e+00 -6.7151628309e-04 -2.5592336196e-02
7.8040000000e+00 -7.2617367205e-04 -2.5988687170e-02
7.8050000000e+00 -7.8319325587e-04 -2.6381302967e-02
7.8060000000e+00 -8.4254796376e-04 -2.6770100519e-02
7.8070000000e+00 -9.0420896453e-04 -2.7154997617e-02
7.8080000000e+00 -9.6814568703e-04 -2.7535912958e-02
7.8090000000e+00 -1.0343258444e-03 -2.7912766194e-02
7.8100000000e+00 -1.1027154594e-03 -2.8285477978e-02
7.8110000000e+00 -1.1732788896e-03 -2.8653970007e-02
7.8120000000e+00 -1.2459788564e-03 -2.9018165068e-02
7.8130000000e+00 -1.3207764768e-03 -2.9377987085e-02
7.8140000000e+00 -1.3976312972e-03 -2.9733361157e-02
7.8150000000e+00 -1.4765013279e-03 -3.0084213602e-02
7.8160000000e+00 -1.5573430796e-03 -3.0430472002e-02
7.8170000000e+00 -1.6401116025e-03 -3.0772065234e-02
7.8180000000e+00 -1.7247605279e-03 -3.1108923517e-02
7.8190000000e+00 -1.8112421104e-03 -3.1440978444e-02
7.8200000000e+00 -1.8995072716e-03 -3.1768163020e-02
7.8210000000e+00 -1.9895056461e-03 -3.2090411692e-02
7.8220000000e+00 -2.0811856294e-03 -3.2407660390e-02
7.8230000000e+00 -2.1744944255e-03 -3.2719846548e-02
7.8240000000e+00 -2.2693780979e-03 -3.3026909141e-02
7.8250000000e+00 -2.3657816205e-03 -3.3328788709e-02
7.8260000000e+00 -2.4636489304e-03 -3.3625427382e-02
7.8270000000e+00 -2.5629229804e-03 -3.3916768907e-02
7.8280000000e+00 -2.6635457940e-03 -3.4202758667e-02
7.8290000000e+00 -2.7654585208e-03 -3.4483343705e-02
7.8300000000e+00 -2.8686014922e-03 -3.4758472736e-02
7.8310000000e+00 -2.9729142780e-03 -3.5028096170e-02
7.8320000000e+00 -3.0783357430e-03 -3.5292166122e-02
7.8330000000e+00 -3.1848041049e-03 -3.5550636424e-02
7.8340000000e+00 -3.2922569919e-03 -3.5803462640e-02
7.8350000000e+00 -3.4006315003e-03 -3.6050602066e-02
7.8360000000e+00 -3.5098642533e-03 -3.6292013744e-02
7.8370000000e+00 -3.6198914574e-03 -3.6527658463e-02
7.8380000000e+00 -3.7306489609e-03 -3.6757498757e-02
7.8390000000e+00 -3.8420723111e-03 -3.6981498913e-02
7.8400000000e+00 -3.9540968119e-03 -3.7199624961e-02
7.8410000000e+00 -4.0666575798e-03 -3.7411844676e-02
7.8420000000e+00 -4.1796895993e-03 -3.7618127568e-02
7.8430000000e+00 -4.2931277782e-03 -3.7818444877e-02
7.8440000000e+00 -4.4069070027e-03 -3.8012769561e-02
7.8450000000e+00 -4.5209621908e-03 -3.8201076284e-02
7.8460000000e+00 -4.6352283436e-03 -3.8383341405e-02
7.8470000000e+00 -4.7496405970e-03 -3.8559542961e-02
7.8480000000e+00 -4.8641342718e-03 -3.8729660650e-02
7.8490000000e+00 -4.9786449229e-03 -3.8893675814e-02
7.8500000000e+00 -5.0931083867e-03 -3.9051571416e-02
7.8510000000e+00 -5.2074608258e-03 -3.9203332019e-02
7.8520000000e+00 -5.3216387747e-03 -3.9348943766e-02
7.8530000000e+00 -5.4355791827e-03 -3.9488394352e-02
7.8540000000e+00 -5.5492194548e-03 -3.9621672996e-02
7.8550000000e+00 -5.6624974919e-03 -3.9748770421e-02
7.8560000000e+00 -5.7753517283e-03 -3.9869678816e-02
7.8570000000e+00 -5.8877211688e-03 -3.9984391815e-02
7.8580000000e+00 -5.9995454229e-03 -4.0092904460e-02
7.8590000000e+00 -6.1107647374e-03 -4.0195213174e-02
7.8600000000e+00 -6.2213200279e-03 -4.0291315722e-02
7.8610000000e+00 -6.3311529087e-03 -4.0381211186e-02
7.8620000000e+00 -6.4402057194e-03 -4.0464899921e-02
7.8630000000e+00 -6.5484215500e-03 -4.0542383530e-02
7.8640000000e+00 -6.6557442658e-03 -4.0613664819e-02
7.8650000000e+00 -6.7621185301e-03 -4.0678747766e-02
7.8660000000e+00 -6.8674898236e-03 -4.0737637485e-02
7.8670000000e+00 -6.9718044625e-03 -4.0790340186e-02
7.8680000000e+00 -7.0750096156e-03 -4.0836863140e-02
7.8690000000e+00 -7.1770533204e-03 -4.0877214639e-02
7.8700000000e+00 -7.2778844968e-03 -4.0911403961e-02
7.8710000000e+00 -7.3774529579e-03 -4.0939441330e-02
7.8720000000e+00 -7.4757094203e-03 -4.0961337880e-02
7.8730000000e+00 -7.5726055142e-03 -4.0977105614e-02
7.8740000000e+00 -7.6680937910e-03 -4.0986757372e-02
7.8750000000e+00 -7.7621277290e-03 -4.0990306785e-02
7.8760000000e+00 -7.8546617377e-03 -4.0987768247e-02
7.8770000000e+00 -7.9456511620e-03 -4.0979156870e-02
7.8780000000e+00 -8.0350522858e-03 -4.0964488452e-02
7.8790000000e+00 -8.1228223323e-03 -4.0943779441e-02
7.8800000000e+00 -8.2089194647e-03 -4.0917046894e-02
7.8810000000e+00 -8.2933027865e-03 -4.0884308449e-02
7.8820000000e+00 -8.3759323405e-03 -4.0845582285e-02
7.8830000000e+00 -8.4567691063e-03 -4.0800887087e-02
7.8840000000e+00 -8.5357749981e-03 -4.0750242020e-02
7.8850000000e+00 -8.6129128620e-03 -4.0693666687e-02
7.8860000000e+00 -8.6881464732e-03 -4.0631181102e-02
7.8870000000e+00 -8.7614405313e-03 -4.0562805658e-02
7.8880000000e+00 -8.8327606556e-03 -4.0488561097e-02
7.8890000000e+00 -8.9020733820e-03 -4.0408468478e-02
7.8900000000e+00 -8.9693461590e-03 -4.0322549153e-02
7.8910000000e+00 -9.0345473427e-03 -4.0230824732e-02
7.8920000000e+00 -9.0976461912e-03 -4.0133317063e-02
7.8930000000e+00 -9.1586128619e-03 -4.0030048205e-02
7.8940000000e+00 -9.2174184077e-03 -3.9921040398e-02
7.8950000000e+00 -9.2740347730e-03 -3.9806316046e-02
7.8960000000e+00 -9.3284347898e-03 -3.9685897687e-02
7.8970000000e+00 -9.3805921748e-03 -3.9559807979e-02
7.8980000000e+00 -9.4304815282e-03 -3.9428069673e-02
7.8990000000e+00 -9.4780783309e-03 -3.9290705598e-02
7.9000000000e+00 -9.5233589439e-03 -3.9147738637e-02
7.9010000000e+00 -9.5663006073e-03 -3.8999191716e-02
7.9020000000e+00 -9.6068814409e-03 -3.8845087782e-02
7.9030000000e+00 -9.6450804452e-03 -3.8685449791e-02
7.9040000000e+00 -9.6808775034e-03 -3.8520300694e-02
7.9050000000e+00 -9.7142533839e-03 -3.8349663422e-02
7.9060000000e+00 -9.7451897446e-03 -3.8173560876e-02
7.9070000000e+00 -9.7736691366e-03 -3.7992015916e-02
7.9080000000e+00 -9.7996750098e-03 -3.7805051350e-02
7.9090000000e+00 -9.8231917201e-03 -3.7612689930e-02
7.9100000000e+00 -9.8442045363e-03 -3.7414954338e-02
7.9110000000e+00 -9.8626996487e-03 -3.7211867187e-02
7.9120000000e+00 -9.8786641777e-03 -3.7003451010e-02
7.9130000000e+00 -9.8920861849e-03 -3.6789728262e-02
7.9140000000e+00 -9.9029546842e-03 -3.6570721314e-02
7.9150000000e+00 -9.9112596535e-03 -3.6346452449e-02
7.9160000000e+00 -9.9169920484e-03 -3.6116943869e-02
7.9170000000e+00 -9.9201438155e-03 -3.5882217690e-02
7.9180000000e+00 -9.9207079073e-03 -3.5642295945e-02
7.9190000000e+00 -9.9186782981e-03 -3.5397200586e-02
7.9200000000e+00 -9.9140500002e-03 -3.5146953494e-02
7.9210000000e+00 -9.9068190815e-03 -3.4891576474e-02
7.9220000000e+00 -9.8969826824e-03 -3.4631091271e-02
7.9230000000e+00 -9.8845390345e-03 -3.4365519571e-02
7.9240000000e+00 -9.8694874796e-03 -3.4094883011e-02
7.9250000000e+00 -9.8518284903e-03 -3.3819203190e-02
7.9260000000e+00 -9.8315636885e-03 -3.3538501676e-02
7.9270000000e+00 -9.8086958653e-03 -3.3252800021e-02
7.9280000000e+00 -9.7832290025e-03 -3.2962119769e-02
7.9290000000e+00 -9.7551682937e-03 -3.2666482476e-02
7.9300000000e+00 -9.7245201644e-03 -3.2365909714e-02
7.9310000000e+00 -9.6912922927e-03 -3.2060423096e-02
7.9320000000e+00 -9.6554936302e-03 -3.1750044288e-02
7.9330000000e+00 -9.6171344236e-03 -3.1434795023e-02
7.9340000000e+00 -9.5762262350e-03 -3.1114697124e-02
7.9350000000e+00 -9.5327819611e-03 -3.0789772519e-02
7.9360000000e+00 -9.4868158539e-03 -3.0460043260e-02
7.9370000000e+00 -9.4383435403e-03 -3.0125531547e-02
7.9380000000e+00 -9.3873820406e-03 -2.9786259742e-02
7.9390000000e+00 -9.3339497859e-03 -2.9442250398e-02
7.9400000000e+00 -9.2780666363e-03 -2.9093526276e-02
7.9410000000e+00 -9.2197538979e-03 -2.8740110368e-02
7.9420000000e+00 -9.1590343376e-03 -2.8382025924e-02
7.9430000000e+00 -9.0959321971e-03 -2.8019296470e-02
7.9440000000e+00 -9.0304732075e-03 -2.7651945839e-02
7.9450000000e+00 -8.9626846022e-03 -2.7279998191e-02
7.9460000000e+00 -8.8925951274e-03 -2.6903478039e-02
7.9470000000e+00 -8.8202350510e-03 -2.6522410277e-02
7.9480000000e+00 -8.7456361717e-03 -2.6136820204e-02
7.9490000000e+00 -8.6688318271e-03 -2.5746733550e-02
7.9500000000e+00 -8.5898568986e-03 -2.5352176504e-02
7.9510000000e+00 -8.5087478145e-03 -2.4953175739e-02
7.9520000000e+00 -8.4255425522e-03 -2.4549758443e-02
7.9530000000e+00 -8.3402806404e-03 -2.4141952339e-02
7.9540000000e+00 -8.2530031574e-03 -2.3729785719e-02
7.9550000000e+00 -8.1637527277e-03 -2.3313287468e-02
7.9560000000e+00 -8.0725735174e-03 -2.2892487089e-02
7.9570000000e+00 -7.9795112287e-03 -2.2467414735e-02
7.9580000000e+00 -7.8846130914e-03 -2.2038101230e-02
7.9590000000e+00 -7.7879278519e-03 -2.1604578102e-02
7.9600000000e+00 -7.6895057623e-03 -2.1166877602e-02
7.9610000000e+00 -7.5893985663e-03 -2.0725032737e-02
7.9620000000e+00 -7.4876594838e-03 -2.0279077290e-02
7.9630000000e+00 -7.3843431921e-03 -1.9829045851e-02
7.9640000000e+00 -7.2795058074e-03 -1.9374973834e-02
7.9650000000e+00 -7.1732048641e-03 -1.8916897512e-02
7.9660000000e+00 -7.0654992911e-03 -1.8454854029e-02
7.9670000000e+00 -6.9564493860e-03 -1.7988881435e-02
7.9680000000e+00 -6.8461167895e-03 -1.7519018698e-02
7.9690000000e+00 -6.7345644570e-03 -1.7045305735e-02
7.9700000000e+00 -6.6218566286e-03 -1.6567783428e-02
7.9710000000e+00 -6.5080587967e-03 -1.6086493645e-02
7.9720000000e+00 -6.3932376729e-03 -1.5601479263e-02
7.9730000000e+00 -6.2774611537e-03 -1.5112784186e-02
7.9740000000e+00 -6.1607982837e-03 -1.4620453362e-02
7.9750000000e+00 -6.0433192182e-03 -1.4124532801e-02
7.9760000000e+00 -5.9250951834e-03 -1.3625069595e-02
7.9770000000e+00 -5.8061984369e-03 -1.3122111932e-02
7.9780000000e+00 -5.6867022248e-03 -1.2615709108e-02
7.9790000000e+00 -5.5666807397e-03 -1.2105911549e-02
7.9800000000e+00 -5.4462090769e-03 -1.1592770819e-02
7.9810000000e+00 -5.3253631887e-03 -1.1076339634e-02
7.9820000000e+00 -5.2042198384e-03 -1.0556671876e-02
7.9830000000e+00 -5.0828565532e-03 -1.0033822602e-02
7.9840000000e+00 -4.9613515773e-03 -9.5078480561e-03
7.9850000000e+00 -4.8397838227e-03 -8.9788056806e-03
7.9860000000e+00 -4.7182328198e-03 -8.4467541220e-03
7.9870000000e+00 -4.5967786666e-03 -7.9117532420e-03
7.9880000000e+00 -4.4755019797e-03 -7.3738641244e-03
7.9890000000e+00 -4.3544838423e-03 -6.8331490824e-03
7.9900000000e+00 -4.2338057521e-03 -6.2896716655e-03
7.9910000000e+00 -4.1135495693e-03 -5.7434966651e-03
7.9920000000e+00 -3.9937974642e-03 -5.1946901204e-03
7.9930000000e+00 -3.8746318647e-03 -4.6433193226e-03
7.9940000000e+00 -3.7561354016e-03 -4.0894528206e-03
7.9950000000e+00 -3.6383908563e-03 -3.5331604238e-03
7.9960000000e+00 -3.5214811065e-03 -2.9745132064e-03
7.9970000000e+00 -3.4054890725e-03 -2.4135835100e-03
7.9980000000e+00 -3.2904976620e-03 -1.8504449471e-03
7.9990000000e+00 -3.1765897160e-03 -1.2851724033e-03
8.0000000000e+00 -3.0638479550e-03 -7.1784203898e-04
8.0010000000e+00 -2.9523549237e-03 -1.4853129168e-04
8.0020000000e+00 -2.8421929350e-03 4.2268112233e-04
8.0030000000e+00 -2.7334440152e-03 9.9571520678e-04
8.0040000000e+00 -2.6261898497e-03 1.5704896847e-03
8.0050000000e+00 -2.5205117269e-03 2.1469219977e-03
8.0060000000e+00 -2.4164904817e-03 2.7249283046e-03
8.0070000000e+00 -2.3142064393e-03 3.3044234821e-03
8.0080000000e+00 -2.2137393605e-03 3.8853211245e-03
8.0090000000e+00 -2.1151683848e-03 4.4675335444e-03
8.0100000000e+00 -2.0185719727e-03 5.0509717731e-03
8.0110000000e+00 -1.9240278495e-03 5.6355455615e-03
8.0120000000e+00 -1.8316129478e-03 6.2211633821e-03
8.0130000000e+00 -1.7414033509e-03 6.8077324312e-03
8.0140000000e+00 -1.6534742337e-03 7.3951586306e-03
8.0150000000e+00 -1.5678998046e-03 7.9833466313e-03
8.0160000000e+00 -1.4847532481e-03 8.5721998168e-03
8.0170000000e+00 -1.4041066651e-03 9.1616203082e-03
8.0180000000e+00 -1.3260310136e-03 9.7515089691e-03
8.0190000000e+00 -1.2505960494e-03 1.0341765411e-02
8.0200000000e+00 -1.1778702666e-03 1.0932288003e-02
8.0210000000e+00 -1.1079208370e-03 1.1522973875e-02
8.0220000000e+00 -1.0408135494e-03 1.2113718933e-02
8.0230000000e+00 -9.7661274802e-04 1.2704417865e-02
8.0240000000e+00 -9.1538127262e-04 1.3294964156e-02
8.0250000000e+00 -8.5718039652e-04 1.3885250099e-02
8.0260000000e+00 -8.0206976413e-04 1.4475166811e-02
8.0270000000e+00 -7.5010732885e-04 1.5064604252e-02
8.0280000000e+00 -7.0134929150e-04 1.5653451238e-02
8.0290000000e+00 -6.5585003802e-04 1.6241595467e-02
8.0300000000e+00 -6.1366207654e-04 1.6828923536e-02
8.0310000000e+00 -5.7483597496e-04 1.7415320971e-02
8.0320000000e+00 -5.3942029890e-04 1.8000672250e-02
8.0330000000e+00 -5.0746154979e-04 1.8584860833e-02
8.0340000000e+00 -4.7900410274e-04 1.9167769191e-02
8.0350000000e+00 -4.5409014531e-04 1.9749278845e-02
8.0360000000e+00 -4.3275961674e-04 2.0329270398e-02
8.0370000000e+00 -4.1505014752e-04 2.0907623575e-02
8.0380000000e+00 -4.0099699988e-04 2.1484217265e-02
8.0390000000e+00 -3.9063300947e-04 2.2058929565e-02
8.0400000000e+00 -3.8398852807e-04 2.2631637830e-02
8.0410000000e+00 -3.8109136696e-04 2.3202218717e-02
8.0420000000e+00 -3.8196674177e-04 2.3770548244e-02
8.0430000000e+00 -3.8663721958e-04 2.4336501843e-02
8.0440000000e+00 -3.9512266733e-04 2.4899954420e-02
8.0450000000e+00 -4.0744020172e-04 2.5460780413e-02
8.0460000000e+00 -4.2360414130e-04 2.6018853862e-02
8.0470000000e+00 -4.4362596118e-04 2.6574048472e-02
8.0480000000e+00 -4.6751425007e-04 2.7126237683e-02
8.0490000000e+00 -4.9527466945e-04 2.7675294745e-02
8.0500000000e+00 -5.2690991588e-04 2.8221092793e-02
8.0510000000e+00 -5.6241968642e-04 2.8763504923e-02
8.0520000000e+00 -6.0180064692e-04 2.9302404272e-02
8.0530000000e+00 -6.4504640335e-04 2.9837664104e-02
8.0540000000e+00 -6.9214747715e-04 3.0369157891e-02
8.0550000000e+00 -7.4309128453e-04 3.0896759403e-02
8.0560000000e+00 -7.9786211897e-04 3.1420342794e-02
8.0570000000e+00 -8.5644113729e-04 3.1939782694e-02
8.0580000000e+00 -9.1880635078e-04 3.2454954299e-02
8.0590000000e+00 -9.8493262100e-04 3.2965733469e-02
8.0600000000e+00 -1.0547916593e-03 3.3471996818e-02
8.0610000000e+00 -1.1283520300e-03 3.3973621811e-02
8.0620000000e+00 -1.2055791599e-03 3.4470486861e-02
8.0630000000e+00 -1.2864353517e-03 3.4962471424e-02
8.0640000000e+00 -1.3708798031e-03 3.5449456100e-02
8.0650000000e+00 -1.4588686290e-03 3.5931322726e-02
8.0660000000e+00 -1.5503548902e-03 3.6407954475e-02
8.0670000000e+00 -1.6452886264e-03 3.6879235951e-02
8.0680000000e+00 -1.7436168952e-03 3.7345053289e-02
8.0690000000e+00 -1.8452838144e-03 3.7805294244e-02
8.0700000000e+00 -1.9502306103e-03 3.8259848290e-02
8.0710000000e+00 -2.0583956713e-03 3.8708606712e-02
8.0720000000e+00 -2.1697146057e-03 3.9151462692e-02
8.0730000000e+00 -2.2841203047e-03 3.9588311404e-02
8.0740000000e+00 -2.4015430092e-03 4.0019050098e-02
8.0750000000e+00 -2.5219103833e-03 4.0443578182e-02
8.0760000000e+00 -2.6451475907e-03 4.0861797311e-02
8.0770000000e+00 -2.7711773750e-03 4.1273611457e-02
8.0780000000e+00 -2.8999201457e-03 4.1678926993e-02
8.0790000000e+00 -3.0312940676e-03 4.2077652760e-02
8.0800000000e+00 -3.1652151543e-03 4.2469700140e-02
8.0810000000e+00 -3.3015973647e-03 4.2854983119e-02
8.0820000000e+00 -3.4403527031e-03 4.3233418351e-02
8.0830000000e+00 -3.5813913231e-03 4.3604925216e-02
8.0840000000e+00 -3.7246216348e-03 4.3969425872e-02
8.0850000000e+00 -3.8699504133e-03 4.4326845307e-02
8.0860000000e+00 -4.0172829101e-03 4.4677111381e-02
8.0870000000e+00 -4.1665229674e-03 4.5020154871e-02
8.0880000000e+00 -4.3175731338e-03 4.5355909506e-02
8.0890000000e+00 -4.4703347816e-03 4.5684311998e-02
8.0900000000e+00 -4.6247082253e-03 4.6005302066e-02
8.0910000000e+00 -4.7805928409e-03 4.6318822468e-02
8.0920000000e+00 -4.9378871861e-03 4.6624819006e-02
8.0930000000e+00 -5.0964891216e-03 4.6923240551e-02
8.0940000000e+00 -5.2562959313e-03 4.7214039042e-02
8.0950000000e+00 -5.4172044423e-03 4.7497169495e-02
8.0960000000e+00 -5.5791111457e-03 4.7772589997e-02
8.0970000000e+00 -5.7419123150e-03 4.8040261706e-02
8.0980000000e+00 -5.9055041245e-03 4.8300148836e-02
8.0990000000e+00 -6.0697827653e-03 4.8552218642e-02
8.1000000000e+00 -6.2346445606e-03 4.8796441403e-02
8.1010000000e+00 -6.3999860785e-03 4.9032790395e-02
8.1020000000e+00 -6.5657042423e-03 4.9261241867e-02
8.1030000000e+00 -6.7316964384e-03 4.9481775003e-02
8.1040000000e+00 -6.8978606222e-03 4.9694371892e-02
8.1050000000e+00 -7.0640954197e-03 4.9899017482e-02
8.1060000000e+00 -7.2303002273e-03 5.0095699540e-02
8.1070000000e+00 -7.3963753062e-03 5.0284408604e-02
8.1080000000e+00 -7.5622218750e-03 5.0465137929e-02
8.1090000000e+00 -7.7277421982e-03 5.0637883438e-02
8.1100000000e+00 -7.8928396694e-03 5.0802643661e-02
8.1110000000e+00 -8.0574188917e-03 5.0959419674e-02
8.1120000000e+00 -8.2213857525e-03 5.1108215041e-02
8.1130000000e+00 -8.3846474956e-03 5.1249035746e-02
8.1140000000e+00 -8.5471127873e-03 5.1381890121e-02
8.1150000000e+00 -8.7086917781e-03 5.1506788787e-02
8.1160000000e+00 -8.8692961599e-03 5.1623744569e-02
8.1170000000e+00 -9.0288392185e-03 5.1732772435e-02
8.1180000000e+00 -9.1872358815e-03 5.1833889413e-02
8.1190000000e+00 -9.3444027602e-03 5.1927114517e-02
8.1200000000e+00 -9.5002581884e-03 5.2012468670e-02
8.1210000000e+00 -9.6547222543e-03 5.2089974626e-02
8.1220000000e+00 -9.8077168298e-03 5.2159656890e-02
8.1230000000e+00 -9.9591655933e-03 5.2221541637e-02
8.1240000000e+00 -1.0108994049e-02 5.2275656634e-02
8.1250000000e+00 -1.0257129539e-02 5.2322031159e-02
8.1260000000e+00 -1.0403501257e-02 5.2360695920e-02
8.1270000000e+00 -1.0548040248e-02 5.2391682975e-02
8.1280000000e+00 -1.0690679415e-02 5.2415025651e-02
8.1290000000e+00 -1.0831353509e-02 5.2430758466e-02
8.1300000000e+00 -1.0969999129e-02 5.2438917048e-02
8.1310000000e+00 -1.1106554705e-02 5.2439538058e-02
8.1320000000e+00 -1.1240960485e-02 5.2432659114e-02
8.1330000000e+00 -1.1373158516e-02 5.2418318709e-02
8.1340000000e+00 -1.1503092625e-02 5.2396556142e-02
8.1350000000e+00 -1.1630708390e-02 5.2367411440e-02
8.1360000000e+00 -1.1755953117e-02 5.2330925287e-02
8.1370000000e+00 -1.1878775806e-02 5.2287138952e-02
8.1380000000e+00 -1.1999127118e-02 5.2236094217e-02
8.1390000000e+00 -1.2116959344e-02 5.2177833315e-02
8.1400000000e+00 -1.2232226366e-02 5.2112398855e-02
8.1410000000e+00 -1.2344883617e-02 5.2039833764e-02
8.1420000000e+00 -1.2454888043e-02 5.1960181222e-02
8.1430000000e+00 -1.2562198061e-02 5.1873484601e-02
8.1440000000e+00 -1.2666773519e-02 5.1779787405e-02
8.1450000000e+00 -1.2768575649e-02 5.1679133215e-02
8.1460000000e+00 -1.2867567027e-02 5.1571565632e-02
8.1470000000e+00 -1.2963711530e-02 5.1457128227e-02
8.1480000000e+00 -1.3056974291e-02 5.1335864487e-02
8.1490000000e+00 -1.3147321656e-02 5.1207817768e-02
8.1500000000e+00 -1.3234721144e-02 5.1073031252e-02
8.1510000000e+00 -1.3319141400e-02 5.0931547896e-02
8.1520000000e+00 -1.3400552161e-02 5.0783410395e-02
8.1530000000e+00 -1.3478924210e-02 5.0628661140e-02
8.1540000000e+00 -1.3554229344e-02 5.0467342185e-02
8.1550000000e+00 -1.3626440332e-02 5.0299495202e-02
8.1560000000e+00 -1.3695530884e-02 5.0125161459e-02
8.1570000000e+00 -1.3761475616e-02 4.9944381781e-02
8.1580000000e+00 -1.3824250020e-02 4.9757196524e-02
8.1590000000e+00 -1.3883830439e-02 4.9563645549e-02
8.1600000000e+00 -1.3940194035e-02 4.9363768196e-02
8.1610000000e+00 -1.3993318771e-02 4.9157603264e-02
8.1620000000e+00 -1.4043183391e-02 4.8945188985e-02
8.1630000000e+00 -1.4089767396e-02 4.8726563013e-02
8.1640000000e+00 -1.4133051038e-02 4.8501762403e-02
8.1650000000e+00 -1.4173015301e-02 4.8270823597e-02
8.1660000000e+00 -1.4209641900e-02 4.8033782415e-02
8.1670000000e+00 -1.4242913268e-02 4.7790674041e-02
8.1680000000e+00 -1.4272812559e-02 4.7541533017e-02
8.1690000000e+00 -1.4299323649e-02 4.7286393234e-02
8.1700000000e+00 -1.4322431138e-02 4.7025287933e-02
8.1710000000e+00 -1.4342120360e-02 4.6758249696e-02
8.1720000000e+00 -1.4358377394e-02 4.6485310449e-02
8.1730000000e+00 -1.4371189077e-02 4.6206501463e-02
8.1740000000e+00 -1.4380543023e-02 4.5921853356e-02
8.1750000000e+00 -1.4386427642e-02 4.5631396095e-02
8.1760000000e+00 -1.4388832168e-02 4.5335159008e-02
8.1770000000e+00 -1.4387746680e-02 4.5033170789e-02
8.1780000000e+00 -1.4383162138e-02 4.4725459507e-02
8.1790000000e+00 -1.4375070412e-02 4.4412052617e-02
8.1800000000e+00 -1.4363464317e-02 4.4092976976e-02
8.1810000000e+00 -1.4348337655e-02 4.3768258858e-02
8.1820000000e+00 -1.4329685252e-02 4.3437923965e-02
8.1830000000e+00 -1.4307503003e-02 4.3101997452e-02
8.1840000000e+00 -1.4281787917e-02 4.2760503940e-02
8.1850000000e+00 -1.4252538163e-02 4.2413467545e-02
8.1860000000e+00 -1.4219753119e-02 4.2060911892e-02
8.1870000000e+00 -1.4183433425e-02 4.1702860145e-02
8.1880000000e+00 -1.4143581033e-02 4.1339335034e-02
8.1890000000e+00 -1.4100199258e-02 4.0970358875e-02
8.1900000000e+00 -1.4053292838e-02 4.0595953608e-02
8.1910000000e+00 -1.4002867984e-02 4.0216140821e-02
8.1920000000e+00 -1.3948932438e-02 3.9830941783e-02
8.1930000000e+00 -1.3891495527e-02 3.9440377481e-02
8.1940000000e+00 -1.3830568221e-02 3.9044468648e-02
8.1950000000e+00 -1.3766163187e-02 3.8643235805e-02
8.1960000000e+00 -1.3698294847e-02 3.8236699295e-02
8.1970000000e+00 -1.3626979429e-02 3.7824879323e-02
8.1980000000e+00 -1.3552235023e-02 3.7407795994e-02
8.1990000000e+00 -1.3474081635e-02 3.6985469355e-02
8.2000000000e+00 -1.3392541235e-02 3.6557919441e-02
8.2010000000e+00 -1.3307637811e-02 3.6125166309e-02
8.2020000000e+00 -1.3219397411e-02 3.5687230094e-02
8.2030000000e+00 -1.3127848196e-02 3.5244131043e-02
8.2040000000e+00 -1.3033020477e-02 3.4795889570e-02
8.2050000000e+00 -1.2934946761e-02 3.4342526299e-02
8.2060000000e+00 -1.2833661784e-02 3.3884062109e-02
8.2070000000e+00 -1.2729202552e-02 3.3420518191e-02
8.2080000000e+00 -1.2621608367e-02 3.2951916087e-02
8.2090000000e+00 -1.2510920863e-02 3.2478277746e-02
8.2100000000e+00 -1.2397184024e-02 3.1999625573e-02
8.2110000000e+00 -1.2280444210e-02 3.1515982475e-02
8.2120000000e+00 -1.2160750173e-02 3.1027371918e-02
8.2130000000e+00 -1.2038153074e-02 3.0533817970e-02
8.2140000000e+00 -1.1912706487e-02 3.0035345358e-02
8.2150000000e+00 -1.1784466411e-02 2.9531979511e-02
8.2160000000e+00 -1.1653491268e-02 2.9023746616e-02
8.2170000000e+00 -1.1519841901e-02 2.8510673663e-02
8.2180000000e+00 -1.1383581567e-02 2.7992788495e-02
8.2190000000e+00 -1.1244775926e-02 2.7470119856e-02
8.2200000000e+00 -1.1103493025e-02 2.6942697436e-02
8.2210000000e+00 -1.0959803277e-02 2.6410551918e-02
8.2220000000e+00 -1.0813779439e-02 2.5873715026e-02
8.2230000000e+00 -1.0665496581e-02 2.5332219562e-02
8.2240000000e+00 -1.0515032052e-02 2.4786099453e-02
8.2250000000e+00 -1.0362465449e-02 2.4235389789e-02
8.2260000000e+00 -1.0207878567e-02 2.3680126864e-02
8.2270000000e+00 -1.0051355363e-02 2.3120348211e-02
8.2280000000e+00 -9.8929819003e-03 2.2556092641e-02
8.2290000000e+00 -9.7328462991e-03 2.1987400271e-02
8.2300000000e+00 -9.5710386809e-03 2.1414312561e-02
8.2310000000e+00 -9.4076511078e-03 2.0836872340e-02
8.2320000000e+00 -9.2427775212e-03 2.0255123834e-02
8.2330000000e+00 -9.0765136758e-03 1.9669112693e-02
8.2340000000e+00 -8.9089570721e-03 1.9078886011e-02
8.2350000000e+00 -8.7402068853e-03 1.8484492349e-02
8.2360000000e+00 -8.5703638931e-03 1.7885981753e-02
8.2370000000e+00 -8.3995304006e-03 1.7283405769e-02
8.2380000000e+00 -8.2278101636e-03 1.6676817459e-02
8.2390000000e+00 -8.0553083106e-03 1.6066271410e-02
8.2400000000e+00 -7.8821312637e-03 1.5451823748e-02
8.2410000000e+00 -7.7083866576e-03 1.4833532141e-02
8.2420000000e+00 -7.5341832584e-03 1.4211455806e-02
8.2430000000e+00 -7.3596308819e-03 1.3585655517e-02
8.2440000000e+00 -7.1848403112e-03 1.2956193601e-02
8.2450000000e+00 -7.0099232148e-03 1.2323133941e-02
8.2460000000e+00 -6.8349920635e-03 1.1686541977e-02
8.2470000000e+00 -6.6601600487e-03 1.1046484699e-02
8.2480000000e+00 -6.4855410015e-03 1.0403030650e-02
8.2490000000e+00 -6.3112493109e-03 9.7562499149e-03
8.2500000000e+00 -6.1373998446e-03 9.1062141194e-03
8.2510000000e+00 -5.9641078691e-03 8.4529964237e-03
8.2520000000e+00 -5.7914889720e-03 7.7966715154e-03
8.2530000000e+00 -5.6196589856e-03 7.1373156041e-03
8.2540000000e+00 -5.4487339109e-03 6.4750064146e-03
8.2550000000e+00 -5.2788298435e-03 5.8098231814e-03
8.2560000000e+00 -5.1100629009e-03 5.1418466433e-03
8.2570000000e+00 -4.9425491511e-03 4.4711590380e-03
8.2580000000e+00 -4.7764045430e-03 3.7978440988e-03
8.2590000000e+00 -4.6117448376e-03 3.1219870514e-03
8.2600000000e+00 -4.4486855411e-03 2.4436746125e-03
8.2610000000e+00 -4.2873418394e-03 1.7629949892e-03
8.2620000000e+00 -4.1278285334e-03 1.0800378808e-03
8.2630000000e+00 -3.9702599762e-03 3.9489448171e-04
8.2640000000e+00 -3.8147500104e-03 -2.9234251384e-04
8.2650000000e+00 -3.6614119075e-03 -9.8157890488e-04
8.2660000000e+00 -3.5103583070e-03 -1.6727189750e-03
8.2670000000e+00 -3.3617011568e-03 -2.3656654814e-03
8.2680000000e+00 -3.2155516540e-03 -3.0603196422e-03
8.2690000000e+00 -3.0720201856e-03 -3.7565811213e-03
8.2700000000e+00 -2.9312162699e-03 -4.4543480119e-03
8.2710000000e+00 -2.7932484970e-03 -5.1535168169e-03
8.2720000000e+00 -2.6582244695e-03 -5.8539824286e-03
8.2730000000e+00 -2.5262507431e-03 -6.5556381059e-03
8.2740000000e+00 -2.3974327651e-03 -7.2583754505e-03
8.2750000000e+00 -2.2718748134e-03 -7.9620843807e-03
8.2760000000e+00 -2.1496799335e-03 -8.6666531049e-03
8.2770000000e+00 -2.0309498742e-03 -9.3719680934e-03
8.2780000000e+00 -1.9157850221e-03 -1.0077914050e-02
8.2790000000e+00 -1.8042843343e-03 -1.0784373884e-02
8.2800000000e+00 -1.6965452685e-03 -1.1491228678e-02
8.2810000000e+00 -1.5926637118e-03 -1.2198357662e-02
8.2820000000e+00 -1.4927339070e-03 -1.2905638183e-02
8.2830000000e+00 -1.3968483763e-03 -1.3612945678e-02
8.2840000000e+00 -1.3050978431e-03 -1.4320153648e-02
8.2850000000e+00 -1.2175711505e-03 -1.5027133632e-02
8.2860000000e+00 -1.1343551772e-03 -1.5733755186e-02
8.2870000000e+00 -1.0555347516e-03 -1.6439885862e-02
8.2880000000e+00 -9.8119256216e-04 -1.7145391191e-02
8.2890000000e+00 -9.1140906561e-04 -1.7850134669e-02
8.2900000000e+00 -8.4626239183e-04 -1.8553977746e-02
8.2910000000e+00 -7.8582824695e-04 -1.9256779825e-02
8.2920000000e+00 -7.3017981349e-04 -1.9958398255e-02
8.2930000000e+00 -6.7938764778e-04 -2.0658688337e-02
8.2940000000e+00 -6.3351957539e-04 -2.1357503334e-02
8.2950000000e+00 -5.9264058468e-04 -2.2054694487e-02
8.2960000000e+00 -5.5681271820e-04 -2.2750111035e-02
8.2970000000e+00 -5.2609496219e-04 -2.3443600242e-02
8.2980000000e+00 -5.0054313504e-04 -2.4135007436e-02
8.2990000000e+00 -4.8020977490e-04 -2.4824176046e-02
8.3000000000e+00 -4.6514402628e-04 -2.5510947652e-02
8.3010000000e+00 -4.5539152596e-04 -2.6195162048e-02
8.3020000000e+00 -4.5099428924e-04 -2.6876657297e-02
8.3030000000e+00 -4.5199059700e-04 -2.7555269812e-02
8.3040000000e+00 -4.5841488332e-04 -2.8230834434e-02
8.3050000000e+00 -4.7029762391e-04 -2.8903184518e-02
8.3060000000e+00 -4.8766522685e-04 -2.9572152033e-02
8.3070000000e+00 -5.1053992589e-04 -3.0237567670e-02
8.3080000000e+00 -5.3893967643e-04 -3.0899260948e-02
8.3090000000e+00 -5.7287805426e-04 -3.1557060341e-02
8.3100000000e+00 -6.1236415861e-04 -3.2210793406e-02
8.3110000000e+00 -6.5740251991e-04 -3.2860286917e-02
8.3120000000e+00 -7.0799301227e-04 -3.3505367013e-02
8.3130000000e+00 -7.6413077120e-04 -3.4145859347e-02
8.3140000000e+00 -8.2580611755e-04 -3.4781589243e-02
8.3150000000e+00 -8.9300448828e-04 -3.5412381864e-02
8.3160000000e+00 -9.6570637416e-04 -3.6038062377e-02
8.3170000000e+00 -1.0438872649e-03 -3.6658456135e-02
8.3180000000e+00 -1.1275176022e-03 -3.7273388853e-02
8.3190000000e+00 -1.2165627423e-03 -3.7882686797e-02
8.3200000000e+00 -1.3109829264e-03 -3.8486176969e-02
8.3210000000e+00 -1.4107332610e-03 -3.9083687306e-02
8.3220000000e+00 -1.5157637078e-03 -3.9675046873e-02
8.3230000000e+00 -1.6260190839e-03 -4.0260086057e-02
8.3240000000e+00 -1.7414390724e-03 -4.0838636775e-02
8.3250000000e+00 -1.8619582436e-03 -4.1410532666e-02
8.3260000000e+00 -1.9875060863e-03 -4.1975609295e-02
8.3270000000e+00 -2.1180070518e-03 -4.2533704356e-02
8.3280000000e+00 -2.2533806073e-03 -4.3084657866e-02
8.3290000000e+00 -2.3935413016e-03 -4.3628312363e-02
8.3300000000e+00 -2.5383988412e-03 -4.4164513105e-02
8.3310000000e+00 -2.6878581783e-03 -4.4693108254e-02
8.3320000000e+00 -2.8418196094e-03 -4.5213949070e-02
8.3330000000e+00 -3.0001788849e-03 -4.5726890090e-02
8.3340000000e+00 -3.1628273297e-03 -4.6231789308e-02
8.3350000000e+00 -3.3296519735e-03 -4.6728508344e-02
8.3360000000e+00 -3.5005356925e-03 -4.7216912614e-02
8.3370000000e+00 -3.6753573599e-03 -4.7696871483e-02
8.3380000000e+00 -3.8539920061e-03 -4.8168258422e-02
8.3390000000e+00 -4.0363109885e-03 -4.8630951149e-02
8.3400000000e+00 -4.2221821690e-03 -4.9084831762e-02
8.3410000000e+00 -4.4114700998e-03 -4.9529786869e-02
8.3420000000e+00 -4.6040362169e-03 -4.9965707703e-02
8.3430000000e+00 -4.7997390404e-03 -5.0392490229e-02
8.3440000000e+00 -4.9984343811e-03 -5.0810035243e-02
8.3450000000e+00 -5.1999755521e-03 -5.1218248461e-02
8.3460000000e+00 -5.4042135862e-03 -5.1617040594e-02
8.3470000000e+00 -5.6109974577e-03 -5.2006327417e-02
8.3480000000e+00 -5.8201743068e-03 -5.2386029825e-02
8.3490000000e+00 -6.0315896679e-03 -5.2756073880e-02
8.3500000000e+00 -6.2450876994e-03 -5.3116390845e-02
8.3510000000e+00 -6.4605114159e-03 -5.3466917212e-02
8.3520000000e+00 -6.6777029203e-03 -5.3807594711e-02
8.3530000000e+00 -6.8965036360e-03 -5.4138370320e-02
8.3540000000e+00 -7.1167545395e-03 -5.4459196256e-02
8.3550000000e+00 -7.3382963907e-03 -5.4770029956e-02
8.3560000000e+00 -7.5609699613e-03 -5.5070834053e-02
8.3570000000e+00 -7.7846162611e-03 -5.5361576342e-02
8.3580000000e+00 -8.0090767607e-03 -5.5642229728e-02
8.3590000000e+00 -8.2341936104e-03 -5.5912772174e-02
8.3600000000e+00 -8.4598098543e-03 -5.6173186640e-02
8.3610000000e+00 -8.6857696392e-03 -5.6423461003e-02
8.3620000000e+00 -8.9119184189e-03 -5.6663587983e-02
8.3630000000e+00 -9.1381031510e-03 -5.6893565050e-02
8.3640000000e+00 -9.3641724878e-03 -5.7113394327e-02
8.3650000000e+00 -9.5899769591e-03 -5.7323082489e-02
8.3660000000e+00 -9.8153691489e-03 -5.7522640653e-02
8.3670000000e+00 -1.0040203863e-02 -5.7712084257e-02
8.3680000000e+00 -1.0264338287e-02 -5.7891432942e-02
8.3690000000e+00 -1.0487632138e-02 -5.8060710420e-02
8.3700000000e+00 -1.0709947807e-02 -5.8219944345e-02
8.3710000000e+00 -1.0931150488e-02 -5.8369166172e-02
8.3720000000e+00 -1.1151108303e-02 -5.8508411019e-02
8.3730000000e+00 -1.1369692411e-02 -5.8637717517e-02
8.3740000000e+00 -1.1586777113e-02 -5.8757127664e-02
8.3750000000e+00 -1.1802239945e-02 -5.8866686675e-02
8.3760000000e+00 -1.2015961754e-02 -5.8966442827e-02
8.3770000000e+00 -1.2227826774e-02 -5.9056447300e-02
8.3780000000e+00 -1.2437722687e-02 -5.9136754027e-02
8.3790000000e+00 -1.2645540668e-02 -5.9207419531e-02
8.3800000000e+00 -1.2851175430e-02 -5.9268502765e-02
8.3810000000e+00 -1.3054525248e-02 -5.9320064960e-02
8.3820000000e+00 -1.3255491983e-02 -5.9362169459e-02
8.3830000000e+00 -1.3453981085e-02 -5.9394881561e-02
8.3840000000e+00 -1.3649901597e-02 -5.9418268368e-02
8.3850000000e+00 -1.3843166139e-02 -5.9432398621e-02
8.3860000000e+00 -1.4033690889e-02 -5.9437342555e-02
8.3870000000e+00 -1.4221395552e-02 -5.9433171739e-02
8.3880000000e+00 -1.4406203323e-02 -5.9419958929e-02
8.3890000000e+00 -1.4588040836e-02 -5.9397777923e-02
8.3900000000e+00 -1.4766838109e-02 -5.9366703409e-02
8.3910000000e+00 -1.4942528481e-02 -5.9326810834e-02
8.3920000000e+00 -1.5115048539e-02 -5.9278176255e-02
8.3930000000e+00 -1.5284338038e-02 -5.9220876213e-02
8.3940000000e+00 -1.5450339821e-02 -5.9154987594e-02
8.3950000000e+00 -1.5612999722e-02 -5.9080587510e-02
8.3960000000e+00 -1.5772266471e-02 -5.8997753171e-02
8.3970000000e+00 -1.5928091597e-02 -5.8906561766e-02
8.3980000000e+00 -1.6080429315e-02 -5.8807090352e-02
8.3990000000e+00 -1.6229236419e-02 -5.8699415740e-02
8.4000000000e+00 -1.6374472171e-02 -5.8583614392e-02
8.4010000000e+00 -1.6516098183e-02 -5.8459762321e-02
8.4020000000e+00 -1.6654078295e-02 -5.8327934992e-02
8.4030000000e+00 -1.6788378463e-02 -5.8188207233e-02
8.4040000000e+00 -1.6918966631e-02 -5.8040653146e-02
8.4050000000e+00 -1.7045812616e-02 -5.7885346027e-02
8.4060000000e+00 -1.7168887980e-02 -5.7722358288e-02
8.4070000000e+00 -1.7288165915e-02 -5.7551761384e-02
8.4080000000e+00 -1.7403621119e-02 -5.7373625746e-02
8.4090000000e+00 -1.7515229683e-02 -5.7188020717e-02
8.4100000000e+00 -1.7622968970e-02 -5.6995014493e-02
8.4110000000e+00 -1.7726817505e-02 -5.6794674071e-02
8.4120000000e+00 -1.7826754867e-02 -5.6587065195e-02
8.4130000000e+00 -1.7922761577e-02 -5.6372252317e-02
8.4140000000e+00 -1.8014819001e-02 -5.6150298550e-02
8.4150000000e+00 -1.8102909246e-02 -5.5921265634e-02
8.4160000000e+00 -1.8187015076e-02 -5.5685213905e-02
8.4170000000e+00 -1.8267119812e-02 -5.5442202263e-02
8.4180000000e+00 -1.8343207262e-02 -5.5192288148e-02
8.4190000000e+00 -1.8415261631e-02 -5.4935527521e-02
8.4200000000e+00 -1.8483267462e-02 -5.4671974844e-02
8.4210000000e+00 -1.8547209564e-02 -5.4401683068e-02
8.4220000000e+00 -1.8607072955e-02 -5.4124703622e-02
8.4230000000e+00 -1.8662842816e-02 -5.3841086407e-02
8.4240000000e+00 -1.8714504438e-02 -5.3550879789e-02
8.4250000000e+00 -1.8762043193e-02 -5.3254130601e-02
8.4260000000e+00 -1.8805444498e-02 -5.2950884145e-02
8.4270000000e+00 -1.8844693798e-02 -5.2641184195e-02
8.4280000000e+00 -1.8879776545e-02 -5.2325073008e-02
8.4290000000e+00 -1.8910678196e-02 -5.2002591330e-02
8.4300000000e+00 -1.8937384207e-02 -5.1673778414e-02
8.4310000000e+00 -1.8959880048e-02 -5.1338672028e-02
8.4320000000e+00 -1.8978151208e-02 -5.0997308481e-02
8.4330000000e+00 -1.8992183227e-02 -5.0649722637e-02
8.4340000000e+00 -1.9001961722e-02 -5.0295947938e-02
8.4350000000e+00 -1.9007472422e-02 -4.9936016430e-02
8.4360000000e+00 -1.9008701214e-02 -4.9569958785e-02
8.4370000000e+00 -1.9005634198e-02 -4.9197804333e-02
8.4380000000e+00 -1.8998257738e-02 -4.8819581089e-02
8.4390000000e+00 -1.8986558536e-02 -4.8435315788e-02
8.4400000000e+00 -1.8970523696e-02 -4.8045033911e-02
8.4410000000e+00 -1.8950140804e-02 -4.7648759730e-02
8.4420000000e+00 -1.8925398015e-02 -4.7246516335e-02
8.4430000000e+00 -1.8896284139e-02 -4.6838325681e-02
8.4440000000e+00 -1.8862788735e-02 -4.6424208623e-02
8.4450000000e+00 -1.8824902217e-02 -4.6004184959e-02
8.4460000000e+00 -1.8782615952e-02 -4.5578273475e-02
8.4470000000e+00 -1.8735922371e-02 -4.5146491991e-02
8.4480000000e+00 -1.8684815084e-02 -4.4708857407e-02
8.4490000000e+00 -1.8629288995e-02 -4.4265385752e-02
8.4500000000e+00 -1.8569340419e-02 -4.3816092236e-02
8.4510000000e+00 -1.8504967208e-02 -4.3360991307e-02
8.4520000000e+00 -1.8436168871e-02 -4.2900096696e-02
8.4530000000e+00 -1.8362946704e-02 -4.2433421487e-02
8.4540000000e+00 -1.8285303910e-02 -4.1960978165e-02
8.4550000000e+00 -1.8203245734e-02 -4.1482778686e-02
8.4560000000e+00 -1.8116779583e-02 -4.0998834533e-02
8.4570000000e+00 -1.8025915158e-02 -4.0509156789e-02
8.4580000000e+00 -1.7930664574e-02 -4.0013756198e-02
8.4590000000e+00 -1.7831042489e-02 -3.9512643240e-02
8.4600000000e+00 -1.7727066220e-02 -3.9005828202e-02
8.4610000000e+00 -1.7618755865e-02 -3.8493321248e-02
8.4620000000e+00 -1.7506134419e-02 -3.7975132504e-02
8.4630000000e+00 -1.7389227881e-02 -3.7451272128e-02
8.4640000000e+00 -1.7268065364e-02 -3.6921750396e-02
8.4650000000e+00 -1.7142679194e-02 -3.6386577782e-02
8.4660000000e+00 -1.7013105010e-02 -3.5845765043e-02
8.4670000000e+00 -1.6879381850e-02 -3.5299323305e-02
8.4680000000e+00 -1.6741552234e-02 -3.4747264150e-02
8.4690000000e+00 -1.6599662244e-02 -3.4189599705e-02
8.4700000000e+00 -1.6453761591e-02 -3.3626342734e-02
8.4710000000e+00 -1.6303903672e-02 -3.3057506726e-02
8.4720000000e+00 -1.6150145631e-02 -3.2483105987e-02
8.4730000000e+00 -1.5992548394e-02 -3.1903155737e-02
8.4740000000e+00 -1.5831176708e-02 -3.1317672195e-02
8.4750000000e+00 -1.5666099169e-02 -3.0726672678e-02
8.4760000000e+00 -1.5497388233e-02 -3.0130175689e-02
8.4770000000e+00 -1.5325120226e-02 -2.9528201012e-02
8.4780000000e+00 -1.5149375340e-02 -2.8920769796e-02
8.4790000000e+00 -1.4970237619e-02 -2.8307904651e-02
8.4800000000e+00 -1.4787794937e-02 -2.7689629731e-02
8.4810000000e+00 -1.4602138961e-02 -2.7065970818e-02
8.4820000000e+00 -1.4413365114e-02 -2.6436955409e-02
8.4830000000e+00 -1.4221572518e-02 -2.5802612789e-02
8.4840000000e+00 -1.4026863929e-02 -2.5162974112e-02
8.4850000000e+00 -1.3829345670e-02 -2.4518072473e-02
8.4860000000e+00 -1.3629127546e-02 -2.3867942974e-02
8.4870000000e+00 -1.3426322753e-02 -2.3212622789e-02
8.4880000000e+00 -1.3221047781e-02 -2.2552151225e-02
8.4890000000e+00 -1.3013422304e-02 -2.1886569772e-02
8.4900000000e+00 -1.2803569068e-02 -2.1215922158e-02
8.4910000000e+00 -1.2591613766e-02 -2.0540254386e-02
8.4920000000e+00 -1.2377684908e-02 -1.9859614776e-02
8.4930000000e+00 -1.2161913689e-02 -1.9174053994e-02
8.4940000000e+00 -1.1944433846e-02 -1.8483625076e-02
8.4950000000e+00 -1.1725381512e-02 -1.7788383449e-02
8.4960000000e+00 -1.1504895066e-02 -1.7088386941e-02
8.4970000000e+00 -1.1283114980e-02 -1.6383695789e-02
8.4980000000e+00 -1.1060183663e-02 -1.5674372634e-02
8.4990000000e+00 -1.0836245301e-02 -1.4960482518e-02
8.5000000000e+00 -1.0611445697e-02 -1.4242092865e-02
8.5010000000e+00 -1.0385932114e-02 -1.3519273467e-02
8.5020000000e+00 -1.0159853110e-02 -1.2792096450e-02
8.5030000000e+00 -9.9333583791e-03 -1.2060636251e-02
8.5040000000e+00 -9.7065985971e-03 -1.1324969572e-02
8.5050000000e+00 -9.4797252615e-03 -1.0585175344e-02
8.5060000000e+00 -9.2528905405e-03 -9.8413346771e-03
8.5070000000e+00 -9.0262471226e-03 -9.0935308088e-03
8.5080000000e+00 -8.7999480716e-03 -8.3418490507e-03
8.5090000000e+00 -8.5741466858e-03 -7.5863767300e-03
8.5100000000e+00 -8.3489963618e-03 -6.8272031294e-03
8.5110000000e+00 -8.1246504648e-03 -6.0644194245e-03
8.5120000000e+00 -7.9012622041e-03 -5.2981186218e-03
8.5130000000e+00 -7.6789845152e-03 -4.5283954941e-03
8.5140000000e+00 -7.4579699488e-03 -3.7553465181e-03
8.5150000000e+00 -7.2383705656e-03 -2.9790698118e-03
8.5160000000e+00 -7.0203378390e-03 -2.1996650747e-03
8.5170000000e+00 -6.8040225637e-03 -1.4172335301e-03
8.5180000000e+00 -6.5895747728e-03 -6.3187787077e-04
8.5190000000e+00 -6.3771436599e-03 1.5629779148e-04
8.5200000000e+00 -6.1668775092e-03 9.4718797085e-04
8.5210000000e+00 -5.9589236313e-03 1.7406858477e-03
8.5220000000e+00 -5.7534283064e-03 2.5366833022e-03
8.5230000000e+00 -5.5505367318e-03 3.3350709421e-03
8.5240000000e+00 -5.3503929762e-03 4.1357381219e-03
8.5250000000e+00 -5.1531399383e-03 4.9385729552e-03
8.5260000000e+00 -4.9589193099e-03 5.7434623191e-03
8.5270000000e+00 -4.7678715438e-03 6.5502918491e-03
8.5280000000e+00 -4.5801358238e-03 7.3589459263e-03
8.5290000000e+00 -4.3958500386e-03 8.1693076545e-03
8.5300000000e+00 -4.2151507567e-03 8.9812588294e-03
8.5310000000e+00 -4.0381732036e-03 9.7946798976e-03
8.5320000000e+00 -3.8650512393e-03 1.0609449907e-02
8.5330000000e+00 -3.6959173353e-03 1.1425446450e-02
8.5340000000e+00 -3.5309025517e-03 1.2242545592e-02
8.5350000000e+00 -3.3701365120e-03 1.3060621801e-02
8.5360000000e+00 -3.2137473760e-03 1.3879547863e-02
8.5370000000e+00 -3.0618618098e-03 1.4699194790e-02
8.5380000000e+00 -2.9146049519e-03 1.5519431723e-02
8.5390000000e+00 -2.7721003755e-03 1.6340125833e-02
8.5400000000e+00 -2.6344700447e-03 1.7161142206e-02
8.5410000000e+00 -2.5018342667e-03 1.7982343738e-02
8.5420000000e+00 -2.3743116362e-03 1.8803591015e-02
8.5430000000e+00 -2.2520189746e-03 1.9624742197e-02
8.5440000000e+00 -2.1350712603e-03 2.0445652896e-02
8.5450000000e+00 -2.0235815529e-03 2.1266176063e-02
8.5460000000e+00 -1.9176609088e-03 2.2086161866e-02
8.5470000000e+00 -1.8174182877e-03 2.2905457573e-02
8.5480000000e+00 -1.7229604514e-03 2.3723907445e-02
8.5490000000e+00 -1.6343918536e-03 2.4541352626e-02
8.5500000000e+00 -1.5518145201e-03 2.5357631041e-02
8.5510000000e+00 -1.4753279206e-03 2.6172577305e-02
8.5520000000e+00 -1.4050288310e-03 2.6986022638e-02
8.5530000000e+00 -1.3410111871e-03 2.7797794786e-02
8.5540000000e+00 -1.2833659291e-03 2.8607717961e-02
8.5550000000e+00 -1.2321808376e-03 2.9415612788e-02
8.5560000000e+00 -1.1875403618e-03 3.0221296264e-02
8.5570000000e+00 -1.1495254394e-03 3.1024581734e-02
8.5580000000e+00 -1.1182133090e-03 3.1825278886e-02
8.5590000000e+00 -1.0936773164e-03 3.2623193749e-02
8.5600000000e+00 -1.0759867136e-03 3.3418128726e-02
8.5610000000e+00 -1.0652064539e-03 3.4209882629e-02
8.5620000000e+00 -1.0613969811e-03 3.4998250743e-02
8.5630000000e+00 -1.0646140155e-03 3.5783024898e-02
8.5640000000e+00 -1.0749083369e-03 3.6563993576e-02
8.5650000000e+00 -1.0923255664e-03 3.7340942018e-02
8.5660000000e+00 -1.1169059469e-03 3.8113652372e-02
8.5670000000e+00 -1.1486841243e-03 3.8881903838e-02
8.5680000000e+00 -1.1876889304e-03 3.9645472853e-02
8.5690000000e+00 -1.2339431692e-03 4.0404133286e-02
8.5700000000e+00 -1.2874634066e-03 4.1157656648e-02
8.5710000000e+00 -1.3482597662e-03 4.1905812331e-02
8.5720000000e+00 -1.4163357322e-03 4.2648367861e-02
8.5730000000e+00 -1.4916879603e-03 4.3385089164e-02
8.5740000000e+00 -1.5743060981e-03 4.4115740855e-02
8.5750000000e+00 -1.6641726170e-03 4.4840086541e-02
8.5760000000e+00 -1.7612626565e-03 4.5557889137e-02
8.5770000000e+00 -1.8655438814e-03 4.6268911199e-02
8.5780000000e+00 -1.9769763553e-03 4.6972915267e-02
8.5790000000e+00 -2.0955124291e-03 4.7669664217e-02
8.5800000000e+00 -2.2210966479e-03 4.8358921631e-02
8.5810000000e+00 -2.3536656752e-03 4.9040452163e-02
8.5820000000e+00 -2.4931482381e-03 4.9714021922e-02
8.5830000000e+00 -2.6394650913e-03 5.0379398856e-02
8.5840000000e+00 -2.7925290036e-03 5.1036353140e-02
8.5850000000e+00 -2.9522447652e-03 5.1684657559e-02
8.5860000000e+00 -3.1185092180e-03 5.2324087904e-02
8.5870000000e+00 -3.2912113087e-03 5.2954423357e-02
8.5880000000e+00 -3.4702321648e-03 5.3575446868e-02
8.5890000000e+00 -3.6554451939e-03 5.4186945540e-02
8.5900000000e+00 -3.8467162063e-03 5.4788710996e-02
8.5910000000e+00 -4.0439035605e-03 5.5380539741e-02
8.5920000000e+00 -4.2468583323e-03 5.5962233512e-02
8.5930000000e+00 -4.4554245052e-03 5.6533599619e-02
8.5940000000e+00 -4.6694391832e-03 5.7094451270e-02
8.5950000000e+00 -4.8887328252e-03 5.7644607882e-02
8.5960000000e+00 -5.1131294986e-03 5.8183895375e-02
8.5970000000e+00 -5.3424471535e-03 5.8712146454e-02
8.5980000000e+00 -5.5764979147e-03 5.9229200862e-02
8.5990000000e+00 -5.8150883907e-03 5.9734905627e-02
8.6000000000e+00 -6.0580199991e-03 6.0229115279e-02
8.6010000000e+00 -6.3050893067e-03 6.0711692050e-02
8.6020000000e+00 -6.5560883828e-03 6.1182506054e-02
8.6030000000e+00 -6.8108051647e-03 6.1641435446e-02
8.6040000000e+00 -7.0690238332e-03 6.2088366552e-02
8.6050000000e+00 -7.3305251978e-03 6.2523193987e-02
8.6060000000e+00 -7.5950870893e-03 6.2945820745e-02
8.6070000000e+00 -7.8624847582e-03 6.3356158271e-02
8.6080000000e+00 -8.1324912779e-03 6.3754126501e-02
8.6090000000e+00 -8.4048779512e-03 6.4139653898e-02
8.6100000000e+00 -8.6794147187e-03 6.4512677450e-02
8.6110000000e+00 -8.9558705668e-03 6.4873142656e-02
8.6120000000e+00 -9.2340139359e-03 6.5221003493e-02
8.6130000000e+00 -9.5136131253e-03 6.5556222356e-02
8.6140000000e+00 -9.7944366947e-03 6.5878769987e-02
8.6150000000e+00 -1.0076253862e-02 6.6188625383e-02
8.6160000000e+00 -1.0358834893e-02 6.6485775682e-02
8.6170000000e+00 -1.0641951487e-02 6.6770216045e-02
8.6180000000e+00 -1.0925377152e-02 6.7041949504e-02
8.6190000000e+00 -1.1208887572e-02 6.7300986812e-02
8.6200000000e+00 -1.1492260964e-02 6.7547346270e-02
8.6210000000e+00 -1.1775278425e-02 6.7781053544e-02
8.6220000000e+00 -1.2057724265e-02 6.8002141464e-02
8.6230000000e+00 -1.2339386330e-02 6.8210649823e-02
8.6240000000e+00 -1.2620056312e-02 6.8406625152e-02
8.6250000000e+00 -1.2899530043e-02 6.8590120496e-02
8.6260000000e+00 -1.3177607775e-02 6.8761195176e-02
8.6270000000e+00 -1.3454094447e-02 6.8919914543e-02
8.6280000000e+00 -1.3728799932e-02 6.9066349725e-02
8.6290000000e+00 -1.4001539274e-02 6.9200577372e-02
8.6300000000e+00 -1.4272132900e-02 6.9322679389e-02
8.6310000000e+00 -1.4540406822e-02 6.9432742668e-02
8.6320000000e+00 -1.4806192816e-02 6.9530858814e-02
8.6330000000e+00 -1.5069328589e-02 6.9617123872e-02
8.6340000000e+00 -1.5329657917e-02 6.9691638046e-02
8.6350000000e+00 -1.5587030779e-02 6.9754505424e-02
8.6360000000e+00 -1.5841303455e-02 6.9805833690e-02
8.6370000000e+00 -1.6092338619e-02 6.9845733850e-02
8.6380000000e+00 -1.6340005404e-02 6.9874319950e-02
8.6390000000e+00 -1.6584179452e-02 6.9891708794e-02
8.6400000000e+00 -1.6824742940e-02 6.9898019673e-02
8.6410000000e+00 -1.7061584592e-02 6.9893374088e-02
8.6420000000e+00 -1.7294599663e-02 6.9877895478e-02
8.6430000000e+00 -1.7523689918e-02 6.9851708954e-02
8.6440000000e+00 -1.7748763572e-02 6.9814941041e-02
8.6450000000e+00 -1.7969735231e-02 6.9767719414e-02
8.6460000000e+00 -1.8186525802e-02 6.9710172650e-02
8.6470000000e+00 -1.8399062390e-02 6.9642429984e-02
8.6480000000e+00 -1.8607278178e-02 6.9564621068e-02
8.6490000000e+00 -1.8811112284e-02 6.9476875739e-02
8.6500000000e+00 -1.9010509617e-02 6.9379323796e-02
8.6510000000e+00 -1.9205420699e-02 6.9272094782e-02
8.6520000000e+00 -1.9395801487e-02 6.9155317779e-02
8.6530000000e+00 -1.9581613177e-02 6.9029121203e-02
8.6540000000e+00 -1.9762821995e-02 6.8893632618e-02
8.6550000000e+00 -1.9939398975e-02 6.8748978547e-02
8.6560000000e+00 -2.0111319735e-02 6.8595284305e-02
8.6570000000e+00 -2.0278564232e-02 6.8432673832e-02
8.6580000000e+00 -2.0441116519e-02 6.8261269535e-02
8.6590000000e+00 -2.0598964494e-02 6.8081192149e-02
8.6600000000e+00 -2.0752099636e-02 6.7892560593e-02
8.6610000000e+00 -2.0900516746e-02 6.7695491848e-02
8.6620000000e+00 -2.1044213680e-02 6.7490100834e-02
8.6630000000e+00 -2.1183191081e-02 6.7276500308e-02
8.6640000000e+00 -2.1317452111e-02 6.7054800758e-02
8.6650000000e+00 -2.1447002182e-02 6.6825110313e-02
8.6660000000e+00 -2.1571848691e-02 6.6587534665e-02
8.6670000000e+00 -2.1692000754e-02 6.6342176989e-02
8.6680000000e+00 -2.1807468950e-02 6.6089137884e-02
8.6690000000e+00 -2.1918265059e-02 6.5828515310e-02
8.6700000000e+00 -2.2024401818e-02 6.5560404544e-02
8.6710000000e+00 -2.2125892674e-02 6.5284898136e-02
8.6720000000e+00 -2.2222751550e-02 6.5002085873e-02
8.6730000000e+00 -2.2314992617e-02 6.4712054758e-02
8.6740000000e+00 -2.2402630073e-02 6.4414888982e-02
8.6750000000e+00 -2.2485677938e-02 6.4110669920e-02
8.6760000000e+00 -2.2564149848e-02 6.3799476115e-02
8.6770000000e+00 -2.2638058875e-02 6.3481383284e-02
8.6780000000e+00 -2.2707417342e-02 6.3156464319e-02
8.6790000000e+00 -2.2772236664e-02 6.2824789298e-02
8.6800000000e+00 -2.2832527191e-02 6.2486425501e-02
8.6810000000e+00 -2.2888298069e-02 6.2141437430e-02
8.6820000000e+00 -2.2939557114e-02 6.1789886834e-02
8.6830000000e+00 -2.2986310694e-02 6.1431832738e-02
8.6840000000e+00 -2.3028563634e-02 6.1067331474e-02
8.6850000000e+00 -2.3066319123e-02 6.0696436721e-02
8.6860000000e+00 -2.3099578646e-02 6.0319199542e-02
8.6870000000e+00 -2.3128341926e-02 5.9935668426e-02
8.6880000000e+00 -2.3152606873e-02 5.9545889336e-02
8.6890000000e+00 -2.3172369564e-02 5.9149905754e-02
8.6900000000e+00 -2.3187624220e-02 5.8747758734e-02
8.6910000000e+00 -2.3198363210e-02 5.8339486949e-02
8.6920000000e+00 -2.3204577061e-02 5.7925126747e-02
8.6930000000e+00 -2.3206254492e-02 5.7504712207e-02
8.6940000000e+00 -2.3203382453e-02 5.7078275189e-02
8.6950000000e+00 -2.3195946183e-02 5.6645845395e-02
8.6960000000e+00 -2.3183929284e-02 5.6207450426e-02
8.6970000000e+00 -2.3167313805e-02 5.5763115835e-02
8.6980000000e+00 -2.3146080344e-02 5.5312865193e-02
8.6990000000e+00 -2.3120208162e-02 5.4856720139e-02
8.7000000000e+00 -2.3089675307e-02 5.4394700444e-02
8.7010000000e+00 -2.3054458758e-02 5.3926824071e-02
8.7020000000e+00 -2.3014534581e-02 5.3453107231e-02
8.7030000000e+00 -2.2969878086e-02 5.2973564446e-02
8.7040000000e+00 -2.2920464014e-02 5.2488208607e-02
8.7050000000e+00 -2.2866266720e-02 5.1997051040e-02
8.7060000000e+00 -2.2807260378e-02 5.1500101563e-02
8.7070000000e+00 -2.2743419187e-02 5.0997368551e-02
8.7080000000e+00 -2.2674717593e-02 5.0488859002e-02
8.7090000000e+00 -2.2601130518e-02 4.9974578600e-02
8.7100000000e+00 -2.2522633596e-02 4.9454531784e-02
8.7110000000e+00 -2.2439203420e-02 4.8928721818e-02
8.7120000000e+00 -2.2350817790e-02 4.8397150862e-02
8.7130000000e+00 -2.2257455972e-02 4.7859820046e-02
8.7140000000e+00 -2.2159098957e-02 4.7316729547e-02
8.7150000000e+00 -2.2055729728e-02 4.6767878671e-02
8.7160000000e+00 -2.1947333524e-02 4.6213265934e-02
8.7170000000e+00 -2.1833898112e-02 4.5652889154e-02
8.7180000000e+00 -2.1715414055e-02 4.5086745536e-02
8.7190000000e+00 -2.1591874979e-02 4.4514831774e-02
8.7200000000e+00 -2.1463277839e-02 4.3937144148e-02
8.7210000000e+00 -2.1329623181e-02 4.3353678628e-02
8.7220000000e+00 -2.1190915401e-02 4.2764430986e-02
8.7230000000e+00 -2.1047162996e-02 4.2169396909e-02
8.7240000000e+00 -2.0898378804e-02 4.1568572119e-02
8.7250000000e+00 -2.0744580246e-02 4.0961952494e-02
8.7260000000e+00 -2.0585789546e-02 4.0349534202e-02
8.7270000000e+00 -2.0422033948e-02 3.9731313829e-02
8.7280000000e+00 -2.0253345915e-02 3.9107288520e-02
8.7290000000e+00 -2.0079763319e-02 3.8477456123e-02
8.7300000000e+00 -1.9901329611e-02 3.7841815328e-02
8.7310000000e+00 -1.9718093982e-02 3.7200365824e-02
8.7320000000e+00 -1.9530111495e-02 3.6553108446e-02
8.7330000000e+00 -1.9337443213e-02 3.5900045333e-02
8.7340000000e+00 -1.9140156297e-02 3.5241180083e-02
8.7350000000e+00 -1.8938324088e-02 3.4576517911e-02
8.7360000000e+00 -1.8732026172e-02 3.3906065811e-02
8.7370000000e+00 -1.8521348413e-02 3.3229832712e-02
8.7380000000e+00 -1.8306382976e-02 3.2547829634e-02
8.7390000000e+00 -1.8087228321e-02 3.1860069850e-02
8.7400000000e+00 -1.7863989177e-02 3.1166569034e-02
8.7410000000e+00 -1.7636776489e-02 3.0467345417e-02
8.7420000000e+00 -1.7405707348e-02 2.9762419929e-02
8.7430000000e+00 -1.7170904896e-02 2.9051816342e-02
8.7440000000e+00 -1.6932498205e-02 2.8335561406e-02
8.7450000000e+00 -1.6690622140e-02 2.7613684974e-02
8.7460000000e+00 -1.6445417195e-02 2.6886220126e-02
8.7470000000e+00 -1.6197029316e-02 2.6153203280e-02
8.7480000000e+00 -1.5945609689e-02 2.5414674288e-02
8.7490000000e+00 -1.5691314530e-02 2.4670676535e-02
8.7500000000e+00 -1.5434304835e-02 2.3921257014e-02
8.7510000000e+00 -1.5174746133e-02 2.3166466390e-02
8.7520000000e+00 -1.4912808207e-02 2.2406359061e-02
8.7530000000e+00 -1.4648664814e-02 2.1640993194e-02
8.7540000000e+00 -1.4382493383e-02 2.0870430750e-02
8.7550000000e+00 -1.4114474711e-02 2.0094737496e-02
8.7560000000e+00 -1.3844792640e-02 1.9313983001e-02
8.7570000000e+00 -1.3573633739e-02 1.8528240617e-02
8.7580000000e+00 -1.3301186968e-02 1.7737587439e-02
8.7590000000e+00 -1.3027643351e-02 1.6942104257e-02
8.7600000000e+00 -1.2753195637e-02 1.6141875484e-02
8.7610000000e+00 -1.2478037968e-02 1.5336989077e-02
8.7620000000e+00 -1.2202365549e-02 1.4527536433e-02
8.7630000000e+00 -1.1926374319e-02 1.3713612277e-02
8.7640000000e+00 -1.1650260635e-02 1.2895314536e-02
8.7650000000e+00 -1.1374220954e-02 1.2072744189e-02
8.7660000000e+00 -1.1098451536e-02 1.1246005122e-02
8.7670000000e+00 -1.0823148154e-02 1.0415203952e-02
8.7680000000e+00 -1.0548505812e-02 9.5804498579e-03
8.7690000000e+00 -1.0274718489e-02 8.7418543884e-03
8.7700000000e+00 -1.0001978888e-02 7.8995312721e-03
8.7710000000e+00 -9.7304782111e-03 7.0535962159e-03
8.7720000000e+00 -9.4604059463e-03 6.2041667022e-03
8.7730000000e+00 -9.1919496776e-03 5.3513617816e-03
8.7740000000e+00 -8.9252949125e-03 4.4953018669e-03
8.7750000000e+00 -8.6606249320e-03 3.6361085273e-03
8.7760000000e+00 -8.3981206593e-03 2.7739042863e-03
8.7770000000e+00 -8.1379605507e-03 1.9088124262e-03
8.7780000000e+00 -7.8803205064e-03 1.0409567988e-03
8.7790000000e+00 -7.6253738024e-03 1.7046164683e-04
8.7800000000e+00 -7.3732910418e-03 -7.0254856267e-04
8.7810000000e+00 -7.1242401256e-03 -1.5779492918e-03
8.7820000000e+00 -6.8783862426e-03 -2.4556160689e-03
8.7830000000e+00 -6.6358918759e-03 -3.3354246080e-03
8.7840000000e+00 -6.3969168263e-03 -4.2172509092e-03
8.7850000000e+00 -6.1616182510e-03 -5.1009713380e-03
8.7860000000e+00 -5.9301507151e-03 -5.9864626817e-03
8.7870000000e+00 -5.7026662560e-03 -6.8736021831e-03
8.7880000000e+00 -5.4793144583e-03 -7.7622675491e-03
8.7890000000e+00 -5.2602425364e-03 -8.6523369334e-03
8.7900000000e+00 -5.0455954257e-03 -9.5436888939e-03
8.7910000000e+00 -4.8355158774e-03 -1.0436202324e-02
8.7920000000e+00 -4.6301445580e-03 -1.1329756354e-02
8.7930000000e+00 -4.4296201498e-03 -1.2224230235e-02
8.7940000000e+00 -4.2340794509e-03 -1.3119503185e-02
8.7950000000e+00 -4.0436574735e-03 -1.4015454219e-02
8.7960000000e+00 -3.8584875389e-03 -1.4911961950e-02
8.7970000000e+00 -3.6787013658e-03 -1.5808904371e-02
8.7980000000e+00 -3.5044291533e-03 -1.6706158613e-02
8.7990000000e+00 -3.3357996533e-03 -1.7603600683e-02
8.8000000000e+00 -3.1729402344e-03 -1.8501105182e-02
8.8010000000e+00 -3.0159769339e-03 -1.9398545016e-02
8.8020000000e+00 -2.8650344963e-03 -2.0295791082e-02
8.8030000000e+00 -2.7202363988e-03 -2.1192711950e-02
8.8040000000e+00 -2.5817048613e-03 -2.2089173537e-02
8.8050000000e+00 -2.4495608396e-03 -2.2985038771e-02
8.8060000000e+00 -2.3239240029e-03 -2.3880167256e-02
8.8070000000e+00 -2.2049126924e-03 -2.4774414937e-02
8.8080000000e+00 -2.0926438612e-03 -2.5667633767e-02
8.8090000000e+00 -1.9872329960e-03 -2.6559671380e-02
8.8100000000e+00 -1.8887940176e-03 -2.7450370777e-02
8.8110000000e+00 -1.7974391632e-03 -2.8339570019e-02
8.8120000000e+00 -1.7132788462e-03 -2.9227101942e-02
8.8130000000e+00 -1.6364214973e-03 -3.0112793882e-02
8.8140000000e+00 -1.5669733841e-03 -3.0996467435e-02
8.8150000000e+00 -1.5050384106e-03 -3.1877938224e-02
8.8160000000e+00 -1.4507178966e-03 -3.2757015708e-02
8.8170000000e+00 -1.4041103375e-03 -3.3633503012e-02
8.8180000000e+00 -1.3653111445e-03 -3.4507196790e-02
8.8190000000e+00 -1.3344123672e-03 -3.5377887124e-02
8.8200000000e+00 -1.3115023980e-03 -3.6245357457e-02
8.8210000000e+00 -1.2966656605e-03 -3.7109384564e-02
8.8220000000e+00 -1.2899822823e-03 -3.7969738559e-02
8.8230000000e+00 -1.2915277547e-03 -3.8826182948e-02
8.8240000000e+00 -1.3013725794e-03 -3.9678474720e-02
8.8250000000e+00 -1.3195819052e-03 -4.0526364473e-02
8.8260000000e+00 -1.3462151564e-03 -4.1369596596e-02
8.8270000000e+00 -1.3813256545e-03 -4.2207909480e-02
8.8280000000e+00 -1.4249602355e-03 -4.3041035780e-02
8.8290000000e+00 -1.4771588663e-03 -4.3868702711e-02
8.8300000000e+00 -1.5379542612e-03 -4.4690632391e-02
8.8310000000e+00 -1.6073715026e-03 -4.5506542221e-02
8.8320000000e+00 -1.6854276670e-03 -4.6316145302e-02
8.8330000000e+00 -1.7721314611e-03 -4.7119150892e-02
8.8340000000e+00 -1.8674828697e-03 -4.7915264893e-02
8.8350000000e+00 -1.9714728180e-03 -4.8704190376e-02
8.8360000000e+00 -2.0840828532e-03 -4.9485628131e-02
8.8370000000e+00 -2.2052848453e-03 -5.0259277248e-02
8.8380000000e+00 -2.3350407129e-03 -5.1024835719e-02
8.8390000000e+00 -2.4733021747e-03 -5.1782001063e-02
8.8400000000e+00 -2.6200105310e-03 -5.2530470972e-02
8.8410000000e+00 -2.7750964751e-03 -5.3269943962e-02
8.8420000000e+00 -2.9384799404e-03 -5.4000120044e-02
8.8430000000e+00 -3.1100699819e-03 -5.4720701397e-02
8.8440000000e+00 -3.2897646956e-03 -5.5431393042e-02
8.8450000000e+00 -3.4774511770e-03 -5.6131903522e-02
8.8460000000e+00 -3.6730055200e-03 -5.6821945569e-02
8.8470000000e+00 -3.8762928556e-03 -5.7501236765e-02
8.8480000000e+00 -4.0871674334e-03 -5.8169500193e-02
8.8490000000e+00 -4.3054727437e-03 -5.8826465069e-02
8.8500000000e+00 -4.5310416809e-03 -5.9471867350e-02
8.8510000000e+00 -4.7636967480e-03 -6.0105450331e-02
8.8520000000e+00 -5.0032503000e-03 -6.0726965198e-02
8.8530000000e+00 -5.2495048268e-03 -6.1336171569e-02
8.8540000000e+00 -5.5022532720e-03 -6.1932837995e-02
8.8550000000e+00 -5.7612793870e-03 -6.2516742421e-02
8.8560000000e+00 -6.0263581183e-03 -6.3087672628e-02
8.8570000000e+00 -6.2972560249e-03 -6.3645426618e-02
8.8580000000e+00 -6.5737317238e-03 -6.4189812975e-02
8.8590000000e+00 -6.8555363612e-03 -6.4720651182e-02
8.8600000000e+00 -7.1424141061e-03 -6.5237771893e-02
8.8610000000e+00 -7.4341026635e-03 -6.5741017171e-02
8.8620000000e+00 -7.7303338048e-03 -6.6230240684e-02
8.8630000000e+00 -8.0308339125e-03 -6.6705307863e-02
8.8640000000e+00 -8.3353245360e-03 -6.7166096015e-02
8.8650000000e+00 -8.6435229559e-03 -6.7612494404e-02
8.8660000000e+00 -8.9551427550e-03 -6.8044404298e-02
8.8670000000e+00 -9.2698943923e-03 -6.8461738967e-02
8.8680000000e+00 -9.5874857787e-03 -6.8864423668e-02
8.8690000000e+00 -9.9076228523e-03 -6.9252395576e-02
8.8700000000e+00 -1.0230010150e-02 -6.9625603702e-02
8.8710000000e+00 -1.0554351377e-02 -6.9984008772e-02
8.8720000000e+00 -1.0880349966e-02 -7.0327583084e-02
8.8730000000e+00 -1.1207709635e-02 -7.0656310340e-02
8.8740000000e+00 -1.1536134934e-02 -7.0970185453e-02
8.8750000000e+00 -1.1865331779e-02 -7.1269214336e-02
8.8760000000e+00 -1.2195007979e-02 -7.1553413665e-02
8.8770000000e+00 -1.2524873756e-02 -7.1822810635e-02
8.8780000000e+00 -1.2854642243e-02 -7.2077442686e-02
8.8790000000e+00 -1.3184029978e-02 -7.2317357227e-02
8.8800000000e+00 -1.3512757386e-02 -7.2542611340e-02
8.8810000000e+00 -1.3840549236e-02 -7.2753271468e-02
8.8820000000e+00 -1.4167135102e-02 -7.2949413100e-02
8.8830000000e+00 -1.4492249792e-02 -7.3131120438e-02
8.8840000000e+00 -1.4815633775e-02 -7.3298486061e-02
8.8850000000e+00 -1.5137033587e-02 -7.3451610576e-02
8.8860000000e+00 -1.5456202217e-02 -7.3590602262e-02
8.8870000000e+00 -1.5772899488e-02 -7.3715576708e-02
8.8880000000e+00 -1.6086892406e-02 -7.3826656445e-02
8.8890000000e+00 -1.6397955499e-02 -7.3923970568e-02
8.8900000000e+00 -1.6705871135e-02 -7.4007654360e-02
8.8910000000e+00 -1.7010429818e-02 -7.4077848907e-02
8.8920000000e+00 -1.7311430463e-02 -7.4134700710e-02
8.8930000000e+00 -1.7608680645e-02 -7.4178361296e-02
8.8940000000e+00 -1.7901996833e-02 -7.4208986823e-02
8.8950000000e+00 -1.8191204582e-02 -7.4226737691e-02
8.8960000000e+00 -1.8476138716e-02 -7.4231778146e-02
8.8970000000e+00 -1.8756643473e-02 -7.4224275883e-02
8.8980000000e+00 -1.9032572623e-02 -7.4204401665e-02
8.8990000000e+00 -1.9303789558e-02 -7.4172328923e-02
8.9000000000e+00 -1.9570167346e-02 -7.4128233379e-02
8.9010000000e+00 -1.9831588763e-02 -7.4072292661e-02
8.9020000000e+00 -2.0087946280e-02 -7.4004685930e-02
8.9030000000e+00 -2.0339142033e-02 -7.3925593514e-02
8.9040000000e+00 -2.0585087744e-02 -7.3835196544e-02
8.9050000000e+00 -2.0825704618e-02 -7.3733676603e-02
8.9060000000e+00 -2.1060923211e-02 -7.3621215387e-02
8.9070000000e+00 -2.1290683257e-02 -7.3497994371e-02
8.9080000000e+00 -2.1514933468e-02 -7.3364194489e-02
8.9090000000e+00 -2.1733631304e-02 -7.3219995823e-02
8.9100000000e+00 -2.1946742714e-02 -7.3065577314e-02
8.9110000000e+00 -2.2154241845e-02 -7.2901116469e-02
8.9120000000e+00 -2.2356110731e-02 -7.2726789099e-02
8.9130000000e+00 -2.2552338955e-02 -7.2542769059e-02
8.9140000000e+00 -2.2742923282e-02 -7.2349228008e-02
8.9150000000e+00 -2.2927867286e-02 -7.2146335177e-02
8.9160000000e+00 -2.3107180945e-02 -7.1934257160e-02
8.9170000000e+00 -2.3280880225e-02 -7.1713157708e-02
8.9180000000e+00 -2.3448986657e-02 -7.1483197546e-02
8.9190000000e+00 -2.3611526893e-02 -7.1244534199e-02
8.9200000000e+00 -2.3768532260e-02 -7.0997321831e-02
8.9210000000e+00 -2.3920038305e-02 -7.0741711100e-02
8.9220000000e+00 -2.4066084342e-02 -7.0477849022e-02
8.9230000000e+00 -2.4206712988e-02 -7.0205878851e-02
8.9240000000e+00 -2.4341969713e-02 -6.9925939967e-02
8.9250000000e+00 -2.4471902379e-02 -6.9638167776e-02
8.9260000000e+00 -2.4596560797e-02 -6.9342693625e-02
8.9270000000e+00 -2.4715996285e-02 -6.9039644724e-02
8.9280000000e+00 -2.4830261233e-02 -6.8729144077e-02
8.9290000000e+00 -2.4939408686e-02 -6.8411310428e-02
8.9300000000e+00 -2.5043491931e-02 -6.8086258210e-02
8.9310000000e+00 -2.5142564102e-02 -6.7754097511e-02
8.9320000000e+00 -2.5236677798e-02 -6.7414934040e-02
8.9330000000e+00 -2.5325884719e-02 -6.7068869111e-02
8.9340000000e+00 -2.5410235316e-02 -6.6715999628e-02
8.9350000000e+00 -2.5489778454e-02 -6.6356418083e-02
8.9360000000e+00 -2.5564561105e-02 -6.5990212562e-02
8.9370000000e+00 -2.5634628045e-02 -6.5617466755e-02
8.9380000000e+00 -2.5700021584e-02 -6.5238259981e-02
8.9390000000e+00 -2.5760781299e-02 -6.4852667214e-02
8.9400000000e+00 -2.5816943806e-02 -6.4460759122e-02
8.9410000000e+00 -2.5868542532e-02 -6.4062602108e-02
8.9420000000e+00 -2.5915607524e-02 -6.3658258365e-02
8.9430000000e+00 -2.5958165267e-02 -6.3247785936e-02
8.9440000000e+00 -2.5996238528e-02 -6.2831238776e-02
8.9450000000e+00 -2.6029846221e-02 -6.2408666826e-02
8.9460000000e+00 -2.6059003287e-02 -6.1980116096e-02
8.9470000000e+00 -2.6083720606e-02 -6.1545628744e-02
8.9480000000e+00 -2.6104004917e-02 -6.1105243172e-02
8.9490000000e+00 -2.6119858771e-02 -6.0658994120e-02
8.9500000000e+00 -2.6131280499e-02 -6.0206912763e-02
8.9510000000e+00 -2.6138264204e-02 -5.9749026824e-02
8.9520000000e+00 -2.6140799777e-02 -5.9285360672e-02
8.9530000000e+00 -2.6138872927e-02 -5.8815935441e-02
8.9540000000e+00 -2.6132465249e-02 -5.8340769136e-02
8.9550000000e+00 -2.6121554294e-02 -5.7859876755e-02
8.9560000000e+00 -2.6106113682e-02 -5.7373270396e-02
8.9570000000e+00 -2.6086113222e-02 -5.6880959378e-02
8.9580000000e+00 -2.6061519065e-02 -5.6382950356e-02
8.9590000000e+00 -2.6032293871e-02 -5.5879247429e-02
8.9600000000e+00 -2.5998397007e-02 -5.5369852261e-02
8.9610000000e+00 -2.5959784761e-02 -5.4854764184e-02
8.9620000000e+00 -2.5916410580e-02 -5.4333980312e-02
8.9630000000e+00 -2.5868225331e-02 -5.3807495643e-02
8.9640000000e+00 -2.5815177582e-02 -5.3275303163e-02
8.9650000000e+00 -2.5757213903e-02 -5.2737393947e-02
8.9660000000e+00 -2.5694279184e-02 -5.2193757258e-02
8.9670000000e+00 -2.5626316981e-02 -5.1644380640e-02
8.9680000000e+00 -2.5553269870e-02 -5.1089250014e-02
8.9690000000e+00 -2.5475079826e-02 -5.0528349768e-02
8.9700000000e+00 -2.5391688610e-02 -4.9961662851e-02
8.9710000000e+00 -2.5303038177e-02 -4.9389170860e-02
8.9720000000e+00 -2.5209071096e-02 -4.8810854132e-02
8.9730000000e+00 -2.5109730981e-02 -4.8226691839e-02
8.9740000000e+00 -2.5004962930e-02 -4.7636662080e-02
8.9750000000e+00 -2.4894713976e-02 -4.7040741976e-02
8.9760000000e+00 -2.4778933544e-02 -4.6438907774e-02
8.9770000000e+00 -2.4657573911e-02 -4.5831134953e-02
8.9780000000e+00 -2.4530590670e-02 -4.5217398330e-02
8.9790000000e+00 -2.4397943198e-02 -4.4597672184e-02
8.9800000000e+00 -2.4259595116e-02 -4.3971930374e-02
8.9810000000e+00 -2.4115514749e-02 -4.3340146478e-02
8.9820000000e+00 -2.3965675585e-02 -4.2702293926e-02
8.9830000000e+00 -2.3810056715e-02 -4.2058346156e-02
8.9840000000e+00 -2.3648643274e-02 -4.1408276771e-02
8.9850000000e+00 -2.3481426861e-02 -4.0752059705e-02
8.9860000000e+00 -2.3308405947e-02 -4.0089669405e-02
8.9870000000e+00 -2.3129586266e-02 -3.9421081015e-02
8.9880000000e+00 -2.2944981181e-02 -3.8746270577e-02
8.9890000000e+00 -2.2754612034e-02 -3.8065215236e-02
8.9900000000e+00 -2.2558508464e-02 -3.7377893455e-02
8.9910000000e+00 -2.2356708701e-02 -3.6684285239e-02
8.9920000000e+00 -2.2149259831e-02 -3.5984372368e-02
8.9930000000e+00 -2.1936218026e-02 -3.5278138632e-02
8.9940000000e+00 -2.1717648742e-02 -3.4565570076e-02
8.9950000000e+00 -2.1493626880e-02 -3.3846655245e-02
8.9960000000e+00 -2.1264236908e-02 -3.3121385439e-02
8.9970000000e+00 -2.1029572947e-02 -3.2389754966e-02
8.9980000000e+00 -2.0789738816e-02 -3.1651761387e-02
8.9990000000e+00 -2.0544848031e-02 -3.0907405778e-02
9.0000000000e+00 -2.0295023768e-02 -3.0156692974e-02
9.0010000000e+00 -2.0040398780e-02 -2.9399631810e-02
9.0020000000e+00 -1.9781115272e-02 -2.8636235367e-02
9.0030000000e+00 -1.9517324731e-02 -2.7866521194e-02
9.0040000000e+00 -1.9249187719e-02 -2.7090511531e-02
9.0050000000e+00 -1.8976873623e-02 -2.6308233520e-02
9.0060000000e+00 -1.8700560356e-02 -2.5519719395e-02
9.0070000000e+00 -1.8420434037e-02 -2.4725006664e-02
9.0080000000e+00 -1.8136688615e-02 -2.3924138270e-02
9.0090000000e+00 -1.7849525471e-02 -2.3117162738e-02
9.0100000000e+00 -1.7559152977e-02 -2.2304134296e-02
9.0110000000e+00 -1.7265786038e-02 -2.1485112979e-02
9.0120000000e+00 -1.6969645588e-02 -2.0660164705e-02
9.0130000000e+00 -1.6670958080e-02 -1.9829361333e-02
9.0140000000e+00 -1.6369954939e-02 -1.8992780692e-02
9.0150000000e+00 -1.6066872005e-02 -1.8150506581e-02
9.0160000000e+00 -1.5761948959e-02 -1.7302628748e-02
9.0170000000e+00 -1.5455428741e-02 -1.6449242834e-02
9.0180000000e+00 -1.5147556950e-02 -1.5590450292e-02
9.0190000000e+00 -1.4838581255e-02 -1.4726358280e-02
9.0200000000e+00 -1.4528750792e-02 -1.3857079513e-02
9.0210000000e+00 -1.4218315575e-02 -1.2982732105e-02
9.0220000000e+00 -1.3907525911e-02 -1.2103439363e-02
9.0230000000e+00 -1.3596631824e-02 -1.1219329563e-02
9.0240000000e+00 -1.3285882497e-02 -1.0330535699e-02
9.0250000000e+00 -1.2975525736e-02 -9.4371952014e-03
9.0260000000e+00 -1.2665807449e-02 -8.5394496329e-03
9.0270000000e+00 -1.2356971153e-02 -7.6374443592e-03
9.0280000000e+00 -1.2049257518e-02 -6.7313282008e-03
9.0290000000e+00 -1.1742903930e-02 -5.8212530631e-03
9.0300000000e+00 -1.1438144094e-02 -4.9073735514e-03
9.0310000000e+00 -1.1135207677e-02 -3.9898465709e-03
9.0320000000e+00 -1.0834319984e-02 -3.0688309161e-03
9.0330000000e+00 -1.0535701675e-02 -2.1444868528e-03
9.0340000000e+00 -1.0239568523e-02 -1.2169756953e-03
9.0350000000e+00 -9.9461312165e-03 -2.8645938333e-04
9.0360000000e+00 -9.6555952028e-03 6.4689993698e-04
9.0370000000e+00 -9.3681605706e-03 1.5829403258e-03
9.0380000000e+00 -9.0840219782e-03 2.5215004504e-03
9.0390000000e+00 -8.8033686204e-03 3.4624199699e-03
9.0400000000e+00 -8.5263842362e-03 4.4055399012e-03
9.0410000000e+00 -8.2532471530e-03 5.3507029606e-03
9.0420000000e+00 -7.9841303679e-03 6.2977538775e-03
9.0430000000e+00 -7.7192016616e-03 7.2465396774e-03
9.0440000000e+00 -7.4586237442e-03 8.1969099286e-03
9.0450000000e+00 -7.2025544281e-03 9.1487169509e-03
9.0460000000e+00 -6.9511468266e-03 1.0101815983e-02
9.0470000000e+00 -6.7045495739e-03 1.1056065305e-02
9.0480000000e+00 -6.4629070636e-03 1.2011326314e-02
9.0490000000e+00 -6.2263597022e-03 1.2967463551e-02
9.0500000000e+00 -5.9950441737e-03 1.3924344680e-02
9.0510000000e+00 -5.7690937129e-03 1.4881840412e-02
9.0520000000e+00 -5.5486383825e-03 1.5839824379e-02
9.0530000000e+00 -5.3338053523e-03 1.6798172958e-02
9.0540000000e+00 -5.1247191754e-03 1.7756765044e-02
9.0550000000e+00 -4.9215020603e-03 1.8715481769e-02
9.0560000000e+00 -4.7242741346e-03 1.9674206176e-02
9.0570000000e+00 -4.5331536983e-03 2.0632822850e-02
9.0580000000e+00 -4.3482574637e-03 2.1591217497e-02
9.0590000000e+00 -4.1697007801e-03 2.2549276491e-02
9.0600000000e+00 -3.9975978407e-03 2.3506886381e-02
9.0610000000e+00 -3.8320618706e-03 2.4463933365e-02
9.0620000000e+00 -3.6732052927e-03 2.5420302734e-02
9.0630000000e+00 -3.5211398720e-03 2.6375878301e-02
9.0640000000e+00 -3.3759768356e-03 2.7330541798e-02
9.0650000000e+00 -3.2378269676e-03 2.8284172273e-02
9.0660000000e+00 -3.1068006773e-03 2.9236645469e-02
9.0670000000e+00 -2.9830080420e-03 3.0187833209e-02
9.0680000000e+00 -2.8665588201e-03 3.1137602780e-02
9.0690000000e+00 -2.7575624372e-03 3.2085816325e-02
9.0700000000e+00 -2.6561279425e-03 3.3032330253e-02
9.0710000000e+00 -2.5623639360e-03 3.3976994669e-02
9.0720000000e+00 -2.4763784652e-03 3.4919652824e-02
9.0730000000e+00 -2.3982788920e-03 3.5860140605e-02
9.0740000000e+00 -2.3281717286e-03 3.6798286051e-02
9.0750000000e+00 -2.2661624428e-03 3.7733908915e-02
9.0760000000e+00 -2.2123552318e-03 3.8666820271e-02
9.0770000000e+00 -2.1668527656e-03 3.9596822165e-02
9.0780000000e+00 -2.1297558991e-03 4.0523707321e-02
9.0790000000e+00 -2.1011633540e-03 4.1447258904e-02
9.0800000000e+00 -2.0811713704e-03 4.2367250338e-02
9.0810000000e+00 -2.0698733290e-03 4.3283445187e-02
9.0820000000e+00 -2.0673593451e-03 4.4195597100e-02
9.0830000000e+00 -2.0737158355e-03 4.5103449820e-02
9.0840000000e+00 -2.0890250594e-03 4.6006737253e-02
9.0850000000e+00 -2.1133646361e-03 4.6905183616e-02
9.0860000000e+00 -2.1468070406e-03 4.7798503641e-02
9.0870000000e+00 -2.1894190806e-03 4.8686402854e-02
9.0880000000e+00 -2.2412613573e-03 4.9568577913e-02
9.0890000000e+00 -2.3023877134e-03 5.0444717021e-02
9.0900000000e+00 -2.3728446721e-03 5.1314500393e-02
9.0910000000e+00 -2.4526708707e-03 5.2177600796e-02
9.0920000000e+00 -2.5418964938e-03 5.3033684143e-02
9.0930000000e+00 -2.6405427099e-03 5.3882410144e-02
9.0940000000e+00 -2.7486211166e-03 5.4723433019e-02
9.0950000000e+00 -2.8661331998e-03 5.5556402250e-02
9.0960000000e+00 -2.9930698112e-03 5.6380963394e-02
9.0970000000e+00 -3.1294106704e-03 5.7196758925e-02
9.0980000000e+00 -3.2751238958e-03 5.8003429126e-02
9.0990000000e+00 -3.4301655704e-03 5.8800613002e-02
9.1000000000e+00 -3.5944793469e-03 5.9587949230e-02
9.1010000000e+00 -3.7679960971e-03 6.0365077124e-02
9.1020000000e+00 -3.9506336104e-03 6.1131637616e-02
9.1030000000e+00 -4.1422963446e-03 6.1887274247e-02
9.1040000000e+00 -4.3428752342e-03 6.2631634157e-02
9.1050000000e+00 -4.5522475570e-03 6.3364369073e-02
9.1060000000e+00 -4.7702768635e-03 6.4085136286e-02
9.1070000000e+00 -4.9968129702e-03 6.4793599604e-02
9.1080000000e+00 -5.2316920171e-03 6.5489430287e-02
9.1090000000e+00 -5.4747365908e-03 6.6172307948e-02
9.1100000000e+00 -5.7257559119e-03 6.6841921414e-02
9.1110000000e+00 -5.9845460864e-03 6.7497969549e-02
9.1120000000e+00 -6.2508904182e-03 6.8140162027e-02
9.1130000000e+00 -6.5245597803e-03 6.8768220049e-02
9.1140000000e+00 -6.8053130424e-03 6.9381877008e-02
9.1150000000e+00 -7.0928975487e-03 6.9980879091e-02
9.1160000000e+00 -7.3870496445e-03 7.0564985821e-02
9.1170000000e+00 -7.6874952439e-03 7.1133970529e-02
9.1180000000e+00 -7.9939504355e-03 7.1687620766e-02
9.1190000000e+00 -8.3061221198e-03 7.2225738645e-02
9.1200000000e+00 -8.6237086728e-03 7.2748141123e-02
9.1210000000e+00 -8.9464006308e-03 7.3254660208e-02
9.1220000000e+00 -9.2738813913e-03 7.3745143118e-02
9.1230000000e+00 -9.6058279239e-03 7.4219452366e-02
9.1240000000e+00 -9.9419114875e-03 7.4677465797e-02
9.1250000000e+00 -1.0281798349e-02 7.5119076567e-02
9.1260000000e+00 -1.0625150501e-02 7.5544193078e-02
9.1270000000e+00 -1.0971626369e-02 7.5952738856e-02
9.1280000000e+00 -1.1320881520e-02 7.6344652402e-02
9.1290000000e+00 -1.1672569350e-02 7.6719886995e-02
9.1300000000e+00 -1.2026341764e-02 7.7078410465e-02
9.1310000000e+00 -1.2381849844e-02 7.7420204940e-02
9.1320000000e+00 -1.2738744502e-02 7.7745266565e-02
9.1330000000e+00 -1.3096677118e-02 7.8053605203e-02
9.1340000000e+00 -1.3455300166e-02 7.8345244110e-02
9.1350000000e+00 -1.3814267823e-02 7.8620219610e-02
9.1360000000e+00 -1.4173236575e-02 7.8878580740e-02
9.1370000000e+00 -1.4531865801e-02 7.9120388898e-02
9.1380000000e+00 -1.4889818352e-02 7.9345717476e-02
9.1390000000e+00 -1.5246761126e-02 7.9554651487e-02
9.1400000000e+00 -1.5602365626e-02 7.9747287184e-02
9.1410000000e+00 -1.5956308518e-02 7.9923731675e-02
9.1420000000e+00 -1.6308272180e-02 8.0084102532e-02
9.1430000000e+00 -1.6657945248e-02 8.0228527392e-02
9.1440000000e+00 -1.7005023147e-02 8.0357143554e-02
9.1450000000e+00 -1.7349208633e-02 8.0470097569e-02
9.1460000000e+00 -1.7690212310e-02 8.0567544820e-02
9.1470000000e+00 -1.8027753147e-02 8.0649649101e-02
9.1480000000e+00 -1.8361558989e-02 8.0716582181e-02
9.1490000000e+00 -1.8691367051e-02 8.0768523364e-02
9.1500000000e+00 -1.9016924392e-02 8.0805659039e-02
9.1510000000e+00 -1.9337988387e-02 8.0828182223e-02
9.1520000000e+00 -1.9654327166e-02 8.0836292093e-02
9.1530000000e+00 -1.9965720032e-02 8.0830193511e-02
9.1540000000e+00 -2.0271957854e-02 8.0810096542e-02
9.1550000000e+00 -2.0572843433e-02 8.0776215969e-02
9.1560000000e+00 -2.0868191824e-02 8.0728770794e-02
9.1570000000e+00 -2.1157830624e-02 8.0667983746e-02
9.1580000000e+00 -2.1441600225e-02 8.0594080777e-02
9.1590000000e+00 -2.1719354014e-02 8.0507290563e-02
9.1600000000e+00 -2.1990958524e-02 8.0407844007e-02
9.1610000000e+00 -2.2256293547e-02 8.0295973744e-02
9.1620000000e+00 -2.2515252175e-02 8.0171913651e-02
9.1630000000e+00 -2.2767740807e-02 8.0035898365e-02
9.1640000000e+00 -2.3013679083e-02 7.9888162813e-02
9.1650000000e+00 -2.3252999776e-02 7.9728941754e-02
9.1660000000e+00 -2.3485648615e-02 7.9558469331e-02
9.1670000000e+00 -2.3711584062e-02 7.9376978643e-02
9.1680000000e+00 -2.3930777032e-02 7.9184701336e-02
9.1690000000e+00 -2.4143210555e-02 7.8981867204e-02
9.1700000000e+00 -2.4348879394e-02 7.8768703815e-02
9.1710000000e+00 -2.4547789613e-02 7.8545436164e-02
9.1720000000e+00 -2.4739958101e-02 7.8312286332e-02
9.1730000000e+00 -2.4925412050e-02 7.8069473178e-02
9.1740000000e+00 -2.5104188409e-02 7.7817212049e-02
9.1750000000e+00 -2.5276333288e-02 7.7555714506e-02
9.1760000000e+00 -2.5441901352e-02 7.7285188078e-02
9.1770000000e+00 -2.5600955179e-02 7.7005836028e-02
9.1780000000e+00 -2.5753564605e-02 7.6717857144e-02
9.1790000000e+00 -2.5899806055e-02 7.6421445543e-02
9.1800000000e+00 -2.6039761866e-02 7.6116790493e-02
9.1810000000e+00 -2.6173519599e-02 7.5804076252e-02
9.1820000000e+00 -2.6301171360e-02 7.5483481920e-02
9.1830000000e+00 -2.6422813119e-02 7.5155181303e-02
9.1840000000e+00 -2.6538544038e-02 7.4819342792e-02
9.1850000000e+00 -2.6648465805e-02 7.4476129251e-02
9.1860000000e+00 -2.6752681995e-02 7.4125697918e-02
9.1870000000e+00 -2.6851297430e-02 7.3768200312e-02
9.1880000000e+00 -2.6944417573e-02 7.3403782156e-02
9.1890000000e+00 -2.7032147929e-02 7.3032583301e-02
9.1900000000e+00 -2.7114593485e-02 7.2654737663e-02
9.1910000000e+00 -2.7191858155e-02 7.2270373172e-02
9.1920000000e+00 -2.7264044262e-02 7.1879611724e-02
9.1930000000e+00 -2.7331252041e-02 7.1482569148e-02
9.1940000000e+00 -2.7393579165e-02 7.1079355174e-02
9.1950000000e+00 -2.7451120302e-02 7.0670073427e-02
9.1960000000e+00 -2.7503966689e-02 7.0254821414e-02
9.1970000000e+00 -2.7552205742e-02 6.9833690535e-02
9.1980000000e+00 -2.7595920679e-02 6.9406766104e-02
9.1990000000e+00 -2.7635190180e-02 6.8974127378e-02
9.2000000000e+00 -2.7670088058e-02 6.8535847604e-02
9.2010000000e+00 -2.7700682970e-02 6.8091994084e-02
9.2020000000e+00 -2.7727038136e-02 6.7642628242e-02
9.2030000000e+00 -2.7749211093e-02 6.7187805720e-02
9.2040000000e+00 -2.7767253471e-02 6.6727576483e-02
9.2050000000e+00 -2.7781210787e-02 6.6261984934e-02
9.2060000000e+00 -2.7791122272e-02 6.5791070051e-02
9.2070000000e+00 -2.7797020713e-02 6.5314865536e-02
9.2080000000e+00 -2.7798932331e-02 6.4833399975e-02
9.2090000000e+00 -2.7796876673e-02 6.4346697012e-02
9.2100000000e+00 -2.7790866542e-02 6.3854775533e-02
9.2110000000e+00 -2.7780907939e-02 6.3357649861e-02
9.2120000000e+00 -2.7767000050e-02 6.2855329955e-02
9.2130000000e+00 -2.7749135248e-02 6.2347821623e-02
9.2140000000e+00 -2.7727299128e-02 6.1835126729e-02
9.2150000000e+00 -2.7701470576e-02 6.1317243410e-02
9.2160000000e+00 -2.7671621864e-02 6.0794166290e-02
9.2170000000e+00 -2.7637718778e-02 6.0265886693e-02
9.2180000000e+00 -2.7599720775e-02 5.9732392851e-02
9.2190000000e+00 -2.7557581178e-02 5.9193670107e-02
9.2200000000e+00 -2.7511247398e-02 5.8649701113e-02
9.2210000000e+00 -2.7460661192e-02 5.8100466014e-02
9.2220000000e+00 -2.7405758950e-02 5.7545942628e-02
9.2230000000e+00 -2.7346472015e-02 5.6986106609e-02
9.2240000000e+00 -2.7282727041e-02 5.6420931605e-02
9.2250000000e+00 -2.7214446369e-02 5.5850389398e-02
9.2260000000e+00 -2.7141548446e-02 5.5274450033e-02
9.2270000000e+00 -2.7063948268e-02 5.4693081943e-02
9.2280000000e+00 -2.6981557850e-02 5.4106252048e-02
9.2290000000e+00 -2.6894286726e-02 5.3513925862e-02
9.2300000000e+00 -2.6802042473e-02 5.2916067578e-02
9.2310000000e+00 -2.6704731261e-02 5.2312640151e-02
9.2320000000e+00 -2.6602258425e-02 5.1703605378e-02
9.2330000000e+00 -2.6494529055e-02 5.1088923969e-02
9.2340000000e+00 -2.6381448613e-02 5.0468555626e-02
9.2350000000e+00 -2.6262923558e-02 4.9842459114e-02
9.2360000000e+00 -2.6138861997e-02 4.9210592344e-02
9.2370000000e+00 -2.6009174335e-02 4.8572912455e-02
9.2380000000e+00 -2.5873773950e-02 4.7929375906e-02
9.2390000000e+00 -2.5732577871e-02 4.7279938585e-02
9.2400000000e+00 -2.5585507453e-02 4.6624555919e-02
9.2410000000e+00 -2.5432489073e-02 4.5963183007e-02
9.2420000000e+00 -2.5273454804e-02 4.5295774762e-02
9.2430000000e+00 -2.5108343105e-02 4.4622286073e-02
9.2440000000e+00 -2.4937099487e-02 4.3942671983e-02
9.2450000000e+00 -2.4759677181e-02 4.3256887885e-02
9.2460000000e+00 -2.4576037781e-02 4.2564889735e-02
9.2470000000e+00 -2.4386151873e-02 4.1866634285e-02
9.2480000000e+00 -2.4189999639e-02 4.1162079329e-02
9.2490000000e+00 -2.3987571434e-02 4.0451183973e-02
9.2500000000e+00 -2.3778868327e-02 3.9733908913e-02
9.2510000000e+00 -2.3563902610e-02 3.9010216733e-02
9.2520000000e+00 -2.3342698263e-02 3.8280072210e-02
9.2530000000e+00 -2.3115291369e-02 3.7543442639e-02
9.2540000000e+00 -2.2881730493e-02 3.6800298155e-02
9.2550000000e+00 -2.2642076986e-02 3.6050612078e-02
9.2560000000e+00 -2.2396405254e-02 3.5294361244e-02
9.2570000000e+00 -2.2144802952e-02 3.4531526357e-02
9.2580000000e+00 -2.1887371118e-02 3.3762092327e-02
9.2590000000e+00 -2.1624224245e-02 3.2986048615e-02
9.2600000000e+00 -2.1355490280e-02 3.2203389569e-02
9.2610000000e+00 -2.1081310564e-02 3.1414114752e-02
9.2620000000e+00 -2.0801839688e-02 3.0618229266e-02
9.2630000000e+00 -2.0517245299e-02 2.9815744055e-02
9.2640000000e+00 -2.0227707819e-02 2.9006676206e-02
9.2650000000e+00 -1.9933420108e-02 2.8191049220e-02
9.2660000000e+00 -1.9634587062e-02 2.7368893279e-02
9.2670000000e+00 -1.9331425142e-02 2.6540245475e-02
9.2680000000e+00 -1.9024161844e-02 2.5705150034e-02
9.2690000000e+00 -1.8713035118e-02 2.4863658503e-02
9.2700000000e+00 -1.8398292730e-02 2.4015829920e-02
9.2710000000e+00 -1.8080191571e-02 2.3161730946e-02
9.2720000000e+00 -1.7758996932e-02 2.2301435978e-02
9.2730000000e+00 -1.7434981730e-02 2.1435027224e-02
9.2740000000e+00 -1.7108425708e-02 2.0562594755e-02
9.2750000000e+00 -1.6779614598e-02 1.9684236510e-02
9.2760000000e+00 -1.6448839270e-02 1.8800058283e-02
9.2770000000e+00 -1.6116394853e-02 1.7910173664e-02
9.2780000000e+00 -1.5782579853e-02 1.7014703946e-02
9.2790000000e+00 -1.5447695260e-02 1.6113778002e-02
9.2800000000e+00 -1.5112043655e-02 1.5207532117e-02
9.2810000000e+00 -1.4775928321e-02 1.4296109784e-02
9.2820000000e+00 -1.4439652369e-02 1.3379661468e-02
9.2830000000e+00 -1.4103517874e-02 1.2458344320e-02
9.2840000000e+00 -1.3767825042e-02 1.1532321868e-02
9.2850000000e+00 -1.3432871389e-02 1.0601763653e-02
9.2860000000e+00 -1.3098950972e-02 9.6668448449e-03
9.2870000000e+00 -1.2766353642e-02 8.7277458048e-03
9.2880000000e+00 -1.2435364345e-02 7.7846516257e-03
9.2890000000e+00 -1.2106262470e-02 6.8377516309e-03
9.2900000000e+00 -1.1779321247e-02 5.8872388435e-03
9.2910000000e+00 -1.1454807200e-02 4.9333094264e-03
9.2920000000e+00 -1.1132979656e-02 3.9761620948e-03
9.2930000000e+00 -1.0814090320e-02 3.0159975071e-03
9.2940000000e+00 -1.0498382905e-02 2.0530176356e-03
9.2950000000e+00 -1.0186092837e-02 1.0874251239e-03
9.2960000000e+00 -9.8774470163e-03 1.1942263432e-04
9.2970000000e+00 -9.5726636509e-03 -8.5078780849e-04
9.2980000000e+00 -9.2719521562e-03 -1.8230054714e-03
9.2990000000e+00 -8.9755131186e-03 -2.7970315588e-03
9.3000000000e+00 -8.6835383231e-03 -3.7726698429e-03
9.3010000000e+00 -8.3962108433e-03 -4.7497272732e-03
9.3020000000e+00 -8.1137051927e-03 -5.7280145493e-03
9.3030000000e+00 -7.8361875206e-03 -6.7073466861e-03
9.3040000000e+00 -7.5638158702e-03 -7.6875435054e-03
9.3050000000e+00 -7.2967404897e-03 -8.6684300627e-03
9.3060000000e+00 -7.0351041639e-03 -9.6498370795e-03
9.3070000000e+00 -6.7790425945e-03 -1.0631601279e-02
9.3080000000e+00 -6.5286848153e-03 -1.1613565625e-02
9.3090000000e+00 -6.2841536191e-03 -1.2595579546e-02
9.3100000000e+00 -6.0455660169e-03 -1.3577499052e-02
9.3110000000e+00 -5.8130337031e-03 -1.4559186775e-02
9.3120000000e+00 -5.5866635251e-03 -1.5540511934e-02
9.3130000000e+00 -5.3665579634e-03 -1.6521350211e-02
9.3140000000e+00 -5.1528156023e-03 -1.7501583548e-02
9.3150000000e+00 -4.9455315962e-03 -1.8481099875e-02
9.3160000000e+00 -4.7447981189e-03 -1.9459792718e-02
9.3170000000e+00 -4.5507048007e-03 -2.0437560774e-02
9.3180000000e+00 -4.3633391478e-03 -2.1414307390e-02
9.3190000000e+00 -4.1827869320e-03 -2.2389939957e-02
9.3200000000e+00 -4.0091325628e-03 -2.3364369264e-02
9.3210000000e+00 -3.8424594294e-03 -2.4337508779e-02
9.3220000000e+00 -3.6828502180e-03 -2.5309273874e-02
9.3230000000e+00 -3.5303871903e-03 -2.6279581014e-02
9.3240000000e+00 -3.3851524460e-03 -2.7248346897e-02
9.3250000000e+00 -3.2472281461e-03 -2.8215487570e-02
9.3260000000e+00 -3.1166967074e-03 -2.9180917524e-02
9.3270000000e+00 -2.9936409690e-03 -3.0144548765e-02
9.3280000000e+00 -2.8781443203e-03 -3.1106289901e-02
9.3290000000e+00 -2.7702908177e-03 -3.2066045208e-02
9.3300000000e+00 -2.6701652472e-03 -3.3023713733e-02
9.3310000000e+00 -2.5778531706e-03 -3.3979188395e-02
9.3320000000e+00 -2.4934409415e-03 -3.4932355133e-02
9.3330000000e+00 -2.4170156834e-03 -3.5883092082e-02
9.3340000000e+00 -2.3486652431e-03 -3.6831268788e-02
9.3350000000e+00 -2.2884781016e-03 -3.7776745483e-02
9.3360000000e+00 -2.2365432608e-03 -3.8719372415e-02
9.3370000000e+00 -2.1929500926e-03 -3.9658989225e-02
9.3380000000e+00 -2.1577881472e-03 -4.0595424409e-02
9.3390000000e+00 -2.1311469225e-03 -4.1528494843e-02
9.3400000000e+00 -2.1131156056e-03 -4.2458005379e-02
9.3410000000e+00 -2.1037827574e-03 -4.3383748524e-02
9.3420000000e+00 -2.1032359640e-03 -4.4305504203e-02
9.3430000000e+00 -2.1115614458e-03 -4.5223039595e-02
9.3440000000e+00 -2.1288436147e-03 -4.6136109057e-02
9.3450000000e+00 -2.1551645993e-03 -4.7044454146e-02
9.3460000000e+00 -2.1906037122e-03 -4.7947803714e-02
9.3470000000e+00 -2.2352368871e-03 -4.8845874088e-02
9.3480000000e+00 -2.2891360693e-03 -4.9738369361e-02
9.3490000000e+00 -2.3523685689e-03 -5.0624981745e-02
9.3500000000e+00 -2.4249963752e-03 -5.1505392020e-02
9.3510000000e+00 -2.5070754483e-03 -5.2379270082e-02
9.3520000000e+00 -2.5986549809e-03 -5.3246275553e-02
9.3530000000e+00 -2.6997766340e-03 -5.4106058489e-02
9.3540000000e+00 -2.8104737721e-03 -5.4958260165e-02
9.3550000000e+00 -2.9307706777e-03 -5.5802513934e-02
9.3560000000e+00 -3.0606817839e-03 -5.6638446157e-02
9.3570000000e+00 -3.2002109032e-03 -5.7465677205e-02
9.3580000000e+00 -3.3493504811e-03 -5.8283822527e-02
9.3590000000e+00 -3.5080808846e-03 -5.9092493759e-02
9.3600000000e+00 -3.6763697178e-03 -5.9891299901e-02
9.3610000000e+00 -3.8541711945e-03 -6.0679848525e-02
9.3620000000e+00 -4.0414255586e-03 -6.1457747015e-02
9.3630000000e+00 -4.2380585776e-03 -6.2224603842e-02
9.3640000000e+00 -4.4439811021e-03 -6.2980029840e-02
9.3650000000e+00 -4.6590887077e-03 -6.3723639491e-02
9.3660000000e+00 -4.8832614218e-03 -6.4455052211e-02
9.3670000000e+00 -5.1163635409e-03 -6.5173893605e-02
9.3680000000e+00 -5.3582435430e-03 -6.5879796709e-02
9.3690000000e+00 -5.6087340899e-03 -6.6572403179e-02
9.3700000000e+00 -5.8676521354e-03 -6.7251364440e-02
9.3710000000e+00 -6.1347991209e-03 -6.7916342772e-02
9.3720000000e+00 -6.4099612657e-03 -6.8567012332e-02
9.3730000000e+00 -6.6929099510e-03 -6.9203060099e-02
9.3740000000e+00 -6.9834021792e-03 -6.9824186727e-02
9.3750000000e+00 -7.2811811208e-03 -7.0430107330e-02
9.3760000000e+00 -7.5859767238e-03 -7.1020552150e-02
9.3770000000e+00 -7.8975063833e-03 -7.1595267148e-02
9.3780000000e+00 -8.2154756747e-03 -7.2154014490e-02
9.3790000000e+00 -8.5395791188e-03 -7.2696572938e-02
9.3800000000e+00 -8.8695009812e-03 -7.3222738144e-02
9.3810000000e+00 -9.2049161058e-03 -7.3732322856e-02
9.3820000000e+00 -9.5454907506e-03 -7.4225157039e-02
9.3830000000e+00 -9.8908834375e-03 -7.4701087901e-02
9.3840000000e+00 -1.0240745800e-02 -7.5159979865e-02
9.3850000000e+00 -1.0594723417e-02 -7.5601714457e-02
9.3860000000e+00 -1.0952456644e-02 -7.6026190139e-02
9.3870000000e+00 -1.1313581407e-02 -7.6433322090e-02
9.3880000000e+00 -1.1677729995e-02 -7.6823041951e-02
9.3890000000e+00 -1.2044531809e-02 -7.7195297522e-02
9.3900000000e+00 -1.2413614096e-02 -7.7550052439e-02
9.3910000000e+00 -1.2784602658e-02 -7.7887285837e-02
9.3920000000e+00 -1.3157122522e-02 -7.8206991981e-02
9.3930000000e+00 -1.3530798611e-02 -7.8509179909e-02
9.3940000000e+00 -1.3905256370e-02 -7.8793873059e-02
9.3950000000e+00 -1.4280122393e-02 -7.9061108901e-02
9.3960000000e+00 -1.4655025024e-02 -7.9310938570e-02
9.3970000000e+00 -1.5029594963e-02 -7.9543426503e-02
9.3980000000e+00 -1.5403465853e-02 -7.9758650088e-02
9.3990000000e+00 -1.5776274870e-02 -7.9956699307e-02
9.4000000000e+00 -1.6147663325e-02 -8.0137676393e-02
9.4010000000e+00 -1.6517277251e-02 -8.0301695478e-02
9.4020000000e+00 -1.6884768018e-02 -8.0448882255e-02
9.4030000000e+00 -1.7249792942e-02 -8.0579373621e-02
9.4040000000e+00 -1.7612015910e-02 -8.0693317330e-02
9.4050000000e+00 -1.7971108019e-02 -8.0790871624e-02
9.4060000000e+00 -1.8326748218e-02 -8.0872204855e-02
9.4070000000e+00 -1.8678623958e-02 -8.0937495100e-02
9.4080000000e+00 -1.9026431856e-02 -8.0986929746e-02
9.4090000000e+00 -1.9369878346e-02 -8.1020705061e-02
9.4100000000e+00 -1.9708680334e-02 -8.1039025739e-02
9.4110000000e+00 -2.0042565851e-02 -8.1042104427e-02
9.4120000000e+00 -2.0371274683e-02 -8.1030161223e-02
9.4130000000e+00 -2.0694558991e-02 -8.1003423159e-02
9.4140000000e+00 -2.1012183900e-02 -8.0962123650e-02
9.4150000000e+00 -2.1323928056e-02 -8.0906501937e-02
9.4160000000e+00 -2.1629584149e-02 -8.0836802494e-02
9.4170000000e+00 -2.1928959380e-02 -8.0753274433e-02
9.4180000000e+00 -2.2221875894e-02 -8.0656170897e-02
9.4190000000e+00 -2.2508171133e-02 -8.0545748434e-02
9.4200000000e+00 -2.2787698145e-02 -8.0422266374e-02
9.4210000000e+00 -2.3060325805e-02 -8.0285986215e-02
9.4220000000e+00 -2.3325938992e-02 -8.0137171002e-02
9.4230000000e+00 -2.3584438654e-02 -7.9976084727e-02
9.4240000000e+00 -2.3835741822e-02 -7.9802991730e-02
9.4250000000e+00 -2.4079781525e-02 -7.9618156133e-02
9.4260000000e+00 -2.4316506638e-02 -7.9421841296e-02
9.4270000000e+00 -2.4545881641e-02 -7.9214309293e-02
9.4280000000e+00 -2.4767886298e-02 -7.8995820421e-02
9.4290000000e+00 -2.4982515262e-02 -7.8766632735e-02
9.4300000000e+00 -2.5189777606e-02 -7.8527001634e-02
9.4310000000e+00 -2.5389696288e-02 -7.8277179461e-02
9.4320000000e+00 -2.5582307539e-02 -7.8017415146e-02
9.4330000000e+00 -2.5767660212e-02 -7.7747953881e-02
9.4340000000e+00 -2.5945815064e-02 -7.7469036840e-02
9.4350000000e+00 -2.6116843996e-02 -7.7180900908e-02
9.4360000000e+00 -2.6280829262e-02 -7.6883778453e-02
9.4370000000e+00 -2.6437862634e-02 -7.6577897126e-02
9.4380000000e+00 -2.6588044561e-02 -7.6263479682e-02
9.4390000000e+00 -2.6731483295e-02 -7.5940743814e-02
9.4400000000e+00 -2.6868294015e-02 -7.5609902008e-02
9.4410000000e+00 -2.6998597951e-02 -7.5271161421e-02
9.4420000000e+00 -2.7122521511e-02 -7.4924723763e-02
9.4430000000e+00 -2.7240195409e-02 -7.4570785174e-02
9.4440000000e+00 -2.7351753819e-02 -7.4209536126e-02
9.4450000000e+00 -2.7457333544e-02 -7.3841161321e-02
9.4460000000e+00 -2.7557073203e-02 -7.3465839580e-02
9.4470000000e+00 -2.7651112451e-02 -7.3083743740e-02
9.4480000000e+00 -2.7739591224e-02 -7.2695040549e-02
9.4490000000e+00 -2.7822649020e-02 -7.2299890552e-02
9.4500000000e+00 -2.7900424205e-02 -7.1898447978e-02
9.4510000000e+00 -2.7973053356e-02 -7.1490860623e-02
9.4520000000e+00 -2.8040670639e-02 -7.1077269731e-02
9.4530000000e+00 -2.8103407217e-02 -7.0657809870e-02
9.4540000000e+00 -2.8161390692e-02 -7.0232608818e-02
9.4550000000e+00 -2.8214744583e-02 -6.9801787444e-02
9.4560000000e+00 -2.8263587831e-02 -6.9365459599e-02
9.4570000000e+00 -2.8308034333e-02 -6.8923732005e-02
9.4580000000e+00 -2.8348192514e-02 -6.8476704166e-02
9.4590000000e+00 -2.8384164917e-02 -6.8024468295e-02
9.4600000000e+00 -2.8416047826e-02 -6.7567109238e-02
9.4610000000e+00 -2.8443930916e-02 -6.7104704433e-02
9.4620000000e+00 -2.8467896922e-02 -6.6637323893e-02
9.4630000000e+00 -2.8488021343e-02 -6.6165030198e-02
9.4640000000e+00 -2.8504372158e-02 -6.5687878528e-02
9.4650000000e+00 -2.8517009574e-02 -6.5205916710e-02
9.4660000000e+00 -2.8525985804e-02 -6.4719185309e-02
9.4670000000e+00 -2.8531344850e-02 -6.4227717737e-02
9.4680000000e+00 -2.8533122331e-02 -6.3731540392e-02
9.4690000000e+00 -2.8531345329e-02 -6.3230672836e-02
9.4700000000e+00 -2.8526032257e-02 -6.2725127988e-02
9.4710000000e+00 -2.8517192767e-02 -6.2214912352e-02
9.4720000000e+00 -2.8504827677e-02 -6.1700026266e-02
9.4730000000e+00 -2.8488928937e-02 -6.1180464171e-02
9.4740000000e+00 -2.8469479624e-02 -6.0656214896e-02
9.4750000000e+00 -2.8446453976e-02 -6.0127261966e-02
9.4760000000e+00 -2.8419817461e-02 -5.9593583906e-02
9.4770000000e+00 -2.8389526883e-02 -5.9055154557e-02
9.4780000000e+00 -2.8355530532e-02 -5.8511943403e-02
9.4790000000e+00 -2.8317768377e-02 -5.7963915876e-02
9.4800000000e+00 -2.8276172294e-02 -5.7411033666e-02
9.4810000000e+00 -2.8230666349e-02 -5.6853255023e-02
9.4820000000e+00 -2.8181167118e-02 -5.6290535037e-02
9.4830000000e+00 -2.8127584049e-02 -5.5722825906e-02
9.4840000000e+00 -2.8069819879e-02 -5.5150077185e-02
9.4850000000e+00 -2.8007771088e-02 -5.4572236014e-02
9.4860000000e+00 -2.7941328387e-02 -5.3989247327e-02
9.4870000000e+00 -2.7870377269e-02 -5.3401054035e-02
9.4880000000e+00 -2.7794798582e-02 -5.2807597197e-02
9.4890000000e+00 -2.7714469143e-02 -5.2208816166e-02
9.4900000000e+00 -2.7629262393e-02 -5.1604648711e-02
9.4910000000e+00 -2.7539049091e-02 -5.0995031147e-02
9.4920000000e+00 -2.7443698022e-02 -5.0379898426e-02
9.4930000000e+00 -2.7343076751e-02 -4.9759184235e-02
9.4940000000e+00 -2.7237052398e-02 -4.9132821093e-02
9.4950000000e+00 -2.7125492441e-02 -4.8500740430e-02
9.4960000000e+00 -2.7008265529e-02 -4.7862872684e-02
9.4970000000e+00 -2.6885242331e-02 -4.7219147400e-02
9.4980000000e+00 -2.6756296390e-02 -4.6569493338e-02
9.4990000000e+00 -2.6621304995e-02 -4.5913838592e-02
9.5000000000e+00 -2.6480150059e-02 -4.5252110731e-02
9.5010000000e+00 -2.6332719015e-02 -4.4584236959e-02
9.5020000000e+00 -2.6178905695e-02 -4.3910144287e-02
9.5030000000e+00 -2.6018611233e-02 -4.3229759739e-02
9.5040000000e+00 -2.5851744946e-02 -4.2543010581e-02
9.5050000000e+00 -2.5678225208e-02 -4.1849824567e-02
9.5060000000e+00 -2.5497980312e-02 -4.1150130217e-02
9.5070000000e+00 -2.5310949312e-02 -4.0443857118e-02
9.5080000000e+00 -2.5117082834e-02 -3.9730936249e-02
9.5090000000e+00 -2.4916343858e-02 -3.9011300327e-02
9.5100000000e+00 -2.4708708457e-02 -3.8284884173e-02
9.5110000000e+00 -2.4494166496e-02 -3.7551625104e-02
9.5120000000e+00 -2.4272722271e-02 -3.6811463329e-02
9.5130000000e+00 -2.4044395094e-02 -3.6064342371e-02
9.5140000000e+00 -2.3809219815e-02 -3.5310209489e-02
9.5150000000e+00 -2.3567247264e-02 -3.4549016115e-02
9.5160000000e+00 -2.3318544622e-02 -3.3780718292e-02
9.5170000000e+00 -2.3063195708e-02 -3.3005277106e-02
9.5180000000e+00 -2.2801301185e-02 -3.2222659127e-02
9.5190000000e+00 -2.2532978665e-02 -3.1432836838e-02
9.5200000000e+00 -2.2258362740e-02 -3.0635789055e-02
9.5210000000e+00 -2.1977604896e-02 -2.9831501333e-02
9.5220000000e+00 -2.1690873358e-02 -2.9019966360e-02
9.5230000000e+00 -2.1398352821e-02 -2.8201184329e-02
9.5240000000e+00 -2.1100244096e-02 -2.7375163292e-02
9.5250000000e+00 -2.0796763670e-02 -2.6541919486e-02
9.5260000000e+00 -2.0488143166e-02 -2.5701477631e-02
9.5270000000e+00 -2.0174628733e-02 -2.4853871214e-02
9.5280000000e+00 -1.9856480347e-02 -2.3999142726e-02
9.5290000000e+00 -1.9533971046e-02 -2.3137343880e-02
9.5300000000e+00 -1.9207386084e-02 -2.2268535785e-02
9.5310000000e+00 -1.8877022041e-02 -2.1392789102e-02
9.5320000000e+00 -1.8543185856e-02 -2.0510184148e-02
9.5330000000e+00 -1.8206193830e-02 -1.9620810976e-02
9.5340000000e+00 -1.7866370575e-02 -1.8724769415e-02
9.5350000000e+00 -1.7524047930e-02 -1.7822169077e-02
9.5360000000e+00 -1.7179563850e-02 -1.6913129314e-02
9.5370000000e+00 -1.6833261277e-02 -1.5997779152e-02
9.5380000000e+00 -1.6485486989e-02 -1.5076257176e-02
9.5390000000e+00 -1.6136590449e-02 -1.4148711374e-02
9.5400000000e+00 -1.5786922653e-02 -1.3215298942e-02
9.5410000000e+00 -1.5436834984e-02 -1.2276186050e-02
9.5420000000e+00 -1.5086678081e-02 -1.1331547554e-02
9.5430000000e+00 -1.4736800729e-02 -1.0381566676e-02
9.5440000000e+00 -1.4387548783e-02 -9.4264346277e-03
9.5450000000e+00 -1.4039264116e-02 -8.4663501891e-03
9.5460000000e+00 -1.3692283620e-02 -7.5015192449e-03
9.5470000000e+00 -1.3346938255e-02 -6.5321542732e-03
9.5480000000e+00 -1.3003552145e-02 -5.5584737787e-03
9.5490000000e+00 -1.2662441744e-02 -4.5807016881e-03
9.5500000000e+00 -1.2323915067e-02 -3.5990666998e-03
9.5510000000e+00 -1.1988270990e-02 -2.6138015879e-03
9.5520000000e+00 -1.1655798630e-02 -1.6251424648e-03
9.5530000000e+00 -1.1326776811e-02 -6.3332801488e-04
9.5540000000e+00 -1.1001473600e-02 3.6140130884e-04
9.5550000000e+00 -1.0680145951e-02 1.3588041146e-03
9.5560000000e+00 -1.0363039418e-02 2.3586389150e-03
9.5570000000e+00 -1.0050387968e-02 3.3606649884e-03
9.5580000000e+00 -9.7424138858e-03 4.3646432446e-03
9.5590000000e+00 -9.4393277547e-03 5.3703370825e-03
9.5600000000e+00 -9.1413285341e-03 6.3775132367e-03
9.5610000000e+00 -8.8486037126e-03 7.3859426032e-03
9.5620000000e+00 -8.5613295428e-03 8.3954010259e-03
9.5630000000e+00 -8.2796713450e-03 9.4056700490e-03
9.5640000000e+00 -8.0037838779e-03 1.0416537615e-02
9.5650000000e+00 -7.7338117693e-03 1.1427798693e-02
9.5660000000e+00 -7.4698900010e-03 1.2439255841e-02
9.5670000000e+00 -7.2121444341e-03 1.3450719695e-02
9.5680000000e+00 -6.9606923705e-03 1.4462009355e-02
9.5690000000e+00 -6.7156431468e-03 1.5472952689e-02
9.5700000000e+00 -6.4770987434e-03 1.6483386529e-02
9.5710000000e+00 -6.2451544040e-03 1.7493156763e-02
9.5720000000e+00 -6.0198992636e-03 1.8502118320e-02
9.5730000000e+00 -5.8014169655e-03 1.9510135040e-02
9.5740000000e+00 -5.5897862748e-03 2.0517079438e-02
9.5750000000e+00 -5.3850816714e-03 2.1522832354e-02
9.5760000000e+00 -5.1873739171e-03 2.2527282496e-02
9.5770000000e+00 -4.9967306052e-03 2.3530325881e-02
9.5780000000e+00 -4.8132166703e-03 2.4531865179e-02
9.5790000000e+00 -4.6368948690e-03 2.5531808963e-02
9.5800000000e+00 -4.4678262263e-03 2.6530070882e-02
9.5810000000e+00 -4.3060704452e-03 2.7526568756e-02
9.5820000000e+00 -4.1516862773e-03 2.8521223611e-02
9.5830000000e+00 -4.0047318605e-03 2.9513958661e-02
9.5840000000e+00 -3.8652650211e-03 3.0504698251e-02
9.5850000000e+00 -3.7333435420e-03 3.1493366768e-02
9.5860000000e+00 -3.6090253983e-03 3.2479887542e-02
9.5870000000e+00 -3.4923689624e-03 3.3464181733e-02
9.5880000000e+00 -3.3834331876e-03 3.4446167233e-02
9.5890000000e+00 -3.2822777575e-03 3.5425757580e-02
9.5900000000e+00 -3.1889632144e-03 3.6402860903e-02
9.5910000000e+00 -3.1035510681e-03 3.7377378902e-02
9.5920000000e+00 -3.0261038783e-03 3.8349205876e-02
9.5930000000e+00 -2.9566853158e-03 3.9318227806e-02
9.5940000000e+00 -2.8953602019e-03 4.0284321498e-02
9.5950000000e+00 -2.8421945248e-03 4.1247353790e-02
9.5960000000e+00 -2.7972554317e-03 4.2207180836e-02
9.5970000000e+00 -2.7606111896e-03 4.3163647463e-02
9.5980000000e+00 -2.7323311166e-03 4.4116586604e-02
9.5990000000e+00 -2.7124854867e-03 4.5065818821e-02
9.6000000000e+00 -2.7011453861e-03 4.6011151899e-02
9.6010000000e+00 -2.6983825343e-03 4.6952380535e-02
9.6020000000e+00 -2.7042690600e-03 4.7889286106e-02
9.6030000000e+00 -2.7188772274e-03 4.8821636520e-02
9.6040000000e+00 -2.7422791079e-03 4.9749186159e-02
9.6050000000e+00 -2.7745461983e-03 5.0671675904e-02
9.6060000000e+00 -2.8157489822e-03 5.1588833241e-02
9.6070000000e+00 -2.8659564294e-03 5.2500372459e-02
9.6080000000e+00 -2.9252354382e-03 5.3405994928e-02
9.6090000000e+00 -2.9936502136e-03 5.4305389463e-02
9.6100000000e+00 -3.0712615968e-03 5.5198232769e-02
9.6110000000e+00 -3.1581263312e-03 5.6084189980e-02
9.6120000000e+00 -3.2542962823e-03 5.6962915270e-02
9.6130000000e+00 -3.3598176170e-03 5.7834052554e-02
9.6140000000e+00 -3.4747299392e-03 5.8697236266e-02
9.6150000000e+00 -3.5990654021e-03 5.9552092228e-02
9.6160000000e+00 -3.7328478004e-03 6.0398238582e-02
9.6170000000e+00 -3.8760916550e-03 6.1235286810e-02
9.6180000000e+00 -4.0288012993e-03 6.2062842815e-02
9.6190000000e+00 -4.1909699831e-03 6.2880508078e-02
9.6200000000e+00 -4.3625790063e-03 6.3687880866e-02
9.6210000000e+00 -4.5435968941e-03 6.4484557503e-02
9.6220000000e+00 -4.7339786213e-03 6.5270133677e-02
9.6230000000e+00 -4.9336649105e-03 6.6044205785e-02
9.6240000000e+00 -5.1425816078e-03 6.6806372310e-02
9.6250000000e+00 -5.3606391402e-03 6.7556235197e-02
9.6260000000e+00 -5.5877320784e-03 6.8293401240e-02
9.6270000000e+00 -5.8237388028e-03 6.9017483452e-02
9.6280000000e+00 -6.0685212798e-03 6.9728102413e-02
9.6290000000e+00 -6.3219249536e-03 7.0424887571e-02
9.6300000000e+00 -6.5837787546e-03 7.1107478499e-02
9.6310000000e+00 -6.8538952255e-03 7.1775526081e-02
9.6320000000e+00 -7.1320707589e-03 7.2428693623e-02
9.6330000000e+00 -7.4180859420e-03 7.3066657878e-02
9.6340000000e+00 -7.7117060046e-03 7.3689109967e-02
9.6350000000e+00 -8.0126813609e-03 7.4295756201e-02
9.6360000000e+00 -8.3207482287e-03 7.4886318796e-02
9.6370000000e+00 -8.6356293255e-03 7.5460536464e-02
9.6380000000e+00 -8.9570346195e-03 7.6018164904e-02
9.6390000000e+00 -9.2846621257e-03 7.6558977164e-02
9.6400000000e+00 -9.6181987380e-03 7.7082763902e-02
9.6410000000e+00 -9.9573210783e-03 7.7589333543e-02
9.6420000000e+00 -1.0301696354e-02 7.8078512329e-02
9.6430000000e+00 -1.0650983215e-02 7.8550144283e-02
9.6440000000e+00 -1.1004832592e-02 7.9004091103e-02
9.6450000000e+00 -1.1362888524e-02 7.9440231966e-02
9.6460000000e+00 -1.1724788946e-02 7.9858463298e-02
9.6470000000e+00 -1.2090166455e-02 8.0258698479e-02
9.6480000000e+00 -1.2458649035e-02 8.0640867524e-02
9.6490000000e+00 -1.2829860750e-02 8.1004916742e-02
9.6500000000e+00 -1.3203422400e-02 8.1350808372e-02
9.6510000000e+00 -1.3578952150e-02 8.1678520228e-02
9.6520000000e+00 -1.3956066125e-02 8.1988045337e-02
9.6530000000e+00 -1.4334378984e-02 8.2279391598e-02
9.6540000000e+00 -1.4713504486e-02 8.2552581449e-02
9.6550000000e+00 -1.5093056037e-02 8.2807651552e-02
9.6560000000e+00 -1.5472647238e-02 8.3044652501e-02
9.6570000000e+00 -1.5851892443e-02 8.3263648554e-02
9.6580000000e+00 -1.6230407321e-02 8.3464717371e-02
9.6590000000e+00 -1.6607809450e-02 8.3647949780e-02
9.6600000000e+00 -1.6983718920e-02 8.3813449543e-02
9.6610000000e+00 -1.7357758976e-02 8.3961333140e-02
9.6620000000e+00 -1.7729556691e-02 8.4091729540e-02
9.6630000000e+00 -1.8098743672e-02 8.4204779973e-02
9.6640000000e+00 -1.8464956806e-02 8.4300637697e-02
9.6650000000e+00 -1.8827839036e-02 8.4379467731e-02
9.6660000000e+00 -1.9187040174e-02 8.4441446579e-02
9.6670000000e+00 -1.9542217741e-02 8.4486761914e-02
9.6680000000e+00 -1.9893037829e-02 8.4515612232e-02
9.6690000000e+00 -2.0239175990e-02 8.4528206468e-02
9.6700000000e+00 -2.0580318123e-02 8.4524763573e-02
9.6710000000e+00 -2.0916161377e-02 8.4505512037e-02
9.6720000000e+00 -2.1246415033e-02 8.4470689385e-02
9.6730000000e+00 -2.1570801381e-02 8.4420541615e-02
9.6740000000e+00 -2.1889056565e-02 8.4355322604e-02
9.6750000000e+00 -2.2200931388e-02 8.4275293471e-02
9.6760000000e+00 -2.2506192071e-02 8.4180721903e-02
9.6770000000e+00 -2.2804620960e-02 8.4071881459e-02
9.6780000000e+00 -2.3096017150e-02 8.3949050845e-02
9.6790000000e+00 -2.3380197049e-02 8.3812513169e-02
9.6800000000e+00 -2.3656994844e-02 8.3662555195e-02
9.6810000000e+00 -2.3926262878e-02 8.3499466584e-02
9.6820000000e+00 -2.4187871933e-02 8.3323539148e-02
9.6830000000e+00 -2.4441711405e-02 8.3135066113e-02
9.6840000000e+00 -2.4687689375e-02 8.2934341401e-02
9.6850000000e+00 -2.4925732571e-02 8.2721658944e-02
9.6860000000e+00 -2.5155786229e-02 8.2497312019e-02
9.6870000000e+00 -2.5377813834e-02 8.2261592634e-02
9.6880000000e+00 -2.5591796779e-02 8.2014790944e-02
9.6890000000e+00 -2.5797733902e-02 8.1757194719e-02
9.6900000000e+00 -2.5995640946e-02 8.1489088852e-02
9.6910000000e+00 -2.6185549931e-02 8.1210754920e-02
9.6920000000e+00 -2.6367508436e-02 8.0922470783e-02
9.6930000000e+00 -2.6541578827e-02 8.0624510236e-02
9.6940000000e+00 -2.6707837408e-02 8.0317142696e-02
9.6950000000e+00 -2.6866373532e-02 8.0000632926e-02
9.6960000000e+00 -2.7017288664e-02 7.9675240801e-02
9.6970000000e+00 -2.7160695410e-02 7.9341221094e-02
9.6980000000e+00 -2.7296716527e-02 7.8998823289e-02
9.6990000000e+00 -2.7425483916e-02 7.8648291413e-02
9.7000000000e+00 -2.7547137613e-02 7.8289863882e-02
9.7010000000e+00 -2.7661824774e-02 7.7923773347e-02
9.7020000000e+00 -2.7769698683e-02 7.7550246559e-02
9.7030000000e+00 -2.7870917767e-02 7.7169504213e-02
9.7040000000e+00 -2.7965644632e-02 7.6781760807e-02
9.7050000000e+00 -2.8054045137e-02 7.6387224482e-02
9.7060000000e+00 -2.8136287489e-02 7.5986096849e-02
9.7070000000e+00 -2.8212541371e-02 7.5578572823e-02
9.7080000000e+00 -2.8282977119e-02 7.5164840427e-02
9.7090000000e+00 -2.8347764920e-02 7.4745080596e-02
9.7100000000e+00 -2.8407074062e-02 7.4319466971e-02
9.7110000000e+00 -2.8461072217e-02 7.3888165686e-02
9.7120000000e+00 -2.8509924758e-02 7.3451335148e-02
9.7130000000e+00 -2.8553794124e-02 7.3009125820e-02
9.7140000000e+00 -2.8592839207e-02 7.2561680008e-02
9.7150000000e+00 -2.8627214786e-02 7.2109131652e-02
9.7160000000e+00 -2.8657070985e-02 7.1651606133e-02
9.7170000000e+00 -2.8682552765e-02 7.1189220097e-02
9.7180000000e+00 -2.8703799442e-02 7.0722081304e-02
9.7190000000e+00 -2.8720944235e-02 7.0250288494e-02
9.7200000000e+00 -2.8734113834e-02 6.9773931302e-02
9.7210000000e+00 -2.8743428002e-02 6.9293090190e-02
9.7220000000e+00 -2.8748999180e-02 6.8807836438e-02
9.7230000000e+00 -2.8750932136e-02 6.8318232160e-02
9.7240000000e+00 -2.8749323616e-02 6.7824330379e-02
9.7250000000e+00 -2.8744262023e-02 6.7326175140e-02
9.7260000000e+00 -2.8735827116e-02 6.6823801678e-02
9.7270000000e+00 -2.8724089734e-02 6.6317236626e-02
9.7280000000e+00 -2.8709111528e-02 6.5806498278e-02
9.7290000000e+00 -2.8690944736e-02 6.5291596884e-02
9.7300000000e+00 -2.8669631964e-02 6.4772534997e-02
9.7310000000e+00 -2.8645206010e-02 6.4249307847e-02
9.7320000000e+00 -2.8617689707e-02 6.3721903754e-02
9.7330000000e+00 -2.8587095804e-02 6.3190304554e-02
9.7340000000e+00 -2.8553426878e-02 6.2654486054e-02
9.7350000000e+00 -2.8516675289e-02 6.2114418495e-02
9.7360000000e+00 -2.8476823176e-02 6.1570067016e-02
9.7370000000e+00 -2.8433842490e-02 6.1021392119e-02
9.7380000000e+00 -2.8387695079e-02 6.0468350116e-02
9.7390000000e+00 -2.8338332824e-02 5.9910893569e-02
9.7400000000e+00 -2.8285697813e-02 5.9348971697e-02
9.7410000000e+00 -2.8229722576e-02 5.8782530756e-02
9.7420000000e+00 -2.8170330369e-02 5.8211514388e-02
9.7430000000e+00 -2.8107435507e-02 5.7635863933e-02
9.7440000000e+00 -2.8040943744e-02 5.7055518692e-02
9.7450000000e+00 -2.7970752714e-02 5.6470416164e-02
9.7460000000e+00 -2.7896752403e-02 5.5880492227e-02
9.7470000000e+00 -2.7818825681e-02 5.5285681295e-02
9.7480000000e+00 -2.7736848867e-02 5.4685916419e-02
9.7490000000e+00 -2.7650692342e-02 5.4081129375e-02
9.7500000000e+00 -2.7560221194e-02 5.3471250710e-02
9.7510000000e+00 -2.7465295902e-02 5.2856209765e-02
9.7520000000e+00 -2.7365773058e-02 5.2235934687e-02
9.7530000000e+00 -2.7261506112e-02 5.1610352425e-02
9.7540000000e+00 -2.7152346151e-02 5.0979388722e-02
9.7550000000e+00 -2.7038142709e-02 5.0342968108e-02
9.7560000000e+00 -2.6918744602e-02 4.9701013902e-02
9.7570000000e+00 -2.6794000786e-02 4.9053448232e-02
9.7580000000e+00 -2.6663761248e-02 4.8400192067e-02
9.7590000000e+00 -2.6527877911e-02 4.7741165282e-02
9.7600000000e+00 -2.6386205574e-02 4.7076286748e-02
9.7610000000e+00 -2.6238602860e-02 4.6405474456e-02
9.7620000000e+00 -2.6084933198e-02 4.5728645674e-02
9.7630000000e+00 -2.5925065809e-02 4.5045717146e-02
9.7640000000e+00 -2.5758876714e-02 4.4356605322e-02
9.7650000000e+00 -2.5586249748e-02 4.3661226632e-02
9.7660000000e+00 -2.5407077580e-02 4.2959497792e-02
9.7670000000e+00 -2.5221262735e-02 4.2251336146e-02
9.7680000000e+00 -2.5028718595e-02 4.1536660041e-02
9.7690000000e+00 -2.4829370403e-02 4.0815389230e-02
9.7700000000e+00 -2.4623156226e-02 4.0087445305e-02
9.7710000000e+00 -2.4410027896e-02 3.9352752142e-02
9.7720000000e+00 -2.4189951898e-02 3.8611236376e-02
9.7730000000e+00 -2.3962910217e-02 3.7862827881e-02
9.7740000000e+00 -2.3728901109e-02 3.7107460260e-02
9.7750000000e+00 -2.3487939813e-02 3.6345071346e-02
9.7760000000e+00 -2.3240059175e-02 3.5575603686e-02
9.7770000000e+00 -2.2985310180e-02 3.4799005045e-02
9.7780000000e+00 -2.2723762396e-02 3.4015228876e-02
9.7790000000e+00 -2.2455504307e-02 3.3224234799e-02
9.7800000000e+00 -2.2180643539e-02 3.2425989047e-02
9.7810000000e+00 -2.1899306979e-02 3.1620464906e-02
9.7820000000e+00 -2.1611640771e-02 3.0807643127e-02
9.7830000000e+00 -2.1317810201e-02 2.9987512310e-02
9.7840000000e+00 -2.1017999469e-02 2.9160069271e-02
9.7850000000e+00 -2.0712411344e-02 2.8325319376e-02
9.7860000000e+00 -2.0401266704e-02 2.7483276850e-02
9.7870000000e+00 -2.0084803982e-02 2.6633965049e-02
9.7880000000e+00 -1.9763278501e-02 2.5777416718e-02
9.7890000000e+00 -1.9436961716e-02 2.4913674206e-02
9.7900000000e+00 -1.9106140369e-02 2.4042789664e-02
9.7910000000e+00 -1.8771115565e-02 2.3164825209e-02
9.7920000000e+00 -1.8432201770e-02 2.2279853068e-02
9.7930000000e+00 -1.8089725744e-02 2.1387955691e-02
9.7940000000e+00 -1.7744025420e-02 2.0489225848e-02
9.7950000000e+00 -1.7395448730e-02 1.9583766694e-02
9.7960000000e+00 -1.7044352385e-02 1.8671691818e-02
9.7970000000e+00 -1.6691100626e-02 1.7753125264e-02
9.7980000000e+00 -1.6336063946e-02 1.6828201526e-02
9.7990000000e+00 -1.5979617785e-02 1.5897065524e-02
9.8000000000e+00 -1.5622141220e-02 1.4959872546e-02
9.8010000000e+00 -1.5264015646e-02 1.4016788157e-02
9.8020000000e+00 -1.4905623454e-02 1.3067988078e-02
9.8030000000e+00 -1.4547346720e-02 1.2113658024e-02
9.8040000000e+00 -1.4189565915e-02 1.1153993496e-02
9.8050000000e+00 -1.3832658624e-02 1.0189199526e-02
9.8060000000e+00 -1.3476998307e-02 9.2194903732e-03
9.8070000000e+00 -1.3122953099e-02 8.2450891528e-03
9.8080000000e+00 -1.2770884640e-02 7.2662274106e-03
9.8090000000e+00 -1.2421146984e-02 6.2831446265e-03
9.8100000000e+00 -1.2074085545e-02 5.2960876513e-03
9.8110000000e+00 -1.1730036132e-02 4.3053100698e-03
9.8120000000e+00 -1.1389324051e-02 3.3110714942e-03
9.8130000000e+00 -1.1052263290e-02 2.3136367861e-03
9.8140000000e+00 -1.0719155808e-02 1.3132752061e-03
9.8150000000e+00 -1.0390290904e-02 3.1025950151e-04
9.8160000000e+00 -1.0065944701e-02 -6.9513506702e-04
9.8170000000e+00 -9.7463797307e-03 -1.7026317521e-03
9.8180000000e+00 -9.4318446247e-03 -2.7119533914e-03
9.8190000000e+00 -9.1225739226e-03 -3.7228235111e-03
9.8200000000e+00 -8.8187879854e-03 -4.7349674538e-03
9.8210000000e+00 -8.5206930194e-03 -5.7481135156e-03
9.8220000000e+00 -8.2284812078e-03 -6.7619940775e-03
9.8230000000e+00 -7.9423309438e-03 -7.7763467192e-03
9.8240000000e+00 -7.6624071611e-03 -8.7909152987e-03
9.8250000000e+00 -7.3888617535e-03 -9.8054509816e-03
9.8260000000e+00 -7.1218340794e-03 -1.0819713206e-02
9.8270000000e+00 -6.8614515351e-03 -1.1833470570e-02
9.8280000000e+00 -6.6078301944e-03 -1.2846501623e-02
9.8290000000e+00 -6.3610754980e-03 -1.3858595554e-02
9.8300000000e+00 -6.1212829851e-03 -1.4869552763e-02
9.8310000000e+00 -5.8885390546e-03 -1.5879185301e-02
9.8320000000e+00 -5.6629217426e-03 -1.6887317184e-02
9.8330000000e+00 -5.4445015089e-03 -1.7893784558e-02
9.8340000000e+00 -5.2333420178e-03 -1.8898435726e-02
9.8350000000e+00 -5.0295009058e-03 -1.9901131025e-02
9.8360000000e+00 -4.8330305252e-03 -2.0901742564e-02
9.8370000000e+00 -4.6439786580e-03 -2.1900153820e-02
9.8380000000e+00 -4.4623891908e-03 -2.2896259097e-02
9.8390000000e+00 -4.2883027470e-03 -2.3889962858e-02
9.8400000000e+00 -4.1217572720e-03 -2.4881178948e-02
9.8410000000e+00 -3.9627885688e-03 -2.5869829693e-02
9.8420000000e+00 -3.8114307850e-03 -2.6855844920e-02
9.8430000000e+00 -3.6677168478e-03 -2.7839160893e-02
9.8440000000e+00 -3.5316788537e-03 -2.8819719170e-02
9.8450000000e+00 -3.4033484126e-03 -2.9797465427e-02
9.8460000000e+00 -3.2827569515e-03 -3.0772348226e-02
9.8470000000e+00 -3.1699359826e-03 -3.1744317770e-02
9.8480000000e+00 -3.0649173404e-03 -3.2713324643e-02
9.8490000000e+00 -2.9677333935e-03 -3.3679318556e-02
9.8500000000e+00 -2.8784172362e-03 -3.4642247101e-02
9.8510000000e+00 -2.7970028641e-03 -3.5602054537e-02
9.8520000000e+00 -2.7235253371e-03 -3.6558680608e-02
9.8530000000e+00 -2.6580209356e-03 -3.7512059406e-02
9.8540000000e+00 -2.6005273074e-03 -3.8462118279e-02
9.8550000000e+00 -2.5510836089e-03 -3.9408776802e-02
9.8560000000e+00 -2.5097306380e-03 -4.0351945806e-02
9.8570000000e+00 -2.4765109583e-03 -4.1291526470e-02
9.8580000000e+00 -2.4514690086e-03 -4.2227409482e-02
9.8590000000e+00 -2.4346511931e-03 -4.3159474268e-02
9.8600000000e+00 -2.4261059474e-03 -4.4087588293e-02
9.8610000000e+00 -2.4258837718e-03 -4.5011606438e-02
9.8620000000e+00 -2.4340372249e-03 -4.5931370443e-02
9.8630000000e+00 -2.4506208680e-03 -4.6846708431e-02
9.8640000000e+00 -2.4756911538e-03 -4.7757434510e-02
9.8650000000e+00 -2.5093062500e-03 -4.8663348443e-02
9.8660000000e+00 -2.5515257910e-03 -4.9564235412e-02
9.8670000000e+00 -2.6024105506e-03 -5.0459865860e-02
9.8680000000e+00 -2.6620220306e-03 -5.1349995412e-02
9.8690000000e+00 -2.7304219629e-03 -5.2234364899e-02
9.8700000000e+00 -2.8076717197e-03 -5.3112700468e-02
9.8710000000e+00 -2.8938316347e-03 -5.3984713792e-02
9.8720000000e+00 -2.9889602366e-03 -5.4850102379e-02
9.8730000000e+00 -3.0931133972e-03 -5.5708549995e-02
9.8740000000e+00 -3.2063434027e-03 -5.6559727188e-02
9.8750000000e+00 -3.3286979554e-03 -5.7403291931e-02
9.8760000000e+00 -3.4602191167e-03 -5.8238890374e-02
9.8770000000e+00 -3.6009422038e-03 -5.9066157716e-02
9.8780000000e+00 -3.7508946556e-03 -5.9884719189e-02
9.8790000000e+00 -3.9100948813e-03 -6.0694191154e-02
9.8800000000e+00 -4.0785511119e-03 -6.1494182305e-02
9.8810000000e+00 -4.2562602697e-03 -6.2284294978e-02
9.8820000000e+00 -4.4432068756e-03 -6.3064126541e-02
9.8830000000e+00 -4.6393620123e-03 -6.3833270884e-02
9.8840000000e+00 -4.8446823608e-03 -6.4591319963e-02
9.8850000000e+00 -5.0591093270e-03 -6.5337865404e-02
9.8860000000e+00 -5.2825682749e-03 -6.6072500150e-02
9.8870000000e+00 -5.5149678774e-03 -6.6794820116e-02
9.8880000000e+00 -5.7561996004e-03 -6.7504425856e-02
9.8890000000e+00 -6.0061373243e-03 -6.8200924208e-02
9.8900000000e+00 -6.2646371111e-03 -6.8883929889e-02
9.8910000000e+00 -6.5315371211e-03 -6.9553067048e-02
9.8920000000e+00 -6.8066576766e-03 -7.0207970725e-02
9.8930000000e+00 -7.0898014703e-03 -7.0848288218e-02
9.8940000000e+00 -7.3807539129e-03 -7.1473680342e-02
9.8950000000e+00 -7.6792836095e-03 -7.2083822553e-02
9.8960000000e+00 -7.9851429530e-03 -7.2678405941e-02
9.8970000000e+00 -8.2980688225e-03 -7.3257138071e-02
9.8980000000e+00 -8.6177833688e-03 -7.3819743681e-02
9.8990000000e+00 -8.9439948725e-03 -7.4365965221e-02
9.9000000000e+00 -9.2763986557e-03 -7.4895563248e-02
9.9010000000e+00 -9.6146780325e-03 -7.5408316672e-02
9.9020000000e+00 -9.9585052786e-03 -7.5904022873e-02
9.9030000000e+00 -1.0307542607e-02 -7.6382497688e-02
9.9040000000e+00 -1.0661443133e-02 -7.6843575293e-02
9.9050000000e+00 -1.1019851821e-02 -7.7287107984e-02
9.9060000000e+00 -1.1382406398e-02 -7.7712965891e-02
9.9070000000e+00 -1.1748738226e-02 -7.8121036621e-02
9.9080000000e+00 -1.2118473137e-02 -7.8511224863e-02
9.9090000000e+00 -1.2491232211e-02 -7.8883451972e-02
9.9100000000e+00 -1.2866632521e-02 -7.9237655535e-02
9.9110000000e+00 -1.3244287823e-02 -7.9573788949e-02
9.9120000000e+00 -1.3623809208e-02 -7.9891821011e-02
9.9130000000e+00 -1.4004805726e-02 -8.0191735536e-02
9.9140000000e+00 -1.4386884970e-02 -8.0473531013e-02
9.9150000000e+00 -1.4769653658e-02 -8.0737220290e-02
9.9160000000e+00 -1.5152718189e-02 -8.0982830312e-02
9.9170000000e+00 -1.5535685202e-02 -8.1210401887e-02
9.9180000000e+00 -1.5918162149e-02 -8.1419989496e-02
9.9190000000e+00 -1.6299757870e-02 -8.1611661135e-02
9.9200000000e+00 -1.6680083200e-02 -8.1785498175e-02
9.9210000000e+00 -1.7058751595e-02 -8.1941595248e-02
9.9220000000e+00 -1.7435379797e-02 -8.2080060132e-02
9.9230000000e+00 -1.7809588533e-02 -8.2201013637e-02
9.9240000000e+00 -1.8181003244e-02 -8.2304589480e-02
9.9250000000e+00 -1.8549254863e-02 -8.2390934135e-02
9.9260000000e+00 -1.8913980620e-02 -8.2460206649e-02
9.9270000000e+00 -1.9274824886e-02 -8.2512578422e-02
9.9280000000e+00 -1.9631440041e-02 -8.2548232935e-02
9.9290000000e+00 -1.9983487375e-02 -8.2567365424e-02
9.9300000000e+00 -2.0330637997e-02 -8.2570182497e-02
9.9310000000e+00 -2.0672573761e-02 -8.2556901684e-02
9.9320000000e+00 -2.1008988188e-02 -8.2527750931e-02
9.9330000000e+00 -2.1339587386e-02 -8.2482968022e-02
9.9340000000e+00 -2.1664090951e-02 -8.2422799950e-02
9.9350000000e+00 -2.1982232837e-02 -8.2347502219e-02
9.9360000000e+00 -2.2293762194e-02 -8.2257338112e-02
9.9370000000e+00 -2.2598444155e-02 -8.2152577895e-02
9.9380000000e+00 -2.2896060566e-02 -8.2033498002e-02
9.9390000000e+00 -2.3186410648e-02 -8.1900380187e-02
9.9400000000e+00 -2.3469311585e-02 -8.1753510658e-02
9.9410000000e+00 -2.3744599023e-02 -8.1593179209e-02
9.9420000000e+00 -2.4012127479e-02 -8.1419678359e-02
9.9430000000e+00 -2.4271770658e-02 -8.1233302504e-02
9.9440000000e+00 -2.4523421652e-02 -8.1034347099e-02
9.9450000000e+00 -2.4766993050e-02 -8.0823107875e-02
9.9460000000e+00 -2.5002416925e-02 -8.0599880105e-02
9.9470000000e+00 -2.5229644720e-02 -8.0364957915e-02
9.9480000000e+00 -2.5448647017e-02 -8.0118633664e-02
9.9490000000e+00 -2.5659413204e-02 -7.9861197376e-02
9.9500000000e+00 -2.5861951038e-02 -7.9592936248e-02
9.9510000000e+00 -2.6056286102e-02 -7.9314134214e-02
9.9520000000e+00 -2.6242461176e-02 -7.9025071582e-02
9.9530000000e+00 -2.6420535513e-02 -7.8726024733e-02
9.9540000000e+00 -2.6590584045e-02 -7.8417265870e-02
9.9550000000e+00 -2.6752696506e-02 -7.8099062831e-02
9.9560000000e+00 -2.6906976504e-02 -7.7771678940e-02
9.9570000000e+00 -2.7053540530e-02 -7.7435372904e-02
9.9580000000e+00 -2.7192516937e-02 -7.7090398733e-02
9.9590000000e+00 -2.7324044871e-02 -7.6737005690e-02
9.9600000000e+00 -2.7448273192e-02 -7.6375438250e-02
9.9610000000e+00 -2.7565359370e-02 -7.6005936069e-02
9.9620000000e+00 -2.7675468385e-02 -7.5628733948e-02
9.9630000000e+00 -2.7778771625e-02 -7.5244061789e-02
9.9640000000e+00 -2.7875445797e-02 -7.4852144539e-02
9.9650000000e+00 -2.7965671859e-02 -7.4453202115e-02
9.9660000000e+00 -2.8049633974e-02 -7.4047449294e-02
9.9670000000e+00 -2.8127518495e-02 -7.3635095596e-02
9.9680000000e+00 -2.8199512988e-02 -7.3216345119e-02
9.9690000000e+00 -2.8265805290e-02 -7.2791396354e-02
9.9700000000e+00 -2.8326582616e-02 -7.2360441975e-02
9.9710000000e+00 -2.8382030698e-02 -7.1923668592e-02
9.9720000000e+00 -2.8432332983e-02 -7.1481256486e-02
9.9730000000e+00 -2.8477669870e-02 -7.1033379324e-02
9.9740000000e+00 -2.8518217991e-02 -7.0580203852e-02
9.9750000000e+00 -2.8554149544e-02 -7.0121889582e-02
9.9760000000e+00 -2.8585631661e-02 -6.9658588468e-02
9.9770000000e+00 -2.8612825830e-02 -6.9190444588e-02
9.9780000000e+00 -2.8635887349e-02 -6.8717593824e-02
9.9790000000e+00 -2.8654964816e-02 -6.8240163566e-02
9.9800000000e+00 -2.8670199669e-02 -6.7758272422e-02
9.9810000000e+00 -2.8681725740e-02 -6.7272029970e-02
9.9820000000e+00 -2.8689668856e-02 -6.6781536526e-02
9.9830000000e+00 -2.8694146461e-02 -6.6286882964e-02
9.9840000000e+00 -2.8695267261e-02 -6.5788150573e-02
9.9850000000e+00 -2.8693130900e-02 -6.5285410959e-02
9.9860000000e+00 -2.8687827653e-02 -6.4778726009e-02
9.9870000000e+00 -2.8679438139e-02 -6.4268147894e-02
9.9880000000e+00 -2.8668033061e-02 -6.3753719146e-02
9.9890000000e+00 -2.8653672956e-02 -6.3235472773e-02
9.9900000000e+00 -2.8636407969e-02 -6.2713432443e-02
9.9910000000e+00 -2.8616277653e-02 -6.2187612711e-02
9.9920000000e+00 -2.8593310782e-02 -6.1658019300e-02
9.9930000000e+00 -2.8567525199e-02 -6.1124649424e-02
9.9940000000e+00 -2.8538927683e-02 -6.0587492152e-02
9.9950000000e+00 -2.8507513855e-02 -6.0046528800e-02
9.9960000000e+00 -2.8473268114e-02 -5.9501733351e-02
9.9970000000e+00 -2.8436163613e-02 -5.8953072887e-02
9.9980000000e+00 -2.8396162278e-02 -5.8400508035e-02
9.9990000000e+00 -2.8353214875e-02 -5.7843993408e-02
1.0000000000e+01 -2.8307261125e-02 -5.7283478043e-02
1.0001000000e+01 -2.8258229873e-02 -5.6718905820e-02
1.0002000000e+01 -2.8206039313e-02 -5.6150215866e-02
1.0003000000e+01 -2.8150597273e-02 -5.5577342925e-02
1.0004000000e+01 -2.8091801556e-02 -5.5000217705e-02
1.0005000000e+01 -2.8029540345e-02 -5.4418767184e-02
1.0006000000e+01 -2.7963692661e-02 -5.3832914891e-02
1.0007000000e+01 -2.7894128891e-02 -5.3242581138e-02
1.0008000000e+01 -2.7820711359e-02 -5.2647683233e-02
1.0009000000e+01 -2.7743294970e-02 -5.2048135649e-02
1.0010000000e+01 -2.7661727891e-02 -5.1443850171e-02
1.0011000000e+01 -2.7575852294e-02 -5.0834736022e-02
1.0012000000e+01 -2.7485505145e-02 -5.0220699963e-02
1.0013000000e+01 -2.7390519033e-02 -4.9601646392e-02
1.0014000000e+01 -2.7290723054e-02 -4.8977477427e-02
1.0015000000e+01 -2.7185943720e-02 -4.8348093001e-02
1.0016000000e+01 -2.7076005921e-02 -4.7713390959e-02
1.0017000000e+01 -2.6960733913e-02 -4.7073267172e-02
1.0018000000e+01 -2.6839952345e-02 -4.6427615669e-02
1.0019000000e+01 -2.6713487310e-02 -4.5776328800e-02
1.0020000000e+01 -2.6581167436e-02 -4.5119297423e-02
1.0021000000e+01 -2.6442824993e-02 -4.4456411131e-02
1.0022000000e+01 -2.6298297028e-02 -4.3787558507e-02
1.0023000000e+01 -2.6147426512e-02 -4.3112627427e-02
1.0024000000e+01 -2.5990063514e-02 -4.2431505391e-02
1.0025000000e+01 -2.5826066369e-02 -4.1744079898e-02
1.0026000000e+01 -2.5655302858e-02 -4.1050238851e-02
1.0027000000e+01 -2.5477651382e-02 -4.0349871000e-02
1.0028000000e+01 -2.5293002121e-02 -3.9642866412e-02
1.0029000000e+01 -2.5101258172e-02 -3.8929116971e-02
1.0030000000e+01 -2.4902336658e-02 -3.8208516892e-02
1.0031000000e+01 -2.4696169792e-02 -3.7480963263e-02
1.0032000000e+01 -2.4482705892e-02 -3.6746356590e-02
1.0033000000e+01 -2.4261910333e-02 -3.6004601359e-02
1.0034000000e+01 -2.4033766424e-02 -3.5255606590e-02
1.0035000000e+01 -2.3798276203e-02 -3.4499286400e-02
1.0036000000e+01 -2.3555461135e-02 -3.3735560552e-02
1.0037000000e+01 -2.3305362717e-02 -3.2964355000e-02
1.0038000000e+01 -2.3048042962e-02 -3.2185602413e-02
1.0039000000e+01 -2.2783584773e-02 -3.1399242684e-02
1.0040000000e+01 -2.2512092195e-02 -3.0605223421e-02
1.0041000000e+01 -2.2233690542e-02 -2.9803500409e-02
1.0042000000e+01 -2.1948526396e-02 -2.8994038053e-02
1.0043000000e+01 -2.1656767479e-02 -2.8176809783e-02
1.0044000000e+01 -2.1358602397e-02 -2.7351798439e-02
1.0045000000e+01 -2.1054240267e-02 -2.6518996625e-02
1.0046000000e+01 -2.0743910215e-02 -2.5678407028e-02
1.0047000000e+01 -2.0427860761e-02 -2.4830042707e-02
1.0048000000e+01 -2.0106359101e-02 -2.3973927361e-02
1.0049000000e+01 -1.9779690279e-02 -2.3110095552e-02
1.0050000000e+01 -1.9448156266e-02 -2.2238592914e-02
1.0051000000e+01 -1.9112074952e-02 -2.1359476326e-02
1.0052000000e+01 -1.8771779058e-02 -2.0472814061e-02
1.0053000000e+01 -1.8427614974e-02 -1.9578685904e-02
1.0054000000e+01 -1.8079941534e-02 -1.8677183259e-02
1.0055000000e+01 -1.7729128735e-02 -1.7768409209e-02
1.0056000000e+01 -1.7375556403e-02 -1.6852478572e-02
1.0057000000e+01 -1.7019612822e-02 -1.5929517913e-02
1.0058000000e+01 -1.6661693326e-02 -1.4999665540e-02
1.0059000000e+01 -1.6302198865e-02 -1.4063071464e-02
1.0060000000e+01 -1.5941534550e-02 -1.3119897321e-02
1.0061000000e+01 -1.5580108187e-02 -1.2170316267e-02
1.0062000000e+01 -1.5218328807e-02 -1.1214512819e-02
1.0063000000e+01 -1.4856605199e-02 -1.0252682655e-02
1.0064000000e+01 -1.4495344453e-02 -9.2850323600e-03
1.0065000000e+01 -1.4134950531e-02 -8.3117791116e-03
1.0066000000e+01 -1.3775822863e-02 -7.3331503052e-03
1.0067000000e+01 -1.3418354985e-02 -6.3493831078e-03
1.0068000000e+01 -1.3062933231e-02 -5.3607239398e-03
1.0069000000e+01 -1.2709935485e-02 -4.3674278807e-03
1.0070000000e+01 -1.2359730001e-02 -3.3697579959e-03
1.0071000000e+01 -1.2012674314e-02 -2.3679845842e-03
1.0072000000e+01 -1.1669114234e-02 -1.3623843466e-03
1.0073000000e+01 -1.1329382949e-02 -3.5323947874e-04
1.0074000000e+01 -1.0993800232e-02 6.5916330829e-04
1.0075000000e+01 -1.0662671768e-02 1.6745338337e-03
1.0076000000e+01 -1.0336288605e-02 2.6925795511e-03
1.0077000000e+01 -1.0014926727e-02 3.7130067003e-03
1.0078000000e+01 -9.6988467630e-03 4.7355214976e-03
1.0079000000e+01 -9.3882938186e-03 5.7598313492e-03
1.0080000000e+01 -9.0834974425e-03 6.7856460765e-03
1.0081000000e+01 -8.7846717144e-03 7.8126791363e-03
1.0082000000e+01 -8.4920154541e-03 8.8406488202e-03
1.0083000000e+01 -8.2057125433e-03 9.8692794183e-03
1.0084000000e+01 -7.9259323514e-03 1.0898302330e-02
1.0085000000e+01 -7.6528302548e-03 1.1927457105e-02
1.0086000000e+01 -7.3865482386e-03 1.2956492399e-02
1.0087000000e+01 -7.1272155677e-03 1.3985166834e-02
1.0088000000e+01 -6.8749495157e-03 1.5013249739e-02
1.0089000000e+01 -6.6298561345e-03 1.6040521769e-02
1.0090000000e+01 -6.3920310554e-03 1.7066775390e-02
1.0091000000e+01 -6.1615603048e-03 1.8091815217e-02
1.0092000000e+01 -5.9385211230e-03 1.9115458206e-02
1.0093000000e+01 -5.7229827742e-03 2.0137533683e-02
1.0094000000e+01 -5.5150073356e-03 2.1157883231e-02
1.0095000000e+01 -5.3146504568e-03 2.2176360409e-02
1.0096000000e+01 -5.1219620809e-03 2.3192830334e-02
1.0097000000e+01 -4.9369871195e-03 2.4207169107e-02
1.0098000000e+01 -4.7597660779e-03 2.5219263112e-02
1.0099000000e+01 -4.5903356262e-03 2.6229008184e-02
1.0100000000e+01 -4.4287291149e-03 2.7236308669e-02
1.0101000000e+01 -4.2749770348e-03 2.8241076384e-02
1.0102000000e+01 -4.1291074234e-03 2.9243229491e-02
1.0103000000e+01 -3.9911462204e-03 3.0242691313e-02
1.0104000000e+01 -3.8611175770e-03 3.1239389091e-02
1.0105000000e+01 -3.7390441239e-03 3.2233252720e-02
1.0106000000e+01 -3.6249472062e-03 3.3224213459e-02
1.0107000000e+01 -3.5188470895e-03 3.4212202650e-02
1.0108000000e+01 -3.4207631466e-03 3.5197150456e-02
1.0109000000e+01 -3.3307140301e-03 3.6178984623e-02
1.0110000000e+01 -3.2487178396e-03 3.7157629292e-02
1.0111000000e+01 -3.1747922874e-03 3.8133003865e-02
1.0112000000e+01 -3.1089548690e-03 3.9105021938e-02
1.0113000000e+01 -3.0512230417e-03 4.0073590301e-02
1.0114000000e+01 -3.0016144136e-03 4.1038608022e-02
1.0115000000e+01 -2.9601469437e-03 4.1999965604e-02
1.0116000000e+01 -2.9268391516e-03 4.2957544234e-02
1.0117000000e+01 -2.9017103346e-03 4.3911215111e-02
1.0118000000e+01 -2.8847807874e-03 4.4860838850e-02
1.0119000000e+01 -2.8760720165e-03 4.5806264979e-02
1.0120000000e+01 -2.8756069453e-03 4.6747331501e-02
1.0121000000e+01 -2.8834100968e-03 4.7683864538e-02
1.0122000000e+01 -2.8995077469e-03 4.8615678044e-02
1.0123000000e+01 -2.9239280371e-03 4.9542573581e-02
1.0124000000e+01 -2.9567010345e-03 5.0464340169e-02
1.0125000000e+01 -2.9978587312e-03 5.1380754192e-02
1.0126000000e+01 -3.0474349706e-03 5.2291579368e-02
1.0127000000e+01 -3.1054652932e-03 5.3196566781e-02
1.0128000000e+01 -3.1719866927e-03 5.4095454978e-02
1.0129000000e+01 -3.2470372779e-03 5.4987970130e-02
1.0130000000e+01 -3.3306558352e-03 5.5873826253e-02
1.0131000000e+01 -3.4228812893e-03 5.6752725515e-02
1.0132000000e+01 -3.5237520648e-03 5.7624358601e-02
1.0133000000e+01 -3.6333053486e-03 5.8488405173e-02
1.0134000000e+01 -3.7515762620e-03 5.9344534403e-02
1.0135000000e+01 -3.8785969480e-03 6.0192405596e-02
1.0136000000e+01 -4.0143955868e-03 6.1031668911e-02
1.0137000000e+01 -4.1589953508e-03 6.1861966167e-02
1.0138000000e+01 -4.3124133161e-03 6.2682931742e-02
1.0139000000e+01 -4.4746593453e-03 6.3494193578e-02
1.0140000000e+01 -4.6457349619e-03 6.4295374257e-02
1.0141000000e+01 -4.8256322341e-03 6.5086092182e-02
1.0142000000e+01 -5.0143326883e-03 6.5865962819e-02
1.0143000000e+01 -5.2118062713e-03 6.6634600022e-02
1.0144000000e+01 -5.4180103808e-03 6.7391617402e-02
1.0145000000e+01 -5.6328889811e-03 6.8136629749e-02
1.0146000000e+01 -5.8563718200e-03 6.8869254479e-02
1.0147000000e+01 -6.0883737615e-03 6.9589113086e-02
1.0148000000e+01 -6.3287942449e-03 7.0295832593e-02
1.0149000000e+01 -6.5775168794e-03 7.0989046975e-02
1.0150000000e+01 -6.8344091785e-03 7.1668398531e-02
1.0151000000e+01 -7.0993224369e-03 7.2333539203e-02
1.0152000000e+01 -7.3720917495e-03 7.2984131804e-02
1.0153000000e+01 -7.6525361660e-03 7.3619851151e-02
1.0154000000e+01 -7.9404589747e-03 7.4240385094e-02
1.0155000000e+01 -8.2356481056e-03 7.4845435408e-02
1.0156000000e+01 -8.5378766390e-03 7.5434718572e-02
1.0157000000e+01 -8.8469034045e-03 7.6007966395e-02
1.0158000000e+01 -9.1624736559e-03 7.6564926512e-02
1.0159000000e+01 -9.4843198032e-03 7.7105362745e-02
1.0160000000e+01 -9.8121621849e-03 7.7629055323e-02
1.0161000000e+01 -1.0145709864e-02 7.8135800984e-02
1.0162000000e+01 -1.0484661430e-02 7.8625412963e-02
1.0163000000e+01 -1.0828705794e-02 7.9097720877e-02
1.0164000000e+01 -1.1177522964e-02 7.9552570523e-02
1.0165000000e+01 -1.1530784782e-02 7.9989823617e-02
1.0166000000e+01 -1.1888155634e-02 8.0409357471e-02
1.0167000000e+01 -1.2249293099e-02 8.0811064647e-02
1.0168000000e+01 -1.2613848563e-02 8.1194852590e-02
1.0169000000e+01 -1.2981467776e-02 8.1560643263e-02
1.0170000000e+01 -1.3351791368e-02 8.1908372806e-02
1.0171000000e+01 -1.3724455324e-02 8.2237991208e-02
1.0172000000e+01 -1.4099091422e-02 8.2549462037e-02
1.0173000000e+01 -1.4475327651e-02 8.2842762204e-02
1.0174000000e+01 -1.4852788613e-02 8.3117881781e-02
1.0175000000e+01 -1.5231095919e-02 8.3374823877e-02
1.0176000000e+01 -1.5609868597e-02 8.3613604563e-02
1.0177000000e+01 -1.5988723515e-02 8.3834252841e-02
1.0178000000e+01 -1.6367275842e-02 8.4036810663e-02
1.0179000000e+01 -1.6745139538e-02 8.4221332977e-02
1.0180000000e+01 -1.7121927905e-02 8.4387887801e-02
1.0181000000e+01 -1.7497254189e-02 8.4536556302e-02
1.0182000000e+01 -1.7870732243e-02 8.4667432884e-02
1.0183000000e+01 -1.8241977264e-02 8.4780625257e-02
1.0184000000e+01 -1.8610606587e-02 8.4876254485e-02
1.0185000000e+01 -1.8976240563e-02 8.4954454994e-02
1.0186000000e+01 -1.9338503487e-02 8.5015374534e-02
1.0187000000e+01 -1.9697024600e-02 8.5059174088e-02
1.0188000000e+01 -2.0051439141e-02 8.5086027708e-02
1.0189000000e+01 -2.0401389446e-02 8.5096122287e-02
1.0190000000e+01 -2.0746526095e-02 8.5089657253e-02
1.0191000000e+01 -2.1086509070e-02 8.5066844179e-02
1.0192000000e+01 -2.1421008945e-02 8.5027906322e-02
1.0193000000e+01 -2.1749708064e-02 8.4973078081e-02
1.0194000000e+01 -2.2072301714e-02 8.4902604375e-02
1.0195000000e+01 -2.2388499264e-02 8.4816739964e-02
1.0196000000e+01 -2.2698025273e-02 8.4715748694e-02
1.0197000000e+01 -2.3000620521e-02 8.4599902701e-02
1.0198000000e+01 -2.3296042990e-02 8.4469481562e-02
1.0199000000e+01 -2.3584068742e-02 8.4324771421e-02
1.0200000000e+01 -2.3864492705e-02 8.4166064083e-02
1.0201000000e+01 -2.4137129354e-02 8.3993656114e-02
1.0202000000e+01 -2.4401813264e-02 8.3807847929e-02
1.0203000000e+01 -2.4658399541e-02 8.3608942909e-02
1.0204000000e+01 -2.4906764121e-02 8.3397246530e-02
1.0205000000e+01 -2.5146803926e-02 8.3173065544e-02
1.0206000000e+01 -2.5378436893e-02 8.2936707193e-02
1.0207000000e+01 -2.5601601853e-02 8.2688478484e-02
1.0208000000e+01 -2.5816258286e-02 8.2428685524e-02
1.0209000000e+01 -2.6022385943e-02 8.2157632914e-02
1.0210000000e+01 -2.6219984339e-02 8.1875623212e-02
1.0211000000e+01 -2.6409072145e-02 8.1582956462e-02
1.0212000000e+01 -2.6589686459e-02 8.1279929788e-02
1.0213000000e+01 -2.6761881996e-02 8.0966837047e-02
1.0214000000e+01 -2.6925730189e-02 8.0643968540e-02
1.0215000000e+01 -2.7081318218e-02 8.0311610770e-02
1.0216000000e+01 -2.7228747984e-02 7.9970046244e-02
1.0217000000e+01 -2.7368135036e-02 7.9619553307e-02
1.0218000000e+01 -2.7499607463e-02 7.9260405998e-02
1.0219000000e+01 -2.7623304767e-02 7.8892873928e-02
1.0220000000e+01 -2.7739376717e-02 7.8517222153e-02
1.0221000000e+01 -2.7847982212e-02 7.8133711052e-02
1.0222000000e+01 -2.7949288145e-02 7.7742596195e-02
1.0223000000e+01 -2.8043468285e-02 7.7344128185e-02
1.0224000000e+01 -2.8130702185e-02 7.6938552484e-02
1.0225000000e+01 -2.8211174119e-02 7.6526109206e-02
1.0226000000e+01 -2.8285072052e-02 7.6107032879e-02
1.0227000000e+01 -2.8352586657e-02 7.5681552179e-02
1.0228000000e+01 -2.8413910361e-02 7.5249889616e-02
1.0229000000e+01 -2.8469236453e-02 7.4812261207e-02
1.0230000000e+01 -2.8518758223e-02 7.4368876102e-02
1.0231000000e+01 -2.8562668157e-02 7.3919936197e-02
1.0232000000e+01 -2.8601157174e-02 7.3465635720e-02
1.0233000000e+01 -2.8634413912e-02 7.3006160802e-02
1.0234000000e+01 -2.8662624053e-02 7.2541689052e-02
1.0235000000e+01 -2.8685969694e-02 7.2072389123e-02
1.0236000000e+01 -2.8704628758e-02 7.1598420292e-02
1.0237000000e+01 -2.8718774435e-02 7.1119932066e-02
1.0238000000e+01 -2.8728574669e-02 7.0637063807e-02
1.0239000000e+01 -2.8734191666e-02 7.0149944402e-02
1.0240000000e+01 -2.8735781429e-02 6.9658691978e-02
1.0241000000e+01 -2.8733493324e-02 6.9163413671e-02
1.0242000000e+01 -2.8727469663e-02 6.8664205456e-02
1.0243000000e+01 -2.8717845305e-02 6.8161152047e-02
1.0244000000e+01 -2.8704747275e-02 6.7654326868e-02
1.0245000000e+01 -2.8688294392e-02 6.7143792100e-02
1.0246000000e+01 -2.8668596917e-02 6.6629598808e-02
1.0247000000e+01 -2.8645756205e-02 6.6111787145e-02
1.0248000000e+01 -2.8619864377e-02 6.5590386630e-02
1.0249000000e+01 -2.8591003992e-02 6.5065416505e-02
1.0250000000e+01 -2.8559247748e-02 6.4536886150e-02
1.0251000000e+01 -2.8524658193e-02 6.4004795576e-02
1.0252000000e+01 -2.8487287450e-02 6.3469135949e-02
1.0253000000e+01 -2.8447176979e-02 6.2929890175e-02
1.0254000000e+01 -2.8404357360e-02 6.2387033512e-02
1.0255000000e+01 -2.8358848110e-02 6.1840534196e-02
1.0256000000e+01 -2.8310657542e-02 6.1290354087e-02
1.0257000000e+01 -2.8259782671e-02 6.0736449305e-02
1.0258000000e+01 -2.8206209160e-02 6.0178770851e-02
1.0259000000e+01 -2.8149911332e-02 5.9617265206e-02
1.0260000000e+01 -2.8090852231e-02 5.9051874889e-02
1.0261000000e+01 -2.8028983749e-02 5.8482538971e-02
1.0262000000e+01 -2.7964246808e-02 5.7909193537e-02
1.0263000000e+01 -2.7896571618e-02 5.7331772090e-02
1.0264000000e+01 -2.7825877980e-02 5.6750205884e-02
1.0265000000e+01 -2.7752075669e-02 5.6164424209e-02
1.0266000000e+01 -2.7675064860e-02 5.5574354595e-02
1.0267000000e+01 -2.7594736617e-02 5.4979922965e-02
1.0268000000e+01 -2.7510973431e-02 5.4381053724e-02
1.0269000000e+01 -2.7423649808e-02 5.3777669802e-02
1.0270000000e+01 -2.7332632892e-02 5.3169692645e-02
1.0271000000e+01 -2.7237783137e-02 5.2557042178e-02
1.0272000000e+01 -2.7138954998e-02 5.1939636730e-02
1.0273000000e+01 -2.7035997668e-02 5.1317392954e-02
1.0274000000e+01 -2.6928755833e-02 5.0690225730e-02
1.0275000000e+01 -2.6817070455e-02 5.0058048075e-02
1.0276000000e+01 -2.6700779582e-02 4.9420771067e-02
1.0277000000e+01 -2.6579719181e-02 4.8778303787e-02
1.0278000000e+01 -2.6453723992e-02 4.8130553292e-02
1.0279000000e+01 -2.6322628418e-02 4.7477424628e-02
1.0280000000e+01 -2.6186267430e-02 4.6818820881e-02
1.0281000000e+01 -2.6044477508e-02 4.6154643277e-02
1.0282000000e+01 -2.5897097608e-02 4.5484791338e-02
1.0283000000e+01 -2.5743970161e-02 4.4809163078e-02
1.0284000000e+01 -2.5584942098e-02 4.4127655267e-02
1.0285000000e+01 -2.5419865902e-02 4.3440163732e-02
1.0286000000e+01 -2.5248600697e-02 4.2746583720e-02
1.0287000000e+01 -2.5071013336e-02 4.2046810297e-02
1.0288000000e+01 -2.4886979532e-02 4.1340738793e-02
1.0289000000e+01 -2.4696384974e-02 4.0628265284e-02
1.0290000000e+01 -2.4499126459e-02 3.9909287105e-02
1.0291000000e+01 -2.4295113014e-02 3.9183703382e-02
1.0292000000e+01 -2.4084266991e-02 3.8451415592e-02
1.0293000000e+01 -2.3866525143e-02 3.7712328121e-02
1.0294000000e+01 -2.3641839647e-02 3.6966348840e-02
1.0295000000e+01 -2.3410179088e-02 3.6213389670e-02
1.0296000000e+01 -2.3171529357e-02 3.5453367146e-02
1.0297000000e+01 -2.2925894493e-02 3.4686202967e-02
1.0298000000e+01 -2.2673297423e-02 3.3911824523e-02
1.0299000000e+01 -2.2413780607e-02 3.3130165409e-02
1.0300000000e+01 -2.2147406581e-02 3.2341165911e-02
1.0301000000e+01 -2.1874258380e-02 3.1544773458e-02
1.0302000000e+01 -2.1594439847e-02 3.0740943053e-02
1.0303000000e+01 -2.1308075815e-02 2.9929637668e-02
1.0304000000e+01 -2.1015312161e-02 2.9110828609e-02
1.0305000000e+01 -2.0716315738e-02 2.8284495846e-02
1.0306000000e+01 -2.0411274180e-02 2.7450628319e-02
1.0307000000e+01 -2.0100395575e-02 2.6609224207e-02
1.0308000000e+01 -1.9783908025e-02 2.5760291177e-02
1.0309000000e+01 -1.9462059088e-02 2.4903846606e-02
1.0310000000e+01 -1.9135115106e-02 2.4039917784e-02
1.0311000000e+01 -1.8803360426e-02 2.3168542094e-02
1.0312000000e+01 -1.8467096532e-02 2.2289767189e-02
1.0313000000e+01 -1.8126641073e-02 2.1403651143e-02
1.0314000000e+01 -1.7782326813e-02 2.0510262610e-02
1.0315000000e+01 -1.7434500506e-02 1.9609680966e-02
1.0316000000e+01 -1.7083521695e-02 1.8701996452e-02
1.0317000000e+01 -1.6729761453e-02 1.7787310315e-02
1.0318000000e+01 -1.6373601069e-02 1.6865734944e-02
1.0319000000e+01 -1.6015430681e-02 1.5937394005e-02
1.0320000000e+01 -1.5655647874e-02 1.5002422558e-02
1.0321000000e+01 -1.5294656238e-02 1.4060967176e-02
1.0322000000e+01 -1.4932863910e-02 1.3113186039e-02
1.0323000000e+01 -1.4570682086e-02 1.2159249001e-02
1.0324000000e+01 -1.4208523526e-02 1.1199337635e-02
1.0325000000e+01 -1.3846801066e-02 1.0233645225e-02
1.0326000000e+01 -1.3485926121e-02 9.2623767178e-03
1.0327000000e+01 -1.3126307218e-02 8.2857486086e-03
1.0328000000e+01 -1.2768348545e-02 7.3039887621e-03
1.0329000000e+01 -1.2412448544e-02 6.3173361514e-03
1.0330000000e+01 -1.2058998541e-02 5.3260405110e-03
1.0331000000e+01 -1.1708381443e-02 4.3303618957e-03
1.0332000000e+01 -1.1360970491e-02 3.3305701375e-03
1.0333000000e+01 -1.1017128102e-02 2.3269441990e-03
1.0334000000e+01 -1.0677204789e-02 1.3197714181e-03
1.0335000000e+01 -1.0341538188e-02 3.0934664632e-04
1.0336000000e+01 -1.0010452182e-02 -7.0402871956e-04
1.0337000000e+01 -9.6842561429e-03 -1.7200478050e-03
1.0338000000e+01 -9.3632443019e-03 -2.7383994195e-03
1.0339000000e+01 -9.0476952341e-03 -3.7587693013e-03
1.0340000000e+01 -8.7378714826e-03 -4.7808414337e-03
1.0341000000e+01 -8.4340193128e-03 -5.8042994174e-03
1.0342000000e+01 -8.1363685999e-03 -6.8288278836e-03
1.0343000000e+01 -7.8451328494e-03 -7.8541139280e-03
1.0344000000e+01 -7.5605093464e-03 -8.8798485463e-03
1.0345000000e+01 -7.2826794279e-03 -9.9057280510e-03
1.0346000000e+01 -7.0118088721e-03 -1.0931455447e-02
1.0347000000e+01 -6.7480483958e-03 -1.1956741747e-02
1.0348000000e+01 -6.4915342479e-03 -1.2981307197e-02
1.0349000000e+01 -6.2423888891e-03 -1.4004882412e-02
1.0350000000e+01 -6.0007217427e-03 -1.5027209373e-02
1.0351000000e+01 -5.7666300035e-03 -1.6048042302e-02
1.0352000000e+01 -5.5401994898e-03 -1.7067148373e-02
1.0353000000e+01 -5.3215055238e-03 -1.8084308269e-02
1.0354000000e+01 -5.1106138243e-03 -1.9099316560e-02
1.0355000000e+01 -4.9075813990e-03 -2.0111981909e-02
1.0356000000e+01 -4.7124574215e-03 -2.1122127101e-02
1.0357000000e+01 -4.5252840808e-03 -2.2129588898e-02
1.0358000000e+01 -4.3460973932e-03 -2.3134217713e-02
1.0359000000e+01 -4.1749279656e-03 -2.4135877141e-02
1.0360000000e+01 -4.0118017049e-03 -2.5134443321e-02
1.0361000000e+01 -3.8567404671e-03 -2.6129804170e-02
1.0362000000e+01 -3.7097626432e-03 -2.7121858496e-02
1.0363000000e+01 -3.5708836828e-03 -2.8110515001e-02
1.0364000000e+01 -3.4401165540e-03 -2.9095691198e-02
1.0365000000e+01 -3.3174721461e-03 -3.0077312259e-02
1.0366000000e+01 -3.2029596186e-03 -3.1055309813e-02
1.0367000000e+01 -3.0965867034e-03 -3.2029620707e-02
1.0368000000e+01 -2.9983599686e-03 -3.3000185750e-02
1.0369000000e+01 -2.9082850527e-03 -3.3966948458e-02
1.0370000000e+01 -2.8263668771e-03 -3.4929853807e-02
1.0371000000e+01 -2.7526098470e-03 -3.5888847005e-02
1.0372000000e+01 -2.6870180478e-03 -3.6843872307e-02
1.0373000000e+01 -2.6295954451e-03 -3.7794871858e-02
1.0374000000e+01 -2.5803460925e-03 -3.8741784592e-02
1.0375000000e+01 -2.5392743535e-03 -3.9684545174e-02
1.0376000000e+01 -2.5063851374e-03 -4.0623082997e-02
1.0377000000e+01 -2.4816841498e-03 -4.1557321235e-02
1.0378000000e+01 -2.4651781557e-03 -4.2487175941e-02
1.0379000000e+01 -2.4568752502e-03 -4.3412555210e-02
1.0380000000e+01 -2.4567851303e-03 -4.4333358381e-02
1.0381000000e+01 -2.4649193588e-03 -4.5249475293e-02
1.0382000000e+01 -2.4812916107e-03 -4.6160785593e-02
1.0383000000e+01 -2.5059178916e-03 -4.7067158090e-02
1.0384000000e+01 -2.5388167137e-03 -4.7968450149e-02
1.0385000000e+01 -2.5800092195e-03 -4.8864507150e-02
1.0386000000e+01 -2.6295192388e-03 -4.9755161985e-02
1.0387000000e+01 -2.6873732688e-03 -5.0640234613e-02
1.0388000000e+01 -2.7536003656e-03 -5.1519531682e-02
1.0389000000e+01 -2.8282319376e-03 -5.2392846207e-02
1.0390000000e+01 -2.9113014342e-03 -5.3259957331e-02
1.0391000000e+01 -3.0028439240e-03 -5.4120630156e-02
1.0392000000e+01 -3.1028955588e-03 -5.4974615673e-02
1.0393000000e+01 -3.2114929252e-03 -5.5821650791e-02
1.0394000000e+01 -3.3286722834e-03 -5.6661458467e-02
1.0395000000e+01 -3.4544687018e-03 -5.7493747960e-02
1.0396000000e+01 -3.5889150929e-03 -5.8318215206e-02
1.0397000000e+01 -3.7320411629e-03 -5.9134543329e-02
1.0398000000e+01 -3.8838722883e-03 -5.9942403283e-02
1.0399000000e+01 -4.0444283356e-03 -6.0741454641e-02
1.0400000000e+01 -4.2137224404e-03 -6.1531346518e-02
1.0401000000e+01 -4.3917597687e-03 -6.2311718640e-02
1.0402000000e+01 -4.5785362769e-03 -6.3082202538e-02
1.0403000000e+01 -4.7740374959e-03 -6.3842422878e-02
1.0404000000e+01 -4.9782373584e-03 -6.4591998898e-02
1.0405000000e+01 -5.1910970907e-03 -6.5330545954e-02
1.0406000000e+01 -5.4125641913e-03 -6.6057677141e-02
1.0407000000e+01 -5.6425715119e-03 -6.6773004987e-02
1.0408000000e+01 -5.8810364606e-03 -6.7476143187e-02
1.0409000000e+01 -6.1278603392e-03 -6.8166708357e-02
1.0410000000e+01 -6.3829278274e-03 -6.8844321785e-02
1.0411000000e+01 -6.6461066202e-03 -6.9508611147e-02
1.0412000000e+01 -6.9172472254e-03 -7.0159212180e-02
1.0413000000e+01 -7.1961829194e-03 -7.0795770262e-02
1.0414000000e+01 -7.4827298602e-03 -7.1417941902e-02
1.0415000000e+01 -7.7766873502e-03 -7.2025396103e-02
1.0416000000e+01 -8.0778382398e-03 -7.2617815586e-02
1.0417000000e+01 -8.3859494584e-03 -7.3194897866e-02
1.0418000000e+01 -8.7007726572e-03 -7.3756356155e-02
1.0419000000e+01 -9.0220449477e-03 -7.4301920104e-02
1.0420000000e+01 -9.3494897159e-03 -7.4831336368e-02
1.0421000000e+01 -9.6828174936e-03 -7.5344369006e-02
1.0422000000e+01 -1.0021726867e-02 -7.5840799713e-02
1.0423000000e+01 -1.0365905404e-02 -7.6320427910e-02
1.0424000000e+01 -1.0715030585e-02 -7.6783070684e-02
1.0425000000e+01 -1.1068770713e-02 -7.7228562622e-02
1.0426000000e+01 -1.1426785805e-02 -7.7656755537e-02
1.0427000000e+01 -1.1788728443e-02 -7.8067518113e-02
1.0428000000e+01 -1.2154244572e-02 -7.8460735501e-02
1.0429000000e+01 -1.2522974262e-02 -7.8836308873e-02
1.0430000000e+01 -1.2894552406e-02 -7.9194154962e-02
1.0431000000e+01 -1.3268609381e-02 -7.9534205610e-02
1.0432000000e+01 -1.3644771651e-02 -7.9856407336e-02
1.0433000000e+01 -1.4022662339e-02 -8.0160720939e-02
1.0434000000e+01 -1.4401901770e-02 -8.0447121143e-02
1.0435000000e+01 -1.4782107984e-02 -8.0715596311e-02
1.0436000000e+01 -1.5162897245e-02 -8.0966148198e-02
1.0437000000e+01 -1.5543884542e-02 -8.1198791778e-02
1.0438000000e+01 -1.5924684111e-02 -8.1413555120e-02
1.0439000000e+01 -1.6304909961e-02 -8.1610479318e-02
1.0440000000e+01 -1.6684176435e-02 -8.1789618460e-02
1.0441000000e+01 -1.7062098806e-02 -8.1951039634e-02
1.0442000000e+01 -1.7438293906e-02 -8.2094822954e-02
1.0443000000e+01 -1.7812380806e-02 -8.2221061590e-02
1.0444000000e+01 -1.8183981538e-02 -8.2329861799e-02
1.0445000000e+01 -1.8552721858e-02 -8.2421342931e-02
1.0446000000e+01 -1.8918232063e-02 -8.2495637408e-02
1.0447000000e+01 -1.9280147843e-02 -8.2552890659e-02
1.0448000000e+01 -1.9638111171e-02 -8.2593260998e-02
1.0449000000e+01 -1.9991771225e-02 -8.2616919437e-02
1.0450000000e+01 -2.0340785336e-02 -8.2624049432e-02
1.0451000000e+01 -2.0684819954e-02 -8.2614846547e-02
1.0452000000e+01 -2.1023551614e-02 -8.2589518038e-02
1.0453000000e+01 -2.1356667918e-02 -8.2548282357e-02
1.0454000000e+01 -2.1683868487e-02 -8.2491368570e-02
1.0455000000e+01 -2.2004865913e-02 -8.2419015700e-02
1.0456000000e+01 -2.2319386667e-02 -8.2331472001e-02
1.0457000000e+01 -2.2627171977e-02 -8.2228994155e-02
1.0458000000e+01 -2.2927978655e-02 -8.2111846428e-02
1.0459000000e+01 -2.3221579863e-02 -8.1980299773e-02
1.0460000000e+01 -2.3507765821e-02 -8.1834630900e-02
1.0461000000e+01 -2.3786344438e-02 -8.1675121335e-02
1.0462000000e+01 -2.4057141857e-02 -8.1502056470e-02
1.0463000000e+01 -2.4320002925e-02 -8.1315724618e-02
1.0464000000e+01 -2.4574791559e-02 -8.1116416109e-02
1.0465000000e+01 -2.4821391023e-02 -8.0904422402e-02
1.0466000000e+01 -2.5059704104e-02 -8.0680035265e-02
1.0467000000e+01 -2.5289653185e-02 -8.0443546004e-02
1.0468000000e+01 -2.5511180215e-02 -8.0195244772e-02
1.0469000000e+01 -2.5724246574e-02 -7.9935419940e-02
1.0470000000e+01 -2.5928832842e-02 -7.9664357565e-02
1.0471000000e+01 -2.6124938462e-02 -7.9382340928e-02
1.0472000000e+01 -2.6312581307e-02 -7.9089650162e-02
1.0473000000e+01 -2.6491797149e-02 -7.8786561957e-02
1.0474000000e+01 -2.6662639053e-02 -7.8473349337e-02
1.0475000000e+01 -2.6825176670e-02 -7.8150281515e-02
1.0476000000e+01 -2.6979495464e-02 -7.7817623793e-02
1.0477000000e+01 -2.7125695867e-02 -7.7475637525e-02
1.0478000000e+01 -2.7263892372e-02 -7.7124580114e-02
1.0479000000e+01 -2.7394212565e-02 -7.6764705032e-02
1.0480000000e+01 -2.7516796124e-02 -7.6396261866e-02
1.0481000000e+01 -2.7631793763e-02 -7.6019496363e-02
1.0482000000e+01 -2.7739366167e-02 -7.5634650474e-02
1.0483000000e+01 -2.7839682887e-02 -7.5241962378e-02
1.0484000000e+01 -2.7932921237e-02 -7.4841666491e-02
1.0485000000e+01 -2.8019265184e-02 -7.4433993438e-02
1.0486000000e+01 -2.8098904236e-02 -7.4019169993e-02
1.0487000000e+01 -2.8172032349e-02 -7.3597418984e-02
1.0488000000e+01 -2.8238846851e-02 -7.3168959143e-02
1.0489000000e+01 -2.8299547385e-02 -7.2734004930e-02
1.0490000000e+01 -2.8354334885e-02 -7.2292766305e-02
1.0491000000e+01 -2.8403410590e-02 -7.1845448461e-02
1.0492000000e+01 -2.8446975091e-02 -7.1392251524e-02
1.0493000000e+01 -2.8485227421e-02 -7.0933370218e-02
1.0494000000e+01 -2.8518364188e-02 -7.0468993502e-02
1.0495000000e+01 -2.8546578763e-02 -6.9999304192e-02
1.0496000000e+01 -2.8570060502e-02 -6.9524478557e-02
1.0497000000e+01 -2.8588994026e-02 -6.9044685918e-02
1.0498000000e+01 -2.8603558544e-02 -6.8560088241e-02
1.0499000000e+01 -2.8613927230e-02 -6.8070839741e-02
1.0500000000e+01 -2.8620266634e-02 -6.7577086489e-02
1.0501000000e+01 -2.8622736152e-02 -6.7078966059e-02
1.0502000000e+01 -2.8621487529e-02 -6.6576607184e-02
1.0503000000e+01 -2.8616664405e-02 -6.6070129463e-02
1.0504000000e+01 -2.8608401897e-02 -6.5559643097e-02
1.0505000000e+01 -2.8596826221e-02 -6.5045248679e-02
1.0506000000e+01 -2.8582054332e-02 -6.4527037034e-02
1.0507000000e+01 -2.8564193610e-02 -6.4005089107e-02
1.0508000000e+01 -2.8543341558e-02 -6.3479475918e-02
1.0509000000e+01 -2.8519585528e-02 -6.2950258568e-02
1.0510000000e+01 -2.8493002468e-02 -6.2417488307e-02
1.0511000000e+01 -2.8463658693e-02 -6.1881206655e-02
1.0512000000e+01 -2.8431609667e-02 -6.1341445577e-02
1.0513000000e+01 -2.8396899814e-02 -6.0798227715e-02
1.0514000000e+01 -2.8359562346e-02 -6.0251566657e-02
1.0515000000e+01 -2.8319619114e-02 -5.9701467244e-02
1.0516000000e+01 -2.8277080485e-02 -5.9147925913e-02
1.0517000000e+01 -2.8231945250e-02 -5.8590931062e-02
1.0518000000e+01 -2.8184200562e-02 -5.8030463426e-02
1.0519000000e+01 -2.8133821916e-02 -5.7466496464e-02
1.0520000000e+01 -2.8080773165e-02 -5.6898996742e-02
1.0521000000e+01 -2.8025006586e-02 -5.6327924311e-02
1.0522000000e+01 -2.7966462993e-02 -5.5753233061e-02
1.0523000000e+01 -2.7905071907e-02 -5.5174871064e-02
1.0524000000e+01 -2.7840751779e-02 -5.4592780880e-02
1.0525000000e+01 -2.7773410272e-02 -5.4006899841e-02
1.0526000000e+01 -2.7702944609e-02 -5.3417160299e-02
1.0527000000e+01 -2.7629241972e-02 -5.2823489846e-02
1.0528000000e+01 -2.7552179971e-02 -5.2225811500e-02
1.0529000000e+01 -2.7471627166e-02 -5.1624043863e-02
1.0530000000e+01 -2.7387443657e-02 -5.1018101260e-02
1.0531000000e+01 -2.7299481721e-02 -5.0407893852e-02
1.0532000000e+01 -2.7207586511e-02 -4.9793327741e-02
1.0533000000e+01 -2.7111596805e-02 -4.9174305068e-02
1.0534000000e+01 -2.7011345805e-02 -4.8550724109e-02
1.0535000000e+01 -2.6906661987e-02 -4.7922479385e-02
1.0536000000e+01 -2.6797369993e-02 -4.7289461781e-02
1.0537000000e+01 -2.6683291572e-02 -4.6651558692e-02
1.0538000000e+01 -2.6564246555e-02 -4.6008654191e-02
1.0539000000e+01 -2.6440053882e-02 -4.5360629242e-02
1.0540000000e+01 -2.6310532655e-02 -4.4707361938e-02
1.0541000000e+01 -2.6175503238e-02 -4.4048727789e-02
1.0542000000e+01 -2.6034788389e-02 -4.3384600052e-02
1.0543000000e+01 -2.5888214417e-02 -4.2714850099e-02
1.0544000000e+01 -2.5735612378e-02 -4.2039347839e-02
1.0545000000e+01 -2.5576819292e-02 -4.1357962173e-02
1.0546000000e+01 -2.5411679373e-02 -4.0670561493e-02
1.0547000000e+01 -2.5240045284e-02 -3.9977014215e-02
1.0548000000e+01 -2.5061779388e-02 -3.9277189343e-02
1.0549000000e+01 -2.4876755000e-02 -3.8570957059e-02
1.0550000000e+01 -2.4684857633e-02 -3.7858189333e-02
1.0551000000e+01 -2.4485986208e-02 -3.7138760545e-02
1.0552000000e+01 -2.4280054246e-02 -3.6412548121e-02
1.0553000000e+01 -2.4066991001e-02 -3.5679433164e-02
1.0554000000e+01 -2.3846742545e-02 -3.4939301086e-02
1.0555000000e+01 -2.3619272776e-02 -3.4192042228e-02
1.0556000000e+01 -2.3384564350e-02 -3.3437552472e-02
1.0557000000e+01 -2.3142619514e-02 -3.2675733822e-02
1.0558000000e+01 -2.2893460840e-02 -3.1906494980e-02
1.0559000000e+01 -2.2637131840e-02 -3.1129751880e-02
1.0560000000e+01 -2.2373697473e-02 -3.0345428205e-02
1.0561000000e+01 -2.2103244506e-02 -2.9553455868e-02
1.0562000000e+01 -2.1825881763e-02 -2.8753775464e-02
1.0563000000e+01 -2.1541740227e-02 -2.7946336688e-02
1.0564000000e+01 -2.1250973012e-02 -2.7131098720e-02
1.0565000000e+01 -2.0953755202e-02 -2.6308030584e-02
1.0566000000e+01 -2.0650283560e-02 -2.5477111464e-02
1.0567000000e+01 -2.0340776102e-02 -2.4638331005e-02
1.0568000000e+01 -2.0025471563e-02 -2.3791689574e-02
1.0569000000e+01 -1.9704628730e-02 -2.2937198503e-02
1.0570000000e+01 -1.9378525684e-02 -2.2074880307e-02
1.0571000000e+01 -1.9047458926e-02 -2.1204768886e-02
1.0572000000e+01 -1.8711742416e-02 -2.0326909700e-02
1.0573000000e+01 -1.8371706526e-02 -1.9441359938e-02
1.0574000000e+01 -1.8027696911e-02 -1.8548188671e-02
1.0575000000e+01 -1.7680073306e-02 -1.7647476990e-02
1.0576000000e+01 -1.7329208264e-02 -1.6739318136e-02
1.0577000000e+01 -1.6975485829e-02 -1.5823817609e-02
1.0578000000e+01 -1.6619300157e-02 -1.4901093273e-02
1.0579000000e+01 -1.6261054093e-02 -1.3971275435e-02
1.0580000000e+01 -1.5901157699e-02 -1.3034506899e-02
1.0581000000e+01 -1.5540026760e-02 -1.2090943002e-02
1.0582000000e+01 -1.5178081249e-02 -1.1140751602e-02
1.0583000000e+01 -1.4815743779e-02 -1.0184113031e-02
1.0584000000e+01 -1.4453438037e-02 -9.2212199935e-03
1.0585000000e+01 -1.4091587221e-02 -8.2522774068e-03
1.0586000000e+01 -1.3730612479e-02 -7.2775021672e-03
1.0587000000e+01 -1.3370931363e-02 -6.2971228445e-03
1.0588000000e+01 -1.3012956317e-02 -5.3113792876e-03
1.0589000000e+01 -1.2657093209e-02 -4.3205221389e-03
1.0590000000e+01 -1.2303739912e-02 -3.3248122523e-03
1.0591000000e+01 -1.1953284958e-02 -2.3245200095e-03
1.0592000000e+01 -1.1606106276e-02 -1.3199245354e-03
1.0593000000e+01 -1.1262570028e-02 -3.1131281169e-04
1.0594000000e+01 -1.0923029547e-02 7.0102130607e-04
1.0595000000e+01 -1.0587824404e-02 1.7167781642e-03
1.0596000000e+01 -1.0257279601e-02 2.7356534693e-03
1.0597000000e+01 -9.9317049023e-03 3.7573395203e-03
1.0598000000e+01 -9.6113943151e-03 4.7815264996e-03
1.0599000000e+01 -9.2966257126e-03 5.8079038102e-03
1.0600000000e+01 -8.9876606099e-03 6.8361614412e-03
1.0601000000e+01 -8.6847440863e-03 7.8659913443e-03
1.0602000000e+01 -8.3881048513e-03 8.8970888019e-03
1.0603000000e+01 -8.0979554469e-03 9.9291537691e-03
1.0604000000e+01 -7.8144925775e-03 1.0961892167e-02
1.0605000000e+01 -7.5378975558e-03 1.1995017113e-02
1.0606000000e+01 -7.2683368518e-03 1.3028250060e-02
1.0607000000e+01 -7.0059627308e-03 1.4061321843e-02
1.0608000000e+01 -6.7509139637e-03 1.5093973599e-02
1.0609000000e+01 -6.5033165950e-03 1.6125957557e-02
1.0610000000e+01 -6.2632847509e-03 1.7157037683e-02
1.0611000000e+01 -6.0309214714e-03 1.8186990171e-02
1.0612000000e+01 -5.8063195516e-03 1.9215603769e-02
1.0613000000e+01 -5.5895623760e-03 2.0242679941e-02
1.0614000000e+01 -5.3807247341e-03 2.1268032858e-02
1.0615000000e+01 -5.1798736030e-03 2.2291489221e-02
1.0616000000e+01 -4.9870688888e-03 2.3312887918e-02
1.0617000000e+01 -4.8023641164e-03 2.4332079530e-02
1.0618000000e+01 -4.6258070630e-03 2.5348925680e-02
1.0619000000e+01 -4.4574403283e-03 2.6363298249e-02
1.0620000000e+01 -4.2973018421e-03 2.7375078472e-02
1.0621000000e+01 -4.1454253058e-03 2.8384155919e-02
1.0622000000e+01 -4.0018405717e-03 2.9390427391e-02
1.0623000000e+01 -3.8665739613e-03 3.0393795748e-02
1.0624000000e+01 -3.7396485302e-03 3.1394168669e-02
1.0625000000e+01 -3.6210842837e-03 3.2391457400e-02
1.0626000000e+01 -3.5108983523e-03 3.3385575465e-02
1.0627000000e+01 -3.4091051353e-03 3.4376437398e-02
1.0628000000e+01 -3.3157164223e-03 3.5363957485e-02
1.0629000000e+01 -3.2307415008e-03 3.6348048551e-02
1.0630000000e+01 -3.1541872620e-03 3.7328620787e-02
1.0631000000e+01 -3.0860583111e-03 3.8305580656e-02
1.0632000000e+01 -3.0263570917e-03 3.9278829853e-02
1.0633000000e+01 -2.9750840316e-03 4.0248264359e-02
1.0634000000e+01 -2.9322377144e-03 4.1213773578e-02
1.0635000000e+01 -2.8978150814e-03 4.2175239555e-02
1.0636000000e+01 -2.8718116650e-03 4.3132536289e-02
1.0637000000e+01 -2.8542218528e-03 4.4085529133e-02
1.0638000000e+01 -2.8450391804e-03 4.5034074275e-02
1.0639000000e+01 -2.8442566467e-03 4.5978018301e-02
1.0640000000e+01 -2.8518670448e-03 4.6917197837e-02
1.0641000000e+01 -2.8678632997e-03 4.7851439249e-02
1.0642000000e+01 -2.8922388017e-03 4.8780558422e-02
1.0643000000e+01 -2.9249877221e-03 4.9704360581e-02
1.0644000000e+01 -2.9661053005e-03 5.0622640180e-02
1.0645000000e+01 -3.0155880870e-03 5.1535180834e-02
1.0646000000e+01 -3.0734341284e-03 5.2441755292e-02
1.0647000000e+01 -3.1396430830e-03 5.3342125468e-02
1.0648000000e+01 -3.2142162540e-03 5.4236042511e-02
1.0649000000e+01 -3.2971565287e-03 5.5123246921e-02
1.0650000000e+01 -3.3884682170e-03 5.6003468720e-02
1.0651000000e+01 -3.4881567809e-03 5.6876427675e-02
1.0652000000e+01 -3.5962284525e-03 5.7741833581e-02
1.0653000000e+01 -3.7126897399e-03 5.8599386611e-02
1.0654000000e+01 -3.8375468217e-03 5.9448777738e-02
1.0655000000e+01 -3.9708048374e-03 6.0289689230e-02
1.0656000000e+01 -4.1124670811e-03 6.1121795235e-02
1.0657000000e+01 -4.2625341097e-03 6.1944762445e-02
1.0658000000e+01 -4.4210027807e-03 6.2758250863e-02
1.0659000000e+01 -4.5878652349e-03 6.3561914645e-02
1.0660000000e+01 -4.7631078438e-03 6.4355403051e-02
1.0661000000e+01 -4.9467101403e-03 6.5138361468e-02
1.0662000000e+01 -5.1386437542e-03 6.5910432529e-02
1.0663000000e+01 -5.3388713734e-03 6.6671257297e-02
1.0664000000e+01 -5.5473457522e-03 6.7420476520e-02
1.0665000000e+01 -5.7640087857e-03 6.8157731933e-02
1.0666000000e+01 -5.9887906688e-03 6.8882667597e-02
1.0667000000e+01 -6.2216091570e-03 6.9594931261e-02
1.0668000000e+01 -6.4623689413e-03 7.0294175719e-02
1.0669000000e+01 -6.7109611494e-03 7.0980060154e-02
1.0670000000e+01 -6.9672629791e-03 7.1652251440e-02
1.0671000000e+01 -7.2311374689e-03 7.2310425389e-02
1.0672000000e+01 -7.5024334060e-03 7.2954267921e-02
1.0673000000e+01 -7.7809853683e-03 7.3583476137e-02
1.0674000000e+01 -8.0666138933e-03 7.4197759288e-02
1.0675000000e+01 -8.3591257660e-03 7.4796839614e-02
1.0676000000e+01 -8.6583144117e-03 7.5380453060e-02
1.0677000000e+01 -8.9639603798e-03 7.5948349840e-02
1.0678000000e+01 -9.2758319031e-03 7.6500294869e-02
1.0679000000e+01 -9.5936855146e-03 7.7036068042e-02
1.0680000000e+01 -9.9172667044e-03 7.7555464388e-02
1.0681000000e+01 -1.0246310599e-02 7.8058294081e-02
1.0682000000e+01 -1.0580542647e-02 7.8544382335e-02
1.0683000000e+01 -1.0919679296e-02 7.9013569203e-02
1.0684000000e+01 -1.1263428646e-02 7.9465709274e-02
1.0685000000e+01 -1.1611491068e-02 7.9900671318e-02
1.0686000000e+01 -1.1963559783e-02 8.0318337864e-02
1.0687000000e+01 -1.2319321390e-02 8.0718604770e-02
1.0688000000e+01 -1.2678456346e-02 8.1101380769e-02
1.0689000000e+01 -1.3040639390e-02 8.1466587038e-02
1.0690000000e+01 -1.3405539922e-02 8.1814156794e-02
1.0691000000e+01 -1.3772822339e-02 8.2144034939e-02
1.0692000000e+01 -1.4142146333e-02 8.2456177755e-02
1.0693000000e+01 -1.4513167160e-02 8.2750552681e-02
1.0694000000e+01 -1.4885535901e-02 8.3027138154e-02
1.0695000000e+01 -1.5258899712e-02 8.3285923531e-02
1.0696000000e+01 -1.5632902080e-02 8.3526909090e-02
1.0697000000e+01 -1.6007183111e-02 8.3750106094e-02
1.0698000000e+01 -1.6381379836e-02 8.3955536932e-02
1.0699000000e+01 -1.6755126575e-02 8.4143235298e-02
1.0700000000e+01 -1.7128055344e-02 8.4313246423e-02
1.0701000000e+01 -1.7499796334e-02 8.4465627329e-02
1.0702000000e+01 -1.7869978455e-02 8.4600447095e-02
1.0703000000e+01 -1.8238229961e-02 8.4717787114e-02
1.0704000000e+01 -1.8604179149e-02 8.4817741337e-02
1.0705000000e+01 -1.8967455147e-02 8.4900416473e-02
1.0706000000e+01 -1.9327688775e-02 8.4965932148e-02
1.0707000000e+01 -1.9684513490e-02 8.5014420989e-02
1.0708000000e+01 -2.0037566400e-02 8.5046028652e-02
1.0709000000e+01 -2.0386489347e-02 8.5060913750e-02
1.0710000000e+01 -2.0730930049e-02 8.5059247708e-02
1.0711000000e+01 -2.1070543290e-02 8.5041214516e-02
1.0712000000e+01 -2.1404992139e-02 8.5007010397e-02
1.0713000000e+01 -2.1733949206e-02 8.4956843379e-02
1.0714000000e+01 -2.2057097892e-02 8.4890932779e-02
1.0715000000e+01 -2.2374133644e-02 8.4809508606e-02
1.0716000000e+01 -2.2684765179e-02 8.4712810893e-02
1.0717000000e+01 -2.2988715674e-02 8.4601088954e-02
1.0718000000e+01 -2.3285723904e-02 8.4474600597e-02
1.0719000000e+01 -2.3575545297e-02 8.4333611289e-02
1.0720000000e+01 -2.3857952918e-02 8.4178393289e-02
1.0721000000e+01 -2.4132738346e-02 8.4009224775e-02
1.0722000000e+01 -2.4399712433e-02 8.3826388953e-02
1.0723000000e+01 -2.4658705951e-02 8.3630173187e-02
1.0724000000e+01 -2.4909570096e-02 8.3420868145e-02
1.0725000000e+01 -2.5152176857e-02 8.3198766982e-02
1.0726000000e+01 -2.5386419240e-02 8.2964164560e-02
1.0727000000e+01 -2.5612211346e-02 8.2717356725e-02
1.0728000000e+01 -2.5829488302e-02 8.2458639642e-02
1.0729000000e+01 -2.6038206051e-02 8.2188309187e-02
1.0730000000e+01 -2.6238341003e-02 8.1906660410e-02
1.0731000000e+01 -2.6429889552e-02 8.1613987064e-02
1.0732000000e+01 -2.6612867479e-02 8.1310581193e-02
1.0733000000e+01 -2.6787309232e-02 8.0996732792e-02
1.0734000000e+01 -2.6953267117e-02 8.0672729513e-02
1.0735000000e+01 -2.7110810389e-02 8.0338856426e-02
1.0736000000e+01 -2.7260024283e-02 7.9995395824e-02
1.0737000000e+01 -2.7401008967e-02 7.9642627061e-02
1.0738000000e+01 -2.7533878457e-02 7.9280826408e-02
1.0739000000e+01 -2.7658759496e-02 7.8910266934e-02
1.0740000000e+01 -2.7775790400e-02 7.8531218382e-02
1.0741000000e+01 -2.7885119904e-02 7.8143947045e-02
1.0742000000e+01 -2.7986905998e-02 7.7748715631e-02
1.0743000000e+01 -2.8081314775e-02 7.7345783097e-02
1.0744000000e+01 -2.8168519294e-02 7.6935404460e-02
1.0745000000e+01 -2.8248698469e-02 7.6517830579e-02
1.0746000000e+01 -2.8322035991e-02 7.6093307885e-02
1.0747000000e+01 -2.8388719285e-02 7.5662078082e-02
1.0748000000e+01 -2.8448938505e-02 7.5224377797e-02
1.0749000000e+01 -2.8502885582e-02 7.4780438198e-02
1.0750000000e+01 -2.8550753316e-02 7.4330484561e-02
1.0751000000e+01 -2.8592734515e-02 7.3874735815e-02
1.0752000000e+01 -2.8629021187e-02 7.3413404045e-02
1.0753000000e+01 -2.8659803785e-02 7.2946693983e-02
1.0754000000e+01 -2.8685270500e-02 7.2474802477e-02
1.0755000000e+01 -2.8705606601e-02 7.1997917957e-02
1.0756000000e+01 -2.8720993825e-02 7.1516219906e-02
1.0757000000e+01 -2.8731609811e-02 7.1029878344e-02
1.0758000000e+01 -2.8737627574e-02 7.0539053337e-02
1.0759000000e+01 -2.8739215018e-02 7.0043894544e-02
1.0760000000e+01 -2.8736534481e-02 6.9544540809e-02
1.0761000000e+01 -2.8729742312e-02 6.9041119805e-02
1.0762000000e+01 -2.8718988473e-02 6.8533747752e-02
1.0763000000e+01 -2.8704416161e-02 6.8022529198e-02
1.0764000000e+01 -2.8686161447e-02 6.7507556889e-02
1.0765000000e+01 -2.8664352930e-02 6.6988911717e-02
1.0766000000e+01 -2.8639111399e-02 6.6466662763e-02
1.0767000000e+01 -2.8610549507e-02 6.5940867421e-02
1.0768000000e+01 -2.8578771447e-02 6.5411571624e-02
1.0769000000e+01 -2.8543872636e-02 6.4878810143e-02
1.0770000000e+01 -2.8505939404e-02 6.4342606985e-02
1.0771000000e+01 -2.8465048697e-02 6.3802975850e-02
1.0772000000e+01 -2.8421267781e-02 6.3259920666e-02
1.0773000000e+01 -2.8374653974e-02 6.2713436186e-02
1.0774000000e+01 -2.8325254382e-02 6.2163508613e-02
1.0775000000e+01 -2.8273105678e-02 6.1610116280e-02
1.0776000000e+01 -2.8218233900e-02 6.1053230334e-02
1.0777000000e+01 -2.8160654291e-02 6.0492815437e-02
1.0778000000e+01 -2.8100371183e-02 5.9928830449e-02
1.0779000000e+01 -2.8037377935e-02 5.9361229100e-02
1.0780000000e+01 -2.7971656919e-02 5.8789960623e-02
1.0781000000e+01 -2.7903179571e-02 5.8214970346e-02
1.0782000000e+01 -2.7831906501e-02 5.7636200222e-02
1.0783000000e+01 -2.7757787676e-02 5.7053589314e-02
1.0784000000e+01 -2.7680762652e-02 5.6467074191e-02
1.0785000000e+01 -2.7600760888e-02 5.5876589271e-02
1.0786000000e+01 -2.7517702111e-02 5.5282067082e-02
1.0787000000e+01 -2.7431496740e-02 5.4683438459e-02
1.0788000000e+01 -2.7342046368e-02 5.4080632666e-02
1.0789000000e+01 -2.7249244294e-02 5.3473577464e-02
1.0790000000e+01 -2.7152976092e-02 5.2862199118e-02
1.0791000000e+01 -2.7053120228e-02 5.2246422361e-02
1.0792000000e+01 -2.6949548705e-02 5.1626170320e-02
1.0793000000e+01 -2.6842127734e-02 5.1001364416e-02
1.0794000000e+01 -2.6730718442e-02 5.0371924249e-02
1.0795000000e+01 -2.6615177590e-02 4.9737767479e-02
1.0796000000e+01 -2.6495358316e-02 4.9098809712e-02
1.0797000000e+01 -2.6371110900e-02 4.8454964403e-02
1.0798000000e+01 -2.6242283545e-02 4.7806142787e-02
1.0799000000e+01 -2.6108723177e-02 4.7152253845e-02
1.0800000000e+01 -2.5970276270e-02 4.6493204304e-02
1.0801000000e+01 -2.5826789694e-02 4.5828898691e-02
1.0802000000e+01 -2.5678111580e-02 4.5159239441e-02
1.0803000000e+01 -2.5524092222e-02 4.4484127044e-02
1.0804000000e+01 -2.5364584995e-02 4.3803460266e-02
1.0805000000e+01 -2.5199447313e-02 4.3117136408e-02
1.0806000000e+01 -2.5028541598e-02 4.2425051628e-02
1.0807000000e+01 -2.4851736288e-02 4.1727101307e-02
1.0808000000e+01 -2.4668906853e-02 4.1023180463e-02
1.0809000000e+01 -2.4479936839e-02 4.0313184202e-02
1.0810000000e+01 -2.4284718914e-02 3.9597008205e-02
1.0811000000e+01 -2.4083155918e-02 3.8874549246e-02
1.0812000000e+01 -2.3875161912e-02 3.8145705721e-02
1.0813000000e+01 -2.3660663211e-02 3.7410378204e-02
1.0814000000e+01 -2.3439599388e-02 3.6668469997e-02
1.0815000000e+01 -2.3211924249e-02 3.5919887687e-02
1.0816000000e+01 -2.2977606762e-02 3.5164541694e-02
1.0817000000e+01 -2.2736631923e-02 3.4402346813e-02
1.0818000000e+01 -2.2489001568e-02 3.3633222724e-02
1.0819000000e+01 -2.2234735104e-02 3.2857094500e-02
1.0820000000e+01 -2.1973870151e-02 3.2073893070e-02
1.0821000000e+01 -2.1706463103e-02 3.1283555672e-02
1.0822000000e+01 -2.1432589587e-02 3.0486026259e-02
1.0823000000e+01 -2.1152344814e-02 2.9681255890e-02
1.0824000000e+01 -2.0865843831e-02 2.8869203080e-02
1.0825000000e+01 -2.0573221652e-02 2.8049834120e-02
1.0826000000e+01 -2.0274633292e-02 2.7223123377e-02
1.0827000000e+01 -1.9970253668e-02 2.6389053556e-02
1.0828000000e+01 -1.9660277407e-02 2.5547615948e-02
1.0829000000e+01 -1.9344918524e-02 2.4698810650e-02
1.0830000000e+01 -1.9024410009e-02 2.3842646776e-02
1.0831000000e+01 -1.8699003288e-02 2.2979142646e-02
1.0832000000e+01 -1.8368967600e-02 2.2108325972e-02
1.0833000000e+01 -1.8034589259e-02 2.1230234037e-02
1.0834000000e+01 -1.7696170830e-02 2.0344913869e-02
1.0835000000e+01 -1.7354030218e-02 1.9452422421e-02
1.0836000000e+01 -1.7008499664e-02 1.8552826749e-02
1.0837000000e+01 -1.6659924675e-02 1.7646204197e-02
1.0838000000e+01 -1.6308662871e-02 1.6732642585e-02
1.0839000000e+01 -1.5955082778e-02 1.5812240401e-02
1.0840000000e+01 -1.5599562552e-02 1.4885106999e-02
1.0841000000e+01 -1.5242488664e-02 1.3951362784e-02
1.0842000000e+01 -1.4884254528e-02 1.3011139406e-02
1.0843000000e+01 -1.4525259111e-02 1.2064579930e-02
1.0844000000e+01 -1.4165905497e-02 1.1111838992e-02
1.0845000000e+01 -1.3806599448e-02 1.0153082924e-02
1.0846000000e+01 -1.3447747946e-02 9.1884898508e-03
1.0847000000e+01 -1.3089757741e-02 8.2182497277e-03
1.0848000000e+01 -1.2733033903e-02 7.2425643359e-03
1.0849000000e+01 -1.2377978398e-02 6.2616472040e-03
1.0850000000e+01 -1.2024988690e-02 5.2757234576e-03
1.0851000000e+01 -1.1674456382e-02 4.2850295835e-03
1.0852000000e+01 -1.1326765909e-02 3.2898131024e-03
1.0853000000e+01 -1.0982293289e-02 2.2903321414e-03
1.0854000000e+01 -1.0641404942e-02 1.2868549024e-03
1.0855000000e+01 -1.0304456587e-02 2.7965902214e-04
1.0856000000e+01 -9.9717922303e-03 -7.3096917787e-04
1.0857000000e+01 -9.6437432461e-03 -1.7447355503e-03
1.0858000000e+01 -9.3206275634e-03 -2.7613390873e-03
1.0859000000e+01 -9.0027489626e-03 -3.7804729861e-03
1.0860000000e+01 -8.6903964884e-03 -4.8018258067e-03
1.0861000000e+01 -8.3838439841e-03 -5.8250827111e-03
1.0862000000e+01 -8.0833497503e-03 -6.8499267714e-03
1.0863000000e+01 -7.7891563285e-03 -7.8760403293e-03
1.0864000000e+01 -7.5014904121e-03 -8.9031063916e-03
1.0865000000e+01 -7.2205628792e-03 -9.9308100416e-03
1.0866000000e+01 -6.9465689482e-03 -1.0958839845e-02
1.0867000000e+01 -6.6796884463e-03 -1.1986889229e-02
1.0868000000e+01 -6.4200861873e-03 -1.3014657815e-02
1.0869000000e+01 -6.1679124474e-03 -1.4041852680e-02
1.0870000000e+01 -5.9233035290e-03 -1.5068189527e-02
1.0871000000e+01 -5.6863824020e-03 -1.6093393747e-02
1.0872000000e+01 -5.4572594071e-03 -1.7117201350e-02
1.0873000000e+01 -5.2360330089e-03 -1.8139359762e-02
1.0874000000e+01 -5.0227905848e-03 -1.9159628454e-02
1.0875000000e+01 -4.8176092332e-03 -2.0177779419e-02
1.0876000000e+01 -4.6205565889e-03 -2.1193597475e-02
1.0877000000e+01 -4.4316916312e-03 -2.2206880399e-02
1.0878000000e+01 -4.2510654720e-03 -2.3217438885e-02
1.0879000000e+01 -4.0787221139e-03 -2.4225096347e-02
1.0880000000e+01 -3.9146991671e-03 -2.5229688557e-02
1.0881000000e+01 -3.7590285198e-03 -2.6231063143e-02
1.0882000000e+01 -3.6117369545e-03 -2.7229078949e-02
1.0883000000e+01 -3.4728467091e-03 -2.8223605284e-02
1.0884000000e+01 -3.3423759803e-03 -2.9214521061e-02
1.0885000000e+01 -3.2203393710e-03 -3.0201713864e-02
1.0886000000e+01 -3.1067482856e-03 -3.1185078940e-02
1.0887000000e+01 -3.0016112762e-03 -3.2164518142e-02
1.0888000000e+01 -2.9049343485e-03 -3.3139938848e-02
1.0889000000e+01 -2.8167212330e-03 -3.4111252856e-02
1.0890000000e+01 -2.7369736298e-03 -3.5078375280e-02
1.0891000000e+01 -2.6656914364e-03 -3.6041223456e-02
1.0892000000e+01 -2.6028729656e-03 -3.6999715866e-02
1.0893000000e+01 -2.5485151614e-03 -3.7953771092e-02
1.0894000000e+01 -2.5026138190e-03 -3.8903306813e-02
1.0895000000e+01 -2.4651638149e-03 -3.9848238825e-02
1.0896000000e+01 -2.4361593491e-03 -4.0788480123e-02
1.0897000000e+01 -2.4155942023e-03 -4.1723940011e-02
1.0898000000e+01 -2.4034620064e-03 -4.2654523264e-02
1.0899000000e+01 -2.3997565261e-03 -4.3580129333e-02
1.0900000000e+01 -2.4044719470e-03 -4.4500651585e-02
1.0901000000e+01 -2.4176031640e-03 -4.5415976585e-02
1.0902000000e+01 -2.4391460601e-03 -4.6325983414e-02
1.0903000000e+01 -2.4690977681e-03 -4.7230543024e-02
1.0904000000e+01 -2.5074569027e-03 -4.8129517622e-02
1.0905000000e+01 -2.5542237528e-03 -4.9022760094e-02
1.0906000000e+01 -2.6094004217e-03 -4.9910113458e-02
1.0907000000e+01 -2.6729909037e-03 -5.0791410361e-02
1.0908000000e+01 -2.7450010876e-03 -5.1666472615e-02
1.0909000000e+01 -2.8254386750e-03 -5.2535110780e-02
1.0910000000e+01 -2.9143130084e-03 -5.3397123809e-02
1.0911000000e+01 -3.0116347991e-03 -5.4252298741e-02
1.0912000000e+01 -3.1174157532e-03 -5.5100410486e-02
1.0913000000e+01 -3.2316680931e-03 -5.5941221674e-02
1.0914000000e+01 -3.3544039734e-03 -5.6774482608e-02
1.0915000000e+01 -3.4856347964e-03 -5.7599931314e-02
1.0916000000e+01 -3.6253704314e-03 -5.8417293710e-02
1.0917000000e+01 -3.7736183469e-03 -5.9226283887e-02
1.0918000000e+01 -3.9303826656e-03 -6.0026604526e-02
1.0919000000e+01 -4.0956631562e-03 -6.0817947449e-02
1.0920000000e+01 -4.2694541760e-03 -6.1599994308e-02
1.0921000000e+01 -4.4517435820e-03 -6.2372417408e-02
1.0922000000e+01 -4.6425116275e-03 -6.3134880676e-02
1.0923000000e+01 -4.8417298643e-03 -6.3887040754e-02
1.0924000000e+01 -5.0493600689e-03 -6.4628548224e-02
1.0925000000e+01 -5.2653532123e-03 -6.5359048937e-02
1.0926000000e+01 -5.4896484933e-03 -6.6078185450e-02
1.0927000000e+01 -5.7221724506e-03 -6.6785598537e-02
1.0928000000e+01 -5.9628381730e-03 -6.7480928770e-02
1.0929000000e+01 -6.2115446195e-03 -6.8163818133e-02
1.0930000000e+01 -6.4681760630e-03 -6.8833911660e-02
1.0931000000e+01 -6.7326016658e-03 -6.9490859068e-02
1.0932000000e+01 -7.0046751940e-03 -7.0134316354e-02
1.0933000000e+01 -7.2842348733e-03 -7.0763947345e-02
1.0934000000e+01 -7.5711033871e-03 -7.1379425173e-02
1.0935000000e+01 -7.8650880127e-03 -7.1980433645e-02
1.0936000000e+01 -8.1659808900e-03 -7.2566668504e-02
1.0937000000e+01 -8.4735594131e-03 -7.3137838561e-02
1.0938000000e+01 -8.7875867335e-03 -7.3693666672e-02
1.0939000000e+01 -9.1078123597e-03 -7.4233890575e-02
1.0940000000e+01 -9.4339728394e-03 -7.4758263563e-02
1.0941000000e+01 -9.7657925063e-03 -7.5266554994e-02
1.0942000000e+01 -1.0102984274e-02 -7.5758550655e-02
1.0943000000e+01 -1.0445250461e-02 -7.6234052970e-02
1.0944000000e+01 -1.0792283630e-02 -7.6692881074e-02
1.0945000000e+01 -1.1143767422e-02 -7.7134870756e-02
1.0946000000e+01 -1.1499377385e-02 -7.7559874305e-02
1.0947000000e+01 -1.1858781761e-02 -7.7967760253e-02
1.0948000000e+01 -1.2221642255e-02 -7.8358413054e-02
1.0949000000e+01 -1.2587614752e-02 -7.8731732712e-02
1.0950000000e+01 -1.2956349989e-02 -7.9087634374e-02
1.0951000000e+01 -1.3327494193e-02 -7.9426047912e-02
1.0952000000e+01 -1.3700689663e-02 -7.9746917508e-02
1.0953000000e+01 -1.4075575323e-02 -8.0050201261e-02
1.0954000000e+01 -1.4451787239e-02 -8.0335870819e-02
1.0955000000e+01 -1.4828959116e-02 -8.0603911060e-02
1.0956000000e+01 -1.5206722775e-02 -8.0854319815e-02
1.0957000000e+01 -1.5584708632e-02 -8.1087107641e-02
1.0958000000e+01 -1.5962546179e-02 -8.1302297654e-02
1.0959000000e+01 -1.6339864475e-02 -8.1499925394e-02
1.0960000000e+01 -1.6716292668e-02 -8.1680038754e-02
1.0961000000e+01 -1.7091460542e-02 -8.1842697927e-02
1.0962000000e+01 -1.7464999098e-02 -8.1987975391e-02
1.0963000000e+01 -1.7836541185e-02 -8.2115955910e-02
1.0964000000e+01 -1.8205722161e-02 -8.2226736534e-02
1.0965000000e+01 -1.8572180605e-02 -8.2320426599e-02
1.0966000000e+01 -1.8935559073e-02 -8.2397147706e-02
1.0967000000e+01 -1.9295504885e-02 -8.2457033672e-02
1.0968000000e+01 -1.9651670959e-02 -8.2500230437e-02
1.0969000000e+01 -2.0003716661e-02 -8.2526895926e-02
1.0970000000e+01 -2.0351308692e-02 -8.2537199849e-02
1.0971000000e+01 -2.0694121980e-02 -8.2531323433e-02
1.0972000000e+01 -2.1031840583e-02 -8.2509459089e-02
1.0973000000e+01 -2.1364158592e-02 -8.2471810000e-02
1.0974000000e+01 -2.1690781018e-02 -8.2418589633e-02
1.0975000000e+01 -2.2011424670e-02 -8.2350021184e-02
1.0976000000e+01 -2.2325818990e-02 -8.2266336936e-02
1.0977000000e+01 -2.2633706868e-02 -8.2167777566e-02
1.0978000000e+01 -2.2934845396e-02 -8.2054591383e-02
1.0979000000e+01 -2.3229006583e-02 -8.1927033511e-02
1.0980000000e+01 -2.3515978004e-02 -8.1785365046e-02
1.0981000000e+01 -2.3795563387e-02 -8.1629852166e-02
1.0982000000e+01 -2.4067583127e-02 -8.1460765239e-02
1.0983000000e+01 -2.4331874732e-02 -8.1278377920e-02
1.0984000000e+01 -2.4588293181e-02 -8.1082966267e-02
1.0985000000e+01 -2.4836711214e-02 -8.0874807875e-02
1.0986000000e+01 -2.5077019526e-02 -8.0654181053e-02
1.0987000000e+01 -2.5309126888e-02 -8.0421364049e-02
1.0988000000e+01 -2.5532960173e-02 -8.0176634336e-02
1.0989000000e+01 -2.5748464311e-02 -7.9920267972e-02
1.0990000000e+01 -2.5955602142e-02 -7.9652539023e-02
1.0991000000e+01 -2.6154354204e-02 -7.9373719082e-02
1.0992000000e+01 -2.6344718427e-02 -7.9084076859e-02
1.0993000000e+01 -2.6526709755e-02 -7.8783877856e-02
1.0994000000e+01 -2.6700359690e-02 -7.8473384116e-02
1.0995000000e+01 -2.6865715761e-02 -7.8152854055e-02
1.0996000000e+01 -2.7022840929e-02 -7.7822542345e-02
1.0997000000e+01 -2.7171812922e-02 -7.7482699871e-02
1.0998000000e+01 -2.7312723517e-02 -7.7133573720e-02
1.0999000000e+01 -2.7445677759e-02 -7.6775407218e-02
1.1000000000e+01 -2.7570793141e-02 -7.6408439985e-02
1.1001000000e+01 -2.7688198729e-02 -7.6032908011e-02
1.1002000000e+01 -2.7798034261e-02 -7.5649043729e-02
1.1003000000e+01 -2.7900449211e-02 -7.5257076084e-02
1.1004000000e+01 -2.7995601826e-02 -7.4857230586e-02
1.1005000000e+01 -2.8083658148e-02 -7.4449729340e-02
1.1006000000e+01 -2.8164791025e-02 -7.4034791041e-02
1.1007000000e+01 -2.8239179114e-02 -7.3612630941e-02
1.1008000000e+01 -2.8307005887e-02 -7.3183460769e-02
1.1009000000e+01 -2.8368458639e-02 -7.2747488617e-02
1.1010000000e+01 -2.8423727512e-02 -7.2304918778e-02
1.1011000000e+01 -2.8473004530e-02 -7.1855951556e-02
1.1012000000e+01 -2.8516482661e-02 -7.1400783021e-02
1.1013000000e+01 -2.8554354895e-02 -7.0939604750e-02
1.1014000000e+01 -2.8586813359e-02 -7.0472603525e-02
1.1015000000e+01 -2.8614048460e-02 -6.9999961008e-02
1.1016000000e+01 -2.8636248062e-02 -6.9521853410e-02
1.1017000000e+01 -2.8653596700e-02 -6.9038451129e-02
1.1018000000e+01 -2.8666274841e-02 -6.8549918401e-02
1.1019000000e+01 -2.8674458172e-02 -6.8056412940e-02
1.1020000000e+01 -2.8678316942e-02 -6.7558085589e-02
1.1021000000e+01 -2.8678015342e-02 -6.7055079985e-02
1.1022000000e+01 -2.8673710928e-02 -6.6547532245e-02
1.1023000000e+01 -2.8665554090e-02 -6.6035570674e-02
1.1024000000e+01 -2.8653687553e-02 -6.5519315509e-02
1.1025000000e+01 -2.8638245935e-02 -6.4998878690e-02
1.1026000000e+01 -2.8619355329e-02 -6.4474363678e-02
1.1027000000e+01 -2.8597132926e-02 -6.3945865312e-02
1.1028000000e+01 -2.8571686683e-02 -6.3413469706e-02
1.1029000000e+01 -2.8543115006e-02 -6.2877254202e-02
1.1030000000e+01 -2.8511506480e-02 -6.2337287356e-02
1.1031000000e+01 -2.8476939618e-02 -6.1793628981e-02
1.1032000000e+01 -2.8439482642e-02 -6.1246330227e-02
1.1033000000e+01 -2.8399193285e-02 -6.0695433701e-02
1.1034000000e+01 -2.8356118623e-02 -6.0140973626e-02
1.1035000000e+01 -2.8310294932e-02 -5.9582976035e-02
1.1036000000e+01 -2.8261747564e-02 -5.9021458984e-02
1.1037000000e+01 -2.8210490859e-02 -5.8456432792e-02
1.1038000000e+01 -2.8156528080e-02 -5.7887900290e-02
1.1039000000e+01 -2.8099851385e-02 -5.7315857088e-02
1.1040000000e+01 -2.8040441823e-02 -5.6740291827e-02
1.1041000000e+01 -2.7978269382e-02 -5.6161186444e-02
1.1042000000e+01 -2.7913293063e-02 -5.5578516412e-02
1.1043000000e+01 -2.7845461010e-02 -5.4992250976e-02
1.1044000000e+01 -2.7774710682e-02 -5.4402353369e-02
1.1045000000e+01 -2.7700969072e-02 -5.3808780998e-02
1.1046000000e+01 -2.7624152983e-02 -5.3211485621e-02
1.1047000000e+01 -2.7544169358e-02 -5.2610413495e-02
1.1048000000e+01 -2.7460915660e-02 -5.2005505505e-02
1.1049000000e+01 -2.7374280314e-02 -5.1396697274e-02
1.1050000000e+01 -2.7284143197e-02 -5.0783919256e-02
1.1051000000e+01 -2.7190376193e-02 -5.0167096829e-02
1.1052000000e+01 -2.7092843790e-02 -4.9546150368e-02
1.1053000000e+01 -2.6991403736e-02 -4.8920995334e-02
1.1054000000e+01 -2.6885907748e-02 -4.8291542362e-02
1.1055000000e+01 -2.6776202264e-02 -4.7657697363e-02
1.1056000000e+01 -2.6662129242e-02 -4.7019361651e-02
1.1057000000e+01 -2.6543527009e-02 -4.6376432093e-02
1.1058000000e+01 -2.6420231151e-02 -4.5728801288e-02
1.1059000000e+01 -2.6292075440e-02 -4.5076357787e-02
1.1060000000e+01 -2.6158892808e-02 -4.4418986349e-02
1.1061000000e+01 -2.6020516353e-02 -4.3756568240e-02
1.1062000000e+01 -2.5876780384e-02 -4.3088981575e-02
1.1063000000e+01 -2.5727521499e-02 -4.2416101706e-02
1.1064000000e+01 -2.5572579694e-02 -4.1737801653e-02
1.1065000000e+01 -2.5411799498e-02 -4.1053952576e-02
1.1066000000e+01 -2.5245031138e-02 -4.0364424287e-02
1.1067000000e+01 -2.5072131711e-02 -3.9669085794e-02
1.1068000000e+01 -2.4892966382e-02 -3.8967805884e-02
1.1069000000e+01 -2.4707409583e-02 -3.8260453726e-02
1.1070000000e+01 -2.4515346205e-02 -3.7546899489e-02
1.1071000000e+01 -2.4316672786e-02 -3.6827014993e-02
1.1072000000e+01 -2.4111298678e-02 -3.6100674349e-02
1.1073000000e+01 -2.3899147178e-02 -3.5367754612e-02
1.1074000000e+01 -2.3680156621e-02 -3.4628136434e-02
1.1075000000e+01 -2.3454281414e-02 -3.3881704703e-02
1.1076000000e+01 -2.3221493008e-02 -3.3128349173e-02
1.1077000000e+01 -2.2981780792e-02 -3.2367965074e-02
1.1078000000e+01 -2.2735152897e-02 -3.1600453701e-02
1.1079000000e+01 -2.2481636899e-02 -3.0825722982e-02
1.1080000000e+01 -2.2221280419e-02 -3.0043688013e-02
1.1081000000e+01 -2.1954151606e-02 -2.9254271566e-02
1.1082000000e+01 -2.1680339494e-02 -2.8457404561e-02
1.1083000000e+01 -2.1399954243e-02 -2.7653026512e-02
1.1084000000e+01 -2.1113127235e-02 -2.6841085935e-02
1.1085000000e+01 -2.0820011060e-02 -2.6021540721e-02
1.1086000000e+01 -2.0520779356e-02 -2.5194358482e-02
1.1087000000e+01 -2.0215626535e-02 -2.4359516866e-02
1.1088000000e+01 -1.9904767382e-02 -2.3517003835e-02
1.1089000000e+01 -1.9588436532e-02 -2.2666817926e-02
1.1090000000e+01 -1.9266887851e-02 -2.1808968488e-02
1.1091000000e+01 -1.8940393696e-02 -2.0943475890e-02
1.1092000000e+01 -1.8609244093e-02 -2.0070371716e-02
1.1093000000e+01 -1.8273745817e-02 -1.9189698953e-02
1.1094000000e+01 -1.7934221394e-02 -1.8301512150e-02
1.1095000000e+01 -1.7591008028e-02 -1.7405877582e-02
1.1096000000e+01 -1.7244456462e-02 -1.6502873394e-02
1.1097000000e+01 -1.6894929772e-02 -1.5592589740e-02
1.1098000000e+01 -1.6542802110e-02 -1.4675128912e-02
1.1099000000e+01 -1.6188457395e-02 -1.3750605449e-02
1.1100000000e+01 -1.5832287958e-02 -1.2819146238e-02
1.1101000000e+01 -1.5474693151e-02 -1.1880890584e-02
1.1102000000e+01 -1.5116077910e-02 -1.0935990256e-02
1.1103000000e+01 -1.4756851305e-02 -9.9846094954e-03
1.1104000000e+01 -1.4397425057e-02 -9.0269249746e-03
1.1105000000e+01 -1.4038212040e-02 -8.0631257075e-03
1.1106000000e+01 -1.3679624789e-02 -7.0934128911e-03
1.1107000000e+01 -1.3322073992e-02 -6.1179996754e-03
1.1108000000e+01 -1.2965967015e-02 -5.1371108505e-03
1.1109000000e+01 -1.2611706444e-02 -4.1509824434e-03
1.1110000000e+01 -1.2259688665e-02 -3.1598612175e-03
1.1111000000e+01 -1.1910302499e-02 -2.1640040709e-03
1.1112000000e+01 -1.1563927908e-02 -1.1636773290e-03
1.1113000000e+01 -1.1220934773e-02 -1.5915593311e-04
1.1114000000e+01 -1.0881681771e-02 8.4927747526e-04
1.1115000000e+01 -1.0546515361e-02 1.8613335680e-03
1.1116000000e+01 -1.0215768883e-02 2.8767174356e-03
1.1117000000e+01 -9.8897617961e-03 3.8951297732e-03
1.1118000000e+01 -9.5687990390e-03 4.9162681361e-03
1.1119000000e+01 -9.2531705483e-03 5.9398282491e-03
1.1120000000e+01 -8.9431509141e-03 6.9655053539e-03
1.1121000000e+01 -8.6389991851e-03 7.9929955755e-03
1.1122000000e+01 -8.3409588183e-03 9.0219972890e-03
1.1123000000e+01 -8.0492577679e-03 1.0052212467e-02
1.1124000000e+01 -7.7641087056e-03 1.1083347985e-02
1.1125000000e+01 -7.4857093638e-03 1.2115116869e-02
1.1126000000e+01 -7.2142429873e-03 1.3147239460e-02
1.1127000000e+01 -6.9498788812e-03 1.4179444486e-02
1.1128000000e+01 -6.6927730391e-03 1.5211470007e-02
1.1129000000e+01 -6.4430688356e-03 1.6243064247e-02
1.1130000000e+01 -6.2008977654e-03 1.7273986262e-02
1.1131000000e+01 -5.9663802149e-03 1.8304006478e-02
1.1132000000e+01 -5.7396262468e-03 1.9332907044e-02
1.1133000000e+01 -5.5207363850e-03 2.0360482037e-02
1.1134000000e+01 -5.3098023845e-03 2.1386537487e-02
1.1135000000e+01 -5.1069079729e-03 2.2410891241e-02
1.1136000000e+01 -4.9121295539e-03 2.3433372661e-02
1.1137000000e+01 -4.7255368625e-03 2.4453822159e-02
1.1138000000e+01 -4.5471935652e-03 2.5472090594e-02
1.1139000000e+01 -4.3771577994e-03 2.6488038524e-02
1.1140000000e+01 -4.2154826498e-03 2.7501535335e-02
1.1141000000e+01 -4.0622165597e-03 2.8512458264e-02
1.1142000000e+01 -3.9174036786e-03 2.9520691331e-02
1.1143000000e+01 -3.7810841480e-03 3.0526124198e-02
1.1144000000e+01 -3.6532943307e-03 3.1528650973e-02
1.1145000000e+01 -3.5340669878e-03 3.2528168978e-02
1.1146000000e+01 -3.4234314118e-03 3.3524577503e-02
1.1147000000e+01 -3.3214135230e-03 3.4517776564e-02
1.1148000000e+01 -3.2280359373e-03 3.5507665677e-02
1.1149000000e+01 -3.1433180163e-03 3.6494142669e-02
1.1150000000e+01 -3.0672759071e-03 3.7477102544e-02
1.1151000000e+01 -2.9999225825e-03 3.8456436407e-02
1.1152000000e+01 -2.9412678888e-03 3.9432030463e-02
1.1153000000e+01 -2.8913186106e-03 4.0403765100e-02
1.1154000000e+01 -2.8500785568e-03 4.1371514055e-02
1.1155000000e+01 -2.8175486761e-03 4.2335143676e-02
1.1156000000e+01 -2.7937272021e-03 4.3294512270e-02
1.1157000000e+01 -2.7786098320e-03 4.4249469551e-02
1.1158000000e+01 -2.7721899367e-03 4.5199856166e-02
1.1159000000e+01 -2.7744588009e-03 4.6145503318e-02
1.1160000000e+01 -2.7854058873e-03 4.7086232460e-02
1.1161000000e+01 -2.8050191180e-03 4.8021855069e-02
1.1162000000e+01 -2.8332851664e-03 4.8952172488e-02
1.1163000000e+01 -2.8701897464e-03 4.9876975833e-02
1.1164000000e+01 -2.9157178903e-03 5.0796045955e-02
1.1165000000e+01 -2.9698542013e-03 5.1709153463e-02
1.1166000000e+01 -3.0325830688e-03 5.2616058788e-02
1.1167000000e+01 -3.1038888336e-03 5.3516512304e-02
1.1168000000e+01 -3.1837558910e-03 5.4410254492e-02
1.1169000000e+01 -3.2721687211e-03 5.5297016154e-02
1.1170000000e+01 -3.3691118360e-03 5.6176518673e-02
1.1171000000e+01 -3.4745696373e-03 5.7048474329e-02
1.1172000000e+01 -3.5885261774e-03 5.7912586665e-02
1.1173000000e+01 -3.7109648225e-03 5.8768550916e-02
1.1174000000e+01 -3.8418678171e-03 5.9616054500e-02
1.1175000000e+01 -3.9812157526e-03 6.0454777580e-02
1.1176000000e+01 -4.1289869461e-03 6.1284393688e-02
1.1177000000e+01 -4.2851567377e-03 6.2104570435e-02
1.1178000000e+01 -4.4496967185e-03 6.2914970294e-02
1.1179000000e+01 -4.6225739017e-03 6.3715251459e-02
1.1180000000e+01 -4.8037498540e-03 6.4505068778e-02
1.1181000000e+01 -4.9931798051e-03 6.5284074770e-02
1.1182000000e+01 -5.1908117522e-03 6.6051920697e-02
1.1183000000e+01 -5.3965855810e-03 6.6808257707e-02
1.1184000000e+01 -5.6104322212e-03 6.7552738021e-02
1.1185000000e+01 -5.8322728555e-03 6.8285016169e-02
1.1186000000e+01 -6.0620181999e-03 6.9004750243e-02
1.1187000000e+01 -6.2995678708e-03 6.9711603167e-02
1.1188000000e+01 -6.5448098519e-03 7.0405243956e-02
1.1189000000e+01 -6.7976200722e-03 7.1085348964e-02
1.1190000000e+01 -7.0578621024e-03 7.1751603075e-02
1.1191000000e+01 -7.3253869744e-03 7.2403700851e-02
1.1192000000e+01 -7.6000331234e-03 7.3041347592e-02
1.1193000000e+01 -7.8816264524e-03 7.3664260310e-02
1.1194000000e+01 -8.1699805109e-03 7.4272168601e-02
1.1195000000e+01 -8.4648967808e-03 7.4864815386e-02
1.1196000000e+01 -8.7661650571e-03 7.5441957533e-02
1.1197000000e+01 -9.0735639100e-03 7.6003366341e-02
1.1198000000e+01 -9.3868612139e-03 7.6548827882e-02
1.1199000000e+01 -9.7058147256e-03 7.7078143207e-02
1.1200000000e+01 -1.0030172697e-02 7.7591128414e-02
1.1201000000e+01 -1.0359674503e-02 7.8087614590e-02
1.1202000000e+01 -1.0694051275e-02 7.8567447625e-02
1.1203000000e+01 -1.1033026511e-02 7.9030487935e-02
1.1204000000e+01 -1.1376316677e-02 7.9476610083e-02
1.1205000000e+01 -1.1723631755e-02 7.9905702335e-02
1.1206000000e+01 -1.2074675755e-02 8.0317666163e-02
1.1207000000e+01 -1.2429147181e-02 8.0712415717e-02
1.1208000000e+01 -1.2786739436e-02 8.1089877288e-02
1.1209000000e+01 -1.3147141183e-02 8.1449988779e-02
1.1210000000e+01 -1.3510036651e-02 8.1792699203e-02
1.1211000000e+01 -1.3875105902e-02 8.2117968236e-02
1.1212000000e+01 -1.4242025056e-02 8.2425765816e-02
1.1213000000e+01 -1.4610466488e-02 8.2716071825e-02
1.1214000000e+01 -1.4980099014e-02 8.2988875846e-02
1.1215000000e+01 -1.5350588056e-02 8.3244177001e-02
1.1216000000e+01 -1.5721595829e-02 8.3481983880e-02
1.1217000000e+01 -1.6092781531e-02 8.3702314549e-02
1.1218000000e+01 -1.6463801570e-02 8.3905196630e-02
1.1219000000e+01 -1.6834309823e-02 8.4090667459e-02
1.1220000000e+01 -1.7203957956e-02 8.4258774284e-02
1.1221000000e+01 -1.7572395792e-02 8.4409574517e-02
1.1222000000e+01 -1.7939271752e-02 8.4543136007e-02
1.1223000000e+01 -1.8304233365e-02 8.4659537324e-02
1.1224000000e+01 -1.8666927860e-02 8.4758868032e-02
1.1225000000e+01 -1.9027002831e-02 8.4841228947e-02
1.1226000000e+01 -1.9384106986e-02 8.4906732347e-02
1.1227000000e+01 -1.9737890972e-02 8.4955502143e-02
1.1228000000e+01 -2.0088008274e-02 8.4987673970e-02
1.1229000000e+01 -2.0434116189e-02 8.5003395214e-02
1.1230000000e+01 -2.0775876856e-02 8.5002824954e-02
1.1231000000e+01 -2.1112958343e-02 8.4986133814e-02
1.1232000000e+01 -2.1445035780e-02 8.4953503728e-02
1.1233000000e+01 -2.1771792520e-02 8.4905127616e-02
1.1234000000e+01 -2.2092921325e-02 8.4841208963e-02
1.1235000000e+01 -2.2408125554e-02 8.4761961334e-02
1.1236000000e+01 -2.2717120343e-02 8.4667607791e-02
1.1237000000e+01 -2.3019633761e-02 8.4558380262e-02
1.1238000000e+01 -2.3315407932e-02 8.4434518845e-02
1.1239000000e+01 -2.3604200093e-02 8.4296271067e-02
1.1240000000e+01 -2.3885783593e-02 8.4143891117e-02
1.1241000000e+01 -2.4159948798e-02 8.3977639049e-02
1.1242000000e+01 -2.4426503909e-02 8.3797779994e-02
1.1243000000e+01 -2.4685275667e-02 8.3604583359e-02
1.1244000000e+01 -2.4936109933e-02 8.3398322060e-02
1.1245000000e+01 -2.5178872151e-02 8.3179271776e-02
1.1246000000e+01 -2.5413447673e-02 8.2947710240e-02
1.1247000000e+01 -2.5639741942e-02 8.2703916579e-02
1.1248000000e+01 -2.5857680539e-02 8.2448170702e-02
1.1249000000e+01 -2.6067209094e-02 8.2180752754e-02
1.1250000000e+01 -2.6268293054e-02 8.1901942614e-02
1.1251000000e+01 -2.6460917322e-02 8.1612019467e-02
1.1252000000e+01 -2.6645085774e-02 8.1311261426e-02
1.1253000000e+01 -2.6820820656e-02 8.0999945211e-02
1.1254000000e+01 -2.6988161876e-02 8.0678345884e-02
1.1255000000e+01 -2.7147166201e-02 8.0346736620e-02
1.1256000000e+01 -2.7297906369e-02 8.0005388525e-02
1.1257000000e+01 -2.7440470131e-02 7.9654570478e-02
1.1258000000e+01 -2.7574959235e-02 7.9294548996e-02
1.1259000000e+01 -2.7701488362e-02 7.8925588112e-02
1.1260000000e+01 -2.7820184029e-02 7.8547949257e-02
1.1261000000e+01 -2.7931183471e-02 7.8161891134e-02
1.1262000000e+01 -2.8034633507e-02 7.7767669581e-02
1.1263000000e+01 -2.8130689412e-02 7.7365537410e-02
1.1264000000e+01 -2.8219513794e-02 7.6955744223e-02
1.1265000000e+01 -2.8301275487e-02 7.6538536186e-02
1.1266000000e+01 -2.8376148469e-02 7.6114155777e-02
1.1267000000e+01 -2.8444310816e-02 7.5682841481e-02
1.1268000000e+01 -2.8505943686e-02 7.5244827457e-02
1.1269000000e+01 -2.8561230347e-02 7.4800343151e-02
1.1270000000e+01 -2.8610355257e-02 7.4349612878e-02
1.1271000000e+01 -2.8653503179e-02 7.3892855366e-02
1.1272000000e+01 -2.8690858361e-02 7.3430283264e-02
1.1273000000e+01 -2.8722603757e-02 7.2962102634e-02
1.1274000000e+01 -2.8748920307e-02 7.2488512413e-02
1.1275000000e+01 -2.8769986264e-02 7.2009703873e-02
1.1276000000e+01 -2.8785976573e-02 7.1525860078e-02
1.1277000000e+01 -2.8797062301e-02 7.1037155349e-02
1.1278000000e+01 -2.8803410111e-02 7.0543754749e-02
1.1279000000e+01 -2.8805181779e-02 7.0045813593e-02
1.1280000000e+01 -2.8802533749e-02 6.9543477003e-02
1.1281000000e+01 -2.8795616727e-02 6.9036879507e-02
1.1282000000e+01 -2.8784575301e-02 6.8526144700e-02
1.1283000000e+01 -2.8769547589e-02 6.8011384970e-02
1.1284000000e+01 -2.8750664911e-02 6.7492701297e-02
1.1285000000e+01 -2.8728051473e-02 6.6970183134e-02
1.1286000000e+01 -2.8701824067e-02 6.6443908377e-02
1.1287000000e+01 -2.8672091787e-02 6.5913943409e-02
1.1288000000e+01 -2.8638955739e-02 6.5380343250e-02
1.1289000000e+01 -2.8602508772e-02 6.4843151782e-02
1.1290000000e+01 -2.8562835207e-02 6.4302402066e-02
1.1291000000e+01 -2.8520010572e-02 6.3758116732e-02
1.1292000000e+01 -2.8474101352e-02 6.3210308449e-02
1.1293000000e+01 -2.8425164747e-02 6.2658980457e-02
1.1294000000e+01 -2.8373248442e-02 6.2104127151e-02
1.1295000000e+01 -2.8318390409e-02 6.1545734707e-02
1.1296000000e+01 -2.8260618727e-02 6.0983781747e-02
1.1297000000e+01 -2.8199951434e-02 6.0418240011e-02
1.1298000000e+01 -2.8136396427e-02 5.9849075039e-02
1.1299000000e+01 -2.8069951400e-02 5.9276246840e-02
1.1300000000e+01 -2.8000603831e-02 5.8699710544e-02
1.1301000000e+01 -2.7928331031e-02 5.8119417014e-02
1.1302000000e+01 -2.7853100245e-02 5.7535313421e-02
1.1303000000e+01 -2.7774868814e-02 5.6947343760e-02
1.1304000000e+01 -2.7693584407e-02 5.6355449312e-02
1.1305000000e+01 -2.7609185301e-02 5.5759569032e-02
1.1306000000e+01 -2.7521600733e-02 5.5159639882e-02
1.1307000000e+01 -2.7430751300e-02 5.4555597085e-02
1.1308000000e+01 -2.7336549417e-02 5.3947374319e-02
1.1309000000e+01 -2.7238899822e-02 5.3334903846e-02
1.1310000000e+01 -2.7137700123e-02 5.2718116580e-02
1.1311000000e+01 -2.7032841382e-02 5.2096942115e-02
1.1312000000e+01 -2.6924208740e-02 5.1471308695e-02
1.1313000000e+01 -2.6811682056e-02 5.0841143170e-02
1.1314000000e+01 -2.6695136584e-02 5.0206370911e-02
1.1315000000e+01 -2.6574443662e-02 4.9566915726e-02
1.1316000000e+01 -2.6449471425e-02 4.8922699767e-02
1.1317000000e+01 -2.6320085529e-02 4.8273643447e-02
1.1318000000e+01 -2.6186149896e-02 4.7619665372e-02
1.1319000000e+01 -2.6047527474e-02 4.6960682302e-02
1.1320000000e+01 -2.5904081011e-02 4.6296609137e-02
1.1321000000e+01 -2.5755673850e-02 4.5627358953e-02
1.1322000000e+01 -2.5602170743e-02 4.4952843071e-02
1.1323000000e+01 -2.5443438681e-02 4.4272971177e-02
1.1324000000e+01 -2.5279347751e-02 4.3587651492e-02
1.1325000000e+01 -2.5109772002e-02 4.2896790991e-02
1.1326000000e+01 -2.4934590344e-02 4.2200295665e-02
1.1327000000e+01 -2.4753687454e-02 4.1498070837e-02
1.1328000000e+01 -2.4566954703e-02 4.0790021516e-02
1.1329000000e+01 -2.4374291086e-02 4.0076052793e-02
1.1330000000e+01 -2.4175604165e-02 3.9356070265e-02
1.1331000000e+01 -2.3970811006e-02 3.8629980498e-02
1.1332000000e+01 -2.3759839109e-02 3.7897691496e-02
1.1333000000e+01 -2.3542627319e-02 3.7159113201e-02
1.1334000000e+01 -2.3319126716e-02 3.6414157994e-02
1.1335000000e+01 -2.3089301474e-02 3.5662741194e-02
1.1336000000e+01 -2.2853129669e-02 3.4904781567e-02
1.1337000000e+01 -2.2610604044e-02 3.4140201807e-02
1.1338000000e+01 -2.2361732715e-02 3.3368929019e-02
1.1339000000e+01 -2.2106539811e-02 3.2590895172e-02
1.1340000000e+01 -2.1845066037e-02 3.1806037532e-02
1.1341000000e+01 -2.1577369167e-02 3.1014299074e-02
1.1342000000e+01 -2.1303524447e-02 3.0215628853e-02
1.1343000000e+01 -2.1023624911e-02 2.9409982365e-02
1.1344000000e+01 -2.0737781615e-02 2.8597321861e-02
1.1345000000e+01 -2.0446123764e-02 2.7777616643e-02
1.1346000000e+01 -2.0148798761e-02 2.6950843332e-02
1.1347000000e+01 -1.9845972148e-02 2.6116986106e-02
1.1348000000e+01 -1.9537827460e-02 2.5276036924e-02
1.1349000000e+01 -1.9224565982e-02 2.4427995721e-02
1.1350000000e+01 -1.8906406410e-02 2.3572870600e-02
1.1351000000e+01 -1.8583584427e-02 2.2710677999e-02
1.1352000000e+01 -1.8256352181e-02 2.1841442858e-02
1.1353000000e+01 -1.7924977684e-02 2.0965198783e-02
1.1354000000e+01 -1.7589744114e-02 2.0081988198e-02
1.1355000000e+01 -1.7250949047e-02 1.9191862510e-02
1.1356000000e+01 -1.6908903609e-02 1.8294882271e-02
1.1357000000e+01 -1.6563931543e-02 1.7391117341e-02
1.1358000000e+01 -1.6216368225e-02 1.6480647064e-02
1.1359000000e+01 -1.5866559599e-02 1.5563560441e-02
1.1360000000e+01 -1.5514861064e-02 1.4639956308e-02
1.1361000000e+01 -1.5161636306e-02 1.3709943509e-02
1.1362000000e+01 -1.4807256086e-02 1.2773641075e-02
1.1363000000e+01 -1.4452096988e-02 1.1831178380e-02
1.1364000000e+01 -1.4096540143e-02 1.0882695290e-02
1.1365000000e+01 -1.3740969922e-02 9.9283422904e-03
1.1366000000e+01 -1.3385772631e-02 8.9682805807e-03
1.1367000000e+01 -1.3031335187e-02 8.0026821345e-03
1.1368000000e+01 -1.2678043810e-02 7.0317297152e-03
1.1369000000e+01 -1.2326282725e-02 6.0556168380e-03
1.1370000000e+01 -1.1976432890e-02 5.0745476717e-03
1.1371000000e+01 -1.1628870754e-02 4.0887368729e-03
1.1372000000e+01 -1.1283967061e-02 3.0984093440e-03
1.1373000000e+01 -1.0942085697e-02 2.1037999119e-03
1.1374000000e+01 -1.0603582606e-02 1.1051529189e-03
1.1375000000e+01 -1.0268804761e-02 1.0272172573e-04
1.1376000000e+01 -9.9380892181e-03 -9.0323187890e-04
1.1377000000e+01 -9.6117622432e-03 -1.9124383597e-03
1.1378000000e+01 -9.2901385335e-03 -2.9246212079e-03
1.1379000000e+01 -8.9735205248e-03 -3.9394978021e-03
1.1380000000e+01 -8.6621978000e-03 -4.9567803512e-03
1.1381000000e+01 -8.3564465968e-03 -5.9761769127e-03
1.1382000000e+01 -8.0565294208e-03 -6.9973924764e-03
1.1383000000e+01 -7.7626947644e-03 -8.0201301013e-03
1.1384000000e+01 -7.4751769322e-03 -9.0440920947e-03
1.1385000000e+01 -7.1941959736e-03 -1.0068981215e-02
1.1386000000e+01 -6.9199577194e-03 -1.1094501883e-02
1.1387000000e+01 -6.6526539195e-03 -1.2120361386e-02
1.1388000000e+01 -6.3924624774e-03 -1.3146271054e-02
1.1389000000e+01 -6.1395477744e-03 -1.4171947388e-02
1.1390000000e+01 -5.8940610766e-03 -1.5197113126e-02
1.1391000000e+01 -5.6561410154e-03 -1.6221498227e-02
1.1392000000e+01 -5.4259141308e-03 -1.7244840751e-02
1.1393000000e+01 -5.2034954682e-03 -1.8266887639e-02
1.1394000000e+01 -4.9889892141e-03 -1.9287395350e-02
1.1395000000e+01 -4.7824893618e-03 -2.0306130376e-02
1.1396000000e+01 -4.5840803923e-03 -2.1322869610e-02
1.1397000000e+01 -4.3938379596e-03 -2.2337400563e-02
1.1398000000e+01 -4.2118295692e-03 -2.3349521442e-02
1.1399000000e+01 -4.0381152395e-03 -2.4359041075e-02
1.1400000000e+01 -3.8727481359e-03 -2.5365778699e-02
1.1401000000e+01 -3.7157751724e-03 -2.6369563615e-02
1.1402000000e+01 -3.5672375724e-03 -2.7370234722e-02
1.1403000000e+01 -3.4271713863e-03 -2.8367639934e-02
1.1404000000e+01 -3.2956079644e-03 -2.9361635510e-02
1.1405000000e+01 -3.1725743826e-03 -3.0352085296e-02
1.1406000000e+01 -3.0580938256e-03 -3.1338859898e-02
1.1407000000e+01 -2.9521859284e-03 -3.2321835809e-02
1.1408000000e+01 -2.8548670823e-03 -3.3300894496e-02
1.1409000000e+01 -2.7661507100e-03 -3.4275921465e-02
1.1410000000e+01 -2.6860475162e-03 -3.5246805316e-02
1.1411000000e+01 -2.6145657217e-03 -3.6213436802e-02
1.1412000000e+01 -2.5517112848e-03 -3.7175707901e-02
1.1413000000e+01 -2.4974881190e-03 -3.8133510905e-02
1.1414000000e+01 -2.4518983101e-03 -3.9086737543e-02
1.1415000000e+01 -2.4149423376e-03 -4.0035278131e-02
1.1416000000e+01 -2.3866193036e-03 -4.0979020766e-02
1.1417000000e+01 -2.3669271694e-03 -4.1917850549e-02
1.1418000000e+01 -2.3558629998e-03 -4.2851648852e-02
1.1419000000e+01 -2.3534232129e-03 -4.3780292625e-02
1.1420000000e+01 -2.3596038316e-03 -4.4703653737e-02
1.1421000000e+01 -2.3744007304e-03 -4.5621598353e-02
1.1422000000e+01 -2.3978098715e-03 -4.6533986345e-02
1.1423000000e+01 -2.4298275217e-03 -4.7440670736e-02
1.1424000000e+01 -2.4704504412e-03 -4.8341497172e-02
1.1425000000e+01 -2.5196760348e-03 -4.9236303431e-02
1.1426000000e+01 -2.5775024555e-03 -5.0124918951e-02
1.1427000000e+01 -2.6439286517e-03 -5.1007164406e-02
1.1428000000e+01 -2.7189543482e-03 -5.1882851304e-02
1.1429000000e+01 -2.8025799537e-03 -5.2751781633e-02
1.1430000000e+01 -2.8948063875e-03 -5.3613747550e-02
1.1431000000e+01 -2.9956348211e-03 -5.4468531122e-02
1.1432000000e+01 -3.1050663296e-03 -5.5315904130e-02
1.1433000000e+01 -3.2231014530e-03 -5.6155627939e-02
1.1434000000e+01 -3.3497396681e-03 -5.6987453448e-02
1.1435000000e+01 -3.4849787724e-03 -5.7811121128e-02
1.1436000000e+01 -3.6288141876e-03 -5.8626361154e-02
1.1437000000e+01 -3.7812381883e-03 -5.9432893651e-02
1.1438000000e+01 -3.9422390659e-03 -6.0230429039e-02
1.1439000000e+01 -4.1118002406e-03 -6.1018668513e-02
1.1440000000e+01 -4.2898993325e-03 -6.1797304631e-02
1.1441000000e+01 -4.4765072088e-03 -6.2566022038e-02
1.1442000000e+01 -4.6715870208e-03 -6.3324498310e-02
1.1443000000e+01 -4.8750932494e-03 -6.4072404912e-02
1.1444000000e+01 -5.0869707739e-03 -6.4809408283e-02
1.1445000000e+01 -5.3071539821e-03 -6.5535171012e-02
1.1446000000e+01 -5.5355659377e-03 -6.6249353118e-02
1.1447000000e+01 -5.7721176201e-03 -6.6951613398e-02
1.1448000000e+01 -6.0167072505e-03 -6.7641610842e-02
1.1449000000e+01 -6.2692197162e-03 -6.8319006089e-02
1.1450000000e+01 -6.5295261045e-03 -6.8983462899e-02
1.1451000000e+01 -6.7974833523e-03 -6.9634649635e-02
1.1452000000e+01 -7.0729340179e-03 -7.0272240711e-02
1.1453000000e+01 -7.3557061779e-03 -7.0895918010e-02
1.1454000000e+01 -7.6456134477e-03 -7.1505372229e-02
1.1455000000e+01 -7.9424551244e-03 -7.2100304146e-02
1.1456000000e+01 -8.2460164466e-03 -7.2680425788e-02
1.1457000000e+01 -8.5560689625e-03 -7.3245461485e-02
1.1458000000e+01 -8.8723709970e-03 -7.3795148799e-02
1.1459000000e+01 -9.1946682071e-03 -7.4329239323e-02
1.1460000000e+01 -9.5226942102e-03 -7.4847499333e-02
1.1461000000e+01 -9.8561712738e-03 -7.5349710314e-02
1.1462000000e+01 -1.0194811051e-02 -7.5835669340e-02
1.1463000000e+01 -1.0538315344e-02 -7.6305189321e-02
1.1464000000e+01 -1.0886376893e-02 -7.6758099137e-02
1.1465000000e+01 -1.1238680155e-02 -7.7194243645e-02
1.1466000000e+01 -1.1594902089e-02 -7.7613483604e-02
1.1467000000e+01 -1.1954712915e-02 -7.8015695497e-02
1.1468000000e+01 -1.2317776844e-02 -7.8400771305e-02
1.1469000000e+01 -1.2683752789e-02 -7.8768618212e-02
1.1470000000e+01 -1.3052295021e-02 -7.9119158286e-02
1.1471000000e+01 -1.3423053807e-02 -7.9452328134e-02
1.1472000000e+01 -1.3795675999e-02 -7.9768078553e-02
1.1473000000e+01 -1.4169805599e-02 -8.0066374192e-02
1.1474000000e+01 -1.4545084286e-02 -8.0347193226e-02
1.1475000000e+01 -1.4921151936e-02 -8.0610527055e-02
1.1476000000e+01 -1.5297647113e-02 -8.0856380046e-02
1.1477000000e+01 -1.5674207563e-02 -8.1084769293e-02
1.1478000000e+01 -1.6050470707e-02 -8.1295724429e-02
1.1479000000e+01 -1.6426074148e-02 -8.1489287460e-02
1.1480000000e+01 -1.6800656186e-02 -8.1665512638e-02
1.1481000000e+01 -1.7173856371e-02 -8.1824466356e-02
1.1482000000e+01 -1.7545316073e-02 -8.1966227063e-02
1.1483000000e+01 -1.7914679090e-02 -8.2090885186e-02
1.1484000000e+01 -1.8281592294e-02 -8.2198543062e-02
1.1485000000e+01 -1.8645706312e-02 -8.2289314854e-02
1.1486000000e+01 -1.9006676238e-02 -8.2363326459e-02
1.1487000000e+01 -1.9364162384e-02 -8.2420715384e-02
1.1488000000e+01 -1.9717831054e-02 -8.2461630595e-02
1.1489000000e+01 -2.0067355351e-02 -8.2486232317e-02
1.1490000000e+01 -2.0412415987e-02 -8.2494691798e-02
1.1491000000e+01 -2.0752702117e-02 -8.2487191004e-02
1.1492000000e+01 -2.1087912168e-02 -8.2463922270e-02
1.1493000000e+01 -2.1417754660e-02 -8.2425087886e-02
1.1494000000e+01 -2.1741949017e-02 -8.2370899612e-02
1.1495000000e+01 -2.2060226351e-02 -8.2301578147e-02
1.1496000000e+01 -2.2372330215e-02 -8.2217352526e-02
1.1497000000e+01 -2.2678017316e-02 -8.2118459465e-02
1.1498000000e+01 -2.2977058178e-02 -8.2005142652e-02
1.1499000000e+01 -2.3269237755e-02 -8.1877651999e-02
1.1500000000e+01 -2.3554355982e-02 -8.1736242854e-02
1.1501000000e+01 -2.3832228256e-02 -8.1581175184e-02
1.1502000000e+01 -2.4102685856e-02 -8.1412712750e-02
1.1503000000e+01 -2.4365576286e-02 -8.1231122265e-02
1.1504000000e+01 -2.4620763539e-02 -8.1036672574e-02
1.1505000000e+01 -2.4868128296e-02 -8.0829633837e-02
1.1506000000e+01 -2.5107568038e-02 -8.0610276757e-02
1.1507000000e+01 -2.5338997086e-02 -8.0378871835e-02
1.1508000000e+01 -2.5562346565e-02 -8.0135688689e-02
1.1509000000e+01 -2.5777564296e-02 -7.9880995423e-02
1.1510000000e+01 -2.5984614612e-02 -7.9615058063e-02
1.1511000000e+01 -2.6183478104e-02 -7.9338140068e-02
1.1512000000e+01 -2.6374151307e-02 -7.9050501908e-02
1.1513000000e+01 -2.6556646309e-02 -7.8752400722e-02
1.1514000000e+01 -2.6730990313e-02 -7.8444090044e-02
1.1515000000e+01 -2.6897225130e-02 -7.8125819597e-02
1.1516000000e+01 -2.7055406625e-02 -7.7797835157e-02
1.1517000000e+01 -2.7205604108e-02 -7.7460378469e-02
1.1518000000e+01 -2.7347899683e-02 -7.7113687208e-02
1.1519000000e+01 -2.7482387555e-02 -7.6757994991e-02
1.1520000000e+01 -2.7609173294e-02 -7.6393531408e-02
1.1521000000e+01 -2.7728373075e-02 -7.6020522079e-02
1.1522000000e+01 -2.7840112886e-02 -7.5639188719e-02
1.1523000000e+01 -2.7944527706e-02 -7.5249749205e-02
1.1524000000e+01 -2.8041760675e-02 -7.4852417634e-02
1.1525000000e+01 -2.8131962245e-02 -7.4447404367e-02
1.1526000000e+01 -2.8215289316e-02 -7.4034916052e-02
1.1527000000e+01 -2.8291904373e-02 -7.3615155614e-02
1.1528000000e+01 -2.8361974618e-02 -7.3188322222e-02
1.1529000000e+01 -2.8425671106e-02 -7.2754611218e-02
1.1530000000e+01 -2.8483167884e-02 -7.2314214014e-02
1.1531000000e+01 -2.8534641138e-02 -7.1867317954e-02
1.1532000000e+01 -2.8580268357e-02 -7.1414106141e-02
1.1533000000e+01 -2.8620227512e-02 -7.0954757247e-02
1.1534000000e+01 -2.8654696242e-02 -7.0489445279e-02
1.1535000000e+01 -2.8683851080e-02 -7.0018339343e-02
1.1536000000e+01 -2.8707866683e-02 -6.9541603375e-02
1.1537000000e+01 -2.8726915099e-02 -6.9059395876e-02
1.1538000000e+01 -2.8741165060e-02 -6.8571869633e-02
1.1539000000e+01 -2.8750781299e-02 -6.8079171445e-02
1.1540000000e+01 -2.8755923908e-02 -6.7581441850e-02
1.1541000000e+01 -2.8756747719e-02 -6.7078814876e-02
1.1542000000e+01 -2.8753401727e-02 -6.6571417792e-02
1.1543000000e+01 -2.8746028545e-02 -6.6059370896e-02
1.1544000000e+01 -2.8734763893e-02 -6.5542787323e-02
1.1545000000e+01 -2.8719736131e-02 -6.5021772877e-02
1.1546000000e+01 -2.8701065821e-02 -6.4496425905e-02
1.1547000000e+01 -2.8678865329e-02 -6.3966837198e-02
1.1548000000e+01 -2.8653238460e-02 -6.3433089933e-02
1.1549000000e+01 -2.8624280134e-02 -6.2895259645e-02
1.1550000000e+01 -2.8592076089e-02 -6.2353414242e-02
1.1551000000e+01 -2.8556702624e-02 -6.1807614051e-02
1.1552000000e+01 -2.8518226367e-02 -6.1257911893e-02
1.1553000000e+01 -2.8476704079e-02 -6.0704353197e-02
1.1554000000e+01 -2.8432182491e-02 -6.0146976128e-02
1.1555000000e+01 -2.8384698163e-02 -5.9585811751e-02
1.1556000000e+01 -2.8334277382e-02 -5.9020884196e-02
1.1557000000e+01 -2.8280936086e-02 -5.8452210852e-02
1.1558000000e+01 -2.8224679818e-02 -5.7879802550e-02
1.1559000000e+01 -2.8165503719e-02 -5.7303663762e-02
1.1560000000e+01 -2.8103392546e-02 -5.6723792787e-02
1.1561000000e+01 -2.8038320735e-02 -5.6140181933e-02
1.1562000000e+01 -2.7970252495e-02 -5.5552817685e-02
1.1563000000e+01 -2.7899141944e-02 -5.4961680857e-02
1.1564000000e+01 -2.7824933290e-02 -5.4366746725e-02
1.1565000000e+01 -2.7747561053e-02 -5.3767985143e-02
1.1566000000e+01 -2.7666950330e-02 -5.3165360639e-02
1.1567000000e+01 -2.7583017119e-02 -5.2558832490e-02
1.1568000000e+01 -2.7495668676e-02 -5.1948354782e-02
1.1569000000e+01 -2.7404803937e-02 -5.1333876456e-02
1.1570000000e+01 -2.7310313974e-02 -5.0715341347e-02
1.1571000000e+01 -2.7212082519e-02 -5.0092688212e-02
1.1572000000e+01 -2.7109986518e-02 -4.9465850770e-02
1.1573000000e+01 -2.7003896750e-02 -4.8834757733e-02
1.1574000000e+01 -2.6893678483e-02 -4.8199332865e-02
1.1575000000e+01 -2.6779192179e-02 -4.7559495050e-02
1.1576000000e+01 -2.6660294246e-02 -4.6915158387e-02
1.1577000000e+01 -2.6536837828e-02 -4.6266232317e-02
1.1578000000e+01 -2.6408673643e-02 -4.5612621778e-02
1.1579000000e+01 -2.6275650848e-02 -4.4954227409e-02
1.1580000000e+01 -2.6137617958e-02 -4.4290945783e-02
1.1581000000e+01 -2.5994423785e-02 -4.3622669694e-02
1.1582000000e+01 -2.5845918420e-02 -4.2949288479e-02
1.1583000000e+01 -2.5691954238e-02 -4.2270688396e-02
1.1584000000e+01 -2.5532386937e-02 -4.1586753034e-02
1.1585000000e+01 -2.5367076600e-02 -4.0897363768e-02
1.1586000000e+01 -2.5195888771e-02 -4.0202400261e-02
1.1587000000e+01 -2.5018695558e-02 -3.9501740986e-02
1.1588000000e+01 -2.4835376732e-02 -3.8795263790e-02
1.1589000000e+01 -2.4645820848e-02 -3.8082846480e-02
1.1590000000e+01 -2.4449926346e-02 -3.7364367429e-02
1.1591000000e+01 -2.4247602650e-02 -3.6639706202e-02
1.1592000000e+01 -2.4038771250e-02 -3.5908744182e-02
1.1593000000e+01 -2.3823366749e-02 -3.5171365212e-02
1.1594000000e+01 -2.3601337875e-02 -3.4427456230e-02
1.1595000000e+01 -2.3372648445e-02 -3.3676907899e-02
1.1596000000e+01 -2.3137278268e-02 -3.2919615231e-02
1.1597000000e+01 -2.2895223979e-02 -3.2155478188e-02
1.1598000000e+01 -2.2646499798e-02 -3.1384402274e-02
1.1599000000e+01 -2.2391138190e-02 -3.0606299101e-02
1.1600000000e+01 -2.2129190442e-02 -2.9821086931e-02
1.1601000000e+01 -2.1860727120e-02 -2.9028691191e-02
1.1602000000e+01 -2.1585838428e-02 -2.8229044959e-02
1.1603000000e+01 -2.1304634443e-02 -2.7422089423e-02
1.1604000000e+01 -2.1017245234e-02 -2.6607774301e-02
1.1605000000e+01 -2.0723820855e-02 -2.5786058241e-02
1.1606000000e+01 -2.0424531229e-02 -2.4956909181e-02
1.1607000000e+01 -2.0119565897e-02 -2.4120304679e-02
1.1608000000e+01 -1.9809133664e-02 -2.3276232221e-02
1.1609000000e+01 -1.9493462123e-02 -2.2424689495e-02
1.1610000000e+01 -1.9172797078e-02 -2.1565684637e-02
1.1611000000e+01 -1.8847401865e-02 -2.0699236465e-02
1.1612000000e+01 -1.8517556579e-02 -1.9825374680e-02
1.1613000000e+01 -1.8183557210e-02 -1.8944140055e-02
1.1614000000e+01 -1.7845714710e-02 -1.8055584611e-02
1.1615000000e+01 -1.7504353978e-02 -1.7159771765e-02
1.1616000000e+01 -1.7159812782e-02 -1.6256776482e-02
1.1617000000e+01 -1.6812440624e-02 -1.5346685404e-02
1.1618000000e+01 -1.6462597552e-02 -1.4429596963e-02
1.1619000000e+01 -1.6110652925e-02 -1.3505621482e-02
1.1620000000e+01 -1.5756984136e-02 -1.2574881264e-02
1.1621000000e+01 -1.5401975295e-02 -1.1637510639e-02
1.1622000000e+01 -1.5046015894e-02 -1.0693656004e-02
1.1623000000e+01 -1.4689499432e-02 -9.7434758105e-03
1.1624000000e+01 -1.4332822032e-02 -8.7871405196e-03
1.1625000000e+01 -1.3976381040e-02 -7.8248324996e-03
1.1626000000e+01 -1.3620573623e-02 -6.8567458670e-03
1.1627000000e+01 -1.3265795373e-02 -5.8830862580e-03
1.1628000000e+01 -1.2912438914e-02 -4.9040705232e-03
1.1629000000e+01 -1.2560892552e-02 -3.9199263380e-03
1.1630000000e+01 -1.2211538939e-02 -2.9308917221e-03
1.1631000000e+01 -1.1864753801e-02 -1.9372144635e-03
1.1632000000e+01 -1.1520904718e-02 -9.3915144301e-04
1.1633000000e+01 -1.1180349980e-02 6.3032140254e-05
1.1634000000e+01 -1.0843437525e-02 1.0690636427e-03
1.1635000000e+01 -1.0510503979e-02 2.0786639443e-03
1.1636000000e+01 -1.0181873802e-02 3.0915485045e-03
1.1637000000e+01 -9.8578585528e-03 4.1074284979e-03
1.1638000000e+01 -9.5387562823e-03 5.1260120174e-03
1.1639000000e+01 -9.2248510557e-03 6.1470053305e-03
1.1640000000e+01 -8.9164126152e-03 7.1701141746e-03
1.1641000000e+01 -8.6136961790e-03 8.1950450724e-03
1.1642000000e+01 -8.3169423764e-03 9.2215066493e-03
1.1643000000e+01 -8.0263773164e-03 1.0249210933e-02
1.1644000000e+01 -7.7422127819e-03 1.1277874613e-02
1.1645000000e+01 -7.4646465408e-03 1.2307220250e-02
1.1646000000e+01 -7.1938627642e-03 1.3336977396e-02
1.1647000000e+01 -6.9300325363e-03 1.4366883627e-02
1.1648000000e+01 -6.6733144447e-03 1.5396685464e-02
1.1649000000e+01 -6.4238552329e-03 1.6426139161e-02
1.1650000000e+01 -6.1817905010e-03 1.7455011355e-02
1.1651000000e+01 -5.9472454373e-03 1.8483079563e-02
1.1652000000e+01 -5.7203355657e-03 1.9510132523e-02
1.1653000000e+01 -5.5011674938e-03 2.0535970370e-02
1.1654000000e+01 -5.2898396462e-03 2.1560404638e-02
1.1655000000e+01 -5.0864429735e-03 2.2583258109e-02
1.1656000000e+01 -4.8910616220e-03 2.3604364488e-02
1.1657000000e+01 -4.7037735582e-03 2.4623567931e-02
1.1658000000e+01 -4.5246511394e-03 2.5640722422e-02
1.1659000000e+01 -4.3537616247e-03 2.6655691012e-02
1.1660000000e+01 -4.1911676247e-03 2.7668344943e-02
1.1661000000e+01 -4.0369274866e-03 2.8678562661e-02
1.1662000000e+01 -3.8910956169e-03 2.9686228740e-02
1.1663000000e+01 -3.7537227434e-03 3.0691232739e-02
1.1664000000e+01 -3.6248561201e-03 3.1693467997e-02
1.1665000000e+01 -3.5045396799e-03 3.2692830404e-02
1.1666000000e+01 -3.3928141429e-03 3.3689217152e-02
1.1667000000e+01 -3.2897170853e-03 3.4682525489e-02
1.1668000000e+01 -3.1952829791e-03 3.5672651497e-02
1.1669000000e+01 -3.1095432088e-03 3.6659488906e-02
1.1670000000e+01 -3.0325260755e-03 3.7642927952e-02
1.1671000000e+01 -2.9642567944e-03 3.8622854312e-02
1.1672000000e+01 -2.9047574960e-03 3.9599148101e-02
1.1673000000e+01 -2.8540472357e-03 4.0571682959e-02
1.1674000000e+01 -2.8121420192e-03 4.1540325222e-02
1.1675000000e+01 -2.7790548485e-03 4.2504933188e-02
1.1676000000e+01 -2.7547957911e-03 4.3465356477e-02
1.1677000000e+01 -2.7393720753e-03 4.4421435480e-02
1.1678000000e+01 -2.7327882096e-03 4.5373000912e-02
1.1679000000e+01 -2.7350461274e-03 4.6319873439e-02
1.1680000000e+01 -2.7461453504e-03 4.7261863402e-02
1.1681000000e+01 -2.7660831676e-03 4.8198770615e-02
1.1682000000e+01 -2.7948548215e-03 4.9130384240e-02
1.1683000000e+01 -2.8324536944e-03 5.0056482732e-02
1.1684000000e+01 -2.8788714850e-03 5.0976833853e-02
1.1685000000e+01 -2.9340983652e-03 5.1891194739e-02
1.1686000000e+01 -2.9981231061e-03 5.2799312036e-02
1.1687000000e+01 -3.0709331641e-03 5.3700922083e-02
1.1688000000e+01 -3.1525147152e-03 5.4595751157e-02
1.1689000000e+01 -3.2428526301e-03 5.5483515768e-02
1.1690000000e+01 -3.3419303797e-03 5.6363923014e-02
1.1691000000e+01 -3.4497298673e-03 5.7236670989e-02
1.1692000000e+01 -3.5662311802e-03 5.8101449251e-02
1.1693000000e+01 -3.6914122603e-03 5.8957939361e-02
1.1694000000e+01 -3.8252484930e-03 5.9805815472e-02
1.1695000000e+01 -3.9677122163e-03 6.0644745001e-02
1.1696000000e+01 -4.1187721565e-03 6.1474389363e-02
1.1697000000e+01 -4.2783927972e-03 6.2294404774e-02
1.1698000000e+01 -4.4465336925e-03 6.3104443139e-02
1.1699000000e+01 -4.6231487350e-03 6.3904152994e-02
1.1700000000e+01 -4.8081853955e-03 6.4693180526e-02
1.1701000000e+01 -5.0015839474e-03 6.5471170657e-02
1.1702000000e+01 -5.2032766940e-03 6.6237768182e-02
1.1703000000e+01 -5.4131872162e-03 6.6992618955e-02
1.1704000000e+01 -5.6312296565e-03 6.7735371121e-02
1.1705000000e+01 -5.8573080584e-03 6.8465676362e-02
1.1706000000e+01 -6.0913157741e-03 6.9183191176e-02
1.1707000000e+01 -6.3331349579e-03 6.9887578132e-02
1.1708000000e+01 -6.5826361540e-03 7.0578507131e-02
1.1709000000e+01 -6.8396779913e-03 7.1255656614e-02
1.1710000000e+01 -7.1041069891e-03 7.1918714733e-02
1.1711000000e+01 -7.3757574797e-03 7.2567380451e-02
1.1712000000e+01 -7.6544516465e-03 7.3201364560e-02
1.1713000000e+01 -7.9399996758e-03 7.3820390604e-02
1.1714000000e+01 -8.2322000157e-03 7.4424195688e-02
1.1715000000e+01 -8.5308397333e-03 7.5012531174e-02
1.1716000000e+01 -8.8356949602e-03 7.5585163242e-02
1.1717000000e+01 -9.1465314106e-03 7.6141873317e-02
1.1718000000e+01 -9.4631049587e-03 7.6682458363e-02
1.1719000000e+01 -9.7851622601e-03 7.7206731035e-02
1.1720000000e+01 -1.0112441398e-02 7.7714519700e-02
1.1721000000e+01 -1.0444672542e-02 7.8205668329e-02
1.1722000000e+01 -1.0781578602e-02 7.8680036279e-02
1.1723000000e+01 -1.1122875860e-02 7.9137497962e-02
1.1724000000e+01 -1.1468274580e-02 7.9577942429e-02
1.1725000000e+01 -1.1817479567e-02 8.0001272885e-02
1.1726000000e+01 -1.2170190685e-02 8.0407406149e-02
1.1727000000e+01 -1.2526103318e-02 8.0796272074e-02
1.1728000000e+01 -1.2884908781e-02 8.1167812962e-02
1.1729000000e+01 -1.3246294668e-02 8.1521982979e-02
1.1730000000e+01 -1.3609945159e-02 8.1858747592e-02
1.1731000000e+01 -1.3975541268e-02 8.2178083047e-02
1.1732000000e+01 -1.4342761059e-02 8.2479975902e-02
1.1733000000e+01 -1.4711279835e-02 8.2764422621e-02
1.1734000000e+01 -1.5080770293e-02 8.3031429247e-02
1.1735000000e+01 -1.5450902683e-02 8.3281011151e-02
1.1736000000e+01 -1.5821344961e-02 8.3513192862e-02
1.1737000000e+01 -1.6191762960e-02 8.3728007983e-02
1.1738000000e+01 -1.6561820580e-02 8.3925499172e-02
1.1739000000e+01 -1.6931180022e-02 8.4105718202e-02
1.1740000000e+01 -1.7299502059e-02 8.4268726076e-02
1.1741000000e+01 -1.7666446368e-02 8.4414593185e-02
1.1742000000e+01 -1.8031671920e-02 8.4543399505e-02
1.1743000000e+01 -1.8394837439e-02 8.4655234806e-02
1.1744000000e+01 -1.8755601933e-02 8.4750198869e-02
1.1745000000e+01 -1.9113625296e-02 8.4828401686e-02
1.1746000000e+01 -1.9468568990e-02 8.4889963636e-02
1.1747000000e+01 -1.9820096798e-02 8.4935015618e-02
1.1748000000e+01 -2.0167875646e-02 8.4963699125e-02
1.1749000000e+01 -2.0511576493e-02 8.4976166268e-02
1.1750000000e+01 -2.0850875278e-02 8.4972579710e-02
1.1751000000e+01 -2.1185453925e-02 8.4953112536e-02
1.1752000000e+01 -2.1515001382e-02 8.4917948032e-02
1.1753000000e+01 -2.1839214697e-02 8.4867279387e-02
1.1754000000e+01 -2.2157800113e-02 8.4801309311e-02
1.1755000000e+01 -2.2470474168e-02 8.4720249577e-02
1.1756000000e+01 -2.2776964789e-02 8.4624320491e-02
1.1757000000e+01 -2.3077012369e-02 8.4513750304e-02
1.1758000000e+01 -2.3370370808e-02 8.4388774564e-02
1.1759000000e+01 -2.3656808500e-02 8.4249635435e-02
1.1760000000e+01 -2.3936109264e-02 8.4096580977e-02
1.1761000000e+01 -2.4208073199e-02 8.3929864414e-02
1.1762000000e+01 -2.4472517445e-02 8.3749743397e-02
1.1763000000e+01 -2.4729276847e-02 8.3556479272e-02
1.1764000000e+01 -2.4978204515e-02 8.3350336364e-02
1.1765000000e+01 -2.5219172257e-02 8.3131581294e-02
1.1766000000e+01 -2.5452070894e-02 8.2900482335e-02
1.1767000000e+01 -2.5676810449e-02 8.2657308801e-02
1.1768000000e+01 -2.5893320197e-02 8.2402330505e-02
1.1769000000e+01 -2.6101548596e-02 8.2135817254e-02
1.1770000000e+01 -2.6301463079e-02 8.1858038416e-02
1.1771000000e+01 -2.6493049730e-02 8.1569262530e-02
1.1772000000e+01 -2.6676312836e-02 8.1269756984e-02
1.1773000000e+01 -2.6851274329e-02 8.0959787737e-02
1.1774000000e+01 -2.7017973125e-02 8.0639619089e-02
1.1775000000e+01 -2.7176464375e-02 8.0309513497e-02
1.1776000000e+01 -2.7326818625e-02 7.9969731419e-02
1.1777000000e+01 -2.7469120911e-02 7.9620531190e-02
1.1778000000e+01 -2.7603469796e-02 7.9262168910e-02
1.1779000000e+01 -2.7729976354e-02 7.8894898347e-02
1.1780000000e+01 -2.7848763122e-02 7.8518970834e-02
1.1781000000e+01 -2.7959963023e-02 7.8134635165e-02
1.1782000000e+01 -2.8063718281e-02 7.7742137472e-02
1.1783000000e+01 -2.8160179321e-02 7.7341721076e-02
1.1784000000e+01 -2.8249503682e-02 7.6933626317e-02
1.1785000000e+01 -2.8331854937e-02 7.6518090343e-02
1.1786000000e+01 -2.8407401640e-02 7.6095346865e-02
1.1787000000e+01 -2.8476316290e-02 7.5665625877e-02
1.1788000000e+01 -2.8538774333e-02 7.5229153322e-02
1.1789000000e+01 -2.8594953209e-02 7.4786150733e-02
1.1790000000e+01 -2.8645031423e-02 7.4336834829e-02
1.1791000000e+01 -2.8689187680e-02 7.3881417071e-02
1.1792000000e+01 -2.8727600055e-02 7.3420103198e-02
1.1793000000e+01 -2.8760445222e-02 7.2953092730e-02
1.1794000000e+01 -2.8787897721e-02 7.2480578457e-02
1.1795000000e+01 -2.8810129292e-02 7.2002745917e-02
1.1796000000e+01 -2.8827308245e-02 7.1519772870e-02
1.1797000000e+01 -2.8839598887e-02 7.1031828786e-02
1.1798000000e+01 -2.8847160993e-02 7.0539074341e-02
1.1799000000e+01 -2.8850149323e-02 7.0041660946e-02
1.1800000000e+01 -2.8848713178e-02 6.9539730309e-02
1.1801000000e+01 -2.8842995993e-02 6.9033414043e-02
1.1802000000e+01 -2.8833134969e-02 6.8522833325e-02
1.1803000000e+01 -2.8819260726e-02 6.8008098626e-02
1.1804000000e+01 -2.8801496988e-02 6.7489309492e-02
1.1805000000e+01 -2.8779960286e-02 6.6966554422e-02
1.1806000000e+01 -2.8754759673e-02 6.6439910804e-02
1.1807000000e+01 -2.8725996466e-02 6.5909444949e-02
1.1808000000e+01 -2.8693763984e-02 6.5375212196e-02
1.1809000000e+01 -2.8658147308e-02 6.4837257108e-02
1.1810000000e+01 -2.8619223041e-02 6.4295613745e-02
1.1811000000e+01 -2.8577059086e-02 6.3750306010e-02
1.1812000000e+01 -2.8531714423e-02 6.3201348073e-02
1.1813000000e+01 -2.8483238915e-02 6.2648744846e-02
1.1814000000e+01 -2.8431673119e-02 6.2092492528e-02
1.1815000000e+01 -2.8377048120e-02 6.1532579175e-02
1.1816000000e+01 -2.8319385401e-02 6.0968985318e-02
1.1817000000e+01 -2.8258696734e-02 6.0401684592e-02
1.1818000000e+01 -2.8194984115e-02 5.9830644378e-02
1.1819000000e+01 -2.8128239741e-02 5.9255826436e-02
1.1820000000e+01 -2.8058446037e-02 5.8677187532e-02
1.1821000000e+01 -2.7985575732e-02 5.8094680030e-02
1.1822000000e+01 -2.7909591996e-02 5.7508252449e-02
1.1823000000e+01 -2.7830448632e-02 5.6917849979e-02
1.1824000000e+01 -2.7748090328e-02 5.6323414942e-02
1.1825000000e+01 -2.7662452966e-02 5.5724887201e-02
1.1826000000e+01 -2.7573463995e-02 5.5122204499e-02
1.1827000000e+01 -2.7481042850e-02 5.4515302749e-02
1.1828000000e+01 -2.7385101425e-02 5.3904116257e-02
1.1829000000e+01 -2.7285544598e-02 5.3288577887e-02
1.1830000000e+01 -2.7182270786e-02 5.2668619179e-02
1.1831000000e+01 -2.7075172549e-02 5.2044170410e-02
1.1832000000e+01 -2.6964137217e-02 5.1415160624e-02
1.1833000000e+01 -2.6849047544e-02 5.0781517624e-02
1.1834000000e+01 -2.6729782393e-02 5.0143167945e-02
1.1835000000e+01 -2.6606217427e-02 4.9500036811e-02
1.1836000000e+01 -2.6478225832e-02 4.8852048086e-02
1.1837000000e+01 -2.6345679041e-02 4.8199124230e-02
1.1838000000e+01 -2.6208447484e-02 4.7541186272e-02
1.1839000000e+01 -2.6066401340e-02 4.6878153795e-02
1.1840000000e+01 -2.5919411316e-02 4.6209944957e-02
1.1841000000e+01 -2.5767349432e-02 4.5536476540e-02
1.1842000000e+01 -2.5610089825e-02 4.4857664040e-02
1.1843000000e+01 -2.5447509564e-02 4.4173421794e-02
1.1844000000e+01 -2.5279489491e-02 4.3483663151e-02
1.1845000000e+01 -2.5105915066e-02 4.2788300694e-02
1.1846000000e+01 -2.4926677237e-02 4.2087246493e-02
1.1847000000e+01 -2.4741673313e-02 4.1380412411e-02
1.1848000000e+01 -2.4550807847e-02 4.0667710440e-02
1.1849000000e+01 -2.4353993530e-02 3.9949053078e-02
1.1850000000e+01 -2.4151152076e-02 3.9224353732e-02
1.1851000000e+01 -2.3942215098e-02 3.8493527153e-02
1.1852000000e+01 -2.3727124976e-02 3.7756489882e-02
1.1853000000e+01 -2.3505835698e-02 3.7013160718e-02
1.1854000000e+01 -2.3278313665e-02 3.6263461186e-02
1.1855000000e+01 -2.3044538466e-02 3.5507316014e-02
1.1856000000e+01 -2.2804503599e-02 3.4744653600e-02
1.1857000000e+01 -2.2558217135e-02 3.3975406474e-02
1.1858000000e+01 -2.2305702325e-02 3.3199511739e-02
1.1859000000e+01 -2.2046998132e-02 3.2416911499e-02
1.1860000000e+01 -2.1782159695e-02 3.1627553258e-02
1.1861000000e+01 -2.1511258703e-02 3.0831390300e-02
1.1862000000e+01 -2.1234383695e-02 3.0028382035e-02
1.1863000000e+01 -2.0951640272e-02 2.9218494315e-02
1.1864000000e+01 -2.0663151220e-02 2.8401699728e-02
1.1865000000e+01 -2.0369056544e-02 2.7577977856e-02
1.1866000000e+01 -2.0069513418e-02 2.6747315503e-02
1.1867000000e+01 -1.9764696044e-02 2.5909706908e-02
1.1868000000e+01 -1.9454795426e-02 2.5065153923e-02
1.1869000000e+01 -1.9140019061e-02 2.4213666177e-02
1.1870000000e+01 -1.8820590542e-02 2.3355261223e-02
1.1871000000e+01 -1.8496749090e-02 2.2489964670e-02
1.1872000000e+01 -1.8168748996e-02 2.1617810306e-02
1.1873000000e+01 -1.7836859002e-02 2.0738840220e-02
1.1874000000e+01 -1.7501361592e-02 1.9853104910e-02
1.1875000000e+01 -1.7162552232e-02 1.8960663401e-02
1.1876000000e+01 -1.6820738529e-02 1.8061583362e-02
1.1877000000e+01 -1.6476239334e-02 1.7155941222e-02
1.1878000000e+01 -1.6129383786e-02 1.6243822294e-02
1.1879000000e+01 -1.5780510301e-02 1.5325320895e-02
1.1880000000e+01 -1.5429965511e-02 1.4400540478e-02
1.1881000000e+01 -1.5078103164e-02 1.3469593747e-02
1.1882000000e+01 -1.4725282980e-02 1.2532602778e-02
1.1883000000e+01 -1.4371869485e-02 1.1589699123e-02
1.1884000000e+01 -1.4018230815e-02 1.0641023901e-02
1.1885000000e+01 -1.3664737507e-02 9.6867278705e-03
1.1886000000e+01 -1.3311761287e-02 8.7269714641e-03
1.1887000000e+01 -1.2959673857e-02 7.7619247995e-03
1.1888000000e+01 -1.2608845688e-02 6.7917676417e-03
1.1889000000e+01 -1.2259644842e-02 5.8166893197e-03
1.1890000000e+01 -1.1912435811e-02 4.8368885870e-03
1.1891000000e+01 -1.1567578405e-02 3.8525734225e-03
1.1892000000e+01 -1.1225426667e-02 2.8639607650e-03
1.1893000000e+01 -1.0886327861e-02 1.8712761768e-03
1.1894000000e+01 -1.0550621498e-02 8.7475343458e-04
1.1895000000e+01 -1.0218638449e-02 -1.2536595588e-04
1.1896000000e+01 -9.8907001086e-03 -1.1288333221e-03
1.1897000000e+01 -9.5671176556e-03 -2.1353934627e-03
1.1898000000e+01 -9.2481913816e-03 -3.1447853596e-03
1.1899000000e+01 -8.9342101125e-03 -4.1567429603e-03
1.1900000000e+01 -8.6254507165e-03 -5.1709960252e-03
1.1901000000e+01 -8.3221777043e-03 -6.1872710328e-03
1.1902000000e+01 -8.0246429217e-03 -7.2052921345e-03
1.1903000000e+01 -7.7330853358e-03 -8.2247821479e-03
1.1904000000e+01 -7.4477309144e-03 -9.2454635782e-03
1.1905000000e+01 -7.1687925964e-03 -1.0267059654e-02
1.1906000000e+01 -6.8964703527e-03 -1.1289295364e-02
1.1907000000e+01 -6.6309513319e-03 -1.2311898476e-02
1.1908000000e+01 -6.3724100880e-03 -1.3334600534e-02
1.1909000000e+01 -6.1210088829e-03 -1.4357137799e-02
1.1910000000e+01 -5.8768980590e-03 -1.5379252139e-02
1.1911000000e+01 -5.6402164721e-03 -1.6400691838e-02
1.1912000000e+01 -5.4110919768e-03 -1.7421212316e-02
1.1913000000e+01 -5.1896419561e-03 -1.8440576754e-02
1.1914000000e+01 -4.9759738828e-03 -1.9458556600e-02
1.1915000000e+01 -4.7701859058e-03 -2.0474931957e-02
1.1916000000e+01 -4.5723674476e-03 -2.1489491855e-02
1.1917000000e+01 -4.3825998059e-03 -2.2502034379e-02
1.1918000000e+01 -4.2009567476e-03 -2.3512366685e-02
1.1919000000e+01 -4.0275050880e-03 -2.4520304877e-02
1.1920000000e+01 -3.8623052468e-03 -2.5525673766e-02
1.1921000000e+01 -3.7054117743e-03 -2.6528306522e-02
1.1922000000e+01 -3.5568738447e-03 -2.7528044206e-02
1.1923000000e+01 -3.4167357101e-03 -2.8524735219e-02
1.1924000000e+01 -3.2850371171e-03 -2.9518234666e-02
1.1925000000e+01 -3.1618136838e-03 -3.0508403645e-02
1.1926000000e+01 -3.0470972387e-03 -3.1495108486e-02
1.1927000000e+01 -2.9409161267e-03 -3.2478219943e-02
1.1928000000e+01 -2.8432954832e-03 -3.3457612363e-02
1.1929000000e+01 -2.7542574835e-03 -3.4433162829e-02
1.1930000000e+01 -2.6738215724e-03 -3.5404750309e-02
1.1931000000e+01 -2.6020046788e-03 -3.6372254797e-02
1.1932000000e+01 -2.5388214221e-03 -3.7335556482e-02
1.1933000000e+01 -2.4842843145e-03 -3.8294534931e-02
1.1934000000e+01 -2.4384039635e-03 -3.9249068297e-02
1.1935000000e+01 -2.4011892777e-03 -4.0199032573e-02
1.1936000000e+01 -2.3726476782e-03 -4.1144300864e-02
1.1937000000e+01 -2.3527853144e-03 -4.2084742710e-02
1.1938000000e+01 -2.3416072848e-03 -4.3020223441e-02
1.1939000000e+01 -2.3391178579e-03 -4.3950603571e-02
1.1940000000e+01 -2.3453206911e-03 -4.4875738226e-02
1.1941000000e+01 -2.3602190395e-03 -4.5795476615e-02
1.1942000000e+01 -2.3838159492e-03 -4.6709661530e-02
1.1943000000e+01 -2.4161144278e-03 -4.7618128875e-02
1.1944000000e+01 -2.4571175808e-03 -4.8520707234e-02
1.1945000000e+01 -2.5068287090e-03 -4.9417217471e-02
1.1946000000e+01 -2.5652513547e-03 -5.0307472353e-02
1.1947000000e+01 -2.6323892903e-03 -5.1191276215e-02
1.1948000000e+01 -2.7082464410e-03 -5.2068424661e-02
1.1949000000e+01 -2.7928267352e-03 -5.2938704298e-02
1.1950000000e+01 -2.8861338757e-03 -5.3801892522e-02
1.1951000000e+01 -2.9881710307e-03 -5.4657757349e-02
1.1952000000e+01 -3.0989404402e-03 -5.5506057309e-02
1.1953000000e+01 -3.2184429384e-03 -5.6346541400e-02
1.1954000000e+01 -3.3466773944e-03 -5.7178949119e-02
1.1955000000e+01 -3.4836400754e-03 -5.8003010569e-02
1.1956000000e+01 -3.6293239373e-03 -5.8818446662e-02
1.1957000000e+01 -3.7837178531e-03 -5.9624969413e-02
1.1958000000e+01 -3.9468057869e-03 -6.0422282337e-02
1.1959000000e+01 -4.1185659271e-03 -6.1210080961e-02
1.1960000000e+01 -4.2989697904e-03 -6.1988053434e-02
1.1961000000e+01 -4.4879813131e-03 -6.2755881264e-02
1.1962000000e+01 -4.6855559432e-03 -6.3513240156e-02
1.1963000000e+01 -4.8916397492e-03 -6.4259800960e-02
1.1964000000e+01 -5.1061685635e-03 -6.4995230723e-02
1.1965000000e+01 -5.3290671723e-03 -6.5719193830e-02
1.1966000000e+01 -5.5602485703e-03 -6.6431353226e-02
1.1967000000e+01 -5.7996132917e-03 -6.7131371710e-02
1.1968000000e+01 -6.0470488300e-03 -6.7818913270e-02
1.1969000000e+01 -6.3024291579e-03 -6.8493644458e-02
1.1970000000e+01 -6.5656143547e-03 -6.9155235779e-02
1.1971000000e+01 -6.8364503468e-03 -6.9803363069e-02
1.1972000000e+01 -7.1147687664e-03 -7.0437708851e-02
1.1973000000e+01 -7.4003869281e-03 -7.1057963645e-02
1.1974000000e+01 -7.6931079223e-03 -7.1663827211e-02
1.1975000000e+01 -7.9927208217e-03 -7.2255009712e-02
1.1976000000e+01 -8.2990009947e-03 -7.2831232783e-02
1.1977000000e+01 -8.6117105170e-03 -7.3392230487e-02
1.1978000000e+01 -8.9305986722e-03 -7.3937750151e-02
1.1979000000e+01 -9.2554025287e-03 -7.4467553085e-02
1.1980000000e+01 -9.5858475816e-03 -7.4981415162e-02
1.1981000000e+01 -9.9216484458e-03 -7.5479127275e-02
1.1982000000e+01 -1.0262509587e-02 -7.5960495668e-02
1.1983000000e+01 -1.0608126076e-02 -7.6425342145e-02
1.1984000000e+01 -1.0958184358e-02 -7.6873504172e-02
1.1985000000e+01 -1.1312363020e-02 -7.7304834876e-02
1.1986000000e+01 -1.1670333552e-02 -7.7719202961e-02
1.1987000000e+01 -1.2031761085e-02 -7.8116492545e-02
1.1988000000e+01 -1.2396305109e-02 -7.8496602951e-02
1.1989000000e+01 -1.2763620162e-02 -7.8859448443e-02
1.1990000000e+01 -1.3133356488e-02 -7.9204957944e-02
1.1991000000e+01 -1.3505160662e-02 -7.9533074735e-02
1.1992000000e+01 -1.3878676184e-02 -7.9843756150e-02
1.1993000000e+01 -1.4253544052e-02 -8.0136973291e-02
1.1994000000e+01 -1.4629403306e-02 -8.0412710744e-02
1.1995000000e+01 -1.5005891565e-02 -8.0670966333e-02
1.1996000000e+01 -1.5382645543e-02 -8.0911750893e-02
1.1997000000e+01 -1.5759301579e-02 -8.1135088077e-02
1.1998000000e+01 -1.6135496156e-02 -8.1341014187e-02
1.1999000000e+01 -1.6510866444e-02 -8.1529578036e-02
1.2000000000e+01 -1.6885050858e-02 -8.1700840827e-02
1.2001000000e+01 -1.7257689639e-02 -8.1854876051e-02
1.2002000000e+01 -1.7628425463e-02 -8.1991769396e-02
1.2003000000e+01 -1.7996904087e-02 -8.2111618648e-02
1.2004000000e+01 -1.8362775013e-02 -8.2214533596e-02
1.2005000000e+01 -1.8725692202e-02 -8.2300635919e-02
1.2006000000e+01 -1.9085314808e-02 -8.2370059043e-02
1.2007000000e+01 -1.9441307939e-02 -8.2422947974e-02
1.2008000000e+01 -1.9793343447e-02 -8.2459459095e-02
1.2009000000e+01 -2.0141100729e-02 -8.2479759912e-02
1.2010000000e+01 -2.0484267543e-02 -8.2484028756e-02
1.2011000000e+01 -2.0822540829e-02 -8.2472454432e-02
1.2012000000e+01 -2.1155627515e-02 -8.2445235811e-02
1.2013000000e+01 -2.1483245326e-02 -8.2402581368e-02
1.2014000000e+01 -2.1805123551e-02 -8.2344708660e-02
1.2015000000e+01 -2.2121003800e-02 -8.2271843749e-02
1.2016000000e+01 -2.2430640705e-02 -8.2184220578e-02
1.2017000000e+01 -2.2733802584e-02 -8.2082080292e-02
1.2018000000e+01 -2.3030272047e-02 -8.1965670518e-02
1.2019000000e+01 -2.3319846538e-02 -8.1835244614e-02
1.2020000000e+01 -2.3602338821e-02 -8.1691060883e-02
1.2021000000e+01 -2.3877577382e-02 -8.1533381771e-02
1.2022000000e+01 -2.4145406764e-02 -8.1362473058e-02
1.2023000000e+01 -2.4405687824e-02 -8.1178603045e-02
1.2024000000e+01 -2.4658297909e-02 -8.0982041754e-02
1.2025000000e+01 -2.4903130956e-02 -8.0773060148e-02
1.2026000000e+01 -2.5140097508e-02 -8.0551929386e-02
1.2027000000e+01 -2.5369124658e-02 -8.0318920113e-02
1.2028000000e+01 -2.5590155918e-02 -8.0074301801e-02
1.2029000000e+01 -2.5803151008e-02 -7.9818342147e-02
1.2030000000e+01 -2.6008085580e-02 -7.9551306529e-02
1.2031000000e+01 -2.6204950881e-02 -7.9273457530e-02
1.2032000000e+01 -2.6393753343e-02 -7.8985054527e-02
1.2033000000e+01 -2.6574514123e-02 -7.8686353349e-02
1.2034000000e+01 -2.6747268588e-02 -7.8377606000e-02
1.2035000000e+01 -2.6912065744e-02 -7.8059060445e-02
1.2036000000e+01 -2.7068967632e-02 -7.7730960453e-02
1.2037000000e+01 -2.7218048672e-02 -7.7393545496e-02
1.2038000000e+01 -2.7359394979e-02 -7.7047050685e-02
1.2039000000e+01 -2.7493103646e-02 -7.6691706751e-02
1.2040000000e+01 -2.7619281999e-02 -7.6327740050e-02
1.2041000000e+01 -2.7738046833e-02 -7.5955372585e-02
1.2042000000e+01 -2.7849523627e-02 -7.5574822045e-02
1.2043000000e+01 -2.7953845750e-02 -7.5186301839e-02
1.2044000000e+01 -2.8051153657e-02 -7.4790021134e-02
1.2045000000e+01 -2.8141594077e-02 -7.4386184870e-02
1.2046000000e+01 -2.8225319204e-02 -7.3974993769e-02
1.2047000000e+01 -2.8302485886e-02 -7.3556644312e-02
1.2048000000e+01 -2.8373254823e-02 -7.3131328701e-02
1.2049000000e+01 -2.8437789767e-02 -7.2699234780e-02
1.2050000000e+01 -2.8496256741e-02 -7.2260545945e-02
1.2051000000e+01 -2.8548823260e-02 -7.1815441010e-02
1.2052000000e+01 -2.8595657575e-02 -7.1364094062e-02
1.2053000000e+01 -2.8636927929e-02 -7.0906674282e-02
1.2054000000e+01 -2.8672801833e-02 -7.0443345751e-02
1.2055000000e+01 -2.8703445355e-02 -6.9974267243e-02
1.2056000000e+01 -2.8729022442e-02 -6.9499592001e-02
1.2057000000e+01 -2.8749694249e-02 -6.9019467515e-02
1.2058000000e+01 -2.8765618505e-02 -6.8534035294e-02
1.2059000000e+01 -2.8776948893e-02 -6.8043430645e-02
1.2060000000e+01 -2.8783834462e-02 -6.7547782464e-02
1.2061000000e+01 -2.8786419064e-02 -6.7047213039e-02
1.2062000000e+01 -2.8784840818e-02 -6.6541837874e-02
1.2063000000e+01 -2.8779231603e-02 -6.6031765543e-02
1.2064000000e+01 -2.8769716585e-02 -6.5517097557e-02
1.2065000000e+01 -2.8756413769e-02 -6.4997928277e-02
1.2066000000e+01 -2.8739433586e-02 -6.4474344850e-02
1.2067000000e+01 -2.8718878511e-02 -6.3946427181e-02
1.2068000000e+01 -2.8694842713e-02 -6.3414247938e-02
1.2069000000e+01 -2.8667411738e-02 -6.2877872595e-02
1.2070000000e+01 -2.8636662226e-02 -6.2337359500e-02
1.2071000000e+01 -2.8602661655e-02 -6.1792759983e-02
1.2072000000e+01 -2.8565468128e-02 -6.1244118480e-02
1.2073000000e+01 -2.8525130181e-02 -6.0691472692e-02
1.2074000000e+01 -2.8481686632e-02 -6.0134853754e-02
1.2075000000e+01 -2.8435166460e-02 -5.9574286427e-02
1.2076000000e+01 -2.8385588717e-02 -5.9009789294e-02
1.2077000000e+01 -2.8332962476e-02 -5.8441374965e-02
1.2078000000e+01 -2.8277286806e-02 -5.7869050273e-02
1.2079000000e+01 -2.8218550794e-02 -5.7292816474e-02
1.2080000000e+01 -2.8156733596e-02 -5.6712669430e-02
1.2081000000e+01 -2.8091804522e-02 -5.6128599777e-02
1.2082000000e+01 -2.8023723168e-02 -5.5540593077e-02
1.2083000000e+01 -2.7952439583e-02 -5.4948629945e-02
1.2084000000e+01 -2.7877894476e-02 -5.4352686160e-02
1.2085000000e+01 -2.7800019470e-02 -5.3752732744e-02
1.2086000000e+01 -2.7718737396e-02 -5.3148736024e-02
1.2087000000e+01 -2.7633962633e-02 -5.2540657672e-02
1.2088000000e+01 -2.7545601491e-02 -5.1928454726e-02
1.2089000000e+01 -2.7453552644e-02 -5.1312079598e-02
1.2090000000e+01 -2.7357707606e-02 -5.0691480070e-02
1.2091000000e+01 -2.7257951253e-02 -5.0066599291e-02
1.2092000000e+01 -2.7154162392e-02 -4.9437375769e-02
1.2093000000e+01 -2.7046214375e-02 -4.8803743376e-02
1.2094000000e+01 -2.6933975755e-02 -4.8165631368e-02
1.2095000000e+01 -2.6817310989e-02 -4.7522964421e-02
1.2096000000e+01 -2.6696081181e-02 -4.6875662696e-02
1.2097000000e+01 -2.6570144866e-02 -4.6223641943e-02
1.2098000000e+01 -2.6439358834e-02 -4.5566813628e-02
1.2099000000e+01 -2.6303578988e-02 -4.4905085112e-02
1.2100000000e+01 -2.6162661244e-02 -4.4238359871e-02
1.2101000000e+01 -2.6016462458e-02 -4.3566537757e-02
1.2102000000e+01 -2.5864841387e-02 -4.2889515312e-02
1.2103000000e+01 -2.5707659675e-02 -4.2207186119e-02
1.2104000000e+01 -2.5544782866e-02 -4.1519441209e-02
1.2105000000e+01 -2.5376081438e-02 -4.0826169499e-02
1.2106000000e+01 -2.5201431849e-02 -4.0127258275e-02
1.2107000000e+01 -2.5020717595e-02 -3.9422593710e-02
1.2108000000e+01 -2.4833830280e-02 -3.8712061406e-02
1.2109000000e+01 -2.4640670675e-02 -3.7995546971e-02
1.2110000000e+01 -2.4441149771e-02 -3.7272936607e-02
1.2111000000e+01 -2.4235189822e-02 -3.6544117720e-02
1.2112000000e+01 -2.4022725356e-02 -3.5808979529e-02
1.2113000000e+01 -2.3803704157e-02 -3.5067413694e-02
1.2114000000e+01 -2.3578088201e-02 -3.4319314923e-02
1.2115000000e+01 -2.3345854543e-02 -3.3564581595e-02
1.2116000000e+01 -2.3106996142e-02 -3.2803116349e-02
1.2117000000e+01 -2.2861522614e-02 -3.2034826680e-02
1.2118000000e+01 -2.2609460908e-02 -3.1259625503e-02
1.2119000000e+01 -2.2350855893e-02 -3.0477431704e-02
1.2120000000e+01 -2.2085770851e-02 -2.9688170660e-02
1.2121000000e+01 -2.1814287866e-02 -2.8891774742e-02
1.2122000000e+01 -2.1536508109e-02 -2.8088183788e-02
1.2123000000e+01 -2.1252552014e-02 -2.7277345543e-02
1.2124000000e+01 -2.0962559335e-02 -2.6459216081e-02
1.2125000000e+01 -2.0666689092e-02 -2.5633760185e-02
1.2126000000e+01 -2.0365119402e-02 -2.4800951710e-02
1.2127000000e+01 -2.0058047198e-02 -2.3960773910e-02
1.2128000000e+01 -1.9745687835e-02 -2.3113219744e-02
1.2129000000e+01 -1.9428274590e-02 -2.2258292150e-02
1.2130000000e+01 -1.9106058066e-02 -2.1396004299e-02
1.2131000000e+01 -1.8779305491e-02 -2.0526379828e-02
1.2132000000e+01 -1.8448299939e-02 -1.9649453045e-02
1.2133000000e+01 -1.8113339459e-02 -1.8765269125e-02
1.2134000000e+01 -1.7774736135e-02 -1.7873884283e-02
1.2135000000e+01 -1.7432815072e-02 -1.6975365932e-02
1.2136000000e+01 -1.7087913329e-02 -1.6069792822e-02
1.2137000000e+01 -1.6740378784e-02 -1.5157255172e-02
1.2138000000e+01 -1.6390568964e-02 -1.4237854776e-02
1.2139000000e+01 -1.6038849821e-02 -1.3311705096e-02
1.2140000000e+01 -1.5685594479e-02 -1.2378931328e-02
1.2141000000e+01 -1.5331181944e-02 -1.1439670447e-02
1.2142000000e+01 -1.4975995791e-02 -1.0494071216e-02
1.2143000000e+01 -1.4620422835e-02 -9.5422941588e-03
1.2144000000e+01 -1.4264851778e-02 -8.5845114878e-03
1.2145000000e+01 -1.3909671866e-02 -7.6209069802e-03
1.2146000000e+01 -1.3555271531e-02 -6.6516757918e-03
1.2147000000e+01 -1.3202037051e-02 -5.6770242040e-03
1.2148000000e+01 -1.2850351229e-02 -4.6971692949e-03
1.2149000000e+01 -1.2500592099e-02 -3.7123385272e-03
1.2150000000e+01 -1.2153131667e-02 -2.7227692485e-03
1.2151000000e+01 -1.1808334712e-02 -1.7287080984e-03
1.2152000000e+01 -1.1466557638e-02 -7.3041032146e-04
1.2153000000e+01 -1.1128147408e-02 2.7186101687e-04
1.2154000000e+01 -1.0793440559e-02 1.2778359070e-03
1.2155000000e+01 -1.0462762316e-02 2.2872383627e-03
1.2156000000e+01 -1.0136425811e-02 3.2997874715e-03
1.2157000000e+01 -9.8147314173e-03 4.3151985197e-03
1.2158000000e+01 -9.4979662062e-03 5.3331841808e-03
1.2159000000e+01 -9.1864035342e-03 6.3534557529e-03
1.2160000000e+01 -8.8803027584e-03 7.3757244307e-03
1.2161000000e+01 -8.5799090863e-03 8.3997025943e-03
1.2162000000e+01 -8.2854535551e-03 9.4251050973e-03
1.2163000000e+01 -7.9971531387e-03 1.0451650533e-02
1.2164000000e+01 -7.7152109741e-03 1.1479062464e-02
1.2165000000e+01 -7.4398167001e-03 1.2507070585e-02
1.2166000000e+01 -7.1711468963e-03 1.3535411816e-02
1.2167000000e+01 -6.9093656104e-03 1.4563831294e-02
1.2168000000e+01 -6.6546249607e-03 1.5592083249e-02
1.2169000000e+01 -6.4070657973e-03 1.6619931757e-02
1.2170000000e+01 -6.1668184072e-03 1.7647151349e-02
1.2171000000e+01 -5.9340032486e-03 1.8673527471e-02
1.2172000000e+01 -5.7087316979e-03 1.9698856783e-02
1.2173000000e+01 -5.4911067946e-03 2.0722947294e-02
1.2174000000e+01 -5.2812239714e-03 2.1745618338e-02
1.2175000000e+01 -5.0791717571e-03 2.2766700373e-02
1.2176000000e+01 -4.8850324401e-03 2.3786034634e-02
1.2177000000e+01 -4.6988826863e-03 2.4803472619e-02
1.2178000000e+01 -4.5207941016e-03 2.5818875439e-02
1.2179000000e+01 -4.3508337361e-03 2.6832113028e-02
1.2180000000e+01 -4.1890645260e-03 2.7843063238e-02
1.2181000000e+01 -4.0355456720e-03 2.8851610830e-02
1.2182000000e+01 -3.8903329560e-03 2.9857646370e-02
1.2183000000e+01 -3.7534789971e-03 3.0861065065e-02
1.2184000000e+01 -3.6250334517e-03 3.1861765541e-02
1.2185000000e+01 -3.5050431628e-03 3.2859648594e-02
1.2186000000e+01 -3.3935522644e-03 3.3854615926e-02
1.2187000000e+01 -3.2906022481e-03 3.4846568879e-02
1.2188000000e+01 -3.1962319999e-03 3.5835407203e-02
1.2189000000e+01 -3.1104778148e-03 3.6821027853e-02
1.2190000000e+01 -3.0333733963e-03 3.7803323838e-02
1.2191000000e+01 -2.9649498497e-03 3.8782183137e-02
1.2192000000e+01 -2.9052356750e-03 3.9757487693e-02
1.2193000000e+01 -2.8542567664e-03 4.0729112475e-02
1.2194000000e+01 -2.8120364235e-03 4.1696924650e-02
1.2195000000e+01 -2.7785953770e-03 4.2660782828e-02
1.2196000000e+01 -2.7539518337e-03 4.3620536412e-02
1.2197000000e+01 -2.7381215398e-03 4.4576025042e-02
1.2198000000e+01 -2.7311178623e-03 4.5527078123e-02
1.2199000000e+01 -2.7329518883e-03 4.6473514455e-02
1.2200000000e+01 -2.7436325349e-03 4.7415141941e-02
1.2201000000e+01 -2.7631666678e-03 4.8351757379e-02
1.2202000000e+01 -2.7915592202e-03 4.9283146330e-02
1.2203000000e+01 -2.8288133047e-03 5.0209083063e-02
1.2204000000e+01 -2.8749303096e-03 5.1129330564e-02
1.2205000000e+01 -2.9299099711e-03 5.2043640614e-02
1.2206000000e+01 -2.9937504107e-03 5.2951753924e-02
1.2207000000e+01 -3.0664481304e-03 5.3853400341e-02
1.2208000000e+01 -3.1479979559e-03 5.4748299105e-02
1.2209000000e+01 -3.2383929202e-03 5.5636159172e-02
1.2210000000e+01 -3.3376240818e-03 5.6516679598e-02
1.2211000000e+01 -3.4456802718e-03 5.7389549986e-02
1.2212000000e+01 -3.5625477677e-03 5.8254450999e-02
1.2213000000e+01 -3.6882098925e-03 5.9111054948e-02
1.2214000000e+01 -3.8226465403e-03 5.9959026441e-02
1.2215000000e+01 -3.9658336326e-03 6.0798023116e-02
1.2216000000e+01 -4.1177425118e-03 6.1627696443e-02
1.2217000000e+01 -4.2783392782e-03 6.2447692605e-02
1.2218000000e+01 -4.4475840841e-03 6.3257653455e-02
1.2219000000e+01 -4.6254303951e-03 6.4057217546e-02
1.2220000000e+01 -4.8118242334e-03 6.4846021223e-02
1.2221000000e+01 -5.0067034191e-03 6.5623699793e-02
1.2222000000e+01 -5.2099968250e-03 6.6389888734e-02
1.2223000000e+01 -5.4216236614e-03 6.7144224964e-02
1.2224000000e+01 -5.6414928074e-03 6.7886348135e-02
1.2225000000e+01 -5.8695022054e-03 6.8615901954e-02
1.2226000000e+01 -6.1055383309e-03 6.9332535506e-02
1.2227000000e+01 -6.3494757532e-03 7.0035904574e-02
1.2228000000e+01 -6.6011767954e-03 7.0725672927e-02
1.2229000000e+01 -6.8604913037e-03 7.1401513573e-02
1.2230000000e+01 -7.1272565297e-03 7.2063109948e-02
1.2231000000e+01 -7.4012971297e-03 7.2710157029e-02
1.2232000000e+01 -7.6824252789e-03 7.3342362364e-02
1.2233000000e+01 -7.9704408975e-03 7.3959446990e-02
1.2234000000e+01 -8.2651319821e-03 7.4561146238e-02
1.2235000000e+01 -8.5662750318e-03 7.5147210412e-02
1.2236000000e+01 -8.8736355588e-03 7.5717405336e-02
1.2237000000e+01 -9.1869686683e-03 7.6271512762e-02
1.2238000000e+01 -9.5060196938e-03 7.6809330636e-02
1.2239000000e+01 -9.8305248706e-03 7.7330673236e-02
1.2240000000e+01 -1.0160212032e-02 7.7835371166e-02
1.2241000000e+01 -1.0494801315e-02 7.8323271233e-02
1.2242000000e+01 -1.0834005850e-02 7.8794236206e-02
1.2243000000e+01 -1.1177532438e-02 7.9248144477e-02
1.2244000000e+01 -1.1525082190e-02 7.9684889632e-02
1.2245000000e+01 -1.1876351120e-02 8.0104379954e-02
1.2246000000e+01 -1.2231030693e-02 8.0506537881e-02
1.2247000000e+01 -1.2588808314e-02 8.0891299419e-02
1.2248000000e+01 -1.2949367763e-02 8.1258613555e-02
1.2249000000e+01 -1.3312389573e-02 8.1608441665e-02
1.2250000000e+01 -1.3677551356e-02 8.1940756946e-02
1.2251000000e+01 -1.4044528077e-02 8.2255543888e-02
1.2252000000e+01 -1.4412992296e-02 8.2552797789e-02
1.2253000000e+01 -1.4782614370e-02 8.2832524339e-02
1.2254000000e+01 -1.5153062643e-02 8.3094739261e-02
1.2255000000e+01 -1.5524003617e-02 8.3339468037e-02
1.2256000000e+01 -1.5895102127e-02 8.3566745701e-02
1.2257000000e+01 -1.6266021536e-02 8.3776616705e-02
1.2258000000e+01 -1.6636423940e-02 8.3969134863e-02
1.2259000000e+01 -1.7005970416e-02 8.4144363343e-02
1.2260000000e+01 -1.7374321313e-02 8.4302374727e-02
1.2261000000e+01 -1.7741136588e-02 8.4443251105e-02
1.2262000000e+01 -1.8106076209e-02 8.4567084198e-02
1.2263000000e+01 -1.8468800616e-02 8.4673975499e-02
1.2264000000e+01 -1.8828971251e-02 8.4764036420e-02
1.2265000000e+01 -1.9186251158e-02 8.4837388418e-02
1.2266000000e+01 -1.9540305649e-02 8.4894163101e-02
1.2267000000e+01 -1.9890803050e-02 8.4934502295e-02
1.2268000000e+01 -2.0237415495e-02 8.4958558057e-02
1.2269000000e+01 -2.0579819794e-02 8.4966492634e-02
1.2270000000e+01 -2.0917698349e-02 8.4958478351e-02
1.2271000000e+01 -2.1250740119e-02 8.4934697427e-02
1.2272000000e+01 -2.1578641620e-02 8.4895341712e-02
1.2273000000e+01 -2.1901107949e-02 8.4840612357e-02
1.2274000000e+01 -2.2217853833e-02 8.4770719398e-02
1.2275000000e+01 -2.2528604667e-02 8.4685881275e-02
1.2276000000e+01 -2.2833097554e-02 8.4586324286e-02
1.2277000000e+01 -2.3131082313e-02 8.4472281982e-02
1.2278000000e+01 -2.3422322459e-02 8.4343994518e-02
1.2279000000e+01 -2.3706596123e-02 8.4201707964e-02
1.2280000000e+01 -2.3983696914e-02 8.4045673594e-02
1.2281000000e+01 -2.4253434708e-02 8.3876147160e-02
1.2282000000e+01 -2.4515636342e-02 8.3693388164e-02
1.2283000000e+01 -2.4770146217e-02 8.3497659146e-02
1.2284000000e+01 -2.5016826794e-02 8.3289224988e-02
1.2285000000e+01 -2.5255558970e-02 8.3068352253e-02
1.2286000000e+01 -2.5486242343e-02 8.2835308564e-02
1.2287000000e+01 -2.5708795347e-02 8.2590362031e-02
1.2288000000e+01 -2.5923155268e-02 8.2333780728e-02
1.2289000000e+01 -2.6129278132e-02 8.2065832228e-02
1.2290000000e+01 -2.6327138470e-02 8.1786783199e-02
1.2291000000e+01 -2.6516728972e-02 8.1496899051e-02
1.2292000000e+01 -2.6698060015e-02 8.1196443644e-02
1.2293000000e+01 -2.6871159101e-02 8.0885679043e-02
1.2294000000e+01 -2.7036070191e-02 8.0564865324e-02
1.2295000000e+01 -2.7192852946e-02 8.0234260415e-02
1.2296000000e+01 -2.7341581907e-02 7.9894119976e-02
1.2297000000e+01 -2.7482345591e-02 7.9544697292e-02
1.2298000000e+01 -2.7615245543e-02 7.9186243197e-02
1.2299000000e+01 -2.7740395340e-02 7.8819005990e-02
1.2300000000e+01 -2.7857919562e-02 7.8443231362e-02
1.2301000000e+01 -2.7967952740e-02 7.8059162301e-02
1.2302000000e+01 -2.8070638287e-02 7.7667038994e-02
1.2303000000e+01 -2.8166127431e-02 7.7267098687e-02
1.2304000000e+01 -2.8254578147e-02 7.6859575531e-02
1.2305000000e+01 -2.8336154103e-02 7.6444700388e-02
1.2306000000e+01 -2.8411023629e-02 7.6022700592e-02
1.2307000000e+01 -2.8479358702e-02 7.5593799682e-02
1.2308000000e+01 -2.8541333971e-02 7.5158217087e-02
1.2309000000e+01 -2.8597125812e-02 7.4716167772e-02
1.2310000000e+01 -2.8646911428e-02 7.4267861849e-02
1.2311000000e+01 -2.8690867984e-02 7.3813504152e-02
1.2312000000e+01 -2.8729171793e-02 7.3353293787e-02
1.2313000000e+01 -2.8761997548e-02 7.2887423648e-02
1.2314000000e+01 -2.8789517602e-02 7.2416079932e-02
1.2315000000e+01 -2.8811901295e-02 7.1939441632e-02
1.2316000000e+01 -2.8829314329e-02 7.1457680037e-02
1.2317000000e+01 -2.8841918196e-02 7.0970958235e-02
1.2318000000e+01 -2.8849869643e-02 7.0479430644e-02
1.2319000000e+01 -2.8853320185e-02 6.9983242554e-02
1.2320000000e+01 -2.8852415659e-02 6.9482529721e-02
1.2321000000e+01 -2.8847295815e-02 6.8977417997e-02
1.2322000000e+01 -2.8838093934e-02 6.8468023015e-02
1.2323000000e+01 -2.8824936489e-02 6.7954449933e-02
1.2324000000e+01 -2.8807942820e-02 6.7436793251e-02
1.2325000000e+01 -2.8787224834e-02 6.6915136690e-02
1.2326000000e+01 -2.8762886732e-02 6.6389553157e-02
1.2327000000e+01 -2.8735024736e-02 6.5860104786e-02
1.2328000000e+01 -2.8703726846e-02 6.5326843050e-02
1.2329000000e+01 -2.8669072600e-02 6.4789808962e-02
1.2330000000e+01 -2.8631132847e-02 6.4249033350e-02
1.2331000000e+01 -2.8589969530e-02 6.3704537192e-02
1.2332000000e+01 -2.8545635491e-02 6.3156332035e-02
1.2333000000e+01 -2.8498174279e-02 6.2604420453e-02
1.2334000000e+01 -2.8447619992e-02 6.2048796566e-02
1.2335000000e+01 -2.8393997132e-02 6.1489446597e-02
1.2336000000e+01 -2.8337320490e-02 6.0926349450e-02
1.2337000000e+01 -2.8277595076e-02 6.0359477315e-02
1.2338000000e+01 -2.8214816070e-02 5.9788796274e-02
1.2339000000e+01 -2.8148968836e-02 5.9214266900e-02
1.2340000000e+01 -2.8080028972e-02 5.8635844845e-02
1.2341000000e+01 -2.8007962422e-02 5.8053481400e-02
1.2342000000e+01 -2.7932725636e-02 5.7467124016e-02
1.2343000000e+01 -2.7854265799e-02 5.6876716792e-02
1.2344000000e+01 -2.7772521109e-02 5.6282200907e-02
1.2345000000e+01 -2.7687421119e-02 5.5683515000e-02
1.2346000000e+01 -2.7598887136e-02 5.5080595501e-02
1.2347000000e+01 -2.7506832672e-02 5.4473376900e-02
1.2348000000e+01 -2.7411163945e-02 5.3861791967e-02
1.2349000000e+01 -2.7311780431e-02 5.3245771916e-02
1.2350000000e+01 -2.7208575450e-02 5.2625246524e-02
1.2351000000e+01 -2.7101436794e-02 5.2000144208e-02
1.2352000000e+01 -2.6990247381e-02 5.1370392070e-02
1.2353000000e+01 -2.6874885942e-02 5.0735915912e-02
1.2354000000e+01 -2.6755227726e-02 5.0096640231e-02
1.2355000000e+01 -2.6631145222e-02 4.9452488211e-02
1.2356000000e+01 -2.6502508906e-02 4.8803381703e-02
1.2357000000e+01 -2.6369187994e-02 4.8149241219e-02
1.2358000000e+01 -2.6231051215e-02 4.7489985941e-02
1.2359000000e+01 -2.6087967593e-02 4.6825533741e-02
1.2360000000e+01 -2.5939807245e-02 4.6155801239e-02
1.2361000000e+01 -2.5786442195e-02 4.5480703891e-02
1.2362000000e+01 -2.5627747195e-02 4.4800156107e-02
1.2363000000e+01 -2.5463600570e-02 4.4114071414e-02
1.2364000000e+01 -2.5293885067e-02 4.3422362660e-02
1.2365000000e+01 -2.5118488726e-02 4.2724942251e-02
1.2366000000e+01 -2.4937305759e-02 4.2021722439e-02
1.2367000000e+01 -2.4750237432e-02 4.1312615639e-02
1.2368000000e+01 -2.4557192962e-02 4.0597534785e-02
1.2369000000e+01 -2.4358090407e-02 3.9876393719e-02
1.2370000000e+01 -2.4152857548e-02 3.9149107605e-02
1.2371000000e+01 -2.3941432768e-02 3.8415593367e-02
1.2372000000e+01 -2.3723765896e-02 3.7675770138e-02
1.2373000000e+01 -2.3499819036e-02 3.6929559731e-02
1.2374000000e+01 -2.3269567348e-02 3.6176887107e-02
1.2375000000e+01 -2.3032999792e-02 3.5417680842e-02
1.2376000000e+01 -2.2790119810e-02 3.4651873595e-02
1.2377000000e+01 -2.2540945956e-02 3.3879402556e-02
1.2378000000e+01 -2.2285512442e-02 3.3100209887e-02
1.2379000000e+01 -2.2023869626e-02 3.2314243132e-02
1.2380000000e+01 -2.1756084405e-02 3.1521455614e-02
1.2381000000e+01 -2.1482240533e-02 3.0721806796e-02
1.2382000000e+01 -2.1202438841e-02 2.9915262621e-02
1.2383000000e+01 -2.0916797379e-02 2.9101795817e-02
1.2384000000e+01 -2.0625451455e-02 2.8281386169e-02
1.2385000000e+01 -2.0328553591e-02 2.7454020774e-02
1.2386000000e+01 -2.0026273385e-02 2.6619694247e-02
1.2387000000e+01 -1.9718797287e-02 2.5778408923e-02
1.2388000000e+01 -1.9406328285e-02 2.4930175014e-02
1.2389000000e+01 -1.9089085511e-02 2.4075010762e-02
1.2390000000e+01 -1.8767303766e-02 2.3212942559e-02
1.2391000000e+01 -1.8441232962e-02 2.2344005067e-02
1.2392000000e+01 -1.8111137498e-02 2.1468241313e-02
1.2393000000e+01 -1.7777295558e-02 2.0585702789e-02
1.2394000000e+01 -1.7439998343e-02 1.9696449537e-02
1.2395000000e+01 -1.7099549244e-02 1.8800550237e-02
1.2396000000e+01 -1.6756262945e-02 1.7898082295e-02
1.2397000000e+01 -1.6410464483e-02 1.6989131926e-02
1.2398000000e+01 -1.6062488240e-02 1.6073794243e-02
1.2399000000e+01 -1.5712676905e-02 1.5152173343e-02
1.2400000000e+01 -1.5361380380e-02 1.4224382387e-02
1.2401000000e+01 -1.5008954657e-02 1.3290543683e-02
1.2402000000e+01 -1.4655760667e-02 1.2350788751e-02
1.2403000000e+01 -1.4302163098e-02 1.1405258376e-02
1.2404000000e+01 -1.3948529208e-02 1.0454102649e-02
1.2405000000e+01 -1.3595227618e-02 9.4974809697e-03
1.2406000000e+01 -1.3242627117e-02 8.5355620316e-03
1.2407000000e+01 -1.2891095471e-02 7.5685237581e-03
1.2408000000e+01 -1.2540998245e-02 6.5965532009e-03
1.2409000000e+01 -1.2192697665e-02 5.6198463854e-03
1.2410000000e+01 -1.1846551499e-02 4.6386081007e-03
1.2411000000e+01 -1.1502911994e-02 3.6530516288e-03
1.2412000000e+01 -1.1162124858e-02 2.6633984077e-03
1.2413000000e+01 -1.0824528307e-02 1.6698776271e-03
1.2414000000e+01 -1.0490452166e-02 6.7272575298e-04
1.2415000000e+01 -1.0160217060e-02 -3.2781401828e-04
1.2416000000e+01 -9.8341336644e-03 -1.3314923772e-03
1.2417000000e+01 -9.5125020519e-03 -2.3380545861e-03
1.2418000000e+01 -9.1956111150e-03 -3.3472412297e-03
1.2419000000e+01 -8.8837380832e-03 -4.3587890248e-03
1.2420000000e+01 -8.5771481281e-03 -5.3724316840e-03
1.2421000000e+01 -8.2760940609e-03 -6.3879008242e-03
1.2422000000e+01 -7.9808161214e-03 -7.4049269108e-03
1.2423000000e+01 -7.6915418574e-03 -8.4232402269e-03
1.2424000000e+01 -7.4084860940e-03 -9.4425718561e-03
1.2425000000e+01 -7.1318509885e-03 -1.0462654664e-02
1.2426000000e+01 -6.8618261684e-03 -1.1483224268e-02
1.2427000000e+01 -6.5985889473e-03 -1.2504019976e-02
1.2428000000e+01 -6.3423046133e-03 -1.3524785688e-02
1.2429000000e+01 -6.0931267839e-03 -1.4545270737e-02
1.2430000000e+01 -5.8511978196e-03 -1.5565230659e-02
1.2431000000e+01 -5.6166492884e-03 -1.6584427886e-02
1.2432000000e+01 -5.3896024730e-03 -1.7602632336e-02
1.2433000000e+01 -5.1701689110e-03 -1.8619621907e-02
1.2434000000e+01 -4.9584509591e-03 -1.9635182852e-02
1.2435000000e+01 -4.7545423718e-03 -2.0649110039e-02
1.2436000000e+01 -4.5585288849e-03 -2.1661207084e-02
1.2437000000e+01 -4.3704887950e-03 -2.2671286370e-02
1.2438000000e+01 -4.1904935275e-03 -2.3679168932e-02
1.2439000000e+01 -4.0186081833e-03 -2.4684684232e-02
1.2440000000e+01 -3.8548920608e-03 -2.5687669818e-02
1.2441000000e+01 -3.6993991457e-03 -2.6687970883e-02
1.2442000000e+01 -3.5521785659e-03 -2.7685439721e-02
1.2443000000e+01 -3.4132750096e-03 -2.8679935109e-02
1.2444000000e+01 -3.2827291052e-03 -2.9671321612e-02
1.2445000000e+01 -3.1605777642e-03 -3.0659468833e-02
1.2446000000e+01 -3.0468544897e-03 -3.1644250614e-02
1.2447000000e+01 -2.9415896532e-03 -3.2625544212e-02
1.2448000000e+01 -2.8448107449e-03 -3.3603229447e-02
1.2449000000e+01 -2.7565426019e-03 -3.4577187851e-02
1.2450000000e+01 -2.6768076201e-03 -3.5547301812e-02
1.2451000000e+01 -2.6056259547e-03 -3.6513453733e-02
1.2452000000e+01 -2.5430157158e-03 -3.7475525217e-02
1.2453000000e+01 -2.4889931618e-03 -3.8433396267e-02
1.2454000000e+01 -2.4435728953e-03 -3.9386944530e-02
1.2455000000e+01 -2.4067680629e-03 -4.0336044567e-02
1.2456000000e+01 -2.3785905616e-03 -4.1280567170e-02
1.2457000000e+01 -2.3590512487e-03 -4.2220378706e-02
1.2458000000e+01 -2.3481601547e-03 -4.3155340517e-02
1.2459000000e+01 -2.3459266956e-03 -4.4085308343e-02
1.2460000000e+01 -2.3523598785e-03 -4.5010131794e-02
1.2461000000e+01 -2.3674684943e-03 -4.5929653856e-02
1.2462000000e+01 -2.3912612910e-03 -4.6843710429e-02
1.2463000000e+01 -2.4237471180e-03 -4.7752129908e-02
1.2464000000e+01 -2.4649350334e-03 -4.8654732790e-02
1.2465000000e+01 -2.5148343651e-03 -4.9551331320e-02
1.2466000000e+01 -2.5734547177e-03 -5.0441729175e-02
1.2467000000e+01 -2.6408059155e-03 -5.1325721176e-02
1.2468000000e+01 -2.7168978768e-03 -5.2203093052e-02
1.2469000000e+01 -2.8017404108e-03 -5.3073621235e-02
1.2470000000e+01 -2.8953429346e-03 -5.3937072718e-02
1.2471000000e+01 -2.9977141063e-03 -5.4793204953e-02
1.2472000000e+01 -3.1088613733e-03 -5.5641765818e-02
1.2473000000e+01 -3.2287904378e-03 -5.6482493653e-02
1.2474000000e+01 -3.3575046411e-03 -5.7315117366e-02
1.2475000000e+01 -3.4950042732e-03 -5.8139356623e-02
1.2476000000e+01 -3.6412858146e-03 -5.8954922129e-02
1.2477000000e+01 -3.7963411194e-03 -5.9761516003e-02
1.2478000000e+01 -3.9601565510e-03 -6.0558832253e-02
1.2479000000e+01 -4.1327120832e-03 -6.1346557360e-02
1.2480000000e+01 -4.3139803811e-03 -6.2124370958e-02
1.2481000000e+01 -4.5039258753e-03 -6.2891946638e-02
1.2482000000e+01 -4.7025038472e-03 -6.3648952836e-02
1.2483000000e+01 -4.9096595400e-03 -6.4395053838e-02
1.2484000000e+01 -5.1253273111e-03 -6.5129910868e-02
1.2485000000e+01 -5.3494298430e-03 -6.5853183261e-02
1.2486000000e+01 -5.5818774241e-03 -6.6564529710e-02
1.2487000000e+01 -5.8225673153e-03 -6.7263609565e-02
1.2488000000e+01 -6.0713832121e-03 -6.7950084177e-02
1.2489000000e+01 -6.3281948117e-03 -6.8623618257e-02
1.2490000000e+01 -6.5928574938e-03 -6.9283881254e-02
1.2491000000e+01 -6.8652121168e-03 -6.9930548697e-02
1.2492000000e+01 -7.1450849352e-03 -7.0563303519e-02
1.2493000000e+01 -7.4322876353e-03 -7.1181837320e-02
1.2494000000e+01 -7.7266174872e-03 -7.1785851558e-02
1.2495000000e+01 -8.0278576078e-03 -7.2375058656e-02
1.2496000000e+01 -8.3357773280e-03 -7.2949183002e-02
1.2497000000e+01 -8.6501326531e-03 -7.3507961845e-02
1.2498000000e+01 -8.9706668072e-03 -7.4051146063e-02
1.2499000000e+01 -9.2971108482e-03 -7.4578500807e-02
1.2500000000e+01 -9.6291843408e-03 -7.5089806019e-02
1.2501000000e+01 -9.9665960734e-03 -7.5584856823e-02
1.2502000000e+01 -1.0309044807e-02 -7.6063463795e-02
1.2503000000e+01 -1.0656220042e-02 -7.6525453116e-02
1.2504000000e+01 -1.1007802791e-02 -7.6970666623e-02
1.2505000000e+01 -1.1363466343e-02 -7.7398961770e-02
1.2506000000e+01 -1.1722877025e-02 -7.7810211507e-02
1.2507000000e+01 -1.2085694929e-02 -7.8204304097e-02
1.2508000000e+01 -1.2451574621e-02 -7.8581142883e-02
1.2509000000e+01 -1.2820165819e-02 -7.8940646026e-02
1.2510000000e+01 -1.3191114035e-02 -7.9282746215e-02
1.2511000000e+01 -1.3564061198e-02 -7.9607390381e-02
1.2512000000e+01 -1.3938646235e-02 -7.9914539407e-02
1.2513000000e+01 -1.4314505643e-02 -8.0204167862e-02
1.2514000000e+01 -1.4691274030e-02 -8.0476263749e-02
1.2515000000e+01 -1.5068584660e-02 -8.0730828282e-02
1.2516000000e+01 -1.5446069976e-02 -8.0967875699e-02
1.2517000000e+01 -1.5823362144e-02 -8.1187433096e-02
1.2518000000e+01 -1.6200093594e-02 -8.1389540294e-02
1.2519000000e+01 -1.6575897585e-02 -8.1574249728e-02
1.2520000000e+01 -1.6950408791e-02 -8.1741626360e-02
1.2521000000e+01 -1.7323263915e-02 -8.1891747593e-02
1.2522000000e+01 -1.7694102333e-02 -8.2024703200e-02
1.2523000000e+01 -1.8062566777e-02 -8.2140595242e-02
1.2524000000e+01 -1.8428304041e-02 -8.2239537977e-02
1.2525000000e+01 -1.8790965732e-02 -8.2321657742e-02
1.2526000000e+01 -1.9150209045e-02 -8.2387092813e-02
1.2527000000e+01 -1.9505697565e-02 -8.2435993223e-02
1.2528000000e+01 -1.9857102096e-02 -8.2468520534e-02
1.2529000000e+01 -2.0204101494e-02 -8.2484847567e-02
1.2530000000e+01 -2.0546383524e-02 -8.2485158076e-02
1.2531000000e+01 -2.0883645701e-02 -8.2469646360e-02
1.2532000000e+01 -2.1215596135e-02 -8.2438516822e-02
1.2533000000e+01 -2.1541954347e-02 -8.2391983474e-02
1.2534000000e+01 -2.1862452069e-02 -8.2330269374e-02
1.2535000000e+01 -2.2176834002e-02 -8.2253606016e-02
1.2536000000e+01 -2.2484858525e-02 -8.2162232669e-02
1.2537000000e+01 -2.2786298364e-02 -8.2056395666e-02
1.2538000000e+01 -2.3080941189e-02 -8.1936347659e-02
1.2539000000e+01 -2.3368590147e-02 -8.1802346840e-02
1.2540000000e+01 -2.3649064327e-02 -8.1654656140e-02
1.2541000000e+01 -2.3922199139e-02 -8.1493542412e-02
1.2542000000e+01 -2.4187846621e-02 -8.1319275612e-02
1.2543000000e+01 -2.4445875655e-02 -8.1132127988e-02
1.2544000000e+01 -2.4696172104e-02 -8.0932373282e-02
1.2545000000e+01 -2.4938638860e-02 -8.0720285959e-02
1.2546000000e+01 -2.5173195811e-02 -8.0496140471e-02
1.2547000000e+01 -2.5399779724e-02 -8.0260210567e-02
1.2548000000e+01 -2.5618344047e-02 -8.0012768650e-02
1.2549000000e+01 -2.5828858640e-02 -7.9754085194e-02
1.2550000000e+01 -2.6031309428e-02 -7.9484428221e-02
1.2551000000e+01 -2.6225697985e-02 -7.9204062844e-02
1.2552000000e+01 -2.6412041062e-02 -7.8913250871e-02
1.2553000000e+01 -2.6590370046e-02 -7.8612250480e-02
1.2554000000e+01 -2.6760730376e-02 -7.8301315949e-02
1.2555000000e+01 -2.6923180901e-02 -7.7980697454e-02
1.2556000000e+01 -2.7077793205e-02 -7.7650640907e-02
1.2557000000e+01 -2.7224650885e-02 -7.7311387855e-02
1.2558000000e+01 -2.7363848805e-02 -7.6963175407e-02
1.2559000000e+01 -2.7495492318e-02 -7.6606236200e-02
1.2560000000e+01 -2.7619696470e-02 -7.6240798387e-02
1.2561000000e+01 -2.7736585188e-02 -7.5867085636e-02
1.2562000000e+01 -2.7846290451e-02 -7.5485317137e-02
1.2563000000e+01 -2.7948951462e-02 -7.5095707617e-02
1.2564000000e+01 -2.8044713811e-02 -7.4698467335e-02
1.2565000000e+01 -2.8133728649e-02 -7.4293802071e-02
1.2566000000e+01 -2.8216151855e-02 -7.3881913095e-02
1.2567000000e+01 -2.8292143219e-02 -7.3462997118e-02
1.2568000000e+01 -2.8361865641e-02 -7.3037246213e-02
1.2569000000e+01 -2.8425484335e-02 -7.2604847712e-02
1.2570000000e+01 -2.8483166056e-02 -7.2165984085e-02
1.2571000000e+01 -2.8535078342e-02 -7.1720832784e-02
1.2572000000e+01 -2.8581388779e-02 -7.1269566071e-02
1.2573000000e+01 -2.8622264283e-02 -7.0812350829e-02
1.2574000000e+01 -2.8657870407e-02 -7.0349348353e-02
1.2575000000e+01 -2.8688370671e-02 -6.9880714135e-02
1.2576000000e+01 -2.8713925909e-02 -6.9406597637e-02
1.2577000000e+01 -2.8734693652e-02 -6.8927142073e-02
1.2578000000e+01 -2.8750827523e-02 -6.8442484184e-02
1.2579000000e+01 -2.8762476663e-02 -6.7952754035e-02
1.2580000000e+01 -2.8769785182e-02 -6.7458074819e-02
1.2581000000e+01 -2.8772891636e-02 -6.6958562681e-02
1.2582000000e+01 -2.8771928526e-02 -6.6454326575e-02
1.2583000000e+01 -2.8767021831e-02 -6.5945468135e-02
1.2584000000e+01 -2.8758290563e-02 -6.5432081592e-02
1.2585000000e+01 -2.8745846349e-02 -6.4914253716e-02
1.2586000000e+01 -2.8729793048e-02 -6.4392063796e-02
1.2587000000e+01 -2.8710226388e-02 -6.3865583654e-02
1.2588000000e+01 -2.8687233643e-02 -6.3334877704e-02
1.2589000000e+01 -2.8660893326e-02 -6.2800003033e-02
1.2590000000e+01 -2.8631274928e-02 -6.2261009529e-02
1.2591000000e+01 -2.8598438678e-02 -6.1717940029e-02
1.2592000000e+01 -2.8562435335e-02 -6.1170830503e-02
1.2593000000e+01 -2.8523306019e-02 -6.0619710252e-02
1.2594000000e+01 -2.8481082068e-02 -6.0064602133e-02
1.2595000000e+01 -2.8435784932e-02 -5.9505522788e-02
1.2596000000e+01 -2.8387426104e-02 -5.8942482887e-02
1.2597000000e+01 -2.8336007080e-02 -5.8375487368e-02
1.2598000000e+01 -2.8281519363e-02 -5.7804535673e-02
1.2599000000e+01 -2.8223944498e-02 -5.7229621971e-02
1.2600000000e+01 -2.8163254154e-02 -5.6650735373e-02
1.2601000000e+01 -2.8099410236e-02 -5.6067860120e-02
1.2602000000e+01 -2.8032365044e-02 -5.5480975752e-02
1.2603000000e+01 -2.7962061472e-02 -5.4890057249e-02
1.2604000000e+01 -2.7888433253e-02 -5.4295075148e-02
1.2605000000e+01 -2.7811405236e-02 -5.3695995632e-02
1.2606000000e+01 -2.7730893726e-02 -5.3092780590e-02
1.2607000000e+01 -2.7646806845e-02 -5.2485387657e-02
1.2608000000e+01 -2.7559044959e-02 -5.1873770233e-02
1.2609000000e+01 -2.7467501136e-02 -5.1257877484e-02
1.2610000000e+01 -2.7372061654e-02 -5.0637654331e-02
1.2611000000e+01 -2.7272606549e-02 -5.0013041438e-02
1.2612000000e+01 -2.7169010214e-02 -4.9383975197e-02
1.2613000000e+01 -2.7061142033e-02 -4.8750387722e-02
1.2614000000e+01 -2.6948867064e-02 -4.8112206860e-02
1.2615000000e+01 -2.6832046757e-02 -4.7469356215e-02
1.2616000000e+01 -2.6710539720e-02 -4.6821755212e-02
1.2617000000e+01 -2.6584202516e-02 -4.6169319182e-02
1.2618000000e+01 -2.6452890505e-02 -4.5511959488e-02
1.2619000000e+01 -2.6316458718e-02 -4.4849583697e-02
1.2620000000e+01 -2.6174762768e-02 -4.4182095790e-02
1.2621000000e+01 -2.6027659786e-02 -4.3509396419e-02
1.2622000000e+01 -2.5875009399e-02 -4.2831383219e-02
1.2623000000e+01 -2.5716674724e-02 -4.2147951150e-02
1.2624000000e+01 -2.5552523387e-02 -4.1458992902e-02
1.2625000000e+01 -2.5382428560e-02 -4.0764399329e-02
1.2626000000e+01 -2.5206270019e-02 -4.0064059927e-02
1.2627000000e+01 -2.5023935196e-02 -3.9357863347e-02
1.2628000000e+01 -2.4835320246e-02 -3.8645697938e-02
1.2629000000e+01 -2.4640331101e-02 -3.7927452311e-02
1.2630000000e+01 -2.4438884512e-02 -3.7203015925e-02
1.2631000000e+01 -2.4230909075e-02 -3.6472279688e-02
1.2632000000e+01 -2.4016346218e-02 -3.5735136565e-02
1.2633000000e+01 -2.3795151159e-02 -3.4991482181e-02
1.2634000000e+01 -2.3567293812e-02 -3.4241215436e-02
1.2635000000e+01 -2.3332759629e-02 -3.3484239098e-02
1.2636000000e+01 -2.3091550389e-02 -3.2720460393e-02
1.2637000000e+01 -2.2843684899e-02 -3.1949791577e-02
1.2638000000e+01 -2.2589199623e-02 -3.1172150486e-02
1.2639000000e+01 -2.2328149206e-02 -3.0387461069e-02
1.2640000000e+01 -2.2060606915e-02 -2.9595653896e-02
1.2641000000e+01 -2.1786664964e-02 -2.8796666636e-02
1.2642000000e+01 -2.1506434742e-02 -2.7990444511e-02
1.2643000000e+01 -2.1220046920e-02 -2.7176940727e-02
1.2644000000e+01 -2.0927651452e-02 -2.6356116864e-02
1.2645000000e+01 -2.0629417457e-02 -2.5527943252e-02
1.2646000000e+01 -2.0325532994e-02 -2.4692399312e-02
1.2647000000e+01 -2.0016204724e-02 -2.3849473868e-02
1.2648000000e+01 -1.9701657458e-02 -2.2999165443e-02
1.2649000000e+01 -1.9382133613e-02 -2.2141482521e-02
1.2650000000e+01 -1.9057892564e-02 -2.1276443790e-02
1.2651000000e+01 -1.8729209901e-02 -2.0404078368e-02
1.2652000000e+01 -1.8396376605e-02 -1.9524426009e-02
1.2653000000e+01 -1.8059698147e-02 -1.8637537282e-02
1.2654000000e+01 -1.7719493503e-02 -1.7743473752e-02
1.2655000000e+01 -1.7376094119e-02 -1.6842308127e-02
1.2656000000e+01 -1.7029842806e-02 -1.5934124403e-02
1.2657000000e+01 -1.6681092586e-02 -1.5019017986e-02
1.2658000000e+01 -1.6330205493e-02 -1.4097095799e-02
1.2659000000e+01 -1.5977551334e-02 -1.3168476369e-02
1.2660000000e+01 -1.5623506414e-02 -1.2233289888e-02
1.2661000000e+01 -1.5268452236e-02 -1.1291678248e-02
1.2662000000e+01 -1.4912774176e-02 -1.0343795041e-02
1.2663000000e+01 -1.4556860147e-02 -9.3898055193e-03
1.2664000000e+01 -1.4201099247e-02 -8.4298865073e-03
1.2665000000e+01 -1.3845880409e-02 -7.4642262578e-03
1.2666000000e+01 -1.3491591061e-02 -6.4930242473e-03
1.2667000000e+01 -1.3138615792e-02 -5.5164908992e-03
1.2668000000e+01 -1.2787335050e-02 -4.5348472307e-03
1.2669000000e+01 -1.2438123866e-02 -3.5483244143e-03
1.2670000000e+01 -1.2091350629e-02 -2.5571632520e-03
1.2671000000e+01 -1.1747375913e-02 -1.5616135557e-03
1.2672000000e+01 -1.1406551371e-02 -5.6193343314e-04
1.2673000000e+01 -1.1069218706e-02 4.4161152019e-04
1.2674000000e+01 -1.0735708734e-02 1.4487491218e-03
1.2675000000e+01 -1.0406340547e-02 2.4592015901e-03
1.2676000000e+01 -1.0081420775e-02 3.4726866133e-03
1.2677000000e+01 -9.7612429811e-03 4.4889184884e-03
1.2678000000e+01 -9.4460871659e-03 5.5076093207e-03
1.2679000000e+01 -9.1362194078e-03 6.5284702680e-03
1.2680000000e+01 -8.8318916306e-03 7.5512128154e-03
1.2681000000e+01 -8.5333415035e-03 8.5755500622e-03
1.2682000000e+01 -8.2407924682e-03 9.6011980038e-03
1.2683000000e+01 -7.9544538910e-03 1.0627876789e-02
1.2684000000e+01 -7.6745213311e-03 1.1655311933e-02
1.2685000000e+01 -7.4011769178e-03 1.2683235468e-02
1.2686000000e+01 -7.1345898240e-03 1.3711387008e-02
1.2687000000e+01 -6.8749168239e-03 1.4739514723e-02
1.2688000000e+01 -6.6223029222e-03 1.5767376183e-02
1.2689000000e+01 -6.3768820375e-03 1.6794739088e-02
1.2690000000e+01 -6.1387777272e-03 1.7821381843e-02
1.2691000000e+01 -5.9081039367e-03 1.8847093988e-02
1.2692000000e+01 -5.6849657588e-03 1.9871676463e-02
1.2693000000e+01 -5.4694601888e-03 2.0894941716e-02
1.2694000000e+01 -5.2616768613e-03 2.1916713637e-02
1.2695000000e+01 -5.0616987584e-03 2.2936827339e-02
1.2696000000e+01 -4.8696028778e-03 2.3955128772e-02
1.2697000000e+01 -4.6854608522e-03 2.4971474181e-02
1.2698000000e+01 -4.5093395148e-03 2.5985729434e-02
1.2699000000e+01 -4.3413014050e-03 2.6997769205e-02
1.2700000000e+01 -4.1814052122e-03 2.8007476045e-02
1.2701000000e+01 -4.0297061571e-03 2.9014739356e-02
1.2702000000e+01 -3.8862563113e-03 3.0019454268e-02
1.2703000000e+01 -3.7511048586e-03 3.1021520462e-02
1.2704000000e+01 -3.6242983005e-03 3.2020840937e-02
1.2705000000e+01 -3.5058806141e-03 3.3017320745e-02
1.2706000000e+01 -3.3958933655e-03 3.4010865723e-02
1.2707000000e+01 -3.2943757886e-03 3.5001381224e-02
1.2708000000e+01 -3.2013648352e-03 3.5988770874e-02
1.2709000000e+01 -3.1168952044e-03 3.6972935366e-02
1.2710000000e+01 -3.0409993594e-03 3.7953771310e-02
1.2711000000e+01 -2.9737075385e-03 3.8931170147e-02
1.2712000000e+01 -2.9150477665e-03 3.9905017130e-02
1.2713000000e+01 -2.8650458729e-03 4.0875190396e-02
1.2714000000e+01 -2.8237255210e-03 4.1841560125e-02
1.2715000000e+01 -2.7911082508e-03 4.2803987782e-02
1.2716000000e+01 -2.7672135380e-03 4.3762325464e-02
1.2717000000e+01 -2.7520588692e-03 4.4716415329e-02
1.2718000000e+01 -2.7456598316e-03 4.5666089119e-02
1.2719000000e+01 -2.7480302144e-03 4.6611167778e-02
1.2720000000e+01 -2.7591821176e-03 4.7551461144e-02
1.2721000000e+01 -2.7791260619e-03 4.8486767727e-02
1.2722000000e+01 -2.8078710933e-03 4.9416874564e-02
1.2723000000e+01 -2.8454248736e-03 5.0341557142e-02
1.2724000000e+01 -2.8917937484e-03 5.1260579390e-02
1.2725000000e+01 -2.9469827838e-03 5.2173693740e-02
1.2726000000e+01 -3.0109957621e-03 5.3080641247e-02
1.2727000000e+01 -3.0838351287e-03 5.3981151773e-02
1.2728000000e+01 -3.1655018805e-03 5.4874944232e-02
1.2729000000e+01 -3.2559953913e-03 5.5761726900e-02
1.2730000000e+01 -3.3553131660e-03 5.6641197787e-02
1.2731000000e+01 -3.4634505222e-03 5.7513045078e-02
1.2732000000e+01 -3.5804001950e-03 5.8376947649e-02
1.2733000000e+01 -3.7061518681e-03 5.9232575643e-02
1.2734000000e+01 -3.8406916307e-03 6.0079591140e-02
1.2735000000e+01 -3.9840013674e-03 6.0917648891e-02
1.2736000000e+01 -4.1360580884e-03 6.1746397141e-02
1.2737000000e+01 -4.2968332072e-03 6.2565478529e-02
1.2738000000e+01 -4.4662917811e-03 6.3374531073e-02
1.2739000000e+01 -4.6443917240e-03 6.4173189224e-02
1.2740000000e+01 -4.8310830091e-03 6.4961085002e-02
1.2741000000e+01 -5.0263068770e-03 6.5737849194e-02
1.2742000000e+01 -5.2299950644e-03 6.6503112611e-02
1.2743000000e+01 -5.4420690711e-03 6.7256507392e-02
1.2744000000e+01 -5.6624394823e-03 6.7997668344e-02
1.2745000000e+01 -5.8910053602e-03 6.8726234305e-02
1.2746000000e+01 -6.1276537197e-03 6.9441849510e-02
1.2747000000e+01 -6.3722591004e-03 7.0144164946e-02
1.2748000000e+01 -6.6246832454e-03 7.0832839682e-02
1.2749000000e+01 -6.8847748928e-03 7.1507542151e-02
1.2750000000e+01 -7.1523696859e-03 7.2167951371e-02
1.2751000000e+01 -7.4272902024e-03 7.2813758083e-02
1.2752000000e+01 -7.7093461019e-03 7.3444665798e-02
1.2753000000e+01 -7.9983343862e-03 7.4060391731e-02
1.2754000000e+01 -8.2940397649e-03 7.4660667622e-02
1.2755000000e+01 -8.5962351168e-03 7.5245240413e-02
1.2756000000e+01 -8.9046820334e-03 7.5813872808e-02
1.2757000000e+01 -9.2191314313e-03 7.6366343670e-02
1.2758000000e+01 -9.5393242176e-03 7.6902448298e-02
1.2759000000e+01 -9.8649919917e-03 7.7421998549e-02
1.2760000000e+01 -1.0195857768e-02 7.7924822838e-02
1.2761000000e+01 -1.0531636702e-02 7.8410766010e-02
1.2762000000e+01 -1.0872036809e-02 7.8879689097e-02
1.2763000000e+01 -1.1216759652e-02 7.9331468981e-02
1.2764000000e+01 -1.1565501007e-02 7.9765997970e-02
1.2765000000e+01 -1.1917951467e-02 8.0183183311e-02
1.2766000000e+01 -1.2273797011e-02 8.0582946652e-02
1.2767000000e+01 -1.2632719509e-02 8.0965223481e-02
1.2768000000e+01 -1.2994397171e-02 8.1329962547e-02
1.2769000000e+01 -1.3358504942e-02 8.1677125297e-02
1.2770000000e+01 -1.3724714851e-02 8.2006685326e-02
1.2771000000e+01 -1.4092696301e-02 8.2318627873e-02
1.2772000000e+01 -1.4462116333e-02 8.2612949366e-02
1.2773000000e+01 -1.4832639857e-02 8.2889657021e-02
1.2774000000e+01 -1.5203929862e-02 8.3148768514e-02
1.2775000000e+01 -1.5575647616e-02 8.3390311717e-02
1.2776000000e+01 -1.5947452882e-02 8.3614324511e-02
1.2777000000e+01 -1.6319004129e-02 8.3820854661e-02
1.2778000000e+01 -1.6689958785e-02 8.4009959756e-02
1.2779000000e+01 -1.7059973514e-02 8.4181707212e-02
1.2780000000e+01 -1.7428704542e-02 8.4336174310e-02
1.2781000000e+01 -1.7795808038e-02 8.4473448279e-02
1.2782000000e+01 -1.8160940541e-02 8.4593626398e-02
1.2783000000e+01 -1.8523759464e-02 8.4696816106e-02
1.2784000000e+01 -1.8883923653e-02 8.4783135114e-02
1.2785000000e+01 -1.9241094021e-02 8.4852711493e-02
1.2786000000e+01 -1.9594934238e-02 8.4905683735e-02
1.2787000000e+01 -1.9945111501e-02 8.4942200772e-02
1.2788000000e+01 -2.0291297352e-02 8.4962421941e-02
1.2789000000e+01 -2.0633168555e-02 8.4966516892e-02
1.2790000000e+01 -2.0970408027e-02 8.4954665420e-02
1.2791000000e+01 -2.1302705805e-02 8.4927057236e-02
1.2792000000e+01 -2.1629760046e-02 8.4883891652e-02
1.2793000000e+01 -2.1951278045e-02 8.4825377197e-02
1.2794000000e+01 -2.2266977268e-02 8.4751731163e-02
1.2795000000e+01 -2.2576586378e-02 8.4663179076e-02
1.2796000000e+01 -2.2879846248e-02 8.4559954116e-02
1.2797000000e+01 -2.3176510942e-02 8.4442296472e-02
1.2798000000e+01 -2.3466348656e-02 8.4310452664e-02
1.2799000000e+01 -2.3749142608e-02 8.4164674824e-02
1.2800000000e+01 -2.4024691853e-02 8.4005219968e-02
1.2801000000e+01 -2.4292812026e-02 8.3832349245e-02
1.2802000000e+01 -2.4553335992e-02 8.3646327200e-02
1.2803000000e+01 -2.4806114396e-02 8.3447421049e-02
1.2804000000e+01 -2.5051016105e-02 8.3235899976e-02
1.2805000000e+01 -2.5287928541e-02 8.3012034472e-02
1.2806000000e+01 -2.5516757887e-02 8.2776095710e-02
1.2807000000e+01 -2.5737429175e-02 8.2528354978e-02
1.2808000000e+01 -2.5949886255e-02 8.2269083164e-02
1.2809000000e+01 -2.6154091636e-02 8.1998550295e-02
1.2810000000e+01 -2.6350026208e-02 8.1717025145e-02
1.2811000000e+01 -2.6537688858e-02 8.1424774893e-02
1.2812000000e+01 -2.6717095966e-02 8.1122064843e-02
1.2813000000e+01 -2.6888280809e-02 8.0809158191e-02
1.2814000000e+01 -2.7051292869e-02 8.0486315844e-02
1.2815000000e+01 -2.7206197059e-02 8.0153796272e-02
1.2816000000e+01 -2.7353072878e-02 7.9811855400e-02
1.2817000000e+01 -2.7492013503e-02 7.9460746517e-02
1.2818000000e+01 -2.7623124829e-02 7.9100720199e-02
1.2819000000e+01 -2.7746524474e-02 7.8732024244e-02
1.2820000000e+01 -2.7862340747e-02 7.8354903598e-02
1.2821000000e+01 -2.7970711599e-02 7.7969600275e-02
1.2822000000e+01 -2.8071783569e-02 7.7576353250e-02
1.2823000000e+01 -2.8165710718e-02 7.7175398336e-02
1.2824000000e+01 -2.8252653578e-02 7.6766968028e-02
1.2825000000e+01 -2.8332778108e-02 7.6351291306e-02
1.2826000000e+01 -2.8406254678e-02 7.5928593406e-02
1.2827000000e+01 -2.8473257070e-02 7.5499095548e-02
1.2828000000e+01 -2.8533961518e-02 7.5063014626e-02
1.2829000000e+01 -2.8588545775e-02 7.4620562856e-02
1.2830000000e+01 -2.8637188226e-02 7.4171947394e-02
1.2831000000e+01 -2.8680067038e-02 7.3717369910e-02
1.2832000000e+01 -2.8717359357e-02 7.3257026147e-02
1.2833000000e+01 -2.8749240547e-02 7.2791105450e-02
1.2834000000e+01 -2.8775883481e-02 7.2319790283e-02
1.2835000000e+01 -2.8797457871e-02 7.1843255743e-02
1.2836000000e+01 -2.8814129648e-02 7.1361669069e-02
1.2837000000e+01 -2.8826060393e-02 7.0875189169e-02
1.2838000000e+01 -2.8833406800e-02 7.0383966158e-02
1.2839000000e+01 -2.8836320189e-02 6.9888140939e-02
1.2840000000e+01 -2.8834946060e-02 6.9387844806e-02
1.2841000000e+01 -2.8829423669e-02 6.8883199105e-02
1.2842000000e+01 -2.8819885656e-02 6.8374314945e-02
1.2843000000e+01 -2.8806457685e-02 6.7861292971e-02
1.2844000000e+01 -2.8789258119e-02 6.7344223204e-02
1.2845000000e+01 -2.8768397715e-02 6.6823184954e-02
1.2846000000e+01 -2.8743979332e-02 6.6298246810e-02
1.2847000000e+01 -2.8716097668e-02 6.5769466701e-02
1.2848000000e+01 -2.8684838994e-02 6.5236892046e-02
1.2849000000e+01 -2.8650280920e-02 6.4700559965e-02
1.2850000000e+01 -2.8612492154e-02 6.4160497579e-02
1.2851000000e+01 -2.8571532294e-02 6.3616722363e-02
1.2852000000e+01 -2.8527451618e-02 6.3069242569e-02
1.2853000000e+01 -2.8480290908e-02 6.2518057703e-02
1.2854000000e+01 -2.8430081278e-02 6.1963159042e-02
1.2855000000e+01 -2.8376844048e-02 6.1404530186e-02
1.2856000000e+01 -2.8320590629e-02 6.0842147641e-02
1.2857000000e+01 -2.8261322460e-02 6.0275981402e-02
1.2858000000e+01 -2.8199030974e-02 5.9705995551e-02
1.2859000000e+01 -2.8133697621e-02 5.9132148832e-02
1.2860000000e+01 -2.8065293934e-02 5.8554395223e-02
1.2861000000e+01 -2.7993781651e-02 5.7972684461e-02
1.2862000000e+01 -2.7919112898e-02 5.7386962542e-02
1.2863000000e+01 -2.7841230424e-02 5.6797172176e-02
1.2864000000e+01 -2.7760067905e-02 5.6203253188e-02
1.2865000000e+01 -2.7675550299e-02 5.5605142868e-02
1.2866000000e+01 -2.7587594258e-02 5.5002776275e-02
1.2867000000e+01 -2.7496108603e-02 5.4396086476e-02
1.2868000000e+01 -2.7400994837e-02 5.3785004739e-02
1.2869000000e+01 -2.7302147713e-02 5.3169460680e-02
1.2870000000e+01 -2.7199455836e-02 5.2549382364e-02
1.2871000000e+01 -2.7092802310e-02 5.1924696366e-02
1.2872000000e+01 -2.6982065410e-02 5.1295327810e-02
1.2873000000e+01 -2.6867119277e-02 5.0661200377e-02
1.2874000000e+01 -2.6747834648e-02 5.0022236307e-02
1.2875000000e+01 -2.6624079598e-02 4.9378356390e-02
1.2876000000e+01 -2.6495720295e-02 4.8729479963e-02
1.2877000000e+01 -2.6362621785e-02 4.8075524914e-02
1.2878000000e+01 -2.6224648780e-02 4.7416407709e-02
1.2879000000e+01 -2.6081666461e-02 4.6752043435e-02
1.2880000000e+01 -2.5933541305e-02 4.6082345884e-02
1.2881000000e+01 -2.5780141920e-02 4.5407227660e-02
1.2882000000e+01 -2.5621339892e-02 4.4726600331e-02
1.2883000000e+01 -2.5457010660e-02 4.4040374616e-02
1.2884000000e+01 -2.5287034387e-02 4.3348460615e-02
1.2885000000e+01 -2.5111296865e-02 4.2650768081e-02
1.2886000000e+01 -2.4929690416e-02 4.1947206725e-02
1.2887000000e+01 -2.4742114803e-02 4.1237686562e-02
1.2888000000e+01 -2.4548478157e-02 4.0522118294e-02
1.2889000000e+01 -2.4348697882e-02 3.9800413715e-02
1.2890000000e+01 -2.4142701574e-02 3.9072486148e-02
1.2891000000e+01 -2.3930427905e-02 3.8338250894e-02
1.2892000000e+01 -2.3711827498e-02 3.7597625706e-02
1.2893000000e+01 -2.3486863761e-02 3.6850531265e-02
1.2894000000e+01 -2.3255513687e-02 3.6096891656e-02
1.2895000000e+01 -2.3017768601e-02 3.5336634851e-02
1.2896000000e+01 -2.2773634848e-02 3.4569693177e-02
1.2897000000e+01 -2.2523134415e-02 3.3796003773e-02
1.2898000000e+01 -2.2266305486e-02 3.3015509029e-02
1.2899000000e+01 -2.2003202906e-02 3.2228157005e-02
1.2900000000e+01 -2.1733898572e-02 3.1433901824e-02
1.2901000000e+01 -2.1458481719e-02 3.0632704038e-02
1.2902000000e+01 -2.1177059132e-02 2.9824530964e-02
1.2903000000e+01 -2.0889755247e-02 2.9009356992e-02
1.2904000000e+01 -2.0596712169e-02 2.8187163861e-02
1.2905000000e+01 -2.0298089584e-02 2.7357940906e-02
1.2906000000e+01 -1.9994064587e-02 2.6521685275e-02
1.2907000000e+01 -1.9684831411e-02 2.5678402124e-02
1.2908000000e+01 -1.9370601073e-02 2.4828104781e-02
1.2909000000e+01 -1.9051600925e-02 2.3970814899e-02
1.2910000000e+01 -1.8728074132e-02 2.3106562578e-02
1.2911000000e+01 -1.8400279061e-02 2.2235386490e-02
1.2912000000e+01 -1.8068488602e-02 2.1357333974e-02
1.2913000000e+01 -1.7732989411e-02 2.0472461140e-02
1.2914000000e+01 -1.7394081089e-02 1.9580832957e-02
1.2915000000e+01 -1.7052075297e-02 1.8682523339e-02
1.2916000000e+01 -1.6707294806e-02 1.7777615235e-02
1.2917000000e+01 -1.6360072500e-02 1.6866200713e-02
1.2918000000e+01 -1.6010750320e-02 1.5948381043e-02
1.2919000000e+01 -1.5659678172e-02 1.5024266776e-02
1.2920000000e+01 -1.5307212784e-02 1.4093977822e-02
1.2921000000e+01 -1.4953716540e-02 1.3157643513e-02
1.2922000000e+01 -1.4599556277e-02 1.2215402659e-02
1.2923000000e+01 -1.4245102073e-02 1.1267403585e-02
1.2924000000e+01 -1.3890726011e-02 1.0313804136e-02
1.2925000000e+01 -1.3536800948e-02 9.3547716667e-03
1.2926000000e+01 -1.3183699287e-02 8.3904829834e-03
1.2927000000e+01 -1.2831791754e-02 7.4211242467e-03
1.2928000000e+01 -1.2481446211e-02 6.4468908260e-03
1.2929000000e+01 -1.2133026490e-02 5.4679870971e-03
1.2930000000e+01 -1.1786891271e-02 4.4846261798e-03
1.2931000000e+01 -1.1443393010e-02 3.4970296101e-03
1.2932000000e+01 -1.1102876921e-02 2.5054269422e-03
1.2933000000e+01 -1.0765680030e-02 1.5100552801e-03
1.2934000000e+01 -1.0432130290e-02 5.1115873532e-04
1.2935000000e+01 -1.0102545786e-02 -4.9101218811e-04
1.2936000000e+01 -9.7772340152e-03 -1.4962012799e-03
1.2937000000e+01 -9.4564912591e-03 -2.5041473782e-03
1.2938000000e+01 -9.1406020477e-03 -3.5145851872e-03
1.2939000000e+01 -8.8298387159e-03 -4.5272461525e-03
1.2940000000e+01 -8.5244610568e-03 -5.5418593858e-03
1.2941000000e+01 -8.2247160711e-03 -6.5581526289e-03
1.2942000000e+01 -7.9308378120e-03 -7.5758532477e-03
1.2943000000e+01 -7.6430473235e-03 -8.5946892435e-03
1.2944000000e+01 -7.3615526708e-03 -9.6143902682e-03
1.2945000000e+01 -7.0865490579e-03 -1.0634688630e-02
1.2946000000e+01 -6.8182190275e-03 -1.1655320278e-02
1.2947000000e+01 -6.5567327396e-03 -1.2676025742e-02
1.2948000000e+01 -6.3022483192e-03 -1.3696551025e-02
1.2949000000e+01 -6.0549122686e-03 -1.4716648428e-02
1.2950000000e+01 -5.8148599346e-03 -1.5736077289e-02
1.2951000000e+01 -5.5822160216e-03 -1.6754604636e-02
1.2952000000e+01 -5.3570951428e-03 -1.7772005729e-02
1.2953000000e+01 -5.1396023983e-03 -1.8788064491e-02
1.2954000000e+01 -4.9298339717e-03 -1.9802573826e-02
1.2955000000e+01 -4.7278777341e-03 -2.0815335799e-02
1.2956000000e+01 -4.5338138482e-03 -2.1826161703e-02
1.2957000000e+01 -4.3477153608e-03 -2.2834871987e-02
1.2958000000e+01 -4.1696487794e-03 -2.3841296070e-02
1.2959000000e+01 -3.9996746219e-03 -2.4845272029e-02
1.2960000000e+01 -3.8378479375e-03 -2.5846646183e-02
1.2961000000e+01 -3.6842187906e-03 -2.6845272565e-02
1.2962000000e+01 -3.5388327085e-03 -2.7841012312e-02
1.2963000000e+01 -3.4017310882e-03 -2.8833732973e-02
1.2964000000e+01 -3.2729515653e-03 -2.9823307748e-02
1.2965000000e+01 -3.1525283439e-03 -3.0809614677e-02
1.2966000000e+01 -3.0404924933e-03 -3.1792535793e-02
1.2967000000e+01 -2.9368722134e-03 -3.2771956242e-02
1.2968000000e+01 -2.8416930745e-03 -3.3747763395e-02
1.2969000000e+01 -2.7549782371e-03 -3.4719845957e-02
1.2970000000e+01 -2.6767486581e-03 -3.5688093086e-02
1.2971000000e+01 -2.6070232871e-03 -3.6652393521e-02
1.2972000000e+01 -2.5458192604e-03 -3.7612634749e-02
1.2973000000e+01 -2.4931520951e-03 -3.8568702191e-02
1.2974000000e+01 -2.4490358879e-03 -3.9520478426e-02
1.2975000000e+01 -2.4134835195e-03 -4.0467842457e-02
1.2976000000e+01 -2.3865068668e-03 -4.1410669015e-02
1.2977000000e+01 -2.3681170191e-03 -4.2348827902e-02
1.2978000000e+01 -2.3583244984e-03 -4.3282183379e-02
1.2979000000e+01 -2.3571394776e-03 -4.4210593591e-02
1.2980000000e+01 -2.3645719913e-03 -4.5133910030e-02
1.2981000000e+01 -2.3806321324e-03 -4.6051977041e-02
1.2982000000e+01 -2.4053302260e-03 -4.6964631362e-02
1.2983000000e+01 -2.4386769719e-03 -4.7871701697e-02
1.2984000000e+01 -2.4806835464e-03 -4.8773008330e-02
1.2985000000e+01 -2.5313616543e-03 -4.9668362772e-02
1.2986000000e+01 -2.5907235219e-03 -5.0557567447e-02
1.2987000000e+01 -2.6587818230e-03 -5.1440415420e-02
1.2988000000e+01 -2.7355495296e-03 -5.2316690163e-02
1.2989000000e+01 -2.8210396839e-03 -5.3186165375e-02
1.2990000000e+01 -2.9152650835e-03 -5.4048604848e-02
1.2991000000e+01 -3.0182378810e-03 -5.4903762403e-02
1.2992000000e+01 -3.1299690949e-03 -5.5751381879e-02
1.2993000000e+01 -3.2504680353e-03 -5.6591197202e-02
1.2994000000e+01 -3.3797416463e-03 -5.7422932535e-02
1.2995000000e+01 -3.5177937729e-03 -5.8246302513e-02
1.2996000000e+01 -3.6646243601e-03 -5.9061012567e-02
1.2997000000e+01 -3.8202285931e-03 -5.9866759360e-02
1.2998000000e+01 -3.9845959929e-03 -6.0663231311e-02
1.2999000000e+01 -4.1577094784e-03 -6.1450109240e-02
1.3000000000e+01 -4.3395444120e-03 -6.2227067115e-02
1.3001000000e+01 -4.5300676424e-03 -6.2993772900e-02
1.3002000000e+01 -4.7292365629e-03 -6.3749889522e-02
1.3003000000e+01 -4.9369982006e-03 -6.4495075922e-02
1.3004000000e+01 -5.1532883528e-03 -6.5228988200e-02
1.3005000000e+01 -5.3780307861e-03 -6.5951280846e-02
1.3006000000e+01 -5.6111365138e-03 -6.6661608026e-02
1.3007000000e+01 -5.8525031629e-03 -6.7359624928e-02
1.3008000000e+01 -6.1020144430e-03 -6.8044989136e-02
1.3009000000e+01 -6.3595397262e-03 -6.8717362022e-02
1.3010000000e+01 -6.6249337440e-03 -6.9376410139e-02
1.3011000000e+01 -6.8980364064e-03 -7.0021806578e-02
1.3012000000e+01 -7.1786727428e-03 -7.0653232296e-02
1.3013000000e+01 -7.4666529669e-03 -7.1270377375e-02
1.3014000000e+01 -7.7617726575e-03 -7.1872942205e-02
1.3015000000e+01 -8.0638130537e-03 -7.2460638567e-02
1.3016000000e+01 -8.3725414521e-03 -7.3033190616e-02
1.3017000000e+01 -8.6877116982e-03 -7.3590335740e-02
1.3018000000e+01 -9.0090647597e-03 -7.4131825299e-02
1.3019000000e+01 -9.3363293678e-03 -7.4657425226e-02
1.3020000000e+01 -9.6692227138e-03 -7.5166916507e-02
1.3021000000e+01 -1.0007451187e-02 -7.5660095526e-02
1.3022000000e+01 -1.0350711137e-02 -7.6136774294e-02
1.3023000000e+01 -1.0698689658e-02 -7.6596780559e-02
1.3024000000e+01 -1.1051065364e-02 -7.7039957818e-02
1.3025000000e+01 -1.1407509162e-02 -7.7466165235e-02
1.3026000000e+01 -1.1767685010e-02 -7.7875277494e-02
1.3027000000e+01 -1.2131250644e-02 -7.8267184580e-02
1.3028000000e+01 -1.2497858281e-02 -7.8641791524e-02
1.3029000000e+01 -1.2867155287e-02 -7.8999018122e-02
1.3030000000e+01 -1.3238784815e-02 -7.9338798632e-02
1.3031000000e+01 -1.3612386412e-02 -7.9661081482e-02
1.3032000000e+01 -1.3987596595e-02 -7.9965828975e-02
1.3033000000e+01 -1.4364049409e-02 -8.0253017026e-02
1.3034000000e+01 -1.4741376968e-02 -8.0522634920e-02
1.3035000000e+01 -1.5119209982e-02 -8.0774685103e-02
1.3036000000e+01 -1.5497178291e-02 -8.1009183004e-02
1.3037000000e+01 -1.5874911396e-02 -8.1226156889e-02
1.3038000000e+01 -1.6252039007e-02 -8.1425647753e-02
1.3039000000e+01 -1.6628191615e-02 -8.1607709221e-02
1.3040000000e+01 -1.7003001085e-02 -8.1772407487e-02
1.3041000000e+01 -1.7376101279e-02 -8.1919821244e-02
1.3042000000e+01 -1.7747128722e-02 -8.2050041636e-02
1.3043000000e+01 -1.8115723293e-02 -8.2163172186e-02
1.3044000000e+01 -1.8481528958e-02 -8.2259328724e-02
1.3045000000e+01 -1.8844194543e-02 -8.2338639276e-02
1.3046000000e+01 -1.9203374528e-02 -8.2401243930e-02
1.3047000000e+01 -1.9558729883e-02 -8.2447294661e-02
1.3048000000e+01 -1.9909928913e-02 -8.2476955101e-02
1.3049000000e+01 -2.0256648129e-02 -8.2490400262e-02
1.3050000000e+01 -2.0598573126e-02 -8.2487816204e-02
1.3051000000e+01 -2.0935399453e-02 -8.2469399638e-02
1.3052000000e+01 -2.1266833488e-02 -8.2435357470e-02
1.3053000000e+01 -2.1592593277e-02 -8.2385906285e-02
1.3054000000e+01 -2.1912409365e-02 -8.2321271774e-02
1.3055000000e+01 -2.2226025568e-02 -8.2241688096e-02
1.3056000000e+01 -2.2533199720e-02 -8.2147397203e-02
1.3057000000e+01 -2.2833704350e-02 -8.2038648106e-02
1.3058000000e+01 -2.3127327302e-02 -8.1915696109e-02
1.3059000000e+01 -2.3413872286e-02 -8.1778802020e-02
1.3060000000e+01 -2.3693159352e-02 -8.1628231322e-02
1.3061000000e+01 -2.3965025288e-02 -8.1464253357e-02
1.3062000000e+01 -2.4229323924e-02 -8.1287140490e-02
1.3063000000e+01 -2.4485926360e-02 -8.1097167292e-02
1.3064000000e+01 -2.4734721098e-02 -8.0894609742e-02
1.3065000000e+01 -2.4975614092e-02 -8.0679744459e-02
1.3066000000e+01 -2.5208528705e-02 -8.0452847967e-02
1.3067000000e+01 -2.5433405581e-02 -8.0214196020e-02
1.3068000000e+01 -2.5650202434e-02 -7.9964062964e-02
1.3069000000e+01 -2.5858893759e-02 -7.9702721176e-02
1.3070000000e+01 -2.6059470461e-02 -7.9430440553e-02
1.3071000000e+01 -2.6251939419e-02 -7.9147488070e-02
1.3072000000e+01 -2.6436322975e-02 -7.8854127412e-02
1.3073000000e+01 -2.6612658369e-02 -7.8550618654e-02
1.3074000000e+01 -2.6780997113e-02 -7.8237218020e-02
1.3075000000e+01 -2.6941404315e-02 -7.7914177682e-02
1.3076000000e+01 -2.7093957961e-02 -7.7581745627e-02
1.3077000000e+01 -2.7238748152e-02 -7.7240165549e-02
1.3078000000e+01 -2.7375876313e-02 -7.6889676794e-02
1.3079000000e+01 -2.7505454377e-02 -7.6530514322e-02
1.3080000000e+01 -2.7627603937e-02 -7.6162908692e-02
1.3081000000e+01 -2.7742455396e-02 -7.5787086058e-02
1.3082000000e+01 -2.7850147092e-02 -7.5403268166e-02
1.3083000000e+01 -2.7950824434e-02 -7.5011672349e-02
1.3084000000e+01 -2.8044639020e-02 -7.4612511512e-02
1.3085000000e+01 -2.8131747773e-02 -7.4205994093e-02
1.3086000000e+01 -2.8212312082e-02 -7.3792324014e-02
1.3087000000e+01 -2.8286496945e-02 -7.3371700599e-02
1.3088000000e+01 -2.8354470145e-02 -7.2944318474e-02
1.3089000000e+01 -2.8416401427e-02 -7.2510367434e-02
1.3090000000e+01 -2.8472461705e-02 -7.2070032286e-02
1.3091000000e+01 -2.8522822290e-02 -7.1623492675e-02
1.3092000000e+01 -2.8567654138e-02 -7.1170922874e-02
1.3093000000e+01 -2.8607127128e-02 -7.0712491572e-02
1.3094000000e+01 -2.8641409360e-02 -7.0248361640e-02
1.3095000000e+01 -2.8670666488e-02 -6.9778689885e-02
1.3096000000e+01 -2.8695061069e-02 -6.9303626813e-02
1.3097000000e+01 -2.8714751948e-02 -6.8823316381e-02
1.3098000000e+01 -2.8729893664e-02 -6.8337895762e-02
1.3099000000e+01 -2.8740635890e-02 -6.7847495125e-02
1.3100000000e+01 -2.8747122895e-02 -6.7352237429e-02
1.3101000000e+01 -2.8749493032e-02 -6.6852238242e-02
1.3102000000e+01 -2.8747878261e-02 -6.6347605590e-02
1.3103000000e+01 -2.8742403690e-02 -6.5838439831e-02
1.3104000000e+01 -2.8733187152e-02 -6.5324833573e-02
1.3105000000e+01 -2.8720338802e-02 -6.4806871617e-02
1.3106000000e+01 -2.8703960749e-02 -6.4284630952e-02
1.3107000000e+01 -2.8684146708e-02 -6.3758180777e-02
1.3108000000e+01 -2.8660981688e-02 -6.3227582572e-02
1.3109000000e+01 -2.8634541702e-02 -6.2692890203e-02
1.3110000000e+01 -2.8604893512e-02 -6.2154150059e-02
1.3111000000e+01 -2.8572094400e-02 -6.1611401228e-02
1.3112000000e+01 -2.8536191968e-02 -6.1064675701e-02
1.3113000000e+01 -2.8497223975e-02 -6.0513998594e-02
1.3114000000e+01 -2.8455218202e-02 -5.9959388398e-02
1.3115000000e+01 -2.8410192353e-02 -5.9400857231e-02
1.3116000000e+01 -2.8362153986e-02 -5.8838411111e-02
1.3117000000e+01 -2.8311100490e-02 -5.8272050214e-02
1.3118000000e+01 -2.8257019087e-02 -5.7701769139e-02
1.3119000000e+01 -2.8199886883e-02 -5.7127557157e-02
1.3120000000e+01 -2.8139670955e-02 -5.6549398441e-02
1.3121000000e+01 -2.8076328477e-02 -5.5967272281e-02
1.3122000000e+01 -2.8009806896e-02 -5.5381153268e-02
1.3123000000e+01 -2.7940044145e-02 -5.4791011458e-02
1.3124000000e+01 -2.7866968901e-02 -5.4196812501e-02
1.3125000000e+01 -2.7790500892e-02 -5.3598517749e-02
1.3126000000e+01 -2.7710551245e-02 -5.2996084325e-02
1.3127000000e+01 -2.7627022884e-02 -5.2389465182e-02
1.3128000000e+01 -2.7539810968e-02 -5.1778609128e-02
1.3129000000e+01 -2.7448803382e-02 -5.1163460838e-02
1.3130000000e+01 -2.7353881263e-02 -5.0543960857e-02
1.3131000000e+01 -2.7254919580e-02 -4.9920045594e-02
1.3132000000e+01 -2.7151787754e-02 -4.9291647318e-02
1.3133000000e+01 -2.7044350316e-02 -4.8658694160e-02
1.3134000000e+01 -2.6932467616e-02 -4.8021110131e-02
1.3135000000e+01 -2.6815996566e-02 -4.7378815160e-02
1.3136000000e+01 -2.6694791427e-02 -4.6731725161e-02
1.3137000000e+01 -2.6568704630e-02 -4.6079752130e-02
1.3138000000e+01 -2.6437587641e-02 -4.5422804279e-02
1.3139000000e+01 -2.6301291857e-02 -4.4760786217e-02
1.3140000000e+01 -2.6159669535e-02 -4.4093599165e-02
1.3141000000e+01 -2.6012574755e-02 -4.3421141229e-02
1.3142000000e+01 -2.5859864414e-02 -4.2743307706e-02
1.3143000000e+01 -2.5701399241e-02 -4.2059991451e-02
1.3144000000e+01 -2.5537044835e-02 -4.1371083272e-02
1.3145000000e+01 -2.5366672725e-02 -4.0676472379e-02
1.3146000000e+01 -2.5190161441e-02 -3.9976046866e-02
1.3147000000e+01 -2.5007397583e-02 -3.9269694227e-02
1.3148000000e+01 -2.4818276907e-02 -3.8557301901e-02
1.3149000000e+01 -2.4622705388e-02 -3.7838757842e-02
1.3150000000e+01 -2.4420600275e-02 -3.7113951102e-02
1.3151000000e+01 -2.4211891123e-02 -3.6382772437e-02
1.3152000000e+01 -2.3996520789e-02 -3.5645114905e-02
1.3153000000e+01 -2.3774446389e-02 -3.4900874482e-02
1.3154000000e+01 -2.3545640200e-02 -3.4149950657e-02
1.3155000000e+01 -2.3310090500e-02 -3.3392247032e-02
1.3156000000e+01 -2.3067802344e-02 -3.2627671903e-02
1.3157000000e+01 -2.2818798255e-02 -3.1856138823e-02
1.3158000000e+01 -2.2563118826e-02 -3.1077567147e-02
1.3159000000e+01 -2.2300823232e-02 -3.0291882558e-02
1.3160000000e+01 -2.2031989641e-02 -2.9499017559e-02
1.3161000000e+01 -2.1756715507e-02 -2.8698911947e-02
1.3162000000e+01 -2.1475117771e-02 -2.7891513254e-02
1.3163000000e+01 -2.1187332931e-02 -2.7076777163e-02
1.3164000000e+01 -2.0893517006e-02 -2.6254667892e-02
1.3165000000e+01 -2.0593845385e-02 -2.5425158555e-02
1.3166000000e+01 -2.0288512557e-02 -2.4588231490e-02
1.3167000000e+01 -1.9977731736e-02 -2.3743878565e-02
1.3168000000e+01 -1.9661734375e-02 -2.2892101454e-02
1.3169000000e+01 -1.9340769579e-02 -2.2032911899e-02
1.3170000000e+01 -1.9015103416e-02 -2.1166331938e-02
1.3171000000e+01 -1.8685018143e-02 -2.0292394125e-02
1.3172000000e+01 -1.8350811344e-02 -1.9411141727e-02
1.3173000000e+01 -1.8012794990e-02 -1.8522628900e-02
1.3174000000e+01 -1.7671294428e-02 -1.7626920862e-02
1.3175000000e+01 -1.7326647303e-02 -1.6724094038e-02
1.3176000000e+01 -1.6979202431e-02 -1.5814236200e-02
1.3177000000e+01 -1.6629318607e-02 -1.4897446587e-02
1.3178000000e+01 -1.6277363383e-02 -1.3973836007e-02
1.3179000000e+01 -1.5923711792e-02 -1.3043526919e-02
1.3180000000e+01 -1.5568745056e-02 -1.2106653496e-02
1.3181000000e+01 -1.5212849252e-02 -1.1163361644e-02
1.3182000000e+01 -1.4856413966e-02 -1.0213809006e-02
1.3183000000e+01 -1.4499830935e-02 -9.2581649028e-03
1.3184000000e+01 -1.4143492671e-02 -8.2966102409e-03
1.3185000000e+01 -1.3787791101e-02 -7.3293373532e-03
1.3186000000e+01 -1.3433116205e-02 -6.3565497789e-03
1.3187000000e+01 -1.3079854672e-02 -5.3784619697e-03
1.3188000000e+01 -1.2728388591e-02 -4.3952989165e-03
1.3189000000e+01 -1.2379094172e-02 -3.4072956903e-03
1.3190000000e+01 -1.2032340519e-02 -2.4146968934e-03
1.3191000000e+01 -1.1688488461e-02 -1.4177560160e-03
1.3192000000e+01 -1.1347889457e-02 -4.1673469867e-04
1.3193000000e+01 -1.1010884578e-02 5.8809810076e-04
1.3194000000e+01 -1.0677803590e-02 1.5964670307e-03
1.3195000000e+01 -1.0348964130e-02 2.6080913565e-03
1.3196000000e+01 -1.0024671002e-02 3.6226860490e-03
1.3197000000e+01 -9.7052155956e-03 4.6399629430e-03
1.3198000000e+01 -9.3908754164e-03 5.6596319510e-03
1.3199000000e+01 -9.0819137626e-03 6.6814023207e-03
1.3200000000e+01 -8.7785795227e-03 7.7049839178e-03
1.3201000000e+01 -8.4811071083e-03 8.7300885191e-03
1.3202000000e+01 -8.1897165143e-03 9.7564310949e-03
1.3203000000e+01 -7.9046135020e-03 1.0783731065e-02
1.3204000000e+01 -7.6259898978e-03 1.1811713503e-02
1.3205000000e+01 -7.3540239981e-03 1.2840110280e-02
1.3206000000e+01 -7.0888810682e-03 1.3868661118e-02
1.3207000000e+01 -6.8307139236e-03 1.4897114538e-02
1.3208000000e+01 -6.5796635775e-03 1.5925228700e-02
1.3209000000e+01 -6.3358599421e-03 1.6952772101e-02
1.3210000000e+01 -6.0994225663e-03 1.7979524128e-02
1.3211000000e+01 -5.8704613956e-03 1.9005275469e-02
1.3212000000e+01 -5.6490775389e-03 2.0029828349e-02
1.3213000000e+01 -5.4353640283e-03 2.1052996614e-02
1.3214000000e+01 -5.2294065592e-03 2.2074605642e-02
1.3215000000e+01 -5.0312841987e-03 2.3094492098e-02
1.3216000000e+01 -4.8410700529e-03 2.4112503522e-02
1.3217000000e+01 -4.6588318849e-03 2.5128497773e-02
1.3218000000e+01 -4.4846326768e-03 2.6142342333e-02
1.3219000000e+01 -4.3185311335e-03 2.7153913472e-02
1.3220000000e+01 -4.1605821231e-03 2.8163095313e-02
1.3221000000e+01 -4.0108370567e-03 2.9169778783e-02
1.3222000000e+01 -3.8693442066e-03 3.0173860493e-02
1.3223000000e+01 -3.7361489680e-03 3.1175241549e-02
1.3224000000e+01 -3.6112940668e-03 3.2173826319e-02
1.3225000000e+01 -3.4948197208e-03 3.3169521169e-02
1.3226000000e+01 -3.3867637602e-03 3.4162233196e-02
1.3227000000e+01 -3.2871617140e-03 3.5151868970e-02
1.3228000000e+01 -3.1960468720e-03 3.6138333293e-02
1.3229000000e+01 -3.1134503271e-03 3.7121528006e-02
1.3230000000e+01 -3.0394010093e-03 3.8101350850e-02
1.3231000000e+01 -2.9739257140e-03 3.9077694384e-02
1.3232000000e+01 -2.9170491355e-03 4.0050444992e-02
1.3233000000e+01 -2.8687939072e-03 4.1019481954e-02
1.3234000000e+01 -2.8291806550e-03 4.1984676619e-02
1.3235000000e+01 -2.7982280661e-03 4.2945891660e-02
1.3236000000e+01 -2.7759529735e-03 4.3902980427e-02
1.3237000000e+01 -2.7623704568e-03 4.4855786379e-02
1.3238000000e+01 -2.7574939577e-03 4.5804142619e-02
1.3239000000e+01 -2.7613354042e-03 4.6747871506e-02
1.3240000000e+01 -2.7739053416e-03 4.7686784351e-02
1.3241000000e+01 -2.7952130610e-03 4.8620681189e-02
1.3242000000e+01 -2.8252667191e-03 4.9549350632e-02
1.3243000000e+01 -2.8640734401e-03 5.0472569779e-02
1.3244000000e+01 -2.9116393910e-03 5.1390104206e-02
1.3245000000e+01 -2.9679698197e-03 5.2301708006e-02
1.3246000000e+01 -3.0330690486e-03 5.3207123902e-02
1.3247000000e+01 -3.1069404124e-03 5.4106083416e-02
1.3248000000e+01 -3.1895861340e-03 5.4998307098e-02
1.3249000000e+01 -3.2810071308e-03 5.5883504819e-02
1.3250000000e+01 -3.3812027463e-03 5.6761376131e-02
1.3251000000e+01 -3.4901704038e-03 5.7631610696e-02
1.3252000000e+01 -3.6079051807e-03 5.8493888776e-02
1.3253000000e+01 -3.7343993042e-03 5.9347881815e-02
1.3254000000e+01 -3.8696415724e-03 6.0193253083e-02
1.3255000000e+01 -4.0136167060e-03 6.1029658409e-02
1.3256000000e+01 -4.1663046383e-03 6.1856746996e-02
1.3257000000e+01 -4.3276797553e-03 6.2674162316e-02
1.3258000000e+01 -4.4977100970e-03 6.3481543089e-02
1.3259000000e+01 -4.6763565340e-03 6.4278524346e-02
1.3260000000e+01 -4.8635719369e-03 6.5064738557e-02
1.3261000000e+01 -5.0593003520e-03 6.5839816839e-02
1.3262000000e+01 -5.2634762029e-03 6.6603390214e-02
1.3263000000e+01 -5.4760235344e-03 6.7355090922e-02
1.3264000000e+01 -5.6968553141e-03 6.8094553771e-02
1.3265000000e+01 -5.9258728087e-03 6.8821417500e-02
1.3266000000e+01 -6.1629650490e-03 6.9535326160e-02
1.3267000000e+01 -6.4080083942e-03 7.0235930474e-02
1.3268000000e+01 -6.6608662065e-03 7.0922889173e-02
1.3269000000e+01 -6.9213886428e-03 7.1595870288e-02
1.3270000000e+01 -7.1894125668e-03 7.2254552367e-02
1.3271000000e+01 -7.4647615830e-03 7.2898625627e-02
1.3272000000e+01 -7.7472461897e-03 7.3527792992e-02
1.3273000000e+01 -8.0366640466e-03 7.4141771034e-02
1.3274000000e+01 -8.3328003481e-03 7.4740290786e-02
1.3275000000e+01 -8.6354282913e-03 7.5323098423e-02
1.3276000000e+01 -8.9443096265e-03 7.5889955805e-02
1.3277000000e+01 -9.2591952752e-03 7.6440640880e-02
1.3278000000e+01 -9.5798259998e-03 7.6974947949e-02
1.3279000000e+01 -9.9059331083e-03 7.7492687783e-02
1.3280000000e+01 -1.0237239178e-02 7.7993687620e-02
1.3281000000e+01 -1.0573458782e-02 7.8477791028e-02
1.3282000000e+01 -1.0914299204e-02 7.8944857666e-02
1.3283000000e+01 -1.1259461130e-02 7.9394762945e-02
1.3284000000e+01 -1.1608639300e-02 7.9827397608e-02
1.3285000000e+01 -1.1961523117e-02 8.0242667251e-02
1.3286000000e+01 -1.2317797207e-02 8.0640491798e-02
1.3287000000e+01 -1.2677141923e-02 8.1020804949e-02
1.3288000000e+01 -1.3039233787e-02 8.1383553629e-02
1.3289000000e+01 -1.3403745892e-02 8.1728697439e-02
1.3290000000e+01 -1.3770348238e-02 8.2056208139e-02
1.3291000000e+01 -1.4138708037e-02 8.2366069171e-02
1.3292000000e+01 -1.4508489975e-02 8.2658275231e-02
1.3293000000e+01 -1.4879356453e-02 8.2932831909e-02
1.3294000000e+01 -1.5250967803e-02 8.3189755390e-02
1.3295000000e+01 -1.5622982511e-02 8.3429072224e-02
1.3296000000e+01 -1.5995057433e-02 8.3650819170e-02
1.3297000000e+01 -1.6366848046e-02 8.3855043104e-02
1.3298000000e+01 -1.6738008707e-02 8.4041800987e-02
1.3299000000e+01 -1.7108192964e-02 8.4211159890e-02
1.3300000000e+01 -1.7477053908e-02 8.4363197051e-02
1.3301000000e+01 -1.7844244581e-02 8.4497999975e-02
1.3302000000e+01 -1.8209418441e-02 8.4615666546e-02
1.3303000000e+01 -1.8572229894e-02 8.4716305142e-02
1.3304000000e+01 -1.8932334890e-02 8.4800034742e-02
1.3305000000e+01 -1.9289391588e-02 8.4866985012e-02
1.3306000000e+01 -1.9643061086e-02 8.4917296354e-02
1.3307000000e+01 -1.9993008216e-02 8.4951119910e-02
1.3308000000e+01 -2.0338902402e-02 8.4968617508e-02
1.3309000000e+01 -2.0680418563e-02 8.4969961545e-02
1.3310000000e+01 -2.1017238069e-02 8.4955334794e-02
1.3311000000e+01 -2.1349049736e-02 8.4924930150e-02
1.3312000000e+01 -2.1675550846e-02 8.4878950282e-02
1.3313000000e+01 -2.1996448181e-02 8.4817607224e-02
1.3314000000e+01 -2.2311459070e-02 8.4741121887e-02
1.3315000000e+01 -2.2620312422e-02 8.4649723504e-02
1.3316000000e+01 -2.2922749742e-02 8.4543649020e-02
1.3317000000e+01 -2.3218526113e-02 8.4423142421e-02
1.3318000000e+01 -2.3507411128e-02 8.4288454030e-02
1.3319000000e+01 -2.3789189773e-02 8.4139839771e-02
1.3320000000e+01 -2.4063663222e-02 8.3977560410e-02
1.3321000000e+01 -2.4330649562e-02 8.3801880798e-02
1.3322000000e+01 -2.4589984422e-02 8.3613069108e-02
1.3323000000e+01 -2.4841521489e-02 8.3411396104e-02
1.3324000000e+01 -2.5085132930e-02 8.3197134423e-02
1.3325000000e+01 -2.5320709679e-02 8.2970557908e-02
1.3326000000e+01 -2.5548161619e-02 8.2731940975e-02
1.3327000000e+01 -2.5767417631e-02 8.2481558039e-02
1.3328000000e+01 -2.5978425525e-02 8.2219682998e-02
1.3329000000e+01 -2.6181151843e-02 8.1946588770e-02
1.3330000000e+01 -2.6375581552e-02 8.1662546896e-02
1.3331000000e+01 -2.6561717617e-02 8.1367827202e-02
1.3332000000e+01 -2.6739580470e-02 8.1062697514e-02
1.3333000000e+01 -2.6909207383e-02 8.0747423428e-02
1.3334000000e+01 -2.7070651746e-02 8.0422268127e-02
1.3335000000e+01 -2.7223982268e-02 8.0087492235e-02
1.3336000000e+01 -2.7369282113e-02 7.9743353705e-02
1.3337000000e+01 -2.7506647970e-02 7.9390107724e-02
1.3338000000e+01 -2.7636189081e-02 7.9028006642e-02
1.3339000000e+01 -2.7758026231e-02 7.8657299894e-02
1.3340000000e+01 -2.7872290711e-02 7.8278233929e-02
1.3341000000e+01 -2.7979123263e-02 7.7891052119e-02
1.3342000000e+01 -2.8078673020e-02 7.7495994650e-02
1.3343000000e+01 -2.8171096446e-02 7.7093298396e-02
1.3344000000e+01 -2.8256556285e-02 7.6683196743e-02
1.3345000000e+01 -2.8335220523e-02 7.6265919399e-02
1.3346000000e+01 -2.8407261379e-02 7.5841692150e-02
1.3347000000e+01 -2.8472854315e-02 7.5410736581e-02
1.3348000000e+01 -2.8532177085e-02 7.4973269758e-02
1.3349000000e+01 -2.8585408817e-02 7.4529503876e-02
1.3350000000e+01 -2.8632729133e-02 7.4079645859e-02
1.3351000000e+01 -2.8674317313e-02 7.3623896943e-02
1.3352000000e+01 -2.8710351504e-02 7.3162452222e-02
1.3353000000e+01 -2.8741007973e-02 7.2695500183e-02
1.3354000000e+01 -2.8766460401e-02 7.2223222219e-02
1.3355000000e+01 -2.8786879232e-02 7.1745792148e-02
1.3356000000e+01 -2.8802431059e-02 7.1263375726e-02
1.3357000000e+01 -2.8813278058e-02 7.0776130184e-02
1.3358000000e+01 -2.8819577465e-02 7.0284203777e-02
1.3359000000e+01 -2.8821481089e-02 6.9787735372e-02
1.3360000000e+01 -2.8819134866e-02 6.9286854069e-02
1.3361000000e+01 -2.8812678444e-02 6.8781678885e-02
1.3362000000e+01 -2.8802244805e-02 6.8272318474e-02
1.3363000000e+01 -2.8787959903e-02 6.7758870929e-02
1.3364000000e+01 -2.8769942338e-02 6.7241423640e-02
1.3365000000e+01 -2.8748303044e-02 6.6720053235e-02
1.3366000000e+01 -2.8723144996e-02 6.6194825588e-02
1.3367000000e+01 -2.8694562930e-02 6.5665795913e-02
1.3368000000e+01 -2.8662643084e-02 6.5133008930e-02
1.3369000000e+01 -2.8627462943e-02 6.4596499109e-02
1.3370000000e+01 -2.8589091003e-02 6.4056290982e-02
1.3371000000e+01 -2.8547586543e-02 6.3512399528e-02
1.3372000000e+01 -2.8502999425e-02 6.2964830608e-02
1.3373000000e+01 -2.8455369894e-02 6.2413581461e-02
1.3374000000e+01 -2.8404728422e-02 6.1858641233e-02
1.3375000000e+01 -2.8351095561e-02 6.1299991544e-02
1.3376000000e+01 -2.8294481841e-02 6.0737607068e-02
1.3377000000e+01 -2.8234887697e-02 6.0171456132e-02
1.3378000000e+01 -2.8172303444e-02 5.9601501302e-02
1.3379000000e+01 -2.8106709300e-02 5.9027699963e-02
1.3380000000e+01 -2.8038075454e-02 5.8450004875e-02
1.3381000000e+01 -2.7966362198e-02 5.7868364692e-02
1.3382000000e+01 -2.7891520113e-02 5.7282724446e-02
1.3383000000e+01 -2.7813490312e-02 5.6693025985e-02
1.3384000000e+01 -2.7732204749e-02 5.6099208355e-02
1.3385000000e+01 -2.7647586583e-02 5.5501208131e-02
1.3386000000e+01 -2.7559550596e-02 5.4898959696e-02
1.3387000000e+01 -2.7468003673e-02 5.4292395460e-02
1.3388000000e+01 -2.7372845323e-02 5.3681446033e-02
1.3389000000e+01 -2.7273968249e-02 5.3066040346e-02
1.3390000000e+01 -2.7171258962e-02 5.2446105738e-02
1.3391000000e+01 -2.7064598423e-02 5.1821567994e-02
1.3392000000e+01 -2.6953862723e-02 5.1192351370e-02
1.3393000000e+01 -2.6838923786e-02 5.0558378591e-02
1.3394000000e+01 -2.6719650094e-02 4.9919570838e-02
1.3395000000e+01 -2.6595907438e-02 4.9275847735e-02
1.3396000000e+01 -2.6467559682e-02 4.8627127339e-02
1.3397000000e+01 -2.6334469542e-02 4.7973326145e-02
1.3398000000e+01 -2.6196499388e-02 4.7314359112e-02
1.3399000000e+01 -2.6053512055e-02 4.6650139718e-02
1.3400000000e+01 -2.5905371671e-02 4.5980580040e-02
1.3401000000e+01 -2.5751944510e-02 4.5305590878e-02
1.3402000000e+01 -2.5593099846e-02 4.4625081916e-02
1.3403000000e+01 -2.5428710838e-02 4.3938961920e-02
1.3404000000e+01 -2.5258655423e-02 4.3247138985e-02
1.3405000000e+01 -2.5082817226e-02 4.2549520818e-02
1.3406000000e+01 -2.4901086485e-02 4.1846015060e-02
1.3407000000e+01 -2.4713360978e-02 4.1136529651e-02
1.3408000000e+01 -2.4519546959e-02 4.0420973219e-02
1.3409000000e+01 -2.4319560096e-02 3.9699255504e-02
1.3410000000e+01 -2.4113326391e-02 3.8971287811e-02
1.3411000000e+01 -2.3900783095e-02 3.8236983469e-02
1.3412000000e+01 -2.3681879595e-02 3.7496258314e-02
1.3413000000e+01 -2.3456578265e-02 3.6749031177e-02
1.3414000000e+01 -2.3224855282e-02 3.5995224374e-02
1.3415000000e+01 -2.2986701386e-02 3.5234764186e-02
1.3416000000e+01 -2.2742122587e-02 3.4467581344e-02
1.3417000000e+01 -2.2491140793e-02 3.3693611485e-02
1.3418000000e+01 -2.2233794377e-02 3.2912795597e-02
1.3419000000e+01 -2.1970138654e-02 3.2125080442e-02
1.3420000000e+01 -2.1700246269e-02 3.1330418954e-02
1.3421000000e+01 -2.1424207502e-02 3.0528770602e-02
1.3422000000e+01 -2.1142130469e-02 2.9720101736e-02
1.3423000000e+01 -2.0854141236e-02 2.8904385893e-02
1.3424000000e+01 -2.0560383824e-02 2.8081604075e-02
1.3425000000e+01 -2.0261020128e-02 2.7251745001e-02
1.3426000000e+01 -1.9956229731e-02 2.6414805330e-02
1.3427000000e+01 -1.9646209632e-02 2.5570789856e-02
1.3428000000e+01 -1.9331173873e-02 2.4719711681e-02
1.3429000000e+01 -1.9011353086e-02 2.3861592374e-02
1.3430000000e+01 -1.8686993949e-02 2.2996462099e-02
1.3431000000e+01 -1.8358358562e-02 2.2124359749e-02
1.3432000000e+01 -1.8025723743e-02 2.1245333054e-02
1.3433000000e+01 -1.7689380258e-02 2.0359438688e-02
1.3434000000e+01 -1.7349631968e-02 1.9466742376e-02
1.3435000000e+01 -1.7006794924e-02 1.8567318988e-02
1.3436000000e+01 -1.6661196391e-02 1.7661252642e-02
1.3437000000e+01 -1.6313173818e-02 1.6748636800e-02
1.3438000000e+01 -1.5963073763e-02 1.5829574364e-02
1.3439000000e+01 -1.5611250759e-02 1.4904177767e-02
1.3440000000e+01 -1.5258066153e-02 1.3972569061e-02
1.3441000000e+01 -1.4903886904e-02 1.3034879991e-02
1.3442000000e+01 -1.4549084350e-02 1.2091252062e-02
1.3443000000e+01 -1.4194032968e-02 1.1141836574e-02
1.3444000000e+01 -1.3839109108e-02 1.0186794641e-02
1.3445000000e+01 -1.3484689732e-02 9.2262971764e-03
1.3446000000e+01 -1.3131151159e-02 8.2605248348e-03
1.3447000000e+01 -1.2778867817e-02 7.2896679097e-03
1.3448000000e+01 -1.2428211024e-02 6.3139261790e-03
1.3449000000e+01 -1.2079547804e-02 5.3335086906e-03
1.3450000000e+01 -1.1733239741e-02 4.3486334828e-03
1.3451000000e+01 -1.1389641882e-02 3.3595272357e-03
1.3452000000e+01 -1.1049101707e-02 2.3664248489e-03
1.3453000000e+01 -1.0711958160e-02 1.3695689429e-03
1.3454000000e+01 -1.0378540753e-02 3.6920928428e-04
1.3455000000e+01 -1.0049168761e-02 -6.3439786672e-04
1.3456000000e+01 -9.7241504930e-03 -1.6409904828e-03
1.3457000000e+01 -9.4037826586e-03 -2.6503015674e-03
1.3458000000e+01 -9.0883498320e-03 -3.6620600193e-03
1.3459000000e+01 -8.7781240109e-03 -4.6759915545e-03
1.3460000000e+01 -8.4733642759e-03 -5.6918196805e-03
1.3461000000e+01 -8.1743165494e-03 -6.7092667097e-03
1.3462000000e+01 -7.8812134545e-03 -7.7280548016e-03
1.3463000000e+01 -7.5942742709e-03 -8.7479070216e-03
1.3464000000e+01 -7.3137049853e-03 -9.7685484013e-03
1.3465000000e+01 -7.0396984328e-03 -1.0789706987e-02
1.3466000000e+01 -6.7724345235e-03 -1.1811114859e-02
1.3467000000e+01 -6.5120805489e-03 -1.2832509109e-02
1.3468000000e+01 -6.2587915602e-03 -1.3853632760e-02
1.3469000000e+01 -6.0127108113e-03 -1.4874235609e-02
1.3470000000e+01 -5.7739702575e-03 -1.5894074986e-02
1.3471000000e+01 -5.5426910997e-03 -1.6912916416e-02
1.3472000000e+01 -5.3189843659e-03 -1.7930534160e-02
1.3473000000e+01 -5.1029515186e-03 -1.8946711652e-02
1.3474000000e+01 -4.8946850775e-03 -1.9961241795e-02
1.3475000000e+01 -4.6942692490e-03 -2.0973927136e-02
1.3476000000e+01 -4.5017805511e-03 -2.1984579908e-02
1.3477000000e+01 -4.3172884264e-03 -2.2993021932e-02
1.3478000000e+01 -4.1408558332e-03 -2.3999084406e-02
1.3479000000e+01 -3.9725398091e-03 -2.5002607560e-02
1.3480000000e+01 -3.8123920014e-03 -2.6003440201e-02
1.3481000000e+01 -3.6604591588e-03 -2.7001439158e-02
1.3482000000e+01 -3.5167835837e-03 -2.7996468629e-02
1.3483000000e+01 -3.3814035424e-03 -2.8988399454e-02
1.3484000000e+01 -3.2543536343e-03 -2.9977108318e-02
1.3485000000e+01 -3.1356651232e-03 -3.0962476910e-02
1.3486000000e+01 -3.0253662321e-03 -3.1944391033e-02
1.3487000000e+01 -2.9234824078e-03 -3.2922739700e-02
1.3488000000e+01 -2.8300365597e-03 -3.3897414214e-02
1.3489000000e+01 -2.7450492794e-03 -3.4868307250e-02
1.3490000000e+01 -2.6685390457e-03 -3.5835311945e-02
1.3491000000e+01 -2.6005224227e-03 -3.6798321010e-02
1.3492000000e+01 -2.5410142556e-03 -3.7757225869e-02
1.3493000000e+01 -2.4900278676e-03 -3.8711915829e-02
1.3494000000e+01 -2.4475752628e-03 -3.9662277283e-02
1.3495000000e+01 -2.4136673366e-03 -4.0608192966e-02
1.3496000000e+01 -2.3883140931e-03 -4.1549541234e-02
1.3497000000e+01 -2.3715248691e-03 -4.2486195399e-02
1.3498000000e+01 -2.3633085615e-03 -4.3418023099e-02
1.3499000000e+01 -2.3636738532e-03 -4.4344885709e-02
1.3500000000e+01 -2.3726294319e-03 -4.5266637794e-02
1.3501000000e+01 -2.3901841931e-03 -4.6183126596e-02
1.3502000000e+01 -2.4163474214e-03 -4.7094191558e-02
1.3503000000e+01 -2.4511289376e-03 -4.7999663891e-02
1.3504000000e+01 -2.4945392052e-03 -4.8899366169e-02
1.3505000000e+01 -2.5465893843e-03 -4.9793111961e-02
1.3506000000e+01 -2.6072913250e-03 -5.0680705511e-02
1.3507000000e+01 -2.6766574923e-03 -5.1561941445e-02
1.3508000000e+01 -2.7547008128e-03 -5.2436604538e-02
1.3509000000e+01 -2.8414344401e-03 -5.3304469517e-02
1.3510000000e+01 -2.9368714325e-03 -5.4165300929e-02
1.3511000000e+01 -3.0410243413e-03 -5.5018853064e-02
1.3512000000e+01 -3.1539047096e-03 -5.5864869955e-02
1.3513000000e+01 -3.2755224824e-03 -5.6703085445e-02
1.3514000000e+01 -3.4058853337e-03 -5.7533223346e-02
1.3515000000e+01 -3.5449979151e-03 -5.8354997681e-02
1.3516000000e+01 -3.6928610357e-03 -5.9168113032e-02
1.3517000000e+01 -3.8494707839e-03 -5.9972264985e-02
1.3518000000e+01 -4.0148176020e-03 -6.0767140683e-02
1.3519000000e+01 -4.1888853296e-03 -6.1552419496e-02
1.3520000000e+01 -4.3716502293e-03 -6.2327773792e-02
1.3521000000e+01 -4.5630800123e-03 -6.3092869827e-02
1.3522000000e+01 -4.7631328796e-03 -6.3847368732e-02
1.3523000000e+01 -4.9717565960e-03 -6.4590927608e-02
1.3524000000e+01 -5.1888876137e-03 -6.5323200702e-02
1.3525000000e+01 -5.4144502614e-03 -6.6043840674e-02
1.3526000000e+01 -5.6483560128e-03 -6.6752499914e-02
1.3527000000e+01 -5.8905028487e-03 -6.7448831923e-02
1.3528000000e+01 -6.1407747232e-03 -6.8132492713e-02
1.3529000000e+01 -6.3990411433e-03 -6.8803142229e-02
1.3530000000e+01 -6.6651568690e-03 -6.9460445761e-02
1.3531000000e+01 -6.9389617365e-03 -7.0104075324e-02
1.3532000000e+01 -7.2202806077e-03 -7.0733710997e-02
1.3533000000e+01 -7.5089234429e-03 -7.1349042192e-02
1.3534000000e+01 -7.8046854932e-03 -7.1949768845e-02
1.3535000000e+01 -8.1073476072e-03 -7.2535602497e-02
1.3536000000e+01 -8.4166766406e-03 -7.3106267278e-02
1.3537000000e+01 -8.7324259607e-03 -7.3661500752e-02
1.3538000000e+01 -9.0543360321e-03 -7.4201054647e-02
1.3539000000e+01 -9.3821350698e-03 -7.4724695447e-02
1.3540000000e+01 -9.7155397472e-03 -7.5232204843e-02
1.3541000000e+01 -1.0054255943e-02 -7.5723380071e-02
1.3542000000e+01 -1.0397979514e-02 -7.6198034108e-02
1.3543000000e+01 -1.0746397079e-02 -7.6655995768e-02
1.3544000000e+01 -1.1099186806e-02 -7.7097109689e-02
1.3545000000e+01 -1.1456019185e-02 -7.7521236228e-02
1.3546000000e+01 -1.1816557781e-02 -7.7928251293e-02
1.3547000000e+01 -1.2180459968e-02 -7.8318046103e-02
1.3548000000e+01 -1.2547377622e-02 -7.8690526920e-02
1.3549000000e+01 -1.2916957786e-02 -7.9045614744e-02
1.3550000000e+01 -1.3288843302e-02 -7.9383245006e-02
1.3551000000e+01 -1.3662673413e-02 -7.9703367254e-02
1.3552000000e+01 -1.4038084329e-02 -8.0005944864e-02
1.3553000000e+01 -1.4414709779e-02 -8.0290954758e-02
1.3554000000e+01 -1.4792181544e-02 -8.0558387171e-02
1.3555000000e+01 -1.5170129980e-02 -8.0808245431e-02
1.3556000000e+01 -1.5548184542e-02 -8.1040545794e-02
1.3557000000e+01 -1.5925974311e-02 -8.1255317296e-02
1.3558000000e+01 -1.6303128544e-02 -8.1452601647e-02
1.3559000000e+01 -1.6679277234e-02 -8.1632453150e-02
1.3560000000e+01 -1.7054051706e-02 -8.1794938636e-02
1.3561000000e+01 -1.7427085246e-02 -8.1940137412e-02
1.3562000000e+01 -1.7798013756e-02 -8.2068141211e-02
1.3563000000e+01 -1.8166476455e-02 -8.2179054141e-02
1.3564000000e+01 -1.8532116618e-02 -8.2272992608e-02
1.3565000000e+01 -1.8894582345e-02 -8.2350085221e-02
1.3566000000e+01 -1.9253527368e-02 -8.2410472660e-02
1.3567000000e+01 -1.9608611885e-02 -8.2454307505e-02
1.3568000000e+01 -1.9959503420e-02 -8.2481754010e-02
1.3569000000e+01 -2.0305877695e-02 -8.2492987829e-02
1.3570000000e+01 -2.0647419516e-02 -8.2488195682e-02
1.3571000000e+01 -2.0983823654e-02 -8.2467574953e-02
1.3572000000e+01 -2.1314795721e-02 -8.2431333239e-02
1.3573000000e+01 -2.1640053028e-02 -8.2379687821e-02
1.3574000000e+01 -2.1959325413e-02 -8.2312865086e-02
1.3575000000e+01 -2.2272356031e-02 -8.2231099887e-02
1.3576000000e+01 -2.2578902104e-02 -8.2134634853e-02
1.3577000000e+01 -2.2878735611e-02 -8.2023719649e-02
1.3578000000e+01 -2.3171643916e-02 -8.1898610206e-02
1.3579000000e+01 -2.3457430331e-02 -8.1759567912e-02
1.3580000000e+01 -2.3735914600e-02 -8.1606858789e-02
1.3581000000e+01 -2.4006933305e-02 -8.1440752662e-02
1.3582000000e+01 -2.4270340183e-02 -8.1261522317e-02
1.3583000000e+01 -2.4526006366e-02 -8.1069442689e-02
1.3584000000e+01 -2.4773820524e-02 -8.0864790053e-02
1.3585000000e+01 -2.5013688920e-02 -8.0647841264e-02
1.3586000000e+01 -2.5245535382e-02 -8.0418873023e-02
1.3587000000e+01 -2.5469301185e-02 -8.0178161207e-02
1.3588000000e+01 -2.5684944846e-02 -7.9925980244e-02
1.3589000000e+01 -2.5892441839e-02 -7.9662602554e-02
1.3590000000e+01 -2.6091784237e-02 -7.9388298057e-02
1.3591000000e+01 -2.6282980272e-02 -7.9103333745e-02
1.3592000000e+01 -2.6466053836e-02 -7.8807973323e-02
1.3593000000e+01 -2.6641043905e-02 -7.8502476911e-02
1.3594000000e+01 -2.6808003920e-02 -7.8187100815e-02
1.3595000000e+01 -2.6967001102e-02 -7.7862097346e-02
1.3596000000e+01 -2.7118115727e-02 -7.7527714693e-02
1.3597000000e+01 -2.7261440361e-02 -7.7184196843e-02
1.3598000000e+01 -2.7397079054e-02 -7.6831783526e-02
1.3599000000e+01 -2.7525146506e-02 -7.6470710194e-02
1.3600000000e+01 -2.7645767216e-02 -7.6101208010e-02
1.3601000000e+01 -2.7759074605e-02 -7.5723503858e-02
1.3602000000e+01 -2.7865210132e-02 -7.5337820334e-02
1.3603000000e+01 -2.7964322403e-02 -7.4944375751e-02
1.3604000000e+01 -2.8056566273e-02 -7.4543384115e-02
1.3605000000e+01 -2.8142101964e-02 -7.4135055087e-02
1.3606000000e+01 -2.8221094174e-02 -7.3719593926e-02
1.3607000000e+01 -2.8293711215e-02 -7.3297201400e-02
1.3608000000e+01 -2.8360124149e-02 -7.2868073675e-02
1.3609000000e+01 -2.8420505958e-02 -7.2432402167e-02
1.3610000000e+01 -2.8475030724e-02 -7.1990373378e-02
1.3611000000e+01 -2.8523872837e-02 -7.1542168699e-02
1.3612000000e+01 -2.8567206229e-02 -7.1087964193e-02
1.3613000000e+01 -2.8605203629e-02 -7.0627930364e-02
1.3614000000e+01 -2.8638035854e-02 -7.0162231901e-02
1.3615000000e+01 -2.8665871115e-02 -6.9691027427e-02
1.3616000000e+01 -2.8688874370e-02 -6.9214469233e-02
1.3617000000e+01 -2.8707206689e-02 -6.8732703021e-02
1.3618000000e+01 -2.8721024655e-02 -6.8245867656e-02
1.3619000000e+01 -2.8730479801e-02 -6.7754094921e-02
1.3620000000e+01 -2.8735718063e-02 -6.7257509307e-02
1.3621000000e+01 -2.8736879274e-02 -6.6756227812e-02
1.3622000000e+01 -2.8734096681e-02 -6.6250359778e-02
1.3623000000e+01 -2.8727496492e-02 -6.5740006756e-02
1.3624000000e+01 -2.8717197452e-02 -6.5225262408e-02
1.3625000000e+01 -2.8703310449e-02 -6.4706212446e-02
1.3626000000e+01 -2.8685938145e-02 -6.4182934615e-02
1.3627000000e+01 -2.8665174640e-02 -6.3655498709e-02
1.3628000000e+01 -2.8641105161e-02 -6.3123966637e-02
1.3629000000e+01 -2.8613805778e-02 -6.2588392519e-02
1.3630000000e+01 -2.8583343158e-02 -6.2048822824e-02
1.3631000000e+01 -2.8549774332e-02 -6.1505296544e-02
1.3632000000e+01 -2.8513146512e-02 -6.0957845392e-02
1.3633000000e+01 -2.8473496920e-02 -6.0406494028e-02
1.3634000000e+01 -2.8430852660e-02 -5.9851260311e-02
1.3635000000e+01 -2.8385230623e-02 -5.9292155552e-02
1.3636000000e+01 -2.8336637419e-02 -5.8729184788e-02
1.3637000000e+01 -2.8285069350e-02 -5.8162347049e-02
1.3638000000e+01 -2.8230512420e-02 -5.7591635626e-02
1.3639000000e+01 -2.8172942385e-02 -5.7017038319e-02
1.3640000000e+01 -2.8112324839e-02 -5.6438537687e-02
1.3641000000e+01 -2.8048615346e-02 -5.5856111254e-02
1.3642000000e+01 -2.7981759614e-02 -5.5269731713e-02
1.3643000000e+01 -2.7911693714e-02 -5.4679367091e-02
1.3644000000e+01 -2.7838344344e-02 -5.4084980887e-02
1.3645000000e+01 -2.7761629137e-02 -5.3486532184e-02
1.3646000000e+01 -2.7681457022e-02 -5.2883975739e-02
1.3647000000e+01 -2.7597728624e-02 -5.2277262035e-02
1.3648000000e+01 -2.7510336716e-02 -5.1666337329e-02
1.3649000000e+01 -2.7419166716e-02 -5.1051143665e-02
1.3650000000e+01 -2.7324097228e-02 -5.0431618892e-02
1.3651000000e+01 -2.7225000631e-02 -4.9807696668e-02
1.3652000000e+01 -2.7121743714e-02 -4.9179306464e-02
1.3653000000e+01 -2.7014188346e-02 -4.8546373584e-02
1.3654000000e+01 -2.6902192200e-02 -4.7908819190e-02
1.3655000000e+01 -2.6785609511e-02 -4.7266560357e-02
1.3656000000e+01 -2.6664291872e-02 -4.6619510148e-02
1.3657000000e+01 -2.6538089081e-02 -4.5967577728e-02
1.3658000000e+01 -2.6406850007e-02 -4.5310668511e-02
1.3659000000e+01 -2.6270423511e-02 -4.4648684350e-02
1.3660000000e+01 -2.6128659386e-02 -4.3981523775e-02
1.3661000000e+01 -2.5981409336e-02 -4.3309082265e-02
1.3662000000e+01 -2.5828527986e-02 -4.2631252580e-02
1.3663000000e+01 -2.5669873908e-02 -4.1947925128e-02
1.3664000000e+01 -2.5505310681e-02 -4.1258988380e-02
1.3665000000e+01 -2.5334707961e-02 -4.0564329326e-02
1.3666000000e+01 -2.5157942567e-02 -3.9863833963e-02
1.3667000000e+01 -2.4974899568e-02 -3.9157387824e-02
1.3668000000e+01 -2.4785473381e-02 -3.8444876529e-02
1.3669000000e+01 -2.4589568846e-02 -3.7726186359e-02
1.3670000000e+01 -2.4387102298e-02 -3.7001204848e-02
1.3671000000e+01 -2.4178002607e-02 -3.6269821390e-02
1.3672000000e+01 -2.3962212185e-02 -3.5531927845e-02
1.3673000000e+01 -2.3739687953e-02 -3.4787419149e-02
1.3674000000e+01 -2.3510402247e-02 -3.4036193919e-02
1.3675000000e+01 -2.3274343669e-02 -3.3278155049e-02
1.3676000000e+01 -2.3031517859e-02 -3.2513210289e-02
1.3677000000e+01 -2.2781948189e-02 -3.1741272813e-02
1.3678000000e+01 -2.2525676362e-02 -3.0962261759e-02
1.3679000000e+01 -2.2262762922e-02 -3.0176102748e-02
1.3680000000e+01 -2.1993287654e-02 -2.9382728381e-02
1.3681000000e+01 -2.1717349873e-02 -2.8582078703e-02
1.3682000000e+01 -2.1435068606e-02 -2.7774101643e-02
1.3683000000e+01 -2.1146582654e-02 -2.6958753425e-02
1.3684000000e+01 -2.0852050542e-02 -2.6135998945e-02
1.3685000000e+01 -2.0551650344e-02 -2.5305812131e-02
1.3686000000e+01 -2.0245579404e-02 -2.4468176259e-02
1.3687000000e+01 -1.9934053938e-02 -2.3623084260e-02
1.3688000000e+01 -1.9617308527e-02 -2.2770538989e-02
1.3689000000e+01 -1.9295595512e-02 -2.1910553476e-02
1.3690000000e+01 -1.8969184291e-02 -2.1043151161e-02
1.3691000000e+01 -1.8638360517e-02 -2.0168366098e-02
1.3692000000e+01 -1.8303425220e-02 -1.9286243153e-02
1.3693000000e+01 -1.7964693851e-02 -1.8396838178e-02
1.3694000000e+01 -1.7622495247e-02 -1.7500218177e-02
1.3695000000e+01 -1.7277170540e-02 -1.6596461452e-02
1.3696000000e+01 -1.6929072005e-02 -1.5685657739e-02
1.3697000000e+01 -1.6578561858e-02 -1.4767908324e-02
1.3698000000e+01 -1.6226011007e-02 -1.3843326146e-02
1.3699000000e+01 -1.5871797769e-02 -1.2912035876e-02
1.3700000000e+01 -1.5516306549e-02 -1.1974173969e-02
1.3701000000e+01 -1.5159926495e-02 -1.1029888695e-02
1.3702000000e+01 -1.4803050134e-02 -1.0079340120e-02
1.3703000000e+01 -1.4446071992e-02 -9.1227000509e-03
1.3704000000e+01 -1.4089387210e-02 -8.1601519340e-03
1.3705000000e+01 -1.3733390159e-02 -7.1918906833e-03
1.3706000000e+01 -1.3378473070e-02 -6.2181224505e-03
1.3707000000e+01 -1.3025024674e-02 -5.2390643174e-03
1.3708000000e+01 -1.2673428881e-02 -4.2549439077e-03
1.3709000000e+01 -1.2324063494e-02 -3.2659989115e-03
1.3710000000e+01 -1.1977298971e-02 -2.2724765180e-03
1.3711000000e+01 -1.1633497256e-02 -1.2746327538e-03
1.3712000000e+01 -1.1293010681e-02 -2.7273172490e-04
1.3713000000e+01 -1.0956180947e-02 7.3295523537e-04
1.3714000000e+01 -1.0623338214e-02 1.7421505100e-03
1.3715000000e+01 -1.0294800286e-02 2.7545712272e-03
1.3716000000e+01 -9.9708719135e-03 3.7699303676e-03
1.3717000000e+01 -9.6518442253e-03 4.7879379368e-03
1.3718000000e+01 -9.3379942778e-03 5.8083021944e-03
1.3719000000e+01 -9.0295847438e-03 6.8307309211e-03
1.3720000000e+01 -8.7268637307e-03 7.8549327105e-03
1.3721000000e+01 -8.4300647319e-03 8.8806182662e-03
1.3722000000e+01 -8.1394067060e-03 9.9075016865e-03
1.3723000000e+01 -7.8550942792e-03 1.0935301717e-02
1.3724000000e+01 -7.5773180625e-03 1.1963742952e-02
1.3725000000e+01 -7.3062550733e-03 1.2992556966e-02
1.3726000000e+01 -7.0420692502e-03 1.4021483357e-02
1.3727000000e+01 -6.7849120475e-03 1.5050270680e-02
1.3728000000e+01 -6.5349230943e-03 1.6078677270e-02
1.3729000000e+01 -6.2922309045e-03 1.7106471916e-02
1.3730000000e+01 -6.0569536208e-03 1.8133434401e-02
1.3731000000e+01 -5.8291997784e-03 1.9159355880e-02
1.3732000000e+01 -5.6090690730e-03 2.0184039101e-02
1.3733000000e+01 -5.3966531201e-03 2.1207298460e-02
1.3734000000e+01 -5.1920361914e-03 2.2228959892e-02
1.3735000000e+01 -4.9952959184e-03 2.3248860597e-02
1.3736000000e+01 -4.8065039533e-03 2.4266848616e-02
1.3737000000e+01 -4.6257265789e-03 2.5282782244e-02
1.3738000000e+01 -4.4530252629e-03 2.6296529323e-02
1.3739000000e+01 -4.2884571512e-03 2.7307966388e-02
1.3740000000e+01 -4.1320755000e-03 2.8316977719e-02
1.3741000000e+01 -3.9839300461e-03 2.9323454281e-02
1.3742000000e+01 -3.8440673167e-03 3.0327292599e-02
1.3743000000e+01 -3.7125308827e-03 3.1328393562e-02
1.3744000000e+01 -3.5893615607e-03 3.2326661187e-02
1.3745000000e+01 -3.4745975682e-03 3.3322001364e-02
1.3746000000e+01 -3.3682746407e-03 3.4314320591e-02
1.3747000000e+01 -3.2704261162e-03 3.5303524718e-02
1.3748000000e+01 -3.1810829973e-03 3.6289517726e-02
1.3749000000e+01 -3.1002739959e-03 3.7272200544e-02
1.3750000000e+01 -3.0280255711e-03 3.8251469921e-02
1.3751000000e+01 -2.9643619651e-03 3.9227217370e-02
1.3752000000e+01 -2.9093052444e-03 4.0199328182e-02
1.3753000000e+01 -2.8628753519e-03 4.1167680525e-02
1.3754000000e+01 -2.8250901729e-03 4.2132144632e-02
1.3755000000e+01 -2.7959656184e-03 4.3092582077e-02
1.3756000000e+01 -2.7755157264e-03 4.4048845142e-02
1.3757000000e+01 -2.7637527798e-03 4.5000776276e-02
1.3758000000e+01 -2.7606874401e-03 4.5948207640e-02
1.3759000000e+01 -2.7663288912e-03 4.6890960735e-02
1.3760000000e+01 -2.7806849884e-03 4.7828846113e-02
1.3761000000e+01 -2.8037624059e-03 4.8761663164e-02
1.3762000000e+01 -2.8355667743e-03 4.9689199973e-02
1.3763000000e+01 -2.8761027987e-03 5.0611233245e-02
1.3764000000e+01 -2.9253743494e-03 5.1527528297e-02
1.3765000000e+01 -2.9833845127e-03 5.2437839107e-02
1.3766000000e+01 -3.0501355949e-03 5.3341908427e-02
1.3767000000e+01 -3.1256290689e-03 5.4239467954e-02
1.3768000000e+01 -3.2098654557e-03 5.5130238563e-02
1.3769000000e+01 -3.3028441333e-03 5.6013930598e-02
1.3770000000e+01 -3.4045630690e-03 5.6890244229e-02
1.3771000000e+01 -3.5150184708e-03 5.7758869880e-02
1.3772000000e+01 -3.6342043571e-03 5.8619488719e-02
1.3773000000e+01 -3.7621120461e-03 5.9471773230e-02
1.3774000000e+01 -3.8987295678e-03 6.0315387860e-02
1.3775000000e+01 -4.0440410059e-03 6.1149989747e-02
1.3776000000e+01 -4.1980257773e-03 6.1975229527e-02
1.3777000000e+01 -4.3606578601e-03 6.2790752228e-02
1.3778000000e+01 -4.5319049833e-03 6.3596198245e-02
1.3779000000e+01 -4.7117277922e-03 6.4391204391e-02
1.3780000000e+01 -4.9000790063e-03 6.5175405031e-02
1.3781000000e+01 -5.0969025859e-03 6.5948433274e-02
1.3782000000e+01 -5.3021329245e-03 6.6709922230e-02
1.3783000000e+01 -5.5156940859e-03 6.7459506313e-02
1.3784000000e+01 -5.7374991005e-03 6.8196822584e-02
1.3785000000e+01 -5.9674493378e-03 6.8921512106e-02
1.3786000000e+01 -6.2054339694e-03 6.9633221313e-02
1.3787000000e+01 -6.4513295328e-03 7.0331603359e-02
1.3788000000e+01 -6.7049996071e-03 7.1016319446e-02
1.3789000000e+01 -6.9662946066e-03 7.1687040093e-02
1.3790000000e+01 -7.2350516951e-03 7.2343446350e-02
1.3791000000e+01 -7.5110948239e-03 7.2985230921e-02
1.3792000000e+01 -7.7942348873e-03 7.3612099196e-02
1.3793000000e+01 -8.0842699926e-03 7.4223770171e-02
1.3794000000e+01 -8.3809858354e-03 7.4819977236e-02
1.3795000000e+01 -8.6841561683e-03 7.5400468842e-02
1.3796000000e+01 -8.9935433504e-03 7.5965009027e-02
1.3797000000e+01 -9.3088989623e-03 7.6513377795e-02
1.3798000000e+01 -9.6299644720e-03 7.7045371360e-02
1.3799000000e+01 -9.9564719326e-03 7.7560802253e-02
1.3800000000e+01 -1.0288144698e-02 7.8059499296e-02
1.3801000000e+01 -1.0624698141e-02 7.8541307452e-02
1.3802000000e+01 -1.0965840353e-02 7.9006087574e-02
1.3803000000e+01 -1.1311272825e-02 7.9453716058e-02
1.3804000000e+01 -1.1660691086e-02 7.9884084412e-02
1.3805000000e+01 -1.2013785297e-02 8.0297098780e-02
1.3806000000e+01 -1.2370240796e-02 8.0692679409e-02
1.3807000000e+01 -1.2729738586e-02 8.1070760111e-02
1.3808000000e+01 -1.3091955767e-02 8.1431287712e-02
1.3809000000e+01 -1.3456565921e-02 8.1774221516e-02
1.3810000000e+01 -1.3823239437e-02 8.2099532809e-02
1.3811000000e+01 -1.4191643810e-02 8.2407204392e-02
1.3812000000e+01 -1.4561443889e-02 8.2697230181e-02
1.3813000000e+01 -1.4932302114e-02 8.2969614865e-02
1.3814000000e+01 -1.5303878731e-02 8.3224373639e-02
1.3815000000e+01 -1.5675832009e-02 8.3461531993e-02
1.3816000000e+01 -1.6047818466e-02 8.3681125591e-02
1.3817000000e+01 -1.6419493109e-02 8.3883200202e-02
1.3818000000e+01 -1.6790509714e-02 8.4067811696e-02
1.3819000000e+01 -1.7160521141e-02 8.4235026089e-02
1.3820000000e+01 -1.7529179692e-02 8.4384919634e-02
1.3821000000e+01 -1.7896137542e-02 8.4517578934e-02
1.3822000000e+01 -1.8261047211e-02 8.4633101070e-02
1.3823000000e+01 -1.8623562119e-02 8.4731593738e-02
1.3824000000e+01 -1.8983337198e-02 8.4813175363e-02
1.3825000000e+01 -1.9340029579e-02 8.4877975196e-02
1.3826000000e+01 -1.9693299344e-02 8.4926133363e-02
1.3827000000e+01 -2.0042810340e-02 8.4957800875e-02
1.3828000000e+01 -2.0388231060e-02 8.4973139572e-02
1.3829000000e+01 -2.0729235569e-02 8.4972321998e-02
1.3830000000e+01 -2.1065504485e-02 8.4955531207e-02
1.3831000000e+01 -2.1396725988e-02 8.4922960495e-02
1.3832000000e+01 -2.1722596861e-02 8.4874813046e-02
1.3833000000e+01 -2.2042823547e-02 8.4811301511e-02
1.3834000000e+01 -2.2357123207e-02 8.4732647507e-02
1.3835000000e+01 -2.2665224769e-02 8.4639081053e-02
1.3836000000e+01 -2.2966869954e-02 8.4530839947e-02
1.3837000000e+01 -2.3261814264e-02 8.4408169086e-02
1.3838000000e+01 -2.3549827928e-02 8.4271319749e-02
1.3839000000e+01 -2.3830696773e-02 8.4120548856e-02
1.3840000000e+01 -2.4104223033e-02 8.3956118203e-02
1.3841000000e+01 -2.4370226058e-02 8.3778293690e-02
1.3842000000e+01 -2.4628542940e-02 8.3587344567e-02
1.3843000000e+01 -2.4879029021e-02 8.3383542688e-02
1.3844000000e+01 -2.5121558293e-02 8.3167161795e-02
1.3845000000e+01 -2.5356023680e-02 8.2938476850e-02
1.3846000000e+01 -2.5582337194e-02 8.2697763403e-02
1.3847000000e+01 -2.5800429965e-02 8.2445297013e-02
1.3848000000e+01 -2.6010252153e-02 8.2181352739e-02
1.3849000000e+01 -2.6211772726e-02 8.1906204672e-02
1.3850000000e+01 -2.6404979131e-02 8.1620125544e-02
1.3851000000e+01 -2.6589876844e-02 8.1323386384e-02
1.3852000000e+01 -2.6766488814e-02 8.1016256239e-02
1.3853000000e+01 -2.6934854814e-02 8.0699001941e-02
1.3854000000e+01 -2.7095030700e-02 8.0371887922e-02
1.3855000000e+01 -2.7247087592e-02 8.0035176067e-02
1.3856000000e+01 -2.7391110986e-02 7.9689125597e-02
1.3857000000e+01 -2.7527199813e-02 7.9333992974e-02
1.3858000000e+01 -2.7655465453e-02 7.8970031818e-02
1.3859000000e+01 -2.7776030706e-02 7.8597492832e-02
1.3860000000e+01 -2.7889028750e-02 7.8216623714e-02
1.3861000000e+01 -2.7994602076e-02 7.7827669066e-02
1.3862000000e+01 -2.8092901425e-02 7.7430870275e-02
1.3863000000e+01 -2.8184084716e-02 7.7026465368e-02
1.3864000000e+01 -2.8268316002e-02 7.6614688842e-02
1.3865000000e+01 -2.8345764430e-02 7.6195771449e-02
1.3866000000e+01 -2.8416603228e-02 7.5769939948e-02
1.3867000000e+01 -2.8481008728e-02 7.5337416817e-02
1.3868000000e+01 -2.8539159414e-02 7.4898419918e-02
1.3869000000e+01 -2.8591235013e-02 7.4453162137e-02
1.3870000000e+01 -2.8637415623e-02 7.4001850976e-02
1.3871000000e+01 -2.8677880887e-02 7.3544688127e-02
1.3872000000e+01 -2.8712809210e-02 7.3081869004e-02
1.3873000000e+01 -2.8742377021e-02 7.2613582279e-02
1.3874000000e+01 -2.8766758084e-02 7.2140009383e-02
1.3875000000e+01 -2.8786122853e-02 7.1661324023e-02
1.3876000000e+01 -2.8800637868e-02 7.1177691698e-02
1.3877000000e+01 -2.8810465204e-02 7.0689269224e-02
1.3878000000e+01 -2.8815761954e-02 7.0196204296e-02
1.3879000000e+01 -2.8816679750e-02 6.9698635073e-02
1.3880000000e+01 -2.8813364331e-02 6.9196689810e-02
1.3881000000e+01 -2.8805955130e-02 6.8690486541e-02
1.3882000000e+01 -2.8794584899e-02 6.8180132819e-02
1.3883000000e+01 -2.8779379360e-02 6.7665725525e-02
1.3884000000e+01 -2.8760456876e-02 6.7147350737e-02
1.3885000000e+01 -2.8737928140e-02 6.6625083689e-02
1.3886000000e+01 -2.8711895886e-02 6.6098988796e-02
1.3887000000e+01 -2.8682454610e-02 6.5569119763e-02
1.3888000000e+01 -2.8649690301e-02 6.5035519768e-02
1.3889000000e+01 -2.8613680195e-02 6.4498221727e-02
1.3890000000e+01 -2.8574492527e-02 6.3957248622e-02
1.3891000000e+01 -2.8532186312e-02 6.3412613904e-02
1.3892000000e+01 -2.8486811125e-02 6.2864321944e-02
1.3893000000e+01 -2.8438406919e-02 6.2312368548e-02
1.3894000000e+01 -2.8387003848e-02 6.1756741497e-02
1.3895000000e+01 -2.8332622134e-02 6.1197421125e-02
1.3896000000e+01 -2.8275271955e-02 6.0634380918e-02
1.3897000000e+01 -2.8214953376e-02 6.0067588111e-02
1.3898000000e+01 -2.8151656328e-02 5.9497004285e-02
1.3899000000e+01 -2.8085360627e-02 5.8922585952e-02
1.3900000000e+01 -2.8016036050e-02 5.8344285109e-02
1.3901000000e+01 -2.7943642470e-02 5.7762049757e-02
1.3902000000e+01 -2.7868130043e-02 5.7175824383e-02
1.3903000000e+01 -2.7789439461e-02 5.6585550388e-02
1.3904000000e+01 -2.7707502262e-02 5.5991166467e-02
1.3905000000e+01 -2.7622241196e-02 5.5392608927e-02
1.3906000000e+01 -2.7533570654e-02 5.4789811955e-02
1.3907000000e+01 -2.7441397146e-02 5.4182707826e-02
1.3908000000e+01 -2.7345619826e-02 5.3571227067e-02
1.3909000000e+01 -2.7246131066e-02 5.2955298560e-02
1.3910000000e+01 -2.7142817068e-02 5.2334849616e-02
1.3911000000e+01 -2.7035558510e-02 5.1709806010e-02
1.3912000000e+01 -2.6924231222e-02 5.1080091982e-02
1.3913000000e+01 -2.6808706890e-02 5.0445630231e-02
1.3914000000e+01 -2.6688853783e-02 4.9806341893e-02
1.3915000000e+01 -2.6564537494e-02 4.9162146514e-02
1.3916000000e+01 -2.6435621708e-02 4.8512962039e-02
1.3917000000e+01 -2.6301968977e-02 4.7858704809e-02
1.3918000000e+01 -2.6163441517e-02 4.7199289584e-02
1.3919000000e+01 -2.6019902024e-02 4.6534629591e-02
1.3920000000e+01 -2.5871214495e-02 4.5864636610e-02
1.3921000000e+01 -2.5717245077e-02 4.5189221094e-02
1.3922000000e+01 -2.5557862927e-02 4.4508292330e-02
1.3923000000e+01 -2.5392941095e-02 4.3821758647e-02
1.3924000000e+01 -2.5222357416e-02 4.3129527658e-02
1.3925000000e+01 -2.5045995421e-02 4.2431506549e-02
1.3926000000e+01 -2.4863745261e-02 4.1727602411e-02
1.3927000000e+01 -2.4675504642e-02 4.1017722602e-02
1.3928000000e+01 -2.4481179760e-02 4.0301775147e-02
1.3929000000e+01 -2.4280686235e-02 3.9579669167e-02
1.3930000000e+01 -2.4073950045e-02 3.8851315329e-02
1.3931000000e+01 -2.3860908435e-02 3.8116626319e-02
1.3932000000e+01 -2.3641510808e-02 3.7375517323e-02
1.3933000000e+01 -2.3415719579e-02 3.6627906520e-02
1.3934000000e+01 -2.3183510995e-02 3.5873715574e-02
1.3935000000e+01 -2.2944875895e-02 3.5112870118e-02
1.3936000000e+01 -2.2699820419e-02 3.4345300234e-02
1.3937000000e+01 -2.2448366641e-02 3.3570940918e-02
1.3938000000e+01 -2.2190553137e-02 3.2789732522e-02
1.3939000000e+01 -2.1926435465e-02 3.2001621173e-02
1.3940000000e+01 -2.1656086557e-02 3.1206559174e-02
1.3941000000e+01 -2.1379597022e-02 3.0404505367e-02
1.3942000000e+01 -2.1097075359e-02 2.9595425477e-02
1.3943000000e+01 -2.0808648063e-02 2.8779292414e-02
1.3944000000e+01 -2.0514459643e-02 2.7956086555e-02
1.3945000000e+01 -2.0214672539e-02 2.7125795995e-02
1.3946000000e+01 -1.9909466940e-02 2.6288416766e-02
1.3947000000e+01 -1.9599040516e-02 2.5443953040e-02
1.3948000000e+01 -1.9283608045e-02 2.4592417297e-02
1.3949000000e+01 -1.8963400962e-02 2.3733830489e-02
1.3950000000e+01 -1.8638666819e-02 2.2868222174e-02
1.3951000000e+01 -1.8309668656e-02 2.1995630649e-02
1.3952000000e+01 -1.7976684303e-02 2.1116103067e-02
1.3953000000e+01 -1.7640005602e-02 2.0229695550e-02
1.3954000000e+01 -1.7299937557e-02 1.9336473298e-02
1.3955000000e+01 -1.6956797420e-02 1.8436510698e-02
1.3956000000e+01 -1.6610913715e-02 1.7529891431e-02
1.3957000000e+01 -1.6262625204e-02 1.6616708579e-02
1.3958000000e+01 -1.5912279797e-02 1.5697064728e-02
1.3959000000e+01 -1.5560233426e-02 1.4771072073e-02
1.3960000000e+01 -1.5206848863e-02 1.3838852515e-02
1.3961000000e+01 -1.4852494517e-02 1.2900537744e-02
1.3962000000e+01 -1.4497543195e-02 1.1956269316e-02
1.3963000000e+01 -1.4142370847e-02 1.1006198704e-02
1.3964000000e+01 -1.3787355300e-02 1.0050487319e-02
1.3965000000e+01 -1.3432874983e-02 9.0893065107e-03
1.3966000000e+01 -1.3079307661e-02 8.1228375130e-03
1.3967000000e+01 -1.2727029189e-02 7.1512713529e-03
1.3968000000e+01 -1.2376412274e-02 6.1748087001e-03
1.3969000000e+01 -1.2027825291e-02 5.1936596581e-03
1.3970000000e+01 -1.1681631118e-02 4.2080434879e-03
1.3971000000e+01 -1.1338186045e-02 3.2181882607e-03
1.3972000000e+01 -1.0997838721e-02 2.2243304356e-03
1.3973000000e+01 -1.0660929188e-02 1.2267143589e-03
1.3974000000e+01 -1.0327787973e-02 2.2559168415e-04
1.3975000000e+01 -9.9987352708e-03 -7.7877928589e-04
1.3976000000e+01 -9.6740802133e-03 -1.7861343353e-03
1.3977000000e+01 -9.3541202274e-03 -2.7962041438e-03
1.3978000000e+01 -9.0391404904e-03 -3.8087151637e-03
1.3979000000e+01 -8.7294134842e-03 -4.8233905583e-03
1.3980000000e+01 -8.4251986491e-03 -5.8399511917e-03
1.3981000000e+01 -8.1267421390e-03 -6.8581166616e-03
1.3982000000e+01 -7.8342766770e-03 -7.8776063615e-03
1.3983000000e+01 -7.5480215096e-03 -8.8981405600e-03
1.3984000000e+01 -7.2681824572e-03 -9.9194414828e-03
1.3985000000e+01 -6.9949520565e-03 -1.0941234383e-02
1.3986000000e+01 -6.7285097900e-03 -1.1963248580e-02
1.3987000000e+01 -6.4690223964e-03 -1.2985218464e-02
1.3988000000e+01 -6.2166442545e-03 -1.4006884424e-02
1.3989000000e+01 -5.9715178330e-03 -1.5027993722e-02
1.3990000000e+01 -5.7337741965e-03 -1.6048301260e-02
1.3991000000e+01 -5.5035335589e-03 -1.7067570257e-02
1.3992000000e+01 -5.2809058734e-03 -1.8085572809e-02
1.3993000000e+01 -5.0659914491e-03 -1.9102090325e-02
1.3994000000e+01 -4.8588815834e-03 -2.0116913841e-02
1.3995000000e+01 -4.6596592002e-03 -2.1129844195e-02
1.3996000000e+01 -4.4683994837e-03 -2.2140692068e-02
1.3997000000e+01 -4.2851704988e-03 -2.3149277899e-02
1.3998000000e+01 -4.1100337897e-03 -2.4155431659e-02
1.3999000000e+01 -3.9430449499e-03 -2.5158992509e-02
1.4000000000e+01 -3.7842541573e-03 -2.6159808345e-02
1.4001000000e+01 -3.6337066711e-03 -2.7157735231e-02
1.4002000000e+01 -3.4914432869e-03 -2.8152636740e-02
1.4003000000e+01 -3.3575007501e-03 -2.9144383228e-02
1.4004000000e+01 -3.2319121275e-03 -3.0132851023e-02
1.4005000000e+01 -3.1147071401e-03 -3.1117921575e-02
1.4006000000e+01 -3.0059124590e-03 -3.2099480568e-02
1.4007000000e+01 -2.9055519721e-03 -3.3077417001e-02
1.4008000000e+01 -2.8136470235e-03 -3.4051622269e-02
1.4009000000e+01 -2.7302166346e-03 -3.5021989232e-02
1.4010000000e+01 -2.6552777108e-03 -3.5988411303e-02
1.4011000000e+01 -2.5888452416e-03 -3.6950781557e-02
1.4012000000e+01 -2.5309324979e-03 -3.7908991862e-02
1.4013000000e+01 -2.4815512320e-03 -3.8862932044e-02
1.4014000000e+01 -2.4407118831e-03 -3.9812489093e-02
1.4015000000e+01 -2.4084237901e-03 -4.0757546402e-02
1.4016000000e+01 -2.3846954126e-03 -4.1697983055e-02
1.4017000000e+01 -2.3695345578e-03 -4.2633673149e-02
1.4018000000e+01 -2.3629486108e-03 -4.3564485162e-02
1.4019000000e+01 -2.3649447632e-03 -4.4490281358e-02
1.4020000000e+01 -2.3755302348e-03 -4.5410917237e-02
1.4021000000e+01 -2.3947124787e-03 -4.6326241010e-02
1.4022000000e+01 -2.4224993639e-03 -4.7236093123e-02
1.4023000000e+01 -2.4588993242e-03 -4.8140305813e-02
1.4024000000e+01 -2.5039214648e-03 -4.9038702693e-02
1.4025000000e+01 -2.5575756165e-03 -4.9931098381e-02
1.4026000000e+01 -2.6198723290e-03 -5.0817298166e-02
1.4027000000e+01 -2.6908227934e-03 -5.1697097713e-02
1.4028000000e+01 -2.7704386884e-03 -5.2570282812e-02
1.4029000000e+01 -2.8587319430e-03 -5.3436629184e-02
1.4030000000e+01 -2.9557144113e-03 -5.4295902331e-02
1.4031000000e+01 -3.0613974585e-03 -5.5147857462e-02
1.4032000000e+01 -3.1757914556e-03 -5.5992239480e-02
1.4033000000e+01 -3.2989051868e-03 -5.6828783051e-02
1.4034000000e+01 -3.4307451725e-03 -5.7657212753e-02
1.4035000000e+01 -3.5713149154e-03 -5.8477243327e-02
1.4036000000e+01 -3.7206140768e-03 -5.9288580016e-02
1.4037000000e+01 -3.8786375952e-03 -6.0090919020e-02
1.4038000000e+01 -4.0453747596e-03 -6.0883948054e-02
1.4039000000e+01 -4.2208082503e-03 -6.1667347020e-02
1.4040000000e+01 -4.4049131641e-03 -6.2440788789e-02
1.4041000000e+01 -4.5976560392e-03 -6.3203940099e-02
1.4042000000e+01 -4.7989938967e-03 -6.3956462557e-02
1.4043000000e+01 -5.0088733164e-03 -6.4698013741e-02
1.4044000000e+01 -5.2272295622e-03 -6.5428248390e-02
1.4045000000e+01 -5.4539857743e-03 -6.6146819684e-02
1.4046000000e+01 -5.6890522413e-03 -6.6853380570e-02
1.4047000000e+01 -5.9323257672e-03 -6.7547585159e-02
1.4048000000e+01 -6.1836891426e-03 -6.8229090132e-02
1.4049000000e+01 -6.4430107307e-03 -6.8897556173e-02
1.4050000000e+01 -6.7101441726e-03 -6.9552649386e-02
1.4051000000e+01 -6.9849282186e-03 -7.0194042686e-02
1.4052000000e+01 -7.2671866838e-03 -7.0821417136e-02
1.4053000000e+01 -7.5567285279e-03 -7.1434463222e-02
1.4054000000e+01 -7.8533480551e-03 -7.2032882042e-02
1.4055000000e+01 -8.1568252268e-03 -7.2616386387e-02
1.4056000000e+01 -8.4669260780e-03 -7.3184701716e-02
1.4057000000e+01 -8.7834032278e-03 -7.3737567006e-02
1.4058000000e+01 -9.1059964698e-03 -7.4274735468e-02
1.4059000000e+01 -9.4344334305e-03 -7.4795975129e-02
1.4060000000e+01 -9.7684302799e-03 -7.5301069285e-02
1.4061000000e+01 -1.0107692482e-02 -7.5789816819e-02
1.4062000000e+01 -1.0451915568e-02 -7.6262032397e-02
1.4063000000e+01 -1.0800785924e-02 -7.6717546547e-02
1.4064000000e+01 -1.1153981572e-02 -7.7156205639e-02
1.4065000000e+01 -1.1511172949e-02 -7.7577871776e-02
1.4066000000e+01 -1.1872023653e-02 -7.7982422608e-02
1.4067000000e+01 -1.2236191174e-02 -7.8369751094e-02
1.4068000000e+01 -1.2603327585e-02 -7.8739765219e-02
1.4069000000e+01 -1.2973080206e-02 -7.9092387688e-02
1.4070000000e+01 -1.3345092226e-02 -7.9427555608e-02
1.4071000000e+01 -1.3719003304e-02 -7.9745220175e-02
1.4072000000e+01 -1.4094450130e-02 -8.0045346375e-02
1.4073000000e+01 -1.4471066975e-02 -8.0327912705e-02
1.4074000000e+01 -1.4848486216e-02 -8.0592910927e-02
1.4075000000e+01 -1.5226338858e-02 -8.0840345860e-02
1.4076000000e+01 -1.5604255053e-02 -8.1070235197e-02
1.4077000000e+01 -1.5981864629e-02 -8.1282609366e-02
1.4078000000e+01 -1.6358797629e-02 -8.1477511421e-02
1.4079000000e+01 -1.6734684878e-02 -8.1654996956e-02
1.4080000000e+01 -1.7109158575e-02 -8.1815134039e-02
1.4081000000e+01 -1.7481852914e-02 -8.1958003164e-02
1.4082000000e+01 -1.7852404747e-02 -8.2083697197e-02
1.4083000000e+01 -1.8220454281e-02 -8.2192321318e-02
1.4084000000e+01 -1.8585645812e-02 -8.2283992952e-02
1.4085000000e+01 -1.8947628496e-02 -8.2358841670e-02
1.4086000000e+01 -1.9306057152e-02 -8.2417009051e-02
1.4087000000e+01 -1.9660593095e-02 -8.2458648513e-02
1.4088000000e+01 -2.0010904991e-02 -8.2483925086e-02
1.4089000000e+01 -2.0356669728e-02 -8.2493015136e-02
1.4090000000e+01 -2.0697573294e-02 -8.2486106025e-02
1.4091000000e+01 -2.1033311653e-02 -8.2463395713e-02
1.4092000000e+01 -2.1363591620e-02 -8.2425092298e-02
1.4093000000e+01 -2.1688131705e-02 -8.2371413491e-02
1.4094000000e+01 -2.2006662940e-02 -8.2302586029e-02
1.4095000000e+01 -2.2318929661e-02 -8.2218845036e-02
1.4096000000e+01 -2.2624690247e-02 -8.2120433328e-02
1.4097000000e+01 -2.2923717806e-02 -8.2007600672e-02
1.4098000000e+01 -2.3215800797e-02 -8.1880603012e-02
1.4099000000e+01 -2.3500743582e-02 -8.1739701658e-02
1.4100000000e+01 -2.3778366909e-02 -8.1585162461e-02
1.4101000000e+01 -2.4048508309e-02 -8.1417254979e-02
1.4102000000e+01 -2.4311022415e-02 -8.1236251640e-02
1.4103000000e+01 -2.4565781191e-02 -8.1042426925e-02
1.4104000000e+01 -2.4812674079e-02 -8.0836056563e-02
1.4105000000e+01 -2.5051608056e-02 -8.0617416773e-02
1.4106000000e+01 -2.5282507603e-02 -8.0386783536e-02
1.4107000000e+01 -2.5505314587e-02 -8.0144431928e-02
1.4108000000e+01 -2.5719988069e-02 -7.9890635501e-02
1.4109000000e+01 -2.5926504019e-02 -7.9625665738e-02
1.4110000000e+01 -2.6124854960e-02 -7.9349791559e-02
1.4111000000e+01 -2.6315049545e-02 -7.9063278915e-02
1.4112000000e+01 -2.6497112054e-02 -7.8766390428e-02
1.4113000000e+01 -2.6671081836e-02 -7.8459385113e-02
1.4114000000e+01 -2.6837012693e-02 -7.8142518156e-02
1.4115000000e+01 -2.6994972205e-02 -7.7816040747e-02
1.4116000000e+01 -2.7145041012e-02 -7.7480199962e-02
1.4117000000e+01 -2.7287312057e-02 -7.7135238694e-02
1.4118000000e+01 -2.7421889788e-02 -7.6781395613e-02
1.4119000000e+01 -2.7548889330e-02 -7.6418905149e-02
1.4120000000e+01 -2.7668435639e-02 -7.6047997498e-02
1.4121000000e+01 -2.7780662631e-02 -7.5668898628e-02
1.4122000000e+01 -2.7885712298e-02 -7.5281830292e-02
1.4123000000e+01 -2.7983733823e-02 -7.4887010026e-02
1.4124000000e+01 -2.8074882684e-02 -7.4484651135e-02
1.4125000000e+01 -2.8159319766e-02 -7.4074962665e-02
1.4126000000e+01 -2.8237210476e-02 -7.3658149336e-02
1.4127000000e+01 -2.8308723871e-02 -7.3234411466e-02
1.4128000000e+01 -2.8374031799e-02 -7.2803944852e-02
1.4129000000e+01 -2.8433308056e-02 -7.2366940630e-02
1.4130000000e+01 -2.8486727566e-02 -7.1923585105e-02
1.4131000000e+01 -2.8534465583e-02 -7.1474059553e-02
1.4132000000e+01 -2.8576696911e-02 -7.1018540004e-02
1.4133000000e+01 -2.8613595162e-02 -7.0557197005e-02
1.4134000000e+01 -2.8645332027e-02 -7.0090195369e-02
1.4135000000e+01 -2.8672076588e-02 -6.9617693909e-02
1.4136000000e+01 -2.8693994649e-02 -6.9139845180e-02
1.4137000000e+01 -2.8711248105e-02 -6.8656795214e-02
1.4138000000e+01 -2.8723994330e-02 -6.8168683265e-02
1.4139000000e+01 -2.8732385608e-02 -6.7675641565e-02
1.4140000000e+01 -2.8736568580e-02 -6.7177795108e-02
1.4141000000e+01 -2.8736683736e-02 -6.6675261445e-02
1.4142000000e+01 -2.8732864925e-02 -6.6168150515e-02
1.4143000000e+01 -2.8725238901e-02 -6.5656564508e-02
1.4144000000e+01 -2.8713924894e-02 -6.5140597760e-02
1.4145000000e+01 -2.8699034220e-02 -6.4620336686e-02
1.4146000000e+01 -2.8680669909e-02 -6.4095859759e-02
1.4147000000e+01 -2.8658926370e-02 -6.3567237521e-02
1.4148000000e+01 -2.8633889081e-02 -6.3034532636e-02
1.4149000000e+01 -2.8605634310e-02 -6.2497799988e-02
1.4150000000e+01 -2.8574228866e-02 -6.1957086807e-02
1.4151000000e+01 -2.8539729877e-02 -6.1412432835e-02
1.4152000000e+01 -2.8502184603e-02 -6.0863870518e-02
1.4153000000e+01 -2.8461630269e-02 -6.0311425227e-02
1.4154000000e+01 -2.8418093946e-02 -5.9755115492e-02
1.4155000000e+01 -2.8371592447e-02 -5.9194953262e-02
1.4156000000e+01 -2.8322132272e-02 -5.8630944155e-02
1.4157000000e+01 -2.8269709580e-02 -5.8063087731e-02
1.4158000000e+01 -2.8214310196e-02 -5.7491377739e-02
1.4159000000e+01 -2.8155909668e-02 -5.6915802372e-02
1.4160000000e+01 -2.8094473349e-02 -5.6336344497e-02
1.4161000000e+01 -2.8029956536e-02 -5.5752981865e-02
1.4162000000e+01 -2.7962304639e-02 -5.5165687302e-02
1.4163000000e+01 -2.7891453401e-02 -5.4574428870e-02
1.4164000000e+01 -2.7817329168e-02 -5.3979170008e-02
1.4165000000e+01 -2.7739849191e-02 -5.3379869634e-02
1.4166000000e+01 -2.7658921994e-02 -5.2776482233e-02
1.4167000000e+01 -2.7574447772e-02 -5.2168957916e-02
1.4168000000e+01 -2.7486318845e-02 -5.1557242456e-02
1.4169000000e+01 -2.7394420159e-02 -5.0941277319e-02
1.4170000000e+01 -2.7298629831e-02 -5.0320999669e-02
1.4171000000e+01 -2.7198819738e-02 -4.9696342385e-02
1.4172000000e+01 -2.7094856157e-02 -4.9067234073e-02
1.4173000000e+01 -2.6986600440e-02 -4.8433599082e-02
1.4174000000e+01 -2.6873909743e-02 -4.7795357548e-02
1.4175000000e+01 -2.6756637785e-02 -4.7152425449e-02
1.4176000000e+01 -2.6634635655e-02 -4.6504714696e-02
1.4177000000e+01 -2.6507752657e-02 -4.5852133251e-02
1.4178000000e+01 -2.6375837192e-02 -4.5194585290e-02
1.4179000000e+01 -2.6238737670e-02 -4.4531971400e-02
1.4180000000e+01 -2.6096303470e-02 -4.3864188828e-02
1.4181000000e+01 -2.5948385915e-02 -4.3191131767e-02
1.4182000000e+01 -2.5794839292e-02 -4.2512691697e-02
1.4183000000e+01 -2.5635521882e-02 -4.1828757760e-02
1.4184000000e+01 -2.5470297027e-02 -4.1139217192e-02
1.4185000000e+01 -2.5299034203e-02 -4.0443955779e-02
1.4186000000e+01 -2.5121610114e-02 -3.9742858364e-02
1.4187000000e+01 -2.4937909785e-02 -3.9035809375e-02
1.4188000000e+01 -2.4747827658e-02 -3.8322693388e-02
1.4189000000e+01 -2.4551268681e-02 -3.7603395708e-02
1.4190000000e+01 -2.4348149380e-02 -3.6877802965e-02
1.4191000000e+01 -2.4138398900e-02 -3.6145803725e-02
1.4192000000e+01 -2.3921960020e-02 -3.5407289099e-02
1.4193000000e+01 -2.3698790120e-02 -3.4662153362e-02
1.4194000000e+01 -2.3468862088e-02 -3.3910294553e-02
1.4195000000e+01 -2.3232165175e-02 -3.3151615076e-02
1.4196000000e+01 -2.2988705763e-02 -3.2386022285e-02
1.4197000000e+01 -2.2738508058e-02 -3.1613429041e-02
1.4198000000e+01 -2.2481614691e-02 -3.0833754263e-02
1.4199000000e+01 -2.2218087221e-02 -3.0046923442e-02
1.4200000000e+01 -2.1948006528e-02 -2.9252869136e-02
1.4201000000e+01 -2.1671473102e-02 -2.8451531436e-02
1.4202000000e+01 -2.1388607215e-02 -2.7642858404e-02
1.4203000000e+01 -2.1099548977e-02 -2.6826806478e-02
1.4204000000e+01 -2.0804458273e-02 -2.6003340853e-02
1.4205000000e+01 -2.0503514587e-02 -2.5172435834e-02
1.4206000000e+01 -2.0196916708e-02 -2.4334075154e-02
1.4207000000e+01 -1.9884882322e-02 -2.3488252272e-02
1.4208000000e+01 -1.9567647498e-02 -2.2634970647e-02
1.4209000000e+01 -1.9245466076e-02 -2.1774243982e-02
1.4210000000e+01 -1.8918608943e-02 -2.0906096458e-02
1.4211000000e+01 -1.8587363238e-02 -2.0030562934e-02
1.4212000000e+01 -1.8252031454e-02 -1.9147689145e-02
1.4213000000e+01 -1.7912930476e-02 -1.8257531875e-02
1.4214000000e+01 -1.7570390542e-02 -1.7360159118e-02
1.4215000000e+01 -1.7224754142e-02 -1.6455650225e-02
1.4216000000e+01 -1.6876374859e-02 -1.5544096036e-02
1.4217000000e+01 -1.6525616161e-02 -1.4625598999e-02
1.4218000000e+01 -1.6172850149e-02 -1.3700273264e-02
1.4219000000e+01 -1.5818456260e-02 -1.2768244767e-02
1.4220000000e+01 -1.5462819951e-02 -1.1829651278e-02
1.4221000000e+01 -1.5106331340e-02 -1.0884642421e-02
1.4222000000e+01 -1.4749383839e-02 -9.9333796617e-03
1.4223000000e+01 -1.4392372773e-02 -8.9760362435e-03
1.4224000000e+01 -1.4035693983e-02 -8.0127970750e-03
1.4225000000e+01 -1.3679742443e-02 -7.0438585566e-03
1.4226000000e+01 -1.3324910879e-02 -6.0694283386e-03
1.4227000000e+01 -1.2971588413e-02 -5.0897250043e-03
1.4228000000e+01 -1.2620159234e-02 -4.1049776699e-03
1.4229000000e+01 -1.2271001307e-02 -3.1154254960e-03
1.4230000000e+01 -1.1924485145e-02 -2.1213171065e-03
1.4231000000e+01 -1.1580972630e-02 -1.1229099122e-03
1.4232000000e+01 -1.1240815921e-02 -1.2046933742e-04
1.4233000000e+01 -1.0904356440e-02 8.8573204739e-04
1.4234000000e+01 -1.0571923968e-02 1.8954154848e-03
1.4235000000e+01 -1.0243835833e-02 2.9082970741e-03
1.4236000000e+01 -9.9203962278e-03 3.9240888916e-03
1.4237000000e+01 -9.6018956467e-03 4.9425001768e-03
1.4238000000e+01 -9.2886104507e-03 5.9632385704e-03
1.4239000000e+01 -8.9808025674e-03 6.9860113908e-03
1.4240000000e+01 -8.6787193236e-03 8.0105269310e-03
1.4241000000e+01 -8.3825934105e-03 9.0364957588e-03
1.4242000000e+01 -8.0926429780e-03 1.0063632002e-02
1.4243000000e+01 -7.8090718500e-03 1.1091654596e-02
1.4244000000e+01 -7.5320698558e-03 1.2120288481e-02
1.4245000000e+01 -7.2618132631e-03 1.3149265724e-02
1.4246000000e+01 -6.9984653044e-03 1.4178326545e-02
1.4247000000e+01 -6.7421767795e-03 1.5207220244e-02
1.4248000000e+01 -6.4930867224e-03 1.6235705996e-02
1.4249000000e+01 -6.2513231162e-03 1.7263553512e-02
1.4250000000e+01 -6.0170036396e-03 1.8290543552e-02
1.4251000000e+01 -5.7902364314e-03 1.9316468287e-02
1.4252000000e+01 -5.5711208566e-03 2.0341131488e-02
1.4253000000e+01 -5.3597482623e-03 2.1364348558e-02
1.4254000000e+01 -5.1562027080e-03 2.2385946403e-02
1.4255000000e+01 -4.9605616622e-03 2.3405763127e-02
1.4256000000e+01 -4.7728966538e-03 2.4423647588e-02
1.4257000000e+01 -4.5932738727e-03 2.5439458792e-02
1.4258000000e+01 -4.4217547119e-03 2.6453065159e-02
1.4259000000e+01 -4.2583962501e-03 2.7464343657e-02
1.4260000000e+01 -4.1032516713e-03 2.8473178834e-02
1.4261000000e+01 -3.9563706226e-03 2.9479461749e-02
1.4262000000e+01 -3.8177995123e-03 3.0483088833e-02
1.4263000000e+01 -3.6875817518e-03 3.1483960688e-02
1.4264000000e+01 -3.5657579461e-03 3.2481980848e-02
1.4265000000e+01 -3.4523660395e-03 3.3477054521e-02
1.4266000000e+01 -3.3474414228e-03 3.4469087325e-02
1.4267000000e+01 -3.2510170108e-03 3.5457984042e-02
1.4268000000e+01 -3.1631232966e-03 3.6443647400e-02
1.4269000000e+01 -3.0837883917e-03 3.7425976902e-02
1.4270000000e+01 -3.0130380591e-03 3.8404867713e-02
1.4271000000e+01 -2.9508957471e-03 3.9380209612e-02
1.4272000000e+01 -2.8973826291e-03 4.0351886030e-02
1.4273000000e+01 -2.8525176551e-03 4.1319773161e-02
1.4274000000e+01 -2.8163176200e-03 4.2283739171e-02
1.4275000000e+01 -2.7887972484e-03 4.3243643494e-02
1.4276000000e+01 -2.7699692999e-03 4.4199336214e-02
1.4277000000e+01 -2.7598446915e-03 4.5150657550e-02
1.4278000000e+01 -2.7584326362e-03 4.6097437414e-02
1.4279000000e+01 -2.7657407924e-03 4.7039495063e-02
1.4280000000e+01 -2.7817754195e-03 4.7976638824e-02
1.4281000000e+01 -2.8065415314e-03 4.8908665905e-02
1.4282000000e+01 -2.8400430399e-03 4.9835362261e-02
1.4283000000e+01 -2.8822828802e-03 5.0756502545e-02
1.4284000000e+01 -2.9332631060e-03 5.1671850104e-02
1.4285000000e+01 -2.9929849465e-03 5.2581157055e-02
1.4286000000e+01 -3.0614488154e-03 5.3484164405e-02
1.4287000000e+01 -3.1386542616e-03 5.4380602235e-02
1.4288000000e+01 -3.2245998536e-03 5.5270189950e-02
1.4289000000e+01 -3.3192829927e-03 5.6152636581e-02
1.4290000000e+01 -3.4226996468e-03 5.7027641152e-02
1.4291000000e+01 -3.5348440037e-03 5.7894893122e-02
1.4292000000e+01 -3.6557080426e-03 5.8754072885e-02
1.4293000000e+01 -3.7852810247e-03 5.9604852351e-02
1.4294000000e+01 -3.9235489062e-03 6.0446895603e-02
1.4295000000e+01 -4.0704936817e-03 6.1279859636e-02
1.4296000000e+01 -4.2260926655e-03 6.2103395167e-02
1.4297000000e+01 -4.3903177216e-03 6.2917147540e-02
1.4298000000e+01 -4.5631344562e-03 6.3720757707e-02
1.4299000000e+01 -4.7445013876e-03 6.4513863278e-02
1.4300000000e+01 -4.9343691088e-03 6.5296099661e-02
1.4301000000e+01 -5.1326794600e-03 6.6067101254e-02
1.4302000000e+01 -5.3393647293e-03 6.6826502701e-02
1.4303000000e+01 -5.5543468975e-03 6.7573940190e-02
1.4304000000e+01 -5.7775369456e-03 6.8309052790e-02
1.4305000000e+01 -6.0088342378e-03 6.9031483803e-02
1.4306000000e+01 -6.2481259965e-03 6.9740882113e-02
1.4307000000e+01 -6.4952868799e-03 7.0436903534e-02
1.4308000000e+01 -6.7501786702e-03 7.1119212110e-02
1.4309000000e+01 -7.0126500812e-03 7.1787481380e-02
1.4310000000e+01 -7.2825366865e-03 7.2441395560e-02
1.4311000000e+01 -7.5596609692e-03 7.3080650655e-02
1.4312000000e+01 -7.8438324899e-03 7.3704955463e-02
1.4313000000e+01 -8.1348481675e-03 7.4314032467e-02
1.4314000000e+01 -8.4324926625e-03 7.4907618606e-02
1.4315000000e+01 -8.7365388530e-03 7.5485465910e-02
1.4316000000e+01 -9.0467483885e-03 7.6047342001e-02
1.4317000000e+01 -9.3628723070e-03 7.6593030444e-02
1.4318000000e+01 -9.6846517005e-03 7.7122330969e-02
1.4319000000e+01 -1.0011818410e-02 7.7635059548e-02
1.4320000000e+01 -1.0344095734e-02 7.8131048346e-02
1.4321000000e+01 -1.0681199140e-02 7.8610145555e-02
1.4322000000e+01 -1.1022836956e-02 7.9072215114e-02
1.4323000000e+01 -1.1368711036e-02 7.9517136349e-02
1.4324000000e+01 -1.1718517387e-02 7.9944803529e-02
1.4325000000e+01 -1.2071946748e-02 8.0355125372e-02
1.4326000000e+01 -1.2428685122e-02 8.0748024509e-02
1.4327000000e+01 -1.2788414243e-02 8.1123436937e-02
1.4328000000e+01 -1.3150812000e-02 8.1481311466e-02
1.4329000000e+01 -1.3515552800e-02 8.1821609186e-02
1.4330000000e+01 -1.3882307886e-02 8.2144302967e-02
1.4331000000e+01 -1.4250745616e-02 8.2449377008e-02
1.4332000000e+01 -1.4620531705e-02 8.2736826439e-02
1.4333000000e+01 -1.4991329449e-02 8.3006656995e-02
1.4334000000e+01 -1.5362799932e-02 8.3258884752e-02
1.4335000000e+01 -1.5734602239e-02 8.3493535944e-02
1.4336000000e+01 -1.6106393672e-02 8.3710646846e-02
1.4337000000e+01 -1.6477829994e-02 8.3910263723e-02
1.4338000000e+01 -1.6848565704e-02 8.4092442844e-02
1.4339000000e+01 -1.7218254349e-02 8.4257250542e-02
1.4340000000e+01 -1.7586548897e-02 8.4404763313e-02
1.4341000000e+01 -1.7953102154e-02 8.4535067951e-02
1.4342000000e+01 -1.8317567258e-02 8.4648261682e-02
1.4343000000e+01 -1.8679598227e-02 8.4744452311e-02
1.4344000000e+01 -1.9038850588e-02 8.4823758349e-02
1.4345000000e+01 -1.9394982066e-02 8.4886309108e-02
1.4346000000e+01 -1.9747653349e-02 8.4932244766e-02
1.4347000000e+01 -2.0096528909e-02 8.4961716367e-02
1.4348000000e+01 -2.0441277890e-02 8.4974885775e-02
1.4349000000e+01 -2.0781575051e-02 8.4971925544e-02
1.4350000000e+01 -2.1117101749e-02 8.4953018725e-02
1.4351000000e+01 -2.1447546958e-02 8.4918358589e-02
1.4352000000e+01 -2.1772608327e-02 8.4868148279e-02
1.4353000000e+01 -2.2091993232e-02 8.4802600376e-02
1.4354000000e+01 -2.2405419852e-02 8.4721936399e-02
1.4355000000e+01 -2.2712618214e-02 8.4626386237e-02
1.4356000000e+01 -2.3013331233e-02 8.4516187519e-02
1.4357000000e+01 -2.3307315698e-02 8.4391584936e-02
1.4358000000e+01 -2.3594343218e-02 8.4252829525e-02
1.4359000000e+01 -2.3874201098e-02 8.4100177923e-02
1.4360000000e+01 -2.4146693140e-02 8.3933891602e-02
1.4361000000e+01 -2.4411640356e-02 8.3754236110e-02
1.4362000000e+01 -2.4668881581e-02 8.3561480309e-02
1.4363000000e+01 -2.4918273977e-02 8.3355895641e-02
1.4364000000e+01 -2.5159693429e-02 8.3137755417e-02
1.4365000000e+01 -2.5393034809e-02 8.2907334157e-02
1.4366000000e+01 -2.5618212125e-02 8.2664906961e-02
1.4367000000e+01 -2.5835158541e-02 8.2410748947e-02
1.4368000000e+01 -2.6043826268e-02 8.2145134740e-02
1.4369000000e+01 -2.6244186338e-02 8.1868338019e-02
1.4370000000e+01 -2.6436228252e-02 8.1580631129e-02
1.4371000000e+01 -2.6619959519e-02 8.1282284750e-02
1.4372000000e+01 -2.6795405088e-02 8.0973567616e-02
1.4373000000e+01 -2.6962606682e-02 8.0654746292e-02
1.4374000000e+01 -2.7121622042e-02 8.0326084991e-02
1.4375000000e+01 -2.7272524099e-02 7.9987845432e-02
1.4376000000e+01 -2.7415400070e-02 7.9640286716e-02
1.4377000000e+01 -2.7550350513e-02 7.9283665242e-02
1.4378000000e+01 -2.7677488321e-02 7.8918234612e-02
1.4379000000e+01 -2.7796937693e-02 7.8544245558e-02
1.4380000000e+01 -2.7908833082e-02 7.8161945848e-02
1.4381000000e+01 -2.8013318121e-02 7.7771580189e-02
1.4382000000e+01 -2.8110544557e-02 7.7373390101e-02
1.4383000000e+01 -2.8200671183e-02 7.6967613767e-02
1.4384000000e+01 -2.8283862777e-02 7.6554485851e-02
1.4385000000e+01 -2.8360289074e-02 7.6134237276e-02
1.4386000000e+01 -2.8430123751e-02 7.5707094967e-02
1.4387000000e+01 -2.8493543445e-02 7.5273281552e-02
1.4388000000e+01 -2.8550726813e-02 7.4833015022e-02
1.4389000000e+01 -2.8601853619e-02 7.4386508353e-02
1.4390000000e+01 -2.8647103876e-02 7.3933969101e-02
1.4391000000e+01 -2.8686657017e-02 7.3475598955e-02
1.4392000000e+01 -2.8720691125e-02 7.3011593274e-02
1.4393000000e+01 -2.8749382199e-02 7.2542140604e-02
1.4394000000e+01 -2.8772903478e-02 7.2067422184e-02
1.4395000000e+01 -2.8791424797e-02 7.1587611450e-02
1.4396000000e+01 -2.8805112001e-02 7.1102873551e-02
1.4397000000e+01 -2.8814126396e-02 7.0613364874e-02
1.4398000000e+01 -2.8818624244e-02 7.0119232601e-02
1.4399000000e+01 -2.8818756295e-02 6.9620614294e-02
1.4400000000e+01 -2.8814667358e-02 6.9117637535e-02
1.4401000000e+01 -2.8806495902e-02 6.8610419607e-02
1.4402000000e+01 -2.8794373687e-02 6.8099067241e-02
1.4403000000e+01 -2.8778425418e-02 6.7583676426e-02
1.4404000000e+01 -2.8758768427e-02 6.7064332297e-02
1.4405000000e+01 -2.8735512367e-02 6.6541109091e-02
1.4406000000e+01 -2.8708758924e-02 6.6014070186e-02
1.4407000000e+01 -2.8678601545e-02 6.5483268221e-02
1.4408000000e+01 -2.8645125174e-02 6.4948745289e-02
1.4409000000e+01 -2.8608406003e-02 6.4410533211e-02
1.4410000000e+01 -2.8568511235e-02 6.3868653879e-02
1.4411000000e+01 -2.8525498857e-02 6.3323119666e-02
1.4412000000e+01 -2.8479417434e-02 6.2773933896e-02
1.4413000000e+01 -2.8430305919e-02 6.2221091354e-02
1.4414000000e+01 -2.8378193489e-02 6.1664578853e-02
1.4415000000e+01 -2.8323099403e-02 6.1104375808e-02
1.4416000000e+01 -2.8265032907e-02 6.0540454848e-02
1.4417000000e+01 -2.8203993159e-02 5.9972782416e-02
1.4418000000e+01 -2.8139969219e-02 5.9401319374e-02
1.4419000000e+01 -2.8072940069e-02 5.8826021590e-02
1.4420000000e+01 -2.8002874702e-02 5.8246840490e-02
1.4421000000e+01 -2.7929732253e-02 5.7663723587e-02
1.4422000000e+01 -2.7853462205e-02 5.7076614953e-02
1.4423000000e+01 -2.7774004637e-02 5.6485455650e-02
1.4424000000e+01 -2.7691290547e-02 5.5890184105e-02
1.4425000000e+01 -2.7605242225e-02 5.5290736425e-02
1.4426000000e+01 -2.7515773687e-02 5.4687046661e-02
1.4427000000e+01 -2.7422791152e-02 5.4079047015e-02
1.4428000000e+01 -2.7326193582e-02 5.3466667987e-02
1.4429000000e+01 -2.7225873253e-02 5.2849838486e-02
1.4430000000e+01 -2.7121716369e-02 5.2228485891e-02
1.4431000000e+01 -2.7013603716e-02 5.1602536081e-02
1.4432000000e+01 -2.6901411334e-02 5.0971913434e-02
1.4433000000e+01 -2.6785011223e-02 5.0336540818e-02
1.4434000000e+01 -2.6664272068e-02 4.9696339557e-02
1.4435000000e+01 -2.6539059982e-02 4.9051229411e-02
1.4436000000e+01 -2.6409239270e-02 4.8401128557e-02
1.4437000000e+01 -2.6274673203e-02 4.7745953584e-02
1.4438000000e+01 -2.6135224817e-02 4.7085619516e-02
1.4439000000e+01 -2.5990757714e-02 4.6420039860e-02
1.4440000000e+01 -2.5841136895e-02 4.5749126693e-02
1.4441000000e+01 -2.5686229600e-02 4.5072790780e-02
1.4442000000e+01 -2.5525906164e-02 4.4390941737e-02
1.4443000000e+01 -2.5360040898e-02 4.3703488239e-02
1.4444000000e+01 -2.5188512976e-02 4.3010338266e-02
1.4445000000e+01 -2.5011207346e-02 4.2311399396e-02
1.4446000000e+01 -2.4828015650e-02 4.1606579129e-02
1.4447000000e+01 -2.4638837147e-02 4.0895785258e-02
1.4448000000e+01 -2.4443579650e-02 4.0178926271e-02
1.4449000000e+01 -2.4242160454e-02 3.9455911773e-02
1.4450000000e+01 -2.4034507257e-02 3.8726652946e-02
1.4451000000e+01 -2.3820559068e-02 3.7991063014e-02
1.4452000000e+01 -2.3600267086e-02 3.7249057727e-02
1.4453000000e+01 -2.3373595545e-02 3.6500555852e-02
1.4454000000e+01 -2.3140522527e-02 3.5745479661e-02
1.4455000000e+01 -2.2901040709e-02 3.4983755417e-02
1.4456000000e+01 -2.2655158060e-02 3.4215313848e-02
1.4457000000e+01 -2.2402898470e-02 3.3440090604e-02
1.4458000000e+01 -2.2144302299e-02 3.2658026703e-02
1.4459000000e+01 -2.1879426849e-02 3.1869068940e-02
1.4460000000e+01 -2.1608346749e-02 3.1073170284e-02
1.4461000000e+01 -2.1331154246e-02 3.0270290239e-02
1.4462000000e+01 -2.1047959406e-02 2.9460395173e-02
1.4463000000e+01 -2.0758890217e-02 2.8643458630e-02
1.4464000000e+01 -2.0464092597e-02 2.7819461595e-02
1.4465000000e+01 -2.0163730306e-02 2.6988392743e-02
1.4466000000e+01 -1.9857984760e-02 2.6150248659e-02
1.4467000000e+01 -1.9547054753e-02 2.5305034028e-02
1.4468000000e+01 -1.9231156091e-02 2.4452761807e-02
1.4469000000e+01 -1.8910521133e-02 2.3593453384e-02
1.4470000000e+01 -1.8585398248e-02 2.2727138710e-02
1.4471000000e+01 -1.8256051192e-02 2.1853856429e-02
1.4472000000e+01 -1.7922758404e-02 2.0973653997e-02
1.4473000000e+01 -1.7585812231e-02 2.0086587792e-02
1.4474000000e+01 -1.7245518081e-02 1.9192723227e-02
1.4475000000e+01 -1.6902193509e-02 1.8292134858e-02
1.4476000000e+01 -1.6556167241e-02 1.7384906491e-02
1.4477000000e+01 -1.6207778144e-02 1.6471131292e-02
1.4478000000e+01 -1.5857374140e-02 1.5550911894e-02
1.4479000000e+01 -1.5505311076e-02 1.4624360504e-02
1.4480000000e+01 -1.5151951556e-02 1.3691598999e-02
1.4481000000e+01 -1.4797663731e-02 1.2752759016e-02
1.4482000000e+01 -1.4442820068e-02 1.1807982029e-02
1.4483000000e+01 -1.4087796101e-02 1.0857419402e-02
1.4484000000e+01 -1.3732969168e-02 9.9012324166e-03
1.4485000000e+01 -1.3378717139e-02 8.9395922703e-03
1.4486000000e+01 -1.3025417164e-02 7.9726800282e-03
1.4487000000e+01 -1.2673444421e-02 7.0006865318e-03
1.4488000000e+01 -1.2323170901e-02 6.0238122531e-03
1.4489000000e+01 -1.1974964215e-02 5.0422670866e-03
1.4490000000e+01 -1.1629186449e-02 4.0562700766e-03
1.4491000000e+01 -1.1286193073e-02 3.0660490720e-03
1.4492000000e+01 -1.0946331905e-02 2.0718403070e-03
1.4493000000e+01 -1.0609942139e-02 1.0738879029e-03
1.4494000000e+01 -1.0277353458e-02 7.2443291584e-05
1.4495000000e+01 -9.9488852175e-03 -9.3223543993e-04
1.4496000000e+01 -9.6248457201e-03 -1.9398842820e-03
1.4497000000e+01 -9.3055315828e-03 -2.9502341080e-03
1.4498000000e+01 -8.9912271953e-03 -3.9630115484e-03
1.4499000000e+01 -8.6822042793e-03 -4.9779399249e-03
1.4500000000e+01 -8.3787215456e-03 -5.9947402381e-03
1.4501000000e+01 -8.0810244520e-03 -7.0131321962e-03
1.4502000000e+01 -7.7893450609e-03 -8.0328352743e-03
1.4503000000e+01 -7.5039019946e-03 -9.0535697903e-03
1.4504000000e+01 -7.2249004861e-03 -1.0075057984e-02
1.4505000000e+01 -6.9525325218e-03 -1.1097025084e-02
1.4506000000e+01 -6.6869770697e-03 -1.2119200344e-02
1.4507000000e+01 -6.4284003894e-03 -1.3141318042e-02
1.4508000000e+01 -6.1769564136e-03 -1.4163118411e-02
1.4509000000e+01 -5.9327871969e-03 -1.5184348501e-02
1.4510000000e+01 -5.6960234188e-03 -1.6204762950e-02
1.4511000000e+01 -5.4667849350e-03 -1.7224124656e-02
1.4512000000e+01 -5.2451813649e-03 -1.8242205332e-02
1.4513000000e+01 -5.0313127046e-03 -1.9258785942e-02
1.4514000000e+01 -4.8252699569e-03 -2.0273657007e-02
1.4515000000e+01 -4.6271357658e-03 -2.1286618782e-02
1.4516000000e+01 -4.4369850467e-03 -2.2297481296e-02
1.4517000000e+01 -4.2548856033e-03 -2.3306064256e-02
1.4518000000e+01 -4.0808987224e-03 -2.4312196830e-02
1.4519000000e+01 -3.9150797399e-03 -2.5315717301e-02
1.4520000000e+01 -3.7574785723e-03 -2.6316472608e-02
1.4521000000e+01 -3.6081402099e-03 -2.7314317784e-02
1.4522000000e+01 -3.4671051682e-03 -2.8309115303e-02
1.4523000000e+01 -3.3344098983e-03 -2.9300734347e-02
1.4524000000e+01 -3.2100871556e-03 -3.0289050006e-02
1.4525000000e+01 -3.0941663299e-03 -3.1273942433e-02
1.4526000000e+01 -2.9866737403e-03 -3.2255295959e-02
1.4527000000e+01 -2.8876328996e-03 -3.3232998185e-02
1.4528000000e+01 -2.7970647539e-03 -3.4206939060e-02
1.4529000000e+01 -2.7149879030e-03 -3.5177009974e-02
1.4530000000e+01 -2.6414188079e-03 -3.6143102840e-02
1.4531000000e+01 -2.5763719916e-03 -3.7105109220e-02
1.4532000000e+01 -2.5198602378e-03 -3.8062919462e-02
1.4533000000e+01 -2.4718947920e-03 -3.9016421873e-02
1.4534000000e+01 -2.4324855687e-03 -3.9965501937e-02
1.4535000000e+01 -2.4016413656e-03 -4.0910041559e-02
1.4536000000e+01 -2.3793700851e-03 -4.1849918362e-02
1.4537000000e+01 -2.3656789619e-03 -4.2785005020e-02
1.4538000000e+01 -2.3605747936e-03 -4.3715168628e-02
1.4539000000e+01 -2.3640641676e-03 -4.4640270117e-02
1.4540000000e+01 -2.3761536813e-03 -4.5560163705e-02
1.4541000000e+01 -2.3968501449e-03 -4.6474696385e-02
1.4542000000e+01 -2.4261607595e-03 -4.7383707448e-02
1.4543000000e+01 -2.4640932619e-03 -4.8287028042e-02
1.4544000000e+01 -2.5106560256e-03 -4.9184480763e-02
1.4545000000e+01 -2.5658581085e-03 -5.0075879288e-02
1.4546000000e+01 -2.6297092394e-03 -5.0961028038e-02
1.4547000000e+01 -2.7022197332e-03 -5.1839721889e-02
1.4548000000e+01 -2.7834003292e-03 -5.2711745924e-02
1.4549000000e+01 -2.8732619463e-03 -5.3576875237e-02
1.4550000000e+01 -2.9718153507e-03 -5.4434874789e-02
1.4551000000e+01 -3.0790707342e-03 -5.5285499333e-02
1.4552000000e+01 -3.1950372032e-03 -5.6128493404e-02
1.4553000000e+01 -3.3197221806e-03 -5.6963591391e-02
1.4554000000e+01 -3.4531307249e-03 -5.7790517690e-02
1.4555000000e+01 -3.5952647732e-03 -5.8608986959e-02
1.4556000000e+01 -3.7461223168e-03 -5.9418704459e-02
1.4557000000e+01 -3.9056965201e-03 -6.0219366518e-02
1.4558000000e+01 -4.0739747965e-03 -6.1010661087e-02
1.4559000000e+01 -4.2509378532e-03 -6.1792268422e-02
1.4560000000e+01 -4.4365587227e-03 -6.2563861871e-02
1.4561000000e+01 -4.6308017957e-03 -6.3325108778e-02
1.4562000000e+01 -4.8336218725e-03 -6.4075671484e-02
1.4563000000e+01 -5.0449632497e-03 -6.4815208438e-02
1.4564000000e+01 -5.2647588591e-03 -6.5543375393e-02
1.4565000000e+01 -5.4929294733e-03 -6.6259826675e-02
1.4566000000e+01 -5.7293829935e-03 -6.6964216528e-02
1.4567000000e+01 -5.9740138314e-03 -6.7656200493e-02
1.4568000000e+01 -6.2267023974e-03 -6.8335436821e-02
1.4569000000e+01 -6.4873147016e-03 -6.9001587902e-02
1.4570000000e+01 -6.7557020767e-03 -6.9654321671e-02
1.4571000000e+01 -7.0317010228e-03 -7.0293312991e-02
1.4572000000e+01 -7.3151331788e-03 -7.0918244988e-02
1.4573000000e+01 -7.6058054154e-03 -7.1528810308e-02
1.4574000000e+01 -7.9035100471e-03 -7.2124712292e-02
1.4575000000e+01 -8.2080251552e-03 -7.2705666053e-02
1.4576000000e+01 -8.5191150141e-03 -7.3271399429e-02
1.4577000000e+01 -8.8365306084e-03 -7.3821653823e-02
1.4578000000e+01 -9.1600102293e-03 -7.4356184903e-02
1.4579000000e+01 -9.4892801368e-03 -7.4874763172e-02
1.4580000000e+01 -9.8240552726e-03 -7.5377174411e-02
1.4581000000e+01 -1.0164040011e-02 -7.5863219978e-02
1.4582000000e+01 -1.0508928933e-02 -7.6332717001e-02
1.4583000000e+01 -1.0858407608e-02 -7.6785498447e-02
1.4584000000e+01 -1.1212153378e-02 -7.7221413092e-02
1.4585000000e+01 -1.1569836126e-02 -7.7640325411e-02
1.4586000000e+01 -1.1931119025e-02 -7.8042115385e-02
1.4587000000e+01 -1.2295659259e-02 -7.8426678264e-02
1.4588000000e+01 -1.2663108712e-02 -7.8793924281e-02
1.4589000000e+01 -1.3033114625e-02 -7.9143778349e-02
1.4590000000e+01 -1.3405320221e-02 -7.9476179744e-02
1.4591000000e+01 -1.3779365291e-02 -7.9791081796e-02
1.4592000000e+01 -1.4154886765e-02 -8.0088451588e-02
1.4593000000e+01 -1.4531519249e-02 -8.0368269687e-02
1.4594000000e+01 -1.4908895556e-02 -8.0630529897e-02
1.4595000000e+01 -1.5286647225e-02 -8.0875239051e-02
1.4596000000e+01 -1.5664405041e-02 -8.1102416836e-02
1.4597000000e+01 -1.6041799564e-02 -8.1312095651e-02
1.4598000000e+01 -1.6418461673e-02 -8.1504320497e-02
1.4599000000e+01 -1.6794023131e-02 -8.1679148890e-02
1.4600000000e+01 -1.7168117182e-02 -8.1836650796e-02
1.4601000000e+01 -1.7540379176e-02 -8.1976908576e-02
1.4602000000e+01 -1.7910447230e-02 -8.2100016925e-02
1.4603000000e+01 -1.8277962931e-02 -8.2206082816e-02
1.4604000000e+01 -1.8642572071e-02 -8.2295225419e-02
1.4605000000e+01 -1.9003925417e-02 -8.2367575991e-02
1.4606000000e+01 -1.9361679515e-02 -8.2423277743e-02
1.4607000000e+01 -1.9715497522e-02 -8.2462485649e-02
1.4608000000e+01 -2.0065050057e-02 -8.2485366222e-02
1.4609000000e+01 -2.0410016069e-02 -8.2492097223e-02
1.4610000000e+01 -2.0750083706e-02 -8.2482867315e-02
1.4611000000e+01 -2.1084951193e-02 -8.2457875663e-02
1.4612000000e+01 -2.1414327687e-02 -8.2417331458e-02
1.4613000000e+01 -2.1737934117e-02 -8.2361453393e-02
1.4614000000e+01 -2.2055503999e-02 -8.2290469068e-02
1.4615000000e+01 -2.2366784203e-02 -8.2204614346e-02
1.4616000000e+01 -2.2671535680e-02 -8.2104132656e-02
1.4617000000e+01 -2.2969534130e-02 -8.1989274247e-02
1.4618000000e+01 -2.3260570613e-02 -8.1860295413e-02
1.4619000000e+01 -2.3544452078e-02 -8.1717457681e-02
1.4620000000e+01 -2.3821001835e-02 -8.1561026990e-02
1.4621000000e+01 -2.4090059933e-02 -8.1391272850e-02
1.4622000000e+01 -2.4351483461e-02 -8.1208467515e-02
1.4623000000e+01 -2.4605146765e-02 -8.1012885164e-02
1.4624000000e+01 -2.4850941579e-02 -8.0804801105e-02
1.4625000000e+01 -2.5088777064e-02 -8.0584491019e-02
1.4626000000e+01 -2.5318579771e-02 -8.0352230238e-02
1.4627000000e+01 -2.5540293512e-02 -8.0108293085e-02
1.4628000000e+01 -2.5753879150e-02 -7.9852952263e-02
1.4629000000e+01 -2.5959314316e-02 -7.9586478317e-02
1.4630000000e+01 -2.6156593046e-02 -7.9309139150e-02
1.4631000000e+01 -2.6345725347e-02 -7.9021199619e-02
1.4632000000e+01 -2.6526736702e-02 -7.8722921194e-02
1.4633000000e+01 -2.6699667504e-02 -7.8414561679e-02
1.4634000000e+01 -2.6864572445e-02 -7.8096374999e-02
1.4635000000e+01 -2.7021519841e-02 -7.7768611045e-02
1.4636000000e+01 -2.7170590926e-02 -7.7431515561e-02
1.4637000000e+01 -2.7311879088e-02 -7.7085330082e-02
1.4638000000e+01 -2.7445489090e-02 -7.6730291894e-02
1.4639000000e+01 -2.7571536244e-02 -7.6366634035e-02
1.4640000000e+01 -2.7690145571e-02 -7.5994585291e-02
1.4641000000e+01 -2.7801450945e-02 -7.5614370221e-02
1.4642000000e+01 -2.7905594216e-02 -7.5226209159e-02
1.4643000000e+01 -2.8002724334e-02 -7.4830318225e-02
1.4644000000e+01 -2.8092996462e-02 -7.4426909312e-02
1.4645000000e+01 -2.8176571101e-02 -7.4016190055e-02
1.4646000000e+01 -2.8253613209e-02 -7.3598363775e-02
1.4647000000e+01 -2.8324291345e-02 -7.3173629394e-02
1.4648000000e+01 -2.8388776809e-02 -7.2742181327e-02
1.4649000000e+01 -2.8447242817e-02 -7.2304209340e-02
1.4650000000e+01 -2.8499863679e-02 -7.1859898382e-02
1.4651000000e+01 -2.8546814010e-02 -7.1409428390e-02
1.4652000000e+01 -2.8588267959e-02 -7.0952974077e-02
1.4653000000e+01 -2.8624398463e-02 -7.0490704693e-02
1.4654000000e+01 -2.8655376529e-02 -7.0022783779e-02
1.4655000000e+01 -2.8681370544e-02 -6.9549368909e-02
1.4656000000e+01 -2.8702545611e-02 -6.9070611432e-02
1.4657000000e+01 -2.8719062914e-02 -6.8586656212e-02
1.4658000000e+01 -2.8731079114e-02 -6.8097641378e-02
1.4659000000e+01 -2.8738745770e-02 -6.7603698090e-02
1.4660000000e+01 -2.8742208801e-02 -6.7104950319e-02
1.4661000000e+01 -2.8741607961e-02 -6.6601514655e-02
1.4662000000e+01 -2.8737076360e-02 -6.6093500142e-02
1.4663000000e+01 -2.8728740003e-02 -6.5581008144e-02
1.4664000000e+01 -2.8716717370e-02 -6.5064132244e-02
1.4665000000e+01 -2.8701119015e-02 -6.4542958189e-02
1.4666000000e+01 -2.8682047203e-02 -6.4017563863e-02
1.4667000000e+01 -2.8659595573e-02 -6.3488019305e-02
1.4668000000e+01 -2.8633848827e-02 -6.2954386768e-02
1.4669000000e+01 -2.8604882462e-02 -6.2416720811e-02
1.4670000000e+01 -2.8572762511e-02 -6.1875068432e-02
1.4671000000e+01 -2.8537545335e-02 -6.1329469228e-02
1.4672000000e+01 -2.8499277430e-02 -6.0779955586e-02
1.4673000000e+01 -2.8457995275e-02 -6.0226552902e-02
1.4674000000e+01 -2.8413725205e-02 -5.9669279810e-02
1.4675000000e+01 -2.8366483320e-02 -5.9108148431e-02
1.4676000000e+01 -2.8316275430e-02 -5.8543164626e-02
1.4677000000e+01 -2.8263097030e-02 -5.7974328247e-02
1.4678000000e+01 -2.8206933321e-02 -5.7401633391e-02
1.4679000000e+01 -2.8147759257e-02 -5.6825068633e-02
1.4680000000e+01 -2.8085539643e-02 -5.6244617251e-02
1.4681000000e+01 -2.8020229272e-02 -5.5660257425e-02
1.4682000000e+01 -2.7951773097e-02 -5.5071962418e-02
1.4683000000e+01 -2.7880106462e-02 -5.4479700729e-02
1.4684000000e+01 -2.7805155364e-02 -5.3883436217e-02
1.4685000000e+01 -2.7726836768e-02 -5.3283128203e-02
1.4686000000e+01 -2.7645058970e-02 -5.2678731547e-02
1.4687000000e+01 -2.7559722004e-02 -5.2070196696e-02
1.4688000000e+01 -2.7470718096e-02 -5.1457469720e-02
1.4689000000e+01 -2.7377932164e-02 -5.0840492332e-02
1.4690000000e+01 -2.7281242370e-02 -5.0219201898e-02
1.4691000000e+01 -2.7180520707e-02 -4.9593531447e-02
1.4692000000e+01 -2.7075633644e-02 -4.8963409681e-02
1.4693000000e+01 -2.6966442804e-02 -4.8328760998e-02
1.4694000000e+01 -2.6852805688e-02 -4.7689505532e-02
1.4695000000e+01 -2.6734576446e-02 -4.7045559220e-02
1.4696000000e+01 -2.6611606677e-02 -4.6396833887e-02
1.4697000000e+01 -2.6483746281e-02 -4.5743237380e-02
1.4698000000e+01 -2.6350844339e-02 -4.5084673731e-02
1.4699000000e+01 -2.6212750030e-02 -4.4421043365e-02
1.4700000000e+01 -2.6069313588e-02 -4.3752243351e-02
1.4701000000e+01 -2.5920387285e-02 -4.3078167706e-02
1.4702000000e+01 -2.5765826441e-02 -4.2398707730e-02
1.4703000000e+01 -2.5605490465e-02 -4.1713752403e-02
1.4704000000e+01 -2.5439243912e-02 -4.1023188811e-02
1.4705000000e+01 -2.5266957566e-02 -4.0326902620e-02
1.4706000000e+01 -2.5088509519e-02 -3.9624778581e-02
1.4707000000e+01 -2.4903786275e-02 -3.8916701069e-02
1.4708000000e+01 -2.4712683835e-02 -3.8202554649e-02
1.4709000000e+01 -2.4515108786e-02 -3.7482224660e-02
1.4710000000e+01 -2.4310979365e-02 -3.6755597817e-02
1.4711000000e+01 -2.4100226501e-02 -3.6022562821e-02
1.4712000000e+01 -2.3882794819e-02 -3.5283010974e-02
1.4713000000e+01 -2.3658643602e-02 -3.4536836795e-02
1.4714000000e+01 -2.3427747693e-02 -3.3783938626e-02
1.4715000000e+01 -2.3190098334e-02 -3.3024219227e-02
1.4716000000e+01 -2.2945703936e-02 -3.2257586362e-02
1.4717000000e+01 -2.2694590758e-02 -3.1483953361e-02
1.4718000000e+01 -2.2436803497e-02 -3.0703239661e-02
1.4719000000e+01 -2.2172405779e-02 -2.9915371323e-02
1.4720000000e+01 -2.1901480546e-02 -2.9120281526e-02
1.4721000000e+01 -2.1624130333e-02 -2.8317911031e-02
1.4722000000e+01 -2.1340477426e-02 -2.7508208611e-02
1.4723000000e+01 -2.1050663909e-02 -2.6691131464e-02
1.4724000000e+01 -2.0754851590e-02 -2.5866645585e-02
1.4725000000e+01 -2.0453221814e-02 -2.5034726115e-02
1.4726000000e+01 -2.0145975156e-02 -2.4195357664e-02
1.4727000000e+01 -1.9833331005e-02 -2.3348534603e-02
1.4728000000e+01 -1.9515527045e-02 -2.2494261334e-02
1.4729000000e+01 -1.9192818622e-02 -2.1632552537e-02
1.4730000000e+01 -1.8865478026e-02 -2.0763433396e-02
1.4731000000e+01 -1.8533793675e-02 -1.9886939806e-02
1.4732000000e+01 -1.8198069222e-02 -1.9003118561e-02
1.4733000000e+01 -1.7858622581e-02 -1.8112027530e-02
1.4734000000e+01 -1.7515784884e-02 -1.7213735814e-02
1.4735000000e+01 -1.7169899378e-02 -1.6308323896e-02
1.4736000000e+01 -1.6821320261e-02 -1.5395883767e-02
1.4737000000e+01 -1.6470411472e-02 -1.4476519045e-02
1.4738000000e+01 -1.6117545439e-02 -1.3550345067e-02
1.4739000000e+01 -1.5763101783e-02 -1.2617488971e-02
1.4740000000e+01 -1.5407465994e-02 -1.1678089737e-02
1.4741000000e+01 -1.5051028082e-02 -1.0732298212e-02
1.4742000000e+01 -1.4694181208e-02 -9.7802770827e-03
1.4743000000e+01 -1.4337320301e-02 -8.8222008128e-03
1.4744000000e+01 -1.3980840669e-02 -7.8582555219e-03
1.4745000000e+01 -1.3625136617e-02 -6.8886388047e-03
1.4746000000e+01 -1.3270600069e-02 -5.9135594807e-03
1.4747000000e+01 -1.2917619219e-02 -4.9332372674e-03
1.4748000000e+01 -1.2566577205e-02 -3.9479023696e-03
1.4749000000e+01 -1.2217850828e-02 -2.9577949798e-03
1.4750000000e+01 -1.1871809328e-02 -1.9631646845e-03
1.4751000000e+01 -1.1528813216e-02 -9.6426977514e-04
1.4752000000e+01 -1.1189213190e-02 3.8623537672e-05
1.4753000000e+01 -1.0853349136e-02 1.0452420051e-03
1.4754000000e+01 -1.0521549229e-02 2.0553063114e-03
1.4755000000e+01 -1.0194129142e-02 3.0685321296e-03
1.4756000000e+01 -9.8713913735e-03 4.0846312523e-03
1.4757000000e+01 -9.5536246980e-03 5.1033127877e-03
1.4758000000e+01 -9.2411037499e-03 6.1242844049e-03
1.4759000000e+01 -8.9340887373e-03 7.1472536161e-03
1.4760000000e+01 -8.6328252910e-03 8.1719290770e-03
1.4761000000e+01 -8.3375444453e-03 9.1980218875e-03
1.4762000000e+01 -8.0484627473e-03 1.0225246875e-02
1.4763000000e+01 -7.7657824877e-03 1.1253323836e-02
1.4764000000e+01 -7.4896920443e-03 1.2281978730e-02
1.4765000000e+01 -7.2203663279e-03 1.3310944782e-02
1.4766000000e+01 -6.9579673188e-03 1.4339963506e-02
1.4767000000e+01 -6.7026446779e-03 1.5368785606e-02
1.4768000000e+01 -6.4545364206e-03 1.6397171757e-02
1.4769000000e+01 -6.2137696353e-03 1.7424893250e-02
1.4770000000e+01 -5.9804612335e-03 1.8451732473e-02
1.4771000000e+01 -5.7547187134e-03 1.9477483255e-02
1.4772000000e+01 -5.5366409250e-03 2.0501951029e-02
1.4773000000e+01 -5.3263188216e-03 2.1524952841e-02
1.4774000000e+01 -5.1238361847e-03 2.2546317190e-02
1.4775000000e+01 -4.9292703131e-03 2.3565883705e-02
1.4776000000e+01 -4.7426926662e-03 2.4583502673e-02
1.4777000000e+01 -4.5641694540e-03 2.5599034411e-02
1.4778000000e+01 -4.3937621697e-03 2.6612348507e-02
1.4779000000e+01 -4.2315280599e-03 2.7623322946e-02
1.4780000000e+01 -4.0775205336e-03 2.8631843110e-02
1.4781000000e+01 -3.9317895082e-03 2.9637800707e-02
1.4782000000e+01 -3.7943816960e-03 3.0641092615e-02
1.4783000000e+01 -3.6653408356e-03 3.1641619669e-02
1.4784000000e+01 -3.5447078715e-03 3.2639285426e-02
1.4785000000e+01 -3.4325210901e-03 3.3633994893e-02
1.4786000000e+01 -3.3288162184e-03 3.4625653268e-02
1.4787000000e+01 -3.2336264930e-03 3.5614164697e-02
1.4788000000e+01 -3.1469827073e-03 3.6599431059e-02
1.4789000000e+01 -3.0689132457e-03 3.7581350805e-02
1.4790000000e+01 -2.9994441109e-03 3.8559817847e-02
1.4791000000e+01 -2.9385989532e-03 3.9534720533e-02
1.4792000000e+01 -2.8863991065e-03 4.0505940687e-02
1.4793000000e+01 -2.8428636367e-03 4.1473352739e-02
1.4794000000e+01 -2.8080094066e-03 4.2436822948e-02
1.4795000000e+01 -2.7818511588e-03 4.3396208711e-02
1.4796000000e+01 -2.7644016182e-03 4.4351357967e-02
1.4797000000e+01 -2.7556716125e-03 4.5302108687e-02
1.4798000000e+01 -2.7556702081e-03 4.6248288461e-02
1.4799000000e+01 -2.7644048570e-03 4.7189714154e-02
1.4800000000e+01 -2.7818815491e-03 4.8126191658e-02
1.4801000000e+01 -2.8081049626e-03 4.9057515707e-02
1.4802000000e+01 -2.8430786034e-03 4.9983469767e-02
1.4803000000e+01 -2.8868049259e-03 5.0903825995e-02
1.4804000000e+01 -2.9392854230e-03 5.1818345261e-02
1.4805000000e+01 -3.0005206782e-03 5.2726777225e-02
1.4806000000e+01 -3.0705103680e-03 5.3628860481e-02
1.4807000000e+01 -3.1492532068e-03 5.4524322757e-02
1.4808000000e+01 -3.2367468253e-03 5.5412881175e-02
1.4809000000e+01 -3.3329875764e-03 5.6294242573e-02
1.4810000000e+01 -3.4379702640e-03 5.7168103887e-02
1.4811000000e+01 -3.5516877908e-03 5.8034152609e-02
1.4812000000e+01 -3.6741307241e-03 5.8892067305e-02
1.4813000000e+01 -3.8052867831e-03 5.9741518212e-02
1.4814000000e+01 -3.9451402492e-03 6.0582167914e-02
1.4815000000e+01 -4.0936713085e-03 6.1413672091e-02
1.4816000000e+01 -4.2508553328e-03 6.2235680355e-02
1.4817000000e+01 -4.4166621124e-03 6.3047837165e-02
1.4818000000e+01 -4.5910550531e-03 6.3849782817e-02
1.4819000000e+01 -4.7739903521e-03 6.4641154519e-02
1.4820000000e+01 -4.9654161691e-03 6.5421587534e-02
1.4821000000e+01 -5.1652718101e-03 6.6190716383e-02
1.4822000000e+01 -5.3734869405e-03 6.6948176106e-02
1.4823000000e+01 -5.5899808454e-03 6.7693603571e-02
1.4824000000e+01 -5.8146617530e-03 6.8426638805e-02
1.4825000000e+01 -6.0474262369e-03 6.9146926348e-02
1.4826000000e+01 -6.2881587103e-03 6.9854116601e-02
1.4827000000e+01 -6.5367310241e-03 7.0547867159e-02
1.4828000000e+01 -6.7930021771e-03 7.1227844108e-02
1.4829000000e+01 -7.0568181443e-03 7.1893723270e-02
1.4830000000e+01 -7.3280118266e-03 7.2545191377e-02
1.4831000000e+01 -7.6064031207e-03 7.3181947157e-02
1.4832000000e+01 -7.8917991072e-03 7.3803702318e-02
1.4833000000e+01 -8.1839943482e-03 7.4410182424e-02
1.4834000000e+01 -8.4827712870e-03 7.5001127632e-02
1.4835000000e+01 -8.7879007379e-03 7.5576293310e-02
1.4836000000e+01 -9.0991424503e-03 7.6135450505e-02
1.4837000000e+01 -9.4162457356e-03 7.6678386275e-02
1.4838000000e+01 -9.7389501367e-03 7.7204903881e-02
1.4839000000e+01 -1.0066986127e-02 7.7714822839e-02
1.4840000000e+01 -1.0400075819e-02 7.8207978851e-02
1.4841000000e+01 -1.0737933673e-02 7.8684223609e-02
1.4842000000e+01 -1.1080267183e-02 7.9143424508e-02
1.4843000000e+01 -1.1426777536e-02 7.9585464255e-02
1.4844000000e+01 -1.1777160233e-02 8.0010240418e-02
1.4845000000e+01 -1.2131105653e-02 8.0417664913e-02
1.4846000000e+01 -1.2488299578e-02 8.0807663468e-02
1.4847000000e+01 -1.2848423647e-02 8.1180175054e-02
1.4848000000e+01 -1.3211155769e-02 8.1535151341e-02
1.4849000000e+01 -1.3576170476e-02 8.1872556152e-02
1.4850000000e+01 -1.3943139230e-02 8.2192364971e-02
1.4851000000e+01 -1.4311730689e-02 8.2494564487e-02
1.4852000000e+01 -1.4681610947e-02 8.2779152204e-02
1.4853000000e+01 -1.5052443742e-02 8.3046136117e-02
1.4854000000e+01 -1.5423890670e-02 8.3295534456e-02
1.4855000000e+01 -1.5795611378e-02 8.3527375506e-02
1.4856000000e+01 -1.6167263790e-02 8.3741697500e-02
1.4857000000e+01 -1.6538504345e-02 8.3938548571e-02
1.4858000000e+01 -1.6908988269e-02 8.4117986775e-02
1.4859000000e+01 -1.7278369894e-02 8.4280080156e-02
1.4860000000e+01 -1.7646303026e-02 8.4424906850e-02
1.4861000000e+01 -1.8012441375e-02 8.4552555217e-02
1.4862000000e+01 -1.8376439040e-02 8.4663123989e-02
1.4863000000e+01 -1.8737951074e-02 8.4756722409e-02
1.4864000000e+01 -1.9096634108e-02 8.4833470359e-02
1.4865000000e+01 -1.9452147049e-02 8.4893498457e-02
1.4866000000e+01 -1.9804151845e-02 8.4936948113e-02
1.4867000000e+01 -2.0152314316e-02 8.4963971533e-02
1.4868000000e+01 -2.0496305044e-02 8.4974731659e-02
1.4869000000e+01 -2.0835800314e-02 8.4969402042e-02
1.4870000000e+01 -2.1170483103e-02 8.4948166636e-02
1.4871000000e+01 -2.1500044102e-02 8.4911219519e-02
1.4872000000e+01 -2.1824182769e-02 8.4858764537e-02
1.4873000000e+01 -2.2142608386e-02 8.4791014861e-02
1.4874000000e+01 -2.2455041126e-02 8.4708192488e-02
1.4875000000e+01 -2.2761213104e-02 8.4610527665e-02
1.4876000000e+01 -2.3060869403e-02 8.4498258254e-02
1.4877000000e+01 -2.3353769062e-02 8.4371629059e-02
1.4878000000e+01 -2.3639686009e-02 8.4230891099e-02
1.4879000000e+01 -2.3918409934e-02 8.4076300872e-02
1.4880000000e+01 -2.4189747078e-02 8.3908119593e-02
1.4881000000e+01 -2.4453520938e-02 8.3726612434e-02
1.4882000000e+01 -2.4709572864e-02 8.3532047773e-02
1.4883000000e+01 -2.4957762562e-02 8.3324696466e-02
1.4884000000e+01 -2.5197968463e-02 8.3104831149e-02
1.4885000000e+01 -2.5430087988e-02 8.2872725582e-02
1.4886000000e+01 -2.5654037674e-02 8.2628654039e-02
1.4887000000e+01 -2.5869753186e-02 8.2372890751e-02
1.4888000000e+01 -2.6077189196e-02 8.2105709412e-02
1.4889000000e+01 -2.6276319137e-02 8.1827382736e-02
1.4890000000e+01 -2.6467134847e-02 8.1538182082e-02
1.4891000000e+01 -2.6649646095e-02 8.1238377133e-02
1.4892000000e+01 -2.6823879994e-02 8.0928235626e-02
1.4893000000e+01 -2.6989880335e-02 8.0608023139e-02
1.4894000000e+01 -2.7147706817e-02 8.0278002915e-02
1.4895000000e+01 -2.7297434207e-02 7.9938435723e-02
1.4896000000e+01 -2.7439151441e-02 7.9589579749e-02
1.4897000000e+01 -2.7572960656e-02 7.9231690503e-02
1.4898000000e+01 -2.7698976193e-02 7.8865020733e-02
1.4899000000e+01 -2.7817323556e-02 7.8489820351e-02
1.4900000000e+01 -2.7928138361e-02 7.8106336337e-02
1.4901000000e+01 -2.8031565260e-02 7.7714812638e-02
1.4902000000e+01 -2.8127756867e-02 7.7315490041e-02
1.4903000000e+01 -2.8216872699e-02 7.6908606019e-02
1.4904000000e+01 -2.8299078112e-02 7.6494394536e-02
1.4905000000e+01 -2.8374543270e-02 7.6073085828e-02
1.4906000000e+01 -2.8443442137e-02 7.5644906135e-02
1.4907000000e+01 -2.8505951500e-02 7.5210077394e-02
1.4908000000e+01 -2.8562250023e-02 7.4768816895e-02
1.4909000000e+01 -2.8612517349e-02 7.4321336897e-02
1.4910000000e+01 -2.8656933235e-02 7.3867844214e-02
1.4911000000e+01 -2.8695676738e-02 7.3408539764e-02
1.4912000000e+01 -2.8728925446e-02 7.2943618102e-02
1.4913000000e+01 -2.8756854750e-02 7.2473266933e-02
1.4914000000e+01 -2.8779637172e-02 7.1997666613e-02
1.4915000000e+01 -2.8797441733e-02 7.1516989657e-02
1.4916000000e+01 -2.8810433367e-02 7.1031400244e-02
1.4917000000e+01 -2.8818772384e-02 7.0541053752e-02
1.4918000000e+01 -2.8822613969e-02 7.0046096311e-02
1.4919000000e+01 -2.8822107721e-02 6.9546664396e-02
1.4920000000e+01 -2.8817397231e-02 6.9042884461e-02
1.4921000000e+01 -2.8808619690e-02 6.8534872635e-02
1.4922000000e+01 -2.8795905524e-02 6.8022734467e-02
1.4923000000e+01 -2.8779378056e-02 6.7506564749e-02
1.4924000000e+01 -2.8759153192e-02 6.6986447403e-02
1.4925000000e+01 -2.8735339121e-02 6.6462455451e-02
1.4926000000e+01 -2.8708036031e-02 6.5934651060e-02
1.4927000000e+01 -2.8677335841e-02 6.5403085667e-02
1.4928000000e+01 -2.8643321945e-02 6.4867800187e-02
1.4929000000e+01 -2.8606068963e-02 6.4328825288e-02
1.4930000000e+01 -2.8565642510e-02 6.3786181743e-02
1.4931000000e+01 -2.8522098974e-02 6.3239880851e-02
1.4932000000e+01 -2.8475485314e-02 6.2689924906e-02
1.4933000000e+01 -2.8425838876e-02 6.2136307721e-02
1.4934000000e+01 -2.8373187230e-02 6.1579015191e-02
1.4935000000e+01 -2.8317548044e-02 6.1018025876e-02
1.4936000000e+01 -2.8258928985e-02 6.0453311612e-02
1.4937000000e+01 -2.8197327660e-02 5.9884838114e-02
1.4938000000e+01 -2.8132731606e-02 5.9312565581e-02
1.4939000000e+01 -2.8065118326e-02 5.8736449279e-02
1.4940000000e+01 -2.7994455379e-02 5.8156440097e-02
1.4941000000e+01 -2.7920700532e-02 5.7572485065e-02
1.4942000000e+01 -2.7843801958e-02 5.6984527829e-02
1.4943000000e+01 -2.7763698513e-02 5.6392509077e-02
1.4944000000e+01 -2.7680320054e-02 5.5796366909e-02
1.4945000000e+01 -2.7593587826e-02 5.5196037147e-02
1.4946000000e+01 -2.7503414902e-02 5.4591453597e-02
1.4947000000e+01 -2.7409706674e-02 5.3982548248e-02
1.4948000000e+01 -2.7312361393e-02 5.3369251421e-02
1.4949000000e+01 -2.7211270749e-02 5.2751491873e-02
1.4950000000e+01 -2.7106320493e-02 5.2129196857e-02
1.4951000000e+01 -2.6997391090e-02 5.1502292150e-02
1.4952000000e+01 -2.6884358400e-02 5.0870702053e-02
1.4953000000e+01 -2.6767094384e-02 5.0234349379e-02
1.4954000000e+01 -2.6645467833e-02 4.9593155423e-02
1.4955000000e+01 -2.6519345114e-02 4.8947039942e-02
1.4956000000e+01 -2.6388590930e-02 4.8295921138e-02
1.4957000000e+01 -2.6253069103e-02 4.7639715657e-02
1.4958000000e+01 -2.6112643368e-02 4.6978338616e-02
1.4959000000e+01 -2.5967178177e-02 4.6311703655e-02
1.4960000000e+01 -2.5816539533e-02 4.5639723026e-02
1.4961000000e+01 -2.5660595825e-02 4.4962307716e-02
1.4962000000e+01 -2.5499218693e-02 4.4279367619e-02
1.4963000000e+01 -2.5332283898e-02 4.3590811743e-02
1.4964000000e+01 -2.5159672217e-02 4.2896548463e-02
1.4965000000e+01 -2.4981270345e-02 4.2196485814e-02
1.4966000000e+01 -2.4796971815e-02 4.1490531824e-02
1.4967000000e+01 -2.4606677921e-02 4.0778594885e-02
1.4968000000e+01 -2.4410298644e-02 4.0060584153e-02
1.4969000000e+01 -2.4207753579e-02 3.9336409981e-02
1.4970000000e+01 -2.3998972846e-02 3.8605984368e-02
1.4971000000e+01 -2.3783897990e-02 3.7869221433e-02
1.4972000000e+01 -2.3562482849e-02 3.7126037894e-02
1.4973000000e+01 -2.3334694391e-02 3.6376353558e-02
1.4974000000e+01 -2.3100513507e-02 3.5620091803e-02
1.4975000000e+01 -2.2859935749e-02 3.4857180066e-02
1.4976000000e+01 -2.2612972013e-02 3.4087550308e-02
1.4977000000e+01 -2.2359649143e-02 3.3311139471e-02
1.4978000000e+01 -2.2100010472e-02 3.2527889911e-02
1.4979000000e+01 -2.1834116269e-02 3.1737749810e-02
1.4980000000e+01 -2.1562044111e-02 3.0940673559e-02
1.4981000000e+01 -2.1283889151e-02 3.0136622117e-02
1.4982000000e+01 -2.0999764307e-02 2.9325563332e-02
1.4983000000e+01 -2.0709800341e-02 2.8507472242e-02
1.4984000000e+01 -2.0414145858e-02 2.7682331342e-02
1.4985000000e+01 -2.0112967192e-02 2.6850130816e-02
1.4986000000e+01 -1.9806448216e-02 2.6010868759e-02
1.4987000000e+01 -1.9494790044e-02 2.5164551356e-02
1.4988000000e+01 -1.9178210654e-02 2.4311193052e-02
1.4989000000e+01 -1.8856944418e-02 2.3450816701e-02
1.4990000000e+01 -1.8531241550e-02 2.2583453699e-02
1.4991000000e+01 -1.8201367475e-02 2.1709144107e-02
1.4992000000e+01 -1.7867602116e-02 2.0827936764e-02
1.4993000000e+01 -1.7530239115e-02 1.9939889401e-02
1.4994000000e+01 -1.7189584978e-02 1.9045068744e-02
1.4995000000e+01 -1.6845958162e-02 1.8143550622e-02
1.4996000000e+01 -1.6499688091e-02 1.7235420073e-02
1.4997000000e+01 -1.6151114129e-02 1.6320771450e-02
1.4998000000e+01 -1.5800584491e-02 1.5399708525e-02
1.4999000000e+01 -1.5448455116e-02 1.4472344594e-02
1.5000000000e+01 -1.5095088493e-02 1.3538802569e-02
