$MeshFormat
4.1 0 8
$EndMeshFormat
$PhysicalNames
7
1 54 "INLET"
1 55 "OUTLET"
1 56 "walls"
1 57 "CYLINDER"
1 59 "BEAM_INTERFACE"
2 60 "FLUID"
2 61 "BEAM"
$EndPhysicalNames
$Entities
33 53 21 0
1 0 0 0 0 
2 2.2 0 0 0 
3 2.2 0.41 0 0 
4 0 0.41 0 0 
5 0.2 0.2 0 0 
10 0.2489897948556636 0.19 0 0 
11 0.2489897948556636 0.21 0 0 
12 0.6 0.21 0 0 
13 0.6 0.19 0 0 
14 0.1646446609406726 0.1646446609406726 0 0 
15 0.1646446609406726 0.2353553390593274 0 0 
16 0.2353553390593274 0.2353553390593274 0 0 
17 0.2353553390593274 0.1646446609406726 0 0 
18 0.1 0.1 0 0 
19 0.1 0.3 0 0 
20 0.3 0.3 0 0 
21 0.3 0.1 0 0 
22 0.6 0.3 0 0 
23 0.6 0.1 0 0 
24 0.1 0 0 0 
25 0.6 0 0 0 
26 0.1 0.41 0 0 
27 0.6 0.41 0 0 
28 2.2 0.21 0 0 
29 2.2 0.19 0 0 
30 2.2 0.3 0 0 
31 2.2 0.1 0 0 
32 0.3 0.21 0 0 
33 0.3 0.19 0 0 
34 0.3 0 0 0 
35 0.3 0.41 0 0 
36 0 0.3 0 0 
37 0 0.1 0 0 
1 0 0.41 0 0.1 0.41 0 1 56 2 4 -26 
2 0.1 0.41 0 0.3 0.41 0 1 56 2 26 -35 
3 0.3 0.41 0 0.6 0.41 0 1 56 2 35 -27 
4 0.6 0.41 0 2.2 0.41 0 1 56 2 27 -3 
5 2.2 0.3 0 2.2 0.41 0 1 55 2 3 -30 
6 2.2 0.21 0 2.2 0.3 0 1 55 2 30 -28 
7 2.2 0.19 0 2.2 0.21 0 1 55 2 28 -29 
8 2.2 0.1 0 2.2 0.19 0 1 55 2 29 -31 
9 2.2 0 0 2.2 0.1 0 1 55 2 31 -2 
10 0.6000000000000001 0 0 2.2 0 0 1 56 2 2 -25 
11 0.3 0 0 0.6 0 0 1 56 2 25 -34 
12 0.1 0 0 0.3 0 0 1 56 2 34 -24 
13 0 0 0 0.1 0 0 1 56 2 24 -1 
14 0 0 0 0 0.1 0 1 54 2 1 -37 
15 0 0.1 0 0 0.3 0 1 54 2 37 -36 
16 0 0.3 0 0 0.41 0 1 54 2 36 -4 
17 0.2353553390593274 0.21 0 0.2489897948556636 0.2353553390593274 0 1 57 2 11 -16 
18 0.1646446609406726 0.2353553390593274 0 0.2353553390593274 0.2498097349045873 0 1 57 2 16 -15 
19 0.1501902650954127 0.1646446609406726 0 0.1646446609406726 0.2353553390593274 0 1 57 2 15 -14 
20 0.1646446609406726 0.1501902650954127 0 0.2353553390593274 0.1646446609406726 0 1 57 2 14 -17 
21 0.2353553390593274 0.1646446609406726 0 0.2489897948556636 0.19 0 1 57 2 17 -10 
22 0.2489897948556636 0.19 0 0.2489897948556636 0.21 0 1 57 2 11 -10 
23 0.2489897948556636 0.19 0 0.3 0.19 0 1 59 2 33 -10 
24 0.3 0.19 0 0.6 0.19 0 1 59 2 33 -13 
25 0.6 0.19 0 0.6 0.21 0 1 59 2 13 -12 
26 0.3 0.21 0 0.6 0.21 0 1 59 2 12 -32 
27 0.2489897948556636 0.21 0 0.3 0.21 0 1 59 2 32 -11 
28 0.3 0.19 0 0.3 0.21 0 0 2 32 -33 
29 0.1 0.3 0 0.1 0.41 0 0 2 26 -19 
30 0.1 0.1 0 0.1 0.3 0 0 2 19 -18 
31 0.1 0 0 0.1 0.1 0 0 2 18 -24 
32 0.3 0.3 0 0.3 0.41 0 0 2 35 -20 
33 0.3 0.21 0 0.3 0.3 0 0 2 20 -32 
34 0.3 0.1 0 0.3 0.19 0 0 2 33 -21 
35 0.3 0 0 0.3 0.1 0 0 2 21 -34 
36 0.6 0.3 0 0.6 0.41 0 0 2 27 -22 
37 0.6 0.21 0 0.6 0.3 0 0 2 12 -22 
38 0.6 0.1 0 0.6 0.19 0 0 2 13 -23 
39 0.6 0 0 0.6 0.1 0 0 2 23 -25 
40 0.1 0.2353553390593274 0 0.1646446609406726 0.3 0 0 2 19 -15 
41 0.1 0.1 0 0.1646446609406726 0.1646446609406726 0 0 2 18 -14 
42 0.2353553390593274 0.1 0 0.3 0.1646446609406726 0 0 2 21 -17 
43 0.2353553390593274 0.2353553390593274 0 0.3 0.3 0 0 2 20 -16 
44 0 0.3 0 0.1 0.3 0 0 2 36 -19 
45 0.1 0.3 0 0.3 0.3 0 0 2 19 -20 
46 0.3 0.3 0 0.6 0.3 0 0 2 20 -22 
47 0.6 0.3 0 2.2 0.3 0 0 2 22 -30 
48 0.6 0.21 0 2.2 0.21 0 0 2 12 -28 
49 0.6 0.19 0 2.2 0.19 0 0 2 13 -29 
50 0 0.1 0 0.1 0.1 0 0 2 37 -18 
51 0.1 0.1 0 0.3 0.1 0 0 2 18 -21 
52 0.3 0.1 0 0.6 0.1 0 0 2 21 -23 
53 0.6 0.1 0 2.2 0.1 0 0 2 23 -31 
1 0 0.3 0 0.1 0.41 0 1 60 4 1 29 -44 16 
2 0.1 0.3 0 0.3 0.41 0 1 60 4 2 32 -45 -29 
3 0.3 0.3 0 0.6 0.41 0 1 60 4 32 46 -36 -3 
4 0.6 0.3 0 2.2 0.41 0 1 60 4 36 47 -5 -4 
5 0 0.1 0 0.1 0.3 0 1 60 4 44 30 -50 15 
6 0.1 0.1 0 0.1646446609406726 0.3 0 1 60 4 40 19 -41 -30 
7 0.1 0.2353553390593274 0 0.3 0.3 0 1 60 4 45 43 18 -40 
8 0.2353553390593274 0.21 0 0.3 0.3 0 1 60 4 43 -17 -27 -33 
9 0.3 0.21 0 0.6 0.3 0 1 60 4 46 -37 26 -33 
10 0.6 0.21 0 2.2 0.3 0 1 60 4 47 6 -48 37 
11 0.6 0.19 0 2.2 0.21 0 1 60 4 48 7 -49 25 
12 0.1 0.1 0 0.3 0.1646446609406726 0 1 60 4 41 20 -42 -51 
13 0.2353553390593274 0.1 0 0.3 0.19 0 1 60 4 -23 34 42 21 
14 0.3 0.1 0 0.6 0.19 0 1 60 4 24 38 -52 -34 
15 0.6 0.1 0 2.2 0.19 0 1 60 4 49 8 -53 -38 
16 0 0 0 0.1 0.1 0 1 60 4 50 31 13 14 
17 0.1 0 0 0.3 0.1 0 1 60 4 51 35 12 -31 
18 0.3 0 0 0.6 0.1 0 1 60 4 52 39 11 -35 
19 0.6 0 0 2.2 0.1 0 1 60 4 53 9 10 -39 
20 0.2489897948556636 0.19 0 0.3 0.21 0 1 61 4 22 -23 -28 27 
21 0.3 0.19 0 0.6 0.21 0 1 61 4 28 24 25 26 
$EndEntities
$Nodes
106 5330 1 5330
0 1 0 1
1
0 0 0
0 2 0 1
2
2.2 0 0
0 3 0 1
3
2.2 0.41 0
0 4 0 1
4
0 0.41 0
0 10 0 1
5
0.2489897948556636 0.19 0
0 11 0 1
6
0.2489897948556636 0.21 0
0 12 0 1
7
0.6 0.21 0
0 13 0 1
8
0.6 0.19 0
0 14 0 1
9
0.1646446609406726 0.1646446609406726 0
0 15 0 1
10
0.1646446609406726 0.2353553390593274 0
0 16 0 1
11
0.2353553390593274 0.2353553390593274 0
0 17 0 1
12
0.2353553390593274 0.1646446609406726 0
0 18 0 1
13
0.1 0.1 0
0 19 0 1
14
0.1 0.3 0
0 20 0 1
15
0.3 0.3 0
0 21 0 1
16
0.3 0.1 0
0 22 0 1
17
0.6 0.3 0
0 23 0 1
18
0.6 0.1 0
0 24 0 1
19
0.1 0 0
0 25 0 1
20
0.6 0 0
0 26 0 1
21
0.1 0.41 0
0 27 0 1
22
0.6 0.41 0
0 28 0 1
23
2.2 0.21 0
0 29 0 1
24
2.2 0.19 0
0 30 0 1
25
2.2 0.3 0
0 31 0 1
26
2.2 0.1 0
0 32 0 1
27
0.3 0.21 0
0 33 0 1
28
0.3 0.19 0
0 34 0 1
29
0.3 0 0
0 35 0 1
30
0.3 0.41 0
0 36 0 1
31
0 0.3 0
0 37 0 1
32
0 0.1 0
1 1 0 8
33
34
35
36
37
38
39
40
0.01111111111109219 0.41 0
0.02222222222217186 0.41 0
0.03333333333325108 0.41 0
0.04444444444432759 0.41 0
0.05555555555543721 0.41 0
0.06666666666657721 0.41 0
0.07777777777771724 0.41 0
0.08888888888885788 0.41 0
1 2 0 14
41
42
43
44
45
46
47
48
49
50
51
52
53
54
0.1133333333333063 0.41 0
0.126666666666615 0.41 0
0.139999999999909 0.41 0
0.1533333333332029 0.41 0
0.1666666666664969 0.41 0
0.1799999999997908 0.41 0
0.1933333333330848 0.41 0
0.2066666666664235 0.41 0
0.2199999999997898 0.41 0
0.2333333333331599 0.41 0
0.2466666666665246 0.41 0
0.2599999999999013 0.41 0
0.2733333333332697 0.41 0
0.2866666666666244 0.41 0
1 3 0 34
55
56
57
58
59
60
61
62
63
64
65
66
67
68
69
70
71
72
73
74
75
76
77
78
79
80
81
82
83
84
85
86
87
88
0.3085714285714177 0.41 0
0.3171428571428463 0.41 0
0.3257142857142746 0.41 0
0.3342857142856818 0.41 0
0.3428571428570887 0.41 0
0.3514285714284739 0.41 0
0.3599999999998634 0.41 0
0.3685714285712632 0.41 0
0.3771428571426512 0.41 0
0.3857142857140364 0.41 0
0.39428571428543 0.41 0
0.4028571428568285 0.41 0
0.4114285714282196 0.41 0
0.4199999999996206 0.41 0
0.4285714285710399 0.41 0
0.4371428571424508 0.41 0
0.4457142857138431 0.41 0
0.4542857142852915 0.41 0
0.4628571428567578 0.41 0
0.4714285714282059 0.41 0
0.4799999999996509 0.41 0
0.4885714285711141 0.41 0
0.4971428571425764 0.41 0
0.5057142857139988 0.41 0
0.5142857142854107 0.41 0
0.5228571428568591 0.41 0
0.5314285714282839 0.41 0
0.5399999999996834 0.41 0
0.5485714285711033 0.41 0
0.5571428571425691 0.41 0
0.5657142857140552 0.41 0
0.5742857142855414 0.41 0
0.5828571428570276 0.41 0
0.5914285714285138 0.41 0
1 4 0 28
89
90
91
92
93
94
95
96
97
98
99
100
101
102
103
104
105
106
107
108
109
110
111
112
113
114
115
116
0.6107649200407123 0.41 0
0.622606331166931 0.41 0
0.63563188346254 0.41 0
0.6499599917881168 0.41 0
0.6657209112703949 0.41 0
0.6830579224216844 0.41 0
0.7021286341652244 0.41 0
0.723106416587481 0.41 0
0.7461819774333237 0.41 0
0.7715650946994753 0.41 0
0.79948652336903 0.41 0
0.8302000950608565 0.41 0
0.8639850242062768 0.41 0
0.901148445670807 0.41 0
0.9420282097962503 0.41 0
0.9869959507525262 0.41 0
1.036460465594704 0.41 0
1.090871431281683 0.41 0
1.150723493197307 0.41 0
1.2165607620884 0.41 0
1.288981757788722 0.41 0
1.368644853141431 0.41 0
1.456274258086203 0.41 0
1.552666603042935 0.41 0
1.658698182236874 0.41 0
1.775332919610928 0.41 0
1.903631131315488 0.41 0
2.044759163877865 0.41 0
1 5 0 8
117
118
119
120
121
122
123
124
2.2 0.3977777777777886 0
2.2 0.3855555555556314 0
2.2 0.3733333333334092 0
2.2 0.3611111111112519 0
2.2 0.348888888889008 0
2.2 0.3366666666668257 0
2.2 0.3244444444444986 0
2.2 0.3122222222222704 0
1 6 0 14
125
126
127
128
129
130
131
132
133
134
135
136
137
138
2.2 0.2940000000000123 0
2.2 0.2880000000000137 0
2.2 0.2820000000000152 0
2.2 0.2760000000000817 0
2.2 0.2700000000001048 0
2.2 0.2640000000001062 0
2.2 0.2580000000001293 0
2.2 0.252000000000117 0
2.2 0.24600000000009 0
2.2 0.2400000000000614 0
2.2 0.2340000000000484 0
2.2 0.2280000000000477 0
2.2 0.2220000000000296 0
2.2 0.2160000000000177 0
1 7 0 4
139
140
141
142
2.2 0.2060000000000239 0
2.2 0.2020000000000401 0
2.2 0.198000000000025 0
2.2 0.1940000000000119 0
1 8 0 14
143
144
145
146
147
148
149
150
151
152
153
154
155
156
2.2 0.1839999999999996 0
2.2 0.1780000000000318 0
2.2 0.1720000000000314 0
2.2 0.1660000000000318 0
2.2 0.160000000000094 0
2.2 0.1540000000000954 0
2.2 0.1480000000000991 0
2.2 0.1420000000001041 0
2.2 0.1360000000000944 0
2.2 0.1300000000000868 0
2.2 0.1240000000000696 0
2.2 0.1180000000000445 0
2.2 0.1120000000000226 0
2.2 0.1060000000000208 0
1 9 0 8
157
158
159
160
161
162
163
164
2.2 0.08888888888891963 0
2.2 0.07777777777783927 0
2.2 0.0666666666667589 0
2.2 0.05555555555567853 0
2.2 0.04444444444456772 0
2.2 0.03333333333342646 0
2.2 0.02222222222228522 0
2.2 0.01111111111114335 0
1 10 0 28
165
166
167
168
169
170
171
172
173
174
175
176
177
178
179
180
181
182
183
184
185
186
187
188
189
190
191
192
2.044759164875658 0 0
1.903631132191001 0 0
1.775332920378477 0 0
1.658698182908936 0 0
1.552666603630419 0 0
1.456274258598889 0 0
1.368644853587718 0 0
1.288981758175984 0 0
1.216560762423656 0 0
1.150723493486698 0 0
1.090871431530842 0 0
1.03646046580854 0 0
0.9869959509354398 0 0
0.9420282099521171 0 0
0.901148445803005 0 0
0.8639850243177716 0 0
0.8302000951543951 0 0
0.7994865234469075 0 0
0.7715650947638306 0 0
0.7461819774859668 0 0
0.7231064166300303 0 0
0.7021286341990671 0 0
0.6830579224480611 0 0
0.665720911290377 0 0
0.6499599918026429 0 0
0.6356318834724257 0 0
0.6226063311729169 0 0
0.6107649200434382 0 0
1 11 0 34
193
194
195
196
197
198
199
200
201
202
203
204
205
206
207
208
209
210
211
212
213
214
215
216
217
218
219
220
221
222
223
224
225
226
0.5914285714286012 0 0
0.5828571428571657 0 0
0.574285714285739 0 0
0.5657142857143477 0 0
0.5571428571429408 0 0
0.5485714285714985 0 0
0.5400000000000867 0 0
0.5314285714286953 0 0
0.5228571428572785 0 0
0.5142857142858381 0 0
0.5057142857144343 0 0
0.4971428571430295 0 0
0.488571428571609 0 0
0.4800000000001885 0 0
0.471428571428802 0 0
0.4628571428574072 0 0
0.4542857142859937 0 0
0.4457142857145859 0 0
0.4371428571431512 0 0
0.4285714285717071 0 0
0.420000000000247 0 0
0.4114285714288035 0 0
0.4028571428573687 0 0
0.3942857142859182 0 0
0.3857142857144605 0 0
0.3771428571430211 0 0
0.3685714285715728 0 0
0.3600000000001234 0 0
0.3514285714286741 0 0
0.3428571428572357 0 0
0.3342857142857864 0 0
0.3257142857143371 0 0
0.3171428571428912 0 0
0.3085714285714493 0 0
1 12 0 14
227
228
229
230
231
232
233
234
235
236
237
238
239
240
0.2866666666667035 0 0
0.2733333333334071 0 0
0.2600000000001106 0 0
0.2466666666668142 0 0
0.2333333333335178 0 0
0.2200000000002213 0 0
0.2066666666669249 0 0
0.1933333333335985 0 0
0.1800000000002246 0 0
0.166666666666853 0 0
0.1533333333334856 0 0
0.140000000000115 0 0
0.1266666666667401 0 0
0.1133333333333728 0 0
1 13 0 8
241
242
243
244
245
246
247
248
0.08888888888891963 0 0
0.07777777777783927 0 0
0.0666666666667589 0 0
0.05555555555567853 0 0
0.04444444444456772 0 0
0.03333333333342646 0 0
0.02222222222228522 0 0
0.01111111111114335 0 0
1 14 0 8
249
250
251
252
253
254
255
256
0 0.01111111111109219 0
0 0.02222222222217186 0
0 0.03333333333325108 0
0 0.04444444444432759 0
0 0.05555555555543721 0
0 0.06666666666657721 0
0 0.07777777777771724 0
0 0.08888888888885788 0
1 15 0 14
257
258
259
260
261
262
263
264
265
266
267
268
269
270
0 0.1133333333333063 0
0 0.126666666666615 0
0 0.139999999999909 0
0 0.1533333333332029 0
0 0.1666666666664969 0
0 0.1799999999997908 0
0 0.1933333333330848 0
0 0.2066666666664235 0
0 0.2199999999997898 0
0 0.2333333333331599 0
0 0.2466666666665246 0
0 0.2599999999999013 0
0 0.2733333333332697 0
0 0.2866666666666244 0
1 16 0 8
271
272
273
274
275
276
277
278
0 0.3122222222222114 0
0 0.3244444444443685 0
0 0.3366666666665908 0
0 0.348888888888748 0
0 0.3611111111109919 0
0 0.3733333333331743 0
0 0.3855555555555014 0
0 0.3977777777777296 0
1 17 0 14
279
280
281
282
283
284
285
286
287
288
289
290
291
292
0.2485634031654 0.2118994064135492 0
0.2480633980084416 0.2137807754456031 0
0.2474905372990476 0.2156412552900262 0
0.2468456893995813 0.2174780257660286 0
0.246129831774295 0.2192883026851831 0
0.2453440495388132 0.2210693419788483 0
0.244489533797702 0.222818443909766 0
0.2435675798638816 0.2245329571149566 0
0.2425795852402453 0.2262102827296595 0
0.2415270475449022 0.2278478782352162 0
0.240411562248491 0.2294432613111445 0
0.2392348202388193 0.2309940136288854 0
0.2379986052216509 0.2324977845584761 0
0.2367047911092602 0.2339522946150268 0
1 18 0 14
293
294
295
296
297
298
299
300
301
302
303
304
305
306
0.231466019545784 0.2388572980782805 0
0.2272319517240275 0.2419335284146259 0
0.2226995249559413 0.2445503262252321 0
0.2179183974261888 0.2466790213444664 0
0.2129409522025262 0.2482962913285475 0
0.2078217231693905 0.2493844170428428 0
0.2026167977299617 0.2499314767420359 0
0.1973832021173746 0.2499314767340351 0
0.1921782766967897 0.2493844170216478 0
0.1870590477196104 0.2482962913076841 0
0.1820816024911319 0.2466790213127288 0
0.1773004749854035 0.2445503261953458 0
0.172768048223269 0.2419335283803998 0
0.1685339804252512 0.2388572980548253 0
1 19 0 14
307
308
309
310
311
312
313
314
315
316
317
318
319
320
0.1611427019211785 0.2314660195451159 0
0.1580664715725851 0.2272319517043341 0
0.15544967376119 0.2226995249292931 0
0.1533209786504325 0.2179183974128999 0
0.1517037086637509 0.2129409521737836 0
0.1506155829572903 0.2078217231702305 0
0.1500685232576077 0.20261679772316 0
0.1500685232669787 0.19738320209803 0
0.150615582981284 0.1921782766782793 0
0.1517037087028051 0.1870590476804643 0
0.1533209786934716 0.1820816024749795 0
0.1554496738132701 0.1773004749684939 0
0.1580664716173762 0.1727680482266936 0
0.1611427019413842 0.1685339804299321 0
1 20 0 14
321
322
323
324
325
326
327
328
329
330
331
332
333
334
0.168533980454216 0.1611427019217195 0
0.1727680482759725 0.1580664715853741 0
0.1773004750440587 0.1554496737747679 0
0.1820816025738112 0.1533209786555336 0
0.1870590477974738 0.1517037086714525 0
0.1921782768306096 0.1506155829571572 0
0.1973832022700383 0.1500685232579642 0
0.2026167978826254 0.1500685232659649 0
0.2078217233032103 0.1506155829783522 0
0.2129409522803896 0.1517037086923159 0
0.2179183975088681 0.1533209786872712 0
0.2226995250145965 0.1554496738046542 0
0.2272319517767311 0.1580664716196002 0
0.2314660195747488 0.1611427019451748 0
1 21 0 14
335
336
337
338
339
340
341
342
343
344
345
346
347
348
0.2367047911123417 0.1660477053883045 0
0.2379986052447653 0.1675022154685509 0
0.2392348202667834 0.1690059864065139 0
0.2404115622918084 0.1705567387483096 0
0.2415270475873309 0.1721521218280538 0
0.2425795852731591 0.1737897173238103 0
0.2435675799053683 0.1754670429587187 0
0.2444895338370378 0.1771815561669277 0
0.2453440495583405 0.1789306580631772 0
0.246129831787788 0.1807116973470866 0
0.246845689406758 0.1825219742532069 0
0.2474905373026884 0.1843587447210283 0
0.2480633980076817 0.1862192245517466 0
0.2485634031674927 0.1881005935949914 0
1 22 0 4
349
350
351
352
0.2489897948556636 0.2060000000000239 0
0.2489897948556636 0.2020000000000401 0
0.2489897948556636 0.198000000000025 0
0.2489897948556636 0.1940000000000119 0
1 23 0 14
353
354
355
356
357
358
359
360
361
362
363
364
365
366
0.2909081908715105 0.19 0
0.2833316832482241 0.19 0
0.2770179269953331 0.19 0
0.2717564634521376 0.19 0
0.2673719105053671 0.19 0
0.2637181163905161 0.19 0
0.2606732879422676 0.19 0
0.2581359308785001 0.19 0
0.2560214666831691 0.19 0
0.2542594132131705 0.19 0
0.2527910353518065 0.19 0
0.2515673871315433 0.19 0
0.2505476802843758 0.19 0
0.2496979245854562 0.19 0
1 24 0 34
367
368
369
370
371
372
373
374
375
376
377
378
379
380
381
382
383
384
385
386
387
388
389
390
391
392
393
394
395
396
397
398
399
400
0.3085714285714177 0.19 0
0.3171428571428463 0.19 0
0.3257142857142746 0.19 0
0.3342857142856818 0.19 0
0.3428571428570887 0.19 0
0.3514285714284739 0.19 0
0.3599999999998634 0.19 0
0.3685714285712632 0.19 0
0.3771428571426512 0.19 0
0.3857142857140364 0.19 0
0.39428571428543 0.19 0
0.4028571428568285 0.19 0
0.4114285714282196 0.19 0
0.4199999999996206 0.19 0
0.4285714285710399 0.19 0
0.4371428571424508 0.19 0
0.4457142857138431 0.19 0
0.4542857142852915 0.19 0
0.4628571428567578 0.19 0
0.4714285714282059 0.19 0
0.4799999999996509 0.19 0
0.4885714285711141 0.19 0
0.4971428571425764 0.19 0
0.5057142857139988 0.19 0
0.5142857142854107 0.19 0
0.5228571428568591 0.19 0
0.5314285714282839 0.19 0
0.5399999999996834 0.19 0
0.5485714285711033 0.19 0
0.5571428571425691 0.19 0
0.5657142857140552 0.19 0
0.5742857142855414 0.19 0
0.5828571428570276 0.19 0
0.5914285714285138 0.19 0
1 25 0 4
401
402
403
404
0.6 0.1939999999999761 0
0.6 0.1979999999999599 0
0.6 0.2019999999999751 0
0.6 0.2059999999999881 0
1 26 0 34
405
406
407
408
409
410
411
412
413
414
415
416
417
418
419
420
421
422
423
424
425
426
427
428
429
430
431
432
433
434
435
436
437
438
0.5914285714286012 0.21 0
0.5828571428571657 0.21 0
0.574285714285739 0.21 0
0.5657142857143477 0.21 0
0.5571428571429408 0.21 0
0.5485714285714985 0.21 0
0.5400000000000867 0.21 0
0.5314285714286953 0.21 0
0.5228571428572785 0.21 0
0.5142857142858381 0.21 0
0.5057142857144343 0.21 0
0.4971428571430295 0.21 0
0.488571428571609 0.21 0
0.4800000000001885 0.21 0
0.471428571428802 0.21 0
0.4628571428574072 0.21 0
0.4542857142859937 0.21 0
0.4457142857145859 0.21 0
0.4371428571431512 0.21 0
0.4285714285717071 0.21 0
0.420000000000247 0.21 0
0.4114285714288035 0.21 0
0.4028571428573687 0.21 0
0.3942857142859182 0.21 0
0.3857142857144605 0.21 0
0.3771428571430211 0.21 0
0.3685714285715728 0.21 0
0.3600000000001234 0.21 0
0.3514285714286741 0.21 0
0.3428571428572357 0.21 0
0.3342857142857864 0.21 0
0.3257142857143371 0.21 0
0.3171428571428912 0.21 0
0.3085714285714493 0.21 0
1 27 0 14
439
440
441
442
443
444
445
446
447
448
449
450
451
452
0.2909081908715105 0.21 0
0.2833316832482241 0.21 0
0.2770179269953331 0.21 0
0.2717564634521376 0.21 0
0.2673719105053671 0.21 0
0.2637181163905161 0.21 0
0.2606732879422676 0.21 0
0.2581359308785001 0.21 0
0.2560214666831691 0.21 0
0.2542594132131705 0.21 0
0.2527910353518065 0.21 0
0.2515673871315433 0.21 0
0.2505476802843758 0.21 0
0.2496979245854562 0.21 0
1 28 0 4
453
454
455
456
0.3 0.2060000000000239 0
0.3 0.2020000000000401 0
0.3 0.198000000000025 0
0.3 0.1940000000000119 0
1 29 0 8
457
458
459
460
461
462
463
464
0.1 0.3977777777777886 0
0.1 0.3855555555556314 0
0.1 0.3733333333334092 0
0.1 0.3611111111112519 0
0.1 0.348888888889008 0
0.1 0.3366666666668257 0
0.1 0.3244444444444986 0
0.1 0.3122222222222704 0
1 30 0 14
465
466
467
468
469
470
471
472
473
474
475
476
477
478
0.1 0.2866666666667035 0
0.1 0.2733333333334071 0
0.1 0.2600000000001106 0
0.1 0.2466666666668142 0
0.1 0.2333333333335178 0
0.1 0.2200000000002213 0
0.1 0.2066666666669249 0
0.1 0.1933333333335985 0
0.1 0.1800000000002246 0
0.1 0.166666666666853 0
0.1 0.1533333333334856 0
0.1 0.140000000000115 0
0.1 0.1266666666667401 0
0.1 0.1133333333333728 0
1 31 0 8
479
480
481
482
483
484
485
486
0.1 0.08888888888891963 0
0.1 0.07777777777783927 0
0.1 0.0666666666667589 0
0.1 0.05555555555567853 0
0.1 0.04444444444456772 0
0.1 0.03333333333342646 0
0.1 0.02222222222228522 0
0.1 0.01111111111114335 0
1 32 0 8
487
488
489
490
491
492
493
494
0.3 0.3977777777777886 0
0.3 0.3855555555556314 0
0.3 0.3733333333334092 0
0.3 0.3611111111112519 0
0.3 0.348888888889008 0
0.3 0.3366666666668257 0
0.3 0.3244444444444986 0
0.3 0.3122222222222704 0
1 33 0 14
495
496
497
498
499
500
501
502
503
504
505
506
507
508
0.3 0.2940000000000123 0
0.3 0.2880000000000137 0
0.3 0.2820000000000152 0
0.3 0.2760000000000817 0
0.3 0.2700000000001048 0
0.3 0.2640000000001062 0
0.3 0.2580000000001293 0
0.3 0.252000000000117 0
0.3 0.24600000000009 0
0.3 0.2400000000000614 0
0.3 0.2340000000000484 0
0.3 0.2280000000000477 0
0.3 0.2220000000000296 0
0.3 0.2160000000000177 0
1 34 0 14
509
510
511
512
513
514
515
516
517
518
519
520
521
522
0.3 0.1839999999999996 0
0.3 0.1780000000000318 0
0.3 0.1720000000000314 0
0.3 0.1660000000000318 0
0.3 0.160000000000094 0
0.3 0.1540000000000954 0
0.3 0.1480000000000991 0
0.3 0.1420000000001041 0
0.3 0.1360000000000944 0
0.3 0.1300000000000868 0
0.3 0.1240000000000696 0
0.3 0.1180000000000445 0
0.3 0.1120000000000226 0
0.3 0.1060000000000208 0
1 35 0 8
523
524
525
526
527
528
529
530
0.3 0.08888888888891963 0
0.3 0.07777777777783927 0
0.3 0.0666666666667589 0
0.3 0.05555555555567853 0
0.3 0.04444444444456772 0
0.3 0.03333333333342646 0
0.3 0.02222222222228522 0
0.3 0.01111111111114335 0
1 36 0 8
531
532
533
534
535
536
537
538
0.6 0.3977777777777886 0
0.6 0.3855555555556314 0
0.6 0.3733333333334092 0
0.6 0.3611111111112519 0
0.6 0.348888888889008 0
0.6 0.3366666666668257 0
0.6 0.3244444444444986 0
0.6 0.3122222222222704 0
1 37 0 14
539
540
541
542
543
544
545
546
547
548
549
550
551
552
0.6 0.2160000000000029 0
0.6 0.2219999999999779 0
0.6 0.2279999999999545 0
0.6 0.2339999999999573 0
0.6 0.2399999999999566 0
0.6 0.2459999999999186 0
0.6 0.2519999999998792 0
0.6 0.2579999999998959 0
0.6 0.2639999999999067 0
0.6 0.2699999999999096 0
0.6 0.2759999999999327 0
0.6 0.2819999999999371 0
0.6 0.2879999999999617 0
0.6 0.2939999999999863 0
1 38 0 14
553
554
555
556
557
558
559
560
561
562
563
564
565
566
0.6 0.1839999999999996 0
0.6 0.1780000000000318 0
0.6 0.1720000000000314 0
0.6 0.1660000000000318 0
0.6 0.160000000000094 0
0.6 0.1540000000000954 0
0.6 0.1480000000000991 0
0.6 0.1420000000001041 0
0.6 0.1360000000000944 0
0.6 0.1300000000000868 0
0.6 0.1240000000000696 0
0.6 0.1180000000000445 0
0.6 0.1120000000000226 0
0.6 0.1060000000000208 0
1 39 0 8
567
568
569
570
571
572
573
574
0.6 0.08888888888891963 0
0.6 0.07777777777783927 0
0.6 0.0666666666667589 0
0.6 0.05555555555567853 0
0.6 0.04444444444456772 0
0.6 0.03333333333342646 0
0.6 0.02222222222228522 0
0.6 0.01111111111114335 0
1 40 0 14
575
576
577
578
579
580
581
582
583
584
585
586
587
588
0.1115219477511582 0.2884780522488418 0
0.1211235708977085 0.2788764291022915 0
0.1291249233932424 0.2708750766067576 0
0.1357927171383581 0.2642072828616419 0
0.1413492119185519 0.2586507880814481 0
0.1459796242259944 0.2540203757740056 0
0.1498383011730612 0.2501616988269387 0
0.1530538653255379 0.2469461346744621 0
0.1557335020882857 0.2442664979117143 0
0.1579665326907466 0.2420334673092533 0
0.1598273914877781 0.2401726085122219 0
0.1613781071551379 0.2386218928448621 0
0.1626703702073371 0.2373296297926629 0
0.1637472560752333 0.2362527439247667 0
1 41 0 14
589
590
591
592
593
594
595
596
597
598
599
600
601
602
0.1115219477511473 0.1115219477511473 0
0.121123570897696 0.1211235708976961 0
0.1291249233932448 0.1291249233932448 0
0.1357927171383382 0.1357927171383382 0
0.1413492119185579 0.1413492119185579 0
0.1459796242259744 0.1459796242259745 0
0.1498383011730573 0.1498383011730573 0
0.1530538653255387 0.1530538653255388 0
0.155733502088277 0.1557335020882771 0
0.1579665326907492 0.1579665326907492 0
0.1598273914877771 0.1598273914877771 0
0.1613781071551373 0.1613781071551373 0
0.1626703702073368 0.1626703702073368 0
0.1637472560752332 0.1637472560752332 0
1 42 0 14
603
604
605
606
607
608
609
610
611
612
613
614
615
616
0.2884780522488539 0.1115219477511461 0
0.2788764291023102 0.1211235708976898 0
0.2708750766067725 0.1291249233932275 0
0.264207282861678 0.135792717138322 0
0.2586507880814391 0.1413492119185609 0
0.2540203757740358 0.1459796242259642 0
0.2501616988269393 0.1498383011730608 0
0.2469461346744518 0.1530538653255483 0
0.2442664979117253 0.1557335020882747 0
0.2420334673092526 0.1579665326907474 0
0.240172608512225 0.159827391487775 0
0.2386218928448597 0.1613781071551403 0
0.2373296297926614 0.1626703702073387 0
0.2362527439247654 0.1637472560752347 0
1 43 0 14
617
618
619
620
621
622
623
624
625
626
627
628
629
630
0.288478052248843 0.288478052248843 0
0.2788764291022977 0.2788764291022977 0
0.270875076606775 0.2708750766067749 0
0.2642072828616581 0.2642072828616581 0
0.2586507880814451 0.258650788081445 0
0.2540203757740158 0.2540203757740158 0
0.2501616988269353 0.2501616988269353 0
0.2469461346744527 0.2469461346744526 0
0.2442664979117167 0.2442664979117167 0
0.2420334673092552 0.2420334673092552 0
0.240172608512224 0.2401726085122239 0
0.2386218928448591 0.2386218928448591 0
0.2373296297926611 0.237329629792661 0
0.2362527439247653 0.2362527439247652 0
1 44 0 8
631
632
633
634
635
636
637
638
0.01111111111109219 0.3 0
0.02222222222217186 0.3 0
0.03333333333325108 0.3 0
0.04444444444432759 0.3 0
0.05555555555543721 0.3 0
0.06666666666657721 0.3 0
0.07777777777771724 0.3 0
0.08888888888885788 0.3 0
1 45 0 14
639
640
641
642
643
644
645
646
647
648
649
650
651
652
0.1133333333333063 0.3 0
0.126666666666615 0.3 0
0.139999999999909 0.3 0
0.1533333333332029 0.3 0
0.1666666666664969 0.3 0
0.1799999999997908 0.3 0
0.1933333333330848 0.3 0
0.2066666666664235 0.3 0
0.2199999999997898 0.3 0
0.2333333333331599 0.3 0
0.2466666666665246 0.3 0
0.2599999999999013 0.3 0
0.2733333333332697 0.3 0
0.2866666666666244 0.3 0
1 46 0 34
653
654
655
656
657
658
659
660
661
662
663
664
665
666
667
668
669
670
671
672
673
674
675
676
677
678
679
680
681
682
683
684
685
686
0.3085714285714177 0.3 0
0.3171428571428463 0.3 0
0.3257142857142746 0.3 0
0.3342857142856818 0.3 0
0.3428571428570887 0.3 0
0.3514285714284739 0.3 0
0.3599999999998634 0.3 0
0.3685714285712632 0.3 0
0.3771428571426512 0.3 0
0.3857142857140364 0.3 0
0.39428571428543 0.3 0
0.4028571428568285 0.3 0
0.4114285714282196 0.3 0
0.4199999999996206 0.3 0
0.4285714285710399 0.3 0
0.4371428571424508 0.3 0
0.4457142857138431 0.3 0
0.4542857142852915 0.3 0
0.4628571428567578 0.3 0
0.4714285714282059 0.3 0
0.4799999999996509 0.3 0
0.4885714285711141 0.3 0
0.4971428571425764 0.3 0
0.5057142857139988 0.3 0
0.5142857142854107 0.3 0
0.5228571428568591 0.3 0
0.5314285714282839 0.3 0
0.5399999999996834 0.3 0
0.5485714285711033 0.3 0
0.5571428571425691 0.3 0
0.5657142857140552 0.3 0
0.5742857142855414 0.3 0
0.5828571428570276 0.3 0
0.5914285714285138 0.3 0
1 47 0 28
687
688
689
690
691
692
693
694
695
696
697
698
699
700
701
702
703
704
705
706
707
708
709
710
711
712
713
714
0.6107649200407123 0.3 0
0.622606331166931 0.3 0
0.63563188346254 0.3 0
0.6499599917881168 0.3 0
0.6657209112703949 0.3 0
0.6830579224216844 0.3 0
0.7021286341652244 0.3 0
0.723106416587481 0.3 0
0.7461819774333237 0.3 0
0.7715650946994753 0.3 0
0.79948652336903 0.3 0
0.8302000950608565 0.3 0
0.8639850242062768 0.3 0
0.901148445670807 0.3 0
0.9420282097962503 0.3 0
0.9869959507525262 0.3 0
1.036460465594704 0.3 0
1.090871431281683 0.3 0
1.150723493197307 0.3 0
1.2165607620884 0.3 0
1.288981757788722 0.3 0
1.368644853141431 0.3 0
1.456274258086203 0.3 0
1.552666603042935 0.3 0
1.658698182236874 0.3 0
1.775332919610928 0.3 0
1.903631131315488 0.3 0
2.044759163877865 0.3 0
1 48 0 28
715
716
717
718
719
720
721
722
723
724
725
726
727
728
729
730
731
732
733
734
735
736
737
738
739
740
741
742
0.6107649200407123 0.21 0
0.622606331166931 0.21 0
0.63563188346254 0.21 0
0.6499599917881168 0.21 0
0.6657209112703949 0.21 0
0.6830579224216844 0.21 0
0.7021286341652244 0.21 0
0.723106416587481 0.21 0
0.7461819774333237 0.21 0
0.7715650946994753 0.21 0
0.79948652336903 0.21 0
0.8302000950608565 0.21 0
0.8639850242062768 0.21 0
0.901148445670807 0.21 0
0.9420282097962503 0.21 0
0.9869959507525262 0.21 0
1.036460465594704 0.21 0
1.090871431281683 0.21 0
1.150723493197307 0.21 0
1.2165607620884 0.21 0
1.288981757788722 0.21 0
1.368644853141431 0.21 0
1.456274258086203 0.21 0
1.552666603042935 0.21 0
1.658698182236874 0.21 0
1.775332919610928 0.21 0
1.903631131315488 0.21 0
2.044759163877865 0.21 0
1 49 0 28
743
744
745
746
747
748
749
750
751
752
753
754
755
756
757
758
759
760
761
762
763
764
765
766
767
768
769
770
0.6107649200407123 0.19 0
0.622606331166931 0.19 0
0.63563188346254 0.19 0
0.6499599917881168 0.19 0
0.6657209112703949 0.19 0
0.6830579224216844 0.19 0
0.7021286341652244 0.19 0
0.723106416587481 0.19 0
0.7461819774333237 0.19 0
0.7715650946994753 0.19 0
0.79948652336903 0.19 0
0.8302000950608565 0.19 0
0.8639850242062768 0.19 0
0.901148445670807 0.19 0
0.9420282097962503 0.19 0
0.9869959507525262 0.19 0
1.036460465594704 0.19 0
1.090871431281683 0.19 0
1.150723493197307 0.19 0
1.2165607620884 0.19 0
1.288981757788722 0.19 0
1.368644853141431 0.19 0
1.456274258086203 0.19 0
1.552666603042935 0.19 0
1.658698182236874 0.19 0
1.775332919610928 0.19 0
1.903631131315488 0.19 0
2.044759163877865 0.19 0
1 50 0 8
771
772
773
774
775
776
777
778
0.01111111111109219 0.1 0
0.02222222222217186 0.1 0
0.03333333333325108 0.1 0
0.04444444444432759 0.1 0
0.05555555555543721 0.1 0
0.06666666666657721 0.1 0
0.07777777777771724 0.1 0
0.08888888888885788 0.1 0
1 51 0 14
779
780
781
782
783
784
785
786
787
788
789
790
791
792
0.1133333333333063 0.1 0
0.126666666666615 0.1 0
0.139999999999909 0.1 0
0.1533333333332029 0.1 0
0.1666666666664969 0.1 0
0.1799999999997908 0.1 0
0.1933333333330848 0.1 0
0.2066666666664235 0.1 0
0.2199999999997898 0.1 0
0.2333333333331599 0.1 0
0.2466666666665246 0.1 0
0.2599999999999013 0.1 0
0.2733333333332697 0.1 0
0.2866666666666244 0.1 0
1 52 0 34
793
794
795
796
797
798
799
800
801
802
803
804
805
806
807
808
809
810
811
812
813
814
815
816
817
818
819
820
821
822
823
824
825
826
0.3085714285714177 0.1 0
0.3171428571428463 0.1 0
0.3257142857142746 0.1 0
0.3342857142856818 0.1 0
0.3428571428570887 0.1 0
0.3514285714284739 0.1 0
0.3599999999998634 0.1 0
0.3685714285712632 0.1 0
0.3771428571426512 0.1 0
0.3857142857140364 0.1 0
0.39428571428543 0.1 0
0.4028571428568285 0.1 0
0.4114285714282196 0.1 0
0.4199999999996206 0.1 0
0.4285714285710399 0.1 0
0.4371428571424508 0.1 0
0.4457142857138431 0.1 0
0.4542857142852915 0.1 0
0.4628571428567578 0.1 0
0.4714285714282059 0.1 0
0.4799999999996509 0.1 0
0.4885714285711141 0.1 0
0.4971428571425764 0.1 0
0.5057142857139988 0.1 0
0.5142857142854107 0.1 0
0.5228571428568591 0.1 0
0.5314285714282839 0.1 0
0.5399999999996834 0.1 0
0.5485714285711033 0.1 0
0.5571428571425691 0.1 0
0.5657142857140552 0.1 0
0.5742857142855414 0.1 0
0.5828571428570276 0.1 0
0.5914285714285138 0.1 0
1 53 0 28
827
828
829
830
831
832
833
834
835
836
837
838
839
840
841
842
843
844
845
846
847
848
849
850
851
852
853
854
0.6107649200407123 0.1 0
0.622606331166931 0.1 0
0.63563188346254 0.1 0
0.6499599917881168 0.1 0
0.6657209112703949 0.1 0
0.6830579224216844 0.1 0
0.7021286341652244 0.1 0
0.723106416587481 0.1 0
0.7461819774333237 0.1 0
0.7715650946994753 0.1 0
0.79948652336903 0.1 0
0.8302000950608565 0.1 0
0.8639850242062768 0.1 0
0.901148445670807 0.1 0
0.9420282097962503 0.1 0
0.9869959507525262 0.1 0
1.036460465594704 0.1 0
1.090871431281683 0.1 0
1.150723493197307 0.1 0
1.2165607620884 0.1 0
1.288981757788722 0.1 0
1.368644853141431 0.1 0
1.456274258086203 0.1 0
1.552666603042935 0.1 0
1.658698182236874 0.1 0
1.775332919610928 0.1 0
1.903631131315488 0.1 0
2.044759163877865 0.1 0
2 1 0 64
855
856
857
858
859
860
861
862
863
864
865
866
867
868
869
870
871
872
873
874
875
876
877
878
879
880
881
882
883
884
885
886
887
888
889
890
891
892
893
894
895
896
897
898
899
900
901
902
903
904
905
906
907
908
909
910
911
912
913
914
915
916
917
918
0.01111111111109219 0.397777777777736 0
0.01111111111109219 0.3855555555555157 0
0.01111111111109219 0.3733333333332003 0
0.01111111111109219 0.3611111111110208 0
0.01111111111109219 0.3488888888887768 0
0.01111111111109219 0.3366666666666168 0
0.01111111111109219 0.3244444444443829 0
0.01111111111109219 0.3122222222222178 0
0.02222222222217186 0.3977777777777427 0
0.02222222222217186 0.3855555555555302 0
0.02222222222217186 0.3733333333332264 0
0.02222222222217186 0.3611111111110497 0
0.02222222222217187 0.3488888888888056 0
0.02222222222217186 0.3366666666666429 0
0.02222222222217186 0.3244444444443974 0
0.02222222222217186 0.3122222222222244 0
0.03333333333325109 0.3977777777777493 0
0.03333333333325108 0.3855555555555445 0
0.03333333333325108 0.3733333333332525 0
0.03333333333325109 0.3611111111110786 0
0.03333333333325109 0.3488888888888346 0
0.03333333333325108 0.336666666666669 0
0.03333333333325108 0.3244444444444118 0
0.03333333333325108 0.312222222222231 0
0.0444444444443276 0.3977777777777557 0
0.04444444444432759 0.385555555555559 0
0.04444444444432759 0.3733333333332787 0
0.04444444444432759 0.3611111111111075 0
0.04444444444432759 0.3488888888888634 0
0.04444444444432759 0.336666666666695 0
0.04444444444432759 0.3244444444444263 0
0.04444444444432759 0.3122222222222374 0
0.0555555555554372 0.3977777777777623 0
0.05555555555543721 0.3855555555555735 0
0.0555555555554372 0.3733333333333047 0
0.0555555555554372 0.3611111111111363 0
0.0555555555554372 0.3488888888888923 0
0.0555555555554372 0.3366666666667211 0
0.0555555555554372 0.3244444444444407 0
0.0555555555554372 0.312222222222244 0
0.06666666666657722 0.3977777777777688 0
0.06666666666657722 0.3855555555555879 0
0.06666666666657721 0.3733333333333309 0
0.06666666666657722 0.3611111111111653 0
0.06666666666657722 0.3488888888889212 0
0.06666666666657722 0.3366666666667472 0
0.06666666666657722 0.3244444444444552 0
0.06666666666657721 0.3122222222222505 0
0.07777777777771726 0.3977777777777754 0
0.07777777777771724 0.3855555555556023 0
0.07777777777771727 0.3733333333333568 0
0.07777777777771724 0.3611111111111941 0
0.07777777777771724 0.3488888888889501 0
0.07777777777771724 0.3366666666667733 0
0.07777777777771724 0.3244444444444696 0
0.07777777777771726 0.3122222222222573 0
0.08888888888885788 0.3977777777777819 0
0.08888888888885788 0.3855555555556168 0
0.08888888888885788 0.373333333333383 0
0.08888888888885788 0.361111111111223 0
0.08888888888885788 0.348888888888979 0
0.08888888888885788 0.3366666666667994 0
0.08888888888885788 0.3244444444444841 0
0.08888888888885788 0.3122222222222637 0
2 2 0 112
919
920
921
922
923
924
925
926
927
928
929
930
931
932
933
934
935
936
937
938
939
940
941
942
943
944
945
946
947
948
949
950
951
952
953
954
955
956
957
958
959
960
961
962
963
964
965
966
967
968
969
970
971
972
973
974
975
976
977
978
979
980
981
982
983
984
985
986
987
988
989
990
991
992
993
994
995
996
997
998
999
1000
1001
1002
1003
1004
1005
1006
1007
1008
1009
1010
1011
1012
1013
1014
1015
1016
1017
1018
1019
1020
1021
1022
1023
1024
1025
1026
1027
1028
1029
1030
0.1133333333333063 0.3977777777777885 0
0.1133333333333063 0.3855555555556315 0
0.1133333333333063 0.3733333333334093 0
0.1133333333333062 0.3611111111112519 0
0.1133333333333063 0.348888888889008 0
0.1133333333333063 0.3366666666668257 0
0.1133333333333063 0.3244444444444986 0
0.1133333333333063 0.3122222222222704 0
0.126666666666615 0.3977777777777886 0
0.126666666666615 0.3855555555556314 0
0.126666666666615 0.3733333333334092 0
0.126666666666615 0.3611111111112519 0
0.126666666666615 0.348888888889008 0
0.126666666666615 0.3366666666668257 0
0.126666666666615 0.3244444444444986 0
0.126666666666615 0.3122222222222704 0
0.1399999999999089 0.3977777777777885 0
0.139999999999909 0.3855555555556314 0
0.139999999999909 0.3733333333334091 0
0.139999999999909 0.3611111111112519 0
0.139999999999909 0.348888888889008 0
0.139999999999909 0.3366666666668257 0
0.1399999999999089 0.3244444444444986 0
0.139999999999909 0.3122222222222704 0
0.153333333333203 0.3977777777777886 0
0.1533333333332029 0.3855555555556314 0
0.1533333333332029 0.3733333333334093 0
0.153333333333203 0.361111111111252 0
0.1533333333332029 0.348888888889008 0
0.1533333333332029 0.3366666666668257 0
0.1533333333332029 0.3244444444444986 0
0.1533333333332029 0.3122222222222704 0
0.1666666666664969 0.3977777777777885 0
0.1666666666664969 0.3855555555556314 0
0.1666666666664968 0.3733333333334092 0
0.1666666666664969 0.3611111111112519 0
0.1666666666664969 0.348888888889008 0
0.1666666666664969 0.3366666666668257 0
0.1666666666664969 0.3244444444444986 0
0.1666666666664969 0.3122222222222704 0
0.1799999999997908 0.3977777777777886 0
0.1799999999997908 0.3855555555556315 0
0.1799999999997909 0.3733333333334092 0
0.1799999999997908 0.3611111111112519 0
0.1799999999997908 0.348888888889008 0
0.1799999999997908 0.3366666666668257 0
0.1799999999997908 0.3244444444444986 0
0.1799999999997908 0.3122222222222704 0
0.1933333333330848 0.3977777777777885 0
0.1933333333330848 0.3855555555556314 0
0.1933333333330848 0.3733333333334093 0
0.1933333333330848 0.3611111111112519 0
0.1933333333330848 0.348888888889008 0
0.1933333333330848 0.3366666666668257 0
0.1933333333330848 0.3244444444444986 0
0.1933333333330848 0.3122222222222704 0
0.2066666666664235 0.3977777777777886 0
0.2066666666664235 0.3855555555556315 0
0.2066666666664235 0.3733333333334093 0
0.2066666666664235 0.3611111111112519 0
0.2066666666664235 0.348888888889008 0
0.2066666666664235 0.3366666666668257 0
0.2066666666664235 0.3244444444444986 0
0.2066666666664235 0.3122222222222704 0
0.2199999999997897 0.3977777777777886 0
0.2199999999997898 0.3855555555556314 0
0.2199999999997897 0.3733333333334093 0
0.2199999999997898 0.3611111111112519 0
0.2199999999997898 0.348888888889008 0
0.2199999999997898 0.3366666666668257 0
0.2199999999997898 0.3244444444444986 0
0.2199999999997898 0.3122222222222704 0
0.2333333333331599 0.3977777777777886 0
0.2333333333331599 0.3855555555556313 0
0.2333333333331598 0.3733333333334093 0
0.2333333333331599 0.361111111111252 0
0.2333333333331599 0.348888888889008 0
0.23333333333316 0.3366666666668257 0
0.2333333333331599 0.3244444444444986 0
0.2333333333331599 0.3122222222222704 0
0.2466666666665246 0.3977777777777885 0
0.2466666666665247 0.3855555555556314 0
0.2466666666665246 0.3733333333334092 0
0.2466666666665246 0.3611111111112519 0
0.2466666666665246 0.348888888889008 0
0.2466666666665246 0.3366666666668257 0
0.2466666666665246 0.3244444444444986 0
0.2466666666665246 0.3122222222222704 0
0.2599999999999013 0.3977777777777885 0
0.2599999999999014 0.3855555555556315 0
0.2599999999999013 0.3733333333334093 0
0.2599999999999013 0.3611111111112519 0
0.2599999999999013 0.348888888889008 0
0.2599999999999013 0.3366666666668256 0
0.2599999999999013 0.3244444444444986 0
0.2599999999999013 0.3122222222222704 0
0.2733333333332697 0.3977777777777886 0
0.2733333333332697 0.3855555555556314 0
0.2733333333332697 0.3733333333334093 0
0.2733333333332697 0.3611111111112519 0
0.2733333333332697 0.348888888889008 0
0.2733333333332697 0.3366666666668257 0
0.2733333333332697 0.3244444444444986 0
0.2733333333332697 0.3122222222222704 0
0.2866666666666244 0.3977777777777885 0
0.2866666666666244 0.3855555555556314 0
0.2866666666666244 0.3733333333334092 0
0.2866666666666243 0.361111111111252 0
0.2866666666666244 0.3488888888890081 0
0.2866666666666244 0.3366666666668257 0
0.2866666666666244 0.3244444444444986 0
0.2866666666666244 0.3122222222222704 0
2 3 0 272
1031
1032
1033
1034
1035
1036
1037
1038
1039
1040
1041
1042
1043
1044
1045
1046
1047
1048
1049
1050
1051
1052
1053
1054
1055
1056
1057
1058
1059
1060
1061
1062
1063
1064
1065
1066
1067
1068
1069
1070
1071
1072
1073
1074
1075
1076
1077
1078
1079
1080
1081
1082
1083
1084
1085
1086
1087
1088
1089
1090
1091
1092
1093
1094
1095
1096
1097
1098
1099
1100
1101
1102
1103
1104
1105
1106
1107
1108
1109
1110
1111
1112
1113
1114
1115
1116
1117
1118
1119
1120
1121
1122
1123
1124
1125
1126
1127
1128
1129
1130
1131
1132
1133
1134
1135
1136
1137
1138
1139
1140
1141
1142
1143
1144
1145
1146
1147
1148
1149
1150
1151
1152
1153
1154
1155
1156
1157
1158
1159
1160
1161
1162
1163
1164
1165
1166
1167
1168
1169
1170
1171
1172
1173
1174
1175
1176
1177
1178
1179
1180
1181
1182
1183
1184
1185
1186
1187
1188
1189
1190
1191
1192
1193
1194
1195
1196
1197
1198
1199
1200
1201
1202
1203
1204
1205
1206
1207
1208
1209
1210
1211
1212
1213
1214
1215
1216
1217
1218
1219
1220
1221
1222
1223
1224
1225
1226
1227
1228
1229
1230
1231
1232
1233
1234
1235
1236
1237
1238
1239
1240
1241
1242
1243
1244
1245
1246
1247
1248
1249
1250
1251
1252
1253
1254
1255
1256
1257
1258
1259
1260
1261
1262
1263
1264
1265
1266
1267
1268
1269
1270
1271
1272
1273
1274
1275
1276
1277
1278
1279
1280
1281
1282
1283
1284
1285
1286
1287
1288
1289
1290
1291
1292
1293
1294
1295
1296
1297
1298
1299
1300
1301
1302
0.3085714285714176 0.3977777777777885 0
0.3171428571428463 0.3977777777777886 0
0.3257142857142746 0.3977777777777887 0
0.3342857142856818 0.3977777777777886 0
0.3428571428570887 0.3977777777777886 0
0.3514285714284739 0.3977777777777885 0
0.3599999999998634 0.3977777777777886 0
0.3685714285712631 0.3977777777777886 0
0.3771428571426512 0.3977777777777886 0
0.3857142857140364 0.3977777777777887 0
0.39428571428543 0.3977777777777887 0
0.4028571428568284 0.3977777777777887 0
0.4114285714282194 0.3977777777777886 0
0.4199999999996205 0.3977777777777886 0
0.4285714285710399 0.3977777777777885 0
0.4371428571424508 0.3977777777777887 0
0.4457142857138431 0.3977777777777886 0
0.4542857142852915 0.3977777777777886 0
0.4628571428567577 0.3977777777777888 0
0.4714285714282059 0.3977777777777885 0
0.479999999999651 0.3977777777777886 0
0.488571428571114 0.3977777777777887 0
0.4971428571425764 0.3977777777777886 0
0.5057142857139988 0.3977777777777886 0
0.5142857142854107 0.3977777777777887 0
0.5228571428568591 0.3977777777777885 0
0.5314285714282839 0.3977777777777887 0
0.5399999999996834 0.3977777777777886 0
0.5485714285711034 0.3977777777777886 0
0.5571428571425691 0.3977777777777886 0
0.5657142857140552 0.3977777777777886 0
0.5742857142855414 0.3977777777777887 0
0.5828571428570276 0.3977777777777886 0
0.5914285714285137 0.3977777777777887 0
0.3085714285714177 0.3855555555556314 0
0.3171428571428463 0.3855555555556315 0
0.3257142857142747 0.3855555555556313 0
0.3342857142856818 0.3855555555556315 0
0.3428571428570887 0.3855555555556314 0
0.3514285714284739 0.3855555555556315 0
0.3599999999998634 0.3855555555556315 0
0.3685714285712632 0.3855555555556313 0
0.3771428571426512 0.3855555555556314 0
0.3857142857140363 0.3855555555556316 0
0.39428571428543 0.3855555555556315 0
0.4028571428568285 0.3855555555556316 0
0.4114285714282197 0.3855555555556315 0
0.4199999999996206 0.3855555555556314 0
0.4285714285710399 0.3855555555556314 0
0.4371428571424508 0.3855555555556313 0
0.4457142857138432 0.3855555555556314 0
0.4542857142852915 0.3855555555556315 0
0.4628571428567578 0.3855555555556314 0
0.4714285714282059 0.3855555555556314 0
0.4799999999996509 0.3855555555556314 0
0.4885714285711141 0.3855555555556314 0
0.4971428571425764 0.3855555555556314 0
0.5057142857139988 0.3855555555556316 0
0.5142857142854107 0.3855555555556314 0
0.5228571428568591 0.3855555555556314 0
0.5314285714282839 0.3855555555556315 0
0.5399999999996834 0.3855555555556314 0
0.5485714285711033 0.3855555555556314 0
0.5571428571425691 0.3855555555556315 0
0.5657142857140552 0.3855555555556315 0
0.5742857142855414 0.3855555555556314 0
0.5828571428570276 0.3855555555556315 0
0.5914285714285138 0.3855555555556315 0
0.3085714285714177 0.3733333333334092 0
0.3171428571428463 0.3733333333334091 0
0.3257142857142747 0.3733333333334093 0
0.3342857142856818 0.3733333333334092 0
0.3428571428570887 0.3733333333334091 0
0.3514285714284739 0.3733333333334093 0
0.3599999999998634 0.3733333333334091 0
0.3685714285712633 0.3733333333334092 0
0.3771428571426512 0.3733333333334091 0
0.3857142857140364 0.3733333333334091 0
0.3942857142854301 0.3733333333334091 0
0.4028571428568285 0.3733333333334091 0
0.4114285714282195 0.3733333333334091 0
0.4199999999996206 0.373333333333409 0
0.4285714285710399 0.3733333333334091 0
0.4371428571424508 0.3733333333334093 0
0.4457142857138433 0.3733333333334091 0
0.4542857142852915 0.3733333333334091 0
0.4628571428567578 0.373333333333409 0
0.4714285714282059 0.3733333333334091 0
0.4799999999996509 0.3733333333334093 0
0.4885714285711141 0.3733333333334091 0
0.4971428571425764 0.3733333333334091 0
0.5057142857139988 0.3733333333334091 0
0.5142857142854107 0.3733333333334091 0
0.5228571428568591 0.3733333333334092 0
0.5314285714282838 0.3733333333334091 0
0.5399999999996834 0.3733333333334091 0
0.5485714285711032 0.3733333333334091 0
0.5571428571425693 0.3733333333334092 0
0.5657142857140551 0.3733333333334091 0
0.5742857142855414 0.3733333333334091 0
0.5828571428570275 0.3733333333334091 0
0.5914285714285138 0.3733333333334092 0
0.3085714285714177 0.3611111111112519 0
0.3171428571428463 0.361111111111252 0
0.3257142857142745 0.361111111111252 0
0.3342857142856818 0.361111111111252 0
0.3428571428570887 0.361111111111252 0
0.3514285714284739 0.361111111111252 0
0.3599999999998634 0.3611111111112519 0
0.3685714285712632 0.3611111111112519 0
0.3771428571426512 0.3611111111112519 0
0.3857142857140363 0.3611111111112521 0
0.3942857142854299 0.361111111111252 0
0.4028571428568285 0.3611111111112519 0
0.4114285714282196 0.3611111111112519 0
0.4199999999996206 0.361111111111252 0
0.4285714285710399 0.361111111111252 0
0.4371428571424508 0.3611111111112519 0
0.4457142857138431 0.3611111111112519 0
0.4542857142852915 0.3611111111112519 0
0.4628571428567578 0.3611111111112519 0
0.471428571428206 0.361111111111252 0
0.4799999999996509 0.3611111111112519 0
0.4885714285711141 0.3611111111112519 0
0.4971428571425764 0.3611111111112519 0
0.5057142857139987 0.3611111111112519 0
0.5142857142854107 0.3611111111112519 0
0.5228571428568591 0.3611111111112519 0
0.531428571428284 0.3611111111112519 0
0.5399999999996834 0.3611111111112519 0
0.5485714285711034 0.3611111111112519 0
0.5571428571425691 0.3611111111112519 0
0.5657142857140551 0.3611111111112519 0
0.5742857142855413 0.3611111111112519 0
0.5828571428570277 0.361111111111252 0
0.5914285714285137 0.361111111111252 0
0.3085714285714177 0.3488888888890079 0
0.3171428571428463 0.348888888889008 0
0.3257142857142746 0.348888888889008 0
0.3342857142856818 0.348888888889008 0
0.3428571428570887 0.348888888889008 0
0.3514285714284739 0.348888888889008 0
0.3599999999998634 0.3488888888890082 0
0.3685714285712632 0.348888888889008 0
0.3771428571426512 0.348888888889008 0
0.3857142857140364 0.348888888889008 0
0.39428571428543 0.348888888889008 0
0.4028571428568286 0.348888888889008 0
0.4114285714282195 0.348888888889008 0
0.4199999999996206 0.348888888889008 0
0.4285714285710399 0.348888888889008 0
0.4371428571424508 0.348888888889008 0
0.4457142857138431 0.348888888889008 0
0.4542857142852915 0.348888888889008 0
0.4628571428567578 0.348888888889008 0
0.4714285714282059 0.348888888889008 0
0.4799999999996509 0.348888888889008 0
0.4885714285711141 0.348888888889008 0
0.4971428571425764 0.348888888889008 0
0.5057142857139988 0.348888888889008 0
0.5142857142854107 0.348888888889008 0
0.5228571428568591 0.348888888889008 0
0.5314285714282839 0.348888888889008 0
0.5399999999996834 0.348888888889008 0
0.5485714285711033 0.348888888889008 0
0.5571428571425689 0.348888888889008 0
0.5657142857140552 0.348888888889008 0
0.5742857142855414 0.348888888889008 0
0.5828571428570275 0.348888888889008 0
0.5914285714285139 0.348888888889008 0
0.3085714285714177 0.3366666666668256 0
0.3171428571428463 0.3366666666668257 0
0.3257142857142746 0.3366666666668257 0
0.3342857142856818 0.3366666666668257 0
0.3428571428570887 0.3366666666668257 0
0.3514285714284739 0.3366666666668257 0
0.3599999999998634 0.3366666666668258 0
0.3685714285712632 0.3366666666668257 0
0.3771428571426511 0.3366666666668258 0
0.3857142857140364 0.3366666666668256 0
0.3942857142854299 0.3366666666668257 0
0.4028571428568285 0.3366666666668257 0
0.4114285714282194 0.3366666666668257 0
0.4199999999996206 0.3366666666668257 0
0.4285714285710399 0.3366666666668257 0
0.4371428571424508 0.3366666666668257 0
0.4457142857138432 0.3366666666668257 0
0.4542857142852915 0.3366666666668257 0
0.4628571428567578 0.3366666666668257 0
0.4714285714282059 0.3366666666668257 0
0.4799999999996509 0.3366666666668257 0
0.4885714285711141 0.3366666666668257 0
0.4971428571425764 0.3366666666668257 0
0.5057142857139988 0.3366666666668257 0
0.5142857142854107 0.3366666666668257 0
0.5228571428568591 0.3366666666668257 0
0.5314285714282839 0.3366666666668257 0
0.5399999999996834 0.3366666666668257 0
0.5485714285711033 0.3366666666668257 0
0.5571428571425691 0.3366666666668257 0
0.5657142857140552 0.3366666666668257 0
0.5742857142855413 0.3366666666668257 0
0.5828571428570275 0.3366666666668257 0
0.5914285714285138 0.3366666666668257 0
0.3085714285714177 0.3244444444444986 0
0.3171428571428463 0.3244444444444985 0
0.3257142857142746 0.3244444444444985 0
0.3342857142856818 0.3244444444444985 0
0.3428571428570887 0.3244444444444986 0
0.3514285714284739 0.3244444444444984 0
0.3599999999998634 0.3244444444444985 0
0.3685714285712633 0.3244444444444986 0
0.3771428571426512 0.3244444444444986 0
0.3857142857140364 0.3244444444444986 0
0.39428571428543 0.3244444444444986 0
0.4028571428568285 0.3244444444444986 0
0.4114285714282196 0.3244444444444987 0
0.4199999999996206 0.3244444444444986 0
0.42857142857104 0.3244444444444986 0
0.4371428571424508 0.3244444444444986 0
0.445714285713843 0.3244444444444986 0
0.4542857142852915 0.3244444444444986 0
0.4628571428567578 0.3244444444444986 0
0.4714285714282059 0.3244444444444987 0
0.4799999999996509 0.3244444444444986 0
0.4885714285711141 0.3244444444444986 0
0.4971428571425764 0.3244444444444986 0
0.5057142857139988 0.3244444444444986 0
0.5142857142854107 0.3244444444444986 0
0.5228571428568591 0.3244444444444986 0
0.5314285714282839 0.3244444444444986 0
0.5399999999996834 0.3244444444444986 0
0.5485714285711033 0.3244444444444986 0
0.5571428571425691 0.3244444444444986 0
0.5657142857140552 0.3244444444444986 0
0.5742857142855414 0.3244444444444986 0
0.5828571428570275 0.3244444444444986 0
0.5914285714285139 0.3244444444444986 0
0.3085714285714177 0.3122222222222703 0
0.3171428571428463 0.3122222222222704 0
0.3257142857142747 0.3122222222222704 0
0.3342857142856818 0.3122222222222704 0
0.3428571428570887 0.3122222222222705 0
0.3514285714284739 0.3122222222222704 0
0.3599999999998634 0.3122222222222703 0
0.3685714285712632 0.3122222222222703 0
0.3771428571426512 0.3122222222222704 0
0.3857142857140364 0.3122222222222704 0
0.39428571428543 0.3122222222222704 0
0.4028571428568285 0.3122222222222704 0
0.4114285714282196 0.3122222222222704 0
0.4199999999996206 0.3122222222222703 0
0.4285714285710399 0.3122222222222704 0
0.4371428571424508 0.3122222222222704 0
0.445714285713843 0.3122222222222704 0
0.4542857142852915 0.3122222222222704 0
0.4628571428567578 0.3122222222222704 0
0.4714285714282059 0.3122222222222704 0
0.4799999999996509 0.3122222222222704 0
0.4885714285711141 0.3122222222222704 0
0.4971428571425764 0.3122222222222704 0
0.5057142857139988 0.3122222222222704 0
0.5142857142854107 0.3122222222222704 0
0.5228571428568591 0.3122222222222704 0
0.5314285714282839 0.3122222222222704 0
0.5399999999996834 0.3122222222222704 0
0.5485714285711033 0.3122222222222703 0
0.5571428571425691 0.3122222222222704 0
0.5657142857140552 0.3122222222222703 0
0.5742857142855413 0.3122222222222704 0
0.5828571428570276 0.3122222222222704 0
0.5914285714285138 0.3122222222222704 0
2 4 0 224
1303
1304
1305
1306
1307
1308
1309
1310
1311
1312
1313
1314
1315
1316
1317
1318
1319
1320
1321
1322
1323
1324
1325
1326
1327
1328
1329
1330
1331
1332
1333
1334
1335
1336
1337
1338
1339
1340
1341
1342
1343
1344
1345
1346
1347
1348
1349
1350
1351
1352
1353
1354
1355
1356
1357
1358
1359
1360
1361
1362
1363
1364
1365
1366
1367
1368
1369
1370
1371
1372
1373
1374
1375
1376
1377
1378
1379
1380
1381
1382
1383
1384
1385
1386
1387
1388
1389
1390
1391
1392
1393
1394
1395
1396
1397
1398
1399
1400
1401
1402
1403
1404
1405
1406
1407
1408
1409
1410
1411
1412
1413
1414
1415
1416
1417
1418
1419
1420
1421
1422
1423
1424
1425
1426
1427
1428
1429
1430
1431
1432
1433
1434
1435
1436
1437
1438
1439
1440
1441
1442
1443
1444
1445
1446
1447
1448
1449
1450
1451
1452
1453
1454
1455
1456
1457
1458
1459
1460
1461
1462
1463
1464
1465
1466
1467
1468
1469
1470
1471
1472
1473
1474
1475
1476
1477
1478
1479
1480
1481
1482
1483
1484
1485
1486
1487
1488
1489
1490
1491
1492
1493
1494
1495
1496
1497
1498
1499
1500
1501
1502
1503
1504
1505
1506
1507
1508
1509
1510
1511
1512
1513
1514
1515
1516
1517
1518
1519
1520
1521
1522
1523
1524
1525
1526
0.610764920040712 0.3977777777777886 0
0.622606331166931 0.3977777777777885 0
0.63563188346254 0.3977777777777885 0
0.6499599917881166 0.3977777777777885 0
0.665720911270395 0.3977777777777886 0
0.6830579224216844 0.3977777777777885 0
0.7021286341652244 0.3977777777777886 0
0.723106416587481 0.3977777777777885 0
0.746181977433324 0.3977777777777885 0
0.7715650946994753 0.3977777777777885 0
0.7994865233690301 0.3977777777777886 0
0.8302000950608563 0.3977777777777886 0
0.8639850242062768 0.3977777777777885 0
0.901148445670807 0.3977777777777885 0
0.9420282097962505 0.3977777777777885 0
0.9869959507525261 0.3977777777777885 0
1.036460465594704 0.3977777777777886 0
1.090871431281683 0.3977777777777885 0
1.150723493197307 0.3977777777777885 0
1.2165607620884 0.3977777777777886 0
1.288981757788722 0.3977777777777885 0
1.368644853141431 0.3977777777777885 0
1.456274258086203 0.3977777777777885 0
1.552666603042935 0.3977777777777885 0
1.658698182236874 0.3977777777777885 0
1.775332919610929 0.3977777777777885 0
1.903631131315488 0.3977777777777885 0
2.044759163877865 0.3977777777777886 0
0.6107649200407119 0.3855555555556313 0
0.6226063311669311 0.3855555555556314 0
0.6356318834625402 0.3855555555556314 0
0.6499599917881166 0.3855555555556313 0
0.6657209112703949 0.3855555555556313 0
0.6830579224216844 0.3855555555556313 0
0.7021286341652244 0.3855555555556314 0
0.7231064165874809 0.3855555555556313 0
0.7461819774333238 0.3855555555556313 0
0.7715650946994753 0.3855555555556312 0
0.7994865233690299 0.3855555555556313 0
0.8302000950608563 0.3855555555556313 0
0.8639850242062768 0.3855555555556313 0
0.9011484456708069 0.3855555555556314 0
0.9420282097962503 0.3855555555556313 0
0.9869959507525261 0.3855555555556313 0
1.036460465594704 0.3855555555556313 0
1.090871431281683 0.3855555555556314 0
1.150723493197307 0.3855555555556313 0
1.2165607620884 0.3855555555556313 0
1.288981757788722 0.3855555555556313 0
1.368644853141431 0.3855555555556313 0
1.456274258086203 0.3855555555556313 0
1.552666603042935 0.3855555555556313 0
1.658698182236874 0.3855555555556313 0
1.775332919610929 0.3855555555556313 0
1.903631131315488 0.3855555555556313 0
2.044759163877865 0.3855555555556313 0
0.6107649200407119 0.3733333333334091 0
0.622606331166931 0.3733333333334092 0
0.6356318834625402 0.3733333333334092 0
0.6499599917881169 0.3733333333334091 0
0.6657209112703949 0.3733333333334091 0
0.6830579224216843 0.373333333333409 0
0.7021286341652242 0.373333333333409 0
0.723106416587481 0.3733333333334092 0
0.7461819774333238 0.3733333333334091 0
0.7715650946994752 0.3733333333334091 0
0.7994865233690299 0.3733333333334091 0
0.8302000950608561 0.3733333333334092 0
0.8639850242062767 0.3733333333334091 0
0.901148445670807 0.3733333333334091 0
0.9420282097962505 0.3733333333334092 0
0.9869959507525261 0.3733333333334091 0
1.036460465594704 0.3733333333334091 0
1.090871431281683 0.3733333333334092 0
1.150723493197307 0.3733333333334091 0
1.2165607620884 0.3733333333334091 0
1.288981757788721 0.3733333333334091 0
1.368644853141431 0.373333333333409 0
1.456274258086203 0.3733333333334092 0
1.552666603042935 0.3733333333334091 0
1.658698182236874 0.3733333333334092 0
1.775332919610928 0.3733333333334091 0
1.903631131315488 0.3733333333334091 0
2.044759163877865 0.3733333333334091 0
0.610764920040712 0.3611111111112518 0
0.622606331166931 0.3611111111112518 0
0.63563188346254 0.3611111111112517 0
0.6499599917881166 0.3611111111112517 0
0.6657209112703949 0.3611111111112518 0
0.6830579224216844 0.3611111111112519 0
0.7021286341652244 0.3611111111112519 0
0.723106416587481 0.3611111111112519 0
0.746181977433324 0.3611111111112518 0
0.7715650946994753 0.3611111111112518 0
0.7994865233690301 0.3611111111112518 0
0.8302000950608562 0.3611111111112519 0
0.8639850242062769 0.3611111111112519 0
0.901148445670807 0.3611111111112518 0
0.9420282097962503 0.3611111111112519 0
0.9869959507525261 0.3611111111112519 0
1.036460465594704 0.3611111111112518 0
1.090871431281683 0.3611111111112518 0
1.150723493197307 0.3611111111112517 0
1.2165607620884 0.3611111111112519 0
1.288981757788722 0.3611111111112518 0
1.368644853141431 0.3611111111112518 0
1.456274258086203 0.3611111111112517 0
1.552666603042935 0.3611111111112519 0
1.658698182236874 0.3611111111112517 0
1.775332919610928 0.3611111111112517 0
1.903631131315488 0.3611111111112518 0
2.044759163877865 0.3611111111112518 0
0.6107649200407121 0.3488888888890079 0
0.6226063311669311 0.348888888889008 0
0.6356318834625402 0.3488888888890079 0
0.6499599917881166 0.3488888888890079 0
0.6657209112703949 0.348888888889008 0
0.6830579224216844 0.348888888889008 0
0.7021286341652244 0.3488888888890078 0
0.723106416587481 0.348888888889008 0
0.7461819774333238 0.3488888888890079 0
0.7715650946994752 0.3488888888890079 0
0.7994865233690299 0.3488888888890079 0
0.8302000950608562 0.3488888888890079 0
0.8639850242062768 0.348888888889008 0
0.901148445670807 0.348888888889008 0
0.9420282097962503 0.3488888888890079 0
0.9869959507525262 0.3488888888890079 0
1.036460465594704 0.3488888888890081 0
1.090871431281683 0.348888888889008 0
1.150723493197307 0.3488888888890079 0
1.2165607620884 0.3488888888890079 0
1.288981757788722 0.348888888889008 0
1.368644853141431 0.3488888888890079 0
1.456274258086203 0.3488888888890079 0
1.552666603042935 0.3488888888890079 0
1.658698182236874 0.3488888888890079 0
1.775332919610928 0.3488888888890079 0
1.903631131315488 0.3488888888890079 0
2.044759163877865 0.3488888888890079 0
0.6107649200407119 0.3366666666668256 0
0.6226063311669311 0.3366666666668256 0
0.6356318834625402 0.3366666666668256 0
0.6499599917881166 0.3366666666668255 0
0.665720911270395 0.3366666666668255 0
0.6830579224216844 0.3366666666668255 0
0.7021286341652244 0.3366666666668255 0
0.723106416587481 0.3366666666668256 0
0.7461819774333239 0.3366666666668255 0
0.7715650946994753 0.3366666666668255 0
0.7994865233690299 0.3366666666668255 0
0.8302000950608562 0.3366666666668257 0
0.8639850242062767 0.3366666666668255 0
0.901148445670807 0.3366666666668255 0
0.9420282097962502 0.3366666666668256 0
0.9869959507525263 0.3366666666668256 0
1.036460465594704 0.3366666666668255 0
1.090871431281683 0.3366666666668255 0
1.150723493197307 0.3366666666668257 0
1.2165607620884 0.3366666666668255 0
1.288981757788722 0.3366666666668257 0
1.368644853141431 0.3366666666668254 0
1.456274258086203 0.3366666666668256 0
1.552666603042935 0.3366666666668256 0
1.658698182236874 0.3366666666668255 0
1.775332919610929 0.3366666666668255 0
1.903631131315488 0.3366666666668255 0
2.044759163877865 0.3366666666668255 0
0.610764920040712 0.3244444444444985 0
0.622606331166931 0.3244444444444984 0
0.6356318834625401 0.3244444444444985 0
0.6499599917881166 0.3244444444444985 0
0.6657209112703949 0.3244444444444985 0
0.6830579224216844 0.3244444444444985 0
0.7021286341652244 0.3244444444444985 0
0.7231064165874811 0.3244444444444984 0
0.7461819774333239 0.3244444444444984 0
0.7715650946994752 0.3244444444444986 0
0.7994865233690299 0.3244444444444984 0
0.8302000950608562 0.3244444444444985 0
0.8639850242062767 0.3244444444444984 0
0.901148445670807 0.3244444444444985 0
0.9420282097962503 0.3244444444444984 0
0.9869959507525261 0.3244444444444985 0
1.036460465594704 0.3244444444444984 0
1.090871431281683 0.3244444444444985 0
1.150723493197307 0.3244444444444985 0
1.2165607620884 0.3244444444444985 0
1.288981757788722 0.3244444444444985 0
1.368644853141431 0.3244444444444985 0
1.456274258086203 0.3244444444444985 0
1.552666603042935 0.3244444444444985 0
1.658698182236874 0.3244444444444985 0
1.775332919610928 0.3244444444444985 0
1.903631131315488 0.3244444444444987 0
2.044759163877865 0.3244444444444985 0
0.610764920040712 0.3122222222222703 0
0.622606331166931 0.3122222222222702 0
0.6356318834625402 0.3122222222222702 0
0.6499599917881166 0.3122222222222704 0
0.665720911270395 0.3122222222222702 0
0.6830579224216845 0.3122222222222701 0
0.7021286341652244 0.3122222222222703 0
0.723106416587481 0.3122222222222703 0
0.7461819774333239 0.3122222222222703 0
0.7715650946994753 0.3122222222222703 0
0.7994865233690299 0.3122222222222702 0
0.8302000950608563 0.3122222222222703 0
0.8639850242062767 0.3122222222222703 0
0.9011484456708069 0.3122222222222703 0
0.9420282097962503 0.3122222222222704 0
0.9869959507525261 0.3122222222222701 0
1.036460465594704 0.3122222222222703 0
1.090871431281683 0.3122222222222703 0
1.150723493197307 0.3122222222222703 0
1.2165607620884 0.3122222222222703 0
1.288981757788722 0.3122222222222703 0
1.368644853141431 0.3122222222222703 0
1.456274258086203 0.3122222222222703 0
1.552666603042935 0.3122222222222703 0
1.658698182236874 0.3122222222222703 0
1.775332919610928 0.3122222222222703 0
1.903631131315488 0.3122222222222703 0
2.044759163877865 0.3122222222222703 0
2 5 0 112
1527
1528
1529
1530
1531
1532
1533
1534
1535
1536
1537
1538
1539
1540
1541
1542
1543
1544
1545
1546
1547
1548
1549
1550
1551
1552
1553
1554
1555
1556
1557
1558
1559
1560
1561
1562
1563
1564
1565
1566
1567
1568
1569
1570
1571
1572
1573
1574
1575
1576
1577
1578
1579
1580
1581
1582
1583
1584
1585
1586
1587
1588
1589
1590
1591
1592
1593
1594
1595
1596
1597
1598
1599
1600
1601
1602
1603
1604
1605
1606
1607
1608
1609
1610
1611
1612
1613
1614
1615
1616
1617
1618
1619
1620
1621
1622
1623
1624
1625
1626
1627
1628
1629
1630
1631
1632
1633
1634
1635
1636
1637
1638
0.01111111111109219 0.286666666666633 0
0.01111111111109219 0.2733333333332848 0
0.01111111111109219 0.2599999999999244 0
0.01111111111109219 0.2466666666665567 0
0.01111111111109219 0.2333333333331996 0
0.01111111111109219 0.2199999999998377 0
0.01111111111109219 0.2066666666664792 0
0.01111111111109219 0.1933333333331418 0
0.01111111111109219 0.179999999999839 0
0.01111111111109219 0.1666666666665364 0
0.01111111111109219 0.1533333333332343 0
0.01111111111109219 0.1399999999999318 0
0.01111111111109219 0.1266666666666288 0
0.01111111111109219 0.1133333333333136 0
0.02222222222217186 0.2866666666666419 0
0.02222222222217187 0.2733333333333 0
0.02222222222217186 0.2599999999999478 0
0.02222222222217187 0.246666666666589 0
0.02222222222217186 0.2333333333332394 0
0.02222222222217186 0.2199999999998857 0
0.02222222222217187 0.2066666666665349 0
0.02222222222217186 0.1933333333331988 0
0.02222222222217186 0.1799999999998872 0
0.02222222222217186 0.166666666666576 0
0.02222222222217186 0.1533333333332657 0
0.02222222222217186 0.1399999999999547 0
0.02222222222217186 0.1266666666666428 0
0.02222222222217186 0.113333333333321 0
0.03333333333325109 0.2866666666666507 0
0.03333333333325109 0.2733333333333153 0
0.03333333333325108 0.2599999999999709 0
0.03333333333325108 0.2466666666666212 0
0.03333333333325109 0.2333333333332791 0
0.03333333333325107 0.2199999999999336 0
0.03333333333325109 0.2066666666665906 0
0.03333333333325109 0.1933333333332559 0
0.03333333333325109 0.1799999999999354 0
0.03333333333325108 0.1666666666666155 0
0.03333333333325108 0.1533333333332971 0
0.03333333333325108 0.1399999999999776 0
0.03333333333325108 0.1266666666666567 0
0.03333333333325109 0.1133333333333284 0
0.04444444444432757 0.2866666666666594 0
0.0444444444443276 0.2733333333333307 0
0.04444444444432759 0.2599999999999942 0
0.04444444444432759 0.2466666666666534 0
0.04444444444432759 0.2333333333333188 0
0.0444444444443276 0.2199999999999816 0
0.04444444444432759 0.2066666666666463 0
0.04444444444432759 0.193333333333313 0
0.04444444444432759 0.1799999999999836 0
0.04444444444432759 0.1666666666666551 0
0.04444444444432759 0.1533333333333285 0
0.04444444444432759 0.1400000000000005 0
0.04444444444432759 0.1266666666666706 0
0.04444444444432759 0.1133333333333358 0
0.05555555555543722 0.2866666666666683 0
0.0555555555554372 0.2733333333333459 0
0.05555555555543722 0.2600000000000175 0
0.0555555555554372 0.2466666666666854 0
0.05555555555543722 0.2333333333333586 0
0.05555555555543721 0.2200000000000295 0
0.05555555555543721 0.206666666666702 0
0.05555555555543722 0.1933333333333701 0
0.05555555555543721 0.1800000000000318 0
0.0555555555554372 0.1666666666666946 0
0.05555555555543719 0.1533333333333599 0
0.05555555555543722 0.1400000000000234 0
0.05555555555543721 0.1266666666666845 0
0.05555555555543721 0.1133333333333432 0
0.06666666666657718 0.2866666666666771 0
0.06666666666657721 0.2733333333333611 0
0.06666666666657721 0.2600000000000408 0
0.06666666666657722 0.2466666666667176 0
0.06666666666657721 0.2333333333333984 0
0.06666666666657722 0.2200000000000774 0
0.06666666666657722 0.2066666666667577 0
0.06666666666657721 0.1933333333334272 0
0.06666666666657721 0.18000000000008 0
0.06666666666657722 0.1666666666667342 0
0.06666666666657721 0.1533333333333913 0
0.06666666666657721 0.1400000000000463 0
0.06666666666657722 0.1266666666666984 0
0.06666666666657721 0.1133333333333506 0
0.07777777777771729 0.2866666666666859 0
0.07777777777771724 0.2733333333333764 0
0.07777777777771724 0.2600000000000641 0
0.07777777777771723 0.2466666666667498 0
0.07777777777771727 0.2333333333334382 0
0.07777777777771724 0.2200000000001253 0
0.07777777777771724 0.2066666666668134 0
0.07777777777771724 0.1933333333334842 0
0.07777777777771724 0.1800000000001281 0
0.07777777777771724 0.1666666666667738 0
0.07777777777771724 0.1533333333334227 0
0.07777777777771724 0.1400000000000691 0
0.07777777777771724 0.1266666666667122 0
0.07777777777771726 0.113333333333358 0
0.08888888888885788 0.2866666666666947 0
0.08888888888885786 0.2733333333333917 0
0.0888888888888579 0.2600000000000873 0
0.08888888888885786 0.246666666666782 0
0.08888888888885788 0.2333333333334779 0
0.08888888888885788 0.2200000000001733 0
0.08888888888885788 0.2066666666668691 0
0.08888888888885788 0.1933333333335413 0
0.08888888888885788 0.1800000000001764 0
0.08888888888885788 0.1666666666668133 0
0.08888888888885788 0.1533333333334541 0
0.08888888888885788 0.1400000000000921 0
0.08888888888885788 0.1266666666667262 0
0.08888888888885788 0.1133333333333654 0
2 6 0 196
1639
1640
1641
1642
1643
1644
1645
1646
1647
1648
1649
1650
1651
1652
1653
1654
1655
1656
1657
1658
1659
1660
1661
1662
1663
1664
1665
1666
1667
1668
1669
1670
1671
1672
1673
1674
1675
1676
1677
1678
1679
1680
1681
1682
1683
1684
1685
1686
1687
1688
1689
1690
1691
1692
1693
1694
1695
1696
1697
1698
1699
1700
1701
1702
1703
1704
1705
1706
1707
1708
1709
1710
1711
1712
1713
1714
1715
1716
1717
1718
1719
1720
1721
1722
1723
1724
1725
1726
1727
1728
1729
1730
1731
1732
1733
1734
1735
1736
1737
1738
1739
1740
1741
1742
1743
1744
1745
1746
1747
1748
1749
1750
1751
1752
1753
1754
1755
1756
1757
1758
1759
1760
1761
1762
1763
1764
1765
1766
1767
1768
1769
1770
1771
1772
1773
1774
1775
1776
1777
1778
1779
1780
1781
1782
1783
1784
1785
1786
1787
1788
1789
1790
1791
1792
1793
1794
1795
1796
1797
1798
1799
1800
1801
1802
1803
1804
1805
1806
1807
1808
1809
1810
1811
1812
1813
1814
1815
1816
1817
1818
1819
1820
1821
1822
1823
1824
1825
1826
1827
1828
1829
1830
1831
1832
1833
1834
0.1108977757273252 0.2768279736840176 0
0.1103494834966709 0.2651164488659647 0
0.1098830782712504 0.2533517460127642 0
0.1095036700805749 0.2415427159575048 0
0.1092154157991703 0.229698695192867 0
0.1090214736026433 0.2178294035844809 0
0.1089239683611457 0.2059448378617239 0
0.1089239683628152 0.1940551621068251 0
0.1090214736069177 0.1821705963888738 0
0.1092154158061274 0.1703013047814484 0
0.1095036700882408 0.1584572840227468 0
0.1098830782805263 0.1466482539691924 0
0.1103494835046463 0.1348835511218519 0
0.1108977757309171 0.1231720263115868 0
0.1199792555195665 0.2686290628475353 0
0.1189740530957211 0.258269045128417 0
0.1181189768482838 0.2478115343447659 0
0.1174233951647013 0.237272757023928 0
0.1168949289816115 0.2266698300691671 0
0.1165393682876328 0.2160205732341555 0
0.1163606086780467 0.2053433138561037 0
0.116360608681108 0.1946566860858074 0
0.1165393682954705 0.1839794267166306 0
0.1168949289943689 0.1733301698834434 0
0.1174233951787591 0.1627272429396244 0
0.1181189768652942 0.152188465621974 0
0.1189740531103481 0.1417309548491319 0
0.1199792555261583 0.1313709371443501 0
0.1275471552267013 0.2617966372585657 0
0.1261611943145547 0.2525628754374083 0
0.1249822255538952 0.2431946913611484 0
0.1240231659637262 0.2337144579689151 0
0.1232945231990668 0.2241457758393563 0
0.1228042804260099 0.2145132146327394 0
0.1225578088440892 0.2048420438593585 0
0.1225578088483114 0.1951579560603706 0
0.1228042804368205 0.1854867852992559 0
0.123294523216663 0.1758542240951829 0
0.1240231659831181 0.1662855419807373 0
0.1249822255773607 0.1568053085929272 0
0.1261611943347366 0.1474371245316003 0
0.1275471552358068 0.1382033627302369 0
0.1338537383148794 0.2561029492687475 0
0.1321504786625357 0.2478077340290583 0
0.1307015994742364 0.2393473222087971 0
0.1295229749619485 0.2307492087569118 0
0.1286275183793417 0.2220423973148688 0
0.1280250405404039 0.2132570824650974 0
0.1277221423148787 0.2044243188621274 0
0.1277221423200659 0.1955756810390821 0
0.1280250405536849 0.186742917451204 0
0.1286275184009587 0.1779576026045761 0
0.1295229749857694 0.1692507911811227 0
0.1307015995030604 0.16065267773469 0
0.1321504786873212 0.1521922659327986 0
0.1338537383260497 0.1438970507174511 0
0.1391092242146946 0.2513582092835569 0
0.137141548945874 0.2438451161940524 0
0.1354677444015102 0.2361411812527852 0
0.1341061491210358 0.2282781677502134 0
0.1330716810236603 0.2202895818801464 0
0.1323756739632824 0.2122103056601417 0
0.1320257535348187 0.2040762146982526 0
0.1320257535408131 0.1959237851875682 0
0.1323756739786309 0.187789694243126 0
0.1330716810486429 0.1797104180267645 0
0.1341061491485681 0.171721832178184 0
0.1354677444348262 0.1638588186819228 0
0.1371415489745286 0.1561548837618894 0
0.1391092242276241 0.1486417907005162 0
0.1434887957889948 0.2474042593039091 0
0.1413007741735549 0.2405429346715673 0
0.1394395318328482 0.2334693971281809 0
0.1379254609125252 0.2262189669154588 0
0.136775149886408 0.2188289023541554 0
0.1360012018083185 0.2113379916577609 0
0.1356120962108159 0.2037861278955895 0
0.1356120962174799 0.19621387197736 0
0.1360012018253804 0.1886620082345979 0
0.1367751499141793 0.181171097542263 0
0.1379254609431281 0.1737810330048601 0
0.139439531869879 0.1665306027991636 0
0.1413007742053987 0.1594570652793975 0
0.1434887958033492 0.1525957406783454 0
0.147138438790467 0.2441093009668757 0
0.1447667952183611 0.2377911167189115 0
0.1427493547130575 0.2312429103437227 0
0.1411082207587324 0.2245029662090792 0
0.1398613739580604 0.2176116694082091 0
0.1390224750314729 0.2106110633179001 0
0.1386007151262354 0.2035443888918719 0
0.1386007151334598 0.1964556109703891 0
0.1390224750499701 0.1893889365654055 0
0.1398613739881683 0.182388330479503 0
0.1411082207919119 0.1754970337045453 0
0.1427493547532067 0.1687570895775231 0
0.1447667952528902 0.1622088832279435 0
0.1471384388060414 0.1558906990139008 0
0.1501798079866603 0.2413635023271309 0
0.1476551461159084 0.235497935070359 0
0.1455075404722292 0.2293875046727412 0
0.1437605206552499 0.2230729656071211 0
0.1424332273750334 0.216597308610479 0
0.1415402027408599 0.2100052896957093 0
0.1410912309122564 0.2033429397202287 0
0.1410912309199473 0.1966570601331167 0
0.1415402027605517 0.1899947101800436 0
0.1424332274070854 0.1834026912699696 0
0.1437605206905725 0.1769270343009163 0
0.1455075405149719 0.170612495243414 0
0.1476551461526691 0.1645020648730627 0
0.1501798080032439 0.1586364976524056 0
0.1527142822875165 0.2390753368204656 0
0.1500621051693667 0.2335869503853254 0
0.1478060285782948 0.2278413332981309 0
0.1459707705434566 0.2218812984525972 0
0.1445764385310606 0.2157520079554728 0
0.1436383091410862 0.2095004783497149 0
0.143166660709939 0.2031750654124607 0
0.1431666607180176 0.1968249344334415 0
0.1436383091617707 0.1904995215197304 0
0.1445764385647283 0.1842479919189091 0
0.1459707705805588 0.1781187014507706 0
0.1478060286231905 0.1721586666137685 0
0.1500621052079772 0.1664130495552217 0
0.1527142823049294 0.1609246631580239 0
0.1548263441735316 0.2371685322598967 0
0.152067904350796 0.2319944631714497 0
0.1497214353049066 0.2265528571717613 0
0.1478126454229458 0.2208882425052469 0
0.1463624478012307 0.2150475907534355 0
0.145386731115315 0.209079802234308 0
0.1448961855156632 0.2030351701580739 0
0.1448961855240663 0.1969648296816447 0
0.1453867311368305 0.1909201976299002 0
0.1463624478362513 0.1849524091159102 0
0.1478126454615398 0.1791117573942488 0
0.1497214353516082 0.1734471427366106 0
0.1520679043909618 0.1680055367667209 0
0.1548263441916522 0.1628314677177394 0
0.1565863957089354 0.2355795284921714 0
0.1537394036342027 0.2306673905205695 0
0.1513176075441841 0.2254791270885804 0
0.1493475411242164 0.2200606958995074 0
0.1478507888290279 0.2144605764304983 0
0.1468437493971391 0.2087292388120222 0
0.1463374561573906 0.2029185907818149 0
0.1463374561660632 0.1970814090527379 0
0.1468437494193446 0.1912707610478087 0
0.1478507888651715 0.1855394234346374 0
0.1493475411640478 0.1799393039967486 0
0.1513176075923826 0.1745208728168393 0
0.1537394036756553 0.169332609415608 0
0.1565863957276346 0.1644204714847406 0
0.1580531053247675 0.2342553586830296 0
0.1551323197065532 0.2295614966425778 0
0.1526477510796322 0.2245843520174362 0
0.1506266208778881 0.2193710737266502 0
0.1490910730213927 0.2139713978270529 0
0.1480579313011398 0.2084371026261888 0
0.1475385150279507 0.2028214413014023 0
0.1475385150368482 0.197178558528849 0
0.148057931323921 0.1915628972299978 0
0.1490910730584731 0.1860286020345781 0
0.1506266209187521 0.1806289261669093 0
0.1526477511290803 0.1754156478855264 0
0.1551323197490806 0.170438503291942 0
0.1580531053439516 0.1657446412932824 0
0.1592753633342399 0.2331518838454375 0
0.1562930830966449 0.2286399184137236 0
0.1537562040224646 0.2238387061270862 0
0.1516925206693698 0.2187963885843521 0
0.1501246431785501 0.2135637489920892 0
0.1490697495513936 0.2081936558054021 0
0.1485393974170373 0.2027404834013048 0
0.1485393974261221 0.1972595164253618 0
0.1490697495746544 0.1918063440477477 0
0.1501246432164114 0.1864362508666209 0
0.1516925207110942 0.1812036113069604 0
0.1537562040729539 0.1761612937738291 0
0.1562930831400679 0.1713600815194147 0
0.1592753633538282 0.1668481161303746 0
0.1602939116670146 0.2322323214884082 0
0.1572603859136943 0.2278719365627181 0
0.1546799148004928 0.2232173345569507 0
0.1525807704882332 0.2183174843030778 0
0.1509859516357005 0.2132240416324386 0
0.1499129314196078 0.20799078345643 0
0.1493734660676879 0.2026730184851168 0
0.1493734660769288 0.1973269813385626 0
0.1499129314432684 0.1920092163941889 0
0.1509859516742125 0.1867759582238376 0
0.1525807705306748 0.181682515586362 0
0.1546799148518498 0.1767826653422581 0
0.1572603859578635 0.1721280633692688 0
0.1602939116869397 0.1677676784869871 0
2 7 0 196
1835
1836
1837
1838
1839
1840
1841
1842
1843
1844
1845
1846
1847
1848
1849
1850
1851
1852
1853
1854
1855
1856
1857
1858
1859
1860
1861
1862
1863
1864
1865
1866
1867
1868
1869
1870
1871
1872
1873
1874
1875
1876
1877
1878
1879
1880
1881
1882
1883
1884
1885
1886
1887
1888
1889
1890
1891
1892
1893
1894
1895
1896
1897
1898
1899
1900
1901
1902
1903
1904
1905
1906
1907
1908
1909
1910
1911
1912
1913
1914
1915
1916
1917
1918
1919
1920
1921
1922
1923
1924
1925
1926
1927
1928
1929
1930
1931
1932
1933
1934
1935
1936
1937
1938
1939
1940
1941
1942
1943
1944
1945
1946
1947
1948
1949
1950
1951
1952
1953
1954
1955
1956
1957
1958
1959
1960
1961
1962
1963
1964
1965
1966
1967
1968
1969
1970
1971
1972
1973
1974
1975
1976
1977
1978
1979
1980
1981
1982
1983
1984
1985
1986
1987
1988
1989
1990
1991
1992
1993
1994
1995
1996
1997
1998
1999
2000
2001
2002
2003
2004
2005
2006
2007
2008
2009
2010
2011
2012
2013
2014
2015
2016
2017
2018
2019
2020
2021
2022
2023
2024
2025
2026
2027
2028
2029
2030
0.123172026310708 0.2891022242683975 0
0.1313709371427877 0.2800207444725921 0
0.1382033627280904 0.2724528447624883 0
0.1438970507148493 0.2661462616718342 0
0.1486417906974925 0.2608907757699566 0
0.1525957406750161 0.256511204193937 0
0.1558906990102802 0.2528615611910325 0
0.1586364976485505 0.2498201919936457 0
0.1609246631539873 0.2472857176917949 0
0.162831467713533 0.2451736558049512 0
0.1644204714804047 0.2434136042688565 0
0.165744641288835 0.2419468946524486 0
0.1668481161258348 0.2407246366424967 0
0.1677676784823703 0.2397060883093221 0
0.1348835511211482 0.2896505164949485 0
0.1417309548479402 0.2810259468889156 0
0.1474371245299891 0.2738388056642648 0
0.152192265930866 0.2678495213114325 0
0.1561548837596482 0.2628584510240536 0
0.1594570652769442 0.2586992257930041 0
0.1622088832252776 0.2552332047453916 0
0.1645020648702276 0.2523448538455056 0
0.1664130495522596 0.2499378947900986 0
0.1680055367636352 0.2479320956070463 0
0.1693326094124304 0.2462605963222858 0
0.1704385032886842 0.2448676802488071 0
0.1713600815160909 0.2437069168577757 0
0.17212806336589 0.2427396140399432 0
0.1466482539720458 0.2901169217210015 0
0.1521884656273719 0.2818810231375128 0
0.1568053086004342 0.2750177744265252 0
0.1606526777439798 0.2692984005016976 0
0.1638588186926592 0.2645322555706888 0
0.1665306028111493 0.260560468136236 0
0.1687570895905149 0.2572506452534326 0
0.1706124952572521 0.2544924594920986 0
0.172158666628326 0.2521939713842317 0
0.1734471427517505 0.2502785646561198 0
0.1745208728324746 0.2486823924155908 0
0.175415647901571 0.2473522488790993 0
0.1761612937902159 0.2462437959353984 0
0.17678266535893 0.2453200851566462 0
0.1584572840254017 0.2904963299128574 0
0.1627272429447228 0.28257660482326 0
0.1662855419878624 0.27597683401968 0
0.1692507911899588 0.2704770250176538 0
0.1717218321884087 0.2658938508554012 0
0.1737810330162844 0.2620745390612709 0
0.1754970337169352 0.2588917792128652 0
0.1769270343141186 0.2562394793145149 0
0.1781187014646644 0.2540292294247818 0
0.1791117574087019 0.2521873545440221 0
0.1799393040116776 0.2506524588416903 0
0.1806289261822309 0.249373379087134 0
0.1812036113226106 0.2483074792949163 0
0.181682515602286 0.2474192294754391 0
0.1703013047881407 0.2907845841957362 0
0.1733301698960056 0.283105071009053 0
0.1758542241126284 0.2767054767880683 0
0.1779576026261104 0.2713724816048416 0
0.1797104180516707 0.2669283189580691 0
0.1811710975700201 0.2632248500932725 0
0.1823883305096029 0.2601386260199154 0
0.1834026913020292 0.2575667726015213 0
0.1842479919526165 0.2554235614443107 0
0.1849524091509745 0.2536375521731561 0
0.1855394234708413 0.252149211144536 0
0.1860286020717276 0.2509089269514849 0
0.1864362509045603 0.2498753567937568 0
0.186775958262435 0.2490140483361308 0
0.1821705963918235 0.2909785263935999 0
0.1839794267223971 0.2834606317054832 0
0.1854867853073628 0.2771957195645067 0
0.1867429174612778 0.2719749594479333 0
0.1877896942548049 0.2676243260232464 0
0.1886620082476546 0.263998798176698 0
0.1893889365795779 0.2609775249522872 0
0.189994710195153 0.2584597972418522 0
0.1904995215356355 0.2563616908407534 0
0.1909201976464528 0.2546132688658002 0
0.191270761064909 0.2531562505833688 0
0.1915628972475502 0.2519420686788615 0
0.191806344065679 0.2509302504281872 0
0.1920092164124358 0.2500870685596221 0
0.1940551621098572 0.2910760316373613 0
0.1946566860917923 0.2836393913192201 0
0.1951579560688108 0.2774421911521525 0
0.1955756810495818 0.2722778576804928 0
0.195923785199752 0.2679742464598368 0
0.1962138719909863 0.2643879037832364 0
0.1964556109851858 0.2613992848673188 0
0.1966570601488958 0.2589087690808818 0
0.1968249344500543 0.2568333392828537 0
0.1969648296989374 0.2551038144768445 0
0.1970814090706042 0.2536625438348754 0
0.1971785585471892 0.252461484964113 0
0.1972595164440993 0.25146060257486 0
0.197326981357631 0.2506265339240703 0
0.20594483786253 0.2910760316387874 0
0.2053433138579979 0.2836393913218349 0
0.2048420438621555 0.2774421911557584 0
0.2044243188656875 0.2722778576849239 0
0.2040762147024182 0.2679742464649542 0
0.2037861279002973 0.2643879037889278 0
0.2035443888970008 0.2613992848734869 0
0.2033429397257155 0.2589087690874474 0
0.203175065418261 0.2568333392897517 0
0.2030351701641209 0.2551038144840189 0
0.2029185907880739 0.25366254384228 0
0.2028214413078336 0.2524614849717093 0
0.2027404834078826 0.2514606025826162 0
0.2026730184918164 0.2506265339319599 0
0.2178294035839816 0.2909785263973778 0
0.2160205732335993 0.2834606317124101 0
0.214513214632133 0.2771957195740593 0
0.2132570824644573 0.2719749594596719 0
0.2122103056594447 0.267624326036803 0
0.211337991657053 0.2639987981917753 0
0.2106110633171531 0.260977524968627 0
0.2100052896949365 0.258459797259245 0
0.2095004783489361 0.2563616908590272 0
0.2090798022335102 0.2546132688848061 0
0.2087292388112143 0.2531562506029847 0
0.2084371026253679 0.2519420686989848 0
0.2081936558045736 0.2509302504487345 0
0.2079907834555948 0.2500870685805226 0
0.2296986951977004 0.2907845841994551 0
0.2266698300783265 0.2831050710158726 0
0.2241457758521199 0.2767054767974736 0
0.2220423973306409 0.2713724816163987 0
0.2202895818983981 0.2669283189714131 0
0.2188289023745093 0.2632248501081152 0
0.2176116694302855 0.2601386260359991 0
0.2165973086339974 0.2575667726186407 0
0.2157520079802085 0.2554235614622988 0
0.2150475907791722 0.253637552191865 0
0.2144605764570741 0.2521492111638454 0
0.2139713978543233 0.2509089269712931 0
0.213563749019942 0.2498753568139825 0
0.2132240416607764 0.249014048356704 0
0.2415427159596393 0.2904963299185148 0
0.2372727570280833 0.2825766048336337 0
0.233714457974755 0.2759768340339872 0
0.2307492087641576 0.270477025035234 0
0.2282781677586053 0.2658938508757003 0
0.2262189669248401 0.2620745390838495 0
0.2245029662192567 0.2588917792373318 0
0.2230729656179682 0.2562394793405577 0
0.2218812984640184 0.2540292294521455 0
0.2208882425171336 0.2521873545724819 0
0.2200606959117861 0.2506524588710637 0
0.2193710737392509 0.2493733791172664 0
0.218796388597225 0.2483074793256837 0
0.2183174843161773 0.2474192295067354 0
0.2533517460173451 0.290116921726329 0
0.2478115343533402 0.2818810231472824 0
0.2431946913730525 0.2750177744400004 0
0.2393473222234753 0.269298400518255 0
0.2361411812697513 0.2645322555898035 0
0.2334693971470867 0.2605604681574991 0
0.2312429103642175 0.2572506452764714 0
0.2293875046945662 0.2544924595166206 0
0.2278413333210806 0.2521939714099997 0
0.2265528571956359 0.2502785646829198 0
0.225479127113229 0.2486823924432512 0
0.2245843520427252 0.2473522489074738 0
0.2238387061529128 0.2462437959643709 0
0.223217334583225 0.2453200851861167 0
0.2651164488693647 0.2896505165010498 0
0.2582690451347668 0.281025946900104 0
0.2525628754462199 0.2738388056796976 0
0.2478077340399177 0.2678495213303949 0
0.2438451162065961 0.2628584510459435 0
0.2405429346855464 0.2586992258173554 0
0.2377911167340604 0.255233204771776 0
0.2354979350864884 0.252344853873588 0
0.2335869504022884 0.2499378948196085 0
0.2319944631890956 0.2479320956377379 0
0.230667390538787 0.246260596353963 0
0.2295614966612667 0.2448676802813015 0
0.2286399184328098 0.2437069168909551 0
0.2278719365821351 0.242739614073693 0
0.2768279736840736 0.289102224272579 0
0.2686290628477071 0.2800207444802619 0
0.2617966372588391 0.2724528447730707 0
0.2561029492690986 0.2661462616848349 0
0.2513582092839525 0.260890775784957 0
0.2474042593043723 0.2565112042106288 0
0.2441093009673697 0.2528615612091126 0
0.2413635023276562 0.2498201920128871 0
0.2390753368210335 0.2472857177120189 0
0.2371685322604891 0.2451736558259849 0
0.2355795284927859 0.2434136042905657 0
0.2342553586836574 0.2419468946747161 0
0.2331518838460811 0.2407246366652339 0
0.2322323214890646 0.2397060883324505 0
2 8 0 196
2031
2032
2033
2034
2035
2036
2037
2038
2039
2040
2041
2042
2043
2044
2045
2046
2047
2048
2049
2050
2051
2052
2053
2054
2055
2056
2057
2058
2059
2060
2061
2062
2063
2064
2065
2066
2067
2068
2069
2070
2071
2072
2073
2074
2075
2076
2077
2078
2079
2080
2081
2082
2083
2084
2085
2086
2087
2088
2089
2090
2091
2092
2093
2094
2095
2096
2097
2098
2099
2100
2101
2102
2103
2104
2105
2106
2107
2108
2109
2110
2111
2112
2113
2114
2115
2116
2117
2118
2119
2120
2121
2122
2123
2124
2125
2126
2127
2128
2129
2130
2131
2132
2133
2134
2135
2136
2137
2138
2139
2140
2141
2142
2143
2144
2145
2146
2147
2148
2149
2150
2151
2152
2153
2154
2155
2156
2157
2158
2159
2160
2161
2162
2163
2164
2165
2166
2167
2168
2169
2170
2171
2172
2173
2174
2175
2176
2177
2178
2179
2180
2181
2182
2183
2184
2185
2186
2187
2188
2189
2190
2191
2192
2193
2194
2195
2196
2197
2198
2199
2200
2201
2202
2203
2204
2205
2206
2207
2208
2209
2210
2211
2212
2213
2214
2215
2216
2217
2218
2219
2220
2221
2222
2223
2224
2225
2226
0.2887185719729129 0.2832973910922538 0
0.2889491750634972 0.2781075569569951 0
0.2891695119734564 0.2729089428049944 0
0.2893792487058447 0.2677019549205273 0
0.2895780673416831 0.2624870122682768 0
0.2897656665054102 0.2572645458792984 0
0.2899417618281536 0.2520349981902726 0
0.2901060863817965 0.2467988223672255 0
0.2902583910822678 0.2415564816191005 0
0.2903984450593371 0.2363084485118602 0
0.29052603601636 0.2310552042334646 0
0.2906409705476422 0.225797237873266 0
0.290743074434743 0.220535045671349 0
0.2908321929050074 0.2152691302829442 0
0.2793173819301905 0.2743785503166707 0
0.2797401542633422 0.2698638544034758 0
0.2801441052653295 0.2653330617929046 0
0.280528622608418 0.2607869173394095 0
0.2808931234411454 0.2562261891449997 0
0.2812370552416485 0.2516516674332602 0
0.2815598966669944 0.24706416333807 0
0.2818611583489686 0.2424645076638584 0
0.2821403836334401 0.2378535496270051 0
0.2823971492583192 0.2332321555984315 0
0.2826310660130908 0.2286012077560511 0
0.2828417793206489 0.2239616027636798 0
0.2830289697805178 0.2193142503948316 0
0.2831923536428309 0.2146600721840775 0
0.271483057018541 0.2669461831212806 0
0.2720659703846285 0.262994102384237 0
0.2726229331275486 0.259019827716052 0
0.2731531009772461 0.255024386112987 0
0.2736556703051931 0.2510088366248188 0
0.2741298793009452 0.2469742688022352 0
0.2745750091431886 0.2429218010267758 0
0.2749903850969631 0.2388525788015344 0
0.2753753775330915 0.2347677730157495 0
0.2757294028629364 0.2306685782111358 0
0.2760519244477603 0.2265562107238963 0
0.2763424534009485 0.2224319068632279 0
0.2766005493369992 0.2182969210138301 0
0.2768258210250364 0.2141525237763857 0
0.264954452926626 0.2607525437928592 0
0.2656708171534686 0.2572693090358608 0
0.2663552896804753 0.2537587993195842 0
0.2670068329523241 0.2502222767584649 0
0.267624459359599 0.2466610428587527 0
0.2682072326847047 0.2430764366103881 0
0.2687542695410097 0.2394698324346272 0
0.2692647407212663 0.2358426380834515 0
0.2697378724504247 0.2321962925068143 0
0.270172947534392 0.228532263722092 0
0.2705693064775779 0.2248520465307285 0
0.2709263484687779 0.2211571602797383 0
0.2712435323016344 0.2174491465298089 0
0.2715203771777644 0.213729566770049 0
0.2595139495239313 0.2555911776927005 0
0.2603415228012594 0.2524986479185536 0
0.2611322534815344 0.2493746089950202 0
0.2618849429383794 0.2462205189683475 0
0.2625984502449713 0.2430378813918457 0
0.2632716938444222 0.2398282431214984 0
0.2639036532123366 0.2365931919449926 0
0.2644933704145607 0.2333343541550486 0
0.2650399515544842 0.2300533920855491 0
0.2655425681001348 0.2267520016502544 0
0.2660004581752118 0.2234319097049757 0
0.2664129276980192 0.2200948714615751 0
0.2667793514448195 0.2167426677940632 0
0.2670991739776408 0.2133771025985701 0
0.2549801966975724 0.2512900392846468 0
0.2559004441834519 0.2485230969955477 0
0.2567797233246061 0.2457211170653121 0
0.257616701268778 0.2428857208166968 0
0.2584101093246399 0.2400185801755621 0
0.2591587448192271 0.2371214152195938 0
0.2598614729466742 0.2341959915418378 0
0.2605172285004055 0.2312441175522961 0
0.2611250174825109 0.2282676417381254 0
0.2616839185794517 0.2252684499267393 0
0.2621930845976689 0.2222484623525879 0
0.262651743730057 0.2192096307815722 0
0.2630592007383959 0.2161539355154721 0
0.2634148379850559 0.2130833824562681 0
0.2512020693185504 0.2477057572554354 0
0.2521995453120349 0.245210137872246 0
0.253152614837712 0.2426765404381103 0
0.254059833188425 0.2401067223395433 0
0.2549198252024238 0.2375024958128649 0
0.2557312872766798 0.2348657252871807 0
0.2564929893707681 0.232198324526669 0
0.257203776884428 0.2295022537057351 0
0.2578625724019988 0.2267795164392647 0
0.2584683772919698 0.2240321568160498 0
0.2590202732630658 0.2212622562194076 0
0.2595174237370066 0.2184719302102727 0
0.2599590751301692 0.2156633252802335 0
0.2603445579718757 0.2128386156694802 0
0.2480536298067439 0.2447188555366376 0
0.249115462890501 0.2424493385771431 0
0.2501300244038557 0.2401393932251711 0
0.2510957764272334 0.2377908902537034 0
0.2520112550735324 0.2354057588244437 0
0.2528750726313357 0.2329859836593481 0
0.2536859196980852 0.2305336019985406 0
0.2544425671787821 0.228050700486763 0
0.2551438681429726 0.2255394120120099 0
0.2557887595275019 0.2230019125475569 0
0.256376263792998 0.2204404177674445 0
0.2569054903852008 0.2178571797284703 0
0.2573756370993182 0.2152544834137307 0
0.2577859912704645 0.2126346433452592 0
0.2454299302439252 0.2422297707997679 0
0.2465453942356232 0.240148672524506 0
0.2476111990714505 0.2380251039055144 0
0.2486257291548191 0.2358610302044958 0
0.2495874466608342 0.2336584780209728 0
0.2504948937877562 0.2314195323209425 0
0.2513466949979173 0.2291463332411489 0
0.2521415591173702 0.2268410728182798 0
0.2528782812866686 0.2245059916679194 0
0.2535557447496206 0.2221433756670781 0
0.2541729225934412 0.2197555523987315 0
0.2547288792838874 0.2173448876662281 0
0.2552227720985266 0.2149137818622531 0
0.2556538523773008 0.2124646664103746 0
0.2432435139740328 0.2401555335498375 0
0.2444036703883482 0.2382314508424386 0
0.2455121779922658 0.2362631961652915 0
0.2465673564583532 0.2342528135206988 0
0.2475676063468897 0.2322024107063642 0
0.2485114114475345 0.2301141562249845 0
0.2493973411100286 0.2279902759604857 0
0.2502240524279691 0.2258330497761759 0
0.2509902922677489 0.2236448080606295 0
0.2516948991289804 0.221427928277301 0
0.2523368049543675 0.2191848312666106 0
0.2529150367263492 0.2169179776206978 0
0.2534287179577926 0.2146298639069038 0
0.2538770699926634 0.2123230189667407 0
0.2414215004533443 0.2384270025438547 0
0.2426189005524091 0.2366337661403114 0
0.2437629937956707 0.2347949397453671 0
0.2448520459133282 0.2329126329784898 0
0.2458844061199732 0.2309890213025322 0
0.2468585095314317 0.2290263428341065 0
0.2477728795702862 0.227026894913122 0
0.2486261302197551 0.2249930305917358 0
0.2494169681177649 0.2229271550693456 0
0.2501441944770989 0.2208317221314414 0
0.2508067069533694 0.2187092303329786 0
0.2514035012929174 0.2165622192567546 0
0.2519336728713604 0.2143932656156556 0
0.2523964180360178 0.2122049794328117 0
0.2399031558496674 0.2369865600359225 0
0.2411315923527561 0.2353023622191483 0
0.2423053402955345 0.2335713927262604 0
0.2434226204562276 0.2317958158576973 0
0.244481739261354 0.2299778634639367 0
0.2454810912652115 0.2281198316731867 0
0.2464191616177513 0.2262240773720096 0
0.2472945283768752 0.22429301460327 0
0.2481058646567883 0.2223291109087187 0
0.2488519405979159 0.2203348836755418 0
0.2495316252832937 0.2183128962208078 0
0.2501438884291814 0.2162657539528622 0
0.2506878019634887 0.2141961003725453 0
0.2511625414029957 0.2121066131543363 0
0.2386378686837902 0.2357861912829716 0
0.2398921688568164 0.2341928589548949 0
0.2410906290491132 0.2325517702134466 0
0.2422314325789273 0.230865134926541 0
0.2433128502160497 0.2291352319343429 0
0.2443332427135054 0.2273644057080568 0
0.2452910633273854 0.2255550627564558 0
0.2461848601778285 0.2237096679479939 0
0.2470132784426052 0.2218307407763826 0
0.247775062368509 0.2199208516302212 0
0.2484690572280956 0.2179826177950057 0
0.24909421104589 0.216018699533705 0
0.2496495762100451 0.2140317960037877 0
0.2501343108785592 0.2120246412558567 0
0.2375834627209752 0.2347858839971463 0
0.2388593159521041 0.2332682729090226 0
0.2400783696854955 0.2317020847931524 0
0.2412387760227478 0.2300895674903463 0
0.2423387760197128 0.2284330389988414 0
0.2433767022616884 0.2267348840756722 0
0.2443509814265488 0.2249975505814538 0
0.2452601366862974 0.2232235457392976 0
0.2461027899383423 0.2214154323362152 0
0.2468776638514512 0.2195758249286504 0
0.247583583856113 0.217707385775788 0
0.2482194799004072 0.2158128208527824 0
0.2487843880893567 0.213894875697626 0
0.2492774521153075 0.211956331341024 0
2 9 0 476
2227
2228
2229
2230
2231
2232
2233
2234
2235
2236
2237
2238
2239
2240
2241
2242
2243
2244
2245
2246
2247
2248
2249
2250
2251
2252
2253
2254
2255
2256
2257
2258
2259
2260
2261
2262
2263
2264
2265
2266
2267
2268
2269
2270
2271
2272
2273
2274
2275
2276
2277
2278
2279
2280
2281
2282
2283
2284
2285
2286
2287
2288
2289
2290
2291
2292
2293
2294
2295
2296
2297
2298
2299
2300
2301
2302
2303
2304
2305
2306
2307
2308
2309
2310
2311
2312
2313
2314
2315
2316
2317
2318
2319
2320
2321
2322
2323
2324
2325
2326
2327
2328
2329
2330
2331
2332
2333
2334
2335
2336
2337
2338
2339
2340
2341
2342
2343
2344
2345
2346
2347
2348
2349
2350
2351
2352
2353
2354
2355
2356
2357
2358
2359
2360
2361
2362
2363
2364
2365
2366
2367
2368
2369
2370
2371
2372
2373
2374
2375
2376
2377
2378
2379
2380
2381
2382
2383
2384
2385
2386
2387
2388
2389
2390
2391
2392
2393
2394
2395
2396
2397
2398
2399
2400
2401
2402
2403
2404
2405
2406
2407
2408
2409
2410
2411
2412
2413
2414
2415
2416
2417
2418
2419
2420
2421
2422
2423
2424
2425
2426
2427
2428
2429
2430
2431
2432
2433
2434
2435
2436
2437
2438
2439
2440
2441
2442
2443
2444
2445
2446
2447
2448
2449
2450
2451
2452
2453
2454
2455
2456
2457
2458
2459
2460
2461
2462
2463
2464
2465
2466
2467
2468
2469
2470
2471
2472
2473
2474
2475
2476
2477
2478
2479
2480
2481
2482
2483
2484
2485
2486
2487
2488
2489
2490
2491
2492
2493
2494
2495
2496
2497
2498
2499
2500
2501
2502
2503
2504
2505
2506
2507
2508
2509
2510
2511
2512
2513
2514
2515
2516
2517
2518
2519
2520
2521
2522
2523
2524
2525
2526
2527
2528
2529
2530
2531
2532
2533
2534
2535
2536
2537
2538
2539
2540
2541
2542
2543
2544
2545
2546
2547
2548
2549
2550
2551
2552
2553
2554
2555
2556
2557
2558
2559
2560
2561
2562
2563
2564
2565
2566
2567
2568
2569
2570
2571
2572
2573
2574
2575
2576
2577
2578
2579
2580
2581
2582
2583
2584
2585
2586
2587
2588
2589
2590
2591
2592
2593
2594
2595
2596
2597
2598
2599
2600
2601
2602
2603
2604
2605
2606
2607
2608
2609
2610
2611
2612
2613
2614
2615
2616
2617
2618
2619
2620
2621
2622
2623
2624
2625
2626
2627
2628
2629
2630
2631
2632
2633
2634
2635
2636
2637
2638
2639
2640
2641
2642
2643
2644
2645
2646
2647
2648
2649
2650
2651
2652
2653
2654
2655
2656
2657
2658
2659
2660
2661
2662
2663
2664
2665
2666
2667
2668
2669
2670
2671
2672
2673
2674
2675
2676
2677
2678
2679
2680
2681
2682
2683
2684
2685
2686
2687
2688
2689
2690
2691
2692
2693
2694
2695
2696
2697
2698
2699
2700
2701
2702
0.3085714285714198 0.2940000000000115 0
0.3085714285714219 0.2880000000000122 0
0.3085714285714241 0.282000000000013 0
0.3085714285714261 0.2760000000000774 0
0.3085714285714283 0.2700000000000993 0
0.3085714285714304 0.2640000000001005 0
0.3085714285714325 0.2580000000001227 0
0.3085714285714346 0.2520000000001102 0
0.3085714285714365 0.2460000000000851 0
0.3085714285714388 0.2400000000000585 0
0.3085714285714408 0.2340000000000458 0
0.308571428571443 0.228000000000045 0
0.308571428571445 0.2220000000000281 0
0.3085714285714472 0.2160000000000173 0
0.3171428571428494 0.2940000000000107 0
0.3171428571428523 0.2880000000000108 0
0.3171428571428552 0.2820000000000107 0
0.3171428571428582 0.2760000000000732 0
0.3171428571428612 0.2700000000000937 0
0.3171428571428643 0.2640000000000948 0
0.3171428571428673 0.258000000000116 0
0.3171428571428702 0.2520000000001035 0
0.3171428571428733 0.2460000000000802 0
0.3171428571428762 0.2400000000000554 0
0.3171428571428792 0.2340000000000433 0
0.3171428571428823 0.2280000000000424 0
0.3171428571428852 0.2220000000000266 0
0.3171428571428882 0.2160000000000168 0
0.3257142857142787 0.29400000000001 0
0.325714285714283 0.2880000000000092 0
0.3257142857142871 0.2820000000000085 0
0.3257142857142913 0.276000000000069 0
0.3257142857142954 0.270000000000088 0
0.3257142857142996 0.2640000000000892 0
0.3257142857143037 0.2580000000001094 0
0.3257142857143079 0.2520000000000967 0
0.325714285714312 0.2460000000000753 0
0.3257142857143163 0.2400000000000525 0
0.3257142857143205 0.2340000000000407 0
0.3257142857143246 0.2280000000000397 0
0.3257142857143287 0.2220000000000252 0
0.3257142857143329 0.2160000000000164 0
0.3342857142856887 0.2940000000000094 0
0.3342857142856957 0.2880000000000079 0
0.3342857142857026 0.2820000000000063 0
0.3342857142857096 0.2760000000000647 0
0.3342857142857166 0.2700000000000825 0
0.3342857142857236 0.2640000000000834 0
0.3342857142857306 0.2580000000001026 0
0.3342857142857376 0.2520000000000898 0
0.3342857142857445 0.2460000000000704 0
0.3342857142857515 0.2400000000000495 0
0.3342857142857585 0.234000000000038 0
0.3342857142857654 0.228000000000037 0
0.3342857142857724 0.2220000000000237 0
0.3342857142857794 0.216000000000016 0
0.3428571428570985 0.2940000000000085 0
0.3428571428571083 0.2880000000000064 0
0.3428571428571181 0.282000000000004 0
0.342857142857128 0.2760000000000604 0
0.3428571428571378 0.2700000000000769 0
0.3428571428571475 0.2640000000000777 0
0.3428571428571573 0.258000000000096 0
0.3428571428571671 0.252000000000083 0
0.3428571428571768 0.2460000000000655 0
0.3428571428571867 0.2400000000000465 0
0.3428571428571965 0.2340000000000354 0
0.3428571428572063 0.2280000000000344 0
0.3428571428572161 0.2220000000000222 0
0.3428571428572259 0.2160000000000156 0
0.3514285714284873 0.2940000000000079 0
0.3514285714285005 0.2880000000000048 0
0.3514285714285139 0.2820000000000018 0
0.3514285714285272 0.2760000000000561 0
0.3514285714285406 0.2700000000000713 0
0.351428571428554 0.2640000000000721 0
0.3514285714285673 0.2580000000000893 0
0.3514285714285806 0.2520000000000763 0
0.3514285714285941 0.2460000000000606 0
0.3514285714286072 0.2400000000000435 0
0.3514285714286207 0.2340000000000328 0
0.3514285714286341 0.2280000000000317 0
0.3514285714286475 0.2220000000000208 0
0.3514285714286608 0.2160000000000152 0
0.3599999999998807 0.294000000000007 0
0.359999999999898 0.2880000000000033 0
0.3599999999999155 0.2819999999999995 0
0.3599999999999328 0.2760000000000519 0
0.3599999999999501 0.2700000000000658 0
0.3599999999999675 0.2640000000000663 0
0.3599999999999848 0.2580000000000827 0
0.3600000000000021 0.2520000000000695 0
0.3600000000000194 0.2460000000000556 0
0.3600000000000367 0.2400000000000405 0
0.3600000000000542 0.2340000000000302 0
0.3600000000000715 0.2280000000000291 0
0.3600000000000887 0.2220000000000193 0
0.3600000000001061 0.2160000000000147 0
0.3685714285712837 0.2940000000000063 0
0.3685714285713044 0.2880000000000019 0
0.3685714285713251 0.2819999999999973 0
0.3685714285713457 0.2760000000000477 0
0.3685714285713664 0.2700000000000601 0
0.368571428571387 0.2640000000000606 0
0.3685714285714076 0.2580000000000759 0
0.3685714285714282 0.2520000000000627 0
0.3685714285714489 0.2460000000000508 0
0.3685714285714695 0.2400000000000375 0
0.3685714285714902 0.2340000000000276 0
0.3685714285715108 0.2280000000000264 0
0.3685714285715315 0.2220000000000178 0
0.3685714285715521 0.2160000000000143 0
0.3771428571426758 0.2940000000000056 0
0.3771428571427006 0.2880000000000004 0
0.3771428571427251 0.2819999999999951 0
0.3771428571427498 0.2760000000000434 0
0.3771428571427745 0.2700000000000546 0
0.3771428571427992 0.264000000000055 0
0.3771428571428238 0.2580000000000692 0
0.3771428571428486 0.2520000000000558 0
0.3771428571428731 0.2460000000000459 0
0.3771428571428979 0.2400000000000345 0
0.3771428571429225 0.234000000000025 0
0.3771428571429472 0.2280000000000237 0
0.3771428571429718 0.2220000000000163 0
0.3771428571429964 0.2160000000000139 0
0.3857142857140647 0.2940000000000048 0
0.3857142857140929 0.2879999999999988 0
0.3857142857141213 0.2819999999999929 0
0.3857142857141495 0.2760000000000391 0
0.3857142857141778 0.2700000000000491 0
0.385714285714206 0.2640000000000492 0
0.3857142857142344 0.2580000000000626 0
0.3857142857142625 0.2520000000000491 0
0.3857142857142908 0.246000000000041 0
0.3857142857143191 0.2400000000000315 0
0.3857142857143474 0.2340000000000224 0
0.3857142857143757 0.2280000000000211 0
0.385714285714404 0.2220000000000148 0
0.3857142857144322 0.2160000000000135 0
0.3942857142854625 0.294000000000004 0
0.3942857142854951 0.2879999999999974 0
0.3942857142855276 0.2819999999999905 0
0.3942857142855601 0.2760000000000349 0
0.3942857142855926 0.2700000000000435 0
0.3942857142856252 0.2640000000000435 0
0.3942857142856577 0.258000000000056 0
0.3942857142856903 0.2520000000000423 0
0.3942857142857229 0.2460000000000361 0
0.3942857142857553 0.2400000000000285 0
0.394285714285788 0.2340000000000198 0
0.3942857142858205 0.2280000000000184 0
0.3942857142858531 0.2220000000000133 0
0.3942857142858857 0.2160000000000131 0
0.4028571428568646 0.2940000000000033 0
0.4028571428569006 0.2879999999999959 0
0.4028571428569365 0.2819999999999884 0
0.4028571428569726 0.2760000000000306 0
0.4028571428570086 0.2700000000000378 0
0.4028571428570447 0.2640000000000378 0
0.4028571428570807 0.2580000000000493 0
0.4028571428571166 0.2520000000000355 0
0.4028571428571526 0.2460000000000312 0
0.4028571428571887 0.2400000000000255 0
0.4028571428572247 0.2340000000000172 0
0.4028571428572607 0.2280000000000157 0
0.4028571428572967 0.2220000000000119 0
0.4028571428573327 0.2160000000000126 0
0.4114285714282585 0.2940000000000026 0
0.4114285714282974 0.2879999999999944 0
0.4114285714283363 0.2819999999999861 0
0.4114285714283753 0.2760000000000263 0
0.4114285714284142 0.2700000000000324 0
0.4114285714284531 0.2640000000000321 0
0.411428571428492 0.2580000000000426 0
0.4114285714285311 0.2520000000000288 0
0.4114285714285699 0.2460000000000263 0
0.4114285714286088 0.2400000000000225 0
0.4114285714286479 0.2340000000000146 0
0.4114285714286866 0.2280000000000131 0
0.4114285714287257 0.2220000000000104 0
0.4114285714287646 0.2160000000000121 0
0.4199999999996623 0.2940000000000018 0
0.4199999999997039 0.2879999999999929 0
0.4199999999997458 0.2819999999999838 0
0.4199999999997875 0.2760000000000221 0
0.4199999999998294 0.2700000000000267 0
0.419999999999871 0.2640000000000264 0
0.4199999999999129 0.2580000000000359 0
0.4199999999999546 0.2520000000000219 0
0.4199999999999964 0.2460000000000214 0
0.4200000000000381 0.2400000000000195 0
0.4200000000000799 0.234000000000012 0
0.4200000000001217 0.2280000000000104 0
0.4200000000001634 0.2220000000000089 0
0.4200000000002052 0.2160000000000117 0
0.4285714285710843 0.2940000000000011 0
0.4285714285711289 0.2879999999999915 0
0.4285714285711733 0.2819999999999816 0
0.4285714285712178 0.2760000000000179 0
0.4285714285712624 0.2700000000000212 0
0.4285714285713067 0.2640000000000208 0
0.4285714285713514 0.2580000000000293 0
0.4285714285713957 0.2520000000000151 0
0.4285714285714401 0.2460000000000166 0
0.4285714285714848 0.2400000000000165 0
0.4285714285715292 0.2340000000000094 0
0.4285714285715737 0.2280000000000077 0
0.4285714285716182 0.2220000000000074 0
0.4285714285716626 0.2160000000000113 0
0.4371428571424975 0.2940000000000003 0
0.4371428571425442 0.2879999999999899 0
0.4371428571425909 0.2819999999999794 0
0.4371428571426377 0.2760000000000136 0
0.4371428571426843 0.2700000000000156 0
0.4371428571427309 0.264000000000015 0
0.4371428571427777 0.2580000000000226 0
0.4371428571428242 0.2520000000000083 0
0.437142857142871 0.2460000000000116 0
0.4371428571429177 0.2400000000000135 0
0.4371428571429644 0.2340000000000068 0
0.437142857143011 0.2280000000000051 0
0.4371428571430578 0.2220000000000059 0
0.4371428571431044 0.216000000000011 0
0.4457142857138926 0.2939999999999995 0
0.4457142857139423 0.2879999999999885 0
0.4457142857139919 0.2819999999999772 0
0.4457142857140413 0.2760000000000093 0
0.4457142857140908 0.27000000000001 0
0.4457142857141403 0.2640000000000093 0
0.4457142857141898 0.2580000000000159 0
0.4457142857142393 0.2520000000000016 0
0.4457142857142888 0.2460000000000067 0
0.4457142857143384 0.2400000000000105 0
0.4457142857143879 0.2340000000000042 0
0.4457142857144374 0.2280000000000024 0
0.4457142857144869 0.2220000000000045 0
0.4457142857145365 0.2160000000000105 0
0.4542857142853384 0.2939999999999989 0
0.4542857142853853 0.2879999999999869 0
0.4542857142854319 0.281999999999975 0
0.4542857142854789 0.276000000000005 0
0.4542857142855256 0.2700000000000044 0
0.4542857142855726 0.2640000000000036 0
0.4542857142856191 0.2580000000000093 0
0.4542857142856662 0.2519999999999947 0
0.4542857142857128 0.2460000000000018 0
0.4542857142857598 0.2400000000000075 0
0.4542857142858065 0.2340000000000016 0
0.4542857142858533 0.2279999999999998 0
0.4542857142859 0.222000000000003 0
0.4542857142859469 0.2160000000000101 0
0.4628571428568011 0.2939999999999982 0
0.4628571428568444 0.2879999999999855 0
0.4628571428568877 0.2819999999999727 0
0.462857142856931 0.2760000000000008 0
0.4628571428569743 0.2699999999999989 0
0.4628571428570176 0.2639999999999979 0
0.4628571428570609 0.2580000000000026 0
0.4628571428571042 0.2519999999999879 0
0.4628571428571475 0.2459999999999969 0
0.4628571428571908 0.2400000000000045 0
0.4628571428572341 0.233999999999999 0
0.4628571428572774 0.2279999999999971 0
0.4628571428573205 0.2220000000000015 0
0.462857142857364 0.2160000000000097 0
0.4714285714282458 0.2939999999999973 0
0.4714285714282855 0.287999999999984 0
0.4714285714283252 0.2819999999999705 0
0.4714285714283649 0.2759999999999966 0
0.4714285714284046 0.2699999999999933 0
0.4714285714284444 0.2639999999999922 0
0.4714285714284843 0.257999999999996 0
0.4714285714285238 0.2519999999999811 0
0.4714285714285635 0.2459999999999921 0
0.4714285714286033 0.2400000000000015 0
0.471428571428643 0.2339999999999964 0
0.4714285714286828 0.2279999999999944 0
0.4714285714287225 0.2220000000000001 0
0.4714285714287623 0.2160000000000092 0
0.4799999999996868 0.2939999999999967 0
0.4799999999997225 0.2879999999999825 0
0.4799999999997584 0.2819999999999683 0
0.4799999999997943 0.2759999999999924 0
0.4799999999998303 0.2699999999999876 0
0.4799999999998659 0.2639999999999865 0
0.4799999999999019 0.2579999999999892 0
0.4799999999999376 0.2519999999999744 0
0.4799999999999734 0.2459999999999871 0
0.4800000000000092 0.2399999999999985 0
0.4800000000000452 0.2339999999999937 0
0.480000000000081 0.2279999999999918 0
0.4800000000001169 0.2219999999999986 0
0.4800000000001526 0.2160000000000088 0
0.4885714285711473 0.2939999999999959 0
0.4885714285711801 0.287999999999981 0
0.4885714285712133 0.2819999999999661 0
0.4885714285712462 0.275999999999988 0
0.4885714285712791 0.2699999999999821 0
0.4885714285713121 0.2639999999999808 0
0.488571428571345 0.2579999999999825 0
0.4885714285713781 0.2519999999999676 0
0.4885714285714111 0.2459999999999822 0
0.4885714285714441 0.2399999999999955 0
0.4885714285714771 0.2339999999999912 0
0.4885714285715099 0.2279999999999891 0
0.488571428571543 0.2219999999999971 0
0.488571428571576 0.2160000000000084 0
0.4971428571426068 0.2939999999999951 0
0.4971428571426368 0.2879999999999795 0
0.497142857142667 0.2819999999999639 0
0.4971428571426973 0.2759999999999838 0
0.4971428571427275 0.2699999999999765 0
0.4971428571427578 0.2639999999999751 0
0.497142857142788 0.2579999999999759 0
0.4971428571428181 0.2519999999999608 0
0.4971428571428484 0.2459999999999774 0
0.4971428571428784 0.2399999999999925 0
0.4971428571429088 0.2339999999999886 0
0.497142857142939 0.2279999999999865 0
0.4971428571429692 0.2219999999999957 0
0.4971428571429993 0.216000000000008 0
0.505714285714028 0.2939999999999945 0
0.5057142857140569 0.2879999999999781 0
0.5057142857140858 0.2819999999999616 0
0.5057142857141149 0.2759999999999795 0
0.5057142857141441 0.269999999999971 0
0.5057142857141732 0.2639999999999695 0
0.5057142857142023 0.2579999999999693 0
0.5057142857142312 0.2519999999999539 0
0.5057142857142602 0.2459999999999725 0
0.5057142857142893 0.2399999999999895 0
0.5057142857143182 0.233999999999986 0
0.5057142857143475 0.2279999999999838 0
0.5057142857143764 0.2219999999999942 0
0.5057142857144055 0.2160000000000076 0
0.5142857142854392 0.2939999999999938 0
0.5142857142854678 0.2879999999999767 0
0.5142857142854961 0.2819999999999594 0
0.5142857142855247 0.2759999999999753 0
0.5142857142855531 0.2699999999999654 0
0.5142857142855816 0.2639999999999637 0
0.5142857142856103 0.2579999999999625 0
0.5142857142856386 0.2519999999999472 0
0.5142857142856673 0.2459999999999676 0
0.5142857142856957 0.2399999999999865 0
0.5142857142857241 0.2339999999999833 0
0.5142857142857524 0.2279999999999811 0
0.5142857142857812 0.2219999999999926 0
0.5142857142858096 0.2160000000000071 0
0.5228571428568871 0.2939999999999929 0
0.5228571428569151 0.2879999999999751 0
0.5228571428569431 0.2819999999999572 0
0.5228571428569709 0.275999999999971 0
0.5228571428569987 0.2699999999999598 0
0.522857142857027 0.263999999999958 0
0.5228571428570546 0.2579999999999559 0
0.5228571428570827 0.2519999999999404 0
0.5228571428571107 0.2459999999999627 0
0.5228571428571387 0.2399999999999835 0
0.5228571428571664 0.2339999999999808 0
0.5228571428571946 0.2279999999999784 0
0.5228571428572225 0.2219999999999912 0
0.5228571428572506 0.2160000000000067 0
0.5314285714283115 0.2939999999999923 0
0.531428571428339 0.2879999999999736 0
0.5314285714283663 0.281999999999955 0
0.5314285714283938 0.2759999999999668 0
0.5314285714284211 0.2699999999999542 0
0.5314285714284485 0.2639999999999523 0
0.531428571428476 0.2579999999999492 0
0.5314285714285034 0.2519999999999336 0
0.5314285714285308 0.2459999999999578 0
0.5314285714285584 0.2399999999999805 0
0.5314285714285856 0.2339999999999781 0
0.5314285714286129 0.2279999999999758 0
0.5314285714286405 0.2219999999999897 0
0.5314285714286677 0.2160000000000063 0
0.5399999999997104 0.2939999999999915 0
0.5399999999997371 0.2879999999999722 0
0.5399999999997642 0.2819999999999527 0
0.5399999999997911 0.2759999999999625 0
0.5399999999998178 0.2699999999999487 0
0.5399999999998445 0.2639999999999466 0
0.5399999999998717 0.2579999999999426 0
0.5399999999998985 0.2519999999999268 0
0.5399999999999253 0.245999999999953 0
0.5399999999999523 0.2399999999999775 0
0.5399999999999792 0.2339999999999755 0
0.5400000000000059 0.2279999999999731 0
0.5400000000000328 0.2219999999999883 0
0.5400000000000599 0.2160000000000059 0
0.5485714285711295 0.2939999999999907 0
0.5485714285711559 0.2879999999999706 0
0.5485714285711824 0.2819999999999505 0
0.5485714285712088 0.2759999999999583 0
0.548571428571235 0.2699999999999431 0
0.5485714285712613 0.2639999999999409 0
0.5485714285712879 0.2579999999999359 0
0.548571428571314 0.25199999999992 0
0.5485714285713404 0.2459999999999481 0
0.5485714285713669 0.2399999999999745 0
0.5485714285713931 0.233999999999973 0
0.5485714285714195 0.2279999999999704 0
0.5485714285714458 0.2219999999999868 0
0.5485714285714721 0.2160000000000055 0
0.5571428571425937 0.2939999999999901 0
0.5571428571426186 0.2879999999999691 0
0.5571428571426433 0.2819999999999482 0
0.5571428571426681 0.2759999999999539 0
0.5571428571426928 0.2699999999999375 0
0.5571428571427178 0.2639999999999351 0
0.5571428571427425 0.2579999999999292 0
0.5571428571427671 0.2519999999999132 0
0.557142857142792 0.245999999999943 0
0.5571428571428169 0.2399999999999715 0
0.5571428571428417 0.2339999999999703 0
0.5571428571428664 0.2279999999999678 0
0.5571428571428911 0.2219999999999853 0
0.5571428571429159 0.216000000000005 0
0.5657142857140747 0.2939999999999892 0
0.5657142857140944 0.2879999999999677 0
0.5657142857141139 0.281999999999946 0
0.5657142857141333 0.2759999999999498 0
0.5657142857141526 0.269999999999932 0
0.5657142857141721 0.2639999999999295 0
0.5657142857141917 0.2579999999999225 0
0.5657142857142112 0.2519999999999064 0
0.5657142857142308 0.2459999999999382 0
0.5657142857142504 0.2399999999999687 0
0.5657142857142698 0.2339999999999678 0
0.5657142857142892 0.2279999999999651 0
0.5657142857143087 0.2219999999999838 0
0.565714285714328 0.2160000000000046 0
0.5742857142855547 0.2939999999999885 0
0.5742857142855677 0.2879999999999662 0
0.574285714285581 0.2819999999999437 0
0.5742857142855943 0.2759999999999456 0
0.5742857142856072 0.2699999999999264 0
0.5742857142856204 0.2639999999999239 0
0.5742857142856336 0.257999999999916 0
0.5742857142856469 0.2519999999998996 0
0.5742857142856599 0.2459999999999333 0
0.5742857142856731 0.2399999999999657 0
0.5742857142856864 0.2339999999999652 0
0.5742857142856994 0.2279999999999625 0
0.5742857142857127 0.2219999999999824 0
0.5742857142857257 0.2160000000000042 0
0.5828571428570367 0.2939999999999878 0
0.582857142857046 0.2879999999999646 0
0.5828571428570554 0.2819999999999416 0
0.5828571428570644 0.2759999999999413 0
0.5828571428570735 0.2699999999999208 0
0.5828571428570829 0.2639999999999181 0
0.5828571428570921 0.2579999999999091 0
0.5828571428571013 0.2519999999998928 0
0.5828571428571104 0.2459999999999284 0
0.5828571428571195 0.2399999999999625 0
0.5828571428571289 0.2339999999999626 0
0.5828571428571382 0.2279999999999598 0
0.5828571428571473 0.2219999999999809 0
0.5828571428571564 0.2160000000000037 0
0.5914285714285197 0.293999999999987 0
0.5914285714285253 0.2879999999999632 0
0.5914285714285312 0.2819999999999392 0
0.5914285714285369 0.2759999999999371 0
0.5914285714285428 0.2699999999999151 0
0.5914285714285488 0.2639999999999124 0
0.5914285714285545 0.2579999999999025 0
0.5914285714285604 0.251999999999886 0
0.5914285714285663 0.2459999999999235 0
0.5914285714285721 0.2399999999999597 0
0.5914285714285777 0.23399999999996 0
0.5914285714285835 0.2279999999999572 0
0.5914285714285894 0.2219999999999794 0
0.5914285714285954 0.2160000000000033 0
2 10 0 392
2703
2704
2705
2706
2707
2708
2709
2710
2711
2712
2713
2714
2715
2716
2717
2718
2719
2720
2721
2722
2723
2724
2725
2726
2727
2728
2729
2730
2731
2732
2733
2734
2735
2736
2737
2738
2739
2740
2741
2742
2743
2744
2745
2746
2747
2748
2749
2750
2751
2752
2753
2754
2755
2756
2757
2758
2759
2760
2761
2762
2763
2764
2765
2766
2767
2768
2769
2770
2771
2772
2773
2774
2775
2776
2777
2778
2779
2780
2781
2782
2783
2784
2785
2786
2787
2788
2789
2790
2791
2792
2793
2794
2795
2796
2797
2798
2799
2800
2801
2802
2803
2804
2805
2806
2807
2808
2809
2810
2811
2812
2813
2814
2815
2816
2817
2818
2819
2820
2821
2822
2823
2824
2825
2826
2827
2828
2829
2830
2831
2832
2833
2834
2835
2836
2837
2838
2839
2840
2841
2842
2843
2844
2845
2846
2847
2848
2849
2850
2851
2852
2853
2854
2855
2856
2857
2858
2859
2860
2861
2862
2863
2864
2865
2866
2867
2868
2869
2870
2871
2872
2873
2874
2875
2876
2877
2878
2879
2880
2881
2882
2883
2884
2885
2886
2887
2888
2889
2890
2891
2892
2893
2894
2895
2896
2897
2898
2899
2900
2901
2902
2903
2904
2905
2906
2907
2908
2909
2910
2911
2912
2913
2914
2915
2916
2917
2918
2919
2920
2921
2922
2923
2924
2925
2926
2927
2928
2929
2930
2931
2932
2933
2934
2935
2936
2937
2938
2939
2940
2941
2942
2943
2944
2945
2946
2947
2948
2949
2950
2951
2952
2953
2954
2955
2956
2957
2958
2959
2960
2961
2962
2963
2964
2965
2966
2967
2968
2969
2970
2971
2972
2973
2974
2975
2976
2977
2978
2979
2980
2981
2982
2983
2984
2985
2986
2987
2988
2989
2990
2991
2992
2993
2994
2995
2996
2997
2998
2999
3000
3001
3002
3003
3004
3005
3006
3007
3008
3009
3010
3011
3012
3013
3014
3015
3016
3017
3018
3019
3020
3021
3022
3023
3024
3025
3026
3027
3028
3029
3030
3031
3032
3033
3034
3035
3036
3037
3038
3039
3040
3041
3042
3043
3044
3045
3046
3047
3048
3049
3050
3051
3052
3053
3054
3055
3056
3057
3058
3059
3060
3061
3062
3063
3064
3065
3066
3067
3068
3069
3070
3071
3072
3073
3074
3075
3076
3077
3078
3079
3080
3081
3082
3083
3084
3085
3086
3087
3088
3089
3090
3091
3092
3093
3094
0.6107649200407121 0.2939999999999865 0
0.6107649200407123 0.2879999999999621 0
0.6107649200407123 0.2819999999999375 0
0.6107649200407125 0.2759999999999337 0
0.6107649200407123 0.2699999999999109 0
0.6107649200407123 0.2639999999999081 0
0.6107649200407123 0.2579999999998975 0
0.6107649200407121 0.2519999999998809 0
0.6107649200407123 0.2459999999999198 0
0.6107649200407123 0.2399999999999573 0
0.6107649200407121 0.233999999999958 0
0.6107649200407123 0.2279999999999551 0
0.6107649200407123 0.2219999999999783 0
0.6107649200407123 0.216000000000003 0
0.6226063311669309 0.2939999999999865 0
0.6226063311669311 0.2879999999999624 0
0.6226063311669311 0.2819999999999381 0
0.6226063311669308 0.2759999999999349 0
0.622606331166931 0.2699999999999124 0
0.622606331166931 0.2639999999999096 0
0.622606331166931 0.2579999999998991 0
0.622606331166931 0.2519999999998825 0
0.622606331166931 0.2459999999999211 0
0.622606331166931 0.2399999999999581 0
0.622606331166931 0.2339999999999586 0
0.622606331166931 0.2279999999999558 0
0.6226063311669311 0.2219999999999787 0
0.622606331166931 0.2160000000000031 0
0.63563188346254 0.2939999999999869 0
0.6356318834625397 0.2879999999999628 0
0.6356318834625401 0.2819999999999388 0
0.6356318834625401 0.275999999999936 0
0.63563188346254 0.2699999999999141 0
0.6356318834625398 0.2639999999999111 0
0.63563188346254 0.257999999999901 0
0.63563188346254 0.2519999999998845 0
0.63563188346254 0.2459999999999224 0
0.6356318834625401 0.239999999999959 0
0.63563188346254 0.2339999999999594 0
0.63563188346254 0.2279999999999565 0
0.63563188346254 0.2219999999999791 0
0.6356318834625398 0.2160000000000032 0
0.6499599917881168 0.2939999999999871 0
0.6499599917881168 0.2879999999999633 0
0.6499599917881168 0.2819999999999394 0
0.649959991788117 0.2759999999999374 0
0.6499599917881168 0.2699999999999157 0
0.649959991788117 0.263999999999913 0
0.6499599917881169 0.2579999999999032 0
0.6499599917881168 0.2519999999998866 0
0.6499599917881169 0.245999999999924 0
0.6499599917881168 0.2399999999999599 0
0.6499599917881168 0.2339999999999602 0
0.6499599917881169 0.2279999999999574 0
0.6499599917881168 0.2219999999999795 0
0.6499599917881167 0.2160000000000034 0
0.6657209112703949 0.2939999999999874 0
0.6657209112703948 0.2879999999999637 0
0.6657209112703947 0.2819999999999404 0
0.665720911270395 0.2759999999999388 0
0.6657209112703949 0.2699999999999178 0
0.6657209112703949 0.263999999999915 0
0.6657209112703947 0.2579999999999055 0
0.6657209112703948 0.2519999999998889 0
0.6657209112703948 0.2459999999999256 0
0.6657209112703948 0.2399999999999609 0
0.6657209112703949 0.2339999999999611 0
0.6657209112703949 0.2279999999999583 0
0.6657209112703949 0.2219999999999801 0
0.6657209112703949 0.2160000000000035 0
0.6830579224216844 0.2939999999999875 0
0.6830579224216845 0.2879999999999644 0
0.6830579224216844 0.2819999999999411 0
0.6830579224216843 0.2759999999999405 0
0.6830579224216844 0.2699999999999197 0
0.6830579224216844 0.2639999999999171 0
0.6830579224216844 0.2579999999999079 0
0.6830579224216844 0.2519999999998915 0
0.6830579224216844 0.2459999999999275 0
0.6830579224216844 0.239999999999962 0
0.6830579224216844 0.2339999999999621 0
0.6830579224216844 0.2279999999999593 0
0.6830579224216844 0.2219999999999806 0
0.6830579224216844 0.2160000000000037 0
0.7021286341652243 0.2939999999999879 0
0.7021286341652244 0.2879999999999651 0
0.7021286341652244 0.2819999999999421 0
0.7021286341652243 0.2759999999999422 0
0.7021286341652243 0.269999999999922 0
0.7021286341652244 0.2639999999999194 0
0.7021286341652244 0.2579999999999108 0
0.7021286341652244 0.2519999999998944 0
0.7021286341652244 0.2459999999999296 0
0.7021286341652244 0.2399999999999633 0
0.7021286341652244 0.2339999999999632 0
0.7021286341652244 0.2279999999999604 0
0.7021286341652244 0.2219999999999812 0
0.7021286341652244 0.2160000000000039 0
0.723106416587481 0.2939999999999883 0
0.723106416587481 0.2879999999999658 0
0.7231064165874811 0.281999999999943 0
0.7231064165874811 0.2759999999999442 0
0.7231064165874811 0.2699999999999246 0
0.723106416587481 0.2639999999999221 0
0.723106416587481 0.2579999999999138 0
0.723106416587481 0.2519999999998975 0
0.723106416587481 0.2459999999999318 0
0.723106416587481 0.2399999999999647 0
0.723106416587481 0.2339999999999643 0
0.723106416587481 0.2279999999999617 0
0.723106416587481 0.2219999999999819 0
0.723106416587481 0.216000000000004 0
0.7461819774333238 0.2939999999999886 0
0.7461819774333237 0.2879999999999664 0
0.7461819774333237 0.2819999999999441 0
0.7461819774333237 0.2759999999999465 0
0.7461819774333237 0.2699999999999275 0
0.7461819774333239 0.263999999999925 0
0.7461819774333238 0.2579999999999172 0
0.7461819774333237 0.251999999999901 0
0.7461819774333238 0.2459999999999343 0
0.746181977433324 0.2399999999999662 0
0.7461819774333238 0.2339999999999656 0
0.7461819774333238 0.227999999999963 0
0.7461819774333239 0.2219999999999826 0
0.7461819774333238 0.2160000000000042 0
0.7715650946994752 0.293999999999989 0
0.7715650946994753 0.2879999999999673 0
0.7715650946994753 0.2819999999999454 0
0.7715650946994752 0.2759999999999487 0
0.7715650946994752 0.2699999999999306 0
0.7715650946994753 0.2639999999999282 0
0.7715650946994753 0.2579999999999209 0
0.7715650946994753 0.2519999999999047 0
0.7715650946994755 0.245999999999937 0
0.7715650946994754 0.2399999999999679 0
0.7715650946994752 0.2339999999999671 0
0.7715650946994752 0.2279999999999645 0
0.7715650946994752 0.2219999999999834 0
0.7715650946994753 0.2160000000000045 0
0.7994865233690303 0.2939999999999894 0
0.7994865233690303 0.2879999999999682 0
0.79948652336903 0.2819999999999467 0
0.79948652336903 0.2759999999999513 0
0.7994865233690301 0.269999999999934 0
0.7994865233690303 0.2639999999999316 0
0.7994865233690301 0.257999999999925 0
0.79948652336903 0.2519999999999089 0
0.7994865233690303 0.24599999999994 0
0.79948652336903 0.2399999999999696 0
0.7994865233690301 0.2339999999999687 0
0.79948652336903 0.2279999999999661 0
0.79948652336903 0.2219999999999843 0
0.79948652336903 0.2160000000000047 0
0.8302000950608565 0.29399999999999 0
0.8302000950608565 0.2879999999999692 0
0.8302000950608563 0.2819999999999483 0
0.8302000950608563 0.2759999999999542 0
0.8302000950608566 0.2699999999999377 0
0.8302000950608563 0.2639999999999354 0
0.8302000950608563 0.2579999999999295 0
0.8302000950608561 0.2519999999999134 0
0.8302000950608563 0.2459999999999433 0
0.8302000950608562 0.2399999999999717 0
0.8302000950608562 0.2339999999999704 0
0.8302000950608562 0.2279999999999679 0
0.8302000950608562 0.2219999999999853 0
0.8302000950608562 0.216000000000005 0
0.863985024206277 0.2939999999999905 0
0.8639850242062767 0.2879999999999703 0
0.8639850242062764 0.2819999999999498 0
0.863985024206277 0.2759999999999573 0
0.8639850242062768 0.2699999999999419 0
0.8639850242062767 0.2639999999999396 0
0.8639850242062768 0.2579999999999343 0
0.8639850242062768 0.2519999999999185 0
0.8639850242062768 0.245999999999947 0
0.8639850242062768 0.2399999999999738 0
0.8639850242062768 0.2339999999999724 0
0.8639850242062768 0.2279999999999699 0
0.8639850242062768 0.2219999999999865 0
0.8639850242062768 0.2160000000000053 0
0.901148445670807 0.2939999999999911 0
0.9011484456708069 0.2879999999999715 0
0.901148445670807 0.2819999999999518 0
0.9011484456708069 0.2759999999999608 0
0.9011484456708069 0.2699999999999463 0
0.901148445670807 0.2639999999999443 0
0.901148445670807 0.2579999999999398 0
0.901148445670807 0.251999999999924 0
0.901148445670807 0.2459999999999509 0
0.901148445670807 0.2399999999999763 0
0.901148445670807 0.2339999999999745 0
0.901148445670807 0.227999999999972 0
0.901148445670807 0.2219999999999877 0
0.901148445670807 0.2160000000000057 0
0.9420282097962502 0.2939999999999918 0
0.9420282097962502 0.2879999999999728 0
0.9420282097962503 0.2819999999999537 0
0.9420282097962502 0.2759999999999647 0
0.9420282097962502 0.2699999999999513 0
0.9420282097962503 0.2639999999999494 0
0.9420282097962503 0.2579999999999458 0
0.9420282097962506 0.2519999999999301 0
0.9420282097962505 0.2459999999999553 0
0.9420282097962502 0.239999999999979 0
0.9420282097962502 0.2339999999999768 0
0.94202820979625 0.2279999999999744 0
0.9420282097962502 0.221999999999989 0
0.9420282097962502 0.2160000000000061 0
0.9869959507525264 0.2939999999999925 0
0.9869959507525259 0.2879999999999743 0
0.9869959507525262 0.2819999999999559 0
0.9869959507525262 0.2759999999999688 0
0.9869959507525262 0.2699999999999569 0
0.9869959507525264 0.2639999999999549 0
0.9869959507525264 0.2579999999999523 0
0.9869959507525262 0.2519999999999367 0
0.9869959507525263 0.24599999999996 0
0.9869959507525261 0.2399999999999819 0
0.9869959507525261 0.2339999999999794 0
0.9869959507525261 0.227999999999977 0
0.9869959507525261 0.2219999999999904 0
0.986995950752526 0.2160000000000065 0
1.036460465594704 0.2939999999999933 0
1.036460465594704 0.2879999999999759 0
1.036460465594704 0.2819999999999583 0
1.036460465594704 0.2759999999999734 0
1.036460465594704 0.2699999999999629 0
1.036460465594704 0.2639999999999612 0
1.036460465594704 0.2579999999999595 0
1.036460465594704 0.2519999999999442 0
1.036460465594704 0.2459999999999654 0
1.036460465594704 0.2399999999999852 0
1.036460465594704 0.2339999999999822 0
1.036460465594704 0.2279999999999799 0
1.036460465594704 0.221999999999992 0
1.036460465594704 0.216000000000007 0
1.090871431281683 0.2939999999999942 0
1.090871431281683 0.2879999999999777 0
1.090871431281683 0.2819999999999609 0
1.090871431281683 0.2759999999999784 0
1.090871431281683 0.2699999999999695 0
1.090871431281683 0.2639999999999679 0
1.090871431281683 0.2579999999999675 0
1.090871431281683 0.2519999999999522 0
1.090871431281683 0.2459999999999712 0
1.090871431281683 0.2399999999999887 0
1.090871431281683 0.2339999999999852 0
1.090871431281683 0.227999999999983 0
1.090871431281683 0.2219999999999938 0
1.090871431281683 0.2160000000000074 0
1.150723493197307 0.2939999999999952 0
1.150723493197306 0.2879999999999796 0
1.150723493197306 0.2819999999999638 0
1.150723493197306 0.275999999999984 0
1.150723493197306 0.2699999999999768 0
1.150723493197307 0.2639999999999754 0
1.150723493197307 0.2579999999999762 0
1.150723493197307 0.2519999999999611 0
1.150723493197307 0.2459999999999776 0
1.150723493197307 0.2399999999999926 0
1.150723493197307 0.2339999999999887 0
1.150723493197307 0.2279999999999865 0
1.150723493197307 0.2219999999999957 0
1.150723493197306 0.216000000000008 0
1.2165607620884 0.2939999999999963 0
1.2165607620884 0.2879999999999817 0
1.2165607620884 0.2819999999999672 0
1.2165607620884 0.2759999999999901 0
1.2165607620884 0.2699999999999849 0
1.2165607620884 0.2639999999999836 0
1.2165607620884 0.2579999999999858 0
1.2165607620884 0.2519999999999708 0
1.2165607620884 0.2459999999999846 0
1.2165607620884 0.239999999999997 0
1.2165607620884 0.2339999999999924 0
1.2165607620884 0.2279999999999904 0
1.2165607620884 0.2219999999999978 0
1.2165607620884 0.2160000000000086 0
1.288981757788721 0.2939999999999974 0
1.288981757788722 0.2879999999999842 0
1.288981757788722 0.2819999999999708 0
1.288981757788722 0.2759999999999968 0
1.288981757788721 0.2699999999999936 0
1.288981757788722 0.2639999999999926 0
1.288981757788722 0.2579999999999965 0
1.288981757788722 0.2519999999999816 0
1.288981757788722 0.2459999999999924 0
1.288981757788722 0.2400000000000017 0
1.288981757788722 0.2339999999999966 0
1.288981757788721 0.2279999999999946 0
1.288981757788722 0.2220000000000002 0
1.288981757788722 0.2160000000000093 0
1.368644853141431 0.2939999999999988 0
1.368644853141431 0.2879999999999867 0
1.368644853141431 0.2819999999999745 0
1.368644853141431 0.2760000000000044 0
1.368644853141431 0.2700000000000034 0
1.368644853141431 0.2640000000000025 0
1.368644853141431 0.2580000000000081 0
1.368644853141431 0.2519999999999934 0
1.368644853141431 0.2460000000000009 0
1.368644853141431 0.2400000000000069 0
1.368644853141431 0.234000000000001 0
1.368644853141432 0.2279999999999993 0
1.368644853141431 0.2220000000000028 0
1.368644853141431 0.21600000000001 0
1.456274258086203 0.2940000000000002 0
1.456274258086203 0.2879999999999895 0
1.456274258086203 0.2819999999999788 0
1.456274258086203 0.2760000000000125 0
1.456274258086203 0.2700000000000141 0
1.456274258086203 0.2640000000000134 0
1.456274258086203 0.2580000000000208 0
1.456274258086203 0.2520000000000066 0
1.456274258086203 0.2460000000000103 0
1.456274258086203 0.2400000000000127 0
1.456274258086203 0.2340000000000061 0
1.456274258086203 0.2280000000000044 0
1.456274258086203 0.2220000000000056 0
1.456274258086203 0.2160000000000108 0
1.552666603042935 0.2940000000000018 0
1.552666603042935 0.2879999999999927 0
1.552666603042935 0.2819999999999837 0
1.552666603042935 0.2760000000000215 0
1.552666603042935 0.2700000000000258 0
1.552666603042935 0.2640000000000255 0
1.552666603042935 0.2580000000000348 0
1.552666603042935 0.2520000000000209 0
1.552666603042935 0.2460000000000207 0
1.552666603042935 0.2400000000000191 0
1.552666603042935 0.2340000000000116 0
1.552666603042935 0.22800000000001 0
1.552666603042935 0.2220000000000087 0
1.552666603042935 0.2160000000000117 0
1.658698182236874 0.2940000000000034 0
1.658698182236874 0.2879999999999961 0
1.658698182236874 0.2819999999999888 0
1.658698182236874 0.2760000000000312 0
1.658698182236874 0.2700000000000388 0
1.658698182236874 0.2640000000000388 0
1.658698182236874 0.2580000000000504 0
1.658698182236874 0.2520000000000366 0
1.658698182236874 0.246000000000032 0
1.658698182236874 0.2400000000000259 0
1.658698182236874 0.2340000000000176 0
1.658698182236874 0.2280000000000161 0
1.658698182236874 0.2220000000000121 0
1.658698182236874 0.2160000000000127 0
1.775332919610929 0.2940000000000054 0
1.775332919610928 0.2879999999999999 0
1.775332919610928 0.2819999999999944 0
1.775332919610928 0.2760000000000421 0
1.775332919610929 0.270000000000053 0
1.775332919610928 0.2640000000000533 0
1.775332919610929 0.2580000000000673 0
1.775332919610928 0.252000000000054 0
1.775332919610928 0.2460000000000445 0
1.775332919610929 0.2400000000000336 0
1.775332919610928 0.2340000000000243 0
1.775332919610928 0.2280000000000229 0
1.775332919610928 0.2220000000000159 0
1.775332919610928 0.2160000000000137 0
1.903631131315488 0.2940000000000074 0
1.903631131315489 0.2880000000000042 0
1.903631131315488 0.2820000000000008 0
1.903631131315488 0.2760000000000541 0
1.903631131315487 0.2700000000000687 0
1.903631131315488 0.2640000000000693 0
1.903631131315488 0.2580000000000861 0
1.903631131315488 0.2520000000000729 0
1.903631131315488 0.2460000000000582 0
1.903631131315488 0.240000000000042 0
1.903631131315488 0.2340000000000315 0
1.903631131315488 0.2280000000000305 0
1.903631131315488 0.22200000000002 0
1.903631131315488 0.216000000000015 0
2.044759163877865 0.2940000000000097 0
2.044759163877865 0.2880000000000087 0
2.044759163877865 0.2820000000000076 0
2.044759163877865 0.2760000000000672 0
2.044759163877865 0.2700000000000859 0
2.044759163877864 0.2640000000000868 0
2.044759163877865 0.2580000000001066 0
2.044759163877865 0.252000000000094 0
2.044759163877865 0.2460000000000733 0
2.044759163877865 0.2400000000000513 0
2.044759163877864 0.2340000000000396 0
2.044759163877865 0.2280000000000387 0
2.044759163877865 0.2220000000000246 0
2.044759163877865 0.2160000000000163 0
2 11 0 112
3095
3096
3097
3098
3099
3100
3101
3102
3103
3104
3105
3106
3107
3108
3109
3110
3111
3112
3113
3114
3115
3116
3117
3118
3119
3120
3121
3122
3123
3124
3125
3126
3127
3128
3129
3130
3131
3132
3133
3134
3135
3136
3137
3138
3139
3140
3141
3142
3143
3144
3145
3146
3147
3148
3149
3150
3151
3152
3153
3154
3155
3156
3157
3158
3159
3160
3161
3162
3163
3164
3165
3166
3167
3168
3169
3170
3171
3172
3173
3174
3175
3176
3177
3178
3179
3180
3181
3182
3183
3184
3185
3186
3187
3188
3189
3190
3191
3192
3193
3194
3195
3196
3197
3198
3199
3200
3201
3202
3203
3204
3205
3206
0.6107649200407123 0.2059999999999884 0
0.6107649200407123 0.2019999999999755 0
0.6107649200407123 0.1979999999999603 0
0.6107649200407123 0.1939999999999764 0
0.622606331166931 0.2059999999999886 0
0.6226063311669311 0.201999999999976 0
0.622606331166931 0.1979999999999608 0
0.622606331166931 0.1939999999999766 0
0.63563188346254 0.2059999999999888 0
0.63563188346254 0.2019999999999765 0
0.63563188346254 0.1979999999999613 0
0.6356318834625402 0.1939999999999769 0
0.6499599917881169 0.2059999999999892 0
0.6499599917881168 0.2019999999999771 0
0.6499599917881168 0.1979999999999619 0
0.6499599917881168 0.1939999999999773 0
0.6657209112703949 0.2059999999999896 0
0.6657209112703948 0.2019999999999778 0
0.6657209112703948 0.1979999999999625 0
0.6657209112703948 0.1939999999999776 0
0.6830579224216844 0.20599999999999 0
0.6830579224216844 0.2019999999999784 0
0.6830579224216844 0.1979999999999633 0
0.6830579224216844 0.193999999999978 0
0.7021286341652244 0.2059999999999904 0
0.7021286341652244 0.2019999999999792 0
0.7021286341652244 0.197999999999964 0
0.7021286341652244 0.1939999999999784 0
0.7231064165874811 0.2059999999999909 0
0.723106416587481 0.2019999999999801 0
0.723106416587481 0.1979999999999649 0
0.723106416587481 0.1939999999999789 0
0.7461819774333239 0.2059999999999914 0
0.7461819774333238 0.201999999999981 0
0.746181977433324 0.1979999999999658 0
0.746181977433324 0.1939999999999794 0
0.7715650946994753 0.2059999999999919 0
0.7715650946994751 0.201999999999982 0
0.7715650946994753 0.1979999999999668 0
0.7715650946994753 0.19399999999998 0
0.7994865233690301 0.2059999999999926 0
0.79948652336903 0.2019999999999832 0
0.7994865233690303 0.197999999999968 0
0.7994865233690299 0.1939999999999806 0
0.8302000950608565 0.2059999999999933 0
0.8302000950608563 0.2019999999999844 0
0.8302000950608563 0.1979999999999693 0
0.8302000950608562 0.1939999999999813 0
0.8639850242062768 0.205999999999994 0
0.8639850242062765 0.2019999999999858 0
0.8639850242062768 0.1979999999999706 0
0.8639850242062768 0.1939999999999821 0
0.9011484456708072 0.2059999999999949 0
0.901148445670807 0.2019999999999873 0
0.901148445670807 0.1979999999999721 0
0.9011484456708069 0.1939999999999829 0
0.9420282097962502 0.2059999999999957 0
0.9420282097962503 0.201999999999989 0
0.9420282097962506 0.1979999999999738 0
0.9420282097962501 0.1939999999999838 0
0.9869959507525262 0.2059999999999967 0
0.9869959507525261 0.2019999999999908 0
0.9869959507525259 0.1979999999999756 0
0.9869959507525259 0.1939999999999848 0
1.036460465594704 0.2059999999999978 0
1.036460465594704 0.2019999999999928 0
1.036460465594704 0.1979999999999776 0
1.036460465594704 0.1939999999999859 0
1.090871431281683 0.205999999999999 0
1.090871431281683 0.2019999999999951 0
1.090871431281683 0.1979999999999798 0
1.090871431281683 0.1939999999999871 0
1.150723493197307 0.2060000000000003 0
1.150723493197307 0.2019999999999975 0
1.150723493197307 0.1979999999999823 0
1.150723493197307 0.1939999999999885 0
1.2165607620884 0.2060000000000018 0
1.2165607620884 0.2020000000000002 0
1.2165607620884 0.1979999999999849 0
1.2165607620884 0.1939999999999899 0
1.288981757788721 0.2060000000000035 0
1.288981757788722 0.2020000000000031 0
1.288981757788722 0.1979999999999879 0
1.288981757788722 0.1939999999999915 0
1.368644853141431 0.2060000000000052 0
1.368644853141431 0.2020000000000063 0
1.368644853141431 0.1979999999999911 0
1.368644853141431 0.1939999999999933 0
1.456274258086204 0.2060000000000073 0
1.456274258086203 0.2020000000000099 0
1.456274258086203 0.1979999999999947 0
1.456274258086203 0.1939999999999953 0
1.552666603042935 0.2060000000000093 0
1.552666603042935 0.2020000000000138 0
1.552666603042935 0.1979999999999986 0
1.552666603042935 0.1939999999999975 0
1.658698182236874 0.2060000000000118 0
1.658698182236874 0.2020000000000182 0
1.658698182236874 0.198000000000003 0
1.658698182236874 0.1939999999999998 0
1.775332919610928 0.2060000000000143 0
1.775332919610928 0.2020000000000229 0
1.775332919610928 0.1980000000000077 0
1.775332919610928 0.1940000000000024 0
1.903631131315488 0.2060000000000172 0
1.903631131315488 0.2020000000000281 0
1.903631131315488 0.1980000000000129 0
1.903631131315488 0.1940000000000053 0
2.044759163877865 0.2060000000000204 0
2.044759163877865 0.2020000000000338 0
2.044759163877865 0.1980000000000187 0
2.044759163877865 0.1940000000000085 0
2 12 0 196
3207
3208
3209
3210
3211
3212
3213
3214
3215
3216
3217
3218
3219
3220
3221
3222
3223
3224
3225
3226
3227
3228
3229
3230
3231
3232
3233
3234
3235
3236
3237
3238
3239
3240
3241
3242
3243
3244
3245
3246
3247
3248
3249
3250
3251
3252
3253
3254
3255
3256
3257
3258
3259
3260
3261
3262
3263
3264
3265
3266
3267
3268
3269
3270
3271
3272
3273
3274
3275
3276
3277
3278
3279
3280
3281
3282
3283
3284
3285
3286
3287
3288
3289
3290
3291
3292
3293
3294
3295
3296
3297
3298
3299
3300
3301
3302
3303
3304
3305
3306
3307
3308
3309
3310
3311
3312
3313
3314
3315
3316
3317
3318
3319
3320
3321
3322
3323
3324
3325
3326
3327
3328
3329
3330
3331
3332
3333
3334
3335
3336
3337
3338
3339
3340
3341
3342
3343
3344
3345
3346
3347
3348
3349
3350
3351
3352
3353
3354
3355
3356
3357
3358
3359
3360
3361
3362
3363
3364
3365
3366
3367
3368
3369
3370
3371
3372
3373
3374
3375
3376
3377
3378
3379
3380
3381
3382
3383
3384
3385
3386
3387
3388
3389
3390
3391
3392
3393
3394
3395
3396
3397
3398
3399
3400
3401
3402
0.1231720263158613 0.1108977757274117 0
0.1348835511305341 0.1103494834989413 0
0.146648253982494 0.1098830782736623 0
0.1584572840401332 0.1095036700814768 0
0.1703013048020152 0.1092154158005364 0
0.1821705964156728 0.1090214736026139 0
0.1940551621370665 0.1089239683612042 0
0.2059448378897407 0.1089239683626302 0
0.2178294036078351 0.1090214736063913 0
0.2296986952115818 0.1092154158042547 0
0.2415427159743805 0.109503670087133 0
0.2533517460278057 0.1098830782789884 0
0.2651164488787659 0.1103494835050408 0
0.2768279736892454 0.1108977757315912 0
0.1313709371522418 0.1199792555197318 0
0.1417309548651529 0.1189740530998895 0
0.1521884656465311 0.1181189768527107 0
0.1627272429717339 0.117423395166359 0
0.1733301699214447 0.1168949289841196 0
0.1839794267661223 0.1165393682875813 0
0.1946566861416766 0.1163606086781558 0
0.2053433139078837 0.1163606086807698 0
0.2160205732773292 0.1165393682945059 0
0.2266698301037735 0.116894928990935 0
0.2372727570551055 0.1174233951767268 0
0.2478115343725138 0.1181189768624727 0
0.2582690451519973 0.1189740531110687 0
0.2686290628571824 0.1199792555273907 0
0.1382033627411423 0.1275471552269466 0
0.1474371245537358 0.1261611943203172 0
0.156805308626862 0.1249822255600121 0
0.1662855420251136 0.1240231659660229 0
0.1758542241477096 0.1232945232025339 0
0.1854867853676543 0.1228042804259461 0
0.1951579561375918 0.1225578088442447 0
0.2048420439309362 0.1225578088478482 0
0.2145132146924235 0.1228042804354918 0
0.2241457758871996 0.123294523211928 0
0.2337144580120042 0.1240231659803138 0
0.2431946913994776 0.1249822255734667 0
0.2525628754699631 0.1261611943357247 0
0.2617966372718866 0.1275471552374991 0
0.1438970507308697 0.1338537383151603 0
0.1521922659600329 0.1321504786695991 0
0.1606526777764447 0.1307015994817377 0
0.1692507912357281 0.1295229749647572 0
0.1779576026692159 0.1286275183835908 0
0.186742917535368 0.1280250405403157 0
0.1955756811341081 0.1277221423150619 0
0.2044243189502162 0.1277221423194907 0
0.213257082538555 0.1280250405520478 0
0.2220423973737589 0.1286275183951371 0
0.2307492088099447 0.1295229749823223 0
0.2393473222559633 0.1307015994982756 0
0.247807734069113 0.1321504786885377 0
0.2561029492851529 0.133853738328133 0
0.1486417907160246 0.1391092242150462 0
0.1561548837933636 0.1371415489540595 0
0.1638588187301807 0.1354677444101998 0
0.1717218322412962 0.1341061491243031 0
0.179710418101477 0.1330716810285905 0
0.1877896943404023 0.1323756739632011 0
0.195923785297402 0.1320257535350502 0
0.2040762148000674 0.1320257535401681 0
0.2122103057450398 0.1323756739767588 0
0.2202895819482008 0.1330716810419366 0
0.2282781678114875 0.1341061491446051 0
0.2361411813072661 0.1354677444293181 0
0.243845116240303 0.137141548975954 0
0.2513582093024744 0.1391092242300517 0
0.1525957406956008 0.1434887957893611 0
0.1594570653144162 0.1413007741826341 0
0.1665306028528572 0.1394395318424898 0
0.1737810330750826 0.1379254609161387 0
0.1811710976253955 0.1367751498918721 0
0.1886620083428325 0.136001201808211 0
0.1962138720995697 0.1356120962110574 0
0.2037861280088832 0.1356120962167474 0
0.2113379917522384 0.1360012018232843 0
0.2188289024298972 0.1367751499067082 0
0.226218966983656 0.1379254609387079 0
0.2334693971888177 0.1394395318637408 0
0.2405429347230471 0.1413007742069706 0
0.2474042593249911 0.1434887958060353 0
0.1558906990326076 0.1471384387908807 0
0.1622088832659069 0.1447667952282179 0
0.1687570896357333 0.142749354723523 0
0.1754970337806757 0.1411082207626632 0
0.1823883305696311 0.1398613739639966 0
0.1893889366827466 0.1390224750313693 0
0.1964556111028828 0.1386007151265098 0
0.2035443890146983 0.1386007151326783 0
0.2106110634203232 0.1390224750477104 0
0.2176116694903162 0.1398613739800826 0
0.2245029662830007 0.1411082207871332 0
0.2312429104094404 0.1427493547465662 0
0.2377911167746954 0.1447667952546073 0
0.2441093009897038 0.1471384388089667 0
0.1586364976723227 0.1501798079871055 0
0.164502064913482 0.1476551461264058 0
0.1706124953053909 0.1455075404833745 0
0.1769270343819739 0.1437605206594387 0
0.1834026913659319 0.1424332273813568 0
0.1899947103049791 0.1415402027407539 0
0.196657060274187 0.1410912309125527 0
0.2033429398510065 0.1410912309191196 0
0.2100052898047622 0.1415402027581505 0
0.2165973086978996 0.1424332273984825 0
0.2230729656858227 0.1437605206854903 0
0.2293875047427039 0.1455075405079079 0
0.2354979351297416 0.1476551461545021 0
0.2413635023514268 0.1501798080063635 0
0.160924663178952 0.152714282287975 0
0.166413049597692 0.1500621051803855 0
0.1721586666788907 0.1478060285899944 0
0.1781187015359426 0.1459707705478486 0
0.1842479920197438 0.1445764385376951 0
0.1904995216510069 0.1436383091409665 0
0.1968249345816731 0.1431666607102418 0
0.2031750655498808 0.1431666607171396 0
0.2095004784643107 0.1436383091592394 0
0.2157520080473413 0.1445764385556817 0
0.2218812985353043 0.1459707705752101 0
0.2278413333716552 0.1478060286157595 0
0.233586950447733 0.1500621052098919 0
0.2390753368460129 0.152714282308195 0
0.1628314677395077 0.154826344174019 0
0.1680055368108961 0.1520679043622657 0
0.1734471428043478 0.1497214353170835 0
0.1791117574828412 0.1478126454275212 0
0.184952409220795 0.1463624478081378 0
0.1909201977664489 0.1453867311151964 0
0.1969648298358303 0.1448961855159833 0
0.2030351703010135 0.1448961855231574 0
0.2090798023535053 0.1453867311342014 0
0.215047590848991 0.1463624478268453 0
0.2208882425912706 0.1478126454559793 0
0.2265528572482302 0.1497214353438814 0
0.2319944632363528 0.1520679043929548 0
0.2371685322864596 0.1548263441950497 0
0.1644204715072101 0.1565863957094352 0
0.1693326094612058 0.1537394036460376 0
0.1745208728867584 0.1513176075567492 0
0.1799393040881952 0.1493475411289364 0
0.1855394235429021 0.1478507888361545 0
0.1912707611887564 0.1468437493970148 0
0.1970814092118914 0.1463374561577193 0
0.2029185909293613 0.1463374561651237 0
0.2087292389350621 0.14684374941663 0
0.2144605765291355 0.1478507888554625 0
0.2200606959883047 0.149347541158308 0
0.2254791271675139 0.1513176075844071 0
0.2306673905875639 0.1537394036777118 0
0.2355795285195931 0.1565863957311407 0
0.1657446413163357 0.1580531053252806 0
0.1704385033387242 0.1551323197186957 0
0.1754156479572619 0.1526477510925239 0
0.1806289262607321 0.1506266208827317 0
0.1860286021456563 0.1490910730287053 0
0.1915628973746079 0.148057931301014 0
0.1971785586921385 0.1475385150282899 0
0.2028214414527831 0.1475385150358866 0
0.2084371027524258 0.1480579313211386 0
0.2139713979282523 0.1490910730485156 0
0.2193710738177527 0.1506266209128669 0
0.2245843520984168 0.1526477511209019 0
0.2295614967113075 0.1551323197511945 0
0.234255358711159 0.1580531053475533 0
0.1668481161539146 0.1592753633347641 0
0.1713600815671846 0.1562930831090433 0
0.1761612938470794 0.1537562040356278 0
0.1812036114027646 0.1516925206743152 0
0.1864362509800456 0.1501246431860167 0
0.1918063441954118 0.1490697495512649 0
0.1972595165921005 0.1485393974173834 0
0.2027404835558839 0.1485393974251399 0
0.2081936559343065 0.149069749571813 0
0.2135637490954275 0.1501246432062436 0
0.2187963886773795 0.1516925207050843 0
0.2238387062097768 0.1537562040646024 0
0.2286399184839041 0.1562930831422255 0
0.2331518838741616 0.1592753633575047 0
0.1677676785109329 0.160293911667548 0
0.1721280634178619 0.1572603859263058 0
0.1767826654167708 0.1546799148138823 0
0.1816825156838175 0.1525807704932637 0
0.1867759583392174 0.1509859516432953 0
0.192009216544398 0.149912931419477 0
0.1973269815081753 0.1493734660680399 0
0.2026730186423608 0.1493734660759296 0
0.2079907835875569 0.149912931440378 0
0.2132240417375589 0.1509859516638696 0
0.2183174843977088 0.1525807705245614 0
0.223217334641066 0.1546799148433546 0
0.2278719366341071 0.1572603859600578 0
0.2322323215176274 0.1602939116906789 0
2 13 0 196
3403
3404
3405
3406
3407
3408
3409
3410
3411
3412
3413
3414
3415
3416
3417
3418
3419
3420
3421
3422
3423
3424
3425
3426
3427
3428
3429
3430
3431
3432
3433
3434
3435
3436
3437
3438
3439
3440
3441
3442
3443
3444
3445
3446
3447
3448
3449
3450
3451
3452
3453
3454
3455
3456
3457
3458
3459
3460
3461
3462
3463
3464
3465
3466
3467
3468
3469
3470
3471
3472
3473
3474
3475
3476
3477
3478
3479
3480
3481
3482
3483
3484
3485
3486
3487
3488
3489
3490
3491
3492
3493
3494
3495
3496
3497
3498
3499
3500
3501
3502
3503
3504
3505
3506
3507
3508
3509
3510
3511
3512
3513
3514
3515
3516
3517
3518
3519
3520
3521
3522
3523
3524
3525
3526
3527
3528
3529
3530
3531
3532
3533
3534
3535
3536
3537
3538
3539
3540
3541
3542
3543
3544
3545
3546
3547
3548
3549
3550
3551
3552
3553
3554
3555
3556
3557
3558
3559
3560
3561
3562
3563
3564
3565
3566
3567
3568
3569
3570
3571
3572
3573
3574
3575
3576
3577
3578
3579
3580
3581
3582
3583
3584
3585
3586
3587
3588
3589
3590
3591
3592
3593
3594
3595
3596
3597
3598
0.2908321929053812 0.1847308697185915 0
0.2907430744346087 0.1794649543282277 0
0.2906409705482931 0.1742027621287672 0
0.2905260360176418 0.168944795770027 0
0.2903984450617453 0.1636915514940157 0
0.2902583910857525 0.1584435183885381 0
0.2901060863888123 0.1532011776466165 0
0.2899417618355535 0.1479650018230451 0
0.2897656665112829 0.1427354541303903 0
0.2895780673492526 0.1375129877431504 0
0.2893792487135733 0.1322980450901858 0
0.2891695119784492 0.1270910572013554 0
0.2889491750676264 0.1218924430478425 0
0.2887185719734723 0.116702608908357 0
0.2831923536435154 0.1853399278187242 0
0.2830289697802711 0.1806857496043421 0
0.282841779321841 0.1760383972399833 0
0.2826310660154391 0.1713987922502852 0
0.2823971492627321 0.1667678444122136 0
0.2821403836398257 0.1621464503868472 0
0.2818611583618277 0.1575354923613421 0
0.2815598966805571 0.1529358366861551 0
0.2812370552524108 0.1483483325843394 0
0.2808931234550177 0.1437738108757954 0
0.2805286226225816 0.1392130826801108 0
0.2801441052744771 0.1346669382186929 0
0.2797401542709059 0.1301361456053695 0
0.2793173819312091 0.1256214496844285 0
0.2768258210259792 0.1858474762274718 0
0.2766005493366566 0.1817030789850098 0
0.2763424534025885 0.1775680931417965 0
0.2760519244509929 0.1734437892848148 0
0.2757294028690147 0.1693314218034891 0
0.2753753775418883 0.1652322270032874 0
0.2749903851146844 0.1611474212331388 0
0.2745750091618785 0.1570781990065473 0
0.2741298793157727 0.1530257312219666 0
0.2736556703243073 0.1489911634037936 0
0.2731531009967605 0.1449756139138842 0
0.2726229331401456 0.1409801722999314 0
0.2720659703950405 0.1370058976279618 0
0.2714830570199271 0.1330538168802406 0
0.2715203771789244 0.1862704332346863 0
0.2712435323012162 0.1825508534687485 0
0.2709263484707976 0.1788428397264139 0
0.2705693064815566 0.1751479534799525 0
0.2701729475418691 0.1714677362958381 0
0.2697378724612443 0.1678037075165295 0
0.2692647407430548 0.1641573619590999 0
0.2687542695639905 0.1605301676062593 0
0.2682072327029402 0.1569235634192951 0
0.2676244593831042 0.1533389571763512 0
0.2670068329763227 0.149777723274507 0
0.2663552896959741 0.1462412007000268 0
0.2656708171662838 0.1427306909791027 0
0.2649544529283507 0.1392474562089815 0
0.2670991739789791 0.1866228974068995 0
0.2667793514443327 0.1832573322042644 0
0.2664129277003469 0.1799051285455254 0
0.2660004581798009 0.1765680903073585 0
0.2655425681087635 0.1732479983704445 0
0.2650399515669725 0.1699466079414011 0
0.2644933704397187 0.1666656458940882 0
0.2639036532388699 0.1634068081022202 0
0.2632716938654717 0.1601717569127788 0
0.2625984502721063 0.1569621186486972 0
0.2618849429660826 0.1537794810697405 0
0.2611322534994167 0.1506253910276487 0
0.2603415228160391 0.1475013520987521 0
0.2595139495258967 0.1444088223094478 0
0.2634148379865456 0.1869166175498102 0
0.2630592007378579 0.1838460644826579 0
0.2626517437326504 0.1807903692263093 0
0.2621930846027785 0.1777515376611118 0
0.261683918589055 0.1747315500962514 0
0.2611250174964077 0.1717323582918116 0
0.2605172285283928 0.1687558825023068 0
0.2598614729761926 0.165804008510622 0
0.2591587448426494 0.1628785848184836 0
0.258410109354831 0.1599814198694821 0
0.2576167012996026 0.1571142792256202 0
0.2567797233445117 0.1542788829598676 0
0.2559004441999097 0.151476903023669 0
0.2549801966997827 0.1487099607177135 0
0.2603445579734893 0.187161384337108 0
0.2599590751295838 0.1843366747177369 0
0.2595174237398143 0.1815280697982672 0
0.2590202732685997 0.1787377437954396 0
0.2584683773023735 0.175967843208863 0
0.2578625724170552 0.1732204835931761 0
0.257203776914756 0.1704977463534402 0
0.2564929894027547 0.1678016755301829 0
0.2557312873020574 0.165134274754086 0
0.2549198252351373 0.1624975042359549 0
0.2540598332218237 0.1598932777063251 0
0.2531526148592744 0.1573234595891917 0
0.2521995453298586 0.1547898621485956 0
0.2512020693209298 0.1522942427471368 0
0.2577859912721819 0.1873653566617532 0
0.2573756370986944 0.1847455165841053 0
0.2569054903881887 0.1821428202806165 0
0.2563762637988877 0.1795595822483567 0
0.2557887595385753 0.1769980874789549 0
0.2551438681589983 0.1744605880225139 0
0.2544425672110645 0.1719492995762187 0
0.2536859197321328 0.169466398061967 0
0.2528750726583475 0.1670140163845712 0
0.2520112551083531 0.164594241227517 0
0.2510957764627834 0.1622091097951184 0
0.2501300244268051 0.1598606068038926 0
0.2491154629094703 0.1575506614450453 0
0.248053629809272 0.1552811444661032 0
0.2556538523791055 0.1875353335969904 0
0.2552227720978725 0.1850862181354692 0
0.254728879287028 0.1826551123433118 0
0.2541729225996308 0.1802444476178613 0
0.2535557447612563 0.1778566243607619 0
0.2528782813035074 0.1754940083683351 0
0.2521415591512876 0.1731589272478677 0
0.2513466950336894 0.1708536668223981 0
0.250494893816138 0.1685804677251792 0
0.2495874466974197 0.1663415220335964 0
0.2486257291921714 0.1641389698467773 0
0.2476111990955666 0.1619748961250066 0
0.2465453942555587 0.159851327498793 0
0.2454299302465898 0.1577702292031008 0
0.2538770699945398 0.1876769810409196 0
0.253428717957111 0.1853701360907264 0
0.2529150367296135 0.1830820223892234 0
0.2523368049608022 0.1808151687506468 0
0.2516948991410786 0.178572071751652 0
0.2509902922852579 0.1763551919770746 0
0.2502240524632402 0.1741669502926184 0
0.2493973411472282 0.1720097241056041 0
0.2485114114770468 0.1698858438229838 0
0.2475676063849336 0.1677975893503912 0
0.2465673564971939 0.1657471865326308 0
0.2455121780173389 0.1637368038664591 0
0.2444036704090726 0.1617685491818024 0
0.2432435139767936 0.1598444664531555 0
0.2523964180379546 0.1877950205750937 0
0.2519336728706572 0.1856067343818961 0
0.251403501296287 0.1834377807534817 0
0.2508067069600114 0.1812907696848292 0
0.2501441944895866 0.1791682778984347 0
0.2494169681358375 0.1770728449695615 0
0.2486261302561601 0.1750069694792584 0
0.2477728796086819 0.17297310515508 0
0.2468585095618935 0.1709736572153933 0
0.2458844061592408 0.1690109787560367 0
0.2448520459534184 0.1670873670765444 0
0.2437629938215517 0.1652050602873979 0
0.242618900573802 0.1633662338847034 0
0.2414215004561972 0.1615729974592298 0
0.2511625414049826 0.1878933868537736 0
0.2506878019627672 0.1858038996249413 0
0.2501438884326385 0.1837342460576376 0
0.2495316252901079 0.1816871037974597 0
0.2488519406107272 0.179665116355105 0
0.2481058646753291 0.1776708891311923 0
0.2472945284142236 0.1757069854695588 0
0.2464191616571419 0.1737759226979542 0
0.2454810912964628 0.1718801683775911 0
0.2444817393016391 0.1700221365961455 0
0.2434226204973567 0.1682041841987597 0
0.242305340322086 0.1664286073073527 0
0.2411315923747031 0.1646976378065143 0
0.2399031558525937 0.1630134399672415 0
0.250134310880588 0.1879753587524235 0
0.2496495762093085 0.1859682039936447 0
0.2490942110494197 0.1839813004770142 0
0.2484690572350532 0.1820173822236446 0
0.24777506238159 0.1800791484010676 0
0.2470132784615363 0.1781692592643649 0
0.2461848602159632 0.1762903321263639 0
0.2452910633676052 0.1744449373149763 0
0.2443332427454143 0.172635594343786 0
0.2433128502571829 0.1708647681270005 0
0.242231432620922 0.1691348651311017 0
0.2410906290762234 0.1674482298208732 0
0.2398921688792252 0.1658071410713075 0
0.2386378686867778 0.1642138087202586 0
0.2492774521173711 0.1880436686673982 0
0.2487843880886073 0.1861051242997614 0
0.2482194799039976 0.1841871791581196 0
0.2475835838631901 0.1822926142431816 0
0.2468776638647568 0.1804241751031734 0
0.2461027899575987 0.1785845677052293 0
0.2452601367250871 0.1767764543363343 0
0.2443509814674596 0.1750024494912019 0
0.2433767022941454 0.173265115977058 0
0.2423387760615527 0.1715669610635529 0
0.241238776065464 0.1699104325682844 0
0.2400783697130714 0.1682979152417562 0
0.2388593159748977 0.1667317271176297 0
0.2375834627240141 0.1652141160061391 0
2 14 0 476
3599
3600
3601
3602
3603
3604
3605
3606
3607
3608
3609
3610
3611
3612
3613
3614
3615
3616
3617
3618
3619
3620
3621
3622
3623
3624
3625
3626
3627
3628
3629
3630
3631
3632
3633
3634
3635
3636
3637
3638
3639
3640
3641
3642
3643
3644
3645
3646
3647
3648
3649
3650
3651
3652
3653
3654
3655
3656
3657
3658
3659
3660
3661
3662
3663
3664
3665
3666
3667
3668
3669
3670
3671
3672
3673
3674
3675
3676
3677
3678
3679
3680
3681
3682
3683
3684
3685
3686
3687
3688
3689
3690
3691
3692
3693
3694
3695
3696
3697
3698
3699
3700
3701
3702
3703
3704
3705
3706
3707
3708
3709
3710
3711
3712
3713
3714
3715
3716
3717
3718
3719
3720
3721
3722
3723
3724
3725
3726
3727
3728
3729
3730
3731
3732
3733
3734
3735
3736
3737
3738
3739
3740
3741
3742
3743
3744
3745
3746
3747
3748
3749
3750
3751
3752
3753
3754
3755
3756
3757
3758
3759
3760
3761
3762
3763
3764
3765
3766
3767
3768
3769
3770
3771
3772
3773
3774
3775
3776
3777
3778
3779
3780
3781
3782
3783
3784
3785
3786
3787
3788
3789
3790
3791
3792
3793
3794
3795
3796
3797
3798
3799
3800
3801
3802
3803
3804
3805
3806
3807
3808
3809
3810
3811
3812
3813
3814
3815
3816
3817
3818
3819
3820
3821
3822
3823
3824
3825
3826
3827
3828
3829
3830
3831
3832
3833
3834
3835
3836
3837
3838
3839
3840
3841
3842
3843
3844
3845
3846
3847
3848
3849
3850
3851
3852
3853
3854
3855
3856
3857
3858
3859
3860
3861
3862
3863
3864
3865
3866
3867
3868
3869
3870
3871
3872
3873
3874
3875
3876
3877
3878
3879
3880
3881
3882
3883
3884
3885
3886
3887
3888
3889
3890
3891
3892
3893
3894
3895
3896
3897
3898
3899
3900
3901
3902
3903
3904
3905
3906
3907
3908
3909
3910
3911
3912
3913
3914
3915
3916
3917
3918
3919
3920
3921
3922
3923
3924
3925
3926
3927
3928
3929
3930
3931
3932
3933
3934
3935
3936
3937
3938
3939
3940
3941
3942
3943
3944
3945
3946
3947
3948
3949
3950
3951
3952
3953
3954
3955
3956
3957
3958
3959
3960
3961
3962
3963
3964
3965
3966
3967
3968
3969
3970
3971
3972
3973
3974
3975
3976
3977
3978
3979
3980
3981
3982
3983
3984
3985
3986
3987
3988
3989
3990
3991
3992
3993
3994
3995
3996
3997
3998
3999
4000
4001
4002
4003
4004
4005
4006
4007
4008
4009
4010
4011
4012
4013
4014
4015
4016
4017
4018
4019
4020
4021
4022
4023
4024
4025
4026
4027
4028
4029
4030
4031
4032
4033
4034
4035
4036
4037
4038
4039
4040
4041
4042
4043
4044
4045
4046
4047
4048
4049
4050
4051
4052
4053
4054
4055
4056
4057
4058
4059
4060
4061
4062
4063
4064
4065
4066
4067
4068
4069
4070
4071
4072
4073
4074
0.3085714285714177 0.1839999999999996 0
0.3085714285714177 0.1780000000000318 0
0.3085714285714177 0.1720000000000314 0
0.3085714285714177 0.1660000000000318 0
0.3085714285714177 0.160000000000094 0
0.3085714285714177 0.1540000000000954 0
0.3085714285714177 0.1480000000000991 0
0.3085714285714177 0.1420000000001041 0
0.3085714285714177 0.1360000000000944 0
0.3085714285714177 0.1300000000000868 0
0.3085714285714177 0.1240000000000696 0
0.3085714285714177 0.1180000000000445 0
0.3085714285714177 0.1120000000000226 0
0.3085714285714178 0.1060000000000208 0
0.3171428571428461 0.1839999999999996 0
0.3171428571428462 0.1780000000000318 0
0.3171428571428461 0.1720000000000315 0
0.3171428571428463 0.1660000000000318 0
0.3171428571428463 0.160000000000094 0
0.3171428571428463 0.1540000000000954 0
0.3171428571428463 0.1480000000000991 0
0.3171428571428463 0.1420000000001041 0
0.3171428571428463 0.1360000000000944 0
0.3171428571428463 0.1300000000000868 0
0.3171428571428463 0.1240000000000696 0
0.3171428571428463 0.1180000000000444 0
0.3171428571428462 0.1120000000000226 0
0.3171428571428463 0.1060000000000208 0
0.3257142857142745 0.1839999999999997 0
0.3257142857142745 0.1780000000000318 0
0.3257142857142746 0.1720000000000315 0
0.3257142857142745 0.1660000000000318 0
0.3257142857142746 0.160000000000094 0
0.3257142857142746 0.1540000000000954 0
0.3257142857142746 0.1480000000000991 0
0.3257142857142746 0.1420000000001041 0
0.3257142857142746 0.1360000000000944 0
0.3257142857142746 0.1300000000000868 0
0.3257142857142746 0.1240000000000696 0
0.3257142857142746 0.1180000000000444 0
0.3257142857142746 0.1120000000000226 0
0.3257142857142746 0.1060000000000208 0
0.3342857142856818 0.1839999999999996 0
0.3342857142856818 0.1780000000000318 0
0.3342857142856818 0.1720000000000314 0
0.3342857142856818 0.1660000000000318 0
0.3342857142856818 0.160000000000094 0
0.3342857142856818 0.1540000000000954 0
0.3342857142856818 0.1480000000000991 0
0.3342857142856818 0.142000000000104 0
0.3342857142856818 0.1360000000000944 0
0.3342857142856818 0.1300000000000868 0
0.3342857142856818 0.1240000000000696 0
0.3342857142856818 0.1180000000000445 0
0.3342857142856818 0.1120000000000226 0
0.3342857142856818 0.1060000000000208 0
0.3428571428570887 0.1839999999999997 0
0.3428571428570887 0.1780000000000318 0
0.3428571428570887 0.1720000000000315 0
0.3428571428570886 0.1660000000000318 0
0.3428571428570886 0.160000000000094 0
0.3428571428570887 0.1540000000000955 0
0.3428571428570886 0.1480000000000991 0
0.3428571428570887 0.1420000000001041 0
0.3428571428570887 0.1360000000000943 0
0.3428571428570887 0.1300000000000868 0
0.3428571428570887 0.1240000000000696 0
0.3428571428570887 0.1180000000000445 0
0.3428571428570887 0.1120000000000226 0
0.3428571428570887 0.1060000000000208 0
0.3514285714284739 0.1839999999999996 0
0.3514285714284739 0.1780000000000318 0
0.3514285714284738 0.1720000000000315 0
0.3514285714284741 0.1660000000000318 0
0.3514285714284738 0.160000000000094 0
0.3514285714284739 0.1540000000000954 0
0.3514285714284739 0.1480000000000991 0
0.3514285714284741 0.1420000000001041 0
0.3514285714284739 0.1360000000000944 0
0.3514285714284739 0.1300000000000868 0
0.3514285714284739 0.1240000000000696 0
0.3514285714284739 0.1180000000000445 0
0.3514285714284738 0.1120000000000226 0
0.3514285714284739 0.1060000000000208 0
0.3599999999998634 0.1839999999999996 0
0.3599999999998634 0.1780000000000318 0
0.3599999999998634 0.1720000000000314 0
0.3599999999998634 0.1660000000000318 0
0.3599999999998634 0.160000000000094 0
0.3599999999998634 0.1540000000000954 0
0.3599999999998634 0.1480000000000991 0
0.3599999999998634 0.1420000000001041 0
0.3599999999998634 0.1360000000000944 0
0.3599999999998634 0.1300000000000868 0
0.3599999999998634 0.1240000000000696 0
0.3599999999998634 0.1180000000000445 0
0.3599999999998634 0.1120000000000226 0
0.3599999999998634 0.1060000000000208 0
0.3685714285712632 0.1839999999999996 0
0.3685714285712631 0.1780000000000318 0
0.3685714285712633 0.1720000000000314 0
0.3685714285712631 0.1660000000000318 0
0.3685714285712633 0.160000000000094 0
0.3685714285712631 0.1540000000000954 0
0.3685714285712632 0.1480000000000991 0
0.3685714285712632 0.1420000000001041 0
0.3685714285712631 0.1360000000000943 0
0.3685714285712632 0.1300000000000868 0
0.3685714285712631 0.1240000000000696 0
0.3685714285712632 0.1180000000000445 0
0.3685714285712632 0.1120000000000226 0
0.3685714285712632 0.1060000000000208 0
0.3771428571426511 0.1839999999999996 0
0.3771428571426512 0.1780000000000318 0
0.3771428571426512 0.1720000000000314 0
0.3771428571426512 0.1660000000000318 0
0.3771428571426513 0.160000000000094 0
0.3771428571426512 0.1540000000000955 0
0.3771428571426512 0.1480000000000991 0
0.3771428571426511 0.1420000000001041 0
0.3771428571426512 0.1360000000000944 0
0.3771428571426512 0.1300000000000868 0
0.3771428571426512 0.1240000000000696 0
0.3771428571426512 0.1180000000000445 0
0.3771428571426512 0.1120000000000226 0
0.3771428571426512 0.1060000000000208 0
0.3857142857140364 0.1839999999999997 0
0.3857142857140364 0.1780000000000318 0
0.3857142857140363 0.1720000000000315 0
0.3857142857140363 0.1660000000000318 0
0.3857142857140363 0.160000000000094 0
0.3857142857140363 0.1540000000000954 0
0.3857142857140364 0.1480000000000991 0
0.3857142857140363 0.1420000000001041 0
0.3857142857140363 0.1360000000000944 0
0.3857142857140363 0.1300000000000868 0
0.3857142857140363 0.1240000000000696 0
0.3857142857140362 0.1180000000000444 0
0.3857142857140363 0.1120000000000226 0
0.3857142857140363 0.1060000000000208 0
0.39428571428543 0.1839999999999996 0
0.39428571428543 0.1780000000000318 0
0.39428571428543 0.1720000000000315 0
0.39428571428543 0.1660000000000318 0
0.3942857142854301 0.160000000000094 0
0.39428571428543 0.1540000000000954 0
0.39428571428543 0.1480000000000991 0
0.39428571428543 0.1420000000001041 0
0.39428571428543 0.1360000000000944 0
0.3942857142854299 0.1300000000000868 0
0.39428571428543 0.1240000000000696 0
0.39428571428543 0.1180000000000445 0
0.3942857142854301 0.1120000000000226 0
0.39428571428543 0.1060000000000208 0
0.4028571428568286 0.1839999999999996 0
0.4028571428568283 0.1780000000000318 0
0.4028571428568285 0.1720000000000314 0
0.4028571428568285 0.1660000000000318 0
0.4028571428568284 0.160000000000094 0
0.4028571428568286 0.1540000000000954 0
0.4028571428568284 0.1480000000000991 0
0.4028571428568285 0.1420000000001041 0
0.4028571428568285 0.1360000000000944 0
0.4028571428568285 0.1300000000000868 0
0.4028571428568285 0.1240000000000696 0
0.4028571428568285 0.1180000000000445 0
0.4028571428568285 0.1120000000000226 0
0.4028571428568285 0.1060000000000208 0
0.4114285714282196 0.1839999999999996 0
0.4114285714282196 0.1780000000000318 0
0.4114285714282197 0.1720000000000314 0
0.4114285714282197 0.1660000000000318 0
0.4114285714282196 0.160000000000094 0
0.4114285714282196 0.1540000000000954 0
0.4114285714282195 0.1480000000000991 0
0.4114285714282196 0.1420000000001041 0
0.4114285714282198 0.1360000000000944 0
0.4114285714282196 0.1300000000000868 0
0.4114285714282197 0.1240000000000696 0
0.4114285714282196 0.1180000000000445 0
0.4114285714282197 0.1120000000000226 0
0.4114285714282196 0.1060000000000208 0
0.4199999999996204 0.1839999999999996 0
0.4199999999996205 0.1780000000000318 0
0.4199999999996207 0.1720000000000314 0
0.4199999999996205 0.1660000000000318 0
0.4199999999996205 0.160000000000094 0
0.4199999999996206 0.1540000000000954 0
0.4199999999996206 0.1480000000000991 0
0.4199999999996206 0.1420000000001041 0
0.4199999999996206 0.1360000000000944 0
0.4199999999996206 0.1300000000000868 0
0.4199999999996206 0.1240000000000696 0
0.4199999999996206 0.1180000000000445 0
0.4199999999996206 0.1120000000000226 0
0.4199999999996206 0.1060000000000208 0
0.4285714285710397 0.1839999999999996 0
0.4285714285710399 0.1780000000000318 0
0.42857142857104 0.1720000000000314 0
0.42857142857104 0.1660000000000318 0
0.42857142857104 0.160000000000094 0
0.4285714285710399 0.1540000000000953 0
0.42857142857104 0.1480000000000991 0
0.4285714285710399 0.1420000000001041 0
0.4285714285710399 0.1360000000000943 0
0.4285714285710399 0.1300000000000868 0
0.4285714285710399 0.1240000000000696 0
0.4285714285710399 0.1180000000000445 0
0.4285714285710399 0.1120000000000226 0
0.4285714285710399 0.1060000000000208 0
0.4371428571424508 0.1839999999999996 0
0.4371428571424508 0.1780000000000318 0
0.4371428571424508 0.1720000000000314 0
0.4371428571424508 0.1660000000000318 0
0.437142857142451 0.160000000000094 0
0.4371428571424508 0.1540000000000954 0
0.4371428571424508 0.1480000000000991 0
0.4371428571424508 0.1420000000001041 0
0.4371428571424508 0.1360000000000944 0
0.4371428571424508 0.1300000000000868 0
0.4371428571424508 0.1240000000000696 0
0.4371428571424508 0.1180000000000445 0
0.4371428571424508 0.1120000000000226 0
0.4371428571424508 0.1060000000000208 0
0.4457142857138431 0.1839999999999996 0
0.445714285713843 0.1780000000000318 0
0.445714285713843 0.1720000000000314 0
0.4457142857138431 0.1660000000000318 0
0.4457142857138431 0.160000000000094 0
0.4457142857138431 0.1540000000000954 0
0.4457142857138432 0.1480000000000991 0
0.4457142857138431 0.1420000000001041 0
0.4457142857138431 0.1360000000000943 0
0.4457142857138431 0.1300000000000868 0
0.445714285713843 0.1240000000000696 0
0.4457142857138433 0.1180000000000445 0
0.4457142857138433 0.1120000000000226 0
0.4457142857138431 0.1060000000000208 0
0.4542857142852915 0.1839999999999996 0
0.4542857142852914 0.1780000000000318 0
0.4542857142852916 0.1720000000000314 0
0.4542857142852915 0.1660000000000318 0
0.4542857142852915 0.160000000000094 0
0.4542857142852916 0.1540000000000954 0
0.4542857142852915 0.1480000000000991 0
0.4542857142852916 0.1420000000001041 0
0.4542857142852915 0.1360000000000944 0
0.4542857142852915 0.1300000000000868 0
0.4542857142852915 0.1240000000000696 0
0.4542857142852915 0.1180000000000445 0
0.4542857142852915 0.1120000000000226 0
0.4542857142852915 0.1060000000000208 0
0.4628571428567577 0.1839999999999996 0
0.4628571428567579 0.1780000000000318 0
0.4628571428567578 0.1720000000000314 0
0.4628571428567578 0.1660000000000318 0
0.4628571428567578 0.160000000000094 0
0.4628571428567578 0.1540000000000954 0
0.4628571428567578 0.1480000000000991 0
0.4628571428567578 0.1420000000001041 0
0.4628571428567578 0.1360000000000944 0
0.4628571428567578 0.1300000000000868 0
0.4628571428567578 0.1240000000000696 0
0.4628571428567578 0.1180000000000445 0
0.4628571428567578 0.1120000000000226 0
0.4628571428567578 0.1060000000000208 0
0.471428571428206 0.1839999999999997 0
0.471428571428206 0.1780000000000318 0
0.4714285714282059 0.1720000000000314 0
0.4714285714282058 0.1660000000000318 0
0.4714285714282059 0.160000000000094 0
0.4714285714282059 0.1540000000000954 0
0.471428571428206 0.1480000000000991 0
0.4714285714282059 0.1420000000001041 0
0.4714285714282059 0.1360000000000944 0
0.4714285714282059 0.1300000000000868 0
0.471428571428206 0.1240000000000696 0
0.4714285714282059 0.1180000000000445 0
0.4714285714282059 0.1120000000000226 0
0.471428571428206 0.1060000000000208 0
0.4799999999996509 0.1839999999999996 0
0.479999999999651 0.1780000000000318 0
0.4799999999996509 0.1720000000000314 0
0.4799999999996509 0.1660000000000318 0
0.4799999999996509 0.160000000000094 0
0.4799999999996508 0.1540000000000954 0
0.479999999999651 0.1480000000000991 0
0.4799999999996509 0.1420000000001041 0
0.4799999999996509 0.1360000000000944 0
0.4799999999996509 0.1300000000000868 0
0.4799999999996509 0.1240000000000696 0
0.479999999999651 0.1180000000000445 0
0.4799999999996509 0.1120000000000226 0
0.4799999999996509 0.1060000000000208 0
0.4885714285711141 0.1839999999999996 0
0.488571428571114 0.1780000000000318 0
0.488571428571114 0.1720000000000314 0
0.4885714285711142 0.1660000000000318 0
0.4885714285711141 0.160000000000094 0
0.4885714285711141 0.1540000000000954 0
0.488571428571114 0.1480000000000991 0
0.4885714285711141 0.1420000000001041 0
0.4885714285711141 0.1360000000000944 0
0.4885714285711141 0.1300000000000868 0
0.4885714285711142 0.1240000000000696 0
0.4885714285711142 0.1180000000000445 0
0.4885714285711141 0.1120000000000226 0
0.4885714285711142 0.1060000000000208 0
0.4971428571425764 0.1839999999999996 0
0.4971428571425764 0.1780000000000318 0
0.4971428571425766 0.1720000000000314 0
0.4971428571425766 0.1660000000000318 0
0.4971428571425763 0.160000000000094 0
0.4971428571425765 0.1540000000000954 0
0.4971428571425764 0.1480000000000991 0
0.4971428571425764 0.1420000000001041 0
0.4971428571425764 0.1360000000000944 0
0.4971428571425764 0.1300000000000868 0
0.4971428571425764 0.1240000000000696 0
0.4971428571425764 0.1180000000000445 0
0.4971428571425764 0.1120000000000226 0
0.4971428571425764 0.1060000000000208 0
0.5057142857139988 0.1839999999999996 0
0.5057142857139987 0.1780000000000318 0
0.5057142857139989 0.1720000000000314 0
0.5057142857139988 0.1660000000000318 0
0.5057142857139988 0.160000000000094 0
0.5057142857139988 0.1540000000000954 0
0.5057142857139988 0.1480000000000991 0
0.5057142857139988 0.1420000000001041 0
0.5057142857139988 0.1360000000000944 0
0.5057142857139988 0.1300000000000868 0
0.5057142857139988 0.1240000000000696 0
0.5057142857139988 0.1180000000000445 0
0.5057142857139988 0.1120000000000226 0
0.5057142857139989 0.1060000000000208 0
0.5142857142854106 0.1839999999999996 0
0.5142857142854106 0.1780000000000318 0
0.5142857142854107 0.1720000000000314 0
0.5142857142854107 0.1660000000000318 0
0.5142857142854107 0.160000000000094 0
0.5142857142854107 0.1540000000000954 0
0.5142857142854107 0.1480000000000991 0
0.5142857142854107 0.1420000000001041 0
0.5142857142854107 0.1360000000000944 0
0.5142857142854107 0.1300000000000868 0
0.5142857142854107 0.1240000000000696 0
0.5142857142854107 0.1180000000000445 0
0.5142857142854107 0.1120000000000226 0
0.5142857142854107 0.1060000000000208 0
0.5228571428568592 0.1839999999999996 0
0.5228571428568591 0.1780000000000318 0
0.5228571428568591 0.1720000000000314 0
0.522857142856859 0.1660000000000318 0
0.5228571428568591 0.160000000000094 0
0.5228571428568592 0.1540000000000954 0
0.5228571428568591 0.1480000000000991 0
0.5228571428568591 0.1420000000001041 0
0.5228571428568591 0.1360000000000944 0
0.5228571428568591 0.1300000000000868 0
0.5228571428568591 0.1240000000000696 0
0.5228571428568591 0.1180000000000445 0
0.5228571428568591 0.1120000000000226 0
0.5228571428568591 0.1060000000000208 0
0.5314285714282839 0.1839999999999996 0
0.531428571428284 0.1780000000000318 0
0.5314285714282839 0.1720000000000315 0
0.5314285714282838 0.1660000000000317 0
0.5314285714282839 0.160000000000094 0
0.5314285714282839 0.1540000000000954 0
0.5314285714282839 0.1480000000000991 0
0.531428571428284 0.1420000000001041 0
0.5314285714282839 0.1360000000000943 0
0.531428571428284 0.1300000000000868 0
0.5314285714282839 0.1240000000000696 0
0.5314285714282839 0.1180000000000445 0
0.5314285714282839 0.1120000000000226 0
0.5314285714282839 0.1060000000000208 0
0.5399999999996834 0.1839999999999997 0
0.5399999999996834 0.1780000000000318 0
0.5399999999996834 0.1720000000000314 0
0.5399999999996833 0.1660000000000318 0
0.5399999999996834 0.160000000000094 0
0.5399999999996835 0.1540000000000954 0
0.5399999999996833 0.1480000000000991 0
0.5399999999996835 0.1420000000001041 0
0.5399999999996834 0.1360000000000944 0
0.5399999999996834 0.1300000000000868 0
0.5399999999996834 0.1240000000000696 0
0.5399999999996834 0.1180000000000445 0
0.5399999999996834 0.1120000000000226 0
0.5399999999996834 0.1060000000000208 0
0.5485714285711033 0.1839999999999996 0
0.5485714285711033 0.1780000000000318 0
0.5485714285711033 0.1720000000000315 0
0.5485714285711032 0.1660000000000318 0
0.5485714285711033 0.160000000000094 0
0.5485714285711033 0.1540000000000954 0
0.5485714285711033 0.1480000000000991 0
0.5485714285711033 0.1420000000001041 0
0.5485714285711032 0.1360000000000944 0
0.5485714285711033 0.1300000000000867 0
0.5485714285711033 0.1240000000000696 0
0.5485714285711033 0.1180000000000445 0
0.5485714285711033 0.1120000000000226 0
0.5485714285711033 0.1060000000000208 0
0.5571428571425691 0.1839999999999997 0
0.5571428571425688 0.1780000000000318 0
0.5571428571425692 0.1720000000000314 0
0.5571428571425689 0.1660000000000318 0
0.5571428571425691 0.160000000000094 0
0.5571428571425691 0.1540000000000954 0
0.5571428571425691 0.1480000000000991 0
0.5571428571425691 0.1420000000001041 0
0.5571428571425691 0.1360000000000944 0
0.5571428571425691 0.1300000000000868 0
0.5571428571425691 0.1240000000000696 0
0.5571428571425691 0.1180000000000445 0
0.5571428571425689 0.1120000000000226 0
0.5571428571425691 0.1060000000000208 0
0.5657142857140554 0.1839999999999997 0
0.5657142857140552 0.1780000000000318 0
0.5657142857140552 0.1720000000000315 0
0.5657142857140551 0.1660000000000318 0
0.5657142857140552 0.160000000000094 0
0.5657142857140552 0.1540000000000954 0
0.5657142857140552 0.1480000000000991 0
0.5657142857140552 0.1420000000001041 0
0.5657142857140552 0.1360000000000943 0
0.5657142857140551 0.1300000000000868 0
0.5657142857140552 0.1240000000000696 0
0.5657142857140552 0.1180000000000445 0
0.5657142857140552 0.1120000000000226 0
0.5657142857140552 0.1060000000000208 0
0.5742857142855415 0.1839999999999996 0
0.5742857142855414 0.1780000000000318 0
0.5742857142855414 0.1720000000000315 0
0.5742857142855414 0.1660000000000318 0
0.5742857142855414 0.160000000000094 0
0.5742857142855413 0.1540000000000954 0
0.5742857142855414 0.148000000000099 0
0.5742857142855413 0.1420000000001041 0
0.5742857142855414 0.1360000000000944 0
0.5742857142855414 0.1300000000000868 0
0.5742857142855414 0.1240000000000696 0
0.5742857142855414 0.1180000000000445 0
0.5742857142855415 0.1120000000000226 0
0.5742857142855415 0.1060000000000208 0
0.5828571428570276 0.1839999999999996 0
0.5828571428570276 0.1780000000000318 0
0.5828571428570276 0.1720000000000315 0
0.5828571428570278 0.1660000000000318 0
0.5828571428570275 0.160000000000094 0
0.5828571428570276 0.1540000000000954 0
0.5828571428570277 0.1480000000000991 0
0.5828571428570276 0.1420000000001041 0
0.5828571428570276 0.1360000000000944 0
0.5828571428570275 0.1300000000000868 0
0.5828571428570275 0.1240000000000696 0
0.5828571428570276 0.1180000000000445 0
0.5828571428570275 0.1120000000000226 0
0.5828571428570276 0.1060000000000208 0
0.5914285714285139 0.1839999999999996 0
0.5914285714285139 0.1780000000000318 0
0.5914285714285138 0.1720000000000314 0
0.5914285714285137 0.1660000000000318 0
0.5914285714285138 0.160000000000094 0
0.5914285714285138 0.1540000000000954 0
0.5914285714285138 0.1480000000000991 0
0.5914285714285138 0.1420000000001041 0
0.5914285714285138 0.1360000000000944 0
0.5914285714285138 0.1300000000000868 0
0.5914285714285138 0.1240000000000696 0
0.5914285714285138 0.1180000000000445 0
0.5914285714285139 0.1120000000000226 0
0.5914285714285137 0.1060000000000208 0
2 15 0 392
4075
4076
4077
4078
4079
4080
4081
4082
4083
4084
4085
4086
4087
4088
4089
4090
4091
4092
4093
4094
4095
4096
4097
4098
4099
4100
4101
4102
4103
4104
4105
4106
4107
4108
4109
4110
4111
4112
4113
4114
4115
4116
4117
4118
4119
4120
4121
4122
4123
4124
4125
4126
4127
4128
4129
4130
4131
4132
4133
4134
4135
4136
4137
4138
4139
4140
4141
4142
4143
4144
4145
4146
4147
4148
4149
4150
4151
4152
4153
4154
4155
4156
4157
4158
4159
4160
4161
4162
4163
4164
4165
4166
4167
4168
4169
4170
4171
4172
4173
4174
4175
4176
4177
4178
4179
4180
4181
4182
4183
4184
4185
4186
4187
4188
4189
4190
4191
4192
4193
4194
4195
4196
4197
4198
4199
4200
4201
4202
4203
4204
4205
4206
4207
4208
4209
4210
4211
4212
4213
4214
4215
4216
4217
4218
4219
4220
4221
4222
4223
4224
4225
4226
4227
4228
4229
4230
4231
4232
4233
4234
4235
4236
4237
4238
4239
4240
4241
4242
4243
4244
4245
4246
4247
4248
4249
4250
4251
4252
4253
4254
4255
4256
4257
4258
4259
4260
4261
4262
4263
4264
4265
4266
4267
4268
4269
4270
4271
4272
4273
4274
4275
4276
4277
4278
4279
4280
4281
4282
4283
4284
4285
4286
4287
4288
4289
4290
4291
4292
4293
4294
4295
4296
4297
4298
4299
4300
4301
4302
4303
4304
4305
4306
4307
4308
4309
4310
4311
4312
4313
4314
4315
4316
4317
4318
4319
4320
4321
4322
4323
4324
4325
4326
4327
4328
4329
4330
4331
4332
4333
4334
4335
4336
4337
4338
4339
4340
4341
4342
4343
4344
4345
4346
4347
4348
4349
4350
4351
4352
4353
4354
4355
4356
4357
4358
4359
4360
4361
4362
4363
4364
4365
4366
4367
4368
4369
4370
4371
4372
4373
4374
4375
4376
4377
4378
4379
4380
4381
4382
4383
4384
4385
4386
4387
4388
4389
4390
4391
4392
4393
4394
4395
4396
4397
4398
4399
4400
4401
4402
4403
4404
4405
4406
4407
4408
4409
4410
4411
4412
4413
4414
4415
4416
4417
4418
4419
4420
4421
4422
4423
4424
4425
4426
4427
4428
4429
4430
4431
4432
4433
4434
4435
4436
4437
4438
4439
4440
4441
4442
4443
4444
4445
4446
4447
4448
4449
4450
4451
4452
4453
4454
4455
4456
4457
4458
4459
4460
4461
4462
4463
4464
4465
4466
0.6107649200407123 0.1839999999999996 0
0.6107649200407123 0.1780000000000318 0
0.6107649200407123 0.1720000000000314 0
0.6107649200407125 0.1660000000000318 0
0.6107649200407123 0.160000000000094 0
0.6107649200407124 0.1540000000000954 0
0.6107649200407121 0.1480000000000991 0
0.6107649200407121 0.1420000000001041 0
0.6107649200407123 0.1360000000000944 0
0.6107649200407123 0.1300000000000868 0
0.6107649200407123 0.1240000000000696 0
0.6107649200407123 0.1180000000000445 0
0.6107649200407123 0.1120000000000226 0
0.6107649200407123 0.1060000000000208 0
0.6226063311669308 0.1839999999999996 0
0.6226063311669309 0.1780000000000318 0
0.6226063311669308 0.1720000000000315 0
0.622606331166931 0.1660000000000318 0
0.6226063311669308 0.160000000000094 0
0.6226063311669308 0.1540000000000954 0
0.6226063311669308 0.1480000000000991 0
0.622606331166931 0.1420000000001041 0
0.6226063311669308 0.1360000000000944 0
0.622606331166931 0.1300000000000868 0
0.622606331166931 0.1240000000000696 0
0.622606331166931 0.1180000000000445 0
0.622606331166931 0.1120000000000226 0
0.622606331166931 0.1060000000000208 0
0.6356318834625397 0.1839999999999996 0
0.63563188346254 0.1780000000000318 0
0.6356318834625397 0.1720000000000315 0
0.63563188346254 0.1660000000000318 0
0.63563188346254 0.160000000000094 0
0.6356318834625401 0.1540000000000954 0
0.63563188346254 0.1480000000000991 0
0.6356318834625398 0.1420000000001041 0
0.63563188346254 0.1360000000000944 0
0.6356318834625398 0.1300000000000868 0
0.63563188346254 0.1240000000000696 0
0.63563188346254 0.1180000000000445 0
0.6356318834625398 0.1120000000000226 0
0.63563188346254 0.1060000000000208 0
0.6499599917881168 0.1839999999999996 0
0.6499599917881168 0.1780000000000318 0
0.6499599917881166 0.1720000000000314 0
0.649959991788117 0.1660000000000318 0
0.6499599917881168 0.160000000000094 0
0.6499599917881168 0.1540000000000954 0
0.6499599917881168 0.1480000000000991 0
0.6499599917881168 0.1420000000001041 0
0.6499599917881167 0.1360000000000944 0
0.6499599917881169 0.1300000000000868 0
0.6499599917881168 0.1240000000000696 0
0.6499599917881168 0.1180000000000445 0
0.6499599917881168 0.1120000000000226 0
0.6499599917881168 0.1060000000000208 0
0.6657209112703949 0.1839999999999996 0
0.6657209112703951 0.1780000000000318 0
0.6657209112703947 0.1720000000000314 0
0.6657209112703948 0.1660000000000318 0
0.6657209112703949 0.160000000000094 0
0.6657209112703948 0.1540000000000954 0
0.6657209112703949 0.1480000000000991 0
0.665720911270395 0.1420000000001041 0
0.6657209112703948 0.1360000000000943 0
0.665720911270395 0.1300000000000868 0
0.6657209112703949 0.1240000000000696 0
0.6657209112703949 0.1180000000000445 0
0.665720911270395 0.1120000000000226 0
0.6657209112703949 0.1060000000000208 0
0.6830579224216845 0.1839999999999996 0
0.6830579224216844 0.1780000000000318 0
0.6830579224216843 0.1720000000000314 0
0.6830579224216844 0.1660000000000318 0
0.6830579224216844 0.160000000000094 0
0.6830579224216844 0.1540000000000954 0
0.6830579224216844 0.148000000000099 0
0.6830579224216844 0.1420000000001041 0
0.6830579224216844 0.1360000000000944 0
0.6830579224216844 0.1300000000000868 0
0.6830579224216844 0.1240000000000696 0
0.6830579224216844 0.1180000000000445 0
0.6830579224216844 0.1120000000000226 0
0.6830579224216845 0.1060000000000208 0
0.7021286341652244 0.1839999999999996 0
0.7021286341652243 0.1780000000000318 0
0.7021286341652243 0.1720000000000314 0
0.7021286341652245 0.1660000000000318 0
0.7021286341652244 0.160000000000094 0
0.7021286341652244 0.1540000000000955 0
0.7021286341652244 0.1480000000000991 0
0.7021286341652244 0.1420000000001041 0
0.7021286341652244 0.1360000000000944 0
0.7021286341652244 0.1300000000000868 0
0.7021286341652244 0.1240000000000696 0
0.7021286341652244 0.1180000000000445 0
0.7021286341652244 0.1120000000000226 0
0.7021286341652244 0.1060000000000208 0
0.723106416587481 0.1839999999999996 0
0.7231064165874812 0.1780000000000318 0
0.723106416587481 0.1720000000000315 0
0.723106416587481 0.1660000000000317 0
0.723106416587481 0.160000000000094 0
0.7231064165874811 0.1540000000000954 0
0.723106416587481 0.1480000000000991 0
0.723106416587481 0.1420000000001041 0
0.723106416587481 0.1360000000000944 0
0.723106416587481 0.1300000000000868 0
0.723106416587481 0.1240000000000696 0
0.723106416587481 0.1180000000000444 0
0.723106416587481 0.1120000000000226 0
0.723106416587481 0.1060000000000208 0
0.7461819774333236 0.1839999999999996 0
0.7461819774333238 0.1780000000000318 0
0.746181977433324 0.1720000000000314 0
0.7461819774333239 0.1660000000000318 0
0.7461819774333237 0.160000000000094 0
0.7461819774333239 0.1540000000000954 0
0.7461819774333237 0.1480000000000991 0
0.7461819774333239 0.1420000000001041 0
0.7461819774333238 0.1360000000000944 0
0.7461819774333237 0.1300000000000868 0
0.7461819774333239 0.1240000000000696 0
0.746181977433324 0.1180000000000445 0
0.7461819774333238 0.1120000000000226 0
0.7461819774333238 0.1060000000000208 0
0.7715650946994753 0.1839999999999996 0
0.7715650946994752 0.1780000000000318 0
0.7715650946994751 0.1720000000000314 0
0.7715650946994752 0.1660000000000318 0
0.7715650946994753 0.160000000000094 0
0.7715650946994752 0.1540000000000954 0
0.7715650946994752 0.1480000000000991 0
0.7715650946994752 0.1420000000001041 0
0.7715650946994751 0.1360000000000944 0
0.7715650946994753 0.1300000000000868 0
0.7715650946994752 0.1240000000000696 0
0.7715650946994752 0.1180000000000445 0
0.7715650946994753 0.1120000000000226 0
0.7715650946994753 0.1060000000000208 0
0.7994865233690299 0.1839999999999996 0
0.7994865233690299 0.1780000000000318 0
0.79948652336903 0.1720000000000314 0
0.79948652336903 0.1660000000000318 0
0.7994865233690301 0.160000000000094 0
0.79948652336903 0.1540000000000954 0
0.7994865233690299 0.1480000000000991 0
0.7994865233690303 0.1420000000001041 0
0.7994865233690303 0.1360000000000944 0
0.7994865233690303 0.1300000000000868 0
0.7994865233690303 0.1240000000000696 0
0.79948652336903 0.1180000000000445 0
0.79948652336903 0.1120000000000226 0
0.79948652336903 0.1060000000000208 0
0.8302000950608562 0.1839999999999996 0
0.8302000950608562 0.1780000000000318 0
0.8302000950608565 0.1720000000000314 0
0.8302000950608563 0.1660000000000317 0
0.8302000950608566 0.160000000000094 0
0.8302000950608562 0.1540000000000954 0
0.8302000950608563 0.1480000000000991 0
0.8302000950608562 0.1420000000001041 0
0.8302000950608565 0.1360000000000943 0
0.8302000950608562 0.1300000000000868 0
0.8302000950608563 0.1240000000000696 0
0.8302000950608561 0.1180000000000445 0
0.8302000950608563 0.1120000000000226 0
0.8302000950608563 0.1060000000000208 0
0.8639850242062768 0.1839999999999996 0
0.8639850242062768 0.1780000000000318 0
0.8639850242062768 0.1720000000000314 0
0.8639850242062765 0.1660000000000318 0
0.8639850242062768 0.160000000000094 0
0.8639850242062768 0.1540000000000954 0
0.8639850242062768 0.1480000000000991 0
0.8639850242062768 0.1420000000001041 0
0.8639850242062768 0.1360000000000944 0
0.8639850242062767 0.1300000000000868 0
0.8639850242062768 0.1240000000000696 0
0.8639850242062767 0.1180000000000445 0
0.8639850242062768 0.1120000000000226 0
0.8639850242062768 0.1060000000000208 0
0.9011484456708071 0.1839999999999997 0
0.9011484456708073 0.1780000000000318 0
0.901148445670807 0.1720000000000314 0
0.9011484456708069 0.1660000000000318 0
0.9011484456708069 0.160000000000094 0
0.901148445670807 0.1540000000000954 0
0.901148445670807 0.1480000000000991 0
0.901148445670807 0.1420000000001041 0
0.901148445670807 0.1360000000000944 0
0.901148445670807 0.1300000000000868 0
0.901148445670807 0.1240000000000696 0
0.901148445670807 0.1180000000000445 0
0.901148445670807 0.1120000000000226 0
0.901148445670807 0.1060000000000208 0
0.9420282097962503 0.1839999999999996 0
0.9420282097962503 0.1780000000000318 0
0.9420282097962502 0.1720000000000315 0
0.94202820979625 0.1660000000000318 0
0.9420282097962502 0.160000000000094 0
0.9420282097962501 0.1540000000000954 0
0.9420282097962505 0.1480000000000991 0
0.9420282097962507 0.1420000000001041 0
0.9420282097962502 0.1360000000000944 0
0.9420282097962501 0.1300000000000868 0
0.9420282097962503 0.1240000000000696 0
0.9420282097962506 0.1180000000000445 0
0.9420282097962502 0.1120000000000226 0
0.9420282097962503 0.1060000000000208 0
0.9869959507525261 0.1839999999999997 0
0.9869959507525261 0.1780000000000318 0
0.9869959507525262 0.1720000000000315 0
0.9869959507525262 0.1660000000000318 0
0.9869959507525261 0.160000000000094 0
0.9869959507525261 0.1540000000000954 0
0.9869959507525262 0.1480000000000991 0
0.9869959507525264 0.1420000000001041 0
0.9869959507525263 0.1360000000000944 0
0.9869959507525262 0.1300000000000868 0
0.9869959507525259 0.1240000000000696 0
0.9869959507525261 0.1180000000000445 0
0.9869959507525261 0.1120000000000226 0
0.9869959507525261 0.1060000000000208 0
1.036460465594704 0.1839999999999996 0
1.036460465594704 0.1780000000000318 0
1.036460465594704 0.1720000000000314 0
1.036460465594704 0.1660000000000318 0
1.036460465594704 0.160000000000094 0
1.036460465594704 0.1540000000000954 0
1.036460465594704 0.1480000000000991 0
1.036460465594704 0.1420000000001041 0
1.036460465594704 0.1360000000000944 0
1.036460465594704 0.1300000000000868 0
1.036460465594704 0.1240000000000696 0
1.036460465594704 0.1180000000000445 0
1.036460465594704 0.1120000000000226 0
1.036460465594704 0.1060000000000208 0
1.090871431281683 0.1839999999999997 0
1.090871431281683 0.1780000000000318 0
1.090871431281683 0.1720000000000314 0
1.090871431281683 0.1660000000000318 0
1.090871431281683 0.160000000000094 0
1.090871431281683 0.1540000000000954 0
1.090871431281683 0.1480000000000991 0
1.090871431281683 0.1420000000001041 0
1.090871431281683 0.1360000000000943 0
1.090871431281683 0.1300000000000868 0
1.090871431281683 0.1240000000000696 0
1.090871431281683 0.1180000000000444 0
1.090871431281683 0.1120000000000226 0
1.090871431281683 0.1060000000000208 0
1.150723493197307 0.1839999999999997 0
1.150723493197307 0.1780000000000318 0
1.150723493197307 0.1720000000000314 0
1.150723493197306 0.1660000000000318 0
1.150723493197306 0.160000000000094 0
1.150723493197307 0.1540000000000955 0
1.150723493197307 0.1480000000000991 0
1.150723493197307 0.1420000000001041 0
1.150723493197307 0.1360000000000943 0
1.150723493197306 0.1300000000000868 0
1.150723493197306 0.1240000000000696 0
1.150723493197307 0.1180000000000445 0
1.150723493197306 0.1120000000000226 0
1.150723493197307 0.1060000000000208 0
1.216560762088401 0.1839999999999997 0
1.2165607620884 0.1780000000000318 0
1.2165607620884 0.1720000000000314 0
1.2165607620884 0.1660000000000318 0
1.2165607620884 0.160000000000094 0
1.2165607620884 0.1540000000000954 0
1.2165607620884 0.1480000000000991 0
1.2165607620884 0.1420000000001041 0
1.2165607620884 0.1360000000000944 0
1.2165607620884 0.1300000000000868 0
1.2165607620884 0.1240000000000696 0
1.2165607620884 0.1180000000000445 0
1.2165607620884 0.1120000000000226 0
1.2165607620884 0.1060000000000208 0
1.288981757788722 0.1839999999999996 0
1.288981757788722 0.1780000000000318 0
1.288981757788722 0.1720000000000314 0
1.288981757788722 0.1660000000000318 0
1.288981757788722 0.160000000000094 0
1.288981757788722 0.1540000000000954 0
1.288981757788722 0.1480000000000991 0
1.288981757788722 0.1420000000001041 0
1.288981757788722 0.1360000000000944 0
1.288981757788722 0.1300000000000868 0
1.288981757788722 0.1240000000000696 0
1.288981757788721 0.1180000000000444 0
1.288981757788722 0.1120000000000226 0
1.288981757788722 0.1060000000000208 0
1.368644853141431 0.1839999999999997 0
1.368644853141431 0.1780000000000318 0
1.368644853141431 0.1720000000000315 0
1.368644853141431 0.1660000000000318 0
1.368644853141431 0.160000000000094 0
1.368644853141431 0.1540000000000955 0
1.368644853141431 0.1480000000000991 0
1.368644853141431 0.1420000000001041 0
1.368644853141431 0.1360000000000944 0
1.368644853141431 0.1300000000000868 0
1.368644853141431 0.1240000000000696 0
1.368644853141431 0.1180000000000444 0
1.368644853141431 0.1120000000000226 0
1.368644853141431 0.1060000000000208 0
1.456274258086203 0.1839999999999996 0
1.456274258086203 0.1780000000000318 0
1.456274258086203 0.1720000000000314 0
1.456274258086203 0.1660000000000318 0
1.456274258086203 0.160000000000094 0
1.456274258086203 0.1540000000000954 0
1.456274258086203 0.1480000000000991 0
1.456274258086203 0.1420000000001041 0
1.456274258086203 0.1360000000000944 0
1.456274258086203 0.1300000000000868 0
1.456274258086203 0.1240000000000696 0
1.456274258086203 0.1180000000000445 0
1.456274258086203 0.1120000000000226 0
1.456274258086203 0.1060000000000208 0
1.552666603042934 0.1839999999999996 0
1.552666603042935 0.1780000000000318 0
1.552666603042935 0.1720000000000314 0
1.552666603042935 0.1660000000000318 0
1.552666603042935 0.160000000000094 0
1.552666603042935 0.1540000000000953 0
1.552666603042935 0.1480000000000991 0
1.552666603042935 0.1420000000001041 0
1.552666603042935 0.1360000000000944 0
1.552666603042935 0.1300000000000868 0
1.552666603042935 0.1240000000000696 0
1.552666603042935 0.1180000000000445 0
1.552666603042935 0.1120000000000226 0
1.552666603042935 0.1060000000000208 0
1.658698182236874 0.1839999999999996 0
1.658698182236874 0.1780000000000318 0
1.658698182236874 0.1720000000000314 0
1.658698182236874 0.1660000000000318 0
1.658698182236874 0.160000000000094 0
1.658698182236874 0.1540000000000954 0
1.658698182236874 0.1480000000000991 0
1.658698182236874 0.1420000000001041 0
1.658698182236874 0.1360000000000943 0
1.658698182236874 0.1300000000000868 0
1.658698182236874 0.1240000000000696 0
1.658698182236874 0.1180000000000445 0
1.658698182236874 0.1120000000000226 0
1.658698182236874 0.1060000000000208 0
1.775332919610929 0.1839999999999996 0
1.775332919610928 0.1780000000000318 0
1.775332919610929 0.1720000000000315 0
1.775332919610929 0.1660000000000318 0
1.775332919610928 0.160000000000094 0
1.775332919610929 0.1540000000000954 0
1.775332919610928 0.1480000000000991 0
1.775332919610929 0.1420000000001041 0
1.775332919610928 0.1360000000000943 0
1.775332919610928 0.1300000000000868 0
1.775332919610928 0.1240000000000696 0
1.775332919610928 0.1180000000000445 0
1.775332919610928 0.1120000000000226 0
1.775332919610928 0.1060000000000208 0
1.903631131315488 0.1839999999999996 0
1.903631131315488 0.1780000000000318 0
1.903631131315488 0.1720000000000314 0
1.903631131315488 0.1660000000000318 0
1.903631131315488 0.160000000000094 0
1.903631131315488 0.1540000000000955 0
1.903631131315488 0.1480000000000991 0
1.903631131315488 0.1420000000001041 0
1.903631131315488 0.1360000000000944 0
1.903631131315488 0.1300000000000868 0
1.903631131315488 0.1240000000000696 0
1.903631131315488 0.1180000000000445 0
1.903631131315488 0.1120000000000226 0
1.903631131315488 0.1060000000000208 0
2.044759163877865 0.1839999999999996 0
2.044759163877865 0.1780000000000318 0
2.044759163877865 0.1720000000000315 0
2.044759163877865 0.1660000000000318 0
2.044759163877865 0.160000000000094 0
2.044759163877865 0.1540000000000954 0
2.044759163877865 0.1480000000000991 0
2.044759163877864 0.1420000000001041 0
2.044759163877865 0.1360000000000944 0
2.044759163877865 0.1300000000000868 0
2.044759163877864 0.1240000000000696 0
2.044759163877865 0.1180000000000445 0
2.044759163877865 0.1120000000000226 0
2.044759163877865 0.1060000000000208 0
2 16 0 64
4467
4468
4469
4470
4471
4472
4473
4474
4475
4476
4477
4478
4479
4480
4481
4482
4483
4484
4485
4486
4487
4488
4489
4490
4491
4492
4493
4494
4495
4496
4497
4498
4499
4500
4501
4502
4503
4504
4505
4506
4507
4508
4509
4510
4511
4512
4513
4514
4515
4516
4517
4518
4519
4520
4521
4522
4523
4524
4525
4526
4527
4528
4529
4530
0.01111111111109788 0.08888888888886472 0
0.01111111111110356 0.07777777777773079 0
0.01111111111110924 0.06666666666659736 0
0.01111111111111493 0.055555555555464 0
0.01111111111112061 0.04444444444435425 0
0.0111111111111263 0.03333333333327056 0
0.01111111111113198 0.02222222222218445 0
0.01111111111113767 0.01111111111109787 0
0.02222222222218445 0.08888888888887157 0
0.02222222222219706 0.07777777777774432 0
0.02222222222220965 0.06666666666661757 0
0.02222222222222224 0.05555555555549083 0
0.02222222222223484 0.04444444444438094 0
0.02222222222224743 0.03333333333329004 0
0.02222222222226003 0.02222222222219704 0
0.02222222222227262 0.01111111111110355 0
0.03333333333327057 0.08888888888887843 0
0.03333333333329005 0.07777777777775789 0
0.03333333333330954 0.06666666666663774 0
0.03333333333332902 0.05555555555551762 0
0.03333333333334851 0.04444444444440761 0
0.03333333333336799 0.03333333333330953 0
0.03333333333338749 0.02222222222220964 0
0.03333333333340698 0.01111111111110924 0
0.04444444444435426 0.08888888888888528 0
0.04444444444438093 0.07777777777777146 0
0.04444444444440763 0.06666666666665792 0
0.04444444444443432 0.05555555555554445 0
0.04444444444446098 0.0444444444444343 0
0.04444444444448768 0.03333333333332902 0
0.04444444444451434 0.02222222222222224 0
0.04444444444454104 0.01111111111111492 0
0.05555555555546403 0.08888888888889217 0
0.05555555555549084 0.07777777777778501 0
0.05555555555551765 0.06666666666667813 0
0.05555555555554446 0.05555555555557126 0
0.05555555555557128 0.04444444444446099 0
0.05555555555559809 0.0333333333333485 0
0.0555555555556249 0.02222222222223483 0
0.0555555555556517 0.01111111111112061 0
0.06666666666659739 0.08888888888889902 0
0.06666666666661759 0.07777777777779855 0
0.06666666666663777 0.06666666666669831 0
0.06666666666665795 0.05555555555559807 0
0.06666666666667816 0.04444444444448766 0
0.06666666666669833 0.03333333333336799 0
0.06666666666671851 0.02222222222224743 0
0.06666666666673869 0.01111111111112629 0
0.0777777777777308 0.08888888888890588 0
0.07777777777774436 0.07777777777781213 0
0.07777777777775791 0.06666666666671849 0
0.07777777777777148 0.0555555555556249 0
0.07777777777778505 0.04444444444451433 0
0.0777777777777986 0.03333333333338747 0
0.07777777777781217 0.02222222222226002 0
0.07777777777782571 0.01111111111113198 0
0.08888888888886473 0.08888888888891273 0
0.08888888888887156 0.0777777777778257 0
0.08888888888887846 0.06666666666673869 0
0.08888888888888534 0.05555555555565171 0
0.08888888888889218 0.04444444444454101 0
0.08888888888889905 0.03333333333340695 0
0.08888888888890591 0.02222222222227262 0
0.08888888888891275 0.01111111111113766 0
2 17 0 112
4531
4532
4533
4534
4535
4536
4537
4538
4539
4540
4541
4542
4543
4544
4545
4546
4547
4548
4549
4550
4551
4552
4553
4554
4555
4556
4557
4558
4559
4560
4561
4562
4563
4564
4565
4566
4567
4568
4569
4570
4571
4572
4573
4574
4575
4576
4577
4578
4579
4580
4581
4582
4583
4584
4585
4586
4587
4588
4589
4590
4591
4592
4593
4594
4595
4596
4597
4598
4599
4600
4601
4602
4603
4604
4605
4606
4607
4608
4609
4610
4611
4612
4613
4614
4615
4616
4617
4618
4619
4620
4621
4622
4623
4624
4625
4626
4627
4628
4629
4630
4631
4632
4633
4634
4635
4636
4637
4638
4639
4640
4641
4642
0.1133333333333136 0.08888888888891963 0
0.1133333333333211 0.07777777777783927 0
0.1133333333333284 0.0666666666667589 0
0.1133333333333358 0.05555555555567852 0
0.1133333333333432 0.04444444444456772 0
0.1133333333333506 0.03333333333342645 0
0.113333333333358 0.02222222222228522 0
0.1133333333333654 0.01111111111114335 0
0.126666666666629 0.08888888888891963 0
0.1266666666666428 0.07777777777783927 0
0.1266666666666567 0.06666666666675891 0
0.1266666666666706 0.05555555555567853 0
0.1266666666666845 0.04444444444456772 0
0.1266666666666984 0.03333333333342645 0
0.1266666666667123 0.02222222222228522 0
0.1266666666667262 0.01111111111114335 0
0.1399999999999319 0.08888888888891963 0
0.1399999999999548 0.07777777777783927 0
0.1399999999999777 0.0666666666667589 0
0.1400000000000005 0.05555555555567853 0
0.1400000000000234 0.04444444444456772 0
0.1400000000000463 0.03333333333342645 0
0.1400000000000692 0.02222222222228522 0
0.1400000000000921 0.01111111111114335 0
0.1533333333332343 0.08888888888891963 0
0.1533333333332658 0.07777777777783927 0
0.1533333333332971 0.06666666666675893 0
0.1533333333333285 0.05555555555567853 0
0.1533333333333599 0.04444444444456772 0
0.1533333333333914 0.03333333333342645 0
0.1533333333334227 0.02222222222228522 0
0.1533333333334542 0.01111111111114335 0
0.1666666666665364 0.08888888888891963 0
0.1666666666665761 0.07777777777783927 0
0.1666666666666156 0.0666666666667589 0
0.1666666666666551 0.05555555555567852 0
0.1666666666666946 0.04444444444456772 0
0.1666666666667342 0.03333333333342645 0
0.1666666666667738 0.02222222222228522 0
0.1666666666668134 0.01111111111114335 0
0.179999999999839 0.08888888888891963 0
0.1799999999998872 0.07777777777783927 0
0.1799999999999354 0.0666666666667589 0
0.1799999999999836 0.05555555555567853 0
0.1800000000000318 0.04444444444456772 0
0.18000000000008 0.03333333333342645 0
0.1800000000001282 0.02222222222228522 0
0.1800000000001764 0.01111111111114335 0
0.1933333333331418 0.08888888888891963 0
0.193333333333199 0.07777777777783929 0
0.193333333333256 0.0666666666667589 0
0.193333333333313 0.05555555555567853 0
0.1933333333333702 0.04444444444456772 0
0.1933333333334273 0.03333333333342646 0
0.1933333333334843 0.02222222222228522 0
0.1933333333335414 0.01111111111114335 0
0.2066666666664793 0.08888888888891963 0
0.2066666666665349 0.07777777777783929 0
0.2066666666665907 0.0666666666667589 0
0.2066666666666463 0.05555555555567854 0
0.206666666666702 0.04444444444456772 0
0.2066666666667578 0.03333333333342645 0
0.2066666666668134 0.02222222222228522 0
0.2066666666668692 0.01111111111114335 0
0.2199999999998378 0.08888888888891963 0
0.2199999999998857 0.07777777777783929 0
0.2199999999999336 0.06666666666675891 0
0.2199999999999816 0.05555555555567855 0
0.2200000000000295 0.04444444444456772 0
0.2200000000000774 0.03333333333342645 0
0.2200000000001254 0.02222222222228522 0
0.2200000000001734 0.01111111111114335 0
0.2333333333331997 0.08888888888891963 0
0.2333333333332394 0.07777777777783929 0
0.2333333333332792 0.0666666666667589 0
0.2333333333333189 0.05555555555567852 0
0.2333333333333587 0.04444444444456772 0
0.2333333333333985 0.03333333333342645 0
0.2333333333334382 0.02222222222228522 0
0.233333333333478 0.01111111111114335 0
0.2466666666665568 0.08888888888891963 0
0.246666666666589 0.07777777777783927 0
0.2466666666666212 0.06666666666675891 0
0.2466666666666534 0.05555555555567853 0
0.2466666666666855 0.04444444444456772 0
0.2466666666667177 0.03333333333342646 0
0.2466666666667498 0.02222222222228522 0
0.2466666666667821 0.01111111111114335 0
0.2599999999999246 0.08888888888891963 0
0.2599999999999477 0.07777777777783927 0
0.2599999999999711 0.0666666666667589 0
0.2599999999999942 0.05555555555567853 0
0.2600000000000176 0.04444444444456772 0
0.2600000000000408 0.03333333333342646 0
0.2600000000000641 0.02222222222228522 0
0.2600000000000873 0.01111111111114335 0
0.2733333333332851 0.08888888888891963 0
0.2733333333333003 0.07777777777783929 0
0.2733333333333156 0.0666666666667589 0
0.2733333333333308 0.05555555555567854 0
0.273333333333346 0.04444444444456772 0
0.2733333333333613 0.03333333333342646 0
0.2733333333333767 0.02222222222228522 0
0.2733333333333919 0.01111111111114335 0
0.2866666666666332 0.08888888888891963 0
0.2866666666666419 0.07777777777783931 0
0.2866666666666507 0.0666666666667589 0
0.2866666666666596 0.05555555555567854 0
0.2866666666666685 0.04444444444456772 0
0.2866666666666772 0.03333333333342645 0
0.286666666666686 0.02222222222228522 0
0.2866666666666948 0.01111111111114335 0
2 18 0 272
4643
4644
4645
4646
4647
4648
4649
4650
4651
4652
4653
4654
4655
4656
4657
4658
4659
4660
4661
4662
4663
4664
4665
4666
4667
4668
4669
4670
4671
4672
4673
4674
4675
4676
4677
4678
4679
4680
4681
4682
4683
4684
4685
4686
4687
4688
4689
4690
4691
4692
4693
4694
4695
4696
4697
4698
4699
4700
4701
4702
4703
4704
4705
4706
4707
4708
4709
4710
4711
4712
4713
4714
4715
4716
4717
4718
4719
4720
4721
4722
4723
4724
4725
4726
4727
4728
4729
4730
4731
4732
4733
4734
4735
4736
4737
4738
4739
4740
4741
4742
4743
4744
4745
4746
4747
4748
4749
4750
4751
4752
4753
4754
4755
4756
4757
4758
4759
4760
4761
4762
4763
4764
4765
4766
4767
4768
4769
4770
4771
4772
4773
4774
4775
4776
4777
4778
4779
4780
4781
4782
4783
4784
4785
4786
4787
4788
4789
4790
4791
4792
4793
4794
4795
4796
4797
4798
4799
4800
4801
4802
4803
4804
4805
4806
4807
4808
4809
4810
4811
4812
4813
4814
4815
4816
4817
4818
4819
4820
4821
4822
4823
4824
4825
4826
4827
4828
4829
4830
4831
4832
4833
4834
4835
4836
4837
4838
4839
4840
4841
4842
4843
4844
4845
4846
4847
4848
4849
4850
4851
4852
4853
4854
4855
4856
4857
4858
4859
4860
4861
4862
4863
4864
4865
4866
4867
4868
4869
4870
4871
4872
4873
4874
4875
4876
4877
4878
4879
4880
4881
4882
4883
4884
4885
4886
4887
4888
4889
4890
4891
4892
4893
4894
4895
4896
4897
4898
4899
4900
4901
4902
4903
4904
4905
4906
4907
4908
4909
4910
4911
4912
4913
4914
0.3085714285714212 0.08888888888891963 0
0.3085714285714247 0.07777777777783929 0
0.3085714285714283 0.0666666666667589 0
0.3085714285714317 0.05555555555567853 0
0.3085714285714353 0.04444444444456772 0
0.3085714285714388 0.03333333333342645 0
0.3085714285714424 0.02222222222228522 0
0.3085714285714458 0.01111111111114335 0
0.3171428571428514 0.08888888888891962 0
0.3171428571428564 0.07777777777783927 0
0.3171428571428613 0.0666666666667589 0
0.3171428571428662 0.05555555555567852 0
0.3171428571428712 0.04444444444456772 0
0.3171428571428763 0.03333333333342645 0
0.3171428571428812 0.02222222222228522 0
0.3171428571428863 0.01111111111114335 0
0.3257142857142814 0.08888888888891963 0
0.3257142857142884 0.07777777777783927 0
0.3257142857142954 0.06666666666675891 0
0.3257142857143024 0.05555555555567853 0
0.3257142857143094 0.04444444444456772 0
0.3257142857143163 0.03333333333342646 0
0.3257142857143231 0.02222222222228522 0
0.3257142857143301 0.01111111111114335 0
0.3342857142856935 0.08888888888891963 0
0.3342857142857051 0.07777777777783927 0
0.3342857142857166 0.0666666666667589 0
0.3342857142857283 0.05555555555567853 0
0.3342857142857398 0.04444444444456772 0
0.3342857142857515 0.03333333333342646 0
0.3342857142857631 0.02222222222228522 0
0.3342857142857747 0.01111111111114335 0
0.3428571428571051 0.08888888888891963 0
0.3428571428571213 0.07777777777783927 0
0.3428571428571377 0.06666666666675891 0
0.3428571428571541 0.05555555555567853 0
0.3428571428571704 0.04444444444456772 0
0.3428571428571867 0.03333333333342646 0
0.342857142857203 0.02222222222228522 0
0.3428571428572194 0.01111111111114335 0
0.351428571428496 0.08888888888891963 0
0.3514285714285184 0.07777777777783927 0
0.3514285714285405 0.0666666666667589 0
0.3514285714285628 0.05555555555567853 0
0.3514285714285851 0.04444444444456772 0
0.3514285714286073 0.03333333333342645 0
0.3514285714286296 0.02222222222228522 0
0.3514285714286519 0.01111111111114335 0
0.3599999999998923 0.08888888888891963 0
0.3599999999999212 0.07777777777783927 0
0.35999999999995 0.06666666666675891 0
0.359999999999979 0.05555555555567852 0
0.3600000000000079 0.04444444444456772 0
0.3600000000000367 0.03333333333342646 0
0.3600000000000656 0.02222222222228522 0
0.3600000000000945 0.01111111111114335 0
0.3685714285712975 0.08888888888891965 0
0.368571428571332 0.07777777777783929 0
0.3685714285713663 0.06666666666675891 0
0.3685714285714007 0.05555555555567853 0
0.3685714285714352 0.04444444444456772 0
0.3685714285714696 0.03333333333342646 0
0.368571428571504 0.02222222222228522 0
0.3685714285715385 0.01111111111114335 0
0.3771428571426922 0.08888888888891963 0
0.3771428571427334 0.07777777777783927 0
0.3771428571427746 0.06666666666675891 0
0.3771428571428155 0.05555555555567853 0
0.3771428571428567 0.04444444444456772 0
0.3771428571428979 0.03333333333342646 0
0.3771428571429389 0.02222222222228522 0
0.37714285714298 0.01111111111114335 0
0.3857142857140834 0.08888888888891962 0
0.3857142857141306 0.07777777777783927 0
0.3857142857141779 0.0666666666667589 0
0.3857142857142249 0.05555555555567853 0
0.385714285714272 0.04444444444456772 0
0.3857142857143192 0.03333333333342645 0
0.3857142857143662 0.02222222222228522 0
0.3857142857144133 0.01111111111114335 0
0.3942857142854843 0.08888888888891963 0
0.3942857142855385 0.07777777777783926 0
0.3942857142855926 0.06666666666675891 0
0.3942857142856469 0.05555555555567852 0
0.3942857142857012 0.04444444444456772 0
0.3942857142857553 0.03333333333342646 0
0.3942857142858097 0.02222222222228522 0
0.3942857142858639 0.01111111111114335 0
0.4028571428568886 0.08888888888891963 0
0.4028571428569486 0.07777777777783927 0
0.4028571428570086 0.06666666666675891 0
0.4028571428570686 0.05555555555567852 0
0.4028571428571286 0.04444444444456772 0
0.4028571428571887 0.03333333333342645 0
0.4028571428572487 0.02222222222228522 0
0.4028571428573087 0.01111111111114335 0
0.4114285714282845 0.08888888888891963 0
0.4114285714283494 0.0777777777778393 0
0.4114285714284142 0.0666666666667589 0
0.4114285714284791 0.05555555555567855 0
0.4114285714285441 0.04444444444456772 0
0.4114285714286089 0.03333333333342645 0
0.4114285714286738 0.02222222222228522 0
0.4114285714287386 0.01111111111114335 0
0.4199999999996901 0.08888888888891963 0
0.4199999999997598 0.07777777777783929 0
0.4199999999998293 0.0666666666667589 0
0.419999999999899 0.05555555555567852 0
0.4199999999999686 0.04444444444456772 0
0.4200000000000381 0.03333333333342645 0
0.4200000000001077 0.02222222222228522 0
0.4200000000001773 0.01111111111114335 0
0.4285714285711141 0.08888888888891963 0
0.4285714285711883 0.07777777777783927 0
0.4285714285712623 0.06666666666675891 0
0.4285714285713365 0.05555555555567855 0
0.4285714285714106 0.04444444444456772 0
0.4285714285714848 0.03333333333342646 0
0.4285714285715589 0.02222222222228522 0
0.428571428571633 0.01111111111114335 0
0.4371428571425287 0.08888888888891963 0
0.4371428571426064 0.07777777777783929 0
0.4371428571426842 0.06666666666675891 0
0.4371428571427621 0.05555555555567854 0
0.4371428571428399 0.04444444444456772 0
0.4371428571429177 0.03333333333342645 0
0.4371428571429955 0.02222222222228522 0
0.4371428571430735 0.01111111111114335 0
0.4457142857139257 0.08888888888891963 0
0.4457142857140083 0.07777777777783927 0
0.4457142857140908 0.06666666666675891 0
0.4457142857141733 0.05555555555567854 0
0.4457142857142559 0.04444444444456772 0
0.4457142857143384 0.03333333333342646 0
0.4457142857144209 0.02222222222228522 0
0.4457142857145034 0.01111111111114335 0
0.4542857142853695 0.08888888888891963 0
0.4542857142854476 0.07777777777783929 0
0.4542857142855256 0.0666666666667589 0
0.4542857142856036 0.05555555555567853 0
0.4542857142856815 0.04444444444456772 0
0.4542857142857597 0.03333333333342646 0
0.4542857142858377 0.02222222222228522 0
0.4542857142859157 0.01111111111114335 0
0.4628571428568301 0.08888888888891963 0
0.4628571428569022 0.07777777777783929 0
0.4628571428569743 0.06666666666675891 0
0.4628571428570465 0.05555555555567853 0
0.4628571428571187 0.04444444444456772 0
0.4628571428571908 0.03333333333342646 0
0.4628571428572629 0.02222222222228522 0
0.4628571428573351 0.01111111111114335 0
0.4714285714282721 0.08888888888891963 0
0.4714285714283385 0.07777777777783927 0
0.4714285714284048 0.0666666666667589 0
0.4714285714284709 0.05555555555567853 0
0.4714285714285372 0.04444444444456772 0
0.4714285714286033 0.03333333333342645 0
0.4714285714286697 0.02222222222228522 0
0.4714285714287359 0.01111111111114335 0
0.4799999999997107 0.08888888888891963 0
0.4799999999997704 0.07777777777783927 0
0.4799999999998301 0.0666666666667589 0
0.47999999999989 0.05555555555567854 0
0.4799999999999495 0.04444444444456772 0
0.4800000000000093 0.03333333333342645 0
0.4800000000000691 0.02222222222228522 0
0.4800000000001288 0.01111111111114335 0
0.4885714285711691 0.08888888888891963 0
0.4885714285712242 0.07777777777783927 0
0.4885714285712791 0.0666666666667589 0
0.488571428571334 0.05555555555567853 0
0.488571428571389 0.04444444444456772 0
0.4885714285714441 0.03333333333342645 0
0.488571428571499 0.02222222222228522 0
0.488571428571554 0.01111111111114335 0
0.4971428571426268 0.08888888888891963 0
0.4971428571426773 0.07777777777783927 0
0.4971428571427276 0.0666666666667589 0
0.4971428571427779 0.05555555555567852 0
0.4971428571428282 0.04444444444456772 0
0.4971428571428784 0.03333333333342645 0
0.497142857142929 0.02222222222228522 0
0.4971428571429792 0.01111111111114335 0
0.5057142857140472 0.08888888888891963 0
0.5057142857140957 0.07777777777783927 0
0.5057142857141441 0.06666666666675891 0
0.5057142857141925 0.05555555555567853 0
0.5057142857142408 0.04444444444456772 0
0.5057142857142893 0.03333333333342646 0
0.5057142857143376 0.02222222222228522 0
0.5057142857143861 0.01111111111114335 0
0.5142857142854581 0.08888888888891963 0
0.5142857142855057 0.07777777777783929 0
0.5142857142855531 0.06666666666675891 0
0.5142857142856005 0.05555555555567854 0
0.5142857142856483 0.04444444444456772 0
0.5142857142856957 0.03333333333342646 0
0.5142857142857432 0.02222222222228522 0
0.5142857142857908 0.01111111111114335 0
0.5228571428569057 0.08888888888891963 0
0.5228571428569523 0.07777777777783927 0
0.5228571428569987 0.06666666666675891 0
0.5228571428570454 0.05555555555567853 0
0.5228571428570921 0.04444444444456772 0
0.5228571428571387 0.03333333333342646 0
0.5228571428571853 0.02222222222228522 0
0.5228571428572317 0.01111111111114335 0
0.5314285714283297 0.08888888888891963 0
0.5314285714283753 0.07777777777783927 0
0.531428571428421 0.0666666666667589 0
0.5314285714284669 0.05555555555567853 0
0.5314285714285124 0.04444444444456772 0
0.5314285714285583 0.03333333333342645 0
0.5314285714286039 0.02222222222228522 0
0.5314285714286496 0.01111111111114335 0
0.5399999999997283 0.08888888888891963 0
0.539999999999773 0.07777777777783929 0
0.539999999999818 0.0666666666667589 0
0.5399999999998625 0.05555555555567851 0
0.5399999999999074 0.04444444444456772 0
0.5399999999999522 0.03333333333342645 0
0.539999999999997 0.02222222222228522 0
0.5400000000000417 0.01111111111114335 0
0.5485714285711472 0.08888888888891963 0
0.5485714285711912 0.07777777777783931 0
0.548571428571235 0.0666666666667589 0
0.5485714285712789 0.05555555555567853 0
0.5485714285713228 0.04444444444456772 0
0.5485714285713669 0.03333333333342646 0
0.5485714285714108 0.02222222222228522 0
0.5485714285714545 0.01111111111114335 0
0.5571428571426104 0.08888888888891963 0
0.5571428571426515 0.07777777777783927 0
0.557142857142693 0.0666666666667589 0
0.5571428571427343 0.05555555555567853 0
0.5571428571427756 0.04444444444456772 0
0.5571428571428169 0.03333333333342645 0
0.5571428571428582 0.02222222222228522 0
0.5571428571428995 0.01111111111114335 0
0.5657142857140879 0.08888888888891963 0
0.5657142857141204 0.07777777777783927 0
0.5657142857141526 0.0666666666667589 0
0.5657142857141852 0.05555555555567853 0
0.5657142857142177 0.04444444444456772 0
0.5657142857142503 0.03333333333342645 0
0.5657142857142827 0.02222222222228522 0
0.5657142857143153 0.01111111111114335 0
0.5742857142855633 0.08888888888891963 0
0.5742857142855854 0.07777777777783929 0
0.5742857142856072 0.0666666666667589 0
0.5742857142856295 0.05555555555567854 0
0.5742857142856511 0.04444444444456772 0
0.5742857142856733 0.03333333333342645 0
0.5742857142856951 0.02222222222228522 0
0.5742857142857171 0.01111111111114335 0
0.5828571428570427 0.08888888888891963 0
0.5828571428570584 0.07777777777783927 0
0.5828571428570736 0.06666666666675891 0
0.5828571428570889 0.05555555555567855 0
0.5828571428571044 0.04444444444456772 0
0.5828571428571195 0.03333333333342645 0
0.5828571428571351 0.02222222222228522 0
0.5828571428571503 0.01111111111114335 0
0.5914285714285237 0.08888888888891963 0
0.5914285714285331 0.07777777777783927 0
0.5914285714285429 0.0666666666667589 0
0.5914285714285524 0.05555555555567853 0
0.5914285714285622 0.04444444444456772 0
0.591428571428572 0.03333333333342646 0
0.5914285714285819 0.02222222222228522 0
0.5914285714285914 0.01111111111114335 0
2 19 0 224
4915
4916
4917
4918
4919
4920
4921
4922
4923
4924
4925
4926
4927
4928
4929
4930
4931
4932
4933
4934
4935
4936
4937
4938
4939
4940
4941
4942
4943
4944
4945
4946
4947
4948
4949
4950
4951
4952
4953
4954
4955
4956
4957
4958
4959
4960
4961
4962
4963
4964
4965
4966
4967
4968
4969
4970
4971
4972
4973
4974
4975
4976
4977
4978
4979
4980
4981
4982
4983
4984
4985
4986
4987
4988
4989
4990
4991
4992
4993
4994
4995
4996
4997
4998
4999
5000
5001
5002
5003
5004
5005
5006
5007
5008
5009
5010
5011
5012
5013
5014
5015
5016
5017
5018
5019
5020
5021
5022
5023
5024
5025
5026
5027
5028
5029
5030
5031
5032
5033
5034
5035
5036
5037
5038
5039
5040
5041
5042
5043
5044
5045
5046
5047
5048
5049
5050
5051
5052
5053
5054
5055
5056
5057
5058
5059
5060
5061
5062
5063
5064
5065
5066
5067
5068
5069
5070
5071
5072
5073
5074
5075
5076
5077
5078
5079
5080
5081
5082
5083
5084
5085
5086
5087
5088
5089
5090
5091
5092
5093
5094
5095
5096
5097
5098
5099
5100
5101
5102
5103
5104
5105
5106
5107
5108
5109
5110
5111
5112
5113
5114
5115
5116
5117
5118
5119
5120
5121
5122
5123
5124
5125
5126
5127
5128
5129
5130
5131
5132
5133
5134
5135
5136
5137
5138
0.610764920041015 0.08888888888891962 0
0.6107649200413182 0.07777777777783929 0
0.6107649200416211 0.0666666666667589 0
0.610764920041924 0.05555555555567853 0
0.6107649200422267 0.04444444444456772 0
0.6107649200425297 0.03333333333342646 0
0.6107649200428326 0.02222222222228522 0
0.6107649200431353 0.01111111111114335 0
0.6226063311675962 0.08888888888891963 0
0.6226063311682613 0.0777777777778393 0
0.6226063311689263 0.0666666666667589 0
0.6226063311695915 0.05555555555567854 0
0.6226063311702565 0.04444444444456772 0
0.6226063311709216 0.03333333333342645 0
0.6226063311715868 0.02222222222228522 0
0.6226063311722518 0.01111111111114335 0
0.6356318834636383 0.08888888888891963 0
0.6356318834647366 0.07777777777783927 0
0.6356318834658352 0.0666666666667589 0
0.6356318834669336 0.05555555555567853 0
0.6356318834680321 0.04444444444456772 0
0.6356318834691306 0.03333333333342645 0
0.635631883470229 0.02222222222228522 0
0.6356318834713272 0.01111111111114335 0
0.649959991789731 0.08888888888891963 0
0.6499599917913447 0.07777777777783927 0
0.649959991792959 0.06666666666675891 0
0.6499599917945731 0.05555555555567853 0
0.6499599917961869 0.04444444444456772 0
0.649959991797801 0.03333333333342646 0
0.649959991799415 0.02222222222228522 0
0.649959991801029 0.01111111111114335 0
0.665720911272615 0.08888888888891963 0
0.6657209112748355 0.07777777777783927 0
0.6657209112770557 0.0666666666667589 0
0.6657209112792757 0.05555555555567853 0
0.6657209112814961 0.04444444444456772 0
0.6657209112837164 0.03333333333342646 0
0.6657209112859366 0.02222222222228522 0
0.6657209112881568 0.01111111111114335 0
0.683057922424615 0.08888888888891965 0
0.6830579224275457 0.07777777777783926 0
0.6830579224304764 0.06666666666675888 0
0.6830579224334073 0.05555555555567853 0
0.683057922436338 0.04444444444456772 0
0.6830579224392688 0.03333333333342646 0
0.6830579224421993 0.02222222222228522 0
0.6830579224451303 0.01111111111114335 0
0.7021286341689849 0.08888888888891965 0
0.7021286341727452 0.07777777777783929 0
0.7021286341765055 0.06666666666675891 0
0.7021286341802655 0.05555555555567853 0
0.7021286341840258 0.04444444444456772 0
0.7021286341877861 0.03333333333342645 0
0.7021286341915465 0.02222222222228522 0
0.7021286341953068 0.01111111111114335 0
0.7231064165922086 0.08888888888891963 0
0.7231064165969364 0.07777777777783929 0
0.7231064166016639 0.06666666666675891 0
0.7231064166063915 0.05555555555567855 0
0.7231064166111194 0.04444444444456772 0
0.7231064166158471 0.03333333333342645 0
0.7231064166205748 0.02222222222228522 0
0.7231064166253026 0.01111111111114335 0
0.7461819774391729 0.08888888888891963 0
0.746181977445022 0.07777777777783929 0
0.7461819774508714 0.06666666666675891 0
0.7461819774567207 0.05555555555567854 0
0.74618197746257 0.04444444444456772 0
0.7461819774684191 0.03333333333342645 0
0.7461819774742682 0.02222222222228522 0
0.7461819774801177 0.01111111111114335 0
0.771565094706626 0.08888888888891963 0
0.7715650947137763 0.07777777777783929 0
0.7715650947209269 0.0666666666667589 0
0.7715650947280775 0.05555555555567854 0
0.7715650947352284 0.04444444444456772 0
0.7715650947423787 0.03333333333342645 0
0.7715650947495294 0.02222222222228522 0
0.7715650947566801 0.01111111111114335 0
0.7994865233776832 0.08888888888891965 0
0.799486523386336 0.07777777777783929 0
0.7994865233949893 0.0666666666667589 0
0.7994865234036423 0.05555555555567853 0
0.7994865234122954 0.04444444444456772 0
0.7994865234209483 0.03333333333342646 0
0.7994865234296016 0.02222222222228522 0
0.7994865234382547 0.01111111111114335 0
0.8302000950712497 0.08888888888891963 0
0.8302000950816429 0.07777777777783927 0
0.830200095092036 0.0666666666667589 0
0.830200095102429 0.05555555555567853 0
0.8302000951128221 0.04444444444456772 0
0.8302000951232156 0.03333333333342646 0
0.8302000951336086 0.02222222222228522 0
0.8302000951440019 0.01111111111114335 0
0.8639850242186653 0.08888888888891963 0
0.8639850242310537 0.07777777777783929 0
0.8639850242434419 0.06666666666675891 0
0.86398502425583 0.05555555555567853 0
0.8639850242682183 0.04444444444456772 0
0.8639850242806066 0.03333333333342645 0
0.863985024292995 0.02222222222228522 0
0.8639850243053833 0.01111111111114335 0
0.9011484456854955 0.08888888888891963 0
0.9011484457001842 0.07777777777783927 0
0.9011484457148731 0.06666666666675891 0
0.9011484457295617 0.05555555555567853 0
0.9011484457442503 0.04444444444456772 0
0.9011484457589389 0.03333333333342645 0
0.9011484457736274 0.02222222222228522 0
0.9011484457883163 0.01111111111114335 0
0.9420282098135687 0.08888888888891963 0
0.9420282098308875 0.07777777777783927 0
0.9420282098482059 0.0666666666667589 0
0.9420282098655245 0.05555555555567853 0
0.942028209882843 0.04444444444456772 0
0.9420282099001616 0.03333333333342645 0
0.9420282099174802 0.02222222222228522 0
0.9420282099347985 0.01111111111114335 0
0.9869959507728501 0.08888888888891963 0
0.9869959507931736 0.07777777777783929 0
0.9869959508134973 0.0666666666667589 0
0.986995950833821 0.05555555555567853 0
0.9869959508541452 0.04444444444456772 0
0.9869959508744686 0.03333333333342646 0
0.9869959508947921 0.02222222222228522 0
0.986995950915116 0.01111111111114335 0
1.036460465618464 0.08888888888891963 0
1.036460465642223 0.07777777777783926 0
1.036460465665982 0.06666666666675891 0
1.036460465689742 0.05555555555567852 0
1.036460465713502 0.04444444444456772 0
1.036460465737261 0.03333333333342646 0
1.036460465761021 0.02222222222228522 0
1.036460465784781 0.01111111111114335 0
1.090871431309367 0.08888888888891963 0
1.090871431337051 0.07777777777783927 0
1.090871431364736 0.06666666666675891 0
1.09087143139242 0.05555555555567854 0
1.090871431420105 0.04444444444456773 0
1.090871431447789 0.03333333333342646 0
1.090871431475473 0.02222222222228522 0
1.090871431503157 0.01111111111114335 0
1.150723493229461 0.08888888888891963 0
1.150723493261616 0.07777777777783929 0
1.15072349329377 0.0666666666667589 0
1.150723493325925 0.05555555555567854 0
1.150723493358079 0.04444444444456772 0
1.150723493390234 0.03333333333342645 0
1.150723493422389 0.02222222222228522 0
1.150723493454544 0.01111111111114335 0
1.216560762125651 0.08888888888891963 0
1.216560762162901 0.07777777777783929 0
1.216560762200152 0.06666666666675888 0
1.216560762237403 0.05555555555567852 0
1.216560762274653 0.04444444444456772 0
1.216560762311904 0.03333333333342645 0
1.216560762349155 0.02222222222228522 0
1.216560762386405 0.01111111111114335 0
1.288981757831751 0.08888888888891963 0
1.28898175787478 0.07777777777783929 0
1.288981757917809 0.0666666666667589 0
1.288981757960838 0.05555555555567854 0
1.288981758003868 0.04444444444456772 0
1.288981758046897 0.03333333333342645 0
1.288981758089926 0.02222222222228522 0
1.288981758132955 0.01111111111114335 0
1.368644853191019 0.08888888888891963 0
1.368644853240606 0.07777777777783927 0
1.368644853290194 0.06666666666675891 0
1.368644853339781 0.05555555555567853 0
1.368644853389368 0.04444444444456772 0
1.368644853438956 0.03333333333342646 0
1.368644853488543 0.02222222222228522 0
1.36864485353813 0.01111111111114335 0
1.456274258143168 0.08888888888891963 0
1.456274258200134 0.07777777777783927 0
1.456274258257099 0.06666666666675891 0
1.456274258314064 0.05555555555567854 0
1.456274258371029 0.04444444444456772 0
1.456274258427994 0.03333333333342646 0
1.456274258484959 0.02222222222228522 0
1.456274258541924 0.01111111111114335 0
1.552666603108211 0.08888888888891963 0
1.552666603173487 0.07777777777783929 0
1.552666603238763 0.0666666666667589 0
1.552666603304039 0.05555555555567852 0
1.552666603369315 0.04444444444456772 0
1.552666603434591 0.03333333333342645 0
1.552666603499867 0.02222222222228522 0
1.552666603565143 0.01111111111114335 0
1.658698182311547 0.08888888888891963 0
1.658698182386221 0.07777777777783929 0
1.658698182460895 0.06666666666675891 0
1.658698182535568 0.05555555555567853 0
1.658698182610242 0.04444444444456772 0
1.658698182684915 0.03333333333342646 0
1.658698182759589 0.02222222222228522 0
1.658698182834263 0.01111111111114335 0
1.775332919696212 0.08888888888891963 0
1.775332919781495 0.07777777777783927 0
1.775332919866778 0.0666666666667589 0
1.775332919952061 0.05555555555567853 0
1.775332920037344 0.04444444444456772 0
1.775332920122628 0.03333333333342645 0
1.775332920207911 0.02222222222228522 0
1.775332920293194 0.01111111111114335 0
1.903631131412768 0.08888888888891963 0
1.903631131510046 0.07777777777783929 0
1.903631131607326 0.0666666666667589 0
1.903631131704605 0.05555555555567852 0
1.903631131801884 0.04444444444456772 0
1.903631131899163 0.03333333333342645 0
1.903631131996443 0.02222222222228522 0
1.903631132093722 0.01111111111114335 0
2.04475916398873 0.08888888888891963 0
2.044759164099597 0.07777777777783929 0
2.044759164210462 0.0666666666667589 0
2.044759164321328 0.05555555555567853 0
2.044759164432195 0.04444444444456772 0
2.04475916454306 0.03333333333342646 0
2.044759164653926 0.02222222222228522 0
2.044759164764792 0.01111111111114335 0
2 20 0 56
5139
5140
5141
5142
5143
5144
5145
5146
5147
5148
5149
5150
5151
5152
5153
5154
5155
5156
5157
5158
5159
5160
5161
5162
5163
5164
5165
5166
5167
5168
5169
5170
5171
5172
5173
5174
5175
5176
5177
5178
5179
5180
5181
5182
5183
5184
5185
5186
5187
5188
5189
5190
5191
5192
5193
5194
0.2496979245854562 0.2060000000000239 0
0.2505476802843757 0.2060000000000239 0
0.2515673871315433 0.2060000000000239 0
0.2527910353518065 0.2060000000000239 0
0.2542594132131705 0.206000000000024 0
0.2560214666831691 0.2060000000000239 0
0.2581359308785 0.2060000000000239 0
0.2606732879422675 0.2060000000000239 0
0.2637181163905161 0.2060000000000239 0
0.2673719105053671 0.2060000000000239 0
0.2717564634521376 0.2060000000000239 0
0.277017926995333 0.2060000000000239 0
0.2833316832482241 0.2060000000000239 0
0.2909081908715105 0.2060000000000239 0
0.2496979245854561 0.2020000000000402 0
0.2505476802843759 0.2020000000000402 0
0.2515673871315433 0.2020000000000401 0
0.2527910353518065 0.2020000000000402 0
0.2542594132131705 0.2020000000000401 0
0.2560214666831691 0.2020000000000402 0
0.2581359308785001 0.2020000000000401 0
0.2606732879422676 0.2020000000000401 0
0.2637181163905161 0.2020000000000402 0
0.2673719105053671 0.2020000000000401 0
0.2717564634521376 0.2020000000000402 0
0.2770179269953331 0.2020000000000401 0
0.2833316832482241 0.2020000000000401 0
0.2909081908715105 0.2020000000000401 0
0.2496979245854561 0.198000000000025 0
0.2505476802843757 0.1980000000000249 0
0.2515673871315433 0.198000000000025 0
0.2527910353518065 0.198000000000025 0
0.2542594132131705 0.198000000000025 0
0.2560214666831691 0.198000000000025 0
0.2581359308785001 0.198000000000025 0
0.2606732879422676 0.198000000000025 0
0.2637181163905161 0.198000000000025 0
0.267371910505367 0.198000000000025 0
0.2717564634521376 0.198000000000025 0
0.2770179269953331 0.198000000000025 0
0.2833316832482241 0.1980000000000249 0
0.2909081908715105 0.198000000000025 0
0.2496979245854561 0.1940000000000119 0
0.2505476802843758 0.1940000000000119 0
0.2515673871315433 0.1940000000000119 0
0.2527910353518065 0.1940000000000119 0
0.2542594132131705 0.1940000000000119 0
0.2560214666831692 0.194000000000012 0
0.2581359308785001 0.1940000000000119 0
0.2606732879422676 0.1940000000000119 0
0.2637181163905161 0.1940000000000119 0
0.2673719105053671 0.194000000000012 0
0.2717564634521376 0.1940000000000119 0
0.277017926995333 0.1940000000000119 0
0.2833316832482241 0.1940000000000119 0
0.2909081908715105 0.1940000000000119 0
2 21 0 136
5195
5196
5197
5198
5199
5200
5201
5202
5203
5204
5205
5206
5207
5208
5209
5210
5211
5212
5213
5214
5215
5216
5217
5218
5219
5220
5221
5222
5223
5224
5225
5226
5227
5228
5229
5230
5231
5232
5233
5234
5235
5236
5237
5238
5239
5240
5241
5242
5243
5244
5245
5246
5247
5248
5249
5250
5251
5252
5253
5254
5255
5256
5257
5258
5259
5260
5261
5262
5263
5264
5265
5266
5267
5268
5269
5270
5271
5272
5273
5274
5275
5276
5277
5278
5279
5280
5281
5282
5283
5284
5285
5286
5287
5288
5289
5290
5291
5292
5293
5294
5295
5296
5297
5298
5299
5300
5301
5302
5303
5304
5305
5306
5307
5308
5309
5310
5311
5312
5313
5314
5315
5316
5317
5318
5319
5320
5321
5322
5323
5324
5325
5326
5327
5328
5329
5330
0.308571428571443 0.2060000000000228 0
0.3171428571428822 0.2060000000000219 0
0.3257142857143246 0.2060000000000209 0
0.3342857142857655 0.2060000000000198 0
0.3428571428572063 0.2060000000000188 0
0.3514285714286341 0.2060000000000178 0
0.3600000000000715 0.2060000000000168 0
0.3685714285715109 0.2060000000000157 0
0.377142857142947 0.2060000000000147 0
0.3857142857143757 0.2060000000000137 0
0.3942857142858206 0.2060000000000127 0
0.4028571428572606 0.2060000000000116 0
0.4114285714286867 0.2060000000000106 0
0.4200000000001217 0.2060000000000096 0
0.4285714285715736 0.2060000000000086 0
0.4371428571430112 0.2060000000000075 0
0.4457142857144373 0.2060000000000065 0
0.4542857142858532 0.2060000000000055 0
0.4628571428572774 0.2060000000000045 0
0.4714285714286828 0.2060000000000034 0
0.4800000000000811 0.2060000000000025 0
0.48857142857151 0.2060000000000014 0
0.497142857142939 0.2060000000000004 0
0.5057142857143475 0.2059999999999994 0
0.5142857142857525 0.2059999999999984 0
0.5228571428571946 0.2059999999999973 0
0.5314285714286132 0.2059999999999964 0
0.5400000000000061 0.2059999999999953 0
0.5485714285714195 0.2059999999999943 0
0.5571428571428663 0.2059999999999932 0
0.5657142857142892 0.2059999999999922 0
0.5742857142856995 0.2059999999999912 0
0.5828571428571383 0.2059999999999902 0
0.5914285714285836 0.2059999999999892 0
0.3085714285714365 0.2020000000000383 0
0.3171428571428733 0.2020000000000365 0
0.325714285714312 0.2020000000000345 0
0.3342857142857445 0.2020000000000327 0
0.3428571428571768 0.2020000000000308 0
0.3514285714285941 0.202000000000029 0
0.3600000000000194 0.2020000000000271 0
0.3685714285714489 0.2020000000000253 0
0.3771428571428731 0.2020000000000234 0
0.3857142857142908 0.2020000000000216 0
0.3942857142857229 0.2020000000000197 0
0.4028571428571527 0.2020000000000179 0
0.4114285714285699 0.202000000000016 0
0.4199999999999964 0.2020000000000141 0
0.4285714285714402 0.2020000000000123 0
0.437142857142871 0.2020000000000104 0
0.4457142857142887 0.2020000000000086 0
0.4542857142857129 0.2020000000000067 0
0.4628571428571474 0.2020000000000048 0
0.4714285714285635 0.202000000000003 0
0.4799999999999734 0.2020000000000011 0
0.4885714285714111 0.2019999999999993 0
0.4971428571428484 0.2019999999999974 0
0.5057142857142602 0.2019999999999955 0
0.5142857142856673 0.2019999999999936 0
0.5228571428571107 0.2019999999999917 0
0.5314285714285307 0.20199999999999 0
0.5399999999999253 0.2019999999999881 0
0.5485714285713403 0.2019999999999862 0
0.5571428571427919 0.2019999999999844 0
0.5657142857142308 0.2019999999999825 0
0.57428571428566 0.2019999999999806 0
0.5828571428571105 0.2019999999999788 0
0.5914285714285663 0.2019999999999769 0
0.3085714285714303 0.198000000000023 0
0.3171428571428642 0.1980000000000213 0
0.3257142857142996 0.1980000000000194 0
0.3342857142857236 0.1980000000000175 0
0.3428571428571475 0.1980000000000156 0
0.3514285714285539 0.1980000000000138 0
0.3599999999999675 0.1980000000000119 0
0.368571428571387 0.19800000000001 0
0.3771428571427992 0.1980000000000082 0
0.385714285714206 0.1980000000000064 0
0.3942857142856253 0.1980000000000045 0
0.4028571428570445 0.1980000000000026 0
0.4114285714284533 0.1980000000000008 0
0.4199999999998711 0.1979999999999989 0
0.4285714285713068 0.197999999999997 0
0.4371428571427309 0.1979999999999952 0
0.4457142857141402 0.1979999999999933 0
0.4542857142855723 0.1979999999999915 0
0.4628571428570176 0.1979999999999896 0
0.4714285714284443 0.1979999999999877 0
0.4799999999998659 0.1979999999999859 0
0.4885714285713121 0.197999999999984 0
0.4971428571427577 0.1979999999999822 0
0.505714285714173 0.1979999999999804 0
0.5142857142855816 0.1979999999999785 0
0.5228571428570269 0.1979999999999766 0
0.5314285714284485 0.1979999999999748 0
0.5399999999998445 0.1979999999999729 0
0.5485714285712613 0.197999999999971 0
0.5571428571427177 0.1979999999999692 0
0.5657142857141721 0.1979999999999673 0
0.5742857142856205 0.1979999999999654 0
0.5828571428570828 0.1979999999999636 0
0.5914285714285488 0.1979999999999618 0
0.3085714285714242 0.1940000000000109 0
0.3171428571428553 0.1940000000000099 0
0.3257142857142871 0.1940000000000089 0
0.3342857142857026 0.1940000000000079 0
0.3428571428571181 0.1940000000000069 0
0.351428571428514 0.1940000000000059 0
0.3599999999999154 0.1940000000000048 0
0.368571428571325 0.1940000000000038 0
0.3771428571427252 0.1940000000000028 0
0.3857142857141212 0.1940000000000018 0
0.3942857142855277 0.1940000000000007 0
0.4028571428569365 0.1939999999999997 0
0.4114285714283366 0.1939999999999986 0
0.4199999999997459 0.1939999999999976 0
0.4285714285711733 0.1939999999999967 0
0.4371428571425908 0.1939999999999956 0
0.4457142857139917 0.1939999999999946 0
0.454285714285432 0.1939999999999935 0
0.4628571428568877 0.1939999999999925 0
0.4714285714283252 0.1939999999999915 0
0.4799999999997585 0.1939999999999905 0
0.4885714285712131 0.1939999999999895 0
0.497142857142667 0.1939999999999884 0
0.5057142857140858 0.1939999999999874 0
0.5142857142854963 0.1939999999999864 0
0.5228571428569431 0.1939999999999853 0
0.5314285714283663 0.1939999999999844 0
0.5399999999997641 0.1939999999999833 0
0.5485714285711824 0.1939999999999823 0
0.5571428571426433 0.1939999999999813 0
0.5657142857141138 0.1939999999999802 0
0.574285714285581 0.1939999999999792 0
0.5828571428570551 0.1939999999999782 0
0.5914285714285312 0.1939999999999772 0
$EndNodes
$Elements
48 5606 1 5606
1 1 1 9
1 4 33 
2 33 34 
3 34 35 
4 35 36 
5 36 37 
6 37 38 
7 38 39 
8 39 40 
9 40 21 
1 2 1 15
10 21 41 
11 41 42 
12 42 43 
13 43 44 
14 44 45 
15 45 46 
16 46 47 
17 47 48 
18 48 49 
19 49 50 
20 50 51 
21 51 52 
22 52 53 
23 53 54 
24 54 30 
1 3 1 35
25 30 55 
26 55 56 
27 56 57 
28 57 58 
29 58 59 
30 59 60 
31 60 61 
32 61 62 
33 62 63 
34 63 64 
35 64 65 
36 65 66 
37 66 67 
38 67 68 
39 68 69 
40 69 70 
41 70 71 
42 71 72 
43 72 73 
44 73 74 
45 74 75 
46 75 76 
47 76 77 
48 77 78 
49 78 79 
50 79 80 
51 80 81 
52 81 82 
53 82 83 
54 83 84 
55 84 85 
56 85 86 
57 86 87 
58 87 88 
59 88 22 
1 4 1 29
60 22 89 
61 89 90 
62 90 91 
63 91 92 
64 92 93 
65 93 94 
66 94 95 
67 95 96 
68 96 97 
69 97 98 
70 98 99 
71 99 100 
72 100 101 
73 101 102 
74 102 103 
75 103 104 
76 104 105 
77 105 106 
78 106 107 
79 107 108 
80 108 109 
81 109 110 
82 110 111 
83 111 112 
84 112 113 
85 113 114 
86 114 115 
87 115 116 
88 116 3 
1 5 1 9
89 3 117 
90 117 118 
91 118 119 
92 119 120 
93 120 121 
94 121 122 
95 122 123 
96 123 124 
97 124 25 
1 6 1 15
98 25 125 
99 125 126 
100 126 127 
101 127 128 
102 128 129 
103 129 130 
104 130 131 
105 131 132 
106 132 133 
107 133 134 
108 134 135 
109 135 136 
110 136 137 
111 137 138 
112 138 23 
1 7 1 5
113 23 139 
114 139 140 
115 140 141 
116 141 142 
117 142 24 
1 8 1 15
118 24 143 
119 143 144 
120 144 145 
121 145 146 
122 146 147 
123 147 148 
124 148 149 
125 149 150 
126 150 151 
127 151 152 
128 152 153 
129 153 154 
130 154 155 
131 155 156 
132 156 26 
1 9 1 9
133 26 157 
134 157 158 
135 158 159 
136 159 160 
137 160 161 
138 161 162 
139 162 163 
140 163 164 
141 164 2 
1 10 1 29
142 2 165 
143 165 166 
144 166 167 
145 167 168 
146 168 169 
147 169 170 
148 170 171 
149 171 172 
150 172 173 
151 173 174 
152 174 175 
153 175 176 
154 176 177 
155 177 178 
156 178 179 
157 179 180 
158 180 181 
159 181 182 
160 182 183 
161 183 184 
162 184 185 
163 185 186 
164 186 187 
165 187 188 
166 188 189 
167 189 190 
168 190 191 
169 191 192 
170 192 20 
1 11 1 35
171 20 193 
172 193 194 
173 194 195 
174 195 196 
175 196 197 
176 197 198 
177 198 199 
178 199 200 
179 200 201 
180 201 202 
181 202 203 
182 203 204 
183 204 205 
184 205 206 
185 206 207 
186 207 208 
187 208 209 
188 209 210 
189 210 211 
190 211 212 
191 212 213 
192 213 214 
193 214 215 
194 215 216 
195 216 217 
196 217 218 
197 218 219 
198 219 220 
199 220 221 
200 221 222 
201 222 223 
202 223 224 
203 224 225 
204 225 226 
205 226 29 
1 12 1 15
206 29 227 
207 227 228 
208 228 229 
209 229 230 
210 230 231 
211 231 232 
212 232 233 
213 233 234 
214 234 235 
215 235 236 
216 236 237 
217 237 238 
218 238 239 
219 239 240 
220 240 19 
1 13 1 9
221 19 241 
222 241 242 
223 242 243 
224 243 244 
225 244 245 
226 245 246 
227 246 247 
228 247 248 
229 248 1 
1 14 1 9
230 1 249 
231 249 250 
232 250 251 
233 251 252 
234 252 253 
235 253 254 
236 254 255 
237 255 256 
238 256 32 
1 15 1 15
239 32 257 
240 257 258 
241 258 259 
242 259 260 
243 260 261 
244 261 262 
245 262 263 
246 263 264 
247 264 265 
248 265 266 
249 266 267 
250 267 268 
251 268 269 
252 269 270 
253 270 31 
1 16 1 9
254 31 271 
255 271 272 
256 272 273 
257 273 274 
258 274 275 
259 275 276 
260 276 277 
261 277 278 
262 278 4 
1 17 1 15
263 6 279 
264 279 280 
265 280 281 
266 281 282 
267 282 283 
268 283 284 
269 284 285 
270 285 286 
271 286 287 
272 287 288 
273 288 289 
274 289 290 
275 290 291 
276 291 292 
277 292 11 
1 18 1 15
278 11 293 
279 293 294 
280 294 295 
281 295 296 
282 296 297 
283 297 298 
284 298 299 
285 299 300 
286 300 301 
287 301 302 
288 302 303 
289 303 304 
290 304 305 
291 305 306 
292 306 10 
1 19 1 15
293 10 307 
294 307 308 
295 308 309 
296 309 310 
297 310 311 
298 311 312 
299 312 313 
300 313 314 
301 314 315 
302 315 316 
303 316 317 
304 317 318 
305 318 319 
306 319 320 
307 320 9 
1 20 1 15
308 9 321 
309 321 322 
310 322 323 
311 323 324 
312 324 325 
313 325 326 
314 326 327 
315 327 328 
316 328 329 
317 329 330 
318 330 331 
319 331 332 
320 332 333 
321 333 334 
322 334 12 
1 21 1 15
323 12 335 
324 335 336 
325 336 337 
326 337 338 
327 338 339 
328 339 340 
329 340 341 
330 341 342 
331 342 343 
332 343 344 
333 344 345 
334 345 346 
335 346 347 
336 347 348 
337 348 5 
1 22 1 5
338 6 349 
339 349 350 
340 350 351 
341 351 352 
342 352 5 
1 23 1 15
343 28 353 
344 353 354 
345 354 355 
346 355 356 
347 356 357 
348 357 358 
349 358 359 
350 359 360 
351 360 361 
352 361 362 
353 362 363 
354 363 364 
355 364 365 
356 365 366 
357 366 5 
1 24 1 35
358 28 367 
359 367 368 
360 368 369 
361 369 370 
362 370 371 
363 371 372 
364 372 373 
365 373 374 
366 374 375 
367 375 376 
368 376 377 
369 377 378 
370 378 379 
371 379 380 
372 380 381 
373 381 382 
374 382 383 
375 383 384 
376 384 385 
377 385 386 
378 386 387 
379 387 388 
380 388 389 
381 389 390 
382 390 391 
383 391 392 
384 392 393 
385 393 394 
386 394 395 
387 395 396 
388 396 397 
389 397 398 
390 398 399 
391 399 400 
392 400 8 
1 25 1 5
393 8 401 
394 401 402 
395 402 403 
396 403 404 
397 404 7 
1 26 1 35
398 7 405 
399 405 406 
400 406 407 
401 407 408 
402 408 409 
403 409 410 
404 410 411 
405 411 412 
406 412 413 
407 413 414 
408 414 415 
409 415 416 
410 416 417 
411 417 418 
412 418 419 
413 419 420 
414 420 421 
415 421 422 
416 422 423 
417 423 424 
418 424 425 
419 425 426 
420 426 427 
421 427 428 
422 428 429 
423 429 430 
424 430 431 
425 431 432 
426 432 433 
427 433 434 
428 434 435 
429 435 436 
430 436 437 
431 437 438 
432 438 27 
1 27 1 15
433 27 439 
434 439 440 
435 440 441 
436 441 442 
437 442 443 
438 443 444 
439 444 445 
440 445 446 
441 446 447 
442 447 448 
443 448 449 
444 449 450 
445 450 451 
446 451 452 
447 452 6 
2 1 3 81
448 4 33 855 278 
449 278 855 856 277 
450 277 856 857 276 
451 276 857 858 275 
452 275 858 859 274 
453 274 859 860 273 
454 273 860 861 272 
455 272 861 862 271 
456 271 862 631 31 
457 33 34 863 855 
458 855 863 864 856 
459 856 864 865 857 
460 857 865 866 858 
461 858 866 867 859 
462 859 867 868 860 
463 860 868 869 861 
464 861 869 870 862 
465 862 870 632 631 
466 34 35 871 863 
467 863 871 872 864 
468 864 872 873 865 
469 865 873 874 866 
470 866 874 875 867 
471 867 875 876 868 
472 868 876 877 869 
473 869 877 878 870 
474 870 878 633 632 
475 35 36 879 871 
476 871 879 880 872 
477 872 880 881 873 
478 873 881 882 874 
479 874 882 883 875 
480 875 883 884 876 
481 876 884 885 877 
482 877 885 886 878 
483 878 886 634 633 
484 36 37 887 879 
485 879 887 888 880 
486 880 888 889 881 
487 881 889 890 882 
488 882 890 891 883 
489 883 891 892 884 
490 884 892 893 885 
491 885 893 894 886 
492 886 894 635 634 
493 37 38 895 887 
494 887 895 896 888 
495 888 896 897 889 
496 889 897 898 890 
497 890 898 899 891 
498 891 899 900 892 
499 892 900 901 893 
500 893 901 902 894 
501 894 902 636 635 
502 38 39 903 895 
503 895 903 904 896 
504 896 904 905 897 
505 897 905 906 898 
506 898 906 907 899 
507 899 907 908 900 
508 900 908 909 901 
509 901 909 910 902 
510 902 910 637 636 
511 39 40 911 903 
512 903 911 912 904 
513 904 912 913 905 
514 905 913 914 906 
515 906 914 915 907 
516 907 915 916 908 
517 908 916 917 909 
518 909 917 918 910 
519 910 918 638 637 
520 40 21 457 911 
521 911 457 458 912 
522 912 458 459 913 
523 913 459 460 914 
524 914 460 461 915 
525 915 461 462 916 
526 916 462 463 917 
527 917 463 464 918 
528 918 464 14 638 
2 2 3 135
529 21 41 919 457 
530 457 919 920 458 
531 458 920 921 459 
532 459 921 922 460 
533 460 922 923 461 
534 461 923 924 462 
535 462 924 925 463 
536 463 925 926 464 
537 464 926 639 14 
538 41 42 927 919 
539 919 927 928 920 
540 920 928 929 921 
541 921 929 930 922 
542 922 930 931 923 
543 923 931 932 924 
544 924 932 933 925 
545 925 933 934 926 
546 926 934 640 639 
547 42 43 935 927 
548 927 935 936 928 
549 928 936 937 929 
550 929 937 938 930 
551 930 938 939 931 
552 931 939 940 932 
553 932 940 941 933 
554 933 941 942 934 
555 934 942 641 640 
556 43 44 943 935 
557 935 943 944 936 
558 936 944 945 937 
559 937 945 946 938 
560 938 946 947 939 
561 939 947 948 940 
562 940 948 949 941 
563 941 949 950 942 
564 942 950 642 641 
565 44 45 951 943 
566 943 951 952 944 
567 944 952 953 945 
568 945 953 954 946 
569 946 954 955 947 
570 947 955 956 948 
571 948 956 957 949 
572 949 957 958 950 
573 950 958 643 642 
574 45 46 959 951 
575 951 959 960 952 
576 952 960 961 953 
577 953 961 962 954 
578 954 962 963 955 
579 955 963 964 956 
580 956 964 965 957 
581 957 965 966 958 
582 958 966 644 643 
583 46 47 967 959 
584 959 967 968 960 
585 960 968 969 961 
586 961 969 970 962 
587 962 970 971 963 
588 963 971 972 964 
589 964 972 973 965 
590 965 973 974 966 
591 966 974 645 644 
592 47 48 975 967 
593 967 975 976 968 
594 968 976 977 969 
595 969 977 978 970 
596 970 978 979 971 
597 971 979 980 972 
598 972 980 981 973 
599 973 981 982 974 
600 974 982 646 645 
601 48 49 983 975 
602 975 983 984 976 
603 976 984 985 977 
604 977 985 986 978 
605 978 986 987 979 
606 979 987 988 980 
607 980 988 989 981 
608 981 989 990 982 
609 982 990 647 646 
610 49 50 991 983 
611 983 991 992 984 
612 984 992 993 985 
613 985 993 994 986 
614 986 994 995 987 
615 987 995 996 988 
616 988 996 997 989 
617 989 997 998 990 
618 990 998 648 647 
619 50 51 999 991 
620 991 999 1000 992 
621 992 1000 1001 993 
622 993 1001 1002 994 
623 994 1002 1003 995 
624 995 1003 1004 996 
625 996 1004 1005 997 
626 997 1005 1006 998 
627 998 1006 649 648 
628 51 52 1007 999 
629 999 1007 1008 1000 
630 1000 1008 1009 1001 
631 1001 1009 1010 1002 
632 1002 1010 1011 1003 
633 1003 1011 1012 1004 
634 1004 1012 1013 1005 
635 1005 1013 1014 1006 
636 1006 1014 650 649 
637 52 53 1015 1007 
638 1007 1015 1016 1008 
639 1008 1016 1017 1009 
640 1009 1017 1018 1010 
641 1010 1018 1019 1011 
642 1011 1019 1020 1012 
643 1012 1020 1021 1013 
644 1013 1021 1022 1014 
645 1014 1022 651 650 
646 53 54 1023 1015 
647 1015 1023 1024 1016 
648 1016 1024 1025 1017 
649 1017 1025 1026 1018 
650 1018 1026 1027 1019 
651 1019 1027 1028 1020 
652 1020 1028 1029 1021 
653 1021 1029 1030 1022 
654 1022 1030 652 651 
655 54 30 487 1023 
656 1023 487 488 1024 
657 1024 488 489 1025 
658 1025 489 490 1026 
659 1026 490 491 1027 
660 1027 491 492 1028 
661 1028 492 493 1029 
662 1029 493 494 1030 
663 1030 494 15 652 
2 3 3 315
664 30 487 1031 55 
665 55 1031 1032 56 
666 56 1032 1033 57 
667 57 1033 1034 58 
668 58 1034 1035 59 
669 59 1035 1036 60 
670 60 1036 1037 61 
671 61 1037 1038 62 
672 62 1038 1039 63 
673 63 1039 1040 64 
674 64 1040 1041 65 
675 65 1041 1042 66 
676 66 1042 1043 67 
677 67 1043 1044 68 
678 68 1044 1045 69 
679 69 1045 1046 70 
680 70 1046 1047 71 
681 71 1047 1048 72 
682 72 1048 1049 73 
683 73 1049 1050 74 
684 74 1050 1051 75 
685 75 1051 1052 76 
686 76 1052 1053 77 
687 77 1053 1054 78 
688 78 1054 1055 79 
689 79 1055 1056 80 
690 80 1056 1057 81 
691 81 1057 1058 82 
692 82 1058 1059 83 
693 83 1059 1060 84 
694 84 1060 1061 85 
695 85 1061 1062 86 
696 86 1062 1063 87 
697 87 1063 1064 88 
698 88 1064 531 22 
699 487 488 1065 1031 
700 1031 1065 1066 1032 
701 1032 1066 1067 1033 
702 1033 1067 1068 1034 
703 1034 1068 1069 1035 
704 1035 1069 1070 1036 
705 1036 1070 1071 1037 
706 1037 1071 1072 1038 
707 1038 1072 1073 1039 
708 1039 1073 1074 1040 
709 1040 1074 1075 1041 
710 1041 1075 1076 1042 
711 1042 1076 1077 1043 
712 1043 1077 1078 1044 
713 1044 1078 1079 1045 
714 1045 1079 1080 1046 
715 1046 1080 1081 1047 
716 1047 1081 1082 1048 
717 1048 1082 1083 1049 
718 1049 1083 1084 1050 
719 1050 1084 1085 1051 
720 1051 1085 1086 1052 
721 1052 1086 1087 1053 
722 1053 1087 1088 1054 
723 1054 1088 1089 1055 
724 1055 1089 1090 1056 
725 1056 1090 1091 1057 
726 1057 1091 1092 1058 
727 1058 1092 1093 1059 
728 1059 1093 1094 1060 
729 1060 1094 1095 1061 
730 1061 1095 1096 1062 
731 1062 1096 1097 1063 
732 1063 1097 1098 1064 
733 1064 1098 532 531 
734 488 489 1099 1065 
735 1065 1099 1100 1066 
736 1066 1100 1101 1067 
737 1067 1101 1102 1068 
738 1068 1102 1103 1069 
739 1069 1103 1104 1070 
740 1070 1104 1105 1071 
741 1071 1105 1106 1072 
742 1072 1106 1107 1073 
743 1073 1107 1108 1074 
744 1074 1108 1109 1075 
745 1075 1109 1110 1076 
746 1076 1110 1111 1077 
747 1077 1111 1112 1078 
748 1078 1112 1113 1079 
749 1079 1113 1114 1080 
750 1080 1114 1115 1081 
751 1081 1115 1116 1082 
752 1082 1116 1117 1083 
753 1083 1117 1118 1084 
754 1084 1118 1119 1085 
755 1085 1119 1120 1086 
756 1086 1120 1121 1087 
757 1087 1121 1122 1088 
758 1088 1122 1123 1089 
759 1089 1123 1124 1090 
760 1090 1124 1125 1091 
761 1091 1125 1126 1092 
762 1092 1126 1127 1093 
763 1093 1127 1128 1094 
764 1094 1128 1129 1095 
765 1095 1129 1130 1096 
766 1096 1130 1131 1097 
767 1097 1131 1132 1098 
768 1098 1132 533 532 
769 489 490 1133 1099 
770 1099 1133 1134 1100 
771 1100 1134 1135 1101 
772 1101 1135 1136 1102 
773 1102 1136 1137 1103 
774 1103 1137 1138 1104 
775 1104 1138 1139 1105 
776 1105 1139 1140 1106 
777 1106 1140 1141 1107 
778 1107 1141 1142 1108 
779 1108 1142 1143 1109 
780 1109 1143 1144 1110 
781 1110 1144 1145 1111 
782 1111 1145 1146 1112 
783 1112 1146 1147 1113 
784 1113 1147 1148 1114 
785 1114 1148 1149 1115 
786 1115 1149 1150 1116 
787 1116 1150 1151 1117 
788 1117 1151 1152 1118 
789 1118 1152 1153 1119 
790 1119 1153 1154 1120 
791 1120 1154 1155 1121 
792 1121 1155 1156 1122 
793 1122 1156 1157 1123 
794 1123 1157 1158 1124 
795 1124 1158 1159 1125 
796 1125 1159 1160 1126 
797 1126 1160 1161 1127 
798 1127 1161 1162 1128 
799 1128 1162 1163 1129 
800 1129 1163 1164 1130 
801 1130 1164 1165 1131 
802 1131 1165 1166 1132 
803 1132 1166 534 533 
804 490 491 1167 1133 
805 1133 1167 1168 1134 
806 1134 1168 1169 1135 
807 1135 1169 1170 1136 
808 1136 1170 1171 1137 
809 1137 1171 1172 1138 
810 1138 1172 1173 1139 
811 1139 1173 1174 1140 
812 1140 1174 1175 1141 
813 1141 1175 1176 1142 
814 1142 1176 1177 1143 
815 1143 1177 1178 1144 
816 1144 1178 1179 1145 
817 1145 1179 1180 1146 
818 1146 1180 1181 1147 
819 1147 1181 1182 1148 
820 1148 1182 1183 1149 
821 1149 1183 1184 1150 
822 1150 1184 1185 1151 
823 1151 1185 1186 1152 
824 1152 1186 1187 1153 
825 1153 1187 1188 1154 
826 1154 1188 1189 1155 
827 1155 1189 1190 1156 
828 1156 1190 1191 1157 
829 1157 1191 1192 1158 
830 1158 1192 1193 1159 
831 1159 1193 1194 1160 
832 1160 1194 1195 1161 
833 1161 1195 1196 1162 
834 1162 1196 1197 1163 
835 1163 1197 1198 1164 
836 1164 1198 1199 1165 
837 1165 1199 1200 1166 
838 1166 1200 535 534 
839 491 492 1201 1167 
840 1167 1201 1202 1168 
841 1168 1202 1203 1169 
842 1169 1203 1204 1170 
843 1170 1204 1205 1171 
844 1171 1205 1206 1172 
845 1172 1206 1207 1173 
846 1173 1207 1208 1174 
847 1174 1208 1209 1175 
848 1175 1209 1210 1176 
849 1176 1210 1211 1177 
850 1177 1211 1212 1178 
851 1178 1212 1213 1179 
852 1179 1213 1214 1180 
853 1180 1214 1215 1181 
854 1181 1215 1216 1182 
855 1182 1216 1217 1183 
856 1183 1217 1218 1184 
857 1184 1218 1219 1185 
858 1185 1219 1220 1186 
859 1186 1220 1221 1187 
860 1187 1221 1222 1188 
861 1188 1222 1223 1189 
862 1189 1223 1224 1190 
863 1190 1224 1225 1191 
864 1191 1225 1226 1192 
865 1192 1226 1227 1193 
866 1193 1227 1228 1194 
867 1194 1228 1229 1195 
868 1195 1229 1230 1196 
869 1196 1230 1231 1197 
870 1197 1231 1232 1198 
871 1198 1232 1233 1199 
872 1199 1233 1234 1200 
873 1200 1234 536 535 
874 492 493 1235 1201 
875 1201 1235 1236 1202 
876 1202 1236 1237 1203 
877 1203 1237 1238 1204 
878 1204 1238 1239 1205 
879 1205 1239 1240 1206 
880 1206 1240 1241 1207 
881 1207 1241 1242 1208 
882 1208 1242 1243 1209 
883 1209 1243 1244 1210 
884 1210 1244 1245 1211 
885 1211 1245 1246 1212 
886 1212 1246 1247 1213 
887 1213 1247 1248 1214 
888 1214 1248 1249 1215 
889 1215 1249 1250 1216 
890 1216 1250 1251 1217 
891 1217 1251 1252 1218 
892 1218 1252 1253 1219 
893 1219 1253 1254 1220 
894 1220 1254 1255 1221 
895 1221 1255 1256 1222 
896 1222 1256 1257 1223 
897 1223 1257 1258 1224 
898 1224 1258 1259 1225 
899 1225 1259 1260 1226 
900 1226 1260 1261 1227 
901 1227 1261 1262 1228 
902 1228 1262 1263 1229 
903 1229 1263 1264 1230 
904 1230 1264 1265 1231 
905 1231 1265 1266 1232 
906 1232 1266 1267 1233 
907 1233 1267 1268 1234 
908 1234 1268 537 536 
909 493 494 1269 1235 
910 1235 1269 1270 1236 
911 1236 1270 1271 1237 
912 1237 1271 1272 1238 
913 1238 1272 1273 1239 
914 1239 1273 1274 1240 
915 1240 1274 1275 1241 
916 1241 1275 1276 1242 
917 1242 1276 1277 1243 
918 1243 1277 1278 1244 
919 1244 1278 1279 1245 
920 1245 1279 1280 1246 
921 1246 1280 1281 1247 
922 1247 1281 1282 1248 
923 1248 1282 1283 1249 
924 1249 1283 1284 1250 
925 1250 1284 1285 1251 
926 1251 1285 1286 1252 
927 1252 1286 1287 1253 
928 1253 1287 1288 1254 
929 1254 1288 1289 1255 
930 1255 1289 1290 1256 
931 1256 1290 1291 1257 
932 1257 1291 1292 1258 
933 1258 1292 1293 1259 
934 1259 1293 1294 1260 
935 1260 1294 1295 1261 
936 1261 1295 1296 1262 
937 1262 1296 1297 1263 
938 1263 1297 1298 1264 
939 1264 1298 1299 1265 
940 1265 1299 1300 1266 
941 1266 1300 1301 1267 
942 1267 1301 1302 1268 
943 1268 1302 538 537 
944 494 15 653 1269 
945 1269 653 654 1270 
946 1270 654 655 1271 
947 1271 655 656 1272 
948 1272 656 657 1273 
949 1273 657 658 1274 
950 1274 658 659 1275 
951 1275 659 660 1276 
952 1276 660 661 1277 
953 1277 661 662 1278 
954 1278 662 663 1279 
955 1279 663 664 1280 
956 1280 664 665 1281 
957 1281 665 666 1282 
958 1282 666 667 1283 
959 1283 667 668 1284 
960 1284 668 669 1285 
961 1285 669 670 1286 
962 1286 670 671 1287 
963 1287 671 672 1288 
964 1288 672 673 1289 
965 1289 673 674 1290 
966 1290 674 675 1291 
967 1291 675 676 1292 
968 1292 676 677 1293 
969 1293 677 678 1294 
970 1294 678 679 1295 
971 1295 679 680 1296 
972 1296 680 681 1297 
973 1297 681 682 1298 
974 1298 682 683 1299 
975 1299 683 684 1300 
976 1300 684 685 1301 
977 1301 685 686 1302 
978 1302 686 17 538 
2 4 3 261
979 22 531 1303 89 
980 89 1303 1304 90 
981 90 1304 1305 91 
982 91 1305 1306 92 
983 92 1306 1307 93 
984 93 1307 1308 94 
985 94 1308 1309 95 
986 95 1309 1310 96 
987 96 1310 1311 97 
988 97 1311 1312 98 
989 98 1312 1313 99 
990 99 1313 1314 100 
991 100 1314 1315 101 
992 101 1315 1316 102 
993 102 1316 1317 103 
994 103 1317 1318 104 
995 104 1318 1319 105 
996 105 1319 1320 106 
997 106 1320 1321 107 
998 107 1321 1322 108 
999 108 1322 1323 109 
1000 109 1323 1324 110 
1001 110 1324 1325 111 
1002 111 1325 1326 112 
1003 112 1326 1327 113 
1004 113 1327 1328 114 
1005 114 1328 1329 115 
1006 115 1329 1330 116 
1007 116 1330 117 3 
1008 531 532 1331 1303 
1009 1303 1331 1332 1304 
1010 1304 1332 1333 1305 
1011 1305 1333 1334 1306 
1012 1306 1334 1335 1307 
1013 1307 1335 1336 1308 
1014 1308 1336 1337 1309 
1015 1309 1337 1338 1310 
1016 1310 1338 1339 1311 
1017 1311 1339 1340 1312 
1018 1312 1340 1341 1313 
1019 1313 1341 1342 1314 
1020 1314 1342 1343 1315 
1021 1315 1343 1344 1316 
1022 1316 1344 1345 1317 
1023 1317 1345 1346 1318 
1024 1318 1346 1347 1319 
1025 1319 1347 1348 1320 
1026 1320 1348 1349 1321 
1027 1321 1349 1350 1322 
1028 1322 1350 1351 1323 
1029 1323 1351 1352 1324 
1030 1324 1352 1353 1325 
1031 1325 1353 1354 1326 
1032 1326 1354 1355 1327 
1033 1327 1355 1356 1328 
1034 1328 1356 1357 1329 
1035 1329 1357 1358 1330 
1036 1330 1358 118 117 
1037 532 533 1359 1331 
1038 1331 1359 1360 1332 
1039 1332 1360 1361 1333 
1040 1333 1361 1362 1334 
1041 1334 1362 1363 1335 
1042 1335 1363 1364 1336 
1043 1336 1364 1365 1337 
1044 1337 1365 1366 1338 
1045 1338 1366 1367 1339 
1046 1339 1367 1368 1340 
1047 1340 1368 1369 1341 
1048 1341 1369 1370 1342 
1049 1342 1370 1371 1343 
1050 1343 1371 1372 1344 
1051 1344 1372 1373 1345 
1052 1345 1373 1374 1346 
1053 1346 1374 1375 1347 
1054 1347 1375 1376 1348 
1055 1348 1376 1377 1349 
1056 1349 1377 1378 1350 
1057 1350 1378 1379 1351 
1058 1351 1379 1380 1352 
1059 1352 1380 1381 1353 
1060 1353 1381 1382 1354 
1061 1354 1382 1383 1355 
1062 1355 1383 1384 1356 
1063 1356 1384 1385 1357 
1064 1357 1385 1386 1358 
1065 1358 1386 119 118 
1066 533 534 1387 1359 
1067 1359 1387 1388 1360 
1068 1360 1388 1389 1361 
1069 1361 1389 1390 1362 
1070 1362 1390 1391 1363 
1071 1363 1391 1392 1364 
1072 1364 1392 1393 1365 
1073 1365 1393 1394 1366 
1074 1366 1394 1395 1367 
1075 1367 1395 1396 1368 
1076 1368 1396 1397 1369 
1077 1369 1397 1398 1370 
1078 1370 1398 1399 1371 
1079 1371 1399 1400 1372 
1080 1372 1400 1401 1373 
1081 1373 1401 1402 1374 
1082 1374 1402 1403 1375 
1083 1375 1403 1404 1376 
1084 1376 1404 1405 1377 
1085 1377 1405 1406 1378 
1086 1378 1406 1407 1379 
1087 1379 1407 1408 1380 
1088 1380 1408 1409 1381 
1089 1381 1409 1410 1382 
1090 1382 1410 1411 1383 
1091 1383 1411 1412 1384 
1092 1384 1412 1413 1385 
1093 1385 1413 1414 1386 
1094 1386 1414 120 119 
1095 534 535 1415 1387 
1096 1387 1415 1416 1388 
1097 1388 1416 1417 1389 
1098 1389 1417 1418 1390 
1099 1390 1418 1419 1391 
1100 1391 1419 1420 1392 
1101 1392 1420 1421 1393 
1102 1393 1421 1422 1394 
1103 1394 1422 1423 1395 
1104 1395 1423 1424 1396 
1105 1396 1424 1425 1397 
1106 1397 1425 1426 1398 
1107 1398 1426 1427 1399 
1108 1399 1427 1428 1400 
1109 1400 1428 1429 1401 
1110 1401 1429 1430 1402 
1111 1402 1430 1431 1403 
1112 1403 1431 1432 1404 
1113 1404 1432 1433 1405 
1114 1405 1433 1434 1406 
1115 1406 1434 1435 1407 
1116 1407 1435 1436 1408 
1117 1408 1436 1437 1409 
1118 1409 1437 1438 1410 
1119 1410 1438 1439 1411 
1120 1411 1439 1440 1412 
1121 1412 1440 1441 1413 
1122 1413 1441 1442 1414 
1123 1414 1442 121 120 
1124 535 536 1443 1415 
1125 1415 1443 1444 1416 
1126 1416 1444 1445 1417 
1127 1417 1445 1446 1418 
1128 1418 1446 1447 1419 
1129 1419 1447 1448 1420 
1130 1420 1448 1449 1421 
1131 1421 1449 1450 1422 
1132 1422 1450 1451 1423 
1133 1423 1451 1452 1424 
1134 1424 1452 1453 1425 
1135 1425 1453 1454 1426 
1136 1426 1454 1455 1427 
1137 1427 1455 1456 1428 
1138 1428 1456 1457 1429 
1139 1429 1457 1458 1430 
1140 1430 1458 1459 1431 
1141 1431 1459 1460 1432 
1142 1432 1460 1461 1433 
1143 1433 1461 1462 1434 
1144 1434 1462 1463 1435 
1145 1435 1463 1464 1436 
1146 1436 1464 1465 1437 
1147 1437 1465 1466 1438 
1148 1438 1466 1467 1439 
1149 1439 1467 1468 1440 
1150 1440 1468 1469 1441 
1151 1441 1469 1470 1442 
1152 1442 1470 122 121 
1153 536 537 1471 1443 
1154 1443 1471 1472 1444 
1155 1444 1472 1473 1445 
1156 1445 1473 1474 1446 
1157 1446 1474 1475 1447 
1158 1447 1475 1476 1448 
1159 1448 1476 1477 1449 
1160 1449 1477 1478 1450 
1161 1450 1478 1479 1451 
1162 1451 1479 1480 1452 
1163 1452 1480 1481 1453 
1164 1453 1481 1482 1454 
1165 1454 1482 1483 1455 
1166 1455 1483 1484 1456 
1167 1456 1484 1485 1457 
1168 1457 1485 1486 1458 
1169 1458 1486 1487 1459 
1170 1459 1487 1488 1460 
1171 1460 1488 1489 1461 
1172 1461 1489 1490 1462 
1173 1462 1490 1491 1463 
1174 1463 1491 1492 1464 
1175 1464 1492 1493 1465 
1176 1465 1493 1494 1466 
1177 1466 1494 1495 1467 
1178 1467 1495 1496 1468 
1179 1468 1496 1497 1469 
1180 1469 1497 1498 1470 
1181 1470 1498 123 122 
1182 537 538 1499 1471 
1183 1471 1499 1500 1472 
1184 1472 1500 1501 1473 
1185 1473 1501 1502 1474 
1186 1474 1502 1503 1475 
1187 1475 1503 1504 1476 
1188 1476 1504 1505 1477 
1189 1477 1505 1506 1478 
1190 1478 1506 1507 1479 
1191 1479 1507 1508 1480 
1192 1480 1508 1509 1481 
1193 1481 1509 1510 1482 
1194 1482 1510 1511 1483 
1195 1483 1511 1512 1484 
1196 1484 1512 1513 1485 
1197 1485 1513 1514 1486 
1198 1486 1514 1515 1487 
1199 1487 1515 1516 1488 
1200 1488 1516 1517 1489 
1201 1489 1517 1518 1490 
1202 1490 1518 1519 1491 
1203 1491 1519 1520 1492 
1204 1492 1520 1521 1493 
1205 1493 1521 1522 1494 
1206 1494 1522 1523 1495 
1207 1495 1523 1524 1496 
1208 1496 1524 1525 1497 
1209 1497 1525 1526 1498 
1210 1498 1526 124 123 
1211 538 17 687 1499 
1212 1499 687 688 1500 
1213 1500 688 689 1501 
1214 1501 689 690 1502 
1215 1502 690 691 1503 
1216 1503 691 692 1504 
1217 1504 692 693 1505 
1218 1505 693 694 1506 
1219 1506 694 695 1507 
1220 1507 695 696 1508 
1221 1508 696 697 1509 
1222 1509 697 698 1510 
1223 1510 698 699 1511 
1224 1511 699 700 1512 
1225 1512 700 701 1513 
1226 1513 701 702 1514 
1227 1514 702 703 1515 
1228 1515 703 704 1516 
1229 1516 704 705 1517 
1230 1517 705 706 1518 
1231 1518 706 707 1519 
1232 1519 707 708 1520 
1233 1520 708 709 1521 
1234 1521 709 710 1522 
1235 1522 710 711 1523 
1236 1523 711 712 1524 
1237 1524 712 713 1525 
1238 1525 713 714 1526 
1239 1526 714 25 124 
2 5 3 135
1240 31 631 1527 270 
1241 270 1527 1528 269 
1242 269 1528 1529 268 
1243 268 1529 1530 267 
1244 267 1530 1531 266 
1245 266 1531 1532 265 
1246 265 1532 1533 264 
1247 264 1533 1534 263 
1248 263 1534 1535 262 
1249 262 1535 1536 261 
1250 261 1536 1537 260 
1251 260 1537 1538 259 
1252 259 1538 1539 258 
1253 258 1539 1540 257 
1254 257 1540 771 32 
1255 631 632 1541 1527 
1256 1527 1541 1542 1528 
1257 1528 1542 1543 1529 
1258 1529 1543 1544 1530 
1259 1530 1544 1545 1531 
1260 1531 1545 1546 1532 
1261 1532 1546 1547 1533 
1262 1533 1547 1548 1534 
1263 1534 1548 1549 1535 
1264 1535 1549 1550 1536 
1265 1536 1550 1551 1537 
1266 1537 1551 1552 1538 
1267 1538 1552 1553 1539 
1268 1539 1553 1554 1540 
1269 1540 1554 772 771 
1270 632 633 1555 1541 
1271 1541 1555 1556 1542 
1272 1542 1556 1557 1543 
1273 1543 1557 1558 1544 
1274 1544 1558 1559 1545 
1275 1545 1559 1560 1546 
1276 1546 1560 1561 1547 
1277 1547 1561 1562 1548 
1278 1548 1562 1563 1549 
1279 1549 1563 1564 1550 
1280 1550 1564 1565 1551 
1281 1551 1565 1566 1552 
1282 1552 1566 1567 1553 
1283 1553 1567 1568 1554 
1284 1554 1568 773 772 
1285 633 634 1569 1555 
1286 1555 1569 1570 1556 
1287 1556 1570 1571 1557 
1288 1557 1571 1572 1558 
1289 1558 1572 1573 1559 
1290 1559 1573 1574 1560 
1291 1560 1574 1575 1561 
1292 1561 1575 1576 1562 
1293 1562 1576 1577 1563 
1294 1563 1577 1578 1564 
1295 1564 1578 1579 1565 
1296 1565 1579 1580 1566 
1297 1566 1580 1581 1567 
1298 1567 1581 1582 1568 
1299 1568 1582 774 773 
1300 634 635 1583 1569 
1301 1569 1583 1584 1570 
1302 1570 1584 1585 1571 
1303 1571 1585 1586 1572 
1304 1572 1586 1587 1573 
1305 1573 1587 1588 1574 
1306 1574 1588 1589 1575 
1307 1575 1589 1590 1576 
1308 1576 1590 1591 1577 
1309 1577 1591 1592 1578 
1310 1578 1592 1593 1579 
1311 1579 1593 1594 1580 
1312 1580 1594 1595 1581 
1313 1581 1595 1596 1582 
1314 1582 1596 775 774 
1315 635 636 1597 1583 
1316 1583 1597 1598 1584 
1317 1584 1598 1599 1585 
1318 1585 1599 1600 1586 
1319 1586 1600 1601 1587 
1320 1587 1601 1602 1588 
1321 1588 1602 1603 1589 
1322 1589 1603 1604 1590 
1323 1590 1604 1605 1591 
1324 1591 1605 1606 1592 
1325 1592 1606 1607 1593 
1326 1593 1607 1608 1594 
1327 1594 1608 1609 1595 
1328 1595 1609 1610 1596 
1329 1596 1610 776 775 
1330 636 637 1611 1597 
1331 1597 1611 1612 1598 
1332 1598 1612 1613 1599 
1333 1599 1613 1614 1600 
1334 1600 1614 1615 1601 
1335 1601 1615 1616 1602 
1336 1602 1616 1617 1603 
1337 1603 1617 1618 1604 
1338 1604 1618 1619 1605 
1339 1605 1619 1620 1606 
1340 1606 1620 1621 1607 
1341 1607 1621 1622 1608 
1342 1608 1622 1623 1609 
1343 1609 1623 1624 1610 
1344 1610 1624 777 776 
1345 637 638 1625 1611 
1346 1611 1625 1626 1612 
1347 1612 1626 1627 1613 
1348 1613 1627 1628 1614 
1349 1614 1628 1629 1615 
1350 1615 1629 1630 1616 
1351 1616 1630 1631 1617 
1352 1617 1631 1632 1618 
1353 1618 1632 1633 1619 
1354 1619 1633 1634 1620 
1355 1620 1634 1635 1621 
1356 1621 1635 1636 1622 
1357 1622 1636 1637 1623 
1358 1623 1637 1638 1624 
1359 1624 1638 778 777 
1360 638 14 465 1625 
1361 1625 465 466 1626 
1362 1626 466 467 1627 
1363 1627 467 468 1628 
1364 1628 468 469 1629 
1365 1629 469 470 1630 
1366 1630 470 471 1631 
1367 1631 471 472 1632 
1368 1632 472 473 1633 
1369 1633 473 474 1634 
1370 1634 474 475 1635 
1371 1635 475 476 1636 
1372 1636 476 477 1637 
1373 1637 477 478 1638 
1374 1638 478 13 778 
2 6 3 225
1375 14 575 1639 465 
1376 465 1639 1640 466 
1377 466 1640 1641 467 
1378 467 1641 1642 468 
1379 468 1642 1643 469 
1380 469 1643 1644 470 
1381 470 1644 1645 471 
1382 471 1645 1646 472 
1383 472 1646 1647 473 
1384 473 1647 1648 474 
1385 474 1648 1649 475 
1386 475 1649 1650 476 
1387 476 1650 1651 477 
1388 477 1651 1652 478 
1389 478 1652 589 13 
1390 575 576 1653 1639 
1391 1639 1653 1654 1640 
1392 1640 1654 1655 1641 
1393 1641 1655 1656 1642 
1394 1642 1656 1657 1643 
1395 1643 1657 1658 1644 
1396 1644 1658 1659 1645 
1397 1645 1659 1660 1646 
1398 1646 1660 1661 1647 
1399 1647 1661 1662 1648 
1400 1648 1662 1663 1649 
1401 1649 1663 1664 1650 
1402 1650 1664 1665 1651 
1403 1651 1665 1666 1652 
1404 1652 1666 590 589 
1405 576 577 1667 1653 
1406 1653 1667 1668 1654 
1407 1654 1668 1669 1655 
1408 1655 1669 1670 1656 
1409 1656 1670 1671 1657 
1410 1657 1671 1672 1658 
1411 1658 1672 1673 1659 
1412 1659 1673 1674 1660 
1413 1660 1674 1675 1661 
1414 1661 1675 1676 1662 
1415 1662 1676 1677 1663 
1416 1663 1677 1678 1664 
1417 1664 1678 1679 1665 
1418 1665 1679 1680 1666 
1419 1666 1680 591 590 
1420 577 578 1681 1667 
1421 1667 1681 1682 1668 
1422 1668 1682 1683 1669 
1423 1669 1683 1684 1670 
1424 1670 1684 1685 1671 
1425 1671 1685 1686 1672 
1426 1672 1686 1687 1673 
1427 1673 1687 1688 1674 
1428 1674 1688 1689 1675 
1429 1675 1689 1690 1676 
1430 1676 1690 1691 1677 
1431 1677 1691 1692 1678 
1432 1678 1692 1693 1679 
1433 1679 1693 1694 1680 
1434 1680 1694 592 591 
1435 578 579 1695 1681 
1436 1681 1695 1696 1682 
1437 1682 1696 1697 1683 
1438 1683 1697 1698 1684 
1439 1684 1698 1699 1685 
1440 1685 1699 1700 1686 
1441 1686 1700 1701 1687 
1442 1687 1701 1702 1688 
1443 1688 1702 1703 1689 
1444 1689 1703 1704 1690 
1445 1690 1704 1705 1691 
1446 1691 1705 1706 1692 
1447 1692 1706 1707 1693 
1448 1693 1707 1708 1694 
1449 1694 1708 593 592 
1450 579 580 1709 1695 
1451 1695 1709 1710 1696 
1452 1696 1710 1711 1697 
1453 1697 1711 1712 1698 
1454 1698 1712 1713 1699 
1455 1699 1713 1714 1700 
1456 1700 1714 1715 1701 
1457 1701 1715 1716 1702 
1458 1702 1716 1717 1703 
1459 1703 1717 1718 1704 
1460 1704 1718 1719 1705 
1461 1705 1719 1720 1706 
1462 1706 1720 1721 1707 
1463 1707 1721 1722 1708 
1464 1708 1722 594 593 
1465 580 581 1723 1709 
1466 1709 1723 1724 1710 
1467 1710 1724 1725 1711 
1468 1711 1725 1726 1712 
1469 1712 1726 1727 1713 
1470 1713 1727 1728 1714 
1471 1714 1728 1729 1715 
1472 1715 1729 1730 1716 
1473 1716 1730 1731 1717 
1474 1717 1731 1732 1718 
1475 1718 1732 1733 1719 
1476 1719 1733 1734 1720 
1477 1720 1734 1735 1721 
1478 1721 1735 1736 1722 
1479 1722 1736 595 594 
1480 581 582 1737 1723 
1481 1723 1737 1738 1724 
1482 1724 1738 1739 1725 
1483 1725 1739 1740 1726 
1484 1726 1740 1741 1727 
1485 1727 1741 1742 1728 
1486 1728 1742 1743 1729 
1487 1729 1743 1744 1730 
1488 1730 1744 1745 1731 
1489 1731 1745 1746 1732 
1490 1732 1746 1747 1733 
1491 1733 1747 1748 1734 
1492 1734 1748 1749 1735 
1493 1735 1749 1750 1736 
1494 1736 1750 596 595 
1495 582 583 1751 1737 
1496 1737 1751 1752 1738 
1497 1738 1752 1753 1739 
1498 1739 1753 1754 1740 
1499 1740 1754 1755 1741 
1500 1741 1755 1756 1742 
1501 1742 1756 1757 1743 
1502 1743 1757 1758 1744 
1503 1744 1758 1759 1745 
1504 1745 1759 1760 1746 
1505 1746 1760 1761 1747 
1506 1747 1761 1762 1748 
1507 1748 1762 1763 1749 
1508 1749 1763 1764 1750 
1509 1750 1764 597 596 
1510 583 584 1765 1751 
1511 1751 1765 1766 1752 
1512 1752 1766 1767 1753 
1513 1753 1767 1768 1754 
1514 1754 1768 1769 1755 
1515 1755 1769 1770 1756 
1516 1756 1770 1771 1757 
1517 1757 1771 1772 1758 
1518 1758 1772 1773 1759 
1519 1759 1773 1774 1760 
1520 1760 1774 1775 1761 
1521 1761 1775 1776 1762 
1522 1762 1776 1777 1763 
1523 1763 1777 1778 1764 
1524 1764 1778 598 597 
1525 584 585 1779 1765 
1526 1765 1779 1780 1766 
1527 1766 1780 1781 1767 
1528 1767 1781 1782 1768 
1529 1768 1782 1783 1769 
1530 1769 1783 1784 1770 
1531 1770 1784 1785 1771 
1532 1771 1785 1786 1772 
1533 1772 1786 1787 1773 
1534 1773 1787 1788 1774 
1535 1774 1788 1789 1775 
1536 1775 1789 1790 1776 
1537 1776 1790 1791 1777 
1538 1777 1791 1792 1778 
1539 1778 1792 599 598 
1540 585 586 1793 1779 
1541 1779 1793 1794 1780 
1542 1780 1794 1795 1781 
1543 1781 1795 1796 1782 
1544 1782 1796 1797 1783 
1545 1783 1797 1798 1784 
1546 1784 1798 1799 1785 
1547 1785 1799 1800 1786 
1548 1786 1800 1801 1787 
1549 1787 1801 1802 1788 
1550 1788 1802 1803 1789 
1551 1789 1803 1804 1790 
1552 1790 1804 1805 1791 
1553 1791 1805 1806 1792 
1554 1792 1806 600 599 
1555 586 587 1807 1793 
1556 1793 1807 1808 1794 
1557 1794 1808 1809 1795 
1558 1795 1809 1810 1796 
1559 1796 1810 1811 1797 
1560 1797 1811 1812 1798 
1561 1798 1812 1813 1799 
1562 1799 1813 1814 1800 
1563 1800 1814 1815 1801 
1564 1801 1815 1816 1802 
1565 1802 1816 1817 1803 
1566 1803 1817 1818 1804 
1567 1804 1818 1819 1805 
1568 1805 1819 1820 1806 
1569 1806 1820 601 600 
1570 587 588 1821 1807 
1571 1807 1821 1822 1808 
1572 1808 1822 1823 1809 
1573 1809 1823 1824 1810 
1574 1810 1824 1825 1811 
1575 1811 1825 1826 1812 
1576 1812 1826 1827 1813 
1577 1813 1827 1828 1814 
1578 1814 1828 1829 1815 
1579 1815 1829 1830 1816 
1580 1816 1830 1831 1817 
1581 1817 1831 1832 1818 
1582 1818 1832 1833 1819 
1583 1819 1833 1834 1820 
1584 1820 1834 602 601 
1585 588 10 307 1821 
1586 1821 307 308 1822 
1587 1822 308 309 1823 
1588 1823 309 310 1824 
1589 1824 310 311 1825 
1590 1825 311 312 1826 
1591 1826 312 313 1827 
1592 1827 313 314 1828 
1593 1828 314 315 1829 
1594 1829 315 316 1830 
1595 1830 316 317 1831 
1596 1831 317 318 1832 
1597 1832 318 319 1833 
1598 1833 319 320 1834 
1599 1834 320 9 602 
2 7 3 225
1600 14 639 1835 575 
1601 575 1835 1836 576 
1602 576 1836 1837 577 
1603 577 1837 1838 578 
1604 578 1838 1839 579 
1605 579 1839 1840 580 
1606 580 1840 1841 581 
1607 581 1841 1842 582 
1608 582 1842 1843 583 
1609 583 1843 1844 584 
1610 584 1844 1845 585 
1611 585 1845 1846 586 
1612 586 1846 1847 587 
1613 587 1847 1848 588 
1614 588 1848 306 10 
1615 639 640 1849 1835 
1616 1835 1849 1850 1836 
1617 1836 1850 1851 1837 
1618 1837 1851 1852 1838 
1619 1838 1852 1853 1839 
1620 1839 1853 1854 1840 
1621 1840 1854 1855 1841 
1622 1841 1855 1856 1842 
1623 1842 1856 1857 1843 
1624 1843 1857 1858 1844 
1625 1844 1858 1859 1845 
1626 1845 1859 1860 1846 
1627 1846 1860 1861 1847 
1628 1847 1861 1862 1848 
1629 1848 1862 305 306 
1630 640 641 1863 1849 
1631 1849 1863 1864 1850 
1632 1850 1864 1865 1851 
1633 1851 1865 1866 1852 
1634 1852 1866 1867 1853 
1635 1853 1867 1868 1854 
1636 1854 1868 1869 1855 
1637 1855 1869 1870 1856 
1638 1856 1870 1871 1857 
1639 1857 1871 1872 1858 
1640 1858 1872 1873 1859 
1641 1859 1873 1874 1860 
1642 1860 1874 1875 1861 
1643 1861 1875 1876 1862 
1644 1862 1876 304 305 
1645 641 642 1877 1863 
1646 1863 1877 1878 1864 
1647 1864 1878 1879 1865 
1648 1865 1879 1880 1866 
1649 1866 1880 1881 1867 
1650 1867 1881 1882 1868 
1651 1868 1882 1883 1869 
1652 1869 1883 1884 1870 
1653 1870 1884 1885 1871 
1654 1871 1885 1886 1872 
1655 1872 1886 1887 1873 
1656 1873 1887 1888 1874 
1657 1874 1888 1889 1875 
1658 1875 1889 1890 1876 
1659 1876 1890 303 304 
1660 642 643 1891 1877 
1661 1877 1891 1892 1878 
1662 1878 1892 1893 1879 
1663 1879 1893 1894 1880 
1664 1880 1894 1895 1881 
1665 1881 1895 1896 1882 
1666 1882 1896 1897 1883 
1667 1883 1897 1898 1884 
1668 1884 1898 1899 1885 
1669 1885 1899 1900 1886 
1670 1886 1900 1901 1887 
1671 1887 1901 1902 1888 
1672 1888 1902 1903 1889 
1673 1889 1903 1904 1890 
1674 1890 1904 302 303 
1675 643 644 1905 1891 
1676 1891 1905 1906 1892 
1677 1892 1906 1907 1893 
1678 1893 1907 1908 1894 
1679 1894 1908 1909 1895 
1680 1895 1909 1910 1896 
1681 1896 1910 1911 1897 
1682 1897 1911 1912 1898 
1683 1898 1912 1913 1899 
1684 1899 1913 1914 1900 
1685 1900 1914 1915 1901 
1686 1901 1915 1916 1902 
1687 1902 1916 1917 1903 
1688 1903 1917 1918 1904 
1689 1904 1918 301 302 
1690 644 645 1919 1905 
1691 1905 1919 1920 1906 
1692 1906 1920 1921 1907 
1693 1907 1921 1922 1908 
1694 1908 1922 1923 1909 
1695 1909 1923 1924 1910 
1696 1910 1924 1925 1911 
1697 1911 1925 1926 1912 
1698 1912 1926 1927 1913 
1699 1913 1927 1928 1914 
1700 1914 1928 1929 1915 
1701 1915 1929 1930 1916 
1702 1916 1930 1931 1917 
1703 1917 1931 1932 1918 
1704 1918 1932 300 301 
1705 645 646 1933 1919 
1706 1919 1933 1934 1920 
1707 1920 1934 1935 1921 
1708 1921 1935 1936 1922 
1709 1922 1936 1937 1923 
1710 1923 1937 1938 1924 
1711 1924 1938 1939 1925 
1712 1925 1939 1940 1926 
1713 1926 1940 1941 1927 
1714 1927 1941 1942 1928 
1715 1928 1942 1943 1929 
1716 1929 1943 1944 1930 
1717 1930 1944 1945 1931 
1718 1931 1945 1946 1932 
1719 1932 1946 299 300 
1720 646 647 1947 1933 
1721 1933 1947 1948 1934 
1722 1934 1948 1949 1935 
1723 1935 1949 1950 1936 
1724 1936 1950 1951 1937 
1725 1937 1951 1952 1938 
1726 1938 1952 1953 1939 
1727 1939 1953 1954 1940 
1728 1940 1954 1955 1941 
1729 1941 1955 1956 1942 
1730 1942 1956 1957 1943 
1731 1943 1957 1958 1944 
1732 1944 1958 1959 1945 
1733 1945 1959 1960 1946 
1734 1946 1960 298 299 
1735 647 648 1961 1947 
1736 1947 1961 1962 1948 
1737 1948 1962 1963 1949 
1738 1949 1963 1964 1950 
1739 1950 1964 1965 1951 
1740 1951 1965 1966 1952 
1741 1952 1966 1967 1953 
1742 1953 1967 1968 1954 
1743 1954 1968 1969 1955 
1744 1955 1969 1970 1956 
1745 1956 1970 1971 1957 
1746 1957 1971 1972 1958 
1747 1958 1972 1973 1959 
1748 1959 1973 1974 1960 
1749 1960 1974 297 298 
1750 648 649 1975 1961 
1751 1961 1975 1976 1962 
1752 1962 1976 1977 1963 
1753 1963 1977 1978 1964 
1754 1964 1978 1979 1965 
1755 1965 1979 1980 1966 
1756 1966 1980 1981 1967 
1757 1967 1981 1982 1968 
1758 1968 1982 1983 1969 
1759 1969 1983 1984 1970 
1760 1970 1984 1985 1971 
1761 1971 1985 1986 1972 
1762 1972 1986 1987 1973 
1763 1973 1987 1988 1974 
1764 1974 1988 296 297 
1765 649 650 1989 1975 
1766 1975 1989 1990 1976 
1767 1976 1990 1991 1977 
1768 1977 1991 1992 1978 
1769 1978 1992 1993 1979 
1770 1979 1993 1994 1980 
1771 1980 1994 1995 1981 
1772 1981 1995 1996 1982 
1773 1982 1996 1997 1983 
1774 1983 1997 1998 1984 
1775 1984 1998 1999 1985 
1776 1985 1999 2000 1986 
1777 1986 2000 2001 1987 
1778 1987 2001 2002 1988 
1779 1988 2002 295 296 
1780 650 651 2003 1989 
1781 1989 2003 2004 1990 
1782 1990 2004 2005 1991 
1783 1991 2005 2006 1992 
1784 1992 2006 2007 1993 
1785 1993 2007 2008 1994 
1786 1994 2008 2009 1995 
1787 1995 2009 2010 1996 
1788 1996 2010 2011 1997 
1789 1997 2011 2012 1998 
1790 1998 2012 2013 1999 
1791 1999 2013 2014 2000 
1792 2000 2014 2015 2001 
1793 2001 2015 2016 2002 
1794 2002 2016 294 295 
1795 651 652 2017 2003 
1796 2003 2017 2018 2004 
1797 2004 2018 2019 2005 
1798 2005 2019 2020 2006 
1799 2006 2020 2021 2007 
1800 2007 2021 2022 2008 
1801 2008 2022 2023 2009 
1802 2009 2023 2024 2010 
1803 2010 2024 2025 2011 
1804 2011 2025 2026 2012 
1805 2012 2026 2027 2013 
1806 2013 2027 2028 2014 
1807 2014 2028 2029 2015 
1808 2015 2029 2030 2016 
1809 2016 2030 293 294 
1810 652 15 617 2017 
1811 2017 617 618 2018 
1812 2018 618 619 2019 
1813 2019 619 620 2020 
1814 2020 620 621 2021 
1815 2021 621 622 2022 
1816 2022 622 623 2023 
1817 2023 623 624 2024 
1818 2024 624 625 2025 
1819 2025 625 626 2026 
1820 2026 626 627 2027 
1821 2027 627 628 2028 
1822 2028 628 629 2029 
1823 2029 629 630 2030 
1824 2030 630 11 293 
2 8 3 225
1825 15 617 2031 495 
1826 495 2031 2032 496 
1827 496 2032 2033 497 
1828 497 2033 2034 498 
1829 498 2034 2035 499 
1830 499 2035 2036 500 
1831 500 2036 2037 501 
1832 501 2037 2038 502 
1833 502 2038 2039 503 
1834 503 2039 2040 504 
1835 504 2040 2041 505 
1836 505 2041 2042 506 
1837 506 2042 2043 507 
1838 507 2043 2044 508 
1839 508 2044 439 27 
1840 617 618 2045 2031 
1841 2031 2045 2046 2032 
1842 2032 2046 2047 2033 
1843 2033 2047 2048 2034 
1844 2034 2048 2049 2035 
1845 2035 2049 2050 2036 
1846 2036 2050 2051 2037 
1847 2037 2051 2052 2038 
1848 2038 2052 2053 2039 
1849 2039 2053 2054 2040 
1850 2040 2054 2055 2041 
1851 2041 2055 2056 2042 
1852 2042 2056 2057 2043 
1853 2043 2057 2058 2044 
1854 2044 2058 440 439 
1855 618 619 2059 2045 
1856 2045 2059 2060 2046 
1857 2046 2060 2061 2047 
1858 2047 2061 2062 2048 
1859 2048 2062 2063 2049 
1860 2049 2063 2064 2050 
1861 2050 2064 2065 2051 
1862 2051 2065 2066 2052 
1863 2052 2066 2067 2053 
1864 2053 2067 2068 2054 
1865 2054 2068 2069 2055 
1866 2055 2069 2070 2056 
1867 2056 2070 2071 2057 
1868 2057 2071 2072 2058 
1869 2058 2072 441 440 
1870 619 620 2073 2059 
1871 2059 2073 2074 2060 
1872 2060 2074 2075 2061 
1873 2061 2075 2076 2062 
1874 2062 2076 2077 2063 
1875 2063 2077 2078 2064 
1876 2064 2078 2079 2065 
1877 2065 2079 2080 2066 
1878 2066 2080 2081 2067 
1879 2067 2081 2082 2068 
1880 2068 2082 2083 2069 
1881 2069 2083 2084 2070 
1882 2070 2084 2085 2071 
1883 2071 2085 2086 2072 
1884 2072 2086 442 441 
1885 620 621 2087 2073 
1886 2073 2087 2088 2074 
1887 2074 2088 2089 2075 
1888 2075 2089 2090 2076 
1889 2076 2090 2091 2077 
1890 2077 2091 2092 2078 
1891 2078 2092 2093 2079 
1892 2079 2093 2094 2080 
1893 2080 2094 2095 2081 
1894 2081 2095 2096 2082 
1895 2082 2096 2097 2083 
1896 2083 2097 2098 2084 
1897 2084 2098 2099 2085 
1898 2085 2099 2100 2086 
1899 2086 2100 443 442 
1900 621 622 2101 2087 
1901 2087 2101 2102 2088 
1902 2088 2102 2103 2089 
1903 2089 2103 2104 2090 
1904 2090 2104 2105 2091 
1905 2091 2105 2106 2092 
1906 2092 2106 2107 2093 
1907 2093 2107 2108 2094 
1908 2094 2108 2109 2095 
1909 2095 2109 2110 2096 
1910 2096 2110 2111 2097 
1911 2097 2111 2112 2098 
1912 2098 2112 2113 2099 
1913 2099 2113 2114 2100 
1914 2100 2114 444 443 
1915 622 623 2115 2101 
1916 2101 2115 2116 2102 
1917 2102 2116 2117 2103 
1918 2103 2117 2118 2104 
1919 2104 2118 2119 2105 
1920 2105 2119 2120 2106 
1921 2106 2120 2121 2107 
1922 2107 2121 2122 2108 
1923 2108 2122 2123 2109 
1924 2109 2123 2124 2110 
1925 2110 2124 2125 2111 
1926 2111 2125 2126 2112 
1927 2112 2126 2127 2113 
1928 2113 2127 2128 2114 
1929 2114 2128 445 444 
1930 623 624 2129 2115 
1931 2115 2129 2130 2116 
1932 2116 2130 2131 2117 
1933 2117 2131 2132 2118 
1934 2118 2132 2133 2119 
1935 2119 2133 2134 2120 
1936 2120 2134 2135 2121 
1937 2121 2135 2136 2122 
1938 2122 2136 2137 2123 
1939 2123 2137 2138 2124 
1940 2124 2138 2139 2125 
1941 2125 2139 2140 2126 
1942 2126 2140 2141 2127 
1943 2127 2141 2142 2128 
1944 2128 2142 446 445 
1945 624 625 2143 2129 
1946 2129 2143 2144 2130 
1947 2130 2144 2145 2131 
1948 2131 2145 2146 2132 
1949 2132 2146 2147 2133 
1950 2133 2147 2148 2134 
1951 2134 2148 2149 2135 
1952 2135 2149 2150 2136 
1953 2136 2150 2151 2137 
1954 2137 2151 2152 2138 
1955 2138 2152 2153 2139 
1956 2139 2153 2154 2140 
1957 2140 2154 2155 2141 
1958 2141 2155 2156 2142 
1959 2142 2156 447 446 
1960 625 626 2157 2143 
1961 2143 2157 2158 2144 
1962 2144 2158 2159 2145 
1963 2145 2159 2160 2146 
1964 2146 2160 2161 2147 
1965 2147 2161 2162 2148 
1966 2148 2162 2163 2149 
1967 2149 2163 2164 2150 
1968 2150 2164 2165 2151 
1969 2151 2165 2166 2152 
1970 2152 2166 2167 2153 
1971 2153 2167 2168 2154 
1972 2154 2168 2169 2155 
1973 2155 2169 2170 2156 
1974 2156 2170 448 447 
1975 626 627 2171 2157 
1976 2157 2171 2172 2158 
1977 2158 2172 2173 2159 
1978 2159 2173 2174 2160 
1979 2160 2174 2175 2161 
1980 2161 2175 2176 2162 
1981 2162 2176 2177 2163 
1982 2163 2177 2178 2164 
1983 2164 2178 2179 2165 
1984 2165 2179 2180 2166 
1985 2166 2180 2181 2167 
1986 2167 2181 2182 2168 
1987 2168 2182 2183 2169 
1988 2169 2183 2184 2170 
1989 2170 2184 449 448 
1990 627 628 2185 2171 
1991 2171 2185 2186 2172 
1992 2172 2186 2187 2173 
1993 2173 2187 2188 2174 
1994 2174 2188 2189 2175 
1995 2175 2189 2190 2176 
1996 2176 2190 2191 2177 
1997 2177 2191 2192 2178 
1998 2178 2192 2193 2179 
1999 2179 2193 2194 2180 
2000 2180 2194 2195 2181 
2001 2181 2195 2196 2182 
2002 2182 2196 2197 2183 
2003 2183 2197 2198 2184 
2004 2184 2198 450 449 
2005 628 629 2199 2185 
2006 2185 2199 2200 2186 
2007 2186 2200 2201 2187 
2008 2187 2201 2202 2188 
2009 2188 2202 2203 2189 
2010 2189 2203 2204 2190 
2011 2190 2204 2205 2191 
2012 2191 2205 2206 2192 
2013 2192 2206 2207 2193 
2014 2193 2207 2208 2194 
2015 2194 2208 2209 2195 
2016 2195 2209 2210 2196 
2017 2196 2210 2211 2197 
2018 2197 2211 2212 2198 
2019 2198 2212 451 450 
2020 629 630 2213 2199 
2021 2199 2213 2214 2200 
2022 2200 2214 2215 2201 
2023 2201 2215 2216 2202 
2024 2202 2216 2217 2203 
2025 2203 2217 2218 2204 
2026 2204 2218 2219 2205 
2027 2205 2219 2220 2206 
2028 2206 2220 2221 2207 
2029 2207 2221 2222 2208 
2030 2208 2222 2223 2209 
2031 2209 2223 2224 2210 
2032 2210 2224 2225 2211 
2033 2211 2225 2226 2212 
2034 2212 2226 452 451 
2035 630 11 292 2213 
2036 2213 292 291 2214 
2037 2214 291 290 2215 
2038 2215 290 289 2216 
2039 2216 289 288 2217 
2040 2217 288 287 2218 
2041 2218 287 286 2219 
2042 2219 286 285 2220 
2043 2220 285 284 2221 
2044 2221 284 283 2222 
2045 2222 283 282 2223 
2046 2223 282 281 2224 
2047 2224 281 280 2225 
2048 2225 280 279 2226 
2049 2226 279 6 452 
2 9 3 525
2050 15 653 2227 495 
2051 495 2227 2228 496 
2052 496 2228 2229 497 
2053 497 2229 2230 498 
2054 498 2230 2231 499 
2055 499 2231 2232 500 
2056 500 2232 2233 501 
2057 501 2233 2234 502 
2058 502 2234 2235 503 
2059 503 2235 2236 504 
2060 504 2236 2237 505 
2061 505 2237 2238 506 
2062 506 2238 2239 507 
2063 507 2239 2240 508 
2064 508 2240 438 27 
2065 653 654 2241 2227 
2066 2227 2241 2242 2228 
2067 2228 2242 2243 2229 
2068 2229 2243 2244 2230 
2069 2230 2244 2245 2231 
2070 2231 2245 2246 2232 
2071 2232 2246 2247 2233 
2072 2233 2247 2248 2234 
2073 2234 2248 2249 2235 
2074 2235 2249 2250 2236 
2075 2236 2250 2251 2237 
2076 2237 2251 2252 2238 
2077 2238 2252 2253 2239 
2078 2239 2253 2254 2240 
2079 2240 2254 437 438 
2080 654 655 2255 2241 
2081 2241 2255 2256 2242 
2082 2242 2256 2257 2243 
2083 2243 2257 2258 2244 
2084 2244 2258 2259 2245 
2085 2245 2259 2260 2246 
2086 2246 2260 2261 2247 
2087 2247 2261 2262 2248 
2088 2248 2262 2263 2249 
2089 2249 2263 2264 2250 
2090 2250 2264 2265 2251 
2091 2251 2265 2266 2252 
2092 2252 2266 2267 2253 
2093 2253 2267 2268 2254 
2094 2254 2268 436 437 
2095 655 656 2269 2255 
2096 2255 2269 2270 2256 
2097 2256 2270 2271 2257 
2098 2257 2271 2272 2258 
2099 2258 2272 2273 2259 
2100 2259 2273 2274 2260 
2101 2260 2274 2275 2261 
2102 2261 2275 2276 2262 
2103 2262 2276 2277 2263 
2104 2263 2277 2278 2264 
2105 2264 2278 2279 2265 
2106 2265 2279 2280 2266 
2107 2266 2280 2281 2267 
2108 2267 2281 2282 2268 
2109 2268 2282 435 436 
2110 656 657 2283 2269 
2111 2269 2283 2284 2270 
2112 2270 2284 2285 2271 
2113 2271 2285 2286 2272 
2114 2272 2286 2287 2273 
2115 2273 2287 2288 2274 
2116 2274 2288 2289 2275 
2117 2275 2289 2290 2276 
2118 2276 2290 2291 2277 
2119 2277 2291 2292 2278 
2120 2278 2292 2293 2279 
2121 2279 2293 2294 2280 
2122 2280 2294 2295 2281 
2123 2281 2295 2296 2282 
2124 2282 2296 434 435 
2125 657 658 2297 2283 
2126 2283 2297 2298 2284 
2127 2284 2298 2299 2285 
2128 2285 2299 2300 2286 
2129 2286 2300 2301 2287 
2130 2287 2301 2302 2288 
2131 2288 2302 2303 2289 
2132 2289 2303 2304 2290 
2133 2290 2304 2305 2291 
2134 2291 2305 2306 2292 
2135 2292 2306 2307 2293 
2136 2293 2307 2308 2294 
2137 2294 2308 2309 2295 
2138 2295 2309 2310 2296 
2139 2296 2310 433 434 
2140 658 659 2311 2297 
2141 2297 2311 2312 2298 
2142 2298 2312 2313 2299 
2143 2299 2313 2314 2300 
2144 2300 2314 2315 2301 
2145 2301 2315 2316 2302 
2146 2302 2316 2317 2303 
2147 2303 2317 2318 2304 
2148 2304 2318 2319 2305 
2149 2305 2319 2320 2306 
2150 2306 2320 2321 2307 
2151 2307 2321 2322 2308 
2152 2308 2322 2323 2309 
2153 2309 2323 2324 2310 
2154 2310 2324 432 433 
2155 659 660 2325 2311 
2156 2311 2325 2326 2312 
2157 2312 2326 2327 2313 
2158 2313 2327 2328 2314 
2159 2314 2328 2329 2315 
2160 2315 2329 2330 2316 
2161 2316 2330 2331 2317 
2162 2317 2331 2332 2318 
2163 2318 2332 2333 2319 
2164 2319 2333 2334 2320 
2165 2320 2334 2335 2321 
2166 2321 2335 2336 2322 
2167 2322 2336 2337 2323 
2168 2323 2337 2338 2324 
2169 2324 2338 431 432 
2170 660 661 2339 2325 
2171 2325 2339 2340 2326 
2172 2326 2340 2341 2327 
2173 2327 2341 2342 2328 
2174 2328 2342 2343 2329 
2175 2329 2343 2344 2330 
2176 2330 2344 2345 2331 
2177 2331 2345 2346 2332 
2178 2332 2346 2347 2333 
2179 2333 2347 2348 2334 
2180 2334 2348 2349 2335 
2181 2335 2349 2350 2336 
2182 2336 2350 2351 2337 
2183 2337 2351 2352 2338 
2184 2338 2352 430 431 
2185 661 662 2353 2339 
2186 2339 2353 2354 2340 
2187 2340 2354 2355 2341 
2188 2341 2355 2356 2342 
2189 2342 2356 2357 2343 
2190 2343 2357 2358 2344 
2191 2344 2358 2359 2345 
2192 2345 2359 2360 2346 
2193 2346 2360 2361 2347 
2194 2347 2361 2362 2348 
2195 2348 2362 2363 2349 
2196 2349 2363 2364 2350 
2197 2350 2364 2365 2351 
2198 2351 2365 2366 2352 
2199 2352 2366 429 430 
2200 662 663 2367 2353 
2201 2353 2367 2368 2354 
2202 2354 2368 2369 2355 
2203 2355 2369 2370 2356 
2204 2356 2370 2371 2357 
2205 2357 2371 2372 2358 
2206 2358 2372 2373 2359 
2207 2359 2373 2374 2360 
2208 2360 2374 2375 2361 
2209 2361 2375 2376 2362 
2210 2362 2376 2377 2363 
2211 2363 2377 2378 2364 
2212 2364 2378 2379 2365 
2213 2365 2379 2380 2366 
2214 2366 2380 428 429 
2215 663 664 2381 2367 
2216 2367 2381 2382 2368 
2217 2368 2382 2383 2369 
2218 2369 2383 2384 2370 
2219 2370 2384 2385 2371 
2220 2371 2385 2386 2372 
2221 2372 2386 2387 2373 
2222 2373 2387 2388 2374 
2223 2374 2388 2389 2375 
2224 2375 2389 2390 2376 
2225 2376 2390 2391 2377 
2226 2377 2391 2392 2378 
2227 2378 2392 2393 2379 
2228 2379 2393 2394 2380 
2229 2380 2394 427 428 
2230 664 665 2395 2381 
2231 2381 2395 2396 2382 
2232 2382 2396 2397 2383 
2233 2383 2397 2398 2384 
2234 2384 2398 2399 2385 
2235 2385 2399 2400 2386 
2236 2386 2400 2401 2387 
2237 2387 2401 2402 2388 
2238 2388 2402 2403 2389 
2239 2389 2403 2404 2390 
2240 2390 2404 2405 2391 
2241 2391 2405 2406 2392 
2242 2392 2406 2407 2393 
2243 2393 2407 2408 2394 
2244 2394 2408 426 427 
2245 665 666 2409 2395 
2246 2395 2409 2410 2396 
2247 2396 2410 2411 2397 
2248 2397 2411 2412 2398 
2249 2398 2412 2413 2399 
2250 2399 2413 2414 2400 
2251 2400 2414 2415 2401 
2252 2401 2415 2416 2402 
2253 2402 2416 2417 2403 
2254 2403 2417 2418 2404 
2255 2404 2418 2419 2405 
2256 2405 2419 2420 2406 
2257 2406 2420 2421 2407 
2258 2407 2421 2422 2408 
2259 2408 2422 425 426 
2260 666 667 2423 2409 
2261 2409 2423 2424 2410 
2262 2410 2424 2425 2411 
2263 2411 2425 2426 2412 
2264 2412 2426 2427 2413 
2265 2413 2427 2428 2414 
2266 2414 2428 2429 2415 
2267 2415 2429 2430 2416 
2268 2416 2430 2431 2417 
2269 2417 2431 2432 2418 
2270 2418 2432 2433 2419 
2271 2419 2433 2434 2420 
2272 2420 2434 2435 2421 
2273 2421 2435 2436 2422 
2274 2422 2436 424 425 
2275 667 668 2437 2423 
2276 2423 2437 2438 2424 
2277 2424 2438 2439 2425 
2278 2425 2439 2440 2426 
2279 2426 2440 2441 2427 
2280 2427 2441 2442 2428 
2281 2428 2442 2443 2429 
2282 2429 2443 2444 2430 
2283 2430 2444 2445 2431 
2284 2431 2445 2446 2432 
2285 2432 2446 2447 2433 
2286 2433 2447 2448 2434 
2287 2434 2448 2449 2435 
2288 2435 2449 2450 2436 
2289 2436 2450 423 424 
2290 668 669 2451 2437 
2291 2437 2451 2452 2438 
2292 2438 2452 2453 2439 
2293 2439 2453 2454 2440 
2294 2440 2454 2455 2441 
2295 2441 2455 2456 2442 
2296 2442 2456 2457 2443 
2297 2443 2457 2458 2444 
2298 2444 2458 2459 2445 
2299 2445 2459 2460 2446 
2300 2446 2460 2461 2447 
2301 2447 2461 2462 2448 
2302 2448 2462 2463 2449 
2303 2449 2463 2464 2450 
2304 2450 2464 422 423 
2305 669 670 2465 2451 
2306 2451 2465 2466 2452 
2307 2452 2466 2467 2453 
2308 2453 2467 2468 2454 
2309 2454 2468 2469 2455 
2310 2455 2469 2470 2456 
2311 2456 2470 2471 2457 
2312 2457 2471 2472 2458 
2313 2458 2472 2473 2459 
2314 2459 2473 2474 2460 
2315 2460 2474 2475 2461 
2316 2461 2475 2476 2462 
2317 2462 2476 2477 2463 
2318 2463 2477 2478 2464 
2319 2464 2478 421 422 
2320 670 671 2479 2465 
2321 2465 2479 2480 2466 
2322 2466 2480 2481 2467 
2323 2467 2481 2482 2468 
2324 2468 2482 2483 2469 
2325 2469 2483 2484 2470 
2326 2470 2484 2485 2471 
2327 2471 2485 2486 2472 
2328 2472 2486 2487 2473 
2329 2473 2487 2488 2474 
2330 2474 2488 2489 2475 
2331 2475 2489 2490 2476 
2332 2476 2490 2491 2477 
2333 2477 2491 2492 2478 
2334 2478 2492 420 421 
2335 671 672 2493 2479 
2336 2479 2493 2494 2480 
2337 2480 2494 2495 2481 
2338 2481 2495 2496 2482 
2339 2482 2496 2497 2483 
2340 2483 2497 2498 2484 
2341 2484 2498 2499 2485 
2342 2485 2499 2500 2486 
2343 2486 2500 2501 2487 
2344 2487 2501 2502 2488 
2345 2488 2502 2503 2489 
2346 2489 2503 2504 2490 
2347 2490 2504 2505 2491 
2348 2491 2505 2506 2492 
2349 2492 2506 419 420 
2350 672 673 2507 2493 
2351 2493 2507 2508 2494 
2352 2494 2508 2509 2495 
2353 2495 2509 2510 2496 
2354 2496 2510 2511 2497 
2355 2497 2511 2512 2498 
2356 2498 2512 2513 2499 
2357 2499 2513 2514 2500 
2358 2500 2514 2515 2501 
2359 2501 2515 2516 2502 
2360 2502 2516 2517 2503 
2361 2503 2517 2518 2504 
2362 2504 2518 2519 2505 
2363 2505 2519 2520 2506 
2364 2506 2520 418 419 
2365 673 674 2521 2507 
2366 2507 2521 2522 2508 
2367 2508 2522 2523 2509 
2368 2509 2523 2524 2510 
2369 2510 2524 2525 2511 
2370 2511 2525 2526 2512 
2371 2512 2526 2527 2513 
2372 2513 2527 2528 2514 
2373 2514 2528 2529 2515 
2374 2515 2529 2530 2516 
2375 2516 2530 2531 2517 
2376 2517 2531 2532 2518 
2377 2518 2532 2533 2519 
2378 2519 2533 2534 2520 
2379 2520 2534 417 418 
2380 674 675 2535 2521 
2381 2521 2535 2536 2522 
2382 2522 2536 2537 2523 
2383 2523 2537 2538 2524 
2384 2524 2538 2539 2525 
2385 2525 2539 2540 2526 
2386 2526 2540 2541 2527 
2387 2527 2541 2542 2528 
2388 2528 2542 2543 2529 
2389 2529 2543 2544 2530 
2390 2530 2544 2545 2531 
2391 2531 2545 2546 2532 
2392 2532 2546 2547 2533 
2393 2533 2547 2548 2534 
2394 2534 2548 416 417 
2395 675 676 2549 2535 
2396 2535 2549 2550 2536 
2397 2536 2550 2551 2537 
2398 2537 2551 2552 2538 
2399 2538 2552 2553 2539 
2400 2539 2553 2554 2540 
2401 2540 2554 2555 2541 
2402 2541 2555 2556 2542 
2403 2542 2556 2557 2543 
2404 2543 2557 2558 2544 
2405 2544 2558 2559 2545 
2406 2545 2559 2560 2546 
2407 2546 2560 2561 2547 
2408 2547 2561 2562 2548 
2409 2548 2562 415 416 
2410 676 677 2563 2549 
2411 2549 2563 2564 2550 
2412 2550 2564 2565 2551 
2413 2551 2565 2566 2552 
2414 2552 2566 2567 2553 
2415 2553 2567 2568 2554 
2416 2554 2568 2569 2555 
2417 2555 2569 2570 2556 
2418 2556 2570 2571 2557 
2419 2557 2571 2572 2558 
2420 2558 2572 2573 2559 
2421 2559 2573 2574 2560 
2422 2560 2574 2575 2561 
2423 2561 2575 2576 2562 
2424 2562 2576 414 415 
2425 677 678 2577 2563 
2426 2563 2577 2578 2564 
2427 2564 2578 2579 2565 
2428 2565 2579 2580 2566 
2429 2566 2580 2581 2567 
2430 2567 2581 2582 2568 
2431 2568 2582 2583 2569 
2432 2569 2583 2584 2570 
2433 2570 2584 2585 2571 
2434 2571 2585 2586 2572 
2435 2572 2586 2587 2573 
2436 2573 2587 2588 2574 
2437 2574 2588 2589 2575 
2438 2575 2589 2590 2576 
2439 2576 2590 413 414 
2440 678 679 2591 2577 
2441 2577 2591 2592 2578 
2442 2578 2592 2593 2579 
2443 2579 2593 2594 2580 
2444 2580 2594 2595 2581 
2445 2581 2595 2596 2582 
2446 2582 2596 2597 2583 
2447 2583 2597 2598 2584 
2448 2584 2598 2599 2585 
2449 2585 2599 2600 2586 
2450 2586 2600 2601 2587 
2451 2587 2601 2602 2588 
2452 2588 2602 2603 2589 
2453 2589 2603 2604 2590 
2454 2590 2604 412 413 
2455 679 680 2605 2591 
2456 2591 2605 2606 2592 
2457 2592 2606 2607 2593 
2458 2593 2607 2608 2594 
2459 2594 2608 2609 2595 
2460 2595 2609 2610 2596 
2461 2596 2610 2611 2597 
2462 2597 2611 2612 2598 
2463 2598 2612 2613 2599 
2464 2599 2613 2614 2600 
2465 2600 2614 2615 2601 
2466 2601 2615 2616 2602 
2467 2602 2616 2617 2603 
2468 2603 2617 2618 2604 
2469 2604 2618 411 412 
2470 680 681 2619 2605 
2471 2605 2619 2620 2606 
2472 2606 2620 2621 2607 
2473 2607 2621 2622 2608 
2474 2608 2622 2623 2609 
2475 2609 2623 2624 2610 
2476 2610 2624 2625 2611 
2477 2611 2625 2626 2612 
2478 2612 2626 2627 2613 
2479 2613 2627 2628 2614 
2480 2614 2628 2629 2615 
2481 2615 2629 2630 2616 
2482 2616 2630 2631 2617 
2483 2617 2631 2632 2618 
2484 2618 2632 410 411 
2485 681 682 2633 2619 
2486 2619 2633 2634 2620 
2487 2620 2634 2635 2621 
2488 2621 2635 2636 2622 
2489 2622 2636 2637 2623 
2490 2623 2637 2638 2624 
2491 2624 2638 2639 2625 
2492 2625 2639 2640 2626 
2493 2626 2640 2641 2627 
2494 2627 2641 2642 2628 
2495 2628 2642 2643 2629 
2496 2629 2643 2644 2630 
2497 2630 2644 2645 2631 
2498 2631 2645 2646 2632 
2499 2632 2646 409 410 
2500 682 683 2647 2633 
2501 2633 2647 2648 2634 
2502 2634 2648 2649 2635 
2503 2635 2649 2650 2636 
2504 2636 2650 2651 2637 
2505 2637 2651 2652 2638 
2506 2638 2652 2653 2639 
2507 2639 2653 2654 2640 
2508 2640 2654 2655 2641 
2509 2641 2655 2656 2642 
2510 2642 2656 2657 2643 
2511 2643 2657 2658 2644 
2512 2644 2658 2659 2645 
2513 2645 2659 2660 2646 
2514 2646 2660 408 409 
2515 683 684 2661 2647 
2516 2647 2661 2662 2648 
2517 2648 2662 2663 2649 
2518 2649 2663 2664 2650 
2519 2650 2664 2665 2651 
2520 2651 2665 2666 2652 
2521 2652 2666 2667 2653 
2522 2653 2667 2668 2654 
2523 2654 2668 2669 2655 
2524 2655 2669 2670 2656 
2525 2656 2670 2671 2657 
2526 2657 2671 2672 2658 
2527 2658 2672 2673 2659 
2528 2659 2673 2674 2660 
2529 2660 2674 407 408 
2530 684 685 2675 2661 
2531 2661 2675 2676 2662 
2532 2662 2676 2677 2663 
2533 2663 2677 2678 2664 
2534 2664 2678 2679 2665 
2535 2665 2679 2680 2666 
2536 2666 2680 2681 2667 
2537 2667 2681 2682 2668 
2538 2668 2682 2683 2669 
2539 2669 2683 2684 2670 
2540 2670 2684 2685 2671 
2541 2671 2685 2686 2672 
2542 2672 2686 2687 2673 
2543 2673 2687 2688 2674 
2544 2674 2688 406 407 
2545 685 686 2689 2675 
2546 2675 2689 2690 2676 
2547 2676 2690 2691 2677 
2548 2677 2691 2692 2678 
2549 2678 2692 2693 2679 
2550 2679 2693 2694 2680 
2551 2680 2694 2695 2681 
2552 2681 2695 2696 2682 
2553 2682 2696 2697 2683 
2554 2683 2697 2698 2684 
2555 2684 2698 2699 2685 
2556 2685 2699 2700 2686 
2557 2686 2700 2701 2687 
2558 2687 2701 2702 2688 
2559 2688 2702 405 406 
2560 686 17 552 2689 
2561 2689 552 551 2690 
2562 2690 551 550 2691 
2563 2691 550 549 2692 
2564 2692 549 548 2693 
2565 2693 548 547 2694 
2566 2694 547 546 2695 
2567 2695 546 545 2696 
2568 2696 545 544 2697 
2569 2697 544 543 2698 
2570 2698 543 542 2699 
2571 2699 542 541 2700 
2572 2700 541 540 2701 
2573 2701 540 539 2702 
2574 2702 539 7 405 
2 10 3 435
2575 17 687 2703 552 
2576 552 2703 2704 551 
2577 551 2704 2705 550 
2578 550 2705 2706 549 
2579 549 2706 2707 548 
2580 548 2707 2708 547 
2581 547 2708 2709 546 
2582 546 2709 2710 545 
2583 545 2710 2711 544 
2584 544 2711 2712 543 
2585 543 2712 2713 542 
2586 542 2713 2714 541 
2587 541 2714 2715 540 
2588 540 2715 2716 539 
2589 539 2716 715 7 
2590 687 688 2717 2703 
2591 2703 2717 2718 2704 
2592 2704 2718 2719 2705 
2593 2705 2719 2720 2706 
2594 2706 2720 2721 2707 
2595 2707 2721 2722 2708 
2596 2708 2722 2723 2709 
2597 2709 2723 2724 2710 
2598 2710 2724 2725 2711 
2599 2711 2725 2726 2712 
2600 2712 2726 2727 2713 
2601 2713 2727 2728 2714 
2602 2714 2728 2729 2715 
2603 2715 2729 2730 2716 
2604 2716 2730 716 715 
2605 688 689 2731 2717 
2606 2717 2731 2732 2718 
2607 2718 2732 2733 2719 
2608 2719 2733 2734 2720 
2609 2720 2734 2735 2721 
2610 2721 2735 2736 2722 
2611 2722 2736 2737 2723 
2612 2723 2737 2738 2724 
2613 2724 2738 2739 2725 
2614 2725 2739 2740 2726 
2615 2726 2740 2741 2727 
2616 2727 2741 2742 2728 
2617 2728 2742 2743 2729 
2618 2729 2743 2744 2730 
2619 2730 2744 717 716 
2620 689 690 2745 2731 
2621 2731 2745 2746 2732 
2622 2732 2746 2747 2733 
2623 2733 2747 2748 2734 
2624 2734 2748 2749 2735 
2625 2735 2749 2750 2736 
2626 2736 2750 2751 2737 
2627 2737 2751 2752 2738 
2628 2738 2752 2753 2739 
2629 2739 2753 2754 2740 
2630 2740 2754 2755 2741 
2631 2741 2755 2756 2742 
2632 2742 2756 2757 2743 
2633 2743 2757 2758 2744 
2634 2744 2758 718 717 
2635 690 691 2759 2745 
2636 2745 2759 2760 2746 
2637 2746 2760 2761 2747 
2638 2747 2761 2762 2748 
2639 2748 2762 2763 2749 
2640 2749 2763 2764 2750 
2641 2750 2764 2765 2751 
2642 2751 2765 2766 2752 
2643 2752 2766 2767 2753 
2644 2753 2767 2768 2754 
2645 2754 2768 2769 2755 
2646 2755 2769 2770 2756 
2647 2756 2770 2771 2757 
2648 2757 2771 2772 2758 
2649 2758 2772 719 718 
2650 691 692 2773 2759 
2651 2759 2773 2774 2760 
2652 2760 2774 2775 2761 
2653 2761 2775 2776 2762 
2654 2762 2776 2777 2763 
2655 2763 2777 2778 2764 
2656 2764 2778 2779 2765 
2657 2765 2779 2780 2766 
2658 2766 2780 2781 2767 
2659 2767 2781 2782 2768 
2660 2768 2782 2783 2769 
2661 2769 2783 2784 2770 
2662 2770 2784 2785 2771 
2663 2771 2785 2786 2772 
2664 2772 2786 720 719 
2665 692 693 2787 2773 
2666 2773 2787 2788 2774 
2667 2774 2788 2789 2775 
2668 2775 2789 2790 2776 
2669 2776 2790 2791 2777 
2670 2777 2791 2792 2778 
2671 2778 2792 2793 2779 
2672 2779 2793 2794 2780 
2673 2780 2794 2795 2781 
2674 2781 2795 2796 2782 
2675 2782 2796 2797 2783 
2676 2783 2797 2798 2784 
2677 2784 2798 2799 2785 
2678 2785 2799 2800 2786 
2679 2786 2800 721 720 
2680 693 694 2801 2787 
2681 2787 2801 2802 2788 
2682 2788 2802 2803 2789 
2683 2789 2803 2804 2790 
2684 2790 2804 2805 2791 
2685 2791 2805 2806 2792 
2686 2792 2806 2807 2793 
2687 2793 2807 2808 2794 
2688 2794 2808 2809 2795 
2689 2795 2809 2810 2796 
2690 2796 2810 2811 2797 
2691 2797 2811 2812 2798 
2692 2798 2812 2813 2799 
2693 2799 2813 2814 2800 
2694 2800 2814 722 721 
2695 694 695 2815 2801 
2696 2801 2815 2816 2802 
2697 2802 2816 2817 2803 
2698 2803 2817 2818 2804 
2699 2804 2818 2819 2805 
2700 2805 2819 2820 2806 
2701 2806 2820 2821 2807 
2702 2807 2821 2822 2808 
2703 2808 2822 2823 2809 
2704 2809 2823 2824 2810 
2705 2810 2824 2825 2811 
2706 2811 2825 2826 2812 
2707 2812 2826 2827 2813 
2708 2813 2827 2828 2814 
2709 2814 2828 723 722 
2710 695 696 2829 2815 
2711 2815 2829 2830 2816 
2712 2816 2830 2831 2817 
2713 2817 2831 2832 2818 
2714 2818 2832 2833 2819 
2715 2819 2833 2834 2820 
2716 2820 2834 2835 2821 
2717 2821 2835 2836 2822 
2718 2822 2836 2837 2823 
2719 2823 2837 2838 2824 
2720 2824 2838 2839 2825 
2721 2825 2839 2840 2826 
2722 2826 2840 2841 2827 
2723 2827 2841 2842 2828 
2724 2828 2842 724 723 
2725 696 697 2843 2829 
2726 2829 2843 2844 2830 
2727 2830 2844 2845 2831 
2728 2831 2845 2846 2832 
2729 2832 2846 2847 2833 
2730 2833 2847 2848 2834 
2731 2834 2848 2849 2835 
2732 2835 2849 2850 2836 
2733 2836 2850 2851 2837 
2734 2837 2851 2852 2838 
2735 2838 2852 2853 2839 
2736 2839 2853 2854 2840 
2737 2840 2854 2855 2841 
2738 2841 2855 2856 2842 
2739 2842 2856 725 724 
2740 697 698 2857 2843 
2741 2843 2857 2858 2844 
2742 2844 2858 2859 2845 
2743 2845 2859 2860 2846 
2744 2846 2860 2861 2847 
2745 2847 2861 2862 2848 
2746 2848 2862 2863 2849 
2747 2849 2863 2864 2850 
2748 2850 2864 2865 2851 
2749 2851 2865 2866 2852 
2750 2852 2866 2867 2853 
2751 2853 2867 2868 2854 
2752 2854 2868 2869 2855 
2753 2855 2869 2870 2856 
2754 2856 2870 726 725 
2755 698 699 2871 2857 
2756 2857 2871 2872 2858 
2757 2858 2872 2873 2859 
2758 2859 2873 2874 2860 
2759 2860 2874 2875 2861 
2760 2861 2875 2876 2862 
2761 2862 2876 2877 2863 
2762 2863 2877 2878 2864 
2763 2864 2878 2879 2865 
2764 2865 2879 2880 2866 
2765 2866 2880 2881 2867 
2766 2867 2881 2882 2868 
2767 2868 2882 2883 2869 
2768 2869 2883 2884 2870 
2769 2870 2884 727 726 
2770 699 700 2885 2871 
2771 2871 2885 2886 2872 
2772 2872 2886 2887 2873 
2773 2873 2887 2888 2874 
2774 2874 2888 2889 2875 
2775 2875 2889 2890 2876 
2776 2876 2890 2891 2877 
2777 2877 2891 2892 2878 
2778 2878 2892 2893 2879 
2779 2879 2893 2894 2880 
2780 2880 2894 2895 2881 
2781 2881 2895 2896 2882 
2782 2882 2896 2897 2883 
2783 2883 2897 2898 2884 
2784 2884 2898 728 727 
2785 700 701 2899 2885 
2786 2885 2899 2900 2886 
2787 2886 2900 2901 2887 
2788 2887 2901 2902 2888 
2789 2888 2902 2903 2889 
2790 2889 2903 2904 2890 
2791 2890 2904 2905 2891 
2792 2891 2905 2906 2892 
2793 2892 2906 2907 2893 
2794 2893 2907 2908 2894 
2795 2894 2908 2909 2895 
2796 2895 2909 2910 2896 
2797 2896 2910 2911 2897 
2798 2897 2911 2912 2898 
2799 2898 2912 729 728 
2800 701 702 2913 2899 
2801 2899 2913 2914 2900 
2802 2900 2914 2915 2901 
2803 2901 2915 2916 2902 
2804 2902 2916 2917 2903 
2805 2903 2917 2918 2904 
2806 2904 2918 2919 2905 
2807 2905 2919 2920 2906 
2808 2906 2920 2921 2907 
2809 2907 2921 2922 2908 
2810 2908 2922 2923 2909 
2811 2909 2923 2924 2910 
2812 2910 2924 2925 2911 
2813 2911 2925 2926 2912 
2814 2912 2926 730 729 
2815 702 703 2927 2913 
2816 2913 2927 2928 2914 
2817 2914 2928 2929 2915 
2818 2915 2929 2930 2916 
2819 2916 2930 2931 2917 
2820 2917 2931 2932 2918 
2821 2918 2932 2933 2919 
2822 2919 2933 2934 2920 
2823 2920 2934 2935 2921 
2824 2921 2935 2936 2922 
2825 2922 2936 2937 2923 
2826 2923 2937 2938 2924 
2827 2924 2938 2939 2925 
2828 2925 2939 2940 2926 
2829 2926 2940 731 730 
2830 703 704 2941 2927 
2831 2927 2941 2942 2928 
2832 2928 2942 2943 2929 
2833 2929 2943 2944 2930 
2834 2930 2944 2945 2931 
2835 2931 2945 2946 2932 
2836 2932 2946 2947 2933 
2837 2933 2947 2948 2934 
2838 2934 2948 2949 2935 
2839 2935 2949 2950 2936 
2840 2936 2950 2951 2937 
2841 2937 2951 2952 2938 
2842 2938 2952 2953 2939 
2843 2939 2953 2954 2940 
2844 2940 2954 732 731 
2845 704 705 2955 2941 
2846 2941 2955 2956 2942 
2847 2942 2956 2957 2943 
2848 2943 2957 2958 2944 
2849 2944 2958 2959 2945 
2850 2945 2959 2960 2946 
2851 2946 2960 2961 2947 
2852 2947 2961 2962 2948 
2853 2948 2962 2963 2949 
2854 2949 2963 2964 2950 
2855 2950 2964 2965 2951 
2856 2951 2965 2966 2952 
2857 2952 2966 2967 2953 
2858 2953 2967 2968 2954 
2859 2954 2968 733 732 
2860 705 706 2969 2955 
2861 2955 2969 2970 2956 
2862 2956 2970 2971 2957 
2863 2957 2971 2972 2958 
2864 2958 2972 2973 2959 
2865 2959 2973 2974 2960 
2866 2960 2974 2975 2961 
2867 2961 2975 2976 2962 
2868 2962 2976 2977 2963 
2869 2963 2977 2978 2964 
2870 2964 2978 2979 2965 
2871 2965 2979 2980 2966 
2872 2966 2980 2981 2967 
2873 2967 2981 2982 2968 
2874 2968 2982 734 733 
2875 706 707 2983 2969 
2876 2969 2983 2984 2970 
2877 2970 2984 2985 2971 
2878 2971 2985 2986 2972 
2879 2972 2986 2987 2973 
2880 2973 2987 2988 2974 
2881 2974 2988 2989 2975 
2882 2975 2989 2990 2976 
2883 2976 2990 2991 2977 
2884 2977 2991 2992 2978 
2885 2978 2992 2993 2979 
2886 2979 2993 2994 2980 
2887 2980 2994 2995 2981 
2888 2981 2995 2996 2982 
2889 2982 2996 735 734 
2890 707 708 2997 2983 
2891 2983 2997 2998 2984 
2892 2984 2998 2999 2985 
2893 2985 2999 3000 2986 
2894 2986 3000 3001 2987 
2895 2987 3001 3002 2988 
2896 2988 3002 3003 2989 
2897 2989 3003 3004 2990 
2898 2990 3004 3005 2991 
2899 2991 3005 3006 2992 
2900 2992 3006 3007 2993 
2901 2993 3007 3008 2994 
2902 2994 3008 3009 2995 
2903 2995 3009 3010 2996 
2904 2996 3010 736 735 
2905 708 709 3011 2997 
2906 2997 3011 3012 2998 
2907 2998 3012 3013 2999 
2908 2999 3013 3014 3000 
2909 3000 3014 3015 3001 
2910 3001 3015 3016 3002 
2911 3002 3016 3017 3003 
2912 3003 3017 3018 3004 
2913 3004 3018 3019 3005 
2914 3005 3019 3020 3006 
2915 3006 3020 3021 3007 
2916 3007 3021 3022 3008 
2917 3008 3022 3023 3009 
2918 3009 3023 3024 3010 
2919 3010 3024 737 736 
2920 709 710 3025 3011 
2921 3011 3025 3026 3012 
2922 3012 3026 3027 3013 
2923 3013 3027 3028 3014 
2924 3014 3028 3029 3015 
2925 3015 3029 3030 3016 
2926 3016 3030 3031 3017 
2927 3017 3031 3032 3018 
2928 3018 3032 3033 3019 
2929 3019 3033 3034 3020 
2930 3020 3034 3035 3021 
2931 3021 3035 3036 3022 
2932 3022 3036 3037 3023 
2933 3023 3037 3038 3024 
2934 3024 3038 738 737 
2935 710 711 3039 3025 
2936 3025 3039 3040 3026 
2937 3026 3040 3041 3027 
2938 3027 3041 3042 3028 
2939 3028 3042 3043 3029 
2940 3029 3043 3044 3030 
2941 3030 3044 3045 3031 
2942 3031 3045 3046 3032 
2943 3032 3046 3047 3033 
2944 3033 3047 3048 3034 
2945 3034 3048 3049 3035 
2946 3035 3049 3050 3036 
2947 3036 3050 3051 3037 
2948 3037 3051 3052 3038 
2949 3038 3052 739 738 
2950 711 712 3053 3039 
2951 3039 3053 3054 3040 
2952 3040 3054 3055 3041 
2953 3041 3055 3056 3042 
2954 3042 3056 3057 3043 
2955 3043 3057 3058 3044 
2956 3044 3058 3059 3045 
2957 3045 3059 3060 3046 
2958 3046 3060 3061 3047 
2959 3047 3061 3062 3048 
2960 3048 3062 3063 3049 
2961 3049 3063 3064 3050 
2962 3050 3064 3065 3051 
2963 3051 3065 3066 3052 
2964 3052 3066 740 739 
2965 712 713 3067 3053 
2966 3053 3067 3068 3054 
2967 3054 3068 3069 3055 
2968 3055 3069 3070 3056 
2969 3056 3070 3071 3057 
2970 3057 3071 3072 3058 
2971 3058 3072 3073 3059 
2972 3059 3073 3074 3060 
2973 3060 3074 3075 3061 
2974 3061 3075 3076 3062 
2975 3062 3076 3077 3063 
2976 3063 3077 3078 3064 
2977 3064 3078 3079 3065 
2978 3065 3079 3080 3066 
2979 3066 3080 741 740 
2980 713 714 3081 3067 
2981 3067 3081 3082 3068 
2982 3068 3082 3083 3069 
2983 3069 3083 3084 3070 
2984 3070 3084 3085 3071 
2985 3071 3085 3086 3072 
2986 3072 3086 3087 3073 
2987 3073 3087 3088 3074 
2988 3074 3088 3089 3075 
2989 3075 3089 3090 3076 
2990 3076 3090 3091 3077 
2991 3077 3091 3092 3078 
2992 3078 3092 3093 3079 
2993 3079 3093 3094 3080 
2994 3080 3094 742 741 
2995 714 25 125 3081 
2996 3081 125 126 3082 
2997 3082 126 127 3083 
2998 3083 127 128 3084 
2999 3084 128 129 3085 
3000 3085 129 130 3086 
3001 3086 130 131 3087 
3002 3087 131 132 3088 
3003 3088 132 133 3089 
3004 3089 133 134 3090 
3005 3090 134 135 3091 
3006 3091 135 136 3092 
3007 3092 136 137 3093 
3008 3093 137 138 3094 
3009 3094 138 23 742 
2 11 3 145
3010 7 715 3095 404 
3011 404 3095 3096 403 
3012 403 3096 3097 402 
3013 402 3097 3098 401 
3014 401 3098 743 8 
3015 715 716 3099 3095 
3016 3095 3099 3100 3096 
3017 3096 3100 3101 3097 
3018 3097 3101 3102 3098 
3019 3098 3102 744 743 
3020 716 717 3103 3099 
3021 3099 3103 3104 3100 
3022 3100 3104 3105 3101 
3023 3101 3105 3106 3102 
3024 3102 3106 745 744 
3025 717 718 3107 3103 
3026 3103 3107 3108 3104 
3027 3104 3108 3109 3105 
3028 3105 3109 3110 3106 
3029 3106 3110 746 745 
3030 718 719 3111 3107 
3031 3107 3111 3112 3108 
3032 3108 3112 3113 3109 
3033 3109 3113 3114 3110 
3034 3110 3114 747 746 
3035 719 720 3115 3111 
3036 3111 3115 3116 3112 
3037 3112 3116 3117 3113 
3038 3113 3117 3118 3114 
3039 3114 3118 748 747 
3040 720 721 3119 3115 
3041 3115 3119 3120 3116 
3042 3116 3120 3121 3117 
3043 3117 3121 3122 3118 
3044 3118 3122 749 748 
3045 721 722 3123 3119 
3046 3119 3123 3124 3120 
3047 3120 3124 3125 3121 
3048 3121 3125 3126 3122 
3049 3122 3126 750 749 
3050 722 723 3127 3123 
3051 3123 3127 3128 3124 
3052 3124 3128 3129 3125 
3053 3125 3129 3130 3126 
3054 3126 3130 751 750 
3055 723 724 3131 3127 
3056 3127 3131 3132 3128 
3057 3128 3132 3133 3129 
3058 3129 3133 3134 3130 
3059 3130 3134 752 751 
3060 724 725 3135 3131 
3061 3131 3135 3136 3132 
3062 3132 3136 3137 3133 
3063 3133 3137 3138 3134 
3064 3134 3138 753 752 
3065 725 726 3139 3135 
3066 3135 3139 3140 3136 
3067 3136 3140 3141 3137 
3068 3137 3141 3142 3138 
3069 3138 3142 754 753 
3070 726 727 3143 3139 
3071 3139 3143 3144 3140 
3072 3140 3144 3145 3141 
3073 3141 3145 3146 3142 
3074 3142 3146 755 754 
3075 727 728 3147 3143 
3076 3143 3147 3148 3144 
3077 3144 3148 3149 3145 
3078 3145 3149 3150 3146 
3079 3146 3150 756 755 
3080 728 729 3151 3147 
3081 3147 3151 3152 3148 
3082 3148 3152 3153 3149 
3083 3149 3153 3154 3150 
3084 3150 3154 757 756 
3085 729 730 3155 3151 
3086 3151 3155 3156 3152 
3087 3152 3156 3157 3153 
3088 3153 3157 3158 3154 
3089 3154 3158 758 757 
3090 730 731 3159 3155 
3091 3155 3159 3160 3156 
3092 3156 3160 3161 3157 
3093 3157 3161 3162 3158 
3094 3158 3162 759 758 
3095 731 732 3163 3159 
3096 3159 3163 3164 3160 
3097 3160 3164 3165 3161 
3098 3161 3165 3166 3162 
3099 3162 3166 760 759 
3100 732 733 3167 3163 
3101 3163 3167 3168 3164 
3102 3164 3168 3169 3165 
3103 3165 3169 3170 3166 
3104 3166 3170 761 760 
3105 733 734 3171 3167 
3106 3167 3171 3172 3168 
3107 3168 3172 3173 3169 
3108 3169 3173 3174 3170 
3109 3170 3174 762 761 
3110 734 735 3175 3171 
3111 3171 3175 3176 3172 
3112 3172 3176 3177 3173 
3113 3173 3177 3178 3174 
3114 3174 3178 763 762 
3115 735 736 3179 3175 
3116 3175 3179 3180 3176 
3117 3176 3180 3181 3177 
3118 3177 3181 3182 3178 
3119 3178 3182 764 763 
3120 736 737 3183 3179 
3121 3179 3183 3184 3180 
3122 3180 3184 3185 3181 
3123 3181 3185 3186 3182 
3124 3182 3186 765 764 
3125 737 738 3187 3183 
3126 3183 3187 3188 3184 
3127 3184 3188 3189 3185 
3128 3185 3189 3190 3186 
3129 3186 3190 766 765 
3130 738 739 3191 3187 
3131 3187 3191 3192 3188 
3132 3188 3192 3193 3189 
3133 3189 3193 3194 3190 
3134 3190 3194 767 766 
3135 739 740 3195 3191 
3136 3191 3195 3196 3192 
3137 3192 3196 3197 3193 
3138 3193 3197 3198 3194 
3139 3194 3198 768 767 
3140 740 741 3199 3195 
3141 3195 3199 3200 3196 
3142 3196 3200 3201 3197 
3143 3197 3201 3202 3198 
3144 3198 3202 769 768 
3145 741 742 3203 3199 
3146 3199 3203 3204 3200 
3147 3200 3204 3205 3201 
3148 3201 3205 3206 3202 
3149 3202 3206 770 769 
3150 742 23 139 3203 
3151 3203 139 140 3204 
3152 3204 140 141 3205 
3153 3205 141 142 3206 
3154 3206 142 24 770 
2 12 3 225
3155 13 589 3207 779 
3156 779 3207 3208 780 
3157 780 3208 3209 781 
3158 781 3209 3210 782 
3159 782 3210 3211 783 
3160 783 3211 3212 784 
3161 784 3212 3213 785 
3162 785 3213 3214 786 
3163 786 3214 3215 787 
3164 787 3215 3216 788 
3165 788 3216 3217 789 
3166 789 3217 3218 790 
3167 790 3218 3219 791 
3168 791 3219 3220 792 
3169 792 3220 603 16 
3170 589 590 3221 3207 
3171 3207 3221 3222 3208 
3172 3208 3222 3223 3209 
3173 3209 3223 3224 3210 
3174 3210 3224 3225 3211 
3175 3211 3225 3226 3212 
3176 3212 3226 3227 3213 
3177 3213 3227 3228 3214 
3178 3214 3228 3229 3215 
3179 3215 3229 3230 3216 
3180 3216 3230 3231 3217 
3181 3217 3231 3232 3218 
3182 3218 3232 3233 3219 
3183 3219 3233 3234 3220 
3184 3220 3234 604 603 
3185 590 591 3235 3221 
3186 3221 3235 3236 3222 
3187 3222 3236 3237 3223 
3188 3223 3237 3238 3224 
3189 3224 3238 3239 3225 
3190 3225 3239 3240 3226 
3191 3226 3240 3241 3227 
3192 3227 3241 3242 3228 
3193 3228 3242 3243 3229 
3194 3229 3243 3244 3230 
3195 3230 3244 3245 3231 
3196 3231 3245 3246 3232 
3197 3232 3246 3247 3233 
3198 3233 3247 3248 3234 
3199 3234 3248 605 604 
3200 591 592 3249 3235 
3201 3235 3249 3250 3236 
3202 3236 3250 3251 3237 
3203 3237 3251 3252 3238 
3204 3238 3252 3253 3239 
3205 3239 3253 3254 3240 
3206 3240 3254 3255 3241 
3207 3241 3255 3256 3242 
3208 3242 3256 3257 3243 
3209 3243 3257 3258 3244 
3210 3244 3258 3259 3245 
3211 3245 3259 3260 3246 
3212 3246 3260 3261 3247 
3213 3247 3261 3262 3248 
3214 3248 3262 606 605 
3215 592 593 3263 3249 
3216 3249 3263 3264 3250 
3217 3250 3264 3265 3251 
3218 3251 3265 3266 3252 
3219 3252 3266 3267 3253 
3220 3253 3267 3268 3254 
3221 3254 3268 3269 3255 
3222 3255 3269 3270 3256 
3223 3256 3270 3271 3257 
3224 3257 3271 3272 3258 
3225 3258 3272 3273 3259 
3226 3259 3273 3274 3260 
3227 3260 3274 3275 3261 
3228 3261 3275 3276 3262 
3229 3262 3276 607 606 
3230 593 594 3277 3263 
3231 3263 3277 3278 3264 
3232 3264 3278 3279 3265 
3233 3265 3279 3280 3266 
3234 3266 3280 3281 3267 
3235 3267 3281 3282 3268 
3236 3268 3282 3283 3269 
3237 3269 3283 3284 3270 
3238 3270 3284 3285 3271 
3239 3271 3285 3286 3272 
3240 3272 3286 3287 3273 
3241 3273 3287 3288 3274 
3242 3274 3288 3289 3275 
3243 3275 3289 3290 3276 
3244 3276 3290 608 607 
3245 594 595 3291 3277 
3246 3277 3291 3292 3278 
3247 3278 3292 3293 3279 
3248 3279 3293 3294 3280 
3249 3280 3294 3295 3281 
3250 3281 3295 3296 3282 
3251 3282 3296 3297 3283 
3252 3283 3297 3298 3284 
3253 3284 3298 3299 3285 
3254 3285 3299 3300 3286 
3255 3286 3300 3301 3287 
3256 3287 3301 3302 3288 
3257 3288 3302 3303 3289 
3258 3289 3303 3304 3290 
3259 3290 3304 609 608 
3260 595 596 3305 3291 
3261 3291 3305 3306 3292 
3262 3292 3306 3307 3293 
3263 3293 3307 3308 3294 
3264 3294 3308 3309 3295 
3265 3295 3309 3310 3296 
3266 3296 3310 3311 3297 
3267 3297 3311 3312 3298 
3268 3298 3312 3313 3299 
3269 3299 3313 3314 3300 
3270 3300 3314 3315 3301 
3271 3301 3315 3316 3302 
3272 3302 3316 3317 3303 
3273 3303 3317 3318 3304 
3274 3304 3318 610 609 
3275 596 597 3319 3305 
3276 3305 3319 3320 3306 
3277 3306 3320 3321 3307 
3278 3307 3321 3322 3308 
3279 3308 3322 3323 3309 
3280 3309 3323 3324 3310 
3281 3310 3324 3325 3311 
3282 3311 3325 3326 3312 
3283 3312 3326 3327 3313 
3284 3313 3327 3328 3314 
3285 3314 3328 3329 3315 
3286 3315 3329 3330 3316 
3287 3316 3330 3331 3317 
3288 3317 3331 3332 3318 
3289 3318 3332 611 610 
3290 597 598 3333 3319 
3291 3319 3333 3334 3320 
3292 3320 3334 3335 3321 
3293 3321 3335 3336 3322 
3294 3322 3336 3337 3323 
3295 3323 3337 3338 3324 
3296 3324 3338 3339 3325 
3297 3325 3339 3340 3326 
3298 3326 3340 3341 3327 
3299 3327 3341 3342 3328 
3300 3328 3342 3343 3329 
3301 3329 3343 3344 3330 
3302 3330 3344 3345 3331 
3303 3331 3345 3346 3332 
3304 3332 3346 612 611 
3305 598 599 3347 3333 
3306 3333 3347 3348 3334 
3307 3334 3348 3349 3335 
3308 3335 3349 3350 3336 
3309 3336 3350 3351 3337 
3310 3337 3351 3352 3338 
3311 3338 3352 3353 3339 
3312 3339 3353 3354 3340 
3313 3340 3354 3355 3341 
3314 3341 3355 3356 3342 
3315 3342 3356 3357 3343 
3316 3343 3357 3358 3344 
3317 3344 3358 3359 3345 
3318 3345 3359 3360 3346 
3319 3346 3360 613 612 
3320 599 600 3361 3347 
3321 3347 3361 3362 3348 
3322 3348 3362 3363 3349 
3323 3349 3363 3364 3350 
3324 3350 3364 3365 3351 
3325 3351 3365 3366 3352 
3326 3352 3366 3367 3353 
3327 3353 3367 3368 3354 
3328 3354 3368 3369 3355 
3329 3355 3369 3370 3356 
3330 3356 3370 3371 3357 
3331 3357 3371 3372 3358 
3332 3358 3372 3373 3359 
3333 3359 3373 3374 3360 
3334 3360 3374 614 613 
3335 600 601 3375 3361 
3336 3361 3375 3376 3362 
3337 3362 3376 3377 3363 
3338 3363 3377 3378 3364 
3339 3364 3378 3379 3365 
3340 3365 3379 3380 3366 
3341 3366 3380 3381 3367 
3342 3367 3381 3382 3368 
3343 3368 3382 3383 3369 
3344 3369 3383 3384 3370 
3345 3370 3384 3385 3371 
3346 3371 3385 3386 3372 
3347 3372 3386 3387 3373 
3348 3373 3387 3388 3374 
3349 3374 3388 615 614 
3350 601 602 3389 3375 
3351 3375 3389 3390 3376 
3352 3376 3390 3391 3377 
3353 3377 3391 3392 3378 
3354 3378 3392 3393 3379 
3355 3379 3393 3394 3380 
3356 3380 3394 3395 3381 
3357 3381 3395 3396 3382 
3358 3382 3396 3397 3383 
3359 3383 3397 3398 3384 
3360 3384 3398 3399 3385 
3361 3385 3399 3400 3386 
3362 3386 3400 3401 3387 
3363 3387 3401 3402 3388 
3364 3388 3402 616 615 
3365 602 9 321 3389 
3366 3389 321 322 3390 
3367 3390 322 323 3391 
3368 3391 323 324 3392 
3369 3392 324 325 3393 
3370 3393 325 326 3394 
3371 3394 326 327 3395 
3372 3395 327 328 3396 
3373 3396 328 329 3397 
3374 3397 329 330 3398 
3375 3398 330 331 3399 
3376 3399 331 332 3400 
3377 3400 332 333 3401 
3378 3401 333 334 3402 
3379 3402 334 12 616 
2 13 3 225
3380 28 509 3403 353 
3381 509 510 3404 3403 
3382 510 511 3405 3404 
3383 511 512 3406 3405 
3384 512 513 3407 3406 
3385 513 514 3408 3407 
3386 514 515 3409 3408 
3387 515 516 3410 3409 
3388 516 517 3411 3410 
3389 517 518 3412 3411 
3390 518 519 3413 3412 
3391 519 520 3414 3413 
3392 520 521 3415 3414 
3393 521 522 3416 3415 
3394 522 16 603 3416 
3395 353 3403 3417 354 
3396 3403 3404 3418 3417 
3397 3404 3405 3419 3418 
3398 3405 3406 3420 3419 
3399 3406 3407 3421 3420 
3400 3407 3408 3422 3421 
3401 3408 3409 3423 3422 
3402 3409 3410 3424 3423 
3403 3410 3411 3425 3424 
3404 3411 3412 3426 3425 
3405 3412 3413 3427 3426 
3406 3413 3414 3428 3427 
3407 3414 3415 3429 3428 
3408 3415 3416 3430 3429 
3409 3416 603 604 3430 
3410 354 3417 3431 355 
3411 3417 3418 3432 3431 
3412 3418 3419 3433 3432 
3413 3419 3420 3434 3433 
3414 3420 3421 3435 3434 
3415 3421 3422 3436 3435 
3416 3422 3423 3437 3436 
3417 3423 3424 3438 3437 
3418 3424 3425 3439 3438 
3419 3425 3426 3440 3439 
3420 3426 3427 3441 3440 
3421 3427 3428 3442 3441 
3422 3428 3429 3443 3442 
3423 3429 3430 3444 3443 
3424 3430 604 605 3444 
3425 355 3431 3445 356 
3426 3431 3432 3446 3445 
3427 3432 3433 3447 3446 
3428 3433 3434 3448 3447 
3429 3434 3435 3449 3448 
3430 3435 3436 3450 3449 
3431 3436 3437 3451 3450 
3432 3437 3438 3452 3451 
3433 3438 3439 3453 3452 
3434 3439 3440 3454 3453 
3435 3440 3441 3455 3454 
3436 3441 3442 3456 3455 
3437 3442 3443 3457 3456 
3438 3443 3444 3458 3457 
3439 3444 605 606 3458 
3440 356 3445 3459 357 
3441 3445 3446 3460 3459 
3442 3446 3447 3461 3460 
3443 3447 3448 3462 3461 
3444 3448 3449 3463 3462 
3445 3449 3450 3464 3463 
3446 3450 3451 3465 3464 
3447 3451 3452 3466 3465 
3448 3452 3453 3467 3466 
3449 3453 3454 3468 3467 
3450 3454 3455 3469 3468 
3451 3455 3456 3470 3469 
3452 3456 3457 3471 3470 
3453 3457 3458 3472 3471 
3454 3458 606 607 3472 
3455 357 3459 3473 358 
3456 3459 3460 3474 3473 
3457 3460 3461 3475 3474 
3458 3461 3462 3476 3475 
3459 3462 3463 3477 3476 
3460 3463 3464 3478 3477 
3461 3464 3465 3479 3478 
3462 3465 3466 3480 3479 
3463 3466 3467 3481 3480 
3464 3467 3468 3482 3481 
3465 3468 3469 3483 3482 
3466 3469 3470 3484 3483 
3467 3470 3471 3485 3484 
3468 3471 3472 3486 3485 
3469 3472 607 608 3486 
3470 358 3473 3487 359 
3471 3473 3474 3488 3487 
3472 3474 3475 3489 3488 
3473 3475 3476 3490 3489 
3474 3476 3477 3491 3490 
3475 3477 3478 3492 3491 
3476 3478 3479 3493 3492 
3477 3479 3480 3494 3493 
3478 3480 3481 3495 3494 
3479 3481 3482 3496 3495 
3480 3482 3483 3497 3496 
3481 3483 3484 3498 3497 
3482 3484 3485 3499 3498 
3483 3485 3486 3500 3499 
3484 3486 608 609 3500 
3485 359 3487 3501 360 
3486 3487 3488 3502 3501 
3487 3488 3489 3503 3502 
3488 3489 3490 3504 3503 
3489 3490 3491 3505 3504 
3490 3491 3492 3506 3505 
3491 3492 3493 3507 3506 
3492 3493 3494 3508 3507 
3493 3494 3495 3509 3508 
3494 3495 3496 3510 3509 
3495 3496 3497 3511 3510 
3496 3497 3498 3512 3511 
3497 3498 3499 3513 3512 
3498 3499 3500 3514 3513 
3499 3500 609 610 3514 
3500 360 3501 3515 361 
3501 3501 3502 3516 3515 
3502 3502 3503 3517 3516 
3503 3503 3504 3518 3517 
3504 3504 3505 3519 3518 
3505 3505 3506 3520 3519 
3506 3506 3507 3521 3520 
3507 3507 3508 3522 3521 
3508 3508 3509 3523 3522 
3509 3509 3510 3524 3523 
3510 3510 3511 3525 3524 
3511 3511 3512 3526 3525 
3512 3512 3513 3527 3526 
3513 3513 3514 3528 3527 
3514 3514 610 611 3528 
3515 361 3515 3529 362 
3516 3515 3516 3530 3529 
3517 3516 3517 3531 3530 
3518 3517 3518 3532 3531 
3519 3518 3519 3533 3532 
3520 3519 3520 3534 3533 
3521 3520 3521 3535 3534 
3522 3521 3522 3536 3535 
3523 3522 3523 3537 3536 
3524 3523 3524 3538 3537 
3525 3524 3525 3539 3538 
3526 3525 3526 3540 3539 
3527 3526 3527 3541 3540 
3528 3527 3528 3542 3541 
3529 3528 611 612 3542 
3530 362 3529 3543 363 
3531 3529 3530 3544 3543 
3532 3530 3531 3545 3544 
3533 3531 3532 3546 3545 
3534 3532 3533 3547 3546 
3535 3533 3534 3548 3547 
3536 3534 3535 3549 3548 
3537 3535 3536 3550 3549 
3538 3536 3537 3551 3550 
3539 3537 3538 3552 3551 
3540 3538 3539 3553 3552 
3541 3539 3540 3554 3553 
3542 3540 3541 3555 3554 
3543 3541 3542 3556 3555 
3544 3542 612 613 3556 
3545 363 3543 3557 364 
3546 3543 3544 3558 3557 
3547 3544 3545 3559 3558 
3548 3545 3546 3560 3559 
3549 3546 3547 3561 3560 
3550 3547 3548 3562 3561 
3551 3548 3549 3563 3562 
3552 3549 3550 3564 3563 
3553 3550 3551 3565 3564 
3554 3551 3552 3566 3565 
3555 3552 3553 3567 3566 
3556 3553 3554 3568 3567 
3557 3554 3555 3569 3568 
3558 3555 3556 3570 3569 
3559 3556 613 614 3570 
3560 364 3557 3571 365 
3561 3557 3558 3572 3571 
3562 3558 3559 3573 3572 
3563 3559 3560 3574 3573 
3564 3560 3561 3575 3574 
3565 3561 3562 3576 3575 
3566 3562 3563 3577 3576 
3567 3563 3564 3578 3577 
3568 3564 3565 3579 3578 
3569 3565 3566 3580 3579 
3570 3566 3567 3581 3580 
3571 3567 3568 3582 3581 
3572 3568 3569 3583 3582 
3573 3569 3570 3584 3583 
3574 3570 614 615 3584 
3575 365 3571 3585 366 
3576 3571 3572 3586 3585 
3577 3572 3573 3587 3586 
3578 3573 3574 3588 3587 
3579 3574 3575 3589 3588 
3580 3575 3576 3590 3589 
3581 3576 3577 3591 3590 
3582 3577 3578 3592 3591 
3583 3578 3579 3593 3592 
3584 3579 3580 3594 3593 
3585 3580 3581 3595 3594 
3586 3581 3582 3596 3595 
3587 3582 3583 3597 3596 
3588 3583 3584 3598 3597 
3589 3584 615 616 3598 
3590 366 3585 348 5 
3591 3585 3586 347 348 
3592 3586 3587 346 347 
3593 3587 3588 345 346 
3594 3588 3589 344 345 
3595 3589 3590 343 344 
3596 3590 3591 342 343 
3597 3591 3592 341 342 
3598 3592 3593 340 341 
3599 3593 3594 339 340 
3600 3594 3595 338 339 
3601 3595 3596 337 338 
3602 3596 3597 336 337 
3603 3597 3598 335 336 
3604 3598 616 12 335 
2 14 3 525
3605 28 367 3599 509 
3606 509 3599 3600 510 
3607 510 3600 3601 511 
3608 511 3601 3602 512 
3609 512 3602 3603 513 
3610 513 3603 3604 514 
3611 514 3604 3605 515 
3612 515 3605 3606 516 
3613 516 3606 3607 517 
3614 517 3607 3608 518 
3615 518 3608 3609 519 
3616 519 3609 3610 520 
3617 520 3610 3611 521 
3618 521 3611 3612 522 
3619 522 3612 793 16 
3620 367 368 3613 3599 
3621 3599 3613 3614 3600 
3622 3600 3614 3615 3601 
3623 3601 3615 3616 3602 
3624 3602 3616 3617 3603 
3625 3603 3617 3618 3604 
3626 3604 3618 3619 3605 
3627 3605 3619 3620 3606 
3628 3606 3620 3621 3607 
3629 3607 3621 3622 3608 
3630 3608 3622 3623 3609 
3631 3609 3623 3624 3610 
3632 3610 3624 3625 3611 
3633 3611 3625 3626 3612 
3634 3612 3626 794 793 
3635 368 369 3627 3613 
3636 3613 3627 3628 3614 
3637 3614 3628 3629 3615 
3638 3615 3629 3630 3616 
3639 3616 3630 3631 3617 
3640 3617 3631 3632 3618 
3641 3618 3632 3633 3619 
3642 3619 3633 3634 3620 
3643 3620 3634 3635 3621 
3644 3621 3635 3636 3622 
3645 3622 3636 3637 3623 
3646 3623 3637 3638 3624 
3647 3624 3638 3639 3625 
3648 3625 3639 3640 3626 
3649 3626 3640 795 794 
3650 369 370 3641 3627 
3651 3627 3641 3642 3628 
3652 3628 3642 3643 3629 
3653 3629 3643 3644 3630 
3654 3630 3644 3645 3631 
3655 3631 3645 3646 3632 
3656 3632 3646 3647 3633 
3657 3633 3647 3648 3634 
3658 3634 3648 3649 3635 
3659 3635 3649 3650 3636 
3660 3636 3650 3651 3637 
3661 3637 3651 3652 3638 
3662 3638 3652 3653 3639 
3663 3639 3653 3654 3640 
3664 3640 3654 796 795 
3665 370 371 3655 3641 
3666 3641 3655 3656 3642 
3667 3642 3656 3657 3643 
3668 3643 3657 3658 3644 
3669 3644 3658 3659 3645 
3670 3645 3659 3660 3646 
3671 3646 3660 3661 3647 
3672 3647 3661 3662 3648 
3673 3648 3662 3663 3649 
3674 3649 3663 3664 3650 
3675 3650 3664 3665 3651 
3676 3651 3665 3666 3652 
3677 3652 3666 3667 3653 
3678 3653 3667 3668 3654 
3679 3654 3668 797 796 
3680 371 372 3669 3655 
3681 3655 3669 3670 3656 
3682 3656 3670 3671 3657 
3683 3657 3671 3672 3658 
3684 3658 3672 3673 3659 
3685 3659 3673 3674 3660 
3686 3660 3674 3675 3661 
3687 3661 3675 3676 3662 
3688 3662 3676 3677 3663 
3689 3663 3677 3678 3664 
3690 3664 3678 3679 3665 
3691 3665 3679 3680 3666 
3692 3666 3680 3681 3667 
3693 3667 3681 3682 3668 
3694 3668 3682 798 797 
3695 372 373 3683 3669 
3696 3669 3683 3684 3670 
3697 3670 3684 3685 3671 
3698 3671 3685 3686 3672 
3699 3672 3686 3687 3673 
3700 3673 3687 3688 3674 
3701 3674 3688 3689 3675 
3702 3675 3689 3690 3676 
3703 3676 3690 3691 3677 
3704 3677 3691 3692 3678 
3705 3678 3692 3693 3679 
3706 3679 3693 3694 3680 
3707 3680 3694 3695 3681 
3708 3681 3695 3696 3682 
3709 3682 3696 799 798 
3710 373 374 3697 3683 
3711 3683 3697 3698 3684 
3712 3684 3698 3699 3685 
3713 3685 3699 3700 3686 
3714 3686 3700 3701 3687 
3715 3687 3701 3702 3688 
3716 3688 3702 3703 3689 
3717 3689 3703 3704 3690 
3718 3690 3704 3705 3691 
3719 3691 3705 3706 3692 
3720 3692 3706 3707 3693 
3721 3693 3707 3708 3694 
3722 3694 3708 3709 3695 
3723 3695 3709 3710 3696 
3724 3696 3710 800 799 
3725 374 375 3711 3697 
3726 3697 3711 3712 3698 
3727 3698 3712 3713 3699 
3728 3699 3713 3714 3700 
3729 3700 3714 3715 3701 
3730 3701 3715 3716 3702 
3731 3702 3716 3717 3703 
3732 3703 3717 3718 3704 
3733 3704 3718 3719 3705 
3734 3705 3719 3720 3706 
3735 3706 3720 3721 3707 
3736 3707 3721 3722 3708 
3737 3708 3722 3723 3709 
3738 3709 3723 3724 3710 
3739 3710 3724 801 800 
3740 375 376 3725 3711 
3741 3711 3725 3726 3712 
3742 3712 3726 3727 3713 
3743 3713 3727 3728 3714 
3744 3714 3728 3729 3715 
3745 3715 3729 3730 3716 
3746 3716 3730 3731 3717 
3747 3717 3731 3732 3718 
3748 3718 3732 3733 3719 
3749 3719 3733 3734 3720 
3750 3720 3734 3735 3721 
3751 3721 3735 3736 3722 
3752 3722 3736 3737 3723 
3753 3723 3737 3738 3724 
3754 3724 3738 802 801 
3755 376 377 3739 3725 
3756 3725 3739 3740 3726 
3757 3726 3740 3741 3727 
3758 3727 3741 3742 3728 
3759 3728 3742 3743 3729 
3760 3729 3743 3744 3730 
3761 3730 3744 3745 3731 
3762 3731 3745 3746 3732 
3763 3732 3746 3747 3733 
3764 3733 3747 3748 3734 
3765 3734 3748 3749 3735 
3766 3735 3749 3750 3736 
3767 3736 3750 3751 3737 
3768 3737 3751 3752 3738 
3769 3738 3752 803 802 
3770 377 378 3753 3739 
3771 3739 3753 3754 3740 
3772 3740 3754 3755 3741 
3773 3741 3755 3756 3742 
3774 3742 3756 3757 3743 
3775 3743 3757 3758 3744 
3776 3744 3758 3759 3745 
3777 3745 3759 3760 3746 
3778 3746 3760 3761 3747 
3779 3747 3761 3762 3748 
3780 3748 3762 3763 3749 
3781 3749 3763 3764 3750 
3782 3750 3764 3765 3751 
3783 3751 3765 3766 3752 
3784 3752 3766 804 803 
3785 378 379 3767 3753 
3786 3753 3767 3768 3754 
3787 3754 3768 3769 3755 
3788 3755 3769 3770 3756 
3789 3756 3770 3771 3757 
3790 3757 3771 3772 3758 
3791 3758 3772 3773 3759 
3792 3759 3773 3774 3760 
3793 3760 3774 3775 3761 
3794 3761 3775 3776 3762 
3795 3762 3776 3777 3763 
3796 3763 3777 3778 3764 
3797 3764 3778 3779 3765 
3798 3765 3779 3780 3766 
3799 3766 3780 805 804 
3800 379 380 3781 3767 
3801 3767 3781 3782 3768 
3802 3768 3782 3783 3769 
3803 3769 3783 3784 3770 
3804 3770 3784 3785 3771 
3805 3771 3785 3786 3772 
3806 3772 3786 3787 3773 
3807 3773 3787 3788 3774 
3808 3774 3788 3789 3775 
3809 3775 3789 3790 3776 
3810 3776 3790 3791 3777 
3811 3777 3791 3792 3778 
3812 3778 3792 3793 3779 
3813 3779 3793 3794 3780 
3814 3780 3794 806 805 
3815 380 381 3795 3781 
3816 3781 3795 3796 3782 
3817 3782 3796 3797 3783 
3818 3783 3797 3798 3784 
3819 3784 3798 3799 3785 
3820 3785 3799 3800 3786 
3821 3786 3800 3801 3787 
3822 3787 3801 3802 3788 
3823 3788 3802 3803 3789 
3824 3789 3803 3804 3790 
3825 3790 3804 3805 3791 
3826 3791 3805 3806 3792 
3827 3792 3806 3807 3793 
3828 3793 3807 3808 3794 
3829 3794 3808 807 806 
3830 381 382 3809 3795 
3831 3795 3809 3810 3796 
3832 3796 3810 3811 3797 
3833 3797 3811 3812 3798 
3834 3798 3812 3813 3799 
3835 3799 3813 3814 3800 
3836 3800 3814 3815 3801 
3837 3801 3815 3816 3802 
3838 3802 3816 3817 3803 
3839 3803 3817 3818 3804 
3840 3804 3818 3819 3805 
3841 3805 3819 3820 3806 
3842 3806 3820 3821 3807 
3843 3807 3821 3822 3808 
3844 3808 3822 808 807 
3845 382 383 3823 3809 
3846 3809 3823 3824 3810 
3847 3810 3824 3825 3811 
3848 3811 3825 3826 3812 
3849 3812 3826 3827 3813 
3850 3813 3827 3828 3814 
3851 3814 3828 3829 3815 
3852 3815 3829 3830 3816 
3853 3816 3830 3831 3817 
3854 3817 3831 3832 3818 
3855 3818 3832 3833 3819 
3856 3819 3833 3834 3820 
3857 3820 3834 3835 3821 
3858 3821 3835 3836 3822 
3859 3822 3836 809 808 
3860 383 384 3837 3823 
3861 3823 3837 3838 3824 
3862 3824 3838 3839 3825 
3863 3825 3839 3840 3826 
3864 3826 3840 3841 3827 
3865 3827 3841 3842 3828 
3866 3828 3842 3843 3829 
3867 3829 3843 3844 3830 
3868 3830 3844 3845 3831 
3869 3831 3845 3846 3832 
3870 3832 3846 3847 3833 
3871 3833 3847 3848 3834 
3872 3834 3848 3849 3835 
3873 3835 3849 3850 3836 
3874 3836 3850 810 809 
3875 384 385 3851 3837 
3876 3837 3851 3852 3838 
3877 3838 3852 3853 3839 
3878 3839 3853 3854 3840 
3879 3840 3854 3855 3841 
3880 3841 3855 3856 3842 
3881 3842 3856 3857 3843 
3882 3843 3857 3858 3844 
3883 3844 3858 3859 3845 
3884 3845 3859 3860 3846 
3885 3846 3860 3861 3847 
3886 3847 3861 3862 3848 
3887 3848 3862 3863 3849 
3888 3849 3863 3864 3850 
3889 3850 3864 811 810 
3890 385 386 3865 3851 
3891 3851 3865 3866 3852 
3892 3852 3866 3867 3853 
3893 3853 3867 3868 3854 
3894 3854 3868 3869 3855 
3895 3855 3869 3870 3856 
3896 3856 3870 3871 3857 
3897 3857 3871 3872 3858 
3898 3858 3872 3873 3859 
3899 3859 3873 3874 3860 
3900 3860 3874 3875 3861 
3901 3861 3875 3876 3862 
3902 3862 3876 3877 3863 
3903 3863 3877 3878 3864 
3904 3864 3878 812 811 
3905 386 387 3879 3865 
3906 3865 3879 3880 3866 
3907 3866 3880 3881 3867 
3908 3867 3881 3882 3868 
3909 3868 3882 3883 3869 
3910 3869 3883 3884 3870 
3911 3870 3884 3885 3871 
3912 3871 3885 3886 3872 
3913 3872 3886 3887 3873 
3914 3873 3887 3888 3874 
3915 3874 3888 3889 3875 
3916 3875 3889 3890 3876 
3917 3876 3890 3891 3877 
3918 3877 3891 3892 3878 
3919 3878 3892 813 812 
3920 387 388 3893 3879 
3921 3879 3893 3894 3880 
3922 3880 3894 3895 3881 
3923 3881 3895 3896 3882 
3924 3882 3896 3897 3883 
3925 3883 3897 3898 3884 
3926 3884 3898 3899 3885 
3927 3885 3899 3900 3886 
3928 3886 3900 3901 3887 
3929 3887 3901 3902 3888 
3930 3888 3902 3903 3889 
3931 3889 3903 3904 3890 
3932 3890 3904 3905 3891 
3933 3891 3905 3906 3892 
3934 3892 3906 814 813 
3935 388 389 3907 3893 
3936 3893 3907 3908 3894 
3937 3894 3908 3909 3895 
3938 3895 3909 3910 3896 
3939 3896 3910 3911 3897 
3940 3897 3911 3912 3898 
3941 3898 3912 3913 3899 
3942 3899 3913 3914 3900 
3943 3900 3914 3915 3901 
3944 3901 3915 3916 3902 
3945 3902 3916 3917 3903 
3946 3903 3917 3918 3904 
3947 3904 3918 3919 3905 
3948 3905 3919 3920 3906 
3949 3906 3920 815 814 
3950 389 390 3921 3907 
3951 3907 3921 3922 3908 
3952 3908 3922 3923 3909 
3953 3909 3923 3924 3910 
3954 3910 3924 3925 3911 
3955 3911 3925 3926 3912 
3956 3912 3926 3927 3913 
3957 3913 3927 3928 3914 
3958 3914 3928 3929 3915 
3959 3915 3929 3930 3916 
3960 3916 3930 3931 3917 
3961 3917 3931 3932 3918 
3962 3918 3932 3933 3919 
3963 3919 3933 3934 3920 
3964 3920 3934 816 815 
3965 390 391 3935 3921 
3966 3921 3935 3936 3922 
3967 3922 3936 3937 3923 
3968 3923 3937 3938 3924 
3969 3924 3938 3939 3925 
3970 3925 3939 3940 3926 
3971 3926 3940 3941 3927 
3972 3927 3941 3942 3928 
3973 3928 3942 3943 3929 
3974 3929 3943 3944 3930 
3975 3930 3944 3945 3931 
3976 3931 3945 3946 3932 
3977 3932 3946 3947 3933 
3978 3933 3947 3948 3934 
3979 3934 3948 817 816 
3980 391 392 3949 3935 
3981 3935 3949 3950 3936 
3982 3936 3950 3951 3937 
3983 3937 3951 3952 3938 
3984 3938 3952 3953 3939 
3985 3939 3953 3954 3940 
3986 3940 3954 3955 3941 
3987 3941 3955 3956 3942 
3988 3942 3956 3957 3943 
3989 3943 3957 3958 3944 
3990 3944 3958 3959 3945 
3991 3945 3959 3960 3946 
3992 3946 3960 3961 3947 
3993 3947 3961 3962 3948 
3994 3948 3962 818 817 
3995 392 393 3963 3949 
3996 3949 3963 3964 3950 
3997 3950 3964 3965 3951 
3998 3951 3965 3966 3952 
3999 3952 3966 3967 3953 
4000 3953 3967 3968 3954 
4001 3954 3968 3969 3955 
4002 3955 3969 3970 3956 
4003 3956 3970 3971 3957 
4004 3957 3971 3972 3958 
4005 3958 3972 3973 3959 
4006 3959 3973 3974 3960 
4007 3960 3974 3975 3961 
4008 3961 3975 3976 3962 
4009 3962 3976 819 818 
4010 393 394 3977 3963 
4011 3963 3977 3978 3964 
4012 3964 3978 3979 3965 
4013 3965 3979 3980 3966 
4014 3966 3980 3981 3967 
4015 3967 3981 3982 3968 
4016 3968 3982 3983 3969 
4017 3969 3983 3984 3970 
4018 3970 3984 3985 3971 
4019 3971 3985 3986 3972 
4020 3972 3986 3987 3973 
4021 3973 3987 3988 3974 
4022 3974 3988 3989 3975 
4023 3975 3989 3990 3976 
4024 3976 3990 820 819 
4025 394 395 3991 3977 
4026 3977 3991 3992 3978 
4027 3978 3992 3993 3979 
4028 3979 3993 3994 3980 
4029 3980 3994 3995 3981 
4030 3981 3995 3996 3982 
4031 3982 3996 3997 3983 
4032 3983 3997 3998 3984 
4033 3984 3998 3999 3985 
4034 3985 3999 4000 3986 
4035 3986 4000 4001 3987 
4036 3987 4001 4002 3988 
4037 3988 4002 4003 3989 
4038 3989 4003 4004 3990 
4039 3990 4004 821 820 
4040 395 396 4005 3991 
4041 3991 4005 4006 3992 
4042 3992 4006 4007 3993 
4043 3993 4007 4008 3994 
4044 3994 4008 4009 3995 
4045 3995 4009 4010 3996 
4046 3996 4010 4011 3997 
4047 3997 4011 4012 3998 
4048 3998 4012 4013 3999 
4049 3999 4013 4014 4000 
4050 4000 4014 4015 4001 
4051 4001 4015 4016 4002 
4052 4002 4016 4017 4003 
4053 4003 4017 4018 4004 
4054 4004 4018 822 821 
4055 396 397 4019 4005 
4056 4005 4019 4020 4006 
4057 4006 4020 4021 4007 
4058 4007 4021 4022 4008 
4059 4008 4022 4023 4009 
4060 4009 4023 4024 4010 
4061 4010 4024 4025 4011 
4062 4011 4025 4026 4012 
4063 4012 4026 4027 4013 
4064 4013 4027 4028 4014 
4065 4014 4028 4029 4015 
4066 4015 4029 4030 4016 
4067 4016 4030 4031 4017 
4068 4017 4031 4032 4018 
4069 4018 4032 823 822 
4070 397 398 4033 4019 
4071 4019 4033 4034 4020 
4072 4020 4034 4035 4021 
4073 4021 4035 4036 4022 
4074 4022 4036 4037 4023 
4075 4023 4037 4038 4024 
4076 4024 4038 4039 4025 
4077 4025 4039 4040 4026 
4078 4026 4040 4041 4027 
4079 4027 4041 4042 4028 
4080 4028 4042 4043 4029 
4081 4029 4043 4044 4030 
4082 4030 4044 4045 4031 
4083 4031 4045 4046 4032 
4084 4032 4046 824 823 
4085 398 399 4047 4033 
4086 4033 4047 4048 4034 
4087 4034 4048 4049 4035 
4088 4035 4049 4050 4036 
4089 4036 4050 4051 4037 
4090 4037 4051 4052 4038 
4091 4038 4052 4053 4039 
4092 4039 4053 4054 4040 
4093 4040 4054 4055 4041 
4094 4041 4055 4056 4042 
4095 4042 4056 4057 4043 
4096 4043 4057 4058 4044 
4097 4044 4058 4059 4045 
4098 4045 4059 4060 4046 
4099 4046 4060 825 824 
4100 399 400 4061 4047 
4101 4047 4061 4062 4048 
4102 4048 4062 4063 4049 
4103 4049 4063 4064 4050 
4104 4050 4064 4065 4051 
4105 4051 4065 4066 4052 
4106 4052 4066 4067 4053 
4107 4053 4067 4068 4054 
4108 4054 4068 4069 4055 
4109 4055 4069 4070 4056 
4110 4056 4070 4071 4057 
4111 4057 4071 4072 4058 
4112 4058 4072 4073 4059 
4113 4059 4073 4074 4060 
4114 4060 4074 826 825 
4115 400 8 553 4061 
4116 4061 553 554 4062 
4117 4062 554 555 4063 
4118 4063 555 556 4064 
4119 4064 556 557 4065 
4120 4065 557 558 4066 
4121 4066 558 559 4067 
4122 4067 559 560 4068 
4123 4068 560 561 4069 
4124 4069 561 562 4070 
4125 4070 562 563 4071 
4126 4071 563 564 4072 
4127 4072 564 565 4073 
4128 4073 565 566 4074 
4129 4074 566 18 826 
2 15 3 435
4130 8 743 4075 553 
4131 553 4075 4076 554 
4132 554 4076 4077 555 
4133 555 4077 4078 556 
4134 556 4078 4079 557 
4135 557 4079 4080 558 
4136 558 4080 4081 559 
4137 559 4081 4082 560 
4138 560 4082 4083 561 
4139 561 4083 4084 562 
4140 562 4084 4085 563 
4141 563 4085 4086 564 
4142 564 4086 4087 565 
4143 565 4087 4088 566 
4144 566 4088 827 18 
4145 743 744 4089 4075 
4146 4075 4089 4090 4076 
4147 4076 4090 4091 4077 
4148 4077 4091 4092 4078 
4149 4078 4092 4093 4079 
4150 4079 4093 4094 4080 
4151 4080 4094 4095 4081 
4152 4081 4095 4096 4082 
4153 4082 4096 4097 4083 
4154 4083 4097 4098 4084 
4155 4084 4098 4099 4085 
4156 4085 4099 4100 4086 
4157 4086 4100 4101 4087 
4158 4087 4101 4102 4088 
4159 4088 4102 828 827 
4160 744 745 4103 4089 
4161 4089 4103 4104 4090 
4162 4090 4104 4105 4091 
4163 4091 4105 4106 4092 
4164 4092 4106 4107 4093 
4165 4093 4107 4108 4094 
4166 4094 4108 4109 4095 
4167 4095 4109 4110 4096 
4168 4096 4110 4111 4097 
4169 4097 4111 4112 4098 
4170 4098 4112 4113 4099 
4171 4099 4113 4114 4100 
4172 4100 4114 4115 4101 
4173 4101 4115 4116 4102 
4174 4102 4116 829 828 
4175 745 746 4117 4103 
4176 4103 4117 4118 4104 
4177 4104 4118 4119 4105 
4178 4105 4119 4120 4106 
4179 4106 4120 4121 4107 
4180 4107 4121 4122 4108 
4181 4108 4122 4123 4109 
4182 4109 4123 4124 4110 
4183 4110 4124 4125 4111 
4184 4111 4125 4126 4112 
4185 4112 4126 4127 4113 
4186 4113 4127 4128 4114 
4187 4114 4128 4129 4115 
4188 4115 4129 4130 4116 
4189 4116 4130 830 829 
4190 746 747 4131 4117 
4191 4117 4131 4132 4118 
4192 4118 4132 4133 4119 
4193 4119 4133 4134 4120 
4194 4120 4134 4135 4121 
4195 4121 4135 4136 4122 
4196 4122 4136 4137 4123 
4197 4123 4137 4138 4124 
4198 4124 4138 4139 4125 
4199 4125 4139 4140 4126 
4200 4126 4140 4141 4127 
4201 4127 4141 4142 4128 
4202 4128 4142 4143 4129 
4203 4129 4143 4144 4130 
4204 4130 4144 831 830 
4205 747 748 4145 4131 
4206 4131 4145 4146 4132 
4207 4132 4146 4147 4133 
4208 4133 4147 4148 4134 
4209 4134 4148 4149 4135 
4210 4135 4149 4150 4136 
4211 4136 4150 4151 4137 
4212 4137 4151 4152 4138 
4213 4138 4152 4153 4139 
4214 4139 4153 4154 4140 
4215 4140 4154 4155 4141 
4216 4141 4155 4156 4142 
4217 4142 4156 4157 4143 
4218 4143 4157 4158 4144 
4219 4144 4158 832 831 
4220 748 749 4159 4145 
4221 4145 4159 4160 4146 
4222 4146 4160 4161 4147 
4223 4147 4161 4162 4148 
4224 4148 4162 4163 4149 
4225 4149 4163 4164 4150 
4226 4150 4164 4165 4151 
4227 4151 4165 4166 4152 
4228 4152 4166 4167 4153 
4229 4153 4167 4168 4154 
4230 4154 4168 4169 4155 
4231 4155 4169 4170 4156 
4232 4156 4170 4171 4157 
4233 4157 4171 4172 4158 
4234 4158 4172 833 832 
4235 749 750 4173 4159 
4236 4159 4173 4174 4160 
4237 4160 4174 4175 4161 
4238 4161 4175 4176 4162 
4239 4162 4176 4177 4163 
4240 4163 4177 4178 4164 
4241 4164 4178 4179 4165 
4242 4165 4179 4180 4166 
4243 4166 4180 4181 4167 
4244 4167 4181 4182 4168 
4245 4168 4182 4183 4169 
4246 4169 4183 4184 4170 
4247 4170 4184 4185 4171 
4248 4171 4185 4186 4172 
4249 4172 4186 834 833 
4250 750 751 4187 4173 
4251 4173 4187 4188 4174 
4252 4174 4188 4189 4175 
4253 4175 4189 4190 4176 
4254 4176 4190 4191 4177 
4255 4177 4191 4192 4178 
4256 4178 4192 4193 4179 
4257 4179 4193 4194 4180 
4258 4180 4194 4195 4181 
4259 4181 4195 4196 4182 
4260 4182 4196 4197 4183 
4261 4183 4197 4198 4184 
4262 4184 4198 4199 4185 
4263 4185 4199 4200 4186 
4264 4186 4200 835 834 
4265 751 752 4201 4187 
4266 4187 4201 4202 4188 
4267 4188 4202 4203 4189 
4268 4189 4203 4204 4190 
4269 4190 4204 4205 4191 
4270 4191 4205 4206 4192 
4271 4192 4206 4207 4193 
4272 4193 4207 4208 4194 
4273 4194 4208 4209 4195 
4274 4195 4209 4210 4196 
4275 4196 4210 4211 4197 
4276 4197 4211 4212 4198 
4277 4198 4212 4213 4199 
4278 4199 4213 4214 4200 
4279 4200 4214 836 835 
4280 752 753 4215 4201 
4281 4201 4215 4216 4202 
4282 4202 4216 4217 4203 
4283 4203 4217 4218 4204 
4284 4204 4218 4219 4205 
4285 4205 4219 4220 4206 
4286 4206 4220 4221 4207 
4287 4207 4221 4222 4208 
4288 4208 4222 4223 4209 
4289 4209 4223 4224 4210 
4290 4210 4224 4225 4211 
4291 4211 4225 4226 4212 
4292 4212 4226 4227 4213 
4293 4213 4227 4228 4214 
4294 4214 4228 837 836 
4295 753 754 4229 4215 
4296 4215 4229 4230 4216 
4297 4216 4230 4231 4217 
4298 4217 4231 4232 4218 
4299 4218 4232 4233 4219 
4300 4219 4233 4234 4220 
4301 4220 4234 4235 4221 
4302 4221 4235 4236 4222 
4303 4222 4236 4237 4223 
4304 4223 4237 4238 4224 
4305 4224 4238 4239 4225 
4306 4225 4239 4240 4226 
4307 4226 4240 4241 4227 
4308 4227 4241 4242 4228 
4309 4228 4242 838 837 
4310 754 755 4243 4229 
4311 4229 4243 4244 4230 
4312 4230 4244 4245 4231 
4313 4231 4245 4246 4232 
4314 4232 4246 4247 4233 
4315 4233 4247 4248 4234 
4316 4234 4248 4249 4235 
4317 4235 4249 4250 4236 
4318 4236 4250 4251 4237 
4319 4237 4251 4252 4238 
4320 4238 4252 4253 4239 
4321 4239 4253 4254 4240 
4322 4240 4254 4255 4241 
4323 4241 4255 4256 4242 
4324 4242 4256 839 838 
4325 755 756 4257 4243 
4326 4243 4257 4258 4244 
4327 4244 4258 4259 4245 
4328 4245 4259 4260 4246 
4329 4246 4260 4261 4247 
4330 4247 4261 4262 4248 
4331 4248 4262 4263 4249 
4332 4249 4263 4264 4250 
4333 4250 4264 4265 4251 
4334 4251 4265 4266 4252 
4335 4252 4266 4267 4253 
4336 4253 4267 4268 4254 
4337 4254 4268 4269 4255 
4338 4255 4269 4270 4256 
4339 4256 4270 840 839 
4340 756 757 4271 4257 
4341 4257 4271 4272 4258 
4342 4258 4272 4273 4259 
4343 4259 4273 4274 4260 
4344 4260 4274 4275 4261 
4345 4261 4275 4276 4262 
4346 4262 4276 4277 4263 
4347 4263 4277 4278 4264 
4348 4264 4278 4279 4265 
4349 4265 4279 4280 4266 
4350 4266 4280 4281 4267 
4351 4267 4281 4282 4268 
4352 4268 4282 4283 4269 
4353 4269 4283 4284 4270 
4354 4270 4284 841 840 
4355 757 758 4285 4271 
4356 4271 4285 4286 4272 
4357 4272 4286 4287 4273 
4358 4273 4287 4288 4274 
4359 4274 4288 4289 4275 
4360 4275 4289 4290 4276 
4361 4276 4290 4291 4277 
4362 4277 4291 4292 4278 
4363 4278 4292 4293 4279 
4364 4279 4293 4294 4280 
4365 4280 4294 4295 4281 
4366 4281 4295 4296 4282 
4367 4282 4296 4297 4283 
4368 4283 4297 4298 4284 
4369 4284 4298 842 841 
4370 758 759 4299 4285 
4371 4285 4299 4300 4286 
4372 4286 4300 4301 4287 
4373 4287 4301 4302 4288 
4374 4288 4302 4303 4289 
4375 4289 4303 4304 4290 
4376 4290 4304 4305 4291 
4377 4291 4305 4306 4292 
4378 4292 4306 4307 4293 
4379 4293 4307 4308 4294 
4380 4294 4308 4309 4295 
4381 4295 4309 4310 4296 
4382 4296 4310 4311 4297 
4383 4297 4311 4312 4298 
4384 4298 4312 843 842 
4385 759 760 4313 4299 
4386 4299 4313 4314 4300 
4387 4300 4314 4315 4301 
4388 4301 4315 4316 4302 
4389 4302 4316 4317 4303 
4390 4303 4317 4318 4304 
4391 4304 4318 4319 4305 
4392 4305 4319 4320 4306 
4393 4306 4320 4321 4307 
4394 4307 4321 4322 4308 
4395 4308 4322 4323 4309 
4396 4309 4323 4324 4310 
4397 4310 4324 4325 4311 
4398 4311 4325 4326 4312 
4399 4312 4326 844 843 
4400 760 761 4327 4313 
4401 4313 4327 4328 4314 
4402 4314 4328 4329 4315 
4403 4315 4329 4330 4316 
4404 4316 4330 4331 4317 
4405 4317 4331 4332 4318 
4406 4318 4332 4333 4319 
4407 4319 4333 4334 4320 
4408 4320 4334 4335 4321 
4409 4321 4335 4336 4322 
4410 4322 4336 4337 4323 
4411 4323 4337 4338 4324 
4412 4324 4338 4339 4325 
4413 4325 4339 4340 4326 
4414 4326 4340 845 844 
4415 761 762 4341 4327 
4416 4327 4341 4342 4328 
4417 4328 4342 4343 4329 
4418 4329 4343 4344 4330 
4419 4330 4344 4345 4331 
4420 4331 4345 4346 4332 
4421 4332 4346 4347 4333 
4422 4333 4347 4348 4334 
4423 4334 4348 4349 4335 
4424 4335 4349 4350 4336 
4425 4336 4350 4351 4337 
4426 4337 4351 4352 4338 
4427 4338 4352 4353 4339 
4428 4339 4353 4354 4340 
4429 4340 4354 846 845 
4430 762 763 4355 4341 
4431 4341 4355 4356 4342 
4432 4342 4356 4357 4343 
4433 4343 4357 4358 4344 
4434 4344 4358 4359 4345 
4435 4345 4359 4360 4346 
4436 4346 4360 4361 4347 
4437 4347 4361 4362 4348 
4438 4348 4362 4363 4349 
4439 4349 4363 4364 4350 
4440 4350 4364 4365 4351 
4441 4351 4365 4366 4352 
4442 4352 4366 4367 4353 
4443 4353 4367 4368 4354 
4444 4354 4368 847 846 
4445 763 764 4369 4355 
4446 4355 4369 4370 4356 
4447 4356 4370 4371 4357 
4448 4357 4371 4372 4358 
4449 4358 4372 4373 4359 
4450 4359 4373 4374 4360 
4451 4360 4374 4375 4361 
4452 4361 4375 4376 4362 
4453 4362 4376 4377 4363 
4454 4363 4377 4378 4364 
4455 4364 4378 4379 4365 
4456 4365 4379 4380 4366 
4457 4366 4380 4381 4367 
4458 4367 4381 4382 4368 
4459 4368 4382 848 847 
4460 764 765 4383 4369 
4461 4369 4383 4384 4370 
4462 4370 4384 4385 4371 
4463 4371 4385 4386 4372 
4464 4372 4386 4387 4373 
4465 4373 4387 4388 4374 
4466 4374 4388 4389 4375 
4467 4375 4389 4390 4376 
4468 4376 4390 4391 4377 
4469 4377 4391 4392 4378 
4470 4378 4392 4393 4379 
4471 4379 4393 4394 4380 
4472 4380 4394 4395 4381 
4473 4381 4395 4396 4382 
4474 4382 4396 849 848 
4475 765 766 4397 4383 
4476 4383 4397 4398 4384 
4477 4384 4398 4399 4385 
4478 4385 4399 4400 4386 
4479 4386 4400 4401 4387 
4480 4387 4401 4402 4388 
4481 4388 4402 4403 4389 
4482 4389 4403 4404 4390 
4483 4390 4404 4405 4391 
4484 4391 4405 4406 4392 
4485 4392 4406 4407 4393 
4486 4393 4407 4408 4394 
4487 4394 4408 4409 4395 
4488 4395 4409 4410 4396 
4489 4396 4410 850 849 
4490 766 767 4411 4397 
4491 4397 4411 4412 4398 
4492 4398 4412 4413 4399 
4493 4399 4413 4414 4400 
4494 4400 4414 4415 4401 
4495 4401 4415 4416 4402 
4496 4402 4416 4417 4403 
4497 4403 4417 4418 4404 
4498 4404 4418 4419 4405 
4499 4405 4419 4420 4406 
4500 4406 4420 4421 4407 
4501 4407 4421 4422 4408 
4502 4408 4422 4423 4409 
4503 4409 4423 4424 4410 
4504 4410 4424 851 850 
4505 767 768 4425 4411 
4506 4411 4425 4426 4412 
4507 4412 4426 4427 4413 
4508 4413 4427 4428 4414 
4509 4414 4428 4429 4415 
4510 4415 4429 4430 4416 
4511 4416 4430 4431 4417 
4512 4417 4431 4432 4418 
4513 4418 4432 4433 4419 
4514 4419 4433 4434 4420 
4515 4420 4434 4435 4421 
4516 4421 4435 4436 4422 
4517 4422 4436 4437 4423 
4518 4423 4437 4438 4424 
4519 4424 4438 852 851 
4520 768 769 4439 4425 
4521 4425 4439 4440 4426 
4522 4426 4440 4441 4427 
4523 4427 4441 4442 4428 
4524 4428 4442 4443 4429 
4525 4429 4443 4444 4430 
4526 4430 4444 4445 4431 
4527 4431 4445 4446 4432 
4528 4432 4446 4447 4433 
4529 4433 4447 4448 4434 
4530 4434 4448 4449 4435 
4531 4435 4449 4450 4436 
4532 4436 4450 4451 4437 
4533 4437 4451 4452 4438 
4534 4438 4452 853 852 
4535 769 770 4453 4439 
4536 4439 4453 4454 4440 
4537 4440 4454 4455 4441 
4538 4441 4455 4456 4442 
4539 4442 4456 4457 4443 
4540 4443 4457 4458 4444 
4541 4444 4458 4459 4445 
4542 4445 4459 4460 4446 
4543 4446 4460 4461 4447 
4544 4447 4461 4462 4448 
4545 4448 4462 4463 4449 
4546 4449 4463 4464 4450 
4547 4450 4464 4465 4451 
4548 4451 4465 4466 4452 
4549 4452 4466 854 853 
4550 770 24 143 4453 
4551 4453 143 144 4454 
4552 4454 144 145 4455 
4553 4455 145 146 4456 
4554 4456 146 147 4457 
4555 4457 147 148 4458 
4556 4458 148 149 4459 
4557 4459 149 150 4460 
4558 4460 150 151 4461 
4559 4461 151 152 4462 
4560 4462 152 153 4463 
4561 4463 153 154 4464 
4562 4464 154 155 4465 
4563 4465 155 156 4466 
4564 4466 156 26 854 
2 16 3 81
4565 32 771 4467 256 
4566 256 4467 4468 255 
4567 255 4468 4469 254 
4568 254 4469 4470 253 
4569 253 4470 4471 252 
4570 252 4471 4472 251 
4571 251 4472 4473 250 
4572 250 4473 4474 249 
4573 249 4474 248 1 
4574 771 772 4475 4467 
4575 4467 4475 4476 4468 
4576 4468 4476 4477 4469 
4577 4469 4477 4478 4470 
4578 4470 4478 4479 4471 
4579 4471 4479 4480 4472 
4580 4472 4480 4481 4473 
4581 4473 4481 4482 4474 
4582 4474 4482 247 248 
4583 772 773 4483 4475 
4584 4475 4483 4484 4476 
4585 4476 4484 4485 4477 
4586 4477 4485 4486 4478 
4587 4478 4486 4487 4479 
4588 4479 4487 4488 4480 
4589 4480 4488 4489 4481 
4590 4481 4489 4490 4482 
4591 4482 4490 246 247 
4592 773 774 4491 4483 
4593 4483 4491 4492 4484 
4594 4484 4492 4493 4485 
4595 4485 4493 4494 4486 
4596 4486 4494 4495 4487 
4597 4487 4495 4496 4488 
4598 4488 4496 4497 4489 
4599 4489 4497 4498 4490 
4600 4490 4498 245 246 
4601 774 775 4499 4491 
4602 4491 4499 4500 4492 
4603 4492 4500 4501 4493 
4604 4493 4501 4502 4494 
4605 4494 4502 4503 4495 
4606 4495 4503 4504 4496 
4607 4496 4504 4505 4497 
4608 4497 4505 4506 4498 
4609 4498 4506 244 245 
4610 775 776 4507 4499 
4611 4499 4507 4508 4500 
4612 4500 4508 4509 4501 
4613 4501 4509 4510 4502 
4614 4502 4510 4511 4503 
4615 4503 4511 4512 4504 
4616 4504 4512 4513 4505 
4617 4505 4513 4514 4506 
4618 4506 4514 243 244 
4619 776 777 4515 4507 
4620 4507 4515 4516 4508 
4621 4508 4516 4517 4509 
4622 4509 4517 4518 4510 
4623 4510 4518 4519 4511 
4624 4511 4519 4520 4512 
4625 4512 4520 4521 4513 
4626 4513 4521 4522 4514 
4627 4514 4522 242 243 
4628 777 778 4523 4515 
4629 4515 4523 4524 4516 
4630 4516 4524 4525 4517 
4631 4517 4525 4526 4518 
4632 4518 4526 4527 4519 
4633 4519 4527 4528 4520 
4634 4520 4528 4529 4521 
4635 4521 4529 4530 4522 
4636 4522 4530 241 242 
4637 778 13 479 4523 
4638 4523 479 480 4524 
4639 4524 480 481 4525 
4640 4525 481 482 4526 
4641 4526 482 483 4527 
4642 4527 483 484 4528 
4643 4528 484 485 4529 
4644 4529 485 486 4530 
4645 4530 486 19 241 
2 17 3 135
4646 13 779 4531 479 
4647 479 4531 4532 480 
4648 480 4532 4533 481 
4649 481 4533 4534 482 
4650 482 4534 4535 483 
4651 483 4535 4536 484 
4652 484 4536 4537 485 
4653 485 4537 4538 486 
4654 486 4538 240 19 
4655 779 780 4539 4531 
4656 4531 4539 4540 4532 
4657 4532 4540 4541 4533 
4658 4533 4541 4542 4534 
4659 4534 4542 4543 4535 
4660 4535 4543 4544 4536 
4661 4536 4544 4545 4537 
4662 4537 4545 4546 4538 
4663 4538 4546 239 240 
4664 780 781 4547 4539 
4665 4539 4547 4548 4540 
4666 4540 4548 4549 4541 
4667 4541 4549 4550 4542 
4668 4542 4550 4551 4543 
4669 4543 4551 4552 4544 
4670 4544 4552 4553 4545 
4671 4545 4553 4554 4546 
4672 4546 4554 238 239 
4673 781 782 4555 4547 
4674 4547 4555 4556 4548 
4675 4548 4556 4557 4549 
4676 4549 4557 4558 4550 
4677 4550 4558 4559 4551 
4678 4551 4559 4560 4552 
4679 4552 4560 4561 4553 
4680 4553 4561 4562 4554 
4681 4554 4562 237 238 
4682 782 783 4563 4555 
4683 4555 4563 4564 4556 
4684 4556 4564 4565 4557 
4685 4557 4565 4566 4558 
4686 4558 4566 4567 4559 
4687 4559 4567 4568 4560 
4688 4560 4568 4569 4561 
4689 4561 4569 4570 4562 
4690 4562 4570 236 237 
4691 783 784 4571 4563 
4692 4563 4571 4572 4564 
4693 4564 4572 4573 4565 
4694 4565 4573 4574 4566 
4695 4566 4574 4575 4567 
4696 4567 4575 4576 4568 
4697 4568 4576 4577 4569 
4698 4569 4577 4578 4570 
4699 4570 4578 235 236 
4700 784 785 4579 4571 
4701 4571 4579 4580 4572 
4702 4572 4580 4581 4573 
4703 4573 4581 4582 4574 
4704 4574 4582 4583 4575 
4705 4575 4583 4584 4576 
4706 4576 4584 4585 4577 
4707 4577 4585 4586 4578 
4708 4578 4586 234 235 
4709 785 786 4587 4579 
4710 4579 4587 4588 4580 
4711 4580 4588 4589 4581 
4712 4581 4589 4590 4582 
4713 4582 4590 4591 4583 
4714 4583 4591 4592 4584 
4715 4584 4592 4593 4585 
4716 4585 4593 4594 4586 
4717 4586 4594 233 234 
4718 786 787 4595 4587 
4719 4587 4595 4596 4588 
4720 4588 4596 4597 4589 
4721 4589 4597 4598 4590 
4722 4590 4598 4599 4591 
4723 4591 4599 4600 4592 
4724 4592 4600 4601 4593 
4725 4593 4601 4602 4594 
4726 4594 4602 232 233 
4727 787 788 4603 4595 
4728 4595 4603 4604 4596 
4729 4596 4604 4605 4597 
4730 4597 4605 4606 4598 
4731 4598 4606 4607 4599 
4732 4599 4607 4608 4600 
4733 4600 4608 4609 4601 
4734 4601 4609 4610 4602 
4735 4602 4610 231 232 
4736 788 789 4611 4603 
4737 4603 4611 4612 4604 
4738 4604 4612 4613 4605 
4739 4605 4613 4614 4606 
4740 4606 4614 4615 4607 
4741 4607 4615 4616 4608 
4742 4608 4616 4617 4609 
4743 4609 4617 4618 4610 
4744 4610 4618 230 231 
4745 789 790 4619 4611 
4746 4611 4619 4620 4612 
4747 4612 4620 4621 4613 
4748 4613 4621 4622 4614 
4749 4614 4622 4623 4615 
4750 4615 4623 4624 4616 
4751 4616 4624 4625 4617 
4752 4617 4625 4626 4618 
4753 4618 4626 229 230 
4754 790 791 4627 4619 
4755 4619 4627 4628 4620 
4756 4620 4628 4629 4621 
4757 4621 4629 4630 4622 
4758 4622 4630 4631 4623 
4759 4623 4631 4632 4624 
4760 4624 4632 4633 4625 
4761 4625 4633 4634 4626 
4762 4626 4634 228 229 
4763 791 792 4635 4627 
4764 4627 4635 4636 4628 
4765 4628 4636 4637 4629 
4766 4629 4637 4638 4630 
4767 4630 4638 4639 4631 
4768 4631 4639 4640 4632 
4769 4632 4640 4641 4633 
4770 4633 4641 4642 4634 
4771 4634 4642 227 228 
4772 792 16 523 4635 
4773 4635 523 524 4636 
4774 4636 524 525 4637 
4775 4637 525 526 4638 
4776 4638 526 527 4639 
4777 4639 527 528 4640 
4778 4640 528 529 4641 
4779 4641 529 530 4642 
4780 4642 530 29 227 
2 18 3 315
4781 16 793 4643 523 
4782 523 4643 4644 524 
4783 524 4644 4645 525 
4784 525 4645 4646 526 
4785 526 4646 4647 527 
4786 527 4647 4648 528 
4787 528 4648 4649 529 
4788 529 4649 4650 530 
4789 530 4650 226 29 
4790 793 794 4651 4643 
4791 4643 4651 4652 4644 
4792 4644 4652 4653 4645 
4793 4645 4653 4654 4646 
4794 4646 4654 4655 4647 
4795 4647 4655 4656 4648 
4796 4648 4656 4657 4649 
4797 4649 4657 4658 4650 
4798 4650 4658 225 226 
4799 794 795 4659 4651 
4800 4651 4659 4660 4652 
4801 4652 4660 4661 4653 
4802 4653 4661 4662 4654 
4803 4654 4662 4663 4655 
4804 4655 4663 4664 4656 
4805 4656 4664 4665 4657 
4806 4657 4665 4666 4658 
4807 4658 4666 224 225 
4808 795 796 4667 4659 
4809 4659 4667 4668 4660 
4810 4660 4668 4669 4661 
4811 4661 4669 4670 4662 
4812 4662 4670 4671 4663 
4813 4663 4671 4672 4664 
4814 4664 4672 4673 4665 
4815 4665 4673 4674 4666 
4816 4666 4674 223 224 
4817 796 797 4675 4667 
4818 4667 4675 4676 4668 
4819 4668 4676 4677 4669 
4820 4669 4677 4678 4670 
4821 4670 4678 4679 4671 
4822 4671 4679 4680 4672 
4823 4672 4680 4681 4673 
4824 4673 4681 4682 4674 
4825 4674 4682 222 223 
4826 797 798 4683 4675 
4827 4675 4683 4684 4676 
4828 4676 4684 4685 4677 
4829 4677 4685 4686 4678 
4830 4678 4686 4687 4679 
4831 4679 4687 4688 4680 
4832 4680 4688 4689 4681 
4833 4681 4689 4690 4682 
4834 4682 4690 221 222 
4835 798 799 4691 4683 
4836 4683 4691 4692 4684 
4837 4684 4692 4693 4685 
4838 4685 4693 4694 4686 
4839 4686 4694 4695 4687 
4840 4687 4695 4696 4688 
4841 4688 4696 4697 4689 
4842 4689 4697 4698 4690 
4843 4690 4698 220 221 
4844 799 800 4699 4691 
4845 4691 4699 4700 4692 
4846 4692 4700 4701 4693 
4847 4693 4701 4702 4694 
4848 4694 4702 4703 4695 
4849 4695 4703 4704 4696 
4850 4696 4704 4705 4697 
4851 4697 4705 4706 4698 
4852 4698 4706 219 220 
4853 800 801 4707 4699 
4854 4699 4707 4708 4700 
4855 4700 4708 4709 4701 
4856 4701 4709 4710 4702 
4857 4702 4710 4711 4703 
4858 4703 4711 4712 4704 
4859 4704 4712 4713 4705 
4860 4705 4713 4714 4706 
4861 4706 4714 218 219 
4862 801 802 4715 4707 
4863 4707 4715 4716 4708 
4864 4708 4716 4717 4709 
4865 4709 4717 4718 4710 
4866 4710 4718 4719 4711 
4867 4711 4719 4720 4712 
4868 4712 4720 4721 4713 
4869 4713 4721 4722 4714 
4870 4714 4722 217 218 
4871 802 803 4723 4715 
4872 4715 4723 4724 4716 
4873 4716 4724 4725 4717 
4874 4717 4725 4726 4718 
4875 4718 4726 4727 4719 
4876 4719 4727 4728 4720 
4877 4720 4728 4729 4721 
4878 4721 4729 4730 4722 
4879 4722 4730 216 217 
4880 803 804 4731 4723 
4881 4723 4731 4732 4724 
4882 4724 4732 4733 4725 
4883 4725 4733 4734 4726 
4884 4726 4734 4735 4727 
4885 4727 4735 4736 4728 
4886 4728 4736 4737 4729 
4887 4729 4737 4738 4730 
4888 4730 4738 215 216 
4889 804 805 4739 4731 
4890 4731 4739 4740 4732 
4891 4732 4740 4741 4733 
4892 4733 4741 4742 4734 
4893 4734 4742 4743 4735 
4894 4735 4743 4744 4736 
4895 4736 4744 4745 4737 
4896 4737 4745 4746 4738 
4897 4738 4746 214 215 
4898 805 806 4747 4739 
4899 4739 4747 4748 4740 
4900 4740 4748 4749 4741 
4901 4741 4749 4750 4742 
4902 4742 4750 4751 4743 
4903 4743 4751 4752 4744 
4904 4744 4752 4753 4745 
4905 4745 4753 4754 4746 
4906 4746 4754 213 214 
4907 806 807 4755 4747 
4908 4747 4755 4756 4748 
4909 4748 4756 4757 4749 
4910 4749 4757 4758 4750 
4911 4750 4758 4759 4751 
4912 4751 4759 4760 4752 
4913 4752 4760 4761 4753 
4914 4753 4761 4762 4754 
4915 4754 4762 212 213 
4916 807 808 4763 4755 
4917 4755 4763 4764 4756 
4918 4756 4764 4765 4757 
4919 4757 4765 4766 4758 
4920 4758 4766 4767 4759 
4921 4759 4767 4768 4760 
4922 4760 4768 4769 4761 
4923 4761 4769 4770 4762 
4924 4762 4770 211 212 
4925 808 809 4771 4763 
4926 4763 4771 4772 4764 
4927 4764 4772 4773 4765 
4928 4765 4773 4774 4766 
4929 4766 4774 4775 4767 
4930 4767 4775 4776 4768 
4931 4768 4776 4777 4769 
4932 4769 4777 4778 4770 
4933 4770 4778 210 211 
4934 809 810 4779 4771 
4935 4771 4779 4780 4772 
4936 4772 4780 4781 4773 
4937 4773 4781 4782 4774 
4938 4774 4782 4783 4775 
4939 4775 4783 4784 4776 
4940 4776 4784 4785 4777 
4941 4777 4785 4786 4778 
4942 4778 4786 209 210 
4943 810 811 4787 4779 
4944 4779 4787 4788 4780 
4945 4780 4788 4789 4781 
4946 4781 4789 4790 4782 
4947 4782 4790 4791 4783 
4948 4783 4791 4792 4784 
4949 4784 4792 4793 4785 
4950 4785 4793 4794 4786 
4951 4786 4794 208 209 
4952 811 812 4795 4787 
4953 4787 4795 4796 4788 
4954 4788 4796 4797 4789 
4955 4789 4797 4798 4790 
4956 4790 4798 4799 4791 
4957 4791 4799 4800 4792 
4958 4792 4800 4801 4793 
4959 4793 4801 4802 4794 
4960 4794 4802 207 208 
4961 812 813 4803 4795 
4962 4795 4803 4804 4796 
4963 4796 4804 4805 4797 
4964 4797 4805 4806 4798 
4965 4798 4806 4807 4799 
4966 4799 4807 4808 4800 
4967 4800 4808 4809 4801 
4968 4801 4809 4810 4802 
4969 4802 4810 206 207 
4970 813 814 4811 4803 
4971 4803 4811 4812 4804 
4972 4804 4812 4813 4805 
4973 4805 4813 4814 4806 
4974 4806 4814 4815 4807 
4975 4807 4815 4816 4808 
4976 4808 4816 4817 4809 
4977 4809 4817 4818 4810 
4978 4810 4818 205 206 
4979 814 815 4819 4811 
4980 4811 4819 4820 4812 
4981 4812 4820 4821 4813 
4982 4813 4821 4822 4814 
4983 4814 4822 4823 4815 
4984 4815 4823 4824 4816 
4985 4816 4824 4825 4817 
4986 4817 4825 4826 4818 
4987 4818 4826 204 205 
4988 815 816 4827 4819 
4989 4819 4827 4828 4820 
4990 4820 4828 4829 4821 
4991 4821 4829 4830 4822 
4992 4822 4830 4831 4823 
4993 4823 4831 4832 4824 
4994 4824 4832 4833 4825 
4995 4825 4833 4834 4826 
4996 4826 4834 203 204 
4997 816 817 4835 4827 
4998 4827 4835 4836 4828 
4999 4828 4836 4837 4829 
5000 4829 4837 4838 4830 
5001 4830 4838 4839 4831 
5002 4831 4839 4840 4832 
5003 4832 4840 4841 4833 
5004 4833 4841 4842 4834 
5005 4834 4842 202 203 
5006 817 818 4843 4835 
5007 4835 4843 4844 4836 
5008 4836 4844 4845 4837 
5009 4837 4845 4846 4838 
5010 4838 4846 4847 4839 
5011 4839 4847 4848 4840 
5012 4840 4848 4849 4841 
5013 4841 4849 4850 4842 
5014 4842 4850 201 202 
5015 818 819 4851 4843 
5016 4843 4851 4852 4844 
5017 4844 4852 4853 4845 
5018 4845 4853 4854 4846 
5019 4846 4854 4855 4847 
5020 4847 4855 4856 4848 
5021 4848 4856 4857 4849 
5022 4849 4857 4858 4850 
5023 4850 4858 200 201 
5024 819 820 4859 4851 
5025 4851 4859 4860 4852 
5026 4852 4860 4861 4853 
5027 4853 4861 4862 4854 
5028 4854 4862 4863 4855 
5029 4855 4863 4864 4856 
5030 4856 4864 4865 4857 
5031 4857 4865 4866 4858 
5032 4858 4866 199 200 
5033 820 821 4867 4859 
5034 4859 4867 4868 4860 
5035 4860 4868 4869 4861 
5036 4861 4869 4870 4862 
5037 4862 4870 4871 4863 
5038 4863 4871 4872 4864 
5039 4864 4872 4873 4865 
5040 4865 4873 4874 4866 
5041 4866 4874 198 199 
5042 821 822 4875 4867 
5043 4867 4875 4876 4868 
5044 4868 4876 4877 4869 
5045 4869 4877 4878 4870 
5046 4870 4878 4879 4871 
5047 4871 4879 4880 4872 
5048 4872 4880 4881 4873 
5049 4873 4881 4882 4874 
5050 4874 4882 197 198 
5051 822 823 4883 4875 
5052 4875 4883 4884 4876 
5053 4876 4884 4885 4877 
5054 4877 4885 4886 4878 
5055 4878 4886 4887 4879 
5056 4879 4887 4888 4880 
5057 4880 4888 4889 4881 
5058 4881 4889 4890 4882 
5059 4882 4890 196 197 
5060 823 824 4891 4883 
5061 4883 4891 4892 4884 
5062 4884 4892 4893 4885 
5063 4885 4893 4894 4886 
5064 4886 4894 4895 4887 
5065 4887 4895 4896 4888 
5066 4888 4896 4897 4889 
5067 4889 4897 4898 4890 
5068 4890 4898 195 196 
5069 824 825 4899 4891 
5070 4891 4899 4900 4892 
5071 4892 4900 4901 4893 
5072 4893 4901 4902 4894 
5073 4894 4902 4903 4895 
5074 4895 4903 4904 4896 
5075 4896 4904 4905 4897 
5076 4897 4905 4906 4898 
5077 4898 4906 194 195 
5078 825 826 4907 4899 
5079 4899 4907 4908 4900 
5080 4900 4908 4909 4901 
5081 4901 4909 4910 4902 
5082 4902 4910 4911 4903 
5083 4903 4911 4912 4904 
5084 4904 4912 4913 4905 
5085 4905 4913 4914 4906 
5086 4906 4914 193 194 
5087 826 18 567 4907 
5088 4907 567 568 4908 
5089 4908 568 569 4909 
5090 4909 569 570 4910 
5091 4910 570 571 4911 
5092 4911 571 572 4912 
5093 4912 572 573 4913 
5094 4913 573 574 4914 
5095 4914 574 20 193 
2 19 3 261
5096 18 827 4915 567 
5097 567 4915 4916 568 
5098 568 4916 4917 569 
5099 569 4917 4918 570 
5100 570 4918 4919 571 
5101 571 4919 4920 572 
5102 572 4920 4921 573 
5103 573 4921 4922 574 
5104 574 4922 192 20 
5105 827 828 4923 4915 
5106 4915 4923 4924 4916 
5107 4916 4924 4925 4917 
5108 4917 4925 4926 4918 
5109 4918 4926 4927 4919 
5110 4919 4927 4928 4920 
5111 4920 4928 4929 4921 
5112 4921 4929 4930 4922 
5113 4922 4930 191 192 
5114 828 829 4931 4923 
5115 4923 4931 4932 4924 
5116 4924 4932 4933 4925 
5117 4925 4933 4934 4926 
5118 4926 4934 4935 4927 
5119 4927 4935 4936 4928 
5120 4928 4936 4937 4929 
5121 4929 4937 4938 4930 
5122 4930 4938 190 191 
5123 829 830 4939 4931 
5124 4931 4939 4940 4932 
5125 4932 4940 4941 4933 
5126 4933 4941 4942 4934 
5127 4934 4942 4943 4935 
5128 4935 4943 4944 4936 
5129 4936 4944 4945 4937 
5130 4937 4945 4946 4938 
5131 4938 4946 189 190 
5132 830 831 4947 4939 
5133 4939 4947 4948 4940 
5134 4940 4948 4949 4941 
5135 4941 4949 4950 4942 
5136 4942 4950 4951 4943 
5137 4943 4951 4952 4944 
5138 4944 4952 4953 4945 
5139 4945 4953 4954 4946 
5140 4946 4954 188 189 
5141 831 832 4955 4947 
5142 4947 4955 4956 4948 
5143 4948 4956 4957 4949 
5144 4949 4957 4958 4950 
5145 4950 4958 4959 4951 
5146 4951 4959 4960 4952 
5147 4952 4960 4961 4953 
5148 4953 4961 4962 4954 
5149 4954 4962 187 188 
5150 832 833 4963 4955 
5151 4955 4963 4964 4956 
5152 4956 4964 4965 4957 
5153 4957 4965 4966 4958 
5154 4958 4966 4967 4959 
5155 4959 4967 4968 4960 
5156 4960 4968 4969 4961 
5157 4961 4969 4970 4962 
5158 4962 4970 186 187 
5159 833 834 4971 4963 
5160 4963 4971 4972 4964 
5161 4964 4972 4973 4965 
5162 4965 4973 4974 4966 
5163 4966 4974 4975 4967 
5164 4967 4975 4976 4968 
5165 4968 4976 4977 4969 
5166 4969 4977 4978 4970 
5167 4970 4978 185 186 
5168 834 835 4979 4971 
5169 4971 4979 4980 4972 
5170 4972 4980 4981 4973 
5171 4973 4981 4982 4974 
5172 4974 4982 4983 4975 
5173 4975 4983 4984 4976 
5174 4976 4984 4985 4977 
5175 4977 4985 4986 4978 
5176 4978 4986 184 185 
5177 835 836 4987 4979 
5178 4979 4987 4988 4980 
5179 4980 4988 4989 4981 
5180 4981 4989 4990 4982 
5181 4982 4990 4991 4983 
5182 4983 4991 4992 4984 
5183 4984 4992 4993 4985 
5184 4985 4993 4994 4986 
5185 4986 4994 183 184 
5186 836 837 4995 4987 
5187 4987 4995 4996 4988 
5188 4988 4996 4997 4989 
5189 4989 4997 4998 4990 
5190 4990 4998 4999 4991 
5191 4991 4999 5000 4992 
5192 4992 5000 5001 4993 
5193 4993 5001 5002 4994 
5194 4994 5002 182 183 
5195 837 838 5003 4995 
5196 4995 5003 5004 4996 
5197 4996 5004 5005 4997 
5198 4997 5005 5006 4998 
5199 4998 5006 5007 4999 
5200 4999 5007 5008 5000 
5201 5000 5008 5009 5001 
5202 5001 5009 5010 5002 
5203 5002 5010 181 182 
5204 838 839 5011 5003 
5205 5003 5011 5012 5004 
5206 5004 5012 5013 5005 
5207 5005 5013 5014 5006 
5208 5006 5014 5015 5007 
5209 5007 5015 5016 5008 
5210 5008 5016 5017 5009 
5211 5009 5017 5018 5010 
5212 5010 5018 180 181 
5213 839 840 5019 5011 
5214 5011 5019 5020 5012 
5215 5012 5020 5021 5013 
5216 5013 5021 5022 5014 
5217 5014 5022 5023 5015 
5218 5015 5023 5024 5016 
5219 5016 5024 5025 5017 
5220 5017 5025 5026 5018 
5221 5018 5026 179 180 
5222 840 841 5027 5019 
5223 5019 5027 5028 5020 
5224 5020 5028 5029 5021 
5225 5021 5029 5030 5022 
5226 5022 5030 5031 5023 
5227 5023 5031 5032 5024 
5228 5024 5032 5033 5025 
5229 5025 5033 5034 5026 
5230 5026 5034 178 179 
5231 841 842 5035 5027 
5232 5027 5035 5036 5028 
5233 5028 5036 5037 5029 
5234 5029 5037 5038 5030 
5235 5030 5038 5039 5031 
5236 5031 5039 5040 5032 
5237 5032 5040 5041 5033 
5238 5033 5041 5042 5034 
5239 5034 5042 177 178 
5240 842 843 5043 5035 
5241 5035 5043 5044 5036 
5242 5036 5044 5045 5037 
5243 5037 5045 5046 5038 
5244 5038 5046 5047 5039 
5245 5039 5047 5048 5040 
5246 5040 5048 5049 5041 
5247 5041 5049 5050 5042 
5248 5042 5050 176 177 
5249 843 844 5051 5043 
5250 5043 5051 5052 5044 
5251 5044 5052 5053 5045 
5252 5045 5053 5054 5046 
5253 5046 5054 5055 5047 
5254 5047 5055 5056 5048 
5255 5048 5056 5057 5049 
5256 5049 5057 5058 5050 
5257 5050 5058 175 176 
5258 844 845 5059 5051 
5259 5051 5059 5060 5052 
5260 5052 5060 5061 5053 
5261 5053 5061 5062 5054 
5262 5054 5062 5063 5055 
5263 5055 5063 5064 5056 
5264 5056 5064 5065 5057 
5265 5057 5065 5066 5058 
5266 5058 5066 174 175 
5267 845 846 5067 5059 
5268 5059 5067 5068 5060 
5269 5060 5068 5069 5061 
5270 5061 5069 5070 5062 
5271 5062 5070 5071 5063 
5272 5063 5071 5072 5064 
5273 5064 5072 5073 5065 
5274 5065 5073 5074 5066 
5275 5066 5074 173 174 
5276 846 847 5075 5067 
5277 5067 5075 5076 5068 
5278 5068 5076 5077 5069 
5279 5069 5077 5078 5070 
5280 5070 5078 5079 5071 
5281 5071 5079 5080 5072 
5282 5072 5080 5081 5073 
5283 5073 5081 5082 5074 
5284 5074 5082 172 173 
5285 847 848 5083 5075 
5286 5075 5083 5084 5076 
5287 5076 5084 5085 5077 
5288 5077 5085 5086 5078 
5289 5078 5086 5087 5079 
5290 5079 5087 5088 5080 
5291 5080 5088 5089 5081 
5292 5081 5089 5090 5082 
5293 5082 5090 171 172 
5294 848 849 5091 5083 
5295 5083 5091 5092 5084 
5296 5084 5092 5093 5085 
5297 5085 5093 5094 5086 
5298 5086 5094 5095 5087 
5299 5087 5095 5096 5088 
5300 5088 5096 5097 5089 
5301 5089 5097 5098 5090 
5302 5090 5098 170 171 
5303 849 850 5099 5091 
5304 5091 5099 5100 5092 
5305 5092 5100 5101 5093 
5306 5093 5101 5102 5094 
5307 5094 5102 5103 5095 
5308 5095 5103 5104 5096 
5309 5096 5104 5105 5097 
5310 5097 5105 5106 5098 
5311 5098 5106 169 170 
5312 850 851 5107 5099 
5313 5099 5107 5108 5100 
5314 5100 5108 5109 5101 
5315 5101 5109 5110 5102 
5316 5102 5110 5111 5103 
5317 5103 5111 5112 5104 
5318 5104 5112 5113 5105 
5319 5105 5113 5114 5106 
5320 5106 5114 168 169 
5321 851 852 5115 5107 
5322 5107 5115 5116 5108 
5323 5108 5116 5117 5109 
5324 5109 5117 5118 5110 
5325 5110 5118 5119 5111 
5326 5111 5119 5120 5112 
5327 5112 5120 5121 5113 
5328 5113 5121 5122 5114 
5329 5114 5122 167 168 
5330 852 853 5123 5115 
5331 5115 5123 5124 5116 
5332 5116 5124 5125 5117 
5333 5117 5125 5126 5118 
5334 5118 5126 5127 5119 
5335 5119 5127 5128 5120 
5336 5120 5128 5129 5121 
5337 5121 5129 5130 5122 
5338 5122 5130 166 167 
5339 853 854 5131 5123 
5340 5123 5131 5132 5124 
5341 5124 5132 5133 5125 
5342 5125 5133 5134 5126 
5343 5126 5134 5135 5127 
5344 5127 5135 5136 5128 
5345 5128 5136 5137 5129 
5346 5129 5137 5138 5130 
5347 5130 5138 165 166 
5348 854 26 157 5131 
5349 5131 157 158 5132 
5350 5132 158 159 5133 
5351 5133 159 160 5134 
5352 5134 160 161 5135 
5353 5135 161 162 5136 
5354 5136 162 163 5137 
5355 5137 163 164 5138 
5356 5138 164 2 165 
2 20 3 75
5357 6 349 5139 452 
5358 452 5139 5140 451 
5359 451 5140 5141 450 
5360 450 5141 5142 449 
5361 449 5142 5143 448 
5362 448 5143 5144 447 
5363 447 5144 5145 446 
5364 446 5145 5146 445 
5365 445 5146 5147 444 
5366 444 5147 5148 443 
5367 443 5148 5149 442 
5368 442 5149 5150 441 
5369 441 5150 5151 440 
5370 440 5151 5152 439 
5371 439 5152 453 27 
5372 349 350 5153 5139 
5373 5139 5153 5154 5140 
5374 5140 5154 5155 5141 
5375 5141 5155 5156 5142 
5376 5142 5156 5157 5143 
5377 5143 5157 5158 5144 
5378 5144 5158 5159 5145 
5379 5145 5159 5160 5146 
5380 5146 5160 5161 5147 
5381 5147 5161 5162 5148 
5382 5148 5162 5163 5149 
5383 5149 5163 5164 5150 
5384 5150 5164 5165 5151 
5385 5151 5165 5166 5152 
5386 5152 5166 454 453 
5387 350 351 5167 5153 
5388 5153 5167 5168 5154 
5389 5154 5168 5169 5155 
5390 5155 5169 5170 5156 
5391 5156 5170 5171 5157 
5392 5157 5171 5172 5158 
5393 5158 5172 5173 5159 
5394 5159 5173 5174 5160 
5395 5160 5174 5175 5161 
5396 5161 5175 5176 5162 
5397 5162 5176 5177 5163 
5398 5163 5177 5178 5164 
5399 5164 5178 5179 5165 
5400 5165 5179 5180 5166 
5401 5166 5180 455 454 
5402 351 352 5181 5167 
5403 5167 5181 5182 5168 
5404 5168 5182 5183 5169 
5405 5169 5183 5184 5170 
5406 5170 5184 5185 5171 
5407 5171 5185 5186 5172 
5408 5172 5186 5187 5173 
5409 5173 5187 5188 5174 
5410 5174 5188 5189 5175 
5411 5175 5189 5190 5176 
5412 5176 5190 5191 5177 
5413 5177 5191 5192 5178 
5414 5178 5192 5193 5179 
5415 5179 5193 5194 5180 
5416 5180 5194 456 455 
5417 352 5 366 5181 
5418 5181 366 365 5182 
5419 5182 365 364 5183 
5420 5183 364 363 5184 
5421 5184 363 362 5185 
5422 5185 362 361 5186 
5423 5186 361 360 5187 
5424 5187 360 359 5188 
5425 5188 359 358 5189 
5426 5189 358 357 5190 
5427 5190 357 356 5191 
5428 5191 356 355 5192 
5429 5192 355 354 5193 
5430 5193 354 353 5194 
5431 5194 353 28 456 
2 21 3 175
5432 27 453 5195 438 
5433 438 5195 5196 437 
5434 437 5196 5197 436 
5435 436 5197 5198 435 
5436 435 5198 5199 434 
5437 434 5199 5200 433 
5438 433 5200 5201 432 
5439 432 5201 5202 431 
5440 431 5202 5203 430 
5441 430 5203 5204 429 
5442 429 5204 5205 428 
5443 428 5205 5206 427 
5444 427 5206 5207 426 
5445 426 5207 5208 425 
5446 425 5208 5209 424 
5447 424 5209 5210 423 
5448 423 5210 5211 422 
5449 422 5211 5212 421 
5450 421 5212 5213 420 
5451 420 5213 5214 419 
5452 419 5214 5215 418 
5453 418 5215 5216 417 
5454 417 5216 5217 416 
5455 416 5217 5218 415 
5456 415 5218 5219 414 
5457 414 5219 5220 413 
5458 413 5220 5221 412 
5459 412 5221 5222 411 
5460 411 5222 5223 410 
5461 410 5223 5224 409 
5462 409 5224 5225 408 
5463 408 5225 5226 407 
5464 407 5226 5227 406 
5465 406 5227 5228 405 
5466 405 5228 404 7 
5467 453 454 5229 5195 
5468 5195 5229 5230 5196 
5469 5196 5230 5231 5197 
5470 5197 5231 5232 5198 
5471 5198 5232 5233 5199 
5472 5199 5233 5234 5200 
5473 5200 5234 5235 5201 
5474 5201 5235 5236 5202 
5475 5202 5236 5237 5203 
5476 5203 5237 5238 5204 
5477 5204 5238 5239 5205 
5478 5205 5239 5240 5206 
5479 5206 5240 5241 5207 
5480 5207 5241 5242 5208 
5481 5208 5242 5243 5209 
5482 5209 5243 5244 5210 
5483 5210 5244 5245 5211 
5484 5211 5245 5246 5212 
5485 5212 5246 5247 5213 
5486 5213 5247 5248 5214 
5487 5214 5248 5249 5215 
5488 5215 5249 5250 5216 
5489 5216 5250 5251 5217 
5490 5217 5251 5252 5218 
5491 5218 5252 5253 5219 
5492 5219 5253 5254 5220 
5493 5220 5254 5255 5221 
5494 5221 5255 5256 5222 
5495 5222 5256 5257 5223 
5496 5223 5257 5258 5224 
5497 5224 5258 5259 5225 
5498 5225 5259 5260 5226 
5499 5226 5260 5261 5227 
5500 5227 5261 5262 5228 
5501 5228 5262 403 404 
5502 454 455 5263 5229 
5503 5229 5263 5264 5230 
5504 5230 5264 5265 5231 
5505 5231 5265 5266 5232 
5506 5232 5266 5267 5233 
5507 5233 5267 5268 5234 
5508 5234 5268 5269 5235 
5509 5235 5269 5270 5236 
5510 5236 5270 5271 5237 
5511 5237 5271 5272 5238 
5512 5238 5272 5273 5239 
5513 5239 5273 5274 5240 
5514 5240 5274 5275 5241 
5515 5241 5275 5276 5242 
5516 5242 5276 5277 5243 
5517 5243 5277 5278 5244 
5518 5244 5278 5279 5245 
5519 5245 5279 5280 5246 
5520 5246 5280 5281 5247 
5521 5247 5281 5282 5248 
5522 5248 5282 5283 5249 
5523 5249 5283 5284 5250 
5524 5250 5284 5285 5251 
5525 5251 5285 5286 5252 
5526 5252 5286 5287 5253 
5527 5253 5287 5288 5254 
5528 5254 5288 5289 5255 
5529 5255 5289 5290 5256 
5530 5256 5290 5291 5257 
5531 5257 5291 5292 5258 
5532 5258 5292 5293 5259 
5533 5259 5293 5294 5260 
5534 5260 5294 5295 5261 
5535 5261 5295 5296 5262 
5536 5262 5296 402 403 
5537 455 456 5297 5263 
5538 5263 5297 5298 5264 
5539 5264 5298 5299 5265 
5540 5265 5299 5300 5266 
5541 5266 5300 5301 5267 
5542 5267 5301 5302 5268 
5543 5268 5302 5303 5269 
5544 5269 5303 5304 5270 
5545 5270 5304 5305 5271 
5546 5271 5305 5306 5272 
5547 5272 5306 5307 5273 
5548 5273 5307 5308 5274 
5549 5274 5308 5309 5275 
5550 5275 5309 5310 5276 
5551 5276 5310 5311 5277 
5552 5277 5311 5312 5278 
5553 5278 5312 5313 5279 
5554 5279 5313 5314 5280 
5555 5280 5314 5315 5281 
5556 5281 5315 5316 5282 
5557 5282 5316 5317 5283 
5558 5283 5317 5318 5284 
5559 5284 5318 5319 5285 
5560 5285 5319 5320 5286 
5561 5286 5320 5321 5287 
5562 5287 5321 5322 5288 
5563 5288 5322 5323 5289 
5564 5289 5323 5324 5290 
5565 5290 5324 5325 5291 
5566 5291 5325 5326 5292 
5567 5292 5326 5327 5293 
5568 5293 5327 5328 5294 
5569 5294 5328 5329 5295 
5570 5295 5329 5330 5296 
5571 5296 5330 401 402 
5572 456 28 367 5297 
5573 5297 367 368 5298 
5574 5298 368 369 5299 
5575 5299 369 370 5300 
5576 5300 370 371 5301 
5577 5301 371 372 5302 
5578 5302 372 373 5303 
5579 5303 373 374 5304 
5580 5304 374 375 5305 
5581 5305 375 376 5306 
5582 5306 376 377 5307 
5583 5307 377 378 5308 
5584 5308 378 379 5309 
5585 5309 379 380 5310 
5586 5310 380 381 5311 
5587 5311 381 382 5312 
5588 5312 382 383 5313 
5589 5313 383 384 5314 
5590 5314 384 385 5315 
5591 5315 385 386 5316 
5592 5316 386 387 5317 
5593 5317 387 388 5318 
5594 5318 388 389 5319 
5595 5319 389 390 5320 
5596 5320 390 391 5321 
5597 5321 391 392 5322 
5598 5322 392 393 5323 
5599 5323 393 394 5324 
5600 5324 394 395 5325 
5601 5325 395 396 5326 
5602 5326 396 397 5327 
5603 5327 397 398 5328 
5604 5328 398 399 5329 
5605 5329 399 400 5330 
5606 5330 400 8 401 
$EndElements
