# Time Cd Cl Pressure_Diff, div norm
1.00000000e-04 3.43052962e-01 -8.12433512e-01 1.06540660e+01 1.60010859e+00
2.00000000e-04 1.84297506e+00 -7.80659734e-01 1.09349738e+01 6.02758941e-01
3.00000000e-04 1.18905551e+00 -7.90818037e-01 1.10042931e+01 5.59675642e-01
4.00000000e-04 1.82469602e+00 -7.29857804e-01 1.07440732e+01 5.68703739e-01
5.00000000e-04 1.49671716e+00 -6.95411963e-01 1.04437582e+01 5.64122573e-01
6.00000000e-04 1.87311306e+00 -6.29535432e-01 9.99277852e+00 6.08507370e-01
7.00000000e-04 1.63306271e+00 -5.72679313e-01 9.45898315e+00 5.91671308e-01
8.00000000e-04 1.85990110e+00 -4.94108358e-01 8.80403512e+00 6.35872058e-01
9.00000000e-04 1.64228364e+00 -4.20712203e-01 8.06645964e+00 6.00607842e-01
1.00000000e-03 1.76624635e+00 -3.32433848e-01 7.22905982e+00 6.34402925e-01
1.10000000e-03 1.54558992e+00 -2.48653404e-01 6.32025741e+00 5.82783403e-01
1.20000000e-03 1.59158962e+00 -1.55720094e-01 5.33287757e+00 6.06287151e-01
1.30000000e-03 1.35770365e+00 -6.76614849e-02 4.29101978e+00 5.40344610e-01
1.40000000e-03 1.34211559e+00 2.46116288e-02 3.19360673e+00 5.56765348e-01
1.50000000e-03 1.09250835e+00 1.11309099e-01 2.06259181e+00 4.79221281e-01
1.60000000e-03 1.02831677e+00 1.98171860e-01 9.00989036e-01 4.93882333e-01
1.70000000e-03 7.65004225e-01 2.78846259e-01 -2.70537632e-01 4.09345889e-01
1.80000000e-03 6.63939760e-01 3.56640649e-01 -1.44622550e+00 4.29131159e-01
1.90000000e-03 3.91806239e-01 4.27955580e-01 -2.60645842e+00 3.45968874e-01
2.00000000e-03 2.65214162e-01 4.94345502e-01 -3.74380532e+00 3.78379028e-01
2.10000000e-03 -8.97730481e-03 5.54343757e-01 -4.83981307e+00 3.10966422e-01
2.20000000e-03 -1.49875324e-01 6.08215602e-01 -5.88635561e+00 3.60008540e-01
2.30000000e-03 -4.18220412e-01 6.56053912e-01 -6.86649178e+00 3.23815733e-01
2.40000000e-03 -5.62420929e-01 6.97126418e-01 -7.77232247e+00 3.84498203e-01
2.50000000e-03 -8.16545339e-01 7.32577482e-01 -8.58891289e+00 3.82246642e-01
2.60000000e-03 -9.53580287e-01 7.60861796e-01 -9.30946246e+00 4.45405085e-01
2.70000000e-03 -1.18528902e+00 7.83769390e-01 -9.92159998e+00 4.67658500e-01
2.80000000e-03 -1.30564240e+00 7.99095271e-01 -1.04204152e+01 5.27648839e-01
2.90000000e-03 -1.50750485e+00 8.09010445e-01 -1.07966388e+01 5.63522499e-01
3.00000000e-03 -1.60300451e+00 8.10836003e-01 -1.10479148e+01 6.17748767e-01
3.10000000e-03 1.85616372e+00 -7.77778107e+00 1.01410579e+02 1.68064263e+01
3.20000000e-03 1.45345421e+01 3.79711071e-01 3.73653869e+00 1.42371509e+01
3.30000000e-03 -6.88227629e+00 -1.73840126e-01 3.04169981e+00 6.95351288e+00
3.40000000e-03 6.37424698e+00 2.67534870e-01 9.16165543e-01 5.53167208e+00
3.50000000e-03 -3.18825883e+00 7.94577720e-02 1.62554070e+00 4.85611937e+00
3.60000000e-03 4.18328138e+00 1.76375273e-01 1.21160036e+00 4.62291897e+00
3.70000000e-03 -1.85026650e+00 1.15209192e-01 1.45722769e+00 4.36318096e+00
3.80000000e-03 3.11022004e+00 1.61032378e-01 1.25310343e+00 4.27064540e+00
3.90000000e-03 -1.18321782e+00 1.23682940e-01 1.38868898e+00 4.09103264e+00
4.00000000e-03 2.49630887e+00 1.54392901e-01 1.26207729e+00 4.00764643e+00
4.10000000e-03 -7.96755132e-01 1.26940789e-01 1.35236955e+00 3.85052694e+00
4.20000000e-03 2.10674792e+00 1.49320226e-01 1.26378913e+00 3.76683067e+00
4.30000000e-03 -5.49897400e-01 1.29370998e-01 1.32939854e+00 3.62878849e+00
4.40000000e-03 1.83944382e+00 1.44290688e-01 1.26327326e+00 3.54972952e+00
4.50000000e-03 -3.80096162e-01 1.31310745e-01 1.31327069e+00 3.42988194e+00
4.60000000e-03 1.64441493e+00 1.39150137e-01 1.26191472e+00 3.35803436e+00
4.70000000e-03 -2.56399692e-01 1.32564220e-01 1.30118073e+00 3.25407108e+00
4.80000000e-03 1.49513331e+00 1.34017986e-01 1.26016651e+00 3.18966917e+00
4.90000000e-03 -1.62228385e-01 1.32983537e-01 1.29169290e+00 3.09888073e+00
5.00000000e-03 1.37655742e+00 1.28997102e-01 1.25821481e+00 3.04117041e+00
5.10000000e-03 -8.80840868e-02 1.32532377e-01 1.28398290e+00 2.96114273e+00
5.20000000e-03 1.27964171e+00 1.24134661e-01 1.25615922e+00 2.90915690e+00
5.30000000e-03 -2.81882637e-02 1.31256440e-01 1.27754131e+00 2.83794412e+00
5.40000000e-03 1.19865100e+00 1.19438089e-01 1.25406275e+00 2.79079537e+00
5.50000000e-03 2.11687729e-02 1.29247084e-01 1.27203718e+00 2.72687485e+00
5.60000000e-03 1.12977488e+00 1.14894525e-01 1.25196720e+00 2.68382808e+00
5.70000000e-03 6.24831255e-02 1.26614757e-01 1.26724716e+00 2.62600922e+00
5.80000000e-03 1.07037643e+00 1.10483995e-01 1.24989961e+00 2.58647520e+00
5.90000000e-03 9.75031850e-02 1.23472534e-01 1.26301513e+00 2.53381784e+00
6.00000000e-03 1.01856543e+00 1.06186693e-01 1.24787625e+00 2.49732600e+00
6.10000000e-03 1.27495835e-01 1.19926982e-01 1.25922835e+00 2.44907867e+00
6.20000000e-03 9.72945207e-01 1.01986316e-01 1.24590564e+00 2.41524947e+00
6.30000000e-03 1.53405546e-01 1.16073696e-01 1.25580281e+00 2.37080463e+00
6.40000000e-03 9.32456563e-01 9.78710695e-02 1.24399103e+00 2.33932726e+00
6.50000000e-03 1.75953442e-01 1.11995668e-01 1.25267423e+00 2.29818896e+00
6.60000000e-03 8.96278114e-01 9.38334479e-02 1.24213227e+00 2.26880464e+00
6.70000000e-03 1.95701301e-01 1.07763224e-01 1.24979246e+00 2.23056469e+00
6.80000000e-03 8.63760702e-01 8.98694408e-02 1.24032736e+00 2.20305446e+00
6.90000000e-03 2.13094262e-01 1.03434824e-01 1.24711786e+00 2.16737456e+00
7.00000000e-03 8.34382927e-01 8.59775780e-02 1.23857346e+00 2.14155044e+00
7.10000000e-03 2.28490180e-01 9.90582495e-02 1.24461897e+00 2.10814852e+00
7.20000000e-03 8.07720199e-01 8.21580199e-02 1.23686770e+00 2.08384708e+00
7.30000000e-03 2.42180302e-01 9.46719263e-02 1.24227078e+00 2.05248661e+00
7.40000000e-03 7.83422657e-01 7.84117947e-02 1.23520760e+00 2.02956415e+00
7.50000000e-03 2.54404181e-01 9.03062472e-02 1.24005354e+00 2.00004575e+00
7.60000000e-03 7.61199042e-01 7.47402206e-02 1.23359133e+00 1.97837482e+00
7.70000000e-03 2.65360659e-01 8.59848122e-02 1.23795173e+00 1.95052950e+00
7.80000000e-03 7.40804689e-01 7.11445099e-02 1.23201781e+00 1.92999622e+00
7.90000000e-03 2.75216093e-01 8.17255612e-02 1.23595334e+00 1.90367990e+00
8.00000000e-03 7.22032426e-01 6.76255365e-02 1.23048671e+00 1.88418200e+00
8.10000000e-03 2.84110634e-01 7.75417895e-02 1.23404917e+00 1.85927113e+00
8.20000000e-03 7.04705555e-01 6.41837364e-02 1.22899834e+00 1.84071633e+00
8.30000000e-03 2.92163089e-01 7.34430486e-02 1.23223230e+00 1.81710422e+00
8.40000000e-03 6.88672391e-01 6.08191117e-02 1.22755357e+00 1.79940911e+00
8.50000000e-03 2.99474735e-01 6.94359366e-02 1.23049758e+00 1.77700296e+00
8.60000000e-03 6.73801945e-01 5.75313044e-02 1.22615369e+00 1.76009205e+00
8.70000000e-03 3.06132343e-01 6.55247817e-02 1.22884125e+00 1.73881049e+00
8.80000000e-03 6.59980482e-01 5.43197089e-02 1.22480019e+00 1.72261537e+00
8.90000000e-03 3.12210609e-01 6.17122241e-02 1.22726054e+00 1.70238648e+00
9.00000000e-03 6.47108755e-01 5.11835988e-02 1.22349467e+00 1.68684525e+00
9.10000000e-03 3.17774114e-01 5.79996949e-02 1.22575338e+00 1.66760486e+00
9.20000000e-03 6.35099753e-01 4.81222434e-02 1.22223862e+00 1.65266154e+00
9.30000000e-03 3.22878918e-01 5.43877997e-02 1.22431807e+00 1.63435196e+00
9.40000000e-03 6.23876858e-01 4.51350009e-02 1.22103330e+00 1.61995597e+00
9.50000000e-03 3.27573863e-01 5.08766076e-02 1.22295307e+00 1.60252484e+00
9.60000000e-03 6.13372323e-01 4.22213777e-02 1.21987959e+00 1.58863059e+00
9.70000000e-03 3.31901651e-01 4.74658586e-02 1.22165680e+00 1.57203003e+00
9.80000000e-03 6.03526006e-01 3.93810515e-02 1.21877794e+00 1.55859649e+00
9.90000000e-03 3.35899726e-01 4.41550957e-02 1.22042752e+00 1.54278237e+00
1.00000000e-02 5.94284314e-01 3.66138612e-02 1.21772824e+00 1.52977269e+00
1.01000000e-02 3.39601013e-01 4.09437394e-02 1.21926319e+00 1.51470408e+00
1.02000000e-02 5.85599307e-01 3.39197705e-02 1.21672986e+00 1.50208520e+00
1.03000000e-02 3.43034531e-01 3.78311156e-02 1.21816147e+00 1.48772390e+00
1.04000000e-02 5.77427952e-01 3.12988131e-02 1.21578164e+00 1.47546625e+00
1.05000000e-02 3.46225913e-01 3.48164539e-02 1.21711969e+00 1.46177641e+00
1.06000000e-02 5.69731482e-01 2.87510290e-02 1.21488191e+00 1.44985359e+00
1.07000000e-02 3.49197846e-01 3.18988678e-02 1.21613489e+00 1.43680144e+00
1.08000000e-02 5.62474860e-01 2.62764023e-02 1.21402860e+00 1.42518991e+00
1.09000000e-02 3.51970438e-01 2.90773287e-02 1.21520384e+00 1.41274348e+00
1.10000000e-02 5.55626317e-01 2.38748056e-02 1.21321928e+00 1.40142231e+00
1.11000000e-02 3.54561548e-01 2.63506428e-02 1.21432313e+00 1.38955129e+00
1.12000000e-02 5.49156963e-01 2.15459569e-02 1.21245125e+00 1.37850188e+00
1.13000000e-02 3.56987057e-01 2.37174342e-02 1.21348924e+00 1.36717742e+00
1.14000000e-02 5.43040452e-01 1.92893921e-02 1.21172166e+00 1.35638330e+00
1.15000000e-02 3.59261113e-01 2.11761401e-02 1.21269859e+00 1.34557790e+00
1.16000000e-02 5.37252700e-01 1.71044515e-02 1.21102754e+00 1.33502449e+00
1.17000000e-02 3.61396340e-01 1.87250154e-02 1.21194763e+00 1.32471191e+00
1.18000000e-02 5.31771637e-01 1.49902814e-02 1.21036590e+00 1.31438631e+00
1.19000000e-02 3.63404023e-01 1.63621478e-02 1.21123285e+00 1.30454147e+00
1.20000000e-02 5.26576999e-01 1.29458457e-02 1.20973380e+00 1.29443231e+00
1.21000000e-02 3.65294269e-01 1.40854804e-02 1.21055088e+00 1.28503122e+00
1.22000000e-02 5.21650145e-01 1.09699461e-02 1.20912833e+00 1.27512846e+00
1.23000000e-02 3.67076152e-01 1.18928375e-02 1.20989846e+00 1.26614818e+00
1.24000000e-02 5.16973896e-01 9.06124650e-03 1.20854670e+00 1.25644299e+00
1.25000000e-02 3.68757827e-01 9.78195358e-03 1.20927249e+00 1.24786157e+00
1.26000000e-02 5.12532401e-01 7.21829912e-03 1.20798625e+00 1.23834614e+00
1.27000000e-02 3.70346651e-01 7.75050003e-03 1.20867003e+00 1.23014259e+00
1.28000000e-02 5.08311009e-01 5.43956933e-03 1.20744443e+00 1.22081004e+00
1.29000000e-02 3.71849265e-01 5.79611018e-03 1.20808831e+00 1.21296429e+00
1.30000000e-02 5.04296162e-01 3.72345811e-03 1.20691883e+00 1.20380852e+00
1.31000000e-02 3.73271684e-01 3.91639989e-03 1.20752474e+00 1.19630140e+00
1.32000000e-02 5.00475297e-01 2.06832075e-03 1.20640720e+00 1.18731703e+00
1.33000000e-02 3.74619363e-01 2.10898395e-03 1.20697687e+00 1.18013024e+00
1.34000000e-02 4.96836760e-01 4.72481460e-04 1.20590739e+00 1.17131246e+00
1.35000000e-02 3.75897261e-01 3.71488087e-04 1.20644242e+00 1.16442854e+00
1.36000000e-02 4.93369727e-01 -1.06575588e-03 1.20541742e+00 1.15577306e+00
1.37000000e-02 3.77109896e-01 -1.29844298e-03 1.20591928e+00 1.14917539e+00
1.38000000e-02 4.90064131e-01 -2.54810038e-03 1.20493543e+00 1.14067833e+00
1.39000000e-02 3.78261388e-01 -2.90314074e-03 1.20540548e+00 1.13435110e+00
1.40000000e-02 4.86910602e-01 -3.97626942e-03 1.20445972e+00 1.12600895e+00
1.41000000e-02 3.79355506e-01 -4.44491038e-03 1.20489921e+00 1.11993714e+00
1.42000000e-02 4.83900406e-01 -5.35198588e-03 1.20398870e+00 1.11174668e+00
1.43000000e-02 3.80395697e-01 -5.92603001e-03 1.20439882e+00 1.10591602e+00
1.44000000e-02 4.81025396e-01 -6.67697641e-03 1.20352094e+00 1.09787428e+00
1.45000000e-02 3.81385124e-01 -7.34875060e-03 1.20390282e+00 1.09227126e+00
1.46000000e-02 4.78277962e-01 -7.95297027e-03 1.20305514e+00 1.08437545e+00
1.47000000e-02 3.82326693e-01 -8.71529614e-03 1.20340983e+00 1.07898729e+00
1.48000000e-02 4.75650993e-01 -9.18169799e-03 1.20259015e+00 1.07123477e+00
1.49000000e-02 3.83223076e-01 -1.00278636e-02 1.20291868e+00 1.06604940e+00
1.50000000e-02 4.73137834e-01 -1.03648897e-02 1.20212495e+00 1.05843765e+00
1.51000000e-02 3.84076738e-01 -1.12886223e-02 1.20242830e+00 1.05344369e+00
1.52000000e-02 4.70732255e-01 -1.15042730e-02 1.20165866e+00 1.04597026e+00
1.53000000e-02 3.84889952e-01 -1.24997126e-02 1.20193779e+00 1.04115697e+00
1.54000000e-02 4.68428419e-01 -1.26015694e-02 1.20119053e+00 1.03381949e+00
1.55000000e-02 3.85664824e-01 -1.36632437e-02 1.20144639e+00 1.02917679e+00
1.56000000e-02 4.66220852e-01 -1.36584912e-02 1.20071997e+00 1.02197290e+00
1.57000000e-02 3.86403304e-01 -1.47812908e-02 1.20095345e+00 1.01749130e+00
1.58000000e-02 4.64104420e-01 -1.46767369e-02 1.20024646e+00 1.01041868e+00
1.59000000e-02 3.87107205e-01 -1.58558922e-02 1.20045847e+00 1.00608929e+00
1.60000000e-02 4.62074306e-01 -1.56579865e-02 1.19976964e+00 9.99145612e-01
1.61000000e-02 3.87778213e-01 -1.68890449e-02 1.19996107e+00 9.94960104e-01
1.62000000e-02 4.60125984e-01 -1.66038964e-02 1.19928925e+00 9.88143045e-01
1.63000000e-02 3.88417903e-01 -1.78827013e-02 1.19946098e+00 9.84093611e-01
1.64000000e-02 4.58255204e-01 -1.75160943e-02 1.19880511e+00 9.77400843e-01
1.65000000e-02 3.89027747e-01 -1.88387645e-02 1.19895800e+00 9.73480183e-01
1.66000000e-02 4.56457975e-01 -1.83961743e-02 1.19831717e+00 9.66909362e-01
1.67000000e-02 3.89609125e-01 -1.97590850e-02 1.19845206e+00 9.63110653e-01
1.68000000e-02 4.54730541e-01 -1.92456922e-02 1.19782542e+00 9.56659424e-01
1.69000000e-02 3.90163335e-01 -2.06454567e-02 1.19794315e+00 9.52976290e-01
1.70000000e-02 4.53069375e-01 -2.00661610e-02 1.19732995e+00 9.46642285e-01
1.71000000e-02 3.90691596e-01 -2.14996137e-02 1.19743133e+00 9.43068773e-01
1.72000000e-02 4.51471158e-01 -2.08590467e-02 1.19683089e+00 9.36849612e-01
1.73000000e-02 3.91195062e-01 -2.23232277e-02 1.19691673e+00 9.33380166e-01
1.74000000e-02 4.49932768e-01 -2.16257656e-02 1.19632844e+00 9.27273464e-01
1.75000000e-02 3.91674822e-01 -2.31179055e-02 1.19639953e+00 9.23902894e-01
1.76000000e-02 4.48451269e-01 -2.23676808e-02 1.19582285e+00 9.17906260e-01
1.77000000e-02 3.92131908e-01 -2.38851871e-02 1.19587994e+00 9.14629725e-01
1.78000000e-02 4.47023895e-01 -2.30861003e-02 1.19531437e+00 9.08740770e-01
1.79000000e-02 3.92567301e-01 -2.46265452e-02 1.19535821e+00 9.05553747e-01
1.80000000e-02 4.45648045e-01 -2.37822757e-02 1.19480331e+00 8.99770087e-01
1.81000000e-02 3.92981933e-01 -2.53433837e-02 1.19483463e+00 8.96668353e-01
1.82000000e-02 4.44321267e-01 -2.44574006e-02 1.19428999e+00 8.90987615e-01
1.83000000e-02 3.93376690e-01 -2.60370383e-02 1.19430948e+00 8.87967223e-01
1.84000000e-02 4.43041253e-01 -2.51126103e-02 1.19377475e+00 8.82387049e-01
1.85000000e-02 3.93752418e-01 -2.67087763e-02 1.19378308e+00 8.79444308e-01
1.86000000e-02 4.41805826e-01 -2.57489821e-02 1.19325792e+00 8.73962361e-01
1.87000000e-02 3.94109925e-01 -2.73597980e-02 1.19325574e+00 8.71093817e-01
1.88000000e-02 4.40612935e-01 -2.63675355e-02 1.19273986e+00 8.65707785e-01
1.89000000e-02 3.94449982e-01 -2.79912374e-02 1.19272779e+00 8.62910203e-01
1.90000000e-02 4.39460646e-01 -2.69692330e-02 1.19222089e+00 8.57617803e-01
1.91000000e-02 3.94773327e-01 -2.86041641e-02 1.19219953e+00 8.54888149e-01
1.92000000e-02 4.38347132e-01 -2.75549816e-02 1.19170137e+00 8.49687132e-01
1.93000000e-02 3.95080665e-01 -2.91995849e-02 1.19167129e+00 8.47022559e-01
1.94000000e-02 4.37270672e-01 -2.81256339e-02 1.19118162e+00 8.41910712e-01
1.95000000e-02 3.95372672e-01 -2.97784460e-02 1.19114337e+00 8.39308545e-01
1.96000000e-02 4.36229635e-01 -2.86819903e-02 1.19066197e+00 8.34283695e-01
1.97000000e-02 3.95649996e-01 -3.03416352e-02 1.19061605e+00 8.31741417e-01
1.98000000e-02 4.35222486e-01 -2.92248004e-02 1.19014271e+00 8.26801435e-01
1.99000000e-02 3.95913257e-01 -3.08899843e-02 1.19008963e+00 8.24316676e-01
2.00000000e-02 4.34247770e-01 -2.97547655e-02 1.18962415e+00 8.19459477e-01
2.01000000e-02 3.96163049e-01 -3.14242719e-02 1.18956437e+00 8.17030001e-01
2.02000000e-02 4.33304111e-01 -3.02725407e-02 1.18910656e+00 8.12253548e-01
2.03000000e-02 3.96399943e-01 -3.19452253e-02 1.18904052e+00 8.09877245e-01
2.04000000e-02 4.32390207e-01 -3.07787368e-02 1.18859020e+00 8.05179549e-01
2.05000000e-02 3.96624486e-01 -3.24535237e-02 1.18851832e+00 8.02854425e-01
2.06000000e-02 4.31504825e-01 -3.12739231e-02 1.18807532e+00 7.98233546e-01
2.07000000e-02 3.96837201e-01 -3.29498006e-02 1.18799800e+00 7.95957713e-01
2.08000000e-02 4.30646797e-01 -3.17586294e-02 1.18756215e+00 7.91411764e-01
2.09000000e-02 3.97038591e-01 -3.34346464e-02 1.18747976e+00 7.89183436e-01
2.10000000e-02 4.29815014e-01 -3.22333481e-02 1.18705089e+00 7.84710581e-01
2.11000000e-02 3.97229139e-01 -3.39086109e-02 1.18696379e+00 7.82528062e-01
2.12000000e-02 4.29008425e-01 -3.26985369e-02 1.18654174e+00 7.78126516e-01
2.13000000e-02 3.97409306e-01 -3.43722058e-02 1.18645026e+00 7.75988199e-01
2.14000000e-02 4.28226033e-01 -3.31546207e-02 1.18603489e+00 7.71656231e-01
2.15000000e-02 3.97579536e-01 -3.48259072e-02 1.18593933e+00 7.69560588e-01
2.16000000e-02 4.27466889e-01 -3.36019937e-02 1.18553048e+00 7.65296519e-01
2.17000000e-02 3.97740253e-01 -3.52701575e-02 1.18543115e+00 7.63242100e-01
2.18000000e-02 4.26730092e-01 -3.40410216e-02 1.18502868e+00 7.59044301e-01
2.19000000e-02 3.97891865e-01 -3.57053685e-02 1.18492585e+00 7.57029726e-01
2.20000000e-02 4.26014785e-01 -3.44720434e-02 1.18452961e+00 7.52896621e-01
2.21000000e-02 3.98034763e-01 -3.61319225e-02 1.18442354e+00 7.50920577e-01
2.22000000e-02 4.25320153e-01 -3.48953735e-02 1.18403340e+00 7.46850641e-01
2.23000000e-02 3.98169320e-01 -3.65501750e-02 1.18392432e+00 7.44911878e-01
2.24000000e-02 4.24645418e-01 -3.53113034e-02 1.18354014e+00 7.40903635e-01
2.25000000e-02 3.98295895e-01 -3.69604566e-02 1.18342830e+00 7.39000961e-01
2.26000000e-02 4.23989841e-01 -3.57201032e-02 1.18304994e+00 7.35052985e-01
2.27000000e-02 3.98414833e-01 -3.73630745e-02 1.18293553e+00 7.33185266e-01
2.28000000e-02 4.23352716e-01 -3.61220236e-02 1.18256287e+00 7.29296176e-01
2.29000000e-02 3.98526461e-01 -3.77583144e-02 1.18244611e+00 7.27462329e-01
2.30000000e-02 4.22733371e-01 -3.65172970e-02 1.18207900e+00 7.23630793e-01
2.31000000e-02 3.98631096e-01 -3.81464422e-02 1.18196008e+00 7.21829784e-01
2.32000000e-02 4.22131162e-01 -3.69061394e-02 1.18159840e+00 7.18054514e-01
2.33000000e-02 3.98729040e-01 -3.85277053e-02 1.18147749e+00 7.16285356e-01
2.34000000e-02 4.21545478e-01 -3.72887511e-02 1.18112112e+00 7.12565106e-01
2.35000000e-02 3.98820583e-01 -3.89023344e-02 1.18099838e+00 7.10826856e-01
2.36000000e-02 4.20975731e-01 -3.76653186e-02 1.18064721e+00 7.07160423e-01
2.37000000e-02 3.98906001e-01 -3.92705443e-02 1.18052279e+00 7.05452177e-01
2.38000000e-02 4.20421362e-01 -3.80360154e-02 1.18017669e+00 7.01838398e-01
2.39000000e-02 3.98985560e-01 -3.96325356e-02 1.18005074e+00 7.00159292e-01
2.40000000e-02 4.19881836e-01 -3.84010029e-02 1.17970959e+00 6.96597041e-01
2.41000000e-02 3.99059514e-01 -3.99884956e-02 1.17958226e+00 6.94946246e-01
2.42000000e-02 4.19356640e-01 -3.87604319e-02 1.17924594e+00 6.91434434e-01
2.43000000e-02 3.99128108e-01 -4.03385995e-02 1.17911735e+00 6.89811155e-01
2.44000000e-02 4.18845283e-01 -3.91144433e-02 1.17878576e+00 6.86348728e-01
2.45000000e-02 3.99191575e-01 -4.06830112e-02 1.17865602e+00 6.84752201e-01
2.46000000e-02 4.18347295e-01 -3.94631688e-02 1.17832904e+00 6.81338137e-01
2.47000000e-02 3.99250137e-01 -4.10218845e-02 1.17819827e+00 6.79767626e-01
2.48000000e-02 4.17862227e-01 -3.98067318e-02 1.17787581e+00 6.76400934e-01
2.49000000e-02 3.99304009e-01 -4.13553639e-02 1.17774411e+00 6.74855732e-01
2.50000000e-02 4.17389647e-01 -4.01452484e-02 1.17742605e+00 6.71535453e-01
2.51000000e-02 3.99353396e-01 -4.16835851e-02 1.17729352e+00 6.70014876e-01
2.52000000e-02 4.16929141e-01 -4.04788276e-02 1.17697977e+00 6.66740076e-01
2.53000000e-02 3.99398493e-01 -4.20066760e-02 1.17684651e+00 6.65243464e-01
2.54000000e-02 4.16480312e-01 -4.08075723e-02 1.17653696e+00 6.62013238e-01
2.55000000e-02 3.99439490e-01 -4.23247574e-02 1.17640304e+00 6.60539954e-01
2.56000000e-02 4.16042779e-01 -4.11315798e-02 1.17609761e+00 6.57353420e-01
2.57000000e-02 3.99476564e-01 -4.26379434e-02 1.17596312e+00 6.55902848e-01
2.58000000e-02 4.15616177e-01 -4.14509421e-02 1.17566170e+00 6.52759149e-01
2.59000000e-02 3.99509890e-01 -4.29463423e-02 1.17552672e+00 6.51330689e-01
2.60000000e-02 4.15200154e-01 -4.17657467e-02 1.17522922e+00 6.48228992e-01
2.61000000e-02 3.99539632e-01 -4.32500566e-02 1.17509382e+00 6.46822065e-01
2.62000000e-02 4.14794372e-01 -4.20760770e-02 1.17480016e+00 6.43761558e-01
2.63000000e-02 3.99565948e-01 -4.35491840e-02 1.17466440e+00 6.42375600e-01
2.64000000e-02 4.14398509e-01 -4.23820123e-02 1.17437449e+00 6.39355492e-01
2.65000000e-02 3.99588989e-01 -4.38438177e-02 1.17423844e+00 6.37989957e-01
2.66000000e-02 4.14012251e-01 -4.26836286e-02 1.17395219e+00 6.35009477e-01
2.67000000e-02 3.99608901e-01 -4.41340467e-02 1.17381592e+00 6.33663832e-01
2.68000000e-02 4.13635298e-01 -4.29809990e-02 1.17353325e+00 6.30722231e-01
2.69000000e-02 3.99625822e-01 -4.44199561e-02 1.17339680e+00 6.29395959e-01
2.70000000e-02 4.13267363e-01 -4.32741936e-02 1.17311763e+00 6.26492504e-01
2.71000000e-02 3.99639885e-01 -4.47016277e-02 1.17298106e+00 6.25185103e-01
2.72000000e-02 4.12908168e-01 -4.35632801e-02 1.17270532e+00 6.22319081e-01
2.73000000e-02 3.99651218e-01 -4.49791400e-02 1.17256867e+00 6.21030062e-01
2.74000000e-02 4.12557445e-01 -4.38483238e-02 1.17229628e+00 6.18200779e-01
2.75000000e-02 3.99659943e-01 -4.52525689e-02 1.17215961e+00 6.16929666e-01
2.76000000e-02 4.12214938e-01 -4.41293882e-02 1.17189050e+00 6.14136445e-01
2.77000000e-02 3.99666177e-01 -4.55219874e-02 1.17175385e+00 6.12882776e-01
2.78000000e-02 4.11880397e-01 -4.44065347e-02 1.17148794e+00 6.10124958e-01
2.79000000e-02 3.99670033e-01 -4.57874663e-02 1.17135135e+00 6.08888283e-01
2.80000000e-02 4.11553585e-01 -4.46798233e-02 1.17108858e+00 6.06165227e-01
2.81000000e-02 3.99671616e-01 -4.60490742e-02 1.17095209e+00 6.04945109e-01
2.82000000e-02 4.11234271e-01 -4.49493124e-02 1.17069240e+00 6.02256191e-01
2.83000000e-02 3.99671032e-01 -4.63068778e-02 1.17055604e+00 6.01052205e-01
2.84000000e-02 4.10922234e-01 -4.52150591e-02 1.17029935e+00 5.98396817e-01
2.85000000e-02 3.99668377e-01 -4.65609419e-02 1.17016317e+00 5.97208550e-01
2.86000000e-02 4.10617259e-01 -4.54771193e-02 1.16990943e+00 5.94586101e-01
2.87000000e-02 3.99663748e-01 -4.68113296e-02 1.16977345e+00 5.93413153e-01
2.88000000e-02 4.10319141e-01 -4.57355479e-02 1.16952259e+00 5.90823070e-01
2.89000000e-02 3.99657233e-01 -4.70581026e-02 1.16938685e+00 5.89665051e-01
2.90000000e-02 4.10027680e-01 -4.59903985e-02 1.16913882e+00 5.87106774e-01
2.91000000e-02 3.99648921e-01 -4.73013211e-02 1.16900335e+00 5.85963306e-01
2.92000000e-02 4.09742684e-01 -4.62417242e-02 1.16875808e+00 5.83436293e-01
2.93000000e-02 3.99638895e-01 -4.75410442e-02 1.16862290e+00 5.82307009e-01
2.94000000e-02 4.09463968e-01 -4.64895772e-02 1.16838035e+00 5.79810733e-01
2.95000000e-02 3.99627234e-01 -4.77773296e-02 1.16824549e+00 5.78695277e-01
2.96000000e-02 4.09191353e-01 -4.67340087e-02 1.16800560e+00 5.76229226e-01
2.97000000e-02 3.99614016e-01 -4.80102340e-02 1.16787109e+00 5.75127251e-01
2.98000000e-02 4.08924666e-01 -4.69750696e-02 1.16763381e+00 5.72690926e-01
2.99000000e-02 3.99599313e-01 -4.82398130e-02 1.16749966e+00 5.71602098e-01
3.00000000e-02 4.08663740e-01 -4.72128097e-02 1.16726494e+00 5.69195016e-01
3.01000000e-02 3.99583195e-01 -4.84661214e-02 1.16713119e+00 5.68119006e-01
3.02000000e-02 4.08408415e-01 -4.74472787e-02 1.16689897e+00 5.65740697e-01
3.03000000e-02 3.99565732e-01 -4.86892129e-02 1.16676563e+00 5.64677189e-01
3.04000000e-02 4.08158534e-01 -4.76785254e-02 1.16653588e+00 5.62327196e-01
3.05000000e-02 3.99546986e-01 -4.89091405e-02 1.16640297e+00 5.61275881e-01
3.06000000e-02 4.07913947e-01 -4.79065982e-02 1.16617563e+00 5.58953760e-01
3.07000000e-02 3.99527020e-01 -4.91259562e-02 1.16604318e+00 5.57914339e-01
3.08000000e-02 4.07674508e-01 -4.81315450e-02 1.16581821e+00 5.55619657e-01
3.09000000e-02 3.99505895e-01 -4.93397115e-02 1.16568622e+00 5.54591838e-01
3.10000000e-02 4.07440077e-01 -4.83534131e-02 1.16546359e+00 5.52324176e-01
3.11000000e-02 3.99483666e-01 -4.95504568e-02 1.16533209e+00 5.51307675e-01
3.12000000e-02 4.07210517e-01 -4.85722494e-02 1.16511173e+00 5.49066625e-01
3.13000000e-02 3.99460389e-01 -4.97582422e-02 1.16498074e+00 5.48061164e-01
3.14000000e-02 4.06985698e-01 -4.87881004e-02 1.16476263e+00 5.45846328e-01
3.15000000e-02 3.99436116e-01 -4.99631167e-02 1.16463215e+00 5.44851639e-01
3.16000000e-02 4.06765491e-01 -4.90010120e-02 1.16441625e+00 5.42662629e-01
3.17000000e-02 3.99410898e-01 -5.01651288e-02 1.16428631e+00 5.41678449e-01
3.18000000e-02 4.06549774e-01 -4.92110297e-02 1.16407258e+00 5.39514888e-01
3.19000000e-02 3.99384783e-01 -5.03643265e-02 1.16394317e+00 5.38540962e-01
3.20000000e-02 4.06338427e-01 -4.94181987e-02 1.16373158e+00 5.36402483e-01
3.21000000e-02 3.99357818e-01 -5.05607568e-02 1.16360273e+00 5.35438560e-01
3.22000000e-02 4.06131335e-01 -4.96225634e-02 1.16339323e+00 5.33324806e-01
3.23000000e-02 3.99330046e-01 -5.07544663e-02 1.16326495e+00 5.32370643e-01
3.24000000e-02 4.05928387e-01 -4.98241681e-02 1.16305751e+00 5.30281264e-01
3.25000000e-02 3.99301511e-01 -5.09455008e-02 1.16292982e+00 5.29336623e-01
3.26000000e-02 4.05729474e-01 -5.00230563e-02 1.16272440e+00 5.27271279e-01
3.27000000e-02 3.99272254e-01 -5.11339057e-02 1.16259730e+00 5.26335928e-01
3.28000000e-02 4.05534491e-01 -5.02192713e-02 1.16239388e+00 5.24294287e-01
3.29000000e-02 3.99242314e-01 -5.13197254e-02 1.16226738e+00 5.23367999e-01
3.30000000e-02 4.05343337e-01 -5.04128558e-02 1.16206592e+00 5.21349738e-01
3.31000000e-02 3.99211728e-01 -5.15030041e-02 1.16194004e+00 5.20432293e-01
3.32000000e-02 4.05155914e-01 -5.06038520e-02 1.16174050e+00 5.18437096e-01
3.33000000e-02 3.99180533e-01 -5.16837850e-02 1.16161524e+00 5.17528276e-01
3.34000000e-02 4.04972127e-01 -5.07923016e-02 1.16141761e+00 5.15555834e-01
3.35000000e-02 3.99148764e-01 -5.18621107e-02 1.16129297e+00 5.14655429e-01
3.36000000e-02 4.04791883e-01 -5.09782458e-02 1.16109721e+00 5.12705442e-01
3.37000000e-02 3.99116454e-01 -5.20380235e-02 1.16097321e+00 5.11813245e-01
3.38000000e-02 4.04615092e-01 -5.11617254e-02 1.16077929e+00 5.09885419e-01
3.39000000e-02 3.99083635e-01 -5.22115647e-02 1.16065594e+00 5.09001229e-01
3.40000000e-02 4.04441669e-01 -5.13427804e-02 1.16046383e+00 5.07095276e-01
3.41000000e-02 3.99050337e-01 -5.23827751e-02 1.16034113e+00 5.06218897e-01
3.42000000e-02 4.04271528e-01 -5.15214506e-02 1.16015081e+00 5.04334537e-01
3.43000000e-02 3.99016591e-01 -5.25516948e-02 1.16002877e+00 5.03465775e-01
3.44000000e-02 4.04104589e-01 -5.16977750e-02 1.15984021e+00 5.01602735e-01
3.45000000e-02 3.98982424e-01 -5.27183635e-02 1.15971883e+00 5.00741403e-01
3.46000000e-02 4.03940773e-01 -5.18717922e-02 1.15953201e+00 4.98899415e-01
3.47000000e-02 3.98947863e-01 -5.28828198e-02 1.15941129e+00 4.98045329e-01
3.48000000e-02 4.03780002e-01 -5.20435403e-02 1.15922618e+00 4.96224130e-01
3.49000000e-02 3.98912934e-01 -5.30451021e-02 1.15910614e+00 4.95377112e-01
3.50000000e-02 4.03622202e-01 -5.22130566e-02 1.15892271e+00 4.93576447e-01
3.51000000e-02 3.98877664e-01 -5.32052480e-02 1.15880335e+00 4.92736321e-01
3.52000000e-02 4.03467301e-01 -5.23803781e-02 1.15862159e+00 4.90955939e-01
3.53000000e-02 3.98842074e-01 -5.33632944e-02 1.15850290e+00 4.90122536e-01
3.54000000e-02 4.03315229e-01 -5.25455410e-02 1.15832278e+00 4.88362192e-01
3.55000000e-02 3.98806189e-01 -5.35192776e-02 1.15820478e+00 4.87535343e-01
3.56000000e-02 4.03165918e-01 -5.27085813e-02 1.15802628e+00 4.85794798e-01
3.57000000e-02 3.98770030e-01 -5.36732332e-02 1.15790897e+00 4.84974342e-01
3.58000000e-02 4.03019302e-01 -5.28695340e-02 1.15773206e+00 4.83253360e-01
3.59000000e-02 3.98733619e-01 -5.38251965e-02 1.15761545e+00 4.82439137e-01
3.60000000e-02 4.02875316e-01 -5.30284338e-02 1.15744011e+00 4.80737490e-01
3.61000000e-02 3.98696975e-01 -5.39752017e-02 1.15732419e+00 4.79929345e-01
3.62000000e-02 4.02733899e-01 -5.31853148e-02 1.15715040e+00 4.78246807e-01
3.63000000e-02 3.98660119e-01 -5.41232826e-02 1.15703519e+00 4.77444588e-01
3.64000000e-02 4.02594991e-01 -5.33402104e-02 1.15686293e+00 4.75780940e-01
3.65000000e-02 3.98623069e-01 -5.42694725e-02 1.15674841e+00 4.74984499e-01
3.66000000e-02 4.02458531e-01 -5.34931537e-02 1.15657767e+00 4.73339524e-01
3.67000000e-02 3.98585843e-01 -5.44138038e-02 1.15646385e+00 4.72548717e-01
3.68000000e-02 4.02324464e-01 -5.36441769e-02 1.15629460e+00 4.70922204e-01
3.69000000e-02 3.98548457e-01 -5.45563086e-02 1.15618149e+00 4.70136889e-01
3.70000000e-02 4.02192733e-01 -5.37933119e-02 1.15601371e+00 4.68528630e-01
3.71000000e-02 3.98510930e-01 -5.46970182e-02 1.15590131e+00 4.67748670e-01
3.72000000e-02 4.02063286e-01 -5.39405899e-02 1.15573499e+00 4.66158461e-01
3.73000000e-02 3.98473275e-01 -5.48359633e-02 1.15562329e+00 4.65383722e-01
3.74000000e-02 4.01936069e-01 -5.40860416e-02 1.15545840e+00 4.63811363e-01
3.75000000e-02 3.98435509e-01 -5.49731740e-02 1.15534741e+00 4.63041713e-01
3.76000000e-02 4.01811032e-01 -5.42296972e-02 1.15518394e+00 4.61487009e-01
3.77000000e-02 3.98397646e-01 -5.51086800e-02 1.15507366e+00 4.60722320e-01
3.78000000e-02 4.01688125e-01 -5.43715862e-02 1.15491159e+00 4.59185077e-01
3.79000000e-02 3.98359699e-01 -5.52425103e-02 1.15480202e+00 4.58425224e-01
3.80000000e-02 4.01567301e-01 -5.45117378e-02 1.15464134e+00 4.56905254e-01
3.81000000e-02 3.98321683e-01 -5.53746932e-02 1.15453248e+00 4.56150113e-01
3.82000000e-02 4.01448512e-01 -5.46501804e-02 1.15437316e+00 4.54647230e-01
3.83000000e-02 3.98283609e-01 -5.55052567e-02 1.15426501e+00 4.53896683e-01
3.84000000e-02 4.01331713e-01 -5.47869421e-02 1.15410704e+00 4.52410703e-01
3.85000000e-02 3.98245491e-01 -5.56342281e-02 1.15399960e+00 4.51664634e-01
3.86000000e-02 4.01216859e-01 -5.49220504e-02 1.15384296e+00 4.50195378e-01
3.87000000e-02 3.98207340e-01 -5.57616342e-02 1.15373623e+00 4.49453672e-01
3.88000000e-02 4.01103909e-01 -5.50555321e-02 1.15358092e+00 4.48000964e-01
3.89000000e-02 3.98169166e-01 -5.58875011e-02 1.15347490e+00 4.47263510e-01
3.90000000e-02 4.00992819e-01 -5.51874139e-02 1.15332088e+00 4.45827175e-01
3.91000000e-02 3.98130982e-01 -5.60118547e-02 1.15321557e+00 4.45093864e-01
3.92000000e-02 4.00883550e-01 -5.53177215e-02 1.15306285e+00 4.43673732e-01
3.93000000e-02 3.98092797e-01 -5.61347201e-02 1.15295824e+00 4.42944459e-01
3.94000000e-02 4.00776060e-01 -5.54464806e-02 1.15280679e+00 4.41540361e-01
3.95000000e-02 3.98054621e-01 -5.62561221e-02 1.15270289e+00 4.40815022e-01
3.96000000e-02 4.00670313e-01 -5.55737162e-02 1.15255270e+00 4.39426792e-01
3.97000000e-02 3.98016463e-01 -5.63760849e-02 1.15244951e+00 4.38705285e-01
3.98000000e-02 4.00566271e-01 -5.56994526e-02 1.15230056e+00 4.37332760e-01
3.99000000e-02 3.97978333e-01 -5.64946321e-02 1.15219807e+00 4.36614988e-01
4.00000000e-02 4.00463896e-01 -5.58237140e-02 1.15205035e+00 4.35258008e-01
4.01000000e-02 3.97940239e-01 -5.66117870e-02 1.15194857e+00 4.34543874e-01
4.02000000e-02 4.00363154e-01 -5.59465240e-02 1.15180207e+00 4.33202279e-01
4.03000000e-02 3.97902189e-01 -5.67275725e-02 1.15170098e+00 4.32491689e-01
4.04000000e-02 4.00264009e-01 -5.60679057e-02 1.15155569e+00 4.31165324e-01
4.05000000e-02 3.97864192e-01 -5.68420107e-02 1.15145530e+00 4.30458187e-01
4.06000000e-02 4.00166428e-01 -5.61878817e-02 1.15131119e+00 4.29146898e-01
4.07000000e-02 3.97826254e-01 -5.69551236e-02 1.15121151e+00 4.28443124e-01
4.08000000e-02 4.00070378e-01 -5.63064744e-02 1.15106858e+00 4.27146759e-01
4.09000000e-02 3.97788383e-01 -5.70669326e-02 1.15096959e+00 4.26446261e-01
4.10000000e-02 3.99975827e-01 -5.64237056e-02 1.15082782e+00 4.25164672e-01
4.11000000e-02 3.97750587e-01 -5.71774587e-02 1.15072953e+00 4.24467364e-01
4.12000000e-02 3.99882745e-01 -5.65395966e-02 1.15058891e+00 4.23200403e-01
4.13000000e-02 3.97712871e-01 -5.72867225e-02 1.15049131e+00 4.22506203e-01
4.14000000e-02 3.99791099e-01 -5.66541684e-02 1.15035184e+00 4.21253724e-01
4.15000000e-02 3.97675242e-01 -5.73947440e-02 1.15025493e+00 4.20562552e-01
4.16000000e-02 3.99700862e-01 -5.67674417e-02 1.15011658e+00 4.19324412e-01
4.17000000e-02 3.97637705e-01 -5.75015431e-02 1.15002036e+00 4.18636188e-01
4.18000000e-02 3.99612003e-01 -5.68794367e-02 1.14988312e+00 4.17412246e-01
4.19000000e-02 3.97600267e-01 -5.76071390e-02 1.14978759e+00 4.16726893e-01
4.20000000e-02 3.99524496e-01 -5.69901731e-02 1.14965146e+00 4.15517010e-01
4.21000000e-02 3.97562933e-01 -5.77115508e-02 1.14955660e+00 4.14834454e-01
4.22000000e-02 3.99438312e-01 -5.70996703e-02 1.14942157e+00 4.13638492e-01
4.23000000e-02 3.97525709e-01 -5.78147971e-02 1.14932739e+00 4.12958660e-01
4.24000000e-02 3.99353425e-01 -5.72079475e-02 1.14919344e+00 4.11776483e-01
4.25000000e-02 3.97488598e-01 -5.79168960e-02 1.14909994e+00 4.11099304e-01
4.26000000e-02 3.99269809e-01 -5.73150233e-02 1.14896706e+00 4.09930780e-01
4.27000000e-02 3.97451606e-01 -5.80178653e-02 1.14887424e+00 4.09256184e-01
4.28000000e-02 3.99187438e-01 -5.74209160e-02 1.14874241e+00 4.08101179e-01
4.29000000e-02 3.97414738e-01 -5.81177227e-02 1.14865027e+00 4.07429100e-01
4.30000000e-02 3.99106288e-01 -5.75256437e-02 1.14851949e+00 4.06287485e-01
4.31000000e-02 3.97377997e-01 -5.82164851e-02 1.14842801e+00 4.05617857e-01
4.32000000e-02 3.99026334e-01 -5.76292239e-02 1.14829827e+00 4.04489503e-01
4.33000000e-02 3.97341388e-01 -5.83141695e-02 1.14820747e+00 4.03822262e-01
4.34000000e-02 3.98947553e-01 -5.77316740e-02 1.14807875e+00 4.02707042e-01
4.35000000e-02 3.97304915e-01 -5.84107923e-02 1.14798861e+00 4.02042126e-01
4.36000000e-02 3.98869923e-01 -5.78330109e-02 1.14786091e+00 4.00939916e-01
4.37000000e-02 3.97268581e-01 -5.85063697e-02 1.14777143e+00 4.00277265e-01
4.38000000e-02 3.98793420e-01 -5.79332513e-02 1.14764475e+00 3.99187941e-01
4.39000000e-02 3.97232389e-01 -5.86009175e-02 1.14755592e+00 3.98527497e-01
4.40000000e-02 3.98718022e-01 -5.80324116e-02 1.14743023e+00 3.97450936e-01
4.41000000e-02 3.97196343e-01 -5.86944512e-02 1.14734206e+00 3.96792641e-01
4.42000000e-02 3.98643709e-01 -5.81305078e-02 1.14721736e+00 3.95728724e-01
4.43000000e-02 3.97160447e-01 -5.87869861e-02 1.14712985e+00 3.95072524e-01
4.44000000e-02 3.98570459e-01 -5.82275557e-02 1.14700612e+00 3.94021132e-01
4.45000000e-02 3.97124702e-01 -5.88785371e-02 1.14691925e+00 3.93366972e-01
4.46000000e-02 3.98498253e-01 -5.83235707e-02 1.14679650e+00 3.92327987e-01
4.47000000e-02 3.97089113e-01 -5.89691189e-02 1.14671028e+00 3.91675816e-01
4.48000000e-02 3.98427069e-01 -5.84185679e-02 1.14658848e+00 3.90649123e-01
4.49000000e-02 3.97053681e-01 -5.90587458e-02 1.14650291e+00 3.89998890e-01
4.50000000e-02 3.98356890e-01 -5.85125624e-02 1.14638206e+00 3.88984375e-01
4.51000000e-02 3.97018408e-01 -5.91474320e-02 1.14629712e+00 3.88336030e-01
4.52000000e-02 3.98287696e-01 -5.86055686e-02 1.14617722e+00 3.87333579e-01
4.53000000e-02 3.96983298e-01 -5.92351913e-02 1.14609292e+00 3.86687076e-01
4.54000000e-02 3.98219469e-01 -5.86976010e-02 1.14597395e+00 3.85696578e-01
4.55000000e-02 3.96948353e-01 -5.93220374e-02 1.14589028e+00 3.85051870e-01
4.56000000e-02 3.98152190e-01 -5.87886737e-02 1.14577223e+00 3.84073215e-01
4.57000000e-02 3.96913574e-01 -5.94079834e-02 1.14568919e+00 3.83430257e-01
4.58000000e-02 3.98085842e-01 -5.88788005e-02 1.14557206e+00 3.82463336e-01
4.59000000e-02 3.96878963e-01 -5.94930426e-02 1.14548965e+00 3.81822083e-01
4.60000000e-02 3.98020407e-01 -5.89679951e-02 1.14537342e+00 3.80866789e-01
4.61000000e-02 3.96844523e-01 -5.95772278e-02 1.14529163e+00 3.80227200e-01
4.62000000e-02 3.97955870e-01 -5.90562707e-02 1.14517631e+00 3.79283426e-01
4.63000000e-02 3.96810255e-01 -5.96605516e-02 1.14509514e+00 3.78645460e-01
4.64000000e-02 3.97892213e-01 -5.91436406e-02 1.14498070e+00 3.77713101e-01
4.65000000e-02 3.96776160e-01 -5.97430264e-02 1.14490015e+00 3.77076717e-01
4.66000000e-02 3.97829421e-01 -5.92301177e-02 1.14478659e+00 3.76155669e-01
4.67000000e-02 3.96742241e-01 -5.98246644e-02 1.14470665e+00 3.75520829e-01
4.68000000e-02 3.97767477e-01 -5.93157145e-02 1.14459397e+00 3.74610990e-01
4.69000000e-02 3.96708498e-01 -5.99054775e-02 1.14451464e+00 3.73977656e-01
4.70000000e-02 3.97706367e-01 -5.94004437e-02 1.14440283e+00 3.73078923e-01
4.71000000e-02 3.96674932e-01 -5.99854775e-02 1.14432410e+00 3.72447058e-01
4.72000000e-02 3.97646076e-01 -5.94843174e-02 1.14421314e+00 3.71559331e-01
4.73000000e-02 3.96641546e-01 -6.00646760e-02 1.14413502e+00 3.70928900e-01
4.74000000e-02 3.97586588e-01 -5.95673476e-02 1.14402492e+00 3.70052080e-01
4.75000000e-02 3.96608339e-01 -6.01430842e-02 1.14394739e+00 3.69423048e-01
4.76000000e-02 3.97527890e-01 -5.96495463e-02 1.14383813e+00 3.68557035e-01
4.77000000e-02 3.96575313e-01 -6.02207133e-02 1.14376120e+00 3.67929368e-01
4.78000000e-02 3.97469968e-01 -5.97309250e-02 1.14365277e+00 3.67074066e-01
4.79000000e-02 3.96542469e-01 -6.02975743e-02 1.14357644e+00 3.66447732e-01
4.80000000e-02 3.97412808e-01 -5.98114953e-02 1.14346884e+00 3.65603044e-01
4.81000000e-02 3.96509808e-01 -6.03736779e-02 1.14339309e+00 3.64978010e-01
4.82000000e-02 3.97356396e-01 -5.98912683e-02 1.14328631e+00 3.64143840e-01
4.83000000e-02 3.96477330e-01 -6.04490348e-02 1.14321115e+00 3.63520077e-01
4.84000000e-02 3.97300720e-01 -5.99702551e-02 1.14310519e+00 3.62696331e-01
4.85000000e-02 3.96445036e-01 -6.05236553e-02 1.14303060e+00 3.62073807e-01
4.86000000e-02 3.97245766e-01 -6.00484667e-02 1.14292545e+00 3.61260391e-01
4.87000000e-02 3.96412927e-01 -6.05975497e-02 1.14285144e+00 3.60639078e-01
4.88000000e-02 3.97191523e-01 -6.01259137e-02 1.14274708e+00 3.59835899e-01
4.89000000e-02 3.96381002e-01 -6.06707280e-02 1.14267365e+00 3.59215769e-01
4.90000000e-02 3.97137978e-01 -6.02026067e-02 1.14257009e+00 3.58422736e-01
4.91000000e-02 3.96349264e-01 -6.07432002e-02 1.14249723e+00 3.57803761e-01
4.92000000e-02 3.97085119e-01 -6.02785560e-02 1.14239445e+00 3.57020782e-01
4.93000000e-02 3.96317711e-01 -6.08149759e-02 1.14232216e+00 3.56402935e-01
4.94000000e-02 3.97032934e-01 -6.03537719e-02 1.14222015e+00 3.55629921e-01
4.95000000e-02 3.96286344e-01 -6.08860648e-02 1.14214843e+00 3.55013177e-01
4.96000000e-02 3.96981412e-01 -6.04282643e-02 1.14204720e+00 3.54250038e-01
4.97000000e-02 3.96255164e-01 -6.09564762e-02 1.14197603e+00 3.53634372e-01
4.98000000e-02 3.96930542e-01 -6.05020432e-02 1.14187556e+00 3.52881021e-01
4.99000000e-02 3.96224171e-01 -6.10262195e-02 1.14180495e+00 3.52266409e-01
5.00000000e-02 3.96880313e-01 -6.05751183e-02 1.14170525e+00 3.51522757e-01
5.01000000e-02 3.96193364e-01 -6.10953038e-02 1.14163519e+00 3.50909175e-01
5.02000000e-02 3.96830713e-01 -6.06474991e-02 1.14153624e+00 3.50175137e-01
5.03000000e-02 3.96162744e-01 -6.11637379e-02 1.14146673e+00 3.49562562e-01
5.04000000e-02 3.96781733e-01 -6.07191951e-02 1.14136852e+00 3.48838052e-01
5.05000000e-02 3.96132312e-01 -6.12315309e-02 1.14129956e+00 3.48226463e-01
5.06000000e-02 3.96733363e-01 -6.07902155e-02 1.14120210e+00 3.47511396e-01
5.07000000e-02 3.96102066e-01 -6.12986913e-02 1.14113368e+00 3.46900771e-01
5.08000000e-02 3.96685591e-01 -6.08605695e-02 1.14103694e+00 3.46195064e-01
5.09000000e-02 3.96072007e-01 -6.13652277e-02 1.14096906e+00 3.45585383e-01
5.10000000e-02 3.96638409e-01 -6.09302660e-02 1.14087306e+00 3.44888952e-01
5.11000000e-02 3.96042135e-01 -6.14311485e-02 1.14080571e+00 3.44280195e-01
5.12000000e-02 3.96591806e-01 -6.09993139e-02 1.14071043e+00 3.43592958e-01
5.13000000e-02 3.96012449e-01 -6.14964620e-02 1.14064362e+00 3.42985106e-01
5.14000000e-02 3.96545774e-01 -6.10677219e-02 1.14054905e+00 3.42306982e-01
5.15000000e-02 3.95982950e-01 -6.15611764e-02 1.14048276e+00 3.41700016e-01
5.16000000e-02 3.96500303e-01 -6.11354986e-02 1.14038890e+00 3.41030924e-01
5.17000000e-02 3.95953637e-01 -6.16252997e-02 1.14032315e+00 3.40424827e-01
5.18000000e-02 3.96455383e-01 -6.12026523e-02 1.14022999e+00 3.39764687e-01
5.19000000e-02 3.95924510e-01 -6.16888398e-02 1.14016475e+00 3.39159442e-01
5.20000000e-02 3.96411007e-01 -6.12691915e-02 1.14007230e+00 3.38508174e-01
5.21000000e-02 3.95895569e-01 -6.17518045e-02 1.14000758e+00 3.37903764e-01
5.22000000e-02 3.96367165e-01 -6.13351244e-02 1.13991581e+00 3.37261290e-01
5.23000000e-02 3.95866813e-01 -6.18142015e-02 1.13985161e+00 3.36657700e-01
5.24000000e-02 3.96323849e-01 -6.14004588e-02 1.13976053e+00 3.36023942e-01
5.25000000e-02 3.95838242e-01 -6.18760382e-02 1.13969683e+00 3.35421155e-01
5.26000000e-02 3.96281050e-01 -6.14652029e-02 1.13960644e+00 3.34796038e-01
5.27000000e-02 3.95809855e-01 -6.19373222e-02 1.13954325e+00 3.34194039e-01
5.28000000e-02 3.96238761e-01 -6.15293645e-02 1.13945353e+00 3.33577485e-01
5.29000000e-02 3.95781652e-01 -6.19980607e-02 1.13939085e+00 3.32976261e-01
5.30000000e-02 3.96196973e-01 -6.15929511e-02 1.13930179e+00 3.32368194e-01
5.31000000e-02 3.95753633e-01 -6.20582610e-02 1.13923961e+00 3.31767730e-01
5.32000000e-02 3.96155678e-01 -6.16559705e-02 1.13915123e+00 3.31168075e-01
5.33000000e-02 3.95725797e-01 -6.21179301e-02 1.13908954e+00 3.30568359e-01
5.34000000e-02 3.96114869e-01 -6.17184300e-02 1.13900181e+00 3.29977043e-01
5.35000000e-02 3.95698144e-01 -6.21770750e-02 1.13894062e+00 3.29378061e-01
5.36000000e-02 3.96074539e-01 -6.17803371e-02 1.13885355e+00 3.28795009e-01
5.37000000e-02 3.95670673e-01 -6.22357027e-02 1.13879285e+00 3.28196749e-01
5.38000000e-02 3.96034679e-01 -6.18416990e-02 1.13870642e+00 3.27621888e-01
5.39000000e-02 3.95643383e-01 -6.22938198e-02 1.13864621e+00 3.27024339e-01
5.40000000e-02 3.95995283e-01 -6.19025228e-02 1.13856043e+00 3.26457596e-01
5.41000000e-02 3.95616275e-01 -6.23514331e-02 1.13850070e+00 3.25860745e-01
5.42000000e-02 3.95956344e-01 -6.19628155e-02 1.13841556e+00 3.25302050e-01
5.43000000e-02 3.95589346e-01 -6.24085491e-02 1.13835631e+00 3.24705887e-01
5.44000000e-02 3.95917854e-01 -6.20225842e-02 1.13827180e+00 3.24155167e-01
5.45000000e-02 3.95562598e-01 -6.24651744e-02 1.13821303e+00 3.23559681e-01
5.46000000e-02 3.95879807e-01 -6.20818355e-02 1.13812915e+00 3.23016866e-01
5.47000000e-02 3.95536028e-01 -6.25213152e-02 1.13807085e+00 3.22422047e-01
5.48000000e-02 3.95842196e-01 -6.21405762e-02 1.13798759e+00 3.21887067e-01
5.49000000e-02 3.95509637e-01 -6.25769779e-02 1.13792977e+00 3.21292906e-01
5.50000000e-02 3.95805014e-01 -6.21988130e-02 1.13784712e+00 3.20765691e-01
5.51000000e-02 3.95483423e-01 -6.26321686e-02 1.13778977e+00 3.20172178e-01
5.52000000e-02 3.95768256e-01 -6.22565523e-02 1.13770774e+00 3.19652660e-01
5.53000000e-02 3.95457387e-01 -6.26868935e-02 1.13765084e+00 3.19059786e-01
5.54000000e-02 3.95731914e-01 -6.23138006e-02 1.13756942e+00 3.18547897e-01
5.55000000e-02 3.95431527e-01 -6.27411585e-02 1.13751299e+00 3.17955654e-01
5.56000000e-02 3.95695983e-01 -6.23705643e-02 1.13743218e+00 3.17451325e-01
5.57000000e-02 3.95405842e-01 -6.27949696e-02 1.13737620e+00 3.16859704e-01
5.58000000e-02 3.95660457e-01 -6.24268494e-02 1.13729598e+00 3.16362869e-01
5.59000000e-02 3.95380332e-01 -6.28483326e-02 1.13724046e+00 3.15771864e-01
5.60000000e-02 3.95625329e-01 -6.24826623e-02 1.13716084e+00 3.15282455e-01
5.61000000e-02 3.95354997e-01 -6.29012532e-02 1.13710577e+00 3.14692058e-01
5.62000000e-02 3.95590594e-01 -6.25380089e-02 1.13702674e+00 3.14210010e-01
5.63000000e-02 3.95329834e-01 -6.29537371e-02 1.13697212e+00 3.13620214e-01
5.64000000e-02 3.95556246e-01 -6.25928952e-02 1.13689367e+00 3.13145462e-01
5.65000000e-02 3.95304845e-01 -6.30057899e-02 1.13683949e+00 3.12556260e-01
5.66000000e-02 3.95522280e-01 -6.26473270e-02 1.13676162e+00 3.12088739e-01
5.67000000e-02 3.95280026e-01 -6.30574169e-02 1.13670789e+00 3.11500125e-01
5.68000000e-02 3.95488689e-01 -6.27013102e-02 1.13663060e+00 3.11039771e-01
5.69000000e-02 3.95255379e-01 -6.31086238e-02 1.13657730e+00 3.10451740e-01
5.70000000e-02 3.95455469e-01 -6.27548505e-02 1.13650058e+00 3.09998488e-01
5.71000000e-02 3.95230902e-01 -6.31594156e-02 1.13644772e+00 3.09411034e-01
5.72000000e-02 3.95422614e-01 -6.28079534e-02 1.13637157e+00 3.08964822e-01
5.73000000e-02 3.95206594e-01 -6.32097978e-02 1.13631914e+00 3.08377940e-01
5.74000000e-02 3.95390119e-01 -6.28606246e-02 1.13624355e+00 3.07938704e-01
5.75000000e-02 3.95182455e-01 -6.32597755e-02 1.13619155e+00 3.07352390e-01
5.76000000e-02 3.95357979e-01 -6.29128693e-02 1.13611652e+00 3.06920069e-01
5.77000000e-02 3.95158483e-01 -6.33093537e-02 1.13606494e+00 3.06334318e-01
5.78000000e-02 3.95326189e-01 -6.29646931e-02 1.13599047e+00 3.05908849e-01
5.79000000e-02 3.95134679e-01 -6.33585374e-02 1.13593932e+00 3.05323657e-01
5.80000000e-02 3.95294744e-01 -6.30161012e-02 1.13586539e+00 3.04904980e-01
5.81000000e-02 3.95111040e-01 -6.34073317e-02 1.13581466e+00 3.04320342e-01
5.82000000e-02 3.95263639e-01 -6.30670988e-02 1.13574128e+00 3.03908397e-01
5.83000000e-02 3.95087566e-01 -6.34557413e-02 1.13569096e+00 3.03324310e-01
5.84000000e-02 3.95232869e-01 -6.31176910e-02 1.13561812e+00 3.02919035e-01
5.85000000e-02 3.95064256e-01 -6.35037711e-02 1.13556822e+00 3.02335497e-01
5.86000000e-02 3.95202430e-01 -6.31678829e-02 1.13549592e+00 3.01936833e-01
5.87000000e-02 3.95041110e-01 -6.35514258e-02 1.13544643e+00 3.01353839e-01
5.88000000e-02 3.95172317e-01 -6.32176794e-02 1.13537466e+00 3.00961727e-01
5.89000000e-02 3.95018126e-01 -6.35987099e-02 1.13532558e+00 3.00379275e-01
5.90000000e-02 3.95142526e-01 -6.32670856e-02 1.13525434e+00 2.99993655e-01
5.91000000e-02 3.94995304e-01 -6.36456281e-02 1.13520566e+00 2.99411743e-01
5.92000000e-02 3.95113052e-01 -6.33161061e-02 1.13513495e+00 2.99032558e-01
5.93000000e-02 3.94972643e-01 -6.36921850e-02 1.13508668e+00 2.98451182e-01
5.94000000e-02 3.95083891e-01 -6.33647457e-02 1.13501648e+00 2.98078373e-01
5.95000000e-02 3.94950141e-01 -6.37383848e-02 1.13496861e+00 2.97497532e-01
5.96000000e-02 3.95055038e-01 -6.34130091e-02 1.13489893e+00 2.97131041e-01
5.97000000e-02 3.94927798e-01 -6.37842320e-02 1.13485145e+00 2.96550734e-01
5.98000000e-02 3.95026490e-01 -6.34609010e-02 1.13478229e+00 2.96190503e-01
5.99000000e-02 3.94905614e-01 -6.38297309e-02 1.13473520e+00 2.95610727e-01
6.00000000e-02 3.94998242e-01 -6.35084258e-02 1.13466655e+00 2.95256701e-01
6.01000000e-02 3.94883586e-01 -6.38748857e-02 1.13461985e+00 2.94677454e-01
6.02000000e-02 3.94970291e-01 -6.35555881e-02 1.13455171e+00 2.94329575e-01
6.03000000e-02 3.94861715e-01 -6.39197007e-02 1.13450540e+00 2.93750856e-01
6.04000000e-02 3.94942632e-01 -6.36023922e-02 1.13443775e+00 2.93409069e-01
6.05000000e-02 3.94839999e-01 -6.39641798e-02 1.13439183e+00 2.92830876e-01
6.06000000e-02 3.94915261e-01 -6.36488424e-02 1.13432468e+00 2.92495126e-01
6.07000000e-02 3.94818438e-01 -6.40083271e-02 1.13427914e+00 2.91917458e-01
6.08000000e-02 3.94888175e-01 -6.36949431e-02 1.13421249e+00 2.91587689e-01
6.09000000e-02 3.94797030e-01 -6.40521467e-02 1.13416732e+00 2.91010545e-01
6.10000000e-02 3.94861370e-01 -6.37406985e-02 1.13410116e+00 2.90686701e-01
6.11000000e-02 3.94775775e-01 -6.40956424e-02 1.13405637e+00 2.90110082e-01
6.12000000e-02 3.94834841e-01 -6.37861126e-02 1.13399070e+00 2.89792109e-01
6.13000000e-02 3.94754671e-01 -6.41388182e-02 1.13394628e+00 2.89216012e-01
6.14000000e-02 3.94808587e-01 -6.38311896e-02 1.13388109e+00 2.88903856e-01
6.15000000e-02 3.94733719e-01 -6.41816777e-02 1.13383705e+00 2.88328282e-01
6.16000000e-02 3.94782602e-01 -6.38759334e-02 1.13377233e+00 2.88021890e-01
6.17000000e-02 3.94712916e-01 -6.42242248e-02 1.13372866e+00 2.87446838e-01
6.18000000e-02 3.94756884e-01 -6.39203482e-02 1.13366442e+00 2.87146155e-01
6.19000000e-02 3.94692263e-01 -6.42664632e-02 1.13362111e+00 2.86571626e-01
6.20000000e-02 3.94731429e-01 -6.39644376e-02 1.13355735e+00 2.86276600e-01
6.21000000e-02 3.94671757e-01 -6.43083965e-02 1.13351440e+00 2.85702593e-01
6.22000000e-02 3.94706233e-01 -6.40082057e-02 1.13345110e+00 2.85413171e-01
6.23000000e-02 3.94651399e-01 -6.43500283e-02 1.13340851e+00 2.84839686e-01
6.24000000e-02 3.94681294e-01 -6.40516561e-02 1.13334568e+00 2.84555817e-01
6.25000000e-02 3.94631187e-01 -6.43913621e-02 1.13330345e+00 2.83982855e-01
6.26000000e-02 3.94656608e-01 -6.40947927e-02 1.13324108e+00 2.83704486e-01
6.27000000e-02 3.94611121e-01 -6.44324015e-02 1.13319921e+00 2.83132047e-01
6.28000000e-02 3.94632171e-01 -6.41376191e-02 1.13313730e+00 2.82859127e-01
6.29000000e-02 3.94591199e-01 -6.44731498e-02 1.13309577e+00 2.82287213e-01
6.30000000e-02 3.94607981e-01 -6.41801390e-02 1.13303432e+00 2.82019690e-01
6.31000000e-02 3.94571421e-01 -6.45136105e-02 1.13299314e+00 2.81448301e-01
6.32000000e-02 3.94584035e-01 -6.42223559e-02 1.13293214e+00 2.81186126e-01
6.33000000e-02 3.94551785e-01 -6.45537869e-02 1.13289131e+00 2.80615263e-01
6.34000000e-02 3.94560329e-01 -6.42642733e-02 1.13283075e+00 2.80358385e-01
6.35000000e-02 3.94532292e-01 -6.45936823e-02 1.13279027e+00 2.79788050e-01
6.36000000e-02 3.94536861e-01 -6.43058949e-02 1.13273016e+00 2.79536419e-01
6.37000000e-02 3.94512939e-01 -6.46333001e-02 1.13269001e+00 2.78966612e-01
6.38000000e-02 3.94513627e-01 -6.43472240e-02 1.13263034e+00 2.78720180e-01
6.39000000e-02 3.94493726e-01 -6.46726433e-02 1.13259054e+00 2.78150904e-01
6.40000000e-02 3.94490624e-01 -6.43882640e-02 1.13253131e+00 2.77909620e-01
6.41000000e-02 3.94474653e-01 -6.47117153e-02 1.13249184e+00 2.77340876e-01
6.42000000e-02 3.94467851e-01 -6.44290184e-02 1.13243304e+00 2.77104693e-01
6.43000000e-02 3.94455718e-01 -6.47505191e-02 1.13239391e+00 2.76536484e-01
6.44000000e-02 3.94445303e-01 -6.44694904e-02 1.13233555e+00 2.76305353e-01
6.45000000e-02 3.94436921e-01 -6.47890579e-02 1.13229674e+00 2.75737679e-01
6.46000000e-02 3.94422978e-01 -6.45096833e-02 1.13223881e+00 2.75511553e-01
6.47000000e-02 3.94418260e-01 -6.48273347e-02 1.13220033e+00 2.74944418e-01
6.48000000e-02 3.94400874e-01 -6.45496003e-02 1.13214282e+00 2.74723248e-01
6.49000000e-02 3.94399734e-01 -6.48653526e-02 1.13210467e+00 2.74156654e-01
6.50000000e-02 3.94378988e-01 -6.45892447e-02 1.13204759e+00 2.73940395e-01
6.51000000e-02 3.94381344e-01 -6.49031146e-02 1.13200976e+00 2.73374344e-01
6.52000000e-02 3.94357317e-01 -6.46286197e-02 1.13195309e+00 2.73162948e-01
6.53000000e-02 3.94363087e-01 -6.49406236e-02 1.13191559e+00 2.72597444e-01
6.54000000e-02 3.94335858e-01 -6.46677284e-02 1.13185934e+00 2.72390865e-01
6.55000000e-02 3.94344964e-01 -6.49778826e-02 1.13182215e+00 2.71825909e-01
6.56000000e-02 3.94314609e-01 -6.47065738e-02 1.13176632e+00 2.71624101e-01
6.57000000e-02 3.94326973e-01 -6.50148944e-02 1.13172945e+00 2.71059698e-01
6.58000000e-02 3.94293568e-01 -6.47451591e-02 1.13167402e+00 2.70862616e-01
6.59000000e-02 3.94309113e-01 -6.50516621e-02 1.13163746e+00 2.70298767e-01
6.60000000e-02 3.94272731e-01 -6.47834872e-02 1.13158245e+00 2.70106365e-01
6.61000000e-02 3.94291384e-01 -6.50881883e-02 1.13154620e+00 2.69543074e-01
6.62000000e-02 3.94252098e-01 -6.48215612e-02 1.13149159e+00 2.69355308e-01
6.63000000e-02 3.94273784e-01 -6.51244759e-02 1.13145565e+00 2.68792579e-01
6.64000000e-02 3.94231664e-01 -6.48593840e-02 1.13140144e+00 2.68609404e-01
6.65000000e-02 3.94256313e-01 -6.51605276e-02 1.13136581e+00 2.68047239e-01
6.66000000e-02 3.94211428e-01 -6.48969586e-02 1.13131200e+00 2.67868610e-01
6.67000000e-02 3.94238970e-01 -6.51963463e-02 1.13127668e+00 2.67307014e-01
6.68000000e-02 3.94191388e-01 -6.49342878e-02 1.13122326e+00 2.67132889e-01
6.69000000e-02 3.94221755e-01 -6.52319346e-02 1.13118824e+00 2.66571863e-01
6.70000000e-02 3.94171541e-01 -6.49713745e-02 1.13113522e+00 2.66402198e-01
6.71000000e-02 3.94204665e-01 -6.52672951e-02 1.13110049e+00 2.65841748e-01
6.72000000e-02 3.94151885e-01 -6.50082215e-02 1.13104786e+00 2.65676498e-01
6.73000000e-02 3.94187701e-01 -6.53024306e-02 1.13101343e+00 2.65116627e-01
6.74000000e-02 3.94132417e-01 -6.50448315e-02 1.13096119e+00 2.64955751e-01
6.75000000e-02 3.94170862e-01 -6.53373437e-02 1.13092706e+00 2.64396463e-01
6.76000000e-02 3.94113137e-01 -6.50812075e-02 1.13087520e+00 2.64239917e-01
6.77000000e-02 3.94154147e-01 -6.53720369e-02 1.13084136e+00 2.63681215e-01
6.78000000e-02 3.94094041e-01 -6.51173520e-02 1.13078989e+00 2.63528959e-01
6.79000000e-02 3.94137555e-01 -6.54065127e-02 1.13075634e+00 2.62970847e-01
6.80000000e-02 3.94075127e-01 -6.51532677e-02 1.13070524e+00 2.62822836e-01
6.81000000e-02 3.94121084e-01 -6.54407738e-02 1.13067199e+00 2.62265319e-01
6.82000000e-02 3.94056393e-01 -6.51889573e-02 1.13062127e+00 2.62121513e-01
6.83000000e-02 3.94104736e-01 -6.54748225e-02 1.13058830e+00 2.61564593e-01
6.84000000e-02 3.94037838e-01 -6.52244235e-02 1.13053795e+00 2.61424951e-01
6.85000000e-02 3.94088508e-01 -6.55086613e-02 1.13050526e+00 2.60868634e-01
6.86000000e-02 3.94019459e-01 -6.52596687e-02 1.13045529e+00 2.60733114e-01
6.87000000e-02 3.94072399e-01 -6.55422927e-02 1.13042289e+00 2.60177402e-01
6.88000000e-02 3.94001254e-01 -6.52946956e-02 1.13037328e+00 2.60045964e-01
6.89000000e-02 3.94056410e-01 -6.55757190e-02 1.13034116e+00 2.59490863e-01
6.90000000e-02 3.93983221e-01 -6.53295066e-02 1.13029191e+00 2.59363465e-01
6.91000000e-02 3.94040539e-01 -6.56089425e-02 1.13026007e+00 2.58808978e-01
6.92000000e-02 3.93965359e-01 -6.53641041e-02 1.13021119e+00 2.58685581e-01
6.93000000e-02 3.94024785e-01 -6.56419657e-02 1.13017962e+00 2.58131713e-01
6.94000000e-02 3.93947665e-01 -6.53984908e-02 1.13013111e+00 2.58012277e-01
6.95000000e-02 3.94009148e-01 -6.56747907e-02 1.13009981e+00 2.57459032e-01
6.96000000e-02 3.93930138e-01 -6.54326688e-02 1.13005165e+00 2.57343517e-01
6.97000000e-02 3.93993627e-01 -6.57074198e-02 1.13002063e+00 2.56790898e-01
6.98000000e-02 3.93912776e-01 -6.54666407e-02 1.12997283e+00 2.56679265e-01
6.99000000e-02 3.93978221e-01 -6.57398552e-02 1.12994208e+00 2.56127278e-01
7.00000000e-02 3.93895576e-01 -6.55004087e-02 1.12989463e+00 2.56019488e-01
7.01000000e-02 3.93962930e-01 -6.57720992e-02 1.12986415e+00 2.55468137e-01
7.02000000e-02 3.93878538e-01 -6.55339751e-02 1.12981705e+00 2.55364150e-01
7.03000000e-02 3.93947751e-01 -6.58041538e-02 1.12978683e+00 2.54813439e-01
7.04000000e-02 3.93861660e-01 -6.55673422e-02 1.12974008e+00 2.54713218e-01
7.05000000e-02 3.93932686e-01 -6.58360212e-02 1.12971013e+00 2.54163152e-01
7.06000000e-02 3.93844939e-01 -6.56005122e-02 1.12966372e+00 2.54066658e-01
7.07000000e-02 3.93917733e-01 -6.58677034e-02 1.12963403e+00 2.53517241e-01
7.08000000e-02 3.93828374e-01 -6.56334873e-02 1.12958797e+00 2.53424436e-01
7.09000000e-02 3.93902891e-01 -6.58992026e-02 1.12955854e+00 2.52875673e-01
7.10000000e-02 3.93811963e-01 -6.56662697e-02 1.12951282e+00 2.52786520e-01
7.11000000e-02 3.93888160e-01 -6.59305207e-02 1.12948365e+00 2.52238415e-01
7.12000000e-02 3.93795705e-01 -6.56988615e-02 1.12943827e+00 2.52152877e-01
7.13000000e-02 3.93873539e-01 -6.59616597e-02 1.12940936e+00 2.51605435e-01
7.14000000e-02 3.93779598e-01 -6.57312647e-02 1.12936431e+00 2.51523474e-01
7.15000000e-02 3.93859027e-01 -6.59926216e-02 1.12933565e+00 2.50976700e-01
7.16000000e-02 3.93763641e-01 -6.57634816e-02 1.12929093e+00 2.50898280e-01
7.17000000e-02 3.93844623e-01 -6.60234084e-02 1.12926253e+00 2.50352178e-01
7.18000000e-02 3.93747832e-01 -6.57955140e-02 1.12921815e+00 2.50277262e-01
7.19000000e-02 3.93830327e-01 -6.60540219e-02 1.12918999e+00 2.49731838e-01
7.20000000e-02 3.93732169e-01 -6.58273640e-02 1.12914594e+00 2.49660391e-01
7.21000000e-02 3.93816138e-01 -6.60844640e-02 1.12911803e+00 2.49115648e-01
7.22000000e-02 3.93716651e-01 -6.58590337e-02 1.12907431e+00 2.49047633e-01
7.23000000e-02 3.93802055e-01 -6.61147367e-02 1.12904665e+00 2.48503578e-01
7.24000000e-02 3.93701276e-01 -6.58905248e-02 1.12900325e+00 2.48438960e-01
7.25000000e-02 3.93788078e-01 -6.61448416e-02 1.12897583e+00 2.47895597e-01
7.26000000e-02 3.93686043e-01 -6.59218395e-02 1.12893275e+00 2.47834341e-01
7.27000000e-02 3.93774205e-01 -6.61747807e-02 1.12890559e+00 2.47291675e-01
7.28000000e-02 3.93670950e-01 -6.59529795e-02 1.12886282e+00 2.47233746e-01
7.29000000e-02 3.93760437e-01 -6.62045557e-02 1.12883590e+00 2.46691783e-01
7.30000000e-02 3.93655996e-01 -6.59839467e-02 1.12879345e+00 2.46637146e-01
7.31000000e-02 3.93746772e-01 -6.62341683e-02 1.12876677e+00 2.46095889e-01
7.32000000e-02 3.93641180e-01 -6.60147431e-02 1.12872464e+00 2.46044510e-01
7.33000000e-02 3.93733210e-01 -6.62636204e-02 1.12869819e+00 2.45503967e-01
7.34000000e-02 3.93626499e-01 -6.60453704e-02 1.12865638e+00 2.45455812e-01
7.35000000e-02 3.93719750e-01 -6.62929136e-02 1.12863017e+00 2.44915986e-01
7.36000000e-02 3.93611954e-01 -6.60758305e-02 1.12858866e+00 2.44871021e-01
7.37000000e-02 3.93706392e-01 -6.63220496e-02 1.12856269e+00 2.44331918e-01
7.38000000e-02 3.93597541e-01 -6.61061251e-02 1.12852149e+00 2.44290110e-01
7.39000000e-02 3.93693134e-01 -6.63510302e-02 1.12849575e+00 2.43751735e-01
7.40000000e-02 3.93583261e-01 -6.61362561e-02 1.12845486e+00 2.43713052e-01
7.41000000e-02 3.93679976e-01 -6.63798569e-02 1.12842935e+00 2.43175410e-01
7.42000000e-02 3.93569111e-01 -6.61662251e-02 1.12838876e+00 2.43139818e-01
7.43000000e-02 3.93666918e-01 -6.64085316e-02 1.12836348e+00 2.42602915e-01
7.44000000e-02 3.93555091e-01 -6.61960340e-02 1.12832320e+00 2.42570381e-01
7.45000000e-02 3.93653958e-01 -6.64370556e-02 1.12829814e+00 2.42034223e-01
7.46000000e-02 3.93541199e-01 -6.62256844e-02 1.12825817e+00 2.42004714e-01
7.47000000e-02 3.93641097e-01 -6.64654308e-02 1.12823334e+00 2.41469306e-01
7.48000000e-02 3.93527433e-01 -6.62551780e-02 1.12819366e+00 2.41442791e-01
7.49000000e-02 3.93628333e-01 -6.64936587e-02 1.12816905e+00 2.40908138e-01
7.50000000e-02 3.93513793e-01 -6.62845166e-02 1.12812967e+00 2.40884585e-01
7.51000000e-02 3.93615666e-01 -6.65217408e-02 1.12810528e+00 2.40350692e-01
7.52000000e-02 3.93500278e-01 -6.63137017e-02 1.12806619e+00 2.40330069e-01
7.53000000e-02 3.93603095e-01 -6.65496788e-02 1.12804203e+00 2.39796942e-01
7.54000000e-02 3.93486885e-01 -6.63427351e-02 1.12800324e+00 2.39779219e-01
7.55000000e-02 3.93590620e-01 -6.65774743e-02 1.12797929e+00 2.39246863e-01
7.56000000e-02 3.93473615e-01 -6.63716184e-02 1.12794079e+00 2.39232007e-01
7.57000000e-02 3.93578240e-01 -6.66051286e-02 1.12791706e+00 2.38700427e-01
7.58000000e-02 3.93460465e-01 -6.64003532e-02 1.12787885e+00 2.38688408e-01
7.59000000e-02 3.93565954e-01 -6.66326434e-02 1.12785534e+00 2.38157610e-01
7.60000000e-02 3.93447434e-01 -6.64289410e-02 1.12781741e+00 2.38148396e-01
7.61000000e-02 3.93553762e-01 -6.66600202e-02 1.12779411e+00 2.37618385e-01
7.62000000e-02 3.93434522e-01 -6.64573836e-02 1.12775647e+00 2.37611947e-01
7.63000000e-02 3.93541663e-01 -6.66872605e-02 1.12773339e+00 2.37082727e-01
7.64000000e-02 3.93421728e-01 -6.64856824e-02 1.12769603e+00 2.37079034e-01
7.65000000e-02 3.93529656e-01 -6.67143657e-02 1.12767316e+00 2.36550612e-01
7.66000000e-02 3.93409049e-01 -6.65138390e-02 1.12763607e+00 2.36549633e-01
7.67000000e-02 3.93517741e-01 -6.67413372e-02 1.12761342e+00 2.36022013e-01
7.68000000e-02 3.93396486e-01 -6.65418548e-02 1.12757661e+00 2.36023719e-01
7.69000000e-02 3.93505918e-01 -6.67681766e-02 1.12755416e+00 2.35496906e-01
7.70000000e-02 3.93384036e-01 -6.65697315e-02 1.12751764e+00 2.35501267e-01
7.71000000e-02 3.93494185e-01 -6.67948852e-02 1.12749540e+00 2.34975266e-01
7.72000000e-02 3.93371699e-01 -6.65974705e-02 1.12745914e+00 2.34982252e-01
7.73000000e-02 3.93482542e-01 -6.68214644e-02 1.12743711e+00 2.34457068e-01
7.74000000e-02 3.93359475e-01 -6.66250732e-02 1.12740113e+00 2.34466650e-01
7.75000000e-02 3.93470989e-01 -6.68479156e-02 1.12737930e+00 2.33942288e-01
7.76000000e-02 3.93347360e-01 -6.66525410e-02 1.12734359e+00 2.33954436e-01
7.77000000e-02 3.93459525e-01 -6.68742401e-02 1.12732196e+00 2.33430902e-01
7.78000000e-02 3.93335356e-01 -6.66798754e-02 1.12728653e+00 2.33445587e-01
7.79000000e-02 3.93448150e-01 -6.69004392e-02 1.12726510e+00 2.32922885e-01
7.80000000e-02 3.93323461e-01 -6.67070777e-02 1.12722993e+00 2.32940079e-01
7.81000000e-02 3.93436862e-01 -6.69265142e-02 1.12720870e+00 2.32418213e-01
7.82000000e-02 3.93311673e-01 -6.67341493e-02 1.12717380e+00 2.32437887e-01
7.83000000e-02 3.93425661e-01 -6.69524663e-02 1.12715277e+00 2.31916863e-01
7.84000000e-02 3.93299992e-01 -6.67610915e-02 1.12711814e+00 2.31938989e-01
7.85000000e-02 3.93414547e-01 -6.69782968e-02 1.12709730e+00 2.31418812e-01
7.86000000e-02 3.93288416e-01 -6.67879055e-02 1.12706293e+00 2.31443362e-01
7.87000000e-02 3.93403520e-01 -6.70040069e-02 1.12704229e+00 2.30924035e-01
7.88000000e-02 3.93276946e-01 -6.68145926e-02 1.12700818e+00 2.30950981e-01
7.89000000e-02 3.93392577e-01 -6.70295977e-02 1.12698773e+00 2.30432511e-01
7.90000000e-02 3.93265579e-01 -6.68411540e-02 1.12695388e+00 2.30461825e-01
7.91000000e-02 3.93381720e-01 -6.70550703e-02 1.12693363e+00 2.29944216e-01
7.92000000e-02 3.93254316e-01 -6.68675910e-02 1.12690003e+00 2.29975871e-01
7.93000000e-02 3.93370948e-01 -6.70804259e-02 1.12687997e+00 2.29459128e-01
7.94000000e-02 3.93243154e-01 -6.68939045e-02 1.12684663e+00 2.29493097e-01
7.95000000e-02 3.93360259e-01 -6.71056655e-02 1.12682676e+00 2.28977224e-01
7.96000000e-02 3.93232093e-01 -6.69200959e-02 1.12679368e+00 2.29013481e-01
7.97000000e-02 3.93349654e-01 -6.71307902e-02 1.12677400e+00 2.28498484e-01
7.98000000e-02 3.93221133e-01 -6.69461661e-02 1.12674116e+00 2.28537001e-01
7.99000000e-02 3.93339132e-01 -6.71558009e-02 1.12672167e+00 2.28022885e-01
8.00000000e-02 3.93210272e-01 -6.69721162e-02 1.12668908e+00 2.28063636e-01
8.01000000e-02 3.93328692e-01 -6.71806987e-02 1.12666978e+00 2.27550405e-01
8.02000000e-02 3.93199509e-01 -6.69979473e-02 1.12663744e+00 2.27593365e-01
8.03000000e-02 3.93318334e-01 -6.72054845e-02 1.12661832e+00 2.27081025e-01
8.04000000e-02 3.93188844e-01 -6.70236603e-02 1.12658623e+00 2.27126167e-01
8.05000000e-02 3.93308057e-01 -6.72301592e-02 1.12656729e+00 2.26614721e-01
8.06000000e-02 3.93178275e-01 -6.70492563e-02 1.12653544e+00 2.26662020e-01
8.07000000e-02 3.93297861e-01 -6.72547239e-02 1.12651668e+00 2.26151475e-01
8.08000000e-02 3.93167802e-01 -6.70747363e-02 1.12648509e+00 2.26200905e-01
8.09000000e-02 3.93287745e-01 -6.72791793e-02 1.12646651e+00 2.25691265e-01
8.10000000e-02 3.93157425e-01 -6.71001012e-02 1.12643515e+00 2.25742801e-01
8.11000000e-02 3.93277709e-01 -6.73035265e-02 1.12641675e+00 2.25234071e-01
8.12000000e-02 3.93147141e-01 -6.71253519e-02 1.12638563e+00 2.25287688e-01
8.13000000e-02 3.93267753e-01 -6.73277662e-02 1.12636741e+00 2.24779873e-01
8.14000000e-02 3.93136951e-01 -6.71504895e-02 1.12633653e+00 2.24835547e-01
8.15000000e-02 3.93257875e-01 -6.73518994e-02 1.12631848e+00 2.24328651e-01
8.16000000e-02 3.93126853e-01 -6.71755148e-02 1.12628784e+00 2.24386356e-01
8.17000000e-02 3.93248075e-01 -6.73759269e-02 1.12626996e+00 2.23880386e-01
8.18000000e-02 3.93116846e-01 -6.72004289e-02 1.12623956e+00 2.23940097e-01
8.19000000e-02 3.93238353e-01 -6.73998498e-02 1.12622186e+00 2.23435056e-01
8.20000000e-02 3.93106931e-01 -6.72252327e-02 1.12619168e+00 2.23496751e-01
8.21000000e-02 3.93228708e-01 -6.74236688e-02 1.12617415e+00 2.22992643e-01
8.22000000e-02 3.93097106e-01 -6.72499271e-02 1.12614421e+00 2.23056296e-01
8.23000000e-02 3.93219140e-01 -6.74473850e-02 1.12612685e+00 2.22553128e-01
8.24000000e-02 3.93087370e-01 -6.72745133e-02 1.12609714e+00 2.22618716e-01
8.25000000e-02 3.93209648e-01 -6.74709992e-02 1.12607995e+00 2.22116490e-01
8.26000000e-02 3.93077722e-01 -6.72989921e-02 1.12605047e+00 2.22183989e-01
8.27000000e-02 3.93200232e-01 -6.74945126e-02 1.12603345e+00 2.21682711e-01
8.28000000e-02 3.93068163e-01 -6.73233647e-02 1.12600419e+00 2.21752098e-01
8.29000000e-02 3.93190891e-01 -6.75179260e-02 1.12598734e+00 2.21251772e-01
8.30000000e-02 3.93058690e-01 -6.73476321e-02 1.12595831e+00 2.21323022e-01
8.31000000e-02 3.93181626e-01 -6.75412405e-02 1.12594162e+00 2.20823653e-01
8.32000000e-02 3.93049304e-01 -6.73717955e-02 1.12591281e+00 2.20896744e-01
8.33000000e-02 3.93172434e-01 -6.75644573e-02 1.12589629e+00 2.20398335e-01
8.34000000e-02 3.93040004e-01 -6.73958559e-02 1.12586770e+00 2.20473244e-01
8.35000000e-02 3.93163316e-01 -6.75875773e-02 1.12585134e+00 2.19975800e-01
8.36000000e-02 3.93030788e-01 -6.74198147e-02 1.12582298e+00 2.20052503e-01
8.37000000e-02 3.93154272e-01 -6.76106019e-02 1.12580678e+00 2.19556028e-01
8.38000000e-02 3.93021657e-01 -6.74436730e-02 1.12577863e+00 2.19634503e-01
8.39000000e-02 3.93145300e-01 -6.76335321e-02 1.12576259e+00 2.19139002e-01
8.40000000e-02 3.93012609e-01 -6.74674320e-02 1.12573467e+00 2.19219226e-01
8.41000000e-02 3.93136402e-01 -6.76563692e-02 1.12571879e+00 2.18724701e-01
8.42000000e-02 3.93003644e-01 -6.74910931e-02 1.12569108e+00 2.18806652e-01
8.43000000e-02 3.93127575e-01 -6.76791145e-02 1.12567535e+00 2.18313109e-01
8.44000000e-02 3.92994761e-01 -6.75146576e-02 1.12564786e+00 2.18396764e-01
8.45000000e-02 3.93118820e-01 -6.77017692e-02 1.12563230e+00 2.17904206e-01
8.46000000e-02 3.92985959e-01 -6.75381269e-02 1.12560502e+00 2.17989542e-01
8.47000000e-02 3.93110136e-01 -6.77243347e-02 1.12558961e+00 2.17497973e-01
8.48000000e-02 3.92977239e-01 -6.75615023e-02 1.12556254e+00 2.17584970e-01
8.49000000e-02 3.93101523e-01 -6.77468123e-02 1.12554729e+00 2.17094394e-01
8.50000000e-02 3.92968598e-01 -6.75847852e-02 1.12552043e+00 2.17183028e-01
8.51000000e-02 3.93092980e-01 -6.77692034e-02 1.12550533e+00 2.16693449e-01
8.52000000e-02 3.92960038e-01 -6.76079770e-02 1.12547869e+00 2.16783700e-01
8.53000000e-02 3.93084507e-01 -6.77915093e-02 1.12546374e+00 2.16295121e-01
8.54000000e-02 3.92951556e-01 -6.76310792e-02 1.12543731e+00 2.16386966e-01
8.55000000e-02 3.93076104e-01 -6.78137315e-02 1.12542252e+00 2.15899391e-01
8.56000000e-02 3.92943152e-01 -6.76540931e-02 1.12539629e+00 2.15992810e-01
8.57000000e-02 3.93067770e-01 -6.78358711e-02 1.12538165e+00 2.15506243e-01
8.58000000e-02 3.92934827e-01 -6.76770202e-02 1.12535563e+00 2.15601213e-01
8.59000000e-02 3.93059505e-01 -6.78579297e-02 1.12534114e+00 2.15115657e-01
8.60000000e-02 3.92926578e-01 -6.76998618e-02 1.12531532e+00 2.15212159e-01
8.61000000e-02 3.93051308e-01 -6.78799085e-02 1.12530099e+00 2.14727618e-01
8.62000000e-02 3.92918406e-01 -6.77226193e-02 1.12527538e+00 2.14825630e-01
8.63000000e-02 3.93043179e-01 -6.79018088e-02 1.12526119e+00 2.14342108e-01
8.64000000e-02 3.92910311e-01 -6.77452939e-02 1.12523578e+00 2.14441609e-01
8.65000000e-02 3.93035118e-01 -6.79236317e-02 1.12522174e+00 2.13959108e-01
8.66000000e-02 3.92902290e-01 -6.77678868e-02 1.12519654e+00 2.14060079e-01
8.67000000e-02 3.93027124e-01 -6.79453785e-02 1.12518264e+00 2.13578604e-01
8.68000000e-02 3.92894345e-01 -6.77903992e-02 1.12515764e+00 2.13681023e-01
8.69000000e-02 3.93019196e-01 -6.79670502e-02 1.12514390e+00 2.13200576e-01
8.70000000e-02 3.92886474e-01 -6.78128323e-02 1.12511910e+00 2.13304424e-01
8.71000000e-02 3.93011336e-01 -6.79886477e-02 1.12510550e+00 2.12825010e-01
8.72000000e-02 3.92878676e-01 -6.78351869e-02 1.12508090e+00 2.12930266e-01
8.73000000e-02 3.93003541e-01 -6.80101721e-02 1.12506744e+00 2.12451888e-01
8.74000000e-02 3.92870952e-01 -6.78574639e-02 1.12504304e+00 2.12558533e-01
8.75000000e-02 3.92995812e-01 -6.80316241e-02 1.12502973e+00 2.12081194e-01
8.76000000e-02 3.92863301e-01 -6.78796642e-02 1.12500553e+00 2.12189208e-01
8.77000000e-02 3.92988148e-01 -6.80530043e-02 1.12499236e+00 2.11712912e-01
8.78000000e-02 3.92855721e-01 -6.79017884e-02 1.12496835e+00 2.11822276e-01
8.79000000e-02 3.92980550e-01 -6.80743133e-02 1.12495533e+00 2.11347025e-01
8.80000000e-02 3.92848213e-01 -6.79238369e-02 1.12493152e+00 2.11457720e-01
8.81000000e-02 3.92973015e-01 -6.80955514e-02 1.12491864e+00 2.10983518e-01
8.82000000e-02 3.92840777e-01 -6.79458102e-02 1.12489502e+00 2.11095525e-01
8.83000000e-02 3.92965546e-01 -6.81167191e-02 1.12488228e+00 2.10622375e-01
8.84000000e-02 3.92833411e-01 -6.79677084e-02 1.12485885e+00 2.10735674e-01
8.85000000e-02 3.92958139e-01 -6.81378162e-02 1.12484626e+00 2.10263580e-01
8.86000000e-02 3.92826115e-01 -6.79895317e-02 1.12482302e+00 2.10378154e-01
8.87000000e-02 3.92950797e-01 -6.81588429e-02 1.12481056e+00 2.09907119e-01
8.88000000e-02 3.92818888e-01 -6.80112798e-02 1.12478752e+00 2.10022948e-01
8.89000000e-02 3.92943517e-01 -6.81797988e-02 1.12477520e+00 2.09552975e-01
8.90000000e-02 3.92811730e-01 -6.80329527e-02 1.12475234e+00 2.09670041e-01
8.91000000e-02 3.92936300e-01 -6.82006836e-02 1.12474016e+00 2.09201133e-01
8.92000000e-02 3.92804641e-01 -6.80545497e-02 1.12471749e+00 2.09319419e-01
8.93000000e-02 3.92929145e-01 -6.82214966e-02 1.12470545e+00 2.08851579e-01
8.94000000e-02 3.92797620e-01 -6.80760703e-02 1.12468296e+00 2.08971066e-01
8.95000000e-02 3.92922052e-01 -6.82422372e-02 1.12467105e+00 2.08504298e-01
8.96000000e-02 3.92790665e-01 -6.80975137e-02 1.12464875e+00 2.08624968e-01
8.97000000e-02 3.92915021e-01 -6.82629045e-02 1.12463698e+00 2.08159274e-01
8.98000000e-02 3.92783778e-01 -6.81188788e-02 1.12461486e+00 2.08281110e-01
8.99000000e-02 3.92908051e-01 -6.82834972e-02 1.12460321e+00 2.07816494e-01
9.00000000e-02 3.92776957e-01 -6.81401646e-02 1.12458128e+00 2.07939477e-01
9.01000000e-02 3.92901141e-01 -6.83040142e-02 1.12456977e+00 2.07475942e-01
9.02000000e-02 3.92770202e-01 -6.81613697e-02 1.12454801e+00 2.07600056e-01
9.03000000e-02 3.92894291e-01 -6.83244539e-02 1.12453663e+00 2.07137604e-01
9.04000000e-02 3.92763512e-01 -6.81824924e-02 1.12451505e+00 2.07262831e-01
9.05000000e-02 3.92887502e-01 -6.83448146e-02 1.12450379e+00 2.06801465e-01
9.06000000e-02 3.92756886e-01 -6.82035312e-02 1.12448239e+00 2.06927790e-01
9.07000000e-02 3.92880772e-01 -6.83650946e-02 1.12447126e+00 2.06467512e-01
9.08000000e-02 3.92750325e-01 -6.82244842e-02 1.12445003e+00 2.06594916e-01
9.09000000e-02 3.92874100e-01 -6.83852918e-02 1.12443902e+00 2.06135730e-01
9.10000000e-02 3.92743827e-01 -6.82453491e-02 1.12441797e+00 2.06264197e-01
9.11000000e-02 3.92867487e-01 -6.84054041e-02 1.12440708e+00 2.05806105e-01
9.12000000e-02 3.92737392e-01 -6.82661239e-02 1.12438620e+00 2.05935618e-01
9.13000000e-02 3.92860933e-01 -6.84254290e-02 1.12437543e+00 2.05478622e-01
9.14000000e-02 3.92731019e-01 -6.82868061e-02 1.12435472e+00 2.05609165e-01
9.15000000e-02 3.92854436e-01 -6.84453640e-02 1.12434407e+00 2.05153269e-01
9.16000000e-02 3.92724708e-01 -6.83073930e-02 1.12432352e+00 2.05284825e-01
9.17000000e-02 3.92847996e-01 -6.84652064e-02 1.12431299e+00 2.04830030e-01
9.18000000e-02 3.92718459e-01 -6.83278820e-02 1.12429260e+00 2.04962583e-01
9.19000000e-02 3.92841613e-01 -6.84849534e-02 1.12428218e+00 2.04508892e-01
9.20000000e-02 3.92712270e-01 -6.83482701e-02 1.12426196e+00 2.04642426e-01
9.21000000e-02 3.92835286e-01 -6.85046019e-02 1.12425165e+00 2.04189841e-01
9.22000000e-02 3.92706142e-01 -6.83685543e-02 1.12423158e+00 2.04324339e-01
9.23000000e-02 3.92829014e-01 -6.85241488e-02 1.12422139e+00 2.03872862e-01
9.24000000e-02 3.92700073e-01 -6.83887314e-02 1.12420148e+00 2.04008310e-01
9.25000000e-02 3.92822798e-01 -6.85435908e-02 1.12419139e+00 2.03557943e-01
9.26000000e-02 3.92694062e-01 -6.84087979e-02 1.12417163e+00 2.03694324e-01
9.27000000e-02 3.92816637e-01 -6.85629243e-02 1.12416165e+00 2.03245069e-01
9.28000000e-02 3.92688111e-01 -6.84287505e-02 1.12414204e+00 2.03382368e-01
9.29000000e-02 3.92810531e-01 -6.85821460e-02 1.12413216e+00 2.02934226e-01
9.30000000e-02 3.92682217e-01 -6.84485856e-02 1.12411270e+00 2.03072427e-01
9.31000000e-02 3.92804478e-01 -6.86012520e-02 1.12410292e+00 2.02625402e-01
9.32000000e-02 3.92676380e-01 -6.84682994e-02 1.12408360e+00 2.02764489e-01
9.33000000e-02 3.92798478e-01 -6.86202386e-02 1.12407392e+00 2.02318581e-01
9.34000000e-02 3.92670600e-01 -6.84878881e-02 1.12405475e+00 2.02458539e-01
9.35000000e-02 3.92792531e-01 -6.86391020e-02 1.12404516e+00 2.02013750e-01
9.36000000e-02 3.92664876e-01 -6.85073480e-02 1.12402613e+00 2.02154565e-01
9.37000000e-02 3.92786637e-01 -6.86578382e-02 1.12401663e+00 2.01710896e-01
9.38000000e-02 3.92659207e-01 -6.85266749e-02 1.12399774e+00 2.01852552e-01
9.39000000e-02 3.92780794e-01 -6.86764432e-02 1.12398833e+00 2.01410005e-01
9.40000000e-02 3.92653593e-01 -6.85458651e-02 1.12396957e+00 2.01552487e-01
9.41000000e-02 3.92775002e-01 -6.86949129e-02 1.12396025e+00 2.01111063e-01
9.42000000e-02 3.92648033e-01 -6.85649143e-02 1.12394161e+00 2.01254356e-01
9.43000000e-02 3.92769262e-01 -6.87132434e-02 1.12393238e+00 2.00814057e-01
9.44000000e-02 3.92642527e-01 -6.85838186e-02 1.12391387e+00 2.00958146e-01
9.45000000e-02 3.92763571e-01 -6.87314305e-02 1.12390472e+00 2.00518973e-01
9.46000000e-02 3.92637073e-01 -6.86025741e-02 1.12388633e+00 2.00663844e-01
9.47000000e-02 3.92757930e-01 -6.87494702e-02 1.12387726e+00 2.00225798e-01
9.48000000e-02 3.92631673e-01 -6.86211766e-02 1.12385899e+00 2.00371436e-01
9.49000000e-02 3.92752339e-01 -6.87673586e-02 1.12384999e+00 1.99934518e-01
9.50000000e-02 3.92626323e-01 -6.86396223e-02 1.12383185e+00 2.00080909e-01
9.51000000e-02 3.92746796e-01 -6.87850918e-02 1.12382292e+00 1.99645119e-01
9.52000000e-02 3.92621026e-01 -6.86579074e-02 1.12380489e+00 1.99792249e-01
9.53000000e-02 3.92741301e-01 -6.88026660e-02 1.12379603e+00 1.99357589e-01
9.54000000e-02 3.92615778e-01 -6.86760282e-02 1.12377811e+00 1.99505443e-01
9.55000000e-02 3.92735854e-01 -6.88200775e-02 1.12376932e+00 1.99071913e-01
9.56000000e-02 3.92610581e-01 -6.86939811e-02 1.12375151e+00 1.99220478e-01
9.57000000e-02 3.92730454e-01 -6.88373228e-02 1.12374278e+00 1.98788079e-01
9.58000000e-02 3.92605433e-01 -6.87117628e-02 1.12372507e+00 1.98937340e-01
9.59000000e-02 3.92725101e-01 -6.88543988e-02 1.12371641e+00 1.98506074e-01
9.60000000e-02 3.92600334e-01 -6.87293701e-02 1.12369880e+00 1.98656018e-01
9.61000000e-02 3.92719794e-01 -6.88713023e-02 1.12369019e+00 1.98225883e-01
9.62000000e-02 3.92595283e-01 -6.87468002e-02 1.12367269e+00 1.98376497e-01
9.63000000e-02 3.92714533e-01 -6.88880306e-02 1.12366413e+00 1.97947495e-01
9.64000000e-02 3.92590280e-01 -6.87640506e-02 1.12364672e+00 1.98098764e-01
9.65000000e-02 3.92709316e-01 -6.89045812e-02 1.12363822e+00 1.97670896e-01
9.66000000e-02 3.92585325e-01 -6.87811189e-02 1.12362090e+00 1.97822807e-01
9.67000000e-02 3.92704145e-01 -6.89209521e-02 1.12361245e+00 1.97396074e-01
9.68000000e-02 3.92580416e-01 -6.87980032e-02 1.12359523e+00 1.97548614e-01
9.69000000e-02 3.92699017e-01 -6.89371416e-02 1.12358682e+00 1.97123015e-01
9.70000000e-02 3.92575553e-01 -6.88147022e-02 1.12356968e+00 1.97276171e-01
9.71000000e-02 3.92693934e-01 -6.89531483e-02 1.12356132e+00 1.96851707e-01
9.72000000e-02 3.92570735e-01 -6.88312146e-02 1.12354427e+00 1.97005466e-01
9.73000000e-02 3.92688894e-01 -6.89689714e-02 1.12353595e+00 1.96582138e-01
9.74000000e-02 3.92565963e-01 -6.88475399e-02 1.12351898e+00 1.96736488e-01
9.75000000e-02 3.92683896e-01 -6.89846104e-02 1.12351070e+00 1.96314295e-01
9.76000000e-02 3.92561235e-01 -6.88636781e-02 1.12349381e+00 1.96469222e-01
9.77000000e-02 3.92678941e-01 -6.90000656e-02 1.12348557e+00 1.96048166e-01
9.78000000e-02 3.92556552e-01 -6.88796295e-02 1.12346876e+00 1.96203659e-01
9.79000000e-02 3.92674029e-01 -6.90153376e-02 1.12346056e+00 1.95783739e-01
9.80000000e-02 3.92551912e-01 -6.88953950e-02 1.12344382e+00 1.95939785e-01
9.81000000e-02 3.92669158e-01 -6.90304276e-02 1.12343565e+00 1.95521003e-01
9.82000000e-02 3.92547316e-01 -6.89109763e-02 1.12341900e+00 1.95677590e-01
9.83000000e-02 3.92664328e-01 -6.90453375e-02 1.12341086e+00 1.95259945e-01
9.84000000e-02 3.92542762e-01 -6.89263755e-02 1.12339427e+00 1.95417062e-01
9.85000000e-02 3.92659539e-01 -6.90600696e-02 1.12338617e+00 1.95000555e-01
9.86000000e-02 3.92538251e-01 -6.89415952e-02 1.12336966e+00 1.95158189e-01
9.87000000e-02 3.92654791e-01 -6.90746268e-02 1.12336158e+00 1.94742821e-01
9.88000000e-02 3.92533782e-01 -6.89566388e-02 1.12334514e+00 1.94900961e-01
9.89000000e-02 3.92650084e-01 -6.90890130e-02 1.12333710e+00 1.94486733e-01
9.90000000e-02 3.92529355e-01 -6.89715102e-02 1.12332072e+00 1.94645367e-01
9.91000000e-02 3.92645416e-01 -6.91032322e-02 1.12331271e+00 1.94232279e-01
9.92000000e-02 3.92524969e-01 -6.89862141e-02 1.12329641e+00 1.94391397e-01
9.93000000e-02 3.92640788e-01 -6.91172893e-02 1.12328842e+00 1.93979449e-01
9.94000000e-02 3.92520625e-01 -6.90007555e-02 1.12327219e+00 1.94139039e-01
9.95000000e-02 3.92636200e-01 -6.91311899e-02 1.12326423e+00 1.93728233e-01
9.96000000e-02 3.92516321e-01 -6.90151403e-02 1.12324806e+00 1.93888284e-01
9.97000000e-02 3.92631651e-01 -6.91449399e-02 1.12324014e+00 1.93478621e-01
9.98000000e-02 3.92512058e-01 -6.90293749e-02 1.12322404e+00 1.93639122e-01
9.99000000e-02 3.92627141e-01 -6.91585460e-02 1.12321614e+00 1.93230602e-01
1.00000000e-01 3.92507835e-01 -6.90434662e-02 1.12320011e+00 1.93391544e-01
1.00100000e-01 3.92622670e-01 -6.91720153e-02 1.12319224e+00 1.92984168e-01
1.00200000e-01 3.92503651e-01 -6.90574216e-02 1.12317628e+00 1.93145539e-01
1.00300000e-01 3.92618238e-01 -6.91853558e-02 1.12316845e+00 1.92739308e-01
1.00400000e-01 3.92499508e-01 -6.90712492e-02 1.12315256e+00 1.92901098e-01
1.00500000e-01 3.92613844e-01 -6.91985754e-02 1.12314475e+00 1.92496014e-01
1.00600000e-01 3.92495404e-01 -6.90849575e-02 1.12312893e+00 1.92658213e-01
1.00700000e-01 3.92609488e-01 -6.92116830e-02 1.12312116e+00 1.92254275e-01
1.00800000e-01 3.92491339e-01 -6.90985553e-02 1.12310541e+00 1.92416874e-01
1.00900000e-01 3.92605170e-01 -6.92246876e-02 1.12309768e+00 1.92014084e-01
1.01000000e-01 3.92487314e-01 -6.91120520e-02 1.12308200e+00 1.92177072e-01
1.01100000e-01 3.92600890e-01 -6.92375987e-02 1.12307430e+00 1.91775432e-01
1.01200000e-01 3.92483327e-01 -6.91254573e-02 1.12305870e+00 1.91938799e-01
1.01300000e-01 3.92596648e-01 -6.92504262e-02 1.12305104e+00 1.91538309e-01
1.01400000e-01 3.92479379e-01 -6.91387812e-02 1.12303551e+00 1.91702047e-01
1.01500000e-01 3.92592444e-01 -6.92631801e-02 1.12302789e+00 1.91302708e-01
1.01600000e-01 3.92475469e-01 -6.91520338e-02 1.12301245e+00 1.91466806e-01
1.01700000e-01 3.92588277e-01 -6.92758706e-02 1.12300486e+00 1.91068619e-01
1.01800000e-01 3.92471598e-01 -6.91652255e-02 1.12298950e+00 1.91233068e-01
1.01900000e-01 3.92584147e-01 -6.92885084e-02 1.12298196e+00 1.90836035e-01
1.02000000e-01 3.92467765e-01 -6.91783670e-02 1.12296668e+00 1.91000825e-01
1.02100000e-01 3.92580055e-01 -6.93011039e-02 1.12295919e+00 1.90604947e-01
1.02200000e-01 3.92463970e-01 -6.91914688e-02 1.12294399e+00 1.90770069e-01
1.02300000e-01 3.92575999e-01 -6.93136678e-02 1.12293655e+00 1.90375347e-01
1.02400000e-01 3.92460212e-01 -6.92045416e-02 1.12292144e+00 1.90540792e-01
1.02500000e-01 3.92571981e-01 -6.93262106e-02 1.12291406e+00 1.90147226e-01
1.02600000e-01 3.92456492e-01 -6.92175959e-02 1.12289904e+00 1.90312985e-01
1.02700000e-01 3.92567999e-01 -6.93387429e-02 1.12289170e+00 1.89920577e-01
1.02800000e-01 3.92452810e-01 -6.92306422e-02 1.12287677e+00 1.90086640e-01
1.02900000e-01 3.92564054e-01 -6.93512750e-02 1.12286950e+00 1.89695390e-01
1.03000000e-01 3.92449165e-01 -6.92436908e-02 1.12285466e+00 1.89861749e-01
1.03100000e-01 3.92560145e-01 -6.93638172e-02 1.12284745e+00 1.89471659e-01
1.03200000e-01 3.92445556e-01 -6.92567518e-02 1.12283271e+00 1.89638305e-01
1.03300000e-01 3.92556273e-01 -6.93763793e-02 1.12282556e+00 1.89249374e-01
1.03400000e-01 3.92441985e-01 -6.92698350e-02 1.12281092e+00 1.89416297e-01
1.03500000e-01 3.92552436e-01 -6.93889710e-02 1.12280383e+00 1.89028528e-01
1.03600000e-01 3.92438450e-01 -6.92829498e-02 1.12278930e+00 1.89195719e-01
1.03700000e-01 3.92548636e-01 -6.94016016e-02 1.12278228e+00 1.88809112e-01
1.03800000e-01 3.92434952e-01 -6.92961054e-02 1.12276785e+00 1.88976562e-01
1.03900000e-01 3.92544872e-01 -6.94142798e-02 1.12276090e+00 1.88591117e-01
1.04000000e-01 3.92431490e-01 -6.93093103e-02 1.12274658e+00 1.88758817e-01
1.04100000e-01 3.92541143e-01 -6.94270140e-02 1.12273970e+00 1.88374535e-01
1.04200000e-01 3.92428064e-01 -6.93225727e-02 1.12272549e+00 1.88542477e-01
1.04300000e-01 3.92537449e-01 -6.94398121e-02 1.12271869e+00 1.88159358e-01
1.04400000e-01 3.92424673e-01 -6.93359001e-02 1.12270459e+00 1.88327532e-01
1.04500000e-01 3.92533790e-01 -6.94526814e-02 1.12269787e+00 1.87945577e-01
1.04600000e-01 3.92421318e-01 -6.93492998e-02 1.12268388e+00 1.88113974e-01
1.04700000e-01 3.92530167e-01 -6.94656288e-02 1.12267724e+00 1.87733182e-01
1.04800000e-01 3.92417998e-01 -6.93627780e-02 1.12266337e+00 1.87901794e-01
1.04900000e-01 3.92526577e-01 -6.94786601e-02 1.12265681e+00 1.87522167e-01
1.05000000e-01 3.92414712e-01 -6.93763406e-02 1.12264306e+00 1.87690984e-01
1.05100000e-01 3.92523022e-01 -6.94917811e-02 1.12263658e+00 1.87312521e-01
1.05200000e-01 3.92411462e-01 -6.93899928e-02 1.12262295e+00 1.87481535e-01
1.05300000e-01 3.92519501e-01 -6.95049964e-02 1.12261655e+00 1.87104236e-01
1.05400000e-01 3.92408245e-01 -6.94037391e-02 1.12260304e+00 1.87273437e-01
1.05500000e-01 3.92516014e-01 -6.95183103e-02 1.12259674e+00 1.86897302e-01
1.05600000e-01 3.92405062e-01 -6.94175834e-02 1.12258335e+00 1.87066683e-01
1.05700000e-01 3.92512560e-01 -6.95317261e-02 1.12257713e+00 1.86691712e-01
1.05800000e-01 3.92401912e-01 -6.94315286e-02 1.12256386e+00 1.86861262e-01
1.05900000e-01 3.92509139e-01 -6.95452467e-02 1.12255773e+00 1.86487455e-01
1.06000000e-01 3.92398796e-01 -6.94455772e-02 1.12254459e+00 1.86657166e-01
1.06100000e-01 3.92505750e-01 -6.95588739e-02 1.12253855e+00 1.86284522e-01
1.06200000e-01 3.92395712e-01 -6.94597309e-02 1.12252553e+00 1.86454386e-01
1.06300000e-01 3.92502394e-01 -6.95726093e-02 1.12251959e+00 1.86082905e-01
1.06400000e-01 3.92392660e-01 -6.94739907e-02 1.12250669e+00 1.86252913e-01
1.06500000e-01 3.92499069e-01 -6.95864533e-02 1.12250083e+00 1.85882594e-01
1.06600000e-01 3.92389639e-01 -6.94883568e-02 1.12248806e+00 1.86052737e-01
1.06700000e-01 3.92495775e-01 -6.96004060e-02 1.12248230e+00 1.85683580e-01
1.06800000e-01 3.92386650e-01 -6.95028290e-02 1.12246965e+00 1.85853849e-01
1.06900000e-01 3.92492513e-01 -6.96144665e-02 1.12246398e+00 1.85485853e-01
1.07000000e-01 3.92383692e-01 -6.95174061e-02 1.12245146e+00 1.85656239e-01
1.07100000e-01 3.92489280e-01 -6.96286335e-02 1.12244587e+00 1.85289405e-01
1.07200000e-01 3.92380763e-01 -6.95320863e-02 1.12243348e+00 1.85459900e-01
1.07300000e-01 3.92486078e-01 -6.96429048e-02 1.12242798e+00 1.85094225e-01
1.07400000e-01 3.92377865e-01 -6.95468674e-02 1.12241571e+00 1.85264821e-01
1.07500000e-01 3.92482904e-01 -6.96572779e-02 1.12241031e+00 1.84900305e-01
1.07600000e-01 3.92374995e-01 -6.95617463e-02 1.12239815e+00 1.85070993e-01
1.07700000e-01 3.92479760e-01 -6.96717495e-02 1.12239284e+00 1.84707635e-01
1.07800000e-01 3.92372154e-01 -6.95767196e-02 1.12238081e+00 1.84878407e-01
1.07900000e-01 3.92476644e-01 -6.96863156e-02 1.12237558e+00 1.84516207e-01
1.08000000e-01 3.92369341e-01 -6.95917831e-02 1.12236367e+00 1.84687053e-01
1.08100000e-01 3.92473555e-01 -6.97009720e-02 1.12235853e+00 1.84326009e-01
1.08200000e-01 3.92366556e-01 -6.96069322e-02 1.12234674e+00 1.84496923e-01
1.08300000e-01 3.92470494e-01 -6.97157137e-02 1.12234169e+00 1.84137035e-01
1.08400000e-01 3.92363797e-01 -6.96221618e-02 1.12233000e+00 1.84308007e-01
1.08500000e-01 3.92467459e-01 -6.97305355e-02 1.12232504e+00 1.83949273e-01
1.08600000e-01 3.92361065e-01 -6.96374663e-02 1.12231347e+00 1.84120296e-01
1.08700000e-01 3.92464450e-01 -6.97454315e-02 1.12230858e+00 1.83762716e-01
1.08800000e-01 3.92358358e-01 -6.96528399e-02 1.12229713e+00 1.83933782e-01
1.08900000e-01 3.92461467e-01 -6.97603955e-02 1.12229232e+00 1.83577353e-01
1.09000000e-01 3.92355676e-01 -6.96682761e-02 1.12228098e+00 1.83748454e-01
1.09100000e-01 3.92458508e-01 -6.97754211e-02 1.12227625e+00 1.83393176e-01
1.09200000e-01 3.92353018e-01 -6.96837683e-02 1.12226501e+00 1.83564304e-01
1.09300000e-01 3.92455574e-01 -6.97905014e-02 1.12226036e+00 1.83210177e-01
1.09400000e-01 3.92350385e-01 -6.96993095e-02 1.12224922e+00 1.83381324e-01
1.09500000e-01 3.92452663e-01 -6.98056293e-02 1.12224464e+00 1.83028345e-01
1.09600000e-01 3.92347774e-01 -6.97148925e-02 1.12223361e+00 1.83199504e-01
1.09700000e-01 3.92449775e-01 -6.98207975e-02 1.12222910e+00 1.82847672e-01
1.09800000e-01 3.92345186e-01 -6.97305099e-02 1.12221817e+00 1.83018835e-01
1.09900000e-01 3.92446910e-01 -6.98359984e-02 1.12221373e+00 1.82668150e-01
1.10000000e-01 3.92342620e-01 -6.97461541e-02 1.12220289e+00 1.82839310e-01
1.10100000e-01 3.92444066e-01 -6.98512243e-02 1.12219852e+00 1.82489770e-01
1.10200000e-01 3.92340075e-01 -6.97618172e-02 1.12218778e+00 1.82660919e-01
1.10300000e-01 3.92441244e-01 -6.98664674e-02 1.12218346e+00 1.82312523e-01
1.10400000e-01 3.92337551e-01 -6.97774915e-02 1.12217281e+00 1.82483654e-01
1.10500000e-01 3.92438441e-01 -6.98817197e-02 1.12216855e+00 1.82136401e-01
1.10600000e-01 3.92335047e-01 -6.97931689e-02 1.12215799e+00 1.82307507e-01
1.10700000e-01 3.92435659e-01 -6.98969734e-02 1.12215379e+00 1.81961396e-01
1.10800000e-01 3.92332562e-01 -6.98088417e-02 1.12214332e+00 1.82132470e-01
1.10900000e-01 3.92432897e-01 -6.99122205e-02 1.12213917e+00 1.81787499e-01
1.11000000e-01 3.92330097e-01 -6.98245018e-02 1.12212877e+00 1.81958534e-01
1.11100000e-01 3.92430153e-01 -6.99274530e-02 1.12212468e+00 1.81614702e-01
1.11200000e-01 3.92327649e-01 -6.98401413e-02 1.12211436e+00 1.81785692e-01
1.11300000e-01 3.92427427e-01 -6.99426630e-02 1.12211031e+00 1.81442998e-01
1.11400000e-01 3.92325219e-01 -6.98557525e-02 1.12210007e+00 1.81613935e-01
1.11500000e-01 3.92424719e-01 -6.99578429e-02 1.12209607e+00 1.81272378e-01
1.11600000e-01 3.92322806e-01 -6.98713275e-02 1.12208590e+00 1.81443257e-01
1.11700000e-01 3.92422029e-01 -6.99729848e-02 1.12208194e+00 1.81102836e-01
1.11800000e-01 3.92320410e-01 -6.98868589e-02 1.12207184e+00 1.81273648e-01
1.11900000e-01 3.92419354e-01 -6.99880813e-02 1.12206791e+00 1.80934362e-01
1.12000000e-01 3.92318030e-01 -6.99023391e-02 1.12205788e+00 1.81105103e-01
1.12100000e-01 3.92416696e-01 -7.00031251e-02 1.12205399e+00 1.80766951e-01
1.12200000e-01 3.92315666e-01 -6.99177610e-02 1.12204402e+00 1.80937614e-01
1.12300000e-01 3.92414054e-01 -7.00181089e-02 1.12204017e+00 1.80600594e-01
1.12400000e-01 3.92313316e-01 -6.99331174e-02 1.12203026e+00 1.80771173e-01
1.12500000e-01 3.92411427e-01 -7.00330258e-02 1.12202643e+00 1.80435284e-01
1.12600000e-01 3.92310981e-01 -6.99484017e-02 1.12201658e+00 1.80605774e-01
1.12700000e-01 3.92408814e-01 -7.00478693e-02 1.12201278e+00 1.80271015e-01
1.12800000e-01 3.92308660e-01 -6.99636072e-02 1.12200298e+00 1.80441409e-01
1.12900000e-01 3.92406216e-01 -7.00626327e-02 1.12199921e+00 1.80107780e-01
1.13000000e-01 3.92306353e-01 -6.99787276e-02 1.12198946e+00 1.80278071e-01
1.13100000e-01 3.92403631e-01 -7.00773099e-02 1.12198571e+00 1.79945570e-01
1.13200000e-01 3.92304059e-01 -6.99937569e-02 1.12197601e+00 1.80115755e-01
1.13300000e-01 3.92401060e-01 -7.00918951e-02 1.12197228e+00 1.79784381e-01
1.13400000e-01 3.92301778e-01 -7.00086894e-02 1.12196263e+00 1.79954453e-01
1.13500000e-01 3.92398502e-01 -7.01063826e-02 1.12195892e+00 1.79624205e-01
1.13600000e-01 3.92299509e-01 -7.00235197e-02 1.12194931e+00 1.79794158e-01
1.13700000e-01 3.92395957e-01 -7.01207672e-02 1.12194561e+00 1.79465036e-01
1.13800000e-01 3.92297253e-01 -7.00382427e-02 1.12193604e+00 1.79634865e-01
1.13900000e-01 3.92393424e-01 -7.01350439e-02 1.12193235e+00 1.79306867e-01
1.14000000e-01 3.92295008e-01 -7.00528535e-02 1.12192283e+00 1.79476568e-01
1.14100000e-01 3.92390903e-01 -7.01492081e-02 1.12191915e+00 1.79149692e-01
1.14200000e-01 3.92292775e-01 -7.00673476e-02 1.12190966e+00 1.79319259e-01
1.14300000e-01 3.92388394e-01 -7.01632554e-02 1.12190599e+00 1.78993506e-01
1.14400000e-01 3.92290553e-01 -7.00817211e-02 1.12189653e+00 1.79162933e-01
1.14500000e-01 3.92385896e-01 -7.01771819e-02 1.12189287e+00 1.78838300e-01
1.14600000e-01 3.92288342e-01 -7.00959699e-02 1.12188344e+00 1.79007584e-01
1.14700000e-01 3.92383410e-01 -7.01909839e-02 1.12187978e+00 1.78684071e-01
1.14800000e-01 3.92286142e-01 -7.01100907e-02 1.12187039e+00 1.78853205e-01
1.14900000e-01 3.92380934e-01 -7.02046580e-02 1.12186673e+00 1.78530811e-01
1.15000000e-01 3.92283952e-01 -7.01240803e-02 1.12185736e+00 1.78699791e-01
1.15100000e-01 3.92378470e-01 -7.02182013e-02 1.12185371e+00 1.78378515e-01
1.15200000e-01 3.92281772e-01 -7.01379357e-02 1.12184436e+00 1.78547337e-01
1.15300000e-01 3.92376016e-01 -7.02316110e-02 1.12184071e+00 1.78227177e-01
1.15400000e-01 3.92279602e-01 -7.01516547e-02 1.12183139e+00 1.78395835e-01
1.15500000e-01 3.92373573e-01 -7.02448848e-02 1.12182773e+00 1.78076791e-01
1.15600000e-01 3.92277443e-01 -7.01652348e-02 1.12181844e+00 1.78245281e-01
1.15700000e-01 3.92371140e-01 -7.02580207e-02 1.12181477e+00 1.77927351e-01
1.15800000e-01 3.92275293e-01 -7.01786742e-02 1.12180550e+00 1.78095669e-01
1.15900000e-01 3.92368717e-01 -7.02710167e-02 1.12180183e+00 1.77778851e-01
1.16000000e-01 3.92273153e-01 -7.01919712e-02 1.12179258e+00 1.77946993e-01
1.16100000e-01 3.92366304e-01 -7.02838715e-02 1.12178891e+00 1.77631287e-01
1.16200000e-01 3.92271022e-01 -7.02051247e-02 1.12177967e+00 1.77799247e-01
1.16300000e-01 3.92363901e-01 -7.02965839e-02 1.12177599e+00 1.77484651e-01
1.16400000e-01 3.92268900e-01 -7.02181334e-02 1.12176678e+00 1.77652426e-01
1.16500000e-01 3.92361509e-01 -7.03091529e-02 1.12176309e+00 1.77338939e-01
1.16600000e-01 3.92266788e-01 -7.02309967e-02 1.12175389e+00 1.77506525e-01
1.16700000e-01 3.92359126e-01 -7.03215780e-02 1.12175019e+00 1.77194145e-01
1.16800000e-01 3.92264686e-01 -7.02437140e-02 1.12174100e+00 1.77361537e-01
1.16900000e-01 3.92356752e-01 -7.03338586e-02 1.12173729e+00 1.77050263e-01
1.17000000e-01 3.92262592e-01 -7.02562850e-02 1.12172813e+00 1.77217457e-01
1.17100000e-01 3.92354389e-01 -7.03459946e-02 1.12172440e+00 1.76907288e-01
1.17200000e-01 3.92260508e-01 -7.02687097e-02 1.12171525e+00 1.77074279e-01
1.17300000e-01 3.92352035e-01 -7.03579860e-02 1.12171151e+00 1.76765213e-01
1.17400000e-01 3.92258433e-01 -7.02809882e-02 1.12170237e+00 1.76931999e-01
1.17500000e-01 3.92349691e-01 -7.03698332e-02 1.12169863e+00 1.76624035e-01
1.17600000e-01 3.92256367e-01 -7.02931209e-02 1.12168950e+00 1.76790611e-01
1.17700000e-01 3.92347357e-01 -7.03815365e-02 1.12168574e+00 1.76483746e-01
1.17800000e-01 3.92254310e-01 -7.03051084e-02 1.12167662e+00 1.76650109e-01
1.17900000e-01 3.92345033e-01 -7.03930966e-02 1.12167285e+00 1.76344342e-01
1.18000000e-01 3.92252263e-01 -7.03169514e-02 1.12166374e+00 1.76510487e-01
1.18100000e-01 3.92342718e-01 -7.04045144e-02 1.12165996e+00 1.76205817e-01
1.18200000e-01 3.92250224e-01 -7.03286509e-02 1.12165086e+00 1.76371741e-01
1.18300000e-01 3.92340413e-01 -7.04157908e-02 1.12164706e+00 1.76068166e-01
1.18400000e-01 3.92248195e-01 -7.03402078e-02 1.12163798e+00 1.76233865e-01
1.18500000e-01 3.92338118e-01 -7.04269269e-02 1.12163416e+00 1.75931383e-01
1.18600000e-01 3.92246175e-01 -7.03516235e-02 1.12162508e+00 1.76096854e-01
1.18700000e-01 3.92335833e-01 -7.04379241e-02 1.12162125e+00 1.75795462e-01
1.18800000e-01 3.92244164e-01 -7.03628992e-02 1.12161219e+00 1.75960701e-01
1.18900000e-01 3.92333557e-01 -7.04487836e-02 1.12160834e+00 1.75660399e-01
1.19000000e-01 3.92242163e-01 -7.03740364e-02 1.12159929e+00 1.75825403e-01
1.19100000e-01 3.92331292e-01 -7.04595071e-02 1.12159543e+00 1.75526188e-01
1.19200000e-01 3.92240171e-01 -7.03850366e-02 1.12158638e+00 1.75690953e-01
1.19300000e-01 3.92329037e-01 -7.04700960e-02 1.12158250e+00 1.75392823e-01
1.19400000e-01 3.92238189e-01 -7.03959015e-02 1.12157347e+00 1.75557346e-01
1.19500000e-01 3.92326791e-01 -7.04805521e-02 1.12156957e+00 1.75260300e-01
1.19600000e-01 3.92236215e-01 -7.04066329e-02 1.12156055e+00 1.75424578e-01
1.19700000e-01 3.92324556e-01 -7.04908772e-02 1.12155664e+00 1.75128612e-01
1.19800000e-01 3.92234252e-01 -7.04172326e-02 1.12154762e+00 1.75292642e-01
1.19900000e-01 3.92322331e-01 -7.05010730e-02 1.12154370e+00 1.74997755e-01
1.20000000e-01 3.92232298e-01 -7.04277024e-02 1.12153468e+00 1.75161533e-01
1.20100000e-01 3.92320116e-01 -7.05111416e-02 1.12153075e+00 1.74867724e-01
1.20200000e-01 3.92230354e-01 -7.04380443e-02 1.12152174e+00 1.75031248e-01
1.20300000e-01 3.92317911e-01 -7.05210848e-02 1.12151779e+00 1.74738513e-01
1.20400000e-01 3.92228419e-01 -7.04482602e-02 1.12150879e+00 1.74901779e-01
1.20500000e-01 3.92315717e-01 -7.05309046e-02 1.12150483e+00 1.74610117e-01
1.20600000e-01 3.92226494e-01 -7.04583522e-02 1.12149584e+00 1.74773122e-01
1.20700000e-01 3.92313533e-01 -7.05406031e-02 1.12149186e+00 1.74482531e-01
1.20800000e-01 3.92224579e-01 -7.04683223e-02 1.12148288e+00 1.74645273e-01
1.20900000e-01 3.92311360e-01 -7.05501823e-02 1.12147888e+00 1.74355750e-01
1.21000000e-01 3.92222673e-01 -7.04781726e-02 1.12146991e+00 1.74518225e-01
1.21100000e-01 3.92309197e-01 -7.05596443e-02 1.12146590e+00 1.74229769e-01
1.21200000e-01 3.92220778e-01 -7.04879052e-02 1.12145694e+00 1.74391975e-01
1.21300000e-01 3.92307045e-01 -7.05689911e-02 1.12145291e+00 1.74104582e-01
1.21400000e-01 3.92218893e-01 -7.04975221e-02 1.12144396e+00 1.74266517e-01
1.21500000e-01 3.92304903e-01 -7.05782249e-02 1.12143992e+00 1.73980186e-01
1.21600000e-01 3.92217017e-01 -7.05070256e-02 1.12143097e+00 1.74141846e-01
1.21700000e-01 3.92302773e-01 -7.05873478e-02 1.12142692e+00 1.73856574e-01
1.21800000e-01 3.92215152e-01 -7.05164176e-02 1.12141798e+00 1.74017957e-01
1.21900000e-01 3.92300652e-01 -7.05963617e-02 1.12141392e+00 1.73733742e-01
1.22000000e-01 3.92213296e-01 -7.05257002e-02 1.12140499e+00 1.73894845e-01
1.22100000e-01 3.92298543e-01 -7.06052689e-02 1.12140091e+00 1.73611685e-01
1.22200000e-01 3.92211451e-01 -7.05348757e-02 1.12139199e+00 1.73772506e-01
1.22300000e-01 3.92296444e-01 -7.06140714e-02 1.12138789e+00 1.73490398e-01
1.22400000e-01 3.92209616e-01 -7.05439459e-02 1.12137899e+00 1.73650935e-01
1.22500000e-01 3.92294356e-01 -7.06227712e-02 1.12137488e+00 1.73369877e-01
1.22600000e-01 3.92207791e-01 -7.05529130e-02 1.12136598e+00 1.73530127e-01
1.22700000e-01 3.92292280e-01 -7.06313704e-02 1.12136186e+00 1.73250116e-01
1.22800000e-01 3.92205977e-01 -7.05617790e-02 1.12135297e+00 1.73410077e-01
1.22900000e-01 3.92290214e-01 -7.06398710e-02 1.12134883e+00 1.73131112e-01
1.23000000e-01 3.92204172e-01 -7.05705459e-02 1.12133995e+00 1.73290781e-01
1.23100000e-01 3.92288158e-01 -7.06482748e-02 1.12133581e+00 1.73012858e-01
1.23200000e-01 3.92202378e-01 -7.05792156e-02 1.12132694e+00 1.73172234e-01
1.23300000e-01 3.92286114e-01 -7.06565840e-02 1.12132278e+00 1.72895351e-01
1.23400000e-01 3.92200594e-01 -7.05877902e-02 1.12131392e+00 1.73054431e-01
1.23500000e-01 3.92284081e-01 -7.06648004e-02 1.12130975e+00 1.72778586e-01
1.23600000e-01 3.92198821e-01 -7.05962714e-02 1.12130090e+00 1.72937368e-01
1.23700000e-01 3.92282059e-01 -7.06729258e-02 1.12129672e+00 1.72662559e-01
1.23800000e-01 3.92197058e-01 -7.06046612e-02 1.12128788e+00 1.72821041e-01
1.23900000e-01 3.92280048e-01 -7.06809622e-02 1.12128368e+00 1.72547264e-01
1.24000000e-01 3.92195305e-01 -7.06129614e-02 1.12127485e+00 1.72705444e-01
1.24100000e-01 3.92278048e-01 -7.06889114e-02 1.12127065e+00 1.72432698e-01
1.24200000e-01 3.92193562e-01 -7.06211739e-02 1.12126183e+00 1.72590573e-01
1.24300000e-01 3.92276059e-01 -7.06967750e-02 1.12125762e+00 1.72318855e-01
1.24400000e-01 3.92191830e-01 -7.06293002e-02 1.12124881e+00 1.72476424e-01
1.24500000e-01 3.92274081e-01 -7.07045548e-02 1.12124458e+00 1.72205732e-01
1.24600000e-01 3.92190108e-01 -7.06373422e-02 1.12123578e+00 1.72362992e-01
1.24700000e-01 3.92272113e-01 -7.07122525e-02 1.12123155e+00 1.72093324e-01
1.24800000e-01 3.92188397e-01 -7.06453016e-02 1.12122276e+00 1.72250274e-01
1.24900000e-01 3.92270157e-01 -7.07198698e-02 1.12121852e+00 1.71981626e-01
1.25000000e-01 3.92186695e-01 -7.06531799e-02 1.12120974e+00 1.72138264e-01
1.25100000e-01 3.92268212e-01 -7.07274082e-02 1.12120549e+00 1.71870634e-01
1.25200000e-01 3.92185004e-01 -7.06609787e-02 1.12119673e+00 1.72026958e-01
1.25300000e-01 3.92266278e-01 -7.07348693e-02 1.12119246e+00 1.71760344e-01
1.25400000e-01 3.92183324e-01 -7.06686996e-02 1.12118371e+00 1.71916351e-01
1.25500000e-01 3.92264355e-01 -7.07422546e-02 1.12117944e+00 1.71650751e-01
1.25600000e-01 3.92181653e-01 -7.06763440e-02 1.12117070e+00 1.71806441e-01
1.25700000e-01 3.92262443e-01 -7.07495656e-02 1.12116642e+00 1.71541851e-01
1.25800000e-01 3.92179993e-01 -7.06839135e-02 1.12115769e+00 1.71697221e-01
1.25900000e-01 3.92260541e-01 -7.07568036e-02 1.12115340e+00 1.71433640e-01
1.26000000e-01 3.92178343e-01 -7.06914094e-02 1.12114468e+00 1.71588689e-01
1.26100000e-01 3.92258651e-01 -7.07639701e-02 1.12114038e+00 1.71326113e-01
1.26200000e-01 3.92176703e-01 -7.06988330e-02 1.12113168e+00 1.71480839e-01
1.26300000e-01 3.92256771e-01 -7.07710663e-02 1.12112737e+00 1.71219267e-01
1.26400000e-01 3.92175073e-01 -7.07061857e-02 1.12111868e+00 1.71373668e-01
1.26500000e-01 3.92254902e-01 -7.07780936e-02 1.12111436e+00 1.71113096e-01
1.26600000e-01 3.92173453e-01 -7.07134687e-02 1.12110568e+00 1.71267171e-01
1.26700000e-01 3.92253044e-01 -7.07850532e-02 1.12110136e+00 1.71007597e-01
1.26800000e-01 3.92171844e-01 -7.07206834e-02 1.12109269e+00 1.71161344e-01
1.26900000e-01 3.92251197e-01 -7.07919462e-02 1.12108837e+00 1.70902766e-01
1.27000000e-01 3.92170244e-01 -7.07278307e-02 1.12107971e+00 1.71056182e-01
1.27100000e-01 3.92249361e-01 -7.07987740e-02 1.12107538e+00 1.70798598e-01
1.27200000e-01 3.92168655e-01 -7.07349120e-02 1.12106673e+00 1.70951683e-01
1.27300000e-01 3.92247535e-01 -7.08055375e-02 1.12106239e+00 1.70695089e-01
1.27400000e-01 3.92167075e-01 -7.07419283e-02 1.12105376e+00 1.70847841e-01
1.27500000e-01 3.92245719e-01 -7.08122378e-02 1.12104941e+00 1.70592236e-01
1.27600000e-01 3.92165505e-01 -7.07488806e-02 1.12104080e+00 1.70744653e-01
1.27700000e-01 3.92243915e-01 -7.08188760e-02 1.12103644e+00 1.70490033e-01
1.27800000e-01 3.92163946e-01 -7.07557700e-02 1.12102784e+00 1.70642114e-01
1.27900000e-01 3.92242121e-01 -7.08254531e-02 1.12102348e+00 1.70388477e-01
1.28000000e-01 3.92162396e-01 -7.07625975e-02 1.12101489e+00 1.70540220e-01
1.28100000e-01 3.92240337e-01 -7.08319700e-02 1.12101052e+00 1.70287564e-01
1.28200000e-01 3.92160855e-01 -7.07693640e-02 1.12100194e+00 1.70438967e-01
1.28300000e-01 3.92238564e-01 -7.08384276e-02 1.12099757e+00 1.70187290e-01
1.28400000e-01 3.92159325e-01 -7.07760704e-02 1.12098900e+00 1.70338352e-01
1.28500000e-01 3.92236801e-01 -7.08448269e-02 1.12098463e+00 1.70087650e-01
1.28600000e-01 3.92157804e-01 -7.07827177e-02 1.12097608e+00 1.70238370e-01
1.28700000e-01 3.92235049e-01 -7.08511687e-02 1.12097169e+00 1.69988641e-01
1.28800000e-01 3.92156293e-01 -7.07893066e-02 1.12096316e+00 1.70139016e-01
1.28900000e-01 3.92233307e-01 -7.08574538e-02 1.12095877e+00 1.69890259e-01
1.29000000e-01 3.92154791e-01 -7.07958379e-02 1.12095024e+00 1.70040288e-01
1.29100000e-01 3.92231575e-01 -7.08636830e-02 1.12094585e+00 1.69792498e-01
1.29200000e-01 3.92153299e-01 -7.08023125e-02 1.12093734e+00 1.69942181e-01
1.29300000e-01 3.92229853e-01 -7.08698571e-02 1.12093294e+00 1.69695357e-01
1.29400000e-01 3.92151816e-01 -7.08087311e-02 1.12092445e+00 1.69844691e-01
1.29500000e-01 3.92228142e-01 -7.08759768e-02 1.12092004e+00 1.69598830e-01
1.29600000e-01 3.92150343e-01 -7.08150944e-02 1.12091156e+00 1.69747814e-01
1.29700000e-01 3.92226440e-01 -7.08820429e-02 1.12090715e+00 1.69502913e-01
1.29800000e-01 3.92148879e-01 -7.08214032e-02 1.12089869e+00 1.69651546e-01
1.29900000e-01 3.92224749e-01 -7.08880559e-02 1.12089427e+00 1.69407603e-01
1.30000000e-01 3.92147424e-01 -7.08276581e-02 1.12088582e+00 1.69555883e-01
1.30100000e-01 3.92223067e-01 -7.08940166e-02 1.12088140e+00 1.69312896e-01
1.30200000e-01 3.92145979e-01 -7.08338597e-02 1.12087296e+00 1.69460821e-01
1.30300000e-01 3.92221396e-01 -7.08999256e-02 1.12086854e+00 1.69218788e-01
1.30400000e-01 3.92144543e-01 -7.08400088e-02 1.12086012e+00 1.69366357e-01
1.30500000e-01 3.92219734e-01 -7.09057835e-02 1.12085569e+00 1.69125274e-01
1.30600000e-01 3.92143116e-01 -7.08461059e-02 1.12084728e+00 1.69272486e-01
1.30700000e-01 3.92218082e-01 -7.09115910e-02 1.12084285e+00 1.69032351e-01
1.30800000e-01 3.92141698e-01 -7.08521516e-02 1.12083446e+00 1.69179205e-01
1.30900000e-01 3.92216440e-01 -7.09173485e-02 1.12083002e+00 1.68940015e-01
1.31000000e-01 3.92140289e-01 -7.08581465e-02 1.12082164e+00 1.69086509e-01
1.31100000e-01 3.92214808e-01 -7.09230567e-02 1.12081720e+00 1.68848262e-01
1.31200000e-01 3.92138889e-01 -7.08640911e-02 1.12080884e+00 1.68994396e-01
1.31300000e-01 3.92213185e-01 -7.09287161e-02 1.12080440e+00 1.68757088e-01
1.31400000e-01 3.92137498e-01 -7.08699861e-02 1.12079604e+00 1.68902860e-01
1.31500000e-01 3.92211572e-01 -7.09343273e-02 1.12079160e+00 1.68666490e-01
1.31600000e-01 3.92136116e-01 -7.08758318e-02 1.12078326e+00 1.68811898e-01
1.31700000e-01 3.92209969e-01 -7.09398906e-02 1.12077881e+00 1.68576463e-01
1.31800000e-01 3.92134742e-01 -7.08816289e-02 1.12077049e+00 1.68721506e-01
1.31900000e-01 3.92208375e-01 -7.09454068e-02 1.12076604e+00 1.68487004e-01
1.32000000e-01 3.92133378e-01 -7.08873778e-02 1.12075773e+00 1.68631681e-01
1.32100000e-01 3.92206790e-01 -7.09508762e-02 1.12075328e+00 1.68398108e-01
1.32200000e-01 3.92132022e-01 -7.08930791e-02 1.12074498e+00 1.68542418e-01
1.32300000e-01 3.92205215e-01 -7.09562993e-02 1.12074053e+00 1.68309773e-01
1.32400000e-01 3.92130675e-01 -7.08987332e-02 1.12073225e+00 1.68453714e-01
1.32500000e-01 3.92203649e-01 -7.09616766e-02 1.12072779e+00 1.68221994e-01
1.32600000e-01 3.92129336e-01 -7.09043406e-02 1.12071952e+00 1.68365566e-01
1.32700000e-01 3.92202092e-01 -7.09670086e-02 1.12071506e+00 1.68134767e-01
1.32800000e-01 3.92128006e-01 -7.09099017e-02 1.12070681e+00 1.68277969e-01
1.32900000e-01 3.92200544e-01 -7.09722957e-02 1.12070234e+00 1.68048090e-01
1.33000000e-01 3.92126684e-01 -7.09154170e-02 1.12069411e+00 1.68190919e-01
1.33100000e-01 3.92199006e-01 -7.09775384e-02 1.12068964e+00 1.67961957e-01
1.33200000e-01 3.92125371e-01 -7.09208870e-02 1.12068142e+00 1.68104414e-01
1.33300000e-01 3.92197477e-01 -7.09827370e-02 1.12067695e+00 1.67876366e-01
1.33400000e-01 3.92124066e-01 -7.09263121e-02 1.12066874e+00 1.68018448e-01
1.33500000e-01 3.92195956e-01 -7.09878921e-02 1.12066427e+00 1.67791312e-01
1.33600000e-01 3.92122769e-01 -7.09316926e-02 1.12065608e+00 1.67933020e-01
1.33700000e-01 3.92194445e-01 -7.09930040e-02 1.12065160e+00 1.67706793e-01
1.33800000e-01 3.92121481e-01 -7.09370292e-02 1.12064342e+00 1.67848125e-01
1.33900000e-01 3.92192943e-01 -7.09980731e-02 1.12063895e+00 1.67622804e-01
1.34000000e-01 3.92120201e-01 -7.09423220e-02 1.12063078e+00 1.67763759e-01
1.34100000e-01 3.92191449e-01 -7.10031000e-02 1.12062631e+00 1.67539342e-01
1.34200000e-01 3.92118929e-01 -7.09475717e-02 1.12061816e+00 1.67679919e-01
1.34300000e-01 3.92189965e-01 -7.10080849e-02 1.12061368e+00 1.67456404e-01
1.34400000e-01 3.92117665e-01 -7.09527786e-02 1.12060554e+00 1.67596601e-01
1.34500000e-01 3.92188489e-01 -7.10130282e-02 1.12060106e+00 1.67373985e-01
1.34600000e-01 3.92116409e-01 -7.09579430e-02 1.12059294e+00 1.67513802e-01
1.34700000e-01 3.92187021e-01 -7.10179305e-02 1.12058846e+00 1.67292082e-01
1.34800000e-01 3.92115161e-01 -7.09630654e-02 1.12058035e+00 1.67431519e-01
1.34900000e-01 3.92185563e-01 -7.10227920e-02 1.12057587e+00 1.67210693e-01
1.35000000e-01 3.92113921e-01 -7.09681462e-02 1.12056778e+00 1.67349748e-01
1.35100000e-01 3.92184113e-01 -7.10276132e-02 1.12056329e+00 1.67129812e-01
1.35200000e-01 3.92112689e-01 -7.09731858e-02 1.12055521e+00 1.67268485e-01
1.35300000e-01 3.92182671e-01 -7.10323944e-02 1.12055072e+00 1.67049438e-01
1.35400000e-01 3.92111465e-01 -7.09781846e-02 1.12054266e+00 1.67187727e-01
1.35500000e-01 3.92181238e-01 -7.10371361e-02 1.12053817e+00 1.66969566e-01
1.35600000e-01 3.92110249e-01 -7.09831429e-02 1.12053013e+00 1.67107472e-01
1.35700000e-01 3.92179814e-01 -7.10418385e-02 1.12052563e+00 1.66890194e-01
1.35800000e-01 3.92109040e-01 -7.09880611e-02 1.12051760e+00 1.67027714e-01
1.35900000e-01 3.92178398e-01 -7.10465021e-02 1.12051311e+00 1.66811317e-01
1.36000000e-01 3.92107839e-01 -7.09929396e-02 1.12050509e+00 1.66948452e-01
1.36100000e-01 3.92176990e-01 -7.10511273e-02 1.12050060e+00 1.66732933e-01
1.36200000e-01 3.92106646e-01 -7.09977789e-02 1.12049260e+00 1.66869682e-01
1.36300000e-01 3.92175590e-01 -7.10557143e-02 1.12048810e+00 1.66655039e-01
1.36400000e-01 3.92105460e-01 -7.10025791e-02 1.12048011e+00 1.66791401e-01
1.36500000e-01 3.92174199e-01 -7.10602636e-02 1.12047562e+00 1.66577630e-01
1.36600000e-01 3.92104282e-01 -7.10073408e-02 1.12046764e+00 1.66713605e-01
1.36700000e-01 3.92172816e-01 -7.10647756e-02 1.12046314e+00 1.66500705e-01
1.36800000e-01 3.92103111e-01 -7.10120643e-02 1.12045519e+00 1.66636291e-01
1.36900000e-01 3.92171441e-01 -7.10692505e-02 1.12045069e+00 1.66424259e-01
1.37000000e-01 3.92101947e-01 -7.10167499e-02 1.12044274e+00 1.66559456e-01
1.37100000e-01 3.92170074e-01 -7.10736888e-02 1.12043824e+00 1.66348290e-01
1.37200000e-01 3.92100791e-01 -7.10213980e-02 1.12043031e+00 1.66483098e-01
1.37300000e-01 3.92168715e-01 -7.10780908e-02 1.12042581e+00 1.66272794e-01
1.37400000e-01 3.92099643e-01 -7.10260090e-02 1.12041790e+00 1.66407212e-01
1.37500000e-01 3.92167364e-01 -7.10824569e-02 1.12041340e+00 1.66197768e-01
1.37600000e-01 3.92098501e-01 -7.10305832e-02 1.12040550e+00 1.66331797e-01
1.37700000e-01 3.92166021e-01 -7.10867873e-02 1.12040099e+00 1.66123210e-01
1.37800000e-01 3.92097367e-01 -7.10351210e-02 1.12039311e+00 1.66256848e-01
1.37900000e-01 3.92164686e-01 -7.10910825e-02 1.12038861e+00 1.66049117e-01
1.38000000e-01 3.92096240e-01 -7.10396227e-02 1.12038073e+00 1.66182363e-01
1.38100000e-01 3.92163359e-01 -7.10953428e-02 1.12037623e+00 1.65975484e-01
1.38200000e-01 3.92095120e-01 -7.10440886e-02 1.12036837e+00 1.66108339e-01
1.38300000e-01 3.92162039e-01 -7.10995684e-02 1.12036387e+00 1.65902310e-01
1.38400000e-01 3.92094007e-01 -7.10485191e-02 1.12035603e+00 1.66034772e-01
1.38500000e-01 3.92160727e-01 -7.11037599e-02 1.12035152e+00 1.65829591e-01
1.38600000e-01 3.92092902e-01 -7.10529146e-02 1.12034370e+00 1.65961661e-01
1.38700000e-01 3.92159423e-01 -7.11079174e-02 1.12033919e+00 1.65757324e-01
1.38800000e-01 3.92091803e-01 -7.10572754e-02 1.12033138e+00 1.65889002e-01
1.38900000e-01 3.92158126e-01 -7.11120413e-02 1.12032687e+00 1.65685507e-01
1.39000000e-01 3.92090711e-01 -7.10616017e-02 1.12031907e+00 1.65816791e-01
1.39100000e-01 3.92156838e-01 -7.11161320e-02 1.12031457e+00 1.65614136e-01
1.39200000e-01 3.92089626e-01 -7.10658940e-02 1.12030678e+00 1.65745027e-01
1.39300000e-01 3.92155556e-01 -7.11201898e-02 1.12030228e+00 1.65543209e-01
1.39400000e-01 3.92088548e-01 -7.10701526e-02 1.12029451e+00 1.65673706e-01
1.39500000e-01 3.92154282e-01 -7.11242150e-02 1.12029000e+00 1.65472723e-01
1.39600000e-01 3.92087477e-01 -7.10743778e-02 1.12028225e+00 1.65602825e-01
1.39700000e-01 3.92153016e-01 -7.11282078e-02 1.12027774e+00 1.65402674e-01
1.39800000e-01 3.92086412e-01 -7.10785699e-02 1.12027000e+00 1.65532382e-01
1.39900000e-01 3.92151756e-01 -7.11321687e-02 1.12026549e+00 1.65333061e-01
1.40000000e-01 3.92085354e-01 -7.10827292e-02 1.12025777e+00 1.65462374e-01
1.40100000e-01 3.92150505e-01 -7.11360980e-02 1.12025326e+00 1.65263879e-01
1.40200000e-01 3.92084303e-01 -7.10868561e-02 1.12024555e+00 1.65392798e-01
1.40300000e-01 3.92149260e-01 -7.11399959e-02 1.12024104e+00 1.65195127e-01
1.40400000e-01 3.92083259e-01 -7.10909508e-02 1.12023334e+00 1.65323651e-01
1.40500000e-01 3.92148023e-01 -7.11438628e-02 1.12022884e+00 1.65126802e-01
1.40600000e-01 3.92082221e-01 -7.10950138e-02 1.12022115e+00 1.65254930e-01
1.40700000e-01 3.92146793e-01 -7.11476989e-02 1.12021665e+00 1.65058900e-01
1.40800000e-01 3.92081189e-01 -7.10990452e-02 1.12020898e+00 1.65186633e-01
1.40900000e-01 3.92145570e-01 -7.11515046e-02 1.12020447e+00 1.64991420e-01
1.41000000e-01 3.92080164e-01 -7.11030454e-02 1.12019682e+00 1.65118757e-01
1.41100000e-01 3.92144354e-01 -7.11552802e-02 1.12019231e+00 1.64924358e-01
1.41200000e-01 3.92079146e-01 -7.11070147e-02 1.12018467e+00 1.65051299e-01
1.41300000e-01 3.92143145e-01 -7.11590259e-02 1.12018017e+00 1.64857711e-01
1.41400000e-01 3.92078134e-01 -7.11109534e-02 1.12017254e+00 1.64984257e-01
1.41500000e-01 3.92141944e-01 -7.11627421e-02 1.12016803e+00 1.64791478e-01
1.41600000e-01 3.92077128e-01 -7.11148618e-02 1.12016042e+00 1.64917627e-01
1.41700000e-01 3.92140749e-01 -7.11664291e-02 1.12015592e+00 1.64725654e-01
1.41800000e-01 3.92076129e-01 -7.11187402e-02 1.12014832e+00 1.64851407e-01
1.41900000e-01 3.92139561e-01 -7.11700871e-02 1.12014381e+00 1.64660238e-01
1.42000000e-01 3.92075135e-01 -7.11225889e-02 1.12013623e+00 1.64785595e-01
1.42100000e-01 3.92138380e-01 -7.11737165e-02 1.12013173e+00 1.64595227e-01
1.42200000e-01 3.92074149e-01 -7.11264081e-02 1.12012415e+00 1.64720188e-01
1.42300000e-01 3.92137206e-01 -7.11773174e-02 1.12011965e+00 1.64530618e-01
1.42400000e-01 3.92073168e-01 -7.11301983e-02 1.12011210e+00 1.64655183e-01
1.42500000e-01 3.92136039e-01 -7.11808902e-02 1.12010759e+00 1.64466409e-01
1.42600000e-01 3.92072193e-01 -7.11339595e-02 1.12010005e+00 1.64590577e-01
1.42700000e-01 3.92134878e-01 -7.11844352e-02 1.12009555e+00 1.64402597e-01
1.42800000e-01 3.92071225e-01 -7.11376921e-02 1.12008802e+00 1.64526369e-01
1.42900000e-01 3.92133724e-01 -7.11879527e-02 1.12008352e+00 1.64339180e-01
1.43000000e-01 3.92070263e-01 -7.11413965e-02 1.12007600e+00 1.64462555e-01
1.43100000e-01 3.92132577e-01 -7.11914428e-02 1.12007150e+00 1.64276154e-01
1.43200000e-01 3.92069306e-01 -7.11450728e-02 1.12006400e+00 1.64399133e-01
1.43300000e-01 3.92131437e-01 -7.11949060e-02 1.12005950e+00 1.64213517e-01
1.43400000e-01 3.92068356e-01 -7.11487214e-02 1.12005202e+00 1.64336100e-01
1.43500000e-01 3.92130303e-01 -7.11983423e-02 1.12004752e+00 1.64151268e-01
1.43600000e-01 3.92067412e-01 -7.11523424e-02 1.12004005e+00 1.64273454e-01
1.43700000e-01 3.92129176e-01 -7.12017522e-02 1.12003555e+00 1.64089402e-01
1.43800000e-01 3.92066473e-01 -7.11559363e-02 1.12002809e+00 1.64211193e-01
1.43900000e-01 3.92128055e-01 -7.12051359e-02 1.12002359e+00 1.64027919e-01
1.44000000e-01 3.92065541e-01 -7.11595031e-02 1.12001615e+00 1.64149313e-01
1.44100000e-01 3.92126940e-01 -7.12084936e-02 1.12001165e+00 1.63966815e-01
1.44200000e-01 3.92064614e-01 -7.11630433e-02 1.12000422e+00 1.64087813e-01
1.44300000e-01 3.92125833e-01 -7.12118255e-02 1.11999972e+00 1.63906087e-01
1.44400000e-01 3.92063693e-01 -7.11665570e-02 1.11999230e+00 1.64026690e-01
1.44500000e-01 3.92124731e-01 -7.12151320e-02 1.11998781e+00 1.63845734e-01
1.44600000e-01 3.92062778e-01 -7.11700445e-02 1.11998041e+00 1.63965942e-01
1.44700000e-01 3.92123636e-01 -7.12184132e-02 1.11997591e+00 1.63785753e-01
1.44800000e-01 3.92061868e-01 -7.11735061e-02 1.11996852e+00 1.63905565e-01
1.44900000e-01 3.92122547e-01 -7.12216695e-02 1.11996403e+00 1.63726142e-01
1.45000000e-01 3.92060964e-01 -7.11769419e-02 1.11995665e+00 1.63845559e-01
1.45100000e-01 3.92121464e-01 -7.12249010e-02 1.11995216e+00 1.63666898e-01
1.45200000e-01 3.92060066e-01 -7.11803523e-02 1.11994480e+00 1.63785920e-01
1.45300000e-01 3.92120388e-01 -7.12281081e-02 1.11994031e+00 1.63608019e-01
1.45400000e-01 3.92059174e-01 -7.11837375e-02 1.11993296e+00 1.63726645e-01
1.45500000e-01 3.92119318e-01 -7.12312909e-02 1.11992847e+00 1.63549502e-01
1.45600000e-01 3.92058287e-01 -7.11870978e-02 1.11992113e+00 1.63667734e-01
1.45700000e-01 3.92118254e-01 -7.12344496e-02 1.11991664e+00 1.63491346e-01
1.45800000e-01 3.92057405e-01 -7.11904333e-02 1.11990932e+00 1.63609183e-01
1.45900000e-01 3.92117196e-01 -7.12375846e-02 1.11990483e+00 1.63433548e-01
1.46000000e-01 3.92056529e-01 -7.11937442e-02 1.11989753e+00 1.63550991e-01
1.46100000e-01 3.92116144e-01 -7.12406959e-02 1.11989304e+00 1.63376105e-01
1.46200000e-01 3.92055659e-01 -7.11970310e-02 1.11988575e+00 1.63493154e-01
1.46300000e-01 3.92115098e-01 -7.12437840e-02 1.11988126e+00 1.63319015e-01
1.46400000e-01 3.92054794e-01 -7.12002936e-02 1.11987398e+00 1.63435670e-01
1.46500000e-01 3.92114058e-01 -7.12468489e-02 1.11986949e+00 1.63262277e-01
1.46600000e-01 3.92053934e-01 -7.12035325e-02 1.11986223e+00 1.63378538e-01
1.46700000e-01 3.92113024e-01 -7.12498910e-02 1.11985774e+00 1.63205887e-01
1.46800000e-01 3.92053080e-01 -7.12067478e-02 1.11985049e+00 1.63321756e-01
1.46900000e-01 3.92111996e-01 -7.12529103e-02 1.11984601e+00 1.63149844e-01
1.47000000e-01 3.92052231e-01 -7.12099397e-02 1.11983877e+00 1.63265320e-01
1.47100000e-01 3.92110974e-01 -7.12559072e-02 1.11983429e+00 1.63094145e-01
1.47200000e-01 3.92051387e-01 -7.12131084e-02 1.11982706e+00 1.63209228e-01
1.47300000e-01 3.92109958e-01 -7.12588819e-02 1.11982258e+00 1.63038788e-01
1.47400000e-01 3.92050548e-01 -7.12162542e-02 1.11981537e+00 1.63153479e-01
1.47500000e-01 3.92108947e-01 -7.12618345e-02 1.11981089e+00 1.62983772e-01
1.47600000e-01 3.92049715e-01 -7.12193773e-02 1.11980369e+00 1.63098071e-01
1.47700000e-01 3.92107943e-01 -7.12647653e-02 1.11979921e+00 1.62929093e-01
1.47800000e-01 3.92048887e-01 -7.12224779e-02 1.11979202e+00 1.63043000e-01
1.47900000e-01 3.92106944e-01 -7.12676744e-02 1.11978755e+00 1.62874749e-01
1.48000000e-01 3.92048064e-01 -7.12255562e-02 1.11978037e+00 1.62988266e-01
1.48100000e-01 3.92105951e-01 -7.12705622e-02 1.11977590e+00 1.62820739e-01
1.48200000e-01 3.92047246e-01 -7.12286124e-02 1.11976874e+00 1.62933865e-01
1.48300000e-01 3.92104963e-01 -7.12734287e-02 1.11976426e+00 1.62767061e-01
1.48400000e-01 3.92046433e-01 -7.12316467e-02 1.11975712e+00 1.62879796e-01
1.48500000e-01 3.92103981e-01 -7.12762742e-02 1.11975264e+00 1.62713712e-01
1.48600000e-01 3.92045626e-01 -7.12346592e-02 1.11974551e+00 1.62826057e-01
1.48700000e-01 3.92103005e-01 -7.12790989e-02 1.11974104e+00 1.62660689e-01
1.48800000e-01 3.92044823e-01 -7.12376503e-02 1.11973392e+00 1.62772645e-01
1.48900000e-01 3.92102034e-01 -7.12819029e-02 1.11972945e+00 1.62607992e-01
1.49000000e-01 3.92044025e-01 -7.12406201e-02 1.11972234e+00 1.62719558e-01
1.49100000e-01 3.92101069e-01 -7.12846865e-02 1.11971787e+00 1.62555617e-01
1.49200000e-01 3.92043232e-01 -7.12435688e-02 1.11971078e+00 1.62666795e-01
1.49300000e-01 3.92100109e-01 -7.12874499e-02 1.11970631e+00 1.62503564e-01
1.49400000e-01 3.92042445e-01 -7.12464966e-02 1.11969923e+00 1.62614353e-01
1.49500000e-01 3.92099155e-01 -7.12901932e-02 1.11969477e+00 1.62451829e-01
1.49600000e-01 3.92041662e-01 -7.12494037e-02 1.11968770e+00 1.62562230e-01
1.49700000e-01 3.92098206e-01 -7.12929166e-02 1.11968323e+00 1.62400410e-01
1.49800000e-01 3.92040883e-01 -7.12522902e-02 1.11967618e+00 1.62510424e-01
1.49900000e-01 3.92097263e-01 -7.12956203e-02 1.11967171e+00 1.62349307e-01
1.50000000e-01 3.92040110e-01 -7.12551563e-02 1.11966467e+00 1.62458934e-01
1.50100000e-01 3.92096325e-01 -7.12983045e-02 1.11966021e+00 1.62298516e-01
1.50200000e-01 3.92039342e-01 -7.12580023e-02 1.11965318e+00 1.62407756e-01
1.50300000e-01 3.92095392e-01 -7.13009694e-02 1.11964872e+00 1.62248036e-01
1.50400000e-01 3.92038578e-01 -7.12608284e-02 1.11964170e+00 1.62356890e-01
1.50500000e-01 3.92094465e-01 -7.13036151e-02 1.11963725e+00 1.62197864e-01
1.50600000e-01 3.92037819e-01 -7.12636346e-02 1.11963024e+00 1.62306333e-01
1.50700000e-01 3.92093542e-01 -7.13062419e-02 1.11962579e+00 1.62147999e-01
1.50800000e-01 3.92037064e-01 -7.12664212e-02 1.11961879e+00 1.62256083e-01
1.50900000e-01 3.92092626e-01 -7.13088498e-02 1.11961434e+00 1.62098439e-01
1.51000000e-01 3.92036315e-01 -7.12691883e-02 1.11960736e+00 1.62206138e-01
1.51100000e-01 3.92091714e-01 -7.13114391e-02 1.11960291e+00 1.62049181e-01
1.51200000e-01 3.92035569e-01 -7.12719361e-02 1.11959594e+00 1.62156496e-01
1.51300000e-01 3.92090807e-01 -7.13140099e-02 1.11959149e+00 1.62000225e-01
1.51400000e-01 3.92034829e-01 -7.12746649e-02 1.11958454e+00 1.62107156e-01
1.51500000e-01 3.92089906e-01 -7.13165624e-02 1.11958009e+00 1.61951567e-01
1.51600000e-01 3.92034093e-01 -7.12773746e-02 1.11957315e+00 1.62058115e-01
1.51700000e-01 3.92089009e-01 -7.13190967e-02 1.11956870e+00 1.61903206e-01
1.51800000e-01 3.92033362e-01 -7.12800657e-02 1.11956177e+00 1.62009372e-01
1.51900000e-01 3.92088118e-01 -7.13216131e-02 1.11955732e+00 1.61855140e-01
1.52000000e-01 3.92032635e-01 -7.12827380e-02 1.11955041e+00 1.61960925e-01
1.52100000e-01 3.92087232e-01 -7.13241117e-02 1.11954596e+00 1.61807368e-01
1.52200000e-01 3.92031912e-01 -7.12853920e-02 1.11953906e+00 1.61912771e-01
1.52300000e-01 3.92086351e-01 -7.13265926e-02 1.11953462e+00 1.61759887e-01
1.52400000e-01 3.92031194e-01 -7.12880277e-02 1.11952773e+00 1.61864910e-01
1.52500000e-01 3.92085474e-01 -7.13290560e-02 1.11952329e+00 1.61712696e-01
1.52600000e-01 3.92030481e-01 -7.12906452e-02 1.11951641e+00 1.61817339e-01
1.52700000e-01 3.92084603e-01 -7.13315020e-02 1.11951197e+00 1.61665792e-01
1.52800000e-01 3.92029772e-01 -7.12932448e-02 1.11950510e+00 1.61770056e-01
1.52900000e-01 3.92083737e-01 -7.13339308e-02 1.11950066e+00 1.61619175e-01
1.53000000e-01 3.92029067e-01 -7.12958265e-02 1.11949381e+00 1.61723059e-01
1.53100000e-01 3.92082875e-01 -7.13363426e-02 1.11948937e+00 1.61572842e-01
1.53200000e-01 3.92028367e-01 -7.12983906e-02 1.11948253e+00 1.61676348e-01
1.53300000e-01 3.92082018e-01 -7.13387376e-02 1.11947810e+00 1.61526791e-01
1.53400000e-01 3.92027671e-01 -7.13009372e-02 1.11947127e+00 1.61629919e-01
1.53500000e-01 3.92081166e-01 -7.13411157e-02 1.11946684e+00 1.61481020e-01
1.53600000e-01 3.92026979e-01 -7.13034664e-02 1.11946002e+00 1.61583772e-01
1.53700000e-01 3.92080319e-01 -7.13434773e-02 1.11945559e+00 1.61435529e-01
1.53800000e-01 3.92026291e-01 -7.13059784e-02 1.11944878e+00 1.61537904e-01
1.53900000e-01 3.92079477e-01 -7.13458224e-02 1.11944435e+00 1.61390315e-01
1.54000000e-01 3.92025608e-01 -7.13084734e-02 1.11943756e+00 1.61492315e-01
1.54100000e-01 3.92078640e-01 -7.13481512e-02 1.11943313e+00 1.61345376e-01
1.54200000e-01 3.92024929e-01 -7.13109514e-02 1.11942635e+00 1.61447001e-01
1.54300000e-01 3.92077807e-01 -7.13504638e-02 1.11942193e+00 1.61300712e-01
1.54400000e-01 3.92024254e-01 -7.13134127e-02 1.11941516e+00 1.61401962e-01
1.54500000e-01 3.92076978e-01 -7.13527605e-02 1.11941074e+00 1.61256319e-01
1.54600000e-01 3.92023583e-01 -7.13158573e-02 1.11940398e+00 1.61357196e-01
1.54700000e-01 3.92076155e-01 -7.13550412e-02 1.11939956e+00 1.61212197e-01
1.54800000e-01 3.92022916e-01 -7.13182855e-02 1.11939281e+00 1.61312701e-01
1.54900000e-01 3.92075336e-01 -7.13573061e-02 1.11938839e+00 1.61168344e-01
1.55000000e-01 3.92022254e-01 -7.13206973e-02 1.11938166e+00 1.61268475e-01
1.55100000e-01 3.92074522e-01 -7.13595555e-02 1.11937724e+00 1.61124758e-01
1.55200000e-01 3.92021595e-01 -7.13230929e-02 1.11937052e+00 1.61224518e-01
1.55300000e-01 3.92073712e-01 -7.13617893e-02 1.11936610e+00 1.61081437e-01
1.55400000e-01 3.92020941e-01 -7.13254724e-02 1.11935939e+00 1.61180827e-01
1.55500000e-01 3.92072907e-01 -7.13640079e-02 1.11935498e+00 1.61038381e-01
1.55600000e-01 3.92020290e-01 -7.13278360e-02 1.11934828e+00 1.61137400e-01
1.55700000e-01 3.92072106e-01 -7.13662112e-02 1.11934387e+00 1.60995587e-01
1.55800000e-01 3.92019644e-01 -7.13301838e-02 1.11933718e+00 1.61094237e-01
1.55900000e-01 3.92071310e-01 -7.13683994e-02 1.11933277e+00 1.60953053e-01
1.56000000e-01 3.92019001e-01 -7.13325159e-02 1.11932610e+00 1.61051335e-01
1.56100000e-01 3.92070518e-01 -7.13705726e-02 1.11932169e+00 1.60910779e-01
1.56200000e-01 3.92018363e-01 -7.13348325e-02 1.11931503e+00 1.61008693e-01
1.56300000e-01 3.92069731e-01 -7.13727310e-02 1.11931062e+00 1.60868763e-01
1.56400000e-01 3.92017728e-01 -7.13371336e-02 1.11930397e+00 1.60966310e-01
1.56500000e-01 3.92068948e-01 -7.13748747e-02 1.11929957e+00 1.60827003e-01
1.56600000e-01 3.92017097e-01 -7.13394195e-02 1.11929293e+00 1.60924183e-01
1.56700000e-01 3.92068169e-01 -7.13770039e-02 1.11928853e+00 1.60785497e-01
1.56800000e-01 3.92016470e-01 -7.13416902e-02 1.11928190e+00 1.60882312e-01
1.56900000e-01 3.92067395e-01 -7.13791185e-02 1.11927750e+00 1.60744244e-01
1.57000000e-01 3.92015847e-01 -7.13439459e-02 1.11927088e+00 1.60840694e-01
1.57100000e-01 3.92066625e-01 -7.13812189e-02 1.11926648e+00 1.60703243e-01
1.57200000e-01 3.92015228e-01 -7.13461866e-02 1.11925988e+00 1.60799329e-01
1.57300000e-01 3.92065860e-01 -7.13833050e-02 1.11925548e+00 1.60662492e-01
1.57400000e-01 3.92014613e-01 -7.13484126e-02 1.11924889e+00 1.60758215e-01
1.57500000e-01 3.92065098e-01 -7.13853770e-02 1.11924449e+00 1.60621990e-01
1.57600000e-01 3.92014001e-01 -7.13506240e-02 1.11923791e+00 1.60717349e-01
1.57700000e-01 3.92064341e-01 -7.13874351e-02 1.11923352e+00 1.60581734e-01
1.57800000e-01 3.92013393e-01 -7.13528208e-02 1.11922695e+00 1.60676732e-01
1.57900000e-01 3.92063588e-01 -7.13894792e-02 1.11922256e+00 1.60541724e-01
1.58000000e-01 3.92012789e-01 -7.13550031e-02 1.11921600e+00 1.60636361e-01
1.58100000e-01 3.92062839e-01 -7.13915097e-02 1.11921161e+00 1.60501958e-01
1.58200000e-01 3.92012188e-01 -7.13571712e-02 1.11920506e+00 1.60596235e-01
1.58300000e-01 3.92062095e-01 -7.13935265e-02 1.11920068e+00 1.60462434e-01
1.58400000e-01 3.92011591e-01 -7.13593250e-02 1.11919414e+00 1.60556352e-01
1.58500000e-01 3.92061355e-01 -7.13955297e-02 1.11918975e+00 1.60423152e-01
1.58600000e-01 3.92010998e-01 -7.13614648e-02 1.11918323e+00 1.60516711e-01
1.58700000e-01 3.92060618e-01 -7.13975196e-02 1.11917885e+00 1.60384109e-01
1.58800000e-01 3.92010409e-01 -7.13635907e-02 1.11917233e+00 1.60477310e-01
1.58900000e-01 3.92059886e-01 -7.13994962e-02 1.11916795e+00 1.60345304e-01
1.59000000e-01 3.92009822e-01 -7.13657027e-02 1.11916145e+00 1.60438148e-01
1.59100000e-01 3.92059158e-01 -7.14014596e-02 1.11915707e+00 1.60306736e-01
1.59200000e-01 3.92009240e-01 -7.13678009e-02 1.11915057e+00 1.60399224e-01
1.59300000e-01 3.92058434e-01 -7.14034099e-02 1.11914620e+00 1.60268403e-01
1.59400000e-01 3.92008661e-01 -7.13698856e-02 1.11913972e+00 1.60360536e-01
1.59500000e-01 3.92057714e-01 -7.14053473e-02 1.11913534e+00 1.60230304e-01
1.59600000e-01 3.92008086e-01 -7.13719567e-02 1.11912887e+00 1.60322083e-01
1.59700000e-01 3.92056998e-01 -7.14072717e-02 1.11912450e+00 1.60192438e-01
1.59800000e-01 3.92007514e-01 -7.13740144e-02 1.11911804e+00 1.60283862e-01
1.59900000e-01 3.92056286e-01 -7.14091835e-02 1.11911367e+00 1.60154802e-01
1.60000000e-01 3.92006946e-01 -7.13760589e-02 1.11910722e+00 1.60245874e-01
1.60100000e-01 3.92055577e-01 -7.14110826e-02 1.11910286e+00 1.60117396e-01
1.60200000e-01 3.92006381e-01 -7.13780901e-02 1.11909642e+00 1.60208115e-01
1.60300000e-01 3.92054873e-01 -7.14129691e-02 1.11909205e+00 1.60080218e-01
1.60400000e-01 3.92005819e-01 -7.13801083e-02 1.11908562e+00 1.60170586e-01
1.60500000e-01 3.92054173e-01 -7.14148432e-02 1.11908126e+00 1.60043267e-01
1.60600000e-01 3.92005261e-01 -7.13821134e-02 1.11907484e+00 1.60133284e-01
1.60700000e-01 3.92053476e-01 -7.14167049e-02 1.11907048e+00 1.60006541e-01
1.60800000e-01 3.92004707e-01 -7.13841057e-02 1.11906408e+00 1.60096208e-01
1.60900000e-01 3.92052784e-01 -7.14185544e-02 1.11905972e+00 1.59970038e-01
1.61000000e-01 3.92004155e-01 -7.13860853e-02 1.11905332e+00 1.60059357e-01
1.61100000e-01 3.92052095e-01 -7.14203917e-02 1.11904897e+00 1.59933759e-01
1.61200000e-01 3.92003607e-01 -7.13880521e-02 1.11904258e+00 1.60022730e-01
1.61300000e-01 3.92051410e-01 -7.14222170e-02 1.11903823e+00 1.59897700e-01
1.61400000e-01 3.92003063e-01 -7.13900064e-02 1.11903185e+00 1.59986324e-01
1.61500000e-01 3.92050729e-01 -7.14240304e-02 1.11902750e+00 1.59861862e-01
1.61600000e-01 3.92002522e-01 -7.13919482e-02 1.11902114e+00 1.59950139e-01
1.61700000e-01 3.92050051e-01 -7.14258319e-02 1.11901679e+00 1.59826241e-01
1.61800000e-01 3.92001984e-01 -7.13938776e-02 1.11901043e+00 1.59914173e-01
1.61900000e-01 3.92049377e-01 -7.14276216e-02 1.11900609e+00 1.59790838e-01
1.62000000e-01 3.92001449e-01 -7.13957948e-02 1.11899974e+00 1.59878424e-01
1.62100000e-01 3.92048707e-01 -7.14293996e-02 1.11899540e+00 1.59755650e-01
1.62200000e-01 3.92000918e-01 -7.13976998e-02 1.11898906e+00 1.59842893e-01
1.62300000e-01 3.92048041e-01 -7.14311661e-02 1.11898472e+00 1.59720677e-01
1.62400000e-01 3.92000389e-01 -7.13995927e-02 1.11897840e+00 1.59807576e-01
1.62500000e-01 3.92047378e-01 -7.14329211e-02 1.11897406e+00 1.59685916e-01
1.62600000e-01 3.91999864e-01 -7.14014736e-02 1.11896775e+00 1.59772474e-01
1.62700000e-01 3.92046719e-01 -7.14346648e-02 1.11896341e+00 1.59651367e-01
1.62800000e-01 3.91999343e-01 -7.14033426e-02 1.11895711e+00 1.59737583e-01
1.62900000e-01 3.92046064e-01 -7.14363971e-02 1.11895277e+00 1.59617029e-01
1.63000000e-01 3.91998824e-01 -7.14051998e-02 1.11894648e+00 1.59702904e-01
1.63100000e-01 3.92045412e-01 -7.14381182e-02 1.11894214e+00 1.59582899e-01
1.63200000e-01 3.91998308e-01 -7.14070452e-02 1.11893586e+00 1.59668435e-01
1.63300000e-01 3.92044764e-01 -7.14398282e-02 1.11893153e+00 1.59548978e-01
1.63400000e-01 3.91997796e-01 -7.14088791e-02 1.11892526e+00 1.59634174e-01
1.63500000e-01 3.92044119e-01 -7.14415271e-02 1.11892093e+00 1.59515262e-01
1.63600000e-01 3.91997287e-01 -7.14107014e-02 1.11891467e+00 1.59600121e-01
1.63700000e-01 3.92043478e-01 -7.14432152e-02 1.11891034e+00 1.59481752e-01
1.63800000e-01 3.91996781e-01 -7.14125123e-02 1.11890409e+00 1.59566274e-01
1.63900000e-01 3.92042840e-01 -7.14448923e-02 1.11889976e+00 1.59448446e-01
1.64000000e-01 3.91996278e-01 -7.14143118e-02 1.11889352e+00 1.59532631e-01
1.64100000e-01 3.92042206e-01 -7.14465587e-02 1.11888920e+00 1.59415342e-01
1.64200000e-01 3.91995778e-01 -7.14161001e-02 1.11888297e+00 1.59499192e-01
1.64300000e-01 3.92041576e-01 -7.14482144e-02 1.11887865e+00 1.59382439e-01
1.64400000e-01 3.91995281e-01 -7.14178772e-02 1.11887243e+00 1.59465955e-01
1.64500000e-01 3.92040949e-01 -7.14498595e-02 1.11886811e+00 1.59349737e-01
1.64600000e-01 3.91994787e-01 -7.14196431e-02 1.11886190e+00 1.59432918e-01
1.64700000e-01 3.92040325e-01 -7.14514940e-02 1.11885758e+00 1.59317233e-01
1.64800000e-01 3.91994296e-01 -7.14213981e-02 1.11885138e+00 1.59400082e-01
1.64900000e-01 3.92039704e-01 -7.14531181e-02 1.11884707e+00 1.59284927e-01
1.65000000e-01 3.91993808e-01 -7.14231421e-02 1.11884088e+00 1.59367444e-01
1.65100000e-01 3.92039088e-01 -7.14547319e-02 1.11883656e+00 1.59252818e-01
1.65200000e-01 3.91993323e-01 -7.14248753e-02 1.11883039e+00 1.59335003e-01
1.65300000e-01 3.92038474e-01 -7.14563353e-02 1.11882607e+00 1.59220903e-01
1.65400000e-01 3.91992840e-01 -7.14265977e-02 1.11881990e+00 1.59302759e-01
1.65500000e-01 3.92037864e-01 -7.14579286e-02 1.11881560e+00 1.59189183e-01
1.65600000e-01 3.91992361e-01 -7.14283094e-02 1.11880944e+00 1.59270709e-01
1.65700000e-01 3.92037257e-01 -7.14595117e-02 1.11880513e+00 1.59157655e-01
1.65800000e-01 3.91991885e-01 -7.14300106e-02 1.11879898e+00 1.59238853e-01
1.65900000e-01 3.92036653e-01 -7.14610848e-02 1.11879468e+00 1.59126319e-01
1.66000000e-01 3.91991411e-01 -7.14317012e-02 1.11878854e+00 1.59207189e-01
1.66100000e-01 3.92036053e-01 -7.14626480e-02 1.11878423e+00 1.59095173e-01
1.66200000e-01 3.91990941e-01 -7.14333813e-02 1.11877810e+00 1.59175717e-01
1.66300000e-01 3.92035456e-01 -7.14642012e-02 1.11877380e+00 1.59064217e-01
1.66400000e-01 3.91990473e-01 -7.14350511e-02 1.11876768e+00 1.59144435e-01
1.66500000e-01 3.92034862e-01 -7.14657446e-02 1.11876338e+00 1.59033449e-01
1.66600000e-01 3.91990008e-01 -7.14367106e-02 1.11875727e+00 1.59113342e-01
1.66700000e-01 3.92034272e-01 -7.14672783e-02 1.11875298e+00 1.59002868e-01
1.66800000e-01 3.91989546e-01 -7.14383599e-02 1.11874688e+00 1.59082437e-01
1.66900000e-01 3.92033684e-01 -7.14688022e-02 1.11874258e+00 1.58972472e-01
1.67000000e-01 3.91989087e-01 -7.14399990e-02 1.11873649e+00 1.59051719e-01
1.67100000e-01 3.92033100e-01 -7.14703166e-02 1.11873220e+00 1.58942262e-01
1.67200000e-01 3.91988631e-01 -7.14416281e-02 1.11872612e+00 1.59021186e-01
1.67300000e-01 3.92032519e-01 -7.14718215e-02 1.11872183e+00 1.58912235e-01
1.67400000e-01 3.91988177e-01 -7.14432472e-02 1.11871576e+00 1.58990838e-01
1.67500000e-01 3.92031942e-01 -7.14733169e-02 1.11871147e+00 1.58882391e-01
1.67600000e-01 3.91987726e-01 -7.14448564e-02 1.11870541e+00 1.58960673e-01
1.67700000e-01 3.92031367e-01 -7.14748030e-02 1.11870112e+00 1.58852728e-01
1.67800000e-01 3.91987278e-01 -7.14464557e-02 1.11869507e+00 1.58930691e-01
1.67900000e-01 3.92030795e-01 -7.14762797e-02 1.11869079e+00 1.58823245e-01
1.68000000e-01 3.91986832e-01 -7.14480453e-02 1.11868474e+00 1.58900890e-01
1.68100000e-01 3.92030227e-01 -7.14777472e-02 1.11868046e+00 1.58793942e-01
1.68200000e-01 3.91986389e-01 -7.14496251e-02 1.11867443e+00 1.58871269e-01
1.68300000e-01 3.92029662e-01 -7.14792055e-02 1.11867015e+00 1.58764817e-01
1.68400000e-01 3.91985949e-01 -7.14511954e-02 1.11866412e+00 1.58841828e-01
1.68500000e-01 3.92029099e-01 -7.14806546e-02 1.11865985e+00 1.58735869e-01
1.68600000e-01 3.91985512e-01 -7.14527560e-02 1.11865383e+00 1.58812564e-01
1.68700000e-01 3.92028540e-01 -7.14820948e-02 1.11864956e+00 1.58707098e-01
1.68800000e-01 3.91985077e-01 -7.14543072e-02 1.11864355e+00 1.58783478e-01
1.68900000e-01 3.92027984e-01 -7.14835260e-02 1.11863928e+00 1.58678501e-01
1.69000000e-01 3.91984644e-01 -7.14558490e-02 1.11863328e+00 1.58754567e-01
1.69100000e-01 3.92027431e-01 -7.14849483e-02 1.11862901e+00 1.58650079e-01
1.69200000e-01 3.91984215e-01 -7.14573814e-02 1.11862303e+00 1.58725832e-01
1.69300000e-01 3.92026881e-01 -7.14863617e-02 1.11861876e+00 1.58621829e-01
1.69400000e-01 3.91983788e-01 -7.14589045e-02 1.11861278e+00 1.58697270e-01
1.69500000e-01 3.92026334e-01 -7.14877664e-02 1.11860852e+00 1.58593752e-01
1.69600000e-01 3.91983363e-01 -7.14604184e-02 1.11860255e+00 1.58668882e-01
1.69700000e-01 3.92025789e-01 -7.14891623e-02 1.11859828e+00 1.58565845e-01
1.69800000e-01 3.91982941e-01 -7.14619232e-02 1.11859233e+00 1.58640665e-01
1.69900000e-01 3.92025248e-01 -7.14905496e-02 1.11858806e+00 1.58538109e-01
1.70000000e-01 3.91982522e-01 -7.14634188e-02 1.11858211e+00 1.58612620e-01
1.70100000e-01 3.92024710e-01 -7.14919283e-02 1.11857786e+00 1.58510541e-01
1.70200000e-01 3.91982105e-01 -7.14649055e-02 1.11857191e+00 1.58584744e-01
1.70300000e-01 3.92024174e-01 -7.14932985e-02 1.11856766e+00 1.58483142e-01
1.70400000e-01 3.91981691e-01 -7.14663832e-02 1.11856173e+00 1.58557037e-01
1.70500000e-01 3.92023642e-01 -7.14946602e-02 1.11855747e+00 1.58455909e-01
1.70600000e-01 3.91981279e-01 -7.14678520e-02 1.11855155e+00 1.58529498e-01
1.70700000e-01 3.92023112e-01 -7.14960136e-02 1.11854730e+00 1.58428843e-01
1.70800000e-01 3.91980870e-01 -7.14693119e-02 1.11854138e+00 1.58502126e-01
1.70900000e-01 3.92022585e-01 -7.14973586e-02 1.11853713e+00 1.58401941e-01
1.71000000e-01 3.91980463e-01 -7.14707631e-02 1.11853123e+00 1.58474920e-01
1.71100000e-01 3.92022061e-01 -7.14986953e-02 1.11852698e+00 1.58375204e-01
1.71200000e-01 3.91980059e-01 -7.14722056e-02 1.11852108e+00 1.58447878e-01
1.71300000e-01 3.92021540e-01 -7.15000238e-02 1.11851684e+00 1.58348629e-01
1.71400000e-01 3.91979657e-01 -7.14736394e-02 1.11851095e+00 1.58421001e-01
1.71500000e-01 3.92021022e-01 -7.15013441e-02 1.11850671e+00 1.58322217e-01
1.71600000e-01 3.91979257e-01 -7.14750646e-02 1.11850083e+00 1.58394287e-01
1.71700000e-01 3.92020506e-01 -7.15026563e-02 1.11849659e+00 1.58295966e-01
1.71800000e-01 3.91978860e-01 -7.14764813e-02 1.11849072e+00 1.58367735e-01
1.71900000e-01 3.92019993e-01 -7.15039605e-02 1.11848648e+00 1.58269875e-01
1.72000000e-01 3.91978465e-01 -7.14778895e-02 1.11848062e+00 1.58341344e-01
1.72100000e-01 3.92019483e-01 -7.15052567e-02 1.11847638e+00 1.58243943e-01
1.72200000e-01 3.91978073e-01 -7.14792894e-02 1.11847053e+00 1.58315113e-01
1.72300000e-01 3.92018976e-01 -7.15065449e-02 1.11846630e+00 1.58218169e-01
1.72400000e-01 3.91977683e-01 -7.14806808e-02 1.11846045e+00 1.58289041e-01
1.72500000e-01 3.92018472e-01 -7.15078253e-02 1.11845622e+00 1.58192553e-01
1.72600000e-01 3.91977295e-01 -7.14820640e-02 1.11845039e+00 1.58263127e-01
1.72700000e-01 3.92017970e-01 -7.15090978e-02 1.11844616e+00 1.58167092e-01
1.72800000e-01 3.91976910e-01 -7.14834390e-02 1.11844033e+00 1.58237370e-01
1.72900000e-01 3.92017471e-01 -7.15103626e-02 1.11843610e+00 1.58141788e-01
1.73000000e-01 3.91976527e-01 -7.14848057e-02 1.11843029e+00 1.58211770e-01
1.73100000e-01 3.92016974e-01 -7.15116197e-02 1.11842606e+00 1.58116637e-01
1.73200000e-01 3.91976146e-01 -7.14861643e-02 1.11842025e+00 1.58186325e-01
1.73300000e-01 3.92016480e-01 -7.15128691e-02 1.11841603e+00 1.58091640e-01
1.73400000e-01 3.91975768e-01 -7.14875149e-02 1.11841023e+00 1.58161034e-01
1.73500000e-01 3.92015989e-01 -7.15141109e-02 1.11840601e+00 1.58066795e-01
1.73600000e-01 3.91975392e-01 -7.14888575e-02 1.11840022e+00 1.58135897e-01
1.73700000e-01 3.92015501e-01 -7.15153451e-02 1.11839600e+00 1.58042102e-01
1.73800000e-01 3.91975018e-01 -7.14901920e-02 1.11839022e+00 1.58110912e-01
1.73900000e-01 3.92015015e-01 -7.15165719e-02 1.11838600e+00 1.58017560e-01
1.74000000e-01 3.91974646e-01 -7.14915187e-02 1.11838023e+00 1.58086078e-01
1.74100000e-01 3.92014531e-01 -7.15177912e-02 1.11837601e+00 1.57993167e-01
1.74200000e-01 3.91974277e-01 -7.14928376e-02 1.11837025e+00 1.58061395e-01
1.74300000e-01 3.92014051e-01 -7.15190031e-02 1.11836603e+00 1.57968922e-01
1.74400000e-01 3.91973910e-01 -7.14941486e-02 1.11836028e+00 1.58036861e-01
1.74500000e-01 3.92013573e-01 -7.15202076e-02 1.11835607e+00 1.57944825e-01
1.74600000e-01 3.91973545e-01 -7.14954519e-02 1.11835032e+00 1.58012476e-01
1.74700000e-01 3.92013097e-01 -7.15214049e-02 1.11834611e+00 1.57920875e-01
1.74800000e-01 3.91973182e-01 -7.14967474e-02 1.11834037e+00 1.57988239e-01
1.74900000e-01 3.92012624e-01 -7.15225949e-02 1.11833616e+00 1.57897071e-01
1.75000000e-01 3.91972822e-01 -7.14980354e-02 1.11833043e+00 1.57964148e-01
1.75100000e-01 3.92012154e-01 -7.15237777e-02 1.11832623e+00 1.57873411e-01
1.75200000e-01 3.91972463e-01 -7.14993157e-02 1.11832051e+00 1.57940203e-01
1.75300000e-01 3.92011686e-01 -7.15249533e-02 1.11831630e+00 1.57849896e-01
1.75400000e-01 3.91972107e-01 -7.15005885e-02 1.11831059e+00 1.57916402e-01
1.75500000e-01 3.92011220e-01 -7.15261219e-02 1.11830639e+00 1.57826523e-01
1.75600000e-01 3.91971753e-01 -7.15018538e-02 1.11830069e+00 1.57892745e-01
1.75700000e-01 3.92010757e-01 -7.15272834e-02 1.11829649e+00 1.57803292e-01
1.75800000e-01 3.91971401e-01 -7.15031117e-02 1.11829079e+00 1.57869231e-01
1.75900000e-01 3.92010296e-01 -7.15284379e-02 1.11828659e+00 1.57780202e-01
1.76000000e-01 3.91971051e-01 -7.15043621e-02 1.11828091e+00 1.57845859e-01
1.76100000e-01 3.92009838e-01 -7.15295854e-02 1.11827671e+00 1.57757252e-01
1.76200000e-01 3.91970703e-01 -7.15056053e-02 1.11827103e+00 1.57822628e-01
1.76300000e-01 3.92009383e-01 -7.15307260e-02 1.11826684e+00 1.57734442e-01
1.76400000e-01 3.91970358e-01 -7.15068411e-02 1.11826117e+00 1.57799536e-01
1.76500000e-01 3.92008930e-01 -7.15318598e-02 1.11825698e+00 1.57711769e-01
1.76600000e-01 3.91970014e-01 -7.15080696e-02 1.11825131e+00 1.57776584e-01
1.76700000e-01 3.92008479e-01 -7.15329867e-02 1.11824713e+00 1.57689234e-01
1.76800000e-01 3.91969673e-01 -7.15092910e-02 1.11824147e+00 1.57753770e-01
1.76900000e-01 3.92008030e-01 -7.15341069e-02 1.11823729e+00 1.57666834e-01
1.77000000e-01 3.91969333e-01 -7.15105052e-02 1.11823164e+00 1.57731093e-01
1.77100000e-01 3.92007584e-01 -7.15352203e-02 1.11822746e+00 1.57644571e-01
1.77200000e-01 3.91968996e-01 -7.15117123e-02 1.11822182e+00 1.57708552e-01
1.77300000e-01 3.92007141e-01 -7.15363270e-02 1.11821764e+00 1.57622441e-01
1.77400000e-01 3.91968661e-01 -7.15129124e-02 1.11821201e+00 1.57686146e-01
1.77500000e-01 3.92006699e-01 -7.15374271e-02 1.11820783e+00 1.57600446e-01
1.77600000e-01 3.91968327e-01 -7.15141054e-02 1.11820220e+00 1.57663875e-01
1.77700000e-01 3.92006261e-01 -7.15385206e-02 1.11819803e+00 1.57578582e-01
1.77800000e-01 3.91967996e-01 -7.15152914e-02 1.11819241e+00 1.57641738e-01
1.77900000e-01 3.92005824e-01 -7.15396076e-02 1.11818824e+00 1.57556851e-01
1.78000000e-01 3.91967666e-01 -7.15164705e-02 1.11818263e+00 1.57619732e-01
1.78100000e-01 3.92005390e-01 -7.15406880e-02 1.11817846e+00 1.57535250e-01
1.78200000e-01 3.91967339e-01 -7.15176427e-02 1.11817286e+00 1.57597859e-01
1.78300000e-01 3.92004958e-01 -7.15417619e-02 1.11816869e+00 1.57513779e-01
1.78400000e-01 3.91967014e-01 -7.15188081e-02 1.11816310e+00 1.57576116e-01
1.78500000e-01 3.92004528e-01 -7.15428295e-02 1.11815893e+00 1.57492438e-01
1.78600000e-01 3.91966690e-01 -7.15199667e-02 1.11815335e+00 1.57554503e-01
1.78700000e-01 3.92004101e-01 -7.15438906e-02 1.11814918e+00 1.57471224e-01
1.78800000e-01 3.91966369e-01 -7.15211186e-02 1.11814361e+00 1.57533019e-01
1.78900000e-01 3.92003675e-01 -7.15449454e-02 1.11813944e+00 1.57450138e-01
1.79000000e-01 3.91966049e-01 -7.15222637e-02 1.11813388e+00 1.57511664e-01
1.79100000e-01 3.92003253e-01 -7.15459939e-02 1.11812972e+00 1.57429178e-01
1.79200000e-01 3.91965731e-01 -7.15234021e-02 1.11812416e+00 1.57490435e-01
1.79300000e-01 3.92002832e-01 -7.15470361e-02 1.11812000e+00 1.57408343e-01
1.79400000e-01 3.91965416e-01 -7.15245340e-02 1.11811445e+00 1.57469333e-01
1.79500000e-01 3.92002413e-01 -7.15480721e-02 1.11811029e+00 1.57387634e-01
1.79600000e-01 3.91965102e-01 -7.15256592e-02 1.11810474e+00 1.57448356e-01
1.79700000e-01 3.92001997e-01 -7.15491020e-02 1.11810059e+00 1.57367048e-01
1.79800000e-01 3.91964790e-01 -7.15267779e-02 1.11809505e+00 1.57427504e-01
1.79900000e-01 3.92001583e-01 -7.15501256e-02 1.11809090e+00 1.57346585e-01
1.80000000e-01 3.91964480e-01 -7.15278901e-02 1.11808537e+00 1.57406776e-01
1.80100000e-01 3.92001171e-01 -7.15511432e-02 1.11808122e+00 1.57326244e-01
1.80200000e-01 3.91964171e-01 -7.15289958e-02 1.11807570e+00 1.57386172e-01
1.80300000e-01 3.92000762e-01 -7.15521547e-02 1.11807155e+00 1.57306025e-01
1.80400000e-01 3.91963865e-01 -7.15300951e-02 1.11806604e+00 1.57365689e-01
1.80500000e-01 3.92000354e-01 -7.15531602e-02 1.11806190e+00 1.57285926e-01
1.80600000e-01 3.91963560e-01 -7.15311881e-02 1.11805639e+00 1.57345328e-01
1.80700000e-01 3.91999949e-01 -7.15541597e-02 1.11805225e+00 1.57265947e-01
1.80800000e-01 3.91963258e-01 -7.15322747e-02 1.11804675e+00 1.57325087e-01
1.80900000e-01 3.91999546e-01 -7.15551532e-02 1.11804261e+00 1.57246088e-01
1.81000000e-01 3.91962957e-01 -7.15333549e-02 1.11803712e+00 1.57304966e-01
1.81100000e-01 3.91999145e-01 -7.15561408e-02 1.11803298e+00 1.57226346e-01
1.81200000e-01 3.91962658e-01 -7.15344290e-02 1.11802750e+00 1.57284965e-01
1.81300000e-01 3.91998746e-01 -7.15571225e-02 1.11802336e+00 1.57206722e-01
1.81400000e-01 3.91962360e-01 -7.15354967e-02 1.11801788e+00 1.57265082e-01
1.81500000e-01 3.91998349e-01 -7.15580984e-02 1.11801375e+00 1.57187214e-01
1.81600000e-01 3.91962065e-01 -7.15365583e-02 1.11800828e+00 1.57245316e-01
1.81700000e-01 3.91997954e-01 -7.15590685e-02 1.11800415e+00 1.57167823e-01
1.81800000e-01 3.91961771e-01 -7.15376138e-02 1.11799869e+00 1.57225667e-01
1.81900000e-01 3.91997562e-01 -7.15600328e-02 1.11799456e+00 1.57148547e-01
1.82000000e-01 3.91961479e-01 -7.15386631e-02 1.11798911e+00 1.57206134e-01
1.82100000e-01 3.91997171e-01 -7.15609914e-02 1.11798498e+00 1.57129385e-01
1.82200000e-01 3.91961189e-01 -7.15397064e-02 1.11797953e+00 1.57186717e-01
1.82300000e-01 3.91996783e-01 -7.15619443e-02 1.11797541e+00 1.57110337e-01
1.82400000e-01 3.91960900e-01 -7.15407436e-02 1.11796997e+00 1.57167414e-01
1.82500000e-01 3.91996396e-01 -7.15628915e-02 1.11796585e+00 1.57091402e-01
1.82600000e-01 3.91960614e-01 -7.15417748e-02 1.11796042e+00 1.57148225e-01
1.82700000e-01 3.91996012e-01 -7.15638331e-02 1.11795630e+00 1.57072579e-01
1.82800000e-01 3.91960329e-01 -7.15428001e-02 1.11795087e+00 1.57129150e-01
1.82900000e-01 3.91995629e-01 -7.15647691e-02 1.11794675e+00 1.57053868e-01
1.83000000e-01 3.91960045e-01 -7.15438194e-02 1.11794134e+00 1.57110186e-01
1.83100000e-01 3.91995249e-01 -7.15656996e-02 1.11793722e+00 1.57035268e-01
1.83200000e-01 3.91959764e-01 -7.15448328e-02 1.11793181e+00 1.57091335e-01
1.83300000e-01 3.91994870e-01 -7.15666245e-02 1.11792770e+00 1.57016778e-01
1.83400000e-01 3.91959484e-01 -7.15458404e-02 1.11792230e+00 1.57072595e-01
1.83500000e-01 3.91994494e-01 -7.15675439e-02 1.11791819e+00 1.56998398e-01
1.83600000e-01 3.91959206e-01 -7.15468421e-02 1.11791279e+00 1.57053965e-01
1.83700000e-01 3.91994119e-01 -7.15684578e-02 1.11790868e+00 1.56980127e-01
1.83800000e-01 3.91958929e-01 -7.15478380e-02 1.11790330e+00 1.57035445e-01
1.83900000e-01 3.91993747e-01 -7.15693664e-02 1.11789919e+00 1.56961964e-01
1.84000000e-01 3.91958654e-01 -7.15488282e-02 1.11789381e+00 1.57017034e-01
1.84100000e-01 3.91993376e-01 -7.15702695e-02 1.11788970e+00 1.56943908e-01
1.84200000e-01 3.91958381e-01 -7.15498127e-02 1.11788433e+00 1.56998732e-01
1.84300000e-01 3.91993008e-01 -7.15711673e-02 1.11788023e+00 1.56925960e-01
1.84400000e-01 3.91958109e-01 -7.15507914e-02 1.11787486e+00 1.56980537e-01
1.84500000e-01 3.91992641e-01 -7.15720597e-02 1.11787076e+00 1.56908117e-01
1.84600000e-01 3.91957839e-01 -7.15517646e-02 1.11786540e+00 1.56962450e-01
1.84700000e-01 3.91992276e-01 -7.15729469e-02 1.11786130e+00 1.56890381e-01
1.84800000e-01 3.91957571e-01 -7.15527321e-02 1.11785595e+00 1.56944469e-01
1.84900000e-01 3.91991913e-01 -7.15738287e-02 1.11785186e+00 1.56872749e-01
1.85000000e-01 3.91957304e-01 -7.15536940e-02 1.11784651e+00 1.56926593e-01
1.85100000e-01 3.91991553e-01 -7.15747054e-02 1.11784242e+00 1.56855222e-01
1.85200000e-01 3.91957039e-01 -7.15546503e-02 1.11783708e+00 1.56908824e-01
1.85300000e-01 3.91991193e-01 -7.15755768e-02 1.11783299e+00 1.56837798e-01
1.85400000e-01 3.91956775e-01 -7.15556011e-02 1.11782766e+00 1.56891158e-01
1.85500000e-01 3.91990836e-01 -7.15764431e-02 1.11782357e+00 1.56820478e-01
1.85600000e-01 3.91956513e-01 -7.15565465e-02 1.11781825e+00 1.56873597e-01
1.85700000e-01 3.91990481e-01 -7.15773042e-02 1.11781416e+00 1.56803260e-01
1.85800000e-01 3.91956253e-01 -7.15574863e-02 1.11780885e+00 1.56856139e-01
1.85900000e-01 3.91990128e-01 -7.15781602e-02 1.11780476e+00 1.56786144e-01
1.86000000e-01 3.91955994e-01 -7.15584208e-02 1.11779945e+00 1.56838784e-01
1.86100000e-01 3.91989776e-01 -7.15790111e-02 1.11779537e+00 1.56769129e-01
1.86200000e-01 3.91955737e-01 -7.15593498e-02 1.11779007e+00 1.56821531e-01
1.86300000e-01 3.91989426e-01 -7.15798570e-02 1.11778599e+00 1.56752215e-01
1.86400000e-01 3.91955481e-01 -7.15602735e-02 1.11778069e+00 1.56804379e-01
1.86500000e-01 3.91989078e-01 -7.15806979e-02 1.11777661e+00 1.56735401e-01
1.86600000e-01 3.91955227e-01 -7.15611918e-02 1.11777133e+00 1.56787328e-01
1.86700000e-01 3.91988732e-01 -7.15815337e-02 1.11776725e+00 1.56718686e-01
1.86800000e-01 3.91954974e-01 -7.15621048e-02 1.11776197e+00 1.56770378e-01
1.86900000e-01 3.91988388e-01 -7.15823646e-02 1.11775790e+00 1.56702070e-01
1.87000000e-01 3.91954723e-01 -7.15630126e-02 1.11775262e+00 1.56753527e-01
1.87100000e-01 3.91988045e-01 -7.15831906e-02 1.11774855e+00 1.56685553e-01
1.87200000e-01 3.91954473e-01 -7.15639151e-02 1.11774328e+00 1.56736776e-01
1.87300000e-01 3.91987705e-01 -7.15840116e-02 1.11773921e+00 1.56669133e-01
1.87400000e-01 3.91954225e-01 -7.15648124e-02 1.11773395e+00 1.56720123e-01
1.87500000e-01 3.91987366e-01 -7.15848278e-02 1.11772989e+00 1.56652810e-01
1.87600000e-01 3.91953978e-01 -7.15657045e-02 1.11772463e+00 1.56703568e-01
1.87700000e-01 3.91987028e-01 -7.15856391e-02 1.11772057e+00 1.56636584e-01
1.87800000e-01 3.91953733e-01 -7.15665915e-02 1.11771532e+00 1.56687110e-01
1.87900000e-01 3.91986693e-01 -7.15864456e-02 1.11771126e+00 1.56620454e-01
1.88000000e-01 3.91953489e-01 -7.15674733e-02 1.11770602e+00 1.56670749e-01
1.88100000e-01 3.91986359e-01 -7.15872473e-02 1.11770196e+00 1.56604419e-01
1.88200000e-01 3.91953247e-01 -7.15683501e-02 1.11769673e+00 1.56654485e-01
1.88300000e-01 3.91986027e-01 -7.15880443e-02 1.11769267e+00 1.56588479e-01
1.88400000e-01 3.91953006e-01 -7.15692218e-02 1.11768744e+00 1.56638316e-01
1.88500000e-01 3.91985697e-01 -7.15888365e-02 1.11768338e+00 1.56572633e-01
1.88600000e-01 3.91952767e-01 -7.15700884e-02 1.11767817e+00 1.56622242e-01
1.88700000e-01 3.91985369e-01 -7.15896240e-02 1.11767411e+00 1.56556881e-01
1.88800000e-01 3.91952529e-01 -7.15709500e-02 1.11766890e+00 1.56606262e-01
1.88900000e-01 3.91985042e-01 -7.15904068e-02 1.11766485e+00 1.56541222e-01
1.89000000e-01 3.91952293e-01 -7.15718067e-02 1.11765964e+00 1.56590377e-01
1.89100000e-01 3.91984717e-01 -7.15911849e-02 1.11765559e+00 1.56525656e-01
1.89200000e-01 3.91952058e-01 -7.15726584e-02 1.11765039e+00 1.56574585e-01
1.89300000e-01 3.91984393e-01 -7.15919585e-02 1.11764634e+00 1.56510182e-01
1.89400000e-01 3.91951824e-01 -7.15735051e-02 1.11764115e+00 1.56558885e-01
1.89500000e-01 3.91984071e-01 -7.15927274e-02 1.11763711e+00 1.56494799e-01
1.89600000e-01 3.91951592e-01 -7.15743470e-02 1.11763192e+00 1.56543278e-01
1.89700000e-01 3.91983751e-01 -7.15934918e-02 1.11762788e+00 1.56479507e-01
1.89800000e-01 3.91951361e-01 -7.15751840e-02 1.11762270e+00 1.56527763e-01
1.89900000e-01 3.91983433e-01 -7.15942516e-02 1.11761866e+00 1.56464305e-01
1.90000000e-01 3.91951131e-01 -7.15760162e-02 1.11761349e+00 1.56512339e-01
1.90100000e-01 3.91983116e-01 -7.15950068e-02 1.11760945e+00 1.56449193e-01
1.90200000e-01 3.91950903e-01 -7.15768436e-02 1.11760428e+00 1.56497005e-01
1.90300000e-01 3.91982801e-01 -7.15957576e-02 1.11760024e+00 1.56434170e-01
1.90400000e-01 3.91950677e-01 -7.15776662e-02 1.11759509e+00 1.56481762e-01
1.90500000e-01 3.91982488e-01 -7.15965040e-02 1.11759105e+00 1.56419236e-01
1.90600000e-01 3.91950451e-01 -7.15784840e-02 1.11758590e+00 1.56466608e-01
1.90700000e-01 3.91982176e-01 -7.15972458e-02 1.11758187e+00 1.56404390e-01
1.90800000e-01 3.91950227e-01 -7.15792971e-02 1.11757672e+00 1.56451543e-01
1.90900000e-01 3.91981865e-01 -7.15979833e-02 1.11757269e+00 1.56389632e-01
1.91000000e-01 3.91950005e-01 -7.15801055e-02 1.11756755e+00 1.56436566e-01
1.91100000e-01 3.91981557e-01 -7.15987164e-02 1.11756352e+00 1.56374961e-01
1.91200000e-01 3.91949783e-01 -7.15809092e-02 1.11755839e+00 1.56421678e-01
1.91300000e-01 3.91981250e-01 -7.15994451e-02 1.11755436e+00 1.56360376e-01
1.91400000e-01 3.91949563e-01 -7.15817083e-02 1.11754924e+00 1.56406877e-01
1.91500000e-01 3.91980944e-01 -7.16001695e-02 1.11754521e+00 1.56345878e-01
1.91600000e-01 3.91949345e-01 -7.15825027e-02 1.11754009e+00 1.56392162e-01
1.91700000e-01 3.91980640e-01 -7.16008895e-02 1.11753607e+00 1.56331465e-01
1.91800000e-01 3.91949127e-01 -7.15832926e-02 1.11753096e+00 1.56377534e-01
1.91900000e-01 3.91980338e-01 -7.16016053e-02 1.11752694e+00 1.56317137e-01
1.92000000e-01 3.91948911e-01 -7.15840779e-02 1.11752183e+00 1.56362992e-01
1.92100000e-01 3.91980037e-01 -7.16023168e-02 1.11751782e+00 1.56302893e-01
1.92200000e-01 3.91948696e-01 -7.15848587e-02 1.11751272e+00 1.56348535e-01
1.92300000e-01 3.91979738e-01 -7.16030241e-02 1.11750870e+00 1.56288734e-01
1.92400000e-01 3.91948483e-01 -7.15856349e-02 1.11750361e+00 1.56334162e-01
1.92500000e-01 3.91979441e-01 -7.16037272e-02 1.11749959e+00 1.56274658e-01
1.92600000e-01 3.91948271e-01 -7.15864067e-02 1.11749451e+00 1.56319874e-01
1.92700000e-01 3.91979144e-01 -7.16044261e-02 1.11749050e+00 1.56260665e-01
1.92800000e-01 3.91948060e-01 -7.15871740e-02 1.11748542e+00 1.56305670e-01
1.92900000e-01 3.91978850e-01 -7.16051208e-02 1.11748141e+00 1.56246754e-01
1.93000000e-01 3.91947850e-01 -7.15879369e-02 1.11747633e+00 1.56291549e-01
1.93100000e-01 3.91978557e-01 -7.16058114e-02 1.11747233e+00 1.56232925e-01
1.93200000e-01 3.91947642e-01 -7.15886954e-02 1.11746726e+00 1.56277510e-01
1.93300000e-01 3.91978265e-01 -7.16064979e-02 1.11746325e+00 1.56219177e-01
1.93400000e-01 3.91947435e-01 -7.15894495e-02 1.11745819e+00 1.56263554e-01
1.93500000e-01 3.91977975e-01 -7.16071803e-02 1.11745419e+00 1.56205511e-01
1.93600000e-01 3.91947229e-01 -7.15901993e-02 1.11744914e+00 1.56249679e-01
1.93700000e-01 3.91977687e-01 -7.16078587e-02 1.11744514e+00 1.56191925e-01
1.93800000e-01 3.91947024e-01 -7.15909447e-02 1.11744009e+00 1.56235885e-01
1.93900000e-01 3.91977400e-01 -7.16085330e-02 1.11743609e+00 1.56178418e-01
1.94000000e-01 3.91946821e-01 -7.15916859e-02 1.11743105e+00 1.56222173e-01
1.94100000e-01 3.91977114e-01 -7.16092033e-02 1.11742705e+00 1.56164991e-01
1.94200000e-01 3.91946619e-01 -7.15924227e-02 1.11742201e+00 1.56208540e-01
1.94300000e-01 3.91976830e-01 -7.16098697e-02 1.11741802e+00 1.56151643e-01
1.94400000e-01 3.91946418e-01 -7.15931553e-02 1.11741299e+00 1.56194987e-01
1.94500000e-01 3.91976547e-01 -7.16105321e-02 1.11740900e+00 1.56138374e-01
1.94600000e-01 3.91946218e-01 -7.15938837e-02 1.11740398e+00 1.56181513e-01
1.94700000e-01 3.91976266e-01 -7.16111905e-02 1.11739999e+00 1.56125182e-01
1.94800000e-01 3.91946020e-01 -7.15946080e-02 1.11739497e+00 1.56168118e-01
1.94900000e-01 3.91975986e-01 -7.16118451e-02 1.11739098e+00 1.56112068e-01
1.95000000e-01 3.91945822e-01 -7.15953280e-02 1.11738597e+00 1.56154801e-01
1.95100000e-01 3.91975708e-01 -7.16124958e-02 1.11738199e+00 1.56099031e-01
1.95200000e-01 3.91945626e-01 -7.15960439e-02 1.11737698e+00 1.56141562e-01
1.95300000e-01 3.91975431e-01 -7.16131426e-02 1.11737300e+00 1.56086070e-01
1.95400000e-01 3.91945431e-01 -7.15967557e-02 1.11736800e+00 1.56128400e-01
1.95500000e-01 3.91975156e-01 -7.16137856e-02 1.11736402e+00 1.56073185e-01
1.95600000e-01 3.91945238e-01 -7.15974634e-02 1.11735903e+00 1.56115315e-01
1.95700000e-01 3.91974882e-01 -7.16144248e-02 1.11735505e+00 1.56060376e-01
1.95800000e-01 3.91945045e-01 -7.15981671e-02 1.11735006e+00 1.56102306e-01
1.95900000e-01 3.91974609e-01 -7.16150602e-02 1.11734609e+00 1.56047642e-01
1.96000000e-01 3.91944854e-01 -7.15988667e-02 1.11734111e+00 1.56089373e-01
1.96100000e-01 3.91974338e-01 -7.16156919e-02 1.11733713e+00 1.56034982e-01
1.96200000e-01 3.91944663e-01 -7.15995623e-02 1.11733216e+00 1.56076515e-01
1.96300000e-01 3.91974068e-01 -7.16163198e-02 1.11732819e+00 1.56022397e-01
1.96400000e-01 3.91944474e-01 -7.16002539e-02 1.11732322e+00 1.56063732e-01
1.96500000e-01 3.91973800e-01 -7.16169440e-02 1.11731925e+00 1.56009885e-01
1.96600000e-01 3.91944286e-01 -7.16009416e-02 1.11731429e+00 1.56051024e-01
1.96700000e-01 3.91973532e-01 -7.16175646e-02 1.11731032e+00 1.55997447e-01
1.96800000e-01 3.91944099e-01 -7.16016253e-02 1.11730537e+00 1.56038390e-01
1.96900000e-01 3.91973267e-01 -7.16181815e-02 1.11730140e+00 1.55985081e-01
1.97000000e-01 3.91943914e-01 -7.16023052e-02 1.11729645e+00 1.56025829e-01
1.97100000e-01 3.91973002e-01 -7.16187947e-02 1.11729249e+00 1.55972787e-01
1.97200000e-01 3.91943729e-01 -7.16029811e-02 1.11728754e+00 1.56013341e-01
1.97300000e-01 3.91972739e-01 -7.16194044e-02 1.11728358e+00 1.55960566e-01
1.97400000e-01 3.91943546e-01 -7.16036532e-02 1.11727865e+00 1.56000925e-01
1.97500000e-01 3.91972478e-01 -7.16200104e-02 1.11727469e+00 1.55948415e-01
1.97600000e-01 3.91943363e-01 -7.16043215e-02 1.11726976e+00 1.55988582e-01
1.97700000e-01 3.91972218e-01 -7.16206129e-02 1.11726580e+00 1.55936336e-01
1.97800000e-01 3.91943182e-01 -7.16049859e-02 1.11726088e+00 1.55976310e-01
1.97900000e-01 3.91971959e-01 -7.16212119e-02 1.11725692e+00 1.55924327e-01
1.98000000e-01 3.91943002e-01 -7.16056466e-02 1.11725200e+00 1.55964110e-01
1.98100000e-01 3.91971701e-01 -7.16218074e-02 1.11724805e+00 1.55912389e-01
1.98200000e-01 3.91942823e-01 -7.16063035e-02 1.11724314e+00 1.55951981e-01
1.98300000e-01 3.91971445e-01 -7.16223993e-02 1.11723919e+00 1.55900519e-01
1.98400000e-01 3.91942645e-01 -7.16069567e-02 1.11723428e+00 1.55939921e-01
1.98500000e-01 3.91971190e-01 -7.16229878e-02 1.11723033e+00 1.55888719e-01
1.98600000e-01 3.91942468e-01 -7.16076062e-02 1.11722543e+00 1.55927932e-01
1.98700000e-01 3.91970936e-01 -7.16235729e-02 1.11722149e+00 1.55876988e-01
1.98800000e-01 3.91942292e-01 -7.16082520e-02 1.11721659e+00 1.55916012e-01
1.98900000e-01 3.91970684e-01 -7.16241545e-02 1.11721265e+00 1.55865326e-01
1.99000000e-01 3.91942117e-01 -7.16088941e-02 1.11720776e+00 1.55904162e-01
1.99100000e-01 3.91970433e-01 -7.16247328e-02 1.11720382e+00 1.55853731e-01
1.99200000e-01 3.91941944e-01 -7.16095326e-02 1.11719894e+00 1.55892379e-01
1.99300000e-01 3.91970183e-01 -7.16253076e-02 1.11719500e+00 1.55842203e-01
1.99400000e-01 3.91941771e-01 -7.16101675e-02 1.11719012e+00 1.55880666e-01
1.99500000e-01 3.91969934e-01 -7.16258791e-02 1.11718619e+00 1.55830743e-01
1.99600000e-01 3.91941599e-01 -7.16107988e-02 1.11718131e+00 1.55869019e-01
1.99700000e-01 3.91969687e-01 -7.16264473e-02 1.11717738e+00 1.55819349e-01
1.99800000e-01 3.91941429e-01 -7.16114265e-02 1.11717251e+00 1.55857441e-01
1.99900000e-01 3.91969441e-01 -7.16270122e-02 1.11716858e+00 1.55808022e-01
2.00000000e-01 3.91941259e-01 -7.16120507e-02 1.11716372e+00 1.55845929e-01
2.00100000e-01 3.91969196e-01 -7.16275738e-02 1.11715979e+00 1.55796760e-01
2.00200000e-01 3.91941091e-01 -7.16126714e-02 1.11715494e+00 1.55834484e-01
2.00300000e-01 3.91968953e-01 -7.16281321e-02 1.11715101e+00 1.55785564e-01
2.00400000e-01 3.91940924e-01 -7.16132885e-02 1.11714616e+00 1.55823104e-01
2.00500000e-01 3.91968710e-01 -7.16286872e-02 1.11714224e+00 1.55774432e-01
2.00600000e-01 3.91940757e-01 -7.16139022e-02 1.11713740e+00 1.55811791e-01
2.00700000e-01 3.91968469e-01 -7.16292390e-02 1.11713348e+00 1.55763366e-01
2.00800000e-01 3.91940592e-01 -7.16145124e-02 1.11712864e+00 1.55800543e-01
2.00900000e-01 3.91968230e-01 -7.16297876e-02 1.11712472e+00 1.55752363e-01
2.01000000e-01 3.91940427e-01 -7.16151192e-02 1.11711989e+00 1.55789360e-01
2.01100000e-01 3.91967991e-01 -7.16303331e-02 1.11711597e+00 1.55741425e-01
2.01200000e-01 3.91940264e-01 -7.16157226e-02 1.11711114e+00 1.55778241e-01
2.01300000e-01 3.91967754e-01 -7.16308754e-02 1.11710723e+00 1.55730550e-01
2.01400000e-01 3.91940101e-01 -7.16163226e-02 1.11710241e+00 1.55767186e-01
2.01500000e-01 3.91967518e-01 -7.16314145e-02 1.11709850e+00 1.55719737e-01
2.01600000e-01 3.91939940e-01 -7.16169192e-02 1.11709368e+00 1.55756195e-01
2.01700000e-01 3.91967283e-01 -7.16319506e-02 1.11708977e+00 1.55708988e-01
2.01800000e-01 3.91939780e-01 -7.16175124e-02 1.11708496e+00 1.55745268e-01
2.01900000e-01 3.91967049e-01 -7.16324835e-02 1.11708106e+00 1.55698300e-01
2.02000000e-01 3.91939620e-01 -7.16181024e-02 1.11707625e+00 1.55734403e-01
2.02100000e-01 3.91966817e-01 -7.16330133e-02 1.11707235e+00 1.55687675e-01
2.02200000e-01 3.91939462e-01 -7.16186890e-02 1.11706755e+00 1.55723601e-01
2.02300000e-01 3.91966585e-01 -7.16335401e-02 1.11706365e+00 1.55677111e-01
2.02400000e-01 3.91939304e-01 -7.16192723e-02 1.11705886e+00 1.55712861e-01
2.02500000e-01 3.91966355e-01 -7.16340638e-02 1.11705496e+00 1.55666608e-01
2.02600000e-01 3.91939148e-01 -7.16198523e-02 1.11705017e+00 1.55702183e-01
2.02700000e-01 3.91966126e-01 -7.16345844e-02 1.11704627e+00 1.55656166e-01
2.02800000e-01 3.91938992e-01 -7.16204291e-02 1.11704149e+00 1.55691566e-01
2.02900000e-01 3.91965898e-01 -7.16351021e-02 1.11703760e+00 1.55645784e-01
2.03000000e-01 3.91938837e-01 -7.16210026e-02 1.11703282e+00 1.55681010e-01
2.03100000e-01 3.91965672e-01 -7.16356167e-02 1.11702893e+00 1.55635462e-01
2.03200000e-01 3.91938684e-01 -7.16215729e-02 1.11702416e+00 1.55670515e-01
2.03300000e-01 3.91965446e-01 -7.16361284e-02 1.11702027e+00 1.55625200e-01
2.03400000e-01 3.91938531e-01 -7.16221400e-02 1.11701550e+00 1.55660080e-01
2.03500000e-01 3.91965222e-01 -7.16366370e-02 1.11701162e+00 1.55614997e-01
2.03600000e-01 3.91938379e-01 -7.16227039e-02 1.11700686e+00 1.55649705e-01
2.03700000e-01 3.91964999e-01 -7.16371428e-02 1.11700297e+00 1.55604853e-01
2.03800000e-01 3.91938228e-01 -7.16232646e-02 1.11699822e+00 1.55639390e-01
2.03900000e-01 3.91964777e-01 -7.16376456e-02 1.11699434e+00 1.55594767e-01
2.04000000e-01 3.91938078e-01 -7.16238222e-02 1.11698959e+00 1.55629134e-01
2.04100000e-01 3.91964556e-01 -7.16381454e-02 1.11698571e+00 1.55584740e-01
2.04200000e-01 3.91937929e-01 -7.16243766e-02 1.11698097e+00 1.55618936e-01
2.04300000e-01 3.91964336e-01 -7.16386424e-02 1.11697709e+00 1.55574770e-01
2.04400000e-01 3.91937781e-01 -7.16249279e-02 1.11697235e+00 1.55608798e-01
2.04500000e-01 3.91964117e-01 -7.16391364e-02 1.11696847e+00 1.55564858e-01
2.04600000e-01 3.91937634e-01 -7.16254761e-02 1.11696374e+00 1.55598717e-01
2.04700000e-01 3.91963900e-01 -7.16396276e-02 1.11695987e+00 1.55555003e-01
2.04800000e-01 3.91937487e-01 -7.16260212e-02 1.11695514e+00 1.55588694e-01
2.04900000e-01 3.91963683e-01 -7.16401159e-02 1.11695127e+00 1.55545204e-01
2.05000000e-01 3.91937342e-01 -7.16265632e-02 1.11694655e+00 1.55578728e-01
2.05100000e-01 3.91963468e-01 -7.16406013e-02 1.11694268e+00 1.55535462e-01
2.05200000e-01 3.91937197e-01 -7.16271021e-02 1.11693797e+00 1.55568820e-01
2.05300000e-01 3.91963253e-01 -7.16410839e-02 1.11693410e+00 1.55525776e-01
2.05400000e-01 3.91937054e-01 -7.16276380e-02 1.11692939e+00 1.55558968e-01
2.05500000e-01 3.91963040e-01 -7.16415637e-02 1.11692553e+00 1.55516146e-01
2.05600000e-01 3.91936911e-01 -7.16281708e-02 1.11692083e+00 1.55549173e-01
2.05700000e-01 3.91962828e-01 -7.16420407e-02 1.11691696e+00 1.55506572e-01
2.05800000e-01 3.91936769e-01 -7.16287006e-02 1.11691227e+00 1.55539433e-01
2.05900000e-01 3.91962617e-01 -7.16425148e-02 1.11690841e+00 1.55497052e-01
2.06000000e-01 3.91936628e-01 -7.16292274e-02 1.11690372e+00 1.55529750e-01
2.06100000e-01 3.91962407e-01 -7.16429861e-02 1.11689986e+00 1.55487587e-01
2.06200000e-01 3.91936488e-01 -7.16297512e-02 1.11689517e+00 1.55520122e-01
2.06300000e-01 3.91962198e-01 -7.16434547e-02 1.11689132e+00 1.55478176e-01
2.06400000e-01 3.91936348e-01 -7.16302719e-02 1.11688663e+00 1.55510548e-01
2.06500000e-01 3.91961990e-01 -7.16439205e-02 1.11688278e+00 1.55468820e-01
2.06600000e-01 3.91936210e-01 -7.16307897e-02 1.11687811e+00 1.55501030e-01
2.06700000e-01 3.91961784e-01 -7.16443835e-02 1.11687425e+00 1.55459517e-01
2.06800000e-01 3.91936072e-01 -7.16313045e-02 1.11686958e+00 1.55491566e-01
2.06900000e-01 3.91961578e-01 -7.16448437e-02 1.11686574e+00 1.55450268e-01
2.07000000e-01 3.91935935e-01 -7.16318164e-02 1.11686107e+00 1.55482156e-01
2.07100000e-01 3.91961373e-01 -7.16453012e-02 1.11685723e+00 1.55441071e-01
2.07200000e-01 3.91935799e-01 -7.16323253e-02 1.11685257e+00 1.55472799e-01
2.07300000e-01 3.91961169e-01 -7.16457560e-02 1.11684872e+00 1.55431928e-01
2.07400000e-01 3.91935664e-01 -7.16328312e-02 1.11684407e+00 1.55463496e-01
2.07500000e-01 3.91960967e-01 -7.16462081e-02 1.11684023e+00 1.55422837e-01
2.07600000e-01 3.91935530e-01 -7.16333343e-02 1.11683558e+00 1.55454246e-01
2.07700000e-01 3.91960765e-01 -7.16466574e-02 1.11683174e+00 1.55413798e-01
2.07800000e-01 3.91935397e-01 -7.16338344e-02 1.11682710e+00 1.55445049e-01
2.07900000e-01 3.91960565e-01 -7.16471040e-02 1.11682326e+00 1.55404810e-01
2.08000000e-01 3.91935264e-01 -7.16343316e-02 1.11681862e+00 1.55435904e-01
2.08100000e-01 3.91960365e-01 -7.16475480e-02 1.11681479e+00 1.55395875e-01
2.08200000e-01 3.91935132e-01 -7.16348259e-02 1.11681015e+00 1.55426812e-01
2.08300000e-01 3.91960166e-01 -7.16479892e-02 1.11680632e+00 1.55386990e-01
2.08400000e-01 3.91935001e-01 -7.16353173e-02 1.11680170e+00 1.55417771e-01
2.08500000e-01 3.91959969e-01 -7.16484278e-02 1.11679787e+00 1.55378156e-01
2.08600000e-01 3.91934871e-01 -7.16358058e-02 1.11679324e+00 1.55408782e-01
2.08700000e-01 3.91959772e-01 -7.16488636e-02 1.11678942e+00 1.55369373e-01
2.08800000e-01 3.91934741e-01 -7.16362914e-02 1.11678480e+00 1.55399844e-01
2.08900000e-01 3.91959577e-01 -7.16492969e-02 1.11678097e+00 1.55360640e-01
2.09000000e-01 3.91934613e-01 -7.16367742e-02 1.11677636e+00 1.55390956e-01
2.09100000e-01 3.91959382e-01 -7.16497274e-02 1.11677254e+00 1.55351958e-01
2.09200000e-01 3.91934485e-01 -7.16372541e-02 1.11676793e+00 1.55382120e-01
2.09300000e-01 3.91959188e-01 -7.16501553e-02 1.11676411e+00 1.55343324e-01
2.09400000e-01 3.91934358e-01 -7.16377312e-02 1.11675951e+00 1.55373333e-01
2.09500000e-01 3.91958996e-01 -7.16505806e-02 1.11675570e+00 1.55334740e-01
2.09600000e-01 3.91934232e-01 -7.16382054e-02 1.11675110e+00 1.55364597e-01
2.09700000e-01 3.91958804e-01 -7.16510032e-02 1.11674728e+00 1.55326206e-01
2.09800000e-01 3.91934106e-01 -7.16386768e-02 1.11674269e+00 1.55355910e-01
2.09900000e-01 3.91958613e-01 -7.16514232e-02 1.11673888e+00 1.55317720e-01
2.10000000e-01 3.91933981e-01 -7.16391454e-02 1.11673429e+00 1.55347273e-01
2.10100000e-01 3.91958423e-01 -7.16518406e-02 1.11673048e+00 1.55309282e-01
2.10200000e-01 3.91933857e-01 -7.16396112e-02 1.11672590e+00 1.55338684e-01
2.10300000e-01 3.91958235e-01 -7.16522554e-02 1.11672210e+00 1.55300892e-01
2.10400000e-01 3.91933734e-01 -7.16400741e-02 1.11671752e+00 1.55330145e-01
2.10500000e-01 3.91958047e-01 -7.16526676e-02 1.11671371e+00 1.55292551e-01
2.10600000e-01 3.91933612e-01 -7.16405343e-02 1.11670914e+00 1.55321654e-01
2.10700000e-01 3.91957860e-01 -7.16530772e-02 1.11670534e+00 1.55284257e-01
2.10800000e-01 3.91933490e-01 -7.16409917e-02 1.11670078e+00 1.55313211e-01
2.10900000e-01 3.91957674e-01 -7.16534842e-02 1.11669697e+00 1.55276010e-01
2.11000000e-01 3.91933369e-01 -7.16414463e-02 1.11669241e+00 1.55304816e-01
2.11100000e-01 3.91957489e-01 -7.16538886e-02 1.11668862e+00 1.55267811e-01
2.11200000e-01 3.91933249e-01 -7.16418982e-02 1.11668406e+00 1.55296469e-01
2.11300000e-01 3.91957304e-01 -7.16542905e-02 1.11668026e+00 1.55259658e-01
2.11400000e-01 3.91933129e-01 -7.16423472e-02 1.11667571e+00 1.55288168e-01
2.11500000e-01 3.91957121e-01 -7.16546898e-02 1.11667192e+00 1.55251551e-01
2.11600000e-01 3.91933011e-01 -7.16427936e-02 1.11666738e+00 1.55279915e-01
2.11700000e-01 3.91956939e-01 -7.16550865e-02 1.11666358e+00 1.55243491e-01
2.11800000e-01 3.91932893e-01 -7.16432372e-02 1.11665904e+00 1.55271709e-01
2.11900000e-01 3.91956758e-01 -7.16554807e-02 1.11665526e+00 1.55235476e-01
2.12000000e-01 3.91932775e-01 -7.16436780e-02 1.11665072e+00 1.55263549e-01
2.12100000e-01 3.91956577e-01 -7.16558724e-02 1.11664693e+00 1.55227508e-01
2.12200000e-01 3.91932659e-01 -7.16441162e-02 1.11664240e+00 1.55255436e-01
2.12300000e-01 3.91956397e-01 -7.16562615e-02 1.11663862e+00 1.55219584e-01
2.12400000e-01 3.91932543e-01 -7.16445516e-02 1.11663410e+00 1.55247368e-01
2.12500000e-01 3.91956219e-01 -7.16566482e-02 1.11663031e+00 1.55211706e-01
2.12600000e-01 3.91932428e-01 -7.16449843e-02 1.11662579e+00 1.55239346e-01
2.12700000e-01 3.91956041e-01 -7.16570323e-02 1.11662201e+00 1.55203872e-01
2.12800000e-01 3.91932313e-01 -7.16454143e-02 1.11661750e+00 1.55231370e-01
2.12900000e-01 3.91955864e-01 -7.16574139e-02 1.11661372e+00 1.55196083e-01
2.13000000e-01 3.91932200e-01 -7.16458417e-02 1.11660921e+00 1.55223438e-01
2.13100000e-01 3.91955688e-01 -7.16577930e-02 1.11660544e+00 1.55188338e-01
2.13200000e-01 3.91932087e-01 -7.16462663e-02 1.11660093e+00 1.55215551e-01
2.13300000e-01 3.91955513e-01 -7.16581696e-02 1.11659716e+00 1.55180637e-01
2.13400000e-01 3.91931974e-01 -7.16466883e-02 1.11659266e+00 1.55207709e-01
2.13500000e-01 3.91955338e-01 -7.16585437e-02 1.11658889e+00 1.55172980e-01
2.13600000e-01 3.91931863e-01 -7.16471077e-02 1.11658440e+00 1.55199911e-01
2.13700000e-01 3.91955165e-01 -7.16589154e-02 1.11658063e+00 1.55165366e-01
2.13800000e-01 3.91931752e-01 -7.16475244e-02 1.11657614e+00 1.55192158e-01
2.13900000e-01 3.91954992e-01 -7.16592847e-02 1.11657237e+00 1.55157796e-01
2.14000000e-01 3.91931641e-01 -7.16479384e-02 1.11656789e+00 1.55184448e-01
2.14100000e-01 3.91954821e-01 -7.16596514e-02 1.11656412e+00 1.55150268e-01
2.14200000e-01 3.91931532e-01 -7.16483499e-02 1.11655964e+00 1.55176781e-01
2.14300000e-01 3.91954650e-01 -7.16600158e-02 1.11655588e+00 1.55142783e-01
2.14400000e-01 3.91931423e-01 -7.16487587e-02 1.11655141e+00 1.55169158e-01
2.14500000e-01 3.91954480e-01 -7.16603777e-02 1.11654765e+00 1.55135340e-01
2.14600000e-01 3.91931315e-01 -7.16491649e-02 1.11654318e+00 1.55161577e-01
2.14700000e-01 3.91954311e-01 -7.16607372e-02 1.11653942e+00 1.55127940e-01
2.14800000e-01 3.91931207e-01 -7.16495686e-02 1.11653496e+00 1.55154040e-01
2.14900000e-01 3.91954142e-01 -7.16610943e-02 1.11653120e+00 1.55120582e-01
2.15000000e-01 3.91931100e-01 -7.16499696e-02 1.11652675e+00 1.55146544e-01
2.15100000e-01 3.91953975e-01 -7.16614491e-02 1.11652299e+00 1.55113265e-01
2.15200000e-01 3.91930994e-01 -7.16503681e-02 1.11651854e+00 1.55139091e-01
2.15300000e-01 3.91953808e-01 -7.16618014e-02 1.11651479e+00 1.55105989e-01
2.15400000e-01 3.91930888e-01 -7.16507641e-02 1.11651034e+00 1.55131680e-01
2.15500000e-01 3.91953642e-01 -7.16621514e-02 1.11650659e+00 1.55098755e-01
2.15600000e-01 3.91930783e-01 -7.16511575e-02 1.11650215e+00 1.55124311e-01
2.15700000e-01 3.91953477e-01 -7.16624990e-02 1.11649840e+00 1.55091562e-01
2.15800000e-01 3.91930679e-01 -7.16515483e-02 1.11649396e+00 1.55116983e-01
2.15900000e-01 3.91953313e-01 -7.16628442e-02 1.11649022e+00 1.55084409e-01
2.16000000e-01 3.91930575e-01 -7.16519367e-02 1.11648578e+00 1.55109696e-01
2.16100000e-01 3.91953150e-01 -7.16631871e-02 1.11648204e+00 1.55077297e-01
2.16200000e-01 3.91930472e-01 -7.16523225e-02 1.11647761e+00 1.55102451e-01
2.16300000e-01 3.91952987e-01 -7.16635278e-02 1.11647387e+00 1.55070224e-01
2.16400000e-01 3.91930370e-01 -7.16527059e-02 1.11646945e+00 1.55095246e-01
2.16500000e-01 3.91952826e-01 -7.16638660e-02 1.11646571e+00 1.55063192e-01
2.16600000e-01 3.91930268e-01 -7.16530868e-02 1.11646129e+00 1.55088081e-01
2.16700000e-01 3.91952665e-01 -7.16642020e-02 1.11645756e+00 1.55056199e-01
2.16800000e-01 3.91930167e-01 -7.16534652e-02 1.11645314e+00 1.55080957e-01
2.16900000e-01 3.91952504e-01 -7.16645357e-02 1.11644941e+00 1.55049246e-01
2.17000000e-01 3.91930067e-01 -7.16538411e-02 1.11644500e+00 1.55073872e-01
2.17100000e-01 3.91952345e-01 -7.16648672e-02 1.11644127e+00 1.55042332e-01
2.17200000e-01 3.91929967e-01 -7.16542147e-02 1.11643687e+00 1.55066828e-01
2.17300000e-01 3.91952186e-01 -7.16651964e-02 1.11643314e+00 1.55035457e-01
2.17400000e-01 3.91929868e-01 -7.16545858e-02 1.11642874e+00 1.55059823e-01
2.17500000e-01 3.91952029e-01 -7.16655233e-02 1.11642501e+00 1.55028621e-01
2.17600000e-01 3.91929769e-01 -7.16549544e-02 1.11642062e+00 1.55052857e-01
2.17700000e-01 3.91951872e-01 -7.16658480e-02 1.11641690e+00 1.55021823e-01
2.17800000e-01 3.91929671e-01 -7.16553207e-02 1.11641250e+00 1.55045930e-01
2.17900000e-01 3.91951715e-01 -7.16661705e-02 1.11640878e+00 1.55015064e-01
2.18000000e-01 3.91929573e-01 -7.16556846e-02 1.11640440e+00 1.55039042e-01
2.18100000e-01 3.91951560e-01 -7.16664907e-02 1.11640068e+00 1.55008342e-01
2.18200000e-01 3.91929477e-01 -7.16560462e-02 1.11639630e+00 1.55032192e-01
2.18300000e-01 3.91951405e-01 -7.16668088e-02 1.11639258e+00 1.55001658e-01
2.18400000e-01 3.91929380e-01 -7.16564054e-02 1.11638821e+00 1.55025381e-01
2.18500000e-01 3.91951251e-01 -7.16671247e-02 1.11638449e+00 1.54995012e-01
2.18600000e-01 3.91929285e-01 -7.16567622e-02 1.11638012e+00 1.55018608e-01
2.18700000e-01 3.91951098e-01 -7.16674385e-02 1.11637641e+00 1.54988403e-01
2.18800000e-01 3.91929190e-01 -7.16571168e-02 1.11637204e+00 1.55011873e-01
2.18900000e-01 3.91950946e-01 -7.16677501e-02 1.11636834e+00 1.54981832e-01
2.19000000e-01 3.91929095e-01 -7.16574690e-02 1.11636397e+00 1.55005175e-01
2.19100000e-01 3.91950794e-01 -7.16680595e-02 1.11636027e+00 1.54975297e-01
2.19200000e-01 3.91929001e-01 -7.16578189e-02 1.11635591e+00 1.54998515e-01
2.19300000e-01 3.91950643e-01 -7.16683669e-02 1.11635221e+00 1.54968799e-01
2.19400000e-01 3.91928908e-01 -7.16581666e-02 1.11634785e+00 1.54991892e-01
2.19500000e-01 3.91950493e-01 -7.16686721e-02 1.11634415e+00 1.54962337e-01
2.19600000e-01 3.91928816e-01 -7.16585120e-02 1.11633980e+00 1.54985306e-01
2.19700000e-01 3.91950343e-01 -7.16689752e-02 1.11633611e+00 1.54955912e-01
2.19800000e-01 3.91928723e-01 -7.16588551e-02 1.11633176e+00 1.54978757e-01
2.19900000e-01 3.91950195e-01 -7.16692763e-02 1.11632807e+00 1.54949522e-01
2.20000000e-01 3.91928632e-01 -7.16591960e-02 1.11632373e+00 1.54972244e-01
2.20100000e-01 3.91950047e-01 -7.16695753e-02 1.11632003e+00 1.54943169e-01
2.20200000e-01 3.91928541e-01 -7.16595347e-02 1.11631570e+00 1.54965767e-01
2.20300000e-01 3.91949900e-01 -7.16698722e-02 1.11631201e+00 1.54936851e-01
2.20400000e-01 3.91928451e-01 -7.16598712e-02 1.11630768e+00 1.54959327e-01
2.20500000e-01 3.91949753e-01 -7.16701672e-02 1.11630399e+00 1.54930568e-01
2.20600000e-01 3.91928361e-01 -7.16602055e-02 1.11629966e+00 1.54952922e-01
2.20700000e-01 3.91949607e-01 -7.16704601e-02 1.11629598e+00 1.54924320e-01
2.20800000e-01 3.91928271e-01 -7.16605377e-02 1.11629166e+00 1.54946554e-01
2.20900000e-01 3.91949462e-01 -7.16707510e-02 1.11628797e+00 1.54918108e-01
2.21000000e-01 3.91928183e-01 -7.16608676e-02 1.11628366e+00 1.54940220e-01
2.21100000e-01 3.91949318e-01 -7.16710399e-02 1.11627997e+00 1.54911930e-01
2.21200000e-01 3.91928095e-01 -7.16611955e-02 1.11627566e+00 1.54933922e-01
2.21300000e-01 3.91949174e-01 -7.16713268e-02 1.11627198e+00 1.54905787e-01
2.21400000e-01 3.91928007e-01 -7.16615212e-02 1.11626768e+00 1.54927659e-01
2.21500000e-01 3.91949031e-01 -7.16716118e-02 1.11626400e+00 1.54899677e-01
2.21600000e-01 3.91927920e-01 -7.16618448e-02 1.11625970e+00 1.54921431e-01
2.21700000e-01 3.91948889e-01 -7.16718949e-02 1.11625602e+00 1.54893603e-01
2.21800000e-01 3.91927834e-01 -7.16621664e-02 1.11625173e+00 1.54915237e-01
2.21900000e-01 3.91948748e-01 -7.16721760e-02 1.11624806e+00 1.54887562e-01
2.22000000e-01 3.91927748e-01 -7.16624858e-02 1.11624376e+00 1.54909078e-01
2.22100000e-01 3.91948607e-01 -7.16724552e-02 1.11624009e+00 1.54881554e-01
2.22200000e-01 3.91927662e-01 -7.16628032e-02 1.11623581e+00 1.54902953e-01
2.22300000e-01 3.91948467e-01 -7.16727325e-02 1.11623214e+00 1.54875581e-01
2.22400000e-01 3.91927577e-01 -7.16631186e-02 1.11622785e+00 1.54896861e-01
2.22500000e-01 3.91948327e-01 -7.16730080e-02 1.11622419e+00 1.54869640e-01
2.22600000e-01 3.91927493e-01 -7.16634319e-02 1.11621991e+00 1.54890804e-01
2.22700000e-01 3.91948189e-01 -7.16732816e-02 1.11621625e+00 1.54863733e-01
2.22800000e-01 3.91927409e-01 -7.16637433e-02 1.11621197e+00 1.54884780e-01
2.22900000e-01 3.91948051e-01 -7.16735533e-02 1.11620832e+00 1.54857858e-01
2.23000000e-01 3.91927326e-01 -7.16640526e-02 1.11620405e+00 1.54878790e-01
2.23100000e-01 3.91947913e-01 -7.16738232e-02 1.11620039e+00 1.54852017e-01
2.23200000e-01 3.91927243e-01 -7.16643599e-02 1.11619612e+00 1.54872833e-01
2.23300000e-01 3.91947777e-01 -7.16740912e-02 1.11619247e+00 1.54846207e-01
2.23400000e-01 3.91927161e-01 -7.16646653e-02 1.11618821e+00 1.54866909e-01
2.23500000e-01 3.91947641e-01 -7.16743575e-02 1.11618456e+00 1.54840431e-01
2.23600000e-01 3.91927079e-01 -7.16649687e-02 1.11618030e+00 1.54861018e-01
2.23700000e-01 3.91947505e-01 -7.16746220e-02 1.11617665e+00 1.54834686e-01
2.23800000e-01 3.91926998e-01 -7.16652702e-02 1.11617240e+00 1.54855159e-01
2.23900000e-01 3.91947371e-01 -7.16748847e-02 1.11616875e+00 1.54828973e-01
2.24000000e-01 3.91926918e-01 -7.16655698e-02 1.11616450e+00 1.54849333e-01
2.24100000e-01 3.91947237e-01 -7.16751456e-02 1.11616086e+00 1.54823292e-01
2.24200000e-01 3.91926837e-01 -7.16658675e-02 1.11615662e+00 1.54843539e-01
2.24300000e-01 3.91947103e-01 -7.16754048e-02 1.11615297e+00 1.54817643e-01
2.24400000e-01 3.91926758e-01 -7.16661633e-02 1.11614874e+00 1.54837777e-01
2.24500000e-01 3.91946971e-01 -7.16756623e-02 1.11614510e+00 1.54812025e-01
2.24600000e-01 3.91926679e-01 -7.16664572e-02 1.11614086e+00 1.54832047e-01
2.24700000e-01 3.91946839e-01 -7.16759180e-02 1.11613723e+00 1.54806438e-01
2.24800000e-01 3.91926600e-01 -7.16667493e-02 1.11613300e+00 1.54826349e-01
2.24900000e-01 3.91946707e-01 -7.16761721e-02 1.11612936e+00 1.54800882e-01
2.25000000e-01 3.91926522e-01 -7.16670395e-02 1.11612514e+00 1.54820682e-01
2.25100000e-01 3.91946577e-01 -7.16764244e-02 1.11612151e+00 1.54795357e-01
2.25200000e-01 3.91926444e-01 -7.16673279e-02 1.11611729e+00 1.54815046e-01
2.25300000e-01 3.91946447e-01 -7.16766751e-02 1.11611366e+00 1.54789863e-01
2.25400000e-01 3.91926367e-01 -7.16676145e-02 1.11610944e+00 1.54809442e-01
2.25500000e-01 3.91946317e-01 -7.16769241e-02 1.11610581e+00 1.54784399e-01
2.25600000e-01 3.91926291e-01 -7.16678993e-02 1.11610160e+00 1.54803869e-01
2.25700000e-01 3.91946188e-01 -7.16771715e-02 1.11609798e+00 1.54778966e-01
2.25800000e-01 3.91926214e-01 -7.16681823e-02 1.11609377e+00 1.54798326e-01
2.25900000e-01 3.91946060e-01 -7.16774173e-02 1.11609015e+00 1.54773562e-01
2.26000000e-01 3.91926139e-01 -7.16684636e-02 1.11608595e+00 1.54792814e-01
2.26100000e-01 3.91945933e-01 -7.16776614e-02 1.11608233e+00 1.54768189e-01
2.26200000e-01 3.91926064e-01 -7.16687430e-02 1.11607813e+00 1.54787332e-01
2.26300000e-01 3.91945806e-01 -7.16779039e-02 1.11607452e+00 1.54762846e-01
2.26400000e-01 3.91925989e-01 -7.16690208e-02 1.11607032e+00 1.54781881e-01
2.26500000e-01 3.91945680e-01 -7.16781449e-02 1.11606671e+00 1.54757532e-01
2.26600000e-01 3.91925915e-01 -7.16692968e-02 1.11606252e+00 1.54776459e-01
2.26700000e-01 3.91945554e-01 -7.16783842e-02 1.11605891e+00 1.54752247e-01
2.26800000e-01 3.91925841e-01 -7.16695711e-02 1.11605473e+00 1.54771068e-01
2.26900000e-01 3.91945429e-01 -7.16786220e-02 1.11605111e+00 1.54746992e-01
2.27000000e-01 3.91925768e-01 -7.16698437e-02 1.11604694e+00 1.54765706e-01
2.27100000e-01 3.91945305e-01 -7.16788583e-02 1.11604333e+00 1.54741766e-01
2.27200000e-01 3.91925695e-01 -7.16701147e-02 1.11603915e+00 1.54760374e-01
2.27300000e-01 3.91945181e-01 -7.16790930e-02 1.11603555e+00 1.54736568e-01
2.27400000e-01 3.91925623e-01 -7.16703840e-02 1.11603138e+00 1.54755071e-01
2.27500000e-01 3.91945058e-01 -7.16793262e-02 1.11602778e+00 1.54731400e-01
2.27600000e-01 3.91925551e-01 -7.16706516e-02 1.11602361e+00 1.54749797e-01
2.27700000e-01 3.91944935e-01 -7.16795579e-02 1.11602001e+00 1.54726260e-01
2.27800000e-01 3.91925480e-01 -7.16709175e-02 1.11601585e+00 1.54744553e-01
2.27900000e-01 3.91944813e-01 -7.16797881e-02 1.11601225e+00 1.54721148e-01
2.28000000e-01 3.91925409e-01 -7.16711819e-02 1.11600810e+00 1.54739337e-01
2.28100000e-01 3.91944692e-01 -7.16800168e-02 1.11600450e+00 1.54716065e-01
2.28200000e-01 3.91925338e-01 -7.16714446e-02 1.11600035e+00 1.54734150e-01
2.28300000e-01 3.91944571e-01 -7.16802440e-02 1.11599676e+00 1.54711010e-01
2.28400000e-01 3.91925268e-01 -7.16717057e-02 1.11599261e+00 1.54728992e-01
2.28500000e-01 3.91944451e-01 -7.16804698e-02 1.11598902e+00 1.54705983e-01
2.28600000e-01 3.91925199e-01 -7.16719652e-02 1.11598488e+00 1.54723862e-01
2.28700000e-01 3.91944331e-01 -7.16806941e-02 1.11598129e+00 1.54700984e-01
2.28800000e-01 3.91925130e-01 -7.16722232e-02 1.11597715e+00 1.54718760e-01
2.28900000e-01 3.91944212e-01 -7.16809170e-02 1.11597357e+00 1.54696012e-01
2.29000000e-01 3.91925061e-01 -7.16724796e-02 1.11596944e+00 1.54713686e-01
2.29100000e-01 3.91944094e-01 -7.16811384e-02 1.11596585e+00 1.54691067e-01
2.29200000e-01 3.91924993e-01 -7.16727344e-02 1.11596172e+00 1.54708640e-01
2.29300000e-01 3.91943976e-01 -7.16813585e-02 1.11595814e+00 1.54686150e-01
2.29400000e-01 3.91924925e-01 -7.16729877e-02 1.11595402e+00 1.54703622e-01
2.29500000e-01 3.91943859e-01 -7.16815772e-02 1.11595044e+00 1.54681261e-01
2.29600000e-01 3.91924858e-01 -7.16732395e-02 1.11594632e+00 1.54698631e-01
2.29700000e-01 3.91943742e-01 -7.16817944e-02 1.11594275e+00 1.54676398e-01
2.29800000e-01 3.91924791e-01 -7.16734898e-02 1.11593863e+00 1.54693668e-01
2.29900000e-01 3.91943626e-01 -7.16820103e-02 1.11593506e+00 1.54671562e-01
2.30000000e-01 3.91924725e-01 -7.16737385e-02 1.11593095e+00 1.54688732e-01
2.30100000e-01 3.91943511e-01 -7.16822249e-02 1.11592738e+00 1.54666752e-01
2.30200000e-01 3.91924659e-01 -7.16739858e-02 1.11592327e+00 1.54683823e-01
2.30300000e-01 3.91943396e-01 -7.16824380e-02 1.11591970e+00 1.54661969e-01
2.30400000e-01 3.91924593e-01 -7.16742316e-02 1.11591560e+00 1.54678941e-01
2.30500000e-01 3.91943282e-01 -7.16826499e-02 1.11591204e+00 1.54657213e-01
2.30600000e-01 3.91924528e-01 -7.16744759e-02 1.11590794e+00 1.54674086e-01
2.30700000e-01 3.91943168e-01 -7.16828604e-02 1.11590438e+00 1.54652482e-01
2.30800000e-01 3.91924463e-01 -7.16747188e-02 1.11590028e+00 1.54669257e-01
2.30900000e-01 3.91943055e-01 -7.16830696e-02 1.11589672e+00 1.54647778e-01
2.31000000e-01 3.91924399e-01 -7.16749602e-02 1.11589264e+00 1.54664455e-01
2.31100000e-01 3.91942942e-01 -7.16832775e-02 1.11588908e+00 1.54643100e-01
2.31200000e-01 3.91924335e-01 -7.16752002e-02 1.11588499e+00 1.54659679e-01
2.31300000e-01 3.91942830e-01 -7.16834841e-02 1.11588144e+00 1.54638447e-01
2.31400000e-01 3.91924272e-01 -7.16754388e-02 1.11587736e+00 1.54654930e-01
2.31500000e-01 3.91942718e-01 -7.16836894e-02 1.11587381e+00 1.54633820e-01
2.31600000e-01 3.91924209e-01 -7.16756760e-02 1.11586973e+00 1.54650206e-01
2.31700000e-01 3.91942608e-01 -7.16838934e-02 1.11586618e+00 1.54629219e-01
2.31800000e-01 3.91924146e-01 -7.16759117e-02 1.11586211e+00 1.54645509e-01
2.31900000e-01 3.91942497e-01 -7.16840961e-02 1.11585857e+00 1.54624643e-01
2.32000000e-01 3.91924084e-01 -7.16761461e-02 1.11585450e+00 1.54640837e-01
2.32100000e-01 3.91942387e-01 -7.16842976e-02 1.11585096e+00 1.54620092e-01
2.32200000e-01 3.91924023e-01 -7.16763791e-02 1.11584689e+00 1.54636191e-01
2.32300000e-01 3.91942278e-01 -7.16844979e-02 1.11584335e+00 1.54615566e-01
2.32400000e-01 3.91923961e-01 -7.16766108e-02 1.11583929e+00 1.54631570e-01
2.32500000e-01 3.91942169e-01 -7.16846969e-02 1.11583575e+00 1.54611065e-01
2.32600000e-01 3.91923900e-01 -7.16768410e-02 1.11583170e+00 1.54626974e-01
2.32700000e-01 3.91942061e-01 -7.16848947e-02 1.11582816e+00 1.54606588e-01
2.32800000e-01 3.91923840e-01 -7.16770700e-02 1.11582412e+00 1.54622404e-01
2.32900000e-01 3.91941953e-01 -7.16850913e-02 1.11582058e+00 1.54602137e-01
2.33000000e-01 3.91923780e-01 -7.16772976e-02 1.11581654e+00 1.54617858e-01
2.33100000e-01 3.91941846e-01 -7.16852867e-02 1.11581301e+00 1.54597709e-01
2.33200000e-01 3.91923720e-01 -7.16775239e-02 1.11580897e+00 1.54613338e-01
2.33300000e-01 3.91941739e-01 -7.16854809e-02 1.11580544e+00 1.54593306e-01
2.33400000e-01 3.91923661e-01 -7.16777488e-02 1.11580140e+00 1.54608842e-01
2.33500000e-01 3.91941633e-01 -7.16856739e-02 1.11579788e+00 1.54588928e-01
2.33600000e-01 3.91923602e-01 -7.16779725e-02 1.11579384e+00 1.54604371e-01
2.33700000e-01 3.91941528e-01 -7.16858657e-02 1.11579032e+00 1.54584573e-01
2.33800000e-01 3.91923543e-01 -7.16781949e-02 1.11578629e+00 1.54599924e-01
2.33900000e-01 3.91941422e-01 -7.16860564e-02 1.11578277e+00 1.54580242e-01
2.34000000e-01 3.91923485e-01 -7.16784159e-02 1.11577875e+00 1.54595502e-01
2.34100000e-01 3.91941318e-01 -7.16862459e-02 1.11577523e+00 1.54575935e-01
2.34200000e-01 3.91923427e-01 -7.16786358e-02 1.11577121e+00 1.54591104e-01
2.34300000e-01 3.91941214e-01 -7.16864342e-02 1.11576770e+00 1.54571652e-01
2.34400000e-01 3.91923370e-01 -7.16788543e-02 1.11576368e+00 1.54586729e-01
2.34500000e-01 3.91941110e-01 -7.16866214e-02 1.11576017e+00 1.54567392e-01
2.34600000e-01 3.91923313e-01 -7.16790716e-02 1.11575616e+00 1.54582379e-01
2.34700000e-01 3.91941007e-01 -7.16868075e-02 1.11575265e+00 1.54563156e-01
2.34800000e-01 3.91923256e-01 -7.16792876e-02 1.11574865e+00 1.54578053e-01
2.34900000e-01 3.91940905e-01 -7.16869925e-02 1.11574514e+00 1.54558943e-01
2.35000000e-01 3.91923200e-01 -7.16795025e-02 1.11574114e+00 1.54573750e-01
2.35100000e-01 3.91940803e-01 -7.16871764e-02 1.11573763e+00 1.54554753e-01
2.35200000e-01 3.91923144e-01 -7.16797160e-02 1.11573364e+00 1.54569471e-01
2.35300000e-01 3.91940701e-01 -7.16873591e-02 1.11573013e+00 1.54550586e-01
2.35400000e-01 3.91923089e-01 -7.16799284e-02 1.11572614e+00 1.54565215e-01
2.35500000e-01 3.91940600e-01 -7.16875408e-02 1.11572264e+00 1.54546442e-01
2.35600000e-01 3.91923034e-01 -7.16801396e-02 1.11571865e+00 1.54560982e-01
2.35700000e-01 3.91940500e-01 -7.16877213e-02 1.11571516e+00 1.54542320e-01
2.35800000e-01 3.91922979e-01 -7.16803495e-02 1.11571117e+00 1.54556772e-01
2.35900000e-01 3.91940400e-01 -7.16879008e-02 1.11570768e+00 1.54538222e-01
2.36000000e-01 3.91922925e-01 -7.16805583e-02 1.11570370e+00 1.54552586e-01
2.36100000e-01 3.91940300e-01 -7.16880793e-02 1.11570021e+00 1.54534145e-01
2.36200000e-01 3.91922871e-01 -7.16807659e-02 1.11569623e+00 1.54548422e-01
2.36300000e-01 3.91940201e-01 -7.16882566e-02 1.11569274e+00 1.54530091e-01
2.36400000e-01 3.91922817e-01 -7.16809723e-02 1.11568877e+00 1.54544281e-01
2.36500000e-01 3.91940103e-01 -7.16884330e-02 1.11568529e+00 1.54526059e-01
2.36600000e-01 3.91922764e-01 -7.16811776e-02 1.11568132e+00 1.54540162e-01
2.36700000e-01 3.91940005e-01 -7.16886082e-02 1.11567784e+00 1.54522050e-01
2.36800000e-01 3.91922711e-01 -7.16813817e-02 1.11567387e+00 1.54536066e-01
2.36900000e-01 3.91939907e-01 -7.16887825e-02 1.11567039e+00 1.54518062e-01
2.37000000e-01 3.91922658e-01 -7.16815846e-02 1.11566643e+00 1.54531993e-01
2.37100000e-01 3.91939810e-01 -7.16889557e-02 1.11566296e+00 1.54514096e-01
2.37200000e-01 3.91922606e-01 -7.16817864e-02 1.11565900e+00 1.54527942e-01
2.37300000e-01 3.91939714e-01 -7.16891279e-02 1.11565553e+00 1.54510152e-01
2.37400000e-01 3.91922554e-01 -7.16819871e-02 1.11565158e+00 1.54523912e-01
2.37500000e-01 3.91939617e-01 -7.16892991e-02 1.11564810e+00 1.54506230e-01
2.37600000e-01 3.91922503e-01 -7.16821867e-02 1.11564416e+00 1.54519905e-01
2.37700000e-01 3.91939522e-01 -7.16894692e-02 1.11564069e+00 1.54502329e-01
2.37800000e-01 3.91922452e-01 -7.16823852e-02 1.11563675e+00 1.54515920e-01
2.37900000e-01 3.91939427e-01 -7.16896384e-02 1.11563328e+00 1.54498449e-01
2.38000000e-01 3.91922401e-01 -7.16825825e-02 1.11562934e+00 1.54511956e-01
2.38100000e-01 3.91939332e-01 -7.16898066e-02 1.11562588e+00 1.54494591e-01
2.38200000e-01 3.91922351e-01 -7.16827788e-02 1.11562195e+00 1.54508014e-01
2.38300000e-01 3.91939238e-01 -7.16899739e-02 1.11561848e+00 1.54490754e-01
2.38400000e-01 3.91922301e-01 -7.16829739e-02 1.11561456e+00 1.54504094e-01
2.38500000e-01 3.91939144e-01 -7.16901401e-02 1.11561110e+00 1.54486938e-01
2.38600000e-01 3.91922251e-01 -7.16831680e-02 1.11560717e+00 1.54500194e-01
2.38700000e-01 3.91939051e-01 -7.16903054e-02 1.11560372e+00 1.54483143e-01
2.38800000e-01 3.91922202e-01 -7.16833611e-02 1.11559980e+00 1.54496317e-01
2.38900000e-01 3.91938958e-01 -7.16904697e-02 1.11559634e+00 1.54479368e-01
2.39000000e-01 3.91922153e-01 -7.16835530e-02 1.11559243e+00 1.54492460e-01
2.39100000e-01 3.91938865e-01 -7.16906331e-02 1.11558898e+00 1.54475614e-01
2.39200000e-01 3.91922104e-01 -7.16837439e-02 1.11558507e+00 1.54488624e-01
2.39300000e-01 3.91938774e-01 -7.16907955e-02 1.11558162e+00 1.54471881e-01
2.39400000e-01 3.91922055e-01 -7.16839338e-02 1.11557771e+00 1.54484809e-01
2.39500000e-01 3.91938682e-01 -7.16909570e-02 1.11557426e+00 1.54468168e-01
2.39600000e-01 3.91922007e-01 -7.16841226e-02 1.11557036e+00 1.54481015e-01
2.39700000e-01 3.91938591e-01 -7.16911176e-02 1.11556692e+00 1.54464476e-01
2.39800000e-01 3.91921960e-01 -7.16843104e-02 1.11556302e+00 1.54477242e-01
2.39900000e-01 3.91938500e-01 -7.16912773e-02 1.11555958e+00 1.54460804e-01
2.40000000e-01 3.91921912e-01 -7.16844971e-02 1.11555568e+00 1.54473489e-01
2.40100000e-01 3.91938410e-01 -7.16914360e-02 1.11555225e+00 1.54457151e-01
2.40200000e-01 3.91921865e-01 -7.16846828e-02 1.11554836e+00 1.54469757e-01
2.40300000e-01 3.91938321e-01 -7.16915938e-02 1.11554492e+00 1.54453519e-01
2.40400000e-01 3.91921819e-01 -7.16848676e-02 1.11554104e+00 1.54466045e-01
2.40500000e-01 3.91938231e-01 -7.16917508e-02 1.11553760e+00 1.54449907e-01
2.40600000e-01 3.91921772e-01 -7.16850513e-02 1.11553372e+00 1.54462353e-01
2.40700000e-01 3.91938143e-01 -7.16919068e-02 1.11553029e+00 1.54446314e-01
2.40800000e-01 3.91921726e-01 -7.16852340e-02 1.11552641e+00 1.54458682e-01
2.40900000e-01 3.91938054e-01 -7.16920620e-02 1.11552299e+00 1.54442742e-01
2.41000000e-01 3.91921680e-01 -7.16854158e-02 1.11551911e+00 1.54455030e-01
2.41100000e-01 3.91937966e-01 -7.16922163e-02 1.11551569e+00 1.54439188e-01
2.41200000e-01 3.91921635e-01 -7.16855965e-02 1.11551182e+00 1.54451398e-01
2.41300000e-01 3.91937879e-01 -7.16923697e-02 1.11550840e+00 1.54435654e-01
2.41400000e-01 3.91921590e-01 -7.16857763e-02 1.11550453e+00 1.54447787e-01
2.41500000e-01 3.91937792e-01 -7.16925222e-02 1.11550112e+00 1.54432140e-01
2.41600000e-01 3.91921545e-01 -7.16859552e-02 1.11549725e+00 1.54444194e-01
2.41700000e-01 3.91937705e-01 -7.16926739e-02 1.11549384e+00 1.54428645e-01
2.41800000e-01 3.91921501e-01 -7.16861330e-02 1.11548998e+00 1.54440622e-01
2.41900000e-01 3.91937619e-01 -7.16928248e-02 1.11548657e+00 1.54425168e-01
2.42000000e-01 3.91921456e-01 -7.16863099e-02 1.11548272e+00 1.54437068e-01
2.42100000e-01 3.91937533e-01 -7.16929748e-02 1.11547931e+00 1.54421711e-01
2.42200000e-01 3.91921413e-01 -7.16864859e-02 1.11547546e+00 1.54433534e-01
2.42300000e-01 3.91937448e-01 -7.16931239e-02 1.11547205e+00 1.54418273e-01
2.42400000e-01 3.91921369e-01 -7.16866609e-02 1.11546821e+00 1.54430020e-01
2.42500000e-01 3.91937363e-01 -7.16932722e-02 1.11546480e+00 1.54414853e-01
2.42600000e-01 3.91921326e-01 -7.16868350e-02 1.11546096e+00 1.54426524e-01
2.42700000e-01 3.91937279e-01 -7.16934198e-02 1.11545756e+00 1.54411453e-01
2.42800000e-01 3.91921283e-01 -7.16870082e-02 1.11545372e+00 1.54423048e-01
2.42900000e-01 3.91937194e-01 -7.16935664e-02 1.11545032e+00 1.54408070e-01
2.43000000e-01 3.91921240e-01 -7.16871805e-02 1.11544649e+00 1.54419590e-01
2.43100000e-01 3.91937111e-01 -7.16937123e-02 1.11544309e+00 1.54404707e-01
2.43200000e-01 3.91921198e-01 -7.16873518e-02 1.11543927e+00 1.54416151e-01
2.43300000e-01 3.91937028e-01 -7.16938574e-02 1.11543587e+00 1.54401361e-01
2.43400000e-01 3.91921156e-01 -7.16875223e-02 1.11543205e+00 1.54412731e-01
2.43500000e-01 3.91936945e-01 -7.16940016e-02 1.11542866e+00 1.54398034e-01
2.43600000e-01 3.91921114e-01 -7.16876918e-02 1.11542484e+00 1.54409330e-01
2.43700000e-01 3.91936862e-01 -7.16941451e-02 1.11542145e+00 1.54394726e-01
2.43800000e-01 3.91921073e-01 -7.16878605e-02 1.11541764e+00 1.54405947e-01
2.43900000e-01 3.91936780e-01 -7.16942878e-02 1.11541425e+00 1.54391435e-01
2.44000000e-01 3.91921031e-01 -7.16880282e-02 1.11541044e+00 1.54402583e-01
2.44100000e-01 3.91936699e-01 -7.16944297e-02 1.11540705e+00 1.54388162e-01
2.44200000e-01 3.91920991e-01 -7.16881951e-02 1.11540325e+00 1.54399237e-01
2.44300000e-01 3.91936617e-01 -7.16945708e-02 1.11539987e+00 1.54384907e-01
2.44400000e-01 3.91920950e-01 -7.16883612e-02 1.11539607e+00 1.54395909e-01
2.44500000e-01 3.91936537e-01 -7.16947112e-02 1.11539269e+00 1.54381671e-01
2.44600000e-01 3.91920910e-01 -7.16885263e-02 1.11538889e+00 1.54392599e-01
2.44700000e-01 3.91936456e-01 -7.16948508e-02 1.11538551e+00 1.54378451e-01
2.44800000e-01 3.91920870e-01 -7.16886906e-02 1.11538172e+00 1.54389308e-01
2.44900000e-01 3.91936376e-01 -7.16949897e-02 1.11537835e+00 1.54375250e-01
2.45000000e-01 3.91920830e-01 -7.16888541e-02 1.11537456e+00 1.54386034e-01
2.45100000e-01 3.91936296e-01 -7.16951277e-02 1.11537119e+00 1.54372066e-01
2.45200000e-01 3.91920791e-01 -7.16890167e-02 1.11536740e+00 1.54382778e-01
2.45300000e-01 3.91936217e-01 -7.16952651e-02 1.11536403e+00 1.54368900e-01
2.45400000e-01 3.91920752e-01 -7.16891785e-02 1.11536025e+00 1.54379541e-01
2.45500000e-01 3.91936138e-01 -7.16954017e-02 1.11535689e+00 1.54365751e-01
2.45600000e-01 3.91920713e-01 -7.16893394e-02 1.11535311e+00 1.54376321e-01
2.45700000e-01 3.91936060e-01 -7.16955376e-02 1.11534975e+00 1.54362619e-01
2.45800000e-01 3.91920674e-01 -7.16894995e-02 1.11534598e+00 1.54373118e-01
2.45900000e-01 3.91935982e-01 -7.16956727e-02 1.11534262e+00 1.54359505e-01
2.46000000e-01 3.91920636e-01 -7.16896588e-02 1.11533885e+00 1.54369933e-01
2.46100000e-01 3.91935904e-01 -7.16958072e-02 1.11533549e+00 1.54356407e-01
2.46200000e-01 3.91920598e-01 -7.16898173e-02 1.11533173e+00 1.54366766e-01
2.46300000e-01 3.91935827e-01 -7.16959409e-02 1.11532837e+00 1.54353327e-01
2.46400000e-01 3.91920560e-01 -7.16899749e-02 1.11532461e+00 1.54363616e-01
2.46500000e-01 3.91935750e-01 -7.16960739e-02 1.11532126e+00 1.54350264e-01
2.46600000e-01 3.91920523e-01 -7.16901318e-02 1.11531751e+00 1.54360484e-01
2.46700000e-01 3.91935673e-01 -7.16962062e-02 1.11531416e+00 1.54347218e-01
2.46800000e-01 3.91920485e-01 -7.16902879e-02 1.11531040e+00 1.54357368e-01
2.46900000e-01 3.91935597e-01 -7.16963378e-02 1.11530706e+00 1.54344189e-01
2.47000000e-01 3.91920448e-01 -7.16904431e-02 1.11530331e+00 1.54354271e-01
2.47100000e-01 3.91935521e-01 -7.16964687e-02 1.11529997e+00 1.54341177e-01
2.47200000e-01 3.91920412e-01 -7.16905976e-02 1.11529622e+00 1.54351190e-01
2.47300000e-01 3.91935446e-01 -7.16965989e-02 1.11529288e+00 1.54338182e-01
2.47400000e-01 3.91920375e-01 -7.16907513e-02 1.11528914e+00 1.54348126e-01
2.47500000e-01 3.91935371e-01 -7.16967284e-02 1.11528581e+00 1.54335203e-01
2.47600000e-01 3.91920339e-01 -7.16909043e-02 1.11528207e+00 1.54345080e-01
2.47700000e-01 3.91935296e-01 -7.16968573e-02 1.11527873e+00 1.54332242e-01
2.47800000e-01 3.91920303e-01 -7.16910564e-02 1.11527500e+00 1.54342051e-01
2.47900000e-01 3.91935222e-01 -7.16969855e-02 1.11527167e+00 1.54329296e-01
2.48000000e-01 3.91920268e-01 -7.16912078e-02 1.11526794e+00 1.54339038e-01
2.48100000e-01 3.91935148e-01 -7.16971130e-02 1.11526461e+00 1.54326368e-01
2.48200000e-01 3.91920232e-01 -7.16913585e-02 1.11526089e+00 1.54336043e-01
2.48300000e-01 3.91935074e-01 -7.16972398e-02 1.11525756e+00 1.54323456e-01
2.48400000e-01 3.91920197e-01 -7.16915084e-02 1.11525384e+00 1.54333064e-01
2.48500000e-01 3.91935001e-01 -7.16973660e-02 1.11525052e+00 1.54320560e-01
2.48600000e-01 3.91920162e-01 -7.16916576e-02 1.11524680e+00 1.54330102e-01
2.48700000e-01 3.91934928e-01 -7.16974916e-02 1.11524348e+00 1.54317681e-01
2.48800000e-01 3.91920128e-01 -7.16918060e-02 1.11523977e+00 1.54327157e-01
2.48900000e-01 3.91934856e-01 -7.16976165e-02 1.11523645e+00 1.54314819e-01
2.49000000e-01 3.91920094e-01 -7.16919537e-02 1.11523275e+00 1.54324229e-01
2.49100000e-01 3.91934784e-01 -7.16977407e-02 1.11522943e+00 1.54311973e-01
2.49200000e-01 3.91920060e-01 -7.16921006e-02 1.11522573e+00 1.54321317e-01
2.49300000e-01 3.91934712e-01 -7.16978644e-02 1.11522241e+00 1.54309143e-01
2.49400000e-01 3.91920026e-01 -7.16922469e-02 1.11521871e+00 1.54318423e-01
2.49500000e-01 3.91934641e-01 -7.16979874e-02 1.11521540e+00 1.54306329e-01
2.49600000e-01 3.91919992e-01 -7.16923924e-02 1.11521171e+00 1.54315544e-01
2.49700000e-01 3.91934569e-01 -7.16981097e-02 1.11520840e+00 1.54303532e-01
2.49800000e-01 3.91919959e-01 -7.16925372e-02 1.11520471e+00 1.54312683e-01
2.49900000e-01 3.91934499e-01 -7.16982315e-02 1.11520141e+00 1.54300751e-01
2.50000000e-01 3.91919926e-01 -7.16926813e-02 1.11519772e+00 1.54309837e-01
2.50100000e-01 3.91934428e-01 -7.16983526e-02 1.11519442e+00 1.54297986e-01
2.50200000e-01 3.91919893e-01 -7.16928247e-02 1.11519073e+00 1.54307009e-01
2.50300000e-01 3.91934358e-01 -7.16984732e-02 1.11518743e+00 1.54295237e-01
2.50400000e-01 3.91919860e-01 -7.16929674e-02 1.11518376e+00 1.54304196e-01
2.50500000e-01 3.91934289e-01 -7.16985931e-02 1.11518046e+00 1.54292504e-01
2.50600000e-01 3.91919828e-01 -7.16931094e-02 1.11517678e+00 1.54301401e-01
2.50700000e-01 3.91934219e-01 -7.16987124e-02 1.11517349e+00 1.54289788e-01
2.50800000e-01 3.91919796e-01 -7.16932507e-02 1.11516982e+00 1.54298621e-01
2.50900000e-01 3.91934150e-01 -7.16988311e-02 1.11516653e+00 1.54287087e-01
2.51000000e-01 3.91919764e-01 -7.16933914e-02 1.11516286e+00 1.54295858e-01
2.51100000e-01 3.91934082e-01 -7.16989493e-02 1.11515957e+00 1.54284402e-01
2.51200000e-01 3.91919733e-01 -7.16935313e-02 1.11515591e+00 1.54293111e-01
2.51300000e-01 3.91934013e-01 -7.16990668e-02 1.11515263e+00 1.54281733e-01
2.51400000e-01 3.91919701e-01 -7.16936706e-02 1.11514897e+00 1.54290380e-01
2.51500000e-01 3.91933945e-01 -7.16991838e-02 1.11514568e+00 1.54279080e-01
2.51600000e-01 3.91919670e-01 -7.16938093e-02 1.11514203e+00 1.54287665e-01
2.51700000e-01 3.91933878e-01 -7.16993002e-02 1.11513875e+00 1.54276443e-01
2.51800000e-01 3.91919639e-01 -7.16939472e-02 1.11513510e+00 1.54284966e-01
2.51900000e-01 3.91933810e-01 -7.16994160e-02 1.11513182e+00 1.54273821e-01
2.52000000e-01 3.91919608e-01 -7.16940846e-02 1.11512817e+00 1.54282283e-01
2.52100000e-01 3.91933743e-01 -7.16995312e-02 1.11512490e+00 1.54271215e-01
2.52200000e-01 3.91919578e-01 -7.16942212e-02 1.11512126e+00 1.54279616e-01
2.52300000e-01 3.91933677e-01 -7.16996459e-02 1.11511798e+00 1.54268625e-01
2.52400000e-01 3.91919548e-01 -7.16943573e-02 1.11511435e+00 1.54276965e-01
2.52500000e-01 3.91933610e-01 -7.16997601e-02 1.11511108e+00 1.54266050e-01
2.52600000e-01 3.91919518e-01 -7.16944927e-02 1.11510744e+00 1.54274330e-01
2.52700000e-01 3.91933544e-01 -7.16998737e-02 1.11510418e+00 1.54263490e-01
2.52800000e-01 3.91919488e-01 -7.16946274e-02 1.11510055e+00 1.54271710e-01
2.52900000e-01 3.91933479e-01 -7.16999867e-02 1.11509728e+00 1.54260946e-01
2.53000000e-01 3.91919459e-01 -7.16947615e-02 1.11509365e+00 1.54269106e-01
2.53100000e-01 3.91933413e-01 -7.17000992e-02 1.11509039e+00 1.54258417e-01
2.53200000e-01 3.91919429e-01 -7.16948950e-02 1.11508677e+00 1.54266517e-01
2.53300000e-01 3.91933348e-01 -7.17002111e-02 1.11508351e+00 1.54255903e-01
2.53400000e-01 3.91919400e-01 -7.16950279e-02 1.11507989e+00 1.54263944e-01
2.53500000e-01 3.91933284e-01 -7.17003225e-02 1.11507664e+00 1.54253403e-01
2.53600000e-01 3.91919371e-01 -7.16951602e-02 1.11507302e+00 1.54261386e-01
2.53700000e-01 3.91933219e-01 -7.17004334e-02 1.11506977e+00 1.54250919e-01
2.53800000e-01 3.91919343e-01 -7.16952918e-02 1.11506616e+00 1.54258842e-01
2.53900000e-01 3.91933155e-01 -7.17005438e-02 1.11506291e+00 1.54248450e-01
2.54000000e-01 3.91919314e-01 -7.16954229e-02 1.11505930e+00 1.54256314e-01
2.54100000e-01 3.91933092e-01 -7.17006536e-02 1.11505606e+00 1.54245995e-01
2.54200000e-01 3.91919286e-01 -7.16955533e-02 1.11505245e+00 1.54253801e-01
2.54300000e-01 3.91933028e-01 -7.17007629e-02 1.11504921e+00 1.54243554e-01
2.54400000e-01 3.91919258e-01 -7.16956832e-02 1.11504561e+00 1.54251302e-01
2.54500000e-01 3.91932965e-01 -7.17008718e-02 1.11504237e+00 1.54241128e-01
2.54600000e-01 3.91919230e-01 -7.16958125e-02 1.11503877e+00 1.54248818e-01
2.54700000e-01 3.91932902e-01 -7.17009801e-02 1.11503554e+00 1.54238716e-01
2.54800000e-01 3.91919203e-01 -7.16959411e-02 1.11503194e+00 1.54246349e-01
2.54900000e-01 3.91932840e-01 -7.17010878e-02 1.11502871e+00 1.54236318e-01
2.55000000e-01 3.91919176e-01 -7.16960692e-02 1.11502512e+00 1.54243893e-01
2.55100000e-01 3.91932778e-01 -7.17011951e-02 1.11502189e+00 1.54233934e-01
2.55200000e-01 3.91919149e-01 -7.16961967e-02 1.11501831e+00 1.54241452e-01
2.55300000e-01 3.91932716e-01 -7.17013019e-02 1.11501508e+00 1.54231563e-01
2.55400000e-01 3.91919122e-01 -7.16963237e-02 1.11501150e+00 1.54239024e-01
2.55500000e-01 3.91932654e-01 -7.17014082e-02 1.11500827e+00 1.54229206e-01
2.55600000e-01 3.91919095e-01 -7.16964500e-02 1.11500469e+00 1.54236611e-01
2.55700000e-01 3.91932593e-01 -7.17015141e-02 1.11500147e+00 1.54226863e-01
2.55800000e-01 3.91919068e-01 -7.16965758e-02 1.11499790e+00 1.54234210e-01
2.55900000e-01 3.91932532e-01 -7.17016194e-02 1.11499467e+00 1.54224532e-01
2.56000000e-01 3.91919042e-01 -7.16967011e-02 1.11499111e+00 1.54231824e-01
2.56100000e-01 3.91932471e-01 -7.17017243e-02 1.11498789e+00 1.54222215e-01
2.56200000e-01 3.91919016e-01 -7.16968258e-02 1.11498432e+00 1.54229450e-01
2.56300000e-01 3.91932411e-01 -7.17018286e-02 1.11498111e+00 1.54219910e-01
2.56400000e-01 3.91918990e-01 -7.16969499e-02 1.11497755e+00 1.54227089e-01
2.56500000e-01 3.91932351e-01 -7.17019325e-02 1.11497433e+00 1.54217618e-01
2.56600000e-01 3.91918965e-01 -7.16970735e-02 1.11497078e+00 1.54224741e-01
2.56700000e-01 3.91932291e-01 -7.17020360e-02 1.11496757e+00 1.54215339e-01
2.56800000e-01 3.91918939e-01 -7.16971965e-02 1.11496402e+00 1.54222406e-01
2.56900000e-01 3.91932231e-01 -7.17021390e-02 1.11496081e+00 1.54213071e-01
2.57000000e-01 3.91918914e-01 -7.16973190e-02 1.11495726e+00 1.54220083e-01
2.57100000e-01 3.91932172e-01 -7.17022415e-02 1.11495405e+00 1.54210816e-01
2.57200000e-01 3.91918889e-01 -7.16974410e-02 1.11495051e+00 1.54217773e-01
2.57300000e-01 3.91932113e-01 -7.17023435e-02 1.11494731e+00 1.54208572e-01
2.57400000e-01 3.91918864e-01 -7.16975625e-02 1.11494377e+00 1.54215474e-01
2.57500000e-01 3.91932055e-01 -7.17024451e-02 1.11494057e+00 1.54206340e-01
2.57600000e-01 3.91918839e-01 -7.16976834e-02 1.11493703e+00 1.54213187e-01
2.57700000e-01 3.91931996e-01 -7.17025463e-02 1.11493383e+00 1.54204120e-01
2.57800000e-01 3.91918815e-01 -7.16978038e-02 1.11493030e+00 1.54210912e-01
2.57900000e-01 3.91931938e-01 -7.17026470e-02 1.11492711e+00 1.54201910e-01
2.58000000e-01 3.91918791e-01 -7.16979236e-02 1.11492358e+00 1.54208648e-01
2.58100000e-01 3.91931881e-01 -7.17027473e-02 1.11492039e+00 1.54199712e-01
2.58200000e-01 3.91918767e-01 -7.16980430e-02 1.11491686e+00 1.54206395e-01
2.58300000e-01 3.91931823e-01 -7.17028471e-02 1.11491367e+00 1.54197524e-01
2.58400000e-01 3.91918743e-01 -7.16981618e-02 1.11491015e+00 1.54204153e-01
2.58500000e-01 3.91931766e-01 -7.17029465e-02 1.11490697e+00 1.54195347e-01
2.58600000e-01 3.91918719e-01 -7.16982802e-02 1.11490345e+00 1.54201922e-01
2.58700000e-01 3.91931709e-01 -7.17030455e-02 1.11490027e+00 1.54193180e-01
2.58800000e-01 3.91918696e-01 -7.16983980e-02 1.11489675e+00 1.54199701e-01
2.58900000e-01 3.91931652e-01 -7.17031441e-02 1.11489357e+00 1.54191024e-01
2.59000000e-01 3.91918672e-01 -7.16985153e-02 1.11489006e+00 1.54197491e-01
2.59100000e-01 3.91931596e-01 -7.17032422e-02 1.11488689e+00 1.54188877e-01
2.59200000e-01 3.91918649e-01 -7.16986322e-02 1.11488338e+00 1.54195291e-01
2.59300000e-01 3.91931540e-01 -7.17033399e-02 1.11488021e+00 1.54186741e-01
2.59400000e-01 3.91918626e-01 -7.16987485e-02 1.11487671e+00 1.54193100e-01
2.59500000e-01 3.91931484e-01 -7.17034372e-02 1.11487353e+00 1.54184613e-01
2.59600000e-01 3.91918604e-01 -7.16988644e-02 1.11487004e+00 1.54190920e-01
2.59700000e-01 3.91931429e-01 -7.17035340e-02 1.11486687e+00 1.54182496e-01
2.59800000e-01 3.91918581e-01 -7.16989798e-02 1.11486337e+00 1.54188749e-01
2.59900000e-01 3.91931374e-01 -7.17036305e-02 1.11486021e+00 1.54180387e-01
2.60000000e-01 3.91918559e-01 -7.16990947e-02 1.11485672e+00 1.54186588e-01
2.60100000e-01 3.91931319e-01 -7.17037266e-02 1.11485355e+00 1.54178288e-01
2.60200000e-01 3.91918537e-01 -7.16992091e-02 1.11485007e+00 1.54184436e-01
2.60300000e-01 3.91931264e-01 -7.17038222e-02 1.11484691e+00 1.54176197e-01
2.60400000e-01 3.91918515e-01 -7.16993230e-02 1.11484342e+00 1.54182293e-01
2.60500000e-01 3.91931209e-01 -7.17039175e-02 1.11484027e+00 1.54174116e-01
2.60600000e-01 3.91918493e-01 -7.16994365e-02 1.11483679e+00 1.54180159e-01
2.60700000e-01 3.91931155e-01 -7.17040123e-02 1.11483363e+00 1.54172042e-01
2.60800000e-01 3.91918471e-01 -7.16995495e-02 1.11483016e+00 1.54178034e-01
2.60900000e-01 3.91931101e-01 -7.17041068e-02 1.11482700e+00 1.54169978e-01
2.61000000e-01 3.91918450e-01 -7.16996621e-02 1.11482353e+00 1.54175917e-01
2.61100000e-01 3.91931048e-01 -7.17042009e-02 1.11482038e+00 1.54167922e-01
2.61200000e-01 3.91918428e-01 -7.16997741e-02 1.11481692e+00 1.54173810e-01
2.61300000e-01 3.91930994e-01 -7.17042945e-02 1.11481377e+00 1.54165874e-01
2.61400000e-01 3.91918407e-01 -7.16998858e-02 1.11481031e+00 1.54171710e-01
2.61500000e-01 3.91930941e-01 -7.17043878e-02 1.11480716e+00 1.54163834e-01
2.61600000e-01 3.91918386e-01 -7.16999969e-02 1.11480370e+00 1.54169619e-01
2.61700000e-01 3.91930889e-01 -7.17044808e-02 1.11480056e+00 1.54161802e-01
2.61800000e-01 3.91918366e-01 -7.17001076e-02 1.11479711e+00 1.54167536e-01
2.61900000e-01 3.91930836e-01 -7.17045733e-02 1.11479397e+00 1.54159778e-01
2.62000000e-01 3.91918345e-01 -7.17002179e-02 1.11479052e+00 1.54165462e-01
2.62100000e-01 3.91930784e-01 -7.17046654e-02 1.11478738e+00 1.54157763e-01
2.62200000e-01 3.91918325e-01 -7.17003277e-02 1.11478393e+00 1.54163395e-01
2.62300000e-01 3.91930732e-01 -7.17047572e-02 1.11478080e+00 1.54155754e-01
2.62400000e-01 3.91918305e-01 -7.17004371e-02 1.11477735e+00 1.54161336e-01
2.62500000e-01 3.91930680e-01 -7.17048486e-02 1.11477423e+00 1.54153754e-01
2.62600000e-01 3.91918284e-01 -7.17005461e-02 1.11477078e+00 1.54159286e-01
2.62700000e-01 3.91930628e-01 -7.17049397e-02 1.11476766e+00 1.54151761e-01
2.62800000e-01 3.91918265e-01 -7.17006546e-02 1.11476422e+00 1.54157243e-01
2.62900000e-01 3.91930577e-01 -7.17050304e-02 1.11476110e+00 1.54149776e-01
2.63000000e-01 3.91918245e-01 -7.17007626e-02 1.11475766e+00 1.54155208e-01
2.63100000e-01 3.91930526e-01 -7.17051207e-02 1.11475454e+00 1.54147799e-01
2.63200000e-01 3.91918225e-01 -7.17008703e-02 1.11475111e+00 1.54153182e-01
2.63300000e-01 3.91930475e-01 -7.17052106e-02 1.11474799e+00 1.54145829e-01
2.63400000e-01 3.91918206e-01 -7.17009775e-02 1.11474457e+00 1.54151163e-01
2.63500000e-01 3.91930425e-01 -7.17053002e-02 1.11474145e+00 1.54143867e-01
2.63600000e-01 3.91918187e-01 -7.17010843e-02 1.11473803e+00 1.54149151e-01
2.63700000e-01 3.91930374e-01 -7.17053894e-02 1.11473492e+00 1.54141912e-01
2.63800000e-01 3.91918168e-01 -7.17011906e-02 1.11473150e+00 1.54147148e-01
2.63900000e-01 3.91930324e-01 -7.17054783e-02 1.11472839e+00 1.54139965e-01
2.64000000e-01 3.91918149e-01 -7.17012966e-02 1.11472497e+00 1.54145152e-01
2.64100000e-01 3.91930274e-01 -7.17055668e-02 1.11472187e+00 1.54138026e-01
2.64200000e-01 3.91918130e-01 -7.17014021e-02 1.11471846e+00 1.54143165e-01
2.64300000e-01 3.91930225e-01 -7.17056550e-02 1.11471535e+00 1.54136094e-01
2.64400000e-01 3.91918111e-01 -7.17015072e-02 1.11471194e+00 1.54141185e-01
2.64500000e-01 3.91930176e-01 -7.17057429e-02 1.11470884e+00 1.54134170e-01
2.64600000e-01 3.91918093e-01 -7.17016119e-02 1.11470544e+00 1.54139213e-01
2.64700000e-01 3.91930126e-01 -7.17058303e-02 1.11470234e+00 1.54132253e-01
2.64800000e-01 3.91918075e-01 -7.17017162e-02 1.11469894e+00 1.54137249e-01
2.64900000e-01 3.91930078e-01 -7.17059175e-02 1.11469584e+00 1.54130344e-01
2.65000000e-01 3.91918057e-01 -7.17018200e-02 1.11469245e+00 1.54135293e-01
2.65100000e-01 3.91930029e-01 -7.17060043e-02 1.11468936e+00 1.54128443e-01
2.65200000e-01 3.91918039e-01 -7.17019235e-02 1.11468596e+00 1.54133345e-01
2.65300000e-01 3.91929981e-01 -7.17060907e-02 1.11468287e+00 1.54126550e-01
2.65400000e-01 3.91918021e-01 -7.17020266e-02 1.11467949e+00 1.54131405e-01
2.65500000e-01 3.91929933e-01 -7.17061768e-02 1.11467640e+00 1.54124665e-01
2.65600000e-01 3.91918003e-01 -7.17021292e-02 1.11467301e+00 1.54129473e-01
2.65700000e-01 3.91929885e-01 -7.17062626e-02 1.11466993e+00 1.54122788e-01
2.65800000e-01 3.91917986e-01 -7.17022315e-02 1.11466655e+00 1.54127550e-01
2.65900000e-01 3.91929837e-01 -7.17063481e-02 1.11466346e+00 1.54120919e-01
2.66000000e-01 3.91917969e-01 -7.17023333e-02 1.11466009e+00 1.54125635e-01
2.66100000e-01 3.91929790e-01 -7.17064332e-02 1.11465701e+00 1.54119058e-01
2.66200000e-01 3.91917951e-01 -7.17024348e-02 1.11465363e+00 1.54123728e-01
2.66300000e-01 3.91929742e-01 -7.17065180e-02 1.11465056e+00 1.54117205e-01
2.66400000e-01 3.91917934e-01 -7.17025359e-02 1.11464719e+00 1.54121830e-01
2.66500000e-01 3.91929696e-01 -7.17066024e-02 1.11464411e+00 1.54115360e-01
2.66600000e-01 3.91917918e-01 -7.17026365e-02 1.11464075e+00 1.54119940e-01
2.66700000e-01 3.91929649e-01 -7.17066866e-02 1.11463768e+00 1.54113524e-01
2.66800000e-01 3.91917901e-01 -7.17027368e-02 1.11463432e+00 1.54118059e-01
2.66900000e-01 3.91929602e-01 -7.17067704e-02 1.11463125e+00 1.54111696e-01
2.67000000e-01 3.91917884e-01 -7.17028367e-02 1.11462789e+00 1.54116187e-01
2.67100000e-01 3.91929556e-01 -7.17068538e-02 1.11462482e+00 1.54109877e-01
2.67200000e-01 3.91917868e-01 -7.17029362e-02 1.11462147e+00 1.54114323e-01
2.67300000e-01 3.91929510e-01 -7.17069370e-02 1.11461841e+00 1.54108066e-01
2.67400000e-01 3.91917852e-01 -7.17030354e-02 1.11461505e+00 1.54112469e-01
2.67500000e-01 3.91929464e-01 -7.17070198e-02 1.11461199e+00 1.54106264e-01
2.67600000e-01 3.91917836e-01 -7.17031341e-02 1.11460865e+00 1.54110623e-01
2.67700000e-01 3.91929419e-01 -7.17071023e-02 1.11460559e+00 1.54104471e-01
2.67800000e-01 3.91917820e-01 -7.17032325e-02 1.11460225e+00 1.54108786e-01
2.67900000e-01 3.91929373e-01 -7.17071845e-02 1.11459919e+00 1.54102687e-01
2.68000000e-01 3.91917804e-01 -7.17033304e-02 1.11459585e+00 1.54106959e-01
2.68100000e-01 3.91929328e-01 -7.17072664e-02 1.11459280e+00 1.54100911e-01
2.68200000e-01 3.91917788e-01 -7.17034280e-02 1.11458946e+00 1.54105140e-01
2.68300000e-01 3.91929283e-01 -7.17073479e-02 1.11458641e+00 1.54099145e-01
2.68400000e-01 3.91917772e-01 -7.17035253e-02 1.11458308e+00 1.54103331e-01
2.68500000e-01 3.91929239e-01 -7.17074292e-02 1.11458004e+00 1.54097387e-01
2.68600000e-01 3.91917757e-01 -7.17036221e-02 1.11457671e+00 1.54101532e-01
2.68700000e-01 3.91929194e-01 -7.17075101e-02 1.11457366e+00 1.54095639e-01
2.68800000e-01 3.91917742e-01 -7.17037186e-02 1.11457034e+00 1.54099741e-01
2.68900000e-01 3.91929150e-01 -7.17075907e-02 1.11456730e+00 1.54093900e-01
2.69000000e-01 3.91917727e-01 -7.17038147e-02 1.11456398e+00 1.54097961e-01
2.69100000e-01 3.91929106e-01 -7.17076710e-02 1.11456094e+00 1.54092171e-01
2.69200000e-01 3.91917712e-01 -7.17039104e-02 1.11455762e+00 1.54096189e-01
2.69300000e-01 3.91929062e-01 -7.17077510e-02 1.11455459e+00 1.54090451e-01
2.69400000e-01 3.91917697e-01 -7.17040058e-02 1.11455127e+00 1.54094427e-01
2.69500000e-01 3.91929018e-01 -7.17078307e-02 1.11454824e+00 1.54088740e-01
2.69600000e-01 3.91917682e-01 -7.17041007e-02 1.11454493e+00 1.54092675e-01
2.69700000e-01 3.91928975e-01 -7.17079101e-02 1.11454190e+00 1.54087038e-01
2.69800000e-01 3.91917668e-01 -7.17041954e-02 1.11453859e+00 1.54090933e-01
2.69900000e-01 3.91928932e-01 -7.17079892e-02 1.11453557e+00 1.54085346e-01
2.70000000e-01 3.91917653e-01 -7.17042896e-02 1.11453226e+00 1.54089200e-01
2.70100000e-01 3.91928889e-01 -7.17080679e-02 1.11452924e+00 1.54083664e-01
2.70200000e-01 3.91917639e-01 -7.17043835e-02 1.11452594e+00 1.54087477e-01
2.70300000e-01 3.91928846e-01 -7.17081464e-02 1.11452292e+00 1.54081990e-01
2.70400000e-01 3.91917625e-01 -7.17044770e-02 1.11451962e+00 1.54085764e-01
2.70500000e-01 3.91928804e-01 -7.17082246e-02 1.11451660e+00 1.54080327e-01
2.70600000e-01 3.91917611e-01 -7.17045702e-02 1.11451331e+00 1.54084060e-01
2.70700000e-01 3.91928761e-01 -7.17083024e-02 1.11451030e+00 1.54078673e-01
2.70800000e-01 3.91917597e-01 -7.17046630e-02 1.11450701e+00 1.54082366e-01
2.70900000e-01 3.91928719e-01 -7.17083800e-02 1.11450399e+00 1.54077029e-01
2.71000000e-01 3.91917583e-01 -7.17047554e-02 1.11450071e+00 1.54080682e-01
2.71100000e-01 3.91928677e-01 -7.17084572e-02 1.11449770e+00 1.54075394e-01
2.71200000e-01 3.91917569e-01 -7.17048475e-02 1.11449442e+00 1.54079008e-01
2.71300000e-01 3.91928635e-01 -7.17085342e-02 1.11449141e+00 1.54073768e-01
2.71400000e-01 3.91917556e-01 -7.17049393e-02 1.11448813e+00 1.54077343e-01
2.71500000e-01 3.91928594e-01 -7.17086108e-02 1.11448513e+00 1.54072153e-01
2.71600000e-01 3.91917542e-01 -7.17050306e-02 1.11448185e+00 1.54075688e-01
2.71700000e-01 3.91928553e-01 -7.17086872e-02 1.11447885e+00 1.54070546e-01
2.71800000e-01 3.91917529e-01 -7.17051216e-02 1.11447558e+00 1.54074043e-01
2.71900000e-01 3.91928512e-01 -7.17087632e-02 1.11447258e+00 1.54068949e-01
2.72000000e-01 3.91917516e-01 -7.17052123e-02 1.11446932e+00 1.54072408e-01
2.72100000e-01 3.91928471e-01 -7.17088390e-02 1.11446632e+00 1.54067362e-01
2.72200000e-01 3.91917503e-01 -7.17053026e-02 1.11446306e+00 1.54070782e-01
2.72300000e-01 3.91928430e-01 -7.17089145e-02 1.11446006e+00 1.54065783e-01
2.72400000e-01 3.91917490e-01 -7.17053926e-02 1.11445680e+00 1.54069165e-01
2.72500000e-01 3.91928389e-01 -7.17089897e-02 1.11445381e+00 1.54064215e-01
2.72600000e-01 3.91917477e-01 -7.17054822e-02 1.11445056e+00 1.54067558e-01
2.72700000e-01 3.91928349e-01 -7.17090645e-02 1.11444757e+00 1.54062655e-01
2.72800000e-01 3.91917465e-01 -7.17055714e-02 1.11444432e+00 1.54065960e-01
2.72900000e-01 3.91928309e-01 -7.17091391e-02 1.11444133e+00 1.54061104e-01
2.73000000e-01 3.91917452e-01 -7.17056604e-02 1.11443808e+00 1.54064372e-01
2.73100000e-01 3.91928269e-01 -7.17092134e-02 1.11443510e+00 1.54059563e-01
2.73200000e-01 3.91917440e-01 -7.17057489e-02 1.11443186e+00 1.54062793e-01
2.73300000e-01 3.91928229e-01 -7.17092874e-02 1.11442888e+00 1.54058030e-01
2.73400000e-01 3.91917428e-01 -7.17058371e-02 1.11442563e+00 1.54061223e-01
2.73500000e-01 3.91928190e-01 -7.17093612e-02 1.11442266e+00 1.54056507e-01
2.73600000e-01 3.91917416e-01 -7.17059250e-02 1.11441942e+00 1.54059662e-01
2.73700000e-01 3.91928150e-01 -7.17094346e-02 1.11441645e+00 1.54054992e-01
2.73800000e-01 3.91917404e-01 -7.17060125e-02 1.11441321e+00 1.54058110e-01
2.73900000e-01 3.91928111e-01 -7.17095077e-02 1.11441024e+00 1.54053486e-01
2.74000000e-01 3.91917392e-01 -7.17060997e-02 1.11440701e+00 1.54056567e-01
2.74100000e-01 3.91928072e-01 -7.17095806e-02 1.11440404e+00 1.54051989e-01
2.74200000e-01 3.91917380e-01 -7.17061866e-02 1.11440081e+00 1.54055033e-01
2.74300000e-01 3.91928034e-01 -7.17096532e-02 1.11439785e+00 1.54050500e-01
2.74400000e-01 3.91917368e-01 -7.17062731e-02 1.11439462e+00 1.54053507e-01
2.74500000e-01 3.91927995e-01 -7.17097255e-02 1.11439166e+00 1.54049020e-01
2.74600000e-01 3.91917357e-01 -7.17063593e-02 1.11438844e+00 1.54051990e-01
2.74700000e-01 3.91927957e-01 -7.17097975e-02 1.11438548e+00 1.54047548e-01
2.74800000e-01 3.91917345e-01 -7.17064451e-02 1.11438226e+00 1.54050482e-01
2.74900000e-01 3.91927918e-01 -7.17098692e-02 1.11437930e+00 1.54046084e-01
2.75000000e-01 3.91917334e-01 -7.17065306e-02 1.11437609e+00 1.54048981e-01
2.75100000e-01 3.91927880e-01 -7.17099406e-02 1.11437314e+00 1.54044628e-01
2.75200000e-01 3.91917323e-01 -7.17066157e-02 1.11436993e+00 1.54047489e-01
2.75300000e-01 3.91927843e-01 -7.17100118e-02 1.11436698e+00 1.54043180e-01
2.75400000e-01 3.91917312e-01 -7.17067006e-02 1.11436377e+00 1.54046005e-01
2.75500000e-01 3.91927805e-01 -7.17100827e-02 1.11436082e+00 1.54041739e-01
2.75600000e-01 3.91917301e-01 -7.17067851e-02 1.11435762e+00 1.54044529e-01
2.75700000e-01 3.91927768e-01 -7.17101533e-02 1.11435467e+00 1.54040307e-01
2.75800000e-01 3.91917290e-01 -7.17068692e-02 1.11435147e+00 1.54043060e-01
2.75900000e-01 3.91927730e-01 -7.17102236e-02 1.11434853e+00 1.54038882e-01
2.76000000e-01 3.91917279e-01 -7.17069530e-02 1.11434533e+00 1.54041600e-01
2.76100000e-01 3.91927693e-01 -7.17102936e-02 1.11434239e+00 1.54037464e-01
2.76200000e-01 3.91917269e-01 -7.17070365e-02 1.11433920e+00 1.54040147e-01
2.76300000e-01 3.91927656e-01 -7.17103634e-02 1.11433626e+00 1.54036054e-01
2.76400000e-01 3.91917258e-01 -7.17071197e-02 1.11433307e+00 1.54038701e-01
2.76500000e-01 3.91927620e-01 -7.17104329e-02 1.11433014e+00 1.54034651e-01
2.76600000e-01 3.91917248e-01 -7.17072026e-02 1.11432695e+00 1.54037262e-01
2.76700000e-01 3.91927583e-01 -7.17105021e-02 1.11432402e+00 1.54033255e-01
2.76800000e-01 3.91917237e-01 -7.17072851e-02 1.11432084e+00 1.54035831e-01
2.76900000e-01 3.91927547e-01 -7.17105711e-02 1.11431791e+00 1.54031866e-01
2.77000000e-01 3.91917227e-01 -7.17073673e-02 1.11431473e+00 1.54034407e-01
2.77100000e-01 3.91927511e-01 -7.17106398e-02 1.11431180e+00 1.54030484e-01
2.77200000e-01 3.91917217e-01 -7.17074491e-02 1.11430863e+00 1.54032990e-01
2.77300000e-01 3.91927475e-01 -7.17107082e-02 1.11430571e+00 1.54029108e-01
2.77400000e-01 3.91917207e-01 -7.17075307e-02 1.11430253e+00 1.54031579e-01
2.77500000e-01 3.91927439e-01 -7.17107763e-02 1.11429961e+00 1.54027739e-01
2.77600000e-01 3.91917197e-01 -7.17076119e-02 1.11429645e+00 1.54030175e-01
2.77700000e-01 3.91927403e-01 -7.17108442e-02 1.11429353e+00 1.54026376e-01
2.77800000e-01 3.91917188e-01 -7.17076928e-02 1.11429036e+00 1.54028778e-01
2.77900000e-01 3.91927368e-01 -7.17109118e-02 1.11428745e+00 1.54025020e-01
2.78000000e-01 3.91917178e-01 -7.17077734e-02 1.11428429e+00 1.54027387e-01
2.78100000e-01 3.91927332e-01 -7.17109791e-02 1.11428137e+00 1.54023670e-01
2.78200000e-01 3.91917168e-01 -7.17078537e-02 1.11427822e+00 1.54026002e-01
2.78300000e-01 3.91927297e-01 -7.17110462e-02 1.11427531e+00 1.54022326e-01
2.78400000e-01 3.91917159e-01 -7.17079337e-02 1.11427215e+00 1.54024624e-01
2.78500000e-01 3.91927262e-01 -7.17111130e-02 1.11426924e+00 1.54020988e-01
2.78600000e-01 3.91917150e-01 -7.17080133e-02 1.11426609e+00 1.54023252e-01
2.78700000e-01 3.91927227e-01 -7.17111795e-02 1.11426319e+00 1.54019656e-01
2.78800000e-01 3.91917140e-01 -7.17080927e-02 1.11426004e+00 1.54021886e-01
2.78900000e-01 3.91927193e-01 -7.17112458e-02 1.11425714e+00 1.54018329e-01
2.79000000e-01 3.91917131e-01 -7.17081717e-02 1.11425400e+00 1.54020525e-01
2.79100000e-01 3.91927158e-01 -7.17113119e-02 1.11425110e+00 1.54017008e-01
2.79200000e-01 3.91917122e-01 -7.17082504e-02 1.11424796e+00 1.54019171e-01
2.79300000e-01 3.91927124e-01 -7.17113776e-02 1.11424506e+00 1.54015693e-01
2.79400000e-01 3.91917113e-01 -7.17083288e-02 1.11424193e+00 1.54017822e-01
2.79500000e-01 3.91927090e-01 -7.17114431e-02 1.11423903e+00 1.54014384e-01
2.79600000e-01 3.91917104e-01 -7.17084069e-02 1.11423590e+00 1.54016479e-01
2.79700000e-01 3.91927056e-01 -7.17115084e-02 1.11423301e+00 1.54013080e-01
2.79800000e-01 3.91917096e-01 -7.17084847e-02 1.11422988e+00 1.54015142e-01
2.79900000e-01 3.91927022e-01 -7.17115734e-02 1.11422699e+00 1.54011781e-01
2.80000000e-01 3.91917087e-01 -7.17085622e-02 1.11422386e+00 1.54013810e-01
2.80100000e-01 3.91926989e-01 -7.17116381e-02 1.11422098e+00 1.54010487e-01
2.80200000e-01 3.91917079e-01 -7.17086394e-02 1.11421786e+00 1.54012483e-01
2.80300000e-01 3.91926955e-01 -7.17117026e-02 1.11421497e+00 1.54009199e-01
2.80400000e-01 3.91917070e-01 -7.17087163e-02 1.11421185e+00 1.54011162e-01
2.80500000e-01 3.91926922e-01 -7.17117669e-02 1.11420897e+00 1.54007916e-01
2.80600000e-01 3.91917062e-01 -7.17087929e-02 1.11420586e+00 1.54009846e-01
2.80700000e-01 3.91926889e-01 -7.17118309e-02 1.11420298e+00 1.54006638e-01
2.80800000e-01 3.91917054e-01 -7.17088692e-02 1.11419987e+00 1.54008535e-01
2.80900000e-01 3.91926856e-01 -7.17118946e-02 1.11419699e+00 1.54005365e-01
2.81000000e-01 3.91917046e-01 -7.17089452e-02 1.11419388e+00 1.54007230e-01
2.81100000e-01 3.91926823e-01 -7.17119581e-02 1.11419101e+00 1.54004097e-01
2.81200000e-01 3.91917037e-01 -7.17090209e-02 1.11418791e+00 1.54005929e-01
2.81300000e-01 3.91926790e-01 -7.17120214e-02 1.11418504e+00 1.54002834e-01
2.81400000e-01 3.91917030e-01 -7.17090963e-02 1.11418194e+00 1.54004634e-01
2.81500000e-01 3.91926758e-01 -7.17120844e-02 1.11417907e+00 1.54001576e-01
2.81600000e-01 3.91917022e-01 -7.17091714e-02 1.11417597e+00 1.54003344e-01
2.81700000e-01 3.91926726e-01 -7.17121471e-02 1.11417311e+00 1.54000322e-01
2.81800000e-01 3.91917014e-01 -7.17092463e-02 1.11417001e+00 1.54002059e-01
2.81900000e-01 3.91926693e-01 -7.17122097e-02 1.11416715e+00 1.53999074e-01
2.82000000e-01 3.91917006e-01 -7.17093208e-02 1.11416406e+00 1.54000778e-01
2.82100000e-01 3.91926661e-01 -7.17122719e-02 1.11416120e+00 1.53997830e-01
2.82200000e-01 3.91916999e-01 -7.17093951e-02 1.11415811e+00 1.53999503e-01
2.82300000e-01 3.91926630e-01 -7.17123340e-02 1.11415526e+00 1.53996591e-01
2.82400000e-01 3.91916991e-01 -7.17094690e-02 1.11415217e+00 1.53998233e-01
2.82500000e-01 3.91926598e-01 -7.17123958e-02 1.11414932e+00 1.53995357e-01
2.82600000e-01 3.91916984e-01 -7.17095427e-02 1.11414624e+00 1.53996967e-01
2.82700000e-01 3.91926566e-01 -7.17124574e-02 1.11414339e+00 1.53994128e-01
2.82800000e-01 3.91916977e-01 -7.17096161e-02 1.11414031e+00 1.53995707e-01
2.82900000e-01 3.91926535e-01 -7.17125187e-02 1.11413746e+00 1.53992904e-01
2.83000000e-01 3.91916969e-01 -7.17096893e-02 1.11413439e+00 1.53994451e-01
2.83100000e-01 3.91926504e-01 -7.17125798e-02 1.11413154e+00 1.53991684e-01
2.83200000e-01 3.91916962e-01 -7.17097621e-02 1.11412847e+00 1.53993201e-01
2.83300000e-01 3.91926473e-01 -7.17126407e-02 1.11412563e+00 1.53990469e-01
2.83400000e-01 3.91916955e-01 -7.17098347e-02 1.11412256e+00 1.53991955e-01
2.83500000e-01 3.91926442e-01 -7.17127013e-02 1.11411972e+00 1.53989258e-01
2.83600000e-01 3.91916948e-01 -7.17099070e-02 1.11411666e+00 1.53990714e-01
2.83700000e-01 3.91926411e-01 -7.17127617e-02 1.11411382e+00 1.53988053e-01
2.83800000e-01 3.91916941e-01 -7.17099790e-02 1.11411076e+00 1.53989478e-01
2.83900000e-01 3.91926380e-01 -7.17128219e-02 1.11410792e+00 1.53986852e-01
2.84000000e-01 3.91916935e-01 -7.17100507e-02 1.11410487e+00 1.53988247e-01
2.84100000e-01 3.91926350e-01 -7.17128819e-02 1.11410204e+00 1.53985656e-01
2.84200000e-01 3.91916928e-01 -7.17101222e-02 1.11409898e+00 1.53987021e-01
2.84300000e-01 3.91926320e-01 -7.17129416e-02 1.11409615e+00 1.53984464e-01
2.84400000e-01 3.91916921e-01 -7.17101934e-02 1.11409310e+00 1.53985799e-01
2.84500000e-01 3.91926289e-01 -7.17130011e-02 1.11409028e+00 1.53983277e-01
2.84600000e-01 3.91916915e-01 -7.17102644e-02 1.11408723e+00 1.53984583e-01
2.84700000e-01 3.91926259e-01 -7.17130604e-02 1.11408441e+00 1.53982096e-01
2.84800000e-01 3.91916909e-01 -7.17103351e-02 1.11408136e+00 1.53983371e-01
2.84900000e-01 3.91926230e-01 -7.17131195e-02 1.11407854e+00 1.53980918e-01
2.85000000e-01 3.91916902e-01 -7.17104055e-02 1.11407550e+00 1.53982165e-01
2.85100000e-01 3.91926200e-01 -7.17131784e-02 1.11407268e+00 1.53979746e-01
2.85200000e-01 3.91916896e-01 -7.17104756e-02 1.11406965e+00 1.53980963e-01
2.85300000e-01 3.91926170e-01 -7.17132370e-02 1.11406683e+00 1.53978579e-01
2.85400000e-01 3.91916890e-01 -7.17105455e-02 1.11406380e+00 1.53979767e-01
2.85500000e-01 3.91926141e-01 -7.17132954e-02 1.11406098e+00 1.53977416e-01
2.85600000e-01 3.91916884e-01 -7.17106152e-02 1.11405795e+00 1.53978575e-01
2.85700000e-01 3.91926112e-01 -7.17133536e-02 1.11405514e+00 1.53976258e-01
2.85800000e-01 3.91916878e-01 -7.17106845e-02 1.11405212e+00 1.53977388e-01
2.85900000e-01 3.91926082e-01 -7.17134116e-02 1.11404931e+00 1.53975105e-01
2.86000000e-01 3.91916872e-01 -7.17107537e-02 1.11404629e+00 1.53976207e-01
2.86100000e-01 3.91926053e-01 -7.17134694e-02 1.11404348e+00 1.53973957e-01
2.86200000e-01 3.91916866e-01 -7.17108225e-02 1.11404046e+00 1.53975030e-01
2.86300000e-01 3.91926025e-01 -7.17135270e-02 1.11403766e+00 1.53972814e-01
2.86400000e-01 3.91916860e-01 -7.17108911e-02 1.11403464e+00 1.53973859e-01
2.86500000e-01 3.91925996e-01 -7.17135844e-02 1.11403184e+00 1.53971675e-01
2.86600000e-01 3.91916855e-01 -7.17109595e-02 1.11402883e+00 1.53972692e-01
2.86700000e-01 3.91925967e-01 -7.17136415e-02 1.11402603e+00 1.53970542e-01
2.86800000e-01 3.91916849e-01 -7.17110276e-02 1.11402302e+00 1.53971531e-01
2.86900000e-01 3.91925939e-01 -7.17136985e-02 1.11402023e+00 1.53969414e-01
2.87000000e-01 3.91916844e-01 -7.17110955e-02 1.11401722e+00 1.53970375e-01
2.87100000e-01 3.91925911e-01 -7.17137552e-02 1.11401443e+00 1.53968290e-01
2.87200000e-01 3.91916838e-01 -7.17111631e-02 1.11401143e+00 1.53969224e-01
2.87300000e-01 3.91925882e-01 -7.17138118e-02 1.11400864e+00 1.53967172e-01
2.87400000e-01 3.91916833e-01 -7.17112305e-02 1.11400564e+00 1.53968078e-01
2.87500000e-01 3.91925854e-01 -7.17138681e-02 1.11400285e+00 1.53966059e-01
2.87600000e-01 3.91916828e-01 -7.17112976e-02 1.11399986e+00 1.53966937e-01
2.87700000e-01 3.91925827e-01 -7.17139243e-02 1.11399707e+00 1.53964950e-01
2.87800000e-01 3.91916822e-01 -7.17113645e-02 1.11399408e+00 1.53965802e-01
2.87900000e-01 3.91925799e-01 -7.17139802e-02 1.11399130e+00 1.53963847e-01
2.88000000e-01 3.91916817e-01 -7.17114312e-02 1.11398831e+00 1.53964672e-01
2.88100000e-01 3.91925771e-01 -7.17140360e-02 1.11398553e+00 1.53962749e-01
2.88200000e-01 3.91916812e-01 -7.17114976e-02 1.11398254e+00 1.53963546e-01
2.88300000e-01 3.91925744e-01 -7.17140916e-02 1.11397977e+00 1.53961656e-01
2.88400000e-01 3.91916807e-01 -7.17115638e-02 1.11397679e+00 1.53962427e-01
2.88500000e-01 3.91925716e-01 -7.17141469e-02 1.11397401e+00 1.53960567e-01
2.88600000e-01 3.91916803e-01 -7.17116298e-02 1.11397103e+00 1.53961312e-01
2.88700000e-01 3.91925689e-01 -7.17142021e-02 1.11396826e+00 1.53959485e-01
2.88800000e-01 3.91916798e-01 -7.17116955e-02 1.11396529e+00 1.53960202e-01
2.88900000e-01 3.91925662e-01 -7.17142571e-02 1.11396252e+00 1.53958407e-01
2.89000000e-01 3.91916793e-01 -7.17117610e-02 1.11395955e+00 1.53959098e-01
2.89100000e-01 3.91925635e-01 -7.17143119e-02 1.11395678e+00 1.53957334e-01
2.89200000e-01 3.91916788e-01 -7.17118262e-02 1.11395381e+00 1.53957999e-01
2.89300000e-01 3.91925608e-01 -7.17143665e-02 1.11395105e+00 1.53956266e-01
2.89400000e-01 3.91916784e-01 -7.17118912e-02 1.11394808e+00 1.53956906e-01
2.89500000e-01 3.91925582e-01 -7.17144209e-02 1.11394532e+00 1.53955204e-01
2.89600000e-01 3.91916779e-01 -7.17119560e-02 1.11394236e+00 1.53955818e-01
2.89700000e-01 3.91925555e-01 -7.17144752e-02 1.11393960e+00 1.53954146e-01
2.89800000e-01 3.91916775e-01 -7.17120206e-02 1.11393664e+00 1.53954734e-01
2.89900000e-01 3.91925529e-01 -7.17145292e-02 1.11393389e+00 1.53953094e-01
2.90000000e-01 3.91916771e-01 -7.17120850e-02 1.11393093e+00 1.53953657e-01
2.90100000e-01 3.91925503e-01 -7.17145831e-02 1.11392818e+00 1.53952047e-01
2.90200000e-01 3.91916766e-01 -7.17121491e-02 1.11392523e+00 1.53952584e-01
2.90300000e-01 3.91925477e-01 -7.17146368e-02 1.11392248e+00 1.53951005e-01
2.90400000e-01 3.91916762e-01 -7.17122130e-02 1.11391953e+00 1.53951517e-01
2.90500000e-01 3.91925451e-01 -7.17146903e-02 1.11391678e+00 1.53949968e-01
2.90600000e-01 3.91916758e-01 -7.17122767e-02 1.11391383e+00 1.53950455e-01
2.90700000e-01 3.91925425e-01 -7.17147437e-02 1.11391109e+00 1.53948937e-01
2.90800000e-01 3.91916754e-01 -7.17123402e-02 1.11390815e+00 1.53949398e-01
2.90900000e-01 3.91925399e-01 -7.17147968e-02 1.11390541e+00 1.53947910e-01
2.91000000e-01 3.91916750e-01 -7.17124035e-02 1.11390247e+00 1.53948347e-01
2.91100000e-01 3.91925373e-01 -7.17148498e-02 1.11389973e+00 1.53946889e-01
2.91200000e-01 3.91916746e-01 -7.17124665e-02 1.11389679e+00 1.53947301e-01
2.91300000e-01 3.91925348e-01 -7.17149026e-02 1.11389406e+00 1.53945873e-01
2.91400000e-01 3.91916742e-01 -7.17125293e-02 1.11389112e+00 1.53946260e-01
2.91500000e-01 3.91925322e-01 -7.17149553e-02 1.11388839e+00 1.53944861e-01
2.91600000e-01 3.91916738e-01 -7.17125920e-02 1.11388546e+00 1.53945224e-01
2.91700000e-01 3.91925297e-01 -7.17150077e-02 1.11388273e+00 1.53943855e-01
2.91800000e-01 3.91916735e-01 -7.17126544e-02 1.11387980e+00 1.53944193e-01
2.91900000e-01 3.91925272e-01 -7.17150600e-02 1.11387707e+00 1.53942854e-01
2.92000000e-01 3.91916731e-01 -7.17127166e-02 1.11387415e+00 1.53943168e-01
2.92100000e-01 3.91925247e-01 -7.17151122e-02 1.11387143e+00 1.53941858e-01
2.92200000e-01 3.91916727e-01 -7.17127786e-02 1.11386850e+00 1.53942148e-01
2.92300000e-01 3.91925222e-01 -7.17151641e-02 1.11386578e+00 1.53940867e-01
2.92400000e-01 3.91916724e-01 -7.17128404e-02 1.11386287e+00 1.53941133e-01
2.92500000e-01 3.91925198e-01 -7.17152159e-02 1.11386015e+00 1.53939881e-01
2.92600000e-01 3.91916720e-01 -7.17129020e-02 1.11385723e+00 1.53940123e-01
2.92700000e-01 3.91925173e-01 -7.17152675e-02 1.11385451e+00 1.53938900e-01
2.92800000e-01 3.91916717e-01 -7.17129633e-02 1.11385160e+00 1.53939118e-01
2.92900000e-01 3.91925148e-01 -7.17153190e-02 1.11384889e+00 1.53937924e-01
2.93000000e-01 3.91916714e-01 -7.17130245e-02 1.11384598e+00 1.53938119e-01
2.93100000e-01 3.91925124e-01 -7.17153703e-02 1.11384327e+00 1.53936953e-01
2.93200000e-01 3.91916711e-01 -7.17130855e-02 1.11384037e+00 1.53937124e-01
2.93300000e-01 3.91925100e-01 -7.17154215e-02 1.11383766e+00 1.53935987e-01
2.93400000e-01 3.91916707e-01 -7.17131463e-02 1.11383476e+00 1.53936135e-01
2.93500000e-01 3.91925076e-01 -7.17154724e-02 1.11383205e+00 1.53935026e-01
2.93600000e-01 3.91916704e-01 -7.17132069e-02 1.11382915e+00 1.53935150e-01
2.93700000e-01 3.91925052e-01 -7.17155233e-02 1.11382645e+00 1.53934070e-01
2.93800000e-01 3.91916701e-01 -7.17132673e-02 1.11382355e+00 1.53934171e-01
2.93900000e-01 3.91925028e-01 -7.17155739e-02 1.11382085e+00 1.53933118e-01
2.94000000e-01 3.91916698e-01 -7.17133275e-02 1.11381796e+00 1.53933196e-01
2.94100000e-01 3.91925004e-01 -7.17156244e-02 1.11381526e+00 1.53932171e-01
2.94200000e-01 3.91916695e-01 -7.17133875e-02 1.11381237e+00 1.53932226e-01
2.94300000e-01 3.91924980e-01 -7.17156748e-02 1.11380968e+00 1.53931230e-01
2.94400000e-01 3.91916693e-01 -7.17134473e-02 1.11380679e+00 1.53931262e-01
2.94500000e-01 3.91924957e-01 -7.17157250e-02 1.11380410e+00 1.53930293e-01
2.94600000e-01 3.91916690e-01 -7.17135069e-02 1.11380122e+00 1.53930302e-01
2.94700000e-01 3.91924933e-01 -7.17157750e-02 1.11379853e+00 1.53929360e-01
2.94800000e-01 3.91916687e-01 -7.17135664e-02 1.11379565e+00 1.53929347e-01
2.94900000e-01 3.91924910e-01 -7.17158249e-02 1.11379296e+00 1.53928433e-01
2.95000000e-01 3.91916684e-01 -7.17136256e-02 1.11379009e+00 1.53928397e-01
2.95100000e-01 3.91924887e-01 -7.17158747e-02 1.11378740e+00 1.53927510e-01
2.95200000e-01 3.91916682e-01 -7.17136847e-02 1.11378453e+00 1.53927452e-01
2.95300000e-01 3.91924864e-01 -7.17159243e-02 1.11378185e+00 1.53926592e-01
2.95400000e-01 3.91916679e-01 -7.17137435e-02 1.11377898e+00 1.53926511e-01
2.95500000e-01 3.91924841e-01 -7.17159737e-02 1.11377630e+00 1.53925678e-01
2.95600000e-01 3.91916677e-01 -7.17138022e-02 1.11377343e+00 1.53925575e-01
2.95700000e-01 3.91924818e-01 -7.17160230e-02 1.11377075e+00 1.53924769e-01
2.95800000e-01 3.91916674e-01 -7.17138607e-02 1.11376789e+00 1.53924644e-01
2.95900000e-01 3.91924795e-01 -7.17160722e-02 1.11376522e+00 1.53923864e-01
2.96000000e-01 3.91916672e-01 -7.17139191e-02 1.11376236e+00 1.53923718e-01
2.96100000e-01 3.91924773e-01 -7.17161212e-02 1.11375969e+00 1.53922965e-01
2.96200000e-01 3.91916670e-01 -7.17139772e-02 1.11375683e+00 1.53922796e-01
2.96300000e-01 3.91924750e-01 -7.17161701e-02 1.11375416e+00 1.53922069e-01
2.96400000e-01 3.91916668e-01 -7.17140352e-02 1.11375131e+00 1.53921879e-01
2.96500000e-01 3.91924728e-01 -7.17162188e-02 1.11374864e+00 1.53921178e-01
2.96600000e-01 3.91916665e-01 -7.17140929e-02 1.11374579e+00 1.53920966e-01
2.96700000e-01 3.91924706e-01 -7.17162674e-02 1.11374313e+00 1.53920292e-01
2.96800000e-01 3.91916663e-01 -7.17141505e-02 1.11374028e+00 1.53920058e-01
2.96900000e-01 3.91924684e-01 -7.17163158e-02 1.11373762e+00 1.53919409e-01
2.97000000e-01 3.91916661e-01 -7.17142080e-02 1.11373477e+00 1.53919154e-01
2.97100000e-01 3.91924662e-01 -7.17163641e-02 1.11373212e+00 1.53918532e-01
2.97200000e-01 3.91916659e-01 -7.17142652e-02 1.11372928e+00 1.53918255e-01
2.97300000e-01 3.91924640e-01 -7.17164122e-02 1.11372662e+00 1.53917658e-01
2.97400000e-01 3.91916657e-01 -7.17143223e-02 1.11372378e+00 1.53917360e-01
2.97500000e-01 3.91924618e-01 -7.17164603e-02 1.11372113e+00 1.53916789e-01
2.97600000e-01 3.91916655e-01 -7.17143792e-02 1.11371829e+00 1.53916470e-01
2.97700000e-01 3.91924596e-01 -7.17165081e-02 1.11371564e+00 1.53915924e-01
2.97800000e-01 3.91916654e-01 -7.17144360e-02 1.11371281e+00 1.53915584e-01
2.97900000e-01 3.91924574e-01 -7.17165559e-02 1.11371016e+00 1.53915064e-01
2.98000000e-01 3.91916652e-01 -7.17144925e-02 1.11370734e+00 1.53914703e-01
2.98100000e-01 3.91924553e-01 -7.17166035e-02 1.11370469e+00 1.53914207e-01
2.98200000e-01 3.91916650e-01 -7.17145489e-02 1.11370187e+00 1.53913825e-01
2.98300000e-01 3.91924532e-01 -7.17166510e-02 1.11369922e+00 1.53913355e-01
2.98400000e-01 3.91916648e-01 -7.17146051e-02 1.11369640e+00 1.53912952e-01
2.98500000e-01 3.91924510e-01 -7.17166983e-02 1.11369376e+00 1.53912507e-01
2.98600000e-01 3.91916647e-01 -7.17146612e-02 1.11369094e+00 1.53912084e-01
2.98700000e-01 3.91924489e-01 -7.17167455e-02 1.11368831e+00 1.53911663e-01
2.98800000e-01 3.91916645e-01 -7.17147171e-02 1.11368549e+00 1.53911219e-01
2.98900000e-01 3.91924468e-01 -7.17167926e-02 1.11368286e+00 1.53910823e-01
2.99000000e-01 3.91916644e-01 -7.17147728e-02 1.11368004e+00 1.53910359e-01
2.99100000e-01 3.91924447e-01 -7.17168395e-02 1.11367741e+00 1.53909987e-01
2.99200000e-01 3.91916642e-01 -7.17148284e-02 1.11367460e+00 1.53909502e-01
2.99300000e-01 3.91924426e-01 -7.17168863e-02 1.11367197e+00 1.53909155e-01
2.99400000e-01 3.91916641e-01 -7.17148838e-02 1.11366917e+00 1.53908650e-01
2.99500000e-01 3.91924406e-01 -7.17169330e-02 1.11366654e+00 1.53908327e-01
2.99600000e-01 3.91916640e-01 -7.17149390e-02 1.11366374e+00 1.53907802e-01
2.99700000e-01 3.91924385e-01 -7.17169796e-02 1.11366111e+00 1.53907504e-01
2.99800000e-01 3.91916639e-01 -7.17149941e-02 1.11365831e+00 1.53906958e-01
2.99900000e-01 3.91924364e-01 -7.17170260e-02 1.11365569e+00 1.53906684e-01
3.00000000e-01 3.91916637e-01 -7.17150490e-02 1.11365290e+00 1.53906119e-01
3.00100000e-01 3.91924344e-01 -7.17170723e-02 1.11365028e+00 1.53905868e-01
3.00200000e-01 3.91916636e-01 -7.17151037e-02 1.11364748e+00 1.53905283e-01
3.00300000e-01 3.91924324e-01 -7.17171185e-02 1.11364487e+00 1.53905056e-01
3.00400000e-01 3.91916635e-01 -7.17151583e-02 1.11364208e+00 1.53904451e-01
3.00500000e-01 3.91924303e-01 -7.17171645e-02 1.11363946e+00 1.53904247e-01
3.00600000e-01 3.91916634e-01 -7.17152128e-02 1.11363668e+00 1.53903623e-01
3.00700000e-01 3.91924283e-01 -7.17172104e-02 1.11363406e+00 1.53903443e-01
3.00800000e-01 3.91916633e-01 -7.17152670e-02 1.11363128e+00 1.53902799e-01
3.00900000e-01 3.91924263e-01 -7.17172562e-02 1.11362867e+00 1.53902642e-01
3.01000000e-01 3.91916632e-01 -7.17153212e-02 1.11362589e+00 1.53901979e-01
3.01100000e-01 3.91924243e-01 -7.17173019e-02 1.11362328e+00 1.53901846e-01
3.01200000e-01 3.91916631e-01 -7.17153751e-02 1.11362051e+00 1.53901163e-01
3.01300000e-01 3.91924224e-01 -7.17173475e-02 1.11361790e+00 1.53901053e-01
3.01400000e-01 3.91916630e-01 -7.17154289e-02 1.11361513e+00 1.53900351e-01
3.01500000e-01 3.91924204e-01 -7.17173929e-02 1.11361253e+00 1.53900263e-01
3.01600000e-01 3.91916630e-01 -7.17154826e-02 1.11360976e+00 1.53899542e-01
3.01700000e-01 3.91924184e-01 -7.17174382e-02 1.11360716e+00 1.53899478e-01
3.01800000e-01 3.91916629e-01 -7.17155361e-02 1.11360439e+00 1.53898737e-01
3.01900000e-01 3.91924165e-01 -7.17174834e-02 1.11360179e+00 1.53898696e-01
3.02000000e-01 3.91916628e-01 -7.17155894e-02 1.11359903e+00 1.53897937e-01
3.02100000e-01 3.91924145e-01 -7.17175285e-02 1.11359644e+00 1.53897918e-01
3.02200000e-01 3.91916627e-01 -7.17156426e-02 1.11359367e+00 1.53897139e-01
3.02300000e-01 3.91924126e-01 -7.17175734e-02 1.11359108e+00 1.53897143e-01
3.02400000e-01 3.91916627e-01 -7.17156957e-02 1.11358832e+00 1.53896346e-01
3.02500000e-01 3.91924107e-01 -7.17176183e-02 1.11358574e+00 1.53896372e-01
3.02600000e-01 3.91916626e-01 -7.17157486e-02 1.11358298e+00 1.53895556e-01
3.02700000e-01 3.91924088e-01 -7.17176630e-02 1.11358040e+00 1.53895605e-01
3.02800000e-01 3.91916626e-01 -7.17158013e-02 1.11357764e+00 1.53894770e-01
3.02900000e-01 3.91924069e-01 -7.17177076e-02 1.11357506e+00 1.53894841e-01
3.03000000e-01 3.91916625e-01 -7.17158539e-02 1.11357231e+00 1.53893988e-01
3.03100000e-01 3.91924050e-01 -7.17177520e-02 1.11356973e+00 1.53894081e-01
3.03200000e-01 3.91916625e-01 -7.17159064e-02 1.11356698e+00 1.53893210e-01
3.03300000e-01 3.91924031e-01 -7.17177964e-02 1.11356441e+00 1.53893324e-01
3.03400000e-01 3.91916625e-01 -7.17159587e-02 1.11356166e+00 1.53892435e-01
3.03500000e-01 3.91924012e-01 -7.17178407e-02 1.11355909e+00 1.53892571e-01
3.03600000e-01 3.91916624e-01 -7.17160109e-02 1.11355635e+00 1.53891663e-01
3.03700000e-01 3.91923993e-01 -7.17178848e-02 1.11355377e+00 1.53891822e-01
3.03800000e-01 3.91916624e-01 -7.17160629e-02 1.11355104e+00 1.53890896e-01
3.03900000e-01 3.91923975e-01 -7.17179288e-02 1.11354847e+00 1.53891075e-01
3.04000000e-01 3.91916624e-01 -7.17161147e-02 1.11354573e+00 1.53890131e-01
3.04100000e-01 3.91923957e-01 -7.17179727e-02 1.11354317e+00 1.53890333e-01
3.04200000e-01 3.91916624e-01 -7.17161665e-02 1.11354043e+00 1.53889371e-01
3.04300000e-01 3.91923938e-01 -7.17180165e-02 1.11353787e+00 1.53889594e-01
3.04400000e-01 3.91916624e-01 -7.17162181e-02 1.11353514e+00 1.53888614e-01
3.04500000e-01 3.91923920e-01 -7.17180602e-02 1.11353258e+00 1.53888858e-01
3.04600000e-01 3.91916624e-01 -7.17162695e-02 1.11352985e+00 1.53887860e-01
3.04700000e-01 3.91923902e-01 -7.17181038e-02 1.11352730e+00 1.53888126e-01
3.04800000e-01 3.91916624e-01 -7.17163208e-02 1.11352457e+00 1.53887110e-01
3.04900000e-01 3.91923884e-01 -7.17181472e-02 1.11352202e+00 1.53887397e-01
3.05000000e-01 3.91916624e-01 -7.17163720e-02 1.11351930e+00 1.53886364e-01
3.05100000e-01 3.91923866e-01 -7.17181906e-02 1.11351674e+00 1.53886671e-01
3.05200000e-01 3.91916624e-01 -7.17164230e-02 1.11351403e+00 1.53885621e-01
3.05300000e-01 3.91923848e-01 -7.17182338e-02 1.11351148e+00 1.53885949e-01
3.05400000e-01 3.91916624e-01 -7.17164739e-02 1.11350876e+00 1.53884881e-01
3.05500000e-01 3.91923830e-01 -7.17182770e-02 1.11350621e+00 1.53885230e-01
3.05600000e-01 3.91916624e-01 -7.17165246e-02 1.11350350e+00 1.53884145e-01
3.05700000e-01 3.91923812e-01 -7.17183200e-02 1.11350096e+00 1.53884514e-01
3.05800000e-01 3.91916624e-01 -7.17165752e-02 1.11349825e+00 1.53883412e-01
3.05900000e-01 3.91923795e-01 -7.17183629e-02 1.11349571e+00 1.53883802e-01
3.06000000e-01 3.91916624e-01 -7.17166257e-02 1.11349300e+00 1.53882683e-01
3.06100000e-01 3.91923777e-01 -7.17184057e-02 1.11349046e+00 1.53883093e-01
3.06200000e-01 3.91916625e-01 -7.17166760e-02 1.11348776e+00 1.53881957e-01
3.06300000e-01 3.91923760e-01 -7.17184484e-02 1.11348522e+00 1.53882388e-01
3.06400000e-01 3.91916625e-01 -7.17167262e-02 1.11348252e+00 1.53881234e-01
3.06500000e-01 3.91923742e-01 -7.17184910e-02 1.11347999e+00 1.53881685e-01
3.06600000e-01 3.91916626e-01 -7.17167763e-02 1.11347729e+00 1.53880515e-01
3.06700000e-01 3.91923725e-01 -7.17185335e-02 1.11347476e+00 1.53880986e-01
3.06800000e-01 3.91916626e-01 -7.17168262e-02 1.11347207e+00 1.53879799e-01
3.06900000e-01 3.91923708e-01 -7.17185759e-02 1.11346954e+00 1.53880290e-01
3.07000000e-01 3.91916626e-01 -7.17168760e-02 1.11346685e+00 1.53879086e-01
3.07100000e-01 3.91923691e-01 -7.17186182e-02 1.11346432e+00 1.53879598e-01
3.07200000e-01 3.91916627e-01 -7.17169256e-02 1.11346163e+00 1.53878377e-01
3.07300000e-01 3.91923674e-01 -7.17186604e-02 1.11345911e+00 1.53878908e-01
3.07400000e-01 3.91916627e-01 -7.17169751e-02 1.11345643e+00 1.53877671e-01
3.07500000e-01 3.91923657e-01 -7.17187024e-02 1.11345390e+00 1.53878222e-01
3.07600000e-01 3.91916628e-01 -7.17170245e-02 1.11345122e+00 1.53876968e-01
3.07700000e-01 3.91923640e-01 -7.17187444e-02 1.11344870e+00 1.53877539e-01
3.07800000e-01 3.91916629e-01 -7.17170738e-02 1.11344603e+00 1.53876269e-01
3.07900000e-01 3.91923623e-01 -7.17187863e-02 1.11344351e+00 1.53876859e-01
3.08000000e-01 3.91916629e-01 -7.17171229e-02 1.11344083e+00 1.53875573e-01
3.08100000e-01 3.91923607e-01 -7.17188280e-02 1.11343832e+00 1.53876182e-01
3.08200000e-01 3.91916630e-01 -7.17171719e-02 1.11343565e+00 1.53874880e-01
3.08300000e-01 3.91923590e-01 -7.17188697e-02 1.11343313e+00 1.53875508e-01
3.08400000e-01 3.91916631e-01 -7.17172208e-02 1.11343047e+00 1.53874190e-01
3.08500000e-01 3.91923574e-01 -7.17189113e-02 1.11342796e+00 1.53874838e-01
3.08600000e-01 3.91916632e-01 -7.17172695e-02 1.11342529e+00 1.53873503e-01
3.08700000e-01 3.91923557e-01 -7.17189527e-02 1.11342278e+00 1.53874170e-01
3.08800000e-01 3.91916633e-01 -7.17173181e-02 1.11342012e+00 1.53872820e-01
3.08900000e-01 3.91923541e-01 -7.17189941e-02 1.11341762e+00 1.53873506e-01
3.09000000e-01 3.91916633e-01 -7.17173666e-02 1.11341496e+00 1.53872140e-01
3.09100000e-01 3.91923525e-01 -7.17190354e-02 1.11341246e+00 1.53872845e-01
3.09200000e-01 3.91916634e-01 -7.17174150e-02 1.11340980e+00 1.53871463e-01
3.09300000e-01 3.91923509e-01 -7.17190765e-02 1.11340730e+00 1.53872186e-01
3.09400000e-01 3.91916635e-01 -7.17174632e-02 1.11340465e+00 1.53870789e-01
3.09500000e-01 3.91923493e-01 -7.17191176e-02 1.11340215e+00 1.53871531e-01
3.09600000e-01 3.91916636e-01 -7.17175113e-02 1.11339950e+00 1.53870118e-01
3.09700000e-01 3.91923477e-01 -7.17191585e-02 1.11339700e+00 1.53870879e-01
3.09800000e-01 3.91916637e-01 -7.17175593e-02 1.11339436e+00 1.53869450e-01
3.09900000e-01 3.91923461e-01 -7.17191994e-02 1.11339187e+00 1.53870230e-01
3.10000000e-01 3.91916638e-01 -7.17176071e-02 1.11338922e+00 1.53868786e-01
3.10100000e-01 3.91923445e-01 -7.17192402e-02 1.11338673e+00 1.53869583e-01
3.10200000e-01 3.91916640e-01 -7.17176549e-02 1.11338409e+00 1.53868124e-01
3.10300000e-01 3.91923429e-01 -7.17192809e-02 1.11338160e+00 1.53868940e-01
3.10400000e-01 3.91916641e-01 -7.17177025e-02 1.11337897e+00 1.53867466e-01
3.10500000e-01 3.91923414e-01 -7.17193214e-02 1.11337648e+00 1.53868300e-01
3.10600000e-01 3.91916642e-01 -7.17177500e-02 1.11337385e+00 1.53866810e-01
3.10700000e-01 3.91923398e-01 -7.17193619e-02 1.11337136e+00 1.53867663e-01
3.10800000e-01 3.91916643e-01 -7.17177973e-02 1.11336873e+00 1.53866158e-01
3.10900000e-01 3.91923383e-01 -7.17194023e-02 1.11336625e+00 1.53867028e-01
3.11000000e-01 3.91916644e-01 -7.17178446e-02 1.11336362e+00 1.53865508e-01
3.11100000e-01 3.91923367e-01 -7.17194426e-02 1.11336115e+00 1.53866397e-01
3.11200000e-01 3.91916646e-01 -7.17178917e-02 1.11335852e+00 1.53864862e-01
3.11300000e-01 3.91923352e-01 -7.17194828e-02 1.11335605e+00 1.53865769e-01
3.11400000e-01 3.91916647e-01 -7.17179387e-02 1.11335342e+00 1.53864219e-01
3.11500000e-01 3.91923337e-01 -7.17195229e-02 1.11335095e+00 1.53865143e-01
3.11600000e-01 3.91916649e-01 -7.17179855e-02 1.11334833e+00 1.53863578e-01
3.11700000e-01 3.91923322e-01 -7.17195629e-02 1.11334586e+00 1.53864520e-01
3.11800000e-01 3.91916650e-01 -7.17180323e-02 1.11334324e+00 1.53862941e-01
3.11900000e-01 3.91923307e-01 -7.17196029e-02 1.11334078e+00 1.53863900e-01
3.12000000e-01 3.91916651e-01 -7.17180789e-02 1.11333816e+00 1.53862307e-01
3.12100000e-01 3.91923292e-01 -7.17196427e-02 1.11333570e+00 1.53863283e-01
3.12200000e-01 3.91916653e-01 -7.17181254e-02 1.11333309e+00 1.53861675e-01
3.12300000e-01 3.91923277e-01 -7.17196824e-02 1.11333063e+00 1.53862669e-01
3.12400000e-01 3.91916654e-01 -7.17181718e-02 1.11332802e+00 1.53861046e-01
3.12500000e-01 3.91923262e-01 -7.17197221e-02 1.11332556e+00 1.53862058e-01
3.12600000e-01 3.91916656e-01 -7.17182181e-02 1.11332295e+00 1.53860421e-01
3.12700000e-01 3.91923247e-01 -7.17197616e-02 1.11332050e+00 1.53861449e-01
3.12800000e-01 3.91916658e-01 -7.17182643e-02 1.11331789e+00 1.53859798e-01
3.12900000e-01 3.91923232e-01 -7.17198011e-02 1.11331544e+00 1.53860844e-01
3.13000000e-01 3.91916659e-01 -7.17183103e-02 1.11331284e+00 1.53859178e-01
3.13100000e-01 3.91923218e-01 -7.17198404e-02 1.11331039e+00 1.53860241e-01
3.13200000e-01 3.91916661e-01 -7.17183562e-02 1.11330779e+00 1.53858561e-01
3.13300000e-01 3.91923203e-01 -7.17198797e-02 1.11330534e+00 1.53859641e-01
3.13400000e-01 3.91916663e-01 -7.17184021e-02 1.11330275e+00 1.53857947e-01
3.13500000e-01 3.91923189e-01 -7.17199189e-02 1.11330030e+00 1.53859043e-01
3.13600000e-01 3.91916664e-01 -7.17184478e-02 1.11329771e+00 1.53857335e-01
3.13700000e-01 3.91923175e-01 -7.17199580e-02 1.11329527e+00 1.53858449e-01
3.13800000e-01 3.91916666e-01 -7.17184933e-02 1.11329268e+00 1.53856727e-01
3.13900000e-01 3.91923160e-01 -7.17199970e-02 1.11329024e+00 1.53857857e-01
3.14000000e-01 3.91916668e-01 -7.17185388e-02 1.11328765e+00 1.53856121e-01
3.14100000e-01 3.91923146e-01 -7.17200359e-02 1.11328521e+00 1.53857268e-01
3.14200000e-01 3.91916670e-01 -7.17185842e-02 1.11328263e+00 1.53855518e-01
3.14300000e-01 3.91923132e-01 -7.17200748e-02 1.11328019e+00 1.53856681e-01
3.14400000e-01 3.91916672e-01 -7.17186294e-02 1.11327762e+00 1.53854918e-01
3.14500000e-01 3.91923118e-01 -7.17201135e-02 1.11327518e+00 1.53856097e-01
3.14600000e-01 3.91916674e-01 -7.17186745e-02 1.11327261e+00 1.53854321e-01
3.14700000e-01 3.91923104e-01 -7.17201522e-02 1.11327017e+00 1.53855516e-01
3.14800000e-01 3.91916675e-01 -7.17187196e-02 1.11326760e+00 1.53853726e-01
3.14900000e-01 3.91923090e-01 -7.17201908e-02 1.11326517e+00 1.53854938e-01
3.15000000e-01 3.91916677e-01 -7.17187645e-02 1.11326260e+00 1.53853134e-01
3.15100000e-01 3.91923076e-01 -7.17202293e-02 1.11326017e+00 1.53854362e-01
3.15200000e-01 3.91916679e-01 -7.17188093e-02 1.11325761e+00 1.53852545e-01
3.15300000e-01 3.91923062e-01 -7.17202677e-02 1.11325518e+00 1.53853789e-01
3.15400000e-01 3.91916682e-01 -7.17188540e-02 1.11325262e+00 1.53851959e-01
3.15500000e-01 3.91923049e-01 -7.17203060e-02 1.11325020e+00 1.53853218e-01
3.15600000e-01 3.91916684e-01 -7.17188985e-02 1.11324764e+00 1.53851375e-01
3.15700000e-01 3.91923035e-01 -7.17203442e-02 1.11324522e+00 1.53852651e-01
3.15800000e-01 3.91916686e-01 -7.17189430e-02 1.11324266e+00 1.53850794e-01
3.15900000e-01 3.91923021e-01 -7.17203824e-02 1.11324024e+00 1.53852085e-01
3.16000000e-01 3.91916688e-01 -7.17189874e-02 1.11323769e+00 1.53850215e-01
3.16100000e-01 3.91923008e-01 -7.17204204e-02 1.11323527e+00 1.53851523e-01
3.16200000e-01 3.91916690e-01 -7.17190316e-02 1.11323272e+00 1.53849640e-01
3.16300000e-01 3.91922994e-01 -7.17204584e-02 1.11323031e+00 1.53850963e-01
3.16400000e-01 3.91916692e-01 -7.17190757e-02 1.11322776e+00 1.53849067e-01
3.16500000e-01 3.91922981e-01 -7.17204963e-02 1.11322535e+00 1.53850405e-01
3.16600000e-01 3.91916694e-01 -7.17191198e-02 1.11322280e+00 1.53848496e-01
3.16700000e-01 3.91922968e-01 -7.17205341e-02 1.11322039e+00 1.53849850e-01
3.16800000e-01 3.91916697e-01 -7.17191637e-02 1.11321785e+00 1.53847928e-01
3.16900000e-01 3.91922955e-01 -7.17205719e-02 1.11321545e+00 1.53849297e-01
3.17000000e-01 3.91916699e-01 -7.17192075e-02 1.11321290e+00 1.53847363e-01
3.17100000e-01 3.91922942e-01 -7.17206095e-02 1.11321050e+00 1.53848748e-01
3.17200000e-01 3.91916701e-01 -7.17192512e-02 1.11320796e+00 1.53846801e-01
3.17300000e-01 3.91922929e-01 -7.17206471e-02 1.11320556e+00 1.53848200e-01
3.17400000e-01 3.91916704e-01 -7.17192948e-02 1.11320303e+00 1.53846241e-01
3.17500000e-01 3.91922916e-01 -7.17206846e-02 1.11320063e+00 1.53847655e-01
3.17600000e-01 3.91916706e-01 -7.17193383e-02 1.11319810e+00 1.53845683e-01
3.17700000e-01 3.91922903e-01 -7.17207220e-02 1.11319571e+00 1.53847113e-01
3.17800000e-01 3.91916708e-01 -7.17193817e-02 1.11319318e+00 1.53845128e-01
3.17900000e-01 3.91922890e-01 -7.17207593e-02 1.11319078e+00 1.53846573e-01
3.18000000e-01 3.91916711e-01 -7.17194250e-02 1.11318826e+00 1.53844576e-01
3.18100000e-01 3.91922877e-01 -7.17207965e-02 1.11318587e+00 1.53846035e-01
3.18200000e-01 3.91916713e-01 -7.17194682e-02 1.11318334e+00 1.53844026e-01
3.18300000e-01 3.91922864e-01 -7.17208337e-02 1.11318096e+00 1.53845500e-01
3.18400000e-01 3.91916716e-01 -7.17195113e-02 1.11317844e+00 1.53843479e-01
3.18500000e-01 3.91922852e-01 -7.17208708e-02 1.11317605e+00 1.53844968e-01
3.18600000e-01 3.91916718e-01 -7.17195543e-02 1.11317353e+00 1.53842934e-01
3.18700000e-01 3.91922839e-01 -7.17209078e-02 1.11317115e+00 1.53844437e-01
3.18800000e-01 3.91916721e-01 -7.17195972e-02 1.11316864e+00 1.53842392e-01
3.18900000e-01 3.91922827e-01 -7.17209447e-02 1.11316626e+00 1.53843910e-01
3.19000000e-01 3.91916724e-01 -7.17196400e-02 1.11316374e+00 1.53841852e-01
3.19100000e-01 3.91922814e-01 -7.17209816e-02 1.11316137e+00 1.53843384e-01
3.19200000e-01 3.91916726e-01 -7.17196826e-02 1.11315886e+00 1.53841314e-01
3.19300000e-01 3.91922802e-01 -7.17210183e-02 1.11315648e+00 1.53842861e-01
3.19400000e-01 3.91916729e-01 -7.17197252e-02 1.11315398e+00 1.53840779e-01
3.19500000e-01 3.91922790e-01 -7.17210550e-02 1.11315160e+00 1.53842341e-01
3.19600000e-01 3.91916732e-01 -7.17197677e-02 1.11314910e+00 1.53840247e-01
3.19700000e-01 3.91922777e-01 -7.17210916e-02 1.11314673e+00 1.53841822e-01
3.19800000e-01 3.91916734e-01 -7.17198101e-02 1.11314423e+00 1.53839717e-01
3.19900000e-01 3.91922765e-01 -7.17211282e-02 1.11314186e+00 1.53841306e-01
3.20000000e-01 3.91916737e-01 -7.17198523e-02 1.11313936e+00 1.53839189e-01
3.20100000e-01 3.91922753e-01 -7.17211646e-02 1.11313700e+00 1.53840793e-01
3.20200000e-01 3.91916740e-01 -7.17198945e-02 1.11313450e+00 1.53838664e-01
3.20300000e-01 3.91922741e-01 -7.17212010e-02 1.11313214e+00 1.53840281e-01
3.20400000e-01 3.91916742e-01 -7.17199366e-02 1.11312965e+00 1.53838141e-01
3.20500000e-01 3.91922729e-01 -7.17212373e-02 1.11312729e+00 1.53839773e-01
3.20600000e-01 3.91916745e-01 -7.17199786e-02 1.11312480e+00 1.53837621e-01
3.20700000e-01 3.91922717e-01 -7.17212735e-02 1.11312244e+00 1.53839266e-01
3.20800000e-01 3.91916748e-01 -7.17200205e-02 1.11311996e+00 1.53837103e-01
3.20900000e-01 3.91922705e-01 -7.17213097e-02 1.11311760e+00 1.53838762e-01
3.21000000e-01 3.91916751e-01 -7.17200622e-02 1.11311512e+00 1.53836587e-01
3.21100000e-01 3.91922693e-01 -7.17213458e-02 1.11311276e+00 1.53838259e-01
3.21200000e-01 3.91916754e-01 -7.17201039e-02 1.11311028e+00 1.53836074e-01
3.21300000e-01 3.91922682e-01 -7.17213818e-02 1.11310793e+00 1.53837760e-01
3.21400000e-01 3.91916757e-01 -7.17201455e-02 1.11310545e+00 1.53835562e-01
3.21500000e-01 3.91922670e-01 -7.17214177e-02 1.11310311e+00 1.53837262e-01
3.21600000e-01 3.91916760e-01 -7.17201870e-02 1.11310063e+00 1.53835054e-01
3.21700000e-01 3.91922659e-01 -7.17214536e-02 1.11309829e+00 1.53836767e-01
3.21800000e-01 3.91916763e-01 -7.17202284e-02 1.11309581e+00 1.53834547e-01
3.21900000e-01 3.91922647e-01 -7.17214894e-02 1.11309347e+00 1.53836274e-01
3.22000000e-01 3.91916766e-01 -7.17202697e-02 1.11309100e+00 1.53834043e-01
3.22100000e-01 3.91922636e-01 -7.17215251e-02 1.11308866e+00 1.53835783e-01
3.22200000e-01 3.91916769e-01 -7.17203109e-02 1.11308619e+00 1.53833541e-01
3.22300000e-01 3.91922624e-01 -7.17215607e-02 1.11308386e+00 1.53835294e-01
3.22400000e-01 3.91916772e-01 -7.17203520e-02 1.11308139e+00 1.53833042e-01
3.22500000e-01 3.91922613e-01 -7.17215963e-02 1.11307906e+00 1.53834808e-01
3.22600000e-01 3.91916775e-01 -7.17203930e-02 1.11307659e+00 1.53832544e-01
3.22700000e-01 3.91922602e-01 -7.17216318e-02 1.11307426e+00 1.53834324e-01
3.22800000e-01 3.91916778e-01 -7.17204340e-02 1.11307180e+00 1.53832049e-01
3.22900000e-01 3.91922590e-01 -7.17216672e-02 1.11306947e+00 1.53833842e-01
3.23000000e-01 3.91916781e-01 -7.17204748e-02 1.11306702e+00 1.53831557e-01
3.23100000e-01 3.91922579e-01 -7.17217025e-02 1.11306469e+00 1.53833362e-01
3.23200000e-01 3.91916784e-01 -7.17205155e-02 1.11306224e+00 1.53831066e-01
3.23300000e-01 3.91922568e-01 -7.17217378e-02 1.11305991e+00 1.53832884e-01
3.23400000e-01 3.91916787e-01 -7.17205562e-02 1.11305746e+00 1.53830578e-01
3.23500000e-01 3.91922557e-01 -7.17217730e-02 1.11305514e+00 1.53832408e-01
3.23600000e-01 3.91916791e-01 -7.17205967e-02 1.11305269e+00 1.53830091e-01
3.23700000e-01 3.91922546e-01 -7.17218081e-02 1.11305037e+00 1.53831935e-01
3.23800000e-01 3.91916794e-01 -7.17206372e-02 1.11304792e+00 1.53829607e-01
3.23900000e-01 3.91922535e-01 -7.17218432e-02 1.11304560e+00 1.53831463e-01
3.24000000e-01 3.91916797e-01 -7.17206776e-02 1.11304316e+00 1.53829126e-01
3.24100000e-01 3.91922524e-01 -7.17218782e-02 1.11304085e+00 1.53830994e-01
3.24200000e-01 3.91916800e-01 -7.17207178e-02 1.11303841e+00 1.53828646e-01
3.24300000e-01 3.91922514e-01 -7.17219131e-02 1.11303609e+00 1.53830527e-01
3.24400000e-01 3.91916804e-01 -7.17207580e-02 1.11303366e+00 1.53828168e-01
3.24500000e-01 3.91922503e-01 -7.17219480e-02 1.11303135e+00 1.53830062e-01
3.24600000e-01 3.91916807e-01 -7.17207981e-02 1.11302891e+00 1.53827693e-01
3.24700000e-01 3.91922492e-01 -7.17219827e-02 1.11302660e+00 1.53829599e-01
3.24800000e-01 3.91916810e-01 -7.17208381e-02 1.11302417e+00 1.53827220e-01
3.24900000e-01 3.91922482e-01 -7.17220175e-02 1.11302187e+00 1.53829138e-01
3.25000000e-01 3.91916814e-01 -7.17208780e-02 1.11301944e+00 1.53826749e-01
3.25100000e-01 3.91922471e-01 -7.17220521e-02 1.11301714e+00 1.53828679e-01
3.25200000e-01 3.91916817e-01 -7.17209179e-02 1.11301471e+00 1.53826280e-01
3.25300000e-01 3.91922461e-01 -7.17220867e-02 1.11301241e+00 1.53828222e-01
3.25400000e-01 3.91916820e-01 -7.17209576e-02 1.11300999e+00 1.53825813e-01
3.25500000e-01 3.91922450e-01 -7.17221212e-02 1.11300769e+00 1.53827768e-01
3.25600000e-01 3.91916824e-01 -7.17209973e-02 1.11300527e+00 1.53825348e-01
3.25700000e-01 3.91922440e-01 -7.17221556e-02 1.11300297e+00 1.53827315e-01
3.25800000e-01 3.91916827e-01 -7.17210368e-02 1.11300055e+00 1.53824886e-01
3.25900000e-01 3.91922430e-01 -7.17221900e-02 1.11299826e+00 1.53826864e-01
3.26000000e-01 3.91916831e-01 -7.17210763e-02 1.11299585e+00 1.53824425e-01
3.26100000e-01 3.91922419e-01 -7.17222243e-02 1.11299355e+00 1.53826415e-01
3.26200000e-01 3.91916834e-01 -7.17211157e-02 1.11299114e+00 1.53823967e-01
3.26300000e-01 3.91922409e-01 -7.17222585e-02 1.11298885e+00 1.53825969e-01
3.26400000e-01 3.91916838e-01 -7.17211550e-02 1.11298644e+00 1.53823510e-01
3.26500000e-01 3.91922399e-01 -7.17222927e-02 1.11298416e+00 1.53825524e-01
3.26600000e-01 3.91916841e-01 -7.17211942e-02 1.11298175e+00 1.53823056e-01
3.26700000e-01 3.91922389e-01 -7.17223268e-02 1.11297947e+00 1.53825081e-01
3.26800000e-01 3.91916845e-01 -7.17212333e-02 1.11297706e+00 1.53822603e-01
3.26900000e-01 3.91922379e-01 -7.17223608e-02 1.11297478e+00 1.53824640e-01
3.27000000e-01 3.91916849e-01 -7.17212724e-02 1.11297238e+00 1.53822153e-01
3.27100000e-01 3.91922369e-01 -7.17223948e-02 1.11297010e+00 1.53824201e-01
3.27200000e-01 3.91916852e-01 -7.17213113e-02 1.11296770e+00 1.53821705e-01
3.27300000e-01 3.91922359e-01 -7.17224287e-02 1.11296543e+00 1.53823764e-01
3.27400000e-01 3.91916856e-01 -7.17213502e-02 1.11296303e+00 1.53821258e-01
3.27500000e-01 3.91922349e-01 -7.17224626e-02 1.11296076e+00 1.53823329e-01
3.27600000e-01 3.91916860e-01 -7.17213889e-02 1.11295836e+00 1.53820814e-01
3.27700000e-01 3.91922339e-01 -7.17224963e-02 1.11295609e+00 1.53822896e-01
3.27800000e-01 3.91916863e-01 -7.17214276e-02 1.11295370e+00 1.53820371e-01
3.27900000e-01 3.91922330e-01 -7.17225300e-02 1.11295143e+00 1.53822465e-01
3.28000000e-01 3.91916867e-01 -7.17214663e-02 1.11294905e+00 1.53819931e-01
3.28100000e-01 3.91922320e-01 -7.17225637e-02 1.11294678e+00 1.53822036e-01
3.28200000e-01 3.91916871e-01 -7.17215048e-02 1.11294439e+00 1.53819492e-01
3.28300000e-01 3.91922310e-01 -7.17225973e-02 1.11294213e+00 1.53821609e-01
3.28400000e-01 3.91916874e-01 -7.17215432e-02 1.11293975e+00 1.53819056e-01
3.28500000e-01 3.91922301e-01 -7.17226308e-02 1.11293748e+00 1.53821183e-01
3.28600000e-01 3.91916878e-01 -7.17215816e-02 1.11293511e+00 1.53818621e-01
3.28700000e-01 3.91922291e-01 -7.17226642e-02 1.11293284e+00 1.53820759e-01
3.28800000e-01 3.91916882e-01 -7.17216199e-02 1.11293047e+00 1.53818189e-01
3.28900000e-01 3.91922282e-01 -7.17226976e-02 1.11292821e+00 1.53820338e-01
3.29000000e-01 3.91916886e-01 -7.17216581e-02 1.11292584e+00 1.53817758e-01
3.29100000e-01 3.91922272e-01 -7.17227309e-02 1.11292358e+00 1.53819918e-01
3.29200000e-01 3.91916889e-01 -7.17216962e-02 1.11292121e+00 1.53817329e-01
3.29300000e-01 3.91922263e-01 -7.17227642e-02 1.11291896e+00 1.53819500e-01
3.29400000e-01 3.91916893e-01 -7.17217342e-02 1.11291659e+00 1.53816902e-01
3.29500000e-01 3.91922254e-01 -7.17227974e-02 1.11291434e+00 1.53819084e-01
3.29600000e-01 3.91916897e-01 -7.17217721e-02 1.11291197e+00 1.53816477e-01
3.29700000e-01 3.91922245e-01 -7.17228305e-02 1.11290972e+00 1.53818669e-01
3.29800000e-01 3.91916901e-01 -7.17218100e-02 1.11290736e+00 1.53816054e-01
3.29900000e-01 3.91922235e-01 -7.17228636e-02 1.11290512e+00 1.53818257e-01
3.30000000e-01 3.91916905e-01 -7.17218478e-02 1.11290276e+00 1.53815633e-01
3.30100000e-01 3.91922226e-01 -7.17228966e-02 1.11290051e+00 1.53817846e-01
3.30200000e-01 3.91916909e-01 -7.17218855e-02 1.11289816e+00 1.53815213e-01
3.30300000e-01 3.91922217e-01 -7.17229295e-02 1.11289591e+00 1.53817437e-01
3.30400000e-01 3.91916913e-01 -7.17219231e-02 1.11289356e+00 1.53814796e-01
3.30500000e-01 3.91922208e-01 -7.17229624e-02 1.11289132e+00 1.53817030e-01
3.30600000e-01 3.91916917e-01 -7.17219606e-02 1.11288897e+00 1.53814380e-01
3.30700000e-01 3.91922199e-01 -7.17229952e-02 1.11288673e+00 1.53816625e-01
3.30800000e-01 3.91916921e-01 -7.17219981e-02 1.11288438e+00 1.53813966e-01
3.30900000e-01 3.91922190e-01 -7.17230280e-02 1.11288215e+00 1.53816221e-01
3.31000000e-01 3.91916925e-01 -7.17220355e-02 1.11287980e+00 1.53813554e-01
3.31100000e-01 3.91922181e-01 -7.17230607e-02 1.11287757e+00 1.53815819e-01
3.31200000e-01 3.91916929e-01 -7.17220728e-02 1.11287523e+00 1.53813144e-01
3.31300000e-01 3.91922172e-01 -7.17230933e-02 1.11287300e+00 1.53815419e-01
3.31400000e-01 3.91916933e-01 -7.17221100e-02 1.11287066e+00 1.53812735e-01
3.31500000e-01 3.91922164e-01 -7.17231259e-02 1.11286843e+00 1.53815021e-01
3.31600000e-01 3.91916937e-01 -7.17221471e-02 1.11286609e+00 1.53812329e-01
3.31700000e-01 3.91922155e-01 -7.17231584e-02 1.11286387e+00 1.53814624e-01
3.31800000e-01 3.91916941e-01 -7.17221842e-02 1.11286153e+00 1.53811924e-01
3.31900000e-01 3.91922146e-01 -7.17231909e-02 1.11285931e+00 1.53814229e-01
3.32000000e-01 3.91916945e-01 -7.17222212e-02 1.11285697e+00 1.53811521e-01
3.32100000e-01 3.91922138e-01 -7.17232232e-02 1.11285475e+00 1.53813836e-01
3.32200000e-01 3.91916949e-01 -7.17222581e-02 1.11285242e+00 1.53811120e-01
3.32300000e-01 3.91922129e-01 -7.17232556e-02 1.11285021e+00 1.53813445e-01
3.32400000e-01 3.91916953e-01 -7.17222949e-02 1.11284788e+00 1.53810720e-01
3.32500000e-01 3.91922121e-01 -7.17232878e-02 1.11284566e+00 1.53813055e-01
3.32600000e-01 3.91916957e-01 -7.17223317e-02 1.11284334e+00 1.53810322e-01
3.32700000e-01 3.91922112e-01 -7.17233201e-02 1.11284113e+00 1.53812667e-01
3.32800000e-01 3.91916961e-01 -7.17223683e-02 1.11283880e+00 1.53809926e-01
3.32900000e-01 3.91922104e-01 -7.17233522e-02 1.11283659e+00 1.53812281e-01
3.33000000e-01 3.91916966e-01 -7.17224049e-02 1.11283427e+00 1.53809532e-01
3.33100000e-01 3.91922095e-01 -7.17233843e-02 1.11283206e+00 1.53811896e-01
3.33200000e-01 3.91916970e-01 -7.17224414e-02 1.11282975e+00 1.53809139e-01
3.33300000e-01 3.91922087e-01 -7.17234163e-02 1.11282754e+00 1.53811513e-01
3.33400000e-01 3.91916974e-01 -7.17224779e-02 1.11282523e+00 1.53808749e-01
3.33500000e-01 3.91922079e-01 -7.17234483e-02 1.11282302e+00 1.53811132e-01
3.33600000e-01 3.91916978e-01 -7.17225142e-02 1.11282071e+00 1.53808359e-01
3.33700000e-01 3.91922070e-01 -7.17234802e-02 1.11281851e+00 1.53810752e-01
3.33800000e-01 3.91916983e-01 -7.17225505e-02 1.11281620e+00 1.53807972e-01
3.33900000e-01 3.91922062e-01 -7.17235121e-02 1.11281400e+00 1.53810374e-01
3.34000000e-01 3.91916987e-01 -7.17225867e-02 1.11281170e+00 1.53807586e-01
3.34100000e-01 3.91922054e-01 -7.17235439e-02 1.11280950e+00 1.53809998e-01
3.34200000e-01 3.91916991e-01 -7.17226229e-02 1.11280720e+00 1.53807202e-01
3.34300000e-01 3.91922046e-01 -7.17235756e-02 1.11280500e+00 1.53809623e-01
3.34400000e-01 3.91916995e-01 -7.17226589e-02 1.11280270e+00 1.53806820e-01
3.34500000e-01 3.91922038e-01 -7.17236073e-02 1.11280051e+00 1.53809250e-01
3.34600000e-01 3.91917000e-01 -7.17226949e-02 1.11279821e+00 1.53806439e-01
3.34700000e-01 3.91922030e-01 -7.17236389e-02 1.11279602e+00 1.53808878e-01
3.34800000e-01 3.91917004e-01 -7.17227308e-02 1.11279372e+00 1.53806060e-01
3.34900000e-01 3.91922022e-01 -7.17236705e-02 1.11279154e+00 1.53808508e-01
3.35000000e-01 3.91917008e-01 -7.17227666e-02 1.11278924e+00 1.53805683e-01
3.35100000e-01 3.91922014e-01 -7.17237020e-02 1.11278706e+00 1.53808140e-01
3.35200000e-01 3.91917013e-01 -7.17228024e-02 1.11278477e+00 1.53805307e-01
3.35300000e-01 3.91922006e-01 -7.17237334e-02 1.11278259e+00 1.53807773e-01
3.35400000e-01 3.91917017e-01 -7.17228381e-02 1.11278030e+00 1.53804933e-01
3.35500000e-01 3.91921999e-01 -7.17237648e-02 1.11277812e+00 1.53807408e-01
3.35600000e-01 3.91917021e-01 -7.17228737e-02 1.11277583e+00 1.53804560e-01
3.35700000e-01 3.91921991e-01 -7.17237961e-02 1.11277365e+00 1.53807044e-01
3.35800000e-01 3.91917026e-01 -7.17229092e-02 1.11277137e+00 1.53804190e-01
3.35900000e-01 3.91921983e-01 -7.17238274e-02 1.11276920e+00 1.53806682e-01
3.36000000e-01 3.91917030e-01 -7.17229447e-02 1.11276691e+00 1.53803820e-01
3.36100000e-01 3.91921975e-01 -7.17238586e-02 1.11276474e+00 1.53806322e-01
3.36200000e-01 3.91917035e-01 -7.17229801e-02 1.11276246e+00 1.53803453e-01
3.36300000e-01 3.91921968e-01 -7.17238898e-02 1.11276029e+00 1.53805963e-01
3.36400000e-01 3.91917039e-01 -7.17230154e-02 1.11275802e+00 1.53803087e-01
3.36500000e-01 3.91921960e-01 -7.17239209e-02 1.11275585e+00 1.53805605e-01
3.36600000e-01 3.91917044e-01 -7.17230506e-02 1.11275358e+00 1.53802722e-01
3.36700000e-01 3.91921953e-01 -7.17239520e-02 1.11275141e+00 1.53805250e-01
3.36800000e-01 3.91917048e-01 -7.17230858e-02 1.11274914e+00 1.53802359e-01
3.36900000e-01 3.91921945e-01 -7.17239829e-02 1.11274698e+00 1.53804895e-01
3.37000000e-01 3.91917053e-01 -7.17231209e-02 1.11274471e+00 1.53801998e-01
3.37100000e-01 3.91921938e-01 -7.17240139e-02 1.11274255e+00 1.53804543e-01
3.37200000e-01 3.91917057e-01 -7.17231559e-02 1.11274028e+00 1.53801638e-01
3.37300000e-01 3.91921930e-01 -7.17240448e-02 1.11273812e+00 1.53804191e-01
3.37400000e-01 3.91917062e-01 -7.17231908e-02 1.11273586e+00 1.53801280e-01
3.37500000e-01 3.91921923e-01 -7.17240756e-02 1.11273371e+00 1.53803841e-01
3.37600000e-01 3.91917066e-01 -7.17232257e-02 1.11273145e+00 1.53800923e-01
3.37700000e-01 3.91921916e-01 -7.17241064e-02 1.11272929e+00 1.53803493e-01
3.37800000e-01 3.91917071e-01 -7.17232605e-02 1.11272703e+00 1.53800568e-01
3.37900000e-01 3.91921909e-01 -7.17241371e-02 1.11272488e+00 1.53803146e-01
3.38000000e-01 3.91917075e-01 -7.17232953e-02 1.11272263e+00 1.53800215e-01
3.38100000e-01 3.91921901e-01 -7.17241677e-02 1.11272048e+00 1.53802801e-01
3.38200000e-01 3.91917080e-01 -7.17233299e-02 1.11271823e+00 1.53799863e-01
3.38300000e-01 3.91921894e-01 -7.17241983e-02 1.11271608e+00 1.53802457e-01
3.38400000e-01 3.91917084e-01 -7.17233645e-02 1.11271383e+00 1.53799512e-01
3.38500000e-01 3.91921887e-01 -7.17242289e-02 1.11271168e+00 1.53802115e-01
3.38600000e-01 3.91917089e-01 -7.17233990e-02 1.11270944e+00 1.53799163e-01
3.38700000e-01 3.91921880e-01 -7.17242594e-02 1.11270729e+00 1.53801774e-01
3.38800000e-01 3.91917094e-01 -7.17234335e-02 1.11270505e+00 1.53798816e-01
3.38900000e-01 3.91921873e-01 -7.17242898e-02 1.11270291e+00 1.53801434e-01
3.39000000e-01 3.91917098e-01 -7.17234679e-02 1.11270067e+00 1.53798470e-01
3.39100000e-01 3.91921866e-01 -7.17243202e-02 1.11269853e+00 1.53801096e-01
3.39200000e-01 3.91917103e-01 -7.17235022e-02 1.11269629e+00 1.53798125e-01
3.39300000e-01 3.91921859e-01 -7.17243505e-02 1.11269415e+00 1.53800760e-01
3.39400000e-01 3.91917108e-01 -7.17235364e-02 1.11269192e+00 1.53797782e-01
3.39500000e-01 3.91921852e-01 -7.17243808e-02 1.11268978e+00 1.53800425e-01
3.39600000e-01 3.91917112e-01 -7.17235706e-02 1.11268755e+00 1.53797440e-01
3.39700000e-01 3.91921845e-01 -7.17244110e-02 1.11268542e+00 1.53800091e-01
3.39800000e-01 3.91917117e-01 -7.17236047e-02 1.11268319e+00 1.53797100e-01
3.39900000e-01 3.91921838e-01 -7.17244412e-02 1.11268106e+00 1.53799759e-01
3.40000000e-01 3.91917122e-01 -7.17236387e-02 1.11267883e+00 1.53796762e-01
3.40100000e-01 3.91921832e-01 -7.17244713e-02 1.11267670e+00 1.53799428e-01
3.40200000e-01 3.91917126e-01 -7.17236727e-02 1.11267448e+00 1.53796425e-01
3.40300000e-01 3.91921825e-01 -7.17245013e-02 1.11267235e+00 1.53799098e-01
3.40400000e-01 3.91917131e-01 -7.17237066e-02 1.11267013e+00 1.53796089e-01
3.40500000e-01 3.91921818e-01 -7.17245313e-02 1.11266801e+00 1.53798770e-01
3.40600000e-01 3.91917136e-01 -7.17237404e-02 1.11266578e+00 1.53795755e-01
3.40700000e-01 3.91921812e-01 -7.17245613e-02 1.11266366e+00 1.53798443e-01
3.40800000e-01 3.91917141e-01 -7.17237741e-02 1.11266145e+00 1.53795422e-01
3.40900000e-01 3.91921805e-01 -7.17245912e-02 1.11265933e+00 1.53798118e-01
3.41000000e-01 3.91917145e-01 -7.17238078e-02 1.11265711e+00 1.53795090e-01
3.41100000e-01 3.91921798e-01 -7.17246210e-02 1.11265500e+00 1.53797794e-01
3.41200000e-01 3.91917150e-01 -7.17238414e-02 1.11265278e+00 1.53794760e-01
3.41300000e-01 3.91921792e-01 -7.17246508e-02 1.11265067e+00 1.53797471e-01
3.41400000e-01 3.91917155e-01 -7.17238750e-02 1.11264846e+00 1.53794432e-01
3.41500000e-01 3.91921785e-01 -7.17246805e-02 1.11264635e+00 1.53797150e-01
3.41600000e-01 3.91917160e-01 -7.17239084e-02 1.11264414e+00 1.53794104e-01
3.41700000e-01 3.91921779e-01 -7.17247102e-02 1.11264203e+00 1.53796830e-01
3.41800000e-01 3.91917164e-01 -7.17239419e-02 1.11263983e+00 1.53793779e-01
3.41900000e-01 3.91921773e-01 -7.17247399e-02 1.11263772e+00 1.53796512e-01
3.42000000e-01 3.91917169e-01 -7.17239752e-02 1.11263552e+00 1.53793454e-01
3.42100000e-01 3.91921766e-01 -7.17247694e-02 1.11263341e+00 1.53796195e-01
3.42200000e-01 3.91917174e-01 -7.17240085e-02 1.11263121e+00 1.53793131e-01
3.42300000e-01 3.91921760e-01 -7.17247990e-02 1.11262911e+00 1.53795879e-01
3.42400000e-01 3.91917179e-01 -7.17240417e-02 1.11262691e+00 1.53792810e-01
3.42500000e-01 3.91921754e-01 -7.17248284e-02 1.11262481e+00 1.53795564e-01
3.42600000e-01 3.91917184e-01 -7.17240748e-02 1.11262262e+00 1.53792489e-01
3.42700000e-01 3.91921747e-01 -7.17248578e-02 1.11262052e+00 1.53795251e-01
3.42800000e-01 3.91917189e-01 -7.17241079e-02 1.11261832e+00 1.53792170e-01
3.42900000e-01 3.91921741e-01 -7.17248872e-02 1.11261623e+00 1.53794939e-01
3.43000000e-01 3.91917194e-01 -7.17241409e-02 1.11261404e+00 1.53791853e-01
3.43100000e-01 3.91921735e-01 -7.17249165e-02 1.11261195e+00 1.53794629e-01
3.43200000e-01 3.91917199e-01 -7.17241738e-02 1.11260976e+00 1.53791537e-01
3.43300000e-01 3.91921729e-01 -7.17249458e-02 1.11260767e+00 1.53794319e-01
3.43400000e-01 3.91917203e-01 -7.17242067e-02 1.11260548e+00 1.53791222e-01
3.43500000e-01 3.91921723e-01 -7.17249750e-02 1.11260339e+00 1.53794011e-01
3.43600000e-01 3.91917208e-01 -7.17242395e-02 1.11260121e+00 1.53790908e-01
3.43700000e-01 3.91921717e-01 -7.17250041e-02 1.11259912e+00 1.53793705e-01
3.43800000e-01 3.91917213e-01 -7.17242722e-02 1.11259694e+00 1.53790596e-01
3.43900000e-01 3.91921711e-01 -7.17250332e-02 1.11259486e+00 1.53793399e-01
3.44000000e-01 3.91917218e-01 -7.17243049e-02 1.11259268e+00 1.53790285e-01
3.44100000e-01 3.91921705e-01 -7.17250623e-02 1.11259060e+00 1.53793095e-01
3.44200000e-01 3.91917223e-01 -7.17243375e-02 1.11258842e+00 1.53789976e-01
3.44300000e-01 3.91921699e-01 -7.17250913e-02 1.11258634e+00 1.53792792e-01
3.44400000e-01 3.91917228e-01 -7.17243700e-02 1.11258417e+00 1.53789667e-01
3.44500000e-01 3.91921693e-01 -7.17251202e-02 1.11258209e+00 1.53792491e-01
3.44600000e-01 3.91917233e-01 -7.17244025e-02 1.11257992e+00 1.53789360e-01
3.44700000e-01 3.91921687e-01 -7.17251491e-02 1.11257785e+00 1.53792191e-01
3.44800000e-01 3.91917238e-01 -7.17244349e-02 1.11257568e+00 1.53789055e-01
3.44900000e-01 3.91921681e-01 -7.17251780e-02 1.11257361e+00 1.53791892e-01
3.45000000e-01 3.91917243e-01 -7.17244672e-02 1.11257144e+00 1.53788750e-01
3.45100000e-01 3.91921676e-01 -7.17252067e-02 1.11256937e+00 1.53791594e-01
3.45200000e-01 3.91917248e-01 -7.17244995e-02 1.11256721e+00 1.53788447e-01
3.45300000e-01 3.91921670e-01 -7.17252355e-02 1.11256514e+00 1.53791297e-01
3.45400000e-01 3.91917253e-01 -7.17245317e-02 1.11256298e+00 1.53788146e-01
3.45500000e-01 3.91921664e-01 -7.17252642e-02 1.11256091e+00 1.53791002e-01
3.45600000e-01 3.91917258e-01 -7.17245638e-02 1.11255876e+00 1.53787845e-01
3.45700000e-01 3.91921659e-01 -7.17252928e-02 1.11255669e+00 1.53790708e-01
3.45800000e-01 3.91917263e-01 -7.17245959e-02 1.11255454e+00 1.53787546e-01
3.45900000e-01 3.91921653e-01 -7.17253214e-02 1.11255248e+00 1.53790415e-01
3.46000000e-01 3.91917268e-01 -7.17246279e-02 1.11255032e+00 1.53787248e-01
3.46100000e-01 3.91921647e-01 -7.17253499e-02 1.11254826e+00 1.53790123e-01
3.46200000e-01 3.91917273e-01 -7.17246599e-02 1.11254611e+00 1.53786951e-01
3.46300000e-01 3.91921642e-01 -7.17253784e-02 1.11254406e+00 1.53789833e-01
3.46400000e-01 3.91917278e-01 -7.17246917e-02 1.11254191e+00 1.53786656e-01
3.46500000e-01 3.91921636e-01 -7.17254068e-02 1.11253985e+00 1.53789544e-01
3.46600000e-01 3.91917283e-01 -7.17247236e-02 1.11253771e+00 1.53786362e-01
3.46700000e-01 3.91921631e-01 -7.17254352e-02 1.11253565e+00 1.53789256e-01
3.46800000e-01 3.91917288e-01 -7.17247553e-02 1.11253351e+00 1.53786069e-01
3.46900000e-01 3.91921625e-01 -7.17254635e-02 1.11253146e+00 1.53788969e-01
3.47000000e-01 3.91917294e-01 -7.17247870e-02 1.11252932e+00 1.53785777e-01
3.47100000e-01 3.91921620e-01 -7.17254918e-02 1.11252727e+00 1.53788683e-01
3.47200000e-01 3.91917299e-01 -7.17248186e-02 1.11252513e+00 1.53785486e-01
3.47300000e-01 3.91921615e-01 -7.17255200e-02 1.11252309e+00 1.53788399e-01
3.47400000e-01 3.91917304e-01 -7.17248502e-02 1.11252095e+00 1.53785197e-01
3.47500000e-01 3.91921609e-01 -7.17255482e-02 1.11251891e+00 1.53788115e-01
3.47600000e-01 3.91917309e-01 -7.17248816e-02 1.11251678e+00 1.53784909e-01
3.47700000e-01 3.91921604e-01 -7.17255763e-02 1.11251473e+00 1.53787833e-01
3.47800000e-01 3.91917314e-01 -7.17249131e-02 1.11251260e+00 1.53784622e-01
3.47900000e-01 3.91921599e-01 -7.17256044e-02 1.11251056e+00 1.53787552e-01
3.48000000e-01 3.91917319e-01 -7.17249444e-02 1.11250843e+00 1.53784336e-01
3.48100000e-01 3.91921593e-01 -7.17256324e-02 1.11250640e+00 1.53787272e-01
3.48200000e-01 3.91917324e-01 -7.17249757e-02 1.11250427e+00 1.53784052e-01
3.48300000e-01 3.91921588e-01 -7.17256604e-02 1.11250224e+00 1.53786994e-01
3.48400000e-01 3.91917329e-01 -7.17250070e-02 1.11250011e+00 1.53783769e-01
3.48500000e-01 3.91921583e-01 -7.17256883e-02 1.11249808e+00 1.53786716e-01
3.48600000e-01 3.91917335e-01 -7.17250381e-02 1.11249596e+00 1.53783486e-01
3.48700000e-01 3.91921578e-01 -7.17257162e-02 1.11249393e+00 1.53786440e-01
3.48800000e-01 3.91917340e-01 -7.17250692e-02 1.11249181e+00 1.53783206e-01
3.48900000e-01 3.91921573e-01 -7.17257440e-02 1.11248978e+00 1.53786165e-01
3.49000000e-01 3.91917345e-01 -7.17251003e-02 1.11248767e+00 1.53782926e-01
3.49100000e-01 3.91921568e-01 -7.17257717e-02 1.11248564e+00 1.53785891e-01
3.49200000e-01 3.91917350e-01 -7.17251312e-02 1.11248353e+00 1.53782647e-01
3.49300000e-01 3.91921563e-01 -7.17257994e-02 1.11248150e+00 1.53785618e-01
3.49400000e-01 3.91917355e-01 -7.17251622e-02 1.11247939e+00 1.53782370e-01
3.49500000e-01 3.91921558e-01 -7.17258271e-02 1.11247737e+00 1.53785346e-01
3.49600000e-01 3.91917361e-01 -7.17251930e-02 1.11247526e+00 1.53782094e-01
3.49700000e-01 3.91921553e-01 -7.17258547e-02 1.11247324e+00 1.53785075e-01
3.49800000e-01 3.91917366e-01 -7.17252238e-02 1.11247113e+00 1.53781818e-01
3.49900000e-01 3.91921548e-01 -7.17258823e-02 1.11246912e+00 1.53784806e-01
3.50000000e-01 3.91917371e-01 -7.17252545e-02 1.11246701e+00 1.53781545e-01
3.50100000e-01 3.91921543e-01 -7.17259098e-02 1.11246500e+00 1.53784537e-01
3.50200000e-01 3.91917376e-01 -7.17252852e-02 1.11246290e+00 1.53781272e-01
3.50300000e-01 3.91921538e-01 -7.17259372e-02 1.11246088e+00 1.53784270e-01
3.50400000e-01 3.91917381e-01 -7.17253158e-02 1.11245878e+00 1.53781000e-01
3.50500000e-01 3.91921533e-01 -7.17259646e-02 1.11245677e+00 1.53784004e-01
3.50600000e-01 3.91917387e-01 -7.17253463e-02 1.11245468e+00 1.53780729e-01
3.50700000e-01 3.91921529e-01 -7.17259920e-02 1.11245267e+00 1.53783738e-01
3.50800000e-01 3.91917392e-01 -7.17253767e-02 1.11245057e+00 1.53780460e-01
3.50900000e-01 3.91921524e-01 -7.17260193e-02 1.11244857e+00 1.53783474e-01
3.51000000e-01 3.91917397e-01 -7.17254071e-02 1.11244648e+00 1.53780192e-01
3.51100000e-01 3.91921519e-01 -7.17260466e-02 1.11244447e+00 1.53783211e-01
