# Time  u_x_TE  u_y_TE
1.0000000000e-01 1.9662874438e-09 -1.7931538412e-07
2.0000000000e-01 5.6772570430e-09 -7.1480689511e-07
3.0000000000e-01 8.9775156886e-09 -1.4878498160e-06
4.0000000000e-01 1.2013423738e-08 -2.2637372110e-06
5.0000000000e-01 1.4945407915e-08 -2.8490083053e-06
6.0000000000e-01 1.7821767295e-08 -3.1336218307e-06
7.0000000000e-01 2.0636409028e-08 -3.0639727793e-06
8.0000000000e-01 2.3383801953e-08 -2.6035003384e-06
9.0000000000e-01 2.6073819301e-08 -1.7164358294e-06
1.0000000000e+00 2.8709708366e-08 -3.7849305491e-07
1.1000000000e+00 3.1258367416e-08 1.4019779171e-06
1.2000000000e+00 3.3636573966e-08 3.5702866233e-06
1.3000000000e+00 3.5717771814e-08 6.0267610820e-06
1.4000000000e+00 3.7351891028e-08 8.6403175782e-06
1.5000000000e+00 3.8389441427e-08 1.1267066357e-05
1.6000000000e+00 3.8704299131e-08 1.3767814671e-05
1.7000000000e+00 3.8211588723e-08 1.6021002534e-05
1.8000000000e+00 3.6877079346e-08 1.7929512489e-05
1.9000000000e+00 3.4716180488e-08 1.9421729033e-05
2.0000000000e+00 4.2272533439e-08 1.9512084083e-05
2.0050000000e+00 5.3581555263e-08 1.9615309658e-05
2.0100000000e+00 4.7345004810e-08 1.9687949063e-05
2.0150000000e+00 2.8985401172e-08 1.9721422708e-05
2.0200000000e+00 2.4155994774e-08 1.9753492358e-05
2.0250000000e+00 3.3436761124e-08 1.9791421785e-05
2.0300000000e+00 3.7042197869e-08 1.9815682352e-05
2.0350000000e+00 2.9147884060e-08 1.9838674061e-05
2.0400000000e+00 1.4772716828e-08 1.9876026663e-05
2.0450000000e+00 3.5366501170e-09 1.9927650699e-05
2.0500000000e+00 8.0334160438e-09 2.0013617589e-05
2.0550000000e+00 2.8067541410e-08 2.0142117930e-05
2.0600000000e+00 4.2744943807e-08 2.0278765476e-05
2.0650000000e+00 3.9332316577e-08 2.0394298132e-05
2.0700000000e+00 3.2316050504e-08 2.0498107360e-05
2.0750000000e+00 3.3676214813e-08 2.0592131631e-05
2.0800000000e+00 3.8337701387e-08 2.0662130594e-05
2.0850000000e+00 4.6950295650e-08 2.0725755459e-05
2.0900000000e+00 4.7492747405e-08 2.0774719752e-05
2.0950000000e+00 2.8441998855e-08 2.0782336052e-05
2.1000000000e+00 1.2326848290e-08 2.0791287334e-05
2.1050000000e+00 1.1702449626e-08 2.0830068995e-05
2.1100000000e+00 1.7587959816e-08 2.0891024661e-05
2.1150000000e+00 2.6048767784e-08 2.0981954985e-05
2.1200000000e+00 2.9923822273e-08 2.1089406032e-05
2.1250000000e+00 2.6842992632e-08 2.1190605599e-05
2.1300000000e+00 2.4953451368e-08 2.1285319592e-05
2.1350000000e+00 3.4228370406e-08 2.1390550963e-05
2.1400000000e+00 4.8607327363e-08 2.1495124687e-05
2.1450000000e+00 5.1259146946e-08 2.1562337002e-05
2.1500000000e+00 4.5023117220e-08 2.1595749082e-05
2.1550000000e+00 3.6176707645e-08 2.1602273430e-05
2.1600000000e+00 2.3629699810e-08 2.1582382419e-05
2.1650000000e+00 2.0222964960e-08 2.1578980632e-05
2.1700000000e+00 2.6271655265e-08 2.1605417722e-05
2.1750000000e+00 2.4636023518e-08 2.1628531909e-05
2.1800000000e+00 1.9633860585e-08 2.1656465284e-05
2.1850000000e+00 1.9596324385e-08 2.1705623754e-05
2.1900000000e+00 2.1389720638e-08 2.1767225704e-05
2.1950000000e+00 2.9593473236e-08 2.1845775197e-05
2.2000000000e+00 4.3542233260e-08 2.1932042120e-05
2.2050000000e+00 5.1032865572e-08 2.1988653509e-05
2.2100000000e+00 4.6602789626e-08 2.1996556433e-05
2.2150000000e+00 3.8541950339e-08 2.1978816385e-05
2.2200000000e+00 3.4401365409e-08 2.1954506933e-05
2.2250000000e+00 3.0965911114e-08 2.1915356078e-05
2.2300000000e+00 3.0498493067e-08 2.1872694505e-05
2.2350000000e+00 3.0849420374e-08 2.1829939558e-05
2.2400000000e+00 2.0745598907e-08 2.1774957906e-05
2.2450000000e+00 1.0606802613e-08 2.1740621191e-05
2.2500000000e+00 1.4561379162e-08 2.1751714195e-05
2.2550000000e+00 2.5329365455e-08 2.1781042872e-05
2.2600000000e+00 3.6794949091e-08 2.1806993832e-05
2.2650000000e+00 4.6092789488e-08 2.1825172132e-05
2.2700000000e+00 4.3395500822e-08 2.1816246443e-05
2.2750000000e+00 3.4482174586e-08 2.1781672169e-05
2.2800000000e+00 3.6183605285e-08 2.1745879148e-05
2.2850000000e+00 4.3490977828e-08 2.1691452577e-05
2.2900000000e+00 4.3718173561e-08 2.1599009390e-05
2.2950000000e+00 3.4598882580e-08 2.1488647102e-05
2.3000000000e+00 1.9896790846e-08 2.1379708777e-05
2.3050000000e+00 8.1749411197e-09 2.1285289422e-05
2.3100000000e+00 1.0162060252e-08 2.1221647476e-05
2.3150000000e+00 2.5912987247e-08 2.1190428791e-05
2.3200000000e+00 3.5578450246e-08 2.1160700669e-05
2.3250000000e+00 3.0633729136e-08 2.1121891906e-05
2.3300000000e+00 2.7290548503e-08 2.1096688369e-05
2.3350000000e+00 3.0317356575e-08 2.1069761811e-05
2.3400000000e+00 3.9527134557e-08 2.1023977213e-05
2.3450000000e+00 5.3367533678e-08 2.0964664485e-05
2.3500000000e+00 5.2355826201e-08 2.0867555409e-05
2.3550000000e+00 3.2669834604e-08 2.0730669661e-05
2.3600000000e+00 1.6870631056e-08 2.0595901870e-05
2.3650000000e+00 1.5056804732e-08 2.0476831115e-05
2.3700000000e+00 2.1677968080e-08 2.0368263483e-05
2.3750000000e+00 2.7597417403e-08 2.0276785236e-05
2.3800000000e+00 2.4593291931e-08 2.0201374791e-05
2.3850000000e+00 1.4509837580e-08 2.0136340812e-05
2.3900000000e+00 1.1714355286e-08 2.0089265099e-05
2.3950000000e+00 2.7396060568e-08 2.0069798863e-05
2.4000000000e+00 4.7416306910e-08 2.0050059975e-05
2.4050000000e+00 5.0968682984e-08 1.9996900543e-05
2.4100000000e+00 4.3350720341e-08 1.9922400037e-05
2.4150000000e+00 3.1500075736e-08 1.9823267144e-05
2.4200000000e+00 2.3075451555e-08 1.9701710809e-05
2.4250000000e+00 2.9633886209e-08 1.9592608336e-05
2.4300000000e+00 3.5738876352e-08 1.9487288351e-05
2.4350000000e+00 2.5716185885e-08 1.9371982555e-05
2.4400000000e+00 1.0901698233e-08 1.9270453499e-05
2.4450000000e+00 4.7299390187e-09 1.9198787666e-05
2.4500000000e+00 1.1247466219e-08 1.9157379077e-05
2.4550000000e+00 2.6704308908e-08 1.9145350514e-05
2.4600000000e+00 4.0003544614e-08 1.9150943044e-05
2.4650000000e+00 3.9768415414e-08 1.9141475035e-05
2.4700000000e+00 3.0755068360e-08 1.9105612875e-05
2.4750000000e+00 3.0490368439e-08 1.9066322827e-05
2.4800000000e+00 3.8657839378e-08 1.9020451716e-05
2.4850000000e+00 4.1947275027e-08 1.8955336988e-05
2.4900000000e+00 3.7701836151e-08 1.8880194277e-05
2.4950000000e+00 2.5862692717e-08 1.8794125565e-05
2.5000000000e+00 9.7897244403e-09 1.8700178625e-05
2.5050000000e+00 6.3179640259e-09 1.8637929967e-05
2.5100000000e+00 1.6489317359e-08 1.8623182181e-05
2.5150000000e+00 2.3278775268e-08 1.8629676450e-05
2.5200000000e+00 2.4789963558e-08 1.8649958448e-05
2.5250000000e+00 2.5464671843e-08 1.8680938845e-05
2.5300000000e+00 2.5638324700e-08 1.8707729077e-05
2.5350000000e+00 3.1410162544e-08 1.8737545136e-05
2.5400000000e+00 4.2548095410e-08 1.8774407133e-05
2.5450000000e+00 4.7152862927e-08 1.8789929445e-05
2.5500000000e+00 3.9422430510e-08 1.8766848356e-05
2.5550000000e+00 2.8219135945e-08 1.8725567185e-05
2.5600000000e+00 2.0565500842e-08 1.8685966810e-05
2.5650000000e+00 1.5989781226e-08 1.8659076784e-05
2.5700000000e+00 1.7084468614e-08 1.8661572592e-05
2.5750000000e+00 2.1263658824e-08 1.8689998279e-05
2.5800000000e+00 1.8401667159e-08 1.8721727652e-05
2.5850000000e+00 1.4601144204e-08 1.8768588343e-05
2.5900000000e+00 2.0357116837e-08 1.8852243153e-05
2.5950000000e+00 2.8764036766e-08 1.8949497221e-05
2.6000000000e+00 3.7977461510e-08 1.9044534763e-05
2.6050000000e+00 4.6915695678e-08 1.9128225279e-05
2.6100000000e+00 4.3936395245e-08 1.9172398976e-05
2.6150000000e+00 3.3439715438e-08 1.9189362770e-05
2.6200000000e+00 2.7315867038e-08 1.9209472329e-05
2.6250000000e+00 2.6336097295e-08 1.9233107780e-05
2.6300000000e+00 2.6310636866e-08 1.9253978116e-05
2.6350000000e+00 2.3629563657e-08 1.9276422708e-05
2.6400000000e+00 1.8122535606e-08 1.9314087512e-05
2.6450000000e+00 1.0242367115e-08 1.9371576109e-05
2.6500000000e+00 1.0019018082e-08 1.9464088084e-05
2.6550000000e+00 2.4639303433e-08 1.9594668714e-05
2.6600000000e+00 3.8289971902e-08 1.9721072825e-05
2.6650000000e+00 4.2072278423e-08 1.9827063991e-05
2.6700000000e+00 4.0703941536e-08 1.9924148795e-05
2.6750000000e+00 3.4451090348e-08 2.0001767942e-05
2.6800000000e+00 3.1911022520e-08 2.0064378458e-05
2.6850000000e+00 3.9271379351e-08 2.0121835001e-05
2.6900000000e+00 4.1643314264e-08 2.0155850836e-05
2.6950000000e+00 3.0389230249e-08 2.0166985934e-05
2.7000000000e+00 1.5374138265e-08 2.0187342485e-05
2.7050000000e+00 7.7227188443e-09 2.0235365808e-05
2.7100000000e+00 1.1890028819e-08 2.0310001803e-05
2.7150000000e+00 2.4804520222e-08 2.0408512972e-05
2.7200000000e+00 3.5569179619e-08 2.0520713626e-05
2.7250000000e+00 3.3683462773e-08 2.0624995184e-05
2.7300000000e+00 2.6443886279e-08 2.0723332035e-05
2.7350000000e+00 3.1221417811e-08 2.0829533185e-05
2.7400000000e+00 4.3722174094e-08 2.0920097502e-05
2.7450000000e+00 5.1025902473e-08 2.0977284476e-05
2.7500000000e+00 4.8740024262e-08 2.1008998829e-05
2.7550000000e+00 3.3427918078e-08 2.1012414203e-05
2.7600000000e+00 1.5929302361e-08 2.1002547338e-05
2.7650000000e+00 1.4719494121e-08 2.1012575173e-05
2.7700000000e+00 2.4663938790e-08 2.1043560208e-05
2.7750000000e+00 2.8731442522e-08 2.1079154607e-05
2.7800000000e+00 2.4376845174e-08 2.1126077375e-05
2.7850000000e+00 1.8328176960e-08 2.1189524173e-05
2.7900000000e+00 1.8362731958e-08 2.1260360672e-05
2.7950000000e+00 3.1506687889e-08 2.1341891949e-05
2.8000000000e+00 4.9586283045e-08 2.1422882064e-05
2.8050000000e+00 5.4652767570e-08 2.1471286066e-05
2.8100000000e+00 4.3607023319e-08 2.1478667587e-05
2.8150000000e+00 3.1683241943e-08 2.1462733111e-05
2.8200000000e+00 2.8872840268e-08 2.1434504891e-05
2.8250000000e+00 3.1064419573e-08 2.1396019764e-05
2.8300000000e+00 3.4097660396e-08 2.1362432131e-05
2.8350000000e+00 2.9068518264e-08 2.1330774824e-05
2.8400000000e+00 1.4093550675e-08 2.1293144308e-05
2.8450000000e+00 8.5398758688e-09 2.1279338531e-05
2.8500000000e+00 1.9061163903e-08 2.1299457623e-05
2.8550000000e+00 3.2781355363e-08 2.1330720762e-05
2.8600000000e+00 4.2513871788e-08 2.1363975431e-05
2.8650000000e+00 4.3601525268e-08 2.1382108659e-05
2.8700000000e+00 3.7289601266e-08 2.1366902290e-05
2.8750000000e+00 3.4826478486e-08 2.1329248731e-05
2.8800000000e+00 4.0765148842e-08 2.1283377474e-05
2.8850000000e+00 4.5120262585e-08 2.1220556799e-05
2.8900000000e+00 3.8353321889e-08 2.1130880255e-05
2.8950000000e+00 2.5501946298e-08 2.1027480814e-05
2.9000000000e+00 1.5747777007e-08 2.0927428318e-05
2.9050000000e+00 1.1843450574e-08 2.0840918313e-05
2.9100000000e+00 1.8052256567e-08 2.0789379121e-05
2.9150000000e+00 2.8765673863e-08 2.0767751870e-05
2.9200000000e+00 3.0379293229e-08 2.0740344075e-05
2.9250000000e+00 2.8933405178e-08 2.0708080969e-05
2.9300000000e+00 3.2594507278e-08 2.0677485511e-05
2.9350000000e+00 3.7350929609e-08 2.0635208521e-05
2.9400000000e+00 4.3820673148e-08 2.0582782112e-05
2.9450000000e+00 4.7988658301e-08 2.0510970992e-05
2.9500000000e+00 4.2127562089e-08 2.0400463251e-05
2.9550000000e+00 2.9818877509e-08 2.0260380380e-05
2.9600000000e+00 2.0910797615e-08 2.0121997500e-05
2.9650000000e+00 1.8787512052e-08 2.0003360810e-05
2.9700000000e+00 1.9200053678e-08 1.9900259815e-05
2.9750000000e+00 2.1249278737e-08 1.9815269370e-05
2.9800000000e+00 2.2951604101e-08 1.9743768283e-05
2.9850000000e+00 2.0446282938e-08 1.9676061217e-05
2.9900000000e+00 2.1858710648e-08 1.9628272583e-05
2.9950000000e+00 3.2315371087e-08 1.9601549071e-05
3.0000000000e+00 4.2072148335e-08 1.9562847189e-05
3.0050000000e+00 4.6032017196e-08 1.9495571563e-05
3.0100000000e+00 4.4563132442e-08 1.9401961876e-05
3.0150000000e+00 3.4992541813e-08 1.9281514823e-05
3.0200000000e+00 2.5043774401e-08 1.9151579797e-05
3.0250000000e+00 2.4483120367e-08 1.9034371142e-05
3.0300000000e+00 2.6404114806e-08 1.8919514007e-05
3.0350000000e+00 2.3087273286e-08 1.8801552352e-05
3.0400000000e+00 1.6682889962e-08 1.8700417211e-05
3.0450000000e+00 1.1478167229e-08 1.8628371683e-05
3.0500000000e+00 1.2716970057e-08 1.8584760819e-05
3.0550000000e+00 2.4109127674e-08 1.8566950443e-05
3.0600000000e+00 3.9254164778e-08 1.8556234368e-05
3.0650000000e+00 4.3886633538e-08 1.8524114301e-05
3.0700000000e+00 3.7418702099e-08 1.8470571357e-05
3.0750000000e+00 3.2250778059e-08 1.8411942882e-05
3.0800000000e+00 3.2034540559e-08 1.8342610447e-05
3.0850000000e+00 3.4641439730e-08 1.8257607473e-05
3.0900000000e+00 3.6739917154e-08 1.8166058712e-05
3.0950000000e+00 2.7898770393e-08 1.8065659368e-05
3.1000000000e+00 1.1005695753e-08 1.7968549595e-05
3.1050000000e+00 4.6116917850e-09 1.7908994130e-05
3.1100000000e+00 1.2145886097e-08 1.7886734133e-05
3.1150000000e+00 2.3943206413e-08 1.7883599551e-05
3.1200000000e+00 3.2408208962e-08 1.7895693854e-05
3.1250000000e+00 3.1529252484e-08 1.7911218737e-05
3.1300000000e+00 2.6214875975e-08 1.7922623996e-05
3.1350000000e+00 2.8356256326e-08 1.7934301832e-05
3.1400000000e+00 4.0267025903e-08 1.7943133844e-05
3.1450000000e+00 4.8392918831e-08 1.7930046638e-05
3.1500000000e+00 4.1058104631e-08 1.7885772278e-05
3.1550000000e+00 2.6067707201e-08 1.7832107744e-05
3.1600000000e+00 1.3700793892e-08 1.7782237187e-05
3.1650000000e+00 1.0379463518e-08 1.7746078687e-05
3.1700000000e+00 1.9410452899e-08 1.7744326321e-05
3.1750000000e+00 2.6065156652e-08 1.7764250783e-05
3.1800000000e+00 2.0405220459e-08 1.7791690954e-05
3.1850000000e+00 1.4634681803e-08 1.7840553269e-05
3.1900000000e+00 1.8595373726e-08 1.7910807205e-05
3.1950000000e+00 3.0896696381e-08 1.7988471861e-05
3.2000000000e+00 4.4885363921e-08 1.8064521107e-05
3.2050000000e+00 4.9248945191e-08 1.8122929589e-05
3.2100000000e+00 3.9468941992e-08 1.8148073010e-05
3.2150000000e+00 2.6584901741e-08 1.8150217157e-05
3.2200000000e+00 2.3675627380e-08 1.8153696068e-05
3.2250000000e+00 2.7929225756e-08 1.8163336625e-05
3.2300000000e+00 2.7856906613e-08 1.8175659656e-05
3.2350000000e+00 2.1660518680e-08 1.8200662964e-05
3.2400000000e+00 1.2836878473e-08 1.8240307637e-05
3.2450000000e+00 7.7702381132e-09 1.8297167749e-05
3.2500000000e+00 1.6503109036e-08 1.8390209449e-05
3.2550000000e+00 3.2643468454e-08 1.8509876303e-05
3.2600000000e+00 4.0231541252e-08 1.8623925472e-05
3.2650000000e+00 3.9324297498e-08 1.8722516351e-05
3.2700000000e+00 3.6151246036e-08 1.8802667483e-05
3.2750000000e+00 3.4020415121e-08 1.8861098902e-05
3.2800000000e+00 3.6459162522e-08 1.8909247572e-05
3.2850000000e+00 3.9800612128e-08 1.8953240723e-05
3.2900000000e+00 3.4493400481e-08 1.8980051023e-05
3.2950000000e+00 2.1795489826e-08 1.8992607838e-05
3.3000000000e+00 1.2909124640e-08 1.9017375434e-05
3.3050000000e+00 1.2480477070e-08 1.9068118858e-05
3.3100000000e+00 1.7824566755e-08 1.9147359160e-05
3.3150000000e+00 2.5906760883e-08 1.9252822894e-05
3.3200000000e+00 3.1636768227e-08 1.9365558415e-05
3.3250000000e+00 3.1345264875e-08 1.9465642505e-05
3.3300000000e+00 3.1877124268e-08 1.9558978328e-05
3.3350000000e+00 3.8656782568e-08 1.9653437686e-05
3.3400000000e+00 4.3844691667e-08 1.9730160119e-05
3.3450000000e+00 4.4327000380e-08 1.9779917861e-05
3.3500000000e+00 4.0755380581e-08 1.9804891682e-05
3.3550000000e+00 3.0052021682e-08 1.9802190505e-05
3.3600000000e+00 1.9626108025e-08 1.9796584605e-05
3.3650000000e+00 1.7742937453e-08 1.9815659438e-05
3.3700000000e+00 2.0349919016e-08 1.9853944572e-05
3.3750000000e+00 2.2811953774e-08 1.9901815465e-05
3.3800000000e+00 2.4195542922e-08 1.9959518686e-05
3.3850000000e+00 2.4750496337e-08 2.0026868140e-05
3.3900000000e+00 2.6369247545e-08 2.0101961146e-05
3.3950000000e+00 3.3514438678e-08 2.0184018423e-05
3.4000000000e+00 4.4920105992e-08 2.0258901497e-05
3.4050000000e+00 4.9493359997e-08 2.0297470078e-05
3.4100000000e+00 4.4101942867e-08 2.0297397874e-05
3.4150000000e+00 3.5861878594e-08 2.0279394998e-05
3.4200000000e+00 2.7583906300e-08 2.0249449008e-05
3.4250000000e+00 2.4143011364e-08 2.0217324247e-05
3.4300000000e+00 2.7578900736e-08 2.0193903858e-05
3.4350000000e+00 2.6765627275e-08 2.0167820374e-05
3.4400000000e+00 1.9140741964e-08 2.0145495806e-05
3.4450000000e+00 1.4801999438e-08 2.0149327668e-05
3.4500000000e+00 1.8618113476e-08 2.0177732414e-05
3.4550000000e+00 2.9971427962e-08 2.0215956294e-05
3.4600000000e+00 4.2812383459e-08 2.0248691861e-05
3.4650000000e+00 4.7886198211e-08 2.0260296947e-05
3.4700000000e+00 4.1806880212e-08 2.0241128534e-05
3.4750000000e+00 3.3796347222e-08 2.0200772063e-05
3.4800000000e+00 3.4524818506e-08 2.0151976733e-05
3.4850000000e+00 3.8616951715e-08 2.0083669884e-05
3.4900000000e+00 3.6852526454e-08 1.9994318828e-05
3.4950000000e+00 2.8402852356e-08 1.9900971573e-05
3.5000000000e+00 1.5348333349e-08 1.9811736211e-05
3.5050000000e+00 8.1054819560e-09 1.9741558309e-05
3.5100000000e+00 1.6317197495e-08 1.9704752906e-05
3.5150000000e+00 3.0443538597e-08 1.9685717360e-05
3.5200000000e+00 3.6339707182e-08 1.9662978729e-05
3.5250000000e+00 3.4458780900e-08 1.9635947103e-05
3.5300000000e+00 3.1503192668e-08 1.9602578283e-05
3.5350000000e+00 3.3495093891e-08 1.9554525436e-05
3.5400000000e+00 4.2670678265e-08 1.9492410148e-05
3.5450000000e+00 4.9360875882e-08 1.9408756276e-05
3.5500000000e+00 4.2266498936e-08 1.9292091237e-05
3.5550000000e+00 2.5766615025e-08 1.9155225087e-05
3.5600000000e+00 1.4645325209e-08 1.9024009612e-05
3.5650000000e+00 1.4971397135e-08 1.8909212898e-05
3.5700000000e+00 2.1203223270e-08 1.8812530113e-05
3.5750000000e+00 2.6418132293e-08 1.8736810133e-05
3.5800000000e+00 2.4370741488e-08 1.8672025091e-05
3.5850000000e+00 1.8195595796e-08 1.8610928301e-05
3.5900000000e+00 2.1842289999e-08 1.8564733385e-05
3.5950000000e+00 3.5808222834e-08 1.8527248950e-05
3.6000000000e+00 4.6537070579e-08 1.8473973960e-05
3.6050000000e+00 4.7533922780e-08 1.8396747987e-05
3.6100000000e+00 3.9307287018e-08 1.8292600744e-05
3.6150000000e+00 2.7415593846e-08 1.8161753255e-05
3.6200000000e+00 2.3011860950e-08 1.8026991852e-05
3.6250000000e+00 2.6475995270e-08 1.7903971462e-05
3.6300000000e+00 2.6928316968e-08 1.7787165707e-05
3.6350000000e+00 1.9891198902e-08 1.7676772402e-05
3.6400000000e+00 1.1966603532e-08 1.7583067815e-05
3.6450000000e+00 1.1112072033e-08 1.7513498784e-05
3.6500000000e+00 1.8614856245e-08 1.7468168541e-05
3.6550000000e+00 3.1311905959e-08 1.7444541349e-05
3.6600000000e+00 4.0673952010e-08 1.7423710319e-05
3.6650000000e+00 3.8787655853e-08 1.7377756469e-05
3.6700000000e+00 3.3807263046e-08 1.7311031820e-05
3.6750000000e+00 3.3553340049e-08 1.7234543343e-05
3.6800000000e+00 3.4188748244e-08 1.7144971502e-05
3.6850000000e+00 3.3932138798e-08 1.7050337785e-05
3.6900000000e+00 2.9728235055e-08 1.6951729764e-05
3.6950000000e+00 1.9145671596e-08 1.6845730630e-05
3.7000000000e+00 1.0086261517e-08 1.6751371902e-05
3.7050000000e+00 1.0048968705e-08 1.6691547234e-05
3.7100000000e+00 1.6605497605e-08 1.6666817421e-05
3.7150000000e+00 2.3573461682e-08 1.6663119245e-05
3.7200000000e+00 2.8501065006e-08 1.6668879421e-05
3.7250000000e+00 3.0739299101e-08 1.6672417177e-05
3.7300000000e+00 3.0888981989e-08 1.6666839194e-05
3.7350000000e+00 3.3849779951e-08 1.6660427719e-05
3.7400000000e+00 3.9584835292e-08 1.6650247450e-05
3.7450000000e+00 3.9808461649e-08 1.6616036617e-05
3.7500000000e+00 3.3453704048e-08 1.6558254062e-05
3.7550000000e+00 2.4938826614e-08 1.6493557103e-05
3.7600000000e+00 1.5645467454e-08 1.6433870882e-05
3.7650000000e+00 1.1471586758e-08 1.6398613848e-05
3.7700000000e+00 1.5532612255e-08 1.6396914518e-05
3.7750000000e+00 2.0047924971e-08 1.6412906867e-05
3.7800000000e+00 2.0915756468e-08 1.6438590650e-05
3.7850000000e+00 2.1472947283e-08 1.6481643519e-05
3.7900000000e+00 2.4320374807e-08 1.6540892297e-05
3.7950000000e+00 3.0599843544e-08 1.6605052611e-05
3.8000000000e+00 3.9693464811e-08 1.6663480619e-05
3.8050000000e+00 4.4901089168e-08 1.6699959467e-05
3.8100000000e+00 3.9509035210e-08 1.6704262653e-05
3.8150000000e+00 2.8458817122e-08 1.6693346861e-05
3.8200000000e+00 2.1424403392e-08 1.6687551314e-05
3.8250000000e+00 1.9944317327e-08 1.6688990310e-05
3.8300000000e+00 2.1129682434e-08 1.6698671589e-05
3.8350000000e+00 2.1588501510e-08 1.6722907622e-05
3.8400000000e+00 1.6670063044e-08 1.6761887936e-05
3.8450000000e+00 1.1025467546e-08 1.6822388855e-05
3.8500000000e+00 1.6078858233e-08 1.6916049543e-05
3.8550000000e+00 2.9237365091e-08 1.7025556147e-05
3.8600000000e+00 4.0065700253e-08 1.7125714314e-05
3.8650000000e+00 4.3501138592e-08 1.7210403477e-05
3.8700000000e+00 3.8096552368e-08 1.7274224363e-05
3.8750000000e+00 3.0367050161e-08 1.7319105987e-05
3.8800000000e+00 2.9584986015e-08 1.7356523562e-05
3.8850000000e+00 3.3923812373e-08 1.7387411814e-05
3.8900000000e+00 3.2944999899e-08 1.7406234328e-05
3.8950000000e+00 2.2586949167e-08 1.7420839145e-05
3.9000000000e+00 1.1431439954e-08 1.7452241979e-05
3.9050000000e+00 8.1886515822e-09 1.7509674946e-05
3.9100000000e+00 1.5230019592e-08 1.7592590850e-05
3.9150000000e+00 2.8877738369e-08 1.7698571442e-05
3.9200000000e+00 3.6462873211e-08 1.7807052570e-05
3.9250000000e+00 3.3048395667e-08 1.7902616269e-05
3.9300000000e+00 3.0078086671e-08 1.7992631474e-05
3.9350000000e+00 3.4299544722e-08 1.8074055751e-05
3.9400000000e+00 4.1492264545e-08 1.8135133531e-05
3.9450000000e+00 4.5408224148e-08 1.8175506789e-05
3.9500000000e+00 3.8860831634e-08 1.8192629533e-05
3.9550000000e+00 2.3746936462e-08 1.8191045666e-05
3.9600000000e+00 1.3123188137e-08 1.8193191459e-05
3.9650000000e+00 1.4695495246e-08 1.8217060955e-05
3.9700000000e+00 2.2332363838e-08 1.8261404937e-05
3.9750000000e+00 2.5897254033e-08 1.8318036606e-05
3.9800000000e+00 2.4148002719e-08 1.8385746686e-05
3.9850000000e+00 2.2007599927e-08 1.8459279648e-05
3.9900000000e+00 2.5168397320e-08 1.8533500099e-05
3.9950000000e+00 3.7140864930e-08 1.8611012113e-05
4.0000000000e+00 4.8329011384e-08 1.8675200247e-05
4.0050000000e+00 4.7232542067e-08 1.8704704872e-05
4.0100000000e+00 3.7808582201e-08 1.8703341171e-05
4.0150000000e+00 2.8873345792e-08 1.8681737675e-05
4.0200000000e+00 2.4565373959e-08 1.8650015939e-05
4.0250000000e+00 2.5840640740e-08 1.8623735573e-05
4.0300000000e+00 2.6995373715e-08 1.8607752410e-05
4.0350000000e+00 2.1609734597e-08 1.8594161767e-05
4.0400000000e+00 1.4567155726e-08 1.8587874714e-05
4.0450000000e+00 1.5269210314e-08 1.8602583821e-05
4.0500000000e+00 2.4094764684e-08 1.8636022362e-05
4.0550000000e+00 3.4955709349e-08 1.8676154159e-05
4.0600000000e+00 4.2208319670e-08 1.8709223529e-05
4.0650000000e+00 4.2446074282e-08 1.8716708076e-05
4.0700000000e+00 3.7474245923e-08 1.8691235848e-05
4.0750000000e+00 3.4779512915e-08 1.8646271447e-05
4.0800000000e+00 3.6278684847e-08 1.8591976726e-05
4.0850000000e+00 3.4926747191e-08 1.8522563157e-05
4.0900000000e+00 2.8975851049e-08 1.8440949674e-05
4.0950000000e+00 2.1460243303e-08 1.8356945296e-05
4.1000000000e+00 1.4198463820e-08 1.8277849107e-05
4.1050000000e+00 1.3041156381e-08 1.8221337739e-05
4.1100000000e+00 2.0137409703e-08 1.8196371856e-05
4.1150000000e+00 2.8082590177e-08 1.8183972650e-05
4.1200000000e+00 3.2429093705e-08 1.8166449811e-05
4.1250000000e+00 3.4584368676e-08 1.8139601429e-05
4.1300000000e+00 3.5545684074e-08 1.8099369566e-05
4.1350000000e+00 3.6946886540e-08 1.8045053037e-05
4.1400000000e+00 3.9926165705e-08 1.7977012648e-05
4.1450000000e+00 4.0923571947e-08 1.7886334739e-05
4.1500000000e+00 3.5036828231e-08 1.7766341928e-05
4.1550000000e+00 2.4654768530e-08 1.7631639947e-05
4.1600000000e+00 1.6990413311e-08 1.7506970987e-05
4.1650000000e+00 1.4063926971e-08 1.7400869201e-05
4.1700000000e+00 1.6397404083e-08 1.7315453844e-05
4.1750000000e+00 2.2652679288e-08 1.7249395411e-05
4.1800000000e+00 2.5128608738e-08 1.7187750885e-05
4.1850000000e+00 2.4085334431e-08 1.7130139967e-05
4.1900000000e+00 2.6844150587e-08 1.7084810468e-05
4.1950000000e+00 3.3626361071e-08 1.7038957958e-05
4.2000000000e+00 4.0994060802e-08 1.6976050136e-05
4.2050000000e+00 4.4388017419e-08 1.6887510914e-05
4.2100000000e+00 3.9198101027e-08 1.6770688001e-05
4.2150000000e+00 2.7807517355e-08 1.6634923114e-05
4.2200000000e+00 1.9370023744e-08 1.6499919912e-05
4.2250000000e+00 1.9108726163e-08 1.6377607123e-05
4.2300000000e+00 2.1414101750e-08 1.6262974619e-05
4.2350000000e+00 2.0186777196e-08 1.6157265262e-05
4.2400000000e+00 1.6244690596e-08 1.6071200840e-05
4.2450000000e+00 1.3030444832e-08 1.6006392336e-05
4.2500000000e+00 1.6741170171e-08 1.5962670400e-05
4.2550000000e+00 2.9646367240e-08 1.5934928052e-05
4.2600000000e+00 4.0997335192e-08 1.5899522182e-05
4.2650000000e+00 4.1502486705e-08 1.5840371369e-05
4.2700000000e+00 3.5048363161e-08 1.5763244051e-05
4.2750000000e+00 2.8654779850e-08 1.5673079190e-05
4.2800000000e+00 2.6936873323e-08 1.5572605025e-05
4.2850000000e+00 2.9653205249e-08 1.5468967530e-05
4.2900000000e+00 2.8685674568e-08 1.5363423409e-05
4.2950000000e+00 1.8909826756e-08 1.5258363400e-05
4.3000000000e+00 7.8163968893e-09 1.5170566525e-05
4.3050000000e+00 6.3488000968e-09 1.5115775414e-05
4.3100000000e+00 1.5226593183e-08 1.5090122174e-05
4.3150000000e+00 2.6593457116e-08 1.5082229493e-05
4.3200000000e+00 3.3020397323e-08 1.5082008127e-05
4.3250000000e+00 3.1298302096e-08 1.5075546231e-05
4.3300000000e+00 2.7310980871e-08 1.5058594816e-05
4.3350000000e+00 3.0493292639e-08 1.5037418315e-05
4.3400000000e+00 3.8142476635e-08 1.5006782058e-05
4.3450000000e+00 3.9224905763e-08 1.4955856670e-05
4.3500000000e+00 3.1016349811e-08 1.4890048926e-05
4.3550000000e+00 1.8372183124e-08 1.4821028714e-05
4.3600000000e+00 8.9067928995e-09 1.4760128873e-05
4.3650000000e+00 1.0091135531e-08 1.4726277886e-05
4.3700000000e+00 1.8059857700e-08 1.4723929774e-05
4.3750000000e+00 2.1888674049e-08 1.4739557808e-05
4.3800000000e+00 1.9933383986e-08 1.4767588411e-05
4.3850000000e+00 1.8833588628e-08 1.4808018223e-05
4.3900000000e+00 2.3866876446e-08 1.4856589839e-05
4.3950000000e+00 3.3670727054e-08 1.4906207702e-05
4.4000000000e+00 4.1980394141e-08 1.4948003936e-05
4.4050000000e+00 4.1618320606e-08 1.4968506990e-05
4.4100000000e+00 3.1704978923e-08 1.4960736135e-05
4.4150000000e+00 2.2248561399e-08 1.4941392014e-05
4.4200000000e+00 1.9816781346e-08 1.4928188538e-05
4.4250000000e+00 2.0164740784e-08 1.4925008318e-05
4.4300000000e+00 1.9735585539e-08 1.4938145460e-05
4.4350000000e+00 1.6708802576e-08 1.4968107575e-05
4.4400000000e+00 1.1834789238e-08 1.5010730310e-05
4.4450000000e+00 1.2520200099e-08 1.5075453709e-05
4.4500000000e+00 2.1663866021e-08 1.5166564491e-05
4.4550000000e+00 3.2247724258e-08 1.5268009656e-05
4.4600000000e+00 3.7932260715e-08 1.5361167597e-05
4.4650000000e+00 3.7854465622e-08 1.5435095565e-05
4.4700000000e+00 3.4279995322e-08 1.5485794794e-05
4.4750000000e+00 3.0783503732e-08 1.5519416420e-05
4.4800000000e+00 2.9956335873e-08 1.5548422297e-05
4.4850000000e+00 2.9464979525e-08 1.5575779858e-05
4.4900000000e+00 2.4177457358e-08 1.5595405699e-05
4.4950000000e+00 1.6413000815e-08 1.5616764103e-05
4.5000000000e+00 1.1914773688e-08 1.5656399577e-05
4.5050000000e+00 1.1825136839e-08 1.5720399281e-05
4.5100000000e+00 1.7412969296e-08 1.5812535764e-05
4.5150000000e+00 2.6538536765e-08 1.5923532251e-05
4.5200000000e+00 3.2142618412e-08 1.6030210176e-05
4.5250000000e+00 3.3298897169e-08 1.6123524824e-05
4.5300000000e+00 3.4039306070e-08 1.6207389829e-05
4.5350000000e+00 3.5484533589e-08 1.6280033702e-05
4.5400000000e+00 3.6939087357e-08 1.6335607133e-05
4.5450000000e+00 3.7063028460e-08 1.6371838529e-05
4.5500000000e+00 3.2419241975e-08 1.6387263243e-05
4.5550000000e+00 2.2644131702e-08 1.6389925161e-05
4.5600000000e+00 1.4360449580e-08 1.6402760184e-05
4.5650000000e+00 1.3086011850e-08 1.6439966908e-05
4.5700000000e+00 1.7118573764e-08 1.6496665259e-05
4.5750000000e+00 2.2496044974e-08 1.6565738689e-05
4.5800000000e+00 2.6301546230e-08 1.6642743466e-05
4.5850000000e+00 2.6705785770e-08 1.6721308000e-05
4.5900000000e+00 2.7734319917e-08 1.6800324890e-05
4.5950000000e+00 3.4648555612e-08 1.6878065713e-05
4.6000000000e+00 4.2520569190e-08 1.6936346917e-05
4.6050000000e+00 4.3892493832e-08 1.6961336123e-05
4.6100000000e+00 3.8008962617e-08 1.6959475078e-05
4.6150000000e+00 2.7653516766e-08 1.6940900658e-05
4.6200000000e+00 1.9461778398e-08 1.6918095729e-05
4.6250000000e+00 1.9126001460e-08 1.6904535663e-05
4.6300000000e+00 2.2665407297e-08 1.6900439798e-05
4.6350000000e+00 2.2315591559e-08 1.6901252696e-05
4.6400000000e+00 1.7966949340e-08 1.6913289616e-05
4.6450000000e+00 1.6322027483e-08 1.6943811133e-05
4.6500000000e+00 2.1931100408e-08 1.6987740070e-05
4.6550000000e+00 3.3189272892e-08 1.7032708003e-05
4.6600000000e+00 4.3476028572e-08 1.7065471589e-05
4.6650000000e+00 4.4397537407e-08 1.7070931221e-05
4.6700000000e+00 3.6274748955e-08 1.7046037456e-05
4.6750000000e+00 2.9818174167e-08 1.7004547095e-05
4.6800000000e+00 2.9571244504e-08 1.6951771094e-05
4.6850000000e+00 3.0795318270e-08 1.6886276124e-05
4.6900000000e+00 2.8789609851e-08 1.6816070475e-05
4.6950000000e+00 2.0622890026e-08 1.6746777900e-05
4.7000000000e+00 1.0957209145e-08 1.6686577701e-05
4.7050000000e+00 1.0254696334e-08 1.6649882911e-05
4.7100000000e+00 2.0033434752e-08 1.6636817606e-05
4.7150000000e+00 3.1371305642e-08 1.6632374157e-05
4.7200000000e+00 3.5991431967e-08 1.6622056865e-05
4.7250000000e+00 3.4241242240e-08 1.6599377659e-05
4.7300000000e+00 3.1851340744e-08 1.6560039298e-05
4.7350000000e+00 3.3660703404e-08 1.6502956319e-05
4.7400000000e+00 3.9328438684e-08 1.6431185625e-05
4.7450000000e+00 4.0342114977e-08 1.6338728928e-05
4.7500000000e+00 3.0997552478e-08 1.6223098431e-05
4.7550000000e+00 1.8526929551e-08 1.6100812398e-05
4.7600000000e+00 1.1913047958e-08 1.5988228709e-05
4.7650000000e+00 1.3227416948e-08 1.5893642796e-05
4.7700000000e+00 1.9744519128e-08 1.5822528883e-05
4.7750000000e+00 2.4434577223e-08 1.5767947078e-05
4.7800000000e+00 2.3248296864e-08 1.5716631424e-05
4.7850000000e+00 2.2235802178e-08 1.5667227197e-05
4.7900000000e+00 2.7648151554e-08 1.5621250576e-05
4.7950000000e+00 3.6673420590e-08 1.5569404002e-05
4.8000000000e+00 4.2354967773e-08 1.5500194912e-05
4.8050000000e+00 4.0476204820e-08 1.5406846492e-05
4.8100000000e+00 3.1887122075e-08 1.5287122796e-05
4.8150000000e+00 2.2469200209e-08 1.5150927467e-05
4.8200000000e+00 1.8879190480e-08 1.5019099421e-05
4.8250000000e+00 1.9966003500e-08 1.4901686101e-05
4.8300000000e+00 1.9164168976e-08 1.4795792954e-05
4.8350000000e+00 1.5795196082e-08 1.4703053581e-05
4.8400000000e+00 1.3598939106e-08 1.4626712155e-05
4.8450000000e+00 1.5139621023e-08 1.4566819716e-05
4.8500000000e+00 2.2434422064e-08 1.4525324400e-05
4.8550000000e+00 3.2552289807e-08 1.4494251568e-05
4.8600000000e+00 3.7805865121e-08 1.4451354748e-05
4.8650000000e+00 3.6451731765e-08 1.4384302520e-05
4.8700000000e+00 3.2782137258e-08 1.4297466024e-05
4.8750000000e+00 2.9161694811e-08 1.4196634532e-05
4.8800000000e+00 2.6712496140e-08 1.4090286399e-05
4.8850000000e+00 2.4961923549e-08 1.3985417270e-05
4.8900000000e+00 2.0965193093e-08 1.3881021100e-05
4.8950000000e+00 1.4279961933e-08 1.3780858389e-05
4.9000000000e+00 9.4333261858e-09 1.3700085870e-05
4.9050000000e+00 1.0634927172e-08 1.3650797839e-05
4.9100000000e+00 1.6533384995e-08 1.3628421174e-05
4.9150000000e+00 2.4117224398e-08 1.3620910702e-05
4.9200000000e+00 3.0585047476e-08 1.3615583640e-05
4.9250000000e+00 3.2065508103e-08 1.3598465000e-05
4.9300000000e+00 3.0704830345e-08 1.3570155860e-05
4.9350000000e+00 3.1430107844e-08 1.3537381219e-05
4.9400000000e+00 3.2683017090e-08 1.3493212954e-05
4.9450000000e+00 3.1420726746e-08 1.3432442543e-05
4.9500000000e+00 2.6527047450e-08 1.3360917739e-05
4.9550000000e+00 1.7812778066e-08 1.3288510023e-05
4.9600000000e+00 9.6931925237e-09 1.3231138701e-05
4.9650000000e+00 8.3498460022e-09 1.3203430128e-05
4.9700000000e+00 1.3732979845e-08 1.3204250150e-05
4.9750000000e+00 1.9855051017e-08 1.3221293542e-05
4.9800000000e+00 2.2716413161e-08 1.3248154914e-05
4.9850000000e+00 2.3552391856e-08 1.3284583242e-05
4.9900000000e+00 2.5223759088e-08 1.3325406427e-05
4.9950000000e+00 3.0299534280e-08 1.3363691106e-05
5.0000000000e+00 3.7515257651e-08 1.3391499983e-05
5.0050000000e+00 3.8920343627e-08 1.3395765592e-05
5.0100000000e+00 3.1170302059e-08 1.3377400955e-05
5.0150000000e+00 2.0854386743e-08 1.3354367762e-05
5.0200000000e+00 1.4310789376e-08 1.3338819180e-05
5.0250000000e+00 1.3857311537e-08 1.3337098690e-05
5.0300000000e+00 1.7293792519e-08 1.3353784827e-05
5.0350000000e+00 1.8056147930e-08 1.3386725884e-05
5.0400000000e+00 1.4376029294e-08 1.3435257540e-05
5.0450000000e+00 1.3035536501e-08 1.3505014375e-05
5.0500000000e+00 1.9726212908e-08 1.3594507620e-05
5.0550000000e+00 3.1079952995e-08 1.3687983497e-05
5.0600000000e+00 3.9234566302e-08 1.3770086314e-05
5.0650000000e+00 3.9196550199e-08 1.3833170849e-05
5.0700000000e+00 3.1926519413e-08 1.3874308149e-05
5.0750000000e+00 2.4846198325e-08 1.3901113530e-05
5.0800000000e+00 2.4312537487e-08 1.3925266210e-05
5.0850000000e+00 2.6367016507e-08 1.3948370694e-05
5.0900000000e+00 2.3289674937e-08 1.3970299775e-05
5.0950000000e+00 1.5370222017e-08 1.4001226799e-05
5.1000000000e+00 8.6545717262e-09 1.4051177880e-05
5.1050000000e+00 9.0093071016e-09 1.4124272021e-05
5.1100000000e+00 1.8532180220e-08 1.4222214892e-05
5.1150000000e+00 3.0001120329e-08 1.4333451138e-05
5.1200000000e+00 3.4178863443e-08 1.4438577443e-05
5.1250000000e+00 3.1950567312e-08 1.4530524065e-05
5.1300000000e+00 3.0207304469e-08 1.4609464963e-05
5.1350000000e+00 3.2438141045e-08 1.4673584339e-05
5.1400000000e+00 3.6205632905e-08 1.4722165025e-05
5.1450000000e+00 3.5794677784e-08 1.4755366422e-05
5.1500000000e+00 2.7676357083e-08 1.4773348811e-05
5.1550000000e+00 1.6029828892e-08 1.4785173444e-05
5.1600000000e+00 1.0286274166e-08 1.4809713967e-05
5.1650000000e+00 1.3489243769e-08 1.4857752255e-05
5.1700000000e+00 1.9597917992e-08 1.4925388904e-05
5.1750000000e+00 2.3557491523e-08 1.5006823975e-05
5.1800000000e+00 2.4389036586e-08 1.5093676709e-05
5.1850000000e+00 2.4437977566e-08 1.5176910577e-05
5.1900000000e+00 2.9031859596e-08 1.5257198021e-05
5.1950000000e+00 3.7553852228e-08 1.5331253202e-05
5.2000000000e+00 4.2099725525e-08 1.5384322189e-05
5.2050000000e+00 3.8985277427e-08 1.5409146071e-05
5.2100000000e+00 3.0952479612e-08 1.5409253698e-05
5.2150000000e+00 2.2967482209e-08 1.5394599725e-05
5.2200000000e+00 1.9155584237e-08 1.5380634529e-05
5.2250000000e+00 1.9526675541e-08 1.5379243521e-05
5.2300000000e+00 2.0037488767e-08 1.5390344442e-05
5.2350000000e+00 1.7795519241e-08 1.5408373971e-05
5.2400000000e+00 1.6186897084e-08 1.5436460347e-05
5.2450000000e+00 1.9487004506e-08 1.5478824099e-05
5.2500000000e+00 2.6544698416e-08 1.5529336476e-05
5.2550000000e+00 3.4718190605e-08 1.5579001501e-05
5.2600000000e+00 4.0164091841e-08 1.5613234195e-05
5.2650000000e+00 3.9152896098e-08 1.5616752507e-05
5.2700000000e+00 3.4359378831e-08 1.5592090476e-05
5.2750000000e+00 3.0590423447e-08 1.5551979121e-05
5.2800000000e+00 2.8057807248e-08 1.5502667735e-05
5.2850000000e+00 2.5461107756e-08 1.5447363151e-05
5.2900000000e+00 2.2063938434e-08 1.5390380249e-05
5.2950000000e+00 1.7189186573e-08 1.5335761571e-05
5.3000000000e+00 1.3087201569e-08 1.5292677055e-05
5.3050000000e+00 1.4152319091e-08 1.5272549551e-05
5.3100000000e+00 2.0830181127e-08 1.5272879354e-05
5.3150000000e+00 2.8756154061e-08 1.5277148359e-05
5.3200000000e+00 3.4161932255e-08 1.5271616078e-05
5.3250000000e+00 3.5894284724e-08 1.5249711666e-05
5.3300000000e+00 3.4407692962e-08 1.5208451768e-05
5.3350000000e+00 3.3101931383e-08 1.5151074680e-05
5.3400000000e+00 3.4045870634e-08 1.5079329639e-05
5.3450000000e+00 3.3138962363e-08 1.4987223650e-05
5.3500000000e+00 2.7263165352e-08 1.4877336978e-05
5.3550000000e+00 1.8941985368e-08 1.4765705779e-05
5.3600000000e+00 1.2178243731e-08 1.4666457556e-05
5.3650000000e+00 1.1022987546e-08 1.4587597117e-05
5.3700000000e+00 1.6680238268e-08 1.4530629858e-05
5.3750000000e+00 2.3681675200e-08 1.4485266011e-05
5.3800000000e+00 2.6442318041e-08 1.4440579055e-05
5.3850000000e+00 2.6475128213e-08 1.4396114947e-05
5.3900000000e+00 2.8257406998e-08 1.4350351458e-05
5.3950000000e+00 3.3205345537e-08 1.4294281638e-05
5.4000000000e+00 3.8460732584e-08 1.4218820615e-05
5.4050000000e+00 3.8836240164e-08 1.4119079154e-05
5.4100000000e+00 3.1264569720e-08 1.3996565155e-05
5.4150000000e+00 2.0071927949e-08 1.3863779166e-05
5.4200000000e+00 1.4040710673e-08 1.3738928865e-05
5.4250000000e+00 1.4984460164e-08 1.3628352390e-05
5.4300000000e+00 1.7680165531e-08 1.3530355947e-05
5.4350000000e+00 1.8272667144e-08 1.3447628629e-05
5.4400000000e+00 1.5937965340e-08 1.3379940158e-05
5.4450000000e+00 1.4998076699e-08 1.3326224149e-05
5.4500000000e+00 2.1399752979e-08 1.3286336565e-05
5.4550000000e+00 3.2425783670e-08 1.3248405627e-05
5.4600000000e+00 3.9212223494e-08 1.3195277005e-05
5.4650000000e+00 3.7307016494e-08 1.3119854104e-05
5.4700000000e+00 2.9888166437e-08 1.3025121685e-05
5.4750000000e+00 2.3480865328e-08 1.2917896009e-05
5.4800000000e+00 2.1974512953e-08 1.2806915166e-05
5.4850000000e+00 2.3148918719e-08 1.2699496775e-05
5.4900000000e+00 2.0556501872e-08 1.2596971074e-05
5.4950000000e+00 1.2664188018e-08 1.2503509350e-05
5.5000000000e+00 6.8548201718e-09 1.2431640669e-05
5.5050000000e+00 9.2588586730e-09 1.2386969788e-05
5.5100000000e+00 1.8208946090e-08 1.2363764292e-05
5.5150000000e+00 2.8037700891e-08 1.2353090097e-05
5.5200000000e+00 3.2251452660e-08 1.2340482732e-05
5.5250000000e+00 2.9763137065e-08 1.2314035926e-05
5.5300000000e+00 2.7400334291e-08 1.2275498765e-05
5.5350000000e+00 2.9379361828e-08 1.2228258996e-05
5.5400000000e+00 3.1962653263e-08 1.2170127094e-05
5.5450000000e+00 2.9774771337e-08 1.2100980794e-05
5.5500000000e+00 2.1689884609e-08 1.2026103519e-05
5.5550000000e+00 1.1805395992e-08 1.1954510817e-05
5.5600000000e+00 6.7576287497e-09 1.1899972651e-05
5.5650000000e+00 9.8133443711e-09 1.1874917370e-05
5.5700000000e+00 1.6450276919e-08 1.1877062229e-05
5.5750000000e+00 2.0128271461e-08 1.1894599972e-05
5.5800000000e+00 2.0844201761e-08 1.1920601116e-05
5.5850000000e+00 2.2334986782e-08 1.1950313215e-05
5.5900000000e+00 2.6553587741e-08 1.1978903729e-05
5.5950000000e+00 3.2790229838e-08 1.2003427972e-05
5.6000000000e+00 3.6561664730e-08 1.2016425446e-05
5.6050000000e+00 3.3048688004e-08 1.2007922104e-05
5.6100000000e+00 2.4588154832e-08 1.1981569647e-05
5.6150000000e+00 1.7451447262e-08 1.1952842622e-05
5.6200000000e+00 1.4067984756e-08 1.1934214861e-05
5.6250000000e+00 1.3809337596e-08 1.1934233350e-05
5.6300000000e+00 1.4559516635e-08 1.1955366159e-05
5.6350000000e+00 1.3987654921e-08 1.1992344746e-05
5.6400000000e+00 1.3426736242e-08 1.2043567120e-05
5.6450000000e+00 1.6561798034e-08 1.2112731346e-05
5.6500000000e+00 2.3821193776e-08 1.2196563094e-05
5.6550000000e+00 3.1238686645e-08 1.2281318642e-05
5.6600000000e+00 3.5251994376e-08 1.2353109867e-05
5.6650000000e+00 3.4691876912e-08 1.2403956919e-05
5.6700000000e+00 3.0009962243e-08 1.2433251136e-05
5.6750000000e+00 2.4870099627e-08 1.2452020640e-05
5.6800000000e+00 2.2328561403e-08 1.2472221796e-05
5.6850000000e+00 2.0326821476e-08 1.2494618189e-05
5.6900000000e+00 1.6977416489e-08 1.2520533890e-05
5.6950000000e+00 1.3331126250e-08 1.2558230009e-05
5.7000000000e+00 1.0736964057e-08 1.2614531134e-05
5.7050000000e+00 1.1953098809e-08 1.2694752769e-05
5.7100000000e+00 1.8663410110e-08 1.2797447400e-05
5.7150000000e+00 2.7235055361e-08 1.2907474831e-05
5.7200000000e+00 3.2591554156e-08 1.3008164559e-05
5.7250000000e+00 3.3398617709e-08 1.3093527616e-05
5.7300000000e+00 3.1807247824e-08 1.3164620429e-05
5.7350000000e+00 3.0353915965e-08 1.3221977296e-05
5.7400000000e+00 3.0089801756e-08 1.3265669957e-05
5.7450000000e+00 2.9385878608e-08 1.3296558767e-05
5.7500000000e+00 2.4350595073e-08 1.3315877078e-05
5.7550000000e+00 1.5817565196e-08 1.3335170632e-05
5.7600000000e+00 1.0133064321e-08 1.3371975195e-05
5.7650000000e+00 1.0728987411e-08 1.3431542891e-05
5.7700000000e+00 1.6558300530e-08 1.3509644122e-05
5.7750000000e+00 2.3762043686e-08 1.3599171884e-05
5.7800000000e+00 2.7283156496e-08 1.3689821762e-05
5.7850000000e+00 2.7127048920e-08 1.3775853726e-05
5.7900000000e+00 2.8539314122e-08 1.3856738360e-05
5.7950000000e+00 3.3625262018e-08 1.3926524841e-05
5.8000000000e+00 3.8214381077e-08 1.3974205934e-05
5.8050000000e+00 3.7218209287e-08 1.3995971254e-05
5.8100000000e+00 2.9616169010e-08 1.3997704325e-05
5.8150000000e+00 1.9532907083e-08 1.3990122528e-05
5.8200000000e+00 1.3846612380e-08 1.3987174011e-05
5.8250000000e+00 1.5441667547e-08 1.3998343412e-05
5.8300000000e+00 1.9270580570e-08 1.4021735834e-05
5.8350000000e+00 1.9640041904e-08 1.4053910369e-05
5.8400000000e+00 1.7897116764e-08 1.4097039578e-05
5.8450000000e+00 1.8779704121e-08 1.4149982851e-05
5.8500000000e+00 2.5077882449e-08 1.4206072415e-05
5.8550000000e+00 3.5023170151e-08 1.4256581350e-05
5.8600000000e+00 4.1233317770e-08 1.4287996056e-05
5.8650000000e+00 3.8422703240e-08 1.4290286663e-05
5.8700000000e+00 3.0590877344e-08 1.4267868361e-05
5.8750000000e+00 2.4917989645e-08 1.4230976749e-05
5.8800000000e+00 2.3680666077e-08 1.4186330793e-05
5.8850000000e+00 2.3982684349e-08 1.4139783329e-05
5.8900000000e+00 2.1408827873e-08 1.4095971094e-05
5.8950000000e+00 1.5068835551e-08 1.4057989162e-05
5.9000000000e+00 1.0391396103e-08 1.4032971448e-05
5.9050000000e+00 1.3530772704e-08 1.4027540375e-05
5.9100000000e+00 2.3140302822e-08 1.4036776875e-05
5.9150000000e+00 3.1822980065e-08 1.4046616319e-05
5.9200000000e+00 3.4893334296e-08 1.4045063071e-05
5.9250000000e+00 3.3219337579e-08 1.4024474130e-05
5.9300000000e+00 3.0754723920e-08 1.3982042063e-05
5.9350000000e+00 3.1492065107e-08 1.3923021920e-05
5.9400000000e+00 3.3428688564e-08 1.3850208040e-05
5.9450000000e+00 3.0466130054e-08 1.3760964102e-05
5.9500000000e+00 2.2171910472e-08 1.3660836271e-05
5.9550000000e+00 1.3726613731e-08 1.3562012578e-05
5.9600000000e+00 1.0096592124e-08 1.3475698333e-05
5.9650000000e+00 1.3015996652e-08 1.3410467653e-05
5.9700000000e+00 1.9231113283e-08 1.3365551619e-05
5.9750000000e+00 2.3502760538e-08 1.3329855845e-05
5.9800000000e+00 2.4480550585e-08 1.3292430073e-05
5.9850000000e+00 2.5825855823e-08 1.3250258320e-05
5.9900000000e+00 3.0088579713e-08 1.3201551085e-05
5.9950000000e+00 3.4860747780e-08 1.3139938782e-05
6.0000000000e+00 3.6578848012e-08 1.3059867557e-05
6.0050000000e+00 3.3104904101e-08 1.2957572134e-05
6.0100000000e+00 2.5060734935e-08 1.2834596310e-05
6.0150000000e+00 1.7524117791e-08 1.2705602653e-05
6.0200000000e+00 1.4496565305e-08 1.2587211738e-05
6.0250000000e+00 1.4425096489e-08 1.2484758284e-05
6.0300000000e+00 1.4910809403e-08 1.2398041301e-05
6.0350000000e+00 1.5302397717e-08 1.2325376781e-05
6.0400000000e+00 1.5922460289e-08 1.2263780554e-05
6.0450000000e+00 1.8790749709e-08 1.2213217743e-05
6.0500000000e+00 2.5046870712e-08 1.2171888763e-05
6.0550000000e+00 3.1890567353e-08 1.2128222066e-05
6.0600000000e+00 3.5094522387e-08 1.2067036954e-05
6.0650000000e+00 3.3448634856e-08 1.1982615345e-05
6.0700000000e+00 2.8678247988e-08 1.1879465769e-05
6.0750000000e+00 2.3123525788e-08 1.1766275451e-05
6.0800000000e+00 1.9361186301e-08 1.1653923927e-05
6.0850000000e+00 1.7673831940e-08 1.1548283861e-05
6.0900000000e+00 1.5250965597e-08 1.1449081184e-05
6.0950000000e+00 1.1612145009e-08 1.1361617283e-05
6.1000000000e+00 9.7219921350e-09 1.1295918947e-05
6.1050000000e+00 1.1690395087e-08 1.1254747727e-05
6.1100000000e+00 1.7823972654e-08 1.1232305847e-05
6.1150000000e+00 2.6029281355e-08 1.1217319536e-05
6.1200000000e+00 3.1317695205e-08 1.1194906329e-05
6.1250000000e+00 3.1130226959e-08 1.1156983912e-05
6.1300000000e+00 2.8418458632e-08 1.1107029216e-05
6.1350000000e+00 2.6569680149e-08 1.1048259338e-05
6.1400000000e+00 2.5864756533e-08 1.0979905737e-05
6.1450000000e+00 2.4250402799e-08 1.0903602701e-05
6.1500000000e+00 1.9345418450e-08 1.0825107206e-05
6.1550000000e+00 1.1635970064e-08 1.0754334124e-05
6.1600000000e+00 6.0493927104e-09 1.0704473918e-05
6.1650000000e+00 7.4765881306e-09 1.0683588218e-05
6.1700000000e+00 1.4284164316e-08 1.0686188314e-05
6.1750000000e+00 2.0808087704e-08 1.0701228915e-05
6.1800000000e+00 2.3963502664e-08 1.0722260281e-05
6.1850000000e+00 2.4183701875e-08 1.0743761631e-05
6.1900000000e+00 2.4958530178e-08 1.0761426670e-05
6.1950000000e+00 2.9155057932e-08 1.0772563071e-05
6.2000000000e+00 3.3174812671e-08 1.0769784115e-05
6.2050000000e+00 3.1103399608e-08 1.0748052142e-05
6.2100000000e+00 2.2815593334e-08 1.0714761001e-05
6.2150000000e+00 1.3541048157e-08 1.0683163042e-05
6.2200000000e+00 8.9124681259e-09 1.0664574408e-05
6.2250000000e+00 1.0566550096e-08 1.0666311061e-05
6.2300000000e+00 1.4551825250e-08 1.0688965442e-05
6.2350000000e+00 1.5678736384e-08 1.0728068108e-05
6.2400000000e+00 1.4182499604e-08 1.0781292128e-05
6.2450000000e+00 1.5623663327e-08 1.0849114318e-05
6.2500000000e+00 2.2642769700e-08 1.0925519990e-05
6.2550000000e+00 3.1304887843e-08 1.0998065583e-05
6.2600000000e+00 3.5901929017e-08 1.1057034413e-05
6.2650000000e+00 3.2994842867e-08 1.1095932491e-05
6.2700000000e+00 2.5078884031e-08 1.1116005936e-05
6.2750000000e+00 1.9376477857e-08 1.1129018729e-05
6.2800000000e+00 1.8583293768e-08 1.1144508919e-05
6.2850000000e+00 1.8680727827e-08 1.1165645078e-05
6.2900000000e+00 1.5872050420e-08 1.1196176118e-05
6.2950000000e+00 1.0817475390e-08 1.1241058835e-05
6.3000000000e+00 7.9801176614e-09 1.1304466865e-05
6.3050000000e+00 1.1686298560e-08 1.1389091057e-05
6.3100000000e+00 2.1038251046e-08 1.1491382072e-05
6.3150000000e+00 2.9473959969e-08 1.1597542355e-05
6.3200000000e+00 3.1888208760e-08 1.1692916943e-05
6.3250000000e+00 2.9973394016e-08 1.1771996008e-05
6.3300000000e+00 2.8196925863e-08 1.1834823819e-05
6.3350000000e+00 2.8331304561e-08 1.1883502908e-05
6.3400000000e+00 2.8818155967e-08 1.1922054963e-05
6.3450000000e+00 2.5989142032e-08 1.1952090792e-05
6.3500000000e+00 1.8432687668e-08 1.1975824577e-05
6.3550000000e+00 1.0858474508e-08 1.2004306304e-05
6.3600000000e+00 8.7979660845e-09 1.2050675543e-05
6.3650000000e+00 1.2355087055e-08 1.2119114662e-05
6.3700000000e+00 1.8212962317e-08 1.2206123246e-05
6.3750000000e+00 2.2869923827e-08 1.2302492513e-05
6.3800000000e+00 2.4850259141e-08 1.2396399109e-05
6.3850000000e+00 2.6355710332e-08 1.2482204147e-05
6.3900000000e+00 2.9954147409e-08 1.2559485499e-05
6.3950000000e+00 3.4098951113e-08 1.2623756988e-05
6.4000000000e+00 3.4876141202e-08 1.2667588037e-05
6.4050000000e+00 3.0838439349e-08 1.2689005697e-05
6.4100000000e+00 2.3797850092e-08 1.2693331609e-05
6.4150000000e+00 1.7015297995e-08 1.2691999617e-05
6.4200000000e+00 1.3750121231e-08 1.2699549667e-05
6.4250000000e+00 1.4380431905e-08 1.2723732493e-05
6.4300000000e+00 1.5877560361e-08 1.2760968402e-05
6.4350000000e+00 1.6777170951e-08 1.2806822796e-05
6.4400000000e+00 1.8495172435e-08 1.2860849513e-05
6.4450000000e+00 2.1922217317e-08 1.2920281799e-05
6.4500000000e+00 2.7337948597e-08 1.2980084702e-05
6.4550000000e+00 3.3496937246e-08 1.3031470931e-05
6.4600000000e+00 3.6576946085e-08 1.3060769019e-05
6.4650000000e+00 3.4518563204e-08 1.3061473349e-05
6.4700000000e+00 2.9206603752e-08 1.3039795088e-05
6.4750000000e+00 2.3752920666e-08 1.3006473919e-05
6.4800000000e+00 2.0089342216e-08 1.2969841224e-05
6.4850000000e+00 1.8305337813e-08 1.2934967765e-05
6.4900000000e+00 1.6923046826e-08 1.2904705953e-05
6.4950000000e+00 1.4474267253e-08 1.2881605837e-05
6.5000000000e+00 1.2773057347e-08 1.2872041578e-05
6.5050000000e+00 1.5362975301e-08 1.2880358288e-05
6.5100000000e+00 2.2080384252e-08 1.2898621959e-05
6.5150000000e+00 2.9621123408e-08 1.2913040082e-05
6.5200000000e+00 3.4404319546e-08 1.2912666847e-05
6.5250000000e+00 3.4051887450e-08 1.2890556656e-05
6.5300000000e+00 3.0438498241e-08 1.2847620185e-05
6.5350000000e+00 2.7965061566e-08 1.2789686370e-05
6.5400000000e+00 2.7305400714e-08 1.2718280302e-05
6.5450000000e+00 2.5410218311e-08 1.2633686802e-05
6.5500000000e+00 2.0285223355e-08 1.2542746469e-05
6.5550000000e+00 1.3356012067e-08 1.2456780608e-05
6.5600000000e+00 8.8776755393e-09 1.2385823391e-05
6.5650000000e+00 1.0696886414e-08 1.2335081379e-05
6.5700000000e+00 1.7877122817e-08 1.2300978031e-05
6.5750000000e+00 2.4644212481e-08 1.2271922413e-05
6.5800000000e+00 2.7016261259e-08 1.2238675033e-05
6.5850000000e+00 2.6916332836e-08 1.2198521325e-05
6.5900000000e+00 2.7917604849e-08 1.2147865487e-05
6.5950000000e+00 3.1053223202e-08 1.2081753617e-05
6.6000000000e+00 3.3762241979e-08 1.1996939731e-05
6.6050000000e+00 3.1219654730e-08 1.1891624364e-05
6.6100000000e+00 2.2526790521e-08 1.1771005910e-05
6.6150000000e+00 1.3503774392e-08 1.1649408323e-05
6.6200000000e+00 9.9606309386e-09 1.1539581356e-05
6.6250000000e+00 1.1977442621e-08 1.1445932048e-05
6.6300000000e+00 1.5583789240e-08 1.1368414552e-05
6.6350000000e+00 1.6946298760e-08 1.1304290420e-05
6.6400000000e+00 1.6190506531e-08 1.1249376846e-05
6.6450000000e+00 1.7761213373e-08 1.1201780562e-05
6.6500000000e+00 2.4364143218e-08 1.1157468608e-05
6.6550000000e+00 3.2258879687e-08 1.1105693428e-05
6.6600000000e+00 3.5143149013e-08 1.1035569488e-05
6.6650000000e+00 3.1113709021e-08 1.0944096215e-05
6.6700000000e+00 2.3662770460e-08 1.0835633643e-05
6.6750000000e+00 1.7898623548e-08 1.0719184355e-05
6.6800000000e+00 1.6481451880e-08 1.0605993931e-05
6.6850000000e+00 1.6588536601e-08 1.0501969300e-05
6.6900000000e+00 1.3780985475e-08 1.0407890040e-05
6.6950000000e+00 9.2033881641e-09 1.0328372533e-05
6.7000000000e+00 7.7334474396e-09 1.0268830920e-05
6.7050000000e+00 1.2014024825e-08 1.0229138747e-05
6.7100000000e+00 2.0444469330e-08 1.0204198107e-05
6.7150000000e+00 2.7875302371e-08 1.0182856654e-05
6.7200000000e+00 2.9882811109e-08 1.0151352292e-05
6.7250000000e+00 2.7503874078e-08 1.0103392062e-05
6.7300000000e+00 2.5216754453e-08 1.0041774907e-05
6.7350000000e+00 2.4896339414e-08 9.9709226062e-06
6.7400000000e+00 2.4189886841e-08 9.8934080719e-06
6.7450000000e+00 2.0453991120e-08 9.8126806845e-06
6.7500000000e+00 1.3790439869e-08 9.7339995013e-06
6.7550000000e+00 7.2992342377e-09 9.6654292125e-06
6.7600000000e+00 5.5257728530e-09 9.6187099368e-06
6.7650000000e+00 9.5211322750e-09 9.5997128894e-06
6.7700000000e+00 1.5306708714e-08 9.6018405452e-06
6.7750000000e+00 1.9534996852e-08 9.6147499173e-06
6.7800000000e+00 2.1921420355e-08 9.6296921831e-06
6.7850000000e+00 2.3580541258e-08 9.6402333481e-06
6.7900000000e+00 2.6077112224e-08 9.6447925619e-06
6.7950000000e+00 2.8915130077e-08 9.6417242670e-06
6.8000000000e+00 2.9018618667e-08 9.6255706191e-06
6.8050000000e+00 2.4603978180e-08 9.5939437455e-06
6.8100000000e+00 1.7612742088e-08 9.5541669877e-06
6.8150000000e+00 1.1524888129e-08 9.5192974857e-06
6.8200000000e+00 8.5182922999e-09 9.5007801475e-06
6.8250000000e+00 8.9980768589e-09 9.5050886939e-06
6.8300000000e+00 1.1336594680e-08 9.5305082929e-06
6.8350000000e+00 1.3231652192e-08 9.5703352334e-06
6.8400000000e+00 1.5013916311e-08 9.6219560975e-06
6.8450000000e+00 1.8550644065e-08 9.6846246477e-06
6.8500000000e+00 2.3711607710e-08 9.7517950948e-06
6.8550000000e+00 2.8721345294e-08 9.8131221747e-06
6.8600000000e+00 3.1263077681e-08 9.8592705877e-06
6.8650000000e+00 2.9133730635e-08 9.8851091520e-06
6.8700000000e+00 2.3263106061e-08 9.8955234959e-06
6.8750000000e+00 1.7537565441e-08 9.9030477598e-06
6.8800000000e+00 1.4274491978e-08 9.9165023398e-06
6.8850000000e+00 1.2931704442e-08 9.9389565317e-06
6.8900000000e+00 1.2002686902e-08 9.9732065874e-06
6.8950000000e+00 1.0571304375e-08 1.0022689961e-05
6.9000000000e+00 9.7762825057e-09 1.0090660442e-05
6.9050000000e+00 1.2472617769e-08 1.0178383381e-05
6.9100000000e+00 1.9478944999e-08 1.0279536649e-05
6.9150000000e+00 2.7142620184e-08 1.0379691415e-05
6.9200000000e+00 3.1024677679e-08 1.0466621677e-05
6.9250000000e+00 3.0135436022e-08 1.0536730942e-05
6.9300000000e+00 2.6554244891e-08 1.0591272910e-05
6.9350000000e+00 2.3569647688e-08 1.0633830112e-05
6.9400000000e+00 2.2696631741e-08 1.0668705392e-05
6.9450000000e+00 2.1191553319e-08 1.0697705532e-05
6.9500000000e+00 1.6231920998e-08 1.0725207151e-05
6.9550000000e+00 9.9294205012e-09 1.0762471454e-05
6.9600000000e+00 6.8687026053e-09 1.0818965499e-05
6.9650000000e+00 9.7083557978e-09 1.0896293985e-05
6.9700000000e+00 1.7039887775e-08 1.0989506479e-05
6.9750000000e+00 2.3859816858e-08 1.1088326040e-05
6.9800000000e+00 2.6354798126e-08 1.1182463931e-05
6.9850000000e+00 2.5963832252e-08 1.1267139317e-05
6.9900000000e+00 2.6884339250e-08 1.1340791940e-05
6.9950000000e+00 2.9970532178e-08 1.1399346814e-05
7.0000000000e+00 3.1611390690e-08 1.1438254858e-05
7.0050000000e+00 2.8373934714e-08 1.1458775449e-05
7.0100000000e+00 2.0356469068e-08 1.1467322622e-05
7.0150000000e+00 1.2107419545e-08 1.1474783348e-05
7.0200000000e+00 9.3689244826e-09 1.1493887778e-05
7.0250000000e+00 1.2343288094e-08 1.1529381046e-05
7.0300000000e+00 1.6176798142e-08 1.1577919103e-05
7.0350000000e+00 1.7673727809e-08 1.1635781466e-05
7.0400000000e+00 1.7910757918e-08 1.1699486884e-05
7.0450000000e+00 2.0230603196e-08 1.1764531915e-05
7.0500000000e+00 2.6422503661e-08 1.1825653795e-05
7.0550000000e+00 3.3412582968e-08 1.1874507035e-05
7.0600000000e+00 3.5517642846e-08 1.1901056311e-05
7.0650000000e+00 3.0894913396e-08 1.1901755150e-05
7.0700000000e+00 2.3608582561e-08 1.1882974711e-05
7.0750000000e+00 1.8639098160e-08 1.1854745606e-05
7.0800000000e+00 1.7179275112e-08 1.1825761878e-05
7.0850000000e+00 1.6944389129e-08 1.1802343155e-05
7.0900000000e+00 1.4980234242e-08 1.1786540589e-05
7.0950000000e+00 1.1510614782e-08 1.1779295511e-05
7.1000000000e+00 1.0924956348e-08 1.1784666534e-05
7.1050000000e+00 1.6011392087e-08 1.1803286189e-05
7.1100000000e+00 2.4091840766e-08 1.1827289689e-05
7.1150000000e+00 3.0419299959e-08 1.1845095528e-05
7.1200000000e+00 3.2127706717e-08 1.1845866351e-05
7.1250000000e+00 2.9874194248e-08 1.1823335946e-05
7.1300000000e+00 2.7164975352e-08 1.1779831656e-05
7.1350000000e+00 2.6160727042e-08 1.1722070741e-05
7.1400000000e+00 2.4961623676e-08 1.1653581880e-05
7.1450000000e+00 2.0946312419e-08 1.1576720774e-05
7.1500000000e+00 1.4771684247e-08 1.1497724878e-05
7.1550000000e+00 9.6811517821e-09 1.1425375240e-05
7.1600000000e+00 8.6998438174e-09 1.1368108702e-05
7.1650000000e+00 1.2495608313e-08 1.1330135317e-05
7.1700000000e+00 1.8444216870e-08 1.1306217826e-05
7.1750000000e+00 2.2847695623e-08 1.1284074991e-05
7.1800000000e+00 2.4972038984e-08 1.1254360464e-05
7.1850000000e+00 2.6614699263e-08 1.1213646528e-05
7.1900000000e+00 2.8465527127e-08 1.1159485339e-05
7.1950000000e+00 2.9829176604e-08 1.1089934048e-05
7.2000000000e+00 2.9150225765e-08 1.1003149661e-05
7.2050000000e+00 2.4771209154e-08 1.0897999025e-05
7.2100000000e+00 1.7852786667e-08 1.0781230525e-05
7.2150000000e+00 1.1958026890e-08 1.0666932858e-05
7.2200000000e+00 9.3936554805e-09 1.0566448913e-05
7.2250000000e+00 1.0101702676e-08 1.0483695195e-05
7.2300000000e+00 1.2631375375e-08 1.0416593326e-05
7.2350000000e+00 1.5250804732e-08 1.0359894619e-05
7.2400000000e+00 1.7360745756e-08 1.0309039310e-05
7.2450000000e+00 2.0229423008e-08 1.0262020388e-05
7.2500000000e+00 2.4783770916e-08 1.0214526346e-05
7.2550000000e+00 2.9154162463e-08 1.0156334015e-05
7.2600000000e+00 3.0546106135e-08 1.0078483889e-05
7.2650000000e+00 2.7820484970e-08 9.9800233948e-06
7.2700000000e+00 2.1766100742e-08 9.8667095910e-06
7.2750000000e+00 1.5493275605e-08 9.7494930158e-06
7.2800000000e+00 1.2187501749e-08 9.6390907620e-06
7.2850000000e+00 1.1393203068e-08 9.5391573328e-06
7.2900000000e+00 1.0745802007e-08 9.4506960471e-06
7.2950000000e+00 9.6005619145e-09 9.3774723727e-06
7.3000000000e+00 9.3864943910e-09 9.3226453672e-06
7.3050000000e+00 1.2295866247e-08 9.2849728027e-06
7.3100000000e+00 1.8839513295e-08 9.2575601030e-06
7.3150000000e+00 2.5982726815e-08 9.2285851419e-06
7.3200000000e+00 2.9171222513e-08 9.1864627695e-06
7.3250000000e+00 2.7132588019e-08 9.1276229845e-06
7.3300000000e+00 2.2955211046e-08 9.0562301350e-06
7.3350000000e+00 1.9863937529e-08 8.9766757072e-06
7.3400000000e+00 1.8363578131e-08 8.8925118646e-06
7.3450000000e+00 1.6491167394e-08 8.8083412824e-06
7.3500000000e+00 1.1940452513e-08 8.7295582502e-06
7.3550000000e+00 6.0240345502e-09 8.6645564486e-06
7.3600000000e+00 3.6231475412e-09 8.6226245288e-06
7.3650000000e+00 7.3316325852e-09 8.6054105503e-06
7.3700000000e+00 1.4575381391e-08 8.6055647621e-06
7.3750000000e+00 2.0715197388e-08 8.6133678701e-06
7.3800000000e+00 2.2906961714e-08 8.6202814041e-06
7.3850000000e+00 2.2312214569e-08 8.6206948663e-06
7.3900000000e+00 2.2648551222e-08 8.6131228644e-06
7.3950000000e+00 2.4998680231e-08 8.5961625421e-06
7.4000000000e+00 2.5868722976e-08 8.5667946872e-06
7.4050000000e+00 2.1753462447e-08 8.5261468153e-06
7.4100000000e+00 1.3757462284e-08 8.4825509404e-06
7.4150000000e+00 6.6232355420e-09 8.4472872249e-06
7.4200000000e+00 4.5030990603e-09 8.4300604256e-06
7.4250000000e+00 7.5950321554e-09 8.4358481478e-06
7.4300000000e+00 1.1788408900e-08 8.4619095730e-06
7.4350000000e+00 1.3436381669e-08 8.5017203164e-06
7.4400000000e+00 1.3937939211e-08 8.5515025399e-06
7.4450000000e+00 1.6822303124e-08 8.6078148373e-06
7.4500000000e+00 2.2616873355e-08 8.6638774625e-06
7.4550000000e+00 2.8253742734e-08 8.7119674604e-06
7.4600000000e+00 2.9409724833e-08 8.7450914814e-06
7.4650000000e+00 2.4560113495e-08 8.7602531595e-06
7.4700000000e+00 1.7359295443e-08 8.7635925696e-06
7.4750000000e+00 1.2700799400e-08 8.7665702445e-06
7.4800000000e+00 1.1526634725e-08 8.7779021087e-06
7.4850000000e+00 1.1201272028e-08 8.8019431170e-06
7.4900000000e+00 9.5700117126e-09 8.8407904623e-06
7.4950000000e+00 7.4911415988e-09 8.8955270453e-06
7.5000000000e+00 7.9566152936e-09 8.9668847876e-06
7.5050000000e+00 1.3112956338e-08 9.0543745413e-06
7.5100000000e+00 2.1001243318e-08 9.1512529497e-06
7.5150000000e+00 2.6685488112e-08 9.2443743736e-06
7.5200000000e+00 2.7750972857e-08 9.3234136404e-06
7.5250000000e+00 2.5660849427e-08 9.3848731507e-06
7.5300000000e+00 2.2951512192e-08 9.4306087598e-06
7.5350000000e+00 2.1230447787e-08 9.4668804194e-06
7.5400000000e+00 1.9625376430e-08 9.4991491862e-06
7.5450000000e+00 1.5969084948e-08 9.5297737046e-06
7.5500000000e+00 1.0570255670e-08 9.5633976620e-06
7.5550000000e+00 6.5978230174e-09 9.6087728492e-06
7.5600000000e+00 6.7020798681e-09 9.6732172929e-06
7.5650000000e+00 1.0797280476e-08 9.7576548242e-06
7.5700000000e+00 1.6653332480e-08 9.8559811095e-06
7.5750000000e+00 2.1483291013e-08 9.9568529531e-06
7.5800000000e+00 2.3938327318e-08 1.0049650630e-05
7.5850000000e+00 2.5181806035e-08 1.0130462252e-05
7.5900000000e+00 2.6600599954e-08 1.0198876790e-05
7.5950000000e+00 2.7383696408e-08 1.0252451360e-05
7.6000000000e+00 2.5994145940e-08 1.0289170348e-05
7.6050000000e+00 2.1866235293e-08 1.0310812590e-05
7.6100000000e+00 1.5721160010e-08 1.0323829467e-05
7.6150000000e+00 1.0230650237e-08 1.0340055740e-05
7.6200000000e+00 8.2310490175e-09 1.0370795462e-05
7.6250000000e+00 9.7874685339e-09 1.0418632126e-05
7.6300000000e+00 1.2961362721e-08 1.0479026928e-05
7.6350000000e+00 1.6133980680e-08 1.0546547319e-05
7.6400000000e+00 1.8795793705e-08 1.0616630123e-05
7.6450000000e+00 2.1632192143e-08 1.0685128215e-05
7.6500000000e+00 2.5554677786e-08 1.0747144492e-05
7.6550000000e+00 2.9517287545e-08 1.0794527198e-05
7.6600000000e+00 3.0601590199e-08 1.0818839706e-05
7.6650000000e+00 2.7296024887e-08 1.0819311568e-05
7.6700000000e+00 2.1193732502e-08 1.0803836679e-05
7.6750000000e+00 1.5359269720e-08 1.0782773388e-05
7.6800000000e+00 1.2255373232e-08 1.0764647120e-05
7.6850000000e+00 1.2040095406e-08 1.0754216648e-05
7.6900000000e+00 1.2332325668e-08 1.0752099074e-05
7.6950000000e+00 1.1685448518e-08 1.0759142843e-05
7.7000000000e+00 1.1987066204e-08 1.0778046515e-05
7.7050000000e+00 1.5509422560e-08 1.0806757306e-05
7.7100000000e+00 2.1985250593e-08 1.0836437542e-05
7.7150000000e+00 2.8489307605e-08 1.0856083046e-05
7.7200000000e+00 3.1099748292e-08 1.0856204577e-05
7.7250000000e+00 2.8576425580e-08 1.0833291798e-05
7.7300000000e+00 2.3903545162e-08 1.0791400491e-05
7.7350000000e+00 2.0737992651e-08 1.0736821174e-05
7.7400000000e+00 1.9345326910e-08 1.0673509475e-05
7.7450000000e+00 1.7229112400e-08 1.0605218651e-05
7.7500000000e+00 1.2932184060e-08 1.0538587289e-05
7.7550000000e+00 8.0651358570e-09 1.0481246543e-05
7.7600000000e+00 6.4597842537e-09 1.0439214180e-05
7.7650000000e+00 1.0633117560e-08 1.0413892841e-05
7.7700000000e+00 1.8098372948e-08 1.0398212508e-05
7.7750000000e+00 2.3700421217e-08 1.0380813006e-05
7.7800000000e+00 2.5287497446e-08 1.0353934354e-05
7.7850000000e+00 2.4648139255e-08 1.0313548152e-05
7.7900000000e+00 2.4649551249e-08 1.0257521732e-05
7.7950000000e+00 2.6072579296e-08 1.0185489763e-05
7.8000000000e+00 2.6103604956e-08 1.0097187452e-05
7.8050000000e+00 2.1577977666e-08 9.9943429519e-06
7.8100000000e+00 1.3668542061e-08 9.8848838216e-06
7.8150000000e+00 7.2846974929e-09 9.7807674727e-06
7.8200000000e+00 6.0599457643e-09 9.6910791972e-06
7.8250000000e+00 9.2216107232e-09 9.6185816986e-06
7.8300000000e+00 1.3202187322e-08 9.5608008022e-06
7.8350000000e+00 1.5206971227e-08 9.5116401880e-06
7.8400000000e+00 1.5956653904e-08 9.4652883378e-06
7.8450000000e+00 1.8663239044e-08 9.4186060872e-06
7.8500000000e+00 2.3980252086e-08 9.3666265794e-06
7.8550000000e+00 2.8360574874e-08 9.3014297908e-06
7.8600000000e+00 2.8153709372e-08 9.2175904289e-06
7.8650000000e+00 2.3004696028e-08 9.1151800106e-06
7.8700000000e+00 1.6007011780e-08 9.0003722322e-06
7.8750000000e+00 1.1282136924e-08 8.8843861736e-06
7.8800000000e+00 1.0016380266e-08 8.7772895131e-06
7.8850000000e+00 9.7172572367e-09 8.6829682351e-06
7.8900000000e+00 8.3035228459e-09 8.6021998638e-06
7.8950000000e+00 6.9307356649e-09 8.5362899341e-06
7.9000000000e+00 8.2215831576e-09 8.4856080410e-06
7.9050000000e+00 1.3252194392e-08 8.4477785243e-06
7.9100000000e+00 2.0141954975e-08 8.4162722614e-06
7.9150000000e+00 2.5062762523e-08 8.3800585679e-06
7.9200000000e+00 2.5533460419e-08 8.3289617062e-06
7.9250000000e+00 2.2825527293e-08 8.2606968356e-06
7.9300000000e+00 1.9805524568e-08 8.1799410792e-06
7.9350000000e+00 1.7465403056e-08 8.0927492840e-06
7.9400000000e+00 1.5017122157e-08 8.0047193825e-06
7.9450000000e+00 1.1440544455e-08 7.9204093972e-06
7.9500000000e+00 6.8183061017e-09 7.8440648307e-06
7.9550000000e+00 3.4752544331e-09 7.7829108078e-06
7.9600000000e+00 4.0132129884e-09 7.7442212901e-06
7.9650000000e+00 8.2620361770e-09 7.7279477790e-06
7.9700000000e+00 1.3832749306e-08 7.7264014248e-06
7.9750000000e+00 1.8386736090e-08 7.7291086894e-06
7.9800000000e+00 2.0791563298e-08 7.7269613503e-06
7.9850000000e+00 2.1539608902e-08 7.7157471251e-06
7.9900000000e+00 2.1874436910e-08 7.6956760139e-06
7.9950000000e+00 2.1849744515e-08 7.6666903888e-06
8.0000000000e+00 2.0014067243e-08 7.6273919661e-06
8.0050000000e+00 1.5592559375e-08 7.5800918295e-06
8.0100000000e+00 9.8127451490e-09 7.5333298196e-06
8.0150000000e+00 4.8943285510e-09 7.4979589792e-06
8.0200000000e+00 3.0736328517e-09 7.4830213958e-06
8.0250000000e+00 5.0712345844e-09 7.4914926070e-06
8.0300000000e+00 8.8889595920e-09 7.5181911434e-06
8.0350000000e+00 1.2249770640e-08 7.5561127617e-06
8.0400000000e+00 1.4866965152e-08 7.6011585762e-06
8.0450000000e+00 1.7547085654e-08 7.6493207291e-06
8.0500000000e+00 2.0862904642e-08 7.6947828571e-06
8.0550000000e+00 2.4007541257e-08 7.7306230107e-06
8.0600000000e+00 2.4591628542e-08 7.7509944591e-06
8.0650000000e+00 2.0932298880e-08 7.7556664665e-06
8.0700000000e+00 1.4519493785e-08 7.7525972642e-06
8.0750000000e+00 8.9499808968e-09 7.7531659847e-06
8.0800000000e+00 6.4684070669e-09 7.7650250502e-06
8.0850000000e+00 6.6185165706e-09 7.7914473977e-06
8.0900000000e+00 7.4496075202e-09 7.8336329353e-06
8.0950000000e+00 7.5947101094e-09 7.8915145590e-06
8.1000000000e+00 8.2837688889e-09 7.9649398413e-06
8.1050000000e+00 1.2051267505e-08 8.0516474644e-06
8.1100000000e+00 1.8643037853e-08 8.1430529359e-06
8.1150000000e+00 2.4518940144e-08 8.2273479919e-06
8.1200000000e+00 2.6315111492e-08 8.2966284551e-06
8.1250000000e+00 2.3480810689e-08 8.3490338715e-06
8.1300000000e+00 1.8698746075e-08 8.3880259282e-06
8.1350000000e+00 1.5447933783e-08 8.4201538054e-06
8.1400000000e+00 1.4184103350e-08 8.4506949105e-06
8.1450000000e+00 1.2326666551e-08 8.4830498965e-06
8.1500000000e+00 8.3971498109e-09 8.5225496569e-06
8.1550000000e+00 4.4856487747e-09 8.5764409434e-06
8.1600000000e+00 4.1543390510e-09 8.6490680454e-06
8.1650000000e+00 8.8691050872e-09 8.7391297976e-06
8.1700000000e+00 1.6272910259e-08 8.8395970686e-06
8.1750000000e+00 2.1786384660e-08 8.9395202064e-06
8.1800000000e+00 2.3083239118e-08 9.0297711017e-06
8.1850000000e+00 2.2267302749e-08 9.1069383012e-06
8.1900000000e+00 2.2332428831e-08 9.1702414965e-06
8.1950000000e+00 2.3265157685e-08 9.2187548310e-06
8.2000000000e+00 2.2551810833e-08 9.2531770878e-06
8.2050000000e+00 1.8049365128e-08 9.2769011074e-06
8.2100000000e+00 1.0850135212e-08 9.2967419688e-06
8.2150000000e+00 5.4221191784e-09 9.3232613953e-06
8.2200000000e+00 5.1537877659e-09 9.3650723091e-06
8.2250000000e+00 8.8950785270e-09 9.4233721349e-06
8.2300000000e+00 1.3002151258e-08 9.4937200725e-06
8.2350000000e+00 1.5330849288e-08 9.5697698016e-06
8.2400000000e+00 1.6801874491e-08 9.6454184242e-06
8.2450000000e+00 1.9664400956e-08 9.7158200233e-06
8.2500000000e+00 2.4357725838e-08 9.7764605229e-06
8.2550000000e+00 2.8014283532e-08 9.8211097873e-06
8.2600000000e+00 2.7120803829e-08 9.8441765590e-06
8.2650000000e+00 2.1764906967e-08 9.8466630468e-06
8.2700000000e+00 1.5389804458e-08 9.8362553571e-06
8.2750000000e+00 1.1186392124e-08 9.8228908150e-06
8.2800000000e+00 9.9729665556e-09 9.8155293349e-06
8.2850000000e+00 1.0041975210e-08 9.8183733069e-06
8.2900000000e+00 9.4424532308e-09 9.8307617687e-06
8.2950000000e+00 8.9467125805e-09 9.8520804356e-06
8.3000000000e+00 1.1002104764e-08 9.8823399389e-06
8.3050000000e+00 1.6233810030e-08 9.9181699619e-06
8.3100000000e+00 2.2501376233e-08 9.9517408028e-06
8.3150000000e+00 2.6667406836e-08 9.9729642397e-06
8.3200000000e+00 2.6922003891e-08 9.9733474211e-06
8.3250000000e+00 2.4081337719e-08 9.9506807720e-06
8.3300000000e+00 2.0645602609e-08 9.9102537877e-06
8.3350000000e+00 1.8034988271e-08 9.8595960548e-06
8.3400000000e+00 1.5446789387e-08 9.8036972116e-06
8.3450000000e+00 1.1993712033e-08 9.7467032300e-06
8.3500000000e+00 8.2891348914e-09 9.6938101751e-06
8.3550000000e+00 5.9678781598e-09 9.6506727393e-06
8.3600000000e+00 6.8688863828e-09 9.6222995665e-06
8.3650000000e+00 1.1249156277e-08 9.6084487318e-06
8.3700000000e+00 1.6880301396e-08 9.6007550192e-06
8.3750000000e+00 2.1208597397e-08 9.5879955675e-06
8.3800000000e+00 2.3334089176e-08 9.5624312955e-06
8.3850000000e+00 2.3706240572e-08 9.5208773065e-06
8.3900000000e+00 2.3235176791e-08 9.4632913824e-06
8.3950000000e+00 2.2341444428e-08 9.3907924739e-06
8.4000000000e+00 2.0197400367e-08 9.3039905160e-06
8.4050000000e+00 1.5856880985e-08 9.2055710475e-06
8.4100000000e+00 1.0225312561e-08 9.1039973581e-06
8.4150000000e+00 5.7766759153e-09 9.0105275967e-06
8.4200000000e+00 4.5145673759e-09 8.9327179594e-06
8.4250000000e+00 6.7373644345e-09 8.8717090984e-06
8.4300000000e+00 1.0878636677e-08 8.8230052794e-06
8.4350000000e+00 1.4521549442e-08 8.7793806215e-06
8.4400000000e+00 1.6807899288e-08 8.7354640600e-06
8.4450000000e+00 1.8973267379e-08 8.6881995310e-06
8.4500000000e+00 2.1758769893e-08 8.6325775679e-06
8.4550000000e+00 2.4029970263e-08 8.5619913892e-06
8.4600000000e+00 2.3759822988e-08 8.4728851041e-06
8.4650000000e+00 1.9661371213e-08 8.3671261054e-06
8.4700000000e+00 1.3049636033e-08 8.2526086717e-06
8.4750000000e+00 7.4832202824e-09 8.1406206874e-06
8.4800000000e+00 5.3809840024e-09 8.0394549170e-06
8.4850000000e+00 5.9500212653e-09 7.9517677638e-06
8.4900000000e+00 6.9139838359e-09 7.8778347977e-06
8.4950000000e+00 7.3264455966e-09 7.8178682022e-06
8.5000000000e+00 8.4054942392e-09 7.7708361981e-06
8.5050000000e+00 1.2037603750e-08 7.7329383539e-06
8.5100000000e+00 1.8096686558e-08 7.6967551424e-06
8.5150000000e+00 2.3255894423e-08 7.6520817444e-06
8.5200000000e+00 2.3978274198e-08 7.5913896116e-06
8.5250000000e+00 2.0339525991e-08 7.5147275327e-06
8.5300000000e+00 1.5380925872e-08 7.4272039142e-06
8.5350000000e+00 1.1919042205e-08 7.3351430635e-06
8.5400000000e+00 1.0325586546e-08 7.2447531259e-06
8.5450000000e+00 8.4523432312e-09 7.1607137290e-06
8.5500000000e+00 4.8305337682e-09 7.0875725538e-06
8.5550000000e+00 1.4684537039e-09 7.0313991343e-06
8.5600000000e+00 1.8559148169e-09 6.9962307742e-06
8.5650000000e+00 6.9082533058e-09 6.9798397929e-06
8.5700000000e+00 1.3813459604e-08 6.9743197853e-06
8.5750000000e+00 1.8601121125e-08 6.9699130671e-06
8.5800000000e+00 1.9516555099e-08 6.9585392765e-06
8.5850000000e+00 1.8277135309e-08 6.9366023718e-06
8.5900000000e+00 1.7760722331e-08 6.9047908834e-06
8.5950000000e+00 1.8088354516e-08 6.8641251869e-06
8.6000000000e+00 1.6582984116e-08 6.8155932903e-06
8.6050000000e+00 1.1674997112e-08 6.7635940192e-06
8.6100000000e+00 5.0716389376e-09 6.7160460364e-06
8.6150000000e+00 4.9735609122e-10 6.6820743647e-06
8.6200000000e+00 6.7886630218e-10 6.6690863615e-06
8.6250000000e+00 4.6370526611e-09 6.6783527477e-06
8.6300000000e+00 8.7901959374e-09 6.7043365230e-06
8.6350000000e+00 1.1139286951e-08 6.7398014458e-06
8.6400000000e+00 1.2815229826e-08 6.7791797870e-06
8.6450000000e+00 1.5658672384e-08 6.8177680730e-06
8.6500000000e+00 1.9553647011e-08 6.8508676365e-06
8.6550000000e+00 2.2072880854e-08 6.8737523332e-06
8.6600000000e+00 2.0575503296e-08 6.8827796715e-06
8.6650000000e+00 1.5130733833e-08 6.8792037691e-06
8.6700000000e+00 8.9646741105e-09 6.8712429915e-06
8.6750000000e+00 5.2263498215e-09 6.8695810760e-06
8.6800000000e+00 4.2307102355e-09 6.8817535834e-06
8.6850000000e+00 4.4127652234e-09 6.9109443379e-06
8.6900000000e+00 4.5427916916e-09 6.9567117517e-06
8.6950000000e+00 4.9899776754e-09 7.0169335763e-06
8.7000000000e+00 7.4676705286e-09 7.0900010783e-06
8.7050000000e+00 1.2640729949e-08 7.1726641914e-06
8.7100000000e+00 1.8425981575e-08 7.2567625604e-06
8.7150000000e+00 2.1882636481e-08 7.3321236757e-06
8.7200000000e+00 2.1763827692e-08 7.3919420862e-06
8.7250000000e+00 1.8896086310e-08 7.4352558252e-06
8.7300000000e+00 1.5258236014e-08 7.4671845120e-06
8.7350000000e+00 1.2311351202e-08 7.4955632317e-06
8.7400000000e+00 9.8337168857e-09 7.5260506237e-06
8.7450000000e+00 6.9490904880e-09 7.5619563261e-06
8.7500000000e+00 4.0250959193e-09 7.6075204337e-06
8.7550000000e+00 2.7192580239e-09 7.6681133855e-06
8.7600000000e+00 4.3282865155e-09 7.7465884330e-06
8.7650000000e+00 8.8008276479e-09 7.8406405320e-06
8.7700000000e+00 1.4526177967e-08 7.9421906029e-06
8.7750000000e+00 1.8972044087e-08 8.0398359845e-06
8.7800000000e+00 2.0849506619e-08 8.1254530712e-06
8.7850000000e+00 2.0851380004e-08 8.1969738527e-06
8.7900000000e+00 2.0009457403e-08 8.2548494095e-06
8.7950000000e+00 1.8664202189e-08 8.2999284258e-06
8.8000000000e+00 1.6388277798e-08 8.3339017358e-06
8.8050000000e+00 1.2473411776e-08 8.3603961356e-06
8.8100000000e+00 7.4502358221e-09 8.3868389689e-06
8.8150000000e+00 3.6172162306e-09 8.4231952539e-06
8.8200000000e+00 3.1639685280e-09 8.4761083752e-06
8.8250000000e+00 6.1499748886e-09 8.5448760798e-06
8.8300000000e+00 1.0692447928e-08 8.6235774991e-06
8.8350000000e+00 1.4638387254e-08 8.7051675330e-06
8.8400000000e+00 1.7088665626e-08 8.7836056926e-06
8.8450000000e+00 1.8948282637e-08 8.8545963405e-06
8.8500000000e+00 2.1346375385e-08 8.9140374034e-06
8.8550000000e+00 2.3304318554e-08 8.9563481653e-06
8.8600000000e+00 2.2532062341e-08 8.9781828232e-06
8.8650000000e+00 1.8193453513e-08 8.9827307117e-06
8.8700000000e+00 1.1921070624e-08 8.9783146732e-06
8.8750000000e+00 6.8857239629e-09 8.9747451533e-06
8.8800000000e+00 5.3751543767e-09 8.9795798167e-06
8.8850000000e+00 6.6469693829e-09 8.9952505969e-06
8.8900000000e+00 8.1881991042e-09 9.0205555934e-06
8.8950000000e+00 9.0258032867e-09 9.0542430878e-06
8.9000000000e+00 1.0613632332e-08 9.0946904313e-06
8.9050000000e+00 1.4556029796e-08 9.1370349690e-06
8.9100000000e+00 2.0254609233e-08 9.1732037847e-06
8.9150000000e+00 2.4714995621e-08 9.1943643579e-06
8.9200000000e+00 2.4885651677e-08 9.1942389658e-06
8.9250000000e+00 2.0823931107e-08 9.1728304808e-06
8.9300000000e+00 1.5789433721e-08 9.1361496629e-06
8.9350000000e+00 1.2593598608e-08 9.0913254541e-06
8.9400000000e+00 1.1041594301e-08 9.0437946744e-06
8.9450000000e+00 9.2344615270e-09 8.9983312749e-06
8.9500000000e+00 6.2569109019e-09 8.9595014173e-06
8.9550000000e+00 3.7783180233e-09 8.9313843312e-06
8.9600000000e+00 4.8637450446e-09 8.9165544376e-06
8.9650000000e+00 1.0243177972e-08 8.9124724173e-06
8.9700000000e+00 1.6883446601e-08 8.9105712927e-06
8.9750000000e+00 2.1025119777e-08 8.9009719454e-06
8.9800000000e+00 2.1520256944e-08 8.8767530027e-06
8.9850000000e+00 2.0132344946e-08 8.8351051830e-06
8.9900000000e+00 1.9167743588e-08 8.7768567672e-06
8.9950000000e+00 1.8777814566e-08 8.7044505693e-06
9.0000000000e+00 1.6800669256e-08 8.6203345017e-06
9.0050000000e+00 1.1799856304e-08 8.5287123737e-06
9.0100000000e+00 5.6584593781e-09 8.4375880186e-06
9.0150000000e+00 2.0155462604e-09 8.3560707300e-06
9.0200000000e+00 2.7446091879e-09 8.2898138157e-06
9.0250000000e+00 6.6602318894e-09 8.2390761480e-06
9.0300000000e+00 1.0813908746e-08 8.1986128201e-06
9.0350000000e+00 1.3255514737e-08 8.1604719585e-06
9.0400000000e+00 1.4865717284e-08 8.1187813511e-06
9.0450000000e+00 1.7401178294e-08 8.0699187680e-06
9.0500000000e+00 2.0497810002e-08 8.0098381727e-06
9.0550000000e+00 2.1855111738e-08 7.9345711715e-06
9.0600000000e+00 1.9576435869e-08 7.8424604150e-06
9.0650000000e+00 1.4084434890e-08 7.7362620664e-06
9.0700000000e+00 8.1128387755e-09 7.6241736225e-06
9.0750000000e+00 4.4608633574e-09 7.5169984753e-06
9.0800000000e+00 3.6028484177e-09 7.4224780902e-06
9.0850000000e+00 3.9493590777e-09 7.3426734334e-06
9.0900000000e+00 4.3846539406e-09 7.2765434302e-06
9.0950000000e+00 5.4313867797e-09 7.2222382548e-06
9.1000000000e+00 8.1481162564e-09 7.1771423719e-06
9.1050000000e+00 1.2763833061e-08 7.1373747848e-06
9.1100000000e+00 1.7730178793e-08 7.0960124154e-06
9.1150000000e+00 2.0425456524e-08 7.0438640451e-06
9.1200000000e+00 1.9605181540e-08 6.9751157537e-06
9.1250000000e+00 1.6294328334e-08 6.8909011598e-06
9.1300000000e+00 1.2310043543e-08 6.7974022946e-06
9.1350000000e+00 8.8894664891e-09 6.7023809581e-06
9.1400000000e+00 6.2020203777e-09 6.6122456562e-06
9.1450000000e+00 3.6823223270e-09 6.5308831952e-06
9.1500000000e+00 1.3520082275e-09 6.4617988270e-06
9.1550000000e+00 4.9162355150e-10 6.4095849895e-06
9.1600000000e+00 2.3829683842e-09 6.3766832263e-06
9.1650000000e+00 6.8135414989e-09 6.3596832625e-06
9.1700000000e+00 1.2123324565e-08 6.3501174107e-06
9.1750000000e+00 1.6191289919e-08 6.3380863140e-06
9.1800000000e+00 1.7631041155e-08 6.3163351172e-06
9.1850000000e+00 1.6833268198e-08 6.2831461613e-06
9.1900000000e+00 1.5243580876e-08 6.2406188383e-06
9.1950000000e+00 1.3420294633e-08 6.1907205222e-06
9.2000000000e+00 1.0792696344e-08 6.1355781284e-06
9.2050000000e+00 6.8966131613e-09 6.0801169545e-06
9.2100000000e+00 2.2930740030e-09 6.0320889493e-06
9.2150000000e+00 -1.0980443398e-09 6.0000365640e-06
9.2200000000e+00 -1.1391137491e-09 5.9896467907e-06
9.2250000000e+00 2.2907075400e-09 5.9998616255e-06
9.2300000000e+00 7.0304228331e-09 6.0239537775e-06
9.2350000000e+00 1.0806971052e-08 6.0546025646e-06
9.2400000000e+00 1.2995472002e-08 6.0863649879e-06
9.2450000000e+00 1.4502826170e-08 6.1149840355e-06
9.2500000000e+00 1.6245231653e-08 6.1364942829e-06
9.2550000000e+00 1.7536845481e-08 6.1471636815e-06
9.2600000000e+00 1.6301454912e-08 6.1451989282e-06
9.2650000000e+00 1.1603843220e-08 6.1340221971e-06
9.2700000000e+00 5.4279580975e-09 6.1226432565e-06
9.2750000000e+00 9.9278376258e-10 6.1207454102e-06
9.2800000000e+00 1.0158842692e-11 6.1344631832e-06
9.2850000000e+00 1.6750034706e-09 6.1658278790e-06
9.2900000000e+00 3.6796387676e-09 6.2133590661e-06
9.2950000000e+00 4.9098238012e-09 6.2743060624e-06
9.3000000000e+00 6.7606499128e-09 6.3460192082e-06
9.3050000000e+00 1.0816238408e-08 6.4236509536e-06
9.3100000000e+00 1.6177572263e-08 6.4990717281e-06
9.3150000000e+00 1.9835089245e-08 6.5639694308e-06
9.3200000000e+00 1.9344675134e-08 6.6136818616e-06
9.3250000000e+00 1.5109142862e-08 6.6490331802e-06
9.3300000000e+00 1.0119809124e-08 6.6758434280e-06
9.3350000000e+00 7.0829562221e-09 6.7017689220e-06
9.3400000000e+00 5.8130688596e-09 6.7325025902e-06
9.3450000000e+00 4.2768227285e-09 6.7717471757e-06
9.3500000000e+00 1.8760199603e-09 6.8233582001e-06
9.3550000000e+00 4.5384739595e-10 6.8905844559e-06
9.3600000000e+00 2.3659039333e-09 6.9738739935e-06
9.3650000000e+00 7.9327469748e-09 7.0695928786e-06
9.3700000000e+00 1.4387533346e-08 7.1693842624e-06
9.3750000000e+00 1.8152890874e-08 7.2630428335e-06
9.3800000000e+00 1.8337240211e-08 7.3438011766e-06
9.3850000000e+00 1.6897359634e-08 7.4098735625e-06
9.3900000000e+00 1.5808862026e-08 7.4624616799e-06
9.3950000000e+00 1.4980200940e-08 7.5041287767e-06
9.4000000000e+00 1.2725410055e-08 7.5381854347e-06
9.4050000000e+00 8.1072487604e-09 7.5690707076e-06
9.4100000000e+00 2.8180658121e-09 7.6035870234e-06
9.4150000000e+00 1.4396905768e-10 7.6497910139e-06
9.4200000000e+00 1.6909667010e-09 7.7123060136e-06
9.4250000000e+00 5.9396430717e-09 7.7894878394e-06
9.4300000000e+00 1.0181112107e-08 7.8750732474e-06
9.4350000000e+00 1.2976772026e-08 7.9611761130e-06
9.4400000000e+00 1.4872477855e-08 8.0411464259e-06
9.4450000000e+00 1.7176564752e-08 8.1110335422e-06
9.4500000000e+00 1.9730223267e-08 8.1678092645e-06
9.4550000000e+00 2.0461512019e-08 8.2079756505e-06
9.4600000000e+00 1.7796410557e-08 8.2303210619e-06
9.4650000000e+00 1.2555149853e-08 8.2386964256e-06
9.4700000000e+00 7.2132626778e-09 8.2412092362e-06
9.4750000000e+00 4.0417289224e-09 8.2474512135e-06
9.4800000000e+00 3.5513830780e-09 8.2643375652e-06
9.4850000000e+00 4.4814180393e-09 8.2931442892e-06
9.4900000000e+00 5.6472879744e-09 8.3313277136e-06
9.4950000000e+00 7.3343225786e-09 8.3759816789e-06
9.5000000000e+00 1.0459819357e-08 8.4240953463e-06
9.5050000000e+00 1.4917252389e-08 8.4707479466e-06
9.5100000000e+00 1.9235737263e-08 8.5087662457e-06
9.5150000000e+00 2.1446431318e-08 8.5303480438e-06
9.5200000000e+00 2.0396899905e-08 8.5304945742e-06
9.5250000000e+00 1.6844962905e-08 8.5107472402e-06
9.5300000000e+00 1.2744277747e-08 8.4782485657e-06
9.5350000000e+00 9.3626463441e-09 8.4407065887e-06
9.5400000000e+00 6.8328237026e-09 8.4037758504e-06
9.5450000000e+00 4.8595326737e-09 8.3713822077e-06
9.5500000000e+00 3.3823033412e-09 8.3465156654e-06
9.5550000000e+00 3.1812435244e-09 8.3320909626e-06
9.5600000000e+00 5.3854320752e-09 8.3293376871e-06
9.5650000000e+00 9.9256595053e-09 8.3342865508e-06
9.5700000000e+00 1.5099503281e-08 8.3379258087e-06
9.5750000000e+00 1.8772666941e-08 8.3307010117e-06
9.5800000000e+00 1.9790227229e-08 8.3067007486e-06
9.5850000000e+00 1.8510784110e-08 8.2647666286e-06
9.5900000000e+00 1.6300381260e-08 8.2072479678e-06
9.5950000000e+00 1.4105887046e-08 8.1374593099e-06
9.6000000000e+00 1.1464557882e-08 8.0583452648e-06
9.6050000000e+00 7.6769352469e-09 7.9747237381e-06
9.6100000000e+00 3.4503365806e-09 7.8945290926e-06
9.6150000000e+00 6.8351354442e-10 7.8255409763e-06
9.6200000000e+00 1.1216138543e-09 7.7717093044e-06
9.6250000000e+00 4.8329129379e-09 7.7313802890e-06
9.6300000000e+00 9.7016645190e-09 7.6978980282e-06
9.6350000000e+00 1.3275255257e-08 7.6635043446e-06
9.6400000000e+00 1.5014108698e-08 7.6229128570e-06
9.6450000000e+00 1.6059450813e-08 7.5727320630e-06
9.6500000000e+00 1.7223168365e-08 7.5096095110e-06
9.6550000000e+00 1.7737198271e-08 7.4309128001e-06
9.6600000000e+00 1.5867498539e-08 7.3367674807e-06
9.6650000000e+00 1.0929994014e-08 7.2316064450e-06
9.6700000000e+00 4.8090265159e-09 7.1242096278e-06
9.6750000000e+00 7.3869593366e-10 7.0243292604e-06
9.6800000000e+00 2.6133422670e-10 6.9378678274e-06
9.6850000000e+00 2.1371036128e-09 6.8658145494e-06
9.6900000000e+00 4.2158349867e-09 6.8064994328e-06
9.6950000000e+00 5.6629745944e-09 6.7570443787e-06
9.7000000000e+00 7.5676102529e-09 6.7138034352e-06
9.7050000000e+00 1.1308276463e-08 6.6720270469e-06
9.7100000000e+00 1.6023925107e-08 6.6248183900e-06
9.7150000000e+00 1.8721111420e-08 6.5648575764e-06
9.7200000000e+00 1.7305479033e-08 6.4888187635e-06
9.7250000000e+00 1.2641806300e-08 6.3991904144e-06
9.7300000000e+00 7.6050735207e-09 6.3024899092e-06
9.7350000000e+00 4.4846761929e-09 6.2065164333e-06
9.7400000000e+00 3.1180103242e-09 6.1176161641e-06
9.7450000000e+00 1.7157908434e-09 6.0396384638e-06
9.7500000000e+00 -3.2427134539e-10 5.9755056231e-06
9.7550000000e+00 -1.1983253845e-09 5.9278577147e-06
9.7600000000e+00 1.1993971600e-09 5.8967264989e-06
9.7650000000e+00 6.6159139659e-09 5.8775778097e-06
9.7700000000e+00 1.2353309185e-08 5.8623446691e-06
9.7750000000e+00 1.5450304561e-08 5.8421517923e-06
9.7800000000e+00 1.5119106633e-08 5.8108464576e-06
9.7850000000e+00 1.3200001160e-08 5.7675959454e-06
9.7900000000e+00 1.1646168864e-08 5.7151943765e-06
9.7950000000e+00 1.0232201181e-08 5.6570039669e-06
9.8000000000e+00 7.4798399357e-09 5.5969209993e-06
9.8050000000e+00 2.9598223457e-09 5.5402230586e-06
9.8100000000e+00 -1.6585941803e-09 5.4935592124e-06
9.8150000000e+00 -3.6695797595e-09 5.4638315136e-06
9.8200000000e+00 -1.7948434103e-09 5.4549392631e-06
9.8250000000e+00 2.5193313242e-09 5.4647622600e-06
9.8300000000e+00 6.6459709141e-09 5.4862506710e-06
9.8350000000e+00 9.3278808713e-09 5.5116023501e-06
9.8400000000e+00 1.1166474032e-08 5.5349353209e-06
9.8450000000e+00 1.3040108607e-08 5.5524611840e-06
9.8500000000e+00 1.4694437618e-08 5.5618322002e-06
9.8550000000e+00 1.4642433553e-08 5.5612286431e-06
9.8600000000e+00 1.1621561849e-08 5.5503920598e-06
9.8650000000e+00 6.4171753481e-09 5.5336560429e-06
9.8700000000e+00 1.4703165105e-09 5.5197630656e-06
9.8750000000e+00 -1.2765728297e-09 5.5177288395e-06
9.8800000000e+00 -1.5200547706e-09 5.5332189210e-06
9.8850000000e+00 -2.1501645316e-10 5.5670251884e-06
9.8900000000e+00 1.5589401921e-09 5.6160139034e-06
9.8950000000e+00 3.7187160980e-09 5.6761951353e-06
9.9000000000e+00 6.9112276136e-09 5.7440551892e-06
9.9050000000e+00 1.1068056024e-08 5.8147271811e-06
9.9100000000e+00 1.4801583762e-08 5.8810289910e-06
9.9150000000e+00 1.6396963049e-08 5.9359579181e-06
9.9200000000e+00 1.5053749530e-08 5.9761318115e-06
9.9250000000e+00 1.1396355422e-08 6.0037363530e-06
9.9300000000e+00 7.1538380389e-09 6.0258908832e-06
9.9350000000e+00 3.8560936557e-09 6.0506551594e-06
9.9400000000e+00 1.7432510302e-09 6.0832878113e-06
9.9450000000e+00 3.5466961474e-10 6.1267428636e-06
9.9500000000e+00 -3.5548813799e-10 6.1835442675e-06
9.9550000000e+00 1.9063727198e-10 6.2554611109e-06
9.9600000000e+00 2.7644125228e-09 6.3418792670e-06
9.9650000000e+00 7.3874343818e-09 6.4381039058e-06
9.9700000000e+00 1.2522807602e-08 6.5351681757e-06
9.9750000000e+00 1.5950255027e-08 6.6235556336e-06
9.9800000000e+00 1.6569710494e-08 6.6979715223e-06
9.9850000000e+00 1.4959382324e-08 6.7581096879e-06
9.9900000000e+00 1.2518149909e-08 6.8064944201e-06
9.9950000000e+00 1.0186210063e-08 6.8465824318e-06
1.0000000000e+01 7.7217123700e-09 6.8820527510e-06
1.0005000000e+01 4.4332864291e-09 6.9176161802e-06
1.0010000000e+01 8.0978860539e-10 6.9599744075e-06
1.0015000000e+01 -1.1841750689e-09 7.0158757995e-06
1.0020000000e+01 8.3977240237e-11 7.0878433966e-06
1.0025000000e+01 4.2868360383e-09 7.1725390204e-06
1.0030000000e+01 9.3433351237e-09 7.2628897185e-06
1.0035000000e+01 1.2970795538e-08 7.3510476574e-06
1.0040000000e+01 1.4559917654e-08 7.4310924421e-06
1.0045000000e+01 1.5342372970e-08 7.4997285169e-06
1.0050000000e+01 1.6246664677e-08 7.5543859419e-06
1.0055000000e+01 1.6405452604e-08 7.5929370605e-06
1.0060000000e+01 1.4217036359e-08 7.6161751323e-06
1.0065000000e+01 9.3823465486e-09 7.6291983884e-06
1.0070000000e+01 3.8281828237e-09 7.6402526383e-06
1.0075000000e+01 4.7852683882e-10 7.6578249959e-06
1.0080000000e+01 7.0447678254e-10 7.6870264391e-06
1.0085000000e+01 3.1724204071e-09 7.7279112711e-06
1.0090000000e+01 5.6250843561e-09 7.7773674225e-06
1.0095000000e+01 7.4255506091e-09 7.8317253128e-06
1.0100000000e+01 9.7110504790e-09 7.8867800259e-06
1.0105000000e+01 1.3423689239e-08 7.9369638430e-06
1.0110000000e+01 1.7628270787e-08 7.9757839199e-06
1.0115000000e+01 1.9710780947e-08 7.9971358317e-06
1.0120000000e+01 1.7818135269e-08 7.9982393385e-06
1.0125000000e+01 1.3027714929e-08 7.9821229149e-06
1.0130000000e+01 8.2664562492e-09 7.9558992040e-06
1.0135000000e+01 5.4670211844e-09 7.9270524479e-06
1.0140000000e+01 4.2897322588e-09 7.9013438209e-06
1.0145000000e+01 3.2553625901e-09 7.8823507867e-06
1.0150000000e+01 1.9241180244e-09 7.8720417152e-06
1.0155000000e+01 1.8109487395e-09 7.8715098699e-06
1.0160000000e+01 4.6960934950e-09 7.8798877585e-06
1.0165000000e+01 1.0131886748e-08 7.8921971970e-06
1.0170000000e+01 1.5379754309e-08 7.8999950482e-06
1.0175000000e+01 1.7875330630e-08 7.8949939203e-06
1.0180000000e+01 1.7247727390e-08 7.8722022564e-06
1.0185000000e+01 1.5105146327e-08 7.8312457751e-06
1.0190000000e+01 1.3144328711e-08 7.7755545718e-06
1.0195000000e+01 1.1350609110e-08 7.7096088581e-06
1.0200000000e+01 8.4362601431e-09 7.6375243262e-06
1.0205000000e+01 4.1566768797e-09 7.5644349663e-06
1.0210000000e+01 2.6549675581e-10 7.4969240533e-06
1.0215000000e+01 -9.8773621061e-10 7.4408616364e-06
1.0220000000e+01 1.2040804164e-09 7.3987869675e-06
1.0225000000e+01 5.5013183566e-09 7.3680632758e-06
1.0230000000e+01 9.5598074572e-09 7.3414514582e-06
1.0235000000e+01 1.2128306453e-08 7.3109598853e-06
1.0240000000e+01 1.3704350694e-08 7.2712336939e-06
1.0245000000e+01 1.5077758268e-08 7.2194374571e-06
1.0250000000e+01 1.5913082236e-08 7.1538528869e-06
1.0255000000e+01 1.5020294258e-08 7.0737629660e-06
1.0260000000e+01 1.1658083347e-08 6.9805101604e-06
1.0265000000e+01 6.5711231635e-09 6.8790224511e-06
1.0270000000e+01 1.8529109731e-09 6.7779598792e-06
1.0275000000e+01 -6.1781884222e-10 6.6863316466e-06
1.0280000000e+01 -6.0777617865e-10 6.6090352625e-06
1.0285000000e+01 9.0036257360e-10 6.5459334217e-06
1.0290000000e+01 2.9911549043e-09 6.4938383270e-06
1.0295000000e+01 5.3930851168e-09 6.4485121680e-06
1.0300000000e+01 8.3697066147e-09 6.4059437717e-06
1.0305000000e+01 1.1895440697e-08 6.3616669955e-06
1.0310000000e+01 1.4866997184e-08 6.3095096939e-06
1.0315000000e+01 1.5723642102e-08 6.2435475184e-06
1.0320000000e+01 1.3785855535e-08 6.1619101685e-06
1.0325000000e+01 9.7783932821e-09 6.0682999515e-06
1.0330000000e+01 5.3105401957e-09 5.9702758453e-06
1.0335000000e+01 1.8665436309e-09 5.8759190121e-06
1.0340000000e+01 -8.2890521190e-11 5.7908968000e-06
1.0345000000e+01 -1.0493248568e-09 5.7179591760e-06
1.0350000000e+01 -1.3765592973e-09 5.6589010968e-06
1.0355000000e+01 -5.3711737416e-10 5.6151190522e-06
1.0360000000e+01 2.1415259989e-09 5.5853385504e-06
1.0365000000e+01 6.4967539491e-09 5.5642313975e-06
1.0370000000e+01 1.1142616029e-08 5.5435502859e-06
1.0375000000e+01 1.4005685621e-08 5.5150330945e-06
1.0380000000e+01 1.3926688777e-08 5.4742419867e-06
1.0385000000e+01 1.1635668964e-08 5.4220274495e-06
1.0390000000e+01 8.7354775228e-09 5.3621124293e-06
1.0395000000e+01 6.1184252569e-09 5.2985776853e-06
1.0400000000e+01 3.5292368271e-09 5.2357642647e-06
1.0405000000e+01 4.0986129596e-10 5.1790051564e-06
1.0410000000e+01 -2.7984562609e-09 5.1345562722e-06
1.0415000000e+01 -4.3407394352e-09 5.1080214001e-06
1.0420000000e+01 -2.6602365955e-09 5.1012695760e-06
1.0425000000e+01 1.7613335819e-09 5.1104747423e-06
1.0430000000e+01 6.6283796379e-09 5.1281424926e-06
1.0435000000e+01 9.8577003272e-09 5.1469245855e-06
1.0440000000e+01 1.1066581207e-08 5.1615308057e-06
1.0445000000e+01 1.1361706326e-08 5.1689137383e-06
1.0450000000e+01 1.1680492816e-08 5.1675710724e-06
1.0455000000e+01 1.1307092160e-08 5.1568823527e-06
1.0460000000e+01 8.6958806577e-09 5.1384341899e-06
1.0465000000e+01 3.7719442644e-09 5.1178521272e-06
1.0470000000e+01 -1.3665817857e-09 5.1035545122e-06
1.0475000000e+01 -4.0907530218e-09 5.1032032280e-06
1.0480000000e+01 -3.3934278492e-09 5.1209457977e-06
1.0485000000e+01 -6.1822316068e-10 5.1563841830e-06
1.0490000000e+01 2.0803393473e-09 5.2057404976e-06
1.0495000000e+01 4.0557757018e-09 5.2644477916e-06
1.0500000000e+01 6.4234232814e-09 5.3280678060e-06
1.0505000000e+01 9.9823276905e-09 5.3912493102e-06
1.0510000000e+01 1.3582650810e-08 5.4477745958e-06
1.0515000000e+01 1.4890432901e-08 5.4926443496e-06
1.0520000000e+01 1.2574255644e-08 5.5244041008e-06
1.0525000000e+01 7.7556141821e-09 5.5464104291e-06
1.0530000000e+01 3.2056873036e-09 5.5659508851e-06
1.0535000000e+01 7.4529960043e-10 5.5906778865e-06
1.0540000000e+01 -1.3004642082e-10 5.6256766817e-06
1.0545000000e+01 -7.8536827132e-10 5.6736722371e-06
1.0550000000e+01 -1.4136633248e-09 5.7359342578e-06
1.0555000000e+01 -7.1892084621e-10 5.8122896432e-06
1.0560000000e+01 2.6021841924e-09 5.9005540139e-06
1.0565000000e+01 7.9694548196e-09 5.9953480621e-06
1.0570000000e+01 1.2839054716e-08 6.0883007804e-06
1.0575000000e+01 1.4898060436e-08 6.1712920869e-06
1.0580000000e+01 1.4020830771e-08 6.2400798003e-06
1.0585000000e+01 1.1823978418e-08 6.2951194878e-06
1.0590000000e+01 9.7146702818e-09 6.3400028300e-06
1.0595000000e+01 7.7021612107e-09 6.3794402886e-06
1.0600000000e+01 4.9237521022e-09 6.4179094159e-06
1.0605000000e+01 1.2475126452e-09 6.4599400735e-06
1.0610000000e+01 -1.7791380858e-09 6.5110421807e-06
1.0615000000e+01 -2.1442566440e-09 6.5761028842e-06
1.0620000000e+01 6.0923002501e-10 6.6561247573e-06
1.0625000000e+01 5.0679733886e-09 6.7471137831e-06
1.0630000000e+01 9.2251424300e-09 6.8414962466e-06
1.0635000000e+01 1.1933392234e-08 6.9311183538e-06
1.0640000000e+01 1.3456126067e-08 7.0104317044e-06
1.0645000000e+01 1.4496842584e-08 7.0770100899e-06
1.0650000000e+01 1.4867113398e-08 7.1297542168e-06
1.0655000000e+01 1.3592304206e-08 7.1683120834e-06
1.0660000000e+01 1.0210743862e-08 7.1945947543e-06
1.0665000000e+01 5.5851686097e-09 7.2139357535e-06
1.0670000000e+01 1.5058251382e-09 7.2342756775e-06
1.0675000000e+01 -4.2074130550e-10 7.2634088440e-06
1.0680000000e+01 1.4789918500e-10 7.3052742851e-06
1.0685000000e+01 2.2653306414e-09 7.3585035600e-06
1.0690000000e+01 4.8783327274e-09 7.4187333412e-06
1.0695000000e+01 7.6679265791e-09 7.4812668789e-06
1.0700000000e+01 1.0724802777e-08 7.5415243172e-06
1.0705000000e+01 1.3897802845e-08 7.5945120862e-06
1.0710000000e+01 1.6379086157e-08 7.6346339973e-06
1.0715000000e+01 1.6879481063e-08 7.6569205906e-06
1.0720000000e+01 1.4711734344e-08 7.6601334059e-06
1.0725000000e+01 1.0631463190e-08 7.6486000454e-06
1.0730000000e+01 6.3075267541e-09 7.6300681671e-06
1.0735000000e+01 3.1691385186e-09 7.6120029142e-06
1.0740000000e+01 1.6735335816e-09 7.5994039743e-06
1.0745000000e+01 1.3568658394e-09 7.5945790131e-06
1.0750000000e+01 1.7010335953e-09 7.5983015071e-06
1.0755000000e+01 2.9836940844e-09 7.6106059393e-06
1.0760000000e+01 5.8911509729e-09 7.6294387413e-06
1.0765000000e+01 1.0246071152e-08 7.6489625357e-06
1.0770000000e+01 1.4563500408e-08 7.6608262664e-06
1.0775000000e+01 1.6948284192e-08 7.6577212169e-06
1.0780000000e+01 1.6423202712e-08 7.6361981556e-06
1.0785000000e+01 1.3709319318e-08 7.5974979179e-06
1.0790000000e+01 1.0538704374e-08 7.5460097369e-06
1.0795000000e+01 7.9013118800e-09 7.4864986964e-06
1.0800000000e+01 5.4307136825e-09 7.4233678496e-06
1.0805000000e+01 2.5890735249e-09 7.3618501237e-06
1.0810000000e+01 -9.2450877830e-11 7.3077617707e-06
1.0815000000e+01 -1.0262213655e-09 7.2654736528e-06
1.0820000000e+01 1.0776609387e-09 7.2356656255e-06
1.0825000000e+01 5.6416737945e-09 7.2141406827e-06
1.0830000000e+01 1.0351666151e-08 7.1933330772e-06
1.0835000000e+01 1.3158160853e-08 7.1659257383e-06
1.0840000000e+01 1.3904987092e-08 7.1273021950e-06
1.0845000000e+01 1.3782808787e-08 7.0752335633e-06
1.0850000000e+01 1.3548624445e-08 7.0088994458e-06
1.0855000000e+01 1.2573335401e-08 6.9289721417e-06
1.0860000000e+01 9.6064411423e-09 6.8382750717e-06
1.0865000000e+01 4.6669066955e-09 6.7426539144e-06
1.0870000000e+01 -1.3708760893e-10 6.6503927533e-06
1.0875000000e+01 -2.3156053622e-09 6.5688491482e-06
1.0880000000e+01 -1.2358484637e-09 6.5013258345e-06
1.0885000000e+01 1.6324781997e-09 6.4467880396e-06
1.0890000000e+01 4.3571387376e-09 6.4013264905e-06
1.0895000000e+01 6.3540558887e-09 6.3600514091e-06
1.0900000000e+01 8.5591054222e-09 6.3183496438e-06
1.0905000000e+01 1.1645475719e-08 6.2715495322e-06
1.1005000000e+01 1.4467739534e-08 6.2145199491e-06
1.1010000000e+01 1.4866254537e-08 6.1433888398e-06
1.1015000000e+01 1.1910047222e-08 6.0581311818e-06
1.1020000000e+01 6.9448344903e-09 5.9632712879e-06
1.1025000000e+01 2.4652274268e-09 5.8663562021e-06
1.1030000000e+01 4.4201160583e-11 5.7751736872e-06
1.1035000000e+01 -7.4160694083e-10 5.6949753724e-06
1.1040000000e+01 -1.1922763037e-09 5.6279535400e-06
1.1045000000e+01 -1.4651295279e-09 5.5747527033e-06
1.1050000000e+01 -3.4585431508e-10 5.5348697246e-06
1.1055000000e+01 3.0662648613e-09 5.5055661617e-06
1.1060000000e+01 7.9616550142e-09 5.4813217197e-06
1.1065000000e+01 1.2083895123e-08 5.4546235768e-06
1.1070000000e+01 1.3462664657e-08 5.4184363315e-06
1.1075000000e+01 1.2056816997e-08 5.3695362548e-06
1.1080000000e+01 9.4405617537e-09 5.3096528665e-06
1.1085000000e+01 6.9324893957e-09 5.2434359452e-06
1.1090000000e+01 4.5252613344e-09 5.1760949585e-06
1.1095000000e+01 1.6068352209e-09 5.1125734190e-06
1.1100000000e+01 -1.7159066722e-09 5.0576868490e-06
1.1105000000e+01 -4.1359337485e-09 5.0163499175e-06
1.1110000000e+01 -4.0513469176e-09 4.9925623150e-06
1.1115000000e+01 -1.1247017400e-09 4.9868003628e-06
1.1120000000e+01 3.2295174519e-09 4.9944907712e-06
1.1125000000e+01 7.1128907685e-09 5.0079159272e-06
1.1130000000e+01 9.5691396959e-09 5.0196635570e-06
1.1135000000e+01 1.0742846404e-08 5.0248614246e-06
1.1140000000e+01 1.1148187605e-08 5.0216850671e-06
1.1145000000e+01 1.0790928424e-08 5.0101768309e-06
1.1150000000e+01 9.0112153662e-09 4.9911094294e-06
1.1155000000e+01 5.4799958245e-09 4.9670915486e-06
1.1160000000e+01 1.0613065350e-09 4.9439629098e-06
1.1165000000e+01 -2.5914763024e-09 4.9296262836e-06
1.1170000000e+01 -4.1167076095e-09 4.9309602225e-06
1.1175000000e+01 -3.2281242708e-09 4.9509475660e-06
1.1180000000e+01 -7.3979442181e-10 4.9877205457e-06
1.1185000000e+01 2.2087044137e-09 5.0363159324e-06
1.1190000000e+01 5.0749752219e-09 5.0915402854e-06
1.1195000000e+01 7.9326394490e-09 5.1489014497e-06
1.1200000000e+01 1.0666914103e-08 5.2035865567e-06
1.1205000000e+01 1.2546787325e-08 5.2504501630e-06
1.1210000000e+01 1.2561264616e-08 5.2857900458e-06
1.1215000000e+01 1.0152771412e-08 5.3094877349e-06
1.1220000000e+01 5.9823686698e-09 5.3262129879e-06
1.1225000000e+01 1.7644717760e-09 5.3438392753e-06
1.1230000000e+01 -1.0129094601e-09 5.3695761327e-06
1.1235000000e+01 -2.0031900288e-09 5.4076279074e-06
1.1240000000e+01 -1.7480903791e-09 5.4595876713e-06
1.1245000000e+01 -8.1021544346e-10 5.5255079720e-06
1.1250000000e+01 9.2448087071e-10 5.6042235218e-06
1.1255000000e+01 4.0113987410e-09 5.6926145321e-06
1.1260000000e+01 8.3214543286e-09 5.7846190375e-06
1.1265000000e+01 1.2390658515e-08 5.8720935116e-06
1.1270000000e+01 1.4337329445e-08 5.9481935282e-06
1.1275000000e+01 1.3412642630e-08 6.0103683601e-06
1.1280000000e+01 1.0506395518e-08 6.0604414659e-06
1.1285000000e+01 7.2906753474e-09 6.1028430316e-06
1.1290000000e+01 4.7829758057e-09 6.1425929021e-06
1.1295000000e+01 2.6697867422e-09 6.1841778912e-06
1.1300000000e+01 3.3493571848e-10 6.2320776698e-06
1.1305000000e+01 -1.6782269635e-09 6.2910753554e-06
1.1310000000e+01 -1.8200653640e-09 6.3643437600e-06
1.1315000000e+01 9.0125995344e-10 6.4510717257e-06
1.1320000000e+01 5.7108550860e-09 6.5461280571e-06
1.1325000000e+01 1.0385768982e-08 6.6417808300e-06
1.1330000000e+01 1.3017363021e-08 6.7306145444e-06
1.1335000000e+01 1.3539296447e-08 6.8080077017e-06
1.1340000000e+01 1.3215949647e-08 6.8722037060e-06
1.1345000000e+01 1.2773268043e-08 6.9229568413e-06
1.1350000000e+01 1.1542967349e-08 6.9613303017e-06
1.1355000000e+01 8.5184601100e-09 6.9906271044e-06
1.1360000000e+01 3.9769238684e-09 7.0166880524e-06
1.1365000000e+01 -1.0916856891e-10 7.0467996985e-06
1.1370000000e+01 -1.5087163672e-09 7.0871967903e-06
1.1375000000e+01 2.2924768443e-10 7.1401834396e-06
1.1380000000e+01 3.4951607413e-09 7.2034697768e-06
1.1385000000e+01 6.4638581981e-09 7.2722149670e-06
1.1390000000e+01 8.7257799624e-09 7.3410656450e-06
1.1395000000e+01 1.1055918301e-08 7.4049050787e-06
1.1400000000e+01 1.3900737774e-08 7.4589776896e-06
1.1405000000e+01 1.6208562651e-08 7.4988538655e-06
1.1410000000e+01 1.6101932975e-08 7.5214419430e-06
1.1415000000e+01 1.2912529043e-08 7.5272442798e-06
1.1420000000e+01 8.1208472217e-09 7.5212216396e-06
1.1425000000e+01 4.0776644413e-09 7.5108829450e-06
1.1430000000e+01 2.0559291928e-09 7.5033118778e-06
1.1435000000e+01 1.6180467766e-09 7.5030411311e-06
1.1440000000e+01 1.6862028260e-09 7.5115596155e-06
1.1445000000e+01 2.0672473051e-09 7.5283179897e-06
1.1450000000e+01 3.7331657451e-09 7.5517326059e-06
1.1455000000e+01 7.3753153390e-09 7.5785088764e-06
1.1460000000e+01 1.2029343667e-08 7.6027052974e-06
1.1465000000e+01 1.5596166510e-08 7.6169643634e-06
1.1470000000e+01 1.6513232518e-08 7.6151768862e-06
1.1475000000e+01 1.4856234144e-08 7.5949291812e-06
1.1480000000e+01 1.2034688129e-08 7.5584926446e-06
1.1485000000e+01 9.3225212371e-09 7.5111453779e-06
1.1490000000e+01 6.8166299632e-09 7.4584065853e-06
1.1495000000e+01 4.0427629969e-09 7.4050304716e-06
1.1500000000e+01 1.2174269953e-09 7.3555498788e-06
1.1505000000e+01 -4.8522932786e-10 7.3142739043e-06
1.1510000000e+01 1.4726871499e-10 7.2840278191e-06
1.1515000000e+01 3.2423563428e-09 7.2642929827e-06
1.1520000000e+01 7.5278835999e-09 7.2501423156e-06
1.1525000000e+01 1.1230432521e-08 7.2337635200e-06
1.1530000000e+01 1.3393421988e-08 7.2080623659e-06
1.1535000000e+01 1.4172967516e-08 7.1690554653e-06
1.1540000000e+01 1.4021982402e-08 7.1156730230e-06
1.1545000000e+01 1.2997191240e-08 7.0486592931e-06
1.1550000000e+01 1.0768068582e-08 6.9699182755e-06
1.1555000000e+01 7.1839498365e-09 6.8828926797e-06
1.1560000000e+01 2.9786364963e-09 6.7935631177e-06
1.1565000000e+01 -3.3400502883e-10 6.7096707296e-06
1.1570000000e+01 -1.5008088369e-09 6.6374991515e-06
1.1575000000e+01 -3.3961339100e-10 6.5790941817e-06
1.1580000000e+01 2.3427025422e-09 6.5320580184e-06
1.1585000000e+01 5.4137318717e-09 6.4913524830e-06
1.1590000000e+01 8.1743115777e-09 6.4516608166e-06
1.1595000000e+01 1.0590912002e-08 6.4086036244e-06
1.1600000000e+01 1.2684276453e-08 6.3581172054e-06
1.1605000000e+01 1.3874751536e-08 6.2960644020e-06
1.1610000000e+01 1.3238576524e-08 6.2199335194e-06
1.1615000000e+01 1.0381166280e-08 6.1310559586e-06
1.1620000000e+01 6.0143316642e-09 6.0349777901e-06
1.1625000000e+01 1.7593796322e-09 5.9396333002e-06
1.1630000000e+01 -8.7080199105e-10 5.8522501403e-06
1.1635000000e+01 -1.5456524188e-09 5.7768982358e-06
1.1640000000e+01 -9.8344527314e-10 5.7146468398e-06
1.1645000000e+01 1.7824328080e-10 5.6651380039e-06
1.1650000000e+01 2.0284616024e-09 5.6268258031e-06
1.1655000000e+01 4.9964924380e-09 5.5961340491e-06
1.1660000000e+01 8.8954562373e-09 5.5671709854e-06
1.1665000000e+01 1.2353018552e-08 5.5327999287e-06
1.1670000000e+01 1.3590349832e-08 5.4873603635e-06
1.1675000000e+01 1.1979188580e-08 5.4294079241e-06
1.1680000000e+01 8.5972862363e-09 5.3619230004e-06
1.1685000000e+01 5.1528623757e-09 5.2901354251e-06
1.1690000000e+01 2.5358018418e-09 5.2194651251e-06
1.1695000000e+01 4.5458077790e-10 5.1548469589e-06
1.1700000000e+01 -1.6285734065e-09 5.1007898171e-06
1.1705000000e+01 -3.2585528386e-09 5.0613297532e-06
1.1710000000e+01 -3.0017525750e-09 5.0388757121e-06
1.1715000000e+01 -2.5843511133e-11 5.0321144771e-06
1.1720000000e+01 4.6694566769e-09 5.0355473866e-06
1.1725000000e+01 8.8990238734e-09 5.0417009807e-06
1.1730000000e+01 1.1015648438e-08 5.0439432565e-06
1.1735000000e+01 1.1055555247e-08 5.0383232475e-06
1.1740000000e+01 1.0243423263e-08 5.0238821166e-06
1.1745000000e+01 9.3098792347e-09 5.0015437133e-06
1.1750000000e+01 7.6464926954e-09 4.9733766761e-06
1.1755000000e+01 4.3916084075e-09 4.9432622705e-06
1.1760000000e+01 2.2367950446e-11 4.9173236237e-06
1.1765000000e+01 -3.5261111300e-09 4.9025371009e-06
1.1770000000e+01 -4.3741431517e-09 4.9042201435e-06
1.1775000000e+01 -2.3056581084e-09 4.9239306973e-06
1.1780000000e+01 1.1097973864e-09 4.9589083380e-06
1.1785000000e+01 4.1131388459e-09 5.0037415423e-06
1.1790000000e+01 6.3484083631e-09 5.0528529767e-06
1.1795000000e+01 8.5563503997e-09 5.1013954547e-06
1.1800000000e+01 1.0988054749e-08 5.1449706347e-06
1.1805000000e+01 1.2609826787e-08 5.1798995430e-06
1.1810000000e+01 1.1908785532e-08 5.2042828530e-06
1.1815000000e+01 8.4907525208e-09 5.2194426064e-06
1.1820000000e+01 3.8296008696e-09 5.2306390772e-06
1.1825000000e+01 1.3175807856e-10 5.2454454463e-06
1.1830000000e+01 -1.5159413928e-09 5.2705231952e-06
1.1835000000e+01 -1.6151699568e-09 5.3095654224e-06
1.1840000000e+01 -1.1051606322e-09 5.3632882705e-06
1.1845000000e+01 -1.2688997731e-10 5.4303521996e-06
1.1850000000e+01 2.0212407294e-09 5.5081628738e-06
1.1855000000e+01 5.7521668905e-09 5.5927603874e-06
1.1860000000e+01 1.0124448993e-08 5.6781910325e-06
1.1865000000e+01 1.3219251556e-08 5.7573317889e-06
1.1870000000e+01 1.3717801703e-08 5.8246734861e-06
1.1875000000e+01 1.1880392999e-08 5.8787342499e-06
1.1880000000e+01 9.0046675741e-09 5.9222684304e-06
1.1885000000e+01 6.2271137143e-09 5.9606477004e-06
1.1890000000e+01 3.7956812081e-09 5.9994864544e-06
1.1895000000e+01 1.4106932237e-09 6.0432190915e-06
1.1900000000e+01 -7.3978552800e-10 6.0955508017e-06
1.1905000000e+01 -1.6452771430e-09 6.1598304526e-06
1.1910000000e+01 -3.5157637350e-10 6.2376897524e-06
1.1915000000e+01 3.0656693180e-09 6.3272893556e-06
1.1920000000e+01 7.4037386180e-09 6.4229458952e-06
1.1925000000e+01 1.1085129688e-08 6.5167543804e-06
1.1930000000e+01 1.3162155314e-08 6.6016947338e-06
1.1935000000e+01 1.3706402087e-08 6.6740555622e-06
1.1940000000e+01 1.3229929525e-08 6.7333171130e-06
1.1945000000e+01 1.1911156413e-08 6.7806052033e-06
1.1950000000e+01 9.5704085787e-09 6.8180956047e-06
1.1955000000e+01 6.2380373392e-09 6.8495797246e-06
1.1960000000e+01 2.5916826850e-09 6.8807679463e-06
1.1965000000e+01 -9.1118301807e-11 6.9183684859e-06
1.1970000000e+01 -6.4142384658e-10 6.9675194737e-06
1.1975000000e+01 1.1020065140e-09 7.0290651447e-06
1.1980000000e+01 4.2465573034e-09 7.0994505819e-06
1.1985000000e+01 7.6203509171e-09 7.1729901237e-06
1.1990000000e+01 1.0491060793e-08 7.2440312766e-06
1.1995000000e+01 1.2754153749e-08 7.3078556305e-06
1.2000000000e+01 1.4489265183e-08 7.3604782706e-06
1.2005000000e+01 1.5311381936e-08 7.3984303202e-06
1.2010000000e+01 1.4412565004e-08 7.4199124547e-06
1.2015000000e+01 1.1443892400e-08 7.4267762522e-06
1.2020000000e+01 7.2107729422e-09 7.4248471273e-06
1.2025000000e+01 3.3340459225e-09 7.4216787858e-06
1.2030000000e+01 1.2052595592e-09 7.4236149600e-06
1.2035000000e+01 1.1050137406e-09 7.4339784462e-06
1.2040000000e+01 2.2540984552e-09 7.4530278289e-06
1.2045000000e+01 3.8702346269e-09 7.4792838377e-06
1.2050000000e+01 6.0070505486e-09 7.5103071130e-06
1.2055000000e+01 9.0816798534e-09 7.5419675387e-06
1.2060000000e+01 1.2802684796e-08 7.5681045413e-06
1.2065000000e+01 1.5831604258e-08 7.5820398581e-06
1.2070000000e+01 1.6586526678e-08 7.5790514155e-06
1.2075000000e+01 1.4591207745e-08 7.5583897128e-06
1.2080000000e+01 1.1010927357e-08 7.5234980309e-06
1.2085000000e+01 7.5926850947e-09 7.4800161556e-06
1.2090000000e+01 5.1533521752e-09 7.4334478664e-06
1.2095000000e+01 3.3257123450e-09 7.3884525593e-06
1.2100000000e+01 1.6431736722e-09 7.3491142723e-06
1.2105000000e+01 5.7762739217e-10 7.3186357280e-06
1.2110000000e+01 1.3515863229e-09 7.2982330593e-06
1.2115000000e+01 4.5900358807e-09 7.2858201332e-06
1.2120000000e+01 9.2176443417e-09 7.2756898466e-06
1.2125000000e+01 1.3068245302e-08 7.2604055769e-06
1.2130000000e+01 1.4693561704e-08 7.2338408429e-06
1.2135000000e+01 1.4325876443e-08 7.1928756714e-06
1.2140000000e+01 1.3127167672e-08 7.1372419253e-06
1.2145000000e+01 1.1752379817e-08 7.0686846498e-06
1.2150000000e+01 9.7247595351e-09 6.9902447324e-06
1.2155000000e+01 6.3582877122e-09 6.9062978872e-06
1.2160000000e+01 2.2174856228e-09 6.8229081002e-06
1.2165000000e+01 -8.3007408087e-10 6.7466966415e-06
1.2170000000e+01 -1.1754165421e-09 6.6822853655e-06
1.2175000000e+01 1.1270322995e-09 6.6304097364e-06
1.2180000000e+01 4.5268456470e-09 6.5878878149e-06
1.2185000000e+01 7.4422794975e-09 6.5492192495e-06
1.2190000000e+01 9.5171245716e-09 6.5087865752e-06
1.2195000000e+01 1.1378493362e-08 6.4621372133e-06
1.2200000000e+01 1.3224829163e-08 6.4057811782e-06
1.2205000000e+01 1.4066671619e-08 6.3370350759e-06
1.2210000000e+01 1.2651728994e-08 6.2551720640e-06
1.2215000000e+01 8.9025973031e-09 6.1627185022e-06
1.2220000000e+01 4.2764414308e-09 6.0655170775e-06
1.2225000000e+01 7.3711030885e-10 5.9711981876e-06
1.2230000000e+01 -7.5264069107e-10 5.8863490232e-06
1.2235000000e+01 -6.9097313662e-10 5.8142877122e-06
1.2240000000e+01 2.9681143475e-11 5.7551686492e-06
1.2245000000e+01 1.2761897866e-09 5.7072931125e-06
1.2250000000e+01 3.5677297961e-09 5.6677992095e-06
1.2255000000e+01 7.0543122064e-09 5.6325583560e-06
1.2260000000e+01 1.0793992727e-08 5.5960374764e-06
1.2265000000e+01 1.3142902092e-08 5.5521349009e-06
1.2270000000e+01 1.3001300451e-08 5.4964799644e-06
1.2275000000e+01 1.0686223916e-08 5.4287741611e-06
1.2280000000e+01 7.4763033304e-09 5.3529015246e-06
1.2285000000e+01 4.4313697278e-09 5.2748393088e-06
1.2290000000e+01 1.8368885185e-09 5.2004616869e-06
1.2295000000e+01 -4.1991331457e-10 5.1344318452e-06
1.2300000000e+01 -2.1610201614e-09 5.0802463381e-06
1.2305000000e+01 -2.6317203386e-09 5.0406081214e-06
1.2310000000e+01 -1.0873537581e-09 5.0165641575e-06
1.2315000000e+01 2.3049797567e-09 5.0057942056e-06
1.2320000000e+01 6.3611185554e-09 5.0024052110e-06
1.2325000000e+01 9.6436695967e-09 4.9989755197e-06
1.2330000000e+01 1.1285231447e-08 4.9893867840e-06
1.2335000000e+01 1.1295943762e-08 4.9707683312e-06
1.2340000000e+01 1.0202820322e-08 4.9435099294e-06
1.2345000000e+01 8.3660052941e-09 4.9097594952e-06
1.2350000000e+01 5.7578594049e-09 4.8724759493e-06
1.2355000000e+01 2.4470833515e-09 4.8359366254e-06
1.2360000000e+01 -9.1060141690e-10 4.8060474800e-06
1.2365000000e+01 -3.1811820602e-09 4.7890444518e-06
1.2370000000e+01 -3.3711673708e-09 4.7891253557e-06
1.2375000000e+01 -1.3374445006e-09 4.8064497446e-06
1.2380000000e+01 2.0094688060e-09 4.8370154018e-06
1.2385000000e+01 5.3887630488e-09 4.8748213061e-06
1.2390000000e+01 8.0517082975e-09 4.9143258466e-06
1.2395000000e+01 9.9388332292e-09 4.9511569090e-06
1.2400000000e+01 1.1161229416e-08 4.9817759854e-06
1.2405000000e+01 1.1455244712e-08 5.0036018306e-06
1.2410000000e+01 1.0173144213e-08 5.0159635036e-06
1.2415000000e+01 7.0293264320e-09 5.0214427864e-06
1.2420000000e+01 2.8507109406e-09 5.0260828679e-06
1.2425000000e+01 -7.1788724489e-10 5.0372771159e-06
1.2430000000e+01 -2.3723368784e-09 5.0607537876e-06
1.2435000000e+01 -1.9884715703e-09 5.0990142254e-06
1.2440000000e+01 -4.0000049762e-10 5.1516534528e-06
1.2445000000e+01 1.5819615208e-09 5.2164441434e-06
1.2450000000e+01 3.9171392266e-09 5.2900732029e-06
1.2455000000e+01 6.9869983850e-09 5.3679993723e-06
1.2460000000e+01 1.0495339953e-08 5.4441935879e-06
1.2465000000e+01 1.3096715820e-08 5.5124038088e-06
1.2470000000e+01 1.3374421714e-08 5.5687108106e-06
1.2475000000e+01 1.1089984164e-08 5.6131688106e-06
1.2480000000e+01 7.4659862560e-09 5.6495245783e-06
1.2485000000e+01 4.1972373524e-09 5.6834727520e-06
1.2490000000e+01 2.0592587678e-09 5.7204700480e-06
1.2495000000e+01 6.4539582553e-10 5.7647061540e-06
1.2500000000e+01 -5.0810034764e-10 5.8193899799e-06
1.2505000000e+01 -9.1628464875e-10 5.8866895852e-06
1.2510000000e+01 4.9442613820e-10 5.9666260713e-06
1.2515000000e+01 4.0870313664e-09 6.0560283673e-06
1.2520000000e+01 8.7090658765e-09 6.1487390432e-06
1.2525000000e+01 1.2336257671e-08 6.2373594551e-06
1.2530000000e+01 1.3680243479e-08 6.3159071678e-06
1.2535000000e+01 1.3093793239e-08 6.3816503287e-06
1.2540000000e+01 1.1758752790e-08 6.4348573180e-06
1.2545000000e+01 1.0243690409e-08 6.4776056856e-06
1.2550000000e+01 8.1371415925e-09 6.5131924033e-06
1.2555000000e+01 4.9861736943e-09 6.5460756491e-06
1.2560000000e+01 1.4204642421e-09 6.5817326201e-06
1.2565000000e+01 -8.6084926530e-10 6.6257169926e-06
1.2570000000e+01 -4.8458728093e-10 6.6815306599e-06
1.2575000000e+01 2.3004870877e-09 6.7487367209e-06
1.2580000000e+01 5.9297043924e-09 6.8231445630e-06
1.2585000000e+01 8.9774747023e-09 6.8987094503e-06
1.2590000000e+01 1.1147071909e-08 6.9695475030e-06
1.2595000000e+01 1.2925436866e-08 7.0310887918e-06
1.2600000000e+01 1.4434288601e-08 7.0801504346e-06
1.2605000000e+01 1.4838005637e-08 7.1146986769e-06
1.2610000000e+01 1.3122732031e-08 7.1345406551e-06
1.2615000000e+01 9.4042236825e-09 7.1425710602e-06
1.2620000000e+01 5.1636375031e-09 7.1447201427e-06
1.2625000000e+01 2.1416510089e-09 7.1480613248e-06
1.2630000000e+01 1.1117859178e-09 7.1582705489e-06
1.2635000000e+01 1.6312218120e-09 7.1778046063e-06
1.2640000000e+01 2.8713531701e-09 7.2058285263e-06
1.2645000000e+01 4.6119920530e-09 7.2396409977e-06
1.2650000000e+01 7.2144484285e-09 7.2757161884e-06
1.2655000000e+01 1.0669021284e-08 7.3095162193e-06
1.2660000000e+01 1.4026996285e-08 7.3354267670e-06
1.2665000000e+01 1.5884322258e-08 7.3478720352e-06
1.2670000000e+01 1.5392880853e-08 7.3433204625e-06
1.2675000000e+01 1.2899574330e-08 7.3221320721e-06
1.2680000000e+01 9.6066700856e-09 7.2886342176e-06
1.2685000000e+01 6.5763709132e-09 7.2490244200e-06
1.2690000000e+01 4.1457426781e-09 7.2089641852e-06
1.2695000000e+01 2.2597103780e-09 7.1726509753e-06
1.2700000000e+01 1.0990994079e-09 7.1430478841e-06
1.2705000000e+01 1.2169048530e-09 7.1219679755e-06
1.2710000000e+01 3.1010035810e-09 7.1094079326e-06
1.2715000000e+01 6.5430111358e-09 7.1024112395e-06
1.2720000000e+01 1.0438020670e-08 7.0948738379e-06
1.2725000000e+01 1.3409753988e-08 7.0795702971e-06
1.2730000000e+01 1.4660619737e-08 7.0510927614e-06
1.2735000000e+01 1.4230312052e-08 7.0074048287e-06
1.2740000000e+01 1.2656573334e-08 6.9495540747e-06
1.2745000000e+01 1.0426983033e-08 6.8803978130e-06
1.2750000000e+01 7.6801448725e-09 6.8035942140e-06
1.2755000000e+01 4.5024009247e-09 6.7237103670e-06
1.2760000000e+01 1.4569609461e-09 6.6465012673e-06
1.2765000000e+01 -4.1514680295e-10 6.5777127087e-06
1.2770000000e+01 -2.3898521366e-10 6.5207029354e-06
1.2775000000e+01 2.0193640932e-09 6.4748364479e-06
1.2780000000e+01 5.4335628435e-09 6.4358297711e-06
1.2785000000e+01 8.6993778595e-09 6.3977092912e-06
1.2790000000e+01 1.1014017795e-08 6.3550918102e-06
1.2795000000e+01 1.2379656684e-08 6.3041622192e-06
1.2800000000e+01 1.3013526260e-08 6.2422411858e-06
1.2805000000e+01 1.2708298190e-08 6.1677302107e-06
1.2810000000e+01 1.0930036362e-08 6.0811498942e-06
1.2815000000e+01 7.5192168739e-09 5.9860887382e-06
1.2820000000e+01 3.3160080968e-09 5.8889343207e-06
1.2825000000e+01 -7.8288241931e-11 5.7969800613e-06
1.2830000000e+01 -1.4318196648e-09 5.7156925810e-06
1.2835000000e+01 -7.5944312023e-10 5.6471277242e-06
1.2840000000e+01 9.9978715280e-10 5.5904267700e-06
1.2845000000e+01 3.0388349368e-09 5.5430846074e-06
1.2850000000e+01 5.3001528427e-09 5.5015701385e-06
1.2855000000e+01 8.0735566404e-09 5.4613488298e-06
1.2860000000e+01 1.1044492347e-08 5.4170408774e-06
1.2865000000e+01 1.2955043804e-08 5.3635168496e-06
1.2870000000e+01 1.2522222913e-08 5.2980172920e-06
1.2875000000e+01 9.7025159744e-09 5.2217392034e-06
1.2880000000e+01 5.8314137622e-09 5.1393369530e-06
1.2885000000e+01 2.5047868687e-09 5.0569267234e-06
1.2890000000e+01 3.9635510662e-10 4.9801964059e-06
1.2895000000e+01 -8.7995095365e-10 4.9134163634e-06
1.2900000000e+01 -1.7764997868e-09 4.8594178363e-06
1.2905000000e+01 -1.8615402571e-09 4.8197424384e-06
1.2910000000e+01 -1.9352842831e-10 4.7938979066e-06
1.2915000000e+01 3.3858564648e-09 4.7783950492e-06
1.2920000000e+01 7.6297574896e-09 4.7671610792e-06
1.2925000000e+01 1.0669789999e-08 4.7534574897e-06
1.2930000000e+01 1.1442567972e-08 4.7322198565e-06
1.2935000000e+01 1.0368610939e-08 4.7015964441e-06
1.2940000000e+01 8.6014099710e-09 4.6628355391e-06
1.2945000000e+01 6.7057640798e-09 4.6189845949e-06
1.2950000000e+01 4.3253108633e-09 4.5739669228e-06
1.2955000000e+01 1.1614036786e-09 4.5325690683e-06
1.2960000000e+01 -2.0603503148e-09 4.5002397339e-06
1.2965000000e+01 -3.8251103737e-09 4.4819334182e-06
1.2970000000e+01 -3.0496012698e-09 4.4803627748e-06
1.2975000000e+01 -1.0154025791e-10 4.4945335665e-06
1.2980000000e+01 3.4873891869e-09 4.5198563462e-06
1.2985000000e+01 6.3864198409e-09 4.5501520891e-06
1.2990000000e+01 8.3572836030e-09 4.5798328025e-06
1.2995000000e+01 9.8065226086e-09 4.6048358459e-06
1.3000000000e+01 1.0776485166e-08 4.6226316231e-06
1.3005000000e+01 1.0576760437e-08 4.6321221980e-06
1.3010000000e+01 8.4727326055e-09 4.6340659154e-06
1.3015000000e+01 4.7196052704e-09 4.6319047352e-06
1.3020000000e+01 7.3905519951e-10 4.6317099282e-06
1.3025000000e+01 -1.8855720494e-09 4.6403092510e-06
1.3030000000e+01 -2.5385922908e-09 4.6626660838e-06
1.3035000000e+01 -1.6774749068e-09 4.7004057862e-06
1.3040000000e+01 -4.3780997945e-11 4.7520273565e-06
1.3045000000e+01 2.0723584884e-09 4.8141477879e-06
1.3050000000e+01 4.8264901448e-09 4.8826715640e-06
1.3055000000e+01 8.1162224555e-09 4.9529343190e-06
1.3060000000e+01 1.1061450850e-08 5.0195438434e-06
1.3065000000e+01 1.2438646289e-08 5.0774439813e-06
1.3070000000e+01 1.1614737390e-08 5.1239506810e-06
1.3075000000e+01 9.0021134133e-09 5.1601574510e-06
1.3080000000e+01 5.7162543023e-09 5.1906605821e-06
1.3085000000e+01 2.7968751419e-09 5.2216225939e-06
1.3090000000e+01 6.6350864367e-10 5.2584183005e-06
1.3095000000e+01 -7.0907400950e-10 5.3045977167e-06
1.3100000000e+01 -1.2237786827e-09 5.3622576875e-06
1.3105000000e+01 -4.7986475102e-10 5.4322542357e-06
1.3110000000e+01 1.8251708038e-09 5.5134885935e-06
1.3115000000e+01 5.3962666401e-09 5.6020997009e-06
1.3120000000e+01 9.2252226765e-09 5.6917005487e-06
1.3125000000e+01 1.2036064603e-08 5.7752128805e-06
1.3130000000e+01 1.3046080050e-08 5.8475655012e-06
1.3135000000e+01 1.2347644716e-08 5.9072467562e-06
1.3140000000e+01 1.0560082188e-08 5.9557320306e-06
1.3145000000e+01 8.2437821105e-09 5.9960710034e-06
1.3150000000e+01 5.6418896600e-09 6.0320651150e-06
1.3155000000e+01 2.8815946842e-09 6.0681653094e-06
1.3160000000e+01 4.2569928322e-10 6.1094250621e-06
1.3165000000e+01 -8.0823004166e-10 6.1604953002e-06
1.3170000000e+01 -2.7000928377e-11 6.2235396954e-06
1.3175000000e+01 2.7081036217e-09 6.2967763533e-06
1.3180000000e+01 6.3951822248e-09 6.3751122067e-06
1.3185000000e+01 9.7376185901e-09 6.4522400865e-06
1.3190000000e+01 1.1959547637e-08 6.5226437544e-06
1.3195000000e+01 1.3086358651e-08 6.5825045823e-06
1.3200000000e+01 1.3429138425e-08 6.6295169173e-06
1.3205000000e+01 1.2882986527e-08 6.6626681306e-06
1.3210000000e+01 1.0971751348e-08 6.6829466495e-06
1.3215000000e+01 7.6365881970e-09 6.6942215515e-06
1.3220000000e+01 3.7852258998e-09 6.7026982827e-06
1.3225000000e+01 9.3461050900e-10 6.7148865481e-06
1.3230000000e+01 1.8452821072e-10 6.7352942206e-06
1.3235000000e+01 1.4189944119e-09 6.7650725220e-06
1.3240000000e+01 3.6144726084e-09 6.8024053594e-06
1.3245000000e+01 5.9404896922e-09 6.8439216493e-06
1.3250000000e+01 8.3523750392e-09 6.8855101170e-06
1.3255000000e+01 1.1085155966e-08 6.9223345252e-06
1.3260000000e+01 1.3767516883e-08 6.9491372048e-06
1.3265000000e+01 1.5237937808e-08 6.9614368280e-06
1.3270000000e+01 1.4411897888e-08 6.9572457480e-06
1.3275000000e+01 1.1393759622e-08 6.9382707888e-06
1.3280000000e+01 7.5765004641e-09 6.9094555500e-06
1.3285000000e+01 4.4992086797e-09 6.8769331609e-06
1.3290000000e+01 2.7066367199e-09 6.8460263372e-06
1.3295000000e+01 1.7920166010e-09 6.8204650166e-06
1.3300000000e+01 1.3664222878e-09 6.8023845813e-06
1.3305000000e+01 1.7929570626e-09 6.7923420754e-06
1.3310000000e+01 3.8292374913e-09 6.7889403691e-06
1.3315000000e+01 7.4834775155e-09 6.7882315914e-06
1.3320000000e+01 1.1466968516e-08 6.7840754484e-06
1.3325000000e+01 1.4042724582e-08 6.7700776681e-06
1.3330000000e+01 1.4372004390e-08 6.7418964895e-06
1.3335000000e+01 1.2966816216e-08 6.6984420625e-06
1.3340000000e+01 1.0914413783e-08 6.6416149691e-06
1.3345000000e+01 8.7624283034e-09 6.5751108689e-06
1.3350000000e+01 6.2642048352e-09 6.5033201445e-06
1.3355000000e+01 3.2363285388e-09 6.4310515007e-06
1.3360000000e+01 4.2126542973e-10 6.3634233404e-06
1.3365000000e+01 -8.1332875594e-10 6.3047968511e-06
1.3370000000e+01 3.4465200689e-10 6.2570612639e-06
1.3375000000e+01 3.3835459693e-09 6.2185662816e-06
1.3380000000e+01 6.8621770709e-09 6.1845109471e-06
1.3385000000e+01 9.5558800708e-09 6.1487703417e-06
1.3390000000e+01 1.1223893220e-08 6.1060938413e-06
1.3395000000e+01 1.2229933095e-08 6.0531460932e-06
1.3400000000e+01 1.2599500148e-08 5.9882822534e-06
1.3405000000e+01 1.1760233318e-08 5.9113583358e-06
1.3410000000e+01 9.2270509345e-09 5.8241552395e-06
1.3415000000e+01 5.3959413660e-09 5.7308530585e-06
1.3420000000e+01 1.5895664150e-09 5.6377244651e-06
1.3425000000e+01 -7.8971140008e-10 5.5514269916e-06
1.3430000000e+01 -1.2225658987e-09 5.4765348348e-06
1.3435000000e+01 -1.8019971110e-10 5.4141300912e-06
1.3440000000e+01 1.6112061213e-09 5.3622844843e-06
1.3445000000e+01 3.8217138098e-09 5.3174500234e-06
1.3450000000e+01 6.4491569481e-09 5.2754889156e-06
1.3455000000e+01 9.2833753915e-09 5.2319794270e-06
1.3460000000e+01 1.1559330983e-08 5.1822992349e-06
1.3465000000e+01 1.2258979855e-08 5.1224656616e-06
1.3470000000e+01 1.0887811821e-08 5.0509497745e-06
1.3475000000e+01 7.9172995291e-09 4.9699704221e-06
1.3480000000e+01 4.4304085339e-09 4.8848713678e-06
1.3485000000e+01 1.4196005563e-09 4.8020802151e-06
1.3490000000e+01 -6.4887742418e-10 4.7270356900e-06
1.3495000000e+01 -1.7640383126e-09 4.6631733353e-06
1.3500000000e+01 -1.9349881343e-09 4.6121899827e-06
1.3505000000e+01 -9.3320186537e-10 4.5744407303e-06
1.3510000000e+01 1.4232975103e-09 4.5484219894e-06
1.3515000000e+01 4.7928494019e-09 4.5300674032e-06
1.3520000000e+01 8.2110568710e-09 4.5132507427e-06
1.3525000000e+01 1.0513373164e-08 4.4917216802e-06
1.3530000000e+01 1.0981037345e-08 4.4614257448e-06
1.3535000000e+01 9.7294304152e-09 4.4218033739e-06
1.3540000000e+01 7.4703685983e-09 4.3752687662e-06
1.3545000000e+01 4.8662160228e-09 4.3256405612e-06
1.3550000000e+01 2.1924532514e-09 4.2771984859e-06
1.3555000000e+01 -4.1655836681e-10 4.2346464795e-06
1.3560000000e+01 -2.5482885139e-09 4.2028737986e-06
1.3565000000e+01 -3.4168189307e-09 4.1858679999e-06
1.3570000000e+01 -2.3379365308e-09 4.1850549743e-06
1.3575000000e+01 5.6163087415e-10 4.1981628096e-06
1.3580000000e+01 4.2128974026e-09 4.2198761814e-06
1.3585000000e+01 7.3099352346e-09 4.2440209341e-06
1.3590000000e+01 9.1490093516e-09 4.2655393135e-06
1.3595000000e+01 9.8212044071e-09 4.2811894510e-06
1.3600000000e+01 9.6831936929e-09 4.2893916043e-06
1.3605000000e+01 8.7173756920e-09 4.2900884534e-06
1.3610000000e+01 6.5459977890e-09 4.2851307050e-06
1.3615000000e+01 3.1718187732e-09 4.2788108615e-06
1.3620000000e+01 -4.5698472294e-10 4.2773294874e-06
1.3625000000e+01 -2.8737721359e-09 4.2867668352e-06
1.3630000000e+01 -3.1510695519e-09 4.3108644261e-06
1.3635000000e+01 -1.5342695722e-09 4.3500546424e-06
1.3640000000e+01 9.2998840090e-10 4.4019398353e-06
1.3645000000e+01 3.3996302023e-09 4.4625674702e-06
1.3650000000e+01 5.8134327747e-09 4.5274601136e-06
1.3655000000e+01 8.3831597854e-09 4.5918318626e-06
1.3660000000e+01 1.0708061018e-08 4.6508119731e-06
1.3665000000e+01 1.1701845413e-08 4.7006039871e-06
1.3670000000e+01 1.0489640013e-08 4.7400525303e-06
1.3675000000e+01 7.3438212219e-09 4.7714375014e-06
1.3680000000e+01 3.6589077347e-09 4.7998473366e-06
1.3685000000e+01 8.8443761489e-10 4.8312912501e-06
1.3690000000e+01 -5.1800333286e-10 4.8706989514e-06
1.3695000000e+01 -9.9115181522e-10 4.9210692501e-06
1.3700000000e+01 -9.0048633396e-10 4.9836445736e-06
1.3705000000e+01 8.4363171984e-11 5.0580287660e-06
1.3710000000e+01 2.5333559704e-09 5.1418589077e-06
1.3715000000e+01 6.2860953553e-09 5.2305727950e-06
1.3720000000e+01 1.0080697305e-08 5.3179554152e-06
1.3725000000e+01 1.2335387615e-08 5.3978371932e-06
1.3730000000e+01 1.2384760711e-08 5.4662949962e-06
1.3735000000e+01 1.0833483622e-08 5.5227724290e-06
1.3740000000e+01 8.7250338658e-09 5.5695468437e-06
1.3745000000e+01 6.5666574661e-09 5.6104698696e-06
1.3750000000e+01 4.2133363881e-09 5.6499208476e-06
1.3755000000e+01 1.6077353461e-09 5.6923395655e-06
1.3760000000e+01 -5.4114413795e-10 5.7420029836e-06
1.3765000000e+01 -1.0499591804e-09 5.8021890161e-06
1.3770000000e+01 6.8241176800e-10 5.8736653961e-06
1.3775000000e+01 4.0271972768e-09 5.9537459833e-06
1.3780000000e+01 7.6020372862e-09 6.0369614594e-06
1.3785000000e+01 1.0314489538e-08 6.1169609022e-06
1.3790000000e+01 1.1930314470e-08 6.1884803410e-06
1.3795000000e+01 1.2740465460e-08 6.2483752473e-06
1.3800000000e+01 1.2803221906e-08 6.2954495089e-06
1.3805000000e+01 1.1694015682e-08 6.3300183492e-06
1.3810000000e+01 9.1084322852e-09 6.3541760063e-06
1.3815000000e+01 5.5514613641e-09 6.3722086372e-06
1.3820000000e+01 2.2618257453e-09 6.3900244534e-06
1.3825000000e+01 4.4622973520e-10 6.4134256336e-06
1.3830000000e+01 5.2642413426e-10 6.4459752478e-06
1.3835000000e+01 2.0445688837e-09 6.4877578497e-06
1.3840000000e+01 4.2661352809e-09 6.5359116823e-06
1.3845000000e+01 6.7856414799e-09 6.5861940323e-06
1.3850000000e+01 9.4995351487e-09 6.6340732948e-06
1.3855000000e+01 1.2140054683e-08 6.6749755448e-06
1.3860000000e+01 1.4028470187e-08 6.7044998269e-06
1.3865000000e+01 1.4356895136e-08 6.7192963915e-06
1.3870000000e+01 1.2772575647e-08 6.7185150688e-06
1.3875000000e+01 9.7545538990e-09 6.7048215390e-06
1.3880000000e+01 6.3686285779e-09 6.6837310484e-06
1.3885000000e+01 3.5971188510e-09 6.6614433388e-06
1.3890000000e+01 1.8971152617e-09 6.6428321838e-06
1.3895000000e+01 1.2779685308e-09 6.6306898638e-06
1.3900000000e+01 1.6501275583e-09 6.6259549565e-06
1.3905000000e+01 3.0720967219e-09 6.6280681331e-06
1.3910000000e+01 5.6124803907e-09 6.6347619979e-06
1.3915000000e+01 8.9261965733e-09 6.6415858964e-06
1.3920000000e+01 1.2093362186e-08 6.6424486608e-06
1.3925000000e+01 1.4023195059e-08 6.6315947865e-06
1.3930000000e+01 1.4088218032e-08 6.6057552714e-06
1.3935000000e+01 1.2467463954e-08 6.5650830296e-06
1.3940000000e+01 9.9271600456e-09 6.5125306122e-06
1.3945000000e+01 7.2133291337e-09 6.4523811143e-06
1.3950000000e+01 4.6418780061e-09 6.3891602917e-06
1.3955000000e+01 2.3044840890e-09 6.3274473854e-06
1.3960000000e+01 5.5784131645e-10 6.2717080077e-06
1.3965000000e+01 1.0470712729e-10 6.2252125687e-06
1.3970000000e+01 1.4969028738e-09 6.1885402001e-06
1.3975000000e+01 4.5179497406e-09 6.1588879964e-06
1.3980000000e+01 8.0753412144e-09 6.1308565929e-06
1.3985000000e+01 1.0869970800e-08 6.0984728909e-06
1.3990000000e+01 1.2263452011e-08 6.0571620474e-06
1.3995000000e+01 1.2442210941e-08 6.0044204869e-06
1.4000000000e+01 1.1812721816e-08 5.9395141531e-06
1.4005000000e+01 1.0402229604e-08 5.8633150523e-06
1.4010000000e+01 7.9320371090e-09 5.7785756878e-06
1.4015000000e+01 4.4918717402e-09 5.6901076094e-06
1.4020000000e+01 1.0292407483e-09 5.6041051507e-06
1.4025000000e+01 -1.0691568635e-09 5.5263304431e-06
1.4030000000e+01 -1.0183976020e-09 5.4600535071e-06
1.4035000000e+01 7.9232326355e-10 5.4051993700e-06
1.4040000000e+01 3.2871857339e-09 5.3590573792e-06
1.4045000000e+01 5.6668122307e-09 5.3175760841e-06
1.4050000000e+01 7.8493892042e-09 5.2763341001e-06
1.4055000000e+01 9.9980320879e-09 5.2309833518e-06
1.4060000000e+01 1.1726789645e-08 5.1775511663e-06
1.4065000000e+01 1.2045137817e-08 5.1133395050e-06
1.4070000000e+01 1.0256978035e-08 5.0383062862e-06
1.4075000000e+01 6.7988820853e-09 4.9556841356e-06
1.4080000000e+01 3.0631308335e-09 4.8711054790e-06
1.4085000000e+01 3.7103037163e-10 4.7907454131e-06
1.4090000000e+01 -8.9975035255e-10 4.7195110590e-06
1.4095000000e+01 -1.1930168304e-09 4.6601650411e-06
1.4100000000e+01 -8.7507111230e-10 4.6134965568e-06
1.4105000000e+01 3.2113679775e-10 4.5786673027e-06
1.4110000000e+01 2.8207439455e-09 4.5530497340e-06
1.4115000000e+01 6.3166615824e-09 4.5320910297e-06
1.4120000000e+01 9.5701931299e-09 4.5100528337e-06
1.4125000000e+01 1.1197487596e-08 4.4816693390e-06
1.4130000000e+01 1.0699926213e-08 4.4440197753e-06
1.4135000000e+01 8.7237537993e-09 4.3975248423e-06
1.4140000000e+01 6.2917101976e-09 4.3453744126e-06
1.4145000000e+01 3.8957826549e-09 4.2920612956e-06
1.4150000000e+01 1.4563657528e-09 4.2422986562e-06
1.4155000000e+01 -9.7789670664e-10 4.2005974654e-06
1.4160000000e+01 -2.7333725697e-09 4.1709223855e-06
1.4165000000e+01 -2.8341746726e-09 4.1559304914e-06
1.4170000000e+01 -8.7838083376e-10 4.1557934674e-06
1.4175000000e+01 2.4453760769e-09 4.1674473702e-06
1.4180000000e+01 5.8150633938e-09 4.1853306692e-06
1.4185000000e+01 8.2350129483e-09 4.2033900626e-06
1.4190000000e+01 9.5051082665e-09 4.2169758391e-06
1.4195000000e+01 9.8705358931e-09 4.2236588755e-06
1.4200000000e+01 9.4089050975e-09 4.2230497672e-06
1.4205000000e+01 7.8640250006e-09 4.2163431556e-06
1.4210000000e+01 5.1029762327e-09 4.2063039194e-06
1.4215000000e+01 1.6701781913e-09 4.1975134567e-06
1.4220000000e+01 -1.2798748413e-09 4.1957999463e-06
1.4225000000e+01 -2.6970048921e-09 4.2064489912e-06
1.4230000000e+01 -2.2733542643e-09 4.2322439214e-06
1.4235000000e+01 -4.6338537068e-10 4.2725823158e-06
1.4240000000e+01 2.0042725029e-09 4.3240797981e-06
1.4245000000e+01 4.6390689201e-09 4.3821147159e-06
1.4250000000e+01 7.2463948567e-09 4.4420528082e-06
1.4255000000e+01 9.5580941696e-09 4.4995336888e-06
1.4260000000e+01 1.0994971668e-08 4.5506280635e-06
1.4265000000e+01 1.0912894995e-08 4.5927108471e-06
1.4270000000e+01 9.0977465566e-09 4.6257342350e-06
1.4275000000e+01 6.0497718611e-09 4.6528602621e-06
1.4280000000e+01 2.7903829874e-09 4.6796594345e-06
1.4285000000e+01 2.9692761653e-10 4.7120646977e-06
1.4290000000e+01 -9.7522304554e-10 4.7543858991e-06
1.4295000000e+01 -1.0729085663e-09 4.8086396999e-06
1.4300000000e+01 -1.7311739853e-10 4.8749501480e-06
1.4305000000e+01 1.6658435129e-09 4.9518987320e-06
1.4310000000e+01 4.4044047875e-09 5.0364062733e-06
1.4315000000e+01 7.6910641722e-09 5.1235960971e-06
1.4320000000e+01 1.0675599805e-08 5.2074357355e-06
1.4325000000e+01 1.2334242032e-08 5.2825380178e-06
1.4330000000e+01 1.2118639464e-08 5.3461735465e-06
1.4335000000e+01 1.0301186335e-08 5.3989981846e-06
1.4340000000e+01 7.7085216697e-09 5.4442144373e-06
1.4345000000e+01 5.1198953739e-09 5.4861347829e-06
1.4350000000e+01 2.8731637279e-09 5.5291379655e-06
1.4355000000e+01 1.0324016287e-09 5.5773074945e-06
1.4360000000e+01 -1.2526530201e-10 5.6342056806e-06
1.4365000000e+01 1.9332774533e-11 5.7020031256e-06
1.4370000000e+01 1.9173934199e-09 5.7801774443e-06
1.4375000000e+01 5.2411652616e-09 5.8650302446e-06
1.4380000000e+01 8.8704810039e-09 5.9507171158e-06
1.4385000000e+01 1.1566346137e-08 6.0311929386e-06
1.4390000000e+01 1.2761409580e-08 6.1019651036e-06
1.4395000000e+01 1.2715817534e-08 6.1607935028e-06
1.4400000000e+01 1.1900671329e-08 6.2073705910e-06
1.4405000000e+01 1.0381471314e-08 6.2429571779e-06
1.4410000000e+01 7.9481311169e-09 6.2705341213e-06
1.4415000000e+01 4.7820171061e-09 6.2948284789e-06
1.4420000000e+01 1.8305163040e-09 6.3214506672e-06
1.4425000000e+01 3.5949983317e-10 6.3552043780e-06
1.4430000000e+01 1.0022964585e-09 6.3983387332e-06
1.4435000000e+01 3.2631371205e-09 6.4498235836e-06
1.4440000000e+01 6.0357337881e-09 6.5061129299e-06
1.4445000000e+01 8.5568554385e-09 6.5625765862e-06
1.4450000000e+01 1.0758415885e-08 6.6145026472e-06
1.4455000000e+01 1.2750854222e-08 6.6575275436e-06
1.4460000000e+01 1.4151378566e-08 6.6880450558e-06
1.4465000000e+01 1.4105216680e-08 6.7039911472e-06
1.4470000000e+01 1.2090449189e-08 6.7058648104e-06
1.4475000000e+01 8.6574030292e-09 6.6971886660e-06
1.4480000000e+01 5.1911176664e-09 6.6835850488e-06
1.4485000000e+01 2.8874374336e-09 6.6708402088e-06
1.4490000000e+01 2.0188987750e-09 6.6632165527e-06
1.4495000000e+01 2.1467743648e-09 6.6627378060e-06
1.4500000000e+01 2.9156022435e-09 6.6693473745e-06
1.4505000000e+01 4.5031267616e-09 6.6813487941e-06
1.4510000000e+01 7.1895276491e-09 6.6955133910e-06
1.4515000000e+01 1.0574319171e-08 6.7070717362e-06
1.4520000000e+01 1.3459627637e-08 6.7104514822e-06
1.4525000000e+01 1.4640073353e-08 6.7009331363e-06
1.4530000000e+01 1.3793742338e-08 6.6763351084e-06
1.4535000000e+01 1.1597754709e-08 6.6377173375e-06
1.4540000000e+01 9.0251879667e-09 6.5887489575e-06
1.4545000000e+01 6.5791731167e-09 6.5342380832e-06
1.4550000000e+01 4.2483675843e-09 6.4789007163e-06
1.4555000000e+01 2.1308035817e-09 6.4269326561e-06
1.4560000000e+01 8.5181022145e-10 6.3817619341e-06
1.4565000000e+01 1.2005424359e-09 6.3453040122e-06
1.4570000000e+01 3.3824092003e-09 6.3169882018e-06
1.4575000000e+01 6.6703698125e-09 6.2933325568e-06
1.4580000000e+01 9.8294536842e-09 6.2687500600e-06
1.4585000000e+01 1.1941804205e-08 6.2374915721e-06
1.4590000000e+01 1.2827451946e-08 6.1955231207e-06
1.4595000000e+01 1.2726319754e-08 6.1412136619e-06
1.4600000000e+01 1.1754207615e-08 6.0749870436e-06
1.4605000000e+01 9.7915768217e-09 5.9988414105e-06
1.4610000000e+01 6.8643312943e-09 5.9162302198e-06
1.4615000000e+01 3.5403279239e-09 5.8320500685e-06
1.4620000000e+01 8.5422091107e-10 5.7520135632e-06
1.4625000000e+01 -2.7791409371e-10 5.6810095318e-06
1.4630000000e+01 3.6843502879e-10 5.6212630256e-06
1.4635000000e+01 2.3090028899e-09 5.5716663497e-06
1.4640000000e+01 4.8122063390e-09 5.5286178740e-06
1.4645000000e+01 7.3352864614e-09 5.4875299277e-06
1.4650000000e+01 9.6036948942e-09 5.4440098870e-06
1.4655000000e+01 1.1366911198e-08 5.3942804954e-06
1.4660000000e+01 1.2171792801e-08 5.3353178412e-06
1.4665000000e+01 1.1516392009e-08 5.2655566953e-06
1.4670000000e+01 9.2886992838e-09 5.1860152708e-06
1.4675000000e+01 6.0233306076e-09 5.1006866561e-06
1.4680000000e+01 2.7109860262e-09 5.0155196171e-06
1.4685000000e+01 2.9378775770e-10 4.9364532745e-06
1.4690000000e+01 -7.8601646559e-10 4.8676302254e-06
1.4695000000e+01 -6.2900697896e-10 4.8107611022e-06
1.4700000000e+01 4.7841137339e-10 4.7655776890e-06
1.4705000000e+01 2.3824815675e-09 4.7303442082e-06
1.4710000000e+01 4.9849406612e-09 4.7018268852e-06
1.4715000000e+01 7.9175969921e-09 4.6752992772e-06
1.4720000000e+01 1.0389337657e-08 4.6453726121e-06
1.4725000000e+01 1.1472001724e-08 4.6076602645e-06
1.4730000000e+01 1.0696344297e-08 4.5604762268e-06
1.4735000000e+01 8.4186374089e-09 4.5054291303e-06
1.4740000000e+01 5.5377127048e-09 4.4464856639e-06
1.4745000000e+01 2.8461578913e-09 4.3884363309e-06
1.4750000000e+01 6.6438804716e-10 4.3358927161e-06
1.4755000000e+01 -9.6650028922e-10 4.2929093870e-06
1.4760000000e+01 -1.8300105814e-09 4.2626604695e-06
1.4765000000e+01 -1.4068796997e-09 4.2467053998e-06
1.4770000000e+01 6.5354391508e-10 4.2440105949e-06
1.4775000000e+01 3.9408064131e-09 4.2506498220e-06
1.4780000000e+01 7.3051929546e-09 4.2608973033e-06
1.4785000000e+01 9.5776217124e-09 4.2691961735e-06
1.4790000000e+01 1.0301024018e-08 4.2717522194e-06
1.4795000000e+01 9.7968897168e-09 4.2670751303e-06
1.4800000000e+01 8.5743628831e-09 4.2556917126e-06
1.4805000000e+01 6.7546669963e-09 4.2396866592e-06
1.4810000000e+01 4.1908985680e-09 4.2225898992e-06
1.4815000000e+01 1.1259835801e-09 4.2092912769e-06
1.4820000000e+01 -1.4928450005e-09 4.2051645839e-06
1.4825000000e+01 -2.5260599549e-09 4.2144128100e-06
1.4830000000e+01 -1.5119209961e-09 4.2385719488e-06
1.4835000000e+01 9.6609054606e-10 4.2760405166e-06
1.4840000000e+01 3.8046865263e-09 4.3228627735e-06
1.4845000000e+01 6.2695177749e-09 4.3741812529e-06
1.4850000000e+01 8.3009743392e-09 4.4253547129e-06
1.4855000000e+01 9.9873101292e-09 4.4723935341e-06
1.4860000000e+01 1.0954846194e-08 4.5122963195e-06
1.4865000000e+01 1.0475525013e-08 4.5437661738e-06
1.4870000000e+01 8.2162015123e-09 4.5679999460e-06
1.4875000000e+01 4.8164998843e-09 4.5888587284e-06
1.4880000000e+01 1.6106455400e-09 4.6119194678e-06
1.4885000000e+01 -3.1637958305e-10 4.6426219423e-06
1.4890000000e+01 -7.8416305901e-10 4.6845930391e-06
1.4895000000e+01 -2.4829322632e-10 4.7390651153e-06
1.4900000000e+01 9.4773999583e-10 4.8051847923e-06
1.4905000000e+01 2.9018858033e-09 4.8804860226e-06
1.4910000000e+01 5.7451830013e-09 4.9611518273e-06
1.4915000000e+01 9.0102837727e-09 5.0422218003e-06
1.4920000000e+01 1.1580098530e-08 5.1183144636e-06
1.4925000000e+01 1.2416558642e-08 5.1851439490e-06
1.4930000000e+01 1.1344736789e-08 5.2410817228e-06
1.4935000000e+01 9.0800916552e-09 5.2876511271e-06
1.4940000000e+01 6.5477656918e-09 5.3287110888e-06
1.4945000000e+01 4.2442902039e-09 5.3689980616e-06
1.4950000000e+01 2.2314198944e-09 5.4129070625e-06
1.4955000000e+01 6.3893267601e-10 5.4639743868e-06
1.4960000000e+01 4.6016466030e-13 5.5246929416e-06
1.4965000000e+01 9.3617828924e-10 5.5959516893e-06
1.4970000000e+01 3.4952479798e-09 5.6761874670e-06
1.4975000000e+01 6.9107574710e-09 5.7611722585e-06
1.4980000000e+01 1.0038874754e-08 5.8450107802e-06
1.4985000000e+01 1.2050356477e-08 5.9219862099e-06
1.4990000000e+01 1.2774354918e-08 5.9882843657e-06
1.4995000000e+01 1.2454791511e-08 6.0426326028e-06
1.5000000000e+01 1.1275360633e-08 6.0858304568e-06
1.5005000000e+01 9.2373063176e-09 6.1201278604e-06
1.5010000000e+01 6.4786985622e-09 6.1490440640e-06
1.5015000000e+01 3.5802677506e-09 6.1772280303e-06
1.5020000000e+01 1.4598113824e-09 6.2097014953e-06
1.5025000000e+01 8.8936160031e-10 6.2503503104e-06
1.5030000000e+01 2.0250922967e-09 6.3003507185e-06
1.5035000000e+01 4.3612485547e-09 6.3576499358e-06
1.5040000000e+01 7.1349751477e-09 6.4179302689e-06
1.5045000000e+01 9.7643220018e-09 6.4762083095e-06
1.5050000000e+01 1.1941541846e-08 6.5279463750e-06
1.5055000000e+01 1.3436813650e-08 6.5694552288e-06
1.5060000000e+01 1.3916341536e-08 6.5981084440e-06
1.5065000000e+01 1.3022359659e-08 6.6129032755e-06
1.5070000000e+01 1.0719265048e-08 6.6153083481e-06
1.5075000000e+01 7.5603047765e-09 6.6094977538e-06
1.5080000000e+01 4.5218464948e-09 6.6012233368e-06
1.5085000000e+01 2.5026791988e-09 6.5958468179e-06
1.5090000000e+01 1.8954927887e-09 6.5967530914e-06
1.5095000000e+01 2.5418285737e-09 6.6048691344e-06
1.5100000000e+01 4.0635227949e-09 6.6191155206e-06
1.5105000000e+01 6.2131962492e-09 6.6370066558e-06
1.5110000000e+01 8.8536925641e-09 6.6548220259e-06
1.5115000000e+01 1.1625451775e-08 6.6677153919e-06
1.5120000000e+01 1.3778962856e-08 6.6705771581e-06
1.5125000000e+01 1.4478138981e-08 6.6596503900e-06
1.5130000000e+01 1.3361973283e-08 6.6339572315e-06
1.5135000000e+01 1.0860527673e-08 6.5956308959e-06
1.5140000000e+01 7.9189051516e-09 6.5489639793e-06
1.5145000000e+01 5.3411569431e-09 6.4988677447e-06
1.5150000000e+01 3.4108880987e-09 6.4497939160e-06
1.5155000000e+01 2.1262683436e-09 6.4053832161e-06
1.5160000000e+01 1.6592749350e-09 6.3681789985e-06
1.5165000000e+01 2.4374593283e-09 6.3389576819e-06
1.5170000000e+01 4.6958131145e-09 6.3160217627e-06
1.5175000000e+01 7.9525983357e-09 6.2951634596e-06
1.5180000000e+01 1.1060012444e-08 6.2707703862e-06
1.5185000000e+01 1.2922078258e-08 6.2377068809e-06
1.5190000000e+01 1.3193308562e-08 6.1928366138e-06
1.5195000000e+01 1.2271365390e-08 6.1354310435e-06
1.5200000000e+01 1.0684723589e-08 6.0667718656e-06
1.5205000000e+01 8.5915025791e-09 5.9896584813e-06
1.5210000000e+01 5.9231883772e-09 5.9081329150e-06
1.5215000000e+01 2.9693503135e-09 5.8271851769e-06
1.5220000000e+01 6.4261651660e-10 5.7519166823e-06
1.5225000000e+01 -3.8787837389e-11 5.6860458757e-06
1.5230000000e+01 1.2236887490e-09 5.6305548358e-06
1.5235000000e+01 3.7570774088e-09 5.5834358100e-06
1.5240000000e+01 6.4845639274e-09 5.5406074023e-06
1.5245000000e+01 8.7172897185e-09 5.4973245239e-06
1.5250000000e+01 1.0391975659e-08 5.4493202805e-06
1.5255000000e+01 1.1582714111e-08 5.3933149247e-06
1.5260000000e+01 1.1954648959e-08 5.3272605068e-06
1.5265000000e+01 1.0903127966e-08 5.2508797178e-06
1.5270000000e+01 8.2604116881e-09 5.1662977216e-06
1.5275000000e+01 4.7489241762e-09 5.0780130203e-06
1.5280000000e+01 1.6327347307e-09 4.9918275141e-06
1.5285000000e+01 -1.3235702523e-10 4.9131026747e-06
1.5290000000e+01 -4.3494997782e-10 4.8452203868e-06
1.5295000000e+01 2.5741028662e-10 4.7890427471e-06
1.5300000000e+01 1.5862214945e-09 4.7433513552e-06
1.5305000000e+01 3.5798749853e-09 4.7054738582e-06
1.5310000000e+01 6.2482376925e-09 4.6716064467e-06
1.5315000000e+01 9.0680134272e-09 4.6371395063e-06
1.5320000000e+01 1.1024005793e-08 4.5974532987e-06
1.5325000000e+01 1.1255435751e-08 4.5492642011e-06
1.5330000000e+01 9.7062220933e-09 4.4919658803e-06
1.5335000000e+01 7.1151643241e-09 4.4279952803e-06
1.5340000000e+01 4.3778703770e-09 4.3618768221e-06
1.5345000000e+01 1.9824967463e-09 4.2986894170e-06
1.5350000000e+01 3.7390517523e-11 4.2429077345e-06
1.5355000000e+01 -1.3057464305e-09 4.1979048467e-06
1.5360000000e+01 -1.6129964556e-09 4.1657571785e-06
1.5365000000e+01 -4.3964104861e-10 4.1468434234e-06
1.5370000000e+01 2.1433397826e-09 4.1392301522e-06
1.5375000000e+01 5.3592658775e-09 4.1385884082e-06
1.5380000000e+01 8.1378097076e-09 4.1392859256e-06
1.5385000000e+01 9.7380182250e-09 4.1362379060e-06
1.5390000000e+01 1.0019358442e-08 4.1264343405e-06
1.5395000000e+01 9.2307108145e-09 4.1094218671e-06
1.5400000000e+01 7.6289175554e-09 4.0868076863e-06
1.5405000000e+01 5.3375744986e-09 4.0615196928e-06
1.5410000000e+01 2.5711987754e-09 4.0374754896e-06
1.5415000000e+01 -1.0603744350e-10 4.0193882709e-06
1.5420000000e+01 -1.8791778169e-09 4.0119692518e-06
1.5425000000e+01 -2.1074016540e-09 4.0184788041e-06
1.5430000000e+01 -7.1184809972e-10 4.0394157253e-06
1.5435000000e+01 1.7846861200e-09 4.0722336737e-06
1.5440000000e+01 4.5962672089e-09 4.1123539967e-06
1.5445000000e+01 7.1000297033e-09 4.1547810061e-06
1.5450000000e+01 8.9833649924e-09 4.1952357069e-06
1.5455000000e+01 1.0069271379e-08 4.2305015971e-06
1.5460000000e+01 1.0124423993e-08 4.2585962968e-06
1.5465000000e+01 8.9154120907e-09 4.2792751941e-06
1.5470000000e+01 6.4877068252e-09 4.2946292879e-06
1.5475000000e+01 3.3998746129e-09 4.3090709581e-06
1.5480000000e+01 6.0425747193e-10 4.3281943162e-06
1.5485000000e+01 -1.0381581117e-09 4.3568797130e-06
1.5490000000e+01 -1.2032652377e-09 4.3978123554e-06
1.5495000000e+01 -1.2694846364e-10 4.4511793258e-06
1.5500000000e+01 1.7412949444e-09 4.5152046263e-06
1.5505000000e+01 4.0857650917e-09 4.5867691452e-06
1.5510000000e+01 6.7322904182e-09 4.6617348853e-06
1.5515000000e+01 9.3391420455e-09 4.7352218886e-06
1.5520000000e+01 1.1211760905e-08 4.8024440361e-06
1.5525000000e+01 1.1596912612e-08 4.8601784012e-06
1.5530000000e+01 1.0243679573e-08 4.9080109606e-06
1.5535000000e+01 7.6693541813e-09 4.9484402317e-06
1.5540000000e+01 4.8402725958e-09 4.9858158939e-06
1.5545000000e+01 2.5432838270e-09 5.0248647322e-06
1.5550000000e+01 1.0300742572e-09 5.0696102889e-06
1.5555000000e+01 2.4955814288e-10 5.1229614845e-06
1.5560000000e+01 3.1846279955e-10 5.1865164624e-06
1.5565000000e+01 1.5876890788e-09 5.2600539135e-06
1.5570000000e+01 4.1812759608e-09 5.3409931131e-06
1.5575000000e+01 7.5427256816e-09 5.4245796354e-06
1.5580000000e+01 1.0550482440e-08 5.5050712041e-06
1.5585000000e+01 1.2203975720e-08 5.5774722120e-06
1.5590000000e+01 1.2259355460e-08 5.6389249759e-06
1.5595000000e+01 1.1181990587e-08 5.6890582768e-06
1.5600000000e+01 9.5244549586e-09 5.7294750166e-06
1.5605000000e+01 7.4678617243e-09 5.7631403752e-06
1.5610000000e+01 5.0069888303e-09 5.7940237441e-06
1.5615000000e+01 2.4797636481e-09 5.8266827589e-06
1.5620000000e+01 7.4314787032e-10 5.8653922581e-06
1.5625000000e+01 6.7220941801e-10 5.9128469735e-06
1.5630000000e+01 2.4240083110e-09 5.9690329411e-06
1.5635000000e+01 5.2541174531e-09 6.0310896148e-06
1.5640000000e+01 8.1087202491e-09 6.0943413431e-06
1.5645000000e+01 1.0357259006e-08 6.1537559967e-06
1.5650000000e+01 1.1941478410e-08 6.2050282423e-06
1.5655000000e+01 1.2916044774e-08 6.2450892381e-06
1.5660000000e+01 1.2999737693e-08 6.2723327926e-06
1.5665000000e+01 1.1722951639e-08 6.2869564454e-06
1.5670000000e+01 9.0563522636e-09 6.2913813342e-06
1.5675000000e+01 5.7756405507e-09 6.2901132319e-06
1.5680000000e+01 3.0721627656e-09 6.2886007786e-06
1.5685000000e+01 1.7691310116e-09 6.2915313056e-06
1.5690000000e+01 1.9032004324e-09 6.3014676158e-06
1.5695000000e+01 3.0056197432e-09 6.3184362425e-06
1.5700000000e+01 4.6975332872e-09 6.3404204192e-06
1.5705000000e+01 6.9236395850e-09 6.3641184183e-06
1.5710000000e+01 9.6010881654e-09 6.3854051028e-06
1.5715000000e+01 1.2183473726e-08 6.3996839822e-06
1.5720000000e+01 1.3754295057e-08 6.4026879908e-06
1.5725000000e+01 1.3626381923e-08 6.3917464562e-06
1.5730000000e+01 1.1856123206e-08 6.3668751847e-06
1.5735000000e+01 9.1844051960e-09 6.3309492373e-06
1.5740000000e+01 6.4775210828e-09 6.2887002055e-06
1.5745000000e+01 4.2260462511e-09 6.2451373827e-06
1.5750000000e+01 2.5624271549e-09 6.2043892150e-06
1.5755000000e+01 1.6304841949e-09 6.1692913815e-06
1.5760000000e+01 1.7670379255e-09 6.1412470079e-06
1.5765000000e+01 3.2554832781e-09 6.1199117782e-06
1.5770000000e+01 5.9165958896e-09 6.1028025496e-06
1.5775000000e+01 8.9871931439e-09 6.0854044121e-06
1.5780000000e+01 1.1476875835e-08 6.0622790998e-06
1.5785000000e+01 1.2714623472e-08 6.0288560980e-06
1.5790000000e+01 1.2600703678e-08 5.9828455359e-06
1.5795000000e+01 1.1413542978e-08 5.9245303951e-06
1.5800000000e+01 9.4719588856e-09 5.8561685763e-06
1.5805000000e+01 7.0038414089e-09 5.7812315007e-06
1.5810000000e+01 4.2868758460e-09 5.7039444675e-06
1.5815000000e+01 1.8429393676e-09 5.6289742457e-06
1.5820000000e+01 3.8053508025e-10 5.5606765840e-06
1.5825000000e+01 4.3189251112e-10 5.5017614181e-06
1.5830000000e+01 1.9996103173e-09 5.4521644718e-06
1.5835000000e+01 4.5309273943e-09 5.4090051134e-06
1.5840000000e+01 7.2282353112e-09 5.3676961196e-06
1.5845000000e+01 9.4482385487e-09 5.3234987852e-06
1.5850000000e+01 1.0883933125e-08 5.2726375362e-06
1.5855000000e+01 1.1427221782e-08 5.2126510561e-06
1.5860000000e+01 1.0949109481e-08 5.1424752251e-06
1.5865000000e+01 9.3129981929e-09 5.0628163728e-06
1.5870000000e+01 6.6330687092e-09 4.9765873160e-06
1.5875000000e+01 3.4838902029e-09 4.8886782830e-06
1.5880000000e+01 7.8069428990e-10 4.8047436085e-06
1.5885000000e+01 -6.7005914901e-10 4.7294576363e-06
1.5890000000e+01 -6.1105078958e-10 4.6651839180e-06
1.5895000000e+01 6.3717034935e-10 4.6117586101e-06
1.5900000000e+01 2.5570728276e-09 4.5671434107e-06
1.5905000000e+01 4.7950574198e-09 4.5281231998e-06
1.5910000000e+01 7.1547461062e-09 4.4906926341e-06
1.5915000000e+01 9.3068734019e-09 4.4504636368e-06
1.5920000000e+01 1.0620788813e-08 4.4035155181e-06
1.5925000000e+01 1.0438098410e-08 4.3476637070e-06
1.5930000000e+01 8.6104360477e-09 4.2834834862e-06
1.5935000000e+01 5.7360263049e-09 4.2142702421e-06
1.5940000000e+01 2.7985375296e-09 4.1448807226e-06
1.5945000000e+01 5.4314913455e-10 4.0802582902e-06
1.5950000000e+01 -8.2400958843e-10 4.0244196744e-06
1.5955000000e+01 -1.3892621835e-09 3.9800414485e-06
1.5960000000e+01 -1.0929321025e-09 3.9482864699e-06
1.5965000000e+01 3.3153004644e-10 3.9284896101e-06
1.5970000000e+01 2.9159228674e-09 3.9178312960e-06
1.5975000000e+01 6.0432020422e-09 3.9116341051e-06
1.5980000000e+01 8.6243717155e-09 3.9046030060e-06
1.5985000000e+01 9.7749370789e-09 3.8924779942e-06
1.5990000000e+01 9.3573431839e-09 3.8732306482e-06
1.5995000000e+01 7.8860321352e-09 3.8473128922e-06
1.6000000000e+01 5.9341187516e-09 3.8170955711e-06
1.6005000000e+01 3.7110394034e-09 3.7861229041e-06
1.6010000000e+01 1.2599821756e-09 3.7586349126e-06
1.6015000000e+01 -1.0503475873e-09 3.7391154547e-06
1.6020000000e+01 -2.4218770479e-09 3.7314340703e-06
1.6025000000e+01 -2.1302303609e-09 3.7376768663e-06
1.6030000000e+01 -1.5705868723e-10 3.7572632153e-06
1.6035000000e+01 2.7111242424e-09 3.7869706251e-06
1.6040000000e+01 5.4551624837e-09 3.8219952235e-06
1.6045000000e+01 7.4934020285e-09 3.8574441315e-06
1.6050000000e+01 8.7852170082e-09 3.8894173986e-06
1.6055000000e+01 9.3810267570e-09 3.9154337230e-06
1.6060000000e+01 9.0516868376e-09 3.9345903158e-06
1.6065000000e+01 7.4657398315e-09 3.9477888237e-06
1.6070000000e+01 4.7220264098e-09 3.9579291583e-06
1.6075000000e+01 1.6165709436e-09 3.9696289511e-06
1.6080000000e+01 -7.4365230974e-10 3.9880957601e-06
1.6085000000e+01 -1.6546485459e-09 4.0174799845e-06
1.6090000000e+01 -1.1537656318e-09 4.0596330249e-06
1.6095000000e+01 2.8133037934e-10 4.1138697587e-06
1.6100000000e+01 2.2560331146e-09 4.1775558387e-06
1.6105000000e+01 4.6362197044e-09 4.2469213365e-06
1.6110000000e+01 7.2561988284e-09 4.3176398446e-06
1.6115000000e+01 9.5782276784e-09 4.3852502210e-06
1.6120000000e+01 1.0798091318e-08 4.4458885409e-06
1.6125000000e+01 1.0379191198e-08 4.4974353901e-06
1.6130000000e+01 8.4792323566e-09 4.5404379450e-06
1.6135000000e+01 5.8427036023e-09 4.5780657462e-06
1.6140000000e+01 3.2966065673e-09 4.6150203901e-06
1.6145000000e+01 1.3311869505e-09 4.6560040236e-06
1.6150000000e+01 9.7232821549e-11 4.7045772931e-06
1.6155000000e+01 -2.9606307244e-10 4.7627838280e-06
1.6160000000e+01 3.8294297133e-10 4.8311283090e-06
1.6165000000e+01 2.2822850620e-09 4.9083756534e-06
1.6170000000e+01 5.1344148440e-09 4.9913049368e-06
1.6175000000e+01 8.1935201216e-09 5.0750039596e-06
1.6180000000e+01 1.0555370028e-08 5.1540237005e-06
1.6185000000e+01 1.1619288471e-08 5.2240398285e-06
1.6190000000e+01 1.1322103766e-08 5.2831222988e-06
1.6195000000e+01 9.9854852053e-09 5.3319052678e-06
1.6200000000e+01 7.9961376211e-09 5.3728637187e-06
1.6205000000e+01 5.6559555832e-09 5.4094886582e-06
1.6210000000e+01 3.2813558286e-09 5.4457881710e-06
1.6215000000e+01 1.3497570615e-09 5.4858794513e-06
1.6220000000e+01 4.5726610248e-10 5.5332353556e-06
1.6225000000e+01 1.0323323987e-09 5.5895367652e-06
1.6230000000e+01 3.0148413496e-09 5.6537483026e-06
1.6235000000e+01 5.8152261124e-09 5.7222313424e-06
1.6240000000e+01 8.6218568427e-09 5.7899644527e-06
1.6245000000e+01 1.0795972492e-08 5.8520696557e-06
1.6250000000e+01 1.2054893877e-08 5.9048364719e-06
1.6255000000e+01 1.2356899867e-08 5.9460602149e-06
1.6260000000e+01 1.1673353037e-08 5.9750825526e-06
1.6265000000e+01 9.9546892962e-09 5.9929962824e-06
1.6270000000e+01 7.3637993399e-09 6.0028974215e-06
1.6275000000e+01 4.4868834986e-09 6.0095317395e-06
1.6280000000e+01 2.2050569080e-09 6.0180311108e-06
1.6285000000e+01 1.2505873757e-09 6.0322757927e-06
1.6290000000e+01 1.7997801646e-09 6.0537713513e-06
1.6295000000e+01 3.4594584948e-09 6.0815448873e-06
1.6300000000e+01 5.6516517086e-09 6.1128434830e-06
1.6305000000e+01 7.9935023591e-09 6.1439386935e-06
1.6310000000e+01 1.0287168141e-08 6.1706064055e-06
1.6315000000e+01 1.2218441488e-08 6.1885681118e-06
1.6320000000e+01 1.3214118532e-08 6.1943370999e-06
1.6325000000e+01 1.2721039391e-08 6.1863369667e-06
1.6330000000e+01 1.0695487512e-08 6.1656660849e-06
1.6335000000e+01 7.7971626446e-09 6.1359102161e-06
1.6340000000e+01 5.0123499340e-09 6.1019601208e-06
1.6345000000e+01 3.0372417901e-09 6.0685319772e-06
1.6350000000e+01 2.0188818717e-09 6.0391882520e-06
1.6355000000e+01 1.8331833222e-09 6.0159926376e-06
1.6360000000e+01 2.4936162900e-09 5.9993937422e-06
1.6365000000e+01 4.1794765404e-09 5.9880421487e-06
1.6370000000e+01 6.8304683745e-09 5.9786887077e-06
1.6375000000e+01 9.7940498985e-09 5.9666091676e-06
1.6380000000e+01 1.2029096280e-08 5.9468113912e-06
1.6385000000e+01 1.2765196906e-08 5.9156019833e-06
1.6390000000e+01 1.1975438615e-08 5.8716465241e-06
1.6395000000e+01 1.0217064163e-08 5.8160598374e-06
1.6400000000e+01 8.0673496778e-09 5.7517747596e-06
1.6405000000e+01 5.7645596043e-09 5.6827376429e-06
1.6410000000e+01 3.3974711733e-09 5.6133048849e-06
1.6415000000e+01 1.3421745175e-09 5.5477460250e-06
1.6420000000e+01 3.2426670214e-10 5.4894733047e-06
1.6425000000e+01 9.2514027978e-10 5.4400067756e-06
1.6430000000e+01 3.0334065769e-09 5.3982751692e-06
1.6435000000e+01 5.8322588579e-09 5.3608235737e-06
1.6440000000e+01 8.3550546083e-09 5.3229253347e-06
1.6445000000e+01 1.0069815514e-08 5.2800355072e-06
1.6450000000e+01 1.0948465513e-08 5.2288579204e-06
1.6455000000e+01 1.1055259238e-08 5.1677228973e-06
1.6460000000e+01 1.0224622852e-08 5.0966176483e-06
1.6465000000e+01 8.2476642245e-09 5.0172830068e-06
1.6470000000e+01 5.3365924016e-09 4.9332657408e-06
1.6475000000e+01 2.2927879103e-09 4.8494853037e-06
1.6480000000e+01 1.2138463788e-10 4.7710988519e-06
1.6485000000e+01 -5.8629729244e-10 4.7019856194e-06
1.6490000000e+01 7.2431503489e-11 4.6436269513e-06
1.6495000000e+01 1.6029975327e-09 4.5949947935e-06
1.6500000000e+01 3.5893719989e-09 4.5532729587e-06
1.6505000000e+01 5.8349871795e-09 4.5147301817e-06
1.6510000000e+01 8.1105662660e-09 4.4753400029e-06
1.6515000000e+01 9.9017859009e-09 4.4312630772e-06
1.6520000000e+01 1.0529073175e-08 4.3795349948e-06
1.6525000000e+01 9.5972283740e-09 4.3190399721e-06
1.6530000000e+01 7.3416937752e-09 4.2512530553e-06
1.6535000000e+01 4.5100074794e-09 4.1800490119e-06
1.6540000000e+01 1.8973712519e-09 4.1105093606e-06
1.6545000000e+01 -2.0262235687e-11 4.0474162956e-06
1.6550000000e+01 -1.0871446247e-09 3.9942060189e-06
1.6555000000e+01 -1.2347480624e-09 3.9526330322e-06
1.6560000000e+01 -3.4323329164e-10 3.9228188790e-06
1.6565000000e+01 1.6165641976e-09 3.9032121764e-06
1.6570000000e+01 4.3194420642e-09 3.8904863394e-06
1.6575000000e+01 7.0434753121e-09 3.8799404514e-06
1.6580000000e+01 8.9649452973e-09 3.8667022492e-06
1.6585000000e+01 9.5607429660e-09 3.8472762924e-06
1.6590000000e+01 8.8114592101e-09 3.8206124128e-06
1.6595000000e+01 7.0821903327e-09 3.7881527917e-06
1.6600000000e+01 4.8277068146e-09 3.7530365336e-06
1.6605000000e+01 2.4098148039e-09 3.7191895626e-06
1.6610000000e+01 1.5495596155e-10 3.6907731951e-06
1.6615000000e+01 -1.5111081772e-09 3.6717560818e-06
1.6620000000e+01 -2.0913712779e-09 3.6651724359e-06
1.6625000000e+01 -1.2598433133e-09 3.6721192469e-06
1.6630000000e+01 8.6211834238e-10 3.6910777219e-06
1.6635000000e+01 3.6590578565e-09 3.7181771001e-06
1.6640000000e+01 6.3085062182e-09 3.7484447429e-06
1.6645000000e+01 8.1881521352e-09 3.7773211951e-06
1.6650000000e+01 9.0641517397e-09 3.8016126286e-06
1.6655000000e+01 8.9634593217e-09 3.8197457611e-06
1.6660000000e+01 7.9418518701e-09 3.8317628866e-06
1.6665000000e+01 6.0298287132e-09 3.8394013472e-06
1.6670000000e+01 3.4330472721e-09 3.8461380190e-06
1.6675000000e+01 7.3721497900e-10 3.8567214862e-06
1.6680000000e+01 -1.2151066693e-09 3.8759319724e-06
1.6685000000e+01 -1.7693442015e-09 3.9070468824e-06
1.6690000000e+01 -8.4240720928e-10 3.9508867125e-06
1.6695000000e+01 1.1032231895e-09 4.0058652884e-06
1.6700000000e+01 3.4516619190e-09 4.0687419284e-06
1.6705000000e+01 5.8009627461e-09 4.1354705644e-06
1.6710000000e+01 7.9556398254e-09 4.2017832104e-06
1.6715000000e+01 9.6296902630e-09 4.2636702744e-06
1.6720000000e+01 1.0309174538e-08 4.3181420403e-06
1.6725000000e+01 9.5414140527e-09 4.3642027463e-06
1.6730000000e+01 7.3910304260e-09 4.4034146997e-06
1.6735000000e+01 4.5682239404e-09 4.4395334992e-06
1.6740000000e+01 2.0381640728e-09 4.4773074306e-06
1.6745000000e+01 4.4072871774e-10 4.5210549678e-06
1.6750000000e+01 -1.3490826943e-10 4.5737085732e-06
1.6755000000e+01 1.4374042604e-10 4.6365269790e-06
1.6760000000e+01 1.2448108358e-09 4.7090933571e-06
1.6765000000e+01 3.2697012545e-09 4.7892611682e-06
1.6770000000e+01 6.0706741664e-09 4.8732112648e-06
1.6775000000e+01 8.9713813037e-09 4.9560078824e-06
1.6780000000e+01 1.1000639091e-08 5.0327791970e-06
1.6785000000e+01 1.1504530939e-08 5.1001385901e-06
1.6790000000e+01 1.0553099755e-08 5.1571169207e-06
1.6795000000e+01 8.7440073043e-09 5.2051375494e-06
1.6800000000e+01 6.6543767586e-09 5.2472712620e-06
1.6805000000e+01 4.5382935862e-09 5.2873756893e-06
1.6810000000e+01 2.5249335779e-09 5.3294450421e-06
1.6815000000e+01 9.8637380169e-10 5.3770646521e-06
1.6820000000e+01 5.5659594212e-10 5.4327189632e-06
1.6825000000e+01 1.6781842036e-09 5.4969445911e-06
1.6830000000e+01 4.1307503347e-09 5.5677961824e-06
1.6835000000e+01 7.0769024706e-09 5.6411856465e-06
1.6840000000e+01 9.6066419440e-09 5.7120695012e-06
1.6845000000e+01 1.1244445251e-08 5.7758635555e-06
1.6850000000e+01 1.1975817402e-08 5.8294334254e-06
1.6855000000e+01 1.1881954259e-08 5.8714229870e-06
1.6860000000e+01 1.0872001287e-08 5.9021860388e-06
1.6865000000e+01 8.8515223934e-09 5.9237213422e-06
1.6870000000e+01 6.1166489056e-09 5.9395960392e-06
1.6875000000e+01 3.4588667050e-09 5.9544336191e-06
1.6880000000e+01 1.7795592669e-09 5.9727611323e-06
1.6885000000e+01 1.5543812924e-09 5.9976115451e-06
1.6890000000e+01 2.6324630077e-09 6.0295864255e-06
1.6895000000e+01 4.5061103702e-09 6.0668600421e-06
1.6900000000e+01 6.7291109195e-09 6.1059882396e-06
1.6905000000e+01 9.0507068955e-09 6.1428702563e-06
1.6910000000e+01 1.1204888500e-08 6.1733959892e-06
1.6915000000e+01 1.2713722075e-08 6.1939230201e-06
1.6920000000e+01 1.3018890978e-08 6.2019309114e-06
1.6925000000e+01 1.1858764304e-08 6.1968433324e-06
1.6930000000e+01 9.5318715033e-09 6.1805573028e-06
1.6935000000e+01 6.7769903427e-09 6.1571211130e-06
1.6940000000e+01 4.3607709995e-09 6.1314986279e-06
1.6945000000e+01 2.7412516069e-09 6.1080798599e-06
1.6950000000e+01 2.0565115917e-09 6.0897230899e-06
1.6955000000e+01 2.3241782124e-09 6.0775194220e-06
1.6960000000e+01 3.5620423326e-09 6.0709060308e-06
1.6965000000e+01 5.6915326808e-09 6.0677431974e-06
1.6970000000e+01 8.3474897070e-09 6.0643856689e-06
1.6975000000e+01 1.0846812504e-08 6.0561729023e-06
1.6980000000e+01 1.2440030313e-08 6.0386106790e-06
1.6985000000e+01 1.2677815936e-08 6.0088221200e-06
1.6990000000e+01 1.1596620418e-08 5.9664344099e-06
1.6995000000e+01 9.6066675181e-09 5.9134628652e-06
1.7000000000e+01 7.2170022608e-09 5.8534623538e-06
1.7005000000e+01 4.8348576621e-09 5.7905794783e-06
1.7010000000e+01 2.7801482278e-09 5.7289333088e-06
1.7015000000e+01 1.4145312090e-09 5.6721775726e-06
1.7020000000e+01 1.1432752000e-09 5.6228312081e-06
1.7025000000e+01 2.2021621407e-09 5.5814127931e-06
1.7030000000e+01 4.4059903674e-09 5.5459659922e-06
1.7035000000e+01 7.1157039410e-09 5.5124938977e-06
1.7040000000e+01 9.5148431162e-09 5.4762250437e-06
1.7045000000e+01 1.1008558183e-08 5.4330572288e-06
1.7050000000e+01 1.1420346724e-08 5.3804568627e-06
1.7055000000e+01 1.0853591834e-08 5.3176413706e-06
1.7060000000e+01 9.4361754717e-09 5.2454711382e-06
1.7065000000e+01 7.2614085246e-09 5.1664206314e-06
1.7070000000e+01 4.5757591638e-09 5.0844681445e-06
1.7075000000e+01 1.9592962667e-09 5.0045015684e-06
1.7080000000e+01 2.0239701497e-10 4.9311201544e-06
1.7085000000e+01 -1.2265404676e-10 4.8672530346e-06
1.7090000000e+01 9.7552698344e-10 4.8133504431e-06
1.7095000000e+01 2.9675868365e-09 4.7675599214e-06
1.7100000000e+01 5.2143960228e-09 4.7265647024e-06
1.7105000000e+01 7.3138709410e-09 4.6864652250e-06
1.7110000000e+01 9.0767514130e-09 4.6434076287e-06
1.7115000000e+01 1.0247060446e-08 4.5941033555e-06
1.7120000000e+01 1.0381149004e-08 4.5365048438e-06
1.7125000000e+01 9.1264302965e-09 4.4705881524e-06
1.7130000000e+01 6.6446089078e-09 4.3987420916e-06
1.7135000000e+01 3.6894795673e-09 4.3252789070e-06
1.7140000000e+01 1.1913192677e-09 4.2551875850e-06
1.7145000000e+01 -2.8067974257e-10 4.1927759877e-06
1.7150000000e+01 -6.9110892168e-10 4.1407929848e-06
1.7155000000e+01 -2.4586561912e-10 4.1001829212e-06
1.7160000000e+01 9.7370059766e-10 4.0701873617e-06
1.7165000000e+01 2.9975023213e-09 4.0484511985e-06
1.7170000000e+01 5.6071073216e-09 4.0312044685e-06
1.7175000000e+01 8.1150907282e-09 4.0138910748e-06
1.7180000000e+01 9.6318691551e-09 3.9923326939e-06
1.7185000000e+01 9.6277925243e-09 3.9640066432e-06
1.7190000000e+01 8.2603859580e-09 3.9288089491e-06
1.7195000000e+01 6.1551242460e-09 3.8889274848e-06
1.7200000000e+01 3.8906591419e-09 3.8480155579e-06
1.7205000000e+01 1.7335503183e-09 3.8102507734e-06
1.7210000000e+01 -1.6264105358e-10 3.7796577409e-06
1.7215000000e+01 -1.4389766444e-09 3.7595781413e-06
1.7220000000e+01 -1.5574079152e-09 3.7520409140e-06
1.7225000000e+01 -2.1389441891e-10 3.7570824564e-06
1.7230000000e+01 2.2817232976e-09 3.7724088951e-06
1.7235000000e+01 5.0913500722e-09 3.7938360893e-06
1.7240000000e+01 7.3620739850e-09 3.8165063220e-06
1.7245000000e+01 8.6755487656e-09 3.8362835546e-06
1.7250000000e+01 9.0410003828e-09 3.8506518353e-06
1.7255000000e+01 8.5623622019e-09 3.8589447671e-06
1.7260000000e+01 7.2237148206e-09 3.8621948548e-06
1.7265000000e+01 5.0395175725e-09 3.8629364359e-06
1.7270000000e+01 2.3691486367e-09 3.8649848806e-06
1.7275000000e+01 -2.7246236931e-11 3.8728684735e-06
1.7280000000e+01 -1.3503724578e-09 3.8907098419e-06
1.7285000000e+01 -1.2306634369e-09 3.9209298490e-06
1.7290000000e+01 1.2620865773e-10 3.9634804721e-06
1.7295000000e+01 2.2007508598e-09 4.0160025772e-06
1.7300000000e+01 4.5222912267e-09 4.0746976466e-06
1.7305000000e+01 6.7918627938e-09 4.1353312292e-06
1.7310000000e+01 8.7264719834e-09 4.1939246821e-06
1.7315000000e+01 9.9044322161e-09 4.2472075044e-06
1.7320000000e+01 9.8826497245e-09 4.2931870490e-06
1.7325000000e+01 8.5169529423e-09 4.3318432821e-06
1.7330000000e+01 6.1617771966e-09 4.3654689023e-06
1.7335000000e+01 3.5411416983e-09 4.3981961254e-06
1.7340000000e+01 1.3875385727e-09 4.4347478777e-06
1.7345000000e+01 1.3771316961e-10 4.4790099304e-06
1.7350000000e+01 -9.9796918372e-11 4.5331475324e-06
1.7355000000e+01 6.2850151380e-10 4.5974698822e-06
1.7360000000e+01 2.2473000180e-09 4.6706453163e-06
1.7365000000e+01 4.5925296585e-09 4.7498749230e-06
1.7370000000e+01 7.2701398162e-09 4.8310945460e-06
1.7375000000e+01 9.6416203207e-09 4.9095667096e-06
1.7380000000e+01 1.1036036375e-08 4.9810199379e-06
1.7385000000e+01 1.1073546286e-08 5.0429537120e-06
1.7390000000e+01 9.8479435208e-09 5.0953717837e-06
1.7395000000e+01 7.8206563721e-09 5.1405255174e-06
1.7400000000e+01 5.5417794538e-09 5.1819838923e-06
1.7405000000e+01 3.4411302421e-09 5.2236764591e-06
1.7410000000e+01 1.8215050743e-09 5.2692506672e-06
1.7415000000e+01 9.7656538702e-10 5.3216135405e-06
1.7420000000e+01 1.2201130090e-09 5.3823509020e-06
1.7425000000e+01 2.7067215341e-09 5.4510354920e-06
1.7430000000e+01 5.1933771726e-09 5.5249257888e-06
1.7435000000e+01 8.0170825120e-09 5.5995333306e-06
1.7440000000e+01 1.0377876995e-08 5.6699182951e-06
1.7445000000e+01 1.1726335947e-08 5.7320475355e-06
1.7450000000e+01 1.1947093254e-08 5.7836006746e-06
1.7455000000e+01 1.1214498251e-08 5.8240969358e-06
1.7460000000e+01 9.7231882321e-09 5.8546933752e-06
1.7465000000e+01 7.6152240337e-09 5.8780166988e-06
1.7470000000e+01 5.1652096485e-09 5.8979353453e-06
1.7475000000e+01 2.9454511188e-09 5.9188937714e-06
1.7480000000e+01 1.6849999135e-09 5.9447428830e-06
1.7485000000e+01 1.8616208801e-09 5.9775226343e-06
1.7490000000e+01 3.3788771629e-09 6.0168298876e-06
1.7495000000e+01 5.6512898928e-09 6.0600914416e-06
1.7500000000e+01 8.0242668450e-09 6.1034709793e-06
1.7505000000e+01 1.0107062111e-08 6.1428050055e-06
1.7510000000e+01 1.1725899212e-08 6.1742475543e-06
1.7515000000e+01 1.2654392156e-08 6.1947811025e-06
1.7520000000e+01 1.2520593420e-08 6.2028181707e-06
1.7525000000e+01 1.1075335037e-08 6.1988027761e-06
1.7530000000e+01 8.5656993793e-09 6.1854088741e-06
1.7535000000e+01 5.7699769790e-09 6.1669612360e-06
1.7540000000e+01 3.5745885653e-09 6.1481819103e-06
1.7545000000e+01 2.4712686439e-09 6.1328770832e-06
1.7550000000e+01 2.4363140095e-09 6.1231527947e-06
1.7555000000e+01 3.2307513694e-09 6.1192587114e-06
1.7560000000e+01 4.7264408957e-09 6.1197719134e-06
1.7565000000e+01 6.8812102819e-09 6.1218422029e-06
1.7570000000e+01 9.4205151847e-09 6.1215117356e-06
1.7575000000e+01 1.1664918702e-08 6.1143772613e-06
1.7580000000e+01 1.2811664015e-08 6.0966995843e-06
1.7585000000e+01 1.2453343648e-08 6.0665619478e-06
1.7590000000e+01 1.0829612648e-08 6.0244650180e-06
1.7595000000e+01 8.5822836769e-09 5.9730728129e-06
1.7600000000e+01 6.2843734255e-09 5.9163309045e-06
1.7605000000e+01 4.2139681236e-09 5.8584778226e-06
1.7610000000e+01 2.5373034122e-09 5.8033344166e-06
1.7615000000e+01 1.5824310173e-09 5.7538150161e-06
1.7620000000e+01 1.7900631677e-09 5.7113993938e-06
1.7625000000e+01 3.3362493193e-09 5.6755927005e-06
1.7630000000e+01 5.8333125134e-09 5.6437610620e-06
1.7635000000e+01 8.4579808673e-09 5.6116911946e-06
1.7640000000e+01 1.0421988318e-08 5.5748054706e-06
1.7645000000e+01 1.1359613968e-08 5.5294992767e-06
1.7650000000e+01 1.1308794555e-08 5.4739652163e-06
1.7655000000e+01 1.0407792578e-08 5.4083105658e-06
1.7660000000e+01 8.7121808206e-09 5.3342953658e-06
1.7665000000e+01 6.3307018105e-09 5.2550384221e-06
1.7670000000e+01 3.6702253588e-09 5.1746819741e-06
1.7675000000e+01 1.4444024064e-09 5.0977595476e-06
1.7680000000e+01 3.4670750061e-10 5.0281373037e-06
1.7685000000e+01 6.5152356909e-10 4.9678509269e-06
1.7690000000e+01 2.1041545847e-09 4.9164861588e-06
1.7695000000e+01 4.1688122272e-09 4.8714773203e-06
1.7700000000e+01 6.3559305920e-09 4.8290592906e-06
1.7705000000e+01 8.3348902650e-09 4.7852800557e-06
1.7710000000e+01 9.8196444238e-09 4.7366963729e-06
1.7715000000e+01 1.0456367958e-08 4.6808140465e-06
1.7720000000e+01 9.9177543274e-09 4.6165579174e-06
1.7725000000e+01 8.1597151966e-09 4.5448086742e-06
1.7730000000e+01 5.5801764244e-09 4.4685890079e-06
1.7735000000e+01 2.8896035900e-09 4.3924653936e-06
1.7740000000e+01 7.8215960752e-10 4.3212732124e-06
1.7745000000e+01 -3.3692199281e-10 4.2587799704e-06
1.7750000000e+01 -3.9516289355e-10 4.2069052001e-06
1.7755000000e+01 4.9315349387e-10 4.1656626056e-06
1.7760000000e+01 2.1658466374e-09 4.1334762736e-06
1.7765000000e+01 4.3945389348e-09 4.1074666281e-06
1.7770000000e+01 6.7739309467e-09 4.0837470520e-06
1.7775000000e+01 8.7116397498e-09 4.0580779454e-06
1.7780000000e+01 9.6157702704e-09 4.0269693388e-06
1.7785000000e+01 9.1813401730e-09 3.9888247513e-06
1.7790000000e+01 7.5590304376e-09 3.9444956762e-06
1.7795000000e+01 5.2585056699e-09 3.8969161621e-06
1.7800000000e+01 2.8645217654e-09 3.8501097049e-06
1.7805000000e+01 8.1072312415e-10 3.8082034768e-06
1.7810000000e+01 -6.3150036178e-10 3.7747938774e-06
1.7815000000e+01 -1.2326896493e-09 3.7525046570e-06
1.7820000000e+01 -7.6461260505e-10 3.7424779880e-06
1.7825000000e+01 8.4930740656e-10 3.7438590371e-06
1.7830000000e+01 3.3170550643e-09 3.7536775391e-06
1.7835000000e+01 5.9605480435e-09 3.7675038962e-06
1.7840000000e+01 8.0042906596e-09 3.7807457251e-06
1.7845000000e+01 8.9580864139e-09 3.7899333925e-06
1.7850000000e+01 8.7764400552e-09 3.7934140134e-06
1.7855000000e+01 7.6972589442e-09 3.7913939699e-06
1.7860000000e+01 5.9713203318e-09 3.7856616837e-06
1.7865000000e+01 3.7841551471e-09 3.7792929861e-06
1.7870000000e+01 1.4290891243e-09 3.7762988394e-06
1.7875000000e+01 -5.3905646536e-10 3.7809279175e-06
1.7880000000e+01 -1.4553067614e-09 3.7965614907e-06
1.7885000000e+01 -9.4082056769e-10 3.8246353987e-06
1.7890000000e+01 8.2027428574e-10 3.8641838919e-06
1.7895000000e+01 3.2014134860e-09 3.9122274414e-06
1.7900000000e+01 5.5463475053e-09 3.9647152812e-06
1.7905000000e+01 7.4806484899e-09 4.0174955507e-06
1.7910000000e+01 8.8536484036e-09 4.0669830349e-06
1.7915000000e+01 9.4752747905e-09 4.1106253830e-06
1.7920000000e+01 9.0443462391e-09 4.1474018344e-06
1.7925000000e+01 7.4124508201e-09 4.1782717104e-06
1.7930000000e+01 4.9048279687e-09 4.2061979910e-06
1.7935000000e+01 2.3069514146e-09 4.2354739005e-06
1.7940000000e+01 4.4803812022e-10 4.2704933177e-06
1.7945000000e+01 -2.5733691835e-10 4.3145067002e-06
1.7950000000e+01 1.0887890900e-10 4.3689166027e-06
1.7955000000e+01 1.2728202878e-09 4.4332253638e-06
1.7960000000e+01 3.0648481003e-09 4.5053253514e-06
1.7965000000e+01 5.3781835163e-09 4.5818479705e-06
1.7970000000e+01 7.8911793354e-09 4.6585916056e-06
1.7975000000e+01 9.9497054561e-09 4.7312230250e-06
1.7980000000e+01 1.0847387645e-08 4.7963023863e-06
1.7985000000e+01 1.0290484907e-08 4.8523020473e-06
1.7990000000e+01 8.5911450975e-09 4.9000625957e-06
1.7995000000e+01 6.4025952287e-09 4.9424121484e-06
1.8000000000e+01 4.2848061050e-09 4.9832181224e-06
1.8005000000e+01 2.5202049191e-09 5.0263884811e-06
1.8010000000e+01 1.2797737429e-09 5.0751576437e-06
1.8015000000e+01 8.4744822437e-10 5.1316342725e-06
1.8020000000e+01 1.5612355739e-09 5.1963920353e-06
1.8025000000e+01 3.4828965978e-09 5.2680837191e-06
1.8030000000e+01 6.1637664127e-09 5.3434163617e-06
1.8035000000e+01 8.8023954990e-09 5.4178110271e-06
1.8040000000e+01 1.0679529384e-08 5.4866261709e-06
1.8045000000e+01 1.1484114004e-08 5.5464084926e-06
1.8050000000e+01 1.1282249896e-08 5.5956166311e-06
1.8055000000e+01 1.0252068632e-08 5.6346482126e-06
1.8060000000e+01 8.5208130006e-09 5.6654657735e-06
1.8065000000e+01 6.2726733823e-09 5.6911976983e-06
1.8070000000e+01 3.9414508952e-09 5.7157320507e-06
1.8075000000e+01 2.1860937572e-09 5.7430469875e-06
1.8080000000e+01 1.5927489366e-09 5.7762042916e-06
1.8085000000e+01 2.3448656210e-09 5.8163416887e-06
1.8090000000e+01 4.1453423769e-09 5.8622156002e-06
1.8095000000e+01 6.4417995302e-09 5.9106117030e-06
1.8100000000e+01 8.7265453561e-09 5.9573657073e-06
1.8105000000e+01 1.0652281821e-08 5.9983904690e-06
1.8110000000e+01 1.1947118483e-08 6.0303440843e-06
1.8115000000e+01 1.2327984962e-08 6.0510325469e-06
1.8120000000e+01 1.1576848642e-08 6.0597966699e-06
1.8125000000e+01 9.7383884446e-09 6.0578884676e-06
1.8130000000e+01 7.2394561919e-09 6.0484966885e-06
1.8135000000e+01 4.7714283357e-09 6.0360661025e-06
1.8140000000e+01 2.9899049011e-09 6.0250217317e-06
1.8145000000e+01 2.2575881774e-09 6.0185134630e-06
1.8150000000e+01 2.5991125908e-09 6.0177638409e-06
1.8155000000e+01 3.8344881819e-09 6.0221058182e-06
1.8160000000e+01 5.7243370365e-09 6.0293743517e-06
1.8165000000e+01 7.9895118101e-09 6.0363009181e-06
1.8170000000e+01 1.0228271173e-08 6.0389061853e-06
1.8175000000e+01 1.1898597060e-08 6.0331759148e-06
1.8180000000e+01 1.2483316938e-08 6.0161034109e-06
1.8185000000e+01 1.1753531003e-08 5.9866876913e-06
1.8190000000e+01 9.9195653938e-09 5.9463067532e-06
1.8195000000e+01 7.5310268259e-09 5.8982386592e-06
1.8200000000e+01 5.1935607416e-09 5.8466380413e-06
1.8205000000e+01 3.3324309460e-09 5.7955388635e-06
1.8210000000e+01 2.1757455659e-09 5.7482221332e-06
1.8215000000e+01 1.8866628494e-09 5.7068232168e-06
1.8220000000e+01 2.6172652556e-09 5.6719189363e-06
1.8225000000e+01 4.3711660212e-09 5.6421611667e-06
1.8230000000e+01 6.8100349651e-09 5.6143312552e-06
1.8235000000e+01 9.2521196467e-09 5.5840828606e-06
1.8240000000e+01 1.0958137703e-08 5.5472013548e-06
1.8245000000e+01 1.1503376685e-08 5.5008029370e-06
1.8250000000e+01 1.0916303985e-08 5.4439315577e-06
1.8255000000e+01 9.4941292237e-09 5.3774992826e-06
1.8260000000e+01 7.5307945125e-09 5.3039210346e-06
1.8265000000e+01 5.2463712785e-09 5.2267245409e-06
1.8270000000e+01 2.9481693049e-09 5.1500944178e-06
1.8275000000e+01 1.1637475551e-09 5.0781484981e-06
1.8280000000e+01 4.8576383348e-10 5.0139269563e-06
1.8285000000e+01 1.1959842072e-09 4.9584660059e-06
1.8290000000e+01 3.0282170152e-09 4.9104889073e-06
1.8295000000e+01 5.3240874373e-09 4.8669054652e-06
1.8300000000e+01 7.4407320807e-09 4.8237984584e-06
1.8305000000e+01 9.0283896761e-09 4.7773922796e-06
1.8310000000e+01 9.9610449956e-09 4.7247205500e-06
1.8315000000e+01 1.0091510183e-08 4.6640506497e-06
1.8320000000e+01 9.1930926478e-09 4.5952557329e-06
1.8325000000e+01 7.2104145266e-09 4.5201055109e-06
1.8330000000e+01 4.5358036799e-09 4.4421534236e-06
1.8335000000e+01 1.9503609123e-09 4.3659816562e-06
1.8340000000e+01 2.1473981281e-10 4.2959920408e-06
1.8345000000e+01 -3.3536812155e-10 4.2352576366e-06
1.8350000000e+01 1.6595140628e-10 4.1849120190e-06
1.8355000000e+01 1.4114883661e-09 4.1441865193e-06
1.8360000000e+01 3.1911998949e-09 4.1108112611e-06
1.8365000000e+01 5.3451946859e-09 4.0814664127e-06
1.8370000000e+01 7.5199522465e-09 4.0522756667e-06
1.8375000000e+01 9.0979582589e-09 4.0195221360e-06
1.8380000000e+01 9.4768619651e-09 3.9805958261e-06
1.8385000000e+01 8.4728257920e-09 3.9348544896e-06
1.8390000000e+01 6.4572468914e-09 3.8839318302e-06
1.8395000000e+01 4.0892277232e-09 3.8312589899e-06
1.8400000000e+01 1.9150687857e-09 3.7810536827e-06
1.8405000000e+01 2.1316803468e-10 3.7373105559e-06
1.8410000000e+01 -8.5110117217e-10 3.7031213876e-06
1.8415000000e+01 -1.0437108667e-09 3.6802754724e-06
1.8420000000e+01 -1.2959667947e-10 3.6689533450e-06
1.8425000000e+01 1.8505139323e-09 3.6674984206e-06
1.8430000000e+01 4.4067089036e-09 3.6725265135e-06
1.8435000000e+01 6.7697278799e-09 3.6796488630e-06
1.8440000000e+01 8.2891986755e-09 3.6846874560e-06
1.8445000000e+01 8.7117732152e-09 3.6848416453e-06
1.8450000000e+01 8.1374663906e-09 3.6792867656e-06
1.8455000000e+01 6.7852745055e-09 3.6690981990e-06
1.8460000000e+01 4.8507161761e-09 3.6567902704e-06
1.8465000000e+01 2.5810734309e-09 3.6458187597e-06
1.8470000000e+01 4.1713052310e-10 3.6401061159e-06
1.8475000000e+01 -1.0452107497e-09 3.6433723661e-06
1.8480000000e+01 -1.3206567575e-09 3.6581956803e-06
1.8485000000e+01 -3.1119296036e-10 3.6851443948e-06
1.8490000000e+01 1.6468013181e-09 3.7224916645e-06
1.8495000000e+01 3.9894994383e-09 3.7667354596e-06
1.8500000000e+01 6.1968301638e-09 3.8136527670e-06
1.8505000000e+01 7.9163383701e-09 3.8593295333e-06
1.8510000000e+01 8.9066917476e-09 3.9007990783e-06
1.8515000000e+01 8.9606774398e-09 3.9363783490e-06
1.8520000000e+01 7.9588177805e-09 3.9659604872e-06
1.8525000000e+01 6.0225362617e-09 3.9912526130e-06
1.8530000000e+01 3.6002781908e-09 4.0156474486e-06
1.8535000000e+01 1.3576144611e-09 4.0434667607e-06
1.8540000000e+01 -9.2531070341e-11 4.0787211035e-06
1.8545000000e+01 -4.3444233477e-10 4.1239489125e-06
1.8550000000e+01 2.9995944871e-10 4.1796790048e-06
1.8555000000e+01 1.8654210422e-09 4.2445786064e-06
1.8560000000e+01 3.9606271663e-09 4.3159248474e-06
1.8565000000e+01 6.2702107025e-09 4.3900757906e-06
1.8570000000e+01 8.4041807267e-09 4.4629469564e-06
1.8575000000e+01 9.8762870120e-09 4.5307018439e-06
1.8580000000e+01 1.0243426890e-08 4.5907008405e-06
1.8585000000e+01 9.3497986140e-09 4.6423490599e-06
1.8590000000e+01 7.4654783431e-09 4.6873135037e-06
1.8595000000e+01 5.1741842466e-09 4.7289328453e-06
1.8600000000e+01 3.0865012718e-09 4.7711677729e-06
1.8605000000e+01 1.6057942064e-09 4.8176231101e-06
1.8610000000e+01 9.1216295881e-10 4.8709325078e-06
1.8615000000e+01 1.1015663981e-09 4.9324153077e-06
1.8620000000e+01 2.2541476032e-09 5.0017812679e-06
1.8625000000e+01 4.3091948105e-09 5.0769152875e-06
1.8630000000e+01 6.8871880332e-09 5.1540682573e-06
1.8635000000e+01 9.3091404232e-09 5.2286731072e-06
1.8640000000e+01 1.0884776735e-08 5.2965658316e-06
1.8645000000e+01 1.1261426965e-08 5.3550718870e-06
1.8650000000e+01 1.0537678041e-08 5.4035015386e-06
1.8655000000e+01 9.0641662584e-09 5.4430039110e-06
1.8660000000e+01 7.1689352066e-09 5.4761044576e-06
1.8665000000e+01 5.0946795582e-09 5.5062264027e-06
1.8670000000e+01 3.1550877975e-09 5.5371727763e-06
1.8675000000e+01 1.8439365518e-09 5.5723952086e-06
1.8680000000e+01 1.6730335038e-09 5.6140786578e-06
1.8685000000e+01 2.8263443176e-09 5.6623825467e-06
1.8690000000e+01 4.9655652788e-09 5.7152761072e-06
1.8695000000e+01 7.4106507388e-09 5.7691245772e-06
1.8700000000e+01 9.5396862983e-09 5.8197171989e-06
1.8705000000e+01 1.1035425304e-08 5.8632327124e-06
1.8710000000e+01 1.1799729235e-08 5.8968730772e-06
1.8715000000e+01 1.1728249184e-08 5.9192317236e-06
1.8720000000e+01 1.0670398669e-08 5.9305527702e-06
1.8725000000e+01 8.6574216106e-09 5.9328613375e-06
1.8730000000e+01 6.1316732154e-09 5.9297269755e-06
1.8735000000e+01 3.8564487657e-09 5.9254657408e-06
1.8740000000e+01 2.5176931246e-09 5.9239596868e-06
1.8745000000e+01 2.3692804121e-09 5.9276031975e-06
1.8750000000e+01 3.2273456147e-09 5.9368110555e-06
1.8755000000e+01 4.7553085590e-09 5.9501504375e-06
1.8760000000e+01 6.7040349975e-09 5.9648328601e-06
1.8765000000e+01 8.8677219254e-09 5.9772624538e-06
1.8770000000e+01 1.0876964789e-08 5.9835821767e-06
1.8775000000e+01 1.2162071797e-08 5.9803702700e-06
1.8780000000e+01 1.2224161188e-08 5.9655025872e-06
1.8785000000e+01 1.0982856049e-08 5.9388695486e-06
1.8790000000e+01 8.8587405146e-09 5.9025302509e-06
1.8795000000e+01 6.5068510460e-09 5.8601404584e-06
1.8800000000e+01 4.4564872379e-09 5.8159111304e-06
1.8805000000e+01 2.9769619285e-09 5.7735988885e-06
1.8810000000e+01 2.2148430316e-09 5.7358666126e-06
1.8815000000e+01 2.3467460918e-09 5.7039662766e-06
1.8820000000e+01 3.5102974876e-09 5.6775375399e-06
1.8825000000e+01 5.5739668969e-09 5.6545131969e-06
1.8830000000e+01 8.0208955224e-09 5.6313602352e-06
1.8835000000e+01 1.0124618211e-08 5.6038546106e-06
1.8840000000e+01 1.1303891787e-08 5.5682566963e-06
1.8845000000e+01 1.1361566897e-08 5.5223865062e-06
1.8850000000e+01 1.0436630336e-08 5.4661022484e-06
1.8855000000e+01 8.7909604969e-09 5.4011087217e-06
1.8860000000e+01 6.6789854244e-09 5.3304141118e-06
1.8865000000e+01 4.3964534290e-09 5.2577643129e-06
1.8870000000e+01 2.3771148911e-09 5.1871110184e-06
1.8875000000e+01 1.1453261779e-09 5.1219509820e-06
1.8880000000e+01 1.0898328637e-09 5.0644813483e-06
1.8885000000e+01 2.2329267303e-09 5.0148734458e-06
1.8890000000e+01 4.2014362502e-09 4.9711373723e-06
1.8895000000e+01 6.4224656627e-09 4.9297509044e-06
1.8900000000e+01 8.3740212234e-09 4.8867366230e-06
1.8905000000e+01 9.7107558596e-09 4.8386613383e-06
1.8910000000e+01 1.0232063018e-08 4.7832370123e-06
1.8915000000e+01 9.8106381632e-09 4.7195896079e-06
1.8920000000e+01 8.4166059882e-09 4.6484381174e-06
1.8925000000e+01 6.2337391667e-09 4.5721995870e-06
1.8930000000e+01 3.7251674354e-09 4.4947359712e-06
1.8935000000e+01 1.5279362170e-09 4.4205323702e-06
1.8940000000e+01 2.0617612475e-10 4.3535017141e-06
1.8945000000e+01 2.2945941169e-11 4.2959419445e-06
1.8950000000e+01 8.8827474070e-10 4.2481133911e-06
1.8955000000e+01 2.4947894186e-09 4.2084814584e-06
1.8960000000e+01 4.4919351435e-09 4.1742727244e-06
1.8965000000e+01 6.5456948662e-09 4.1420131722e-06
1.8970000000e+01 8.2863087897e-09 4.1080517109e-06
1.8975000000e+01 9.2846087775e-09 4.0692506417e-06
1.8980000000e+01 9.1740220232e-09 4.0238368261e-06
1.8985000000e+01 7.8714175085e-09 3.9720814354e-06
1.8990000000e+01 5.7020278393e-09 3.9163706061e-06
1.8995000000e+01 3.2776020739e-09 3.8605302486e-06
1.9000000000e+01 1.2022905167e-09 3.8087507432e-06
1.9005000000e+01 -1.5516209234e-10 3.7646356058e-06
1.9010000000e+01 -6.6563642811e-10 3.7306307349e-06
1.9015000000e+01 -2.9553323040e-10 3.7077376310e-06
1.9020000000e+01 9.6816774031e-10 3.6953287272e-06
1.9025000000e+01 3.0072924904e-09 3.6910849573e-06
1.9030000000e+01 5.4116930399e-09 3.6913049228e-06
1.9035000000e+01 7.5145290242e-09 3.6917577667e-06
1.9040000000e+01 8.6833155631e-09 3.6888567770e-06
1.9045000000e+01 8.6450074457e-09 3.6806333670e-06
1.9050000000e+01 7.5660417441e-09 3.6671113261e-06
1.9055000000e+01 5.8410916809e-09 3.6500742424e-06
1.9060000000e+01 3.8258061934e-09 3.6325233517e-06
1.9065000000e+01 1.7787554624e-09 3.6181120829e-06
1.9070000000e+01 1.0561446821e-11 3.6105828863e-06
1.9075000000e+01 -1.0245809806e-09 3.6130631759e-06
1.9080000000e+01 -8.9790275415e-10 3.6272480964e-06
1.9085000000e+01 4.7816486524e-10 3.6527970538e-06
1.9090000000e+01 2.7035364301e-09 3.6873164296e-06
1.9095000000e+01 5.0906205075e-09 3.7270199113e-06
1.9100000000e+01 7.0463225990e-09 3.7677726954e-06
1.9105000000e+01 8.2901615230e-09 3.8060467159e-06
1.9110000000e+01 8.7575680396e-09 3.8395091762e-06
1.9115000000e+01 8.3896870172e-09 3.8673080586e-06
1.9120000000e+01 7.1093454491e-09 3.8902188869e-06
1.9125000000e+01 5.0279596532e-09 3.9106373060e-06
1.9130000000e+01 2.6247680736e-09 3.9322256862e-06
1.9135000000e+01 6.3063189145e-10 3.9590862857e-06
1.9140000000e+01 -3.4709701057e-10 3.9946372063e-06
1.9145000000e+01 -1.3312981050e-10 4.0406547540e-06
1.9150000000e+01 1.0403839724e-09 4.0968968053e-06
1.9155000000e+01 2.8104332742e-09 4.1613439994e-06
1.9160000000e+01 4.8949287833e-09 4.2307723459e-06
1.9165000000e+01 7.0503530297e-09 4.3013691744e-06
1.9170000000e+01 8.9044634235e-09 4.3693215192e-06
1.9175000000e+01 9.9471504591e-09 4.4314798383e-06
1.9180000000e+01 9.7817946894e-09 4.4861138739e-06
1.9185000000e+01 8.4207797451e-09 4.5334913599e-06
1.9190000000e+01 6.3250025016e-09 4.5758948017e-06
1.9195000000e+01 4.1392602928e-09 4.6169567427e-06
1.9200000000e+01 2.3696162415e-09 4.6606010726e-06
1.9205000000e+01 1.2703795188e-09 4.7100637184e-06
1.9210000000e+01 9.6098458317e-10 4.7673026852e-06
1.9215000000e+01 1.5532051443e-09 4.8327652792e-06
1.9220000000e+01 3.0927649150e-09 4.9053055318e-06
1.9225000000e+01 5.3731235561e-09 4.9822120521e-06
1.9230000000e+01 7.8623608093e-09 5.0595528504e-06
1.9235000000e+01 9.8825637360e-09 5.1329962270e-06
1.9240000000e+01 1.0923576376e-08 5.1989347182e-06
1.9245000000e+01 1.0843003904e-08 5.2554458600e-06
1.9250000000e+01 9.8192870769e-09 5.3026544265e-06
1.9255000000e+01 8.1579986760e-09 5.3424369053e-06
1.9260000000e+01 6.1630467186e-09 5.3777952457e-06
1.9265000000e+01 4.1608049237e-09 5.4122402728e-06
1.9270000000e+01 2.5649755545e-09 5.4492334396e-06
1.9275000000e+01 1.8246063517e-09 5.4915445871e-06
1.9280000000e+01 2.2343425592e-09 5.5405080916e-06
1.9285000000e+01 3.7474614383e-09 5.5954526251e-06
1.9290000000e+01 5.9592967172e-09 5.6537055566e-06
1.9295000000e+01 8.2895038448e-09 5.7113070434e-06
1.9300000000e+01 1.0221290836e-08 5.7641062564e-06
1.9305000000e+01 1.1429798948e-08 5.8087196061e-06
1.9310000000e+01 1.1762068953e-08 5.8430695273e-06
1.9315000000e+01 1.1167719485e-08 5.8665858918e-06
1.9320000000e+01 9.6976028476e-09 5.8802790025e-06
1.9325000000e+01 7.5846863398e-09 5.8867088544e-06
1.9330000000e+01 5.2963815034e-09 5.8896285671e-06
1.9335000000e+01 3.4375187318e-09 5.8931299123e-06
1.9340000000e+01 2.5185734827e-09 5.9005007812e-06
1.9345000000e+01 2.7421047629e-09 5.9133066704e-06
1.9350000000e+01 3.9583892351e-09 5.9310968681e-06
1.9355000000e+01 5.8048805575e-09 5.9517351341e-06
1.9360000000e+01 7.8924926142e-09 5.9720253642e-06
1.9365000000e+01 9.8805928196e-09 5.9883145474e-06
1.9370000000e+01 1.1428170319e-08 5.9970464281e-06
1.9375000000e+01 1.2163106357e-08 5.9954221575e-06
1.9380000000e+01 1.1792892726e-08 5.9821511747e-06
1.9385000000e+01 1.0306566820e-08 5.9579724529e-06
1.9390000000e+01 8.0786703593e-09 5.9255784987e-06
1.9395000000e+01 5.7371111916e-09 5.8888732419e-06
1.9400000000e+01 3.8686083291e-09 5.8518961890e-06
1.9405000000e+01 2.7980149556e-09 5.8179007256e-06
1.9410000000e+01 2.5987242843e-09 5.7888396831e-06
1.9415000000e+01 3.2459304513e-09 5.7651583182e-06
1.9420000000e+01 4.6921259749e-09 5.7457159035e-06
1.9425000000e+01 6.7666359278e-09 5.7278589220e-06
1.9430000000e+01 9.0370927115e-09 5.7078398525e-06
1.9435000000e+01 1.0860031501e-08 5.6816861509e-06
1.9440000000e+01 1.1667623737e-08 5.6463034344e-06
1.9445000000e+01 1.1267866943e-08 5.6003387453e-06
1.9450000000e+01 9.8921499122e-09 5.5444371863e-06
1.9455000000e+01 7.9703479827e-09 5.4809131147e-06
1.9460000000e+01 5.8757094584e-09 5.4131389985e-06
1.9465000000e+01 3.8765934171e-09 5.3449188178e-06
1.9470000000e+01 2.2732081136e-09 5.2798907963e-06
1.9475000000e+01 1.4714992671e-09 5.2208668202e-06
1.9480000000e+01 1.8159567137e-09 5.1691327951e-06
1.9485000000e+01 3.3038693213e-09 5.1239892692e-06
1.9490000000e+01 5.4826535161e-09 5.0828642968e-06
1.9495000000e+01 7.6691643324e-09 5.0420469835e-06
1.9500000000e+01 9.3083188964e-09 4.9977319522e-06
1.9505000000e+01 1.0159218251e-08 4.9469397344e-06
1.9510000000e+01 1.0193663562e-08 4.8880535833e-06
1.9515000000e+01 9.4021274633e-09 4.8210146930e-06
1.9520000000e+01 7.7779085086e-09 4.7473469271e-06
1.9525000000e+01 5.5019873597e-09 4.6700283483e-06
1.9530000000e+01 3.0782623848e-09 4.5930466018e-06
1.9535000000e+01 1.1946761430e-09 4.5205504732e-06
1.9540000000e+01 3.7557726043e-10 4.4557929667e-06
1.9545000000e+01 7.2218193281e-10 4.4002871644e-06
1.9550000000e+01 1.9595129081e-09 4.3535402719e-06
1.9555000000e+01 3.6999694269e-09 4.3133946562e-06
1.9560000000e+01 5.6348175139e-09 4.2766813348e-06
1.9565000000e+01 7.4954003841e-09 4.2398817697e-06
1.9570000000e+01 8.9187412778e-09 4.1997281594e-06
1.9575000000e+01 9.4625345079e-09 4.1538277983e-06
1.9580000000e+01 8.8322256263e-09 4.1013062264e-06
1.9585000000e+01 7.1227103963e-09 4.0432382725e-06
1.9590000000e+01 4.8250008930e-09 3.9825413137e-06
1.9595000000e+01 2.5700315751e-09 3.9232354594e-06
1.9600000000e+01 8.3704669170e-10 3.8693718980e-06
1.9605000000e+01 -1.4192647361e-10 3.8240994580e-06
1.9610000000e+01 -2.8074059345e-10 3.7891449175e-06
1.9615000000e+01 4.6632249634e-10 3.7646626869e-06
1.9620000000e+01 2.0598171514e-09 3.7492628960e-06
1.9625000000e+01 4.2339704811e-09 3.7401592882e-06
1.9630000000e+01 6.4567096557e-09 3.7335963581e-06
1.9635000000e+01 8.1033161227e-09 3.7256885278e-06
1.9640000000e+01 8.7351576438e-09 3.7134863808e-06
1.9645000000e+01 8.2668619344e-09 3.6958144991e-06
1.9650000000e+01 6.9170699722e-09 3.6735039382e-06
1.9655000000e+01 5.0326413163e-09 3.6490039570e-06
1.9660000000e+01 2.9593170205e-09 3.6256879391e-06
1.9665000000e+01 1.0394798557e-09 3.6071898159e-06
1.9670000000e+01 -3.4521006265e-10 3.5968387025e-06
1.9675000000e+01 -8.2109330689e-10 3.5970575882e-06
1.9680000000e+01 -1.8097531359e-10 3.6087193463e-06
1.9685000000e+01 1.4655088262e-09 3.6307274406e-06
1.9690000000e+01 3.6881351901e-09 3.6601578424e-06
1.9695000000e+01 5.9056222770e-09 3.6930375173e-06
1.9700000000e+01 7.6141757212e-09 3.7254363346e-06
1.9705000000e+01 8.5204914808e-09 3.7543785861e-06
1.9710000000e+01 8.5273601827e-09 3.7783086056e-06
1.9715000000e+01 7.6575102865e-09 3.7972078308e-06
1.9720000000e+01 6.0315664543e-09 3.8125686583e-06
1.9725000000e+01 3.9223815268e-09 3.8272428691e-06
1.9730000000e+01 1.7939927392e-09 3.8449889129e-06
1.9735000000e+01 2.1355344491e-10 3.8696075394e-06
1.9740000000e+01 -3.6483476665e-10 3.9038742519e-06
1.9745000000e+01 1.9733448652e-10 3.9487413315e-06
1.9750000000e+01 1.6899248094e-09 4.0031705746e-06
1.9755000000e+01 3.7040783927e-09 4.0645558390e-06
1.9760000000e+01 5.8255725170e-09 4.1294030200e-06
1.9765000000e+01 7.7171043133e-09 4.1939779568e-06
1.9770000000e+01 9.0724362533e-09 4.2548801822e-06
1.9775000000e+01 9.5787084995e-09 4.3096555749e-06
1.9780000000e+01 9.0150909357e-09 4.3574309088e-06
1.9785000000e+01 7.4390715701e-09 4.3992878102e-06
1.9790000000e+01 5.2693705784e-09 4.4380569778e-06
1.9795000000e+01 3.1390484017e-09 4.4775148784e-06
1.9800000000e+01 1.6049946392e-09 4.5213245591e-06
1.9805000000e+01 9.4232617751e-10 4.5721637674e-06
1.9810000000e+01 1.1677755009e-09 4.6312699212e-06
1.9815000000e+01 2.2002571810e-09 4.6983207522e-06
1.9820000000e+01 3.9383851620e-09 4.7714710384e-06
1.9825000000e+01 6.1665088052e-09 4.8475423494e-06
1.9830000000e+01 8.4371452643e-09 4.9225274609e-06
1.9835000000e+01 1.0139733781e-08 4.9924666997e-06
1.9840000000e+01 1.0778132390e-08 5.0544668866e-06
1.9845000000e+01 1.0239781377e-08 5.1074432238e-06
1.9850000000e+01 8.8142836951e-09 5.1522668361e-06
1.9855000000e+01 6.9590731679e-09 5.1913461646e-06
1.9860000000e+01 5.0559399032e-09 5.2279488195e-06
1.9865000000e+01 3.3742721422e-09 5.2655357122e-06
1.9870000000e+01 2.1971338933e-09 5.3071571092e-06
1.9875000000e+01 1.8756622951e-09 5.3548440326e-06
1.9880000000e+01 2.6674085798e-09 5.4090323032e-06
1.9885000000e+01 4.4864974087e-09 5.4682514921e-06
1.9890000000e+01 6.8392441799e-09 5.5293507761e-06
1.9895000000e+01 9.0552488948e-09 5.5882897662e-06
1.9900000000e+01 1.0623385681e-08 5.6411807798e-06
1.9905000000e+01 1.1345632705e-08 5.6851581987e-06
1.9910000000e+01 1.1230404488e-08 5.7188450440e-06
1.9915000000e+01 1.0317621807e-08 5.7424611811e-06
1.9920000000e+01 8.6674605232e-09 5.7577320553e-06
1.9925000000e+01 6.5179650008e-09 5.7676463478e-06
1.9930000000e+01 4.3825897055e-09 5.7759457280e-06
1.9935000000e+01 2.8974523632e-09 5.7862772399e-06
1.9940000000e+01 2.5015579318e-09 5.8012081146e-06
1.9945000000e+01 3.2240885920e-09 5.8215036533e-06
1.9950000000e+01 4.7517316139e-09 5.8459815196e-06
1.9955000000e+01 6.6755637262e-09 5.8719425204e-06
1.9960000000e+01 8.6641888262e-09 5.8958909314e-06
1.9965000000e+01 1.0434443505e-08 5.9142345695e-06
1.9970000000e+01 1.1644805776e-08 5.9238763740e-06
1.9975000000e+01 1.1924360424e-08 5.9227807298e-06
1.9980000000e+01 1.1075590941e-08 5.9105091558e-06
1.9985000000e+01 9.2661061980e-09 5.8885090679e-06
1.9990000000e+01 7.0059773596e-09 5.8598866868e-06
1.9995000000e+01 4.9057631976e-09 5.8286137304e-06
2.0000000000e+01 3.4144549634e-09 5.7984628922e-06
2.0005000000e+01 2.7344953591e-09 5.7721271537e-06
2.0010000000e+01 2.9108301768e-09 5.7507846236e-06
2.0015000000e+01 3.9233983003e-09 5.7340416240e-06
2.0020000000e+01 5.6565425864e-09 5.7200605610e-06
2.0025000000e+01 7.7981014072e-09 5.7058145241e-06
2.0030000000e+01 9.8275801393e-09 5.6875878175e-06
2.0035000000e+01 1.1178189101e-08 5.6618125591e-06
2.0040000000e+01 1.1480908269e-08 5.6260591705e-06
2.0045000000e+01 1.0706781618e-08 5.5797533594e-06
2.0050000000e+01 9.1156621240e-09 5.5242802519e-06
2.0055000000e+01 7.0905657530e-09 5.4625031934e-06
2.0060000000e+01 5.0076505702e-09 5.3980207586e-06
2.0065000000e+01 3.2127247783e-09 5.3344752861e-06
2.0070000000e+01 2.0455812164e-09 5.2749882725e-06
2.0075000000e+01 1.8033732862e-09 5.2216172159e-06
2.0080000000e+01 2.6133191359e-09 5.1748234326e-06
2.0085000000e+01 4.3099250266e-09 5.1331917654e-06
2.0090000000e+01 6.4416523602e-09 5.0936970732e-06
2.0095000000e+01 8.4331017660e-09 5.0525379840e-06
2.0100000000e+01 9.8030650963e-09 5.0062038639e-06
2.0105000000e+01 1.0298127330e-08 4.9523232500e-06
2.0110000000e+01 9.8810891768e-09 4.8900546282e-06
2.0115000000e+01 8.6442343090e-09 4.8201131348e-06
2.0120000000e+01 6.7666813596e-09 4.7446411796e-06
2.0125000000e+01 4.5505839710e-09 4.6669537914e-06
2.0130000000e+01 2.4512383178e-09 4.5910106825e-06
2.0135000000e+01 9.9351310574e-10 4.5205522767e-06
2.0140000000e+01 5.7078414804e-10 4.4581224192e-06
2.0145000000e+01 1.2569581887e-09 4.4043994807e-06
2.0150000000e+01 2.7847143978e-09 4.3581437036e-06
2.0155000000e+01 4.7073135305e-09 4.3167040387e-06
2.0160000000e+01 6.5989542190e-09 4.2767485196e-06
2.0165000000e+01 8.1364984247e-09 4.2349350084e-06
2.0170000000e+01 9.0526369911e-09 4.1884831409e-06
2.0175000000e+01 9.0953361785e-09 4.1357306927e-06
2.0180000000e+01 8.1150891449e-09 4.0766428562e-06
2.0185000000e+01 6.2332949272e-09 4.0130388900e-06
2.0190000000e+01 3.9055581593e-09 3.9482759422e-06
2.0195000000e+01 1.7612915066e-09 3.8863999317e-06
2.0200000000e+01 3.1796124266e-10 3.8311077768e-06
2.0205000000e+01 -2.0405359199e-10 3.7849392435e-06
2.0210000000e+01 1.5785706162e-10 3.7488946280e-06
2.0215000000e+01 1.2714101249e-09 3.7223997501e-06
2.0220000000e+01 2.9871661398e-09 3.7034530864e-06
2.0225000000e+01 5.0539029839e-09 3.6889232621e-06
2.0230000000e+01 7.0195327419e-09 3.6751115010e-06
2.0235000000e+01 8.3148176646e-09 3.6586136127e-06
2.0240000000e+01 8.5211862808e-09 3.6372513201e-06
2.0245000000e+01 7.6050495861e-09 3.6106853156e-06
2.0250000000e+01 5.9068293302e-09 3.5804492039e-06
2.0255000000e+01 3.9039425023e-09 3.5494526720e-06
2.0260000000e+01 1.9810424775e-09 3.5212460764e-06
2.0265000000e+01 4.0159770548e-10 3.4993245636e-06
2.0270000000e+01 -5.7528332849e-10 3.4865396779e-06
2.0275000000e+01 -6.5637597640e-10 3.4845580329e-06
2.0280000000e+01 3.3058018109e-10 3.4934035801e-06
2.0285000000e+01 2.2245483108e-09 3.5112875443e-06
2.0290000000e+01 4.5038868889e-09 3.5349394254e-06
2.0295000000e+01 6.5213179218e-09 3.5604344824e-06
2.0300000000e+01 7.8139173488e-09 3.5842172242e-06
2.0305000000e+01 8.2296923417e-09 3.6039132767e-06
2.0310000000e+01 7.8164966005e-09 3.6187107893e-06
2.0315000000e+01 6.6628233075e-09 3.6293723760e-06
2.0320000000e+01 4.8906878069e-09 3.6380409392e-06
2.0325000000e+01 2.7849528644e-09 3.6478972963e-06
2.0330000000e+01 8.5517049665e-10 3.6625954621e-06
2.0335000000e+01 -3.2197402352e-10 3.6854366605e-06
2.0340000000e+01 -3.9122283569e-10 3.7184677728e-06
2.0345000000e+01 6.0907904854e-10 3.7618779348e-06
2.0350000000e+01 2.3312477906e-09 3.8139738385e-06
2.0355000000e+01 4.3500299887e-09 3.8716973942e-06
2.0360000000e+01 6.3182831056e-09 3.9313933392e-06
2.0365000000e+01 7.9480706933e-09 3.9895291282e-06
2.0370000000e+01 8.9302096710e-09 4.0432674739e-06
2.0375000000e+01 8.9690768085e-09 4.0909598853e-06
2.0380000000e+01 7.9570740248e-09 4.1325682929e-06
2.0385000000e+01 6.1238316392e-09 4.1698245171e-06
2.0390000000e+01 3.9904521545e-09 4.2058941859e-06
2.0395000000e+01 2.1410909697e-09 4.2445388673e-06
2.0400000000e+01 9.8987589434e-10 4.2890800090e-06
2.0405000000e+01 7.0476886365e-10 4.3415862236e-06
2.0410000000e+01 1.2839301158e-09 4.4025240036e-06
2.0415000000e+01 2.6423196836e-09 4.4707993675e-06
2.0420000000e+01 4.5989517380e-09 4.5439838898e-06
2.0425000000e+01 6.8086352111e-09 4.6186565694e-06
2.0430000000e+01 8.7710700426e-09 4.6909611972e-06
2.0435000000e+01 9.9806315017e-09 4.7574302123e-06
2.0440000000e+01 1.0136945526e-08 4.8158842310e-06
2.0445000000e+01 9.2651133603e-09 4.8660223015e-06
2.0450000000e+01 7.6646380585e-09 4.9094084843e-06
2.0455000000e+01 5.7495560750e-09 4.9489064837e-06
2.0460000000e+01 3.9139579316e-09 4.9878963158e-06
2.0465000000e+01 2.4937621457e-09 5.0295766570e-06
2.0470000000e+01 1.7803119061e-09 5.0764190935e-06
2.0475000000e+01 1.9944374304e-09 5.1296889955e-06
2.0480000000e+01 3.1887107257e-09 5.1890334494e-06
2.0485000000e+01 5.1490727693e-09 5.2523389352e-06
2.0490000000e+01 7.4074715646e-09 5.3161026050e-06
2.0495000000e+01 9.3992413250e-09 5.3763068002e-06
2.0500000000e+01 1.0674287711e-08 5.4294535643e-06
2.0505000000e+01 1.1026104677e-08 5.4733354197e-06
2.0510000000e+01 1.0477345069e-08 5.5073439352e-06
2.0515000000e+01 9.1832887093e-09 5.5324115868e-06
2.0520000000e+01 7.3709235045e-09 5.5507831859e-06
2.0525000000e+01 5.3604311912e-09 5.5656687825e-06
2.0530000000e+01 3.5910345131e-09 5.5806664043e-06
2.0535000000e+01 2.5411971307e-09 5.5989183202e-06
2.0540000000e+01 2.5391127101e-09 5.6222297668e-06
2.0545000000e+01 3.5922165382e-09 5.6505353932e-06
2.0550000000e+01 5.3808292255e-09 5.6819611188e-06
2.0555000000e+01 7.4291818302e-09 5.7134017410e-06
2.0560000000e+01 9.3095405377e-09 5.7412925545e-06
2.0565000000e+01 1.0721380824e-08 5.7622946855e-06
2.0570000000e+01 1.1439492553e-08 5.7738442227e-06
2.0575000000e+01 1.1270995047e-08 5.7746395228e-06
2.0580000000e+01 1.0135084772e-08 5.7650305107e-06
2.0585000000e+01 8.2116526260e-09 5.7471045590e-06
2.0590000000e+01 5.9829446706e-09 5.7242724534e-06
2.0595000000e+01 4.0638223906e-09 5.7003957442e-06
2.0600000000e+01 2.9243327722e-09 5.6787835994e-06
2.0605000000e+01 2.7258458556e-09 5.6614543426e-06
2.0610000000e+01 3.3778571242e-09 5.6488387673e-06
2.0615000000e+01 4.7021229097e-09 5.6398355580e-06
2.0620000000e+01 6.5068953296e-09 5.6320573715e-06
2.0625000000e+01 8.5123645028e-09 5.6222225782e-06
2.0630000000e+01 1.0271717963e-08 5.6067615921e-06
2.0635000000e+01 1.1264907002e-08 5.5826437994e-06
2.0640000000e+01 1.1152481262e-08 5.5482124374e-06
2.0645000000e+01 9.9763824062e-09 5.5036746391e-06
2.0650000000e+01 8.1204182912e-09 5.4510225303e-06
2.0655000000e+01 6.0727501192e-09 5.3934625713e-06
2.0660000000e+01 4.2139903262e-09 5.3346419045e-06
2.0665000000e+01 2.7957270191e-09 5.2779385486e-06
2.0670000000e+01 2.0458561106e-09 5.2259006463e-06
2.0675000000e+01 2.1959319612e-09 5.1797879031e-06
2.0680000000e+01 3.3367492282e-09 5.1392337231e-06
2.0685000000e+01 5.2413153250e-09 5.1022014325e-06
2.0690000000e+01 7.3711486156e-09 5.0654090943e-06
2.0695000000e+01 9.1114379603e-09 5.0251831594e-06
2.0700000000e+01 1.0051500778e-08 4.9784447366e-06
2.0705000000e+01 1.0086168402e-08 4.9234515380e-06
2.0710000000e+01 9.3044017855e-09 4.8600913272e-06
2.0715000000e+01 7.8426517026e-09 4.7897930546e-06
2.0720000000e+01 5.8773052044e-09 4.7152348119e-06
2.0725000000e+01 3.7284801189e-09 4.6399227181e-06
2.0730000000e+01 1.8909533788e-09 4.5675877919e-06
2.0735000000e+01 8.7575323319e-10 4.5013906617e-06
2.0740000000e+01 9.5630068672e-10 4.4431166768e-06
2.0745000000e+01 2.0333065395e-09 4.3926937869e-06
2.0750000000e+01 3.7294796707e-09 4.3482785618e-06
2.0755000000e+01 5.6077657661e-09 4.3068537293e-06
2.0760000000e+01 7.3138569363e-09 4.2650311565e-06
2.0765000000e+01 8.5658352256e-09 4.2197686718e-06
2.0770000000e+01 9.0953999925e-09 4.1689083601e-06
2.0775000000e+01 8.6845381938e-09 4.1115921919e-06
2.0780000000e+01 7.3091630692e-09 4.0485643978e-06
2.0785000000e+01 5.2499388109e-09 3.9822061656e-06
2.0790000000e+01 3.0314789638e-09 3.9161081815e-06
2.0795000000e+01 1.2081189534e-09 3.8542011589e-06
2.0800000000e+01 1.5499579068e-10 3.7997572778e-06
2.0805000000e+01 1.0860117631e-12 3.7546602032e-06
2.0810000000e+01 6.9625667798e-10 3.7191469406e-06
2.0815000000e+01 2.0943241279e-09 3.6919401365e-06
2.0820000000e+01 3.9602137688e-09 3.6705663148e-06
2.0825000000e+01 5.9302917410e-09 3.6517724149e-06
2.0830000000e+01 7.5334623243e-09 3.6321157316e-06
2.0835000000e+01 8.3273081499e-09 3.6087592467e-06
2.0840000000e+01 8.0801009815e-09 3.5802737269e-06
2.0845000000e+01 6.8702989777e-09 3.5470941222e-06
2.0850000000e+01 5.0344168365e-09 3.5113920275e-06
2.0855000000e+01 3.0118814456e-09 3.4764407268e-06
2.0860000000e+01 1.2048177732e-09 3.4458014222e-06
2.0865000000e+01 -7.1734986479e-11 3.4226294549e-06
2.0870000000e+01 -5.7928447913e-10 3.4091648156e-06
2.0875000000e+01 -1.6929089351e-10 3.4063257400e-06
2.0880000000e+01 1.1432147348e-09 3.4134118721e-06
2.0885000000e+01 3.1027972068e-09 3.4280936047e-06
2.0890000000e+01 5.2323884397e-09 3.4468743353e-06
2.0895000000e+01 6.9851762565e-09 3.4659825155e-06
2.0900000000e+01 7.9497888170e-09 3.4823606360e-06
2.0905000000e+01 7.9734361839e-09 3.4943527729e-06
2.0910000000e+01 7.1386661817e-09 3.5019204652e-06
2.0915000000e+01 5.6562255759e-09 3.5064982685e-06
2.0920000000e+01 3.7916145410e-09 3.5106773738e-06
2.0925000000e+01 1.8749132973e-09 3.5177770117e-06
2.0930000000e+01 3.2290469192e-10 3.5312332537e-06
2.0935000000e+01 -4.3581273450e-10 3.5537959398e-06
2.0940000000e+01 -1.3944145599e-10 3.5867503106e-06
2.0945000000e+01 1.1538647318e-09 3.6295131551e-06
2.0950000000e+01 3.0781231312e-09 3.6798054995e-06
2.0955000000e+01 5.1394804679e-09 3.7342926385e-06
2.0960000000e+01 6.9183571846e-09 3.7893794904e-06
2.0965000000e+01 8.1432002565e-09 3.8418968477e-06
2.0970000000e+01 8.6342820922e-09 3.8896160572e-06
2.0975000000e+01 8.2573775820e-09 3.9316525220e-06
2.0980000000e+01 6.9963454452e-09 3.9687346205e-06
2.0985000000e+01 5.0836568492e-09 4.0031644019e-06
2.0990000000e+01 3.0192004528e-09 4.0383181393e-06
2.0995000000e+01 1.3926592240e-09 4.0777628898e-06
2.1000000000e+01 6.2021579848e-10 4.1243051065e-06
2.1005000000e+01 8.0331458973e-10 4.1793296177e-06
2.1010000000e+01 1.8004309203e-09 4.2425907880e-06
2.1015000000e+01 3.3921319722e-09 4.3123628539e-06
2.1020000000e+01 5.3513848855e-09 4.3857776881e-06
2.1025000000e+01 7.3775151503e-09 4.4592901155e-06
2.1030000000e+01 9.0373500089e-09 4.5293118175e-06
2.1035000000e+01 9.8670525771e-09 4.5929923720e-06
2.1040000000e+01 9.6068356843e-09 4.6489476130e-06
2.1045000000e+01 8.3678718142e-09 4.6976281073e-06
2.1050000000e+01 6.5692544575e-09 4.7411381550e-06
2.1055000000e+01 4.7021050367e-09 4.7825980472e-06
2.1060000000e+01 3.1353737104e-09 4.8253441434e-06
2.1065000000e+01 2.1023476313e-09 4.8722274306e-06
2.1070000000e+01 1.7941445927e-09 4.9250947706e-06
2.1075000000e+01 2.3773877663e-09 4.9844181405e-06
2.1080000000e+01 3.8653581589e-09 5.0490799297e-06
2.1085000000e+01 5.9755220545e-09 5.1164464544e-06
2.1090000000e+01 8.1626220025e-09 5.1828687923e-06
2.1095000000e+01 9.8505513651e-09 5.2445522582e-06
2.1100000000e+01 1.0683582007e-08 5.2984962334e-06
2.1105000000e+01 1.0603335283e-08 5.3431529362e-06
2.1110000000e+01 9.7387797469e-09 5.3786293674e-06
2.1115000000e+01 8.2716522115e-09 5.4065046171e-06
2.1120000000e+01 6.4244107021e-09 5.4294481447e-06
2.1125000000e+01 4.5389918587e-09 5.4507357814e-06
2.1130000000e+01 3.0842809049e-09 5.4736311782e-06
2.1135000000e+01 2.5014652225e-09 5.5006341400e-06
2.1140000000e+01 2.9836673952e-09 5.5327771945e-06
2.1145000000e+01 4.3755762905e-09 5.5692705800e-06
2.1150000000e+01 6.2752523155e-09 5.6076946674e-06
2.1155000000e+01 8.2375991413e-09 5.6446631418e-06
2.1160000000e+01 9.9076641817e-09 5.6766511386e-06
2.1165000000e+01 1.1019217341e-08 5.7006966897e-06
2.1170000000e+01 1.1350834579e-08 5.7148884972e-06
2.1175000000e+01 1.0760112109e-08 5.7186996693e-06
2.1180000000e+01 9.2980618817e-09 5.7131771076e-06
2.1185000000e+01 7.2852655620e-09 5.7008582094e-06
2.1190000000e+01 5.2408355112e-09 5.6852668814e-06
2.1195000000e+01 3.6845611197e-09 5.6700334635e-06
2.1200000000e+01 2.9485955900e-09 5.6579463018e-06
2.1205000000e+01 3.1176105388e-09 5.6503119150e-06
2.1210000000e+01 4.0913090546e-09 5.6467962665e-06
2.1215000000e+01 5.6677676570e-09 5.6456454913e-06
2.1220000000e+01 7.5682332804e-09 5.6440835999e-06
2.1225000000e+01 9.4219080068e-09 5.6387929078e-06
2.1230000000e+01 1.0794266203e-08 5.6265222650e-06
2.1235000000e+01 1.1306580209e-08 5.6048356220e-06
2.1240000000e+01 1.0793096690e-08 5.5728114652e-06
2.1245000000e+01 9.3836543112e-09 5.5313702052e-06
2.1250000000e+01 7.4477367628e-09 5.4830369159e-06
2.1255000000e+01 5.4416535627e-09 5.4312490095e-06
2.1260000000e+01 3.7649413251e-09 5.3795301640e-06
2.1265000000e+01 2.7025027423e-09 5.3308120772e-06
2.1270000000e+01 2.4360397827e-09 5.2869719953e-06
2.1275000000e+01 3.0454526382e-09 5.2485107583e-06
2.1280000000e+01 4.4556553453e-09 5.2143695783e-06
2.1285000000e+01 6.3764009888e-09 5.1820374134e-06
2.1290000000e+01 8.3278528287e-09 5.1480912323e-06
2.1295000000e+01 9.7886595199e-09 5.1090906605e-06
2.1300000000e+01 1.0392864727e-08 5.0625049962e-06
2.1305000000e+01 1.0044742607e-08 5.0073118940e-06
2.1310000000e+01 8.8851489047e-09 4.9441206633e-06
2.1315000000e+01 7.1725362962e-09 4.8749393907e-06
2.1320000000e+01 5.2005989580e-09 4.8027792711e-06
2.1325000000e+01 3.3017147539e-09 4.7311637000e-06
2.1330000000e+01 1.8651302110e-09 4.6634979216e-06
2.1335000000e+01 1.2657783802e-09 4.6023189605e-06
2.1340000000e+01 1.6985125013e-09 4.5486296497e-06
2.1345000000e+01 3.0431748884e-09 4.5016196674e-06
2.1350000000e+01 4.8946991814e-09 4.4589371330e-06
2.1355000000e+01 6.7515215938e-09 4.4173830073e-06
2.1360000000e+01 8.2123601615e-09 4.3737173420e-06
2.1365000000e+01 9.0403804465e-09 4.3253274434e-06
2.1370000000e+01 9.1032099857e-09 4.2706957230e-06
2.1375000000e+01 8.3251116322e-09 4.2097134792e-06
2.1380000000e+01 6.7509922154e-09 4.1438274815e-06
2.1385000000e+01 4.6585080553e-09 4.0758867579e-06
2.1390000000e+01 2.5565242310e-09 4.0095765225e-06
2.1395000000e+01 1.0014064191e-09 3.9485345588e-06
2.1400000000e+01 3.5052364729e-10 3.8954598808e-06
2.1405000000e+01 6.4644664591e-10 3.8515396246e-06
2.1410000000e+01 1.7014445682e-09 3.8163288957e-06
2.1415000000e+01 3.2604478980e-09 3.7879896643e-06
2.1420000000e+01 5.0686924283e-09 3.7637123642e-06
2.1425000000e+01 6.8144150271e-09 3.7402366138e-06
2.1430000000e+01 8.0871096100e-09 3.7144899374e-06
2.1435000000e+01 8.4849405761e-09 3.6843115167e-06
2.1440000000e+01 7.8281810435e-09 3.6490700275e-06
2.1445000000e+01 6.2914117768e-09 3.6099082094e-06
2.1450000000e+01 4.3208660425e-09 3.5694663957e-06
2.1455000000e+01 2.4045138164e-09 3.5311900919e-06
2.1460000000e+01 8.9460611789e-10 3.4985133951e-06
2.1465000000e+01 5.7344064340e-13 3.4741790350e-06
2.1470000000e+01 -1.2697179943e-10 3.4597769956e-06
2.1475000000e+01 6.1425809283e-10 3.4554639281e-06
2.1480000000e+01 2.1661916461e-09 3.4598635493e-06
2.1485000000e+01 4.2022745015e-09 3.4702483478e-06
2.1490000000e+01 6.1821334205e-09 3.4831003238e-06
2.1495000000e+01 7.5745749790e-09 3.4949773038e-06
2.1500000000e+01 8.0809378987e-09 3.5033962829e-06
2.1505000000e+01 7.6908303102e-09 3.5074010537e-06
2.1510000000e+01 6.5728837444e-09 3.5076649369e-06
2.1515000000e+01 4.9506373712e-09 3.5062189062e-06
2.1520000000e+01 3.0849610245e-09 3.5059934326e-06
2.1525000000e+01 1.3284582685e-09 3.5102837785e-06
2.1530000000e+01 1.1488251094e-10 3.5221309271e-06
2.1535000000e+01 -1.8597677186e-10 3.5436279924e-06
2.1540000000e+01 5.4341539920e-10 3.5753207521e-06
2.1545000000e+01 2.0975802579e-09 3.6159751069e-06
2.1550000000e+01 4.0554912349e-09 3.6628709705e-06
2.1555000000e+01 5.9701306716e-09 3.7125178917e-06
2.1560000000e+01 7.4932737819e-09 3.7614898200e-06
2.1565000000e+01 8.3830650995e-09 3.8070992156e-06
2.1570000000e+01 8.4707075609e-09 3.8478242306e-06
2.1575000000e+01 7.6867015871e-09 3.8835520031e-06
2.1580000000e+01 6.1478708500e-09 3.9156599720e-06
2.1585000000e+01 4.2051155802e-09 3.9468276100e-06
2.1590000000e+01 2.3649691040e-09 3.9804674907e-06
2.1595000000e+01 1.1081643936e-09 4.0198502027e-06
2.1600000000e+01 7.2083664901e-10 4.0672215697e-06
2.1605000000e+01 1.2404948753e-09 4.1232576551e-06
2.1610000000e+01 2.5164348048e-09 4.1870050788e-06
2.1615000000e+01 4.2975361382e-09 4.2561886534e-06
2.1620000000e+01 6.2729457446e-09 4.3276773795e-06
2.1625000000e+01 8.0748434040e-09 4.3980112640e-06
2.1630000000e+01 9.3105159650e-09 4.4640147555e-06
2.1635000000e+01 9.6654059320e-09 4.5234870618e-06
2.1640000000e+01 9.0368288898e-09 4.5757905182e-06
2.1645000000e+01 7.6022670727e-09 4.6220544133e-06
2.1650000000e+01 5.7595115952e-09 4.6648404894e-06
2.1655000000e+01 3.9731426736e-09 4.7074031591e-06
2.1660000000e+01 2.6291223836e-09 4.7528656809e-06
2.1665000000e+01 1.9745781393e-09 4.8035743763e-06
2.1670000000e+01 2.1326620684e-09 4.8606920687e-06
2.1675000000e+01 3.1181137151e-09 4.9239656300e-06
2.1680000000e+01 4.8026475571e-09 4.9916574062e-06
2.1685000000e+01 6.8680640642e-09 5.0607583513e-06
2.1690000000e+01 8.8373318522e-09 5.1275884309e-06
2.1695000000e+01 1.0220593205e-08 5.1886822569e-06
2.1700000000e+01 1.0702824601e-08 5.2416447740e-06
2.1705000000e+01 1.0246284634e-08 5.2856537545e-06
2.1710000000e+01 9.0453241155e-09 5.3214926928e-06
2.1715000000e+01 7.3975974900e-09 5.3512366453e-06
2.1720000000e+01 5.6149003271e-09 5.3777855314e-06
2.1725000000e+01 4.0231998715e-09 5.4043285382e-06
2.1730000000e+01 2.9788496981e-09 5.4337161692e-06
2.1735000000e+01 2.7997442001e-09 5.4677742059e-06
2.1740000000e+01 3.6126371135e-09 5.5067541252e-06
2.1745000000e+01 5.2390939623e-09 5.5491790465e-06
2.1750000000e+01 7.2427198419e-09 5.5922043232e-06
2.1755000000e+01 9.1227081193e-09 5.6323539969e-06
2.1760000000e+01 1.0503278579e-08 5.6663295504e-06
2.1765000000e+01 1.1186331530e-08 5.6916474649e-06
2.1770000000e+01 1.1086688202e-08 5.7070471073e-06
2.1775000000e+01 1.0184272598e-08 5.7127134357e-06
2.1780000000e+01 8.5798641429e-09 5.7103087768e-06
2.1785000000e+01 6.5873811866e-09 5.7027171430e-06
2.1790000000e+01 4.7139128368e-09 5.6934297200e-06
2.1795000000e+01 3.4743271216e-09 5.6856787473e-06
2.1800000000e+01 3.1633277679e-09 5.6816145549e-06
2.1805000000e+01 3.7649669896e-09 5.6818266005e-06
2.1810000000e+01 5.0493243949e-09 5.6853178417e-06
2.1815000000e+01 6.7311202037e-09 5.6898269990e-06
2.1820000000e+01 8.5338845964e-09 5.6923211916e-06
2.1825000000e+01 1.0142847334e-08 5.6895592881e-06
2.1830000000e+01 1.1178117879e-08 5.6787192849e-06
2.1835000000e+01 1.1302897480e-08 5.6580521367e-06
2.1840000000e+01 1.0414511015e-08 5.6273898165e-06
2.1845000000e+01 8.7436975647e-09 5.5882717901e-06
2.1850000000e+01 6.7549041065e-09 5.5435793534e-06
2.1855000000e+01 4.9255043862e-09 5.4968020748e-06
2.1860000000e+01 3.5856948939e-09 5.4512211385e-06
2.1865000000e+01 2.9156967998e-09 5.4092629669e-06
2.1870000000e+01 3.0213310368e-09 5.3721059836e-06
2.1875000000e+01 3.9416413026e-09 5.3394962488e-06
2.1880000000e+01 5.5546160762e-09 5.3097554517e-06
2.1885000000e+01 7.5001856972e-09 5.2800568630e-06
2.1890000000e+01 9.2525609054e-09 5.2470341876e-06
2.1895000000e+01 1.0330768141e-08 5.2076304260e-06
2.1900000000e+01 1.0493731150e-08 5.1599114505e-06
2.1905000000e+01 9.7784197896e-09 5.1035387683e-06
2.1910000000e+01 8.3921544701e-09 5.0397731448e-06
2.1915000000e+01 6.5954686459e-09 4.9711166204e-06
2.1920000000e+01 4.6783002360e-09 4.9007918887e-06
2.1925000000e+01 2.9933940860e-09 4.8321743382e-06
2.1930000000e+01 1.9318769773e-09 4.7681843216e-06
2.1935000000e+01 1.7912970792e-09 4.7106617802e-06
2.1940000000e+01 2.6190565709e-09 4.6598760871e-06
2.1945000000e+01 4.1663139028e-09 4.6144096590e-06
2.1950000000e+01 5.9983513805e-09 4.5715421290e-06
2.1955000000e+01 7.6724591243e-09 4.5280073965e-06
2.1960000000e+01 8.8554114240e-09 4.4808191420e-06
2.1965000000e+01 9.3373862071e-09 4.4279016440e-06
2.1970000000e+01 9.0057968785e-09 4.3684492249e-06
2.1975000000e+01 7.8608885654e-09 4.3030764076e-06
2.1980000000e+01 6.0760905059e-09 4.2337926233e-06
2.1985000000e+01 4.0231388650e-09 4.1637216726e-06
2.1990000000e+01 2.1904663693e-09 4.0964840959e-06
2.1995000000e+01 1.0165560824e-09 4.0353380623e-06
2.2000000000e+01 7.3891974543e-10 3.9823724822e-06
2.2005000000e+01 1.3470873734e-09 3.9380630347e-06
2.2010000000e+01 2.6426845674e-09 3.9013068636e-06
2.2015000000e+01 4.3332808318e-09 3.8698086207e-06
2.2020000000e+01 6.0879192630e-09 3.8406047296e-06
2.2025000000e+01 7.5523160531e-09 3.8106191067e-06
2.2030000000e+01 8.3802973725e-09 3.7772634803e-06
2.2035000000e+01 8.3216432151e-09 3.7390595881e-06
2.2040000000e+01 7.3349767683e-09 3.6961121724e-06
2.2045000000e+01 5.6420212894e-09 3.6501906453e-06
2.2050000000e+01 3.6635936441e-09 3.6043087517e-06
2.2055000000e+01 1.8652285343e-09 3.5619506337e-06
2.2060000000e+01 6.1076501807e-10 3.5262582314e-06
2.2065000000e+01 1.0403266468e-10 3.4994291525e-06
2.2070000000e+01 4.1079399067e-10 3.4823759949e-06
2.2075000000e+01 1.4866050559e-09 3.4745827605e-06
2.2080000000e+01 3.1575467121e-09 3.4741438374e-06
2.2085000000e+01 5.0855379160e-09 3.4780712289e-06
2.2090000000e+01 6.8039448353e-09 3.4829356621e-06
2.2095000000e+01 7.8609063627e-09 3.4857259083e-06
2.2100000000e+01 7.9973550536e-09 3.4846254301e-06
2.2105000000e+01 7.2345468348e-09 3.4794136691e-06
2.2110000000e+01 5.8155050580e-09 3.4714062796e-06
2.2115000000e+01 4.0690010377e-09 3.4630663702e-06
2.2120000000e+01 2.3171029074e-09 3.4574781385e-06
2.2125000000e+01 8.7289758271e-10 3.4577790616e-06
2.2130000000e+01 5.5539549583e-11 3.4665503232e-06
2.2135000000e+01 1.2471356160e-10 3.4852063398e-06
2.2140000000e+01 1.1409217127e-09 3.5135598571e-06
2.2145000000e+01 2.8729265953e-09 3.5497852640e-06
2.2150000000e+01 4.8622898189e-09 3.5908594738e-06
2.2155000000e+01 6.6185615501e-09 3.6333260471e-06
2.2160000000e+01 7.7979588079e-09 3.6740918000e-06
2.2165000000e+01 8.2445738499e-09 3.7110234222e-06
2.2170000000e+01 7.9210167466e-09 3.7432848407e-06
2.2175000000e+01 6.8600766074e-09 3.7714639942e-06
2.2180000000e+01 5.2127456920e-09 3.7974986090e-06
2.2185000000e+01 3.3210679269e-09 3.8243324192e-06
2.2190000000e+01 1.6809101636e-09 3.8552655133e-06
2.2195000000e+01 7.5881111481e-10 3.8931198553e-06
2.2200000000e+01 7.8543431238e-10 3.9394946812e-06
2.2205000000e+01 1.6889027093e-09 3.9943834662e-06
2.2210000000e+01 3.2015231910e-09 4.0562422767e-06
2.2215000000e+01 5.0137872725e-09 4.1223913120e-06
2.2220000000e+01 6.8346721560e-09 4.1895642410e-06
2.2225000000e+01 8.3540547078e-09 4.2544966307e-06
2.2230000000e+01 9.2295395497e-09 4.3145297825e-06
2.2235000000e+01 9.1916985115e-09 4.3681855835e-06
2.2240000000e+01 8.2103561834e-09 4.4155624306e-06
2.2245000000e+01 6.5641099104e-09 4.4583521721e-06
2.2250000000e+01 4.7275329902e-09 4.4993960113e-06
2.2255000000e+01 3.1605913594e-09 4.5419203550e-06
2.2260000000e+01 2.1659429719e-09 4.5887359501e-06
2.2265000000e+01 1.8901290138e-09 4.6416398517e-06
2.2270000000e+01 2.3912152936e-09 4.7010969564e-06
2.2275000000e+01 3.6466497067e-09 4.7661535817e-06
2.2280000000e+01 5.4784637078e-09 4.8345482639e-06
2.2285000000e+01 7.5035494086e-09 4.9030677921e-06
2.2290000000e+01 9.2183937556e-09 4.9681893641e-06
2.2295000000e+01 1.0195504971e-08 5.0269021444e-06
2.2300000000e+01 1.0251122476e-08 5.0774419397e-06
2.2305000000e+01 9.4674121127e-09 5.1196641412e-06
2.2310000000e+01 8.0873577885e-09 5.1549532730e-06
2.2315000000e+01 6.4026705548e-09 5.1857883052e-06
2.2320000000e+01 4.7220231829e-09 5.2151715506e-06
2.2325000000e+01 3.3872168465e-09 5.2460456710e-06
2.2330000000e+01 2.7404320338e-09 5.2807134015e-06
2.2335000000e+01 3.0069234936e-09 5.3202876631e-06
2.2340000000e+01 4.1685124374e-09 5.3643140158e-06
2.2345000000e+01 5.9390364388e-09 5.4107679168e-06
2.2350000000e+01 7.8750170296e-09 5.4565175345e-06
2.2355000000e+01 9.5428722138e-09 5.4981094380e-06
2.2360000000e+01 1.0630954733e-08 5.5325745770e-06
2.2365000000e+01 1.0967263948e-08 5.5580046004e-06
2.2370000000e+01 1.0495811612e-08 5.5738366617e-06
2.2375000000e+01 9.2805245529e-09 5.5809134643e-06
2.2380000000e+01 7.5414354631e-09 5.5813594623e-06
2.2385000000e+01 5.6610332937e-09 5.5782200958e-06
2.2390000000e+01 4.1029306281e-09 5.5748139079e-06
2.2395000000e+01 3.2598064643e-09 5.5739056426e-06
2.2400000000e+01 3.3176031134e-09 5.5769830856e-06
2.2405000000e+01 4.2163990080e-09 5.5839187249e-06
2.2410000000e+01 5.7132876001e-09 5.5930985793e-06
2.2415000000e+01 7.4823311006e-09 5.6018775213e-06
2.2420000000e+01 9.1822092246e-09 5.6071504441e-06
2.2425000000e+01 1.0480179305e-08 5.6059253000e-06
2.2430000000e+01 1.1079481739e-08 5.5958957134e-06
2.2435000000e+01 1.0792227199e-08 5.5759857494e-06
2.2440000000e+01 9.6345824218e-09 5.5467095706e-06
2.2445000000e+01 7.8677580344e-09 5.5101384291e-06
2.2450000000e+01 5.9284338519e-09 5.4694055190e-06
2.2455000000e+01 4.2741544592e-09 5.4279135848e-06
2.2460000000e+01 3.2385367231e-09 5.3885473052e-06
2.2465000000e+01 2.9774658864e-09 5.3531237501e-06
2.2470000000e+01 3.5002077617e-09 5.3221259798e-06
2.2475000000e+01 4.7089599902e-09 5.2946512603e-06
2.2480000000e+01 6.3913521486e-09 5.2685487259e-06
2.2485000000e+01 8.1961470156e-09 5.2408068344e-06
2.2490000000e+01 9.6739122217e-09 5.2082211758e-06
2.2495000000e+01 1.0416533929e-08 5.1682127983e-06
2.2500000000e+01 1.0223520231e-08 5.1195175395e-06
2.2505000000e+01 9.1737046355e-09 5.0624866793e-06
2.2510000000e+01 7.5529591111e-09 4.9989367187e-06
2.2515000000e+01 5.7124308675e-09 4.9316917348e-06
2.2520000000e+01 3.9763331471e-09 4.8640114104e-06
2.2525000000e+01 2.6390655859e-09 4.7990068373e-06
2.2530000000e+01 1.9786876681e-09 4.7390616930e-06
2.2535000000e+01 2.1955655511e-09 4.6853063116e-06
2.2540000000e+01 3.2870704888e-09 4.6372976633e-06
2.2545000000e+01 4.9760046928e-09 4.5930897659e-06
2.2550000000e+01 6.7908629417e-09 4.5497429647e-06
2.2555000000e+01 8.2604996919e-09 4.5041047419e-06
2.2560000000e+01 9.0790938549e-09 4.4535798257e-06
2.2565000000e+01 9.1350776422e-09 4.3966732530e-06
2.2570000000e+01 8.4386868243e-09 4.3332514168e-06
2.2575000000e+01 7.0728770117e-09 4.2645714545e-06
2.2580000000e+01 5.2325320281e-09 4.1931074043e-06
2.2585000000e+01 3.2793073966e-09 4.1221341446e-06
2.2590000000e+01 1.6898006894e-09 4.0550573101e-06
2.2595000000e+01 8.7719507979e-10 3.9946196403e-06
2.2600000000e+01 1.0082231256e-09 3.9422421456e-06
2.2605000000e+01 1.9595197072e-09 3.8977392150e-06
2.2610000000e+01 3.4314160618e-09 3.8594753742e-06
2.2615000000e+01 5.0965887343e-09 3.8248372228e-06
2.2620000000e+01 6.6575210135e-09 3.7908264075e-06
2.2625000000e+01 7.8173416769e-09 3.7546545123e-06
2.2630000000e+01 8.2774101069e-09 3.7143082471e-06
2.2635000000e+01 7.8371799646e-09 3.6690393759e-06
2.2640000000e+01 6.5346741028e-09 3.6196475521e-06
2.2645000000e+01 4.6883521791e-09 3.5683923767e-06
2.2650000000e+01 2.7757503852e-09 3.5184825444e-06
2.2655000000e+01 1.2347008434e-09 3.4732926988e-06
2.2660000000e+01 3.3641444793e-10 3.4355883434e-06
2.2665000000e+01 1.9068821570e-10 3.4069874382e-06
2.2670000000e+01 8.0760865893e-10 3.3877221334e-06
2.2675000000e+01 2.1073913088e-09 3.3766454255e-06
2.2680000000e+01 3.8655153140e-09 3.3714351665e-06
2.2685000000e+01 5.6873082202e-09 3.3690165571e-06
2.2690000000e+01 7.0997608617e-09 3.3662199883e-06
2.2695000000e+01 7.7318580595e-09 3.3605615827e-06
2.2700000000e+01 7.4572232204e-09 3.3508918429e-06
2.2705000000e+01 6.4021044147e-09 3.3376644632e-06
2.2710000000e+01 4.8422654323e-09 3.3227534572e-06
2.2715000000e+01 3.0949174985e-09 3.3089519615e-06
2.2720000000e+01 1.4788838662e-09 3.2993629667e-06
2.2725000000e+01 3.1619043221e-10 3.2968132608e-06
2.2730000000e+01 -1.0390294426e-10 3.3033133507e-06
2.2735000000e+01 3.7440729083e-10 3.3195895079e-06
2.2740000000e+01 1.6738052581e-09 3.3448154293e-06
2.2745000000e+01 3.4776040897e-09 3.3767157315e-06
2.2750000000e+01 5.3399423596e-09 3.4120959016e-06
2.2755000000e+01 6.8426104590e-09 3.4476402362e-06
2.2760000000e+01 7.7021221549e-09 3.4806847756e-06
2.2765000000e+01 7.7896414694e-09 3.5097305660e-06
2.2770000000e+01 7.1059040194e-09 3.5346472710e-06
2.2775000000e+01 5.7721184753e-09 3.5566433740e-06
2.2780000000e+01 4.0456113865e-09 3.5780534962e-06
2.2785000000e+01 2.3115442453e-09 3.6019102338e-06
2.2790000000e+01 1.0034218560e-09 3.6312796732e-06
2.2795000000e+01 4.6546115225e-10 3.6684807408e-06
2.2800000000e+01 8.3102949423e-10 3.7144531733e-06
2.2805000000e+01 1.9913775048e-09 3.7685234867e-06
2.2810000000e+01 3.6635293707e-09 3.8286237554e-06
2.2815000000e+01 5.4970003222e-09 3.8918081359e-06
2.2820000000e+01 7.1498823617e-09 3.9548566062e-06
2.2825000000e+01 8.3175656182e-09 4.0148512443e-06
2.2830000000e+01 8.7548309580e-09 4.0697102682e-06
2.2835000000e+01 8.3341456278e-09 4.1186471401e-06
2.2840000000e+01 7.1248072766e-09 4.1624177188e-06
2.2845000000e+01 5.4221142497e-09 4.2031834931e-06
2.2850000000e+01 3.6715608326e-09 4.2439541975e-06
2.2855000000e+01 2.3140634778e-09 4.2877894588e-06
2.2860000000e+01 1.6458914304e-09 4.3370498232e-06
2.2865000000e+01 1.7722987048e-09 4.3929095720e-06
2.2870000000e+01 2.6480733095e-09 4.4551686945e-06
2.2875000000e+01 4.1276050631e-09 4.5222933452e-06
2.2880000000e+01 5.9671841179e-09 4.5916450255e-06
2.2885000000e+01 7.8089985520e-09 4.6599326364e-06
2.2890000000e+01 9.2264584104e-09 4.7238921883e-06
2.2895000000e+01 9.8596860783e-09 4.7810546036e-06
2.2900000000e+01 9.5678521622e-09 4.8303415800e-06
2.2905000000e+01 8.4835916088e-09 4.8722660892e-06
2.2910000000e+01 6.9283979976e-09 4.9086990317e-06
2.2915000000e+01 5.2670998467e-09 4.9423516898e-06
2.2920000000e+01 3.8177366457e-09 4.9761709709e-06
2.2925000000e+01 2.8499090977e-09 5.0127567031e-06
2.2930000000e+01 2.5970150355e-09 5.0538275134e-06
2.2935000000e+01 3.1991208418e-09 5.0997850627e-06
2.2940000000e+01 4.5934331877e-09 5.1495086238e-06
2.2945000000e+01 6.4637301454e-09 5.2005252367e-06
2.2950000000e+01 8.3335618611e-09 5.2495748666e-06
2.2955000000e+01 9.7576487150e-09 5.2933971632e-06
2.2960000000e+01 1.0471894351e-08 5.3294660155e-06
2.2965000000e+01 1.0409523877e-08 5.3564693618e-06
2.2970000000e+01 9.6260092625e-09 5.3744897621e-06
2.2975000000e+01 8.2498397820e-09 5.3849416340e-06
2.2980000000e+01 6.5121995066e-09 5.3903083912e-06
2.2985000000e+01 4.7843728690e-09 5.3936692760e-06
2.2990000000e+01 3.5149627312e-09 5.3980265780e-06
2.2995000000e+01 3.0593672213e-09 5.4055646922e-06
2.3000000000e+01 3.5205180760e-09 5.4170823000e-06
2.3005000000e+01 4.7271550686e-09 5.4318085864e-06
2.3010000000e+01 6.3527799005e-09 5.4476456127e-06
2.3015000000e+01 8.0576617079e-09 5.4617005117e-06
2.3020000000e+01 9.5441347870e-09 5.4709099514e-06
2.3025000000e+01 1.0535516575e-08 5.4726286441e-06
2.3030000000e+01 1.0781057721e-08 5.4651439155e-06
2.3035000000e+01 1.0147579635e-08 5.4480768982e-06
2.3040000000e+01 8.7347252488e-09 5.4225575010e-06
2.3045000000e+01 6.8918991611e-09 5.3910401521e-06
2.3050000000e+01 5.0914751400e-09 5.3567380496e-06
2.3055000000e+01 3.7435910808e-09 5.3228363642e-06
2.3060000000e+01 3.0839955558e-09 5.2917557085e-06
2.3065000000e+01 3.1823635382e-09 5.2646819289e-06
2.3070000000e+01 4.0004044493e-09 5.2414136227e-06
2.3075000000e+01 5.4060213365e-09 5.2204593079e-06
2.3080000000e+01 7.1371489511e-09 5.1993233307e-06
2.3085000000e+01 8.7971777116e-09 5.1749820062e-06
2.3090000000e+01 9.9500839030e-09 5.1445442861e-06
2.3095000000e+01 1.0282786566e-08 5.1059789502e-06
2.3100000000e+01 9.7245771117e-09 5.0586715943e-06
2.3105000000e+01 8.4433277528e-09 5.0035907927e-06
2.3110000000e+01 6.7436072061e-09 4.9430176258e-06
2.3115000000e+01 4.9609998305e-09 4.8799881013e-06
2.3120000000e+01 3.4153533816e-09 4.8176608011e-06
2.3125000000e+01 2.4011487028e-09 4.7587410684e-06
2.3130000000e+01 2.1517552137e-09 4.7049905800e-06
2.3135000000e+01 2.7567507874e-09 4.6568472623e-06
2.3140000000e+01 4.0865971684e-09 4.6132638139e-06
2.3145000000e+01 5.8008247507e-09 4.5719067440e-06
2.3150000000e+01 7.4571023169e-09 4.5297410339e-06
2.3155000000e+01 8.6589260333e-09 4.4838271436e-06
2.3160000000e+01 9.1570462006e-09 4.4320471966e-06
2.3165000000e+01 8.8693433457e-09 4.3735470142e-06
2.3170000000e+01 7.8520417833e-09 4.3088565279e-06
2.3175000000e+01 6.2769077468e-09 4.2397716313e-06
2.3180000000e+01 4.4293149257e-09 4.1690611045e-06
2.3185000000e+01 2.6897800459e-09 4.0999858650e-06
2.3190000000e+01 1.4576723335e-09 4.0356313688e-06
2.3195000000e+01 1.0268772668e-09 3.9781828852e-06
2.3200000000e+01 1.4781992675e-09 3.9283902076e-06
2.3205000000e+01 2.6567647709e-09 3.8854356954e-06
2.3210000000e+01 4.2456812936e-09 3.8472341559e-06
2.3215000000e+01 5.8793075477e-09 3.8110002182e-06
2.3220000000e+01 7.2250256810e-09 3.7738715641e-06
2.3225000000e+01 8.0126654885e-09 3.7334723712e-06
2.3230000000e+01 8.0500566920e-09 3.6883967857e-06
2.3235000000e+01 7.2683270314e-09 3.6385774352e-06
2.3240000000e+01 5.7860990426e-09 3.5854208843e-06
2.3245000000e+01 3.9272779882e-09 3.5315757415e-06
2.3250000000e+01 2.1396686632e-09 3.4803266471e-06
2.3255000000e+01 8.4077376473e-10 3.4348008615e-06
2.3260000000e+01 2.8454161270e-10 3.3972664013e-06
2.3265000000e+01 5.2523235576e-10 3.3687147974e-06
2.3270000000e+01 1.4675624649e-09 3.3487531122e-06
2.3275000000e+01 2.9250908191e-09 3.3357309837e-06
2.3280000000e+01 4.6306893609e-09 3.3270508143e-06
2.3285000000e+01 6.2278524815e-09 3.3196685794e-06
2.3290000000e+01 7.3194397931e-09 3.3107678101e-06
2.3295000000e+01 7.5981444167e-09 3.2984656431e-06
2.3300000000e+01 6.9837602572e-09 3.2823111115e-06
2.3305000000e+01 5.6592285135e-09 3.2633848683e-06
2.3310000000e+01 3.9748571149e-09 3.2439873921e-06
2.3315000000e+01 2.3019601395e-09 3.2270715877e-06
2.3320000000e+01 9.4637569145e-10 3.2156164616e-06
2.3325000000e+01 1.4851023320e-10 3.2120582774e-06
2.3330000000e+01 9.5358879439e-11 3.2178125045e-06
2.3335000000e+01 8.6831242075e-10 3.2329307340e-06
2.3340000000e+01 2.3495879526e-09 3.2560032450e-06
2.3345000000e+01 4.1923461777e-09 3.2844187383e-06
2.3350000000e+01 5.9244305446e-09 3.3149722139e-06
2.3355000000e+01 7.1332038897e-09 3.3446432982e-06
2.3360000000e+01 7.5996583576e-09 3.3712843883e-06
2.3365000000e+01 7.3025271185e-09 3.3940294015e-06
2.3370000000e+01 6.3406997617e-09 3.4133891602e-06
2.3375000000e+01 4.8836067642e-09 3.4311001916e-06
2.3380000000e+01 3.1916462843e-09 3.4497848143e-06
2.3385000000e+01 1.6372374527e-09 3.4724345250e-06
2.3390000000e+01 6.3393546620e-10 3.5017474256e-06
2.3395000000e+01 4.7702262570e-10 3.5394504257e-06
2.3400000000e+01 1.2081315290e-09 3.5858257102e-06
2.3405000000e+01 2.6129727350e-09 3.6396254114e-06
2.3410000000e+01 4.3439572757e-09 3.6983943857e-06
2.3415000000e+01 6.0552850721e-09 3.7590520053e-06
2.3420000000e+01 7.4558545931e-09 3.8185328253e-06
2.3425000000e+01 8.2955056424e-09 3.8743556272e-06
2.3430000000e+01 8.3748034729e-09 3.9250784538e-06
2.3435000000e+01 7.6256193759e-09 3.9706071881e-06
2.3440000000e+01 6.2018994741e-09 4.0122674867e-06
2.3445000000e+01 4.4754480404e-09 4.0525352948e-06
2.3450000000e+01 2.9064632559e-09 4.0944280370e-06
2.3455000000e+01 1.8724426285e-09 4.1407269748e-06
2.3460000000e+01 1.5703132304e-09 4.1932920584e-06
2.3465000000e+01 2.0275944894e-09 4.2526673024e-06
2.3470000000e+01 3.1583131501e-09 4.3180151954e-06
2.3475000000e+01 4.7835883371e-09 4.3873007878e-06
2.3480000000e+01 6.6130928448e-09 4.4576491906e-06
2.3485000000e+01 8.2568969735e-09 4.5258607117e-06
2.3490000000e+01 9.3206092871e-09 4.5890623568e-06
2.3495000000e+01 9.5494075825e-09 4.6453733001e-06
2.3500000000e+01 8.9256237545e-09 4.6943655615e-06
2.3505000000e+01 7.6549093646e-09 4.7371306388e-06
2.3510000000e+01 6.0655761634e-09 4.7759308021e-06
2.3515000000e+01 4.5038502864e-09 4.8135965205e-06
2.3520000000e+01 3.2811645662e-09 4.8528852087e-06
2.3525000000e+01 2.6572883297e-09 4.8959305880e-06
2.3530000000e+01 2.8078158911e-09 4.9438114793e-06
2.3535000000e+01 3.7593705283e-09 4.9962629505e-06
2.3540000000e+01 5.3363071124e-09 5.0516197996e-06
2.3545000000e+01 7.1804807987e-09 5.1071020867e-06
2.3550000000e+01 8.8580290162e-09 5.1594412243e-06
2.3555000000e+01 9.9989003087e-09 5.2056648603e-06
2.3560000000e+01 1.0392452670e-08 5.2437676921e-06
2.3565000000e+01 1.0004490433e-08 5.2730762601e-06
2.3570000000e+01 8.9427661446e-09 5.2942869332e-06
2.3575000000e+01 7.4213880291e-09 5.3092666258e-06
2.3580000000e+01 5.7440399050e-09 5.3206901230e-06
2.3585000000e+01 4.2786129642e-09 5.3315221398e-06
2.3590000000e+01 3.3857903496e-09 5.3443631900e-06
2.3595000000e+01 3.3070013134e-09 5.3607911934e-06
2.3600000000e+01 4.0700377448e-09 5.3809268085e-06
2.3605000000e+01 5.4763444352e-09 5.4034027116e-06
2.3610000000e+01 7.1811007251e-09 5.4257376721e-06
2.3615000000e+01 8.8115305217e-09 5.4449440890e-06
2.3620000000e+01 1.0051698722e-08 5.4581600585e-06
2.3625000000e+01 1.0669926645e-08 5.4631888254e-06
2.3630000000e+01 1.0526566609e-08 5.4589221925e-06
2.3635000000e+01 9.6075971444e-09 5.4456170019e-06
2.3640000000e+01 8.0755531628e-09 5.4249257941e-06
2.3645000000e+01 6.2760280486e-09 5.3995809728e-06
2.3650000000e+01 4.6510924561e-09 5.3727545711e-06
2.3655000000e+01 3.5875910215e-09 5.3472840970e-06
2.3660000000e+01 3.2926868349e-09 5.3250272293e-06
2.3665000000e+01 3.7693161380e-09 5.3065205514e-06
2.3670000000e+01 4.8761095816e-09 5.2909546651e-06
2.3675000000e+01 6.3922208709e-09 5.2763831528e-06
2.3680000000e+01 8.0338754154e-09 5.2601021131e-06
2.3685000000e+01 9.4523718015e-09 5.2391861743e-06
2.3690000000e+01 1.0285415366e-08 5.2111434157e-06
2.3695000000e+01 1.0280763698e-08 5.1745502623e-06
2.3700000000e+01 9.4173624375e-09 5.1294509716e-06
2.3705000000e+01 7.9232882256e-09 5.0773609003e-06
2.3710000000e+01 6.1700580314e-09 5.0208828919e-06
2.3715000000e+01 4.5277153913e-09 4.9631009298e-06
2.3720000000e+01 3.2838977753e-09 4.9069464674e-06
2.3725000000e+01 2.6458218487e-09 4.8546558236e-06
2.3730000000e+01 2.7524180941e-09 4.8073568120e-06
2.3735000000e+01 3.6284596886e-09 4.7648210583e-06
2.3740000000e+01 5.1072047317e-09 4.7254679332e-06
2.3745000000e+01 6.8195494397e-09 4.6867015751e-06
2.3750000000e+01 8.3059594559e-09 4.6455494445e-06
2.3755000000e+01 9.1922894716e-09 4.5994201694e-06
2.3760000000e+01 9.3068311454e-09 4.5467342407e-06
2.3765000000e+01 8.6733788927e-09 4.4872558276e-06
2.3770000000e+01 7.4318669770e-09 4.4221022784e-06
2.3775000000e+01 5.7876284355e-09 4.3535090346e-06
2.3780000000e+01 4.0226872887e-09 4.2844244545e-06
2.3785000000e+01 2.5026049295e-09 4.2179646864e-06
2.3790000000e+01 1.6003345753e-09 4.1567727036e-06
2.3795000000e+01 1.5501001592e-09 4.1024106322e-06
2.3800000000e+01 2.3359950059e-09 4.0549829717e-06
2.3805000000e+01 3.7067683261e-09 4.0131453963e-06
2.3810000000e+01 5.3000060531e-09 3.9744986077e-06
2.3815000000e+01 6.7705148642e-09 3.9362081951e-06
2.3820000000e+01 7.8410396444e-09 3.8956469315e-06
2.3825000000e+01 8.2940629520e-09 3.8509298374e-06
2.3830000000e+01 7.9839863821e-09 3.8013015702e-06
2.3835000000e+01 6.9050791116e-09 3.7473508805e-06
2.3840000000e+01 5.2585513706e-09 3.6909832726e-06
2.3845000000e+01 3.4307629873e-09 3.6350762185e-06
2.3850000000e+01 1.8641945879e-09 3.5828397127e-06
2.3855000000e+01 9.0045296381e-10 3.5370580990e-06
2.3860000000e+01 6.9569891026e-10 3.4994647972e-06
2.3865000000e+01 1.2351701542e-09 3.4704283545e-06
2.3870000000e+01 2.3883574996e-09 3.4489714051e-06
2.3875000000e+01 3.9368864515e-09 3.4330330497e-06
2.3880000000e+01 5.5723198833e-09 3.4198858475e-06
2.3885000000e+01 6.9205340673e-09 3.4066746763e-06
2.3890000000e+01 7.6334133000e-09 3.3910442767e-06
2.3895000000e+01 7.5147202505e-09 3.3717341291e-06
2.3900000000e+01 6.5979358789e-09 3.3489396080e-06
2.3905000000e+01 5.1233009014e-09 3.3242806238e-06
2.3910000000e+01 3.4381287080e-09 3.3003826725e-06
2.3915000000e+01 1.8927192989e-09 3.2802407893e-06
2.3920000000e+01 7.8274323741e-10 3.2665802309e-06
2.3925000000e+01 3.2844906919e-10 3.2613412951e-06
2.3930000000e+01 6.4835019439e-10 3.2653145185e-06
2.3935000000e+01 1.7116240380e-09 3.2779424657e-06
2.3940000000e+01 3.3038813724e-09 3.2973609107e-06
2.3945000000e+01 5.0564144632e-09 3.3207595338e-06
2.3950000000e+01 6.5500473780e-09 3.3450346624e-06
2.3955000000e+01 7.4465901489e-09 3.3675478901e-06
2.3960000000e+01 7.5782300983e-09 3.3867325175e-06
2.3965000000e+01 6.9597650349e-09 3.4023763354e-06
2.3970000000e+01 5.7465406218e-09 3.4155764890e-06
2.3975000000e+01 4.1872885361e-09 3.4284652391e-06
2.3980000000e+01 2.5958993030e-09 3.4437891073e-06
2.3985000000e+01 1.3216057389e-09 3.4643664552e-06
2.3990000000e+01 6.8327299447e-10 3.4924594450e-06
2.3995000000e+01 8.6941722064e-10 3.5291905946e-06
2.4000000000e+01 1.8564366776e-09 3.5742089422e-06
2.4005000000e+01 3.4062016172e-09 3.6257549645e-06
2.4010000000e+01 5.1531508349e-09 3.6811004949e-06
2.4015000000e+01 6.7259590826e-09 3.7371845061e-06
2.4020000000e+01 7.8322444508e-09 3.7912408444e-06
2.4025000000e+01 8.2820685290e-09 3.8413029400e-06
2.4030000000e+01 7.9876383787e-09 3.8865595520e-06
2.4035000000e+01 6.9859539273e-09 3.9275375190e-06
2.4040000000e+01 5.4778015415e-09 3.9660349690e-06
2.4045000000e+01 3.8237573563e-09 4.0047343158e-06
2.4050000000e+01 2.4528288139e-09 4.0465406579e-06
2.4055000000e+01 1.7149613066e-09 4.0938387978e-06
2.4060000000e+01 1.7677180336e-09 4.1479137041e-06
2.4065000000e+01 2.5639884440e-09 4.2086890256e-06
2.4070000000e+01 3.9208096945e-09 4.2747847364e-06
2.4075000000e+01 5.5893555198e-09 4.3438028336e-06
2.4080000000e+01 7.2759635461e-09 4.4127642084e-06
2.4085000000e+01 8.6456186639e-09 4.4786650698e-06
2.4090000000e+01 9.3751790582e-09 4.5391015985e-06
2.4095000000e+01 9.2687658738e-09 4.5928273507e-06
2.4100000000e+01 8.3614716835e-09 4.6400534394e-06
2.4105000000e+01 6.9200217448e-09 4.6823616487e-06
2.4110000000e+01 5.3292858301e-09 4.7222587810e-06
2.4115000000e+01 3.9505352978e-09 4.7625426676e-06
2.4120000000e+01 3.0472639119e-09 4.8056751221e-06
2.4125000000e+01 2.7897774767e-09 4.8532789926e-06
2.4130000000e+01 3.2677538639e-09 4.9057968428e-06
2.4135000000e+01 4.4515155767e-09 4.9623391944e-06
2.4140000000e+01 6.1313176625e-09 5.0207842210e-06
2.4145000000e+01 7.9236503149e-09 5.0781808452e-06
2.4150000000e+01 9.3882696102e-09 5.1314058024e-06
2.4155000000e+01 1.0193235133e-08 5.1778918363e-06
2.4160000000e+01 1.0214628717e-08 5.2161937437e-06
2.4165000000e+01 9.5191072989e-09 5.2462393761e-06
2.4170000000e+01 8.2834672906e-09 5.2692564375e-06
2.4175000000e+01 6.7425749662e-09 5.2874627235e-06
2.4180000000e+01 5.1914383708e-09 5.3036087722e-06
2.4185000000e+01 3.9800782419e-09 5.3204200514e-06
2.4190000000e+01 3.4354455822e-09 5.3399911397e-06
2.4195000000e+01 3.7300636280e-09 5.3632551443e-06
2.4200000000e+01 4.7937552394e-09 5.3897054595e-06
2.4205000000e+01 6.3434824318e-09 5.4174960326e-06
2.4210000000e+01 8.0073167262e-09 5.4438980498e-06
2.4215000000e+01 9.4458863823e-09 5.4659465774e-06
2.4220000000e+01 1.0401246631e-08 5.4810734075e-06
2.4225000000e+01 1.0692659131e-08 5.4875981854e-06
2.4230000000e+01 1.0228315929e-08 5.4850426870e-06
2.4235000000e+01 9.0597417905e-09 5.4742538295e-06
2.4240000000e+01 7.4269905524e-09 5.4572856341e-06
2.4245000000e+01 5.7223297013e-09 5.4369907925e-06
2.4250000000e+01 4.3641938173e-09 5.4163648429e-06
2.4255000000e+01 3.6545979704e-09 5.3978206256e-06
2.4260000000e+01 3.7066813834e-09 5.3826313238e-06
2.4265000000e+01 4.4629130968e-09 5.3707014698e-06
2.4270000000e+01 5.7513354671e-09 5.3606695417e-06
2.4275000000e+01 7.3210699143e-09 5.3502406965e-06
2.4280000000e+01 8.8542756703e-09 5.3366514170e-06
2.4285000000e+01 9.9996830365e-09 5.3172199623e-06
2.4290000000e+01 1.0458230874e-08 5.2899387376e-06
2.4295000000e+01 1.0090810893e-08 5.2539917338e-06
2.4300000000e+01 8.9785178962e-09 5.2100167589e-06
2.4305000000e+01 7.3917528102e-09 5.1599821194e-06
2.4310000000e+01 5.6908432286e-09 5.1067069029e-06
2.4315000000e+01 4.2226224634e-09 5.0532043433e-06
2.4320000000e+01 3.2598562841e-09 5.0020574009e-06
2.4325000000e+01 2.9792685388e-09 4.9549484746e-06
2.4330000000e+01 3.4433862466e-09 4.9123667809e-06
2.4335000000e+01 4.5695546220e-09 4.8735008497e-06
2.4340000000e+01 6.1117953523e-09 4.8363694745e-06
2.4345000000e+01 7.6972880233e-09 4.7982451692e-06
2.4350000000e+01 8.9271621590e-09 4.7563206731e-06
2.4355000000e+01 9.4998667323e-09 4.7084292529e-06
2.4360000000e+01 9.2932560319e-09 4.6535786460e-06
2.4365000000e+01 8.3705258865e-09 4.5921497978e-06
2.4370000000e+01 6.9297666948e-09 4.5257709289e-06
2.4375000000e+01 5.2464214594e-09 4.4569749171e-06
2.4380000000e+01 3.6367835193e-09 4.3887322127e-06
2.4385000000e+01 2.4262623309e-09 4.3238976121e-06
2.4390000000e+01 1.8896528586e-09 4.2646188678e-06
2.4395000000e+01 2.1627931950e-09 4.2118340537e-06
2.4400000000e+01 3.1735205271e-09 4.1650379408e-06
2.4405000000e+01 4.6496284883e-09 4.1224347932e-06
2.4410000000e+01 6.2125628657e-09 4.0814332009e-06
2.4415000000e+01 7.5009433987e-09 4.0392984792e-06
2.4420000000e+01 8.2524340303e-09 3.9937630101e-06
2.4425000000e+01 8.3214315899e-09 3.9434846484e-06
2.4430000000e+01 7.6710094232e-09 3.8883287839e-06
2.4435000000e+01 6.3856240799e-09 3.8294573693e-06
2.4440000000e+01 4.6988739667e-09 3.7691711934e-06
2.4445000000e+01 2.9799344757e-09 3.7104638765e-06
2.4450000000e+01 1.6386381499e-09 3.6563512585e-06
2.4455000000e+01 9.8369329529e-10 3.6091683282e-06
2.4460000000e+01 1.1222426489e-09 3.5700611741e-06
2.4465000000e+01 1.9604300804e-09 3.5388070343e-06
2.4470000000e+01 3.2798130487e-09 3.5139501749e-06
2.4475000000e+01 4.8108860939e-09 3.4931549935e-06
2.4480000000e+01 6.2576631963e-09 3.4736870060e-06
2.4485000000e+01 7.3055351339e-09 3.4529738496e-06
2.4490000000e+01 7.6749820842e-09 3.4291866987e-06
2.4495000000e+01 7.2276150924e-09 3.4017143839e-06
2.4500000000e+01 6.0518560402e-09 3.3713641647e-06
2.4505000000e+01 4.4471096304e-09 3.3401890920e-06
2.4510000000e+01 2.8048644174e-09 3.3109891981e-06
2.4515000000e+01 1.4720318440e-09 3.2866604142e-06
2.4520000000e+01 6.8400909583e-10 3.2695844536e-06
2.4525000000e+01 5.7229658151e-10 3.2611749234e-06
2.4530000000e+01 1.1783232412e-09 3.2616123937e-06
2.4535000000e+01 2.4224066581e-09 3.2697846085e-06
2.4540000000e+01 4.0593901896e-09 3.2834720757e-06
2.4545000000e+01 5.7002749777e-09 3.2998044648e-06
2.4550000000e+01 6.9313376784e-09 3.3159222206e-06
2.4555000000e+01 7.4665291866e-09 3.3296634781e-06
2.4560000000e+01 7.2303066850e-09 3.3400583076e-06
2.4565000000e+01 6.3305876726e-09 3.3474954617e-06
2.4570000000e+01 4.9773382530e-09 3.3535682375e-06
2.4575000000e+01 3.4291429562e-09 3.3606987930e-06
2.4580000000e+01 1.9866755556e-09 3.3716410245e-06
2.4585000000e+01 9.7758621224e-10 3.3889222299e-06
2.4590000000e+01 6.7951512072e-10 3.4142825524e-06
2.4595000000e+01 1.2049142327e-09 3.4482261974e-06
2.4600000000e+01 2.4343642495e-09 3.4898395030e-06
2.4605000000e+01 4.0591614129e-09 3.5369761487e-06
2.4610000000e+01 5.7039647161e-09 3.5867668634e-06
2.4615000000e+01 7.0411221814e-09 3.6362797866e-06
2.4620000000e+01 7.8374551644e-09 3.6831311713e-06
2.4625000000e+01 7.9526457711e-09 3.7259236403e-06
2.4630000000e+01 7.3481562733e-09 3.7644830131e-06
2.4635000000e+01 6.1272701568e-09 3.7998919124e-06
2.4640000000e+01 4.5607301164e-09 3.8342900253e-06
2.4645000000e+01 3.0392138903e-09 3.8704141656e-06
2.4650000000e+01 1.9519680233e-09 3.9109382384e-06
2.4655000000e+01 1.5586351249e-09 3.9577915951e-06
2.4660000000e+01 1.9283085337e-09 4.0116776707e-06
2.4665000000e+01 2.9615324823e-09 4.0719310203e-06
2.4670000000e+01 4.4489097536e-09 4.1366998683e-06
2.4675000000e+01 6.1145226107e-09 4.2033409856e-06
2.4680000000e+01 7.6394925905e-09 4.2689194823e-06
2.4685000000e+01 8.7012023318e-09 4.3307582711e-06
2.4690000000e+01 9.0511970679e-09 4.3869861441e-06
2.4695000000e+01 8.6052980451e-09 4.4369730032e-06
2.4700000000e+01 7.4879088543e-09 4.4814947277e-06
2.4705000000e+01 5.9943590019e-09 4.5225261860e-06
2.4710000000e+01 4.4916037266e-09 4.5627122476e-06
2.4715000000e+01 3.3154433852e-09 4.6047029595e-06
2.4720000000e+01 2.7090561259e-09 4.6505566723e-06
2.4725000000e+01 2.8026620995e-09 4.7013244060e-06
2.4730000000e+01 3.6045526919e-09 4.7568335449e-06
2.4735000000e+01 4.9855473232e-09 4.8156697881e-06
2.4740000000e+01 6.6745836949e-09 4.8753908331e-06
2.4745000000e+01 8.3003723651e-09 4.9330004795e-06
2.4750000000e+01 9.4886970591e-09 4.9856167423e-06
2.4755000000e+01 9.9778820744e-09 5.0311452236e-06
2.4760000000e+01 9.6924546094e-09 5.0687356371e-06
2.4765000000e+01 8.7412305619e-09 5.0988966823e-06
2.4770000000e+01 7.3584914421e-09 5.1232953319e-06
2.4775000000e+01 5.8377824090e-09 5.1443557255e-06
2.4780000000e+01 4.4896755154e-09 5.1647588568e-06
2.4785000000e+01 3.6102378747e-09 5.1868934829e-06
2.4790000000e+01 3.4277286736e-09 5.2123132815e-06
2.4795000000e+01 4.0252877404e-09 5.2413202160e-06
2.4800000000e+01 5.2846124741e-09 5.2728302715e-06
2.4805000000e+01 6.9045167824e-09 5.3046081101e-06
2.4810000000e+01 8.5002404075e-09 5.3338069321e-06
2.4815000000e+01 9.7268272370e-09 5.3576271382e-06
2.4820000000e+01 1.0356151013e-08 5.3739000375e-06
2.4825000000e+01 1.0287451872e-08 5.3814920543e-06
2.4830000000e+01 9.5316589013e-09 5.3805100962e-06
2.4835000000e+01 8.2153758366e-09 5.3723015393e-06
2.4840000000e+01 6.5982094193e-09 5.3592159611e-06
2.4845000000e+01 5.0502877271e-09 5.3441137442e-06
2.4850000000e+01 3.9553637897e-09 5.3297006717e-06
2.4855000000e+01 3.5765777930e-09 5.3178753280e-06
2.4860000000e+01 3.9699201181e-09 5.3092981146e-06
2.4865000000e+01 4.9976722948e-09 5.3032947615e-06
2.4870000000e+01 6.4112936996e-09 5.2980675360e-06
2.4875000000e+01 7.9268298406e-09 5.2911068850e-06
2.4880000000e+01 9.2520252550e-09 5.2797044149e-06
2.4885000000e+01 1.0097801962e-08 5.2615063269e-06
2.4890000000e+01 1.0230964997e-08 5.2350421108e-06
2.4895000000e+01 9.5695175077e-09 5.2001122467e-06
2.4900000000e+01 8.2504081266e-09 5.1578935185e-06
2.4905000000e+01 6.5986028366e-09 5.1106884094e-06
2.4910000000e+01 5.0047867423e-09 5.0613833700e-06
2.4915000000e+01 3.7955799643e-09 5.0127931574e-06
2.4920000000e+01 3.1743929741e-09 4.9670794065e-06
2.4925000000e+01 3.2320823352e-09 4.9253541017e-06
2.4930000000e+01 3.9628896183e-09 4.8874946170e-06
2.4935000000e+01 5.2418578923e-09 4.8521723864e-06
2.4940000000e+01 6.7959265992e-09 4.8171141325e-06
2.4945000000e+01 8.2386008375e-09 4.7795991258e-06
2.4950000000e+01 9.1886242633e-09 4.7371136988e-06
2.4955000000e+01 9.4082466032e-09 4.6879870304e-06
2.4960000000e+01 8.8695880382e-09 4.6318079045e-06
2.4965000000e+01 7.7192217899e-09 4.5695069369e-06
2.4970000000e+01 6.1959608895e-09 4.5031258656e-06
2.4975000000e+01 4.5757425808e-09 4.4353851769e-06
2.4980000000e+01 3.1575476642e-09 4.3691602981e-06
2.4985000000e+01 2.2407342327e-09 4.3069349381e-06
2.4990000000e+01 2.0515277041e-09 4.2502936787e-06
2.4995000000e+01 2.6449176395e-09 4.1995580301e-06
2.5000000000e+01 3.8580850162e-09 4.1536978090e-06
2.5005000000e+01 5.3632088425e-09 4.1105925774e-06
2.5010000000e+01 6.7877046951e-09 4.0675830438e-06
2.5015000000e+01 7.8216367425e-09 4.0221326737e-06
2.5020000000e+01 8.2618747524e-09 3.9724037952e-06
2.5025000000e+01 8.0113842682e-09 3.9176343792e-06
2.5030000000e+01 7.0836414819e-09 3.8582949022e-06
2.5035000000e+01 5.6281147448e-09 3.7960354746e-06
2.5040000000e+01 3.9385770546e-09 3.7334125566e-06
2.5045000000e+01 2.3976603469e-09 3.6733893269e-06
2.5050000000e+01 1.3617519934e-09 3.6186826308e-06
2.5055000000e+01 1.0467436103e-09 3.5711332532e-06
2.5060000000e+01 1.4781087369e-09 3.5313044068e-06
2.5065000000e+01 2.5172073771e-09 3.4984234657e-06
2.5070000000e+01 3.9229577146e-09 3.4706371038e-06
2.5075000000e+01 5.4028322963e-09 3.4454573521e-06
2.5080000000e+01 6.6456911738e-09 3.4202833383e-06
2.5085000000e+01 7.3634046083e-09 3.3929359188e-06
2.5090000000e+01 7.3595759638e-09 3.3621512796e-06
2.5095000000e+01 6.6030992806e-09 3.3279298801e-06
2.5100000000e+01 5.2580759867e-09 3.2916054062e-06
2.5105000000e+01 3.6401233406e-09 3.2555609400e-06
2.5110000000e+01 2.1173225883e-09 3.2226612912e-06
2.5115000000e+01 1.0085681280e-09 3.1955905073e-06
2.5120000000e+01 5.2298548628e-10 3.1762912637e-06
2.5125000000e+01 7.4367585750e-10 3.1656101103e-06
2.5130000000e+01 1.6286861471e-09 3.1631584875e-06
2.5135000000e+01 3.0092098905e-09 3.1673784933e-06
2.5140000000e+01 4.5965902955e-09 3.1758287383e-06
2.5145000000e+01 6.0277066739e-09 3.1856954445e-06
2.5150000000e+01 6.9581875689e-09 3.1944481087e-06
2.5155000000e+01 7.1697043490e-09 3.2004558841e-06
2.5160000000e+01 6.6344694471e-09 3.2033621499e-06
2.5165000000e+01 5.5043245450e-09 3.2041152659e-06
2.5170000000e+01 4.0437252251e-09 3.2046975953e-06
2.5175000000e+01 2.5570232571e-09 3.2076751888e-06
2.5180000000e+01 1.3428952995e-09 3.2156756324e-06
2.5185000000e+01 6.6439843127e-10 3.2308543950e-06
2.5190000000e+01 7.0251249762e-10 3.2544091868e-06
2.5195000000e+01 1.4895915600e-09 3.2862514140e-06
2.5200000000e+01 2.8654459467e-09 3.3249662578e-06
2.5205000000e+01 4.5063504075e-09 3.3681201381e-06
2.5210000000e+01 6.0289408160e-09 3.4128343626e-06
2.5215000000e+01 7.1112662443e-09 3.4564379163e-06
2.5220000000e+01 7.5631241799e-09 3.4970141549e-06
2.5225000000e+01 7.3288894091e-09 3.5337437865e-06
2.5230000000e+01 6.4645187139e-09 3.5670309658e-06
2.5235000000e+01 5.1336266177e-09 3.5984185075e-06
2.5240000000e+01 3.6154145573e-09 3.6302798516e-06
2.5245000000e+01 2.2742151199e-09 3.6652951118e-06
2.5250000000e+01 1.4620170638e-09 3.7058024656e-06
2.5255000000e+01 1.3936235001e-09 3.7532047346e-06
2.5260000000e+01 2.0748384509e-09 3.8076192318e-06
2.5265000000e+01 3.3280559470e-09 3.8678635254e-06
2.5270000000e+01 4.8803874076e-09 3.9317369274e-06
2.5275000000e+01 6.4397671641e-09 3.9964811164e-06
2.5280000000e+01 7.7235155432e-09 4.0593121348e-06
2.5285000000e+01 8.4724945658e-09 4.1179544312e-06
2.5290000000e+01 8.5015888305e-09 4.1711095302e-06
2.5295000000e+01 7.7830798825e-09 4.2187556976e-06
2.5300000000e+01 6.4967006855e-09 4.2621625594e-06
2.5305000000e+01 4.9855586489e-09 4.3035721010e-06
2.5310000000e+01 3.6325056331e-09 4.3456252238e-06
2.5315000000e+01 2.7383870806e-09 4.3907133533e-06
2.5320000000e+01 2.4711600722e-09 4.4404372300e-06
2.5325000000e+01 2.8797972851e-09 4.4952754163e-06
2.5330000000e+01 3.9128501004e-09 4.5544808554e-06
2.5335000000e+01 5.4048993807e-09 4.6161937667e-06
2.5340000000e+01 7.0621774451e-09 4.6777690693e-06
2.5345000000e+01 8.5075900849e-09 4.7363024693e-06
2.5350000000e+01 9.3965307462e-09 4.7892676577e-06
2.5355000000e+01 9.5402608321e-09 4.8350942042e-06
2.5360000000e+01 8.9563912369e-09 4.8735037422e-06
2.5365000000e+01 7.8260878190e-09 4.9055099593e-06
2.5370000000e+01 6.4114330224e-09 4.9331192179e-06
2.5375000000e+01 4.9984878994e-09 4.9588530795e-06
2.5380000000e+01 3.8766532892e-09 4.9852115126e-06
2.5385000000e+01 3.3110577089e-09 5.0141510830e-06
2.5390000000e+01 3.4747448344e-09 5.0466392355e-06
2.5395000000e+01 4.3677391359e-09 5.0823776407e-06
2.5400000000e+01 5.7889001519e-09 5.1198043072e-06
2.5405000000e+01 7.3968366526e-09 5.1564239902e-06
2.5410000000e+01 8.8266031799e-09 5.1893908146e-06
2.5415000000e+01 9.7902974874e-09 5.2161607820e-06
2.5420000000e+01 1.0118221966e-08 5.2350248298e-06
2.5425000000e+01 9.7572687688e-09 5.2454189825e-06
2.5430000000e+01 8.7693240478e-09 5.2480020959e-06
2.5435000000e+01 7.3427633787e-09 5.2445236162e-06
2.5440000000e+01 5.7858277761e-09 5.2374878169e-06
2.5445000000e+01 4.4660143891e-09 5.2296278369e-06
2.5450000000e+01 3.7026465466e-09 5.2232727391e-06
2.5455000000e+01 3.6660906330e-09 5.2197788797e-06
2.5460000000e+01 4.3382057501e-09 5.2192122171e-06
2.5465000000e+01 5.5435071662e-09 5.2203739348e-06
2.5470000000e+01 7.0145277563e-09 5.2211222120e-06
2.5475000000e+01 8.4494089231e-09 5.2188594113e-06
2.5480000000e+01 9.5515426517e-09 5.2110646657e-06
2.5485000000e+01 1.0071005645e-08 5.1958035485e-06
2.5490000000e+01 9.8629833960e-09 5.1721601182e-06
2.5495000000e+01 8.9458244686e-09 5.1404986934e-06
2.5500000000e+01 7.5182919236e-09 5.1024425099e-06
2.5505000000e+01 5.9104463367e-09 5.0605226844e-06
2.5510000000e+01 4.4849444195e-09 5.0175838694e-06
2.5515000000e+01 3.5375125615e-09 4.9761363252e-06
2.5520000000e+01 3.2390927543e-09 4.9378409687e-06
2.5525000000e+01 3.6253938087e-09 4.9032209975e-06
2.5530000000e+01 4.6081600062e-09 4.8716012337e-06
2.5535000000e+01 5.9854614214e-09 4.8412524871e-06
2.5540000000e+01 7.4577509487e-09 4.8097388826e-06
2.5545000000e+01 8.6757122516e-09 4.7744534163e-06
2.5550000000e+01 9.3290231190e-09 4.7332497309e-06
2.5555000000e+01 9.2449003109e-09 4.6849935246e-06
2.5560000000e+01 8.4426053385e-09 4.6298528201e-06
2.5565000000e+01 7.1130914213e-09 4.5692474226e-06
2.5570000000e+01 5.5443717500e-09 4.5055140223e-06
2.5575000000e+01 4.0442541217e-09 4.4414165812e-06
2.5580000000e+01 2.8937863867e-09 4.3796146337e-06
2.5585000000e+01 2.3200389521e-09 4.3221559317e-06
2.5590000000e+01 2.4565436700e-09 4.2700546193e-06
2.5595000000e+01 3.2874532493e-09 4.2230515744e-06
2.5600000000e+01 4.6158085179e-09 4.1796628350e-06
2.5605000000e+01 6.1022679656e-09 4.1375492891e-06
2.5610000000e+01 7.3722852792e-09 4.0941125458e-06
2.5615000000e+01 8.1329423257e-09 4.0471305182e-06
2.5620000000e+01 8.2349485655e-09 3.9952570402e-06
2.5625000000e+01 7.6674590741e-09 3.9382974755e-06
2.5630000000e+01 6.5284365866e-09 3.8772548471e-06
2.5635000000e+01 5.0135009987e-09 3.8141652176e-06
2.5640000000e+01 3.4152801554e-09 3.7517300720e-06
2.5645000000e+01 2.0863309017e-09 3.6927721306e-06
2.5650000000e+01 1.3426661293e-09 3.6396133743e-06
2.5655000000e+01 1.3496954397e-09 3.5935464194e-06
2.5660000000e+01 2.0656826284e-09 3.5545665986e-06
2.5665000000e+01 3.2785777508e-09 3.5214363321e-06
2.5670000000e+01 4.6978267069e-09 3.4920285441e-06
2.5675000000e+01 6.0301735617e-09 3.4638247417e-06
2.5680000000e+01 7.0089002199e-09 3.4344524193e-06
2.5685000000e+01 7.4094519580e-09 3.4021870070e-06
2.5690000000e+01 7.0964104062e-09 3.3663530572e-06
2.5695000000e+01 6.0942245274e-09 3.3275348256e-06
2.5700000000e+01 4.6201136945e-09 3.2875042870e-06
2.5705000000e+01 3.0288413665e-09 3.2488418894e-06
2.5710000000e+01 1.6899368422e-09 3.2143415407e-06
2.5715000000e+01 8.7489016475e-10 3.1863790081e-06
2.5720000000e+01 7.1458478316e-10 3.1664186541e-06
2.5725000000e+01 1.2167969262e-09 3.1547512204e-06
2.5730000000e+01 2.2879821908e-09 3.1504699196e-06
2.5735000000e+01 3.7288120561e-09 3.1516592743e-06
2.5740000000e+01 5.2331226751e-09 3.1557767541e-06
2.5745000000e+01 6.4407569753e-09 3.1601942878e-06
2.5750000000e+01 7.0481537626e-09 3.1628060992e-06
2.5755000000e+01 6.9164194920e-09 3.1625409902e-06
2.5760000000e+01 6.1069705443e-09 3.1596150019e-06
2.5765000000e+01 4.8321935377e-09 3.1554506940e-06
2.5770000000e+01 3.3725932714e-09 3.1523157903e-06
2.5775000000e+01 2.0182949230e-09 3.1528111257e-06
2.5780000000e+01 1.0430227363e-09 3.1593319953e-06
2.5785000000e+01 6.7386515567e-10 3.1735806014e-06
2.5790000000e+01 1.0311377515e-09 3.1961874025e-06
2.5795000000e+01 2.0643628849e-09 3.2265208988e-06
2.5800000000e+01 3.5404605865e-09 3.2627740214e-06
2.5805000000e+01 5.1108614905e-09 3.3023536167e-06
2.5810000000e+01 6.4238902719e-09 3.3424822685e-06
2.5815000000e+01 7.2183913352e-09 3.3808297043e-06
2.5820000000e+01 7.3613723620e-09 3.4159939454e-06
2.5825000000e+01 6.8440578254e-09 3.4477404217e-06
2.5830000000e+01 5.7730524079e-09 3.4770012272e-06
2.5835000000e+01 4.3687026031e-09 3.5056700636e-06
2.5840000000e+01 2.9462357050e-09 3.5362148759e-06
2.5845000000e+01 1.8523910035e-09 3.5711373881e-06
2.5850000000e+01 1.3665444106e-09 3.6123708535e-06
2.5855000000e+01 1.6130547389e-09 3.6607796061e-06
2.5860000000e+01 2.5315690359e-09 3.7159265761e-06
2.5865000000e+01 3.9132848608e-09 3.7761789336e-06
2.5870000000e+01 5.4703781088e-09 3.8390888721e-06
2.5875000000e+01 6.8990531883e-09 3.9019112282e-06
2.5880000000e+01 7.9233832686e-09 3.9621351574e-06
2.5885000000e+01 8.3343711386e-09 4.0179592970e-06
2.5890000000e+01 8.0376137728e-09 4.0686569050e-06
2.5895000000e+01 7.0968772608e-09 4.1147506515e-06
2.5900000000e+01 5.7401607332e-09 4.1579075722e-06
2.5905000000e+01 4.3059720579e-09 4.2005318196e-06
2.5910000000e+01 3.1452057896e-09 4.2451555816e-06
2.5915000000e+01 2.5247149049e-09 4.2938169063e-06
2.5920000000e+01 2.5740921528e-09 4.3475992608e-06
2.5925000000e+01 3.2823239765e-09 4.4064138785e-06
2.5930000000e+01 4.5190529820e-09 4.4690167266e-06
2.5935000000e+01 6.0553532458e-09 4.5332258344e-06
2.5940000000e+01 7.5868308421e-09 4.5963197842e-06
2.5945000000e+01 8.7826361819e-09 4.6555857093e-06
2.5950000000e+01 9.3694084759e-09 4.7089177127e-06
2.5955000000e+01 9.2206209681e-09 4.7552983062e-06
2.5960000000e+01 8.4002822731e-09 4.7950043687e-06
2.5965000000e+01 7.1330179290e-09 4.8294805310e-06
2.5970000000e+01 5.7229589160e-09 4.8609495300e-06
2.5975000000e+01 4.4738062916e-09 4.8918947839e-06
2.5980000000e+01 3.6431454420e-09 4.9245320348e-06
2.5985000000e+01 3.4190092830e-09 4.9603399492e-06
2.5990000000e+01 3.8872306562e-09 4.9997086644e-06
2.5995000000e+01 4.9860550031e-09 5.0417891943e-06
2.6000000000e+01 6.4863991400e-09 5.0846249659e-06
2.6005000000e+01 8.0394110985e-09 5.1255745646e-06
2.6010000000e+01 9.2852173387e-09 5.1619195830e-06
2.6015000000e+01 9.9638510036e-09 5.1914743297e-06
2.6020000000e+01 9.9678392428e-09 5.2130319161e-06
2.6025000000e+01 9.3288521297e-09 5.2265695709e-06
2.6030000000e+01 8.1821174324e-09 5.2332177338e-06
2.6035000000e+01 6.7488772864e-09 5.2350243865e-06
2.6040000000e+01 5.3279303717e-09 5.2345403546e-06
2.6045000000e+01 4.2532795584e-09 5.2342685311e-06
2.6050000000e+01 3.8004625560e-09 5.2360798784e-06
2.6055000000e+01 4.0844259915e-09 5.2407559317e-06
2.6060000000e+01 5.0181987566e-09 5.2478046047e-06
2.6065000000e+01 6.3599521936e-09 5.2556005286e-06
2.6070000000e+01 7.8070647364e-09 5.2617833093e-06
2.6075000000e+01 9.0705418416e-09 5.2637827167e-06
2.6080000000e+01 9.9042825748e-09 5.2593506669e-06
2.6085000000e+01 1.0121109997e-08 5.2470221870e-06
2.6090000000e+01 9.6348348409e-09 5.2264449249e-06
2.6095000000e+01 8.5179125989e-09 5.1985031095e-06
2.6100000000e+01 7.0182960007e-09 5.1651666711e-06
2.6105000000e+01 5.4950697543e-09 5.1290621537e-06
2.6110000000e+01 4.2984356925e-09 5.0928678841e-06
2.6115000000e+01 3.6667074900e-09 5.0587102796e-06
2.6120000000e+01 3.6919724049e-09 5.0277265634e-06
2.6125000000e+01 4.3413622594e-09 4.9998755240e-06
2.6130000000e+01 5.4827210960e-09 4.9739914008e-06
2.6135000000e+01 6.8890903394e-09 4.9480409528e-06
2.6140000000e+01 8.2493160242e-09 4.9195479321e-06
2.6145000000e+01 9.2262618918e-09 4.8861385596e-06
2.6150000000e+01 9.5602798293e-09 4.8461105801e-06
2.6155000000e+01 9.1617075137e-09 4.7988743338e-06
2.6160000000e+01 8.1328284519e-09 4.7451216041e-06
2.6165000000e+01 6.7129773112e-09 4.6866687180e-06
2.6170000000e+01 5.1955620754e-09 4.6260414983e-06
2.6175000000e+01 3.8683602902e-09 4.5659399128e-06
2.6180000000e+01 2.9836617374e-09 4.5087091877e-06
2.6185000000e+01 2.7275545716e-09 4.4558950571e-06
2.6190000000e+01 3.1688758968e-09 4.4079360560e-06
2.6195000000e+01 4.2116284725e-09 4.3640581118e-06
2.6200000000e+01 5.5973737057e-09 4.3224378780e-06
2.6205000000e+01 6.9766108004e-09 4.2806403975e-06
2.6210000000e+01 8.0162795377e-09 4.2362283857e-06
2.6215000000e+01 8.4863127198e-09 4.1873616146e-06
2.6220000000e+01 8.2929726051e-09 4.1332181413e-06
2.6225000000e+01 7.4713138153e-09 4.0741594118e-06
2.6230000000e+01 6.1684866704e-09 4.0116532674e-06
2.6235000000e+01 4.6300298685e-09 3.9480028480e-06
2.6240000000e+01 3.1713737607e-09 3.8859180761e-06
2.6245000000e+01 2.1140234631e-09 3.8279719487e-06
2.6250000000e+01 1.6957875705e-09 3.7760375534e-06
2.6255000000e+01 1.9957390714e-09 3.7308600937e-06
2.6260000000e+01 2.9140986636e-09 3.6919087418e-06
2.6265000000e+01 4.2137165195e-09 3.6575559472e-06
2.6270000000e+01 5.5934141129e-09 3.6255071298e-06
2.6275000000e+01 6.7552208602e-09 3.5933369265e-06
2.6280000000e+01 7.4500137488e-09 3.5590077134e-06
2.6285000000e+01 7.5122558672e-09 3.5213000961e-06
2.6290000000e+01 6.8968161638e-09 3.4801059605e-06
2.6295000000e+01 5.7093080106e-09 3.4365168973e-06
2.6300000000e+01 4.2022033226e-09 3.3926413220e-06
2.6305000000e+01 2.7172692315e-09 3.3511507182e-06
2.6310000000e+01 1.5886396247e-09 3.3146662413e-06
2.6315000000e+01 1.0505070301e-09 3.2851705679e-06
2.6320000000e+01 1.1900968607e-09 3.2636072055e-06
2.6325000000e+01 1.9524463985e-09 3.2497347888e-06
2.6330000000e+01 3.1710031001e-09 3.2422174641e-06
2.6335000000e+01 4.5970750192e-09 3.2389059965e-06
2.6340000000e+01 5.9282909005e-09 3.2372750071e-06
2.6345000000e+01 6.8576800454e-09 3.2349700005e-06
2.6350000000e+01 7.1521943775e-09 3.2303616218e-06
2.6355000000e+01 6.7324392361e-09 3.2229517235e-06
2.6360000000e+01 5.7051195260e-09 3.2134948161e-06
2.6365000000e+01 4.3236759867e-09 3.2037994403e-06
2.6370000000e+01 2.9020503449e-09 3.1962915884e-06
2.6375000000e+01 1.7340351494e-09 3.1934794331e-06
2.6380000000e+01 1.0499149996e-09 3.1974382867e-06
2.6385000000e+01 9.9751220219e-10 3.2093871366e-06
2.6390000000e+01 1.6165872249e-09 3.2294107647e-06
2.6395000000e+01 2.8036242472e-09 3.2563947431e-06
2.6400000000e+01 4.3035434319e-09 3.2882313493e-06
2.6405000000e+01 5.7650668184e-09 3.3222841442e-06
2.6410000000e+01 6.8492995780e-09 3.3559960737e-06
2.6415000000e+01 7.3330929540e-09 3.3874631934e-06
2.6420000000e+01 7.1515927429e-09 3.4158205288e-06
2.6425000000e+01 6.3769488911e-09 3.4413744548e-06
2.6430000000e+01 5.1773515127e-09 3.4654972635e-06
2.6435000000e+01 3.7938886614e-09 3.4903287086e-06
2.6440000000e+01 2.5252738895e-09 3.5183258498e-06
2.6445000000e+01 1.6815689157e-09 3.5517170471e-06
2.6450000000e+01 1.4949733847e-09 3.5919645486e-06
2.6455000000e+01 2.0306338163e-09 3.6393821353e-06
2.6460000000e+01 3.1600701507e-09 3.6930334135e-06
2.6465000000e+01 4.6171175695e-09 3.7509427355e-06
2.6470000000e+01 6.0930116480e-09 3.8105396808e-06
2.6475000000e+01 7.3085388980e-09 3.8692001534e-06
2.6480000000e+01 8.0425488687e-09 3.9247616940e-06
2.6485000000e+01 8.1473999045e-09 3.9759355384e-06
2.6490000000e+01 7.5849802181e-09 4.0225616768e-06
2.6495000000e+01 6.4710184957e-09 4.0656492894e-06
2.6500000000e+01 5.0772926640e-09 4.1071553531e-06
2.6505000000e+01 3.7603402418e-09 4.1495167161e-06
2.6510000000e+01 2.8457728015e-09 4.1950465835e-06
2.6515000000e+01 2.5356070013e-09 4.2453687955e-06
2.6520000000e+01 2.8821333349e-09 4.3010435713e-06
2.6525000000e+01 3.8130582337e-09 4.3614532505e-06
2.6530000000e+01 5.1614595471e-09 4.4249306916e-06
2.6535000000e+01 6.6789520308e-09 4.4890766793e-06
2.6540000000e+01 8.0561255233e-09 4.5512163119e-06
2.6545000000e+01 8.9836365933e-09 4.6089378083e-06
2.6550000000e+01 9.2471085202e-09 4.6606154041e-06
2.6555000000e+01 8.8042157917e-09 4.7057761246e-06
2.6560000000e+01 7.7940539161e-09 4.7451866427e-06
2.6565000000e+01 6.4776356475e-09 4.7806271329e-06
2.6570000000e+01 5.1550578627e-09 4.8144330560e-06
2.6575000000e+01 4.1049822069e-09 4.8489486249e-06
2.6580000000e+01 3.5525154973e-09 4.8860195866e-06
2.6585000000e+01 3.6401222146e-09 4.9266001798e-06
2.6590000000e+01 4.3865785785e-09 4.9705199333e-06
2.6595000000e+01 5.6549094717e-09 5.0164612181e-06
2.6600000000e+01 7.1669913792e-09 5.0621930775e-06
2.6605000000e+01 8.5774577201e-09 5.1050473668e-06
2.6610000000e+01 9.5757269057e-09 5.1425254062e-06
2.6615000000e+01 9.9654255776e-09 5.1728574518e-06
2.6620000000e+01 9.6926770982e-09 5.1953595206e-06
2.6625000000e+01 8.8337923684e-09 5.2105246945e-06
2.6630000000e+01 7.5705296660e-09 5.2198755196e-06
2.6635000000e+01 6.1657813828e-09 5.2256367854e-06
2.6640000000e+01 4.9278297673e-09 5.2302781666e-06
2.6645000000e+01 4.1480244662e-09 5.2359798908e-06
2.6650000000e+01 4.0205915094e-09 5.2441188368e-06
2.6655000000e+01 4.5796095792e-09 5.2549176487e-06
2.6660000000e+01 5.6881267912e-09 5.2673803010e-06
2.6665000000e+01 7.0849898735e-09 5.2795399394e-06
2.6670000000e+01 8.4616371647e-09 5.2889288281e-06
2.6675000000e+01 9.5319449393e-09 5.2931232707e-06
2.6680000000e+01 1.0077578776e-08 5.2902399019e-06
2.6685000000e+01 9.9769265777e-09 5.2793148944e-06
2.6690000000e+01 9.2311399034e-09 5.2605230516e-06
2.6695000000e+01 7.9825564105e-09 5.2351841618e-06
2.6700000000e+01 6.5021133652e-09 5.2055114638e-06
2.6705000000e+01 5.1286192313e-09 5.1741230677e-06
2.6710000000e+01 4.1737799557e-09 5.1434361028e-06
2.6715000000e+01 3.8352312567e-09 5.1151220273e-06
2.6720000000e+01 4.1569449113e-09 5.0897711134e-06
2.6725000000e+01 5.0426501618e-09 5.0668198862e-06
2.6730000000e+01 6.2949846291e-09 5.0447113562e-06
2.6735000000e+01 7.6518273066e-09 5.0212313883e-06
2.6740000000e+01 8.8184896311e-09 4.9939733618e-06
2.6745000000e+01 9.5159869929e-09 4.9608732753e-06
2.6750000000e+01 9.5535438306e-09 4.9207118591e-06
2.6755000000e+01 8.8981660874e-09 4.8734423912e-06
2.6760000000e+01 7.6956935424e-09 4.8202303079e-06
2.6765000000e+01 6.2225570026e-09 4.7631891367e-06
2.6770000000e+01 4.7958141138e-09 4.7049061290e-06
2.6775000000e+01 3.6936178730e-09 4.6479000125e-06
2.6780000000e+01 3.1154953473e-09 4.5941295911e-06
2.6785000000e+01 3.1683044786e-09 4.5446232755e-06
2.6790000000e+01 3.8477222910e-09 4.4992767614e-06
2.6795000000e+01 5.0130172190e-09 4.4568695286e-06
2.6800000000e+01 6.3894633175e-09 4.4153358517e-06
2.6805000000e+01 7.6301513015e-09 4.3722598259e-06
2.6810000000e+01 8.4227512530e-09 4.3254729305e-06
2.6815000000e+01 8.5839221402e-09 4.2735828434e-06
2.6820000000e+01 8.0913767522e-09 4.2162934646e-06
2.6825000000e+01 7.0551496240e-09 4.1544634452e-06
2.6830000000e+01 5.6719314713e-09 4.0899302104e-06
2.6835000000e+01 4.1969764700e-09 4.0251571753e-06
2.6840000000e+01 2.9231143024e-09 3.9627593682e-06
2.6845000000e+01 2.1321052882e-09 3.9049725402e-06
2.6850000000e+01 2.0113314221e-09 3.8531687755e-06
2.6855000000e+01 2.5781843799e-09 3.8075509829e-06
2.6860000000e+01 3.6675943301e-09 3.7671305076e-06
2.6865000000e+01 4.9953319181e-09 3.7300010262e-06
2.6870000000e+01 6.2528590530e-09 3.6938187406e-06
2.6875000000e+01 7.1765355558e-09 3.6563474844e-06
2.6880000000e+01 7.5746167964e-09 3.6159459120e-06
2.6885000000e+01 7.3410107750e-09 3.5719226619e-06
2.6890000000e+01 6.4843772359e-09 3.5247146614e-06
2.6895000000e+01 5.1592212721e-09 3.4758472350e-06
2.6900000000e+01 3.6549773289e-09 3.4276495831e-06
2.6905000000e+01 2.3200174894e-09 3.3827577331e-06
2.6910000000e+01 1.4517611579e-09 3.3435217173e-06
2.6915000000e+01 1.2145590910e-09 3.3114848538e-06
2.6920000000e+01 1.6216438914e-09 3.2870761691e-06
2.6925000000e+01 2.5643434494e-09 3.2695699400e-06
2.6930000000e+01 3.8464926330e-09 3.2572819174e-06
2.6935000000e+01 5.2056592872e-09 3.2479363569e-06
2.6940000000e+01 6.3415704113e-09 3.2391418245e-06
2.6945000000e+01 6.9777396372e-09 3.2289114447e-06
2.6950000000e+01 6.9465765578e-09 3.2161311858e-06
2.6955000000e+01 6.2515735436e-09 3.2008489052e-06
2.6960000000e+01 5.0652820327e-09 3.1842806151e-06
2.6965000000e+01 3.6659806691e-09 3.1685208255e-06
2.6970000000e+01 2.3553511490e-09 3.1560502200e-06
2.6975000000e+01 1.3977926222e-09 3.1491879320e-06
2.6980000000e+01 9.8752665101e-10 3.1496145374e-06
2.6985000000e+01 1.2229512571e-09 3.1580360285e-06
2.6990000000e+01 2.0762301677e-09 3.1740253783e-06
2.6995000000e+01 3.3754922695e-09 3.1960776474e-06
2.7000000000e+01 4.8296006027e-09 3.2219047740e-06
2.7005000000e+01 6.1031474117e-09 3.2489385744e-06
2.7010000000e+01 6.9124675892e-09 3.2749231863e-06
2.7015000000e+01 7.0977171312e-09 3.2984257335e-06
2.7020000000e+01 6.6455040773e-09 3.3191242233e-06
2.7025000000e+01 5.6709278033e-09 3.3378251336e-06
2.7030000000e+01 4.3848670736e-09 3.3562500615e-06
2.7035000000e+01 3.0607579701e-09 3.3766613991e-06
2.7040000000e+01 1.9939213718e-09 3.4013869934e-06
2.7045000000e+01 1.4422513420e-09 3.4323052537e-06
2.7050000000e+01 1.5558647753e-09 3.4703873527e-06
2.7055000000e+01 2.3255956612e-09 3.5154253563e-06
2.7060000000e+01 3.5809112590e-09 3.5660479051e-06
2.7065000000e+01 5.0419643209e-09 3.6200290296e-06
2.7070000000e+01 6.3992356725e-09 3.6747884725e-06
2.7075000000e+01 7.3843188923e-09 3.7279345500e-06
2.7080000000e+01 7.8130420091e-09 3.7777289091e-06
2.7085000000e+01 7.6076197960e-09 3.8234086887e-06
2.7090000000e+01 6.8122554514e-09 3.8653307175e-06
2.7095000000e+01 5.6008413597e-09 3.9049005684e-06
2.7100000000e+01 4.2569121667e-09 3.9442620280e-06
2.7105000000e+01 3.1105375633e-09 3.9857852351e-06
2.7110000000e+01 2.4460639166e-09 4.0314790166e-06
2.7115000000e+01 2.4216789741e-09 4.0824977388e-06
2.7120000000e+01 3.0382924751e-09 4.1388750675e-06
2.7125000000e+01 4.1616466618e-09 4.1995240376e-06
2.7130000000e+01 5.5689895660e-09 4.2624622978e-06
2.7135000000e+01 6.9906942218e-09 4.3251950299e-06
2.7140000000e+01 8.1447087390e-09 4.3851960415e-06
2.7145000000e+01 8.7831422336e-09 4.4404210806e-06
2.7150000000e+01 8.7582666457e-09 4.4897520102e-06
2.7155000000e+01 8.0814975472e-09 4.5332457243e-06
2.7160000000e+01 6.9330612208e-09 4.5720964041e-06
2.7165000000e+01 5.6058019890e-09 4.6083145448e-06
2.7170000000e+01 4.4130300069e-09 4.6442254404e-06
2.7175000000e+01 3.6116333180e-09 4.6819312894e-06
2.7180000000e+01 3.3670546385e-09 4.7228539487e-06
2.7185000000e+01 3.7445234798e-09 4.7674244343e-06
2.7190000000e+01 4.6975362560e-09 4.8149575490e-06
2.7195000000e+01 6.0523289747e-09 4.8637457645e-06
2.7200000000e+01 7.5201786026e-09 4.9113870551e-06
2.7205000000e+01 8.7641044251e-09 4.9553003878e-06
2.7210000000e+01 9.5021505006e-09 4.9933039770e-06
2.7215000000e+01 9.5918357126e-09 5.0240932710e-06
2.7220000000e+01 9.0516045881e-09 5.0474927279e-06
2.7225000000e+01 8.0251908420e-09 5.0644426688e-06
2.7230000000e+01 6.7320013402e-09 5.0767600254e-06
2.7235000000e+01 5.4347839092e-09 5.0867423094e-06
2.7240000000e+01 4.4139783428e-09 5.0966816531e-06
2.7245000000e+01 3.9183117189e-09 5.1083604533e-06
2.7250000000e+01 4.0887580814e-09 5.1226272937e-06
2.7255000000e+01 4.8967291871e-09 5.1391703129e-06
2.7260000000e+01 6.1447756771e-09 5.1565716359e-06
2.7265000000e+01 7.5357924060e-09 5.1726379736e-06
2.7270000000e+01 8.7664284389e-09 5.1849075243e-06
2.7275000000e+01 9.5927084413e-09 5.1911894745e-06
2.7280000000e+01 9.8548761531e-09 5.1900150496e-06
2.7285000000e+01 9.4884008848e-09 5.1809314016e-06
2.7290000000e+01 8.5454009374e-09 5.1646042741e-06
2.7295000000e+01 7.2130328119e-09 5.1427044216e-06
2.7300000000e+01 5.7911889991e-09 5.1175701198e-06
2.7305000000e+01 4.6138390211e-09 5.0916924795e-06
2.7310000000e+01 3.9462010185e-09 5.0671441495e-06
2.7315000000e+01 3.9133092018e-09 5.0451115930e-06
2.7320000000e+01 4.4897842124e-09 5.0256579287e-06
2.7325000000e+01 5.5332647548e-09 5.0077553209e-06
2.7330000000e+01 6.8233773365e-09 4.9895431996e-06
2.7335000000e+01 8.0900990618e-09 4.9687352874e-06
2.7340000000e+01 9.0482071821e-09 4.9431041396e-06
2.7345000000e+01 9.4574192971e-09 4.9109737093e-06
2.7350000000e+01 9.1968062078e-09 4.8716273448e-06
2.7355000000e+01 8.3127265525e-09 4.8255184052e-06
2.7360000000e+01 7.0067049132e-09 4.7742002866e-06
2.7365000000e+01 5.5690392001e-09 4.7199813054e-06
2.7370000000e+01 4.2973321347e-09 4.6654085680e-06
2.7375000000e+01 3.4364768690e-09 4.6127297827e-06
2.7380000000e+01 3.1465229856e-09 4.5634550354e-06
2.7385000000e+01 3.4819142222e-09 4.5180822886e-06
2.7390000000e+01 4.3719649052e-09 4.4760132789e-06
2.7395000000e+01 5.6159655824e-09 4.4356805094e-06
2.7400000000e+01 6.9160775764e-09 4.3948932191e-06
2.7405000000e+01 7.9520933115e-09 4.3513560128e-06
2.7410000000e+01 8.4710488025e-09 4.3032368751e-06
2.7415000000e+01 8.3516596871e-09 4.2496216346e-06
2.7420000000e+01 7.6206624462e-09 4.1907299611e-06
2.7425000000e+01 6.4286949330e-09 4.1278611019e-06
2.7430000000e+01 5.0100346407e-09 4.0631207236e-06
2.7435000000e+01 3.6421892180e-09 3.9990085988e-06
2.7440000000e+01 2.6024985239e-09 3.9379358024e-06
2.7445000000e+01 2.1131208534e-09 3.8817381983e-06
2.7450000000e+01 2.2805402956e-09 3.8312796924e-06
2.7455000000e+01 3.0550943678e-09 3.7862592326e-06
2.7460000000e+01 4.2373002039e-09 3.7453012129e-06
2.7465000000e+01 5.5347337178e-09 3.7063159363e-06
2.7470000000e+01 6.6436539902e-09 3.6670193206e-06
2.7475000000e+01 7.3191333059e-09 3.6254627598e-06
2.7480000000e+01 7.4142399324e-09 3.5804570109e-06
2.7485000000e+01 6.8947110007e-09 3.5318317245e-06
2.7490000000e+01 5.8447299632e-09 3.4805043696e-06
2.7495000000e+01 4.4650912373e-09 3.4283367365e-06
2.7500000000e+01 3.0467904156e-09 3.3777740948e-06
2.7505000000e+01 1.9064586805e-09 3.3313201791e-06
2.7510000000e+01 1.2977182975e-09 3.2909761510e-06
2.7515000000e+01 1.3382873167e-09 3.2578039817e-06
2.7520000000e+01 1.9880936337e-09 3.2317305158e-06
2.7525000000e+01 3.0798516509e-09 3.2116166914e-06
2.7530000000e+01 4.3720051637e-09 3.1955398996e-06
2.7535000000e+01 5.5941084356e-09 3.1812123895e-06
2.7540000000e+01 6.4823004764e-09 3.1664664591e-06
2.7545000000e+01 6.8233415304e-09 3.1497351226e-06
2.7550000000e+01 6.5135798502e-09 3.1304319179e-06
2.7555000000e+01 5.6071236822e-09 3.1091200055e-06
2.7560000000e+01 4.3144039640e-09 3.0874007794e-06
2.7565000000e+01 2.9391163655e-09 3.0675430592e-06
2.7570000000e+01 1.7855069713e-09 3.0519633739e-06
2.7575000000e+01 1.0854901578e-09 3.0427013064e-06
2.7580000000e+01 9.6904102446e-10 3.0410034801e-06
2.7585000000e+01 1.4609660626e-09 3.0470764523e-06
2.7590000000e+01 2.4762947182e-09 3.0600362182e-06
2.7595000000e+01 3.8139655804e-09 3.0780719275e-06
2.7600000000e+01 5.1780116225e-09 3.0988197152e-06
2.7605000000e+01 6.2475816990e-09 3.1198870606e-06
2.7610000000e+01 6.7751409406e-09 3.1394016117e-06
2.7615000000e+01 6.6602014780e-09 3.1564315828e-06
2.7620000000e+01 5.9603805499e-09 3.1711666551e-06
2.7625000000e+01 4.8494903411e-09 3.1848349116e-06
2.7630000000e+01 3.5646466511e-09 3.1994066727e-06
2.7635000000e+01 2.3704957525e-09 3.2171650725e-06
2.7640000000e+01 1.5300459351e-09 3.2402190783e-06
2.7645000000e+01 1.2559849707e-09 3.2700341433e-06
2.7650000000e+01 1.6430833498e-09 3.3070728372e-06
2.7655000000e+01 2.6201496564e-09 3.3506463424e-06
2.7660000000e+01 3.9626676370e-09 3.3990403535e-06
2.7665000000e+01 5.3664402167e-09 3.4498939477e-06
2.7670000000e+01 6.5385555556e-09 3.5007229477e-06
2.7675000000e+01 7.2588012936e-09 3.5494434507e-06
2.7680000000e+01 7.4017030432e-09 3.5947787844e-06
2.7685000000e+01 6.9439072566e-09 3.6364885404e-06
2.7690000000e+01 5.9773946931e-09 3.6753972382e-06
2.7695000000e+01 4.7158951628e-09 3.7132137957e-06
2.7700000000e+01 3.4631180705e-09 3.7521511730e-06
2.7705000000e+01 2.5333305042e-09 3.7944048149e-06
2.7710000000e+01 2.1565259513e-09 3.8416122508e-06
2.7715000000e+01 2.4176826338e-09 3.8944447909e-06
2.7720000000e+01 3.2540962909e-09 3.9524428119e-06
2.7725000000e+01 4.4930247405e-09 4.0141182095e-06
2.7730000000e+01 5.8951346645e-09 4.0772677502e-06
2.7735000000e+01 7.1889677100e-09 4.1394104337e-06
2.7740000000e+01 8.1093980949e-09 4.1982705436e-06
2.7745000000e+01 8.4544969422e-09 4.2522346131e-06
2.7750000000e+01 8.1487703804e-09 4.3006953973e-06
2.7755000000e+01 7.2776356651e-09 4.3441851927e-06
2.7760000000e+01 6.0664245621e-09 4.3842356418e-06
2.7765000000e+01 4.8117425042e-09 4.4229868167e-06
2.7770000000e+01 3.8012743959e-09 4.4626584145e-06
2.7775000000e+01 3.2552861009e-09 4.5050318155e-06
2.7780000000e+01 3.2967485893e-09 4.5510590511e-06
2.7785000000e+01 3.9366221184e-09 4.6006539706e-06
2.7790000000e+01 5.0650478924e-09 4.6526815566e-06
2.7795000000e+01 6.4578890626e-09 4.7051513226e-06
2.7800000000e+01 7.8158939223e-09 4.7556056534e-06
2.7805000000e+01 8.8380086684e-09 4.8016442724e-06
2.7810000000e+01 9.3042344120e-09 4.8414598788e-06
2.7815000000e+01 9.1321958800e-09 4.8742320966e-06
2.7820000000e+01 8.3866348314e-09 4.9002716298e-06
2.7825000000e+01 7.2488526994e-09 4.9208988854e-06
2.7830000000e+01 5.9696818190e-09 4.9381197519e-06
2.7835000000e+01 4.8236518822e-09 4.9541864389e-06
2.7840000000e+01 4.0647716375e-09 4.9711189257e-06
2.7845000000e+01 3.8768826062e-09 4.9902567138e-06
2.7850000000e+01 4.3229423198e-09 5.0119286177e-06
2.7855000000e+01 5.3150178163e-09 5.0353387505e-06
2.7860000000e+01 6.6286088996e-09 5.0587271109e-06
2.7865000000e+01 7.9638402242e-09 5.0797738832e-06
2.7870000000e+01 9.0279724124e-09 5.0961294284e-06
2.7875000000e+01 9.6033342891e-09 5.1059228896e-06
2.7880000000e+01 9.5812263178e-09 5.1081392939e-06
2.7885000000e+01 8.9686997975e-09 5.1028143190e-06
2.7890000000e+01 7.8852244188e-09 5.0910309863e-06
2.7895000000e+01 6.5525437555e-09 5.0747116623e-06
2.7900000000e+01 5.2629580574e-09 5.0562180221e-06
2.7905000000e+01 4.3142036170e-09 5.0378245274e-06
2.7910000000e+01 3.9254260520e-09 5.0211936491e-06
2.7915000000e+01 4.1727350137e-09 5.0070014899e-06
2.7920000000e+01 4.9769298953e-09 4.9948134854e-06
2.7925000000e+01 6.1420723842e-09 4.9832199573e-06
2.7930000000e+01 7.4134243744e-09 4.9701687580e-06
2.7935000000e+01 8.5251093364e-09 4.9534094723e-06
2.7940000000e+01 9.2355164818e-09 4.9309726359e-06
2.7945000000e+01 9.3680500574e-09 4.9016099269e-06
2.7950000000e+01 8.8625235524e-09 4.8651061721e-06
2.7955000000e+01 7.8124257902e-09 4.8223706155e-06
2.7960000000e+01 6.4529850626e-09 4.7752583348e-06
2.7965000000e+01 5.0924992021e-09 4.7261586273e-06
2.7970000000e+01 4.0205958109e-09 4.6774672101e-06
2.7975000000e+01 3.4405753972e-09 4.6310844239e-06
2.7980000000e+01 3.4457548648e-09 4.5880474895e-06
2.7985000000e+01 4.0218658122e-09 4.5483495423e-06
2.7990000000e+01 5.0492524864e-09 4.5109615253e-06
2.7995000000e+01 6.3052191710e-09 4.4740582117e-06
2.8000000000e+01 7.4928638519e-09 4.4354275238e-06
2.8005000000e+01 8.3128027670e-09 4.3929932307e-06
2.8010000000e+01 8.5549088248e-09 4.3453258795e-06
2.8015000000e+01 8.1607799026e-09 4.2920004626e-06
2.8020000000e+01 7.2248157408e-09 4.2337055941e-06
2.8025000000e+01 5.9468106982e-09 4.1720940798e-06
2.8030000000e+01 4.5764403257e-09 4.1094371930e-06
2.8035000000e+01 3.3748383217e-09 4.0481717918e-06
2.8040000000e+01 2.5831658728e-09 3.9904223493e-06
2.8045000000e+01 2.3760782362e-09 3.9375737631e-06
2.8050000000e+01 2.8034417068e-09 3.8899792458e-06
2.8055000000e+01 3.7557595100e-09 3.8468875695e-06
2.8060000000e+01 4.9873846609e-09 3.8066336240e-06
2.8065000000e+01 6.1930940371e-09 3.7670557780e-06
2.8070000000e+01 7.0957153834e-09 3.7260248498e-06
2.8075000000e+01 7.5028262312e-09 3.6819414365e-06
2.8080000000e+01 7.3253014981e-09 3.6340911537e-06
2.8085000000e+01 6.5802960546e-09 3.5828057812e-06
2.8090000000e+01 5.3960422455e-09 3.5294200649e-06
2.8095000000e+01 4.0072383933e-09 3.4760306541e-06
2.8100000000e+01 2.7157420894e-09 3.4250819228e-06
2.8105000000e+01 1.8121978681e-09 3.3788468120e-06
2.8110000000e+01 1.4899128125e-09 3.3389243908e-06
2.8115000000e+01 1.7946271679e-09 3.3058944300e-06
2.8120000000e+01 2.6291549157e-09 3.2792242175e-06
2.8125000000e+01 3.7951675341e-09 3.2574354423e-06
2.8130000000e+01 5.0407721406e-09 3.2384632238e-06
2.8135000000e+01 6.0999003090e-09 3.2201124178e-06
2.8140000000e+01 6.7328650953e-09 3.2005279491e-06
2.8145000000e+01 6.7783786139e-09 3.1786074429e-06
2.8150000000e+01 6.2054183150e-09 3.1542769391e-06
2.8155000000e+01 5.1352404116e-09 3.1285477012e-06
2.8160000000e+01 3.8126807427e-09 3.1033109000e-06
2.8165000000e+01 2.5360260932e-09 3.0809090342e-06
2.8170000000e+01 1.5786588704e-09 3.0636035829e-06
2.8175000000e+01 1.1329645543e-09 3.0530851393e-06
2.8180000000e+01 1.2840073473e-09 3.0501344806e-06
2.8185000000e+01 2.0017470326e-09 3.0544801454e-06
2.8190000000e+01 3.1424880820e-09 3.0648569285e-06
2.8195000000e+01 4.4652320254e-09 3.0792570914e-06
2.8200000000e+01 5.6753995578e-09 3.0953500034e-06
2.8205000000e+01 6.4956662742e-09 3.1110011392e-06
2.8210000000e+01 6.7416895836e-09 3.1247662705e-06
2.8215000000e+01 6.3705963302e-09 3.1362199994e-06
2.8220000000e+01 5.4832783938e-09 3.1460277873e-06
2.8225000000e+01 4.2873662866e-09 3.1557614068e-06
2.8230000000e+01 3.0444054796e-09 3.1675311370e-06
2.8235000000e+01 2.0204035085e-09 3.1835292691e-06
2.8240000000e+01 1.4424439479e-09 3.2055650866e-06
2.8245000000e+01 1.4551653314e-09 3.2346617209e-06
2.8250000000e+01 2.0796764208e-09 3.2707949472e-06
2.8255000000e+01 3.1934362406e-09 3.3128552793e-06
2.8260000000e+01 4.5520066756e-09 3.3588714735e-06
2.8265000000e+01 5.8539012105e-09 3.4064490295e-06
2.8270000000e+01 6.8228247484e-09 3.4533003004e-06
2.8275000000e+01 7.2719273026e-09 3.4977229530e-06
2.8280000000e+01 7.1314025425e-09 3.5389244277e-06
2.8285000000e+01 6.4473000182e-09 3.5771502897e-06
2.8290000000e+01 5.3698577794e-09 3.6136119375e-06
2.8295000000e+01 4.1362169174e-09 3.6502220362e-06
2.8300000000e+01 3.0344827162e-09 3.6891658775e-06
2.8305000000e+01 2.3389663894e-09 3.7323836707e-06
2.8310000000e+01 2.2317124395e-09 3.7810898131e-06
2.8315000000e+01 2.7472750515e-09 3.8354646667e-06
2.8320000000e+01 3.7701388101e-09 3.8946014005e-06
2.8325000000e+01 5.0805220378e-09 3.9567033697e-06
2.8330000000e+01 6.4160460255e-09 4.0194593266e-06
2.8335000000e+01 7.5203664852e-09 4.0805036312e-06
2.8340000000e+01 8.1774878277e-09 4.1378799446e-06
2.8345000000e+01 8.2485688538e-09 4.1904344693e-06
2.8350000000e+01 7.7153460735e-09 4.2380585088e-06
2.8355000000e+01 6.7065323034e-09 4.2817053787e-06
2.8360000000e+01 5.4762010995e-09 4.3231523468e-06
2.8365000000e+01 4.3309283170e-09 4.3645582538e-06
2.8370000000e+01 3.5404395894e-09 4.4079380626e-06
2.8375000000e+01 3.2761321366e-09 4.4546932994e-06
2.8380000000e+01 3.5937641900e-09 4.5052991959e-06
2.8385000000e+01 4.4414754653e-09 4.5591919529e-06
2.8390000000e+01 5.6685618816e-09 4.6148600303e-06
2.8395000000e+01 7.0358460513e-09 4.6701253049e-06
2.8400000000e+01 8.2508422511e-09 4.7225784909e-06
2.8405000000e+01 9.0395373317e-09 4.7700912930e-06
2.8410000000e+01 9.2305090908e-09 4.8112833427e-06
2.8415000000e+01 8.8059171292e-09 4.8458148360e-06
2.8420000000e+01 7.8931414771e-09 4.8744258887e-06
2.8425000000e+01 6.7126827777e-09 4.8987270045e-06
2.8430000000e+01 5.5207391363e-09 4.9208135640e-06
2.8435000000e+01 4.5689220522e-09 4.9428009331e-06
2.8440000000e+01 4.0718000989e-09 4.9663663757e-06
2.8445000000e+01 4.1638773753e-09 4.9923718070e-06
2.8450000000e+01 4.8512251205e-09 5.0206418857e-06
2.8455000000e+01 5.9897738312e-09 5.0499651023e-06
2.8460000000e+01 7.3176850201e-09 5.0783432690e-06
2.8465000000e+01 8.5334426853e-09 5.1034391804e-06
2.8470000000e+01 9.3793106761e-09 5.1231024277e-06
2.8475000000e+01 9.6928820189e-09 5.1358332520e-06
2.8480000000e+01 9.4215396866e-09 5.1410819510e-06
2.8485000000e+01 8.6203641947e-09 5.1393425192e-06
2.8490000000e+01 7.4485567378e-09 5.1320429836e-06
2.8495000000e+01 6.1550083872e-09 5.1212531058e-06
2.8500000000e+01 5.0333503069e-09 5.1092474626e-06
2.8505000000e+01 4.3462155411e-09 5.0979993789e-06
2.8510000000e+01 4.2483792871e-09 5.0887246127e-06
2.8515000000e+01 4.7467555204e-09 5.0816028480e-06
2.8520000000e+01 5.7120123663e-09 5.0757555405e-06
2.8525000000e+01 6.9243726478e-09 5.0694725073e-06
2.8530000000e+01 8.1248137748e-09 5.0606085568e-06
2.8535000000e+01 9.0580367774e-09 5.0470492343e-06
2.8540000000e+01 9.5133488160e-09 5.0271598722e-06
2.8545000000e+01 9.3705867082e-09 5.0001482405e-06
2.8550000000e+01 8.6406351868e-09 4.9662707750e-06
2.8555000000e+01 7.4760660011e-09 4.9268166211e-06
2.8560000000e+01 6.1359259949e-09 4.8838449362e-06
2.8565000000e+01 4.9148445943e-09 4.8397285545e-06
2.8570000000e+01 4.0671319231e-09 4.7966282534e-06
2.8575000000e+01 3.7540629368e-09 4.7560393241e-06
2.8580000000e+01 4.0222233537e-09 4.7185095580e-06
2.8585000000e+01 4.8031888366e-09 4.6835636486e-06
2.8590000000e+01 5.9245684292e-09 4.6498266526e-06
2.8595000000e+01 7.1345232010e-09 4.6153247565e-06
2.8600000000e+01 8.1484176146e-09 4.5779258815e-06
2.8605000000e+01 8.7163018367e-09 4.5358434126e-06
2.8610000000e+01 8.6911937003e-09 4.4880818381e-06
2.8615000000e+01 8.0692478972e-09 4.4346969041e-06
2.8620000000e+01 6.9846755700e-09 4.3767971801e-06
2.8625000000e+01 5.6665262160e-09 4.3163018762e-06
2.8630000000e+01 4.3811821153e-09 4.2555376994e-06
2.8635000000e+01 3.3810186394e-09 4.1967745932e-06
2.8640000000e+01 2.8633219981e-09 4.1417829977e-06
2.8645000000e+01 2.9334228410e-09 4.0914813632e-06
2.8650000000e+01 3.5729757890e-09 4.0457447787e-06
2.8655000000e+01 4.6291622519e-09 4.0034389257e-06
2.8660000000e+01 5.8432115172e-09 3.9626981142e-06
2.8665000000e+01 6.9180386525e-09 3.9213876119e-06
2.8670000000e+01 7.5990213528e-09 3.8776236984e-06
2.8675000000e+01 7.7332675401e-09 3.8302135118e-06
2.8680000000e+01 7.2901181129e-09 3.7789215217e-06
2.8685000000e+01 6.3521683743e-09 3.7245304985e-06
2.8690000000e+01 5.0961564184e-09 3.6687039391e-06
2.8695000000e+01 3.7696328535e-09 3.6136724841e-06
2.8700000000e+01 2.6518722029e-09 3.5617861641e-06
2.8705000000e+01 1.9904751228e-09 3.5150140998e-06
2.8710000000e+01 1.9293148336e-09 3.4745131559e-06
2.8715000000e+01 2.4630725761e-09 3.4403870307e-06
2.8720000000e+01 3.4441955903e-09 3.4117011365e-06
2.8725000000e+01 4.6349787765e-09 3.3867347926e-06
2.8730000000e+01 5.7716594092e-09 3.3633891174e-06
2.8735000000e+01 6.6128571406e-09 3.3396521071e-06
2.8740000000e+01 6.9719040746e-09 3.3140365033e-06
2.8745000000e+01 6.7490627215e-09 3.2859191097e-06
2.8750000000e+01 5.9666954071e-09 3.2557119674e-06
2.8755000000e+01 4.7850703805e-09 3.2248078811e-06
2.8760000000e+01 3.4720452137e-09 3.1952893902e-06
2.8765000000e+01 2.3275032173e-09 3.1694639574e-06
2.8770000000e+01 1.5977246528e-09 3.1493490820e-06
2.8775000000e+01 1.4207984323e-09 3.1362413571e-06
2.8780000000e+01 1.8158598438e-09 3.1304616790e-06
2.8785000000e+01 2.6966819790e-09 3.1313094475e-06
2.8790000000e+01 3.8866953119e-09 3.1372170354e-06
2.8795000000e+01 5.1365706637e-09 3.1460761916e-06
2.8800000000e+01 6.1643404287e-09 3.1556883362e-06
2.8805000000e+01 6.7256651779e-09 3.1642559883e-06
2.8810000000e+01 6.6893549437e-09 3.1707986069e-06
2.8815000000e+01 6.0769384366e-09 3.1753772874e-06
2.8820000000e+01 5.0455840005e-09 3.1790656439e-06
2.8825000000e+01 3.8320993749e-09 3.1836854317e-06
2.8830000000e+01 2.6943073337e-09 3.1913895433e-06
2.8835000000e+01 1.8697633704e-09 3.2041945001e-06
2.8840000000e+01 1.5434570832e-09 3.2235502615e-06
2.8845000000e+01 1.8094770692e-09 3.2500175217e-06
2.8850000000e+01 2.6329271167e-09 3.2831159259e-06
2.8855000000e+01 3.8402293334e-09 3.3213941890e-06
2.8860000000e+01 5.1591383433e-09 3.3627302952e-06
2.8865000000e+01 6.2970659683e-09 3.4047995823e-06
2.8870000000e+01 7.0196540048e-09 3.4455875941e-06
2.8875000000e+01 7.1967560284e-09 3.4838126982e-06
2.8880000000e+01 6.8123091329e-09 3.5191656630e-06
2.8885000000e+01 5.9566957630e-09 3.5523363991e-06
2.8890000000e+01 4.8150380383e-09 3.5848430247e-06
2.8895000000e+01 3.6443081394e-09 3.6186970614e-06
2.8900000000e+01 2.7246044127e-09 3.6559538378e-06
2.8905000000e+01 2.2873802992e-09 3.6982285168e-06
2.8910000000e+01 2.4481797479e-09 3.7462920458e-06
2.8915000000e+01 3.1765202767e-09 3.7998615811e-06
2.8920000000e+01 4.3140873604e-09 3.8576468524e-06
2.8925000000e+01 5.6242810498e-09 3.9176301455e-06
2.8930000000e+01 6.8464161448e-09 3.9774917775e-06
2.8935000000e+01 7.7408851513e-09 4.0350757944e-06
2.8940000000e+01 8.1287157076e-09 4.0888097749e-06
2.8945000000e+01 7.9304846683e-09 4.1380130871e-06
2.8950000000e+01 7.1957726422e-09 4.1830338256e-06
2.8955000000e+01 6.1035403902e-09 4.2251650255e-06
2.8960000000e+01 4.9215609885e-09 4.2663332867e-06
2.8965000000e+01 3.9355121087e-09 4.3086250925e-06
2.8970000000e+01 3.3761497518e-09 4.3537776254e-06
2.8975000000e+01 3.3708918101e-09 4.4027695214e-06
2.8980000000e+01 3.9277840782e-09 4.4555999173e-06
2.8985000000e+01 4.9428512516e-09 4.5112793845e-06
2.8990000000e+01 6.2198424147e-09 4.5680138060e-06
2.8995000000e+01 7.5013289189e-09 4.6235468906e-06
2.9000000000e+01 8.5168154816e-09 4.6756125082e-06
2.9005000000e+01 9.0460848955e-09 4.7224150953e-06
2.9010000000e+01 8.9797977475e-09 4.7630220819e-06
2.9015000000e+01 8.3511948786e-09 4.7975554015e-06
2.9020000000e+01 7.3235974994e-09 4.8271267365e-06
2.9025000000e+01 6.1415216204e-09 4.8535455478e-06
2.9030000000e+01 5.0697457533e-09 4.8788907008e-06
2.9035000000e+01 4.3416657503e-09 4.9050491303e-06
2.9040000000e+01 4.1217395894e-09 4.9333048037e-06
2.9045000000e+01 4.4756439205e-09 4.9640428691e-06
2.9050000000e+01 5.3475539715e-09 4.9966291945e-06
2.9055000000e+01 6.5580502856e-09 5.0295124758e-06
2.9060000000e+01 7.8386958718e-09 5.0605496823e-06
2.9065000000e+01 8.9014847311e-09 5.0874836765e-06
2.9070000000e+01 9.5169320064e-09 5.1084454199e-06
2.9075000000e+01 9.5672688821e-09 5.1223497929e-06
2.9080000000e+01 9.0593577806e-09 5.1291020805e-06
2.9085000000e+01 8.1082574185e-09 5.1295938526e-06
2.9090000000e+01 6.9116173884e-09 5.1255069247e-06
2.9095000000e+01 5.7213956914e-09 5.1189608888e-06
2.9100000000e+01 4.8026416053e-09 5.1120574462e-06
2.9105000000e+01 4.3724547870e-09 5.1064072840e-06
2.9110000000e+01 4.5351719999e-09 5.1027543338e-06
2.9115000000e+01 5.2469587138e-09 5.1008039346e-06
2.9120000000e+01 6.3318867624e-09 5.0993033838e-06
2.9125000000e+01 7.5392573227e-09 5.0963431223e-06
2.9130000000e+01 8.6088502708e-09 5.0897890261e-06
2.9135000000e+01 9.3181085005e-09 5.0777434162e-06
2.9140000000e+01 9.5117209454e-09 5.0589497483e-06
2.9145000000e+01 9.1286942432e-09 5.0330742721e-06
2.9150000000e+01 8.2290723223e-09 5.0008069798e-06
2.9155000000e+01 6.9996303747e-09 4.9637415689e-06
2.9160000000e+01 5.7160276527e-09 4.9240402865e-06
2.9165000000e+01 4.6660002849e-09 4.8839565569e-06
2.9170000000e+01 4.0686504848e-09 4.8453398770e-06
2.9175000000e+01 4.0273081561e-09 4.8092503737e-06
2.9180000000e+01 4.5253593230e-09 4.7757652118e-06
2.9185000000e+01 5.4452660908e-09 4.7439983462e-06
2.9190000000e+01 6.5894472664e-09 4.7123122808e-06
2.9195000000e+01 7.7041319621e-09 4.6786805797e-06
2.9200000000e+01 8.5229793352e-09 4.6411431116e-06
2.9205000000e+01 8.8343974534e-09 4.5982684858e-06
2.9210000000e+01 8.5477223172e-09 4.5495137995e-06
2.9215000000e+01 7.7216056060e-09 4.4953805377e-06
2.9220000000e+01 6.5390654042e-09 4.4373203313e-06
2.9225000000e+01 5.2484120339e-09 4.3774225168e-06
2.9230000000e+01 4.1041137011e-09 4.3179746156e-06
2.9235000000e+01 3.3254141756e-09 4.2610015595e-06
2.9240000000e+01 3.0653727520e-09 4.2078707473e-06
2.9245000000e+01 3.3781864588e-09 4.1590272790e-06
2.9250000000e+01 4.1914838740e-09 4.1139109580e-06
2.9255000000e+01 5.3076327288e-09 4.0710896707e-06
2.9260000000e+01 6.4498423077e-09 4.0286013452e-06
2.9265000000e+01 7.3395031625e-09 3.9844323004e-06
2.9270000000e+01 7.7692828843e-09 3.9370077294e-06
2.9275000000e+01 7.6431625288e-09 3.8855660529e-06
2.9280000000e+01 6.9812614510e-09 3.8303354950e-06
2.9285000000e+01 5.9063934886e-09 3.7724953099e-06
2.9290000000e+01 4.6247231294e-09 3.7139490338e-06
2.9295000000e+01 3.3958568237e-09 3.6569553597e-06
2.9300000000e+01 2.4821339369e-09 3.6036747700e-06
2.9305000000e+01 2.0819739501e-09 3.5557149113e-06
2.9310000000e+01 2.2723362519e-09 3.5137825711e-06
2.9315000000e+01 2.9880695949e-09 3.4775424894e-06
2.9320000000e+01 4.0462640599e-09 3.4457273281e-06
2.9325000000e+01 5.1991344216e-09 3.4164625889e-06
2.9330000000e+01 6.1904274468e-09 3.3877105632e-06
2.9335000000e+01 6.8014088286e-09 3.3577256094e-06
2.9340000000e+01 6.8876259889e-09 3.3254362262e-06
2.9345000000e+01 6.4101428046e-09 3.2906941340e-06
2.9350000000e+01 5.4544403052e-09 3.2543418516e-06
2.9355000000e+01 4.2216936306e-09 3.2180653909e-06
2.9360000000e+01 2.9839361594e-09 3.1840416107e-06
2.9365000000e+01 2.0139075519e-09 3.1544557358e-06
2.9370000000e+01 1.5159791192e-09 3.1310161465e-06
2.9375000000e+01 1.5828617068e-09 3.1145939276e-06
2.9380000000e+01 2.1859097440e-09 3.1050638154e-06
2.9385000000e+01 3.1900978923e-09 3.1013582156e-06
2.9390000000e+01 4.3813972654e-09 3.1017040074e-06
2.9395000000e+01 5.5028861293e-09 3.1039966078e-06
2.9400000000e+01 6.3030242043e-09 3.1062531880e-06
2.9405000000e+01 6.5941751312e-09 3.1070605748e-06
2.9410000000e+01 6.3053071357e-09 3.1059090153e-06
2.9415000000e+01 5.5051962735e-09 3.1033141961e-06
2.9420000000e+01 4.3826670323e-09 3.1006895014e-06
2.9425000000e+01 3.1927307200e-09 3.1000107458e-06
2.9430000000e+01 2.1935518479e-09 3.1033708830e-06
2.9435000000e+01 1.5959573647e-09 3.1125299232e-06
2.9440000000e+01 1.5303566235e-09 3.1285419978e-06
2.9445000000e+01 2.0241140525e-09 3.1515189058e-06
2.9450000000e+01 2.9874174817e-09 3.1805785286e-06
2.9455000000e+01 4.2191888533e-09 3.2140085365e-06
2.9460000000e+01 5.4468936807e-09 3.2496299012e-06
2.9465000000e+01 6.3967673331e-09 3.2852798346e-06
2.9470000000e+01 6.8680399417e-09 3.3192874481e-06
2.9475000000e+01 6.7791644329e-09 3.3508196709e-06
2.9480000000e+01 6.1729420448e-09 3.3800256900e-06
2.9485000000e+01 5.1931361242e-09 3.4079699459e-06
2.9490000000e+01 4.0533129662e-09 3.4363839608e-06
2.9495000000e+01 3.0046794235e-09 3.4672842104e-06
2.9500000000e+01 2.2937576132e-09 3.5025182347e-06
2.9505000000e+01 2.1046272135e-09 3.5433263510e-06
2.9510000000e+01 2.5020403788e-09 3.5900254985e-06
2.9515000000e+01 3.4061617354e-09 3.6419061157e-06
2.9520000000e+01 4.6171026384e-09 3.6973740358e-06
2.9525000000e+01 5.8763595514e-09 3.7542934197e-06
2.9530000000e+01 6.9320562372e-09 3.8104345304e-06
2.9535000000e+01 7.5839242914e-09 3.8639217487e-06
2.9540000000e+01 7.7094630850e-09 3.9135983981e-06
2.9545000000e+01 7.2854315564e-09 3.9592481797e-06
2.9550000000e+01 6.4060686417e-09 4.0016281699e-06
2.9555000000e+01 5.2793121579e-09 4.0422898297e-06
2.9560000000e+01 4.1827209512e-09 4.0832090211e-06
2.9565000000e+01 3.3868546965e-09 4.1263059433e-06
2.9570000000e+01 3.0804665968e-09 4.1729784621e-06
2.9575000000e+01 3.3311831644e-09 4.2237682285e-06
2.9580000000e+01 4.0878691419e-09 4.2782305176e-06
2.9585000000e+01 5.2048284857e-09 4.3350173251e-06
2.9590000000e+01 6.4680631111e-09 4.3921402873e-06
2.9595000000e+01 7.6243964230e-09 4.4473607625e-06
2.9600000000e+01 8.4271226803e-09 4.4986413325e-06
2.9605000000e+01 8.6990824287e-09 4.5445727922e-06
2.9610000000e+01 8.3890327726e-09 4.5846751090e-06
2.9615000000e+01 7.5892897215e-09 4.6194860484e-06
2.9620000000e+01 6.5038029393e-09 4.6504073763e-06
2.9625000000e+01 5.3868522985e-09 4.6793531235e-06
2.9630000000e+01 4.4841039812e-09 4.7082979229e-06
2.9635000000e+01 3.9920008565e-09 4.7388330277e-06
2.9640000000e+01 4.0292510103e-09 4.7718143275e-06
2.9645000000e+01 4.6105918475e-09 4.8071591593e-06
2.9650000000e+01 5.6292839046e-09 4.8438310598e-06
2.9655000000e+01 6.8682693904e-09 4.8800313866e-06
2.9660000000e+01 8.0508690602e-09 4.9135754670e-06
2.9665000000e+01 8.9160271254e-09 4.9423729821e-06
2.9670000000e+01 9.2854176193e-09 4.9648892138e-06
2.9675000000e+01 9.0972477465e-09 4.9804672594e-06
2.9680000000e+01 8.4056740302e-09 4.9894416971e-06
2.9685000000e+01 7.3614582172e-09 4.9930387602e-06
2.9690000000e+01 6.1857002860e-09 4.9931020025e-06
2.9695000000e+01 5.1344150640e-09 4.9916991852e-06
2.9700000000e+01 4.4474671586e-09 4.9906755157e-06
2.9705000000e+01 4.2879842888e-09 4.9912366933e-06
2.9710000000e+01 4.6945374813e-09 4.9936614556e-06
2.9715000000e+01 5.5694532845e-09 4.9972288414e-06
2.9720000000e+01 6.7088561679e-09 5.0003877667e-06
2.9725000000e+01 7.8583953033e-09 5.0011198670e-06
2.9730000000e+01 8.7709485548e-09 4.9973935224e-06
2.9735000000e+01 9.2520829778e-09 4.9876009056e-06
2.9740000000e+01 9.1927922465e-09 4.9708969327e-06
2.9745000000e+01 8.5926459063e-09 4.9473875867e-06
2.9750000000e+01 7.5687841253e-09 4.9181311051e-06
2.9755000000e+01 6.3392972894e-09 4.8849342432e-06
2.9760000000e+01 5.1751803943e-09 4.8499679006e-06
2.9765000000e+01 4.3316816421e-09 4.8152857469e-06
2.9770000000e+01 3.9836881853e-09 4.7823712596e-06
2.9775000000e+01 4.1883114394e-09 4.7518310860e-06
2.9780000000e+01 4.8819959033e-09 4.7232988569e-06
2.9785000000e+01 5.9028350622e-09 4.6955491416e-06
2.9790000000e+01 7.0244219838e-09 4.6667803731e-06
2.9795000000e+01 7.9954566786e-09 4.6350113647e-06
2.9800000000e+01 8.5870192699e-09 4.5985262387e-06
2.9805000000e+01 8.6457060085e-09 4.5562828652e-06
2.9810000000e+01 8.1382591477e-09 4.5081848522e-06
2.9815000000e+01 7.1663197818e-09 4.4551354393e-06
2.9820000000e+01 5.9397752252e-09 4.3988520279e-06
2.9825000000e+01 4.7187871810e-09 4.3414954214e-06
2.9830000000e+01 3.7499774578e-09 4.2852164895e-06
2.9835000000e+01 3.2184130522e-09 4.2317256303e-06
2.9840000000e+01 3.2197561354e-09 4.1819637341e-06
2.9845000000e+01 3.7448721162e-09 4.1359268347e-06
2.9850000000e+01 4.6738187565e-09 4.0926803950e-06
2.9855000000e+01 5.7890256130e-09 4.0505774254e-06
2.9860000000e+01 6.8193948315e-09 4.0076504657e-06
2.9865000000e+01 7.5102103677e-09 3.9620901613e-06
2.9870000000e+01 7.6924206425e-09 3.9126864494e-06
2.9875000000e+01 7.3212056388e-09 3.8591196241e-06
2.9880000000e+01 6.4733262723e-09 3.8020416196e-06
2.9885000000e+01 5.3174405093e-09 3.7429491171e-06
2.9890000000e+01 4.0783458979e-09 3.6838897811e-06
2.9895000000e+01 3.0019643969e-09 3.6270591016e-06
2.9900000000e+01 2.3129321303e-09 3.5743567167e-06
2.9905000000e+01 2.1610177175e-09 3.5269887708e-06
2.9910000000e+01 2.5726794669e-09 3.4852130591e-06
2.9915000000e+01 3.4358279697e-09 3.4483020335e-06
2.9920000000e+01 4.5319901353e-09 3.4147396967e-06
2.9925000000e+01 5.6006650453e-09 3.3825972860e-06
2.9930000000e+01 6.4034665419e-09 3.3499864135e-06
2.9935000000e+01 6.7660873441e-09 3.3154845943e-06
2.9940000000e+01 6.6004316488e-09 3.2784532618e-06
2.9945000000e+01 5.9201790576e-09 3.2391962725e-06
2.9950000000e+01 4.8506360637e-09 3.1989269550e-06
2.9955000000e+01 3.6162822890e-09 3.1595359360e-06
2.9960000000e+01 2.4918248509e-09 3.1231941465e-06
2.9965000000e+01 1.7271421648e-09 3.0918779230e-06
2.9970000000e+01 1.4791945170e-09 3.0669368298e-06
2.9975000000e+01 1.7806964239e-09 3.0488143050e-06
2.9980000000e+01 2.5488577868e-09 3.0369799742e-06
2.9985000000e+01 3.6144515841e-09 3.0300708761e-06
2.9990000000e+01 4.7528415490e-09 3.0261967805e-06
2.9995000000e+01 5.7172872324e-09 3.0233473409e-06
3.0000000000e+01 6.2852053757e-09 3.0198298556e-06
3.0005000000e+01 6.3158630851e-09 3.0146533834e-06
3.0010000000e+01 5.7966936544e-09 3.0077674590e-06
3.0015000000e+01 4.8508238756e-09 3.0000842782e-06
3.0020000000e+01 3.6991134445e-09 2.9932698929e-06
3.0025000000e+01 2.5974403215e-09 2.9893604049e-06
3.0030000000e+01 1.7786702556e-09 2.9903064668e-06
3.0035000000e+01 1.4136790439e-09 2.9975534278e-06
3.0040000000e+01 1.5862625793e-09 3.0117368306e-06
3.0045000000e+01 2.2739134932e-09 3.0325412380e-06
3.0050000000e+01 3.3401126885e-09 3.0587487048e-06
3.0055000000e+01 4.5540539827e-09 3.0884809713e-06
3.0060000000e+01 5.6444902596e-09 3.1196002227e-06
3.0065000000e+01 6.3719126059e-09 3.1501819426e-06
3.0070000000e+01 6.5892326036e-09 3.1789392425e-06
3.0075000000e+01 6.2691213651e-09 3.2054886683e-06
3.0080000000e+01 5.4978008802e-09 3.2304008735e-06
3.0085000000e+01 4.4498916041e-09 3.2550437667e-06
3.0090000000e+01 3.3560793642e-09 3.2812679226e-06
3.0095000000e+01 2.4637117153e-09 3.3109984925e-06
3.0100000000e+01 1.9868406363e-09 3.3458035474e-06
3.0105000000e+01 2.0524061575e-09 3.3865208076e-06
3.0110000000e+01 2.6619985476e-09 3.4330329232e-06
3.0115000000e+01 3.6885777334e-09 3.4842609923e-06
3.0120000000e+01 4.9116533189e-09 3.5383878044e-06
3.0125000000e+01 6.0752659274e-09 3.5932503591e-06
3.0130000000e+01 6.9460298644e-09 3.6467950693e-06
3.0135000000e+01 7.3567867840e-09 3.6974888599e-06
3.0140000000e+01 7.2343158230e-09 3.7446101992e-06
3.0145000000e+01 6.6142662772e-09 3.7883759764e-06
3.0150000000e+01 5.6410179914e-09 3.8298800511e-06
3.0155000000e+01 4.5443420061e-09 3.8708406220e-06
3.0160000000e+01 3.5891768194e-09 3.9131937318e-06
3.0165000000e+01 3.0092087760e-09 3.9586224071e-06
3.0170000000e+01 2.9473725914e-09 4.0081432485e-06
3.0175000000e+01 3.4249496021e-09 4.0618575580e-06
3.0180000000e+01 4.3457230534e-09 4.1189179861e-06
3.0185000000e+01 5.5251093165e-09 4.1776985227e-06
3.0190000000e+01 6.7292772064e-09 4.2361166308e-06
3.0195000000e+01 7.7168566110e-09 4.2920437300e-06
3.0200000000e+01 8.2841791602e-09 4.3437339125e-06
3.0205000000e+01 8.3125692344e-09 4.3901878058e-06
3.0210000000e+01 7.8048267569e-09 4.4313618684e-06
3.0215000000e+01 6.8916885870e-09 4.4681576312e-06
3.0220000000e+01 5.7988052192e-09 4.5021855975e-06
3.0225000000e+01 4.7856617737e-09 4.5353682885e-06
3.0230000000e+01 4.0822634662e-09 4.5694886829e-06
3.0235000000e+01 3.8447161468e-09 4.6057879545e-06
3.0240000000e+01 4.1331645810e-09 4.6446863079e-06
3.0245000000e+01 4.9035355606e-09 4.6856705447e-06
3.0250000000e+01 6.0091001510e-09 4.7273714903e-06
3.0255000000e+01 7.2201440215e-09 4.7678302149e-06
3.0260000000e+01 8.2713770275e-09 4.8049104586e-06
3.0265000000e+01 8.9304073764e-09 4.8367652732e-06
3.0270000000e+01 9.0611330003e-09 4.8622384736e-06
3.0275000000e+01 8.6542002241e-09 4.8810989343e-06
3.0280000000e+01 7.8167817481e-09 4.8940606497e-06
3.0285000000e+01 6.7373344564e-09 4.9026018212e-06
3.0290000000e+01 5.6462135560e-09 4.9086345288e-06
3.0295000000e+01 4.7787936722e-09 4.9140909836e-06
3.0300000000e+01 4.3339488451e-09 4.9204996787e-06
3.0305000000e+01 4.4254752178e-09 4.9286350554e-06
3.0310000000e+01 5.0424478999e-09 4.9383263814e-06
3.0315000000e+01 6.0436581308e-09 4.9484850795e-06
3.0320000000e+01 7.1964545260e-09 4.9573514532e-06
3.0325000000e+01 8.2428366982e-09 4.9628958015e-06
3.0330000000e+01 8.9614856594e-09 4.9632689867e-06
3.0335000000e+01 9.2060111457e-09 4.9571987757e-06
3.0340000000e+01 8.9225696111e-09 4.9442573381e-06
3.0345000000e+01 8.1592497112e-09 4.9249573255e-06
3.0350000000e+01 7.0678319546e-09 4.9006579328e-06
3.0355000000e+01 5.8836318452e-09 4.8732878307e-06
3.0360000000e+01 4.8730790947e-09 4.8449308293e-06
3.0365000000e+01 4.2614854750e-09 4.8173652485e-06
3.0370000000e+01 4.1723337341e-09 4.7916731090e-06
3.0375000000e+01 4.6039735394e-09 4.7680187088e-06
3.0380000000e+01 5.4444748741e-09 4.7456427377e-06
3.0385000000e+01 6.5051831939e-09 4.7230569847e-06
3.0390000000e+01 7.5558278257e-09 4.6983843304e-06
3.0395000000e+01 8.3608483168e-09 4.6697740161e-06
3.0400000000e+01 8.7249146732e-09 4.6358177553e-06
3.0405000000e+01 8.5443079490e-09 4.5958859679e-06
3.0410000000e+01 7.8431387910e-09 4.5503031981e-06
3.0415000000e+01 6.7715149641e-09 4.5003069275e-06
3.0420000000e+01 5.5625373784e-09 4.4477902029e-06
3.0425000000e+01 4.4689799047e-09 4.3948941924e-06
3.0430000000e+01 3.7068866628e-09 4.3435576206e-06
3.0435000000e+01 3.4190850584e-09 4.2951282716e-06
3.0440000000e+01 3.6543670228e-09 4.2501098938e-06
3.0445000000e+01 4.3556105639e-09 4.2080827018e-06
3.0450000000e+01 5.3612786950e-09 4.1678109782e-06
3.0455000000e+01 6.4323636146e-09 4.1275279416e-06
3.0460000000e+01 7.3079866438e-09 4.0853516905e-06
3.0465000000e+01 7.7736557350e-09 4.0397416490e-06
3.0470000000e+01 7.7151768573e-09 3.9898793817e-06
3.0475000000e+01 7.1393486349e-09 3.9358749120e-06
3.0480000000e+01 6.1620348918e-09 3.8787554067e-06
3.0485000000e+01 4.9775001182e-09 3.8202560434e-06
3.0490000000e+01 3.8209992686e-09 3.7624725369e-06
3.0495000000e+01 2.9268926324e-09 3.7074464040e-06
3.0500000000e+01 2.4811118432e-09 3.6567556630e-06
3.0505000000e+01 2.5746229344e-09 3.6111894775e-06
3.0510000000e+01 3.1744957221e-09 3.5705862635e-06
3.0515000000e+01 4.1284334143e-09 3.5338892970e-06
3.0520000000e+01 5.2044733306e-09 3.4994159969e-06
3.0525000000e+01 6.1505120914e-09 3.4652705832e-06
3.0530000000e+01 6.7516927901e-09 3.4297908655e-06
3.0535000000e+01 6.8710861673e-09 3.3919254104e-06
3.0540000000e+01 6.4715835237e-09 3.3514717610e-06
3.0545000000e+01 5.6227015123e-09 3.3091411013e-06
3.0550000000e+01 4.4921942118e-09 3.2664375845e-06
3.0555000000e+01 3.3171538419e-09 3.2253634237e-06
3.0560000000e+01 2.3525967978e-09 3.1879982953e-06
3.0565000000e+01 1.8080124063e-09 3.1560462279e-06
3.0570000000e+01 1.7935853793e-09 3.1304663316e-06
3.0575000000e+01 2.2962729327e-09 3.1112826271e-06
3.0580000000e+01 3.1910296526e-09 3.0976105512e-06
3.0585000000e+01 4.2760537435e-09 3.0878763895e-06
3.0590000000e+01 5.3159167297e-09 3.0801694017e-06
3.0595000000e+01 6.0840875305e-09 3.0726561290e-06
3.0600000000e+01 6.4052529138e-09 3.0639838732e-06
3.0605000000e+01 6.1963773134e-09 3.0535940665e-06
3.0610000000e+01 5.4950484973e-09 3.0418672996e-06
3.0615000000e+01 4.4579521851e-09 3.0300505596e-06
3.0620000000e+01 3.3221470660e-09 3.0199763052e-06
3.0625000000e+01 2.3419551682e-09 3.0136467921e-06
3.0630000000e+01 1.7273703589e-09 3.0127917859e-06
3.0635000000e+01 1.6041575263e-09 3.0185004283e-06
3.0640000000e+01 1.9979299020e-09 3.0309947042e-06
3.0645000000e+01 2.8328180102e-09 3.0495785445e-06
3.0650000000e+01 3.9399957163e-09 3.0727727412e-06
3.0655000000e+01 5.0829840015e-09 3.0986205326e-06
3.0660000000e+01 6.0073400337e-09 3.1251107031e-06
3.0665000000e+01 6.5066201547e-09 3.1506235831e-06
3.0670000000e+01 6.4790652533e-09 3.1742867309e-06
3.0675000000e+01 5.9497284969e-09 3.1961500725e-06
3.0680000000e+01 5.0530805701e-09 3.2171462514e-06
3.0685000000e+01 3.9930007440e-09 3.2388608342e-06
3.0690000000e+01 3.0007094522e-09 3.2631732630e-06
3.0695000000e+01 2.2969921403e-09 3.2918412558e-06
3.0700000000e+01 2.0524807032e-09 3.3261041378e-06
3.0705000000e+01 2.3447842149e-09 3.3663839433e-06
3.0710000000e+01 3.1278268032e-09 3.4121579987e-06
3.0715000000e+01 4.2354152116e-09 3.4620465463e-06
3.0720000000e+01 5.4256894202e-09 3.5141023373e-06
3.0725000000e+01 6.4478138949e-09 3.5662287171e-06
3.0730000000e+01 7.1010057293e-09 3.6166192223e-06
3.0735000000e+01 7.2684659934e-09 3.6641181317e-06
3.0740000000e+01 6.9301019746e-09 3.7084342882e-06
3.0745000000e+01 6.1656260612e-09 3.7501759366e-06
3.0750000000e+01 5.1486405370e-09 3.7907011456e-06
3.0755000000e+01 4.1198525660e-09 3.8318041425e-06
3.0760000000e+01 3.3325758037e-09 3.8752928953e-06
3.0765000000e+01 2.9844297777e-09 3.9225509686e-06
3.0770000000e+01 3.1644684382e-09 3.9741937648e-06
3.0775000000e+01 3.8378041687e-09 4.0299071862e-06
3.0780000000e+01 4.8662217513e-09 4.0885017426e-06
3.0785000000e+01 6.0457560099e-09 4.1481553752e-06
3.0790000000e+01 7.1451323200e-09 4.2067804116e-06
3.0795000000e+01 7.9439463529e-09 4.2624387200e-06
3.0800000000e+01 8.2761886143e-09 4.3137295526e-06
3.0805000000e+01 8.0745997528e-09 4.3600746274e-06
3.0810000000e+01 7.3969706804e-09 4.4018311132e-06
3.0815000000e+01 6.4157990198e-09 4.4401919182e-06
3.0820000000e+01 5.3712347310e-09 4.4768876947e-06
3.0825000000e+01 4.5079506674e-09 4.5137652783e-06
3.0830000000e+01 4.0210556525e-09 4.5523513432e-06
3.0835000000e+01 4.0228877808e-09 4.5935025840e-06
3.0840000000e+01 4.5271805072e-09 4.6372079389e-06
3.0845000000e+01 5.4446403905e-09 4.6825704823e-06
3.0850000000e+01 6.5928826739e-09 4.7279699704e-06
3.0855000000e+01 7.7292405383e-09 4.7713835059e-06
3.0860000000e+01 8.6068328220e-09 4.8108088719e-06
3.0865000000e+01 9.0381563333e-09 4.8446978791e-06
3.0870000000e+01 8.9419763684e-09 4.8722897861e-06
3.0875000000e+01 8.3572887669e-09 4.8937580081e-06
3.0880000000e+01 7.4257002547e-09 4.9101406567e-06
3.0885000000e+01 6.3557146714e-09 4.9230864225e-06
3.0890000000e+01 5.3813382259e-09 4.9344836626e-06
3.0895000000e+01 4.7191387884e-09 4.9460488280e-06
3.0900000000e+01 4.5242542200e-09 4.9589477756e-06
3.0905000000e+01 4.8514738426e-09 4.9735233279e-06
3.0910000000e+01 5.6352369099e-09 4.9891969742e-06
3.0915000000e+01 6.7013198907e-09 5.0045832805e-06
3.0920000000e+01 7.8104019303e-09 5.0177989705e-06
3.0925000000e+01 8.7183602353e-09 5.0268881294e-06
3.0930000000e+01 9.2319930239e-09 5.0302534493e-06
3.0935000000e+01 9.2457095584e-09 5.0269944463e-06
3.0940000000e+01 8.7570576128e-09 5.0170911782e-06
3.0945000000e+01 7.8656680753e-09 5.0014090249e-06
3.0950000000e+01 6.7575787642e-09 4.9815250458e-06
3.0955000000e+01 5.6719194189e-09 4.9593997389e-06
3.0960000000e+01 4.8492462898e-09 4.9369520062e-06
3.0965000000e+01 4.4717677915e-09 4.9156321079e-06
3.0970000000e+01 4.6158476559e-09 4.8961018321e-06
3.0975000000e+01 5.2353682942e-09 4.8781044686e-06
3.0980000000e+01 6.1798338257e-09 4.8605487636e-06
3.0985000000e+01 7.2349057511e-09 4.8417721186e-06
3.0990000000e+01 8.1682960148e-09 4.8199148565e-06
3.0995000000e+01 8.7719216518e-09 4.7933300651e-06
3.1000000000e+01 8.9005522530e-09 4.7609551825e-06
3.1005000000e+01 8.5063545113e-09 4.7225715832e-06
3.1010000000e+01 7.6591815213e-09 4.6788862611e-06
3.1015000000e+01 6.5374988497e-09 4.6314019401e-06
3.1020000000e+01 5.3847736284e-09 4.5820988385e-06
3.1025000000e+01 4.4454478166e-09 4.5330087890e-06
3.1030000000e+01 3.9062008225e-09 4.4857901536e-06
3.1035000000e+01 3.8613262986e-09 4.4413996091e-06
3.1040000000e+01 4.3031287187e-09 4.3999205478e-06
3.1045000000e+01 5.1272024619e-09 4.3605718108e-06
3.1050000000e+01 6.1472678216e-09 4.3218942047e-06
3.1055000000e+01 7.1251954346e-09 4.2820868910e-06
3.1060000000e+01 7.8218991788e-09 4.2394320379e-06
3.1065000000e+01 8.0597699770e-09 4.1927125632e-06
3.1070000000e+01 7.7720083402e-09 4.1415173366e-06
3.1075000000e+01 7.0163846673e-09 4.0863560644e-06
3.1080000000e+01 5.9512199992e-09 4.0285625655e-06
3.1085000000e+01 4.7914627292e-09 3.9700219210e-06
3.1090000000e+01 3.7648606022e-09 3.9127905251e-06
3.1095000000e+01 3.0742196965e-09 3.8586866387e-06
3.1100000000e+01 2.8603592008e-09 3.8089269603e-06
3.1105000000e+01 3.1655241188e-09 3.7638815797e-06
3.1110000000e+01 3.9116952961e-09 3.7230084504e-06
3.1115000000e+01 4.9125859664e-09 3.6849957024e-06
3.1120000000e+01 5.9225581123e-09 3.6480858483e-06
3.1125000000e+01 6.7028041947e-09 3.6105015086e-06
3.1130000000e+01 7.0765898765e-09 3.5708652809e-06
3.1135000000e+01 6.9583748307e-09 3.5285179191e-06
3.1140000000e+01 6.3613424333e-09 3.4836754332e-06
3.1145000000e+01 5.3942374994e-09 3.4374038583e-06
3.1150000000e+01 4.2483506304e-09 3.3914189451e-06
3.1155000000e+01 3.1652586352e-09 3.3477430893e-06
3.1160000000e+01 2.3816078088e-09 3.3082823935e-06
3.1165000000e+01 2.0657199168e-09 3.2744170079e-06
3.1170000000e+01 2.2728425514e-09 3.2467074310e-06
3.1175000000e+01 2.9374726338e-09 3.2247925450e-06
3.1180000000e+01 3.8993110749e-09 3.2074991787e-06
3.1185000000e+01 4.9443141232e-09 3.1931252621e-06
3.1190000000e+01 5.8456332267e-09 3.1798241313e-06
3.1195000000e+01 6.4024936109e-09 3.1660100462e-06
3.1200000000e+01 6.4805948922e-09 3.1507102566e-06
3.1205000000e+01 6.0489251579e-09 3.1337949422e-06
3.1210000000e+01 5.1965095944e-09 3.1160279145e-06
3.1215000000e+01 4.1144938328e-09 3.0989122643e-06
3.1220000000e+01 3.0460189257e-09 3.0843582190e-06
3.1225000000e+01 2.2240554976e-09 3.0742549675e-06
3.1230000000e+01 1.8203060168e-09 3.0700552533e-06
3.1235000000e+01 1.9159807332e-09 3.0724685132e-06
3.1240000000e+01 2.4914809442e-09 3.0813191189e-06
3.1245000000e+01 3.4293429607e-09 3.0955863404e-06
3.1250000000e+01 4.5316910578e-09 3.1136149392e-06
3.1255000000e+01 5.5575470711e-09 3.1334625523e-06
3.1260000000e+01 6.2781969413e-09 3.1533210611e-06
3.1265000000e+01 6.5354939974e-09 3.1719191035e-06
3.1270000000e+01 6.2815516429e-09 3.1888035157e-06
3.1275000000e+01 5.5859845058e-09 3.2044257874e-06
3.1280000000e+01 4.6127701945e-09 3.2200176366e-06
3.1285000000e+01 3.5800821955e-09 3.2372981132e-06
3.1290000000e+01 2.7160562529e-09 3.2580871409e-06
3.1295000000e+01 2.2161250568e-09 3.2839048768e-06
3.1300000000e+01 2.2034800069e-09 3.3156294207e-06
3.1305000000e+01 2.6979247535e-09 3.3532796430e-06
3.1310000000e+01 3.6043372443e-09 3.3959787233e-06
3.1315000000e+01 4.7308093311e-09 3.4421218617e-06
3.1320000000e+01 5.8353540973e-09 3.4897172471e-06
3.1325000000e+01 6.6861630298e-09 3.5368152476e-06
3.1330000000e+01 7.1146978715e-09 3.5819166045e-06
3.1335000000e+01 7.0475257549e-09 3.6242667451e-06
3.1340000000e+01 6.5151675978e-09 3.6639836631e-06
3.1345000000e+01 5.6436251607e-09 3.7020054962e-06
3.1350000000e+01 4.6324072860e-09 3.7398702072e-06
3.1355000000e+01 3.7179036543e-09 3.7793626007e-06
3.1360000000e+01 3.1223613722e-09 3.8220936841e-06
3.1365000000e+01 2.9984329010e-09 3.8691067227e-06
3.1370000000e+01 3.3884159286e-09 3.9206106998e-06
3.1375000000e+01 4.2150461748e-09 3.9759105101e-06
3.1380000000e+01 5.3060926088e-09 4.0335448471e-06
3.1385000000e+01 6.4392524992e-09 4.0915868781e-06
3.1390000000e+01 7.3896158237e-09 4.1480328690e-06
3.1395000000e+01 7.9704004106e-09 4.2011999972e-06
3.1400000000e+01 8.0672995726e-09 4.2500606540e-06
3.1405000000e+01 7.6663359606e-09 4.2944465885e-06
3.1410000000e+01 6.8662853777e-09 4.3350698478e-06
3.1415000000e+01 5.8626002173e-09 4.3733420315e-06
3.1420000000e+01 4.8998307859e-09 4.4110273237e-06
3.1425000000e+01 4.2078005752e-09 4.4498155526e-06
3.1430000000e+01 3.9467135469e-09 4.4909224098e-06
3.1435000000e+01 4.1783784727e-09 4.5348068416e-06
3.1440000000e+01 4.8629607744e-09 4.5810565227e-06
3.1445000000e+01 5.8704629351e-09 4.6284543098e-06
3.1450000000e+01 7.0011649867e-09 4.6752109416e-06
3.1455000000e+01 8.0194352153e-09 4.7193248251e-06
3.1460000000e+01 8.7047589800e-09 4.7590008833e-06
3.1465000000e+01 8.9097146247e-09 4.7930346942e-06
3.1470000000e+01 8.6014947671e-09 4.8210651337e-06
3.1475000000e+01 7.8674587093e-09 4.8436306407e-06
3.1480000000e+01 6.8851404848e-09 4.8620206266e-06
3.1485000000e+01 5.8752888852e-09 4.8779676492e-06
3.1490000000e+01 5.0571771234e-09 4.8932561241e-06
3.1495000000e+01 4.6117713060e-09 4.9093281913e-06
3.1500000000e+01 4.6481493241e-09 4.9269603577e-06
3.1505000000e+01 5.1736429990e-09 4.9460753760e-06
3.1510000000e+01 6.0809295153e-09 4.9657375339e-06
3.1515000000e+01 7.1676179878e-09 4.9843451296e-06
3.1520000000e+01 8.1884786648e-09 4.9999826379e-06
3.1525000000e+01 8.9200809436e-09 5.0108468449e-06
3.1530000000e+01 9.2115748995e-09 5.0156408654e-06
3.1535000000e+01 9.0086181314e-09 5.0138464253e-06
3.1540000000e+01 8.3555247976e-09 5.0058243886e-06
3.1545000000e+01 7.3859881211e-09 4.9927336168e-06
3.1550000000e+01 6.3036739855e-09 4.9762874310e-06
3.1555000000e+01 5.3457009629e-09 4.9583903710e-06
3.1560000000e+01 4.7279851804e-09 4.9407237387e-06
3.1565000000e+01 4.5875718709e-09 4.9243714331e-06
3.1570000000e+01 4.9461462443e-09 4.9095800485e-06
3.1575000000e+01 5.7097223038e-09 4.8957161763e-06
3.1580000000e+01 6.6994513728e-09 4.8814276619e-06
3.1585000000e+01 7.6955461579e-09 4.8649605301e-06
3.1590000000e+01 8.4798362159e-09 4.8445527426e-06
3.1595000000e+01 8.8742153299e-09 4.8188227705e-06
3.1600000000e+01 8.7769488277e-09 4.7870809677e-06
3.1605000000e+01 8.1916356189e-09 4.7495030486e-06
3.1610000000e+01 7.2349196167e-09 4.7071211522e-06
3.1615000000e+01 6.1119991341e-09 4.6616208894e-06
3.1620000000e+01 5.0644017280e-09 4.6149831394e-06
3.1625000000e+01 4.3095240723e-09 4.5690576973e-06
3.1630000000e+01 3.9931738840e-09 4.5251758849e-06
3.1635000000e+01 4.1649553867e-09 4.4838908660e-06
3.1640000000e+01 4.7738263983e-09 4.4448923312e-06
3.1645000000e+01 5.6781228693e-09 4.4071010382e-06
3.1650000000e+01 6.6695160675e-09 4.3689207269e-06
3.1655000000e+01 7.5134816598e-09 4.3286037134e-06
3.1660000000e+01 8.0028981412e-09 4.2846619437e-06
3.1665000000e+01 8.0105541155e-09 4.2362323398e-06
3.1670000000e+01 7.5215439089e-09 4.1833032308e-06
3.1675000000e+01 6.6338813465e-09 4.1267413435e-06
3.1680000000e+01 5.5301600153e-09 4.0681167095e-06
3.1685000000e+01 4.4336630988e-09 4.0093777540e-06
3.1690000000e+01 3.5624527276e-09 3.9524570497e-06
3.1695000000e+01 3.0882034833e-09 3.8988886507e-06
3.1700000000e+01 3.1018517832e-09 3.8495067684e-06
3.1705000000e+01 3.5902148790e-09 3.8042846970e-06
3.1710000000e+01 4.4323700072e-09 3.7623569158e-06
3.1715000000e+01 5.4235018223e-09 3.7222333530e-06
3.1720000000e+01 6.3239686271e-09 3.6821634626e-06
3.1725000000e+01 6.9186691631e-09 3.6405604301e-06
3.1730000000e+01 7.0665997643e-09 3.5963788259e-06
3.1735000000e+01 6.7271381086e-09 3.5493602770e-06
3.1740000000e+01 5.9620968645e-09 3.5001043730e-06
3.1745000000e+01 4.9204202796e-09 3.4499617016e-06
3.1750000000e+01 3.8109350807e-09 3.4007726376e-06
3.1755000000e+01 2.8634695722e-09 3.3544970302e-06
3.1760000000e+01 2.2793254777e-09 3.3128050113e-06
3.1765000000e+01 2.1807465805e-09 3.2767209013e-06
3.1770000000e+01 2.5772304494e-09 3.2464111975e-06
3.1775000000e+01 3.3637176431e-09 3.2211724366e-06
3.1780000000e+01 4.3511292622e-09 3.1996170873e-06
3.1785000000e+01 5.3146136230e-09 3.1800033518e-06
3.1790000000e+01 6.0414377229e-09 3.1606287995e-06
3.1795000000e+01 6.3693826929e-09 3.1402075425e-06
3.1800000000e+01 6.2162794129e-09 3.1181611606e-06
3.1805000000e+01 5.6010856104e-09 3.0947651389e-06
3.1810000000e+01 4.6487453735e-09 3.0711109188e-06
3.1815000000e+01 3.5677796825e-09 3.0488794193e-06
3.1820000000e+01 2.5997252768e-09 3.0299722048e-06
3.1825000000e+01 1.9566024459e-09 3.0160904132e-06
3.1830000000e+01 1.7707223759e-09 3.0083656885e-06
3.1835000000e+01 2.0721375753e-09 3.0071258025e-06
3.1840000000e+01 2.7916428386e-09 3.0118362092e-06
3.1845000000e+01 3.7779729475e-09 3.0212193857e-06
3.1850000000e+01 4.8230816232e-09 3.0335257915e-06
3.1855000000e+01 5.6987672362e-09 3.0469077195e-06
3.1860000000e+01 6.2068012295e-09 3.0598236545e-06
3.1865000000e+01 6.2316290717e-09 3.0713825133e-06
3.1870000000e+01 5.7738008239e-09 3.0815409181e-06
3.1875000000e+01 4.9476531728e-09 3.0911017830e-06
3.1880000000e+01 3.9460885951e-09 3.1015181460e-06
3.1885000000e+01 2.9914513375e-09 3.1145570932e-06
3.1890000000e+01 2.2908362244e-09 3.1319048386e-06
3.1895000000e+01 2.0009847194e-09 3.1547947163e-06
3.1900000000e+01 2.1988468911e-09 3.1837280279e-06
3.1905000000e+01 2.8587420710e-09 3.2183432039e-06
3.1910000000e+01 3.8478716756e-09 3.2574683579e-06
3.1915000000e+01 4.9525385754e-09 3.2993573146e-06
3.1920000000e+01 5.9325338966e-09 3.3420615479e-06
3.1925000000e+01 6.5832997305e-09 3.3838486030e-06
3.1930000000e+01 6.7816864747e-09 3.4235637623e-06
3.1935000000e+01 6.5044042138e-09 3.4608529338e-06
3.1940000000e+01 5.8247225172e-09 3.4962069446e-06
3.1945000000e+01 4.8973531872e-09 3.5308286765e-06
3.1950000000e+01 3.9334608248e-09 3.5663534360e-06
3.1955000000e+01 3.1611153786e-09 3.6044739946e-06
3.1960000000e+01 2.7723734161e-09 3.6465424092e-06
3.1965000000e+01 2.8719712182e-09 3.6932368333e-06
3.1970000000e+01 3.4490792638e-09 3.7443775396e-06
3.1975000000e+01 4.3839333678e-09 3.7989419119e-06
3.1980000000e+01 5.4829435704e-09 3.8552725134e-06
3.1985000000e+01 6.5248358663e-09 3.9114206911e-06
3.1990000000e+01 7.3039309413e-09 3.9655420687e-06
3.1995000000e+01 7.6670997048e-09 4.0162616165e-06
3.2000000000e+01 7.5451755404e-09 4.0629405975e-06
3.2100000000e+01 6.9739656188e-09 4.1057936661e-06
3.2105000000e+01 6.0935720221e-09 4.1458242679e-06
3.2110000000e+01 5.1183469506e-09 4.1845801823e-06
3.2115000000e+01 4.2835090853e-09 4.2237780248e-06
3.2120000000e+01 3.7870909674e-09 4.2648873790e-06
3.2125000000e+01 3.7467064772e-09 4.3087783245e-06
3.2130000000e+01 4.1800618799e-09 4.3555128105e-06
3.2135000000e+01 5.0065735901e-09 4.4043159615e-06
3.2140000000e+01 6.0640133810e-09 4.4537217506e-06
3.2145000000e+01 7.1378914037e-09 4.5018600972e-06
3.2150000000e+01 8.0038176946e-09 4.5468333788e-06
3.2155000000e+01 8.4783961995e-09 4.5871106152e-06
3.2160000000e+01 8.4655416500e-09 4.6218515776e-06
3.2165000000e+01 7.9815759153e-09 4.6510777229e-06
3.2170000000e+01 7.1494061449e-09 4.6756430303e-06
3.2175000000e+01 6.1654170717e-09 4.6970147921e-06
3.2180000000e+01 5.2526876987e-09 4.7169253137e-06
3.2185000000e+01 4.6145508331e-09 4.7369790094e-06
3.2190000000e+01 4.3959995476e-09 4.7582956586e-06
3.2195000000e+01 4.6550767037e-09 4.7812552705e-06
3.2200000000e+01 5.3471208951e-09 4.8053945386e-06
3.2205000000e+01 6.3284471946e-09 4.8294850115e-06
3.2210000000e+01 7.3851288438e-09 4.8517883829e-06
3.2215000000e+01 8.2836171283e-09 4.8704366910e-06
3.2220000000e+01 8.8283639389e-09 4.8838448870e-06
3.2225000000e+01 8.9070283919e-09 4.8910532222e-06
3.2230000000e+01 8.5107016481e-09 4.8919225930e-06
3.2235000000e+01 7.7292393987e-09 4.8871503810e-06
3.2240000000e+01 6.7298194560e-09 4.8781144175e-06
3.2245000000e+01 5.7254499369e-09 4.8665790525e-06
3.2250000000e+01 4.9348440513e-09 4.8543167449e-06
3.2255000000e+01 4.5351780496e-09 4.8427186200e-06
3.2260000000e+01 4.6170153823e-09 4.8324818663e-06
3.2265000000e+01 5.1579161515e-09 4.8234542258e-06
3.2270000000e+01 6.0278213425e-09 4.8146777551e-06
3.2275000000e+01 7.0248531636e-09 4.8046178792e-06
3.2280000000e+01 7.9258798946e-09 4.7915154825e-06
3.2285000000e+01 8.5337633877e-09 4.7737781899e-06
3.2290000000e+01 8.7126191552e-09 4.7503307467e-06
3.2295000000e+01 8.4121498941e-09 4.7208592256e-06
3.2300000000e+01 7.6819549025e-09 4.6859002388e-06
3.2305000000e+01 6.6692251301e-09 4.6467484211e-06
3.2310000000e+01 5.5907795653e-09 4.6051913562e-06
3.2315000000e+01 4.6805580391e-09 4.5631271817e-06
3.2320000000e+01 4.1294135511e-09 4.5221571549e-06
3.2325000000e+01 4.0403380980e-09 4.4832530886e-06
3.2330000000e+01 4.4123646215e-09 4.4465738818e-06
3.2335000000e+01 5.1495878987e-09 4.4114620918e-06
3.2340000000e+01 6.0835293483e-09 4.3766114599e-06
3.2345000000e+01 7.0024523621e-09 4.3403687345e-06
3.2350000000e+01 7.6898082336e-09 4.3011132420e-06
3.2355000000e+01 7.9724685797e-09 4.2576394653e-06
3.2360000000e+01 7.7674686476e-09 4.2094567568e-06
3.2365000000e+01 7.1072374980e-09 4.1569300927e-06
3.2370000000e+01 6.1298894378e-09 4.1012233907e-06
3.2375000000e+01 5.0395922974e-09 4.0440611485e-06
3.2380000000e+01 4.0561502295e-09 3.9873713413e-06
3.2385000000e+01 3.3711349964e-09 3.9328944057e-06
3.2390000000e+01 3.1152739080e-09 3.8818394200e-06
3.2395000000e+01 3.3337352907e-09 3.8346521441e-06
3.2400000000e+01 3.9704342925e-09 3.7909405260e-06
3.2405000000e+01 4.8714526367e-09 3.7495798194e-06
3.2410000000e+01 5.8168539805e-09 3.7089847146e-06
3.2415000000e+01 6.5760865317e-09 3.6674923908e-06
3.2420000000e+01 6.9668262968e-09 3.6237650513e-06
3.2425000000e+01 6.8952558452e-09 3.5771130425e-06
3.2430000000e+01 6.3688507311e-09 3.5276652759e-06
3.2435000000e+01 5.4876672838e-09 3.4763579373e-06
3.2440000000e+01 4.4237932481e-09 3.4247540252e-06
3.2445000000e+01 3.3916759117e-09 3.3747341290e-06
3.2450000000e+01 2.6067680785e-09 3.3281169196e-06
3.2455000000e+01 2.2354116800e-09 3.2862832376e-06
3.2460000000e+01 2.3503655951e-09 3.2498871386e-06
3.2465000000e+01 2.9106448841e-09 3.2187275198e-06
3.2470000000e+01 3.7745880076e-09 3.1918168315e-06
3.2475000000e+01 4.7386550480e-09 3.1676289580e-06
3.2480000000e+01 5.5850722598e-09 3.1444607172e-06
3.2485000000e+01 6.1249282108e-09 3.1208201789e-06
3.2490000000e+01 6.2326662374e-09 3.0957609130e-06
3.2495000000e+01 5.8719692757e-09 3.0691001975e-06
3.2500000000e+01 5.1089014262e-09 3.0414792130e-06
3.2505000000e+01 4.1036029992e-09 3.0142459221e-06
3.2510000000e+01 3.0757232373e-09 2.9891749060e-06
3.2515000000e+01 2.2507802581e-09 2.9680814918e-06
3.2520000000e+01 1.8051802791e-09 2.9524226520e-06
3.2525000000e+01 1.8277310862e-09 2.9429835277e-06
3.2530000000e+01 2.3056611869e-09 2.9397206929e-06
3.2535000000e+01 3.1323061639e-09 2.9417872718e-06
3.2540000000e+01 4.1297662029e-09 2.9477236151e-06
3.2545000000e+01 5.0825856964e-09 2.9557711896e-06
3.2550000000e+01 5.7808156388e-09 2.9642510189e-06
3.2555000000e+01 6.0673937349e-09 2.9719332438e-06
3.2560000000e+01 5.8779826519e-09 2.9783150586e-06
3.2565000000e+01 5.2588505388e-09 2.9837349239e-06
3.2570000000e+01 4.3549139848e-09 2.9892897140e-06
3.2575000000e+01 3.3724097300e-09 2.9965767439e-06
3.2580000000e+01 2.5301066555e-09 3.0073290298e-06
3.2585000000e+01 2.0134366019e-09 3.0230307158e-06
3.2590000000e+01 1.9393903685e-09 3.0445916494e-06
3.2595000000e+01 2.3340082560e-09 3.0721408709e-06
3.2600000000e+01 3.1239886232e-09 3.1049792920e-06
3.2605000000e+01 4.1469939459e-09 3.1417089947e-06
3.2610000000e+01 5.1845529013e-09 3.1805220458e-06
3.2615000000e+01 6.0134087166e-09 3.2195884718e-06
3.2620000000e+01 6.4605742372e-09 3.2574497503e-06
3.2625000000e+01 6.4434856325e-09 3.2933208441e-06
3.2630000000e+01 5.9838445195e-09 3.3272334184e-06
3.2635000000e+01 5.1964811024e-09 3.3599984527e-06
3.2640000000e+01 4.2625423049e-09 3.3930062947e-06
3.2645000000e+01 3.3947703450e-09 3.4279074820e-06
3.2650000000e+01 2.7970847194e-09 3.4662343163e-06
3.2655000000e+01 2.6203429926e-09 3.5090379136e-06
3.2660000000e+01 2.9231556306e-09 3.5566229440e-06
3.2665000000e+01 3.6528818818e-09 3.6084488597e-06
3.2670000000e+01 4.6578550545e-09 3.6632263117e-06
3.2675000000e+01 5.7276522664e-09 3.7191834712e-06
3.2680000000e+01 6.6449510244e-09 3.7744331324e-06
3.2685000000e+01 7.2311671335e-09 3.8273544597e-06
3.2690000000e+01 7.3779135775e-09 3.8769111244e-06
3.2695000000e+01 7.0658625321e-09 3.9228465340e-06
3.2700000000e+01 6.3724039130e-09 3.9657174793e-06
3.2705000000e+01 5.4626733550e-09 4.0067523583e-06
3.2710000000e+01 4.5568891908e-09 4.0475552827e-06
3.2715000000e+01 3.8769472104e-09 4.0897186648e-06
3.2720000000e+01 3.5894757988e-09 4.1344370491e-06
3.2725000000e+01 3.7670327186e-09 4.1822164205e-06
3.2730000000e+01 4.3785313033e-09 4.2327438401e-06
3.2735000000e+01 5.3039506954e-09 4.2849376454e-06
3.2740000000e+01 6.3612581635e-09 4.3371585187e-06
3.2745000000e+01 7.3389368798e-09 4.3875354563e-06
3.2750000000e+01 8.0352761307e-09 4.4343440271e-06
3.2755000000e+01 8.3037886498e-09 4.4763617178e-06
3.2760000000e+01 8.0934661484e-09 4.5131206797e-06
3.2765000000e+01 7.4658789999e-09 4.5449931484e-06
3.2770000000e+01 6.5786761652e-09 4.5730841272e-06
3.2775000000e+01 5.6423954178e-09 4.5989581532e-06
3.2780000000e+01 4.8696061699e-09 4.6242699240e-06
3.2785000000e+01 4.4326302188e-09 4.6503857527e-06
3.2790000000e+01 4.4341068028e-09 4.6780746462e-06
3.2795000000e+01 4.8874651831e-09 4.7073270258e-06
3.2800000000e+01 5.7083510661e-09 4.7373362337e-06
3.2805000000e+01 6.7253036871e-09 4.7666524173e-06
3.2810000000e+01 7.7160902075e-09 4.7934847074e-06
3.2815000000e+01 8.4630453824e-09 4.8160886574e-06
3.2820000000e+01 8.8078569583e-09 4.8331471356e-06
3.2825000000e+01 8.6860230209e-09 4.8440515265e-06
3.2830000000e+01 8.1338898391e-09 4.8490196326e-06
3.2835000000e+01 7.2746697397e-09 4.8490323565e-06
3.2840000000e+01 6.2929785514e-09 4.8456123510e-06
3.2845000000e+01 5.4014508232e-09 4.8404938018e-06
3.2850000000e+01 4.7987604288e-09 4.8352471026e-06
3.2855000000e+01 4.6232354204e-09 4.8309323207e-06
3.2860000000e+01 4.9155412276e-09 4.8278586027e-06
3.2865000000e+01 5.6063309330e-09 4.8255118745e-06
3.2870000000e+01 6.5351753399e-09 4.8226742376e-06
3.2875000000e+01 7.4924020396e-09 4.8177059808e-06
3.2880000000e+01 8.2674987576e-09 4.8089179948e-06
3.2885000000e+01 8.6911350433e-09 4.7949462865e-06
3.2890000000e+01 8.6663283503e-09 4.7750507438e-06
3.2895000000e+01 8.1883511709e-09 4.7492831060e-06
3.2900000000e+01 7.3502487477e-09 4.7184924354e-06
3.2905000000e+01 6.3277532355e-09 4.6841609927e-06
3.2910000000e+01 5.3412291803e-09 4.6480960755e-06
3.2915000000e+01 4.6026368934e-09 4.6120419978e-06
3.2920000000e+01 4.2642402948e-09 4.5773047999e-06
3.2925000000e+01 4.3853255318e-09 4.5444822158e-06
3.2930000000e+01 4.9239841572e-09 4.5133598225e-06
3.2935000000e+01 5.7507116651e-09 4.4829873763e-06
3.2940000000e+01 6.6763506238e-09 4.4519088573e-06
3.2945000000e+01 7.4889290773e-09 4.4184956585e-06
3.2950000000e+01 7.9963141575e-09 4.3813192817e-06
3.2955000000e+01 8.0693932968e-09 4.3394902103e-06
3.2960000000e+01 7.6752480158e-09 4.2928866052e-06
3.2965000000e+01 6.8879836150e-09 4.2422123622e-06
3.2970000000e+01 5.8710359666e-09 4.1888645281e-06
3.2975000000e+01 4.8362773063e-09 4.1346429182e-06
3.2980000000e+01 3.9941564172e-09 4.0813762789e-06
3.2985000000e+01 3.5094352552e-09 4.0305528303e-06
3.2990000000e+01 3.4703440990e-09 3.9830308847e-06
3.2995000000e+01 3.8723725760e-09 3.9388824164e-06
3.3000000000e+01 4.6168645732e-09 3.8973996278e-06
3.3005000000e+01 5.5272257321e-09 3.8572696134e-06
3.3010000000e+01 6.3851035723e-09 3.8168887424e-06
3.3015000000e+01 6.9816176270e-09 3.7747500121e-06
3.3020000000e+01 7.1690647524e-09 3.7298103606e-06
3.3025000000e+01 6.8954404217e-09 3.6817478029e-06
3.3030000000e+01 6.2117448309e-09 3.6310512611e-06
3.3035000000e+01 5.2547767550e-09 3.5789321103e-06
3.3040000000e+01 4.2157877780e-09 3.5270853899e-06
3.3045000000e+01 3.3035227956e-09 3.4773521485e-06
3.3050000000e+01 2.7044023690e-09 3.4313477666e-06
3.3055000000e+01 2.5419392733e-09 3.3901304111e-06
3.3060000000e+01 2.8437797353e-09 3.3539848159e-06
3.3065000000e+01 3.5300340230e-09 3.3223782476e-06
3.3070000000e+01 4.4318436569e-09 3.2941042674e-06
3.3075000000e+01 5.3352444552e-09 3.2675786811e-06
3.3080000000e+01 6.0332976327e-09 3.2412130279e-06
3.3085000000e+01 6.3692510249e-09 3.2137787216e-06
3.3090000000e+01 6.2636547767e-09 3.1846869431e-06
3.3095000000e+01 5.7275849981e-09 3.1541321821e-06
3.3100000000e+01 4.8638696967e-09 3.1230714074e-06
3.3105000000e+01 3.8520482288e-09 3.0930373979e-06
3.3110000000e+01 2.9119260861e-09 3.0658183298e-06
3.3115000000e+01 2.2503065637e-09 3.0430718810e-06
3.3120000000e+01 2.0081438177e-09 3.0259654830e-06
3.3125000000e+01 2.2281039592e-09 3.0149300549e-06
3.3130000000e+01 2.8514392855e-09 3.0095819853e-06
3.3135000000e+01 3.7379636792e-09 3.0088227475e-06
3.3140000000e+01 4.6968673808e-09 3.0110863955e-06
3.3145000000e+01 5.5216034569e-09 3.0146809828e-06
3.3150000000e+01 6.0290676008e-09 3.0181570353e-06
3.3155000000e+01 6.1013768995e-09 3.0206291736e-06
3.3160000000e+01 5.7192586909e-09 3.0219786078e-06
3.3165000000e+01 4.9712509894e-09 3.0228835687e-06
3.3170000000e+01 4.0311144596e-09 3.0246649494e-06
3.3175000000e+01 3.1119550099e-09 3.0289840875e-06
3.3180000000e+01 2.4157420023e-09 3.0374679572e-06
3.3185000000e+01 2.0933302566e-09 3.0513492832e-06
3.3190000000e+01 2.2187896530e-09 3.0711964793e-06
3.3195000000e+01 2.7753903924e-09 3.0967836871e-06
3.3200000000e+01 3.6539699748e-09 3.1271252595e-06
3.3205000000e+01 4.6700994979e-09 3.1606723035e-06
3.3210000000e+01 5.6038348263e-09 3.1956370344e-06
3.3215000000e+01 6.2539881542e-09 3.2303766250e-06
3.3220000000e+01 6.4882343667e-09 3.2637459498e-06
3.3225000000e+01 6.2715094929e-09 3.2953331028e-06
3.3230000000e+01 5.6673195338e-09 3.3255244937e-06
3.3235000000e+01 4.8187426626e-09 3.3553927331e-06
3.3240000000e+01 3.9186648075e-09 3.3864404346e-06
3.3245000000e+01 3.1736819016e-09 3.4202565104e-06
3.3250000000e+01 2.7626069075e-09 3.4581522658e-06
3.3255000000e+01 2.7945867447e-09 3.5008495373e-06
3.3260000000e+01 3.2790951007e-09 3.5482906486e-06
3.3265000000e+01 4.1210130430e-09 3.5996208409e-06
3.3270000000e+01 5.1447890121e-09 3.6533538262e-06
3.3275000000e+01 6.1386320301e-09 3.7076812614e-06
3.3280000000e+01 6.9029226584e-09 3.7608487458e-06
3.3285000000e+01 7.2903166374e-09 3.8115101249e-06
3.3290000000e+01 7.2328509222e-09 3.8589867587e-06
3.3295000000e+01 6.7556074747e-09 3.9033846405e-06
3.3300000000e+01 5.9750051067e-09 3.9455481893e-06
3.3305000000e+01 5.0778322799e-09 3.9868552696e-06
3.3310000000e+01 4.2807117355e-09 4.0288890042e-06
3.3315000000e+01 3.7784711410e-09 4.0730557035e-06
3.3320000000e+01 3.6970862765e-09 4.1202399365e-06
3.3325000000e+01 4.0659671465e-09 4.1705817197e-06
3.3330000000e+01 4.8156287058e-09 4.2234259492e-06
3.3335000000e+01 5.7968924186e-09 4.2774470299e-06
3.3340000000e+01 6.8132991006e-09 4.3309128012e-06
3.3345000000e+01 7.6599965194e-09 4.3820302786e-06
3.3350000000e+01 8.1649912948e-09 4.4293062563e-06
3.3355000000e+01 8.2275748013e-09 4.4718512209e-06
3.3360000000e+01 7.8447574584e-09 4.5095578271e-06
3.3365000000e+01 7.1153034982e-09 4.5431054876e-06
3.3370000000e+01 6.2167873324e-09 4.5737839249e-06
3.3375000000e+01 5.3618652857e-09 4.6031782985e-06
3.3380000000e+01 4.7482847532e-09 4.6327947544e-06
3.3385000000e+01 4.5171625579e-09 4.6637136045e-06
3.3390000000e+01 4.7270029046e-09 4.6963411847e-06
3.3395000000e+01 5.3438405737e-09 4.7303053872e-06
3.3400000000e+01 6.2463556702e-09 4.7645143637e-06
3.3405000000e+01 7.2472231110e-09 4.7973717780e-06
3.3410000000e+01 8.1317259409e-09 4.8271103376e-06
3.3415000000e+01 8.7080392917e-09 4.8521722098e-06
3.3420000000e+01 8.8548708109e-09 4.8715455658e-06
3.3425000000e+01 8.5499139095e-09 4.8849750895e-06
3.3430000000e+01 7.8706362138e-09 4.8930000271e-06
3.3435000000e+01 6.9715231491e-09 4.8968195240e-06
3.3440000000e+01 6.0490711356e-09 4.8980224016e-06
3.3445000000e+01 5.3035477215e-09 4.8982396552e-06
3.3450000000e+01 4.9005965000e-09 4.8987876286e-06
3.3455000000e+01 4.9348815081e-09 4.9003737605e-06
3.3460000000e+01 5.4035937374e-09 4.9029319295e-06
3.3465000000e+01 6.2019322794e-09 4.9056320454e-06
3.3470000000e+01 7.1473976245e-09 4.9070670048e-06
3.3475000000e+01 8.0263284012e-09 4.9055722066e-06
3.3480000000e+01 8.6453393061e-09 4.8995988370e-06
3.3485000000e+01 8.8712454456e-09 4.8880548003e-06
3.3490000000e+01 8.6534165434e-09 4.8705431483e-06
3.3495000000e+01 8.0313056187e-09 4.8474540870e-06
3.3500000000e+01 7.1295517904e-09 4.8198934039e-06
3.3505000000e+01 6.1375573027e-09 4.7894575204e-06
3.3510000000e+01 5.2702252873e-09 4.7578965811e-06
3.3515000000e+01 4.7158242948e-09 4.7267377819e-06
3.3520000000e+01 4.5879618983e-09 4.6969579330e-06
3.3525000000e+01 4.8997623151e-09 4.6687846149e-06
3.3530000000e+01 5.5669909175e-09 4.6416700830e-06
3.3535000000e+01 6.4327938023e-09 4.6144365523e-06
3.3540000000e+01 7.3017050269e-09 4.5855538271e-06
3.3545000000e+01 7.9760264562e-09 4.5534887274e-06
3.3550000000e+01 8.2939777703e-09 4.5170569709e-06
3.3555000000e+01 8.1671220768e-09 4.4757065259e-06
3.3560000000e+01 7.6066634320e-09 4.4296685640e-06
3.3565000000e+01 6.7251182446e-09 4.3799350584e-06
3.3570000000e+01 5.7084245584e-09 4.3280624430e-06
3.3575000000e+01 4.7682574000e-09 4.2758472465e-06
3.3580000000e+01 4.0927013063e-09 4.2249530294e-06
3.3585000000e+01 3.8092259483e-09 4.1765751261e-06
3.3590000000e+01 3.9632860681e-09 4.1312128011e-06
3.3595000000e+01 4.5100109601e-09 4.0885904496e-06
3.3600000000e+01 5.3191877760e-09 4.0477413281e-06
3.3605000000e+01 6.1980588062e-09 4.0072402227e-06
3.3610000000e+01 6.9333840219e-09 3.9655420431e-06
3.3615000000e+01 7.3437142499e-09 3.9213544117e-06
3.3620000000e+01 7.3243051581e-09 3.8739563785e-06
3.3625000000e+01 6.8693204981e-09 3.8233852490e-06
3.3630000000e+01 6.0675218370e-09 3.7704492453e-06
3.3635000000e+01 5.0786141695e-09 3.7165701656e-06
3.3640000000e+01 4.0998815505e-09 3.6634982037e-06
3.3645000000e+01 3.3283897004e-09 3.6129614728e-06
3.3650000000e+01 2.9210107320e-09 3.5663194202e-06
3.3655000000e+01 2.9576677058e-09 3.5242891780e-06
3.3660000000e+01 3.4186446547e-09 3.4868062733e-06
3.3665000000e+01 4.1866170143e-09 3.4530584561e-06
3.3670000000e+01 5.0753599168e-09 3.4216911233e-06
3.3675000000e+01 5.8755724560e-09 3.3911361923e-06
3.3680000000e+01 6.4025323517e-09 3.3599833788e-06
3.3685000000e+01 6.5334962031e-09 3.3273073051e-06
3.3690000000e+01 6.2301460430e-09 3.2928828820e-06
3.3695000000e+01 5.5459095807e-09 3.2572505624e-06
3.3700000000e+01 4.6175547356e-09 3.2216208803e-06
3.3705000000e+01 3.6392824893e-09 3.1876337226e-06
3.3710000000e+01 2.8206841565e-09 3.1570165076e-06
3.3715000000e+01 2.3372650028e-09 3.1312140479e-06
3.3720000000e+01 2.2881037214e-09 3.1110779928e-06
3.3725000000e+01 2.6739635319e-09 3.0966922173e-06
3.3730000000e+01 3.4008283977e-09 3.0873731270e-06
3.3735000000e+01 4.3042618921e-09 3.0818370891e-06
3.3740000000e+01 5.1854007959e-09 3.0784905562e-06
3.3745000000e+01 5.8508161908e-09 3.0757798909e-06
3.3750000000e+01 6.1514828977e-09 3.0725322744e-06
3.3755000000e+01 6.0160159773e-09 3.0682194520e-06
3.3760000000e+01 5.4703865869e-09 3.0630841904e-06
3.3765000000e+01 4.6355072071e-09 3.0580931622e-06
3.3770000000e+01 3.6996135979e-09 3.0547212624e-06
3.3775000000e+01 2.8724866274e-09 3.0546184599e-06
3.3780000000e+01 2.3362513269e-09 3.0592410592e-06
3.3785000000e+01 2.2070182546e-09 3.0695324805e-06
3.3790000000e+01 2.5141985329e-09 3.0857187373e-06
3.3795000000e+01 3.1969045666e-09 3.1072549769e-06
3.3800000000e+01 4.1150372862e-09 3.1329319658e-06
3.3805000000e+01 5.0749831433e-09 3.1611249654e-06
3.3810000000e+01 5.8698062853e-09 3.1901383388e-06
3.3815000000e+01 6.3277921615e-09 3.2185716036e-06
3.3820000000e+01 6.3553974158e-09 3.2456199195e-06
3.3825000000e+01 5.9593460889e-09 3.2712357569e-06
3.3830000000e+01 5.2410775413e-09 3.2961163378e-06
3.3835000000e+01 4.3690600170e-09 3.3215269969e-06
3.3840000000e+01 3.5410026794e-09 3.3490059500e-06
3.3845000000e+01 2.9452402561e-09 3.3800141663e-06
3.3850000000e+01 2.7245038767e-09 3.4155996969e-06
3.3855000000e+01 2.9442650623e-09 3.4561445462e-06
3.3860000000e+01 3.5728208950e-09 3.5012520399e-06
3.3865000000e+01 4.4836130064e-09 3.5498071067e-06
3.3870000000e+01 5.4845284133e-09 3.6002008520e-06
3.3875000000e+01 6.3661701215e-09 3.6506666741e-06
3.3880000000e+01 6.9517086710e-09 3.6996464439e-06
3.3885000000e+01 7.1329304923e-09 3.7461028035e-06
3.3890000000e+01 6.8875342591e-09 3.7897134635e-06
3.3895000000e+01 6.2810164967e-09 3.8309125079e-06
3.3900000000e+01 5.4560554372e-09 3.8707723766e-06
3.3905000000e+01 4.6074545961e-09 3.9107474880e-06
3.3910000000e+01 3.9410403308e-09 3.9523287099e-06
3.3915000000e+01 3.6235869214e-09 3.9966831241e-06
3.3920000000e+01 3.7401907796e-09 4.0443640317e-06
3.3925000000e+01 4.2751682338e-09 4.0951617050e-06
3.3930000000e+01 5.1211235065e-09 4.1481281061e-06
3.3935000000e+01 6.1078893878e-09 4.2017637572e-06
3.3940000000e+01 7.0390022320e-09 4.2543194025e-06
3.3945000000e+01 7.7287281217e-09 4.3041468161e-06
3.3950000000e+01 8.0383324443e-09 4.3500286350e-06
3.3955000000e+01 7.9085647941e-09 4.3914206148e-06
3.3960000000e+01 7.3788036011e-09 4.4285516364e-06
3.3965000000e+01 6.5816956991e-09 4.4623524543e-06
3.3970000000e+01 5.7107935472e-09 4.4942240023e-06
3.3975000000e+01 4.9719284128e-09 4.5256989385e-06
3.3980000000e+01 4.5357630180e-09 4.5580783154e-06
3.3985000000e+01 4.5042961349e-09 4.5921273754e-06
3.3990000000e+01 4.8941325370e-09 4.6278935672e-06
3.3995000000e+01 5.6339390710e-09 4.6646791191e-06
3.4000000000e+01 6.5755926430e-09 4.7011709352e-06
3.4005000000e+01 7.5216913438e-09 4.7357039685e-06
3.4010000000e+01 8.2688639269e-09 4.7666077706e-06
3.4015000000e+01 8.6572172518e-09 4.7925622913e-06
3.4020000000e+01 8.6096603331e-09 4.8128792144e-06
3.4025000000e+01 8.1478788197e-09 4.8276398342e-06
3.4030000000e+01 7.3826116941e-09 4.8376583730e-06
3.4035000000e+01 6.4857888198e-09 4.8442854367e-06
3.4040000000e+01 5.6543323150e-09 4.8491017618e-06
3.4045000000e+01 5.0716637390e-09 4.8535692639e-06
3.4050000000e+01 4.8701677050e-09 4.8587088188e-06
3.4055000000e+01 5.1000405276e-09 4.8648692723e-06
3.4060000000e+01 5.7137978606e-09 4.8716399538e-06
3.4065000000e+01 6.5747009048e-09 4.8779335635e-06
3.4070000000e+01 7.4892986583e-09 4.8822265136e-06
3.4075000000e+01 8.2541525424e-09 4.8829009435e-06
3.4080000000e+01 8.7019869457e-09 4.8786052398e-06
3.4085000000e+01 8.7356768694e-09 4.8685496030e-06
3.4090000000e+01 8.3455834139e-09 4.8526759940e-06
3.4095000000e+01 7.6105922386e-09 4.8316733078e-06
3.4100000000e+01 6.6836420663e-09 4.8068376135e-06
3.4105000000e+01 5.7618396184e-09 4.7798028886e-06
3.4110000000e+01 5.0438424951e-09 4.7521935380e-06
3.4115000000e+01 4.6832179003e-09 4.7252732443e-06
3.4120000000e+01 4.7512296855e-09 4.6996734870e-06
3.4125000000e+01 5.2209377423e-09 4.6752686304e-06
3.4130000000e+01 5.9764479067e-09 4.6512252338e-06
3.4135000000e+01 6.8418658371e-09 4.6262075680e-06
3.4140000000e+01 7.6199480611e-09 4.5986874150e-06
3.4145000000e+01 8.1319166518e-09 4.5672910722e-06
3.4150000000e+01 8.2533792009e-09 4.5311148808e-06
3.4155000000e+01 7.9420625319e-09 4.4899457334e-06
3.4160000000e+01 7.2509235014e-09 4.4443358067e-06
3.4165000000e+01 6.3197099263e-09 4.3955073401e-06
3.4170000000e+01 5.3433218865e-09 4.3451037366e-06
3.4175000000e+01 4.5248135260e-09 4.2948452067e-06
3.4180000000e+01 4.0278669183e-09 4.2461723530e-06
3.4185000000e+01 3.9425030989e-09 4.1999593496e-06
3.4190000000e+01 4.2699810503e-09 4.1563549610e-06
3.4195000000e+01 4.9252364939e-09 4.1147785829e-06
3.4200000000e+01 5.7533275646e-09 4.0740697597e-06
3.4205000000e+01 6.5586628690e-09 4.0327636532e-06
3.4210000000e+01 7.1459211358e-09 3.9894389766e-06
3.4215000000e+01 7.3660936244e-09 3.9430629289e-06
3.4220000000e+01 7.1542166266e-09 3.8932512252e-06
3.4225000000e+01 6.5449624382e-09 3.8403796095e-06
3.4230000000e+01 5.6610609638e-09 3.7855225512e-06
3.4235000000e+01 4.6813866002e-09 3.7302391869e-06
3.4240000000e+01 3.8012740613e-09 3.6762592883e-06
3.4245000000e+01 3.1943788458e-09 3.6251369147e-06
3.4250000000e+01 2.9792835907e-09 3.5779408707e-06
3.4255000000e+01 3.1929195079e-09 3.5350448606e-06
3.4260000000e+01 3.7772257953e-09 3.4960655520e-06
3.4265000000e+01 4.5878685547e-09 3.4599689405e-06
3.4270000000e+01 5.4277477948e-09 3.4253255712e-06
3.4275000000e+01 6.0960558719e-09 3.3906552659e-06
3.4280000000e+01 6.4357190799e-09 3.3547786350e-06
3.4285000000e+01 6.3650449022e-09 3.3170949850e-06
3.4290000000e+01 5.8897743122e-09 3.2777295862e-06
3.4295000000e+01 5.0994732378e-09 3.2375247781e-06
3.4300000000e+01 4.1516905365e-09 3.1978791390e-06
3.4305000000e+01 3.2430782601e-09 3.1604653697e-06
3.4310000000e+01 2.5674204502e-09 3.1268823177e-06
3.4315000000e+01 2.2684651086e-09 3.0983162127e-06
3.4320000000e+01 2.4031456756e-09 3.0752907337e-06
3.4325000000e+01 2.9291580654e-09 3.0575668456e-06
3.4330000000e+01 3.7195650295e-09 3.0442146134e-06
3.4335000000e+01 4.5953179749e-09 3.0338352362e-06
3.4340000000e+01 5.3634492885e-09 3.0248787260e-06
3.4345000000e+01 5.8539124330e-09 3.0159880216e-06
3.4350000000e+01 5.9531963709e-09 3.0063002631e-06
3.4355000000e+01 5.6314142214e-09 2.9956442666e-06
3.4360000000e+01 4.9543798419e-09 2.9845893145e-06
3.4365000000e+01 4.0718223589e-09 2.9743279734e-06
3.4370000000e+01 3.1814175926e-09 2.9664142477e-06
3.4375000000e+01 2.4800522906e-09 2.9624171992e-06
3.4380000000e+01 2.1189218078e-09 2.9635729947e-06
3.4385000000e+01 2.1740561464e-09 2.9705154788e-06
3.4390000000e+01 2.6345409670e-09 2.9831408285e-06
3.4395000000e+01 3.4056636519e-09 3.0006289389e-06
3.4400000000e+01 4.3256588848e-09 3.0216139500e-06
3.4405000000e+01 5.1969703385e-09 3.0444708926e-06
3.4410000000e+01 5.8297900841e-09 3.0676624018e-06
3.4415000000e+01 6.0879627986e-09 3.0900711665e-06
3.4420000000e+01 5.9224347867e-09 3.1112398249e-06
3.4425000000e+01 5.3810648451e-09 3.1314590667e-06
3.4430000000e+01 4.5937863613e-09 3.1516840646e-06
3.4435000000e+01 3.7410659427e-09 3.1733038319e-06
3.4440000000e+01 3.0156745658e-09 3.1978204882e-06
3.4445000000e+01 2.5844587900e-09 3.2265083991e-06
3.4450000000e+01 2.5540412330e-09 3.2601213342e-06
3.4455000000e+01 2.9455873187e-09 3.2987063849e-06
3.4460000000e+01 3.6862643225e-09 3.3415672162e-06
3.4465000000e+01 4.6234429501e-09 3.3873918477e-06
3.4470000000e+01 5.5603316035e-09 3.4345215846e-06
3.4475000000e+01 6.3028696501e-09 3.4812990986e-06
3.4480000000e+01 6.7036672242e-09 3.5264118885e-06
3.4485000000e+01 6.6919701120e-09 3.5691521082e-06
3.4490000000e+01 6.2855835112e-09 3.6095399146e-06
3.4495000000e+01 5.5858418330e-09 3.6482907566e-06
3.4500000000e+01 4.7577822192e-09 3.6866364839e-06
3.4505000000e+01 3.9972360792e-09 3.7260346379e-06
3.4510000000e+01 3.4885094218e-09 3.7678227920e-06
3.4515000000e+01 3.3611791857e-09 3.8128926192e-06
3.4520000000e+01 3.6583265690e-09 3.8614611891e-06
3.4525000000e+01 4.3266753428e-09 3.9129962820e-06
3.4530000000e+01 5.2312791253e-09 3.9663121233e-06
3.4535000000e+01 6.1884170888e-09 4.0198079801e-06
3.4540000000e+01 7.0059724766e-09 4.0717913684e-06
3.4545000000e+01 7.5222681800e-09 4.1208161545e-06
3.4550000000e+01 7.6382997484e-09 4.1659683147e-06
3.4555000000e+01 7.3397707412e-09 4.2070417217e-06
3.4560000000e+01 6.7038096566e-09 4.2445631307e-06
3.4565000000e+01 5.8850065231e-09 4.2796539711e-06
3.4570000000e+01 5.0804616835e-09 4.3137554613e-06
3.4575000000e+01 4.4824091786e-09 4.3482809508e-06
3.4580000000e+01 4.2331824291e-09 4.3842789257e-06
3.4585000000e+01 4.3955656169e-09 4.4221836224e-06
3.4590000000e+01 4.9434164737e-09 4.4617036869e-06
3.4595000000e+01 5.7698193753e-09 4.5018665434e-06
3.4600000000e+01 6.7082266413e-09 4.5412068790e-06
3.4605000000e+01 7.5643998514e-09 4.5780628760e-06
3.4610000000e+01 8.1572338836e-09 4.6109214742e-06
3.4615000000e+01 8.3616061168e-09 4.6387376342e-06
3.4620000000e+01 8.1404787174e-09 4.6611520081e-06
3.4625000000e+01 7.5539836690e-09 4.6785535806e-06
3.4630000000e+01 6.7422534760e-09 4.6919739689e-06
3.4635000000e+01 5.8900354123e-09 4.7028426853e-06
3.4640000000e+01 5.1859784357e-09 4.7126622945e-06
3.4645000000e+01 4.7857579982e-09 4.7226735873e-06
3.4650000000e+01 4.7820989497e-09 4.7335781125e-06
3.4655000000e+01 5.1835555997e-09 4.7453745961e-06
3.4660000000e+01 5.9076286601e-09 4.7573472536e-06
3.4665000000e+01 6.7953421807e-09 4.7682147661e-06
3.4670000000e+01 7.6481081411e-09 4.7764107280e-06
3.4675000000e+01 8.2766568553e-09 4.7804309843e-06
3.4680000000e+01 8.5453378882e-09 4.7791653305e-06
3.4685000000e+01 8.3989566156e-09 4.7721379932e-06
3.4690000000e+01 7.8695078653e-09 4.7596078273e-06
3.4695000000e+01 7.0673162473e-09 4.7425124484e-06
3.4700000000e+01 6.1605370638e-09 4.7222706075e-06
3.4705000000e+01 5.3433057690e-09 4.7004819404e-06
3.4710000000e+01 4.7938471070e-09 4.6785841342e-06
3.4715000000e+01 4.6309646715e-09 4.6575416625e-06
3.4720000000e+01 4.8834249728e-09 4.6376392606e-06
3.4725000000e+01 5.4840580280e-09 4.6184309832e-06
3.4730000000e+01 6.2894094857e-09 4.5988561392e-06
3.4735000000e+01 7.1151871118e-09 4.5774911238e-06
3.4740000000e+01 7.7754157318e-09 4.5528765597e-06
3.4745000000e+01 8.1182890793e-09 4.5238485098e-06
3.4750000000e+01 8.0564432136e-09 4.4898068373e-06
3.4755000000e+01 7.5883305508e-09 4.4508664707e-06
3.4760000000e+01 6.8034504215e-09 4.4078568243e-06
3.4765000000e+01 5.8648316769e-09 4.3621633966e-06
3.4770000000e+01 4.9703441584e-09 4.3154423061e-06
3.4775000000e+01 4.3046545669e-09 4.2692729397e-06
3.4780000000e+01 3.9974756323e-09 4.2248312942e-06
3.4785000000e+01 4.0985269983e-09 4.1826589332e-06
3.4790000000e+01 4.5708824067e-09 4.1425747530e-06
3.4795000000e+01 5.2996012243e-09 4.1037423465e-06
3.4800000000e+01 6.1134079001e-09 4.0648755900e-06
3.4805000000e+01 6.8187228786e-09 4.0245414435e-06
3.4810000000e+01 7.2424737048e-09 3.9814997042e-06
3.4815000000e+01 7.2738416349e-09 3.9350064972e-06
3.4820000000e+01 6.8916571850e-09 3.8850097694e-06
3.4825000000e+01 6.1682015466e-09 3.8321878157e-06
3.4830000000e+01 5.2496358079e-09 3.7778220137e-06
3.4835000000e+01 4.3213883417e-09 3.7235374722e-06
3.4840000000e+01 3.5687266155e-09 3.6709741157e-06
3.4845000000e+01 3.1397006661e-09 3.6214596525e-06
3.4850000000e+01 3.1147546697e-09 3.5757498627e-06
3.4855000000e+01 3.4875831912e-09 3.5338881701e-06
3.4860000000e+01 4.1631858685e-09 3.4952170263e-06
3.4865000000e+01 4.9771662202e-09 3.4585450553e-06
3.4870000000e+01 5.7336949865e-09 3.4224372061e-06
3.4875000000e+01 6.2518390966e-09 3.3855611545e-06
3.4880000000e+01 6.4066243827e-09 3.3470070729e-06
3.4885000000e+01 6.1544716321e-09 3.3065074004e-06
3.4890000000e+01 5.5395521645e-09 3.2645123018e-06
3.4895000000e+01 4.6830315281e-09 3.2221109279e-06
3.4900000000e+01 3.7586661095e-09 3.1808178430e-06
3.4905000000e+01 2.9578107551e-09 3.1422667268e-06
3.4910000000e+01 2.4482068869e-09 3.1078722495e-06
3.4915000000e+01 2.3347436542e-09 3.0785333876e-06
3.4920000000e+01 2.6333650668e-09 3.0544487259e-06
3.4925000000e+01 3.2671797580e-09 3.0350899978e-06
3.4930000000e+01 4.0861900280e-09 3.0193393018e-06
3.4935000000e+01 4.9033969860e-09 3.0057537364e-06
3.4940000000e+01 5.5359807932e-09 2.9928941140e-06
3.4945000000e+01 5.8423093067e-09 2.9796468586e-06
3.4950000000e+01 5.7499666607e-09 2.9654746952e-06
3.4955000000e+01 5.2720050336e-09 2.9505454378e-06
3.4960000000e+01 4.5075641367e-09 2.9357083068e-06
3.4965000000e+01 3.6229563593e-09 2.9223166599e-06
3.4970000000e+01 2.8141580043e-09 2.9119327240e-06
3.4975000000e+01 2.2598838503e-09 2.9059824479e-06
3.4980000000e+01 2.0797797333e-09 2.9054425415e-06
3.4985000000e+01 2.3098437920e-09 2.9106308073e-06
3.4990000000e+01 2.8987680311e-09 2.9211417151e-06
3.4995000000e+01 3.7213820579e-09 2.9359352559e-06
3.5000000000e+01 4.6037848561e-09 2.9535580210e-06
3.5005000000e+01 5.3571763632e-09 2.9724525301e-06
3.5010000000e+01 5.8177972547e-09 2.9912924777e-06
3.5015000000e+01 5.8859699738e-09 3.0092708242e-06
3.5020000000e+01 5.5522806636e-09 3.0262724670e-06
3.5025000000e+01 4.9002940609e-09 3.0428885825e-06
3.5030000000e+01 4.0843336177e-09 3.0602700064e-06
3.5035000000e+01 3.2914077464e-09 3.0798573654e-06
3.5040000000e+01 2.7002972941e-09 3.1030518139e-06
3.5045000000e+01 2.4466547033e-09 3.1308974834e-06
3.5050000000e+01 2.5969280427e-09 3.1638397891e-06
3.5055000000e+01 3.1326636464e-09 3.2016087798e-06
3.5060000000e+01 3.9498462481e-09 3.2432551264e-06
3.5065000000e+01 4.8786994453e-09 3.2873364807e-06
3.5070000000e+01 5.7230260194e-09 3.3322164398e-06
3.5075000000e+01 6.3081448498e-09 3.3764077426e-06
3.5080000000e+01 6.5214258963e-09 3.4188787311e-06
3.5085000000e+01 6.3340253167e-09 3.4592534335e-06
3.5090000000e+01 5.8023324114e-09 3.4978648633e-06
3.5095000000e+01 5.0541912389e-09 3.5356555473e-06
3.5100000000e+01 4.2643751968e-09 3.5739489894e-06
3.5105000000e+01 3.6206313339e-09 3.6141383923e-06
3.5110000000e+01 3.2827649061e-09 3.6573557111e-06
3.5115000000e+01 3.3434182643e-09 3.7041928240e-06
3.5120000000e+01 3.8037909068e-09 3.7545405888e-06
3.5125000000e+01 4.5739923735e-09 3.8075862017e-06
3.5130000000e+01 5.4971891739e-09 3.8619695420e-06
3.5135000000e+01 6.3872947754e-09 3.9160591677e-06
3.5140000000e+01 7.0683453183e-09 3.9682826664e-06
3.5145000000e+01 7.4086212865e-09 4.0174395932e-06
3.5150000000e+01 7.3470020931e-09 4.0629337837e-06
3.5155000000e+01 6.9084503681e-09 4.1048783901e-06
3.5160000000e+01 6.2027466253e-09 4.1440491723e-06
3.5165000000e+01 5.4019958199e-09 4.1816907694e-06
3.5170000000e+01 4.7000952813e-09 4.2192150139e-06
3.5175000000e+01 4.2661286057e-09 4.2578600701e-06
3.5180000000e+01 4.2062952151e-09 4.2983911758e-06
3.5185000000e+01 4.5436255564e-09 4.3409116194e-06
3.5190000000e+01 5.2165154371e-09 4.3848221645e-06
3.5195000000e+01 6.0925259200e-09 4.4289318975e-06
3.5200000000e+01 6.9942632202e-09 4.4716940702e-06
3.5205000000e+01 7.7352109697e-09 4.5115192220e-06
3.5210000000e+01 8.1609456837e-09 4.5471026386e-06
3.5215000000e+01 8.1862295081e-09 4.5776954572e-06
3.5220000000e+01 7.8162828241e-09 4.6032552084e-06
3.5225000000e+01 7.1448194090e-09 4.6244373950e-06
3.5230000000e+01 6.3302001602e-09 4.6424299601e-06
3.5235000000e+01 5.5584083441e-09 4.6586724948e-06
3.5240000000e+01 5.0032566176e-09 4.6745269279e-06
3.5245000000e+01 4.7913336682e-09 4.6909711546e-06
3.5250000000e+01 4.9760672930e-09 4.7083770568e-06
3.5255000000e+01 5.5247082269e-09 4.7264172725e-06
3.5260000000e+01 6.3225362648e-09 4.7441230439e-06
3.5265000000e+01 7.1965437835e-09 4.7600864575e-06
3.5270000000e+01 7.9549660831e-09 4.7727661573e-06
3.5275000000e+01 8.4323402023e-09 4.7808264908e-06
3.5280000000e+01 8.5270883844e-09 4.7834295015e-06
3.5285000000e+01 8.2220349991e-09 4.7804130898e-06
3.5290000000e+01 7.5851814968e-09 4.7723200751e-06
3.5295000000e+01 6.7536792981e-09 4.7602778664e-06
3.5300000000e+01 5.9056677692e-09 4.7457568650e-06
3.5305000000e+01 5.2241106551e-09 4.7302561900e-06
3.5310000000e+01 4.8574333601e-09 4.7149800827e-06
3.5315000000e+01 4.8846976427e-09 4.7005754317e-06
3.5320000000e+01 5.2953214481e-09 4.6869930602e-06
3.5325000000e+01 5.9909907470e-09 4.6735082788e-06
3.5330000000e+01 6.8099345328e-09 4.6588956342e-06
3.5335000000e+01 7.5654609185e-09 4.6417138859e-06
3.5340000000e+01 8.0870447328e-09 4.6206340656e-06
3.5345000000e+01 8.2547580624e-09 4.5947399598e-06
3.5350000000e+01 8.0226965354e-09 4.5637407408e-06
3.5355000000e+01 7.4294669133e-09 4.5280528168e-06
3.5360000000e+01 6.5930861197e-09 4.4887306816e-06
3.5365000000e+01 5.6877495896e-09 4.4472562408e-06
3.5370000000e+01 4.9045544319e-09 4.4052299962e-06
3.5375000000e+01 4.4058343167e-09 4.3640349406e-06
3.5380000000e+01 4.2872240564e-09 4.3245525258e-06
3.5385000000e+01 4.5584523852e-09 4.2869949969e-06
3.5390000000e+01 5.1452739342e-09 4.2508870573e-06
3.5395000000e+01 5.9077032547e-09 4.2151953799e-06
3.5400000000e+01 6.6684016366e-09 4.1785762022e-06
3.5405000000e+01 7.2475837954e-09 4.1396907470e-06
3.5410000000e+01 7.5013238144e-09 4.0975241140e-06
3.5415000000e+01 7.3562577854e-09 4.0516379180e-06
3.5420000000e+01 6.8296758947e-09 4.0022965730e-06
3.5425000000e+01 6.0261298072e-09 3.9504349831e-06
3.5430000000e+01 5.1107854270e-09 3.8974752061e-06
3.5435000000e+01 4.2694675476e-09 3.8450372465e-06
3.5440000000e+01 3.6683381041e-09 3.7946114560e-06
3.5445000000e+01 3.4216084936e-09 3.7472632050e-06
3.5450000000e+01 3.5697585521e-09 3.7034294936e-06
3.5455000000e+01 4.0694199154e-09 3.6628485826e-06
3.5460000000e+01 4.7985926799e-09 3.6246398346e-06
3.5465000000e+01 5.5809552549e-09 3.5875212203e-06
3.5470000000e+01 6.2267834534e-09 3.5501194180e-06
3.5475000000e+01 6.5790812140e-09 3.5113017743e-06
3.5480000000e+01 6.5498246143e-09 3.4704520347e-06
3.5485000000e+01 6.1364125476e-09 3.4276271068e-06
3.5490000000e+01 5.4179547817e-09 3.3835635959e-06
3.5495000000e+01 4.5369892112e-09 3.3395377630e-06
3.5500000000e+01 3.6716169563e-09 3.2971111707e-06
3.5505000000e+01 3.0003140690e-09 3.2578141603e-06
3.5510000000e+01 2.6628226935e-09 3.2228317287e-06
3.5515000000e+01 2.7257329043e-09 3.1927599110e-06
3.5520000000e+01 3.1645791931e-09 3.1674902506e-06
3.5525000000e+01 3.8700687259e-09 3.1462522185e-06
3.5530000000e+01 4.6761112536e-09 3.1278041533e-06
3.5535000000e+01 5.3990493998e-09 3.1107260359e-06
3.5540000000e+01 5.8765253733e-09 3.0937454554e-06
3.5545000000e+01 5.9991896064e-09 3.0760259121e-06
3.5550000000e+01 5.7326692620e-09 3.0573591674e-06
3.5555000000e+01 5.1271225195e-09 3.0382232489e-06
3.5560000000e+01 4.3099391230e-09 3.0196918692e-06
3.5565000000e+01 3.4590761435e-09 3.0032099343e-06
3.5570000000e+01 2.7615381706e-09 2.9902812509e-06
3.5575000000e+01 2.3688948012e-09 2.9821393899e-06
3.5580000000e+01 2.3633377958e-09 2.9794793538e-06
3.5585000000e+01 2.7423690433e-09 2.9823114318e-06
3.5590000000e+01 3.4224639066e-09 2.9899660872e-06
3.5595000000e+01 4.2576111368e-09 3.0012432906e-06
3.5600000000e+01 5.0686025070e-09 3.0146717024e-06
3.5605000000e+01 5.6797217861e-09 3.0288246281e-06
3.5610000000e+01 5.9575886324e-09 3.0426286187e-06
3.5615000000e+01 5.8432177424e-09 3.0555978475e-06
3.5620000000e+01 5.3672002824e-09 3.0679383642e-06
3.5625000000e+01 4.6422998826e-09 3.0804945060e-06
3.5630000000e+01 3.8358551137e-09 3.0945494240e-06
3.5635000000e+01 3.1310376989e-09 3.1115286466e-06
3.5640000000e+01 2.6875046183e-09 3.1326762794e-06
3.5645000000e+01 2.6090822958e-09 3.1587739316e-06
3.5650000000e+01 2.9226778467e-09 3.1899586971e-06
3.5655000000e+01 3.5712941361e-09 3.2256763165e-06
3.5660000000e+01 4.4238610732e-09 3.2647817177e-06
3.5665000000e+01 5.3025610512e-09 3.3057703831e-06
3.5670000000e+01 6.0231715627e-09 3.3470927647e-06
3.5675000000e+01 6.4381870535e-09 3.3874799073e-06
3.5680000000e+01 6.4704031887e-09 3.4262032896e-06
3.5685000000e+01 6.1282474809e-09 3.4632097665e-06
3.5690000000e+01 5.5010958964e-09 3.4991057103e-06
3.5695000000e+01 4.7385250420e-09 3.5349993608e-06
3.5700000000e+01 4.0192256794e-09 3.5722373953e-06
3.5705000000e+01 3.5145270209e-09 3.6120894525e-06
3.5710000000e+01 3.3515427625e-09 3.6554449272e-06
3.5715000000e+01 3.5831107530e-09 3.7025883224e-06
3.5720000000e+01 4.1733631117e-09 3.7531071872e-06
3.5725000000e+01 5.0051647148e-09 3.8059573606e-06
3.5730000000e+01 5.9083547781e-09 3.8596705942e-06
3.5735000000e+01 6.6999127486e-09 3.9126539562e-06
3.5740000000e+01 7.2241172957e-09 3.9635113950e-06
3.5745000000e+01 7.3837610299e-09 4.0113183735e-06
3.5750000000e+01 7.1587000769e-09 4.0557945511e-06
3.5755000000e+01 6.6106992338e-09 4.0973399608e-06
3.5760000000e+01 5.8730600171e-09 4.1369246960e-06
3.5765000000e+01 5.1237528771e-09 4.1758513213e-06
3.5770000000e+01 4.5451666370e-09 4.2154398331e-06
3.5775000000e+01 4.2804611363e-09 4.2567073007e-06
3.5780000000e+01 4.4000383064e-09 4.3001176061e-06
3.5785000000e+01 4.8878726694e-09 4.3454579496e-06
3.5790000000e+01 5.6487955235e-09 4.3918658028e-06
3.5795000000e+01 6.5309570311e-09 4.4379955890e-06
3.5800000000e+01 7.3567241232e-09 4.4822875325e-06
3.5805000000e+01 7.9578801260e-09 4.5232835198e-06
3.5810000000e+01 8.2116136903e-09 4.5599251121e-06
3.5815000000e+01 8.0704548350e-09 4.5917685829e-06
3.5820000000e+01 7.5762357606e-09 4.6190656886e-06
3.5825000000e+01 6.8509653482e-09 4.6426885428e-06
3.5830000000e+01 6.0664402705e-09 4.6639157172e-06
3.5835000000e+01 5.4032088592e-09 4.6841310885e-06
3.5840000000e+01 5.0115746271e-09 4.7045052023e-06
3.5845000000e+01 4.9824763724e-09 4.7257280034e-06
3.5850000000e+01 5.3302976952e-09 4.7478470074e-06
3.5855000000e+01 5.9882861391e-09 4.7702433417e-06
3.5860000000e+01 6.8192077446e-09 4.7917526414e-06
3.5865000000e+01 7.6434018459e-09 4.8109088801e-06
3.5870000000e+01 8.2803998153e-09 4.8262600835e-06
3.5875000000e+01 8.5925170197e-09 4.8366842412e-06
3.5880000000e+01 8.5163887539e-09 4.8416314035e-06
3.5885000000e+01 8.0740635133e-09 4.8412369562e-06
3.5890000000e+01 7.3643520503e-09 4.8362842143e-06
3.5895000000e+01 6.5405249565e-09 4.8280292649e-06
3.5900000000e+01 5.7798357460e-09 4.8179278964e-06
3.5905000000e+01 5.2479572674e-09 4.8073211726e-06
3.5910000000e+01 5.0624322566e-09 4.7971442318e-06
3.5915000000e+01 5.2634535198e-09 4.7877215711e-06
3.5920000000e+01 5.8022596803e-09 4.7786975968e-06
3.5925000000e+01 6.5527827707e-09 4.7691218093e-06
3.5930000000e+01 7.3429108769e-09 4.7576697385e-06
3.5935000000e+01 7.9945535803e-09 4.7429467116e-06
3.5940000000e+01 8.3613011424e-09 4.7238038287e-06
3.5945000000e+01 8.3571105020e-09 4.6995975661e-06
3.5950000000e+01 7.9735394464e-09 4.6703406730e-06
3.5955000000e+01 7.2834604210e-09 4.6367146878e-06
3.5960000000e+01 6.4282826209e-09 4.5999398067e-06
3.5965000000e+01 5.5879512586e-09 4.5615258372e-06
3.5970000000e+01 4.9392688584e-09 4.5229560747e-06
3.5975000000e+01 4.6141601246e-09 4.4853758083e-06
3.5980000000e+01 4.6702302934e-09 4.4493587538e-06
3.5985000000e+01 5.0805508026e-09 4.4148047683e-06
3.5990000000e+01 5.7422861782e-09 4.3809881308e-06
3.5995000000e+01 6.4994558595e-09 4.3467406924e-06
3.6000000000e+01 7.1748077100e-09 4.3107281322e-06
3.6005000000e+01 7.6064597892e-09 4.2717622464e-06
3.6010000000e+01 7.6836932800e-09 4.2290854024e-06
3.6015000000e+01 7.3737071201e-09 4.1825652639e-06
3.6020000000e+01 6.7308333320e-09 4.1327527930e-06
3.6025000000e+01 5.8840957701e-09 4.0807863926e-06
3.6030000000e+01 5.0064458212e-09 4.0281635248e-06
3.6035000000e+01 4.2750290702e-09 3.9764346154e-06
3.6040000000e+01 3.8330602899e-09 3.9268903454e-06
3.6045000000e+01 3.7608830055e-09 3.8803097610e-06
3.6050000000e+01 4.0599942647e-09 3.8368194329e-06
3.6055000000e+01 4.6518784085e-09 3.7958911306e-06
3.6060000000e+01 5.3928693550e-09 3.7564803371e-06
3.6065000000e+01 6.1043560251e-09 3.7172801127e-06
3.6070000000e+01 6.6131908729e-09 3.6770370269e-06
3.6075000000e+01 6.7922482764e-09 3.6348569749e-06
3.6080000000e+01 6.5895715922e-09 3.5904286658e-06
3.6085000000e+01 6.0383705980e-09 3.5441139202e-06
3.6090000000e+01 5.2471247329e-09 3.4968883627e-06
3.6095000000e+01 4.3747408243e-09 3.4501503563e-06
3.6100000000e+01 3.5973823362e-09 3.4054410860e-06
3.6105000000e+01 3.0724913060e-09 3.3641333075e-06
3.6110000000e+01 2.9050205507e-09 3.3271525824e-06
3.6115000000e+01 3.1224008996e-09 3.2947919953e-06
3.6120000000e+01 3.6658964212e-09 3.2666652167e-06
3.6125000000e+01 4.4031918786e-09 3.2418120548e-06
3.6130000000e+01 5.1599486892e-09 3.2189324951e-06
3.6135000000e+01 5.7607860386e-09 3.1966931748e-06
3.6140000000e+01 6.0677355952e-09 3.1740355237e-06
3.6145000000e+01 6.0077095788e-09 3.1504193130e-06
3.6150000000e+01 5.5860103481e-09 3.1259528050e-06
3.6155000000e+01 4.8857462223e-09 3.1013837485e-06
3.6160000000e+01 4.0527071106e-09 3.0779511531e-06
3.6165000000e+01 3.2655776322e-09 3.0571258005e-06
3.6170000000e+01 2.6955022810e-09 3.0402943796e-06
3.6175000000e+01 2.4651469946e-09 3.0284592435e-06
3.6180000000e+01 2.6199942433e-09 3.0220241556e-06
3.6185000000e+01 3.1202448087e-09 3.0207144242e-06
3.6190000000e+01 3.8531114394e-09 3.0236457228e-06
3.6195000000e+01 4.6588925998e-09 3.0295221257e-06
3.6200000000e+01 5.3636299611e-09 3.0369190292e-06
3.6205000000e+01 5.8138480085e-09 3.0445923243e-06
3.6210000000e+01 5.9096144258e-09 3.0517499005e-06
3.6215000000e+01 5.6293877111e-09 3.0582260386e-06
3.6220000000e+01 5.0379267849e-09 3.0645166622e-06
3.6225000000e+01 4.2719083598e-09 3.0716642029e-06
3.6230000000e+01 3.5065226345e-09 3.0810179532e-06
3.6235000000e+01 2.9141334199e-09 3.0939266452e-06
3.6240000000e+01 2.6272735985e-09 3.1114339889e-06
3.6245000000e+01 2.7131533199e-09 3.1340429280e-06
3.6250000000e+01 3.1612493843e-09 3.1615961629e-06
3.6255000000e+01 3.8841047723e-09 3.1932963841e-06
3.6260000000e+01 4.7328930097e-09 3.2278633919e-06
3.6265000000e+01 5.5284145997e-09 3.2637978361e-06
3.6270000000e+01 6.1025696649e-09 3.2996959109e-06
3.6275000000e+01 6.3387683165e-09 3.3345437286e-06
3.6280000000e+01 6.1984552515e-09 3.3679225360e-06
3.6285000000e+01 5.7268748822e-09 3.4000781267e-06
3.6290000000e+01 5.0397863639e-09 3.4318420722e-06
3.6295000000e+01 4.2976839219e-09 3.4644264280e-06
3.6300000000e+01 3.6734523613e-09 3.4991382358e-06
3.6305000000e+01 3.3172456641e-09 3.5370733829e-06
3.6310000000e+01 3.3231494626e-09 3.5788530193e-06
3.6315000000e+01 3.7054204973e-09 3.6244599285e-06
3.6320000000e+01 4.3929890822e-09 3.6732144225e-06
3.6325000000e+01 5.2459970976e-09 3.7238988709e-06
3.6330000000e+01 6.0896184564e-09 3.7750033347e-06
3.6335000000e+01 6.7542689490e-09 3.8250343625e-06
3.6340000000e+01 7.1114092488e-09 3.8728156951e-06
3.6345000000e+01 7.0986906733e-09 3.9177158180e-06
3.6350000000e+01 6.7322306608e-09 3.9597568449e-06
3.6355000000e+01 6.1046988402e-09 3.9995840288e-06
3.6360000000e+01 5.3676904912e-09 4.0383011754e-06
3.6365000000e+01 4.6992280784e-09 4.0772037366e-06
3.6370000000e+01 4.2627006090e-09 4.1174657925e-06
3.6375000000e+01 4.1684210709e-09 4.1598519949e-06
3.6380000000e+01 4.4489666819e-09 4.2045223298e-06
3.6385000000e+01 5.0540897236e-09 4.2509744299e-06
3.6390000000e+01 5.8640440762e-09 4.2981331691e-06
3.6395000000e+01 6.7159780803e-09 4.3445633442e-06
3.6400000000e+01 7.4375619848e-09 4.3887576109e-06
3.6405000000e+01 7.8827485998e-09 4.4294399825e-06
3.6410000000e+01 7.9639471026e-09 4.4658226206e-06
3.6415000000e+01 7.6733168827e-09 4.4977600111e-06
3.6420000000e+01 7.0862335580e-09 4.5257628279e-06
3.6425000000e+01 6.3442769865e-09 4.5508646418e-06
3.6430000000e+01 5.6219275812e-09 4.5743713075e-06
3.6435000000e+01 5.0865695717e-09 4.5975524868e-06
3.6440000000e+01 4.8623122696e-09 4.6213465624e-06
3.6445000000e+01 5.0049504961e-09 4.6461425392e-06
3.6450000000e+01 5.4912401333e-09 4.6716822609e-06
3.6455000000e+01 6.2232395666e-09 4.6971015111e-06
3.6460000000e+01 7.0475639073e-09 4.7211028860e-06
3.6465000000e+01 7.7877095747e-09 4.7422270493e-06
3.6470000000e+01 8.2838183131e-09 4.7591649825e-06
3.6475000000e+01 8.4301069894e-09 4.7710400768e-06
3.6480000000e+01 8.1992365521e-09 4.7775936750e-06
3.6485000000e+01 7.6469522439e-09 4.7792319675e-06
3.6490000000e+01 6.8973264584e-09 4.7769272272e-06
3.6495000000e+01 6.1145033136e-09 4.7719994556e-06
3.6500000000e+01 5.4682737749e-09 4.7658271442e-06
3.6505000000e+01 5.0993396984e-09 4.7595470698e-06
3.6510000000e+01 5.0891275404e-09 4.7538050895e-06
3.6515000000e+01 5.4399566039e-09 4.7486126540e-06
3.6520000000e+01 6.0720246908e-09 4.7433443987e-06
3.6525000000e+01 6.8406844927e-09 4.7368807422e-06
3.6530000000e+01 7.5706143315e-09 4.7278633402e-06
3.6535000000e+01 8.0968172705e-09 4.7150031121e-06
3.6540000000e+01 8.3006722586e-09 4.6973702110e-06
3.6545000000e+01 8.1332357651e-09 4.6746036696e-06
3.6550000000e+01 7.6236578801e-09 4.6469989201e-06
3.6555000000e+01 6.8734659243e-09 4.6154564260e-06
3.6560000000e+01 6.0372621834e-09 4.5813007850e-06
3.6565000000e+01 5.2907640939e-09 4.5460059023e-06
3.6570000000e+01 4.7909553164e-09 4.5108847616e-06
3.6575000000e+01 4.6384762465e-09 4.4768143326e-06
3.6580000000e+01 4.8540514239e-09 4.4440599516e-06
3.6585000000e+01 5.3758816872e-09 4.4122388347e-06
3.6590000000e+01 6.0765212644e-09 4.3804277257e-06
3.6595000000e+01 6.7919109823e-09 4.3473870934e-06
3.6600000000e+01 7.3550493792e-09 4.3118519117e-06
3.6605000000e+01 7.6295609001e-09 4.2728283079e-06
3.6610000000e+01 7.5392922511e-09 4.2298344535e-06
3.6615000000e+01 7.0878571748e-09 4.1830328436e-06
3.6620000000e+01 6.3606888553e-09 4.1332214591e-06
3.6625000000e+01 5.5059583726e-09 4.0816825379e-06
3.6630000000e+01 4.6989123959e-09 4.0299226780e-06
3.6635000000e+01 4.1009802247e-09 3.9793649969e-06
3.6640000000e+01 3.8253615277e-09 3.9310637486e-06
3.6645000000e+01 3.9155392908e-09 3.8855029121e-06
3.6650000000e+01 4.3377394236e-09 3.8425190153e-06
3.6655000000e+01 4.9868557316e-09 3.8013625331e-06
3.6660000000e+01 5.7063200897e-09 3.7608857950e-06
3.6665000000e+01 6.3212154088e-09 3.7198199150e-06
3.6670000000e+01 6.6787954099e-09 3.6770818363e-06
3.6675000000e+01 6.6851593779e-09 3.6320419314e-06
3.6680000000e+01 6.3265647346e-09 3.5846894503e-06
3.6685000000e+01 5.6699875631e-09 3.5356579890e-06
3.6690000000e+01 4.8455839468e-09 3.4861079639e-06
3.6695000000e+01 4.0180291613e-09 3.4374957679e-06
3.6700000000e+01 3.3530617717e-09 3.3912812390e-06
3.6705000000e+01 2.9835747790e-09 3.3486346152e-06
3.6710000000e+01 2.9800415542e-09 3.3102035175e-06
3.6715000000e+01 3.3323530952e-09 3.2759906441e-06
3.6720000000e+01 3.9501276867e-09 3.2453723102e-06
3.6725000000e+01 4.6835475896e-09 3.2172571025e-06
3.6730000000e+01 5.3590426362e-09 3.1903494180e-06
3.6735000000e+01 5.8189639710e-09 3.1634561712e-06
3.6740000000e+01 5.9549322643e-09 3.1357661201e-06
3.6745000000e+01 5.7290172237e-09 3.1070413821e-06
3.6750000000e+01 5.1809487915e-09 3.0776831159e-06
3.6755000000e+01 4.4208975908e-09 3.0486596998e-06
3.6760000000e+01 3.6076902538e-09 3.0213116410e-06
3.6765000000e+01 2.9146451706e-09 2.9970719212e-06
3.6770000000e+01 2.4898503679e-09 2.9771609969e-06
3.6775000000e+01 2.4214786452e-09 2.9623255945e-06
3.6780000000e+01 2.7180986308e-09 2.9526827663e-06
3.6785000000e+01 3.3086343587e-09 2.9477049195e-06
3.6790000000e+01 4.0600284163e-09 2.9463462056e-06
3.6795000000e+01 4.8066136233e-09 2.9472783366e-06
3.6800000000e+01 5.3846665637e-09 2.9491831005e-06
3.6805000000e+01 5.6665240194e-09 2.9510406203e-06
3.6810000000e+01 5.5886804240e-09 2.9523539395e-06
3.6815000000e+01 5.1675692002e-09 2.9532608405e-06
3.6820000000e+01 4.4975783872e-09 2.9545047150e-06
3.6825000000e+01 3.7299940331e-09 2.9572674727e-06
3.6830000000e+01 3.0378134201e-09 2.9629018153e-06
3.6835000000e+01 2.5761987012e-09 2.9726257091e-06
3.6840000000e+01 2.4488942379e-09 2.9872491817e-06
3.6845000000e+01 2.6874914659e-09 3.0069921499e-06
3.6850000000e+01 3.2459613453e-09 3.0314290877e-06
3.6855000000e+01 4.0100991772e-09 3.0595701668e-06
3.6860000000e+01 4.8204919269e-09 3.0900629226e-06
3.6865000000e+01 5.5062080227e-09 3.1214742990e-06
3.6870000000e+01 5.9232456329e-09 3.1525929807e-06
3.6875000000e+01 5.9883422421e-09 3.1826831898e-06
3.6880000000e+01 5.6983278976e-09 3.2116302613e-06
3.6885000000e+01 5.1295008085e-09 3.2399449919e-06
3.6890000000e+01 4.4184570618e-09 3.2686289043e-06
3.6895000000e+01 3.7311371255e-09 3.2989339492e-06
3.6900000000e+01 3.2279399542e-09 3.3320699930e-06
3.6905000000e+01 3.0308971022e-09 3.3689210570e-06
3.6910000000e+01 3.1974652974e-09 3.4098291679e-06
3.6915000000e+01 3.7059686613e-09 3.4544934519e-06
3.6920000000e+01 4.4579664316e-09 3.5020101985e-06
3.6925000000e+01 5.2996830522e-09 3.5510481352e-06
3.6930000000e+01 6.0580662413e-09 3.6001196427e-06
3.6935000000e+01 6.5810433557e-09 3.6478846541e-06
3.6940000000e+01 6.7705646054e-09 3.6934179908e-06
3.6945000000e+01 6.6014344082e-09 3.7363828883e-06
3.6950000000e+01 6.1246846858e-09 3.7770765193e-06
3.6955000000e+01 5.4570999573e-09 3.8163397538e-06
3.6960000000e+01 4.7583548940e-09 3.8553492770e-06
3.6965000000e+01 4.1976292828e-09 3.8953341114e-06
3.6970000000e+01 3.9150719409e-09 3.9372773205e-06
3.6975000000e+01 3.9880465160e-09 3.9816707192e-06
3.6980000000e+01 4.4128771921e-09 4.0283800755e-06
3.6985000000e+01 5.1075427159e-09 4.0766514315e-06
3.6990000000e+01 5.9326433893e-09 4.1252545074e-06
3.6995000000e+01 6.7227238463e-09 4.1727282743e-06
3.7000000000e+01 7.3202383386e-09 4.2176742822e-06
3.7005000000e+01 7.6072994320e-09 4.2590363285e-06
3.7010000000e+01 7.5313680302e-09 4.2963083378e-06
3.7015000000e+01 7.1193961834e-09 4.3296249327e-06
3.7020000000e+01 6.4743214823e-09 4.3597117680e-06
3.7025000000e+01 5.7519104133e-09 4.3877037714e-06
3.7030000000e+01 5.1235978761e-09 4.4148718281e-06
3.7035000000e+01 4.7367448020e-09 4.4423213812e-06
3.7040000000e+01 4.6833410645e-09 4.4707317553e-06
3.7045000000e+01 4.9828050482e-09 4.5001924461e-06
3.7050000000e+01 5.5793088406e-09 4.5301687982e-06
3.7055000000e+01 6.3524871431e-09 4.5596023641e-06
3.7060000000e+01 7.1409572663e-09 4.5871253643e-06
3.7065000000e+01 7.7767303097e-09 4.6113457237e-06
3.7070000000e+01 8.1240401165e-09 4.6311419012e-06
3.7075000000e+01 8.1118301309e-09 4.6459008625e-06
3.7080000000e+01 7.7497593385e-09 4.6556434337e-06
3.7085000000e+01 7.1237711261e-09 4.6610082941e-06
3.7090000000e+01 6.3747471014e-09 4.6631006448e-06
3.7095000000e+01 5.6675973312e-09 4.6632424030e-06
3.7100000000e+01 5.1574431023e-09 4.6626796335e-06
3.7105000000e+01 4.9576283933e-09 4.6623086466e-06
3.7110000000e+01 5.1143544573e-09 4.6624774937e-06
3.7115000000e+01 5.5941394537e-09 4.6629061523e-06
3.7120000000e+01 6.2895514404e-09 4.6627460451e-06
3.7125000000e+01 7.0437125981e-09 4.6607688964e-06
3.7130000000e+01 7.6871503845e-09 4.6556430351e-06
3.7135000000e+01 8.0762891789e-09 4.6462329388e-06
3.7140000000e+01 8.1238083757e-09 4.6318534161e-06
3.7145000000e+01 7.8155289321e-09 4.6124236099e-06
3.7150000000e+01 7.2125732458e-09 4.5884907689e-06
3.7155000000e+01 6.4392583341e-09 4.5611210218e-06
3.7160000000e+01 5.6578855493e-09 4.5316796174e-06
3.7165000000e+01 5.0337245287e-09 4.5015450822e-06
3.7170000000e+01 4.6972903938e-09 4.4718181628e-06
3.7175000000e+01 4.7138043697e-09 4.4430915496e-06
3.7180000000e+01 5.0685805560e-09 4.4153346698e-06
3.7185000000e+01 5.6718683021e-09 4.3879200259e-06
3.7190000000e+01 6.3804086130e-09 4.3597825052e-06
3.7195000000e+01 7.0290908304e-09 4.3296728685e-06
3.7200000000e+01 7.4656280556e-09 4.2964490088e-06
3.7205000000e+01 7.5823480259e-09 4.2593440736e-06
3.7210000000e+01 7.3398623825e-09 4.2181560031e-06
3.7215000000e+01 6.7773829899e-09 4.1733168738e-06
3.7220000000e+01 6.0056604106e-09 4.1258233963e-06
3.7225000000e+01 5.1824599665e-09 4.0770407571e-06
3.7230000000e+01 4.4761724458e-09 4.0284235356e-06
3.7235000000e+01 4.0274105426e-09 3.9812186026e-06
3.7240000000e+01 3.9185964539e-09 3.9362178003e-06
3.7245000000e+01 4.1578224828e-09 3.8936133051e-06
3.7250000000e+01 4.6785339487e-09 3.8529835252e-06
3.7255000000e+01 5.3535961509e-09 3.8134103741e-06
3.7260000000e+01 6.0212682571e-09 3.7737038825e-06
3.7265000000e+01 6.5195163396e-09 3.7326884623e-06
3.7270000000e+01 6.7225175655e-09 3.6894894053e-06
3.7275000000e+01 6.5704299008e-09 3.6437543117e-06
3.7280000000e+01 6.0835946981e-09 3.5957571994e-06
3.7285000000e+01 5.3568484237e-09 3.5463615174e-06
3.7290000000e+01 4.5364655534e-09 3.4968529466e-06
3.7295000000e+01 3.7872438407e-09 3.4486820827e-06
3.7300000000e+01 3.2579155307e-09 3.4031737904e-06
3.7305000000e+01 3.0508234786e-09 3.3612639313e-06
3.7310000000e+01 3.2000005304e-09 3.3233181043e-06
3.7315000000e+01 3.6618651035e-09 3.2890723260e-06
3.7320000000e+01 4.3226307941e-09 3.2577117905e-06
3.7325000000e+01 5.0232883456e-09 3.2280729622e-06
3.7330000000e+01 5.5968041042e-09 3.1989237168e-06
3.7335000000e+01 5.9069150240e-09 3.1692565686e-06
3.7340000000e+01 5.8776490149e-09 3.1385282927e-06
3.7345000000e+01 5.5074888034e-09 3.1067946032e-06
3.7350000000e+01 4.8678464652e-09 3.0747137341e-06
3.7355000000e+01 4.0882719227e-09 3.0434199820e-06
3.7360000000e+01 3.3306839118e-09 3.0142932927e-06
3.7365000000e+01 2.7553054952e-09 2.9886721399e-06
3.7370000000e+01 2.4841131171e-09 2.9675713628e-06
3.7375000000e+01 2.5713646428e-09 2.9514689453e-06
3.7380000000e+01 2.9907312351e-09 2.9402117081e-06
3.7385000000e+01 3.6430002807e-09 2.9330613968e-06
3.7390000000e+01 4.3805782184e-09 2.9288685290e-06
3.7395000000e+01 5.0404182400e-09 2.9263326584e-06
3.7400000000e+01 5.4775862854e-09 2.9242914366e-06
3.7405000000e+01 5.5946032795e-09 2.9219776732e-06
3.7410000000e+01 5.3628824930e-09 2.9191908503e-06
3.7415000000e+01 4.8314796186e-09 2.9163454428e-06
3.7420000000e+01 4.1184249837e-09 2.9143825969e-06
3.7425000000e+01 3.3841627544e-09 2.9145620139e-06
3.7430000000e+01 2.7936425731e-09 2.9181803029e-06
3.7435000000e+01 2.4783716704e-09 2.9262807607e-06
3.7440000000e+01 2.5086675346e-09 2.9394206239e-06
3.7445000000e+01 2.8809283224e-09 2.9575458959e-06
3.7450000000e+01 3.5197160844e-09 2.9799979578e-06
3.7455000000e+01 4.2928230811e-09 3.0056484720e-06
3.7460000000e+01 5.0377422172e-09 3.0331343283e-06
3.7465000000e+01 5.5965752015e-09 3.0611443182e-06
3.7470000000e+01 5.8525073283e-09 3.0886961971e-06
3.7475000000e+01 5.7577597273e-09 3.1153415013e-06
3.7480000000e+01 5.3442955767e-09 3.1412499431e-06
3.7485000000e+01 4.7146917529e-09 3.1671538288e-06
3.7490000000e+01 4.0174849261e-09 3.1941671026e-06
3.7495000000e+01 3.4146642261e-09 3.2235220906e-06
3.7500000000e+01 3.0482129115e-09 3.2562824827e-06
3.7505000000e+01 3.0106650563e-09 3.2930929541e-06
3.7510000000e+01 3.3242752411e-09 3.3340173367e-06
3.7515000000e+01 3.9340074494e-09 3.3785007370e-06
3.7520000000e+01 4.7182278975e-09 3.4254668915e-06
3.7525000000e+01 5.5162166322e-09 3.4735322115e-06
3.7530000000e+01 6.1655037292e-09 3.5212890930e-06
3.7535000000e+01 6.5385767012e-09 3.5675930672e-06
3.7540000000e+01 6.5697938117e-09 3.6117883119e-06
3.7545000000e+01 6.2677583343e-09 3.6538231224e-06
3.7550000000e+01 5.7125515516e-09 3.6942335610e-06
3.7555000000e+01 5.0392379723e-09 3.7340011202e-06
3.7560000000e+01 4.4099798463e-09 3.7743142384e-06
3.7565000000e+01 3.9789417953e-09 3.8162826353e-06
3.7570000000e+01 3.8571499187e-09 3.8606656630e-06
3.7575000000e+01 4.0863950660e-09 3.9076764304e-06
3.7580000000e+01 4.6297076953e-09 3.9569081901e-06
3.7585000000e+01 5.3808294316e-09 4.0074001955e-06
3.7590000000e+01 6.1891532263e-09 4.0578260345e-06
3.7595000000e+01 6.8929556145e-09 4.1067597694e-06
3.7600000000e+01 7.3534375028e-09 4.1529610206e-06
3.7605000000e+01 7.4836067592e-09 4.1956193767e-06
3.7610000000e+01 7.2672820029e-09 4.2345076404e-06
3.7615000000e+01 6.7640866919e-09 4.2700102563e-06
3.7620000000e+01 6.0977489025e-09 4.3030176365e-06
3.7625000000e+01 5.4287218496e-09 4.3347070119e-06
3.7630000000e+01 4.9172723184e-09 4.3662587641e-06
3.7635000000e+01 4.6868697218e-09 4.3985739600e-06
3.7640000000e+01 4.7974266446e-09 4.4320574260e-06
3.7645000000e+01 5.2339291149e-09 4.4665127130e-06
3.7650000000e+01 5.9110620240e-09 4.5011685768e-06
3.7655000000e+01 6.6913602306e-09 4.5348293379e-06
3.7660000000e+01 7.4134784573e-09 4.5661178654e-06
3.7665000000e+01 7.9264212356e-09 4.5937612056e-06
3.7670000000e+01 8.1235374618e-09 4.6168574394e-06
3.7675000000e+01 7.9679196808e-09 4.6350630484e-06
3.7680000000e+01 7.5014246736e-09 4.6486565170e-06
3.7685000000e+01 6.8342222083e-09 4.6584635938e-06
3.7690000000e+01 6.1184390241e-09 4.6656632642e-06
3.7695000000e+01 5.5140212942e-09 4.6715201167e-06
3.7700000000e+01 5.1551494093e-09 4.6771021147e-06
3.7705000000e+01 5.1229265219e-09 4.6830429648e-06
3.7710000000e+01 5.4279623326e-09 4.6893985241e-06
3.7715000000e+01 6.0062157559e-09 4.6956290340e-06
3.7720000000e+01 6.7310343682e-09 4.7007139608e-06
3.7725000000e+01 7.4410439047e-09 4.7033765209e-06
3.7730000000e+01 7.9777483811e-09 4.7023677627e-06
3.7735000000e+01 8.2222066789e-09 4.6967447686e-06
3.7740000000e+01 8.1206150043e-09 4.6860799278e-06
3.7745000000e+01 7.6937116121e-09 4.6705565780e-06
3.7750000000e+01 7.0305846958e-09 4.6509331397e-06
3.7755000000e+01 6.2700636614e-09 4.6283852611e-06
3.7760000000e+01 5.5727224875e-09 4.6042590933e-06
3.7765000000e+01 5.0868642241e-09 4.5797868656e-06
3.7770000000e+01 4.9145679278e-09 4.5558260121e-06
3.7775000000e+01 5.0868294548e-09 4.5326809888e-06
3.7780000000e+01 5.5560422400e-09 4.5100497283e-06
3.7785000000e+01 6.2083348179e-09 4.4871071368e-06
3.7790000000e+01 6.8910134723e-09 4.4627049680e-06
3.7795000000e+01 7.4464123747e-09 4.4356413083e-06
3.7800000000e+01 7.7444049823e-09 4.4049400915e-06
3.7805000000e+01 7.7088246570e-09 4.3700816987e-06
3.7810000000e+01 7.3343982625e-09 4.3311366019e-06
3.7815000000e+01 6.6902189486e-09 4.2887726416e-06
3.7820000000e+01 5.9063938952e-09 4.2441316884e-06
3.7825000000e+01 5.1447868399e-09 4.1986004132e-06
3.7830000000e+01 4.5610928926e-09 4.1535259948e-06
3.7835000000e+01 4.2692712356e-09 4.1099419815e-06
3.7840000000e+01 4.3177045802e-09 4.0683665079e-06
3.7845000000e+01 4.6810333715e-09 4.0287161173e-06
3.7850000000e+01 5.2668006992e-09 3.9903510087e-06
3.7855000000e+01 5.9343767803e-09 3.9522398560e-06
3.7860000000e+01 6.5236509514e-09 3.9132092359e-06
3.7865000000e+01 6.8896659760e-09 3.8722258249e-06
3.7870000000e+01 6.9361530339e-09 3.8286507323e-06
3.7875000000e+01 6.6387010052e-09 3.7824083247e-06
3.7880000000e+01 6.0502622954e-09 3.7340294421e-06
3.7885000000e+01 5.2876927026e-09 3.6845585423e-06
3.7890000000e+01 4.5043387017e-09 3.6353473262e-06
3.7895000000e+01 3.8565990315e-09 3.5877830947e-06
3.7900000000e+01 3.4715120343e-09 3.5430119497e-06
3.7905000000e+01 3.4203996986e-09 3.5017150269e-06
3.7910000000e+01 3.7027850287e-09 3.4639839858e-06
3.7915000000e+01 4.2447124637e-09 3.4293229397e-06
3.7920000000e+01 4.9138701876e-09 3.3967790660e-06
3.7925000000e+01 5.5494249094e-09 3.3651756384e-06
3.7930000000e+01 5.9991735733e-09 3.3333957029e-06
3.7935000000e+01 6.1539112896e-09 3.3006510160e-06
3.7940000000e+01 5.9705200029e-09 3.2666749333e-06
3.7945000000e+01 5.4797142177e-09 3.2317979277e-06
3.7950000000e+01 4.7785746160e-09 3.1968923360e-06
3.7955000000e+01 4.0102317001e-09 3.1632003179e-06
3.7960000000e+01 3.3340647564e-09 3.1320812870e-06
3.7965000000e+01 2.8912522958e-09 3.1047310484e-06
3.7970000000e+01 2.7727175853e-09 3.0819329156e-06
3.7975000000e+01 2.9976822003e-09 3.0638973581e-06
3.7980000000e+01 3.5091485407e-09 3.0502284324e-06
3.7985000000e+01 4.1876609058e-09 3.0400250883e-06
3.7990000000e+01 4.8790596301e-09 3.0320926208e-06
3.7995000000e+01 5.4285680893e-09 3.0252147774e-06
3.8000000000e+01 5.7134948651e-09 3.0184264351e-06
3.8005000000e+01 5.6687211705e-09 3.0112296734e-06
3.8010000000e+01 5.3009066201e-09 3.0037085517e-06
3.8015000000e+01 4.6883904710e-09 2.9965171924e-06
3.8020000000e+01 3.9653479911e-09 2.9907409275e-06
3.8025000000e+01 3.2921920747e-09 2.9876586766e-06
3.8030000000e+01 2.8188088096e-09 2.9884595434e-06
3.8035000000e+01 2.6503284850e-09 2.9939789238e-06
3.8040000000e+01 2.8244001671e-09 3.0045140086e-06
3.8045000000e+01 3.3046473256e-09 3.0197578832e-06
3.8050000000e+01 3.9899290170e-09 3.0388635413e-06
3.8055000000e+01 4.7359872440e-09 3.0606221788e-06
3.8060000000e+01 5.3853005349e-09 3.0837182626e-06
3.8065000000e+01 5.8005624700e-09 3.1070083806e-06
3.8070000000e+01 5.8956698870e-09 3.1297637209e-06
3.8075000000e+01 5.6565119897e-09 3.1518209587e-06
3.8080000000e+01 5.1448817669e-09 3.1736056476e-06
3.8085000000e+01 4.4836498772e-09 3.1960225251e-06
3.8090000000e+01 3.8277374734e-09 3.2202392552e-06
3.8095000000e+01 3.3294770674e-09 3.2474138397e-06
3.8100000000e+01 3.1066687195e-09 3.2784257049e-06
3.8105000000e+01 3.2186983768e-09 3.3136670003e-06
3.8110000000e+01 3.6537455476e-09 3.3529375411e-06
3.8115000000e+01 4.3295756343e-09 3.3954667891e-06
3.8120000000e+01 5.1097272544e-09 3.4400606959e-06
3.8125000000e+01 5.8336355207e-09 3.4853432354e-06
3.8130000000e+01 6.3539190665e-09 3.5300388523e-06
3.8135000000e+01 6.5703597936e-09 3.5732311187e-06
3.8140000000e+01 6.4512366860e-09 3.6145391546e-06
3.8145000000e+01 6.0379820185e-09 3.6541743269e-06
3.8150000000e+01 5.4346322887e-09 3.6928676839e-06
3.8155000000e+01 4.7859457986e-09 3.7316855826e-06
3.8160000000e+01 4.2478619991e-09 3.7717726487e-06
3.8165000000e+01 3.9542258059e-09 3.8140758787e-06
3.8170000000e+01 3.9859610425e-09 3.8591094959e-06
3.8175000000e+01 4.3510452739e-09 3.9068139861e-06
3.8180000000e+01 4.9821974371e-09 3.9565429110e-06
3.8185000000e+01 5.7534045808e-09 4.0071810382e-06
3.8190000000e+01 6.5096857788e-09 4.0573658122e-06
3.8195000000e+01 7.1012015795e-09 4.1057610403e-06
3.8200000000e+01 7.4141119976e-09 4.1513224859e-06
3.8205000000e+01 7.3936448891e-09 4.1934994091e-06
3.8210000000e+01 7.0563804659e-09 4.2323302751e-06
3.8215000000e+01 6.4886615372e-09 4.2684116407e-06
3.8220000000e+01 5.8291010292e-09 4.3027447219e-06
3.8225000000e+01 5.2373461291e-09 4.3364913177e-06
3.8230000000e+01 4.8568279228e-09 4.3706932930e-06
3.8235000000e+01 4.7820872626e-09 4.4060199007e-06
3.8240000000e+01 5.0391081813e-09 4.4426003341e-06
3.8245000000e+01 5.5817198594e-09 4.4799773651e-06
3.8250000000e+01 6.3025260200e-09 4.5171894922e-06
3.8255000000e+01 7.0551365418e-09 4.5529619614e-06
3.8260000000e+01 7.6843506210e-09 4.5859660155e-06
3.8265000000e+01 8.0598000297e-09 4.6150922622e-06
3.8270000000e+01 8.1060541923e-09 4.6396794195e-06
3.8275000000e+01 7.8208620850e-09 4.6596466140e-06
3.8280000000e+01 7.2756448492e-09 4.6754975172e-06
3.8285000000e+01 6.5981327161e-09 4.6881946979e-06
3.8290000000e+01 5.9427741579e-09 4.6989339242e-06
3.8295000000e+01 5.4570285265e-09 4.7088707396e-06
3.8300000000e+01 5.2506372250e-09 4.7188597735e-06
3.8305000000e+01 5.3728042883e-09 4.7292616662e-06
3.8310000000e+01 5.8009670329e-09 4.7398574445e-06
3.8315000000e+01 6.4441621662e-09 4.7498891742e-06
3.8320000000e+01 7.1620016036e-09 4.7582205227e-06
3.8325000000e+01 7.7961456671e-09 4.7635842033e-06
3.8330000000e+01 8.2066358680e-09 4.7648613839e-06
3.8335000000e+01 8.3034275952e-09 4.7613289062e-06
3.8340000000e+01 8.0653628677e-09 4.7528181085e-06
3.8345000000e+01 7.5432734399e-09 4.7397514832e-06
3.8350000000e+01 6.8481365087e-09 4.7230520915e-06
3.8355000000e+01 6.1275538107e-09 4.7039472607e-06
3.8360000000e+01 5.5347873274e-09 4.6837082105e-06
3.8365000000e+01 5.1956280886e-09 4.6633798670e-06
3.8370000000e+01 5.1798546052e-09 4.6435590234e-06
3.8375000000e+01 5.4845615796e-09 4.6242713867e-06
3.8380000000e+01 6.0344909632e-09 4.6049772415e-06
3.8385000000e+01 6.6996732338e-09 4.5847050304e-06
3.8390000000e+01 7.3253852827e-09 4.5622811803e-06
3.8395000000e+01 7.7663839719e-09 4.5366029738e-06
3.8400000000e+01 7.9176302783e-09 4.5068943480e-06
3.8405000000e+01 7.7359936830e-09 4.4728909411e-06
3.8410000000e+01 7.2496277295e-09 4.4349161699e-06
3.8415000000e+01 6.5530854960e-09 4.3938313203e-06
3.8420000000e+01 5.7878758020e-09 4.3508679516e-06
3.8425000000e+01 5.1113011299e-09 4.3073773447e-06
3.8430000000e+01 4.6604923894e-09 4.2645527835e-06
3.8435000000e+01 4.5210908237e-09 4.2231883595e-06
3.8440000000e+01 4.7088419700e-09 4.1835288592e-06
3.8445000000e+01 5.1678273022e-09 4.1452423508e-06
3.8450000000e+01 5.7839758629e-09 4.1075185719e-06
3.8455000000e+01 6.4095830473e-09 4.0692700952e-06
3.8460000000e+01 6.8940460848e-09 4.0293935765e-06
3.8465000000e+01 7.1159656930e-09 3.9870363356e-06
3.8470000000e+01 7.0106991297e-09 3.9418105474e-06
3.8475000000e+01 6.5863902058e-09 3.8939061020e-06
3.8480000000e+01 5.9229401208e-09 3.8440747966e-06
3.8485000000e+01 5.1532701576e-09 3.7934889000e-06
3.8490000000e+01 4.4322837707e-09 3.7435072768e-06
3.8495000000e+01 3.9024230085e-09 3.6954027455e-06
3.8500000000e+01 3.6639395158e-09 3.6501105009e-06
3.8505000000e+01 3.7547731198e-09 3.6080504330e-06
3.8510000000e+01 4.1424127658e-09 3.5690601198e-06
3.8515000000e+01 4.7293586242e-09 3.5324534317e-06
3.8520000000e+01 5.3729134869e-09 3.4971941596e-06
3.8525000000e+01 5.9168445554e-09 3.4621482631e-06
3.8530000000e+01 6.2276734043e-09 3.4263585287e-06
3.8535000000e+01 6.2254543584e-09 3.3892787956e-06
3.8540000000e+01 5.9006468917e-09 3.3509147592e-06
3.8545000000e+01 5.3141272499e-09 3.3118414987e-06
3.8550000000e+01 4.5826597838e-09 3.2730963948e-06
3.8555000000e+01 3.8543221562e-09 3.2359721905e-06
3.8560000000e+01 3.2781041834e-09 3.2017542674e-06
3.8565000000e+01 2.9720171662e-09 3.1714573233e-06
3.8570000000e+01 2.9958376080e-09 3.1456183041e-06
3.8575000000e+01 3.3360310227e-09 3.1241925966e-06
3.8580000000e+01 3.9084052528e-09 3.1065785555e-06
3.8585000000e+01 4.5783168334e-09 3.0917654273e-06
3.8590000000e+01 5.1921161423e-09 3.0785702127e-06
3.8595000000e+01 5.6108748280e-09 3.0659090992e-06
3.8600000000e+01 5.7390448965e-09 3.0530436237e-06
3.8605000000e+01 5.5438290709e-09 3.0397496146e-06
3.8610000000e+01 5.0627700359e-09 3.0263739869e-06
3.8615000000e+01 4.3974028571e-09 3.0137668230e-06
3.8620000000e+01 3.6922190204e-09 3.0031014295e-06
3.8625000000e+01 3.1021704404e-09 2.9956199816e-06
3.8630000000e+01 2.7567351007e-09 2.9923611375e-06
3.8635000000e+01 2.7305677813e-09 2.9939318406e-06
3.8640000000e+01 3.0281832889e-09 3.0003750684e-06
3.8645000000e+01 3.5848361059e-09 3.0111616063e-06
3.8650000000e+01 4.2813758096e-09 3.0253050645e-06
3.8655000000e+01 4.9691883744e-09 3.0415734165e-06
3.8660000000e+01 5.5011461057e-09 3.0587518361e-06
3.8665000000e+01 5.7636026991e-09 3.0759016841e-06
3.8670000000e+01 5.7026736100e-09 3.0925598869e-06
3.8675000000e+01 5.3375051110e-09 3.1088333886e-06
3.8680000000e+01 4.7560208010e-09 3.1253654954e-06
3.8685000000e+01 4.0941349160e-09 3.1431809192e-06
3.8690000000e+01 3.5045839554e-09 3.1634455724e-06
3.8695000000e+01 3.1235904995e-09 3.1871963688e-06
3.8700000000e+01 3.0423867529e-09 3.2151006648e-06
3.8705000000e+01 3.2882776260e-09 3.2472959546e-06
3.8710000000e+01 3.8182571431e-09 3.2833427226e-06
3.8715000000e+01 4.5270503033e-09 3.3223009519e-06
3.8720000000e+01 5.2693288113e-09 3.3629159044e-06
3.8725000000e+01 5.8921477070e-09 3.4038744050e-06
3.8730000000e+01 6.2698664669e-09 3.4440747758e-06
3.8735000000e+01 6.3324223134e-09 3.4828486264e-06
3.8740000000e+01 6.0799889492e-09 3.5200841886e-06
3.8745000000e+01 5.5815231428e-09 3.5562252848e-06
3.8750000000e+01 4.9589428490e-09 3.5921489546e-06
3.8755000000e+01 4.3610490638e-09 3.6289500797e-06
3.8760000000e+01 3.9321220338e-09 3.6676789549e-06
3.8765000000e+01 3.7807073437e-09 3.7090868632e-06
3.8770000000e+01 3.9549245099e-09 3.7534346294e-06
3.8775000000e+01 4.4306059419e-09 3.8004080041e-06
3.8780000000e+01 5.1162357427e-09 3.8491609982e-06
3.8785000000e+01 5.8740030382e-09 3.8984781355e-06
3.8790000000e+01 6.5513331924e-09 3.9470179131e-06
3.8795000000e+01 7.0145904876e-09 3.9935816875e-06
3.8800000000e+01 7.1772686529e-09 4.0373489793e-06
3.8805000000e+01 7.0176307878e-09 4.0780299389e-06
3.8810000000e+01 6.5833195703e-09 4.1159037401e-06
3.8815000000e+01 5.9820620888e-09 4.1517342161e-06
3.8820000000e+01 5.3592026253e-09 4.1865789481e-06
3.8825000000e+01 4.8656306944e-09 4.2215320374e-06
3.8830000000e+01 4.6232259421e-09 4.2574579293e-06
3.8835000000e+01 4.6969034593e-09 4.2947772918e-06
3.8840000000e+01 5.0807089519e-09 4.3333534369e-06
3.8845000000e+01 5.7006792387e-09 4.3725030482e-06
3.8850000000e+01 6.4321554715e-09 4.4111263502e-06
3.8855000000e+01 7.1265362216e-09 4.4479270388e-06
3.8860000000e+01 7.6422212381e-09 4.4816751830e-06
3.8865000000e+01 7.8747733471e-09 4.5114578287e-06
3.8870000000e+01 7.7806922525e-09 4.5368630622e-06
3.8875000000e+01 7.3886303409e-09 4.5580554779e-06
3.8880000000e+01 6.7936815443e-09 4.5757243191e-06
3.8885000000e+01 6.1352579482e-09 4.5909154618e-06
3.8890000000e+01 5.5647106682e-09 4.6047861707e-06
3.8895000000e+01 5.2117393190e-09 4.6183386398e-06
3.8900000000e+01 5.1573765537e-09 4.6321908212e-06
3.8905000000e+01 5.4178700331e-09 4.6464327580e-06
3.8910000000e+01 5.9411417195e-09 4.6605980597e-06
3.8915000000e+01 6.6165710040e-09 4.6737571018e-06
3.8920000000e+01 7.2978088206e-09 4.6847136327e-06
3.8925000000e+01 7.8352846087e-09 4.6922632149e-06
3.8930000000e+01 8.1108680886e-09 4.6954560602e-06
3.8935000000e+01 8.0650311144e-09 4.6938043228e-06
3.8940000000e+01 7.7091449855e-09 4.6873870248e-06
3.8945000000e+01 7.1210367232e-09 4.6768306341e-06
3.8950000000e+01 6.4269182207e-09 4.6631718906e-06
3.8955000000e+01 5.7747252643e-09 4.6476341466e-06
3.8960000000e+01 5.3035266352e-09 4.6313650971e-06
3.8965000000e+01 5.1136116894e-09 4.6151912429e-06
3.8970000000e+01 5.2431623828e-09 4.5994421660e-06
3.8975000000e+01 5.6581420636e-09 4.5838846423e-06
3.8980000000e+01 6.2595953161e-09 4.5677831422e-06
3.8985000000e+01 6.9069810756e-09 4.5500738153e-06
3.8990000000e+01 7.4506582894e-09 4.5296119351e-06
3.8995000000e+01 7.7646233633e-09 4.5054363340e-06
3.9000000000e+01 7.7724910300e-09 4.4769925824e-06
3.9005000000e+01 7.4629071314e-09 4.4442678528e-06
3.9010000000e+01 6.8924923719e-09 4.4078098174e-06
3.9015000000e+01 6.1751245059e-09 4.3686252778e-06
3.9020000000e+01 5.4579952817e-09 4.3279786920e-06
3.9025000000e+01 4.8885617364e-09 4.2871330853e-06
3.9030000000e+01 4.5805184732e-09 4.2470907215e-06
3.9035000000e+01 4.5881306479e-09 4.2083926471e-06
3.9040000000e+01 4.8953584520e-09 4.1710225405e-06
3.9045000000e+01 5.4210450041e-09 4.1344349768e-06
3.9050000000e+01 6.0372747225e-09 4.0976994418e-06
3.9055000000e+01 6.5963940970e-09 4.0597271147e-06
3.9060000000e+01 6.9620206328e-09 4.0195317392e-06
3.9065000000e+01 7.0388009386e-09 3.9764695919e-06
3.9070000000e+01 6.7945633634e-09 3.9304067391e-06
3.9075000000e+01 6.2686610500e-09 3.8817753100e-06
3.9080000000e+01 5.5633110864e-09 3.8315041166e-06
3.9085000000e+01 4.8199073345e-09 3.7808383028e-06
3.9090000000e+01 4.1868878435e-09 3.7310894407e-06
3.9095000000e+01 3.7873864020e-09 3.6833731145e-06
3.9100000000e+01 3.6935110922e-09 3.6383916931e-06
3.9105000000e+01 3.9115354918e-09 3.5963078063e-06
3.9110000000e+01 4.3802549438e-09 3.5567341321e-06
3.9115000000e+01 4.9832605491e-09 3.5188418453e-06
3.9120000000e+01 5.5737530034e-09 3.4815660449e-06
3.9125000000e+01 6.0072797558e-09 3.4438647408e-06
3.9130000000e+01 6.1746960198e-09 3.4049738017e-06
3.9135000000e+01 6.0268232657e-09 3.3645994615e-06
3.9140000000e+01 5.5846828022e-09 3.3230046113e-06
3.9145000000e+01 4.9336657876e-09 3.2809709782e-06
3.9150000000e+01 4.2042018408e-09 3.2396479306e-06
3.9155000000e+01 3.5437907819e-09 3.2003222495e-06
3.9160000000e+01 3.0858512923e-09 3.1641580010e-06
3.9165000000e+01 2.9209516883e-09 3.1319611855e-06
3.9170000000e+01 3.0762177269e-09 3.1040200022e-06
3.9175000000e+01 3.5082300875e-09 3.0800573952e-06
3.9180000000e+01 4.1122528537e-09 3.0593084540e-06
3.9185000000e+01 4.7461744118e-09 3.0407059159e-06
3.9190000000e+01 5.2629658492e-09 3.0231310006e-06
3.9195000000e+01 5.5432131373e-09 3.0056723480e-06
3.9200000000e+01 5.5202961315e-09 2.9878362309e-06
3.9205000000e+01 5.1937814578e-09 2.9696640166e-06
3.9210000000e+01 4.6294210024e-09 2.9517329765e-06
3.9215000000e+01 3.9458794104e-09 2.9350398712e-06
3.9220000000e+01 3.2898463801e-09 2.9207906952e-06
3.9225000000e+01 2.8036977256e-09 2.9101411922e-06
3.9230000000e+01 2.5929121178e-09 2.9039459110e-06
3.9235000000e+01 2.7018434558e-09 2.9025731251e-06
3.9240000000e+01 3.1043954720e-09 2.9058274499e-06
3.9245000000e+01 3.7112691398e-09 2.9129959620e-06
3.9250000000e+01 4.3905694590e-09 2.9230053843e-06
3.9255000000e+01 4.9961453575e-09 2.9346548489e-06
3.9260000000e+01 5.3981011373e-09 2.9468744795e-06
3.9265000000e+01 5.5105167955e-09 2.9589551850e-06
3.9270000000e+01 5.3111825245e-09 2.9706998377e-06
3.9275000000e+01 4.8480392553e-09 2.9824611165e-06
3.9280000000e+01 4.2291239141e-09 2.9950557666e-06
3.9285000000e+01 3.5976288188e-09 3.0095739433e-06
3.9290000000e+01 3.0988446577e-09 3.0271273462e-06
3.9295000000e+01 2.8480247135e-09 3.0485933610e-06
3.9300000000e+01 2.9064953496e-09 3.0744113381e-06
3.9305000000e+01 3.2696912877e-09 3.1044738267e-06
3.9310000000e+01 3.8680698541e-09 3.1381349502e-06
3.9315000000e+01 4.5807992457e-09 3.1743344231e-06
3.9320000000e+01 5.2609804219e-09 3.2118119507e-06
3.9325000000e+01 5.7683238374e-09 3.2493663921e-06
3.9330000000e+01 6.0016140892e-09 3.2861021681e-06
3.9335000000e+01 5.9219339725e-09 3.3216068463e-06
3.9340000000e+01 5.5603705707e-09 3.3560198009e-06
3.9345000000e+01 5.0093810929e-09 3.3899779213e-06
3.9350000000e+01 4.4016642442e-09 3.4244524743e-06
3.9355000000e+01 3.8820272518e-09 3.4605140154e-06
3.9360000000e+01 3.5772425813e-09 3.4990758825e-06
3.9365000000e+01 3.5686345830e-09 3.5406706171e-06
3.9370000000e+01 3.8729385328e-09 3.5853077369e-06
3.9375000000e+01 4.4370720306e-09 3.6324455008e-06
3.9380000000e+01 5.1496871920e-09 3.6810848443e-06
3.9385000000e+01 5.8670492530e-09 3.7299652630e-06
3.9390000000e+01 6.4459357586e-09 3.7778180374e-06
3.9395000000e+01 6.7748256344e-09 3.8236193568e-06
3.9400000000e+01 6.7967992444e-09 3.8667877457e-06
3.9405000000e+01 6.5208290040e-09 3.9072843620e-06
3.9410000000e+01 6.0202206263e-09 3.9455960342e-06
3.9415000000e+01 5.4179780431e-09 3.9826046932e-06
3.9420000000e+01 4.8606105144e-09 4.0193700303e-06
3.9425000000e+01 4.4852064666e-09 4.0568716307e-06
3.9430000000e+01 4.3878334568e-09 4.0957678095e-06
3.9435000000e+01 4.6018269622e-09 4.1362262132e-06
3.9440000000e+01 5.0913629943e-09 4.1778647491e-06
3.9445000000e+01 5.7607086893e-09 4.2198149441e-06
3.9450000000e+01 6.4756101111e-09 4.2608916701e-06
3.9455000000e+01 7.0917527949e-09 4.2998308832e-06
3.9460000000e+01 7.4851655457e-09 4.3355443864e-06
3.9465000000e+01 7.5792351515e-09 4.3673378956e-06
3.9470000000e+01 7.3625297534e-09 4.3950453954e-06
3.9475000000e+01 6.8923497555e-09 4.4190489296e-06
3.9480000000e+01 6.2820592021e-09 4.4401774903e-06
3.9485000000e+01 5.6750530072e-09 4.4595068848e-06
3.9490000000e+01 5.2122702565e-09 4.4781063384e-06
3.9495000000e+01 5.0014080273e-09 4.4967895268e-06
3.9500000000e+01 5.0943789606e-09 4.5159247845e-06
3.9505000000e+01 5.4767789760e-09 4.5353442135e-06
3.9510000000e+01 6.0707871040e-09 4.5543697945e-06
3.9515000000e+01 6.7511788364e-09 4.5719510354e-06
3.9520000000e+01 7.3720907264e-09 4.5868859936e-06
3.9525000000e+01 7.7994265650e-09 4.5980787057e-06
3.9530000000e+01 7.9413701612e-09 4.6047758449e-06
3.9535000000e+01 7.7691520262e-09 4.6067284979e-06
3.9540000000e+01 7.3228391666e-09 4.6042423271e-06
3.9545000000e+01 6.7013932280e-09 4.5981062013e-06
3.9550000000e+01 6.0403532263e-09 4.5894172380e-06
3.9555000000e+01 5.4826490588e-09 4.5793416868e-06
3.9560000000e+01 5.1483484331e-09 4.5688628440e-06
3.9565000000e+01 5.1087869887e-09 4.5585691883e-06
3.9570000000e+01 5.3702431435e-09 4.5485286047e-06
3.9575000000e+01 5.8714655541e-09 4.5382778313e-06
3.9580000000e+01 6.4968133881e-09 4.5269313887e-06
3.9585000000e+01 7.1025242289e-09 4.5133862261e-06
3.9590000000e+01 7.5494577634e-09 4.4965752926e-06
3.9595000000e+01 7.7338692136e-09 4.4757124664e-06
3.9600000000e+01 7.6091885233e-09 4.4504751748e-06
3.9605000000e+01 7.1950799552e-09 4.4210865642e-06
3.9610000000e+01 6.5730621205e-09 4.3882808315e-06
3.9615000000e+01 5.8697433174e-09 4.3531589008e-06
3.9620000000e+01 5.2301312035e-09 4.3169641346e-06
3.9625000000e+01 4.7856543232e-09 4.2808259518e-06
3.9630000000e+01 4.6240604311e-09 4.2455283732e-06
3.9635000000e+01 4.7691995712e-09 4.2113562690e-06
3.9640000000e+01 5.1762601631e-09 4.1780540422e-06
3.9645000000e+01 5.7430831911e-09 4.1449046487e-06
3.9650000000e+01 6.3335161409e-09 4.1109094784e-06
3.9655000000e+01 6.8066928844e-09 4.0750287116e-06
3.9660000000e+01 7.0465117533e-09 4.0364305721e-06
3.9665000000e+01 6.9864799889e-09 3.9946966231e-06
3.9670000000e+01 6.6252306348e-09 3.9499384931e-06
3.9675000000e+01 6.0283134978e-09 3.9027989369e-06
3.9680000000e+01 5.3142087942e-09 3.8543351907e-06
3.9685000000e+01 4.6271714497e-09 3.8058100431e-06
3.9690000000e+01 4.1041480639e-09 3.7584380862e-06
3.9695000000e+01 3.8446430785e-09 3.7131444680e-06
3.9700000000e+01 3.8902895871e-09 3.6703889340e-06
3.9705000000e+01 4.2171002583e-09 3.6300919452e-06
3.9710000000e+01 4.7406161749e-09 3.5916774693e-06
3.9715000000e+01 5.3330259708e-09 3.5542232760e-06
3.9720000000e+01 5.8501576405e-09 3.5166874239e-06
3.9725000000e+01 6.1636715371e-09 3.4781624086e-06
3.9730000000e+01 6.1908235248e-09 3.4381004806e-06
3.9735000000e+01 5.9135179517e-09 3.3964587761e-06
3.9740000000e+01 5.3814935813e-09 3.3537312987e-06
3.9745000000e+01 4.6998355628e-09 3.3108616064e-06
3.9750000000e+01 4.0053087422e-09 3.2690572492e-06
3.9755000000e+01 3.4373714719e-09 3.2295475455e-06
3.9760000000e+01 3.1090831803e-09 3.1933367439e-06
3.9765000000e+01 3.0826357550e-09 3.1610048398e-06
3.9770000000e+01 3.3545622943e-09 3.1325990829e-06
3.9775000000e+01 3.8552144684e-09 3.1076411881e-06
3.9780000000e+01 4.4641080208e-09 3.0852503581e-06
3.9785000000e+01 5.0377399682e-09 3.0643553333e-06
3.9790000000e+01 5.4422900322e-09 3.0439473172e-06
3.9795000000e+01 5.5827513312e-09 3.0233164695e-06
3.9800000000e+01 5.4224199521e-09 3.0022199750e-06
3.9805000000e+01 4.9899876752e-09 2.9809464758e-06
3.9810000000e+01 4.3737098440e-09 2.9602643482e-06
3.9815000000e+01 3.7033618571e-09 2.9412649742e-06
3.9820000000e+01 3.1224614582e-09 2.9251336278e-06
3.9825000000e+01 2.7561010719e-09 2.9128968638e-06
3.9830000000e+01 2.6822227032e-09 2.9052023948e-06
3.9835000000e+01 2.9140477890e-09 2.9021816581e-06
3.9840000000e+01 3.3980191050e-09 2.9034263743e-06
3.9845000000e+01 4.0267947826e-09 2.9080833222e-06
3.9850000000e+01 4.6631427531e-09 2.9150444708e-06
3.9855000000e+01 5.1691993153e-09 2.9231897279e-06
3.9860000000e+01 5.4356473704e-09 2.9316301198e-06
3.9865000000e+01 5.4055661017e-09 2.9399000025e-06
3.9870000000e+01 5.0878180868e-09 2.9480567956e-06
3.9875000000e+01 4.5560233534e-09 2.9566650181e-06
3.9880000000e+01 3.9323337321e-09 2.9666663014e-06
3.9885000000e+01 3.3596260678e-09 2.9791636675e-06
3.9890000000e+01 2.9692547419e-09 2.9951691259e-06
3.9895000000e+01 2.8523452747e-09 3.0153718240e-06
3.9900000000e+01 3.0407650283e-09 3.0399776458e-06
3.9905000000e+01 3.5009126823e-09 3.0686536461e-06
3.9910000000e+01 4.1408798206e-09 3.1005878729e-06
3.9915000000e+01 4.8296627645e-09 3.1346517710e-06
3.9920000000e+01 5.4252323026e-09 3.1696314227e-06
3.9925000000e+01 5.8060178475e-09 3.2044782495e-06
3.9930000000e+01 5.8985481610e-09 3.2385234876e-06
3.9935000000e+01 5.6941345901e-09 3.2716074385e-06
3.9940000000e+01 5.2502863857e-09 3.3040941157e-06
3.9945000000e+01 4.6769957245e-09 3.3367691909e-06
3.9950000000e+01 4.1119942651e-09 3.3706457514e-06
3.9955000000e+01 3.6910048570e-09 3.4067214178e-06
3.9960000000e+01 3.5189713844e-09 3.4457389577e-06
3.9965000000e+01 3.6474560056e-09 3.4880010758e-06
3.9970000000e+01 4.0626584127e-09 3.5332795849e-06
3.9975000000e+01 4.6873679285e-09 3.5808403848e-06
3.9980000000e+01 5.3975798139e-09 3.6295805609e-06
3.9985000000e+01 6.0505092791e-09 3.6782476538e-06
3.9990000000e+01 6.5170016190e-09 3.7256913322e-06
3.9995000000e+01 6.7100252994e-09 3.7710906444e-06
4.0000000000e+01 6.6027578823e-09 3.8141072150e-06
4.0005000000e+01 6.2333210691e-09 3.8549326391e-06
4.0010000000e+01 5.6963269130e-09 3.8942212220e-06
4.0015000000e+01 5.1231418370e-09 3.9329224978e-06
4.0020000000e+01 4.6540127533e-09 3.9720485934e-06
4.0025000000e+01 4.4070375887e-09 4.0124264239e-06
4.0030000000e+01 4.4509854991e-09 4.0544899276e-06
4.0035000000e+01 4.7892814582e-09 4.0981598185e-06
4.0040000000e+01 5.3596957212e-09 4.1428381903e-06
4.0045000000e+01 6.0493400155e-09 4.1875181791e-06
4.0050000000e+01 6.7201978910e-09 4.2309828067e-06
4.0055000000e+01 7.2387215946e-09 4.2720487000e-06
4.0060000000e+01 7.5037317159e-09 4.3098023995e-06
4.0065000000e+01 7.4680303144e-09 4.3437791696e-06
4.0070000000e+01 7.1496120192e-09 4.3740455561e-06
4.0075000000e+01 6.6290143071e-09 4.4011663425e-06
4.0080000000e+01 6.0318679610e-09 4.4260616574e-06
4.0085000000e+01 5.5001466831e-09 4.4497855766e-06
4.0090000000e+01 5.1596762838e-09 4.4732763824e-06
4.0095000000e+01 5.0924845561e-09 4.4971348511e-06
4.0195000000e+01 5.3200834380e-09 4.5214791491e-06
4.0200000000e+01 5.7999165954e-09 4.5459066052e-06
4.0205000000e+01 6.4344553884e-09 4.5695693888e-06
4.0210000000e+01 7.0912360727e-09 4.5913477971e-06
4.0215000000e+01 7.6309844982e-09 4.6100847392e-06
4.0220000000e+01 7.9387146695e-09 4.6248310944e-06
4.0225000000e+01 7.9503670875e-09 4.6350475235e-06
4.0230000000e+01 7.6675493384e-09 4.6407167811e-06
4.0235000000e+01 7.1563585331e-09 4.6423409864e-06
4.0240000000e+01 6.5314322474e-09 4.6408253434e-06
4.0245000000e+01 5.9302928385e-09 4.6372756266e-06
4.0250000000e+01 5.4841167874e-09 4.6327547023e-06
4.0255000000e+01 5.2902492189e-09 4.6280505287e-06
4.0260000000e+01 5.3910514530e-09 4.6235048585e-06
4.0265000000e+01 5.7635303490e-09 4.6189396749e-06
4.0270000000e+01 6.3232677991e-09 4.6136986749e-06
4.0275000000e+01 6.9430556289e-09 4.6067962587e-06
4.0280000000e+01 7.4820403727e-09 4.5971415240e-06
4.0285000000e+01 7.8176467974e-09 4.5837866228e-06
4.0290000000e+01 7.8722001979e-09 4.5661433691e-06
4.0295000000e+01 7.6287553543e-09 4.5441205370e-06
4.0300000000e+01 7.1340041945e-09 4.5181533017e-06
4.0305000000e+01 6.4884766061e-09 4.4891198327e-06
4.0310000000e+01 5.8256425826e-09 4.4581631167e-06
4.0315000000e+01 5.2832124416e-09 4.4264554497e-06
4.0320000000e+01 4.9723184152e-09 4.3949560195e-06
4.0325000000e+01 4.9520422379e-09 4.3642153027e-06
4.0330000000e+01 5.2160928058e-09 4.3342709149e-06
4.0335000000e+01 5.6949644968e-09 4.3046587343e-06
4.0340000000e+01 6.2722951573e-09 4.2745359085e-06
4.0345000000e+01 6.8107146423e-09 4.2428868123e-06
4.0350000000e+01 7.1812671434e-09 4.2087658335e-06
4.0355000000e+01 7.2908009650e-09 4.1715247046e-06
4.0360000000e+01 7.1023156569e-09 4.1309762354e-06
4.0365000000e+01 6.6438960415e-09 4.0874590159e-06
4.0370000000e+01 6.0033966191e-09 4.0417875603e-06
4.0375000000e+01 5.3091532148e-09 3.9950971164e-06
4.0380000000e+01 4.7009877797e-09 3.9486169748e-06
4.0385000000e+01 4.2987718824e-09 3.9034235413e-06
4.0390000000e+01 4.1762633291e-09 3.8602289211e-06
4.0395000000e+01 4.3458388698e-09 3.8192512512e-06
4.0400000000e+01 4.7565577711e-09 3.7801934523e-06
4.0405000000e+01 5.3052298976e-09 3.7423335062e-06
4.0410000000e+01 5.8582517540e-09 3.7047067045e-06
4.0415000000e+01 6.2803433105e-09 3.6663415138e-06
4.0420000000e+01 6.4645596915e-09 3.6264983832e-06
4.0425000000e+01 6.3567020808e-09 3.5848583217e-06
4.0430000000e+01 5.9678031365e-09 3.5416180017e-06
4.0435000000e+01 5.3713208246e-09 3.4974695638e-06
4.0440000000e+01 4.6860555954e-09 3.4534705197e-06
4.0445000000e+01 4.0495676632e-09 3.4108341054e-06
4.0450000000e+01 3.5885023336e-09 3.3706867498e-06
4.0455000000e+01 3.3918262134e-09 3.3338446646e-06
4.0460000000e+01 3.4917755707e-09 3.3006568029e-06
4.0465000000e+01 3.8562146713e-09 3.2709481958e-06
4.0470000000e+01 4.3947331648e-09 3.2440773576e-06
4.0475000000e+01 4.9782528288e-09 3.2190966412e-06
4.0480000000e+01 5.4681879579e-09 3.1949803023e-06
4.0485000000e+01 5.7479285999e-09 3.1708686087e-06
4.0490000000e+01 5.7485988872e-09 3.1462729212e-06
4.0495000000e+01 5.4632444937e-09 3.1211969125e-06
4.0500000000e+01 4.9473389782e-09 3.0961489309e-06
4.0505000000e+01 4.3066225638e-09 3.0720440646e-06
4.0510000000e+01 3.6749434776e-09 3.0500169708e-06
4.0515000000e+01 3.1858109887e-09 3.0311849257e-06
4.0520000000e+01 2.9428610259e-09 3.0164120780e-06
4.0525000000e+01 2.9959624966e-09 3.0061273277e-06
4.0530000000e+01 3.3295006125e-09 3.0002373947e-06
4.0535000000e+01 3.8663221631e-09 2.9981548844e-06
4.0540000000e+01 4.4859668103e-09 2.9989341974e-06
4.0545000000e+01 5.0517858868e-09 3.0014837597e-06
4.0550000000e+01 5.4402564733e-09 3.0048073608e-06
4.0555000000e+01 5.5668142340e-09 3.0082226862e-06
4.0560000000e+01 5.4039570958e-09 3.0115106280e-06
4.0565000000e+01 4.9881471804e-09 3.0149629785e-06
4.0570000000e+01 4.4130045490e-09 3.0193168751e-06
4.0575000000e+01 3.8089093258e-09 3.0255890105e-06
4.0580000000e+01 3.3132760755e-09 3.0348459646e-06
4.0585000000e+01 3.0392308420e-09 3.0479624715e-06
4.0590000000e+01 3.0508483090e-09 3.0654220417e-06
4.0595000000e+01 3.3503072273e-09 3.0872035748e-06
4.0600000000e+01 3.8784314725e-09 3.1127773838e-06
4.0605000000e+01 4.5273790453e-09 3.1412102674e-06
4.0610000000e+01 5.1630509107e-09 3.1713568704e-06
4.0615000000e+01 5.6537183004e-09 3.2020968197e-06
4.0620000000e+01 5.8994707254e-09 3.2325666338e-06
4.0625000000e+01 5.8553867779e-09 3.2623349828e-06
4.0630000000e+01 5.5419148094e-09 3.2914813558e-06
4.0635000000e+01 5.0395619587e-09 3.3205601043e-06
4.0640000000e+01 4.4699248865e-09 3.3504586383e-06
4.0645000000e+01 3.9686039325e-09 3.3821825810e-06
4.0650000000e+01 3.6563103689e-09 3.4166158056e-06
4.0655000000e+01 3.6134817691e-09 3.4543071281e-06
4.0660000000e+01 3.8627257245e-09 3.4953289657e-06
4.0665000000e+01 4.3628473361e-09 3.5392385451e-06
4.0670000000e+01 5.0169016672e-09 3.5851513274e-06
4.0675000000e+01 5.6935796048e-09 3.6319120283e-06
4.0680000000e+01 6.2570774871e-09 3.6783259122e-06
4.0685000000e+01 6.5977066367e-09 3.7233983023e-06
4.0690000000e+01 6.6556263439e-09 3.7665283671e-06
4.0695000000e+01 6.4328475328e-09 3.8076147786e-06
4.0700000000e+01 5.9920536380e-09 3.8470516267e-06
4.0705000000e+01 5.4432066803e-09 3.8856169189e-06
4.0710000000e+01 4.9203750728e-09 3.9242779719e-06
4.0715000000e+01 4.5527511184e-09 3.9639549639e-06
4.0720000000e+01 4.4357105154e-09 4.0052935071e-06
4.0725000000e+01 4.6088879989e-09 4.0484967786e-06
4.0730000000e+01 5.0471280417e-09 4.0932557267e-06
4.0735000000e+01 5.6666351177e-09 4.1387936053e-06
4.0740000000e+01 6.3442696146e-09 4.1840142472e-06
4.0745000000e+01 6.9447828078e-09 4.2277198667e-06
4.0750000000e+01 7.3498016332e-09 4.2688499184e-06
4.0755000000e+01 7.4829372056e-09 4.3066896736e-06
4.0760000000e+01 7.3263868411e-09 4.3410044461e-06
4.0765000000e+01 6.9254857365e-09 4.3720705348e-06
4.0770000000e+01 6.3794518015e-09 4.4005949554e-06
4.0775000000e+01 5.8195589534e-09 4.4275401484e-06
4.0780000000e+01 5.3795342940e-09 4.4538921058e-06
4.0785000000e+01 5.1654685060e-09 4.4804243220e-06
4.0790000000e+01 5.2325900246e-09 4.5075108584e-06
4.0795000000e+01 5.5739211480e-09 4.5350294308e-06
4.0800000000e+01 6.1224833147e-09 4.5623742327e-06
4.0805000000e+01 6.7658604852e-09 4.5885744047e-06
4.0810000000e+01 7.3700722029e-09 4.6124925370e-06
4.0815000000e+01 7.8083676996e-09 4.6330612463e-06
4.0820000000e+01 7.9892732510e-09 4.6495069408e-06
4.0825000000e+01 7.8774899792e-09 4.6615110149e-06
4.0830000000e+01 7.5021510367e-09 4.6692715138e-06
4.0835000000e+01 6.9500243917e-09 4.6734510162e-06
4.0840000000e+01 6.3455206581e-09 4.6750231784e-06
4.0845000000e+01 5.8228700309e-09 4.6750533141e-06
4.0850000000e+01 5.4971230396e-09 4.6744617675e-06
4.0855000000e+01 5.4398486202e-09 4.6738209256e-06
4.0860000000e+01 5.6638390938e-09 4.6732288809e-06
4.0865000000e+01 6.1197263405e-09 4.6722871529e-06
4.0870000000e+01 6.7058882158e-09 4.6701885611e-06
4.0875000000e+01 7.2905275989e-09 4.6658973117e-06
4.0880000000e+01 7.7413830138e-09 4.6583817202e-06
4.0885000000e+01 7.9557350846e-09 4.6468470624e-06
4.0890000000e+01 7.8830517343e-09 4.6309161645e-06
4.0895000000e+01 7.5351630011e-09 4.6107183335e-06
4.0900000000e+01 6.9827136745e-09 4.5868685976e-06
4.0905000000e+01 6.3397147625e-09 4.5603429422e-06
4.0910000000e+01 5.7395297315e-09 4.5322765129e-06
4.0915000000e+01 5.3064505594e-09 4.5037276063e-06
4.0920000000e+01 5.1281573221e-09 4.4754583453e-06
4.0925000000e+01 5.2354018544e-09 4.4477807947e-06
4.0930000000e+01 5.5946032043e-09 4.4205036997e-06
4.0935000000e+01 6.1157775212e-09 4.3929921280e-06
4.0940000000e+01 6.6735153501e-09 4.3643259734e-06
4.0945000000e+01 7.1350977464e-09 4.3335209755e-06
4.0950000000e+01 7.3889620834e-09 4.2997631616e-06
4.0955000000e+01 7.3680409321e-09 4.2626061877e-06
4.0960000000e+01 7.0641564439e-09 4.2220896209e-06
4.0965000000e+01 6.5306908066e-09 4.1787524685e-06
4.0970000000e+01 5.8719763989e-09 4.1335378691e-06
4.0975000000e+01 5.2205000914e-09 4.0876085662e-06
4.0980000000e+01 4.7068171643e-09 4.0421135890e-06
4.0985000000e+01 4.4299256232e-09 3.9979585538e-06
4.0990000000e+01 4.4357237344e-09 3.9556311442e-06
4.0995000000e+01 4.7081209157e-09 3.9151198473e-06
4.1000000000e+01 5.1734949571e-09 3.8759423416e-06
4.1005000000e+01 5.7165652891e-09 3.8372760978e-06
4.1010000000e+01 6.2046013076e-09 3.7981627297e-06
4.1015000000e+01 6.5159403336e-09 3.7577425127e-06
4.1020000000e+01 6.5672816736e-09 3.7154684423e-06
4.1025000000e+01 6.3331302016e-09 3.6712522605e-06
4.1030000000e+01 5.8518511852e-09 3.6255089479e-06
4.1035000000e+01 5.2165247578e-09 3.5790891393e-06
4.1040000000e+01 4.5534356900e-09 3.5331150296e-06
4.1045000000e+01 3.9941236189e-09 3.4887572187e-06
4.1050000000e+01 3.6473816288e-09 3.4470020361e-06
4.1055000000e+01 3.5764035574e-09 3.4084594538e-06
4.1060000000e+01 3.7850177572e-09 3.3732522385e-06
4.1065000000e+01 4.2160024059e-09 3.3410101866e-06
4.1070000000e+01 4.7628654199e-09 3.3109716686e-06
4.1075000000e+01 5.2934142733e-09 3.2821714427e-06
4.1080000000e+01 5.6797586899e-09 3.2536735680e-06
4.1085000000e+01 5.8271127088e-09 3.2247969739e-06
4.1090000000e+01 5.6943239737e-09 3.1952828429e-06
4.1095000000e+01 5.3019668845e-09 3.1653671269e-06
4.1100000000e+01 4.7272537787e-09 3.1357436531e-06
4.1105000000e+01 4.0874753616e-09 3.1074271063e-06
4.1110000000e+01 3.5151499183e-09 3.0815456626e-06
4.1115000000e+01 3.1293682240e-09 3.0591073435e-06
4.1120000000e+01 3.0091930369e-09 3.0407903557e-06
4.1125000000e+01 3.1754966729e-09 3.0268039503e-06
4.1130000000e+01 3.5861270227e-09 3.0168517789e-06
4.1135000000e+01 4.1457572853e-09 3.0102065085e-06
4.1140000000e+01 4.7276466527e-09 3.0058784370e-06
4.1145000000e+01 5.2016859234e-09 3.0028395014e-06
4.1150000000e+01 5.4623756996e-09 3.0002528850e-06
4.1155000000e+01 5.4512329430e-09 2.9976588039e-06
4.1160000000e+01 5.1694933298e-09 2.9950771922e-06
4.1165000000e+01 4.6784318890e-09 2.9930051203e-06
4.1170000000e+01 4.0865701600e-09 2.9923083935e-06
4.1175000000e+01 3.5258556216e-09 2.9940297998e-06
4.1180000000e+01 3.1220170340e-09 2.9991560742e-06
4.1185000000e+01 2.9663085617e-09 3.0083960922e-06
4.1190000000e+01 3.0955381829e-09 3.0220202448e-06
4.1195000000e+01 3.4847155257e-09 3.0397960444e-06
4.1200000000e+01 4.0531823772e-09 3.0610326318e-06
4.1205000000e+01 4.6822082241e-09 3.0847232767e-06
4.1210000000e+01 5.2403064519e-09 3.1097549901e-06
4.1215000000e+01 5.6115077308e-09 3.1351407053e-06
4.1220000000e+01 5.7210124460e-09 3.1602239725e-06
4.1225000000e+01 5.5523689947e-09 3.1848106217e-06
4.1230000000e+01 5.1515531165e-09 3.2091970933e-06
4.1235000000e+01 4.6164785301e-09 3.2340886442e-06
4.1240000000e+01 4.0745919462e-09 3.2604263584e-06
4.1245000000e+01 3.6544028998e-09 3.2891624796e-06
4.1250000000e+01 3.4577100988e-09 3.3210338974e-06
4.1255000000e+01 3.5381388768e-09 3.3563825245e-06
4.1260000000e+01 3.8897196000e-09 3.3950606493e-06
4.1265000000e+01 4.4476034244e-09 3.4364418368e-06
4.1270000000e+01 5.1013883330e-09 3.4795361403e-06
4.1275000000e+01 5.7191287028e-09 3.5231855841e-06
4.1280000000e+01 6.1770152084e-09 3.5662969920e-06
4.1285000000e+01 6.3874106056e-09 3.6080598383e-06
4.1290000000e+01 6.3180873599e-09 3.6481002542e-06
4.1295000000e+01 5.9983650716e-09 3.6865377306e-06
4.1300000000e+01 5.5117562302e-09 3.7239335079e-06
4.1305000000e+01 4.9776891217e-09 3.7611430667e-06
4.1310000000e+01 4.5262092318e-09 3.7991047844e-06
4.1315000000e+01 4.2701402551e-09 3.8386099108e-06
4.1320000000e+01 4.2799738438e-09 3.8801036470e-06
4.1325000000e+01 4.5673388106e-09 3.9235616553e-06
4.1330000000e+01 5.0818360424e-09 3.9684704642e-06
4.1335000000e+01 5.7226163801e-09 4.0139166730e-06
4.1340000000e+01 6.3615879547e-09 4.0587646029e-06
4.1345000000e+01 6.8719517608e-09 4.1018821035e-06
4.1350000000e+01 7.1553043756e-09 4.1423645662e-06
4.1355000000e+01 7.1621300418e-09 4.1797089491e-06
4.1360000000e+01 6.9023673910e-09 4.2139009601e-06
4.1365000000e+01 6.4440056185e-09 4.2453966071e-06
4.1370000000e+01 5.8990796060e-09 4.2750012583e-06
4.1375000000e+01 5.3990459064e-09 4.3036716987e-06
4.1380000000e+01 5.0649273065e-09 4.3322846911e-06
4.1385000000e+01 4.9798543233e-09 4.3614240433e-06
4.1390000000e+01 5.1709989269e-09 4.3912340507e-06
4.1395000000e+01 5.6046437347e-09 4.4213713501e-06
4.1400000000e+01 6.1943142053e-09 4.4510645315e-06
4.1405000000e+01 6.8193884236e-09 4.4792674292e-06
4.1410000000e+01 7.3505301053e-09 4.5048727592e-06
4.1415000000e+01 7.6775203564e-09 4.5269404810e-06
4.1420000000e+01 7.7339673561e-09 4.5448916259e-06
4.1425000000e+01 7.5128480289e-09 4.5586245912e-06
4.1430000000e+01 7.0683534809e-09 4.5685271423e-06
4.1435000000e+01 6.5032660565e-09 4.5753808955e-06
4.1440000000e+01 5.9454148528e-09 4.5801800279e-06
4.1445000000e+01 5.5194209666e-09 4.5839054031e-06
4.1450000000e+01 5.3201027912e-09 4.5873042463e-06
4.1455000000e+01 5.3925163664e-09 4.5907228820e-06
4.1460000000e+01 5.7220922924e-09 4.5940279286e-06
4.1465000000e+01 6.2370520889e-09 4.5966328841e-06
4.1470000000e+01 6.8234739591e-09 4.5976252287e-06
4.1475000000e+01 7.3504715738e-09 4.5959673359e-06
4.1480000000e+01 7.6997654910e-09 4.5907271530e-06
4.1485000000e+01 7.7922409852e-09 4.5812868342e-06
4.1490000000e+01 7.6050319462e-09 4.5674823787e-06
4.1495000000e+01 7.1756991317e-09 4.5496437611e-06
4.1500000000e+01 6.5934821255e-09 4.5285280609e-06
4.1505000000e+01 5.9800489986e-09 4.5051613553e-06
4.1510000000e+01 5.4635677504e-09 4.4806237751e-06
4.1515000000e+01 5.1509519064e-09 4.4558235694e-06
4.1520000000e+01 5.1039978395e-09 4.4313088704e-06
4.1525000000e+01 5.3251224054e-09 4.4071589811e-06
4.1530000000e+01 5.7566183405e-09 4.3829803497e-06
4.1535000000e+01 6.2938551621e-09 4.3580087063e-06
4.1540000000e+01 6.8090023803e-09 4.3312940745e-06
4.1545000000e+01 7.1793153479e-09 4.3019265735e-06
4.1550000000e+01 7.3135832555e-09 4.2692528983e-06
4.1555000000e+01 7.1714894895e-09 4.2330368712e-06
4.1560000000e+01 6.7723448519e-09 4.1935301403e-06
4.1565000000e+01 6.1913998892e-09 4.1514377576e-06
4.1570000000e+01 5.5439646275e-09 4.1077850989e-06
4.1575000000e+01 4.9601498428e-09 4.0637140946e-06
4.1580000000e+01 4.5557295648e-09 4.0202534726e-06
4.1585000000e+01 4.4061576391e-09 3.9781146298e-06
4.1590000000e+01 4.5300936862e-09 3.9375589749e-06
4.1595000000e+01 4.8860286995e-09 3.8983655394e-06
4.1600000000e+01 5.3820531809e-09 3.8599045348e-06
4.1605000000e+01 5.8959830944e-09 3.8212996313e-06
4.1610000000e+01 6.3015266976e-09 3.7816436587e-06
4.1615000000e+01 6.4954972920e-09 3.7402216255e-06
4.1620000000e+01 6.4207000685e-09 3.6966928035e-06
4.1625000000e+01 6.0792592745e-09 3.6511912258e-06
4.1630000000e+01 5.5326446423e-09 3.6043211877e-06
4.1635000000e+01 4.8878500751e-09 3.5570481703e-06
4.1640000000e+01 4.2731042183e-09 3.5105099417e-06
4.1645000000e+01 3.8093338681e-09 3.4657905737e-06
4.1650000000e+01 3.5841173927e-09 3.4237072943e-06
4.1655000000e+01 3.6333621871e-09 3.3846559325e-06
4.1660000000e+01 3.9337939689e-09 3.3485475674e-06
4.1665000000e+01 4.4075445213e-09 3.3148500243e-06
4.1670000000e+01 4.9384566751e-09 3.2827260524e-06
4.1675000000e+01 5.3974654718e-09 3.2512388438e-06
4.1680000000e+01 5.6716873109e-09 3.2195796328e-06
4.1685000000e+01 5.6900449663e-09 3.1872662012e-06
4.1690000000e+01 5.4388832386e-09 3.1542677001e-06
4.1695000000e+01 4.9641243987e-09 3.1210286269e-06
4.1700000000e+01 4.3604166127e-09 3.0883878962e-06
4.1705000000e+01 3.7505201089e-09 3.0574116276e-06
4.1710000000e+01 3.2592899147e-09 3.0291759412e-06
4.1715000000e+01 2.9869473363e-09 3.0045462175e-06
4.1720000000e+01 2.9867682326e-09 2.9840005494e-06
4.1725000000e+01 3.2524612385e-09 2.9675366506e-06
4.1730000000e+01 3.7190864499e-09 2.9546837750e-06
4.1735000000e+01 4.2778850720e-09 2.9446174664e-06
4.1740000000e+01 4.8011752458e-09 2.9363511395e-06
4.1745000000e+01 5.1707472048e-09 2.9289611949e-06
4.1750000000e+01 5.3031351481e-09 2.9217958485e-06
4.1755000000e+01 5.1669791076e-09 2.9146226689e-06
4.1760000000e+01 4.7897262845e-09 2.9076835924e-06
4.1765000000e+01 4.2523802097e-09 2.9016455795e-06
4.1770000000e+01 3.6725555543e-09 2.8974568479e-06
4.1775000000e+01 3.1786034454e-09 2.8961392291e-06
4.1780000000e+01 2.8805400815e-09 2.8985622374e-06
4.1785000000e+01 2.8451589959e-09 2.9052494992e-06
4.1790000000e+01 3.0816130997e-09 2.9162609953e-06
4.1795000000e+01 3.5403652652e-09 2.9311767810e-06
4.1800000000e+01 4.1246900615e-09 2.9491845941e-06
4.1805000000e+01 4.7115354535e-09 2.9692511925e-06
4.1810000000e+01 5.1776066867e-09 2.9903401051e-06
4.1815000000e+01 5.4259775650e-09 3.0116291623e-06
4.1820000000e+01 5.4078573977e-09 3.0326808325e-06
4.1825000000e+01 5.1341427216e-09 3.0535275419e-06
4.1830000000e+01 4.6732427306e-09 3.0746521289e-06
4.1835000000e+01 4.1353829414e-09 3.0968672142e-06
4.1840000000e+01 3.6475462263e-09 3.1211207213e-06
4.1845000000e+01 3.3254513721e-09 3.1482715342e-06
4.1850000000e+01 3.2488242414e-09 3.1788850335e-06
4.1855000000e+01 3.4446154645e-09 3.2130926091e-06
4.1860000000e+01 3.8810627685e-09 3.2505448052e-06
4.1865000000e+01 4.4739477063e-09 3.2904681188e-06
4.1870000000e+01 5.1044658230e-09 3.3318139334e-06
4.1875000000e+01 5.6454393711e-09 3.3734680263e-06
4.1880000000e+01 5.9899330334e-09 3.4144747443e-06
4.1885000000e+01 6.0751936663e-09 3.4542256037e-06
4.1890000000e+01 5.8961238051e-09 3.4925699522e-06
4.1895000000e+01 5.5056191780e-09 3.5298236561e-06
4.1900000000e+01 5.0024739534e-09 3.5666752071e-06
4.1905000000e+01 4.5099448281e-09 3.6040109053e-06
4.1910000000e+01 4.1493325341e-09 3.6426972516e-06
4.1915000000e+01 4.0136471189e-09 3.6833671657e-06
4.1920000000e+01 4.1468033849e-09 3.7262562446e-06
4.1925000000e+01 4.5333159255e-09 3.7711255944e-06
4.1930000000e+01 5.1014483984e-09 3.8172894511e-06
4.1935000000e+01 5.7393728707e-09 3.8637421186e-06
4.1940000000e+01 6.3203379626e-09 3.9093556293e-06
4.1945000000e+01 6.7306464821e-09 3.9531035107e-06
4.1950000000e+01 6.8941105158e-09 3.9942611990e-06
4.1955000000e+01 6.7881040309e-09 4.0325400872e-06
4.1960000000e+01 6.4483433062e-09 4.0681270854e-06
4.1965000000e+01 5.9614810550e-09 4.1016213058e-06
4.1970000000e+01 5.4466170960e-09 4.1338808628e-06
4.1975000000e+01 5.0291566433e-09 4.1658124233e-06
4.1980000000e+01 4.8126946720e-09 4.1981498328e-06
4.1985000000e+01 4.8556816774e-09 4.2312715981e-06
4.1990000000e+01 5.1586132619e-09 4.2650983060e-06
4.1995000000e+01 5.6645397772e-09 4.2990922538e-06
4.2000000000e+01 6.2721270442e-09 4.3323581677e-06
4.2005000000e+01 6.8577919025e-09 4.3638220656e-06
4.2010000000e+01 7.3021475026e-09 4.3924494359e-06
4.2015000000e+01 7.5156694159e-09 4.4174560792e-06
4.2020000000e+01 7.4585187862e-09 4.4384660330e-06
4.2025000000e+01 7.1499636972e-09 4.4555813750e-06
4.2030000000e+01 6.6645503207e-09 4.4693474718e-06
4.2035000000e+01 6.1153607190e-09 4.4806209231e-06
4.2040000000e+01 5.6283816692e-09 4.4903700386e-06
4.2045000000e+01 5.3144595990e-09 4.4994528650e-06
4.2050000000e+01 5.2454219635e-09 4.5084218107e-06
4.2055000000e+01 5.4391204272e-09 4.5173968759e-06
4.2060000000e+01 5.8557956754e-09 4.5260342132e-06
4.2065000000e+01 6.4062519466e-09 4.5335967706e-06
4.2070000000e+01 6.9706700082e-09 4.5391124363e-06
4.2075000000e+01 7.4248035905e-09 4.5415859106e-06
4.2080000000e+01 7.6679526678e-09 4.5402176913e-06
4.2085000000e+01 7.6458073489e-09 4.5345810664e-06
4.2090000000e+01 7.3623084848e-09 4.5247174158e-06
4.2095000000e+01 6.8779549611e-09 4.5111291909e-06
4.2100000000e+01 6.2958193943e-09 4.4946732426e-06
4.2105000000e+01 5.7391097571e-09 4.4763787033e-06
4.2110000000e+01 5.3249900428e-09 4.4572290317e-06
4.2115000000e+01 5.1394448832e-09 4.4379549693e-06
4.2120000000e+01 5.2180686296e-09 4.4188832227e-06
4.2125000000e+01 5.5374004631e-09 4.3998745634e-06
4.2130000000e+01 6.0197022252e-09 4.3803659368e-06
4.2135000000e+01 6.5505989237e-09 4.3595077088e-06
4.2140000000e+01 7.0051166362e-09 4.3363651663e-06
4.2145000000e+01 7.2754047286e-09 4.3101389022e-06
4.2150000000e+01 7.2937660015e-09 4.2803553418e-06
4.2155000000e+01 7.0466779312e-09 4.2469863458e-06
4.2160000000e+01 6.5776668637e-09 4.2104726546e-06
4.2165000000e+01 5.9785023429e-09 4.1716462031e-06
4.2170000000e+01 5.3698052067e-09 4.1315674930e-06
4.2175000000e+01 4.8744985261e-09 4.0913127566e-06
4.2180000000e+01 4.5900381777e-09 4.0517575980e-06
4.2185000000e+01 4.5664338416e-09 4.0134055158e-06
4.2190000000e+01 4.7955781810e-09 3.9762997443e-06
4.2195000000e+01 5.2139333178e-09 3.9400375022e-06
4.2200000000e+01 5.7170427214e-09 3.9038823695e-06
4.2205000000e+01 6.1821363286e-09 3.8669492163e-06
4.2210000000e+01 6.4943023450e-09 3.8284212987e-06
4.2215000000e+01 6.5713897390e-09 3.7877528680e-06
4.2220000000e+01 6.3825483355e-09 3.7448134349e-06
4.2225000000e+01 5.9557812823e-09 3.6999415181e-06
4.2230000000e+01 5.3720066073e-09 3.6538949605e-06
4.2235000000e+01 4.7467310525e-09 3.6077081860e-06
4.2240000000e+01 4.2040067096e-09 3.5624883482e-06
4.2245000000e+01 3.8491570979e-09 3.5191962001e-06
4.2250000000e+01 3.7463209346e-09 3.4784601038e-06
4.2255000000e+01 3.9050544548e-09 3.4404631479e-06
4.2260000000e+01 4.2782605697e-09 3.4049269559e-06
4.2265000000e+01 4.7719599011e-09 3.3711954193e-06
4.2270000000e+01 5.2654505913e-09 3.3384007564e-06
4.2275000000e+01 5.6379876092e-09 3.3056763609e-06
4.2280000000e+01 5.7959550776e-09 3.2723696518e-06
4.2285000000e+01 5.6938742737e-09 3.2382071300e-06
4.2290000000e+01 5.3441758779e-09 3.2033744526e-06
4.2295000000e+01 4.8138412288e-09 3.1684941155e-06
4.2300000000e+01 4.2093294800e-09 3.1345067473e-06
4.2305000000e+01 3.6534841340e-09 3.1024828940e-06
4.2310000000e+01 3.2591908296e-09 3.0734062365e-06
4.2315000000e+01 3.1049253825e-09 3.0479746611e-06
4.2320000000e+01 3.2172510376e-09 3.0264621208e-06
4.2325000000e+01 3.5644500511e-09 3.0086720785e-06
4.2330000000e+01 4.0633055136e-09 2.9939938099e-06
4.2335000000e+01 4.5977821343e-09 2.9815496076e-06
4.2340000000e+01 5.0451092955e-09 2.9703997799e-06
4.2345000000e+01 5.3029268565e-09 2.9597592517e-06
4.2350000000e+01 5.3113435069e-09 2.9491778793e-06
4.2355000000e+01 5.0655010749e-09 2.9386457423e-06
4.2360000000e+01 4.6164961060e-09 2.9286014005e-06
4.2365000000e+01 4.0605989775e-09 2.9198414613e-06
4.2370000000e+01 3.5186588700e-09 2.9133503964e-06
4.2375000000e+01 3.1096221724e-09 2.9100870208e-06
4.2380000000e+01 2.9239089202e-09 2.9107745971e-06
4.2385000000e+01 3.0030381124e-09 2.9157416687e-06
4.2390000000e+01 3.3305618941e-09 2.9248493875e-06
4.2395000000e+01 3.8362860104e-09 2.9375209788e-06
4.2400000000e+01 4.4122248971e-09 2.9528657385e-06
4.2405000000e+01 4.9362094742e-09 2.9698695759e-06
4.2410000000e+01 5.2980640821e-09 2.9876106835e-06
4.2415000000e+01 5.4232937636e-09 3.0054540863e-06
4.2420000000e+01 5.2896176000e-09 3.0231829633e-06
4.2425000000e+01 4.9325045110e-09 3.0410373947e-06
4.2430000000e+01 4.4377503534e-09 3.0596510362e-06
4.2435000000e+01 3.9222648538e-09 3.0798993152e-06
4.2440000000e+01 3.5076421750e-09 3.1026932601e-06
4.2445000000e+01 3.2931232022e-09 3.1287653172e-06
4.2450000000e+01 3.3342561906e-09 3.1584944404e-06
4.2455000000e+01 3.6314491850e-09 3.1918080516e-06
4.2460000000e+01 4.1300975952e-09 3.2281814306e-06
4.2465000000e+01 4.7320058732e-09 3.2667345839e-06
4.2470000000e+01 5.3162135593e-09 3.3064062098e-06
4.2475000000e+01 5.7654582366e-09 3.3461674455e-06
4.2480000000e+01 5.9925572981e-09 3.3852284193e-06
4.2485000000e+01 5.9601729507e-09 3.4231913815e-06
4.2490000000e+01 5.6888671800e-09 3.4601161211e-06
4.2495000000e+01 5.2517647278e-09 3.4964836571e-06
4.2500000000e+01 4.7578419603e-09 3.5330672701e-06
4.2505000000e+01 4.3281838081e-09 3.5707399550e-06
4.2510000000e+01 4.0701694462e-09 3.6102602886e-06
4.2515000000e+01 4.0543556354e-09 3.6520827945e-06
4.2520000000e+01 4.2985927406e-09 3.6962339476e-06
4.2525000000e+01 4.7632822570e-09 3.7422815566e-06
4.2530000000e+01 5.3597258185e-09 3.7894052424e-06
4.2535000000e+01 5.9701050249e-09 3.8365529493e-06
4.2540000000e+01 6.4741212362e-09 3.8826485344e-06
4.2545000000e+01 6.7755554240e-09 3.9268039355e-06
4.2550000000e+01 6.8227129382e-09 3.9684891363e-06
4.2555000000e+01 6.6189704428e-09 4.0076234302e-06
4.2560000000e+01 6.2219350285e-09 4.0445689901e-06
4.2565000000e+01 5.7314326623e-09 4.0800284113e-06
4.2570000000e+01 5.2681834129e-09 4.1148680239e-06
4.2575000000e+01 4.9471371366e-09 4.1499049949e-06
4.2580000000e+01 4.8514707255e-09 4.1857050411e-06
4.2585000000e+01 5.0137834833e-09 4.2224361007e-06
4.2590000000e+01 5.4091971433e-09 4.2598109059e-06
4.2595000000e+01 5.9615696205e-09 4.2971309026e-06
4.2600000000e+01 6.5606199442e-09 4.3334209171e-06
4.2605000000e+01 7.0857600286e-09 4.3676242966e-06
4.2610000000e+01 7.4318207461e-09 4.3988160174e-06
4.2615000000e+01 7.5318213787e-09 4.4263880144e-06
4.2620000000e+01 7.3720783758e-09 4.4501667111e-06
4.2625000000e+01 6.9958285088e-09 4.4704365777e-06
4.2630000000e+01 6.4938409338e-09 4.4878636200e-06
4.2635000000e+01 5.9839336222e-09 4.5033352317e-06
4.2640000000e+01 5.5844696356e-09 4.5177522480e-06
4.2645000000e+01 5.3883115638e-09 4.5318199245e-06
4.2650000000e+01 5.4429838543e-09 4.5458840658e-06
4.2655000000e+01 5.7407909767e-09 4.5598475378e-06
4.2660000000e+01 6.2204840980e-09 4.5731844789e-06
4.2665000000e+01 6.7801709180e-09 4.5850488984e-06
4.2670000000e+01 7.2992377091e-09 4.5944546354e-06
4.2675000000e+01 7.6649519610e-09 4.6004880700e-06
4.2680000000e+01 7.7977560707e-09 4.6025068671e-06
4.2685000000e+01 7.6690999236e-09 4.6002801978e-06
4.2690000000e+01 7.3074941137e-09 4.5940388676e-06
4.2695000000e+01 6.7916680568e-09 4.5844245944e-06
4.2700000000e+01 6.2329334249e-09 4.5723506425e-06
4.2705000000e+01 5.7509707379e-09 4.5588051651e-06
4.2710000000e+01 5.4481035774e-09 4.5446400774e-06
4.2715000000e+01 5.3871321303e-09 4.5303907544e-06
4.2720000000e+01 5.5773045811e-09 4.5161655199e-06
4.2725000000e+01 5.9717966530e-09 4.5016296510e-06
4.2730000000e+01 6.4778140096e-09 4.4860883775e-06
4.2735000000e+01 6.9773293182e-09 4.4686509873e-06
4.2740000000e+01 7.3535544136e-09 4.4484392636e-06
4.2745000000e+01 7.5167683861e-09 4.4247934274e-06
4.2750000000e+01 7.4236417299e-09 4.3974301021e-06
4.2755000000e+01 7.0862115396e-09 4.3665184125e-06
4.2760000000e+01 6.5691109146e-09 4.3326584777e-06
4.2765000000e+01 5.9758039926e-09 4.2967671048e-06
4.2770000000e+01 5.4264047045e-09 4.2598948986e-06
4.2775000000e+01 5.0313822493e-09 4.2230140607e-06
4.2780000000e+01 4.8668581340e-09 4.1868235289e-06
4.2785000000e+01 4.9574346984e-09 4.1516151165e-06
4.2790000000e+01 5.2708822314e-09 4.1172306946e-06
4.2795000000e+01 5.7258308402e-09 4.0831194381e-06
4.2800000000e+01 6.2101802284e-09 4.0484814713e-06
4.2805000000e+01 6.6056393143e-09 4.0124656486e-06
4.2810000000e+01 6.8131193180e-09 3.9743783802e-06
4.2815000000e+01 6.7740671863e-09 3.9338585857e-06
4.2820000000e+01 6.4835524274e-09 3.8909808069e-06
4.2825000000e+01 5.9920090741e-09 3.8462632868e-06
4.2830000000e+01 5.3945374700e-09 3.8005782667e-06
4.2835000000e+01 4.8097012158e-09 3.7549838577e-06
4.2840000000e+01 4.3528391839e-09 3.7105150276e-06
4.2845000000e+01 4.1105101654e-09 3.6679804608e-06
4.2850000000e+01 4.1219971908e-09 3.6278099973e-06
4.2855000000e+01 4.3714372841e-09 3.5899853017e-06
4.2860000000e+01 4.7915314682e-09 3.5540680095e-06
4.2865000000e+01 5.2778264529e-09 3.5193190122e-06
4.2870000000e+01 5.7110381149e-09 3.4848833880e-06
4.2875000000e+01 5.9832502356e-09 3.4500010589e-06
4.2880000000e+01 6.0222747933e-09 3.4141967608e-06
4.2885000000e+01 5.8081108585e-09 3.3774067228e-06
4.2890000000e+01 5.3772200212e-09 3.3400135450e-06
4.2895000000e+01 4.8138097592e-09 3.3027818495e-06
4.2900000000e+01 4.2308364864e-09 3.2667097185e-06
4.2905000000e+01 3.7454792045e-09 3.2328291112e-06
4.2910000000e+01 3.4541863338e-09 3.2019986948e-06
4.2915000000e+01 3.4119436666e-09 3.1747336200e-06
4.2920000000e+01 3.6198666715e-09 3.1511090625e-06
4.2925000000e+01 4.0242698014e-09 3.1307590792e-06
4.2930000000e+01 4.5282377793e-09 3.1129718279e-06
4.2935000000e+01 5.0134466043e-09 3.0968605084e-06
4.2940000000e+01 5.3668748183e-09 3.0815718478e-06
4.2945000000e+01 5.5057529322e-09 3.0664854324e-06
4.2950000000e+01 5.3951423474e-09 3.0513598731e-06
4.2955000000e+01 5.0549471043e-09 3.0363943891e-06
4.2960000000e+01 4.5555376934e-09 3.0221931660e-06
4.2965000000e+01 4.0029275064e-09 3.0096404499e-06
4.2970000000e+01 3.5160424539e-09 2.9997130790e-06
4.2975000000e+01 3.2004723946e-09 2.9932708306e-06
4.2980000000e+01 3.1246397169e-09 2.9908706325e-06
4.2985000000e+01 3.3043589241e-09 2.9926462235e-06
4.2990000000e+01 3.6996547806e-09 2.9982803523e-06
4.2995000000e+01 4.2242317524e-09 3.0070753902e-06
4.3000000000e+01 4.7647778194e-09 3.0181059190e-06
4.3005000000e+01 5.2055027256e-09 3.0304191170e-06
4.3010000000e+01 5.4529175752e-09 3.0432392460e-06
4.3015000000e+01 5.4561094521e-09 3.0561322823e-06
4.3020000000e+01 5.2182942300e-09 3.0690951204e-06
4.3025000000e+01 4.7966504129e-09 3.0825493834e-06
4.3030000000e+01 4.2898452916e-09 3.0972403428e-06
4.3035000000e+01 3.8158813752e-09 3.1140628117e-06
4.3040000000e+01 3.4856398631e-09 3.1338528767e-06
4.3045000000e+01 3.3784959971e-09 3.1571921626e-06
4.3050000000e+01 3.5253745083e-09 3.1842678777e-06
4.3055000000e+01 3.9024345494e-09 3.2148186654e-06
4.3060000000e+01 4.4362706266e-09 3.2481772411e-06
4.3065000000e+01 5.0195420419e-09 3.2834003297e-06
4.3070000000e+01 5.5341247747e-09 3.3194581707e-06
4.3075000000e+01 5.8771245394e-09 3.3554428334e-06
4.3080000000e+01 5.9839153145e-09 3.3907495969e-06
4.3085000000e+01 5.8426234621e-09 3.4251907743e-06
4.3090000000e+01 5.4965152264e-09 3.4590163451e-06
4.3095000000e+01 5.0339461973e-09 3.4928371956e-06
4.3100000000e+01 4.5686056798e-09 3.5274688588e-06
4.3105000000e+01 4.2147148720e-09 3.5637307835e-06
4.3110000000e+01 4.0624102654e-09 3.6022449121e-06
4.3115000000e+01 4.1581973902e-09 3.6432768827e-06
4.3120000000e+01 4.4944884867e-09 3.6866542569e-06
4.3125000000e+01 5.0107751447e-09 3.7317802494e-06
4.3130000000e+01 5.6066917946e-09 3.7777408990e-06
4.3135000000e+01 6.1643278773e-09 3.8234825048e-06
4.3140000000e+01 6.5745800718e-09 3.8680197672e-06
4.3145000000e+01 6.7612274302e-09 3.9106280777e-06
4.3150000000e+01 6.6972599221e-09 3.9509776374e-06
4.3155000000e+01 6.4102433793e-09 3.9891808041e-06
4.3160000000e+01 5.9760864880e-09 4.0257432384e-06
4.3165000000e+01 5.5027197425e-09 4.0614297260e-06
4.3170000000e+01 5.1068457617e-09 4.0970734251e-06
4.3175000000e+01 4.8883293061e-09 4.1333697454e-06
4.3180000000e+01 4.9077867063e-09 4.1707002990e-06
4.3185000000e+01 5.1727896985e-09 4.2090264706e-06
4.3190000000e+01 5.6362389510e-09 4.2478766451e-06
4.3195000000e+01 6.2072325056e-09 4.2864296278e-06
4.3200000000e+01 6.7714657903e-09 4.3236750561e-06
4.3205000000e+01 7.2161772589e-09 4.3586150628e-06
4.3210000000e+01 7.4542892668e-09 4.3904633503e-06
4.3215000000e+01 7.4430799379e-09 4.4187989174e-06
4.3220000000e+01 7.1937415107e-09 4.4436411824e-06
4.3225000000e+01 6.7694870414e-09 4.4654295977e-06
4.3230000000e+01 6.2719445516e-09 4.4849114679e-06
4.3235000000e+01 5.8184637605e-09 4.5029624180e-06
4.3240000000e+01 5.5156884693e-09 4.5203795972e-06
4.3245000000e+01 5.4359084078e-09 4.5376938893e-06
4.3250000000e+01 5.6016412897e-09 4.5550425161e-06
4.3255000000e+01 5.9813362748e-09 4.5721293150e-06
4.3260000000e+01 6.4964318352e-09 4.5882806209e-06
4.3265000000e+01 7.0380780507e-09 4.6025844346e-06
4.3270000000e+01 7.4904421520e-09 4.6140830372e-06
4.3275000000e+01 7.7561443173e-09 4.6219774512e-06
4.3280000000e+01 7.7782265976e-09 4.6257987699e-06
4.3285000000e+01 7.5531558516e-09 4.6255080060e-06
4.3290000000e+01 7.1314186259e-09 4.6215019805e-06
4.3295000000e+01 6.6057454596e-09 4.6145242457e-06
4.3300000000e+01 6.0902926614e-09 4.6055014589e-06
4.3305000000e+01 5.6958465921e-09 4.5953416883e-06
4.3310000000e+01 5.5061893369e-09 4.5847386085e-06
4.3315000000e+01 5.5600589813e-09 4.5740237376e-06
4.3320000000e+01 5.8422963633e-09 4.5630986892e-06
4.3325000000e+01 6.2865507701e-09 4.5514626822e-06
4.3330000000e+01 6.7896825507e-09 4.5383300128e-06
4.3335000000e+01 7.2349155374e-09 4.5228119421e-06
4.3340000000e+01 7.5181142357e-09 4.5041224791e-06
4.3345000000e+01 7.5707276430e-09 4.4817620494e-06
4.3350000000e+01 7.3742879116e-09 4.4556385155e-06
4.3355000000e+01 6.9638993552e-09 4.4260996138e-06
4.3360000000e+01 6.4205675644e-09 4.3938704728e-06
4.3365000000e+01 5.8539962868e-09 4.3599100274e-06
4.3370000000e+01 5.3789837645e-09 4.3252171581e-06
4.3375000000e+01 5.0900904838e-09 4.2906283715e-06
4.3380000000e+01 5.0403270501e-09 4.2566514404e-06
4.3385000000e+01 5.2291977912e-09 4.2233722169e-06
4.3390000000e+01 5.6031182380e-09 4.1904556281e-06
4.3395000000e+01 6.0678216544e-09 4.1572403557e-06
4.3400000000e+01 6.5093816855e-09 4.1229054859e-06
4.3405000000e+01 6.8189436880e-09 4.0866718864e-06
4.3410000000e+01 6.9160970725e-09 4.0479943331e-06
4.3415000000e+01 6.7663599157e-09 4.0067030138e-06
4.3420000000e+01 6.3891238872e-09 3.9630637790e-06
4.3425000000e+01 5.8539073440e-09 3.9177434749e-06
4.3430000000e+01 5.2651976618e-09 3.8716871006e-06
4.3435000000e+01 4.7391274132e-09 3.8259334031e-06
4.3440000000e+01 4.3775541626e-09 3.7814099151e-06
4.3445000000e+01 4.2457215218e-09 3.7387532140e-06
4.3450000000e+01 4.3584171773e-09 3.6981939941e-06
4.3455000000e+01 4.6772004962e-09 3.6595314100e-06
4.3460000000e+01 5.1188717973e-09 3.6222014030e-06
4.3465000000e+01 5.5733673589e-09 3.5854238253e-06
4.3470000000e+01 5.9276089266e-09 3.5483967017e-06
4.3475000000e+01 6.0904480531e-09 3.5104956399e-06
4.3480000000e+01 6.0131295418e-09 3.4714344716e-06
4.3485000000e+01 5.7003196893e-09 3.4313510118e-06
4.3490000000e+01 5.2089507222e-09 3.3907984468e-06
4.3495000000e+01 4.6352848888e-09 3.3506444657e-06
4.3500000000e+01 4.0935107879e-09 3.3119011286e-06
4.3505000000e+01 3.6908734607e-09 3.2755233462e-06
4.3510000000e+01 3.5046136364e-09 3.2422198032e-06
4.3515000000e+01 3.5653040903e-09 3.2123169005e-06
4.3520000000e+01 3.8499738125e-09 3.1857050807e-06
4.3525000000e+01 4.2867527316e-09 3.1618797125e-06
4.3530000000e+01 4.7704955560e-09 3.1400683106e-06
4.3535000000e+01 5.1861750970e-09 3.1194163505e-06
4.3540000000e+01 5.4346227999e-09 3.0991902160e-06
4.3545000000e+01 5.4544669636e-09 3.0789518685e-06
4.3550000000e+01 5.2352733763e-09 3.0586667398e-06
4.3555000000e+01 4.8193518177e-09 3.0387218574e-06
4.3560000000e+01 4.2923491201e-09 3.0198510019e-06
4.3565000000e+01 3.7648236127e-09 3.0029833491e-06
4.3570000000e+01 3.3484398982e-09 2.9890480952e-06
4.3575000000e+01 3.1315020730e-09 2.9787772871e-06
4.3580000000e+01 3.1591442666e-09 2.9725502544e-06
4.3585000000e+01 3.4230080987e-09 2.9703145408e-06
4.3590000000e+01 3.8631630029e-09 2.9716012035e-06
4.3595000000e+01 4.3818008642e-09 2.9756307909e-06
4.3600000000e+01 4.8651421836e-09 2.9814858788e-06
4.3605000000e+01 5.2082772285e-09 2.9883117803e-06
4.3610000000e+01 5.3376329160e-09 2.9955017372e-06
4.3615000000e+01 5.2267429085e-09 3.0028267532e-06
4.3620000000e+01 4.9022646488e-09 3.0104819621e-06
4.3625000000e+01 4.4386707269e-09 3.0190389412e-06
4.3630000000e+01 3.9421414454e-09 3.0293137377e-06
4.3635000000e+01 3.5268832224e-09 3.0421794078e-06
4.3640000000e+01 3.2894505611e-09 3.0583648273e-06
4.3645000000e+01 3.2873667284e-09 3.0782847022e-06
4.3650000000e+01 3.5269411863e-09 3.1019382156e-06
4.3655000000e+01 3.9624717514e-09 3.1288979290e-06
4.3660000000e+01 4.5063573948e-09 3.1583906665e-06
4.3665000000e+01 5.0478142049e-09 3.1894526062e-06
4.3670000000e+01 5.4766550549e-09 3.2211252005e-06
4.3675000000e+01 5.7075001667e-09 3.2526495523e-06
4.3680000000e+01 5.6990529871e-09 3.2836165234e-06
4.3685000000e+01 5.4635709469e-09 3.3140389848e-06
4.3690000000e+01 5.0639456242e-09 3.3443299012e-06
4.3695000000e+01 4.5992307153e-09 3.3751913799e-06
4.3700000000e+01 4.1824787506e-09 3.4074398763e-06
4.3705000000e+01 3.9161654260e-09 3.4418064801e-06
4.3710000000e+01 3.8702834901e-09 3.4787558798e-06
4.3715000000e+01 4.0672288695e-09 3.5183630379e-06
4.3720000000e+01 4.4765060417e-09 3.5602743018e-06
4.3725000000e+01 5.0208306279e-09 3.6037618996e-06
4.3730000000e+01 5.5929377827e-09 3.6478606089e-06
4.3735000000e+01 6.0795598085e-09 3.6915568881e-06
4.3740000000e+01 6.3867993237e-09 3.7339884861e-06
4.3745000000e+01 6.4607296450e-09 3.7746100430e-06
4.3750000000e+01 6.2986733140e-09 3.8132882481e-06
4.3755000000e+01 5.9492471331e-09 3.8503063510e-06
4.3760000000e+01 5.5016921360e-09 3.8862778568e-06
4.3765000000e+01 5.0667496002e-09 3.9219885221e-06
4.3770000000e+01 4.7527014725e-09 3.9582007898e-06
4.3775000000e+01 4.6414097415e-09 3.9954630234e-06
4.3780000000e+01 4.7698034397e-09 4.0339655358e-06
4.3785000000e+01 5.1214541346e-09 4.0734757571e-06
4.3790000000e+01 5.6304156935e-09 4.1133673747e-06
4.3795000000e+01 6.1962069940e-09 4.1527368670e-06
4.3800000000e+01 6.7060850233e-09 4.1905811022e-06
4.3805000000e+01 7.0594792592e-09 4.2259965342e-06
4.3810000000e+01 7.1895500247e-09 4.2583566156e-06
4.3815000000e+01 7.0776610606e-09 4.2874293368e-06
4.3820000000e+01 6.7577422226e-09 4.3134095813e-06
4.3825000000e+01 6.3092251075e-09 4.3368588787e-06
4.3830000000e+01 5.8396361294e-09 4.3585650963e-06
4.3835000000e+01 5.4605994066e-09 4.3793526733e-06
4.3840000000e+01 5.2629087008e-09 4.3998856471e-06
4.3845000000e+01 5.2965678751e-09 4.4205075264e-06
4.3850000000e+01 5.5601897212e-09 4.4411533331e-06
4.3855000000e+01 6.0016756618e-09 4.4613524945e-06
4.3860000000e+01 6.5296390422e-09 4.4803212050e-06
4.3865000000e+01 7.0330932485e-09 4.4971239225e-06
4.3870000000e+01 7.4054860167e-09 4.5108692380e-06
4.3875000000e+01 7.5681449452e-09 4.5208977838e-06
4.3880000000e+01 7.4879085710e-09 4.5269208554e-06
4.3885000000e+01 7.1846647641e-09 4.5290786186e-06
4.3890000000e+01 6.7268346543e-09 4.5279046138e-06
4.3895000000e+01 6.2159205008e-09 4.5242046522e-06
4.3900000000e+01 5.7639397162e-09 4.5188775297e-06
4.3905000000e+01 5.4689838047e-09 4.5127174167e-06
4.3910000000e+01 5.3941099912e-09 4.5062409597e-06
4.3915000000e+01 5.5537563717e-09 4.4995762372e-06
4.3920000000e+01 5.9104054262e-09 4.4924375525e-06
4.3925000000e+01 6.3824313754e-09 4.4841920039e-06
4.3930000000e+01 6.8618574268e-09 4.4740039197e-06
4.3935000000e+01 7.2383362702e-09 4.4610256188e-06
4.3940000000e+01 7.4238231900e-09 4.4445920217e-06
4.3945000000e+01 7.3720498330e-09 4.4243756394e-06
4.3950000000e+01 7.0883587287e-09 4.4004678260e-06
4.3955000000e+01 6.6280736319e-09 4.3733691054e-06
4.3960000000e+01 6.0842539423e-09 4.3438913881e-06
4.3965000000e+01 5.5676375736e-09 4.3129935362e-06
4.3970000000e+01 5.1827808001e-09 4.2815856891e-06
4.3975000000e+01 5.0051530036e-09 4.2503446965e-06
4.3980000000e+01 5.0641818029e-09 4.2195812671e-06
4.3985000000e+01 5.3364323154e-09 4.1891886338e-06
4.3990000000e+01 5.7508741864e-09 4.1586844078e-06
4.3995000000e+01 6.2050135469e-09 4.1273360765e-06
4.4000000000e+01 6.5878113197e-09 4.0943417682e-06
4.4005000000e+01 6.8039361886e-09 4.0590261256e-06
4.4010000000e+01 6.7941885481e-09 4.0210085766e-06
4.4015000000e+01 6.5481918587e-09 3.9803077488e-06
4.4020000000e+01 6.1069247195e-09 3.9373593905e-06
4.4025000000e+01 5.5542715624e-09 3.8929434193e-06
4.4030000000e+01 4.9988504540e-09 3.8480354148e-06
4.4035000000e+01 4.5498476023e-09 3.8036149396e-06
4.4040000000e+01 4.2925429663e-09 3.7604732384e-06
4.4045000000e+01 4.2695034463e-09 3.7190631194e-06
4.4050000000e+01 4.4717253691e-09 3.6794239778e-06
4.4055000000e+01 4.8411932367e-09 3.6411977404e-06
4.4060000000e+01 5.2837101537e-09 3.6037315028e-06
4.4065000000e+01 5.6891409907e-09 3.5662442227e-06
4.4070000000e+01 5.9551658011e-09 3.5280213889e-06
4.4075000000e+01 6.0098488251e-09 3.4885954140e-06
4.4080000000e+01 5.8279789776e-09 3.4478719897e-06
4.4085000000e+01 5.4370036122e-09 3.4061739942e-06
4.4090000000e+01 4.9108213798e-09 3.3641928151e-06
4.4095000000e+01 4.3530114946e-09 3.3228579690e-06
4.4100000000e+01 3.8738068770e-09 3.2831543002e-06
4.4105000000e+01 3.5662051511e-09 3.2459272711e-06
4.4110000000e+01 3.4861445750e-09 3.2117187379e-06
4.4115000000e+01 3.6404846053e-09 3.1806685048e-06
4.4120000000e+01 3.9852001907e-09 3.1525028402e-06
4.4125000000e+01 4.4345844973e-09 3.1266127564e-06
4.4130000000e+01 4.8800084300e-09 3.1022054473e-06
4.4135000000e+01 5.2142200725e-09 3.0784957919e-06
4.4140000000e+01 5.3553795811e-09 3.0548953514e-06
4.4145000000e+01 5.2650374649e-09 3.0311566687e-06
4.4150000000e+01 4.9561161853e-09 3.0074410402e-06
4.4155000000e+01 4.4896560096e-09 2.9842954390e-06
4.4160000000e+01 3.9614866030e-09 2.9625443066e-06
4.4165000000e+01 3.4816542512e-09 2.9431200228e-06
4.4170000000e+01 3.1506077400e-09 2.9268686643e-06
4.4175000000e+01 3.0370117661e-09 2.9143730878e-06
4.4180000000e+01 3.1622418248e-09 2.9058322128e-06
4.4185000000e+01 3.4954694739e-09 2.9010236106e-06
4.4190000000e+01 3.9606838835e-09 2.8993580666e-06
4.4195000000e+01 4.4538549811e-09 2.9000138839e-06
4.4200000000e+01 4.8659805146e-09 2.9021206892e-06
4.4205000000e+01 5.1067574716e-09 2.9049519109e-06
4.4210000000e+01 5.1239750375e-09 2.9080839731e-06
4.4215000000e+01 4.9148234099e-09 2.9114879960e-06
4.4220000000e+01 4.5267678336e-09 2.9155342711e-06
4.4225000000e+01 4.0474807890e-09 2.9209081792e-06
4.4230000000e+01 3.5856377835e-09 2.9284553534e-06
4.4235000000e+01 3.2467306057e-09 2.9389898900e-06
4.4240000000e+01 3.1095481976e-09 2.9531082399e-06
4.4245000000e+01 3.2088621578e-09 2.9710503432e-06
4.4250000000e+01 3.5281336495e-09 2.9926386039e-06
4.4255000000e+01 4.0034851516e-09 3.0173074960e-06
4.4260000000e+01 4.5377151300e-09 3.0442166224e-06
4.4265000000e+01 5.0212967478e-09 3.0724223920e-06
4.4270000000e+01 5.3561073541e-09 3.1010712733e-06
4.4275000000e+01 5.4769945860e-09 3.1295728121e-06
4.4280000000e+01 5.3663873846e-09 3.1577143666e-06
4.4285000000e+01 5.0583738287e-09 3.1856917595e-06
4.4290000000e+01 4.6310652557e-09 3.2140487135e-06
4.4295000000e+01 4.1890287907e-09 3.2435387051e-06
4.4300000000e+01 3.8400411234e-09 3.2749403642e-06
4.4305000000e+01 3.6715403876e-09 3.3088674257e-06
4.4310000000e+01 3.7318002842e-09 3.3456146490e-06
4.4315000000e+01 4.0195465170e-09 3.3850728570e-06
4.4320000000e+01 4.4840467304e-09 3.4267314539e-06
4.4325000000e+01 5.0358424315e-09 3.4697683203e-06
4.4330000000e+01 5.5661935850e-09 3.5132080441e-06
4.4335000000e+01 5.9711680788e-09 3.5561139564e-06
4.4340000000e+01 6.1748302676e-09 3.5977713373e-06
4.4345000000e+01 6.1459916262e-09 3.6378209998e-06
4.4350000000e+01 5.9046938608e-09 3.6763139546e-06
4.4355000000e+01 5.5173274080e-09 3.7136758464e-06
4.4360000000e+01 5.0819218028e-09 3.7505896752e-06
4.4365000000e+01 4.7069332492e-09 3.7878226134e-06
4.4370000000e+01 4.4878023598e-09 3.8260344068e-06
4.4375000000e+01 4.4859793327e-09 3.8656089737e-06
4.4380000000e+01 4.7150068169e-09 3.9065463631e-06
4.4385000000e+01 5.1371636968e-09 3.9484394606e-06
4.4390000000e+01 5.6718231357e-09 3.9905409983e-06
4.4395000000e+01 6.2136030309e-09 4.0319059244e-06
4.4400000000e+01 6.6558137222e-09 4.0715772417e-06
4.4405000000e+01 6.9136766110e-09 4.1087742064e-06
4.4410000000e+01 6.9423978474e-09 4.1430419634e-06
4.4415000000e+01 6.7466770476e-09 4.1743304973e-06
4.4420000000e+01 6.3798727202e-09 4.2029859239e-06
4.4425000000e+01 5.9327346391e-09 4.2296557359e-06
4.4430000000e+01 5.5136239031e-09 4.2551282826e-06
4.4435000000e+01 5.2243518414e-09 4.2801416364e-06
4.4440000000e+01 5.1373198768e-09 4.3052043372e-06
4.4445000000e+01 5.2795251339e-09 4.3304679868e-06
4.4450000000e+01 5.6270488382e-09 4.3556797457e-06
4.4455000000e+01 6.1107762192e-09 4.3802246303e-06
4.4460000000e+01 6.6315734598e-09 4.4032477601e-06
4.4465000000e+01 7.0815875680e-09 4.4238297235e-06
4.4470000000e+01 7.3675048065e-09 4.4411771307e-06
4.4475000000e+01 7.4311112758e-09 4.4547870432e-06
4.4480000000e+01 7.2625294249e-09 4.4645491239e-06
4.4485000000e+01 6.9026796784e-09 4.4707625513e-06
4.4490000000e+01 6.4340642227e-09 4.4740636192e-06
4.4495000000e+01 5.9621249160e-09 4.4752801794e-06
4.4500000000e+01 5.5918295031e-09 4.4752455496e-06
4.4505000000e+01 5.4049010240e-09 4.4746131381e-06
4.4510000000e+01 5.4423788506e-09 4.4737122042e-06
4.4515000000e+01 5.6957944818e-09 4.4724757655e-06
4.4520000000e+01 6.1087250494e-09 4.4704561443e-06
4.4525000000e+01 6.5887570355e-09 4.4669250428e-06
4.4530000000e+01 7.0277280662e-09 4.4610367494e-06
4.4535000000e+01 7.3258671269e-09 4.4520188124e-06
4.4540000000e+01 7.4141026996e-09 4.4393478571e-06
4.4545000000e+01 7.2692018703e-09 4.4228713416e-06
4.4550000000e+01 6.9184484072e-09 4.4028484265e-06
4.4555000000e+01 6.4332907196e-09 4.3799015204e-06
4.4560000000e+01 5.9137349364e-09 4.3548897468e-06
4.4565000000e+01 5.4668069809e-09 4.3287321393e-06
4.4570000000e+01 5.1833573576e-09 4.3022188063e-06
4.4575000000e+01 5.1180015696e-09 4.2758509591e-06
4.4580000000e+01 5.2767687948e-09 4.2497449509e-06
4.4585000000e+01 5.6156100821e-09 4.2236219278e-06
4.4590000000e+01 6.0503168299e-09 4.1968857394e-06
4.4595000000e+01 6.4754437135e-09 4.1687717170e-06
4.4600000000e+01 6.7876561417e-09 4.1385329288e-06
4.4605000000e+01 6.9082093759e-09 4.1056225661e-06
4.4610000000e+01 6.7998803243e-09 4.0698326734e-06
4.4615000000e+01 6.4750323547e-09 4.0313594050e-06
4.4620000000e+01 5.9931571740e-09 3.9907807738e-06
4.4625000000e+01 5.4481612447e-09 3.9489513857e-06
4.4630000000e+01 4.9478306516e-09 3.9068366048e-06
4.4635000000e+01 4.5899226378e-09 3.8653223339e-06
4.4640000000e+01 4.4404285942e-09 3.8250425916e-06
4.4645000000e+01 4.5191158580e-09 3.7862632900e-06
4.4650000000e+01 4.7955406395e-09 3.7488477169e-06
4.4655000000e+01 5.1960924931e-09 3.7123106404e-06
4.4660000000e+01 5.6202030883e-09 3.6759484686e-06
4.4665000000e+01 5.9621662992e-09 3.6390168045e-06
4.4670000000e+01 6.1341015792e-09 3.6009169345e-06
4.4675000000e+01 6.0853143749e-09 3.5613507579e-06
4.4680000000e+01 5.8137593190e-09 3.5204099770e-06
4.4685000000e+01 5.3667520598e-09 3.4785793114e-06
4.4690000000e+01 4.8305020006e-09 3.4366525885e-06
4.4695000000e+01 4.3108561017e-09 3.3955803565e-06
4.4700000000e+01 3.9098519540e-09 3.3562831007e-06
4.4705000000e+01 3.7034845298e-09 3.3194713639e-06
4.4710000000e+01 3.7254350549e-09 3.2855118619e-06
4.4715000000e+01 3.9599401322e-09 3.2543682560e-06
4.4720000000e+01 4.3451312705e-09 3.2256292354e-06
4.4725000000e+01 4.7862934184e-09 3.1986180570e-06
4.4730000000e+01 5.1765357587e-09 3.1725600090e-06
4.4735000000e+01 5.4205235205e-09 3.1467710988e-06
4.4740000000e+01 5.4558124088e-09 3.1208260072e-06
4.4745000000e+01 5.2666764616e-09 3.0946678294e-06
4.4750000000e+01 4.8872626372e-09 3.0686354710e-06
4.4755000000e+01 4.3936985198e-09 3.0434032206e-06
4.4760000000e+01 3.8873214677e-09 3.0198463002e-06
4.4765000000e+01 3.4727864540e-09 2.9988618546e-06
4.4770000000e+01 3.2354829563e-09 2.9811841025e-06
4.4775000000e+01 3.2228018163e-09 2.9672337393e-06
4.4780000000e+01 3.4333726047e-09 2.9570347514e-06
4.4785000000e+01 3.8170639885e-09 2.9502174159e-06
4.4790000000e+01 4.2861243807e-09 2.9461071377e-06
4.4795000000e+01 4.7349107778e-09 2.9438793187e-06
4.4800000000e+01 5.0633881495e-09 2.9427456191e-06
4.4805000000e+01 5.1989101070e-09 2.9421303933e-06
4.4810000000e+01 5.1116945705e-09 2.9417988732e-06
4.4815000000e+01 4.8211091609e-09 2.9419095669e-06
4.4820000000e+01 4.3916492677e-09 2.9429796381e-06
4.4825000000e+01 3.9192114418e-09 2.9457705416e-06
4.4830000000e+01 3.5101701266e-09 2.9511185130e-06
4.4835000000e+01 3.2576859179e-09 2.9597470166e-06
4.4840000000e+01 3.2208143602e-09 2.9721027686e-06
4.4845000000e+01 3.4114937698e-09 2.9882518622e-06
4.4850000000e+01 3.7923310131e-09 3.0078588305e-06
4.4855000000e+01 4.2852313700e-09 3.0302527380e-06
4.4860000000e+01 4.7885213902e-09 3.0545652648e-06
4.4865000000e+01 5.1988361076e-09 3.0799104828e-06
4.4870000000e+01 5.4334426346e-09 3.1055673774e-06
4.4875000000e+01 5.4484862172e-09 3.1311255303e-06
4.4880000000e+01 5.2490208900e-09 3.1565619346e-06
4.4885000000e+01 4.8881281910e-09 3.1822316156e-06
4.4890000000e+01 4.4550163564e-09 3.2087738112e-06
4.4895000000e+01 4.0549436690e-09 3.2369545889e-06
4.4900000000e+01 3.7858771441e-09 3.2674810888e-06
4.4905000000e+01 3.7172287345e-09 3.3008285621e-06
4.4910000000e+01 3.8750374128e-09 3.3371179418e-06
4.4915000000e+01 4.2363721479e-09 3.3760702675e-06
4.4920000000e+01 4.7340521933e-09 3.4170477145e-06
4.4925000000e+01 5.2709949114e-09 3.4591725630e-06
4.4930000000e+01 5.7414690474e-09 3.5014985763e-06
4.4935000000e+01 6.0546210604e-09 3.5431973680e-06
4.4940000000e+01 6.1547234663e-09 3.5837184884e-06
4.4945000000e+01 6.0333248390e-09 3.6228876115e-06
4.4950000000e+01 5.7306802584e-09 3.6609212774e-06
4.4955000000e+01 5.3265557466e-09 3.6983555425e-06
4.4960000000e+01 4.9227482124e-09 3.7359048355e-06
4.4965000000e+01 4.6210568787e-09 3.7742821019e-06
4.4970000000e+01 4.5011447348e-09 3.8140192727e-06
4.4975000000e+01 4.6028944034e-09 3.8553270476e-06
4.4980000000e+01 4.9172876229e-09 3.8980249108e-06
4.4985000000e+01 5.3881909038e-09 3.9415573304e-06
4.4990000000e+01 5.9248448226e-09 3.9850930087e-06
4.4995000000e+01 6.4221144580e-09 4.0276852167e-06
4.5000000000e+01 6.7836841374e-09 4.0684574475e-06
4.5005000000e+01 6.9429580269e-09 4.1067733369e-06
4.5010000000e+01 6.8773050098e-09 4.1423539164e-06
4.5015000000e+01 6.6128676703e-09 4.1753171474e-06
4.5020000000e+01 6.2189876337e-09 4.2061314202e-06
4.5025000000e+01 5.7932346178e-09 4.2354929577e-06
4.5030000000e+01 5.4400070605e-09 4.2641535419e-06
4.5035000000e+01 5.2473424831e-09 4.2927363005e-06
4.5040000000e+01 5.2672875700e-09 4.3215804937e-06
4.5045000000e+01 5.5044407593e-09 4.3506499629e-06
4.5050000000e+01 5.9152081907e-09 4.3795254024e-06
4.5055000000e+01 6.4176529613e-09 4.4074816341e-06
4.5060000000e+01 6.9094789609e-09 4.4336323988e-06
4.5065000000e+01 7.2901985482e-09 4.4571109234e-06
4.5070000000e+01 7.4829102385e-09 4.4772471927e-06
4.5075000000e+01 7.4511869931e-09 4.4937035066e-06
4.5080000000e+01 7.2073321770e-09 4.5065384776e-06
4.5085000000e+01 6.8098781373e-09 4.5161849141e-06
4.5090000000e+01 6.3506195936e-09 4.5233461455e-06
4.5095000000e+01 5.9341124417e-09 4.5288338512e-06
4.5100000000e+01 5.6544862560e-09 4.5333836281e-06
4.5105000000e+01 5.5749069526e-09 4.5374891057e-06
4.5110000000e+01 5.7140676229e-09 4.5412907012e-06
4.5115000000e+01 6.0422997399e-09 4.5445428367e-06
4.5120000000e+01 6.4879381808e-09 4.5466665662e-06
4.5125000000e+01 6.9527196663e-09 4.5468764019e-06
4.5130000000e+01 7.3332195759e-09 4.5443540037e-06
4.5135000000e+01 7.5437903727e-09 4.5384306876e-06
4.5140000000e+01 7.5357213187e-09 4.5287382352e-06
4.5145000000e+01 7.3080146930e-09 4.5152944028e-06
4.5150000000e+01 6.9073000719e-09 4.4985043619e-06
4.5155000000e+01 6.4172205913e-09 4.4790782788e-06
4.5160000000e+01 5.9400272675e-09 4.4578836145e-06
4.5165000000e+01 5.5744728687e-09 4.4357645158e-06
4.5170000000e+01 5.3944946668e-09 4.4133674260e-06
4.5175000000e+01 5.4329829841e-09 4.3910107583e-06
4.5180000000e+01 5.6742264481e-09 4.3686273293e-06
4.5185000000e+01 6.0571052035e-09 4.3457926367e-06
4.5190000000e+01 6.4886666955e-09 4.3218330236e-06
4.5195000000e+01 6.8649798297e-09 4.2959896771e-06
4.5200000000e+01 7.0942326366e-09 4.2676018589e-06
4.5205000000e+01 7.1167169227e-09 4.2362688266e-06
4.5210000000e+01 6.9175189693e-09 4.2019551552e-06
4.5215000000e+01 6.5296061829e-09 4.1650168528e-06
4.5220000000e+01 6.0268482725e-09 4.1261427263e-06
4.5225000000e+01 5.5082258593e-09 4.0862235269e-06
4.5230000000e+01 5.0762314372e-09 4.0461770774e-06
4.5235000000e+01 4.8140824322e-09 4.0067676208e-06
4.5240000000e+01 4.7671049947e-09 3.9684593854e-06
4.5245000000e+01 4.9328098011e-09 3.9313369093e-06
4.5250000000e+01 5.2618659342e-09 3.8951095598e-06
4.5255000000e+01 5.6693445460e-09 3.8591987085e-06
4.5260000000e+01 6.0533648897e-09 3.8228878655e-06
4.5265000000e+01 6.3171073077e-09 3.7855027523e-06
4.5270000000e+01 6.3897999022e-09 3.7465821806e-06
4.5275000000e+01 6.2423992544e-09 3.7060025740e-06
4.5280000000e+01 5.8943806826e-09 3.6640286633e-06
4.5285000000e+01 5.4097001751e-09 3.6212787060e-06
4.5290000000e+01 4.8825688659e-09 3.5786115033e-06
4.5295000000e+01 4.4163910036e-09 3.5369601804e-06
4.5300000000e+01 4.1009334247e-09 3.4971497069e-06
4.5305000000e+01 3.9929108293e-09 3.4597384534e-06
4.5310000000e+01 4.1039653278e-09 3.4249182369e-06
4.5315000000e+01 4.3982598798e-09 3.3924941704e-06
4.5320000000e+01 4.8001184826e-09 3.3619484145e-06
4.5325000000e+01 5.2103504323e-09 3.3325740498e-06
4.5330000000e+01 5.5280422588e-09 3.3036501123e-06
4.5335000000e+01 5.6730486133e-09 3.2746194439e-06
4.5340000000e+01 5.6038977507e-09 3.2452298748e-06
4.5345000000e+01 5.3268629331e-09 3.2156072177e-06
4.5350000000e+01 4.8942616828e-09 3.1862439791e-06
4.5355000000e+01 4.3927146859e-09 3.1579067162e-06
4.5360000000e+01 3.9242177716e-09 3.1314828562e-06
4.5365000000e+01 3.5840854645e-09 3.1078005763e-06
4.5370000000e+01 3.4402601043e-09 3.0874607670e-06
4.5375000000e+01 3.5183106788e-09 3.0707174930e-06
4.5380000000e+01 3.7955500002e-09 3.0574332370e-06
4.5385000000e+01 4.2058941151e-09 3.0471192041e-06
4.5390000000e+01 4.6545609591e-09 3.0390521279e-06
4.5395000000e+01 5.0392045204e-09 3.0324416693e-06
4.5400000000e+01 5.2725217399e-09 3.0266110706e-06
4.5405000000e+01 5.3012375053e-09 3.0211510840e-06
4.5410000000e+01 5.1174964664e-09 3.0160136717e-06
4.5415000000e+01 4.7604717769e-09 3.0115254834e-06
4.5420000000e+01 4.3079387309e-09 3.0083184059e-06
4.5425000000e+01 3.8594562414e-09 3.0071921163e-06
4.5430000000e+01 3.5145619494e-09 3.0089383171e-06
4.5435000000e+01 3.3507042758e-09 3.0141651286e-06
4.5440000000e+01 3.4059862021e-09 3.0231606135e-06
4.5445000000e+01 3.6707875560e-09 3.0358258739e-06
4.5450000000e+01 4.0901344937e-09 3.0516924086e-06
4.5455000000e+01 4.5760395598e-09 3.0700194096e-06
4.5460000000e+01 5.0268244882e-09 3.0899491553e-06
4.5465000000e+01 5.3491756513e-09 3.1106864331e-06
4.5470000000e+01 5.4783641048e-09 3.1316631247e-06
4.5475000000e+01 5.3924546430e-09 3.1526522565e-06
4.5480000000e+01 5.1173587497e-09 3.1738063940e-06
4.5485000000e+01 4.7213266309e-09 3.1956115033e-06
4.5490000000e+01 4.2998438469e-09 3.2187661652e-06
4.5495000000e+01 3.9543292012e-09 3.2440129668e-06
4.5500000000e+01 3.7696409803e-09 3.2719596770e-06
4.5505000000e+01 3.7955573869e-09 3.3029297530e-06
4.5510000000e+01 4.0361698074e-09 3.3368747210e-06
4.5515000000e+01 4.4491596293e-09 3.3733671549e-06
4.5520000000e+01 4.9549142683e-09 3.4116756243e-06
4.5525000000e+01 5.4536587156e-09 3.4509055225e-06
4.5530000000e+01 5.8472066295e-09 3.4901753643e-06
4.5535000000e+01 6.0607061997e-09 3.5287899734e-06
4.5540000000e+01 6.0593654183e-09 3.5663721952e-06
4.5545000000e+01 5.8561113147e-09 3.6029238519e-06
4.5550000000e+01 5.5084137474e-09 3.6388026542e-06
4.5555000000e+01 5.1052784908e-09 3.6746206907e-06
4.5560000000e+01 4.7476398706e-09 3.7110872896e-06
4.5565000000e+01 4.5264875071e-09 3.7488307715e-06
4.5570000000e+01 4.5031728457e-09 3.7882378227e-06
4.5575000000e+01 4.6958746943e-09 3.8293454482e-06
4.5580000000e+01 5.0752427380e-09 3.8718093915e-06
4.5585000000e+01 5.5705652730e-09 3.9149564432e-06
4.5590000000e+01 6.0854040982e-09 3.9579094672e-06
4.5595000000e+01 6.5191252393e-09 3.9997575096e-06
4.5600000000e+01 6.7891723993e-09 4.0397332044e-06
4.5605000000e+01 6.8489527762e-09 4.0773583599e-06
4.5610000000e+01 6.6976227454e-09 4.1125261128e-06
4.5615000000e+01 6.3800617765e-09 4.1455021896e-06
4.5620000000e+01 5.9772149847e-09 4.1768452704e-06
4.5625000000e+01 5.5886482678e-09 4.2072637280e-06
4.5630000000e+01 5.3107317347e-09 4.2374398199e-06
4.5635000000e+01 5.2151554770e-09 4.2678598988e-06
4.5640000000e+01 5.3328327521e-09 4.2986883215e-06
4.5645000000e+01 5.6471076926e-09 4.3297131952e-06
4.5650000000e+01 6.0977540057e-09 4.3603759050e-06
4.5655000000e+01 6.5945012649e-09 4.3898775360e-06
4.5660000000e+01 7.0367776179e-09 4.4173384234e-06
4.5665000000e+01 7.3354096965e-09 4.4419758551e-06
4.5670000000e+01 7.4319175370e-09 4.4632613861e-06
4.5675000000e+01 7.3114460016e-09 4.4810236503e-06
4.5680000000e+01 7.0063440980e-09 4.4954740605e-06
4.5685000000e+01 6.5892099779e-09 4.5071493757e-06
4.5690000000e+01 6.1567290679e-09 4.5167835037e-06
4.5695000000e+01 5.8080724182e-09 4.5251369256e-06
4.5700000000e+01 5.6229882633e-09 4.5328217085e-06
4.5705000000e+01 5.6445293897e-09 4.5401608018e-06
4.5710000000e+01 5.8699449353e-09 4.5471122547e-06
4.5715000000e+01 6.2513722510e-09 4.5532744793e-06
4.5720000000e+01 6.7061065562e-09 4.5579711739e-06
4.5725000000e+01 7.1344784160e-09 4.5603975304e-06
4.5730000000e+01 7.4417300494e-09 4.5597960818e-06
4.5735000000e+01 7.5590883307e-09 4.5556236948e-06
4.5740000000e+01 7.4591049283e-09 4.5476726929e-06
4.5745000000e+01 7.1616235228e-09 4.5361190865e-06
4.5750000000e+01 6.7291188702e-09 4.5214873121e-06
4.5755000000e+01 6.2527477552e-09 4.5045396828e-06
4.5760000000e+01 5.8324088820e-09 4.4861152701e-06
4.5765000000e+01 5.5551016261e-09 4.4669535613e-06
4.5770000000e+01 5.4760314210e-09 4.4475411342e-06
4.5775000000e+01 5.6064170404e-09 4.4280145824e-06
4.5780000000e+01 5.9107958943e-09 4.4081410593e-06
4.5785000000e+01 6.3147077303e-09 4.3873811212e-06
4.5790000000e+01 6.7212153680e-09 4.3650203159e-06
4.5795000000e+01 7.0324843041e-09 4.3403403612e-06
4.5800000000e+01 7.1713952327e-09 4.3127917759e-06
4.5805000000e+01 7.0983272690e-09 4.2821297797e-06
4.5810000000e+01 6.8195976426e-09 4.2484838823e-06
4.5815000000e+01 6.3859850165e-09 4.2123463795e-06
4.5820000000e+01 5.8817593817e-09 4.1744824650e-06
4.5825000000e+01 5.4064448559e-09 4.1357813473e-06
4.5830000000e+01 5.0530542287e-09 4.0970805558e-06
4.5835000000e+01 4.8875105249e-09 4.0590018742e-06
4.5840000000e+01 4.9339780704e-09 4.0218352438e-06
4.5845000000e+01 5.1695816907e-09 3.9854964846e-06
4.5850000000e+01 5.5297068011e-09 3.9495680264e-06
4.5855000000e+01 5.9224790975e-09 3.9134131632e-06
4.5860000000e+01 6.2489826911e-09 3.8763382473e-06
4.5865000000e+01 6.4247685669e-09 3.8377672038e-06
4.5870000000e+01 6.3981878490e-09 3.7973904548e-06
4.5875000000e+01 6.1617773749e-09 3.7552558654e-06
4.5880000000e+01 5.7541715292e-09 3.7117815725e-06
4.5885000000e+01 5.2518411504e-09 3.6676873900e-06
4.5890000000e+01 4.7522444972e-09 3.6238595541e-06
4.5895000000e+01 4.3521674030e-09 3.5811786939e-06
4.5900000000e+01 4.1263239741e-09 3.5403492284e-06
4.5905000000e+01 4.1111258268e-09 3.5017677842e-06
4.5910000000e+01 4.2970522779e-09 3.4654591523e-06
4.5915000000e+01 4.6309567221e-09 3.4310932789e-06
4.5920000000e+01 5.0276194203e-09 3.3980793136e-06
4.5925000000e+01 5.3881874545e-09 3.3657163010e-06
4.5930000000e+01 5.6217998044e-09 3.3333677822e-06
4.5935000000e+01 5.6657786481e-09 3.3006219817e-06
4.5940000000e+01 5.4997149737e-09 3.2674019943e-06
4.5945000000e+01 5.1500102952e-09 3.2340013667e-06
4.5950000000e+01 4.6838116536e-09 3.2010372615e-06
4.5955000000e+01 4.1939715108e-09 3.1693318880e-06
4.5960000000e+01 3.7786770357e-09 3.1397485862e-06
4.5965000000e+01 3.5202256767e-09 3.1130184523e-06
4.5970000000e+01 3.4672669630e-09 3.0895951048e-06
4.5975000000e+01 3.6240985314e-09 3.0695691003e-06
4.5980000000e+01 3.9494318763e-09 3.0526608468e-06
4.5985000000e+01 4.3652678441e-09 3.0382939237e-06
4.5990000000e+01 4.7741870548e-09 3.0257328903e-06
4.5995000000e+01 5.0811111929e-09 3.0142550762e-06
4.6000000000e+01 5.2143647570e-09 3.0033181616e-06
4.6005000000e+01 5.1412122837e-09 2.9926865378e-06
4.6010000000e+01 4.8746792554e-09 2.9824889641e-06
4.6015000000e+01 4.4705550811e-09 2.9731953191e-06
4.6020000000e+01 4.0153720092e-09 2.9655177278e-06
4.6025000000e+01 3.6077313473e-09 2.9602575123e-06
4.6030000000e+01 3.3367069945e-09 2.9581311658e-06
4.6035000000e+01 3.2620139492e-09 2.9596134757e-06
4.6040000000e+01 3.4006144285e-09 2.9648325531e-06
4.6045000000e+01 3.7230324829e-09 2.9735401743e-06
4.6050000000e+01 4.1601601911e-09 2.9851639274e-06
4.6055000000e+01 4.6187060518e-09 2.9989293013e-06
4.6060000000e+01 5.0016016140e-09 3.0140245238e-06
4.6065000000e+01 5.2289760175e-09 3.0297719949e-06
4.6070000000e+01 5.2554555561e-09 3.0457691025e-06
4.6075000000e+01 5.0802212259e-09 3.0619678772e-06
4.6080000000e+01 4.7474700938e-09 3.0786759591e-06
4.6085000000e+01 4.3368254469e-09 3.0964783081e-06
4.6090000000e+01 3.9456428183e-09 3.1160966390e-06
4.6095000000e+01 3.6673020752e-09 3.1382176773e-06
4.6100000000e+01 3.5705909299e-09 3.1633284234e-06
4.6105000000e+01 3.6848092535e-09 3.1915948504e-06
4.6110000000e+01 3.9936229047e-09 3.2228104392e-06
4.6115000000e+01 4.4387010924e-09 3.2564254047e-06
4.6120000000e+01 4.9322874053e-09 3.2916500245e-06
4.6125000000e+01 5.3761985034e-09 3.3276096834e-06
4.6130000000e+01 5.6833508510e-09 3.3635180536e-06
4.6135000000e+01 5.7970842153e-09 3.3988305367e-06
4.6140000000e+01 5.7037725526e-09 3.4333440038e-06
4.6145000000e+01 5.4357221081e-09 3.4672206136e-06
4.6150000000e+01 5.0637721870e-09 3.5009305510e-06
4.6155000000e+01 4.6815000139e-09 3.5351267541e-06
4.6160000000e+01 4.3847022348e-09 3.5704796066e-06
4.6165000000e+01 4.2505804842e-09 3.6075079177e-06
4.6170000000e+01 4.3209328633e-09 3.6464429237e-06
4.6175000000e+01 4.5928725032e-09 3.6871548681e-06
4.6180000000e+01 5.0192107134e-09 3.7291584211e-06
4.6185000000e+01 5.5186750928e-09 3.7716962075e-06
4.6190000000e+01 5.9938529709e-09 3.8138824084e-06
4.6195000000e+01 6.3527887926e-09 3.8548747402e-06
4.6200000000e+01 6.5292388556e-09 3.8940366537e-06
4.6205000000e+01 6.4970250728e-09 3.9310539975e-06
4.6210000000e+01 6.2754875366e-09 3.9659808894e-06
4.6215000000e+01 5.9250949700e-09 3.9992052793e-06
4.6220000000e+01 5.5342723937e-09 4.0313420158e-06
4.6225000000e+01 5.2001757814e-09 4.0630766711e-06
4.6230000000e+01 5.0073894606e-09 4.0949940625e-06
4.6235000000e+01 5.0091570335e-09 4.1274291041e-06
4.6240000000e+01 5.2154545208e-09 4.1603731353e-06
4.6245000000e+01 5.5907661723e-09 4.1934567054e-06
4.6250000000e+01 6.0620837486e-09 4.2260125902e-06
4.6255000000e+01 6.5351524421e-09 4.2572048106e-06
4.6260000000e+01 6.9151488780e-09 4.2861949862e-06
4.6265000000e+01 7.1272426816e-09 4.3123096101e-06
4.6270000000e+01 7.1327729805e-09 4.3351719955e-06
4.6275000000e+01 6.9377266139e-09 4.3547702945e-06
4.6280000000e+01 6.5916292752e-09 4.3714465883e-06
4.6285000000e+01 6.1768271291e-09 4.3858090983e-06
4.6290000000e+01 5.7902971673e-09 4.3985866231e-06
4.6295000000e+01 5.5220624749e-09 4.4104574309e-06
4.6300000000e+01 5.4352502341e-09 4.4218906366e-06
4.6305000000e+01 5.5523622798e-09 4.4330350777e-06
4.6310000000e+01 5.8506392080e-09 4.4436798142e-06
4.6315000000e+01 6.2672114672e-09 4.4532944830e-06
4.6320000000e+01 6.7127453465e-09 4.4611405042e-06
4.6325000000e+01 7.0907672594e-09 4.4664290080e-06
4.6330000000e+01 7.3187472155e-09 4.4684911848e-06
4.6335000000e+01 7.3464210839e-09 4.4669237204e-06
4.6340000000e+01 7.1670943058e-09 4.4616770677e-06
4.6345000000e+01 6.8191263737e-09 4.4530668582e-06
4.6350000000e+01 6.3772274081e-09 4.4417060047e-06
4.6355000000e+01 5.9357698024e-09 4.4283728105e-06
4.6360000000e+01 5.5880860814e-09 4.4138443842e-06
4.6365000000e+01 5.4062830949e-09 4.3987318635e-06
4.6370000000e+01 5.4256791303e-09 4.3833532156e-06
4.6375000000e+01 5.6370067267e-09 4.3676712190e-06
4.6380000000e+01 5.9881739776e-09 4.3513103070e-06
4.6385000000e+01 6.3955399857e-09 4.3336488982e-06
4.6390000000e+01 6.7624471910e-09 4.3139671057e-06
4.6395000000e+01 7.0007848606e-09 4.2916171566e-06
4.6400000000e+01 7.0504910343e-09 4.2661786763e-06
4.6405000000e+01 6.8925499770e-09 4.2375645447e-06
4.6410000000e+01 6.5528484480e-09 4.2060543129e-06
4.6415000000e+01 6.0964005540e-09 4.1722482365e-06
4.6420000000e+01 5.6133123277e-09 4.1369521514e-06
4.6425000000e+01 5.1993087087e-09 4.1010181836e-06
4.6430000000e+01 4.9347741644e-09 4.0651758630e-06
4.6435000000e+01 4.8668793499e-09 4.0298905974e-06
4.6440000000e+01 4.9990130815e-09 3.9952808176e-06
4.6445000000e+01 5.2901249227e-09 3.9611122503e-06
4.6450000000e+01 5.6640783227e-09 3.9268704887e-06
4.6455000000e+01 6.0266372325e-09 3.8918954831e-06
4.6460000000e+01 6.2861105838e-09 3.8555480064e-06
4.6465000000e+01 6.3732187081e-09 3.8173715258e-06
4.6470000000e+01 6.2561444788e-09 3.7772142653e-06
4.6475000000e+01 5.9476571007e-09 3.7352849278e-06
4.6480000000e+01 5.5026008508e-09 3.6921297178e-06
4.6485000000e+01 5.0059921790e-09 3.6485353038e-06
4.6490000000e+01 4.5542094828e-09 3.6053787505e-06
4.6495000000e+01 4.2335954209e-09 3.5634575007e-06
4.6500000000e+01 4.1014650627e-09 3.5233370816e-06
4.6505000000e+01 4.1737667049e-09 3.4852500915e-06
4.6510000000e+01 4.4218869441e-09 3.4490683265e-06
4.6515000000e+01 4.7790279765e-09 3.4143536514e-06
4.6520000000e+01 5.1547189720e-09 3.3804762019e-06
4.6525000000e+01 5.4544999867e-09 3.3467741486e-06
4.6530000000e+01 5.6006917318e-09 3.3127202695e-06
4.6535000000e+01 5.5496825058e-09 3.2780587831e-06
4.6540000000e+01 5.3017048599e-09 3.2428820469e-06
4.6545000000e+01 4.9007541484e-09 3.2076298904e-06
4.6550000000e+01 4.4247146840e-09 3.1730117153e-06
4.6555000000e+01 3.9681032148e-09 3.1398688201e-06
4.6560000000e+01 3.6213980781e-09 3.1090074998e-06
4.6565000000e+01 3.4514257512e-09 3.0810394661e-06
4.6570000000e+01 3.4868741764e-09 3.0562641734e-06
4.6575000000e+01 3.7119591731e-09 3.0346185144e-06
4.6580000000e+01 4.0697192656e-09 3.0157049723e-06
4.6585000000e+01 4.4744423935e-09 2.9988923760e-06
4.6590000000e+01 4.8306181431e-09 2.9834673036e-06
4.6595000000e+01 5.0541430771e-09 2.9688026490e-06
4.6600000000e+01 5.0908907745e-09 2.9545058916e-06
4.6605000000e+01 4.9284655311e-09 2.9405143273e-06
4.6610000000e+01 4.5986933428e-09 2.9271166146e-06
4.6615000000e+01 4.1705397765e-09 2.9148963337e-06
4.6620000000e+01 3.7351028302e-09 2.9046100947e-06
4.6625000000e+01 3.3858269148e-09 2.8970266707e-06
4.6630000000e+01 3.1980525278e-09 2.8927620966e-06
4.6635000000e+01 3.2123258640e-09 2.8921468692e-06
4.6640000000e+01 3.4253071373e-09 2.8951547148e-06
4.6645000000e+01 3.7905003651e-09 2.9014088707e-06
4.6650000000e+01 4.2286760315e-09 2.9102644330e-06
4.6655000000e+01 4.6454884503e-09 2.9209482866e-06
4.6660000000e+01 4.9521874531e-09 2.9327255606e-06
4.6665000000e+01 5.0848717867e-09 2.9450561504e-06
4.6670000000e+01 5.0182925244e-09 2.9577073495e-06
4.6675000000e+01 4.7714003953e-09 2.9707981748e-06
4.6680000000e+01 4.4033878793e-09 2.9847655685e-06
4.6685000000e+01 4.0008394430e-09 3.0002595758e-06
4.6690000000e+01 3.6586139529e-09 3.0179903644e-06
4.6695000000e+01 3.4587414934e-09 3.0385609199e-06
4.6700000000e+01 3.4522533955e-09 3.0623225641e-06
4.6705000000e+01 3.6481048333e-09 3.0892851789e-06
4.6710000000e+01 4.0114849689e-09 3.1191016001e-06
4.6715000000e+01 4.4715802363e-09 3.1511292296e-06
4.6720000000e+01 4.9369462650e-09 3.1845552406e-06
4.6725000000e+01 5.3152940660e-09 3.2185581781e-06
4.6730000000e+01 5.5336491705e-09 3.2524708546e-06
4.6735000000e+01 5.5545423373e-09 3.2859088652e-06
4.6740000000e+01 5.3844489084e-09 3.3188362719e-06
4.6745000000e+01 5.0723337274e-09 3.3515538085e-06
4.6750000000e+01 4.6985996519e-09 3.3846123117e-06
4.6755000000e+01 4.3571457902e-09 3.4186708146e-06
4.6760000000e+01 4.1347498150e-09 3.4543308246e-06
4.6765000000e+01 4.0922663915e-09 3.4919831597e-06
4.6770000000e+01 4.2514634559e-09 3.5317006638e-06
4.6775000000e+01 4.5901466892e-09 3.5732001355e-06
4.6780000000e+01 5.0467355777e-09 3.6158819640e-06
4.6785000000e+01 5.5336027893e-09 3.6589391451e-06
4.6790000000e+01 5.9564302168e-09 3.7015119666e-06
4.6795000000e+01 6.2351736822e-09 3.7428542773e-06
4.6800000000e+01 6.3217083110e-09 3.7824745327e-06
4.6805000000e+01 6.2101537170e-09 3.8202205796e-06
4.6810000000e+01 5.9378250982e-09 3.8562898743e-06
4.6815000000e+01 5.5769183464e-09 3.8911633538e-06
4.6820000000e+01 5.2188289066e-09 3.9254776884e-06
4.6825000000e+01 4.9543047539e-09 3.9598638031e-06
4.6830000000e+01 4.8535057362e-09 3.9947868453e-06
4.6835000000e+01 4.9503398957e-09 4.0304227259e-06
4.6840000000e+01 5.2347858117e-09 4.0665986570e-06
4.6845000000e+01 5.6551295954e-09 4.1028110785e-06
4.6850000000e+01 6.1295698396e-09 4.1383170512e-06
4.6855000000e+01 6.5643511359e-09 4.1722787408e-06
4.6860000000e+01 6.8742385878e-09 4.2039290001e-06
4.6865000000e+01 7.0009372134e-09 4.2327217881e-06
4.6870000000e+01 6.9257006319e-09 4.2584348128e-06
4.6875000000e+01 6.6735206527e-09 4.2812022037e-06
4.6880000000e+01 6.3078432393e-09 4.3014700227e-06
4.6885000000e+01 5.9167012620e-09 4.3198840997e-06
4.6890000000e+01 5.5932062675e-09 4.3371346718e-06
4.6895000000e+01 5.4148543963e-09 4.3537921506e-06
4.6900000000e+01 5.4264442518e-09 4.3701704749e-06
4.6905000000e+01 5.6304192734e-09 4.3862482364e-06
4.6910000000e+01 5.9865584033e-09 4.4016646625e-06
4.6915000000e+01 6.4208470436e-09 4.4157909501e-06
4.6920000000e+01 6.8415508957e-09 4.4278611468e-06
4.6925000000e+01 7.1591609951e-09 4.4371340988e-06
4.6930000000e+01 7.3060351545e-09 4.4430512714e-06
4.6935000000e+01 7.2514169683e-09 4.4453558772e-06
4.6940000000e+01 7.0083321564e-09 4.4441468893e-06
4.6945000000e+01 6.6306727119e-09 4.4398557925e-06
4.6950000000e+01 6.2011489958e-09 4.4331512280e-06
4.6955000000e+01 5.8129688353e-09 4.4247928477e-06
4.6960000000e+01 5.5494269563e-09 4.4154667883e-06
4.6965000000e+01 5.4658276866e-09 4.4056388154e-06
4.6970000000e+01 5.5775006075e-09 4.3954569915e-06
4.6975000000e+01 5.8563975464e-09 4.3847249289e-06
4.6980000000e+01 6.2370883512e-09 4.3729515679e-06
4.6985000000e+01 6.6310445656e-09 4.3594668657e-06
4.6990000000e+01 6.9461901174e-09 4.3435781521e-06
4.6995000000e+01 7.1073280227e-09 4.3247325922e-06
4.7000000000e+01 7.0727483044e-09 4.3026496944e-06
4.7005000000e+01 6.8432695387e-09 4.2773946082e-06
4.7010000000e+01 6.4618516145e-09 4.2493763654e-06
4.7015000000e+01 6.0040858569e-09 4.2192718277e-06
4.7020000000e+01 5.5617384537e-09 4.1878921309e-06
4.7025000000e+01 5.2228246871e-09 4.1560206612e-06
4.7030000000e+01 5.0523691767e-09 4.1242577541e-06
4.7035000000e+01 5.0780147915e-09 4.0929061310e-06
4.7040000000e+01 5.2838029509e-09 4.0619224587e-06
4.7045000000e+01 5.6137048210e-09 4.0309458891e-06
4.7050000000e+01 5.9841556125e-09 3.9993971875e-06
4.7055000000e+01 6.3026403043e-09 3.9666262618e-06
4.7060000000e+01 6.4880298115e-09 3.9320753508e-06
4.7065000000e+01 6.4882061028e-09 3.8954220769e-06
4.7070000000e+01 6.2913324577e-09 3.8566712678e-06
4.7075000000e+01 5.9285030632e-09 3.8161755909e-06
4.7080000000e+01 5.4671536067e-09 3.7745803205e-06
4.7085000000e+01 4.9964343888e-09 3.7327039942e-06
4.7090000000e+01 4.6075774228e-09 3.6913809572e-06
4.7095000000e+01 4.3736582483e-09 3.6513005027e-06
4.7100000000e+01 4.3334647746e-09 3.6128782081e-06
4.7105000000e+01 4.4831643384e-09 3.5761877528e-06
4.7110000000e+01 4.7774575226e-09 3.5409678659e-06
4.7115000000e+01 5.1396779531e-09 3.5067024359e-06
4.7120000000e+01 5.4785052033e-09 3.4727560228e-06
4.7125000000e+01 5.7078000150e-09 3.4385351877e-06
4.7130000000e+01 5.7654864889e-09 3.4036404682e-06
4.7135000000e+01 5.6274006717e-09 3.3679756124e-06
4.7140000000e+01 5.3128409926e-09 3.3317897794e-06
4.7145000000e+01 4.8803418319e-09 3.2956431417e-06
4.7150000000e+01 4.4145963944e-09 3.2603034578e-06
4.7155000000e+01 4.0076643015e-09 3.2265966067e-06
4.7160000000e+01 3.7388329775e-09 3.1952441262e-06
4.7165000000e+01 3.6575039361e-09 3.1667233005e-06
4.7170000000e+01 3.7725735743e-09 3.1411801290e-06
4.7175000000e+01 4.0504347876e-09 3.1184139815e-06
4.7180000000e+01 4.4221384529e-09 3.0979373373e-06
4.7185000000e+01 4.7984319159e-09 3.0790977334e-06
4.7190000000e+01 5.0895230331e-09 3.0612352569e-06
4.7195000000e+01 5.2250707072e-09 3.0438407942e-06
4.7200000000e+01 5.1697240025e-09 3.0266799381e-06
4.7205000000e+01 4.9306996780e-09 3.0098552053e-06
4.7210000000e+01 4.5559390310e-09 2.9937931118e-06
4.7215000000e+01 4.1235296748e-09 2.9791592898e-06
4.7220000000e+01 3.7247636858e-09 2.9667203878e-06
4.7225000000e+01 3.4443247149e-09 2.9571828434e-06
4.7230000000e+01 3.3417088971e-09 2.9510436031e-06
4.7235000000e+01 3.4379638461e-09 2.9484854861e-06
4.7240000000e+01 3.7109032818e-09 2.9493403911e-06
4.7245000000e+01 4.1000536022e-09 2.9531286671e-06
4.7250000000e+01 4.5201822253e-09 2.9591659488e-06
4.7255000000e+01 4.8801796399e-09 2.9667136662e-06
4.7260000000e+01 5.1029757051e-09 2.9751398952e-06
4.7265000000e+01 5.1422157383e-09 2.9840552947e-06
4.7270000000e+01 4.9922896227e-09 2.9933946328e-06
4.7275000000e+01 4.6896449072e-09 3.0034262869e-06
4.7280000000e+01 4.3049714346e-09 3.0146875817e-06
4.7285000000e+01 3.9277392165e-09 3.0278598843e-06
4.7290000000e+01 3.6463994125e-09 3.0436107302e-06
4.7295000000e+01 3.5287510172e-09 3.0624378356e-06
4.7300000000e+01 3.6070034217e-09 3.0845495995e-06
4.7305000000e+01 3.8708621002e-09 3.1098084795e-06
4.7310000000e+01 4.2699839381e-09 3.1377494596e-06
4.7315000000e+01 4.7250554235e-09 3.1676692020e-06
4.7320000000e+01 5.1450366601e-09 3.1987662094e-06
4.7325000000e+01 5.4469596899e-09 3.2303014878e-06
4.7330000000e+01 5.5741133390e-09 3.2617447985e-06
4.7335000000e+01 5.5086177342e-09 3.2928744858e-06
4.7340000000e+01 5.2754520821e-09 3.3238087608e-06
4.7345000000e+01 4.9368943901e-09 3.3549613541e-06
4.7350000000e+01 4.5786285033e-09 3.3869313869e-06
4.7355000000e+01 4.2907566225e-09 3.4203520357e-06
4.7360000000e+01 4.1480324144e-09 3.4557315567e-06
4.7365000000e+01 4.1936070368e-09 3.4933215490e-06
4.7370000000e+01 4.4296661012e-09 3.5330410775e-06
4.7375000000e+01 4.8168808368e-09 3.5744731064e-06
4.7380000000e+01 5.2828540223e-09 3.6169341660e-06
4.7385000000e+01 5.7378921246e-09 3.6596023177e-06
4.7390000000e+01 6.0947524452e-09 3.7016755321e-06
4.7395000000e+01 6.2879424403e-09 3.7425255767e-06
4.7400000000e+01 6.2881382899e-09 3.7818133578e-06
4.7405000000e+01 6.1084630636e-09 3.8195403534e-06
4.7410000000e+01 5.8013590268e-09 3.8560251745e-06
4.7415000000e+01 5.4469474368e-09 3.8918108252e-06
4.7420000000e+01 5.1355180418e-09 3.9275232004e-06
4.7425000000e+01 4.9478613580e-09 3.9637117037e-06
4.7430000000e+01 4.9375565466e-09 4.0007067394e-06
4.7435000000e+01 5.1190447088e-09 4.0385253874e-06
4.7440000000e+01 5.4642624757e-09 4.0768462847e-06
4.7445000000e+01 5.9087764561e-09 4.1150595137e-06
4.7450000000e+01 6.3660935139e-09 4.1523805231e-06
4.7455000000e+01 6.7468123409e-09 4.1880027818e-06
4.7460000000e+01 6.9782087160e-09 4.2212554521e-06
4.7465000000e+01 7.0199624131e-09 4.2517316029e-06
4.7470000000e+01 6.8727928703e-09 4.2793592087e-06
4.7475000000e+01 6.5783001293e-09 4.3043996258e-06
4.7480000000e+01 6.2100011919e-09 4.3273738399e-06
4.7485000000e+01 5.8572975242e-09 4.3489324424e-06
4.7490000000e+01 5.6057319913e-09 4.3696978002e-06
4.7495000000e+01 5.5179641138e-09 4.3901132891e-06
4.7500000000e+01 5.6198940263e-09 4.4103330287e-06
4.7505000000e+01 5.8951101338e-09 4.4301764425e-06
4.7510000000e+01 6.2887350160e-09 4.4491573985e-06
4.7515000000e+01 6.7195600973e-09 4.4665812219e-06
4.7520000000e+01 7.0977092975e-09 4.4816882084e-06
4.7525000000e+01 7.3441324182e-09 4.4938123666e-06
4.7530000000e+01 7.4079030953e-09 4.5025208374e-06
4.7535000000e+01 7.2775687194e-09 4.5077034328e-06
4.7540000000e+01 6.9838470467e-09 4.5095924270e-06
4.7545000000e+01 6.5928448096e-09 4.5087080531e-06
4.7550000000e+01 6.1913017380e-09 4.5057417480e-06
4.7555000000e+01 5.8673504008e-09 4.5014030974e-06
4.7560000000e+01 5.6912251653e-09 4.4962643250e-06
4.7565000000e+01 5.7000940045e-09 4.4906363948e-06
4.7570000000e+01 5.8900781313e-09 4.4845036088e-06
4.7575000000e+01 6.2170354270e-09 4.4775308165e-06
4.7580000000e+01 6.6060418371e-09 4.4691417107e-06
4.7585000000e+01 6.9677511623e-09 4.4586512657e-06
4.7590000000e+01 7.2181624140e-09 4.4454233576e-06
4.7595000000e+01 7.2973003516e-09 4.4290187863e-06
4.7600000000e+01 7.1824502775e-09 4.4093008915e-06
4.7605000000e+01 6.8929700647e-09 4.3864754612e-06
4.7610000000e+01 6.4858148303e-09 4.3610563678e-06
4.7615000000e+01 6.0430034075e-09 4.3337647883e-06
4.7620000000e+01 5.6538082196e-09 4.3053842149e-06
4.7625000000e+01 5.3953707326e-09 4.2766028538e-06
4.7630000000e+01 5.3157847011e-09 4.2478776891e-06
4.7635000000e+01 5.4233799521e-09 4.2193499643e-06
4.7640000000e+01 5.6847778196e-09 4.1908308083e-06
4.7645000000e+01 6.0323182866e-09 4.1618603399e-06
4.7650000000e+01 6.3791645409e-09 4.1318271798e-06
4.7655000000e+01 6.6385369323e-09 4.1001217695e-06
4.7660000000e+01 6.7427096142e-09 4.0662895331e-06
4.7665000000e+01 6.6576937949e-09 4.0301502704e-06
4.7670000000e+01 6.3906064346e-09 3.9918578363e-06
4.7675000000e+01 5.9882183658e-09 3.9518871994e-06
4.7680000000e+01 5.5268878589e-09 3.9109516026e-06
4.7685000000e+01 5.0958859026e-09 3.8698676846e-06
4.7690000000e+01 4.7777041736e-09 3.8293979706e-06
4.7790000000e+01 6.6557659810e-09 3.7963931766e-06
4.7795000000e+01 8.7755584572e-09 3.7648629391e-06
4.7800000000e+01 1.0426525211e-08 3.7336597225e-06
4.7805000000e+01 1.0621613514e-08 3.7046576489e-06
4.7810000000e+01 9.1314384397e-09 3.6751446676e-06
4.7815000000e+01 9.1026038303e-09 3.6478171082e-06
4.7820000000e+01 1.0509528266e-08 3.6193300449e-06
4.7825000000e+01 1.3342552551e-08 3.5897323712e-06
4.7830000000e+01 1.3096431614e-08 3.5525820875e-06
4.7835000000e+01 9.3195677086e-09 3.5116577050e-06
4.7840000000e+01 5.9822737443e-09 3.4729684086e-06
4.7845000000e+01 5.8932309118e-09 3.4420669044e-06
4.7850000000e+01 6.0399758194e-09 3.4103576108e-06
4.7855000000e+01 9.2985254229e-09 3.3896830701e-06
4.7860000000e+01 8.8431791758e-09 3.3691053227e-06
4.7865000000e+01 5.6904679943e-09 3.3499458506e-06
4.7870000000e+01 5.6371952133e-09 3.3405699988e-06
4.7875000000e+01 8.3067372962e-09 3.3352593247e-06
4.7880000000e+01 1.1152321555e-08 3.3274838099e-06
4.7885000000e+01 1.3915308051e-08 3.3219727189e-06
4.7890000000e+01 1.1001485159e-08 3.3064877335e-06
4.7895000000e+01 8.3733517707e-09 3.2932786333e-06
4.7900000000e+01 5.9687193012e-09 3.2759833871e-06
4.7905000000e+01 7.7635190199e-09 3.2656197241e-06
4.7910000000e+01 9.8803897077e-09 3.2570091294e-06
4.7915000000e+01 8.0611330614e-09 3.2474126634e-06
4.7920000000e+01 5.0857884683e-09 3.2435804211e-06
4.7925000000e+01 4.0781683015e-09 3.2480971938e-06
4.7930000000e+01 3.6258390766e-09 3.2536111855e-06
4.7935000000e+01 8.9790088814e-09 3.2740852015e-06
4.7940000000e+01 1.1529028646e-08 3.2919232340e-06
4.7945000000e+01 1.0738985470e-08 3.3088602335e-06
4.7950000000e+01 8.4095553731e-09 3.3229402132e-06
4.7955000000e+01 8.1037885893e-09 3.3377557810e-06
4.7960000000e+01 8.7952009170e-09 3.3498495739e-06
4.7965000000e+01 1.1189775850e-08 3.3642979408e-06
4.7970000000e+01 1.0329140642e-08 3.3756153549e-06
4.7975000000e+01 7.6758013065e-09 3.3880565376e-06
4.7980000000e+01 3.5521573980e-09 3.3973543473e-06
4.7985000000e+01 3.9148012583e-09 3.4188842973e-06
4.7990000000e+01 6.1870251557e-09 3.4449641507e-06
4.7995000000e+01 8.5050728568e-09 3.4785273647e-06
4.8000000000e+01 8.3670139102e-09 3.5130319047e-06
4.8005000000e+01 8.4326000172e-09 3.5513110106e-06
4.8010000000e+01 6.7591124110e-09 3.5835016179e-06
4.8015000000e+01 8.9562062755e-09 3.6218221145e-06
4.8020000000e+01 1.1709657570e-08 3.6585151799e-06
4.8025000000e+01 1.2236462164e-08 3.6924235954e-06
4.8030000000e+01 9.8625114859e-09 3.7183179739e-06
4.8035000000e+01 8.1621838391e-09 3.7446339463e-06
4.8040000000e+01 5.6400288541e-09 3.7664961437e-06
4.8045000000e+01 6.1771794767e-09 3.7950996470e-06
4.8050000000e+01 7.2527906237e-09 3.8291778421e-06
4.8055000000e+01 7.8913985079e-09 3.8675161690e-06
4.8060000000e+01 6.1664337485e-09 3.9024531578e-06
4.8065000000e+01 6.6392932843e-09 3.9453088020e-06
4.8070000000e+01 6.8321793150e-09 3.9857196469e-06
4.8075000000e+01 9.8283164741e-09 4.0343402444e-06
4.8080000000e+01 1.0685586184e-08 4.0769617964e-06
4.8085000000e+01 1.2539328921e-08 4.1199760643e-06
4.8090000000e+01 1.0807516738e-08 4.1505649307e-06
4.8095000000e+01 8.8216503200e-09 4.1768302186e-06
4.8100000000e+01 8.6546557896e-09 4.2043839992e-06
4.8105000000e+01 8.5419590244e-09 4.2318445714e-06
4.8110000000e+01 7.4230887138e-09 4.2556681637e-06
4.8115000000e+01 8.6332225941e-09 4.2858667751e-06
4.8120000000e+01 6.1059476767e-09 4.3081439778e-06
4.8125000000e+01 5.6859228259e-09 4.3382633611e-06
4.8130000000e+01 6.3003408659e-09 4.3725841819e-06
4.8135000000e+01 8.6160326756e-09 4.4114278504e-06
4.8140000000e+01 1.0470081830e-08 4.4463048568e-06
4.8145000000e+01 1.1870182466e-08 4.4781409519e-06
4.8150000000e+01 1.0730283216e-08 4.5010494880e-06
4.8155000000e+01 1.0343069093e-08 4.5238251545e-06
4.8160000000e+01 8.5969856544e-09 4.5378743868e-06
4.8165000000e+01 1.0826626148e-08 4.5565860398e-06
4.8170000000e+01 1.0406867294e-08 4.5631357630e-06
4.8175000000e+01 8.7614120598e-09 4.5675710977e-06
4.8180000000e+01 6.5416378920e-09 4.5716802064e-06
4.8185000000e+01 5.2781623000e-09 4.5804322330e-06
4.8190000000e+01 4.7204692102e-09 4.5893280802e-06
4.8195000000e+01 8.9245830116e-09 4.6079149654e-06
4.8200000000e+01 1.0071363667e-08 4.6183665359e-06
4.8205000000e+01 1.0135198967e-08 4.6291679751e-06
4.8210000000e+01 8.7852500142e-09 4.6354890215e-06
4.8215000000e+01 9.0151917275e-09 4.6424667775e-06
4.8220000000e+01 1.0372537384e-08 4.6429817830e-06
4.8225000000e+01 1.2645737442e-08 4.6391020009e-06
4.8230000000e+01 1.2019898138e-08 4.6259027224e-06
4.8235000000e+01 9.5582218552e-09 4.6088589410e-06
4.8240000000e+01 5.0101482596e-09 4.5853014038e-06
4.8245000000e+01 5.5387776214e-09 4.5712096104e-06
4.8250000000e+01 6.8369645766e-09 4.5533384287e-06
4.8255000000e+01 8.6852022370e-09 4.5395583137e-06
4.8260000000e+01 8.2447148162e-09 4.5238226007e-06
4.8265000000e+01 7.0724118278e-09 4.5109403297e-06
4.8270000000e+01 5.3853105930e-09 4.4950076215e-06
4.8275000000e+01 8.5409939309e-09 4.4843023849e-06
4.8280000000e+01 1.1945960412e-08 4.4682748377e-06
4.8285000000e+01 1.3169626656e-08 4.4467590760e-06
4.8290000000e+01 1.0563162252e-08 4.4145516979e-06
4.8295000000e+01 8.4386329531e-09 4.3829258478e-06
4.8300000000e+01 5.6539819713e-09 4.3411354793e-06
4.8305000000e+01 7.8584485281e-09 4.3063311829e-06
4.8310000000e+01 8.5835877638e-09 4.2667266600e-06
4.8315000000e+01 8.3419929765e-09 4.2302390569e-06
4.8320000000e+01 4.6476595222e-09 4.1898169999e-06
4.8325000000e+01 3.5580220806e-09 4.1574198981e-06
4.8330000000e+01 4.8948106304e-09 4.1263195332e-06
4.8335000000e+01 8.6189525376e-09 4.1009804705e-06
4.8340000000e+01 1.0383599817e-08 4.0715860340e-06
4.8345000000e+01 1.1190711922e-08 4.0435228699e-06
4.8350000000e+01 7.6517282815e-09 4.0030897510e-06
4.8355000000e+01 7.2330992123e-09 3.9641557571e-06
4.8360000000e+01 8.7390259616e-09 3.9225710520e-06
4.8365000000e+01 9.8007084813e-09 3.8785518514e-06
4.8370000000e+01 8.6064047219e-09 3.8305727733e-06
4.8375000000e+01 6.6997747462e-09 3.7851697272e-06
4.8380000000e+01 2.6273857973e-09 3.7339750134e-06
4.8385000000e+01 3.2556476131e-09 3.6939207215e-06
4.8390000000e+01 4.8527387234e-09 3.6567897207e-06
4.8395000000e+01 7.5776616146e-09 3.6281124219e-06
4.8400000000e+01 7.3446999714e-09 3.5970814337e-06
4.8405000000e+01 6.6165636694e-09 3.5676805487e-06
4.8410000000e+01 6.3214135793e-09 3.5361536014e-06
4.8415000000e+01 7.9808362383e-09 3.5064030537e-06
4.8420000000e+01 8.7578028286e-09 3.4724494918e-06
4.8425000000e+01 1.0900649862e-08 3.4430665865e-06
4.8430000000e+01 7.6090925120e-09 3.4001681471e-06
4.8435000000e+01 5.4321042769e-09 3.3599046531e-06
4.8440000000e+01 4.1401096346e-09 3.3195618889e-06
4.8445000000e+01 4.0179533400e-09 3.2846935439e-06
4.8450000000e+01 4.4719106452e-09 3.2552974141e-06
4.8455000000e+01 5.6379057193e-09 3.2337250370e-06
4.8460000000e+01 4.3021430742e-09 3.2101341401e-06
4.8465000000e+01 4.5118627123e-09 3.1933220307e-06
4.8470000000e+01 4.7286716317e-09 3.1771230475e-06
4.8475000000e+01 7.4892605298e-09 3.1704702979e-06
4.8480000000e+01 8.2536425036e-09 3.1580819835e-06
4.8485000000e+01 9.2852550828e-09 3.1475578086e-06
4.8490000000e+01 7.9154777678e-09 3.1286008696e-06
4.8495000000e+01 6.6685837028e-09 3.1095543332e-06
4.8500000000e+01 4.5017085414e-09 3.0886120893e-06
4.8505000000e+01 5.5376917482e-09 3.0773793398e-06
4.8510000000e+01 4.7623404036e-09 3.0633252911e-06
4.8515000000e+01 4.5511821096e-09 3.0551227168e-06
4.8520000000e+01 3.5697812142e-09 3.0482753823e-06
4.8525000000e+01 3.2769673629e-09 3.0501193698e-06
4.8530000000e+01 2.7950909177e-09 3.0554663625e-06
4.8535000000e+01 5.9875532346e-09 3.0723382234e-06
4.8540000000e+01 7.5795685074e-09 3.0858382135e-06
4.8545000000e+01 8.7174545066e-09 3.0990630031e-06
4.8550000000e+01 7.5482826019e-09 3.1070914231e-06
4.8555000000e+01 6.9425251633e-09 3.1186004052e-06
4.8560000000e+01 5.5949787663e-09 3.1251830106e-06
4.8565000000e+01 6.8851595715e-09 3.1373457247e-06
4.8570000000e+01 6.7406457721e-09 3.1444230355e-06
4.8575000000e+01 5.9463822466e-09 3.1540328935e-06
4.8580000000e+01 2.7065299817e-09 3.1633799901e-06
4.8585000000e+01 1.9776352708e-09 3.1838756847e-06
4.8590000000e+01 2.7772959210e-09 3.2094378324e-06
4.8595000000e+01 5.3488939589e-09 3.2415171174e-06
4.8600000000e+01 7.1410336274e-09 3.2735377928e-06
4.8605000000e+01 8.1039822502e-09 3.3096261487e-06
4.8610000000e+01 5.2874950805e-09 3.3384200255e-06
4.8615000000e+01 6.5038928616e-09 3.3757302809e-06
4.8620000000e+01 7.7245199576e-09 3.4072881216e-06
4.8625000000e+01 9.4679814638e-09 3.4372750023e-06
4.8630000000e+01 8.8449616925e-09 3.4615713636e-06
4.8635000000e+01 6.3757685188e-09 3.4859213165e-06
4.8640000000e+01 2.6238685648e-09 3.5076098097e-06
4.8645000000e+01 2.9140071166e-09 3.5390091749e-06
4.8650000000e+01 4.1026653942e-09 3.5706825257e-06
4.8655000000e+01 7.0489796794e-09 3.6111691499e-06
4.8660000000e+01 5.6350556346e-09 3.6468622043e-06
4.8665000000e+01 4.8568598291e-09 3.6903507326e-06
4.8670000000e+01 4.5658605070e-09 3.7333812078e-06
4.8675000000e+01 6.6651744114e-09 3.7784088505e-06
4.8680000000e+01 9.7438389330e-09 3.8214229676e-06
4.8685000000e+01 1.1738132812e-08 3.8621826495e-06
4.8690000000e+01 8.4022196494e-09 3.8909197230e-06
4.8695000000e+01 6.2173066260e-09 3.9210910971e-06
4.8700000000e+01 4.8509837977e-09 3.9469737885e-06
4.8705000000e+01 6.0041128418e-09 3.9754861961e-06
4.8710000000e+01 6.9978246491e-09 4.0031373539e-06
4.8715000000e+01 6.8496666912e-09 4.0342861084e-06
4.8720000000e+01 3.7799022920e-09 4.0624068830e-06
4.8725000000e+01 3.1427180018e-09 4.0972484664e-06
4.8730000000e+01 4.2103285453e-09 4.1326177909e-06
4.8735000000e+01 8.6212050626e-09 4.1753116538e-06
4.8740000000e+01 9.8025591687e-09 4.2098839005e-06
4.8745000000e+01 9.9659450592e-09 4.2449532899e-06
4.8750000000e+01 7.9828306155e-09 4.2702719766e-06
4.8755000000e+01 7.1146667539e-09 4.2924027771e-06
4.8760000000e+01 7.7613289569e-09 4.3103463487e-06
4.8765000000e+01 9.8193361357e-09 4.3290554092e-06
4.8770000000e+01 8.0763668481e-09 4.3393346339e-06
4.8775000000e+01 5.8761453342e-09 4.3504449408e-06
4.8780000000e+01 3.4694151498e-09 4.3586350917e-06
4.8785000000e+01 3.7868465070e-09 4.3726993779e-06
4.8790000000e+01 5.1054268906e-09 4.3871640287e-06
4.8795000000e+01 8.1862564507e-09 4.4096461182e-06
4.8800000000e+01 7.9375401705e-09 4.4255625894e-06
4.8805000000e+01 7.5630333130e-09 4.4403983187e-06
4.8810000000e+01 7.2171452290e-09 4.4498839045e-06
4.8815000000e+01 8.8495782028e-09 4.4588789576e-06
4.8820000000e+01 9.8049923385e-09 4.4609290959e-06
4.8825000000e+01 1.0451247796e-08 4.4611871487e-06
4.8830000000e+01 8.4944272219e-09 4.4508419498e-06
4.8835000000e+01 6.6257392636e-09 4.4382102058e-06
4.8840000000e+01 4.1831825766e-09 4.4199672700e-06
4.8845000000e+01 5.4420478786e-09 4.4102811989e-06
4.8850000000e+01 5.5305638706e-09 4.3987808266e-06
4.8855000000e+01 6.0623457929e-09 4.3909426654e-06
4.8860000000e+01 6.0146187398e-09 4.3813988182e-06
4.8865000000e+01 6.1930362834e-09 4.3726151489e-06
4.8870000000e+01 5.9610788522e-09 4.3600886231e-06
4.8875000000e+01 8.7795055561e-09 4.3539412173e-06
4.8880000000e+01 9.4009237466e-09 4.3386443163e-06
4.8885000000e+01 1.0243110860e-08 4.3203948095e-06
4.8890000000e+01 8.7590603053e-09 4.2910911774e-06
4.8895000000e+01 7.5595326122e-09 4.2597386271e-06
4.8900000000e+01 5.6978064272e-09 4.2234070344e-06
4.8905000000e+01 5.7731243580e-09 4.1914645699e-06
4.8910000000e+01 5.5107052857e-09 4.1567387273e-06
4.8915000000e+01 6.0730354114e-09 4.1253201240e-06
4.8920000000e+01 4.0361470257e-09 4.0886204708e-06
4.8925000000e+01 4.4829332169e-09 4.0616438324e-06
4.8930000000e+01 4.5760499064e-09 4.0341818286e-06
4.8935000000e+01 6.3390847384e-09 4.0108073817e-06
4.8940000000e+01 8.7022715051e-09 3.9853216294e-06
4.8945000000e+01 9.7902303968e-09 3.9554446720e-06
4.8950000000e+01 7.8416332091e-09 3.9163677419e-06
4.8955000000e+01 7.3717872882e-09 3.8796910844e-06
4.8960000000e+01 6.0025930920e-09 3.8363942891e-06
4.8965000000e+01 7.0137855473e-09 3.7956718556e-06
4.8970000000e+01 6.6006990129e-09 3.7483352071e-06
4.8975000000e+01 5.9254636774e-09 3.7039646428e-06
4.8980000000e+01 3.0760662000e-09 3.6575779289e-06
4.8985000000e+01 1.9684774433e-09 3.6192301209e-06
4.8990000000e+01 2.9029634843e-09 3.5858832417e-06
4.8995000000e+01 5.9861460445e-09 3.5579337927e-06
4.9000000000e+01 6.9986315154e-09 3.5266213585e-06
4.9005000000e+01 7.4892579132e-09 3.4983782722e-06
4.9010000000e+01 5.9717832476e-09 3.4656347208e-06
4.9015000000e+01 5.6837407797e-09 3.4342978856e-06
4.9020000000e+01 7.0161663252e-09 3.4003792631e-06
4.9025000000e+01 9.0572290724e-09 3.3657719255e-06
4.9030000000e+01 7.3706111450e-09 3.3230827610e-06
4.9035000000e+01 4.9904037833e-09 3.2826221324e-06
4.9040000000e+01 1.9842238234e-09 3.2421215444e-06
4.9045000000e+01 1.7631323009e-09 3.2088658892e-06
4.9050000000e+01 3.2141091706e-09 3.1788207442e-06
4.9055000000e+01 5.6550391919e-09 3.1572518133e-06
4.9060000000e+01 4.7074746323e-09 3.1336468714e-06
4.9065000000e+01 3.7610156551e-09 3.1165146686e-06
4.9070000000e+01 3.2086557302e-09 3.1000134418e-06
4.9075000000e+01 6.0373433048e-09 3.0889568826e-06
4.9080000000e+01 8.0283403800e-09 3.0735172547e-06
4.9085000000e+01 9.2765262108e-09 3.0588699681e-06
4.9090000000e+01 6.8734305879e-09 3.0369872868e-06
4.9095000000e+01 4.1795623503e-09 3.0158235758e-06
4.9100000000e+01 2.4111273312e-09 2.9929969539e-06
4.9105000000e+01 4.4845348408e-09 2.9791039967e-06
4.9110000000e+01 4.5437564034e-09 2.9634421043e-06
4.9115000000e+01 4.1595155930e-09 2.9549515771e-06
4.9120000000e+01 2.2001414275e-09 2.9489413226e-06
4.9125000000e+01 1.2653771497e-09 2.9490667606e-06
4.9130000000e+01 2.5714361612e-09 2.9537498339e-06
4.9135000000e+01 6.5070674382e-09 2.9672240289e-06
4.9140000000e+01 7.6012822084e-09 2.9765680642e-06
4.9145000000e+01 7.7167575989e-09 2.9879994590e-06
4.9150000000e+01 5.2965912948e-09 2.9923078083e-06
4.9155000000e+01 5.2171135220e-09 2.9994423694e-06
4.9160000000e+01 5.4056669160e-09 3.0033950865e-06
4.9165000000e+01 6.3965779141e-09 3.0109679433e-06
4.9170000000e+01 5.6506208632e-09 3.0179570322e-06
4.9175000000e+01 3.3661793527e-09 3.0263494907e-06
4.9180000000e+01 7.7229786002e-10 3.0357568413e-06
4.9185000000e+01 2.0674243036e-09 3.0567944787e-06
4.9190000000e+01 3.1237518419e-09 3.0797843741e-06
4.9195000000e+01 5.4780737111e-09 3.1122876585e-06
4.9200000000e+01 5.9995102160e-09 3.1439327491e-06
4.9205000000e+01 5.7486179122e-09 3.1763574372e-06
4.9210000000e+01 5.1206734858e-09 3.2050130176e-06
4.9215000000e+01 6.8342680130e-09 3.2377625864e-06
4.9220000000e+01 7.4571203384e-09 3.2661655583e-06
4.9225000000e+01 7.9658958556e-09 3.2953738446e-06
4.9230000000e+01 5.9438559657e-09 3.3176185751e-06
4.9235000000e+01 4.4698796957e-09 3.3418751850e-06
4.9240000000e+01 2.6793764011e-09 3.3643396705e-06
4.9245000000e+01 2.9252723586e-09 3.3951479437e-06
4.9250000000e+01 3.8546379651e-09 3.4307242517e-06
4.9255000000e+01 4.7409647312e-09 3.4706632414e-06
4.9260000000e+01 4.1889529429e-09 3.5094505367e-06
4.9265000000e+01 5.1611691970e-09 3.5535436236e-06
4.9270000000e+01 5.3027358413e-09 3.5954017472e-06
4.9275000000e+01 6.9447562362e-09 3.6415095535e-06
4.9280000000e+01 8.2503335486e-09 3.6838036617e-06
4.9285000000e+01 9.0373052756e-09 3.7232389444e-06
4.9290000000e+01 7.3392614742e-09 3.7528600694e-06
4.9295000000e+01 6.2936723585e-09 3.7828613623e-06
4.9300000000e+01 4.6917871640e-09 3.8104323125e-06
4.9305000000e+01 4.6138691694e-09 3.8418216088e-06
4.9310000000e+01 4.6037561113e-09 3.8727350932e-06
4.9315000000e+01 5.2833301646e-09 3.9075377254e-06
4.9320000000e+01 4.1040472892e-09 3.9392850927e-06
4.9325000000e+01 4.0696709330e-09 3.9780042738e-06
4.9330000000e+01 4.3989343016e-09 4.0177627193e-06
4.9335000000e+01 6.9638552403e-09 4.0619066074e-06
4.9340000000e+01 8.3474397431e-09 4.0997979435e-06
4.9345000000e+01 9.6560957828e-09 4.1352780363e-06
4.9350000000e+01 8.5185468691e-09 4.1626215129e-06
4.9355000000e+01 6.8559533279e-09 4.1868957052e-06
4.9360000000e+01 6.1968373610e-09 4.2081032860e-06
4.9365000000e+01 7.3442793302e-09 4.2297312656e-06
4.9370000000e+01 6.6226564439e-09 4.2434694006e-06
4.9375000000e+01 6.2122262286e-09 4.2600627278e-06
4.9380000000e+01 3.7810519928e-09 4.2739788851e-06
4.9385000000e+01 2.9776787316e-09 4.2937454958e-06
4.9390000000e+01 3.9651582523e-09 4.3154105491e-06
4.9395000000e+01 7.0898660547e-09 4.3411911575e-06
4.9400000000e+01 8.4392124132e-09 4.3614926394e-06
4.9405000000e+01 8.5798283180e-09 4.3807100455e-06
4.9410000000e+01 6.9664949762e-09 4.3933886704e-06
4.9415000000e+01 7.4970848852e-09 4.4062877097e-06
4.9420000000e+01 8.0733478393e-09 4.4109217649e-06
4.9425000000e+01 9.7174499642e-09 4.4134950258e-06
4.9430000000e+01 8.8434492691e-09 4.4081357307e-06
4.9435000000e+01 5.8709006417e-09 4.3991829376e-06
4.9440000000e+01 3.1502820701e-09 4.3891483977e-06
4.9445000000e+01 3.8056226501e-09 4.3847435096e-06
4.9450000000e+01 4.7624924905e-09 4.3783121332e-06
4.9455000000e+01 7.1053202350e-09 4.3775274385e-06
4.9460000000e+01 6.6297295308e-09 4.3727888684e-06
4.9465000000e+01 5.6561999791e-09 4.3693274060e-06
4.9470000000e+01 5.3849227747e-09 4.3629864262e-06
4.9475000000e+01 7.8025581532e-09 4.3576468944e-06
4.9480000000e+01 9.9643768735e-09 4.3460400353e-06
4.9485000000e+01 1.0526798017e-08 4.3294102086e-06
4.9490000000e+01 7.9981741141e-09 4.3038710177e-06
4.9495000000e+01 5.9367326948e-09 4.2768126725e-06
4.9500000000e+01 4.1630243286e-09 4.2440577450e-06
4.9505000000e+01 5.5091864143e-09 4.2162696984e-06
4.9510000000e+01 6.2707801965e-09 4.1868176803e-06
4.9515000000e+01 5.6435722508e-09 4.1593056567e-06
4.9520000000e+01 3.4747369493e-09 4.1305361297e-06
4.9525000000e+01 3.6041232048e-09 4.1072768730e-06
4.9530000000e+01 4.6302265467e-09 4.0830482350e-06
4.9535000000e+01 7.7724242130e-09 4.0629547137e-06
4.9540000000e+01 9.2381508569e-09 4.0383764089e-06
4.9545000000e+01 8.8875943528e-09 4.0105870617e-06
4.9550000000e+01 6.6095530515e-09 3.9736877361e-06
4.9555000000e+01 6.3988168677e-09 3.9370901574e-06
4.9560000000e+01 6.4238827336e-09 3.8955068062e-06
4.9565000000e+01 7.1700127924e-09 3.8552375521e-06
4.9570000000e+01 5.9014457437e-09 3.8117999366e-06
4.9575000000e+01 4.2260638344e-09 3.7701236145e-06
4.9580000000e+01 2.1453743950e-09 3.7273859102e-06
4.9585000000e+01 2.5758178821e-09 3.6919393384e-06
4.9590000000e+01 4.3373623068e-09 3.6605818960e-06
4.9595000000e+01 6.3039950248e-09 3.6339945761e-06
4.9600000000e+01 6.2815144804e-09 3.6046183438e-06
4.9605000000e+01 6.5691357449e-09 3.5761182931e-06
4.9610000000e+01 6.0364341076e-09 3.5425792249e-06
4.9615000000e+01 6.6922311503e-09 3.5093868821e-06
4.9620000000e+01 7.5236894655e-09 3.4744128114e-06
4.9625000000e+01 7.6448241418e-09 3.4382348296e-06
4.9630000000e+01 5.4636936806e-09 3.3953553849e-06
4.9635000000e+01 4.1999553640e-09 3.3553983995e-06
4.9640000000e+01 2.3952878898e-09 3.3143560865e-06
4.9645000000e+01 2.7085037402e-09 3.2819218786e-06
4.9650000000e+01 3.1853018358e-09 3.2534977459e-06
4.9655000000e+01 4.2564501347e-09 3.2311748529e-06
4.9660000000e+01 4.2831618380e-09 3.2086929370e-06
4.9665000000e+01 4.4211741031e-09 3.1892877924e-06
4.9670000000e+01 4.8811756523e-09 3.1713010782e-06
4.9675000000e+01 6.4913913079e-09 3.1572384594e-06
4.9680000000e+01 6.8161193111e-09 3.1385814124e-06
4.9685000000e+01 7.8224851837e-09 3.1208555587e-06
4.9690000000e+01 6.3560447117e-09 3.0954920124e-06
4.9695000000e+01 4.5557284957e-09 3.0707425454e-06
4.9700000000e+01 3.1935245750e-09 3.0478166662e-06
4.9705000000e+01 3.1755429686e-09 3.0308349525e-06
4.9710000000e+01 2.9921223105e-09 3.0152228357e-06
4.9715000000e+01 3.7006668599e-09 3.0060551231e-06
4.9720000000e+01 2.8739759488e-09 2.9979137013e-06
4.9725000000e+01 2.7666212656e-09 2.9976016405e-06
4.9730000000e+01 3.0149099199e-09 3.0006364132e-06
4.9735000000e+01 5.3687413132e-09 3.0103372219e-06
4.9740000000e+01 7.0316800208e-09 3.0171195089e-06
4.9745000000e+01 7.6963546090e-09 3.0225939038e-06
4.9750000000e+01 6.3685901802e-09 3.0240831549e-06
4.9755000000e+01 5.2446462156e-09 3.0269395316e-06
4.9760000000e+01 3.9063005402e-09 3.0275568146e-06
4.9765000000e+01 4.9219692672e-09 3.0331740842e-06
4.9770000000e+01 4.9028938395e-09 3.0367824213e-06
4.9775000000e+01 3.7827027603e-09 3.0437518197e-06
4.9780000000e+01 1.7674630747e-09 3.0538112819e-06
4.9785000000e+01 1.4731526921e-09 3.0730036721e-06
4.9790000000e+01 2.3082105919e-09 3.0960316173e-06
4.9795000000e+01 5.3070122703e-09 3.1259467371e-06
4.9800000000e+01 6.7917813329e-09 3.1547570418e-06
4.9805000000e+01 6.7768640696e-09 3.1843480716e-06
4.9810000000e+01 5.2155667671e-09 3.2105444770e-06
4.9815000000e+01 5.5751174126e-09 3.2397401090e-06
4.9820000000e+01 6.3973229005e-09 3.2649173646e-06
4.9825000000e+01 7.5777776746e-09 3.2900298593e-06
4.9830000000e+01 6.3892554408e-09 3.3112407011e-06
4.9835000000e+01 4.1617084440e-09 3.3339956725e-06
4.9840000000e+01 1.5462755349e-09 3.3574040896e-06
4.9845000000e+01 1.9251592125e-09 3.3886016999e-06
4.9850000000e+01 3.8348287655e-09 3.4237506346e-06
4.9855000000e+01 5.5923037233e-09 3.4637559079e-06
4.9860000000e+01 5.0807403307e-09 3.5030680477e-06
4.9865000000e+01 4.9546455469e-09 3.5472344610e-06
4.9870000000e+01 4.4681919890e-09 3.5882411981e-06
4.9875000000e+01 6.7836941247e-09 3.6324154043e-06
4.9880000000e+01 8.8512233164e-09 3.6727670038e-06
4.9885000000e+01 9.1622720187e-09 3.7096085306e-06
4.9890000000e+01 6.7951800896e-09 3.7398424638e-06
4.9895000000e+01 4.7430482841e-09 3.7698463292e-06
4.9900000000e+01 3.5817881578e-09 3.7979100561e-06
4.9905000000e+01 4.7414907767e-09 3.8304969013e-06
4.9910000000e+01 5.2315528329e-09 3.8634227618e-06
4.9915000000e+01 5.2001266025e-09 3.9004813405e-06
4.9920000000e+01 3.5007514989e-09 3.9364983399e-06
4.9925000000e+01 3.3632080665e-09 3.9767382015e-06
4.9930000000e+01 5.2075289703e-09 4.0189937133e-06
4.9935000000e+01 7.9434213627e-09 4.0627403800e-06
4.9940000000e+01 8.9037166130e-09 4.1017036050e-06
4.9945000000e+01 9.0438823900e-09 4.1385865285e-06
4.9950000000e+01 6.9932201167e-09 4.1658391484e-06
4.9955000000e+01 6.4283810058e-09 4.1916681632e-06
4.9960000000e+01 6.7720621316e-09 4.2142500301e-06
4.9965000000e+01 7.2486055699e-09 4.2366892064e-06
4.9970000000e+01 6.1104368032e-09 4.2556446107e-06
4.9975000000e+01 4.7010528890e-09 4.2756136463e-06
4.9980000000e+01 3.1742615684e-09 4.2943859260e-06
4.9985000000e+01 3.9092425980e-09 4.3184180902e-06
4.9990000000e+01 5.2424527407e-09 4.3436527072e-06
4.9995000000e+01 7.5049706281e-09 4.3730990039e-06
5.0000000000e+01 7.7907766996e-09 4.3969353797e-06
5.0005000000e+01 7.6673951300e-09 4.4179362079e-06
5.0010000000e+01 7.6287050462e-09 4.4336578146e-06
5.0015000000e+01 8.2334787505e-09 4.4464895854e-06
5.0020000000e+01 8.3846111510e-09 4.4540116307e-06
5.0025000000e+01 8.6546169675e-09 4.4592647171e-06
5.0030000000e+01 7.0093893400e-09 4.4566080411e-06
5.0035000000e+01 5.3287900297e-09 4.4522576330e-06
5.0040000000e+01 4.0989546768e-09 4.4467902227e-06
5.0045000000e+01 4.4507333259e-09 4.4463887303e-06
5.0050000000e+01 4.8564137137e-09 4.4462897644e-06
5.0055000000e+01 6.1101799065e-09 4.4494314160e-06
5.0060000000e+01 6.3810234143e-09 4.4494208650e-06
5.0065000000e+01 6.6957174146e-09 4.4486895744e-06
5.0070000000e+01 6.9079370400e-09 4.4452321079e-06
5.0075000000e+01 8.2322206880e-09 4.4419303039e-06
5.0080000000e+01 8.9482658999e-09 4.4319184797e-06
5.0085000000e+01 9.2129235226e-09 4.4168630048e-06
5.0090000000e+01 7.9500190067e-09 4.3935526083e-06
5.0095000000e+01 6.5345068843e-09 4.3681321282e-06
5.0100000000e+01 4.5843198123e-09 4.3395712745e-06
5.0105000000e+01 4.7532352664e-09 4.3153036191e-06
5.0110000000e+01 5.0573148760e-09 4.2900021310e-06
5.0115000000e+01 5.3604050342e-09 4.2661006609e-06
5.0120000000e+01 4.8366700666e-09 4.2414342716e-06
5.0125000000e+01 4.9414549331e-09 4.2211516470e-06
5.0130000000e+01 5.0184652014e-09 4.1996617060e-06
5.0135000000e+01 7.2022312203e-09 4.1811172903e-06
5.0140000000e+01 8.8123318726e-09 4.1570351393e-06
5.0145000000e+01 9.2612918068e-09 4.1282246964e-06
5.0150000000e+01 7.7701854770e-09 4.0926329423e-06
5.0155000000e+01 6.3057661239e-09 4.0554792516e-06
5.0160000000e+01 5.4228385773e-09 4.0152697451e-06
5.0165000000e+01 5.8959331646e-09 3.9756143600e-06
5.0170000000e+01 5.7204935485e-09 3.9332638643e-06
5.0175000000e+01 5.1195736804e-09 3.8935052458e-06
5.0180000000e+01 2.8428527729e-09 3.8530752967e-06
5.0185000000e+01 2.5224487323e-09 3.8198967673e-06
5.0190000000e+01 3.9738171886e-09 3.7899358621e-06
5.0195000000e+01 6.2883035314e-09 3.7621993839e-06
5.0200000000e+01 7.6320161997e-09 3.7327491353e-06
5.0205000000e+01 7.6403173081e-09 3.7024659814e-06
5.0210000000e+01 5.9528805599e-09 3.6670141002e-06
5.0215000000e+01 6.0088757562e-09 3.6324479671e-06
5.0220000000e+01 6.7515643835e-09 3.5941202774e-06
5.0225000000e+01 7.5914675413e-09 3.5548683891e-06
5.0230000000e+01 6.2014635607e-09 3.5114178444e-06
5.0235000000e+01 3.8548073221e-09 3.4696457434e-06
5.0240000000e+01 1.7879554540e-09 3.4296560475e-06
5.0245000000e+01 2.0206521115e-09 3.3959065810e-06
5.0250000000e+01 3.6416218713e-09 3.3665658543e-06
5.0255000000e+01 5.5262594942e-09 3.3428024502e-06
5.0260000000e+01 5.0304298620e-09 3.3182566546e-06
5.0265000000e+01 4.4015961602e-09 3.2971079360e-06
5.0270000000e+01 4.6199444660e-09 3.2759556438e-06
5.0275000000e+01 6.3371738162e-09 3.2561079600e-06
5.0280000000e+01 7.7692600838e-09 3.2335457826e-06
5.0285000000e+01 8.1235256320e-09 3.2101582747e-06
5.0290000000e+01 5.6101413857e-09 3.1811500146e-06
5.0295000000e+01 3.4717740146e-09 3.1534932819e-06
5.0300000000e+01 2.5260945170e-09 3.1269111243e-06
5.0305000000e+01 3.4889453379e-09 3.1066610080e-06
5.0310000000e+01 3.8497069932e-09 3.0887665900e-06
5.0315000000e+01 3.6896269583e-09 3.0771338422e-06
5.0320000000e+01 2.4486805781e-09 3.0675055443e-06
5.0325000000e+01 2.4902749532e-09 3.0634631277e-06
5.0330000000e+01 3.9087040579e-09 3.0628034083e-06
5.0335000000e+01 6.5841988502e-09 3.0668215304e-06
5.0340000000e+01 7.4298878377e-09 3.0682205025e-06
5.0345000000e+01 6.9353178485e-09 3.0686451776e-06
5.0350000000e+01 5.3861924885e-09 3.0647709548e-06
5.0355000000e+01 4.8098299323e-09 3.0616973842e-06
5.0360000000e+01 4.4809496770e-09 3.0576671305e-06
5.0365000000e+01 5.1197650663e-09 3.0586146888e-06
5.0370000000e+01 4.0695042696e-09 3.0593712646e-06
5.0375000000e+01 2.5608582781e-09 3.0635997077e-06
5.0380000000e+01 1.6132479187e-09 3.0717272399e-06
5.0385000000e+01 2.2900954646e-09 3.0872249180e-06
5.0390000000e+01 3.6199834368e-09 3.1072709936e-06
5.0395000000e+01 5.5950300354e-09 3.1335184983e-06
5.0400000000e+01 6.0346222973e-09 3.1581218100e-06
5.0405000000e+01 6.1465034922e-09 3.1827235879e-06
5.0410000000e+01 5.7072252861e-09 3.2041187728e-06
5.0415000000e+01 6.2889225473e-09 3.2270687644e-06
5.0420000000e+01 6.4780488944e-09 3.2479826156e-06
5.0425000000e+01 6.1822609807e-09 3.2685866793e-06
5.0430000000e+01 4.9421652165e-09 3.2868525019e-06
5.0435000000e+01 3.6771830924e-09 3.3068507963e-06
5.0440000000e+01 2.1847534966e-09 3.3280409528e-06
5.0445000000e+01 2.7472743500e-09 3.3581804191e-06
5.0450000000e+01 3.5074557450e-09 3.3918619583e-06
5.0455000000e+01 4.5499005036e-09 3.4298422354e-06
5.0460000000e+01 5.1554310576e-09 3.4682293926e-06
5.0465000000e+01 5.6373291634e-09 3.5081726889e-06
5.0470000000e+01 5.7387931709e-09 3.5469877163e-06
5.0475000000e+01 6.8682574477e-09 3.5875928242e-06
5.0480000000e+01 7.5786117764e-09 3.6243171245e-06
5.0485000000e+01 7.9076717335e-09 3.6580004616e-06
5.0490000000e+01 6.5913307318e-09 3.6857131607e-06
5.0495000000e+01 5.0982590866e-09 3.7135746484e-06
5.0500000000e+01 3.7649613340e-09 3.7418074386e-06
5.0505000000e+01 3.5634158448e-09 3.7736958104e-06
5.0510000000e+01 4.1980079131e-09 3.8079369734e-06
5.0515000000e+01 4.9782709330e-09 3.8449170929e-06
5.0520000000e+01 4.3958439468e-09 3.8814257019e-06
5.0525000000e+01 4.5678470515e-09 3.9227972294e-06
5.0530000000e+01 5.1787550642e-09 3.9645489240e-06
5.0535000000e+01 7.0233240409e-09 4.0073943878e-06
5.0540000000e+01 8.5765310641e-09 4.0455785041e-06
5.0545000000e+01 9.1701890603e-09 4.0798452858e-06
5.0550000000e+01 7.5686758276e-09 4.1069896314e-06
5.0555000000e+01 6.1131018985e-09 4.1324062671e-06
5.0560000000e+01 5.4264986360e-09 4.1555903660e-06
5.0565000000e+01 5.9668170271e-09 4.1787394907e-06
5.0570000000e+01 5.8997184487e-09 4.1993428038e-06
5.0575000000e+01 5.2422701868e-09 4.2216378786e-06
5.0580000000e+01 3.6616699252e-09 4.2439165895e-06
5.0585000000e+01 3.4387891057e-09 4.2706041781e-06
5.0590000000e+01 4.8197350580e-09 4.2988885036e-06
5.0595000000e+01 7.5708271203e-09 4.3288759622e-06
5.0600000000e+01 8.6278983732e-09 4.3539049198e-06
5.0605000000e+01 8.3898443556e-09 4.3759170896e-06
5.0610000000e+01 7.3029574131e-09 4.3924889669e-06
5.0615000000e+01 7.0878859985e-09 4.4059176064e-06
5.0620000000e+01 7.6724831078e-09 4.4141646814e-06
5.0625000000e+01 8.5806423757e-09 4.4201445376e-06
5.0630000000e+01 7.1315144641e-09 4.4198232469e-06
5.0635000000e+01 4.9462415404e-09 4.4188660659e-06
5.0640000000e+01 3.2538424800e-09 4.4179099133e-06
5.0645000000e+01 3.7549700445e-09 4.4204633967e-06
5.0650000000e+01 5.3692725663e-09 4.4242151885e-06
5.0655000000e+01 7.0477814091e-09 4.4301227609e-06
5.0660000000e+01 6.8901107062e-09 4.4330957071e-06
5.0665000000e+01 6.4270427538e-09 4.4350959749e-06
5.0670000000e+01 6.4164623602e-09 4.4331834474e-06
5.0675000000e+01 8.2919093599e-09 4.4301627231e-06
5.0680000000e+01 9.4643926897e-09 4.4206522871e-06
5.0685000000e+01 9.1886002310e-09 4.4061239592e-06
5.0690000000e+01 7.2344508714e-09 4.3853681851e-06
5.0695000000e+01 5.1351704371e-09 4.3616125381e-06
5.0700000000e+01 4.0980165938e-09 4.3360716390e-06
5.0705000000e+01 5.2020548921e-09 4.3144361351e-06
5.0710000000e+01 5.5233206081e-09 4.2919729635e-06
5.0715000000e+01 5.3139084057e-09 4.2718577734e-06
5.0720000000e+01 4.4278917503e-09 4.2510559434e-06
5.0725000000e+01 4.6402754247e-09 4.2321008289e-06
5.0730000000e+01 6.0160581496e-09 4.2127244471e-06
5.0735000000e+01 8.1660092256e-09 4.1936485230e-06
5.0740000000e+01 9.0017413221e-09 4.1698870292e-06
5.0745000000e+01 8.4319886779e-09 4.1411470954e-06
5.0750000000e+01 6.7004870329e-09 4.1052916289e-06
5.0755000000e+01 6.1609728928e-09 4.0681285121e-06
5.0760000000e+01 5.8480771955e-09 4.0278459969e-06
5.0765000000e+01 5.8680594985e-09 3.9888007279e-06
5.0770000000e+01 5.0831407726e-09 3.9488918280e-06
5.0775000000e+01 3.9313605367e-09 3.9102322032e-06
5.0780000000e+01 2.8130124782e-09 3.8721394632e-06
5.0785000000e+01 3.6542169143e-09 3.8399415022e-06
5.0790000000e+01 4.9837853275e-09 3.8099475163e-06
5.0795000000e+01 6.4832530651e-09 3.7823697320e-06
5.0800000000e+01 7.0411271888e-09 3.7521412453e-06
5.0805000000e+01 7.0515360401e-09 3.7195143128e-06
5.0810000000e+01 6.5372888951e-09 3.6823053191e-06
5.0815000000e+01 6.6537689143e-09 3.6444429532e-06
5.0820000000e+01 6.6513543936e-09 3.6043761827e-06
5.0825000000e+01 6.3030539681e-09 3.5629212805e-06
5.0830000000e+01 4.9019356152e-09 3.5185088619e-06
5.0835000000e+01 3.6646331327e-09 3.4758275285e-06
5.0840000000e+01 2.5451627741e-09 3.4350635214e-06
5.0845000000e+01 2.6292016078e-09 3.4009306240e-06
5.0850000000e+01 3.4654934667e-09 3.3712184077e-06
5.0855000000e+01 4.7477858366e-09 3.3456039971e-06
5.0860000000e+01 5.0506522974e-09 3.3192216375e-06
5.0865000000e+01 5.4387823630e-09 3.2947743236e-06
5.0870000000e+01 5.6276811665e-09 3.2700021591e-06
5.0875000000e+01 6.1903140304e-09 3.2458054614e-06
5.0880000000e+01 6.7459157099e-09 3.2191959947e-06
5.0885000000e+01 6.9751262806e-09 3.1909112843e-06
5.0890000000e+01 5.4935428545e-09 3.1579731886e-06
5.0895000000e+01 3.9200707392e-09 3.1269627458e-06
5.0900000000e+01 2.5025616215e-09 3.0981208252e-06
5.0905000000e+01 2.4870207444e-09 3.0751603553e-06
5.0910000000e+01 3.0077385877e-09 3.0556746053e-06
5.0915000000e+01 3.6619387546e-09 3.0409689536e-06
5.0920000000e+01 3.5123764842e-09 3.0289269335e-06
5.0925000000e+01 3.3470891639e-09 3.0216709853e-06
5.0930000000e+01 3.8858841409e-09 3.0173587956e-06
5.0935000000e+01 5.8488050383e-09 3.0164083973e-06
5.0940000000e+01 6.9771507368e-09 3.0121755070e-06
5.0945000000e+01 7.2263836019e-09 3.0067733584e-06
5.0950000000e+01 5.8210265721e-09 2.9981821742e-06
5.0955000000e+01 4.1155560560e-09 2.9898392068e-06
5.0960000000e+01 3.3724372335e-09 2.9826461599e-06
5.0965000000e+01 3.9647871349e-09 2.9791981881e-06
5.0970000000e+01 3.8745182325e-09 2.9766272264e-06
5.0975000000e+01 3.1693898499e-09 2.9787020355e-06
5.0980000000e+01 1.8379126888e-09 2.9846228837e-06
5.0985000000e+01 1.8288836748e-09 2.9976878739e-06
5.0990000000e+01 3.2573289952e-09 3.0149534919e-06
5.0995000000e+01 5.6543376314e-09 3.0363168815e-06
5.1000000000e+01 6.8581195164e-09 3.0568600596e-06
5.1005000000e+01 6.4438601591e-09 3.0764349180e-06
5.1010000000e+01 5.1654683444e-09 3.0936501489e-06
5.1015000000e+01 5.2297562269e-09 3.1119469384e-06
5.1020000000e+01 5.6014553774e-09 3.1277909572e-06
5.1025000000e+01 6.0783557758e-09 3.1445921863e-06
5.1030000000e+01 4.9785712225e-09 3.1602587247e-06
5.1035000000e+01 2.8884522396e-09 3.1780448113e-06
5.1040000000e+01 1.3847588854e-09 3.1991157431e-06
5.1045000000e+01 2.1685046595e-09 3.2272314587e-06
5.1050000000e+01 3.8467159113e-09 3.2594098873e-06
5.1055000000e+01 5.3316388191e-09 3.2956745984e-06
5.1060000000e+01 5.3714408097e-09 3.3323088952e-06
5.1065000000e+01 5.0760684837e-09 3.3701008704e-06
5.1070000000e+01 5.2034979722e-09 3.4062310153e-06
5.1075000000e+01 6.7455443396e-09 3.4430328625e-06
5.1080000000e+01 7.8639313924e-09 3.4766243167e-06
5.1085000000e+01 7.5425286714e-09 3.5074310871e-06
5.1090000000e+01 5.4761721978e-09 3.5342000160e-06
5.1095000000e+01 3.8128706387e-09 3.5613700080e-06
5.1100000000e+01 3.1018401720e-09 3.5891643643e-06
5.1105000000e+01 3.8323711184e-09 3.6215091208e-06
5.1110000000e+01 4.5373534515e-09 3.6565903469e-06
5.1115000000e+01 4.5434202693e-09 3.6947479699e-06
5.1120000000e+01 3.7739370902e-09 3.7330242108e-06
5.1125000000e+01 4.3831819741e-09 3.7746519198e-06
5.1130000000e+01 5.7929406142e-09 3.8162825229e-06
5.1135000000e+01 7.6590679140e-09 3.8580592308e-06
5.1140000000e+01 8.4545214398e-09 3.8961128243e-06
5.1145000000e+01 7.9380480720e-09 3.9296611829e-06
5.1150000000e+01 6.4713165457e-09 3.9570227170e-06
5.1155000000e+01 5.7781319435e-09 3.9827423297e-06
5.1160000000e+01 5.5898668634e-09 4.0068401877e-06
5.1165000000e+01 5.6827537751e-09 4.0319324759e-06
5.1170000000e+01 4.9071689773e-09 4.0559501711e-06
5.1175000000e+01 4.1343409692e-09 4.0814799716e-06
5.1180000000e+01 3.5955385608e-09 4.1075837037e-06
5.1185000000e+01 4.2163778325e-09 4.1370714360e-06
5.1190000000e+01 5.7012750203e-09 4.1685001849e-06
5.1195000000e+01 7.3697588674e-09 4.2006779602e-06
5.1200000000e+01 7.7392954596e-09 4.2277404067e-06
5.1205000000e+01 7.9401618948e-09 4.2514719648e-06
5.1210000000e+01 7.5424384255e-09 4.2691773221e-06
5.1215000000e+01 7.4032832858e-09 4.2838259551e-06
5.1220000000e+01 7.3498671579e-09 4.2949336957e-06
5.1225000000e+01 7.0497516330e-09 4.3030936621e-06
5.1230000000e+01 5.9040592680e-09 4.3069136576e-06
5.1235000000e+01 4.7473235007e-09 4.3100945211e-06
5.1240000000e+01 3.8458690202e-09 4.3137566915e-06
5.1245000000e+01 4.1814027471e-09 4.3214153762e-06
5.1250000000e+01 4.9661139881e-09 4.3300646472e-06
5.1255000000e+01 6.3314998631e-09 4.3400925679e-06
5.1260000000e+01 7.0062950514e-09 4.3469495187e-06
5.1265000000e+01 7.1580056695e-09 4.3513300096e-06
5.1270000000e+01 7.2778482812e-09 4.3526729667e-06
5.1275000000e+01 7.9327394312e-09 4.3515175970e-06
5.1280000000e+01 8.2308057048e-09 4.3442802357e-06
5.1285000000e+01 8.2937769600e-09 4.3323601413e-06
5.1290000000e+01 7.0934972260e-09 4.3143139193e-06
5.1295000000e+01 5.3732863683e-09 4.2942443770e-06
5.1300000000e+01 4.0600703589e-09 4.2739059469e-06
5.1305000000e+01 4.2178190694e-09 4.2564623852e-06
5.1310000000e+01 4.8268497538e-09 4.2392513942e-06
5.1315000000e+01 5.5239328766e-09 4.2232858794e-06
5.1320000000e+01 5.4108379967e-09 4.2068243268e-06
5.1325000000e+01 5.4266812088e-09 4.1916207213e-06
5.1330000000e+01 5.8879083193e-09 4.1751913232e-06
5.1335000000e+01 7.5554452462e-09 4.1581491896e-06
5.1340000000e+01 8.7668286574e-09 4.1355637880e-06
5.1345000000e+01 8.6801925573e-09 4.1077467395e-06
5.1350000000e+01 7.0401457455e-09 4.0741163354e-06
5.1355000000e+01 5.5935650965e-09 4.0387921030e-06
5.1360000000e+01 4.7232965985e-09 4.0013122060e-06
5.1365000000e+01 5.1026449001e-09 3.9648747244e-06
5.1370000000e+01 5.2177474057e-09 3.9280649443e-06
5.1375000000e+01 4.4587776921e-09 3.8927169517e-06
5.1380000000e+01 3.1939761790e-09 3.8587447363e-06
5.1385000000e+01 3.3989587457e-09 3.8294423237e-06
5.1390000000e+01 4.7865264356e-09 3.8015094855e-06
5.1395000000e+01 6.9094331022e-09 3.7745689202e-06
5.1400000000e+01 7.8875102633e-09 3.7449008572e-06
5.1405000000e+01 7.3619330136e-09 3.7120233084e-06
5.1410000000e+01 6.0963775486e-09 3.6751187819e-06
5.1415000000e+01 5.7863362701e-09 3.6367830618e-06
5.1420000000e+01 6.1848721145e-09 3.5960757789e-06
5.1425000000e+01 6.3807548134e-09 3.5545261574e-06
5.1430000000e+01 4.9827521511e-09 3.5110736505e-06
5.1435000000e+01 3.2458355149e-09 3.4700050508e-06
5.1440000000e+01 1.8984702822e-09 3.4311101600e-06
5.1445000000e+01 2.4794753468e-09 3.3978822558e-06
5.1450000000e+01 4.2479230046e-09 3.3690126497e-06
5.1455000000e+01 5.5265601202e-09 3.3429055787e-06
5.1460000000e+01 5.4136659311e-09 3.3166073919e-06
5.1465000000e+01 5.1715276352e-09 3.2911648576e-06
5.1470000000e+01 5.2742733169e-09 3.2641761792e-06
5.1475000000e+01 6.4151289916e-09 3.2372001884e-06
5.1480000000e+01 7.1846923043e-09 3.2079736615e-06
5.1485000000e+01 6.6631440142e-09 3.1769224460e-06
5.1490000000e+01 4.6609385568e-09 3.1432102837e-06
5.1495000000e+01 2.9048089531e-09 3.1107528901e-06
5.1500000000e+01 2.3334751620e-09 3.0812455130e-06
5.1505000000e+01 3.0102771890e-09 3.0573626334e-06
5.1510000000e+01 3.4326149932e-09 3.0373588511e-06
5.1515000000e+01 3.5712002433e-09 3.0224316136e-06
5.1520000000e+01 3.1175015179e-09 3.0094370112e-06
5.1525000000e+01 3.4534160124e-09 3.0001226795e-06
5.1530000000e+01 4.8570677416e-09 2.9933618854e-06
5.1535000000e+01 6.4764749175e-09 2.9881772775e-06
5.1540000000e+01 6.8654264230e-09 2.9808814104e-06
5.1545000000e+01 6.3218571567e-09 2.9719104286e-06
5.1550000000e+01 4.9272172099e-09 2.9598191587e-06
5.1555000000e+01 4.0672953708e-09 2.9484671974e-06
5.1560000000e+01 3.7267707264e-09 2.9387863002e-06
5.1565000000e+01 3.7519966437e-09 2.9333405517e-06
5.1570000000e+01 3.1074784590e-09 2.9301038841e-06
5.1575000000e+01 2.4085470045e-09 2.9310890341e-06
5.1580000000e+01 2.0802105440e-09 2.9362551705e-06
5.1585000000e+01 2.8227244278e-09 2.9474580485e-06
5.1590000000e+01 4.0632877654e-09 2.9628417091e-06
5.1595000000e+01 5.5857996983e-09 2.9817143150e-06
5.1600000000e+01 6.1735253276e-09 2.9991343576e-06
5.1605000000e+01 6.0899692774e-09 3.0151200302e-06
5.1610000000e+01 5.6338625478e-09 3.0290127380e-06
5.1615000000e+01 5.5202356828e-09 3.0434699871e-06
5.1620000000e+01 5.1415562263e-09 3.0570511228e-06
5.1625000000e+01 4.8539487226e-09 3.0717244294e-06
5.1630000000e+01 3.9716108251e-09 3.0862810534e-06
5.1635000000e+01 2.8558493776e-09 3.1032211022e-06
5.1640000000e+01 2.1288347290e-09 3.1243834720e-06
5.1645000000e+01 2.5392957856e-09 3.1524038904e-06
5.1650000000e+01 3.4959232178e-09 3.1844830188e-06
5.1655000000e+01 4.8594826304e-09 3.2200907255e-06
5.1660000000e+01 5.5711880907e-09 3.2555298762e-06
5.1665000000e+01 5.8891010605e-09 3.2913465219e-06
5.1670000000e+01 5.8279947407e-09 3.3259490622e-06
5.1675000000e+01 6.3216073080e-09 3.3606292144e-06
5.1680000000e+01 6.7809418648e-09 3.3925521096e-06
5.1685000000e+01 6.6716797205e-09 3.4217998045e-06
5.1690000000e+01 5.4608199322e-09 3.4481579312e-06
5.1695000000e+01 4.0667942862e-09 3.4757635337e-06
5.1700000000e+01 2.8287577921e-09 3.5049946778e-06
5.1705000000e+01 3.0597146443e-09 3.5391154420e-06
5.1710000000e+01 4.0375162491e-09 3.5762182542e-06
5.1715000000e+01 4.7598254633e-09 3.6155436030e-06
5.1720000000e+01 4.8118995326e-09 3.6560662730e-06
5.1725000000e+01 4.9605857724e-09 3.6987889874e-06
5.1730000000e+01 5.5711988757e-09 3.7413506288e-06
5.1735000000e+01 7.1330713339e-09 3.7834536445e-06
5.1740000000e+01 8.2273988971e-09 3.8212326031e-06
5.1745000000e+01 8.1779949765e-09 3.8549394529e-06
5.1750000000e+01 6.5879271766e-09 3.8836244315e-06
5.1755000000e+01 5.1058754086e-09 3.9110534589e-06
5.1760000000e+01 4.6098897711e-09 3.9379511657e-06
5.1765000000e+01 4.9973764451e-09 3.9656053939e-06
5.1770000000e+01 5.1053859600e-09 3.9933682210e-06
5.1775000000e+01 4.7198880752e-09 4.0231427854e-06
5.1780000000e+01 3.7401901121e-09 4.0536510105e-06
5.1785000000e+01 4.0348434922e-09 4.0874968047e-06
5.1790000000e+01 5.6738550063e-09 4.1222754340e-06
5.1795000000e+01 7.7285434706e-09 4.1564697155e-06
5.1800000000e+01 8.5312048680e-09 4.1863752995e-06
5.1805000000e+01 8.1045138923e-09 4.2122091070e-06
5.1810000000e+01 6.9658278466e-09 4.2326813594e-06
5.1815000000e+01 6.6474608785e-09 4.2499843491e-06
5.1820000000e+01 6.9819826900e-09 4.2638282664e-06
5.1825000000e+01 7.1522759087e-09 4.2755653496e-06
5.1830000000e+01 5.9398461776e-09 4.2841811610e-06
5.1835000000e+01 4.2985587285e-09 4.2929520098e-06
5.1840000000e+01 3.4080765962e-09 4.3026900930e-06
5.1845000000e+01 4.2053720280e-09 4.3153577678e-06
5.1850000000e+01 5.7811335525e-09 4.3292512632e-06
5.1855000000e+01 7.1944411854e-09 4.3437467985e-06
5.1860000000e+01 7.2315238995e-09 4.3550238932e-06
5.1865000000e+01 6.9082278833e-09 4.3633991134e-06
5.1870000000e+01 7.1701975506e-09 4.3679318219e-06
5.1875000000e+01 8.1785585290e-09 4.3691403130e-06
5.1880000000e+01 8.6306338689e-09 4.3649707648e-06
5.1885000000e+01 8.0761766164e-09 4.3565399545e-06
5.1890000000e+01 6.2586847283e-09 4.3430970456e-06
5.1895000000e+01 4.6451206076e-09 4.3278273470e-06
5.1900000000e+01 4.1734905261e-09 4.3128332932e-06
5.1905000000e+01 4.8576898166e-09 4.3004118344e-06
5.1910000000e+01 5.3793654249e-09 4.2888016397e-06
5.1915000000e+01 5.5096955659e-09 4.2783543887e-06
5.1920000000e+01 5.2922122771e-09 4.2668603891e-06
5.1925000000e+01 5.8230045946e-09 4.2554044691e-06
5.1930000000e+01 6.9064589587e-09 4.2421316466e-06
5.1935000000e+01 8.3255800993e-09 4.2272519596e-06
5.1940000000e+01 8.7012210693e-09 4.2072337395e-06
5.1945000000e+01 7.8764638602e-09 4.1815729300e-06
5.1950000000e+01 6.5990673026e-09 4.1508124999e-06
5.1955000000e+01 5.7516556404e-09 4.1179198577e-06
5.1960000000e+01 5.2047976512e-09 4.0837629098e-06
5.1965000000e+01 5.1640448690e-09 4.0512611305e-06
5.1970000000e+01 4.6802721435e-09 4.0187374731e-06
5.1975000000e+01 4.0991879469e-09 3.9874597809e-06
5.1980000000e+01 3.8688807926e-09 3.9576399218e-06
5.1985000000e+01 4.5794650081e-09 3.9309871668e-06
5.1990000000e+01 5.7661047184e-09 3.9056512014e-06
5.1995000000e+01 7.0134849145e-09 3.8803522168e-06
5.2000000000e+01 7.5186677479e-09 3.8515426501e-06
5.2005000000e+01 7.4285750285e-09 3.8190744497e-06
5.2010000000e+01 6.7108421426e-09 3.7821862779e-06
5.2015000000e+01 6.3128908750e-09 3.7440812016e-06
5.2020000000e+01 5.9518193728e-09 3.7042025664e-06
5.2025000000e+01 5.4268056125e-09 3.6634070969e-06
5.2030000000e+01 4.5463965406e-09 3.6219073356e-06
5.2035000000e+01 3.6340851458e-09 3.5822183651e-06
5.2040000000e+01 2.8364085904e-09 3.5452899107e-06
5.2045000000e+01 3.1723582054e-09 3.5139321044e-06
5.2050000000e+01 4.2169440091e-09 3.4860211774e-06
5.2055000000e+01 5.4362463598e-09 3.4600475161e-06
5.2060000000e+01 6.0619718053e-09 3.4333189580e-06
5.2065000000e+01 6.2011759739e-09 3.4062161241e-06
5.2070000000e+01 6.0343773269e-09 3.3777432605e-06
5.2075000000e+01 6.2181525723e-09 3.3485801816e-06
5.2080000000e+01 6.4504522105e-09 3.3172485815e-06
5.2085000000e+01 6.2698340186e-09 3.2840976590e-06
5.2090000000e+01 4.9347589961e-09 3.2488752633e-06
5.2095000000e+01 3.4040585409e-09 3.2158074609e-06
5.2100000000e+01 2.3740170501e-09 3.1860895616e-06
5.2105000000e+01 2.5602726332e-09 3.1617535255e-06
5.2110000000e+01 3.4077070844e-09 3.1414222739e-06
5.2115000000e+01 4.2683194228e-09 3.1251199463e-06
5.2120000000e+01 4.2449298737e-09 3.1107946725e-06
5.2125000000e+01 4.2416567930e-09 3.0995332131e-06
5.2130000000e+01 4.8970471461e-09 3.0899837788e-06
5.2135000000e+01 6.1956620577e-09 3.0809621718e-06
5.2140000000e+01 7.0120689753e-09 3.0696437964e-06
5.2145000000e+01 6.7615360254e-09 3.0566328548e-06
5.2150000000e+01 5.1229653137e-09 3.0413543388e-06
5.2155000000e+01 3.6231542105e-09 3.0272685927e-06
5.2160000000e+01 3.0574057946e-09 3.0154397378e-06
5.2165000000e+01 3.4788484494e-09 3.0075787785e-06
5.2170000000e+01 3.5965765893e-09 3.0027271985e-06
5.2175000000e+01 3.1041674377e-09 3.0023276527e-06
5.2180000000e+01 2.4549340152e-09 3.0062376473e-06
5.2185000000e+01 2.8152113447e-09 3.0154174360e-06
5.2190000000e+01 4.2813987513e-09 3.0279195706e-06
5.2195000000e+01 6.2540033067e-09 3.0428626810e-06
5.2200000000e+01 6.9137215942e-09 3.0563128246e-06
5.2205000000e+01 6.2580409281e-09 3.0682490476e-06
5.2210000000e+01 5.2342511738e-09 3.0786438888e-06
5.2215000000e+01 4.8675234044e-09 3.0889476049e-06
5.2220000000e+01 5.0167694211e-09 3.0991761497e-06
5.2225000000e+01 5.0964340049e-09 3.1110764101e-06
5.2230000000e+01 3.9876836266e-09 3.1237824269e-06
5.2235000000e+01 2.5482638287e-09 3.1399188460e-06
5.2240000000e+01 1.8568582336e-09 3.1603150559e-06
5.2245000000e+01 2.7863166122e-09 3.1867914085e-06
5.2250000000e+01 4.4044598448e-09 3.2173603710e-06
5.2255000000e+01 5.6181727908e-09 3.2507510911e-06
5.2260000000e+01 5.8051634714e-09 3.2842353343e-06
5.2265000000e+01 5.6303150601e-09 3.3173103129e-06
5.2270000000e+01 5.7399118963e-09 3.3487941831e-06
5.2275000000e+01 6.6616182027e-09 3.3800985637e-06
5.2280000000e+01 7.0363906777e-09 3.4090057445e-06
5.2285000000e+01 6.3000545458e-09 3.4361501671e-06
5.2290000000e+01 4.7223447498e-09 3.4618391583e-06
5.2295000000e+01 3.3832176129e-09 3.4885850551e-06
5.2300000000e+01 3.0057606443e-09 3.5180105884e-06
5.2305000000e+01 3.7281306224e-09 3.5522875133e-06
5.2310000000e+01 4.4254073858e-09 3.5898448706e-06
5.2315000000e+01 4.6936216163e-09 3.6299216977e-06
5.2320000000e+01 4.7052237651e-09 3.6706971865e-06
5.2325000000e+01 5.3514555902e-09 3.7127935886e-06
5.2330000000e+01 6.4637189727e-09 3.7543441932e-06
5.2335000000e+01 7.6492748206e-09 3.7949283416e-06
5.2340000000e+01 7.9665295073e-09 3.8318534351e-06
5.2345000000e+01 7.3295836169e-09 3.8646431025e-06
5.2350000000e+01 6.0547946809e-09 3.8931828450e-06
5.2355000000e+01 5.2679449677e-09 3.9209495275e-06
5.2360000000e+01 4.9288384322e-09 3.9488677677e-06
5.2365000000e+01 4.8226532971e-09 3.9784390291e-06
5.2370000000e+01 4.5910310122e-09 4.0089829557e-06
5.2375000000e+01 4.3844998759e-09 4.0411500721e-06
5.2380000000e+01 4.3235215714e-09 4.0743307275e-06
5.2385000000e+01 5.1120810788e-09 4.1100888809e-06
5.2390000000e+01 6.3831688681e-09 4.1465887747e-06
5.2395000000e+01 7.5971496192e-09 4.1818436871e-06
5.2400000000e+01 8.1315188021e-09 4.2127152913e-06
5.2405000000e+01 8.0552375951e-09 4.2390432958e-06
5.2410000000e+01 7.4191780942e-09 4.2602774154e-06
5.2415000000e+01 6.9108468426e-09 4.2788454982e-06
5.2420000000e+01 6.5328313563e-09 4.2947917363e-06
5.2425000000e+01 6.2147342395e-09 4.3090061213e-06
5.2430000000e+01 5.4677090736e-09 4.3210653049e-06
5.2435000000e+01 4.6748028357e-09 4.3334462818e-06
5.2440000000e+01 4.2426739010e-09 4.3473532198e-06
5.2445000000e+01 4.6138580294e-09 4.3639088384e-06
5.2450000000e+01 5.7197147819e-09 4.3815168092e-06
5.2455000000e+01 7.1285996704e-09 4.3987707161e-06
5.2460000000e+01 7.7313213940e-09 4.4122380064e-06
5.2465000000e+01 7.8068343827e-09 4.4224928923e-06
5.2470000000e+01 7.6718392994e-09 4.4288419361e-06
5.2475000000e+01 7.7568339859e-09 4.4314378167e-06
5.2480000000e+01 7.9250311446e-09 4.4292626825e-06
5.2485000000e+01 7.6769295486e-09 4.4227421667e-06
5.2490000000e+01 6.4817775516e-09 4.4121366708e-06
5.2495000000e+01 5.0084540454e-09 4.4006201216e-06
5.2500000000e+01 4.0992554957e-09 4.3897887782e-06
5.2505000000e+01 4.4920697695e-09 4.3814244238e-06
5.2510000000e+01 5.4177229584e-09 4.3736904336e-06
5.2515000000e+01 6.2068605508e-09 4.3664026397e-06
5.2520000000e+01 6.3727984400e-09 4.3581736830e-06
5.2525000000e+01 6.3689264879e-09 4.3489196591e-06
5.2530000000e+01 6.8952545274e-09 4.3375710758e-06
5.2535000000e+01 8.1394295961e-09 4.3235310672e-06
5.2540000000e+01 8.7831350444e-09 4.3039126185e-06
5.2545000000e+01 8.2704772727e-09 4.2792430087e-06
5.2550000000e+01 6.7069142389e-09 4.2500369253e-06
5.2555000000e+01 5.2362176848e-09 4.2189789827e-06
5.2560000000e+01 4.6754318274e-09 4.1873466972e-06
5.2565000000e+01 5.0678462390e-09 4.1569794838e-06
5.2570000000e+01 5.2172866400e-09 4.1270814238e-06
5.2575000000e+01 4.7926275248e-09 4.0986035036e-06
5.2580000000e+01 4.2071002282e-09 4.0713551372e-06
5.2585000000e+01 4.6860265514e-09 4.0464370561e-06
5.2590000000e+01 6.0898972004e-09 4.0216226023e-06
5.2595000000e+01 7.7080014947e-09 3.9959127334e-06
5.2600000000e+01 8.2402565537e-09 3.9665619670e-06
5.2605000000e+01 7.4977902979e-09 3.9331203114e-06
5.2610000000e+01 6.2981683522e-09 3.8957216782e-06
5.2615000000e+01 5.8781632048e-09 3.8565941340e-06
5.2620000000e+01 5.9172020486e-09 3.8158804786e-06
5.2625000000e+01 5.7026141777e-09 3.7748731556e-06
5.2630000000e+01 4.6622627815e-09 3.7339522542e-06
5.2635000000e+01 3.3687998330e-09 3.6950351572e-06
5.2640000000e+01 2.7536602956e-09 3.6588583031e-06
5.2645000000e+01 3.6586102280e-09 3.6272924735e-06
5.2650000000e+01 5.1566737373e-09 3.5985410992e-06
5.2655000000e+01 6.2034315458e-09 3.5710869141e-06
5.2660000000e+01 6.2709712679e-09 3.5426009918e-06
5.2665000000e+01 6.0319662484e-09 3.5128272256e-06
5.2670000000e+01 6.0751421194e-09 3.4810247101e-06
5.2675000000e+01 6.5865996911e-09 3.4481390151e-06
5.2680000000e+01 6.7126045076e-09 3.4133651895e-06
5.2685000000e+01 5.9179869522e-09 3.3772859643e-06
5.2690000000e+01 4.2334424216e-09 3.3400312528e-06
5.2695000000e+01 2.9989995553e-09 3.3049257007e-06
5.2700000000e+01 2.7000633332e-09 3.2734030438e-06
5.2705000000e+01 3.2261366991e-09 3.2469764850e-06
5.2710000000e+01 3.8835508921e-09 3.2248820130e-06
5.2715000000e+01 4.2193645710e-09 3.2061368549e-06
5.2720000000e+01 4.2319300987e-09 3.1888106066e-06
5.2725000000e+01 4.7791740648e-09 3.1736181358e-06
5.2730000000e+01 5.7204680012e-09 3.1592148313e-06
5.2735000000e+01 6.6082809096e-09 3.1449312369e-06
5.2740000000e+01 6.6926177829e-09 3.1287137248e-06
5.2745000000e+01 5.9466285504e-09 3.1105231344e-06
5.2750000000e+01 4.7153594505e-09 3.0907342770e-06
5.2755000000e+01 3.7798556862e-09 3.0722850641e-06
5.2760000000e+01 3.3353750919e-09 3.0568065597e-06
5.2765000000e+01 3.2997302216e-09 3.0457848959e-06
5.2770000000e+01 3.0587116241e-09 3.0380745894e-06
5.2775000000e+01 2.9402920436e-09 3.0346863646e-06
5.2780000000e+01 3.0725103981e-09 3.0352263974e-06
5.2785000000e+01 3.7263641995e-09 3.0401807065e-06
5.2790000000e+01 4.8569590021e-09 3.0484029637e-06
5.2795000000e+01 6.0143720298e-09 3.0580169014e-06
5.2800000000e+01 6.4196169099e-09 3.0659165622e-06
5.2805000000e+01 6.2127453719e-09 3.0721774781e-06
5.2810000000e+01 5.5139050345e-09 3.0768862908e-06
5.2815000000e+01 4.8939787529e-09 3.0820915443e-06
5.2820000000e+01 4.4213617800e-09 3.0880549102e-06
5.2825000000e+01 4.1198236005e-09 3.0959574966e-06
5.2830000000e+01 3.5310485830e-09 3.1055260447e-06
5.2835000000e+01 2.8362010346e-09 3.1186476096e-06
5.2840000000e+01 2.4753339594e-09 3.1365619115e-06
5.2845000000e+01 3.0106319988e-09 3.1602350669e-06
5.2850000000e+01 4.1452916499e-09 3.1875772817e-06
5.2855000000e+01 5.4632990832e-09 3.2171103871e-06
5.2860000000e+01 6.1701746567e-09 3.2462297885e-06
5.2865000000e+01 6.1577854902e-09 3.2745438337e-06
5.2870000000e+01 5.8877311189e-09 3.3017149221e-06
5.2875000000e+01 6.0027456072e-09 3.3283665957e-06
5.2880000000e+01 6.0923797353e-09 3.3531401587e-06
5.2885000000e+01 5.7824064523e-09 3.3766705348e-06
5.2890000000e+01 4.7130205094e-09 3.3996745910e-06
5.2895000000e+01 3.3926876803e-09 3.4246383316e-06
5.2900000000e+01 2.6662285997e-09 3.4529742323e-06
5.2905000000e+01 3.1968503271e-09 3.4861265292e-06
5.2910000000e+01 4.2895199553e-09 3.5223653770e-06
5.2915000000e+01 5.1589910296e-09 3.5608363059e-06
5.2920000000e+01 5.3624284073e-09 3.6000910084e-06
5.2925000000e+01 5.5152586408e-09 3.6400773459e-06
5.2930000000e+01 6.0927255087e-09 3.6792688410e-06
5.2935000000e+01 7.1631971525e-09 3.7168802573e-06
5.2940000000e+01 7.8075492184e-09 3.7509932453e-06
5.2945000000e+01 7.2742340445e-09 3.7814878372e-06
5.2950000000e+01 5.7185457164e-09 3.8089103368e-06
5.2955000000e+01 4.4810257524e-09 3.8361931378e-06
5.2960000000e+01 4.1114709469e-09 3.8641603041e-06
5.2965000000e+01 4.5192026943e-09 3.8940596038e-06
5.2970000000e+01 4.8615162514e-09 3.9256445280e-06
5.2975000000e+01 4.6319453877e-09 3.9589236582e-06
5.2980000000e+01 4.2989159224e-09 3.9935301125e-06
5.2985000000e+01 4.9235362933e-09 4.0300036463e-06
5.2990000000e+01 6.3983743580e-09 4.0663153065e-06
5.2995000000e+01 7.9430949911e-09 4.1009865659e-06
5.3000000000e+01 8.3539557491e-09 4.1313595748e-06
5.3005000000e+01 7.6907225750e-09 4.1573462841e-06
5.3010000000e+01 6.6391916518e-09 4.1787996021e-06
5.3015000000e+01 6.1715278783e-09 4.1975631081e-06
5.3020000000e+01 6.2609159476e-09 4.2144365493e-06
5.3025000000e+01 6.1219619114e-09 4.2302082351e-06
5.3030000000e+01 5.1678613736e-09 4.2449116131e-06
5.3035000000e+01 4.1822149989e-09 4.2605512928e-06
5.3040000000e+01 3.9043452335e-09 4.2774519720e-06
5.3045000000e+01 4.8455228926e-09 4.2965509819e-06
5.3050000000e+01 6.3697699586e-09 4.3164374783e-06
5.3055000000e+01 7.4487667727e-09 4.3352713631e-06
5.3060000000e+01 7.5487574854e-09 4.3504672843e-06
5.3065000000e+01 7.3662493420e-09 4.3618382815e-06
5.3070000000e+01 7.4258412838e-09 4.3688633740e-06
5.3075000000e+01 7.8181123330e-09 4.3721850029e-06
5.3080000000e+01 7.7996708240e-09 4.3712320078e-06
5.3085000000e+01 7.0089321289e-09 4.3667439032e-06
5.3090000000e+01 5.5720107501e-09 4.3590298514e-06
5.3095000000e+01 4.4447550461e-09 4.3506006231e-06
5.3100000000e+01 4.2743937451e-09 4.3432915453e-06
5.3105000000e+01 4.9177229438e-09 4.3381710814e-06
5.3110000000e+01 5.5565571101e-09 4.3339102285e-06
5.3115000000e+01 5.9886812479e-09 4.3297538865e-06
5.3120000000e+01 6.2070781253e-09 4.3238699340e-06
5.3125000000e+01 6.6809047573e-09 4.3161851995e-06
5.3130000000e+01 7.4788809286e-09 4.3058867252e-06
5.3135000000e+01 8.2312600126e-09 4.2924289853e-06
5.3140000000e+01 8.1665154480e-09 4.2737303348e-06
5.3145000000e+01 7.3730676828e-09 4.2501045314e-06
5.3150000000e+01 6.1953752708e-09 4.2223401888e-06
5.3155000000e+01 5.2551632534e-09 4.1930379513e-06
5.3160000000e+01 4.7734991005e-09 4.1638582342e-06
5.3165000000e+01 4.7277976651e-09 4.1362291440e-06
5.3170000000e+01 4.6565439594e-09 4.1092501428e-06
5.3175000000e+01 4.6157639998e-09 4.0833157114e-06
5.3180000000e+01 4.7654384673e-09 4.0582226952e-06
5.3185000000e+01 5.4570615883e-09 4.0345237875e-06
5.3190000000e+01 6.4129966640e-09 4.0105243117e-06
5.3195000000e+01 7.3618571473e-09 3.9847842569e-06
5.3200000000e+01 7.7474515397e-09 3.9549905262e-06
5.3205000000e+01 7.3467087424e-09 3.9207078073e-06
5.3210000000e+01 6.4877924007e-09 3.8827761880e-06
5.3215000000e+01 5.7726552784e-09 3.8433869190e-06
5.3220000000e+01 5.2023257824e-09 3.8028539006e-06
5.3225000000e+01 4.8319434125e-09 3.7624528398e-06
5.3230000000e+01 4.3014893472e-09 3.7224144264e-06
5.3235000000e+01 3.6668986910e-09 3.6843304889e-06
5.3240000000e+01 3.3192259274e-09 3.6492510420e-06
5.3245000000e+01 3.8109466980e-09 3.6180819194e-06
5.3250000000e+01 4.9328672956e-09 3.5890326937e-06
5.3255000000e+01 6.1140751234e-09 3.5603670579e-06
5.3260000000e+01 6.6172895137e-09 3.5299669324e-06
5.3265000000e+01 6.4990085415e-09 3.4978619933e-06
5.3270000000e+01 6.0566517306e-09 3.4636288467e-06
5.3275000000e+01 5.8993407278e-09 3.4280760218e-06
5.3280000000e+01 5.9022695807e-09 3.3908979725e-06
5.3285000000e+01 5.4422694012e-09 3.3524277329e-06
5.3290000000e+01 4.2590139059e-09 3.3137774044e-06
5.3295000000e+01 3.0115925783e-09 3.2777080553e-06
5.3300000000e+01 2.3468531432e-09 3.2453569835e-06
5.3305000000e+01 2.8325747412e-09 3.2179472592e-06
5.3310000000e+01 3.8998962071e-09 3.1942473679e-06
5.3315000000e+01 4.7001110984e-09 3.1732479829e-06
5.3320000000e+01 4.8229936830e-09 3.1535271448e-06
5.3325000000e+01 4.8659289966e-09 3.1351030117e-06
5.3330000000e+01 5.3437956678e-09 3.1169162013e-06
5.3335000000e+01 6.1887943186e-09 3.0981345979e-06
5.3340000000e+01 6.5315808442e-09 3.0773935195e-06
5.3345000000e+01 5.8641470141e-09 3.0551505537e-06
5.3350000000e+01 4.2956088316e-09 3.0320252946e-06
5.3355000000e+01 2.9983626353e-09 3.0107526266e-06
5.3360000000e+01 2.6766818838e-09 2.9927915909e-06
5.3365000000e+01 3.0869789917e-09 2.9791230587e-06
5.3370000000e+01 3.3233667640e-09 2.9693034717e-06
5.3375000000e+01 3.1813674171e-09 2.9637430813e-06
5.3380000000e+01 2.9809962523e-09 2.9618281562e-06
5.3385000000e+01 3.5507294263e-09 2.9636099589e-06
5.3390000000e+01 4.9319152122e-09 2.9677264122e-06
5.3395000000e+01 6.2672175406e-09 2.9725714843e-06
5.3400000000e+01 6.4933270040e-09 2.9758423388e-06
5.3405000000e+01 5.7274257943e-09 2.9776043826e-06
5.3410000000e+01 4.6801673911e-09 2.9781759025e-06
5.3415000000e+01 4.1838030191e-09 2.9792878125e-06
5.3420000000e+01 4.1323038287e-09 2.9818310384e-06
5.3425000000e+01 3.9552578961e-09 2.9868949220e-06
5.3430000000e+01 3.1548209713e-09 2.9945410440e-06
5.3435000000e+01 2.2806489506e-09 3.0060998518e-06
5.3440000000e+01 2.1944089123e-09 3.0223133265e-06
5.3445000000e+01 3.2285070478e-09 3.0436258031e-06
5.3450000000e+01 4.6211122564e-09 3.0682969782e-06
5.3455000000e+01 5.6368061012e-09 3.0947955734e-06
5.3460000000e+01 5.8062928642e-09 3.1207189058e-06
5.3465000000e+01 5.5816453986e-09 3.1454233520e-06
5.3470000000e+01 5.5926412633e-09 3.1689422808e-06
5.3475000000e+01 5.8825180205e-09 3.1919105075e-06
5.3480000000e+01 5.7454646198e-09 3.2137748585e-06
5.3485000000e+01 4.9712047350e-09 3.2353928877e-06
5.3490000000e+01 3.7145976787e-09 3.2572282252e-06
5.3495000000e+01 2.8155931656e-09 3.2814709428e-06
5.3500000000e+01 2.7488950842e-09 3.3095331262e-06
5.3505000000e+01 3.4479072855e-09 3.3423366247e-06
5.3510000000e+01 4.2495293569e-09 3.3785142848e-06
5.3515000000e+01 4.7600094074e-09 3.4165655903e-06
5.3520000000e+01 5.1081676603e-09 3.4550434784e-06
5.3525000000e+01 5.6852559284e-09 3.4936048052e-06
5.3530000000e+01 6.3707893710e-09 3.5310888283e-06
5.3535000000e+01 6.9908499307e-09 3.5671168962e-06
5.3540000000e+01 6.9716053505e-09 3.6000482552e-06
5.3545000000e+01 6.2101014610e-09 3.6297469897e-06
5.3550000000e+01 5.1314324745e-09 3.6573009322e-06
5.3555000000e+01 4.3358913151e-09 3.6851567214e-06
5.3560000000e+01 3.9583212029e-09 3.7145837069e-06
5.3565000000e+01 4.0280791948e-09 3.7466193843e-06
5.3570000000e+01 4.1924492063e-09 3.7804893049e-06
5.3575000000e+01 4.3921545488e-09 3.8160214384e-06
5.3580000000e+01 4.6981370872e-09 3.8526758504e-06
5.3585000000e+01 5.4365937482e-09 3.8906720479e-06
5.3590000000e+01 6.4516914059e-09 3.9283307201e-06
5.3595000000e+01 7.3780501863e-09 3.9638075115e-06
5.3600000000e+01 7.7247850150e-09 3.9950405212e-06
5.3605000000e+01 7.4133343564e-09 4.0218801611e-06
5.3610000000e+01 6.5636572330e-09 4.0447409216e-06
5.3615000000e+01 5.8294188445e-09 4.0657048091e-06
5.3620000000e+01 5.4182691933e-09 4.0854521143e-06
5.3625000000e+01 5.1712836524e-09 4.1045997751e-06
5.3630000000e+01 4.7935765251e-09 4.1234057378e-06
5.3635000000e+01 4.4026499929e-09 4.1432832291e-06
5.3640000000e+01 4.2527909308e-09 4.1647073970e-06
5.3645000000e+01 4.8496821817e-09 4.1880372559e-06
5.3650000000e+01 6.0714836201e-09 4.2116091974e-06
5.3655000000e+01 7.2901107999e-09 4.2334142706e-06
5.3660000000e+01 7.7850312190e-09 4.2513055401e-06
5.3665000000e+01 7.6239522692e-09 4.2652371126e-06
5.3670000000e+01 7.2072163234e-09 4.2749879898e-06
5.3675000000e+01 7.0373324193e-09 4.2811028291e-06
5.3680000000e+01 6.9726914989e-09 4.2834097053e-06
5.3685000000e+01 6.5792796044e-09 4.2825879131e-06
5.3690000000e+01 5.5241555376e-09 4.2794720996e-06
5.3695000000e+01 4.3678292465e-09 4.2763048860e-06
5.3700000000e+01 3.9520045335e-09 4.2745346332e-06
5.3705000000e+01 4.5753262768e-09 4.2746119787e-06
5.3710000000e+01 5.6491103977e-09 4.2751991788e-06
5.3715000000e+01 6.5087893077e-09 4.2754184488e-06
5.3720000000e+01 6.6805904773e-09 4.2735859263e-06
5.3725000000e+01 6.7069337916e-09 4.2694454733e-06
5.3730000000e+01 7.1465973863e-09 4.2622384976e-06
5.3735000000e+01 7.8704106810e-09 4.2511902004e-06
5.3740000000e+01 8.0689169419e-09 4.2351710694e-06
5.3745000000e+01 7.2899888289e-09 4.2147109041e-06
5.3750000000e+01 5.7979438928e-09 4.1908369394e-06
5.3755000000e+01 4.6081372721e-09 4.1659031092e-06
5.3760000000e+01 4.3091984714e-09 4.1413168427e-06
5.3765000000e+01 4.7499305341e-09 4.1182014165e-06
5.3770000000e+01 5.0537650145e-09 4.0959798310e-06
5.3775000000e+01 4.9215323793e-09 4.0746077888e-06
5.3780000000e+01 4.8451451124e-09 4.0538063364e-06
5.3785000000e+01 5.4651271718e-09 4.0333191411e-06
5.3790000000e+01 6.6592566423e-09 4.0116570760e-06
5.3795000000e+01 7.7877735713e-09 3.9877174029e-06
5.3800000000e+01 7.8734993320e-09 3.9594983388e-06
5.3805000000e+01 6.9800511752e-09 3.9270051755e-06
5.3810000000e+01 5.8972250360e-09 3.8910819926e-06
5.3815000000e+01 5.3425685909e-09 3.8535648464e-06
5.3820000000e+01 5.1752171128e-09 3.8154335785e-06
5.3825000000e+01 4.8996603922e-09 3.7778450644e-06
5.3830000000e+01 4.1554552590e-09 3.7411460014e-06
5.3835000000e+01 3.4280852514e-09 3.7064436487e-06
5.3840000000e+01 3.3825764731e-09 3.6742689221e-06
5.3845000000e+01 4.3564887212e-09 3.6451826949e-06
5.3850000000e+01 5.6451794382e-09 3.6175620083e-06
5.3855000000e+01 6.4493210204e-09 3.5896800380e-06
5.3860000000e+01 6.5115801833e-09 3.5597767321e-06
5.3865000000e+01 6.2358083700e-09 3.5274182774e-06
5.3870000000e+01 6.0419843137e-09 3.4926755725e-06
5.3875000000e+01 6.0706688454e-09 3.4566015137e-06
5.3880000000e+01 5.7945672261e-09 3.4192484860e-06
5.3885000000e+01 4.9025480000e-09 3.3812636823e-06
5.3890000000e+01 3.6796118424e-09 3.3436314457e-06
5.3895000000e+01 2.8644740353e-09 3.3085621537e-06
5.3900000000e+01 2.7837262107e-09 3.2772713206e-06
5.3905000000e+01 3.3998427833e-09 3.2506352569e-06
5.3910000000e+01 4.1413294328e-09 3.2274623032e-06
5.3915000000e+01 4.6504951914e-09 3.2063186854e-06
5.3920000000e+01 4.9389463311e-09 3.1857712310e-06
5.3925000000e+01 5.3540010446e-09 3.1656823606e-06
5.3930000000e+01 5.8712334257e-09 3.1453350592e-06
5.3935000000e+01 6.2119244850e-09 3.1242298919e-06
5.3940000000e+01 5.9916244641e-09 3.1014109242e-06
5.3945000000e+01 5.2033720370e-09 3.0772305357e-06
5.3950000000e+01 4.0652261576e-09 3.0526870332e-06
5.3955000000e+01 3.1901923186e-09 3.0303919789e-06
5.3960000000e+01 2.8331989675e-09 3.0119123629e-06
5.3965000000e+01 2.8820238947e-09 2.9978821041e-06
5.3970000000e+01 3.0756105316e-09 2.9877522871e-06
5.3975000000e+01 3.3520153891e-09 2.9814189180e-06
5.3980000000e+01 3.6648710813e-09 2.9782027060e-06
5.3985000000e+01 4.2935330864e-09 2.9781418951e-06
5.3990000000e+01 5.1771004216e-09 2.9798919978e-06
5.3995000000e+01 5.9664022238e-09 2.9817405080e-06
5.4000000000e+01 6.1816255623e-09 2.9819446725e-06
5.4005000000e+01 5.7195066580e-09 2.9805648729e-06
5.4010000000e+01 4.8265300326e-09 2.9785077700e-06
5.4015000000e+01 4.0229027928e-09 2.9775572065e-06
5.4020000000e+01 3.5541725086e-09 2.9786231485e-06
5.4025000000e+01 3.3942237102e-09 2.9826181163e-06
5.4030000000e+01 3.1013760992e-09 2.9895354733e-06
5.4035000000e+01 2.7613645801e-09 3.0005814106e-06
5.4040000000e+01 2.7499059568e-09 3.0163541150e-06
5.4045000000e+01 3.3955626334e-09 3.0366772547e-06
5.4050000000e+01 4.5744474703e-09 3.0598968002e-06
5.4055000000e+01 5.7511106587e-09 3.0842359015e-06
5.4060000000e+01 6.1865452633e-09 3.1076324025e-06
5.4065000000e+01 5.9320885139e-09 3.1299229781e-06
5.4070000000e+01 5.4653437468e-09 3.1511912703e-06
5.4075000000e+01 5.2677887870e-09 3.1720514484e-06
5.4080000000e+01 5.1667043490e-09 3.1923862760e-06
5.4085000000e+01 4.7603417773e-09 3.2129710906e-06
5.4090000000e+01 3.8283715016e-09 3.2347709202e-06
5.4095000000e+01 2.8587333999e-09 3.2595795291e-06
5.4100000000e+01 2.5856689804e-09 3.2885219686e-06
5.4105000000e+01 3.3598990079e-09 3.3219893915e-06
5.4110000000e+01 4.5330293361e-09 3.3584181572e-06
5.4115000000e+01 5.3714829084e-09 3.3964946954e-06
5.4120000000e+01 5.6307535852e-09 3.4348557825e-06
5.4125000000e+01 5.7316378615e-09 3.4728602346e-06
5.4130000000e+01 6.1228966446e-09 3.5096163862e-06
5.4135000000e+01 6.7885497190e-09 3.5446651276e-06
5.4140000000e+01 6.9383701871e-09 3.5769727230e-06
5.4145000000e+01 6.1525842581e-09 3.6069155096e-06
5.4150000000e+01 4.7964228700e-09 3.6356448050e-06
5.4155000000e+01 3.8105127575e-09 3.6652698895e-06
5.4160000000e+01 3.6796300629e-09 3.6969001904e-06
5.4165000000e+01 4.2117629356e-09 3.7313263952e-06
5.4170000000e+01 4.6601371181e-09 3.7679359555e-06
5.4175000000e+01 4.7348438160e-09 3.8062161798e-06
5.4180000000e+01 4.8234089196e-09 3.8454943032e-06
5.4185000000e+01 5.5552655558e-09 3.8853835181e-06
5.4190000000e+01 6.7848843149e-09 3.9243499741e-06
5.4195000000e+01 7.7795997108e-09 3.9608975462e-06
5.4200000000e+01 7.8395045737e-09 3.9934937790e-06
5.4205000000e+01 7.0494371651e-09 4.0220564212e-06
5.4210000000e+01 6.0373979147e-09 4.0471681308e-06
5.4215000000e+01 5.5599477017e-09 4.0707614645e-06
5.4220000000e+01 5.4818526803e-09 4.0937556898e-06
5.4225000000e+01 5.2776021263e-09 4.1168524564e-06
5.4230000000e+01 4.7392964514e-09 4.1403838521e-06
5.4235000000e+01 4.2876307633e-09 4.1650677326e-06
5.4240000000e+01 4.4700686294e-09 4.1910573731e-06
5.4245000000e+01 5.5106277102e-09 4.2184432630e-06
5.4250000000e+01 6.7983566894e-09 4.2455992247e-06
5.4255000000e+01 7.6318203007e-09 4.2706654661e-06
5.4260000000e+01 7.7110322883e-09 4.2917014630e-06
5.4265000000e+01 7.4706191946e-09 4.3084339898e-06
5.4270000000e+01 7.3093862999e-09 4.3210168098e-06
5.4275000000e+01 7.2412145698e-09 4.3301808560e-06
5.4280000000e+01 6.9267025363e-09 4.3362755511e-06
5.4285000000e+01 6.1682524114e-09 4.3399667457e-06
5.4290000000e+01 5.1157955700e-09 4.3419255090e-06
5.4295000000e+01 4.4693018961e-09 4.3441580796e-06
5.4300000000e+01 4.5605662352e-09 4.3477935161e-06
5.4305000000e+01 5.2276485192e-09 4.3530825514e-06
5.4310000000e+01 6.0218086751e-09 4.3588023973e-06
5.4315000000e+01 6.6289498048e-09 4.3634660216e-06
5.4320000000e+01 6.9807567593e-09 4.3655188923e-06
5.4325000000e+01 7.3460028881e-09 4.3646634667e-06
5.4330000000e+01 7.7464043966e-09 4.3603764577e-06
5.4335000000e+01 7.9815265400e-09 4.3522469219e-06
5.4340000000e+01 7.6891889161e-09 4.3394290439e-06
5.4345000000e+01 6.8850786301e-09 4.3224648066e-06
5.4350000000e+01 5.8407115029e-09 4.3026109091e-06
5.4355000000e+01 4.9979494925e-09 4.2820535774e-06
5.4360000000e+01 4.6561537296e-09 4.2623564121e-06
5.4365000000e+01 4.8129521280e-09 4.2441713380e-06
5.4370000000e+01 5.0978461717e-09 4.2266699654e-06
5.4375000000e+01 5.4163938789e-09 4.2096140106e-06
5.4380000000e+01 5.7826064187e-09 4.1924754705e-06
5.4385000000e+01 6.3492472169e-09 4.1749580488e-06
5.4390000000e+01 7.0834908297e-09 4.1557756023e-06
5.4395000000e+01 7.7521089811e-09 4.1336276089e-06
5.4400000000e+01 7.8455155641e-09 4.1069729953e-06
5.4405000000e+01 7.2530458334e-09 4.0760463819e-06
5.4410000000e+01 6.2698700601e-09 4.0420686855e-06
5.4415000000e+01 5.4143165128e-09 4.0068793396e-06
5.4420000000e+01 4.9272545366e-09 3.9714720062e-06
5.4425000000e+01 4.7392172778e-09 3.9367660080e-06
5.4430000000e+01 4.5132173551e-09 3.9030578508e-06
5.4435000000e+01 4.2230566942e-09 3.8712242443e-06
5.4440000000e+01 4.1947876615e-09 3.8417204023e-06
5.4445000000e+01 4.8392880982e-09 3.8145333955e-06
5.4450000000e+01 5.9363183121e-09 3.7879576406e-06
5.4455000000e+01 6.9082323137e-09 3.7602972205e-06
5.4460000000e+01 7.2017181773e-09 3.7301196877e-06
5.4465000000e+01 6.7938277217e-09 3.6972555745e-06
5.4470000000e+01 6.1558941401e-09 3.6620305499e-06
5.4475000000e+01 5.8213688551e-09 3.6254648026e-06
5.4480000000e+01 5.6005975466e-09 3.5877617951e-06
5.4485000000e+01 5.0830001096e-09 3.5498038126e-06
5.4490000000e+01 4.1290191837e-09 3.5128057353e-06
5.4495000000e+01 3.2163763648e-09 3.4785469365e-06
5.4500000000e+01 2.9968063120e-09 3.4480234907e-06
5.4505000000e+01 3.7209650294e-09 3.4215386802e-06
5.4510000000e+01 4.8175686132e-09 3.3978221094e-06
5.4515000000e+01 5.5578598305e-09 3.3755524058e-06
5.4520000000e+01 5.6766389897e-09 3.3534120258e-06
5.4525000000e+01 5.6735555004e-09 3.3311289527e-06
5.4530000000e+01 5.9338137606e-09 3.3080428473e-06
5.4535000000e+01 6.3254645467e-09 3.2837953779e-06
5.4540000000e+01 6.2742403345e-09 3.2580865248e-06
5.4545000000e+01 5.3854116676e-09 3.2314555510e-06
5.4550000000e+01 3.9914679562e-09 3.2051373011e-06
5.4555000000e+01 3.0365197613e-09 3.1814160033e-06
5.4560000000e+01 2.9302148829e-09 3.1614790771e-06
5.4565000000e+01 3.4066621891e-09 3.1459541584e-06
5.4570000000e+01 3.8166280469e-09 3.1343486359e-06
5.4575000000e+01 3.9181228520e-09 3.1261801999e-06
5.4580000000e+01 4.0403907380e-09 3.1207025917e-06
5.4585000000e+01 4.6868509413e-09 3.1174646700e-06
5.4590000000e+01 5.7492757551e-09 3.1152995323e-06
5.4595000000e+01 6.5390237402e-09 3.1128750045e-06
5.4600000000e+01 6.4097059186e-09 3.1089074603e-06
5.4605000000e+01 5.5365005851e-09 3.1036697417e-06
5.4610000000e+01 4.5424008187e-09 3.0980433883e-06
5.4615000000e+01 3.9888245770e-09 3.0937782114e-06
5.4620000000e+01 3.8430814867e-09 3.0921027844e-06
5.4625000000e+01 3.6670706218e-09 3.0937759891e-06
5.4630000000e+01 3.1997998767e-09 3.0988889529e-06
5.4635000000e+01 2.8761808546e-09 3.1081215571e-06
5.4640000000e+01 3.1823019589e-09 3.1216020201e-06
5.4645000000e+01 4.1830584500e-09 3.1390328476e-06
5.4650000000e+01 5.3675101560e-09 3.1589265967e-06
5.4655000000e+01 6.1162518986e-09 3.1795177448e-06
5.4660000000e+01 6.1694431580e-09 3.1990313097e-06
5.4665000000e+01 5.8785403945e-09 3.2172008823e-06
5.4670000000e+01 5.6407680508e-09 3.2344564361e-06
5.4675000000e+01 5.4926051030e-09 3.2516072408e-06
5.4680000000e+01 5.1197534025e-09 3.2690030120e-06
5.4685000000e+01 4.4041701011e-09 3.2873955006e-06
5.4690000000e+01 3.5505150430e-09 3.3075621591e-06
5.4695000000e+01 3.0514436081e-09 3.3310110795e-06
5.4700000000e+01 3.2297815140e-09 3.3587237167e-06
5.4705000000e+01 3.9929690481e-09 3.3908115430e-06
5.4710000000e+01 4.8418662068e-09 3.4256923433e-06
5.4715000000e+01 5.4969403508e-09 3.4618020908e-06
5.4720000000e+01 5.9331457210e-09 3.4977330911e-06
5.4725000000e+01 6.2728930414e-09 3.5328808002e-06
5.4730000000e+01 6.5852826440e-09 3.5667950189e-06
5.4735000000e+01 6.7563278131e-09 3.5991798301e-06
5.4740000000e+01 6.4728521459e-09 3.6292989454e-06
5.4745000000e+01 5.7351457855e-09 3.6576464897e-06
5.4750000000e+01 4.8016277908e-09 3.6854869013e-06
5.4755000000e+01 4.1059801893e-09 3.7148023384e-06
5.4760000000e+01 3.9029347654e-09 3.7467764400e-06
5.4765000000e+01 4.1848772897e-09 3.7817419218e-06
5.4770000000e+01 4.6823447712e-09 3.8188872443e-06
5.4775000000e+01 5.1540738920e-09 3.8574175874e-06
5.4780000000e+01 5.6009736837e-09 3.8966276030e-06
5.4785000000e+01 6.2320194994e-09 3.9360839652e-06
5.4790000000e+01 6.9702086406e-09 3.9742823612e-06
5.4795000000e+01 7.5874662771e-09 4.0098568769e-06
5.4800000000e+01 7.6992940596e-09 4.0415882401e-06
5.4805000000e+01 7.1385532902e-09 4.0695714096e-06
5.4810000000e+01 6.1948805884e-09 4.0949071370e-06
5.4815000000e+01 5.4411741391e-09 4.1193847114e-06
5.4820000000e+01 5.0971512663e-09 4.1438285040e-06
5.4825000000e+01 5.0569465037e-09 4.1688499590e-06
5.4830000000e+01 5.0035158027e-09 4.1946020194e-06
5.4835000000e+01 4.9127243815e-09 4.2216263043e-06
5.4840000000e+01 5.0615926418e-09 4.2499393018e-06
5.4845000000e+01 5.7926488601e-09 4.2791357577e-06
5.4850000000e+01 6.9513880279e-09 4.3075612130e-06
5.4855000000e+01 7.9264005077e-09 4.3333295125e-06
5.4860000000e+01 8.1668107966e-09 4.3549627161e-06
5.4865000000e+01 7.7725925457e-09 4.3724332396e-06
5.4870000000e+01 7.1772300051e-09 4.3859809836e-06
5.4875000000e+01 6.8303483532e-09 4.3964484866e-06
5.4880000000e+01 6.6517881679e-09 4.4043053586e-06
5.4885000000e+01 6.2193992501e-09 4.4102741440e-06
5.4890000000e+01 5.3881685737e-09 4.4153154922e-06
5.4895000000e+01 4.6683027870e-09 4.4209913820e-06
5.4900000000e+01 4.6496548602e-09 4.4280315623e-06
5.4905000000e+01 5.4688753140e-09 4.4362988651e-06
5.4910000000e+01 6.5924124315e-09 4.4444875787e-06
5.4915000000e+01 7.3438132567e-09 4.4511670021e-06
5.4920000000e+01 7.4886332257e-09 4.4549384103e-06
5.4925000000e+01 7.4680150213e-09 4.4553895574e-06
5.4930000000e+01 7.6797608654e-09 4.4520724229e-06
5.4935000000e+01 7.9877115174e-09 4.4447160652e-06
5.4940000000e+01 7.8147328648e-09 4.4330672372e-06
5.4945000000e+01 6.9169274549e-09 4.4178956370e-06
5.4950000000e+01 5.6495685971e-09 4.4004648102e-06
5.4955000000e+01 4.7855871265e-09 4.3826745347e-06
5.4960000000e+01 4.7623901072e-09 4.3658089527e-06
5.4965000000e+01 5.2945883794e-09 4.3503112620e-06
5.4970000000e+01 5.7195063182e-09 4.3354430867e-06
5.4975000000e+01 5.8806766529e-09 4.3206957718e-06
5.4980000000e+01 6.0735419033e-09 4.3052772903e-06
5.4985000000e+01 6.6792615538e-09 4.2885826724e-06
5.4990000000e+01 7.5857424699e-09 4.2695920127e-06
5.4995000000e+01 8.1876909813e-09 4.2472295398e-06
5.5000000000e+01 7.9341464523e-09 4.2204755345e-06
5.5005000000e+01 6.9905300510e-09 4.1897033408e-06
5.5010000000e+01 5.9771719543e-09 4.1560951709e-06
5.5015000000e+01 5.4062692261e-09 4.1214668100e-06
5.5020000000e+01 5.1866059708e-09 4.0869884879e-06
5.5025000000e+01 4.9811764726e-09 4.0535227157e-06
5.5030000000e+01 4.6090693640e-09 4.0212550123e-06
5.5035000000e+01 4.3591867987e-09 3.9905522298e-06
5.5040000000e+01 4.6753752062e-09 3.9615867894e-06
5.5045000000e+01 5.6167920317e-09 3.9341075865e-06
5.5050000000e+01 6.6252279639e-09 3.9065583458e-06
5.5055000000e+01 7.2018735531e-09 3.8774579141e-06
5.5060000000e+01 7.1497624847e-09 3.8454152861e-06
5.5065000000e+01 6.7367949702e-09 3.8103178091e-06
5.5070000000e+01 6.3283127116e-09 3.7728674165e-06
5.5075000000e+01 6.0024234098e-09 3.7341780447e-06
5.5080000000e+01 5.5139323420e-09 3.6948602049e-06
5.5085000000e+01 4.7566247415e-09 3.6557436150e-06
5.5090000000e+01 3.9368426532e-09 3.6178211099e-06
5.5095000000e+01 3.4949650933e-09 3.5825965358e-06
5.5100000000e+01 3.6462470747e-09 3.5508780804e-06
5.5105000000e+01 4.3182028258e-09 3.5227733338e-06
5.5110000000e+01 5.1120967136e-09 3.4969243299e-06
5.5115000000e+01 5.6846187511e-09 3.4717509435e-06
5.5120000000e+01 5.9867668789e-09 3.4460804630e-06
5.5125000000e+01 6.1783984969e-09 3.4196496640e-06
5.5130000000e+01 6.2752722273e-09 3.3921458316e-06
5.5135000000e+01 6.2138183940e-09 3.3635506204e-06
5.5140000000e+01 5.8059367657e-09 3.3336872475e-06
5.5145000000e+01 4.9982804115e-09 3.3032060895e-06
5.5150000000e+01 4.0187085951e-09 3.2735264138e-06
5.5155000000e+01 3.3065061977e-09 3.2467414078e-06
5.5160000000e+01 3.0982113257e-09 3.2240010591e-06
5.5165000000e+01 3.3747981746e-09 3.2055734026e-06
5.5170000000e+01 3.8646657680e-09 3.1907325966e-06
5.5175000000e+01 4.3322197519e-09 3.1787733506e-06
5.5180000000e+01 4.7196236310e-09 3.1689462849e-06
5.5185000000e+01 5.2021305903e-09 3.1608176053e-06
5.5190000000e+01 5.8011147198e-09 3.1532673963e-06
5.5195000000e+01 6.2552301584e-09 3.1450707797e-06
5.5200000000e+01 6.1901289652e-09 3.1353450278e-06
5.5205000000e+01 5.5295546915e-09 3.1245882014e-06
5.5210000000e+01 4.5330850083e-09 3.1140021339e-06
5.5215000000e+01 3.7250640395e-09 3.1053221267e-06
5.5220000000e+01 3.4015396022e-09 3.0996470138e-06
5.5225000000e+01 3.4008573922e-09 3.0975039669e-06
5.5230000000e+01 3.3846631174e-09 3.0989808606e-06
5.5235000000e+01 3.3540620877e-09 3.1045543116e-06
5.5240000000e+01 3.5597884682e-09 3.1141177228e-06
5.5245000000e+01 4.2813358852e-09 3.1270774004e-06
5.5250000000e+01 5.3609532028e-09 3.1418901421e-06
5.5255000000e+01 6.2261565014e-09 3.1568550693e-06
5.5260000000e+01 6.3701358899e-09 3.1706719000e-06
5.5265000000e+01 5.8751676027e-09 3.1833270571e-06
5.5270000000e+01 5.2458835870e-09 3.1953694873e-06
5.5275000000e+01 4.8836610001e-09 3.2076580415e-06
5.5280000000e+01 4.6601088584e-09 3.2206820744e-06
5.5285000000e+01 4.2637681264e-09 3.2353427996e-06
5.5290000000e+01 3.5578329946e-09 3.2524624887e-06
5.5295000000e+01 2.9741848124e-09 3.2732392138e-06
5.5300000000e+01 3.1025513318e-09 3.2983028980e-06
5.5305000000e+01 4.0120623710e-09 3.3272839801e-06
5.5310000000e+01 5.1331638715e-09 3.3586861671e-06
5.5315000000e+01 5.8709651059e-09 3.3910543478e-06
5.5320000000e+01 6.0415613437e-09 3.4230273792e-06
5.5325000000e+01 6.0270829886e-09 3.4540438533e-06
5.5330000000e+01 6.1981578148e-09 3.4837427972e-06
5.5335000000e+01 6.4389155592e-09 3.5119839006e-06
5.5340000000e+01 6.2377778652e-09 3.5386076902e-06
5.5345000000e+01 5.3789390124e-09 3.5642820080e-06
5.5350000000e+01 4.2657180133e-09 3.5902815760e-06
5.5355000000e+01 3.6072375342e-09 3.6182466548e-06
5.5360000000e+01 3.7157610373e-09 3.6490946508e-06
5.5365000000e+01 4.3452443037e-09 3.6830766595e-06
5.5370000000e+01 4.9099740124e-09 3.7192897989e-06
5.5375000000e+01 5.1956293404e-09 3.7567736869e-06
5.5380000000e+01 5.5123697706e-09 3.7946462889e-06
5.5385000000e+01 6.1887437974e-09 3.8321544056e-06
5.5390000000e+01 7.0436712921e-09 3.8681120365e-06
5.5395000000e+01 7.5661288553e-09 3.9014946495e-06
5.5400000000e+01 7.3189730417e-09 3.9314391943e-06
5.5405000000e+01 6.4547831258e-09 3.9582053478e-06
5.5410000000e+01 5.5510820735e-09 3.9829124883e-06
5.5415000000e+01 5.0838425983e-09 4.0072525877e-06
5.5420000000e+01 4.9709149020e-09 4.0322055179e-06
5.5425000000e+01 4.8927729499e-09 4.0582946966e-06
5.5430000000e+01 4.7201518739e-09 4.0855239887e-06
5.5435000000e+01 4.7116462962e-09 4.1139404586e-06
5.5440000000e+01 5.1815955005e-09 4.1433032567e-06
5.5445000000e+01 6.1559935612e-09 4.1730811546e-06
5.5450000000e+01 7.1811854911e-09 4.2017284678e-06
5.5455000000e+01 7.7455352173e-09 4.2275226135e-06
5.5460000000e+01 7.7069074209e-09 4.2491673930e-06
5.5465000000e+01 7.3493988606e-09 4.2666409134e-06
5.5470000000e+01 6.9437059767e-09 4.2804952469e-06
5.5475000000e+01 6.6002564468e-09 4.2917956695e-06
5.5480000000e+01 6.1740651483e-09 4.3012150590e-06
5.5485000000e+01 5.5546091257e-09 4.3093700793e-06
5.5490000000e+01 4.9234913898e-09 4.3170776109e-06
5.5495000000e+01 4.6608015886e-09 4.3255495422e-06
5.5500000000e+01 4.9491707501e-09 4.3353168627e-06
5.5505000000e+01 5.6894185511e-09 4.3460904252e-06
5.5510000000e+01 6.5275736302e-09 4.3564189757e-06
5.5515000000e+01 7.1614793718e-09 4.3646943738e-06
5.5520000000e+01 7.4776448056e-09 4.3696359387e-06
5.5525000000e+01 7.6048785976e-09 4.3709331770e-06
5.5530000000e+01 7.6404383413e-09 4.3684646442e-06
5.5535000000e+01 7.5132543985e-09 4.3621563082e-06
5.5540000000e+01 7.0723632835e-09 4.3519738266e-06
5.5545000000e+01 6.3260736076e-09 4.3387345593e-06
5.5550000000e+01 5.4360401024e-09 4.3237373251e-06
5.5555000000e+01 4.7926877081e-09 4.3088181966e-06
5.5560000000e+01 4.6824180907e-09 4.2950797796e-06
5.5565000000e+01 5.0484436028e-09 4.2825334086e-06
5.5570000000e+01 5.6026818955e-09 4.2703346427e-06
5.5575000000e+01 6.1057155470e-09 4.2577045732e-06
5.5580000000e+01 6.4903174670e-09 4.2438642200e-06
5.5585000000e+01 6.9038470760e-09 4.2282579741e-06
5.5590000000e+01 7.3814011355e-09 4.2098996719e-06
5.5595000000e+01 7.7210206019e-09 4.1878454988e-06
5.5600000000e+01 7.5524544505e-09 4.1614214342e-06
5.5605000000e+01 6.7955040363e-09 4.1312556169e-06
5.5610000000e+01 5.7764080333e-09 4.0987879346e-06
5.5615000000e+01 4.9807124599e-09 4.0656905615e-06
5.5620000000e+01 4.6562569573e-09 4.0330329001e-06
5.5625000000e+01 4.6879469708e-09 4.0014536916e-06
5.5630000000e+01 4.7203794663e-09 3.9709963428e-06
5.5635000000e+01 4.7030896361e-09 3.9419205020e-06
5.5640000000e+01 4.9178771151e-09 3.9141593231e-06
5.5645000000e+01 5.5982444038e-09 3.8870867563e-06
5.5650000000e+01 6.5413221009e-09 3.8592288054e-06
5.5655000000e+01 7.2298361227e-09 3.8291848143e-06
5.5660000000e+01 7.2138846684e-09 3.7959817561e-06
5.5665000000e+01 6.5826194942e-09 3.7597652997e-06
5.5670000000e+01 5.8385360677e-09 3.7213512381e-06
5.5675000000e+01 5.3742751601e-09 3.6818457748e-06
5.5680000000e+01 5.0708938587e-09 3.6419862738e-06
5.5685000000e+01 4.6029087637e-09 3.6027092093e-06
5.5690000000e+01 3.9099012764e-09 3.5650215240e-06
5.5695000000e+01 3.3937557693e-09 3.5300393259e-06
5.5700000000e+01 3.5266724788e-09 3.4982409170e-06
5.5705000000e+01 4.3771252684e-09 3.4693669597e-06
5.5710000000e+01 5.3933363216e-09 3.4420643981e-06
5.5715000000e+01 5.9737042660e-09 3.4149116862e-06
5.5720000000e+01 6.0136954741e-09 3.3868655237e-06
5.5725000000e+01 5.8819026952e-09 3.3576111555e-06
5.5730000000e+01 5.8745150834e-09 3.3269955047e-06
5.5735000000e+01 5.9051796334e-09 3.2952438023e-06
5.5740000000e+01 5.5426463378e-09 3.2625885807e-06
5.5745000000e+01 4.6081908850e-09 3.2298664955e-06
5.5750000000e+01 3.5004678634e-09 3.1984835660e-06
5.5755000000e+01 2.8731392327e-09 3.1701347161e-06
5.5760000000e+01 2.9867256241e-09 3.1457593720e-06
5.5765000000e+01 3.5552324045e-09 3.1255120530e-06
5.5770000000e+01 4.0658366481e-09 3.1086113398e-06
5.5775000000e+01 4.3458120467e-09 3.0941716555e-06
5.5780000000e+01 4.6109225830e-09 3.0812761201e-06
5.5785000000e+01 5.1580510993e-09 3.0693581528e-06
5.5790000000e+01 5.8371083322e-09 3.0575485149e-06
5.5795000000e+01 6.1379440649e-09 3.0449696461e-06
5.5800000000e+01 5.7380279022e-09 3.0311688132e-06
5.5805000000e+01 4.8278251972e-09 3.0166956078e-06
5.5810000000e+01 3.9026695012e-09 3.0027697758e-06
5.5815000000e+01 3.3955562577e-09 2.9911450482e-06
5.5820000000e+01 3.2594912358e-09 2.9829187273e-06
5.5825000000e+01 3.1980066660e-09 2.9785508025e-06
5.5830000000e+01 3.0907092181e-09 2.9779840465e-06
5.5835000000e+01 3.1628644364e-09 2.9812193744e-06
5.5840000000e+01 3.6646531467e-09 2.9879538396e-06
5.5845000000e+01 4.5612642443e-09 2.9975283720e-06
5.5850000000e+01 5.4556307484e-09 3.0085387471e-06
5.5855000000e+01 5.9261303811e-09 3.0194732045e-06
5.5860000000e+01 5.8175507383e-09 3.0291782991e-06
5.5865000000e+01 5.3858241233e-09 3.0377964132e-06
5.5870000000e+01 4.9284675066e-09 3.0461275295e-06
5.5875000000e+01 4.5239947100e-09 3.0552022184e-06
5.5880000000e+01 4.0797437168e-09 3.0657635331e-06
5.5885000000e+01 3.5561019961e-09 3.0785220543e-06
5.5890000000e+01 3.0651481344e-09 3.0941261053e-06
5.5895000000e+01 2.9161652164e-09 3.1135461371e-06
5.5900000000e+01 3.2905673628e-09 3.1371768600e-06
5.5905000000e+01 4.0722297873e-09 3.1644860375e-06
5.5910000000e+01 4.9280438219e-09 3.1939195029e-06
5.5915000000e+01 5.5729607283e-09 3.2238856217e-06
5.5920000000e+01 5.8908756771e-09 3.2531656916e-06
5.5925000000e+01 5.9714662515e-09 3.2813852100e-06
5.5930000000e+01 5.9337934370e-09 3.3084917941e-06
5.5935000000e+01 5.7789135662e-09 3.3345427452e-06
5.5940000000e+01 5.3680411940e-09 3.3595409614e-06
5.5945000000e+01 4.6912240761e-09 3.3842555636e-06
5.5950000000e+01 3.9389558120e-09 3.4099699518e-06
5.5955000000e+01 3.4484806290e-09 3.4381936072e-06
5.5960000000e+01 3.4662788592e-09 3.4696872718e-06
5.5965000000e+01 3.9830392032e-09 3.5043183259e-06
5.5970000000e+01 4.6763063193e-09 3.5409919719e-06
5.5975000000e+01 5.2640599392e-09 3.5786479573e-06
5.5980000000e+01 5.7138713704e-09 3.6164307167e-06
5.5985000000e+01 6.1516043130e-09 3.6535891502e-06
5.5990000000e+01 6.6140544141e-09 3.6890762579e-06
5.5995000000e+01 6.9309434425e-09 3.7220113759e-06
5.6000000000e+01 6.7736160841e-09 3.7518354889e-06
5.6005000000e+01 6.0697661182e-09 3.7791035672e-06
5.6010000000e+01 5.1419248334e-09 3.8051203616e-06
5.6015000000e+01 4.4903339222e-09 3.8314183979e-06
5.6020000000e+01 4.3336203839e-09 3.8588277239e-06
5.6025000000e+01 4.5098442676e-09 3.8876669021e-06
5.6030000000e+01 4.7132457157e-09 3.9178253286e-06
5.6035000000e+01 4.8747406039e-09 3.9491853167e-06
5.6040000000e+01 5.2158396349e-09 3.9812916617e-06
5.6045000000e+01 5.9801273567e-09 4.0133659921e-06
5.6050000000e+01 6.9517672683e-09 4.0438399758e-06
5.6055000000e+01 7.6053169049e-09 4.0712103326e-06
5.6060000000e+01 7.5761938206e-09 4.0945994552e-06
5.6065000000e+01 6.9851077051e-09 4.1141376843e-06
5.6070000000e+01 6.2964916741e-09 4.1305290732e-06
5.6075000000e+01 5.8934839127e-09 4.1448334369e-06
5.6080000000e+01 5.6706059026e-09 4.1577566969e-06
5.6085000000e+01 5.3204087656e-09 4.1700366460e-06
5.6090000000e+01 4.7922103706e-09 4.1824209332e-06
5.6095000000e+01 4.4762413282e-09 4.1957417672e-06
5.6100000000e+01 4.7867557539e-09 4.2101749218e-06
5.6105000000e+01 5.7074210888e-09 4.2251191223e-06
5.6110000000e+01 6.7366722724e-09 4.2391798175e-06
5.6115000000e+01 7.3301563277e-09 4.2508573338e-06
5.6120000000e+01 7.3719030308e-09 4.2590020560e-06
5.6125000000e+01 7.2379089059e-09 4.2633406477e-06
5.6130000000e+01 7.2133828669e-09 4.2638250387e-06
5.6135000000e+01 7.1765762041e-09 4.2606489469e-06
5.6140000000e+01 6.7816916674e-09 4.2541799847e-06
5.6145000000e+01 5.9184369964e-09 4.2452821434e-06
5.6150000000e+01 4.9454480893e-09 4.2351989024e-06
5.6155000000e+01 4.4523396144e-09 4.2254170558e-06
5.6160000000e+01 4.6663003639e-09 4.2167506215e-06
5.6165000000e+01 5.2836172263e-09 4.2091101201e-06
5.6170000000e+01 5.8292762932e-09 4.2015845486e-06
5.6175000000e+01 6.1548291654e-09 4.1932097042e-06
5.6180000000e+01 6.4517085887e-09 4.1830498261e-06
5.6185000000e+01 6.9368979905e-09 4.1704769126e-06
5.6190000000e+01 7.4740199600e-09 4.1547762778e-06
5.6195000000e+01 7.6466552611e-09 4.1353121622e-06
5.6200000000e+01 7.1614083200e-09 4.1117590483e-06
5.6205000000e+01 6.2292419665e-09 4.0848316826e-06
5.6210000000e+01 5.3400824667e-09 4.0559179972e-06
5.6215000000e+01 4.8352588810e-09 4.0266504431e-06
5.6220000000e+01 4.6875784730e-09 3.9981289659e-06
5.6225000000e+01 4.6644394370e-09 3.9708180785e-06
5.6230000000e+01 4.6276850087e-09 3.9445545804e-06
5.6235000000e+01 4.7513939662e-09 3.9192312559e-06
5.6240000000e+01 5.2464626241e-09 3.8945624428e-06
5.6245000000e+01 6.0441188259e-09 3.8698628775e-06
5.6250000000e+01 6.7817668799e-09 3.8438542257e-06
5.6255000000e+01 7.1014154198e-09 3.8152767894e-06
5.6260000000e+01 6.8851812732e-09 3.7833101092e-06
5.6265000000e+01 6.3434565134e-09 3.7482774023e-06
5.6270000000e+01 5.7557602660e-09 3.7112105223e-06
5.6275000000e+01 5.2503042582e-09 3.6733736710e-06
5.6280000000e+01 4.7490524598e-09 3.6356161984e-06
5.6285000000e+01 4.2170580395e-09 3.5987274950e-06
5.6290000000e+01 3.7809077600e-09 3.5635030131e-06
5.6295000000e+01 3.6592778068e-09 3.5307791930e-06
5.6300000000e+01 3.9907359492e-09 3.5008832097e-06
5.6305000000e+01 4.7037871454e-09 3.4733702453e-06
5.6310000000e+01 5.4645997910e-09 3.4467768391e-06
5.6315000000e+01 5.9848100530e-09 3.4196809145e-06
5.6320000000e+01 6.1623759237e-09 3.3911753875e-06
5.6325000000e+01 6.0751159391e-09 3.3611165303e-06
5.6330000000e+01 5.8507905803e-09 3.3296996045e-06
5.6335000000e+01 5.5307228640e-09 3.2972876039e-06
5.6340000000e+01 5.0231181889e-09 3.2642502751e-06
5.6345000000e+01 4.2985000755e-09 3.2315096654e-06
5.6350000000e+01 3.5234911855e-09 3.2004584734e-06
5.6355000000e+01 3.0383788018e-09 3.1726504098e-06
5.6360000000e+01 3.0609090159e-09 3.1487954508e-06
5.6365000000e+01 3.5477935412e-09 3.1287236578e-06
5.6370000000e+01 4.2069519295e-09 3.1115038408e-06
5.6375000000e+01 4.7347065766e-09 3.0961290405e-06
5.6380000000e+01 5.0663046605e-09 3.0817971451e-06
5.6385000000e+01 5.3650804047e-09 3.0679816744e-06
5.6390000000e+01 5.6734899672e-09 3.0538927964e-06
5.6395000000e+01 5.8125082790e-09 3.0388932619e-06
5.6400000000e+01 5.5144692047e-09 3.0228313052e-06
5.6405000000e+01 4.7272506292e-09 3.0064884582e-06
5.6410000000e+01 3.7640159162e-09 2.9912664412e-06
5.6415000000e+01 3.1106249479e-09 2.9787450942e-06
5.6420000000e+01 2.9757150154e-09 2.9698328118e-06
5.6425000000e+01 3.1744004184e-09 2.9648084819e-06
5.6430000000e+01 3.3924674231e-09 2.9635221069e-06
5.6435000000e+01 3.5774047222e-09 2.9658208970e-06
5.6440000000e+01 3.9304432001e-09 2.9711991571e-06
5.6445000000e+01 4.6302878100e-09 2.9788165143e-06
5.6450000000e+01 5.4884558909e-09 2.9873299579e-06
5.6455000000e+01 6.0142394814e-09 2.9954413808e-06
5.6460000000e+01 5.8617131471e-09 3.0024316891e-06
5.6465000000e+01 5.2016061367e-09 3.0086406381e-06
5.6470000000e+01 4.5002695485e-09 3.0149425054e-06
5.6475000000e+01 4.0759289399e-09 3.0223846401e-06
5.6480000000e+01 3.8518951496e-09 3.0317936223e-06
5.6485000000e+01 3.5553402690e-09 3.0438970375e-06
5.6490000000e+01 3.1312498835e-09 3.0592813585e-06
5.6495000000e+01 2.9425891034e-09 3.0785821201e-06
5.6500000000e+01 3.3522362829e-09 3.1018226590e-06
5.6505000000e+01 4.3002149762e-09 3.1282501475e-06
5.6510000000e+01 5.2908140550e-09 3.1564076334e-06
5.6515000000e+01 5.8418352789e-09 3.1848385248e-06
5.6520000000e+01 5.8781654955e-09 3.2124700548e-06
5.6525000000e+01 5.7233787037e-09 3.2389955713e-06
5.6530000000e+01 5.6551632403e-09 3.2645000622e-06
5.6535000000e+01 5.5839979634e-09 3.2892907665e-06
5.6540000000e+01 5.1826199706e-09 3.3137102836e-06
5.6545000000e+01 4.4014139982e-09 3.3386129073e-06
5.6550000000e+01 3.6036720995e-09 3.3651421242e-06
5.6555000000e+01 3.2791997620e-09 3.3944613996e-06
5.6560000000e+01 3.6146870987e-09 3.4271460063e-06
5.6565000000e+01 4.3278340902e-09 3.4628978722e-06
5.6570000000e+01 4.9632437444e-09 3.5005739256e-06
5.6575000000e+01 5.3800249403e-09 3.5390082808e-06
5.6580000000e+01 5.7540732656e-09 3.5771887727e-06
5.6585000000e+01 6.2529519210e-09 3.6143739023e-06
5.6590000000e+01 6.7396536103e-09 3.6498191295e-06
5.6595000000e+01 6.8652533209e-09 3.6829421660e-06
5.6600000000e+01 6.4153641545e-09 3.7135004736e-06
5.6605000000e+01 5.5825681536e-09 3.7421076917e-06
5.6610000000e+01 4.8174268802e-09 3.7700448674e-06
5.6615000000e+01 4.4499763747e-09 3.7987813082e-06
5.6620000000e+01 4.4287506212e-09 3.8291054789e-06
5.6625000000e+01 4.5503075709e-09 3.8612080609e-06
5.6630000000e+01 4.7117617679e-09 3.8947233970e-06
5.6635000000e+01 5.0135349668e-09 3.9291836635e-06
5.6640000000e+01 5.6085184730e-09 3.9640251532e-06
5.6645000000e+01 6.4399331855e-09 3.9984101928e-06
5.6650000000e+01 7.1712362965e-09 4.0309481567e-06
5.6655000000e+01 7.4844278100e-09 4.0603339699e-06
5.6660000000e+01 7.3004282010e-09 4.0858312376e-06
5.6665000000e+01 6.8076151617e-09 4.1077343867e-06
5.6670000000e+01 6.2609802367e-09 4.1269779680e-06
5.6675000000e+01 5.8090975844e-09 4.1447251579e-06
5.6680000000e+01 5.4217689681e-09 4.1617293192e-06
5.6685000000e+01 5.0570130280e-09 4.1785499132e-06
5.6690000000e+01 4.8036288823e-09 4.1957292928e-06
5.6695000000e+01 4.8551798482e-09 4.2138306060e-06
5.6700000000e+01 5.3092306739e-09 4.2328425193e-06
5.6705000000e+01 6.0776603871e-09 4.2520245218e-06
5.6710000000e+01 6.8850252762e-09 4.2698844780e-06
5.6715000000e+01 7.4317147663e-09 4.2849105678e-06
5.6720000000e+01 7.5944134852e-09 4.2961570386e-06
5.6725000000e+01 7.4813104849e-09 4.3035375044e-06
5.6730000000e+01 7.2294290157e-09 4.3072540340e-06
5.6735000000e+01 6.8938870217e-09 4.3076636595e-06
5.6740000000e+01 6.4240022227e-09 4.3052273289e-06
5.6745000000e+01 5.7885253317e-09 4.3008245867e-06
5.6750000000e+01 5.1277629665e-09 4.2956806123e-06
5.6755000000e+01 4.7575920599e-09 4.2911070702e-06
5.6760000000e+01 4.8925658045e-09 4.2876279845e-06
5.6765000000e+01 5.4657957052e-09 4.2848578029e-06
5.6770000000e+01 6.1648588540e-09 4.2817366408e-06
5.6775000000e+01 6.7050691210e-09 4.2772286786e-06
5.6780000000e+01 7.0188592932e-09 4.2704855715e-06
5.6785000000e+01 7.2455312940e-09 4.2609351456e-06
5.6790000000e+01 7.4664138591e-09 4.2479772572e-06
5.6795000000e+01 7.5201137701e-09 4.2311491475e-06
5.6800000000e+01 7.1411763291e-09 4.2104337563e-06
5.6805000000e+01 6.3277644965e-09 4.1867710875e-06
5.6810000000e+01 5.3969194255e-09 4.1615904938e-06
5.6815000000e+01 4.7879253632e-09 4.1363595262e-06
5.6820000000e+01 4.7000850303e-09 4.1119724428e-06
5.6825000000e+01 4.9401577456e-09 4.0886561907e-06
5.6830000000e+01 5.1880037022e-09 4.0661692763e-06
5.6835000000e+01 5.3866516516e-09 4.0442566134e-06
5.6840000000e+01 5.7280949873e-09 4.0224067348e-06
5.6845000000e+01 6.3594533015e-09 3.9998060946e-06
5.6850000000e+01 7.0725506562e-09 3.9752471106e-06
5.6855000000e+01 7.4318573562e-09 3.9477244091e-06
5.6860000000e+01 7.1458128476e-09 3.9167874607e-06
5.6865000000e+01 6.3827223913e-09 3.8829360508e-06
5.6870000000e+01 5.6119502634e-09 3.8472753006e-06
5.6875000000e+01 5.1375219152e-09 3.8110218141e-06
5.6880000000e+01 4.8566811037e-09 3.7750772225e-06
5.6885000000e+01 4.5360243719e-09 3.7402550246e-06
5.6890000000e+01 4.1487895275e-09 3.7071849899e-06
5.6895000000e+01 3.9959143445e-09 3.6763778324e-06
5.6900000000e+01 4.3917927891e-09 3.6478512906e-06
5.6905000000e+01 5.2565675869e-09 3.6209304353e-06
5.6910000000e+01 6.1027899325e-09 3.5942794476e-06
5.6915000000e+01 6.4957120120e-09 3.5666406413e-06
5.6920000000e+01 6.3970920538e-09 3.5372317558e-06
5.6925000000e+01 6.1113776226e-09 3.5059955944e-06
5.6930000000e+01 5.8819543998e-09 3.4732777998e-06
5.6935000000e+01 5.6413199225e-09 3.4396880290e-06
5.6940000000e+01 5.1296509919e-09 3.4058612895e-06
5.6945000000e+01 4.3087015541e-09 3.3727626841e-06
5.6950000000e+01 3.5278537959e-09 3.3416331068e-06
5.6955000000e+01 3.2352165002e-09 3.3136760976e-06
5.6960000000e+01 3.5447704041e-09 3.2894012501e-06
5.6965000000e+01 4.1837434933e-09 3.2685335872e-06
5.6970000000e+01 4.7551424726e-09 3.2500641580e-06
5.6975000000e+01 5.1046075612e-09 3.2328853707e-06
5.6980000000e+01 5.3771132047e-09 3.2161402932e-06
5.6985000000e+01 5.7267982531e-09 3.1993349268e-06
5.6990000000e+01 6.0169304267e-09 3.1819715341e-06
5.6995000000e+01 5.9520741627e-09 3.1637532121e-06
5.7000000000e+01 5.3855063551e-09 3.1447792404e-06
5.7005000000e+01 4.5107361173e-09 3.1258766756e-06
5.7010000000e+01 3.7305850776e-09 3.1084349768e-06
5.7015000000e+01 3.3390041262e-09 3.0939578342e-06
5.7020000000e+01 3.3083814661e-09 3.0832852518e-06
5.7025000000e+01 3.4407938377e-09 3.0765468960e-06
5.7030000000e+01 3.6282849412e-09 3.0733616503e-06
5.7035000000e+01 3.9555867289e-09 3.0732880886e-06
5.7040000000e+01 4.5107118949e-09 3.0757199463e-06
5.7045000000e+01 5.2206954866e-09 3.0798541797e-06
5.7050000000e+01 5.8183059764e-09 3.0845318428e-06
5.7055000000e+01 6.0127282602e-09 3.0886303771e-06
5.7060000000e+01 5.7350410114e-09 3.0916459894e-06
5.7065000000e+01 5.1786941247e-09 3.0940932404e-06
5.7070000000e+01 4.5830404530e-09 3.0970219138e-06
5.7075000000e+01 4.0989784792e-09 3.1016164386e-06
5.7080000000e+01 3.7336451631e-09 3.1086891421e-06
5.7085000000e+01 3.4510621289e-09 3.1187760075e-06
5.7090000000e+01 3.2993483845e-09 3.1322907434e-06
5.7095000000e+01 3.4275348394e-09 3.1496250086e-06
5.7100000000e+01 3.9239928946e-09 3.1706401404e-06
5.7105000000e+01 4.6946994228e-09 3.1944639170e-06
5.7110000000e+01 5.4705628168e-09 3.2195923507e-06
5.7115000000e+01 5.9826469852e-09 3.2446279153e-06
5.7120000000e+01 6.1028659614e-09 3.2686996109e-06
5.7125000000e+01 5.9234524898e-09 3.2917441989e-06
5.7130000000e+01 5.6277944710e-09 3.3140991003e-06
5.7135000000e+01 5.2871918735e-09 3.3361710833e-06
5.7140000000e+01 4.8509965394e-09 3.3584304139e-06
5.7145000000e+01 4.3053954345e-09 3.3817429618e-06
5.7150000000e+01 3.7765314759e-09 3.4071813495e-06
5.7155000000e+01 3.5402182238e-09 3.4357562131e-06
5.7160000000e+01 3.8014960919e-09 3.4677612607e-06
5.7165000000e+01 4.4822115163e-09 3.5026094037e-06
5.7170000000e+01 5.2560231457e-09 3.5390646761e-06
5.7175000000e+01 5.8355081028e-09 3.5759498584e-06
5.7180000000e+01 6.1712482285e-09 3.6123525050e-06
5.7185000000e+01 6.4000480616e-09 3.6476165458e-06
5.7190000000e+01 6.5984838288e-09 3.6811334112e-06
5.7195000000e+01 6.6376617513e-09 3.7125255066e-06
5.7200000000e+01 6.2866219008e-09 3.7418235970e-06
5.7205000000e+01 5.5419814126e-09 3.7698518722e-06
5.7210000000e+01 4.7384918485e-09 3.7979206785e-06
5.7215000000e+01 4.2955349252e-09 3.8272759918e-06
5.7220000000e+01 4.3592914048e-09 3.8585095201e-06
5.7225000000e+01 4.7401913323e-09 3.8916178816e-06
5.7230000000e+01 5.1337777601e-09 3.9261202328e-06
5.7235000000e+01 5.4597521366e-09 3.9614243676e-06
5.7240000000e+01 5.9001944225e-09 3.9968017188e-06
5.7245000000e+01 6.5802137535e-09 4.0312902006e-06
5.7250000000e+01 7.2867668461e-09 4.0636191480e-06
5.7255000000e+01 7.6164804005e-09 4.0927735726e-06
5.7260000000e+01 7.3366403660e-09 4.1183451672e-06
5.7265000000e+01 6.6360845207e-09 4.1407893285e-06
5.7270000000e+01 5.9515623493e-09 4.1610902669e-06
5.7275000000e+01 5.5709731194e-09 4.1803589318e-06
5.7280000000e+01 5.4045212605e-09 4.1993621236e-06
5.7285000000e+01 5.2185491096e-09 4.2186382179e-06
5.7290000000e+01 5.0036281015e-09 4.2385635708e-06
5.7295000000e+01 5.0395994859e-09 4.2593577082e-06
5.7300000000e+01 5.5631147419e-09 4.2807053544e-06
5.7305000000e+01 6.4727265029e-09 4.3017326961e-06
5.7310000000e+01 7.3236881235e-09 4.3210420330e-06
5.7315000000e+01 7.7086620291e-09 4.3372869691e-06
5.7320000000e+01 7.6153449803e-09 4.3496870656e-06
5.7325000000e+01 7.3423469229e-09 4.3582126214e-06
5.7330000000e+01 7.1066260743e-09 4.3632151007e-06
5.7335000000e+01 6.8513733631e-09 4.3652948109e-06
5.7340000000e+01 6.3716816358e-09 4.3650960895e-06
5.7345000000e+01 5.6614435230e-09 4.3634931789e-06
5.7350000000e+01 5.0334090262e-09 4.3615214104e-06
5.7355000000e+01 4.8771621022e-09 4.3601509267e-06
5.7360000000e+01 5.2826861683e-09 4.3596987335e-06
5.7365000000e+01 5.9643733157e-09 4.3596511991e-06
5.7370000000e+01 6.5592274031e-09 4.3588960127e-06
5.7375000000e+01 6.9384442345e-09 4.3562942791e-06
5.7380000000e+01 7.2042171213e-09 4.3509471881e-06
5.7385000000e+01 7.4799008808e-09 4.3423868285e-06
5.7390000000e+01 7.6669191876e-09 4.3302731145e-06
5.7395000000e+01 7.5110539456e-09 4.3144252141e-06
5.7400000000e+01 6.9063814705e-09 4.2950688456e-06
5.7405000000e+01 6.0604204862e-09 4.2731374712e-06
5.7410000000e+01 5.3325067769e-09 4.2500014746e-06
5.7415000000e+01 4.9763091049e-09 4.2270521684e-06
5.7420000000e+01 4.9766812844e-09 4.2050574150e-06
5.7425000000e+01 5.1568365867e-09 4.1840586177e-06
5.7430000000e+01 5.3966644853e-09 4.1635803827e-06
5.7435000000e+01 5.7412825626e-09 4.1431148857e-06
5.7440000000e+01 6.2556721945e-09 4.1220712301e-06
5.7445000000e+01 6.8559976452e-09 4.0996754853e-06
5.7450000000e+01 7.3036450829e-09 4.0749173980e-06
5.7455000000e+01 7.3707834388e-09 4.0469562235e-06
5.7460000000e+01 6.9943674136e-09 4.0155261664e-06
5.7465000000e+01 6.3439490118e-09 3.9813129099e-06
5.7470000000e+01 5.6742378032e-09 3.9455673604e-06
5.7475000000e+01 5.1389660224e-09 3.9095532032e-06
5.7480000000e+01 4.7521383635e-09 3.8741375847e-06
5.7485000000e+01 4.4903950233e-09 3.8399249665e-06
5.7490000000e+01 4.3727971290e-09 3.8073277855e-06
5.7495000000e+01 4.4987967849e-09 3.7766524212e-06
5.7500000000e+01 4.9444894068e-09 3.7477575497e-06
5.7505000000e+01 5.6237823750e-09 3.7198387683e-06
5.7510000000e+01 6.2765615202e-09 3.6915480239e-06
5.7515000000e+01 6.6410102069e-09 3.6617201312e-06
5.7520000000e+01 6.6062344950e-09 3.6297818463e-06
5.7525000000e+01 6.2708555863e-09 3.5959147707e-06
5.7530000000e+01 5.8199922446e-09 3.5606846611e-06
5.7535000000e+01 5.3616805608e-09 3.5247921030e-06
5.7540000000e+01 4.8572665738e-09 3.4889399223e-06
5.7545000000e+01 4.2722613577e-09 3.4540953439e-06
5.7550000000e+01 3.7380036633e-09 3.4214267668e-06
5.7555000000e+01 3.5082360355e-09 3.3919209951e-06
5.7560000000e+01 3.7482940990e-09 3.3658257290e-06
5.7565000000e+01 4.3775855020e-09 3.3426235172e-06
5.7570000000e+01 5.0702226038e-09 3.3212044651e-06
5.7575000000e+01 5.5334699261e-09 3.3005073783e-06
5.7580000000e+01 5.7297990958e-09 3.2798069941e-06
5.7585000000e+01 5.8064175175e-09 3.2586844439e-06
5.7590000000e+01 5.8416618079e-09 3.2368055218e-06
5.7595000000e+01 5.7176112782e-09 3.2140881333e-06
5.7600000000e+01 5.2435782696e-09 3.1908851608e-06
5.7605000000e+01 4.4373791793e-09 3.1682045502e-06
5.7610000000e+01 3.6167333965e-09 3.1474233633e-06
5.7615000000e+01 3.1820446208e-09 3.1298330198e-06
5.7620000000e+01 3.2579022822e-09 3.1160530921e-06
5.7625000000e+01 3.6256976328e-09 3.1060383643e-06
5.7630000000e+01 3.9992685877e-09 3.0993368332e-06
5.7635000000e+01 4.3078877255e-09 3.0953698876e-06
5.7640000000e+01 4.6956122599e-09 3.0934082182e-06
5.7645000000e+01 5.2708170257e-09 3.0926093248e-06
5.7650000000e+01 5.8364829680e-09 3.0919395091e-06
5.7655000000e+01 6.0143361642e-09 3.0905962280e-06
5.7660000000e+01 5.6210084031e-09 3.0884129295e-06
5.7665000000e+01 4.8683557120e-09 3.0860345517e-06
5.7670000000e+01 4.1702511984e-09 3.0845518036e-06
5.7675000000e+01 3.7821893416e-09 3.0851104734e-06
5.7680000000e+01 3.6241852255e-09 3.0885197264e-06
5.7685000000e+01 3.4861745949e-09 3.0952719497e-06
5.7690000000e+01 3.3512315886e-09 3.1056123558e-06
5.7695000000e+01 3.4671911181e-09 3.1196257903e-06
5.7700000000e+01 4.0326746146e-09 3.1369106106e-06
5.7705000000e+01 4.9087680276e-09 3.1565081256e-06
5.7710000000e+01 5.6812917227e-09 3.1770701472e-06
5.7715000000e+01 6.0037919149e-09 3.1973707973e-06
5.7720000000e+01 5.8695042747e-09 3.2167091247e-06
5.7725000000e+01 5.5591847841e-09 3.2351414856e-06
5.7730000000e+01 5.2909245549e-09 3.2531500262e-06
5.7735000000e+01 5.0112104124e-09 3.2713616373e-06
5.7740000000e+01 4.5550164693e-09 3.2904263951e-06
5.7745000000e+01 3.9480588664e-09 3.3111655725e-06
5.7750000000e+01 3.4711334871e-09 3.3344410900e-06
5.7755000000e+01 3.4520554706e-09 3.3609752523e-06
5.7760000000e+01 3.9485724792e-09 3.3908654180e-06
5.7765000000e+01 4.6901580226e-09 3.4234177112e-06
5.7770000000e+01 5.3337362435e-09 3.4573655462e-06
5.7775000000e+01 5.7548981851e-09 3.4914750318e-06
5.7780000000e+01 6.0483289300e-09 3.5248319370e-06
5.7785000000e+01 6.3054719887e-09 3.5569159338e-06
5.7885000000e+01 6.4430920794e-09 3.5874042947e-06
5.7890000000e+01 6.2746118152e-09 3.6161893273e-06
5.7895000000e+01 5.7235386342e-09 3.6434890471e-06
5.7900000000e+01 4.9841474525e-09 3.6701427376e-06
5.7905000000e+01 4.3967443975e-09 3.6973935092e-06
5.7910000000e+01 4.1783878074e-09 3.7263685865e-06
5.7915000000e+01 4.3082281754e-09 3.7575516418e-06
5.7920000000e+01 4.6331176777e-09 3.7907411022e-06
5.7925000000e+01 5.0256646803e-09 3.8252179434e-06
5.7930000000e+01 5.4900382037e-09 3.8602128524e-06
5.7935000000e+01 6.0649674998e-09 3.8949464964e-06
5.7940000000e+01 6.6751115346e-09 3.9285241411e-06
5.7945000000e+01 7.1122858587e-09 3.9598782153e-06
5.7950000000e+01 7.1803322653e-09 3.9881689568e-06
5.7955000000e+01 6.8432972464e-09 4.0131777394e-06
5.7960000000e+01 6.2571775695e-09 4.0355245864e-06
5.7965000000e+01 5.6599551395e-09 4.0563228754e-06
5.7970000000e+01 5.2292525133e-09 4.0767013370e-06
5.7975000000e+01 4.9864867803e-09 4.0973227674e-06
5.7980000000e+01 4.8892716585e-09 4.1185285021e-06
5.7985000000e+01 4.9443995354e-09 4.1404886827e-06
5.7990000000e+01 5.2171293237e-09 4.1631993413e-06
5.7995000000e+01 5.7552563398e-09 4.1862193929e-06
5.8000000000e+01 6.4837575848e-09 4.2085681040e-06
5.8005000000e+01 7.1609374807e-09 4.2288323905e-06
5.8010000000e+01 7.5269228525e-09 4.2458013657e-06
5.8015000000e+01 7.4840582467e-09 4.2589151510e-06
5.8020000000e+01 7.1464331130e-09 4.2683574774e-06
5.8025000000e+01 6.7093183744e-09 4.2746679310e-06
5.8030000000e+01 6.2879896137e-09 4.2785088366e-06
5.8035000000e+01 5.8615771433e-09 4.2805588950e-06
5.8040000000e+01 5.3933027694e-09 4.2816538580e-06
5.8045000000e+01 4.9893508625e-09 4.2827275248e-06
5.8050000000e+01 4.8901288383e-09 4.2845226115e-06
5.8055000000e+01 5.2426039192e-09 4.2870622942e-06
5.8060000000e+01 5.9326876666e-09 4.2896158155e-06
5.8065000000e+01 6.6460561022e-09 4.2910069048e-06
5.8070000000e+01 7.1051382097e-09 4.2901361852e-06
5.8075000000e+01 7.2684735512e-09 4.2862401597e-06
5.8080000000e+01 7.2934893694e-09 4.2789494803e-06
5.8085000000e+01 7.2702570001e-09 4.2680512444e-06
5.8090000000e+01 7.0884092585e-09 4.2535692665e-06
5.8095000000e+01 6.5857638654e-09 4.2359626491e-06
5.8100000000e+01 5.8054083725e-09 4.2162753526e-06
5.8105000000e+01 5.0550983471e-09 4.1958148847e-06
5.8110000000e+01 4.6974337173e-09 4.1757400611e-06
5.8115000000e+01 4.8337612231e-09 4.1565766398e-06
5.8120000000e+01 5.2415219714e-09 4.1381858158e-06
5.8125000000e+01 5.6318631103e-09 4.1200108531e-06
5.8130000000e+01 5.9389965558e-09 4.1014206500e-06
5.8135000000e+01 6.2993896383e-09 4.0817064045e-06
5.8140000000e+01 6.7853592699e-09 4.0600690068e-06
5.8145000000e+01 7.2127289950e-09 4.0356655926e-06
5.8150000000e+01 7.2547849659e-09 4.0079434679e-06
5.8155000000e+01 6.7577822242e-09 3.9769259344e-06
5.8160000000e+01 5.9477579600e-09 3.9434256837e-06
5.8165000000e+01 5.2269511258e-09 3.9086740983e-06
5.8170000000e+01 4.8176402688e-09 3.8738690917e-06
5.8175000000e+01 4.6397524106e-09 3.8398599301e-06
5.8180000000e+01 4.5071592007e-09 3.8071549407e-06
5.8185000000e+01 4.4033869101e-09 3.7759694268e-06
5.8190000000e+01 4.5345748665e-09 3.7463238927e-06
5.8195000000e+01 5.0573316731e-09 3.7178343298e-06
5.8200000000e+01 5.8247491293e-09 3.6896422562e-06
5.8205000000e+01 6.4424851350e-09 3.6605575816e-06
5.8210000000e+01 6.6092494682e-09 3.6295976779e-06
5.8215000000e+01 6.3481378685e-09 3.5963527189e-06
5.8220000000e+01 5.9146897172e-09 3.5611083902e-06
5.8225000000e+01 5.5119008670e-09 3.5245933459e-06
5.8230000000e+01 5.1162815919e-09 3.4876836748e-06
5.8235000000e+01 4.5905201402e-09 3.4511937598e-06
5.8240000000e+01 3.9702086114e-09 3.4160361299e-06
5.8245000000e+01 3.5199818380e-09 3.3831396503e-06
5.8250000000e+01 3.5083005797e-09 3.3531998639e-06
5.8255000000e+01 3.9574300841e-09 3.3263034804e-06
5.8260000000e+01 4.6144438542e-09 3.3018274768e-06
5.8265000000e+01 5.1632390828e-09 3.2786336323e-06
5.8270000000e+01 5.4800080752e-09 3.2556446734e-06
5.8275000000e+01 5.6426354259e-09 3.2321699217e-06
5.8280000000e+01 5.7365080820e-09 3.2079504822e-06
5.8285000000e+01 5.6936391657e-09 3.1829299745e-06
5.8290000000e+01 5.3701750436e-09 3.1572833006e-06
5.8295000000e+01 4.7344964700e-09 3.1315167213e-06
5.8300000000e+01 3.9673091579e-09 3.1066279213e-06
5.8305000000e+01 3.3675974917e-09 3.0839300180e-06
5.8310000000e+01 3.1396602125e-09 3.0645893885e-06
5.8315000000e+01 3.2591127066e-09 3.0490805739e-06
5.8320000000e+01 3.5721579040e-09 3.0371826977e-06
5.8325000000e+01 3.9562926902e-09 3.0282355813e-06
5.8330000000e+01 4.3857349827e-09 3.0215097681e-06
5.8335000000e+01 4.8677546316e-09 3.0162865430e-06
5.8340000000e+01 5.3416853603e-09 3.0118279713e-06
5.8345000000e+01 5.6351803272e-09 3.0072941701e-06
5.8350000000e+01 5.5795448723e-09 3.0020857590e-06
5.8355000000e+01 5.1531835923e-09 2.9962354998e-06
5.8360000000e+01 4.5112352292e-09 2.9905448205e-06
5.8365000000e+01 3.8848981215e-09 2.9862167646e-06
5.8370000000e+01 3.4489157812e-09 2.9843935200e-06
5.8375000000e+01 3.2407344428e-09 2.9857642926e-06
5.8380000000e+01 3.2084016221e-09 2.9906230112e-06
5.8385000000e+01 3.3226961488e-09 2.9990336259e-06
5.8390000000e+01 3.6327914024e-09 3.0109034783e-06
5.8395000000e+01 4.1732347201e-09 3.0257113221e-06
5.8400000000e+01 4.8596952240e-09 3.0424383645e-06
5.8405000000e+01 5.4738178263e-09 3.0597791455e-06
5.8410000000e+01 5.7728551215e-09 3.0766596430e-06
5.8415000000e+01 5.6620321776e-09 3.0926313260e-06
5.8420000000e+01 5.2720583258e-09 3.1079859920e-06
5.8425000000e+01 4.8138547594e-09 3.1233528041e-06
5.8430000000e+01 4.4055293698e-09 3.1394245330e-06
5.8435000000e+01 4.0304373762e-09 3.1568805476e-06
5.8440000000e+01 3.6547196005e-09 3.1764870451e-06
5.8445000000e+01 3.3706027025e-09 3.1990019411e-06
5.8450000000e+01 3.3886095141e-09 3.2249231491e-06
5.8455000000e+01 3.8374529527e-09 3.2540840530e-06
5.8460000000e+01 4.5915779123e-09 3.2856067902e-06
5.8465000000e+01 5.3281378489e-09 3.3182052461e-06
5.8470000000e+01 5.7894002920e-09 3.3507404047e-06
5.8475000000e+01 5.9527576617e-09 3.3824385570e-06
5.8480000000e+01 5.9656709494e-09 3.4128987389e-06
5.8485000000e+01 5.9285472999e-09 3.4419614226e-06
5.8490000000e+01 5.7535595971e-09 3.4697046908e-06
5.8495000000e+01 5.2951193545e-09 3.4965642118e-06
5.8500000000e+01 4.6137669973e-09 3.5234815779e-06
5.8505000000e+01 4.0134040330e-09 3.5515913747e-06
5.8510000000e+01 3.8177226202e-09 3.5817880417e-06
5.8515000000e+01 4.0963278094e-09 3.6143340061e-06
5.8520000000e+01 4.6260510222e-09 3.6488589021e-06
5.8525000000e+01 5.1274043832e-09 3.6845741849e-06
5.8530000000e+01 5.5293045545e-09 3.7206166998e-06
5.8535000000e+01 5.9552371661e-09 3.7561254109e-06
5.8540000000e+01 6.4656954960e-09 3.7902163231e-06
5.8545000000e+01 6.8788370925e-09 3.8220114968e-06
5.8550000000e+01 6.9086076438e-09 3.8509717214e-06
5.8555000000e+01 6.4515693402e-09 3.8771344910e-06
5.8560000000e+01 5.7311325276e-09 3.9012138795e-06
5.8565000000e+01 5.1257200094e-09 3.9243058646e-06
5.8570000000e+01 4.8443721889e-09 3.9474471083e-06
5.8575000000e+01 4.7983644494e-09 3.9712496403e-06
5.8580000000e+01 4.8141438831e-09 3.9959559847e-06
5.8585000000e+01 4.8819919279e-09 4.0215195661e-06
5.8590000000e+01 5.1685439832e-09 4.0476596496e-06
5.8595000000e+01 5.7864292006e-09 4.0737441765e-06
5.8600000000e+01 6.5834261651e-09 4.0987663574e-06
5.8605000000e+01 7.1980312304e-09 4.1214708493e-06
5.8610000000e+01 7.3649321256e-09 4.1408408843e-06
5.8615000000e+01 7.1243382436e-09 4.1564720935e-06
5.8620000000e+01 6.7251425550e-09 4.1686497846e-06
5.8625000000e+01 6.3528166696e-09 4.1780561917e-06
5.8630000000e+01 5.9965150108e-09 4.1854994572e-06
5.8635000000e+01 5.5605205091e-09 4.1917167037e-06
5.8640000000e+01 5.0828147250e-09 4.1974357645e-06
5.8645000000e+01 4.7916323525e-09 4.2033471807e-06
5.8650000000e+01 4.9180217974e-09 4.2099113018e-06
5.8655000000e+01 5.4526584888e-09 4.2169712855e-06
5.8660000000e+01 6.1468015185e-09 4.2237166132e-06
5.8665000000e+01 6.7187900203e-09 4.2289421630e-06
5.8670000000e+01 7.0478711669e-09 4.2315315816e-06
5.8675000000e+01 7.1923869699e-09 4.2307949828e-06
5.8680000000e+01 7.2339194944e-09 4.2265265184e-06
5.8685000000e+01 7.1290776861e-09 4.2187563873e-06
5.8690000000e+01 6.7709121334e-09 4.2077329233e-06
5.8695000000e+01 6.1533888628e-09 4.1940212793e-06
5.8700000000e+01 5.4539263856e-09 4.1786208334e-06
5.8705000000e+01 4.9358710442e-09 4.1627431186e-06
5.8710000000e+01 4.7733754246e-09 4.1473965087e-06
5.8715000000e+01 4.9506944474e-09 4.1329375584e-06
5.8720000000e+01 5.3165647479e-09 4.1190228153e-06
5.8725000000e+01 5.7327350379e-09 4.1049057813e-06
5.8730000000e+01 6.1591899320e-09 4.0898390417e-06
5.8735000000e+01 6.5865797966e-09 4.0731188968e-06
5.8740000000e+01 6.9549995977e-09 4.0540709010e-06
5.8745000000e+01 7.1315553193e-09 4.0320386966e-06
5.8750000000e+01 6.9797138265e-09 4.0066391876e-06
5.8755000000e+01 6.4820617468e-09 3.9780873532e-06
5.8760000000e+01 5.7936192157e-09 3.9473287445e-06
5.8765000000e+01 5.1441074860e-09 3.9156486728e-06
5.8770000000e+01 4.7048779390e-09 3.8842010835e-06
5.8775000000e+01 4.5129504265e-09 3.8536809117e-06
5.8780000000e+01 4.5105665311e-09 3.8243817413e-06
5.8785000000e+01 4.6458958514e-09 3.7963336159e-06
5.8790000000e+01 4.9379902322e-09 3.7693909123e-06
5.8795000000e+01 5.4170103298e-09 3.7430629633e-06
5.8800000000e+01 6.0033364167e-09 3.7164333412e-06
5.8805000000e+01 6.4828657267e-09 3.6883777656e-06
5.8810000000e+01 6.6357008437e-09 3.6580893876e-06
5.8815000000e+01 6.3869238545e-09 3.6253908084e-06
5.8820000000e+01 5.8690426186e-09 3.5907840369e-06
5.8825000000e+01 5.3066067557e-09 3.5551236462e-06
5.8830000000e+01 4.8277891031e-09 3.5193052050e-06
5.8835000000e+01 4.4103960364e-09 3.4841438051e-06
5.8840000000e+01 4.0194005565e-09 3.4504892721e-06
5.8845000000e+01 3.7399100945e-09 3.4191275025e-06
5.8850000000e+01 3.7554229540e-09 3.3905246356e-06
5.8855000000e+01 4.1682375459e-09 3.3645231534e-06
5.8860000000e+01 4.8441451646e-09 3.3403390824e-06
5.8865000000e+01 5.4668646973e-09 3.3168422865e-06
5.8870000000e+01 5.7899423207e-09 3.2930762996e-06
5.8875000000e+01 5.8070298019e-09 3.2685022876e-06
5.8880000000e+01 5.6750711749e-09 3.2429844904e-06
5.8885000000e+01 5.4889328490e-09 3.2166268757e-06
5.8890000000e+01 5.1791953740e-09 3.1897950188e-06
5.8895000000e+01 4.6329026898e-09 3.1631762415e-06
5.8900000000e+01 3.9141160632e-09 3.1378303120e-06
5.8905000000e+01 3.3149737199e-09 3.1149545664e-06
5.8910000000e+01 3.1324613074e-09 3.0954680326e-06
5.8915000000e+01 3.4014688826e-09 3.0796275011e-06
5.8920000000e+01 3.8938517452e-09 3.0670832426e-06
5.8925000000e+01 4.3468582043e-09 3.0571093678e-06
5.8930000000e+01 4.6886531840e-09 3.0489062828e-06
5.8935000000e+01 5.0248788998e-09 3.0417236758e-06
5.8940000000e+01 5.4064470517e-09 3.0348690166e-06
5.8945000000e+01 5.6675559135e-09 3.0277158253e-06
5.8950000000e+01 5.5562846233e-09 3.0199696830e-06
5.8955000000e+01 5.0073892972e-09 3.0119021423e-06
5.8960000000e+01 4.2549948088e-09 3.0043946339e-06
5.8965000000e+01 3.6471669926e-09 2.9986151875e-06
5.8970000000e+01 3.3680508539e-09 2.9956258231e-06
5.8975000000e+01 3.3383683804e-09 2.9960510167e-06
5.8980000000e+01 3.3899843947e-09 3.0000689800e-06
5.8985000000e+01 3.5060712612e-09 3.0075555082e-06
5.8990000000e+01 3.8297213287e-09 3.0181737658e-06
5.8995000000e+01 4.4331439016e-09 3.0312507318e-06
5.9000000000e+01 5.1557633454e-09 3.0458073586e-06
5.9005000000e+01 5.6750598435e-09 3.0607154639e-06
5.9010000000e+01 5.7637254207e-09 3.0751034932e-06
5.9015000000e+01 5.4722600388e-09 3.0887039115e-06
5.9020000000e+01 5.0403364942e-09 3.1019228926e-06
5.9025000000e+01 4.6474274890e-09 3.1155291043e-06
5.9030000000e+01 4.2922409865e-09 3.1303460566e-06
5.9035000000e+01 3.9046095195e-09 3.1470885864e-06
5.9040000000e+01 3.5322069912e-09 3.1663997552e-06
5.9045000000e+01 3.3681719879e-09 3.1888003888e-06
5.9050000000e+01 3.5944226426e-09 3.2145445252e-06
5.9055000000e+01 4.1877014547e-09 3.2433167664e-06
5.9060000000e+01 4.9078377845e-09 3.2741760810e-06
5.9065000000e+01 5.4895849345e-09 3.3058477354e-06
5.9070000000e+01 5.8266915577e-09 3.3372208202e-06
5.9075000000e+01 5.9655240623e-09 3.3676191093e-06
5.9080000000e+01 5.9769864684e-09 3.3968445745e-06
5.9085000000e+01 5.8468277986e-09 3.4249793831e-06
5.9090000000e+01 5.5047751012e-09 3.4522954266e-06
5.9095000000e+01 4.9605030150e-09 3.4793217823e-06
5.9100000000e+01 4.3821487309e-09 3.5069529663e-06
5.9105000000e+01 4.0052560744e-09 3.5362124061e-06
5.9110000000e+01 3.9784620039e-09 3.5678452285e-06
5.9115000000e+01 4.2805436882e-09 3.6019463642e-06
5.9120000000e+01 4.7682460633e-09 3.6379512699e-06
5.9125000000e+01 5.2942512738e-09 3.6749135586e-06
5.9130000000e+01 5.7932307115e-09 3.7119006717e-06
5.9135000000e+01 6.2518114268e-09 3.7480973893e-06
5.9140000000e+01 6.6220299883e-09 3.7827547972e-06
5.9145000000e+01 6.7925861608e-09 3.8151892693e-06
5.9150000000e+01 6.6599966529e-09 3.8450436792e-06
5.9155000000e+01 6.2199918724e-09 3.8725249693e-06
5.9160000000e+01 5.6160619828e-09 3.8984692400e-06
5.9165000000e+01 5.0771434169e-09 3.9240087727e-06
5.9170000000e+01 4.7749456092e-09 3.9500894144e-06
5.9175000000e+01 4.7369686177e-09 3.9771563629e-06
5.9180000000e+01 4.8946391946e-09 4.0052488207e-06
5.9185000000e+01 5.1795481901e-09 4.0341346687e-06
5.9190000000e+01 5.5891131383e-09 4.0633906807e-06
5.9195000000e+01 6.1411408371e-09 4.0922980652e-06
5.9200000000e+01 6.7627640101e-09 4.1198128090e-06
5.9205000000e+01 7.2546281568e-09 4.1447658017e-06
5.9210000000e+01 7.4078857986e-09 4.1663298329e-06
5.9215000000e+01 7.1690652663e-09 4.1843341604e-06
5.9220000000e+01 6.6854811597e-09 4.1992487159e-06
5.9225000000e+01 6.1789681017e-09 4.2118465547e-06
5.9230000000e+01 5.7822638000e-09 4.2229385411e-06
5.9235000000e+01 5.4778976217e-09 4.2332207992e-06
5.9240000000e+01 5.2195549808e-09 4.2433318188e-06
5.9245000000e+01 5.0817667320e-09 4.2538113685e-06
5.9250000000e+01 5.2298643858e-09 4.2648680334e-06
5.9255000000e+01 5.7371038602e-09 4.2761099914e-06
5.9260000000e+01 6.4567639858e-09 4.2865996322e-06
5.9265000000e+01 7.0862138687e-09 4.2951494126e-06
5.9270000000e+01 7.3955279425e-09 4.3007721633e-06
5.9275000000e+01 7.3896701761e-09 4.3029313278e-06
5.9280000000e+01 7.2312740538e-09 4.3015348991e-06
5.9285000000e+01 7.0204636821e-09 4.2967560278e-06
5.9290000000e+01 6.6971267491e-09 4.2890068262e-06
5.9295000000e+01 6.1722459558e-09 4.2789957766e-06
5.9300000000e+01 5.5253311020e-09 4.2677302401e-06
5.9305000000e+01 5.0256697421e-09 4.2562630025e-06
5.9310000000e+01 4.9354114204e-09 4.2453499663e-06
5.9315000000e+01 5.2702173692e-09 4.2351178732e-06
5.9320000000e+01 5.7931291560e-09 4.2250899375e-06
5.9325000000e+01 6.2515664591e-09 4.2144651128e-06
5.9330000000e+01 6.5828313723e-09 4.2024278071e-06
5.9335000000e+01 6.8756789488e-09 4.1882494760e-06
5.9340000000e+01 7.1685218374e-09 4.1713298632e-06
5.9345000000e+01 7.3163437464e-09 4.1512191903e-06
5.9350000000e+01 7.1048198121e-09 4.1278050588e-06
5.9355000000e+01 6.4982906737e-09 4.1015083084e-06
5.9360000000e+01 5.7342661129e-09 4.0733132610e-06
5.9365000000e+01 5.1386775056e-09 4.0444349764e-06
5.9370000000e+01 4.8692300198e-09 4.0159228465e-06
5.9375000000e+01 4.8457161785e-09 3.9883786832e-06
5.9380000000e+01 4.9154104830e-09 3.9619533955e-06
5.9385000000e+01 5.0519373076e-09 3.9364748904e-06
5.9390000000e+01 5.3643298836e-09 3.9115773093e-06
5.9395000000e+01 5.9025183558e-09 3.8866457913e-06
5.9400000000e+01 6.5019263614e-09 3.8608125238e-06
5.9405000000e+01 6.8687788164e-09 3.8331412297e-06
5.9410000000e+01 6.8200172686e-09 3.8030206508e-06
5.9415000000e+01 6.4165178015e-09 3.7704287922e-06
5.9420000000e+01 5.8832058057e-09 3.7359844519e-06
5.9425000000e+01 5.3964749215e-09 3.7006572120e-06
5.9430000000e+01 4.9683241822e-09 3.6654235128e-06
5.9435000000e+01 4.5461663625e-09 3.6310987858e-06
5.9440000000e+01 4.1783072268e-09 3.5983817667e-06
5.9445000000e+01 4.0301501119e-09 3.5678120192e-06
5.9450000000e+01 4.2402026697e-09 3.5396279720e-06
5.9455000000e+01 4.7651980975e-09 3.5135385133e-06
5.9460000000e+01 5.3822927320e-09 3.4887099700e-06
5.9465000000e+01 5.8462826884e-09 3.4640339362e-06
5.9470000000e+01 6.0528345912e-09 3.4386095057e-06
5.9475000000e+01 6.0476983976e-09 3.4120246321e-06
5.9480000000e+01 5.9013789724e-09 3.3843394735e-06
5.9485000000e+01 5.6157526825e-09 3.3558903603e-06
5.9490000000e+01 5.1580464693e-09 3.3272128060e-06
5.9495000000e+01 4.5548989232e-09 3.2990451176e-06
5.9500000000e+01 3.9556257398e-09 3.2723937902e-06
5.9505000000e+01 3.5713227852e-09 3.2483391306e-06
5.9510000000e+01 3.5315216434e-09 3.2276331114e-06
5.9515000000e+01 3.8071982856e-09 3.2103691361e-06
5.9520000000e+01 4.2565012683e-09 3.1960223978e-06
5.9525000000e+01 4.7284606370e-09 3.1837371588e-06
5.9530000000e+01 5.1418487313e-09 3.1726874989e-06
5.9535000000e+01 5.4746903795e-09 3.1622040810e-06
5.9540000000e+01 5.6965388206e-09 3.1517497038e-06
5.9545000000e+01 5.7239106289e-09 3.1408928998e-06
5.9550000000e+01 5.4721935439e-09 3.1295278400e-06
5.9555000000e+01 4.9516131069e-09 3.1180969195e-06
5.9560000000e+01 4.3052975884e-09 3.1075836685e-06
5.9565000000e+01 3.7498938709e-09 3.0991727939e-06
5.9570000000e+01 3.4548364556e-09 3.0938282123e-06
5.9575000000e+01 3.4446932561e-09 3.0919934971e-06
5.9580000000e+01 3.6320498366e-09 3.0936622907e-06
5.9585000000e+01 3.9335745368e-09 3.0985617305e-06
5.9590000000e+01 4.3350066973e-09 3.1062354364e-06
5.9595000000e+01 4.8427044615e-09 3.1159575629e-06
5.9600000000e+01 5.3872070422e-09 3.1267581647e-06
5.9605000000e+01 5.7863110322e-09 3.1376254962e-06
5.9610000000e+01 5.8494034180e-09 3.1479034115e-06
5.9615000000e+01 5.5385476782e-09 3.1575704615e-06
5.9620000000e+01 5.0140073974e-09 3.1672100383e-06
5.9625000000e+01 4.5025751670e-09 3.1776651858e-06
5.9630000000e+01 4.1298011276e-09 3.1897553520e-06
5.9635000000e+01 3.8781384872e-09 3.2041522674e-06
5.9640000000e+01 3.7018497088e-09 3.2214052213e-06
5.9645000000e+01 3.6570623003e-09 3.2418829190e-06
5.9650000000e+01 3.8875210297e-09 3.2656183005e-06
5.9655000000e+01 4.4484818740e-09 3.2920899660e-06
5.9660000000e+01 5.1791870898e-09 3.3202717491e-06
5.9665000000e+01 5.7878412267e-09 3.3489597370e-06
5.9670000000e+01 6.0702362639e-09 3.3771955887e-06
5.9675000000e+01 6.0421942884e-09 3.4044688619e-06
5.9680000000e+01 5.8672894103e-09 3.4307221009e-06
5.9685000000e+01 5.6513735865e-09 3.4561806090e-06
5.9690000000e+01 5.3475544198e-09 3.4812725934e-06
5.9695000000e+01 4.8843306237e-09 3.5066561084e-06
5.9700000000e+01 4.3492764634e-09 3.5332092822e-06
5.9705000000e+01 3.9959008822e-09 3.5617863564e-06
5.9710000000e+01 4.0477134776e-09 3.5928887726e-06
5.9715000000e+01 4.4953862644e-09 3.6264083160e-06
5.9720000000e+01 5.1063966357e-09 3.6616713938e-06
5.9725000000e+01 5.6358032271e-09 3.6976929391e-06
5.9730000000e+01 6.0220892005e-09 3.7335128748e-06
5.9735000000e+01 6.3490186911e-09 3.7683233562e-06
5.9740000000e+01 6.6442437640e-09 3.8014744405e-06
5.9745000000e+01 6.7776337367e-09 3.8325124237e-06
5.9750000000e+01 6.5764786920e-09 3.8613377925e-06
5.9755000000e+01 6.0321145782e-09 3.8883297894e-06
5.9760000000e+01 5.3769068040e-09 3.9143535207e-06
5.9765000000e+01 4.9142013181e-09 3.9404546306e-06
5.9770000000e+01 4.7806538391e-09 3.9674599796e-06
5.9775000000e+01 4.8916318122e-09 3.9957132426e-06
5.9780000000e+01 5.1028342719e-09 4.0251036864e-06
5.9785000000e+01 5.3831445341e-09 4.0552040112e-06
5.9790000000e+01 5.8107813443e-09 4.0853996028e-06
5.9795000000e+01 6.4083533444e-09 4.1148875241e-06
5.9800000000e+01 7.0192945177e-09 4.1426984086e-06
5.9805000000e+01 7.3806167782e-09 4.1678501806e-06
5.9810000000e+01 7.3393947307e-09 4.1897142879e-06
5.9815000000e+01 6.9727659293e-09 4.2082686281e-06
5.9820000000e+01 6.4942553217e-09 4.2240812349e-06
5.9825000000e+01 6.0687306321e-09 4.2380236815e-06
5.9830000000e+01 5.7236673414e-09 4.2509532340e-06
5.9835000000e+01 5.4223251565e-09 4.2635164046e-06
5.9840000000e+01 5.2046074781e-09 4.2761838506e-06
5.9845000000e+01 5.2077792948e-09 4.2892495164e-06
5.9850000000e+01 5.5352240285e-09 4.3026988206e-06
5.9855000000e+01 6.1261152045e-09 4.3160198929e-06
5.9860000000e+01 6.7698231579e-09 4.3282379768e-06
5.9865000000e+01 7.2440702672e-09 4.3381908200e-06
5.9870000000e+01 7.4502115489e-09 4.3449625284e-06
5.9875000000e+01 7.4272006782e-09 4.3481535942e-06
5.9880000000e+01 7.2518743372e-09 4.3478599598e-06
5.9885000000e+01 6.9468672243e-09 4.3444504572e-06
5.9890000000e+01 6.5014966594e-09 4.3384671815e-06
5.9895000000e+01 5.9573896100e-09 4.3306343272e-06
5.9900000000e+01 5.4511172031e-09 4.3218693348e-06
5.9905000000e+01 5.1611764769e-09 4.3130851610e-06
5.9910000000e+01 5.2008120754e-09 4.3048581931e-06
5.9915000000e+01 5.5376796397e-09 4.2971264512e-06
5.9920000000e+01 6.0247417086e-09 4.2892420067e-06
5.9925000000e+01 6.5071213785e-09 4.2802971824e-06
5.9930000000e+01 6.8957301704e-09 4.2694601489e-06
5.9935000000e+01 7.1645306373e-09 4.2560948039e-06
5.9940000000e+01 7.2964173552e-09 4.2397552351e-06
5.9945000000e+01 7.2354133333e-09 4.2201644785e-06
5.9950000000e+01 6.9181079745e-09 4.1973770926e-06
5.9955000000e+01 6.3606974962e-09 4.1719573406e-06
5.9960000000e+01 5.7065199826e-09 4.1449555183e-06
5.9965000000e+01 5.1667793223e-09 4.1175572548e-06
5.9970000000e+01 4.8978674524e-09 4.0906759476e-06
5.9975000000e+01 4.9172980026e-09 4.0647168144e-06
5.9980000000e+01 5.1281668461e-09 4.0396361043e-06
5.9985000000e+01 5.4280819242e-09 4.0151147518e-06
5.9990000000e+01 5.7919306112e-09 3.9906870083e-06
5.9995000000e+01 6.2245315354e-09 3.9656856175e-06
6.0000000000e+01 6.6564019218e-09 3.9392641800e-06
6.0005000000e+01 6.9199858573e-09 3.9106214015e-06
6.0010000000e+01 6.8484655903e-09 3.8793516374e-06
6.0015000000e+01 6.4204380788e-09 3.8456586780e-06
6.0020000000e+01 5.8042049794e-09 3.8103116569e-06
6.0025000000e+01 5.2289190989e-09 3.7743160696e-06
6.0030000000e+01 4.8157572914e-09 3.7386128662e-06
6.0035000000e+01 4.5413126538e-09 3.7039506911e-06
6.0040000000e+01 4.3569187667e-09 3.6709150605e-06
6.0045000000e+01 4.3097367767e-09 3.6398775333e-06
6.0050000000e+01 4.5175678069e-09 3.6108571091e-06
6.0055000000e+01 5.0148061666e-09 3.5833822962e-06
6.0060000000e+01 5.6386671963e-09 3.5565581605e-06
6.0065000000e+01 6.1076548770e-09 3.5293644864e-06
6.0070000000e+01 6.2390387290e-09 3.5010711980e-06
6.0075000000e+01 6.0676166391e-09 3.4714280921e-06
6.0080000000e+01 5.7563101847e-09 3.4406283439e-06
6.0085000000e+01 5.4111817411e-09 3.4091500882e-06
6.0090000000e+01 5.0022266727e-09 3.3776623880e-06
6.0095000000e+01 4.4745671595e-09 3.3469950239e-06
6.0100000000e+01 3.9176889384e-09 3.3181155767e-06
6.0105000000e+01 3.5671538085e-09 3.2919186554e-06
6.0110000000e+01 3.6134525410e-09 3.2689149369e-06
6.0115000000e+01 4.0229642528e-09 3.2490153595e-06
6.0120000000e+01 4.5647911343e-09 3.2316078066e-06
6.0125000000e+01 5.0098790561e-09 3.2158155014e-06
6.0130000000e+01 5.2982640421e-09 3.2008111304e-06
6.0135000000e+01 5.5033352439e-09 3.1859679655e-06
6.0140000000e+01 5.6535163801e-09 3.1708751290e-06
6.0145000000e+01 5.6351661283e-09 3.1553340050e-06
6.0150000000e+01 5.3076746022e-09 3.1394898472e-06
6.0155000000e+01 4.6921913291e-09 3.1239365724e-06
6.0160000000e+01 4.0147044725e-09 3.1096632664e-06
6.0165000000e+01 3.5500614041e-09 3.0977683778e-06
6.0170000000e+01 3.4178515956e-09 3.0890969887e-06
6.0175000000e+01 3.5320657563e-09 3.0839802112e-06
6.0180000000e+01 3.7514498932e-09 3.0822747181e-06
6.0185000000e+01 4.0388688293e-09 3.0835369816e-06
6.0190000000e+01 4.4486710426e-09 3.0871559929e-06
6.0195000000e+01 4.9810336903e-09 3.0923730014e-06
6.0200000000e+01 5.4859873011e-09 3.0983292101e-06
6.0205000000e+01 5.7357238352e-09 3.1042160644e-06
6.0210000000e+01 5.6077624962e-09 3.1095848686e-06
6.0215000000e+01 5.1859297092e-09 3.1145705322e-06
6.0220000000e+01 4.6781494192e-09 3.1198617637e-06
6.0225000000e+01 4.2427404082e-09 3.1263862812e-06
6.0230000000e+01 3.9119539507e-09 3.1349962499e-06
6.0235000000e+01 3.6645690784e-09 3.1463019778e-06
6.0240000000e+01 3.5336860300e-09 3.1606775783e-06
6.0245000000e+01 3.6229396518e-09 3.1782734055e-06
6.0250000000e+01 4.0064172610e-09 3.1989379612e-06
6.0255000000e+01 4.6131783413e-09 3.2220553252e-06
6.0260000000e+01 5.2422493798e-09 3.2465977893e-06
6.0265000000e+01 5.6915183578e-09 3.2714230293e-06
6.0270000000e+01 5.8722275736e-09 3.2956729758e-06
6.0275000000e+01 5.8202459017e-09 3.3190044072e-06
6.0280000000e+01 5.6159382740e-09 3.3415597521e-06
6.0285000000e+01 5.3035645844e-09 3.3637484507e-06
6.0290000000e+01 4.8940258914e-09 3.3861095443e-06
6.0295000000e+01 4.4331877840e-09 3.4093042327e-06
6.0300000000e+01 4.0449562273e-09 3.4341201561e-06
6.0305000000e+01 3.8836087752e-09 3.4612680716e-06
6.0310000000e+01 4.0396241587e-09 3.4910777705e-06
6.0315000000e+01 4.4765237057e-09 3.5232705909e-06
6.0320000000e+01 5.0483538012e-09 3.5570234562e-06
6.0325000000e+01 5.5914727633e-09 3.5912842446e-06
6.0330000000e+01 6.0122785218e-09 3.6251230423e-06
6.0335000000e+01 6.2890456015e-09 3.6578448262e-06
6.0340000000e+01 6.4157820844e-09 3.6889674382e-06
6.0345000000e+01 6.3590591094e-09 3.7182173401e-06
6.0350000000e+01 6.0766461357e-09 3.7456531177e-06
6.0355000000e+01 5.5910692187e-09 3.7717846570e-06
6.0360000000e+01 5.0414377007e-09 3.7975279138e-06
6.0365000000e+01 4.6321460457e-09 3.8238738303e-06
6.0370000000e+01 4.5090927882e-09 3.8514952444e-06
6.0375000000e+01 4.6753869306e-09 3.8805403659e-06
6.0380000000e+01 5.0232103119e-09 3.9107183622e-06
6.0385000000e+01 5.4407687837e-09 3.9414726958e-06
6.0390000000e+01 5.8900193693e-09 3.9721103819e-06
6.0395000000e+01 6.3723408197e-09 4.0018029458e-06
6.0400000000e+01 6.8262270533e-09 4.0296224110e-06
6.0405000000e+01 7.0952361811e-09 4.0547341033e-06
6.0410000000e+01 7.0330223540e-09 4.0767249557e-06
6.0415000000e+01 6.6400460140e-09 4.0957784237e-06
6.0420000000e+01 6.0892325220e-09 4.1125815783e-06
6.0425000000e+01 5.6054722105e-09 4.1280204447e-06
6.0430000000e+01 5.3055554752e-09 4.1428886656e-06
6.0435000000e+01 5.1601900867e-09 4.1577414066e-06
6.0440000000e+01 5.1144945860e-09 4.1729250308e-06
6.0445000000e+01 5.2049167447e-09 4.1885537260e-06
6.0450000000e+01 5.5289479400e-09 4.2043977234e-06
6.0455000000e+01 6.0988581921e-09 4.2197855121e-06
6.0460000000e+01 6.7481868017e-09 4.2337052422e-06
6.0465000000e+01 7.2144237476e-09 4.2450954763e-06
6.0470000000e+01 7.3348022377e-09 4.2532092809e-06
6.0475000000e+01 7.1569326702e-09 4.2578036513e-06
6.0480000000e+01 6.8487334610e-09 4.2590931545e-06
6.0485000000e+01 6.5150088100e-09 4.2575610540e-06
6.0490000000e+01 6.1352392365e-09 4.2538567572e-06
6.0495000000e+01 5.6734633178e-09 4.2487519378e-06
6.0500000000e+01 5.2185554789e-09 4.2430786072e-06
6.0505000000e+01 4.9817821851e-09 4.2375473336e-06
6.0510000000e+01 5.1235585391e-09 4.2324859378e-06
6.0515000000e+01 5.5903738129e-09 4.2276487830e-06
6.0520000000e+01 6.1520036351e-09 4.2223101131e-06
6.0525000000e+01 6.5940437925e-09 4.2155436770e-06
6.0530000000e+01 6.8621484417e-09 4.2065218895e-06
6.0535000000e+01 7.0210232488e-09 4.1946621616e-06
6.0540000000e+01 7.0971107989e-09 4.1796495118e-06
6.0545000000e+01 6.9986995512e-09 4.1614216474e-06
6.0550000000e+01 6.6160752533e-09 4.1402453664e-06
6.0555000000e+01 5.9889397515e-09 4.1167956251e-06
6.0560000000e+01 5.3393695395e-09 4.0920923978e-06
6.0565000000e+01 4.9155778032e-09 4.0672009974e-06
6.0570000000e+01 4.8144477189e-09 4.0428974297e-06
6.0575000000e+01 4.9514533430e-09 4.0194526939e-06
6.0580000000e+01 5.1896674990e-09 3.9966661069e-06
6.0585000000e+01 5.4807861411e-09 3.9740546974e-06
6.0590000000e+01 5.8592334092e-09 3.9510193351e-06
6.0595000000e+01 6.3105155895e-09 3.9268742487e-06
6.0600000000e+01 6.6920214251e-09 3.9008948463e-06
6.0605000000e+01 6.8085309818e-09 3.8724764303e-06
6.0610000000e+01 6.5681773597e-09 3.8413992956e-06
6.0615000000e+01 6.0611780892e-09 3.8080047790e-06
6.0620000000e+01 5.4857008271e-09 3.7731470782e-06
6.0625000000e+01 4.9963997677e-09 3.7378823136e-06
6.0630000000e+01 4.6318505426e-09 3.7031435761e-06
6.0635000000e+01 4.3759392837e-09 3.6695844959e-06
6.0640000000e+01 4.2548728793e-09 3.6376015402e-06
6.0645000000e+01 4.3452927205e-09 3.6073467531e-06
6.0650000000e+01 4.6897043520e-09 3.5786709992e-06
6.0655000000e+01 5.2116609877e-09 3.5510256525e-06
6.0660000000e+01 5.7249977807e-09 3.5235211297e-06
6.0665000000e+01 6.0427446998e-09 3.4952121833e-06
6.0670000000e+01 6.0867449123e-09 3.4654886857e-06
6.0675000000e+01 5.8958801690e-09 3.4342669125e-06
6.0680000000e+01 5.5545409835e-09 3.4019298723e-06
6.0685000000e+01 5.1243283266e-09 3.3691174055e-06
6.0690000000e+01 4.6359659172e-09 3.3365728551e-06
6.0695000000e+01 4.1380030147e-09 3.3051042926e-06
6.0700000000e+01 3.7375721067e-09 3.2755771008e-06
6.0705000000e+01 3.5672539009e-09 3.2487331262e-06
6.0710000000e+01 3.7006293325e-09 3.2249097666e-06
6.0715000000e+01 4.0923061082e-09 3.2038560419e-06
6.0720000000e+01 4.5965605978e-09 3.1848356481e-06
6.0725000000e+01 5.0495023025e-09 3.1669341972e-06
6.0730000000e+01 5.3522787198e-09 3.1493844902e-06
6.0735000000e+01 5.4891124975e-09 3.1316980230e-06
6.0740000000e+01 5.4714370896e-09 3.1136342384e-06
6.0745000000e+01 5.2830560531e-09 3.0951708627e-06
6.0750000000e+01 4.8987918792e-09 3.0766113687e-06
6.0755000000e+01 4.3508453188e-09 3.0586619189e-06
6.0760000000e+01 3.7731465514e-09 3.0423437851e-06
6.0765000000e+01 3.3597704294e-09 3.0286878592e-06
6.0770000000e+01 3.2457760460e-09 3.0183748899e-06
6.0775000000e+01 3.4212665765e-09 3.0115478212e-06
6.0780000000e+01 3.7658210270e-09 3.0079092473e-06
6.0785000000e+01 4.1602939654e-09 3.0069146742e-06
6.0790000000e+01 4.5614686903e-09 3.0079055711e-06
6.0795000000e+01 4.9663073697e-09 3.0101299063e-06
6.0800000000e+01 5.3194445303e-09 3.0128056406e-06
6.0805000000e+01 5.4822059725e-09 3.0152946847e-06
6.0810000000e+01 5.3271953796e-09 3.0173732363e-06
6.0815000000e+01 4.8722294351e-09 3.0193819538e-06
6.0820000000e+01 4.2989791456e-09 3.0221137416e-06
6.0825000000e+01 3.8245790671e-09 3.0264958492e-06
6.0830000000e+01 3.5556713184e-09 3.0333173500e-06
6.0835000000e+01 3.4605591043e-09 3.0430943515e-06
6.0840000000e+01 3.4782887450e-09 3.0560779420e-06
6.0845000000e+01 3.6321075193e-09 3.0722579675e-06
6.0850000000e+01 4.0014832752e-09 3.0912962694e-06
6.0855000000e+01 4.5810121499e-09 3.1124557266e-06
6.0860000000e+01 5.2017168248e-09 3.1347181670e-06
6.0865000000e+01 5.6198780369e-09 3.1570751530e-06
6.0870000000e+01 5.6973412817e-09 3.1788556470e-06
6.0875000000e+01 5.4930273669e-09 3.1998843057e-06
6.0880000000e+01 5.1749920411e-09 3.2204315776e-06
6.0885000000e+01 4.8510334966e-09 3.2410192390e-06
6.0890000000e+01 4.5090129221e-09 3.2622817077e-06
6.0895000000e+01 4.1239185269e-09 3.2849120934e-06
6.0900000000e+01 3.7858148332e-09 3.3096010468e-06
6.0905000000e+01 3.6816373731e-09 3.3368563509e-06
6.0910000000e+01 3.9383057465e-09 3.3667847457e-06
6.0915000000e+01 4.4877281046e-09 3.3989544164e-06
6.0920000000e+01 5.1039333141e-09 3.4324875981e-06
6.0925000000e+01 5.5839558683e-09 3.4663451788e-06
6.0930000000e+01 5.8802062234e-09 3.4996331707e-06
6.0935000000e+01 6.0528189410e-09 3.5317354513e-06
6.0940000000e+01 6.1270985813e-09 3.5623248325e-06
6.0945000000e+01 6.0311207591e-09 3.5913441362e-06
6.0950000000e+01 5.6857609545e-09 3.6190443922e-06
6.0955000000e+01 5.1462597280e-09 3.6460244822e-06
6.0960000000e+01 4.6234807787e-09 3.6731556048e-06
6.0965000000e+01 4.3420984821e-09 3.7013012342e-06
6.0970000000e+01 4.3793622147e-09 3.7309917268e-06
6.0975000000e+01 4.6460076105e-09 3.7622406231e-06
6.0980000000e+01 5.0105026770e-09 3.7946096164e-06
6.0985000000e+01 5.4162985239e-09 3.8273950396e-06
6.0990000000e+01 5.8758007155e-09 3.8598068324e-06
6.0995000000e+01 6.3650291340e-09 3.8910331105e-06
6.1000000000e+01 6.7540637775e-09 3.9202792937e-06
6.1005000000e+01 6.8754735995e-09 3.9469100351e-06
6.1010000000e+01 6.6645677085e-09 3.9706930434e-06
6.1015000000e+01 6.2188425901e-09 3.9919320936e-06
6.1020000000e+01 5.7258536271e-09 4.0113851474e-06
6.1025000000e+01 5.3339251007e-09 4.0299651527e-06
6.1030000000e+01 5.0870851662e-09 4.0484242577e-06
6.1035000000e+01 4.9721756159e-09 4.0671973908e-06
6.1040000000e+01 5.0026365480e-09 4.0864350052e-06
6.1045000000e+01 5.2303950969e-09 4.1060409285e-06
6.1050000000e+01 5.6739372963e-09 4.1256317991e-06
6.1055000000e+01 6.2489935579e-09 4.1444737728e-06
6.1060000000e+01 6.7841944905e-09 4.1615744059e-06
6.1065000000e+01 7.1115226817e-09 4.1759525972e-06
6.1070000000e+01 7.1593490301e-09 4.1869893178e-06
6.1075000000e+01 6.9707109804e-09 4.1946081593e-06
6.1080000000e+01 6.6384962600e-09 4.1991885855e-06
6.1085000000e+01 6.2364468641e-09 4.2013400087e-06
6.1090000000e+01 5.8090972006e-09 4.2017514313e-06
6.1095000000e+01 5.4069514461e-09 4.2011362569e-06
6.1100000000e+01 5.1196506395e-09 4.2002006627e-06
6.1105000000e+01 5.0568403617e-09 4.1994886495e-06
6.1110000000e+01 5.2770335570e-09 4.1991422829e-06
6.1115000000e+01 5.7276451183e-09 4.1987505673e-06
6.1120000000e+01 6.2603159484e-09 4.1974760290e-06
6.1125000000e+01 6.7118949115e-09 4.1943699330e-06
6.1130000000e+01 6.9856606215e-09 4.1886750196e-06
6.1135000000e+01 7.0708343240e-09 4.1799456505e-06
6.1140000000e+01 6.9936925396e-09 4.1680254438e-06
6.1145000000e+01 6.7578926845e-09 4.1530031887e-06
6.1150000000e+01 6.3503272886e-09 4.1352737968e-06
6.1155000000e+01 5.8088492830e-09 4.1155935658e-06
6.1160000000e+01 5.2659469804e-09 4.0949735377e-06
6.1165000000e+01 4.9023027249e-09 4.0743722649e-06
6.1170000000e+01 4.8378457180e-09 4.0543809033e-06
6.1175000000e+01 5.0515038045e-09 4.0350701990e-06
6.1180000000e+01 5.4118620098e-09 4.0160843104e-06
6.1185000000e+01 5.7927326774e-09 3.9968503841e-06
6.1190000000e+01 6.1483971029e-09 3.9767284647e-06
6.1195000000e+01 6.4753684577e-09 3.9550451594e-06
6.1200000000e+01 6.7231865997e-09 3.9311619082e-06
6.1205000000e+01 6.7696675366e-09 3.9046414559e-06
6.1210000000e+01 6.5101643454e-09 3.8754713034e-06
6.1215000000e+01 5.9775696022e-09 3.8441670287e-06
6.1220000000e+01 5.3569340000e-09 3.8116520236e-06
6.1225000000e+01 4.8596898454e-09 3.7789475702e-06
6.1230000000e+01 4.5805286673e-09 3.7468942977e-06
6.1235000000e+01 4.4807101864e-09 3.7160334514e-06
6.1240000000e+01 4.4971780539e-09 3.6866234727e-06
6.1245000000e+01 4.6408499357e-09 3.6586470103e-06
6.1250000000e+01 4.9710147176e-09 3.6317835132e-06
6.1255000000e+01 5.4695445012e-09 3.6053838910e-06
6.1260000000e+01 5.9689448046e-09 3.5785847846e-06
6.1265000000e+01 6.2437938532e-09 3.5505890025e-06
6.1270000000e+01 6.1807078712e-09 3.5209707522e-06
6.1275000000e+01 5.8514281201e-09 3.4898020787e-06
6.1280000000e+01 5.4228375520e-09 3.4575829876e-06
6.1285000000e+01 5.0029507572e-09 3.4250470369e-06
6.1290000000e+01 4.5897602912e-09 3.3930046425e-06
6.1295000000e+01 4.1673577308e-09 3.3622639168e-06
6.1300000000e+01 3.8208310648e-09 3.3335724151e-06
6.1305000000e+01 3.7156458883e-09 3.3074642820e-06
6.1310000000e+01 3.9488363747e-09 3.2840637449e-06
6.1315000000e+01 4.4362342050e-09 3.2629888098e-06
6.1320000000e+01 4.9605825363e-09 3.2434694266e-06
6.1325000000e+01 5.3331820990e-09 3.2246189331e-06
6.1330000000e+01 5.5103474799e-09 3.2057310056e-06
6.1335000000e+01 5.5509875416e-09 3.1864187213e-06
6.1340000000e+01 5.4839020753e-09 3.1666039826e-06
6.1345000000e+01 5.2545481779e-09 3.1464764294e-06
6.1350000000e+01 4.8115544764e-09 3.1265129802e-06
6.1355000000e+01 4.2240910533e-09 3.1074824891e-06
6.1360000000e+01 3.6901113816e-09 3.0903489934e-06
6.1365000000e+01 3.4091191492e-09 3.0760134777e-06
6.1370000000e+01 3.4418169929e-09 3.0650143401e-06
6.1375000000e+01 3.6961159806e-09 3.0573644917e-06
6.1380000000e+01 4.0414793306e-09 3.0526362888e-06
6.1385000000e+01 4.4154587683e-09 3.0501684244e-06
6.1390000000e+01 4.8149536887e-09 3.0492440638e-06
6.1395000000e+01 5.2065839951e-09 3.0491665062e-06
6.1400000000e+01 5.4761612178e-09 3.0493125809e-06
6.1405000000e+01 5.4862658669e-09 3.0492492230e-06
6.1410000000e+01 5.1936101378e-09 3.0489353883e-06
6.1415000000e+01 4.7017030159e-09 3.0488344958e-06
6.1420000000e+01 4.1909043002e-09 3.0498025680e-06
6.1425000000e+01 3.8013203189e-09 3.0527831305e-06
6.1430000000e+01 3.5792668260e-09 3.0585147932e-06
6.1435000000e+01 3.5137227056e-09 3.0673857531e-06
6.1440000000e+01 3.6046458157e-09 3.0794650331e-06
6.1445000000e+01 3.8794822190e-09 3.0945644053e-06
6.1450000000e+01 4.3375564381e-09 3.1122266008e-06
6.1455000000e+01 4.8916660652e-09 3.1316861149e-06
6.1460000000e+01 5.3829219519e-09 3.1519767988e-06
6.1465000000e+01 5.6614613591e-09 3.1722001470e-06
6.1470000000e+01 5.6668280897e-09 3.1918376484e-06
6.1475000000e+01 5.4446620095e-09 3.2108945801e-06
6.1480000000e+01 5.0956981098e-09 3.2298079266e-06
6.1485000000e+01 4.7074604998e-09 3.2492105212e-06
6.1490000000e+01 4.3319670442e-09 3.2697611101e-06
6.1495000000e+01 4.0175758678e-09 3.2920920342e-06
6.1500000000e+01 3.8396393325e-09 3.3167678574e-06
6.1505000000e+01 3.8853039583e-09 3.3441380931e-06
6.1510000000e+01 4.1971010756e-09 3.3741443115e-06
6.1515000000e+01 4.7172629685e-09 3.4062122938e-06
6.1520000000e+01 5.2959189332e-09 3.4393866773e-06
6.1525000000e+01 5.7707411118e-09 3.4726471488e-06
6.1530000000e+01 6.0501483937e-09 3.5052007394e-06
6.1535000000e+01 6.1322895810e-09 3.5365861096e-06
6.1540000000e+01 6.0557339258e-09 3.5666423988e-06
6.1545000000e+01 5.8401665793e-09 3.5954616756e-06
6.1550000000e+01 5.4857419095e-09 3.6234143785e-06
6.1555000000e+01 5.0331619413e-09 3.6511656562e-06
6.1560000000e+01 4.6097496445e-09 3.6795638583e-06
6.1565000000e+01 4.3851904788e-09 3.7093512908e-06
6.1570000000e+01 4.4618716691e-09 3.7408704854e-06
6.1575000000e+01 4.8041788650e-09 3.7739509498e-06
6.1580000000e+01 5.2742488056e-09 3.8080200111e-06
6.1585000000e+01 5.7408154044e-09 3.8423065456e-06
6.1590000000e+01 6.1552316371e-09 3.8760078754e-06
6.1595000000e+01 6.5160729422e-09 3.9083465666e-06
6.1600000000e+01 6.7792554420e-09 3.9386306883e-06
6.1605000000e+01 6.8373555205e-09 3.9664027181e-06
6.1610000000e+01 6.6073178088e-09 3.9916301221e-06
6.1615000000e+01 6.1374972311e-09 4.0147676365e-06
6.1620000000e+01 5.6128978858e-09 4.0366177947e-06
6.1625000000e+01 5.2346921851e-09 4.0580370948e-06
6.1630000000e+01 5.0868739131e-09 4.0796678603e-06
6.1635000000e+01 5.1228827364e-09 4.1018204060e-06
6.1640000000e+01 5.2739018640e-09 4.1245029922e-06
6.1645000000e+01 5.5415133172e-09 4.1474535212e-06
6.1650000000e+01 5.9667623340e-09 4.1701317334e-06
6.1655000000e+01 6.5172901191e-09 4.1917290960e-06
6.1660000000e+01 7.0315872458e-09 4.2113001043e-06
6.1665000000e+01 7.3045381390e-09 4.2280151143e-06
6.1670000000e+01 7.2438532897e-09 4.2414358875e-06
6.1675000000e+01 6.9336900192e-09 4.2516285264e-06
6.1680000000e+01 6.5400430548e-09 4.2590675646e-06
6.1685000000e+01 6.1685942618e-09 4.2644326053e-06
6.1690000000e+01 5.8247838826e-09 4.2684476340e-06
6.1695000000e+01 5.5006626828e-09 4.2717870111e-06
6.1700000000e+01 5.2738206296e-09 4.2750132757e-06
6.1705000000e+01 5.2853547278e-09 4.2784532901e-06
6.1710000000e+01 5.6061014772e-09 4.2820391956e-06
6.1715000000e+01 6.1393900344e-09 4.2852376836e-06
6.1720000000e+01 6.6744859722e-09 4.2871855008e-06
6.1725000000e+01 7.0386816683e-09 4.2869673374e-06
6.1730000000e+01 7.1945003356e-09 4.2838902434e-06
6.1735000000e+01 7.1976490072e-09 4.2776135670e-06
6.1740000000e+01 7.0825429804e-09 4.2681361037e-06
6.1745000000e+01 6.8136109319e-09 4.2557279340e-06
6.1750000000e+01 6.3610292658e-09 4.2409185518e-06
6.1755000000e+01 5.8042056121e-09 4.2244887805e-06
6.1760000000e+01 5.3283948734e-09 4.2073571261e-06
6.1765000000e+01 5.1069960428e-09 4.1903310827e-06
6.1770000000e+01 5.1840216634e-09 4.1738444493e-06
6.1775000000e+01 5.4657757279e-09 4.1578221436e-06
6.1780000000e+01 5.8224228192e-09 4.1417757164e-06
6.1785000000e+01 6.1843480507e-09 4.1250258112e-06
6.1790000000e+01 6.5367886573e-09 4.1068905585e-06
6.1795000000e+01 6.8426140156e-09 4.0867623206e-06
6.1800000000e+01 7.0018226087e-09 4.0641590926e-06
6.1805000000e+01 6.9055962520e-09 4.0388323545e-06
6.1810000000e+01 6.5323557814e-09 4.0109265139e-06
6.1815000000e+01 5.9874039202e-09 3.9810538658e-06
6.1820000000e+01 5.4435323300e-09 3.9501741595e-06
6.1825000000e+01 5.0352204367e-09 3.9192883308e-06
6.1830000000e+01 4.8068662811e-09 3.8891531112e-06
6.1835000000e+01 4.7460809271e-09 3.8601616399e-06
6.1840000000e+01 4.8412322765e-09 3.8323819587e-06
6.1845000000e+01 5.0970229235e-09 3.8056270780e-06
6.1850000000e+01 5.4958714058e-09 3.7794743400e-06
6.1855000000e+01 5.9515256648e-09 3.7532565708e-06
6.1860000000e+01 6.3185824998e-09 3.7261709955e-06
6.1865000000e+01 6.4635470023e-09 3.6975387902e-06
6.1870000000e+01 6.3377929930e-09 3.6670882029e-06
6.1875000000e+01 5.9931852058e-09 3.6350616014e-06
6.1880000000e+01 5.5364699248e-09 3.6021039222e-06
6.1885000000e+01 5.0655101283e-09 3.5690294366e-06
6.1890000000e+01 4.6397463934e-09 3.5366421469e-06
6.1895000000e+01 4.3016735103e-09 3.5056682098e-06
6.1900000000e+01 4.1111340784e-09 3.4767207087e-06
6.1905000000e+01 4.1376925948e-09 3.4501716328e-06
6.1910000000e+01 4.4081625956e-09 3.4259846925e-06
6.1915000000e+01 4.8584593643e-09 3.4036538937e-06
6.1920000000e+01 5.3407481947e-09 3.3823549825e-06
6.1925000000e+01 5.6958735882e-09 3.3612444044e-06
6.1930000000e+01 5.8385171310e-09 3.3397392129e-06
6.1935000000e+01 5.7783351918e-09 3.3176139630e-06
6.1940000000e+01 5.5667686327e-09 3.2949520237e-06
6.1945000000e+01 5.2363126475e-09 3.2720850497e-06
6.1950000000e+01 4.7982320399e-09 3.2495950477e-06
6.1955000000e+01 4.2972434673e-09 3.2282981371e-06
6.1960000000e+01 3.8539686801e-09 3.2091189686e-06
6.1965000000e+01 3.6245283419e-09 3.1928272886e-06
6.1970000000e+01 3.6958924737e-09 3.1797763889e-06
6.1975000000e+01 4.0183264294e-09 3.1698114844e-06
6.1980000000e+01 4.4468705992e-09 3.1623984819e-06
6.1985000000e+01 4.8506361229e-09 3.1568376141e-06
6.1990000000e+01 5.1804856130e-09 3.1524262721e-06
6.1995000000e+01 5.4360295635e-09 3.1485327130e-06
6.2000000000e+01 5.5825084673e-09 3.1446602469e-06
6.2005000000e+01 5.5283981513e-09 3.1405636648e-06
6.2010000000e+01 5.2098668086e-09 3.1364035143e-06
6.2015000000e+01 4.6898914288e-09 3.1327824058e-06
6.2020000000e+01 4.1528369031e-09 3.1305853845e-06
6.2025000000e+01 3.7870380626e-09 3.1306938535e-06
6.2030000000e+01 3.6643152676e-09 3.1337370836e-06
6.2035000000e+01 3.7320847381e-09 3.1399830701e-06
6.2040000000e+01 3.9160293937e-09 3.1493723138e-06
6.2045000000e+01 4.2071808343e-09 3.1615749149e-06
6.2050000000e+01 4.6321246096e-09 3.1760124280e-06
6.2055000000e+01 5.1478871708e-09 3.1918852226e-06
6.2060000000e+01 5.5986325324e-09 3.2083119416e-06
6.2065000000e+01 5.8021803115e-09 3.2245698790e-06
6.2070000000e+01 5.6882362678e-09 3.2403305293e-06
6.2075000000e+01 5.3493909340e-09 3.2557483834e-06
6.2080000000e+01 4.9511512354e-09 3.2713578365e-06
6.2085000000e+01 4.5978278999e-09 3.2878545888e-06
6.2090000000e+01 4.2986856103e-09 3.3059236528e-06
6.2095000000e+01 4.0515477757e-09 3.3261486928e-06
6.2100000000e+01 3.9261428127e-09 3.3489484182e-06
6.2105000000e+01 4.0387394287e-09 3.3744728303e-06
6.2110000000e+01 4.4352759666e-09 3.4024850560e-06
6.2115000000e+01 5.0104388229e-09 3.4323204360e-06
6.2120000000e+01 5.5619940246e-09 3.4630288739e-06
6.2125000000e+01 5.9312985758e-09 3.4936526917e-06
6.2130000000e+01 6.0886161432e-09 3.5234904236e-06
6.2135000000e+01 6.0894307034e-09 3.5522072612e-06
6.2140000000e+01 5.9722623444e-09 3.5798087287e-06
6.2145000000e+01 5.7198877390e-09 3.6065620513e-06
6.2150000000e+01 5.3229368584e-09 3.6329530269e-06
6.2155000000e+01 4.8650703930e-09 3.6596550015e-06
6.2160000000e+01 4.5172811054e-09 3.6874180001e-06
6.2165000000e+01 4.4296822043e-09 3.7168323352e-06
6.2170000000e+01 4.6286900545e-09 3.7480893575e-06
6.2175000000e+01 5.0182018497e-09 3.7808855255e-06
6.2180000000e+01 5.4702351809e-09 3.8145324352e-06
6.2185000000e+01 5.9083751497e-09 3.8481816593e-06
6.2190000000e+01 6.3078915036e-09 3.8810241096e-06
6.2195000000e+01 6.6316800798e-09 3.9123718346e-06
6.2200000000e+01 6.7954716391e-09 3.9416991032e-06
6.2205000000e+01 6.7152757837e-09 3.9687344425e-06
6.2210000000e+01 6.3883973013e-09 3.9935906590e-06
6.2215000000e+01 5.9223569559e-09 4.0168043725e-06
6.2220000000e+01 5.4799699959e-09 4.0391974251e-06
6.2225000000e+01 5.1885583636e-09 4.0615852940e-06
6.2230000000e+01 5.0908512602e-09 4.0845054744e-06
6.2235000000e+01 5.1688407318e-09 4.1081098788e-06
6.2240000000e+01 5.3978182536e-09 4.1322242952e-06
6.2245000000e+01 5.7642558396e-09 4.1564326939e-06
6.2250000000e+01 6.2357651138e-09 4.1801116999e-06
6.2255000000e+01 6.7272994347e-09 4.2024536253e-06
6.2260000000e+01 7.1085037237e-09 4.2225833889e-06
6.2265000000e+01 7.2614277570e-09 4.2397951221e-06
6.2270000000e+01 7.1479313784e-09 4.2538065267e-06
6.2275000000e+01 6.8270883267e-09 4.2648396415e-06
6.2280000000e+01 6.4116493117e-09 4.2734870408e-06
6.2285000000e+01 6.0056603749e-09 4.2804768135e-06
6.2290000000e+01 5.6718254505e-09 4.2864947622e-06
6.2295000000e+01 5.4465693870e-09 4.2921091595e-06
6.2300000000e+01 5.3732368888e-09 4.2977334311e-06
6.2305000000e+01 5.5033744904e-09 4.3035258753e-06
6.2310000000e+01 5.8513312293e-09 4.3092573441e-06
6.2315000000e+01 6.3463428735e-09 4.3142773278e-06
6.2320000000e+01 6.8414597906e-09 4.3176841523e-06
6.2325000000e+01 7.1846861614e-09 4.3186169046e-06
6.2330000000e+01 7.2986070295e-09 4.3165074530e-06
6.2335000000e+01 7.2030079234e-09 4.3111691629e-06
6.2340000000e+01 6.9623154755e-09 4.3027416731e-06
6.2345000000e+01 6.6199663806e-09 4.2916081011e-06
6.2350000000e+01 6.1947001585e-09 4.2783733937e-06
6.2355000000e+01 5.7340005374e-09 4.2638300525e-06
6.2360000000e+01 5.3517120091e-09 4.2488216791e-06
6.2365000000e+01 5.1882892514e-09 4.2339992771e-06
6.2370000000e+01 5.3138193050e-09 4.2195990708e-06
6.2375000000e+01 5.6665060495e-09 4.2053764987e-06
6.2380000000e+01 6.0958697044e-09 4.1907429600e-06
6.2385000000e+01 6.4714887043e-09 4.1749887298e-06
6.2390000000e+01 6.7472053449e-09 4.1574518211e-06
6.2395000000e+01 6.9251104151e-09 4.1375921788e-06
6.2400000000e+01 6.9778367237e-09 4.1150534312e-06
6.2405000000e+01 6.8313300989e-09 4.0897612780e-06
6.2410000000e+01 6.4406718831e-09 4.0620325702e-06
6.2415000000e+01 5.8793339471e-09 4.0325839612e-06
6.2420000000e+01 5.3298369479e-09 4.0023688474e-06
6.2425000000e+01 4.9672236450e-09 3.9722945462e-06
6.2430000000e+01 4.8491306141e-09 3.9429884891e-06
6.2435000000e+01 4.9169410747e-09 3.9147093236e-06
6.2440000000e+01 5.0922929803e-09 3.8873869731e-06
6.2445000000e+01 5.3560982829e-09 3.8606964452e-06
6.2450000000e+01 5.7213027557e-09 3.8341090205e-06
6.2455000000e+01 6.1383040563e-09 3.8069397808e-06
6.2460000000e+01 6.4596064951e-09 3.7784825418e-06
6.2465000000e+01 6.5247350148e-09 3.7482335185e-06
6.2470000000e+01 6.2855965750e-09 3.7160985180e-06
6.2475000000e+01 5.8433020944e-09 3.6824504955e-06
6.2480000000e+01 5.3599637835e-09 3.6480118758e-06
6.2485000000e+01 4.9386265089e-09 3.6136360369e-06
6.2490000000e+01 4.5926637926e-09 3.5801229889e-06
6.2495000000e+01 4.3215489275e-09 3.5481249000e-06
6.2500000000e+01 4.1861303230e-09 3.5180973583e-06
6.2505000000e+01 4.2803654924e-09 3.4902142562e-06
6.2510000000e+01 4.6267431966e-09 3.4642778299e-06
6.2515000000e+01 5.1138127733e-09 3.4397127068e-06
6.2520000000e+01 5.5505679032e-09 3.4157148451e-06
6.2525000000e+01 5.7927992769e-09 3.3915184637e-06
6.2530000000e+01 5.8181940995e-09 3.3666472373e-06
6.2535000000e+01 5.6843986164e-09 3.3410099603e-06
6.2540000000e+01 5.4360446592e-09 3.3148535909e-06
6.2545000000e+01 5.0716554966e-09 3.2886685318e-06
6.2550000000e+01 4.5997424606e-09 3.2631278864e-06
6.2555000000e+01 4.1071560806e-09 3.2390343036e-06
6.2560000000e+01 3.7481798545e-09 3.2172044862e-06
6.2565000000e+01 3.6506315796e-09 3.1982573663e-06
6.2570000000e+01 3.8268693142e-09 3.1824000777e-06
6.2575000000e+01 4.1773573279e-09 3.1693569026e-06
6.2580000000e+01 4.5756261909e-09 3.1585017660e-06
6.2585000000e+01 4.9420675221e-09 3.1490869985e-06
6.2590000000e+01 5.2444214565e-09 3.1404374864e-06
6.2595000000e+01 5.4478049974e-09 3.1320387492e-06
6.2600000000e+01 5.4858212599e-09 3.1235708199e-06
6.2605000000e+01 5.2977206457e-09 3.1149741030e-06
6.2610000000e+01 4.8965126479e-09 3.1065509061e-06
6.2615000000e+01 4.3913110369e-09 3.0989783299e-06
6.2620000000e+01 3.9361324968e-09 3.0931519338e-06
6.2625000000e+01 3.6496058684e-09 3.0899035949e-06
6.2630000000e+01 3.5708424021e-09 3.0897532021e-06
6.2635000000e+01 3.6766915361e-09 3.0928166429e-06
6.2640000000e+01 3.9288225066e-09 3.0988745826e-06
6.2645000000e+01 4.2973201090e-09 3.1074773893e-06
6.2650000000e+01 4.7405204532e-09 3.1179980547e-06
6.2655000000e+01 5.1758200217e-09 3.1296691867e-06
6.2660000000e+01 5.4869096226e-09 3.1417088340e-06
6.2665000000e+01 5.5730109909e-09 3.1535396981e-06
6.2670000000e+01 5.4066670945e-09 3.1650029106e-06
6.2675000000e+01 5.0532548476e-09 3.1764140844e-06
6.2680000000e+01 4.6318889185e-09 3.1884178429e-06
6.2685000000e+01 4.2507638460e-09 3.2017448647e-06
6.2690000000e+01 3.9720441277e-09 3.2170357936e-06
6.2695000000e+01 3.8248864509e-09 3.2347686951e-06
6.2700000000e+01 3.8378090399e-09 3.2552220220e-06
6.2705000000e+01 4.0451291568e-09 3.2783957308e-06
6.2710000000e+01 4.4491054999e-09 3.3039170841e-06
6.2715000000e+01 4.9747524116e-09 3.3310359744e-06
6.2720000000e+01 5.4769701821e-09 3.3588003575e-06
6.2725000000e+01 5.8111850043e-09 3.3863407196e-06
6.2730000000e+01 5.9113223258e-09 3.4131030935e-06
6.2735000000e+01 5.8076377046e-09 3.4389163032e-06
6.2740000000e+01 5.5744530582e-09 3.4639289846e-06
6.2745000000e+01 5.2654921110e-09 3.4885162322e-06
6.2750000000e+01 4.9054531406e-09 3.5132279564e-06
6.2755000000e+01 4.5416085104e-09 3.5387386312e-06
6.2760000000e+01 4.2805776991e-09 3.5657139852e-06
6.2765000000e+01 4.2470635949e-09 3.5945849423e-06
6.2770000000e+01 4.4929411194e-09 3.6253587272e-06
6.2775000000e+01 4.9450376304e-09 3.6575850292e-06
6.2780000000e+01 5.4500723057e-09 3.6905010497e-06
6.2785000000e+01 5.8794471890e-09 3.7232551928e-06
6.2790000000e+01 6.1902725967e-09 3.7550825623e-06
6.2795000000e+01 6.3889060573e-09 3.7853819615e-06
6.2800000000e+01 6.4559437308e-09 3.8137654146e-06
6.2805000000e+01 6.3324958151e-09 3.8401357302e-06
6.2810000000e+01 5.9920888123e-09 3.8647644985e-06
6.2815000000e+01 5.5171293753e-09 3.8882695078e-06
6.2820000000e+01 5.0840148324e-09 3.9114464153e-06
6.2825000000e+01 4.8537285578e-09 3.9350035614e-06
6.2830000000e+01 4.8702221485e-09 3.9593403347e-06
6.2835000000e+01 5.0669584447e-09 3.9844734660e-06
6.2840000000e+01 5.3618349499e-09 4.0100962856e-06
6.2845000000e+01 5.7272615678e-09 4.0356667382e-06
6.2850000000e+01 6.1632637364e-09 4.0604782972e-06
6.2855000000e+01 6.6153087336e-09 4.0837291246e-06
6.2860000000e+01 6.9466897809e-09 4.1046531415e-06
6.2865000000e+01 7.0183142391e-09 4.1227192239e-06
6.2870000000e+01 6.8016080495e-09 4.1378116042e-06
6.2875000000e+01 6.4051061990e-09 4.1502643192e-06
6.2880000000e+01 5.9870482952e-09 4.1607257321e-06
6.2885000000e+01 5.6464853157e-09 4.1699377884e-06
6.2890000000e+01 5.3993110512e-09 4.1785532788e-06
6.2895000000e+01 5.2455444100e-09 4.1870394229e-06
6.2900000000e+01 5.2340153679e-09 4.1956386753e-06
6.2905000000e+01 5.4369533312e-09 4.2043131358e-06
6.2910000000e+01 5.8572732378e-09 4.2126817525e-06
6.2915000000e+01 6.3780887794e-09 4.2200361968e-06
6.2920000000e+01 6.8200872271e-09 4.2255036651e-06
6.2925000000e+01 7.0545925183e-09 4.2283027776e-06
6.2930000000e+01 7.0661517234e-09 4.2279721153e-06
6.2935000000e+01 6.9146154395e-09 4.2244538388e-06
6.2940000000e+01 6.6517002260e-09 4.2180306450e-06
6.2945000000e+01 6.2900306533e-09 4.2092109608e-06
6.2950000000e+01 5.8515583921e-09 4.1986528808e-06
6.2955000000e+01 5.4235343427e-09 4.1870998451e-06
6.2960000000e+01 5.1435803852e-09 4.1752623184e-06
6.2965000000e+01 5.1167957855e-09 4.1636255987e-06
6.2970000000e+01 5.3421791906e-09 4.1522699482e-06
6.2975000000e+01 5.7183703682e-09 4.1408248233e-06
6.2980000000e+01 6.1193096280e-09 4.1286130756e-06
6.2985000000e+01 6.4628376969e-09 4.1148885054e-06
6.2990000000e+01 6.7134851755e-09 4.0990263718e-06
6.2995000000e+01 6.8400223926e-09 4.0806039380e-06
6.3000000000e+01 6.7929617029e-09 4.0594299098e-06
6.3005000000e+01 6.5340812581e-09 4.0355900710e-06
6.3010000000e+01 6.0893134413e-09 4.0095129091e-06
6.3015000000e+01 5.5670814204e-09 3.9819605756e-06
6.3020000000e+01 5.1130220458e-09 3.9538647407e-06
6.3025000000e+01 4.8367045590e-09 3.9260512014e-06
6.3030000000e+01 4.7712154471e-09 3.8990143337e-06
6.3035000000e+01 4.8870025915e-09 3.8728473794e-06
6.3040000000e+01 5.1338927903e-09 3.8473213056e-06
6.3045000000e+01 5.4675518100e-09 3.8220020945e-06
6.3050000000e+01 5.8393431856e-09 3.7963243092e-06
6.3055000000e+01 6.1722561582e-09 3.7696423880e-06
6.3060000000e+01 6.3636761938e-09 3.7413519682e-06
6.3065000000e+01 6.3285700525e-09 3.7110928531e-06
6.3070000000e+01 6.0518345159e-09 3.6789294523e-06
6.3075000000e+01 5.6051449750e-09 3.6453737491e-06
6.3080000000e+01 5.1116043097e-09 3.6112302784e-06
6.3085000000e+01 4.6824782636e-09 3.5773555354e-06
6.3090000000e+01 4.3773578766e-09 3.5444783023e-06
6.3095000000e+01 4.2161091109e-09 3.5131306753e-06
6.3100000000e+01 4.2138987802e-09 3.4836216489e-06
6.3105000000e+01 4.3901312871e-09 3.4559760046e-06
6.3110000000e+01 4.7357209495e-09 3.4298715793e-06
6.3115000000e+01 5.1725776837e-09 3.4046650397e-06
6.3120000000e+01 5.5599951080e-09 3.3795699885e-06
6.3125000000e+01 5.7625573980e-09 3.3539252314e-06
6.3130000000e+01 5.7261333139e-09 3.3274088585e-06
6.3135000000e+01 5.4928748328e-09 3.3000884366e-06
6.3140000000e+01 5.1461704510e-09 3.2723416963e-06
6.3145000000e+01 4.7469217815e-09 3.2447513184e-06
6.3150000000e+01 4.3255274066e-09 3.2180356277e-06
6.3155000000e+01 3.9285822674e-09 3.1929784690e-06
6.3160000000e+01 3.6533751260e-09 3.1702993308e-06
6.3165000000e+01 3.6094782030e-09 3.1504550780e-06
6.3170000000e+01 3.8319354708e-09 3.1334782197e-06
6.3175000000e+01 4.2366591872e-09 3.1189683181e-06
6.3180000000e+01 4.6700169973e-09 3.1062510833e-06
6.3185000000e+01 5.0082558045e-09 3.0945993086e-06
6.3190000000e+01 5.2127475786e-09 3.0834056257e-06
6.3195000000e+01 5.2948903070e-09 3.0722623918e-06
6.3200000000e+01 5.2447007578e-09 3.0609983329e-06
6.3205000000e+01 5.0183489648e-09 3.0497290389e-06
6.3210000000e+01 4.6056080611e-09 3.0389057067e-06
6.3215000000e+01 4.0966853191e-09 3.0292707310e-06
6.3220000000e+01 3.6609213729e-09 3.0216816207e-06
6.3225000000e+01 3.4432502850e-09 3.0168605814e-06
6.3230000000e+01 3.4746944715e-09 3.0151949066e-06
6.3235000000e+01 3.6824574529e-09 3.0166762472e-06
6.3240000000e+01 3.9799774245e-09 3.0209724568e-06
6.3245000000e+01 4.3327470850e-09 3.0275373361e-06
6.3250000000e+01 4.7312762322e-09 3.0356956394e-06
6.3255000000e+01 5.1177168770e-09 3.0447218748e-06
6.3260000000e+01 5.3677531232e-09 3.0539707841e-06
6.3265000000e+01 5.3646718690e-09 3.0630516556e-06
6.3270000000e+01 5.0977605977e-09 3.0719757723e-06
6.3275000000e+01 4.6810987402e-09 3.0811707564e-06
6.3280000000e+01 4.2690581267e-09 3.0913327240e-06
6.3285000000e+01 3.9562909201e-09 3.1032001262e-06
6.3290000000e+01 3.7589041777e-09 3.1173740714e-06
6.3295000000e+01 3.6760628026e-09 3.1342292835e-06
6.3300000000e+01 3.7447807951e-09 3.1538839453e-06
6.3305000000e+01 4.0158511670e-09 3.1761676579e-06
6.3310000000e+01 4.4752466012e-09 3.2005902143e-06
6.3315000000e+01 5.0043594243e-09 3.2263767725e-06
6.3320000000e+01 5.4354696705e-09 3.2526332025e-06
6.3325000000e+01 5.6550818236e-09 3.2785953893e-06
6.3330000000e+01 5.6562752625e-09 3.3038358186e-06
6.3335000000e+01 5.5011366498e-09 3.3283250103e-06
6.3340000000e+01 5.2479063595e-09 3.3523570060e-06
6.3345000000e+01 4.9225719502e-09 3.3764202051e-06
6.3350000000e+01 4.5571630735e-09 3.4011023258e-06
6.3355000000e+01 4.2360665902e-09 3.4270201673e-06
6.3360000000e+01 4.0801862230e-09 3.4547062700e-06
6.3365000000e+01 4.1733692421e-09 3.4844345654e-06
6.3370000000e+01 4.5015182809e-09 3.5160717388e-06
6.3375000000e+01 4.9616399501e-09 3.5490610057e-06
6.3380000000e+01 5.4292891106e-09 3.5825766071e-06
6.3385000000e+01 5.8203819851e-09 3.6157614761e-06
6.3390000000e+01 6.0980540059e-09 3.6479165154e-06
6.3395000000e+01 6.2376810023e-09 3.6785742744e-06
6.3400000000e+01 6.2056673417e-09 3.7075143610e-06
6.3405000000e+01 5.9830405493e-09 3.7347925314e-06
6.3410000000e+01 5.6073495673e-09 3.7607785479e-06
6.3415000000e+01 5.1846053992e-09 3.7861206181e-06
6.3420000000e+01 4.8503974159e-09 3.8115785932e-06
6.3425000000e+01 4.7052259808e-09 3.8377648217e-06
6.3430000000e+01 4.7746362199e-09 3.8649369654e-06
6.3435000000e+01 5.0207216413e-09 3.8929511166e-06
6.3440000000e+01 5.3824783969e-09 3.9213568645e-06
6.3445000000e+01 5.8039576073e-09 3.9495237506e-06
6.3450000000e+01 6.2313235020e-09 3.9767297789e-06
6.3455000000e+01 6.5938226041e-09 4.0022274608e-06
6.3460000000e+01 6.8030291633e-09 4.0253601307e-06
6.3465000000e+01 6.7885268660e-09 4.0457414476e-06
6.3470000000e+01 6.5461677057e-09 4.0634060805e-06
6.3475000000e+01 6.1542763574e-09 4.0788073184e-06
6.3480000000e+01 5.7381576502e-09 4.0926480867e-06
6.3485000000e+01 5.4082813644e-09 4.1056456567e-06
6.3490000000e+01 5.2201585247e-09 4.1183588763e-06
6.3495000000e+01 5.1835250394e-09 4.1311199043e-06
6.3500000000e+01 5.2994630655e-09 4.1440196837e-06
6.3505000000e+01 5.5741987446e-09 4.1568726818e-06
6.3510000000e+01 5.9887812008e-09 4.1691799647e-06
6.3515000000e+01 6.4618967409e-09 4.1801786614e-06
6.3520000000e+01 6.8584082130e-09 4.1890263014e-06
6.3525000000e+01 7.0538278222e-09 4.1950504381e-06
6.3530000000e+01 7.0060381733e-09 4.1979390120e-06
6.3535000000e+01 6.7679927185e-09 4.1977763690e-06
6.3540000000e+01 6.4310715813e-09 4.1949506121e-06
6.3545000000e+01 6.0612282188e-09 4.1900334150e-06
6.3550000000e+01 5.6916502964e-09 4.1836966072e-06
6.3555000000e+01 5.3674320037e-09 4.1766330452e-06
6.3560000000e+01 5.1758657415e-09 4.1694293183e-06
6.3565000000e+01 5.2096324298e-09 4.1623936987e-06
6.3570000000e+01 5.4879085093e-09 4.1554290400e-06
6.3575000000e+01 5.9176522446e-09 4.1480441643e-06
6.3580000000e+01 6.3453803893e-09 4.1395215386e-06
6.3585000000e+01 6.6538368640e-09 4.1291409924e-06
6.3590000000e+01 6.8103993086e-09 4.1163459346e-06
6.3595000000e+01 6.8311567400e-09 4.1008175280e-06
6.3600000000e+01 6.7154261111e-09 4.0825021156e-06
6.3605000000e+01 6.4343331238e-09 4.0616360718e-06
6.3610000000e+01 5.9917653003e-09 4.0387633894e-06
6.3615000000e+01 5.4828870313e-09 4.0146750396e-06
6.3620000000e+01 5.0687363523e-09 3.9902318087e-06
6.3625000000e+01 4.8777365952e-09 3.9661264160e-06
6.3630000000e+01 4.9272807721e-09 3.9427059277e-06
6.3635000000e+01 5.1390129965e-09 3.9199304526e-06
6.3640000000e+01 5.4232506339e-09 3.8974560250e-06
6.3645000000e+01 5.7387179585e-09 3.8747592272e-06
6.3650000000e+01 6.0685482707e-09 3.8512394568e-06
6.3655000000e+01 6.3549648153e-09 3.8263028501e-06
6.3660000000e+01 6.4863470790e-09 3.7994824852e-06
6.3665000000e+01 6.3678053677e-09 3.7705933216e-06
6.3670000000e+01 6.0059777966e-09 3.7398481970e-06
6.3675000000e+01 5.5185070643e-09 3.7078468025e-06
6.3680000000e+01 5.0547550661e-09 3.6754207927e-06
6.3685000000e+01 4.7050531844e-09 3.6434069356e-06
6.3690000000e+01 4.4843682929e-09 3.6124684796e-06
6.3695000000e+01 4.3889863629e-09 3.5830164928e-06
6.3700000000e+01 4.4442811826e-09 3.5551943103e-06
6.3705000000e+01 4.6817811685e-09 3.5288650651e-06
6.3710000000e+01 5.0727362739e-09 3.5036065015e-06
6.3715000000e+01 5.4992395226e-09 3.4787664679e-06
6.3720000000e+01 5.8070791807e-09 3.4536276985e-06
6.3725000000e+01 5.8974529589e-09 3.4276421326e-06
6.3730000000e+01 5.7720797126e-09 3.4006182911e-06
6.3735000000e+01 5.4972395389e-09 3.3727613902e-06
6.3740000000e+01 5.1372117995e-09 3.3445802230e-06
6.3745000000e+01 4.7291574201e-09 3.3167484566e-06
6.3750000000e+01 4.3136404429e-09 3.2899974189e-06
6.3755000000e+01 3.9700618884e-09 3.2650359308e-06
6.3760000000e+01 3.8020898727e-09 3.2424461148e-06
6.3765000000e+01 3.8746321923e-09 3.2225315727e-06
6.3770000000e+01 4.1621864687e-09 3.2051944193e-06
6.3775000000e+01 4.5603914096e-09 3.1899454279e-06
6.3780000000e+01 4.9475599531e-09 3.1760703389e-06
6.3785000000e+01 5.2401696916e-09 3.1628630101e-06
6.3790000000e+01 5.4020883924e-09 3.1498065250e-06
6.3795000000e+01 5.4168715754e-09 3.1366404809e-06
6.3800000000e+01 5.2674667165e-09 3.1233620084e-06
6.3805000000e+01 4.9519587017e-09 3.1102323239e-06
6.3810000000e+01 4.5169785494e-09 3.0977910617e-06
6.3815000000e+01 4.0662690634e-09 3.0868008232e-06
6.3820000000e+01 3.7252103523e-09 3.0780744244e-06
6.3825000000e+01 3.5840383654e-09 3.0722340407e-06
6.3830000000e+01 3.6609591133e-09 3.0695288689e-06
6.3835000000e+01 3.9097659016e-09 3.0698050275e-06
6.3840000000e+01 4.2592845747e-09 3.0726150582e-06
6.3845000000e+01 4.6453829873e-09 3.0773571094e-06
6.3850000000e+01 5.0121162126e-09 3.0833713773e-06
6.3855000000e+01 5.2957335791e-09 3.0900141740e-06
6.3860000000e+01 5.4222057483e-09 3.0967702093e-06
6.3865000000e+01 5.3360030220e-09 3.1034063123e-06
6.3870000000e+01 5.0434755931e-09 3.1100893942e-06
6.3875000000e+01 4.6287344392e-09 3.1173623493e-06
6.3880000000e+01 4.2186952463e-09 3.1259659489e-06
6.3885000000e+01 3.9210687031e-09 3.1366057721e-06
6.3890000000e+01 3.7848704059e-09 3.1497885760e-06
6.3895000000e+01 3.8101723312e-09 3.1657622530e-06
6.3900000000e+01 3.9853118460e-09 3.1845100401e-06
6.3905000000e+01 4.3039565927e-09 3.2057387428e-06
6.3910000000e+01 4.7393441189e-09 3.2288711026e-06
6.3915000000e+01 5.2087901596e-09 3.2531113703e-06
6.3920000000e+01 5.5832137397e-09 3.2776293862e-06
6.3925000000e+01 5.7505946388e-09 3.3017954718e-06
6.3930000000e+01 5.6819591635e-09 3.3253446751e-06
6.3935000000e+01 5.4398263110e-09 3.3483939874e-06
6.3940000000e+01 5.1219605688e-09 3.3713406915e-06
6.3945000000e+01 4.7981298382e-09 3.3947292124e-06
6.3950000000e+01 4.5025419040e-09 3.4191532345e-06
6.3955000000e+01 4.2770651905e-09 3.4451728109e-06
6.3960000000e+01 4.1986823059e-09 3.4731959471e-06
6.3965000000e+01 4.3433730744e-09 3.5033302912e-06
6.3970000000e+01 4.7144174051e-09 3.5352876793e-06
6.3975000000e+01 5.2117122998e-09 3.5684192145e-06
6.3980000000e+01 5.6841513821e-09 3.6018873341e-06
6.3985000000e+01 6.0212822662e-09 3.6348867780e-06
6.3990000000e+01 6.1973795937e-09 3.6668078386e-06
6.3995000000e+01 6.2342857947e-09 3.6973010103e-06
6.4000000000e+01 6.1395766790e-09 3.7262891152e-06
6.4005000000e+01 5.8981459986e-09 3.7539727494e-06
6.4010000000e+01 5.5266286936e-09 3.7808205147e-06
6.4015000000e+01 5.1222525127e-09 3.8074912872e-06
6.4020000000e+01 4.8356371843e-09 3.8346620614e-06
6.4025000000e+01 4.7786113027e-09 3.8628068883e-06
6.4030000000e+01 4.9549945977e-09 3.8920389301e-06
6.4035000000e+01 5.2805900410e-09 3.9220899685e-06
6.4040000000e+01 5.6632523243e-09 3.9524082606e-06
6.4045000000e+01 6.0562536231e-09 3.9822942399e-06
6.4050000000e+01 6.4363983977e-09 4.0110146552e-06
6.4055000000e+01 6.7477130102e-09 4.0378925535e-06
6.4060000000e+01 6.8926019239e-09 4.0624154006e-06
6.4065000000e+01 6.7961570066e-09 4.0843657289e-06
6.4070000000e+01 6.4800572676e-09 4.1039119665e-06
6.4075000000e+01 6.0645422350e-09 4.1215755892e-06
6.4080000000e+01 5.6921768103e-09 4.1380660147e-06
6.4085000000e+01 5.4474033698e-09 4.1540596771e-06
6.4090000000e+01 5.3431449055e-09 4.1700284799e-06
6.4095000000e+01 5.3708450855e-09 4.1861695809e-06
6.4100000000e+01 5.5432580322e-09 4.2024077299e-06
6.4105000000e+01 5.8745122282e-09 4.2184053305e-06
6.4110000000e+01 6.3235443738e-09 4.2335779147e-06
6.4115000000e+01 6.7742574396e-09 4.2471664715e-06
6.4120000000e+01 7.0863407053e-09 4.2584032267e-06
6.4125000000e+01 7.1756518015e-09 4.2667285127e-06
6.4130000000e+01 7.0517871784e-09 4.2719552565e-06
6.4135000000e+01 6.7849533602e-09 4.2742912632e-06
6.4140000000e+01 6.4453883791e-09 4.2742302315e-06
6.4145000000e+01 6.0787435143e-09 4.2724014279e-06
6.4150000000e+01 5.7305119980e-09 4.2694564102e-06
6.4155000000e+01 5.4738305426e-09 4.2659862776e-06
6.4160000000e+01 5.3946986045e-09 4.2624240425e-06
6.4165000000e+01 5.5394698057e-09 4.2589178195e-06
6.4170000000e+01 5.8729879894e-09 4.2552376082e-06
6.4175000000e+01 6.2899128403e-09 4.2508053964e-06
6.4180000000e+01 6.6711607674e-09 4.2448714200e-06
6.4185000000e+01 6.9355191216e-09 4.2367446903e-06
6.4190000000e+01 7.0496726589e-09 4.2259613121e-06
6.4195000000e+01 7.0057656282e-09 4.2123417613e-06
6.4200000000e+01 6.8022626474e-09 4.1959800678e-06
6.4205000000e+01 6.4524511161e-09 4.1772289527e-06
6.4210000000e+01 6.0094687916e-09 4.1566898833e-06
6.4215000000e+01 5.5731710424e-09 4.1351435005e-06
6.4220000000e+01 5.2588533383e-09 4.1133767599e-06
6.4225000000e+01 5.1457963871e-09 4.0919582502e-06
6.4230000000e+01 5.2433674697e-09 4.0710820882e-06
6.4235000000e+01 5.4976445547e-09 4.0505590348e-06
6.4240000000e+01 5.8288274148e-09 4.0299354526e-06
6.4245000000e+01 6.1662723163e-09 4.0086425369e-06
6.4250000000e+01 6.4546453846e-09 3.9861028102e-06
6.4255000000e+01 6.6384707872e-09 3.9618054079e-06
6.4260000000e+01 6.6572045218e-09 3.9354093942e-06
6.4265000000e+01 6.4699051209e-09 3.9068755659e-06
6.4270000000e+01 6.0933362648e-09 3.8765513009e-06
6.4275000000e+01 5.6161771308e-09 3.8451241486e-06
6.4280000000e+01 5.1653597683e-09 3.8134396589e-06
6.4285000000e+01 4.8444713876e-09 3.7822732877e-06
6.4290000000e+01 4.6946522062e-09 3.7521747175e-06
6.4295000000e+01 4.7058406674e-09 3.7234186929e-06
6.4300000000e+01 4.8553113051e-09 3.6960122589e-06
6.4305000000e+01 5.1260657175e-09 3.6697020891e-06
6.4310000000e+01 5.4844575743e-09 3.6439917978e-06
6.4315000000e+01 5.8483820120e-09 3.6182241104e-06
6.4320000000e+01 6.0967490945e-09 3.5917586675e-06
6.4325000000e+01 6.1304477734e-09 3.5641875541e-06
6.4330000000e+01 5.9342794610e-09 3.5354773716e-06
6.4335000000e+01 5.5803205144e-09 3.5059658026e-06
6.4340000000e+01 5.1708055718e-09 3.4762472577e-06
6.4345000000e+01 4.7779187272e-09 3.4470321528e-06
6.4350000000e+01 4.4363078549e-09 3.4190375471e-06
6.4355000000e+01 4.1834771681e-09 3.3928998314e-06
6.4360000000e+01 4.0856339685e-09 3.3690696593e-06
6.4365000000e+01 4.2030735634e-09 3.3476885168e-06
6.4370000000e+01 4.5247128490e-09 3.3285199264e-06
6.4375000000e+01 4.9450017787e-09 3.3110052552e-06
6.4380000000e+01 5.3175167003e-09 3.2944407788e-06
6.4385000000e+01 5.5405444645e-09 3.2781913138e-06
6.4390000000e+01 5.5956861639e-09 3.2618449672e-06
6.4395000000e+01 5.5113200962e-09 3.2452692334e-06
6.4400000000e+01 5.3040761057e-09 3.2286055374e-06
6.4405000000e+01 4.9712387369e-09 3.2122516966e-06
6.4410000000e+01 4.5405101885e-09 3.1968314967e-06
6.4415000000e+01 4.1101266663e-09 3.1831031158e-06
6.4420000000e+01 3.8188669868e-09 3.1717895554e-06
6.4425000000e+01 3.7619313281e-09 3.1633781509e-06
6.4430000000e+01 3.9310949824e-09 3.1579841175e-06
6.4435000000e+01 4.2371260767e-09 3.1553465012e-06
6.4440000000e+01 4.5861105675e-09 3.1549409762e-06
6.4445000000e+01 4.9278915590e-09 3.1561263676e-06
6.4450000000e+01 5.2353562643e-09 3.1582639751e-06
6.4455000000e+01 5.4560468624e-09 3.1608087377e-06
6.4460000000e+01 5.5073660583e-09 3.1634056583e-06
6.4465000000e+01 5.3340956623e-09 3.1659947516e-06
6.4470000000e+01 4.9709477670e-09 3.1688746192e-06
6.4475000000e+01 4.5393470919e-09 3.1726520879e-06
6.4480000000e+01 4.1751651162e-09 3.1780698090e-06
6.4485000000e+01 3.9560126342e-09 3.1857886870e-06
6.4490000000e+01 3.8914405891e-09 3.1962283766e-06
6.4495000000e+01 3.9679102949e-09 3.2095094029e-06
6.4500000000e+01 4.1856966255e-09 3.2254691303e-06
6.4505000000e+01 4.5430996042e-09 3.2436941919e-06
6.4510000000e+01 4.9900494771e-09 3.2635566151e-06
6.4515000000e+01 5.4141865080e-09 3.2842957856e-06
6.4520000000e+01 5.6891854323e-09 3.3051824120e-06
6.4525000000e+01 5.7456745596e-09 3.3257190050e-06
6.4530000000e+01 5.6013929250e-09 3.3457787515e-06
6.4535000000e+01 5.3301900075e-09 3.3656080595e-06
6.4540000000e+01 5.0075532034e-09 3.3857056304e-06
6.4545000000e+01 4.6860759619e-09 3.4066627767e-06
6.4550000000e+01 4.4133771277e-09 3.4290441551e-06
6.4555000000e+01 4.2544744862e-09 3.4533073896e-06
6.4560000000e+01 4.2785514582e-09 3.4797162187e-06
6.4565000000e+01 4.5146750405e-09 3.5082353498e-06
6.4570000000e+01 4.9187013799e-09 3.5384665615e-06
6.4575000000e+01 5.3855598788e-09 3.5697002678e-06
6.4580000000e+01 5.7995079783e-09 3.6010955070e-06
6.4585000000e+01 6.0823822183e-09 3.6319052383e-06
6.4590000000e+01 6.2057243847e-09 3.6616339557e-06
6.4595000000e+01 6.1709953933e-09 3.6900804875e-06
6.4600000000e+01 5.9904295128e-09 3.7173138133e-06
6.4605000000e+01 5.6902768545e-09 3.7436413832e-06
6.4610000000e+01 5.3283102695e-09 3.7695769481e-06
6.4615000000e+01 4.9989118060e-09 3.7957582736e-06
6.4620000000e+01 4.8065322384e-09 3.8227798623e-06
6.4625000000e+01 4.8192445896e-09 3.8509874204e-06
6.4630000000e+01 5.0367648386e-09 3.8803460094e-06
6.4635000000e+01 5.3970242144e-09 3.9104530398e-06
6.4640000000e+01 5.8133243072e-09 3.9406689407e-06
6.4645000000e+01 6.2106789866e-09 3.9702719262e-06
6.4650000000e+01 6.5353772015e-09 3.9985714449e-06
6.4655000000e+01 6.7409789869e-09 4.0249857448e-06
6.4660000000e+01 6.7800659423e-09 4.0491321451e-06
6.4665000000e+01 6.6245811452e-09 4.0709350633e-06
6.4670000000e+01 6.3008441505e-09 4.0906842609e-06
6.4675000000e+01 5.9010959176e-09 4.1089676585e-06
6.4680000000e+01 5.5498205267e-09 4.1264855314e-06
6.4685000000e+01 5.3444016187e-09 4.1438334062e-06
6.4690000000e+01 5.3170511307e-09 4.1613568333e-06
6.4695000000e+01 5.4470599031e-09 4.1791129200e-06
6.4700000000e+01 5.7011465502e-09 4.1968937369e-06
6.4705000000e+01 6.0531256984e-09 4.2142537783e-06
6.4710000000e+01 6.4636139633e-09 4.2305475308e-06
6.4715000000e+01 6.8515801315e-09 4.2450247844e-06
6.4720000000e+01 7.1049874338e-09 4.2570031460e-06
6.4725000000e+01 7.1382563926e-09 4.2660616476e-06
6.4730000000e+01 6.9488713007e-09 4.2721592193e-06
6.4735000000e+01 6.6172066548e-09 4.2756151958e-06
6.4740000000e+01 6.2485403043e-09 4.2769827782e-06
6.4745000000e+01 5.9149882346e-09 4.2769002885e-06
6.4750000000e+01 5.6499519775e-09 4.2759777550e-06
6.4755000000e+01 5.4858108280e-09 4.2747092872e-06
6.4760000000e+01 5.4768975698e-09 4.2733805805e-06
6.4765000000e+01 5.6678413325e-09 4.2719733035e-06
6.4770000000e+01 6.0347343593e-09 4.2701228667e-06
6.4775000000e+01 6.4679379137e-09 4.2671900674e-06
6.4780000000e+01 6.8267118253e-09 4.2624425646e-06
6.4785000000e+01 7.0191090731e-09 4.2552615398e-06
6.4790000000e+01 7.0344882230e-09 4.2452842318e-06
6.4795000000e+01 6.9073142503e-09 4.2324488903e-06
6.4800000000e+01 6.6627872251e-09 4.2169742430e-06
6.4805000000e+01 6.3095662750e-09 4.1993202319e-06
6.4810000000e+01 5.8837888252e-09 4.1801377374e-06
6.4815000000e+01 5.4824593177e-09 4.1601697876e-06
6.4820000000e+01 5.2318829712e-09 4.1400878066e-06
6.4825000000e+01 5.2102302373e-09 4.1203094903e-06
6.4830000000e+01 5.3976372401e-09 4.1008870121e-06
6.4835000000e+01 5.7010837531e-09 4.0815208603e-06
6.4840000000e+01 6.0254300116e-09 4.0616831109e-06
6.4845000000e+01 6.3180445068e-09 4.0407737822e-06
6.4850000000e+01 6.5502054557e-09 4.0182443975e-06
6.4855000000e+01 6.6745588896e-09 3.9936843230e-06
6.4860000000e+01 6.6234338322e-09 3.9669038793e-06
6.4865000000e+01 6.3603145324e-09 3.9380162633e-06
6.4870000000e+01 5.9313247463e-09 3.9074738569e-06
6.4875000000e+01 5.4573625790e-09 3.8760010068e-06
6.4880000000e+01 5.0668503713e-09 3.8444186776e-06
6.4885000000e+01 4.8303878237e-09 3.8134327580e-06
6.4890000000e+01 4.7529896162e-09 3.7834859303e-06
6.4895000000e+01 4.8152155276e-09 3.7547152693e-06
6.4900000000e+01 5.0060401551e-09 3.7269835659e-06
6.4905000000e+01 5.3099392587e-09 3.6999287640e-06
6.4910000000e+01 5.6700894549e-09 3.6730185918e-06
6.4915000000e+01 5.9802168920e-09 3.6456414229e-06
6.4920000000e+01 6.1284525366e-09 3.6172621528e-06
6.4925000000e+01 6.0596114661e-09 3.5876046067e-06
6.4930000000e+01 5.7999743722e-09 3.5567668847e-06
6.4935000000e+01 5.4272805285e-09 3.5252019343e-06
6.4940000000e+01 5.0212338620e-09 3.4935847718e-06
6.4945000000e+01 4.6397380680e-09 3.4626478838e-06
6.4950000000e+01 4.3308204957e-09 3.4330577871e-06
6.4955000000e+01 4.1502339451e-09 3.4053373170e-06
6.4960000000e+01 4.1510277397e-09 3.3797926039e-06
6.4965000000e+01 4.3471818296e-09 3.3564299294e-06
6.4970000000e+01 4.6871393355e-09 3.3349165494e-06
6.4975000000e+01 5.0668764268e-09 3.3146513009e-06
6.4980000000e+01 5.3756216212e-09 3.2949475920e-06
6.4985000000e+01 5.5400674821e-09 3.2752477873e-06
6.4990000000e+01 5.5378655200e-09 3.2552671558e-06
6.4995000000e+01 5.3808832471e-09 3.2350236088e-06
6.5000000000e+01 5.0944229016e-09 3.2147968302e-06
6.5005000000e+01 4.7153668088e-09 3.1950792503e-06
6.5010000000e+01 4.3048231139e-09 3.1765270965e-06
6.5015000000e+01 3.9513886039e-09 3.1598666802e-06
6.5020000000e+01 3.7483209972e-09 3.1457330423e-06
6.5025000000e+01 3.7525670234e-09 3.1344866826e-06
6.5030000000e+01 3.9546894218e-09 3.1261053908e-06
6.5035000000e+01 4.2852141693e-09 3.1202154987e-06
6.5040000000e+01 4.6523126316e-09 3.1162334338e-06
6.5045000000e+01 4.9795134961e-09 3.1135248326e-06
6.5050000000e+01 5.2167720175e-09 3.1115192541e-06
6.5055000000e+01 5.3271070301e-09 3.1097862123e-06
6.5060000000e+01 5.2763559905e-09 3.1081125690e-06
6.5065000000e+01 5.0490616482e-09 3.1065844827e-06
6.5070000000e+01 4.6799789702e-09 3.1056190237e-06
6.5075000000e+01 4.2641580770e-09 3.1058814476e-06
6.5080000000e+01 3.9227216565e-09 3.1080967143e-06
6.5085000000e+01 3.7451244580e-09 3.1128423972e-06
6.5090000000e+01 3.7541639675e-09 3.1204183131e-06
6.5095000000e+01 3.9194270861e-09 3.1308195062e-06
6.5100000000e+01 4.1981361750e-09 3.1437732538e-06
6.5105000000e+01 4.5565040185e-09 3.1587869050e-06
6.5110000000e+01 4.9513818052e-09 3.1752029866e-06
6.5115000000e+01 5.3041792495e-09 3.1923015258e-06
6.5120000000e+01 5.5127852408e-09 3.2094650495e-06
6.5125000000e+01 5.5059083905e-09 3.2263508077e-06
6.5130000000e+01 5.2935246779e-09 3.2429839846e-06
6.5135000000e+01 4.9628240476e-09 3.2597215865e-06
6.5140000000e+01 4.6207665932e-09 3.2771172249e-06
6.5145000000e+01 4.3383308568e-09 3.2957656274e-06
6.5150000000e+01 4.1460821065e-09 3.3161860264e-06
6.5155000000e+01 4.0704326291e-09 3.3387398929e-06
6.5160000000e+01 4.1541023196e-09 3.3635527885e-06
6.5165000000e+01 4.4264036813e-09 3.3904431718e-06
6.5170000000e+01 4.8519352785e-09 3.4189069113e-06
6.5175000000e+01 5.3191522124e-09 3.4482034255e-06
6.5180000000e+01 5.6941181530e-09 3.4775365474e-06
6.5185000000e+01 5.8950988255e-09 3.5062536690e-06
6.5190000000e+01 5.9197601003e-09 3.5339758415e-06
6.5195000000e+01 5.8085293565e-09 3.5606280046e-06
6.5200000000e+01 5.5942223446e-09 3.5864035445e-06
6.5205000000e+01 5.2954919929e-09 3.6117072546e-06
6.5210000000e+01 4.9549287584e-09 3.6370877165e-06
6.5215000000e+01 4.6659847278e-09 3.6631334582e-06
6.5220000000e+01 4.5414207972e-09 3.6903195345e-06
6.5225000000e+01 4.6428904356e-09 3.7188454002e-06
6.5230000000e+01 4.9392545724e-09 3.7485456569e-06
6.5235000000e+01 5.3341026279e-09 3.7789234880e-06
6.5240000000e+01 5.7321436097e-09 3.8092846783e-06
6.5245000000e+01 6.0791499001e-09 3.8388987760e-06
6.5250000000e+01 6.3459550421e-09 3.8671254296e-06
6.5255000000e+01 6.4917693157e-09 3.8934955454e-06
6.5260000000e+01 6.4634835236e-09 3.9177777030e-06
6.5265000000e+01 6.2412052841e-09 3.9400383350e-06
6.5270000000e+01 5.8805205652e-09 3.9606554100e-06
6.5275000000e+01 5.5001793308e-09 3.9802354027e-06
6.5280000000e+01 5.2197893981e-09 3.9994372591e-06
6.5285000000e+01 5.1020402300e-09 4.0187714484e-06
6.5290000000e+01 5.1464607557e-09 4.0384652986e-06
6.5295000000e+01 5.3266351416e-09 4.0584361871e-06
6.5300000000e+01 5.6204609167e-09 4.0783401046e-06
6.5305000000e+01 6.0006353554e-09 4.0976377930e-06
6.5310000000e+01 6.4054683063e-09 4.1156633111e-06
6.5315000000e+01 6.7354869627e-09 4.1317220532e-06
6.5320000000e+01 6.8934269229e-09 4.1452389496e-06
6.5325000000e+01 6.8374545359e-09 4.1559196717e-06
6.5330000000e+01 6.6012874074e-09 4.1638430871e-06
6.5335000000e+01 6.2661863356e-09 4.1694239553e-06
6.5340000000e+01 5.9147678907e-09 4.1732685399e-06
6.5345000000e+01 5.6075337713e-09 4.1760074383e-06
6.5350000000e+01 5.3907151647e-09 4.1781738888e-06
6.5355000000e+01 5.3098011777e-09 4.1801307284e-06
6.5360000000e+01 5.4017971829e-09 4.1820117275e-06
6.5365000000e+01 5.6668136079e-09 4.1836626251e-06
6.5370000000e+01 6.0471945954e-09 4.1846255050e-06
6.5375000000e+01 6.4403983272e-09 4.1842245160e-06
6.5380000000e+01 6.7410301997e-09 4.1817507936e-06
6.5385000000e+01 6.8819029003e-09 4.1766655388e-06
6.5390000000e+01 6.8476721199e-09 4.1687273587e-06
6.5395000000e+01 6.6600427702e-09 4.1580082682e-06
6.5400000000e+01 6.3560162821e-09 4.1448390568e-06
6.5405000000e+01 5.9809352277e-09 4.1297432006e-06
6.5410000000e+01 5.5968632450e-09 4.1133733183e-06
6.5415000000e+01 5.2857617748e-09 4.0964124052e-06
6.5420000000e+01 5.1295314437e-09 4.0794200695e-06
6.5425000000e+01 5.1733286119e-09 4.0626710945e-06
6.5430000000e+01 5.3985792852e-09 4.0460734027e-06
6.5435000000e+01 5.7293775556e-09 4.0292162338e-06
6.5440000000e+01 6.0701346041e-09 4.0115193525e-06
6.5445000000e+01 6.3447536828e-09 3.9923960285e-06
6.5450000000e+01 6.5084851095e-09 3.9713670460e-06
6.5455000000e+01 6.5340376248e-09 3.9481308453e-06
6.5460000000e+01 6.3996830308e-09 3.9226269447e-06
6.5465000000e+01 6.1018513194e-09 3.8950939764e-06
6.5470000000e+01 5.6828176909e-09 3.8660754024e-06
6.5475000000e+01 5.2388535612e-09 3.8363232050e-06
6.5480000000e+01 4.8864031422e-09 3.8066112520e-06
6.5485000000e+01 4.7060922462e-09 3.7775391776e-06
6.5490000000e+01 4.7105524521e-09 3.7494164157e-06
6.5495000000e+01 4.8603064302e-09 3.7222498852e-06
6.5500000000e+01 5.1048046545e-09 3.6957943203e-06
6.5505000000e+01 5.4039872860e-09 3.6696161541e-06
6.5510000000e+01 5.7124677884e-09 3.6431647539e-06
6.5515000000e+01 5.9558525835e-09 3.6158785889e-06
6.5520000000e+01 6.0428090525e-09 3.5873379852e-06
6.5525000000e+01 5.9164955105e-09 3.5574160073e-06
6.5530000000e+01 5.5991471025e-09 3.5263476689e-06
6.5535000000e+01 5.1837111597e-09 3.4946761193e-06
6.5540000000e+01 4.7773307031e-09 3.4631096344e-06
6.5545000000e+01 4.4488634331e-09 3.4323628667e-06
6.5550000000e+01 4.2254299118e-09 3.4030388018e-06
6.5555000000e+01 4.1267934399e-09 3.3755527246e-06
6.5560000000e+01 4.1843526475e-09 3.3500710500e-06
6.5565000000e+01 4.4136620669e-09 3.3264631703e-06
6.5570000000e+01 4.7695375153e-09 3.3043078494e-06
6.5575000000e+01 5.1404727720e-09 3.2829923868e-06
6.5580000000e+01 5.4012943613e-09 3.2618909788e-06
6.5585000000e+01 5.4812229286e-09 3.2405514260e-06
6.5590000000e+01 5.3865052525e-09 3.2188116537e-06
6.5595000000e+01 5.1640731161e-09 3.1968149461e-06
6.5600000000e+01 4.8539754926e-09 3.1749571216e-06
6.5605000000e+01 4.4834898128e-09 3.1538134675e-06
6.5610000000e+01 4.1002462960e-09 3.1340580869e-06
6.5615000000e+01 3.7929282083e-09 3.1163559868e-06
6.5620000000e+01 3.6603179443e-09 3.1012208184e-06
6.5625000000e+01 3.7484946892e-09 3.0888743154e-06
6.5630000000e+01 4.0166357344e-09 3.0791784591e-06
6.5635000000e+01 4.3660172788e-09 3.0716854126e-06
6.5640000000e+01 4.7023468910e-09 3.0657812984e-06
6.5645000000e+01 4.9717894677e-09 3.0608497530e-06
6.5650000000e+01 5.1465525711e-09 3.0563953604e-06
6.5655000000e+01 5.1935655840e-09 3.0521174557e-06
6.5660000000e+01 5.0746717718e-09 3.0479599560e-06
6.5665000000e+01 4.7853182222e-09 3.0441477904e-06
6.5670000000e+01 4.3886523233e-09 3.0411796693e-06
6.5675000000e+01 4.0005357025e-09 3.0397330967e-06
6.5680000000e+01 3.7314691174e-09 3.0404877607e-06
6.5685000000e+01 3.6356845520e-09 3.0439363965e-06
6.5690000000e+01 3.7069844145e-09 3.0502666946e-06
6.5695000000e+01 3.9121529338e-09 3.0593493442e-06
6.5700000000e+01 4.2189647860e-09 3.0708017469e-06
6.5705000000e+01 4.5906218805e-09 3.0840698690e-06
6.5710000000e+01 4.9631950889e-09 3.0985075478e-06
6.5715000000e+01 5.2452830774e-09 3.1134768281e-06
6.5720000000e+01 5.3541641921e-09 3.1284867732e-06
6.5725000000e+01 5.2611937462e-09 3.1433334970e-06
6.5730000000e+01 5.0071999450e-09 3.1581680620e-06
6.5735000000e+01 4.6762547385e-09 3.1734421881e-06
6.5740000000e+01 4.3530894713e-09 3.1897560404e-06
6.5745000000e+01 4.0991049325e-09 3.2076890058e-06
6.5750000000e+01 3.9566943092e-09 3.2276816263e-06
6.5755000000e+01 3.9607369972e-09 3.2499714620e-06
6.5760000000e+01 4.1332818624e-09 3.2745485652e-06
6.5765000000e+01 4.4618711899e-09 3.3011188133e-06
6.5770000000e+01 4.8841502663e-09 3.3291116302e-06
6.5775000000e+01 5.3001545765e-09 3.3577777700e-06
6.5780000000e+01 5.6105084808e-09 3.3863721922e-06
6.5785000000e+01 5.7550798148e-09 3.4143451551e-06
6.5790000000e+01 5.7264791925e-09 3.4414524052e-06
6.5795000000e+01 5.5558655631e-09 3.4677555428e-06
6.5800000000e+01 5.2901009576e-09 3.4935545751e-06
6.5805000000e+01 4.9809930500e-09 3.5193081841e-06
6.5810000000e+01 4.6899178970e-09 3.5455575266e-06
6.5815000000e+01 4.4909946728e-09 3.5728251244e-06
6.5820000000e+01 4.4545535532e-09 3.6014731757e-06
6.5825000000e+01 4.6140253182e-09 3.6315640780e-06
6.5830000000e+01 4.9414915627e-09 3.6628027994e-06
6.5835000000e+01 5.3554269728e-09 3.6946029913e-06
6.5840000000e+01 5.7582137063e-09 3.7262421757e-06
6.5845000000e+01 6.0754523751e-09 3.7570250326e-06
6.5850000000e+01 6.2685468607e-09 3.7863962340e-06
6.5855000000e+01 6.3200009863e-09 3.8140030624e-06
6.5860000000e+01 6.2194505396e-09 3.8397426874e-06
6.5865000000e+01 5.9737497141e-09 3.8637983618e-06
6.5870000000e+01 5.6314158677e-09 3.8866232080e-06
6.5875000000e+01 5.2883246868e-09 3.9088323376e-06
6.5880000000e+01 5.0543295849e-09 3.9310208179e-06
6.5885000000e+01 5.0000069685e-09 3.9535821970e-06
6.5890000000e+01 5.1274601155e-09 3.9766079956e-06
6.5895000000e+01 5.3882379854e-09 3.9998902602e-06
6.5900000000e+01 5.7249504661e-09 4.0229870695e-06
6.5905000000e+01 6.0926645563e-09 4.0453010305e-06
6.5910000000e+01 6.4445658012e-09 4.0661622983e-06
6.5915000000e+01 6.7111606452e-09 4.0849375519e-06
6.5920000000e+01 6.8124846417e-09 4.1011697731e-06
6.5925000000e+01 6.7054870072e-09 4.1147060286e-06
6.5930000000e+01 6.4232417744e-09 4.1257451692e-06
6.5935000000e+01 6.0629748334e-09 4.1347691604e-06
6.5940000000e+01 5.7301653583e-09 4.1423928639e-06
6.5945000000e+01 5.4897834151e-09 4.1492053349e-06
6.5950000000e+01 5.3643683782e-09 4.1556550159e-06
6.5955000000e+01 5.3662618097e-09 4.1619818727e-06
6.5960000000e+01 5.5152066283e-09 4.1681740140e-06
6.5965000000e+01 5.8137989504e-09 4.1739433517e-06
6.5970000000e+01 6.2086937535e-09 4.1787518838e-06
6.5975000000e+01 6.5896144360e-09 4.1819204297e-06
6.5980000000e+01 6.8408319570e-09 4.1828041474e-06
6.5985000000e+01 6.9029032207e-09 4.1809661486e-06
6.5990000000e+01 6.7902319206e-09 4.1762777929e-06
6.5995000000e+01 6.5555086901e-09 4.1689196078e-06
6.6000000000e+01 6.2452483833e-09 4.1593134734e-06
6.6005000000e+01 5.8935244806e-09 4.1480343494e-06
6.6010000000e+01 5.5506288677e-09 4.1357205276e-06
6.6015000000e+01 5.2990407743e-09 4.1229664509e-06
6.6020000000e+01 5.2230884787e-09 4.1101922212e-06
6.6025000000e+01 5.3536109970e-09 4.0975250954e-06
6.6030000000e+01 5.6411569569e-09 4.0847542909e-06
6.6035000000e+01 5.9856473634e-09 4.0713957438e-06
6.6040000000e+01 6.2944466422e-09 4.0568431438e-06
6.6045000000e+01 6.5152423720e-09 4.0405326745e-06
6.6050000000e+01 6.6231735337e-09 4.0220612739e-06
6.6055000000e+01 6.5935222613e-09 4.0012498247e-06
6.6060000000e+01 6.4023424486e-09 3.9781766983e-06
6.6065000000e+01 6.0589591440e-09 3.9531926860e-06
6.6070000000e+01 5.6321707276e-09 3.9268934922e-06
6.6075000000e+01 5.2334724233e-09 3.9000155353e-06
6.6080000000e+01 4.9639417621e-09 3.8732626941e-06
6.6085000000e+01 4.8690323957e-09 3.8471293476e-06
6.6090000000e+01 4.9361508347e-09 3.8217996678e-06
6.6095000000e+01 5.1255284080e-09 3.7971524278e-06
6.6100000000e+01 5.3961616368e-09 3.7728378420e-06
6.6105000000e+01 5.7037141570e-09 3.7483719093e-06
6.6110000000e+01 5.9842190860e-09 3.7232248756e-06
6.6115000000e+01 6.1556397115e-09 3.6969205910e-06
6.6120000000e+01 6.1496265195e-09 3.6691626663e-06
6.6125000000e+01 5.9501359338e-09 3.6399534611e-06
6.6130000000e+01 5.6048755692e-09 3.6096382971e-06
6.6135000000e+01 5.2002410415e-09 3.5788341599e-06
6.6140000000e+01 4.8218682041e-09 3.5482715429e-06
6.6145000000e+01 4.5306961488e-09 3.5186264653e-06
6.6150000000e+01 4.3641151742e-09 3.4904068688e-06
6.6155000000e+01 4.3460893245e-09 3.4638982710e-06
6.6160000000e+01 4.4851480958e-09 3.4391352843e-06
6.6165000000e+01 4.7583161940e-09 3.4158848821e-06
6.6170000000e+01 5.0999232475e-09 3.3936736769e-06
6.6175000000e+01 5.4138639726e-09 3.3718961331e-06
6.6180000000e+01 5.6081231930e-09 3.3499920097e-06
6.6185000000e+01 5.6306455393e-09 3.3276219150e-06
6.6190000000e+01 5.4828120057e-09 3.3047601543e-06
6.6195000000e+01 5.2052622648e-09 3.2816789375e-06
6.6200000000e+01 4.8533793071e-09 3.2588670325e-06
6.6205000000e+01 4.4836971239e-09 3.2369384038e-06
6.6210000000e+01 4.1559485483e-09 3.2165465075e-06
6.6215000000e+01 3.9361676313e-09 3.1982821105e-06
6.6220000000e+01 3.8832193247e-09 3.1825447654e-06
6.6225000000e+01 4.0194716183e-09 3.1694262510e-06
6.6230000000e+01 4.3087147344e-09 3.1586750862e-06
6.6235000000e+01 4.6650657598e-09 3.1497773147e-06
6.6240000000e+01 4.9909235356e-09 3.1421166307e-06
6.6245000000e+01 5.2157948715e-09 3.1351349707e-06
6.6250000000e+01 5.3082848271e-09 3.1284396628e-06
6.6255000000e+01 5.2609560877e-09 3.1218573432e-06
6.6260000000e+01 5.0746160313e-09 3.1154640420e-06
6.6265000000e+01 4.7656187960e-09 3.1095985852e-06
6.6270000000e+01 4.3876876643e-09 3.1048273567e-06
6.6275000000e+01 4.0354761180e-09 3.1018277907e-06
6.6280000000e+01 3.8112939671e-09 3.1012113531e-06
6.6285000000e+01 3.7750733456e-09 3.1033578020e-06
6.6290000000e+01 3.9188531550e-09 3.1083315609e-06
6.6295000000e+01 4.1863946860e-09 3.1158980994e-06
6.6300000000e+01 4.5148526773e-09 3.1256028274e-06
6.6305000000e+01 4.8561349974e-09 3.1368627366e-06
6.6310000000e+01 5.1637605237e-09 3.1490574184e-06
6.6315000000e+01 5.3742098009e-09 3.1616362817e-06
6.6320000000e+01 5.4194554186e-09 3.1742444721e-06
6.6325000000e+01 5.2702938813e-09 3.1868275247e-06
6.6330000000e+01 4.9695890317e-09 3.1996566957e-06
6.6335000000e+01 4.6174412188e-09 3.2132474367e-06
6.6340000000e+01 4.3166961587e-09 3.2282044217e-06
6.6345000000e+01 4.1274022638e-09 3.2450633853e-06
6.6350000000e+01 4.0666617344e-09 3.2641823338e-06
6.6355000000e+01 4.1393156106e-09 3.2856847081e-06
6.6360000000e+01 4.3539311115e-09 3.3094328454e-06
6.6365000000e+01 4.7012800852e-09 3.3350257388e-06
6.6370000000e+01 5.1217230494e-09 3.3618436938e-06
6.6375000000e+01 5.5079243261e-09 3.3891634800e-06
6.6380000000e+01 5.7543258430e-09 3.4163280805e-06
6.6480000000e+01 5.8129539391e-09 3.4429066880e-06
6.6485000000e+01 5.7063350301e-09 3.4687779950e-06
6.6490000000e+01 5.4923261980e-09 3.4941154009e-06
6.6495000000e+01 5.2227787535e-09 3.5193060438e-06
6.6500000000e+01 4.9371214635e-09 3.5448506798e-06
6.6505000000e+01 4.6863446709e-09 3.5712667025e-06
6.6510000000e+01 4.5451615334e-09 3.5989847814e-06
6.6515000000e+01 4.5834224146e-09 3.6282330971e-06
6.6520000000e+01 4.8174917733e-09 3.6589399798e-06
6.6525000000e+01 5.1900776950e-09 3.6907105795e-06
6.6530000000e+01 5.6006865623e-09 3.7229066384e-06
6.6535000000e+01 5.9591633006e-09 3.7548021996e-06
6.6540000000e+01 6.2155136118e-09 3.7857468248e-06
6.6545000000e+01 6.3488388705e-09 3.8152777985e-06
6.6550000000e+01 6.3431949126e-09 3.8431712808e-06
6.6555000000e+01 6.1877352561e-09 3.8694589490e-06
6.6560000000e+01 5.9035571817e-09 3.8944239282e-06
6.6565000000e+01 5.5631794176e-09 3.9185563973e-06
6.6570000000e+01 5.2722887383e-09 3.9424421550e-06
6.6575000000e+01 5.1215940192e-09 3.9665956914e-06
6.6580000000e+01 5.1473342342e-09 3.9912987227e-06
6.6585000000e+01 5.3299821517e-09 4.0165171930e-06
6.6590000000e+01 5.6229106794e-09 4.0419230326e-06
6.6595000000e+01 5.9773868467e-09 4.0669849062e-06
6.6600000000e+01 6.3433315777e-09 4.0910725050e-06
6.6605000000e+01 6.6580051987e-09 4.1135512258e-06
6.6610000000e+01 6.8492032478e-09 4.1338799411e-06
6.6615000000e+01 6.8624001638e-09 4.1517231838e-06
6.6620000000e+01 6.6928541492e-09 4.1670485225e-06
6.6625000000e+01 6.3940548937e-09 4.1801497784e-06
6.6630000000e+01 6.0537255508e-09 4.1915612776e-06
6.6635000000e+01 5.7567251058e-09 4.2018955722e-06
6.6640000000e+01 5.5614443406e-09 4.2116800825e-06
6.6645000000e+01 5.4988330690e-09 4.2212514818e-06
6.6650000000e+01 5.5815874491e-09 4.2307123831e-06
6.6655000000e+01 5.8053461230e-09 4.2399195743e-06
6.6660000000e+01 6.1379898971e-09 4.2484877387e-06
6.6665000000e+01 6.5116516035e-09 4.2558337890e-06
6.6670000000e+01 6.8344514129e-09 4.2612925035e-06
6.6675000000e+01 7.0222268947e-09 4.2642881502e-06
6.6680000000e+01 7.0315726258e-09 4.2644932840e-06
6.6685000000e+01 6.8724024006e-09 4.2619031334e-06
6.6690000000e+01 6.5938171330e-09 4.2568055264e-06
6.6695000000e+01 6.2579979006e-09 4.2496873644e-06
6.6700000000e+01 5.9239774192e-09 4.2411330852e-06
6.6705000000e+01 5.6482095056e-09 4.2317335527e-06
6.6710000000e+01 5.4880594946e-09 4.2219865233e-06
6.6715000000e+01 5.4907460513e-09 4.2121822585e-06
6.6720000000e+01 5.6676173860e-09 4.2023103919e-06
6.6725000000e+01 5.9748187496e-09 4.1920465534e-06
6.6730000000e+01 6.3232600913e-09 4.1808456183e-06
6.6735000000e+01 6.6166503993e-09 4.1681046150e-06
6.6740000000e+01 6.7897141911e-09 4.1533197583e-06
6.6745000000e+01 6.8189902925e-09 4.1361858226e-06
6.6750000000e+01 6.7066351884e-09 4.1166388854e-06
6.6755000000e+01 6.4636453925e-09 4.0948701866e-06
6.6760000000e+01 6.1148289606e-09 4.0713185934e-06
6.6765000000e+01 5.7176264666e-09 4.0466178348e-06
6.6770000000e+01 5.3640395983e-09 4.0214750886e-06
6.6775000000e+01 5.1479483278e-09 3.9965017061e-06
6.6780000000e+01 5.1181019146e-09 3.9720632192e-06
6.6785000000e+01 5.2566613698e-09 3.9482135480e-06
6.6790000000e+01 5.5007345663e-09 3.9247259248e-06
6.6795000000e+01 5.7834253001e-09 3.9011831241e-06
6.6800000000e+01 6.0548290902e-09 3.8770796547e-06
6.6805000000e+01 6.2702233708e-09 3.8519184895e-06
6.6810000000e+01 6.3731802331e-09 3.8253132845e-06
6.6815000000e+01 6.3078433979e-09 3.7970982388e-06
6.6820000000e+01 6.0583861394e-09 3.7674104801e-06
6.6825000000e+01 5.6765621773e-09 3.7366942118e-06
6.6830000000e+01 5.2639960375e-09 3.7056066501e-06
6.6835000000e+01 4.9197314466e-09 3.6748605593e-06
6.6840000000e+01 4.6983457095e-09 3.6450692182e-06
6.6845000000e+01 4.6110429214e-09 3.6166443458e-06
6.6850000000e+01 4.6550771124e-09 3.5897517410e-06
6.6855000000e+01 4.8288348304e-09 3.5643021577e-06
6.6860000000e+01 5.1129092949e-09 3.5399679074e-06
6.6865000000e+01 5.4432557297e-09 3.5162427921e-06
6.6870000000e+01 5.7173312940e-09 3.4925615960e-06
6.6875000000e+01 5.8408090919e-09 3.4684609195e-06
6.6880000000e+01 5.7773723228e-09 3.4437232697e-06
6.6885000000e+01 5.5576716654e-09 3.4184429996e-06
6.6890000000e+01 5.2446138395e-09 3.3929953067e-06
6.6895000000e+01 4.8946142583e-09 3.3679420687e-06
6.6900000000e+01 4.5511498427e-09 3.3439223719e-06
6.6905000000e+01 4.2647164559e-09 3.3215511412e-06
6.6910000000e+01 4.1015639381e-09 3.3013203816e-06
6.6915000000e+01 4.1174186487e-09 3.2834989311e-06
6.6920000000e+01 4.3157176376e-09 3.2680563517e-06
6.6925000000e+01 4.6329500537e-09 3.2546587167e-06
6.6930000000e+01 4.9694008040e-09 3.2427608557e-06
6.6935000000e+01 5.2387995639e-09 3.2317651047e-06
6.6940000000e+01 5.3949966848e-09 3.2211792361e-06
6.6945000000e+01 5.4222680396e-09 3.2107193344e-06
6.6950000000e+01 5.3141248925e-09 3.2003481528e-06
6.6955000000e+01 5.0723356778e-09 3.1902740340e-06
6.6960000000e+01 4.7281916655e-09 3.1809280892e-06
6.6965000000e+01 4.3565079151e-09 3.1729055751e-06
6.6970000000e+01 4.0566012609e-09 3.1668493548e-06
6.6975000000e+01 3.9087270569e-09 3.1632900360e-06
6.6980000000e+01 3.9399591633e-09 3.1625011128e-06
6.6985000000e+01 4.1241895591e-09 3.1644343210e-06
6.6990000000e+01 4.4086994295e-09 3.1687565427e-06
6.6995000000e+01 4.7385023404e-09 3.1749523336e-06
6.7000000000e+01 5.0600880098e-09 3.1824363226e-06
6.7005000000e+01 5.3139033711e-09 3.1906502530e-06
6.7010000000e+01 5.4381840844e-09 3.1991557893e-06
6.7015000000e+01 5.3920237183e-09 3.2077321550e-06
6.7020000000e+01 5.1814448760e-09 3.2164512730e-06
6.7025000000e+01 4.8649413915e-09 3.2256800631e-06
6.7030000000e+01 4.5308618830e-09 3.2359828584e-06
6.7035000000e+01 4.2623481004e-09 3.2479569390e-06
6.7040000000e+01 4.1138500745e-09 3.2620747636e-06
6.7045000000e+01 4.1090094586e-09 3.2785885908e-06
6.7050000000e+01 4.2496837566e-09 3.2974995183e-06
6.7055000000e+01 4.5199570028e-09 3.3185613669e-06
6.7060000000e+01 4.8801375514e-09 3.3413032552e-06
6.7065000000e+01 5.2615905317e-09 3.3650890028e-06
6.7070000000e+01 5.5776295334e-09 3.3892367737e-06
6.7075000000e+01 5.7524803460e-09 3.4131822043e-06
6.7080000000e+01 5.7519263572e-09 3.4366201782e-06
6.7085000000e+01 5.5945179111e-09 3.4595602597e-06
6.7090000000e+01 5.3367418073e-09 3.4822819935e-06
6.7095000000e+01 5.0458796792e-09 3.5052315577e-06
6.7100000000e+01 4.7818385812e-09 3.5289124474e-06
6.7105000000e+01 4.5964550003e-09 3.5537908580e-06
6.7110000000e+01 4.5378964688e-09 3.5802021444e-06
6.7115000000e+01 4.6419561789e-09 3.6082523816e-06
6.7120000000e+01 4.9093135736e-09 3.6377475570e-06
6.7125000000e+01 5.2891154168e-09 3.6682013254e-06
6.7130000000e+01 5.6903096388e-09 3.6989396248e-06
6.7135000000e+01 6.0192534249e-09 3.7292639038e-06
6.7140000000e+01 6.2167774156e-09 3.7586027249e-06
6.7145000000e+01 6.2676491860e-09 3.7866025568e-06
6.7150000000e+01 6.1831312657e-09 3.8131581464e-06
6.7155000000e+01 5.9831153533e-09 3.8384100492e-06
6.7160000000e+01 5.6993527415e-09 3.8627190343e-06
6.7165000000e+01 5.3915562203e-09 3.8865991431e-06
6.7170000000e+01 5.1474653329e-09 3.9105935935e-06
6.7175000000e+01 5.0512898984e-09 3.9351162870e-06
6.7180000000e+01 5.1402241939e-09 3.9603195163e-06
6.7185000000e+01 5.3866771196e-09 3.9860457629e-06
6.7190000000e+01 5.7217232704e-09 4.0118736669e-06
6.7195000000e+01 6.0755395057e-09 4.0372195134e-06
6.7200000000e+01 6.3974133669e-09 4.0614472484e-06
6.7205000000e+01 6.6450931533e-09 4.0839685900e-06
6.7210000000e+01 6.7697204183e-09 4.1043392317e-06
6.7215000000e+01 6.7273467605e-09 4.1223517669e-06
6.7220000000e+01 6.5142825649e-09 4.1380965547e-06
6.7225000000e+01 6.1894989189e-09 4.1519475341e-06
6.7230000000e+01 5.8544886682e-09 4.1644580268e-06
6.7235000000e+01 5.6029201506e-09 4.1762027194e-06
6.7240000000e+01 5.4826854315e-09 4.1876290712e-06
6.7245000000e+01 5.4983979921e-09 4.1989649714e-06
6.7250000000e+01 5.6393399314e-09 4.2101877515e-06
6.7255000000e+01 5.8939808512e-09 4.2210329587e-06
6.7260000000e+01 6.2339965499e-09 4.2310292982e-06
6.7265000000e+01 6.5923403737e-09 4.2395709013e-06
6.7270000000e+01 6.8721015594e-09 4.2460391814e-06
6.7275000000e+01 6.9904718569e-09 4.2499544498e-06
6.7280000000e+01 6.9223658608e-09 4.2511029269e-06
6.7285000000e+01 6.7056569126e-09 4.2495852397e-06
6.7290000000e+01 6.4073790895e-09 4.2457711146e-06
6.7295000000e+01 6.0872266094e-09 4.2401938400e-06
6.7300000000e+01 5.7908153199e-09 4.2334339207e-06
6.7305000000e+01 5.5663224444e-09 4.2260172169e-06
6.7310000000e+01 5.4706069858e-09 4.2183235481e-06
6.7315000000e+01 5.5453484508e-09 4.2105025720e-06
6.7320000000e+01 5.7819015227e-09 4.2024191572e-06
6.7325000000e+01 6.1117137150e-09 4.1936678892e-06
6.7330000000e+01 6.4366833003e-09 4.1836754987e-06
6.7335000000e+01 6.6750060807e-09 4.1718607358e-06
6.7340000000e+01 6.7852897953e-09 4.1577859606e-06
6.7345000000e+01 6.7577243710e-09 4.1412485775e-06
6.7350000000e+01 6.5950318015e-09 4.1223055681e-06
6.7355000000e+01 6.3104394798e-09 4.1012563718e-06
6.7360000000e+01 5.9436208969e-09 4.0786029367e-06
6.7365000000e+01 5.5698419813e-09 4.0549789439e-06
6.7370000000e+01 5.2811065770e-09 4.0310316503e-06
6.7375000000e+01 5.1470305287e-09 4.0072711173e-06
6.7380000000e+01 5.1854028318e-09 3.9839424403e-06
6.7385000000e+01 5.3635918431e-09 3.9609801248e-06
6.7390000000e+01 5.6235242216e-09 3.9380597152e-06
6.7395000000e+01 5.9054108547e-09 3.9147097906e-06
6.7400000000e+01 6.1541030748e-09 3.8904300568e-06
6.7405000000e+01 6.3147825659e-09 3.8647887552e-06
6.7410000000e+01 6.3366052499e-09 3.8375077752e-06
6.7415000000e+01 6.1916430034e-09 3.8085442962e-06
6.7420000000e+01 5.8958773024e-09 3.7781447868e-06
6.7425000000e+01 5.5121338841e-09 3.7468274641e-06
6.7430000000e+01 5.1284589629e-09 3.7152741117e-06
6.7435000000e+01 4.8252324530e-09 3.6841662056e-06
6.7440000000e+01 4.6520042934e-09 3.6540344643e-06
6.7445000000e+01 4.6245321110e-09 3.6251742013e-06
6.7450000000e+01 4.7344103454e-09 3.5976277833e-06
6.7455000000e+01 4.9558418529e-09 3.5712036909e-06
6.7460000000e+01 5.2433410189e-09 3.5455150428e-06
6.7465000000e+01 5.5289249974e-09 3.5200512872e-06
6.7470000000e+01 5.7322469926e-09 3.4942992173e-06
6.7475000000e+01 5.7867618705e-09 3.4678946679e-06
6.7480000000e+01 5.6679226536e-09 3.4407457646e-06
6.7485000000e+01 5.4029917942e-09 3.4130696128e-06
6.7490000000e+01 5.0551856297e-09 3.3853330034e-06
6.7495000000e+01 4.6954706089e-09 3.3581396992e-06
6.7500000000e+01 4.3833531038e-09 3.3321157626e-06
6.7505000000e+01 4.1655192444e-09 3.3078135897e-06
6.7510000000e+01 4.0809435462e-09 3.2856251741e-06
6.7515000000e+01 4.1545997313e-09 3.2657005135e-06
6.7520000000e+01 4.3776578751e-09 3.2478981796e-06
6.7525000000e+01 4.6935850771e-09 3.2318110069e-06
6.7530000000e+01 5.0109677424e-09 3.2168796765e-06
6.7535000000e+01 5.2406468296e-09 3.2025541321e-06
6.7540000000e+01 5.3308845810e-09 3.1884365223e-06
6.7545000000e+01 5.2751837950e-09 3.1743611781e-06
6.7550000000e+01 5.0938272524e-09 3.1604117207e-06
6.7555000000e+01 4.8149749327e-09 3.1469016749e-06
6.7560000000e+01 4.4762964256e-09 3.1343318130e-06
6.7565000000e+01 4.1387910651e-09 3.1233117993e-06
6.7570000000e+01 3.8852160721e-09 3.1144353734e-06
6.7575000000e+01 3.7896847119e-09 3.1081331417e-06
6.7580000000e+01 3.8780981560e-09 3.1045585608e-06
6.7585000000e+01 4.1142124756e-09 3.1035570567e-06
6.7590000000e+01 4.4244430679e-09 3.1047249785e-06
6.7595000000e+01 4.7375281291e-09 3.1075205078e-06
6.7600000000e+01 5.0036113435e-09 3.1113791236e-06
6.7605000000e+01 5.1842255516e-09 3.1158130584e-06
6.7610000000e+01 5.2388042035e-09 3.1204989738e-06
6.7615000000e+01 5.1354630726e-09 3.1253535327e-06
6.7620000000e+01 4.8819631503e-09 3.1305725513e-06
6.7625000000e+01 4.5432152315e-09 3.1365995378e-06
6.7630000000e+01 4.2194613875e-09 3.1440135883e-06
6.7635000000e+01 3.9982432361e-09 3.1533722611e-06
6.7640000000e+01 3.9202255019e-09 3.1650706046e-06
6.7645000000e+01 3.9832584665e-09 3.1792604221e-06
6.7650000000e+01 4.1690564114e-09 3.1958332588e-06
6.7655000000e+01 4.4571362315e-09 3.2144455099e-06
6.7660000000e+01 4.8118109301e-09 3.2345696581e-06
6.7665000000e+01 5.1648883329e-09 3.2555765022e-06
6.7670000000e+01 5.4263150123e-09 3.2768561430e-06
6.7675000000e+01 5.5250567087e-09 3.2979585783e-06
6.7680000000e+01 5.4470657228e-09 3.3187034686e-06
6.7685000000e+01 5.2369151038e-09 3.3392105456e-06
6.7690000000e+01 4.9648887216e-09 3.3598405240e-06
6.7695000000e+01 4.6928813873e-09 3.3810807265e-06
6.7700000000e+01 4.4672087463e-09 3.4034240589e-06
6.7705000000e+01 4.3322304204e-09 3.4272688588e-06
6.7710000000e+01 4.3348089715e-09 3.4528374059e-06
6.7715000000e+01 4.5031257237e-09 3.4801085686e-06
6.7720000000e+01 4.8175555403e-09 3.5087835268e-06
6.7725000000e+01 5.2056294635e-09 3.5383179020e-06
6.7730000000e+01 5.5717958884e-09 3.5680328331e-06
6.7735000000e+01 5.8393924571e-09 3.5972734707e-06
6.7740000000e+01 5.9723756786e-09 3.6255524985e-06
6.7745000000e+01 5.9673416081e-09 3.6526295066e-06
6.7750000000e+01 5.8358771443e-09 3.6785210539e-06
6.7755000000e+01 5.6011218409e-09 3.7034683720e-06
6.7760000000e+01 5.3091582434e-09 3.7278833061e-06
6.7765000000e+01 5.0340266271e-09 3.7522680780e-06
6.7770000000e+01 4.8593098603e-09 3.7770978398e-06
6.7775000000e+01 4.8436104056e-09 3.8026818872e-06
6.7780000000e+01 4.9953686495e-09 3.8290541675e-06
6.7785000000e+01 5.2753502831e-09 3.8559463577e-06
6.7790000000e+01 5.6205824209e-09 3.8828541851e-06
6.7795000000e+01 5.9677049627e-09 3.9091577705e-06
6.7800000000e+01 6.2613000640e-09 3.9342430114e-06
6.7805000000e+01 6.4520839843e-09 3.9575976900e-06
6.7810000000e+01 6.5000105385e-09 3.9788880507e-06
6.7815000000e+01 6.3890888258e-09 3.9980239636e-06
6.7820000000e+01 6.1438004962e-09 4.0151929495e-06
6.7825000000e+01 5.8300257270e-09 4.0308257663e-06
6.7830000000e+01 5.5342553349e-09 4.0454802298e-06
6.7835000000e+01 5.3325277018e-09 4.0596802609e-06
6.7840000000e+01 5.2680823744e-09 4.0737758252e-06
6.7845000000e+01 5.3481220522e-09 4.0878709306e-06
6.7850000000e+01 5.5541404821e-09 4.1018199578e-06
6.7855000000e+01 5.8514640576e-09 4.1152623458e-06
6.7860000000e+01 6.1901124161e-09 4.1276759847e-06
6.7865000000e+01 6.5035362681e-09 4.1384584644e-06
6.7870000000e+01 6.7180509477e-09 4.1470478308e-06
6.7875000000e+01 6.7765049451e-09 4.1530621690e-06
6.7880000000e+01 6.6637800694e-09 4.1564037874e-06
6.7885000000e+01 6.4149951961e-09 4.1572781561e-06
6.7890000000e+01 6.0986759323e-09 4.1561221238e-06
6.7895000000e+01 5.7876349643e-09 4.1534837951e-06
6.7900000000e+01 5.5391735627e-09 4.1499050394e-06
6.7905000000e+01 5.3937278931e-09 4.1458276946e-06
6.7910000000e+01 5.3807909306e-09 4.1415160106e-06
6.7915000000e+01 5.5146318292e-09 4.1369923795e-06
6.7920000000e+01 5.7774418152e-09 4.1320092424e-06
6.7925000000e+01 6.1080018433e-09 4.1260914569e-06
6.7930000000e+01 6.4155970495e-09 4.1186564048e-06
6.7935000000e+01 6.6165157213e-09 4.1091722903e-06
6.7940000000e+01 6.6671224010e-09 4.0972914897e-06
6.7945000000e+01 6.5695198878e-09 4.0829180975e-06
6.7950000000e+01 6.3521457605e-09 4.0662116223e-06
6.7955000000e+01 6.0502718753e-09 4.0475522787e-06
6.7960000000e+01 5.7060814892e-09 4.0274831758e-06
6.7965000000e+01 5.3803721576e-09 4.0066233711e-06
6.7970000000e+01 5.1498175517e-09 3.9855455015e-06
6.7975000000e+01 5.0779262997e-09 3.9646413175e-06
6.7980000000e+01 5.1793951323e-09 3.9440261225e-06
6.7985000000e+01 5.4100806778e-09 3.9235253938e-06
6.7990000000e+01 5.6929600210e-09 3.9027459375e-06
6.7995000000e+01 5.9565481730e-09 3.8811939885e-06
6.8000000000e+01 6.1529688603e-09 3.8583939207e-06
6.8005000000e+01 6.2485831089e-09 3.8339849126e-06
6.8010000000e+01 6.2115601738e-09 3.8077977057e-06
6.8015000000e+01 6.0216893753e-09 3.7799124587e-06
6.8020000000e+01 5.6972473522e-09 3.7506777178e-06
6.8025000000e+01 5.3077687164e-09 3.7206628980e-06
6.8030000000e+01 4.9509747452e-09 3.6905399961e-06
6.8035000000e+01 4.7075742939e-09 3.6609297365e-06
6.8040000000e+01 4.6107138539e-09 3.6322695129e-06
6.8045000000e+01 4.6514213584e-09 3.6047450097e-06
6.8050000000e+01 4.8043553356e-09 3.5782877281e-06
6.8055000000e+01 5.0413400764e-09 3.5526151054e-06
6.8060000000e+01 5.3210489239e-09 3.5272950601e-06
6.8065000000e+01 5.5759072262e-09 3.5018354556e-06
6.8070000000e+01 5.7240037819e-09 3.4758018043e-06
6.8075000000e+01 5.7064556138e-09 3.4489445352e-06
6.8080000000e+01 5.5199698725e-09 3.4212905888e-06
6.8085000000e+01 5.2154590372e-09 3.3931560882e-06
6.8090000000e+01 4.8659306307e-09 3.3650736857e-06
6.8095000000e+01 4.5345378117e-09 3.3376705625e-06
6.8100000000e+01 4.2672464670e-09 3.3115452773e-06
6.8105000000e+01 4.1038003045e-09 3.2871708722e-06
6.8110000000e+01 4.0809753916e-09 3.2648238777e-06
6.8115000000e+01 4.2145200728e-09 3.2445339966e-06
6.8120000000e+01 4.4755637731e-09 3.2260685018e-06
6.8125000000e+01 4.7892890739e-09 3.2089791371e-06
6.8130000000e+01 5.0639689575e-09 3.1927194864e-06
6.8135000000e+01 5.2292538003e-09 3.1767995064e-06
6.8140000000e+01 5.2554756313e-09 3.1609181050e-06
6.8145000000e+01 5.1463193585e-09 3.1450288165e-06
6.8150000000e+01 4.9222409672e-09 3.1293349903e-06
6.8155000000e+01 4.6153336220e-09 3.1142423634e-06
6.8160000000e+01 4.2766064197e-09 3.1002922125e-06
6.8165000000e+01 3.9778587806e-09 3.0880740890e-06
6.8170000000e+01 3.7940393095e-09 3.0781105473e-06
6.8175000000e+01 3.7729931784e-09 3.0707308703e-06
6.8180000000e+01 3.9144035353e-09 3.0659802685e-06
6.8185000000e+01 4.1732849524e-09 3.0636105253e-06
6.8190000000e+01 4.4829079974e-09 3.0631585982e-06
6.8195000000e+01 4.7780743964e-09 3.0640732764e-06
6.8200000000e+01 5.0050397379e-09 3.0658371249e-06
6.8205000000e+01 5.1212626257e-09 3.0680580062e-06
6.8210000000e+01 5.0976818194e-09 3.0705353442e-06
6.8215000000e+01 4.9297351467e-09 3.0733082914e-06
6.8220000000e+01 4.6495645914e-09 3.0766698829e-06
6.8225000000e+01 4.3252719039e-09 3.0811172680e-06
6.8230000000e+01 4.0410770783e-09 3.0872297836e-06
6.8235000000e+01 3.8678985098e-09 3.0955123449e-06
6.8240000000e+01 3.8419516715e-09 3.1062667276e-06
6.8245000000e+01 3.9619001070e-09 3.1195332968e-06
6.8250000000e+01 4.2001347542e-09 3.1351009672e-06
6.8255000000e+01 4.5146185349e-09 3.1525557817e-06
6.8260000000e+01 4.8524732233e-09 3.1713472302e-06
6.8265000000e+01 5.1498815990e-09 3.1908763175e-06
6.8270000000e+01 5.3405063322e-09 3.2106129073e-06
6.8275000000e+01 5.3768922253e-09 3.2302218520e-06
6.8280000000e+01 5.2533945662e-09 3.2496480206e-06
6.8285000000e+01 5.0123828359e-09 3.2691174977e-06
6.8290000000e+01 4.7264407152e-09 3.2890545908e-06
6.8295000000e+01 4.4687977114e-09 3.3099564667e-06
6.8300000000e+01 4.2933006208e-09 3.3322746870e-06
6.8305000000e+01 4.2334134178e-09 3.3563257408e-06
6.8310000000e+01 4.3091733545e-09 3.3822246625e-06
6.8315000000e+01 4.5247119700e-09 3.4098382314e-06
6.8320000000e+01 4.8540519289e-09 3.4387767493e-06
6.8325000000e+01 5.2323693427e-09 3.4684514682e-06
6.8330000000e+01 5.5708967294e-09 3.4981992818e-06
6.8335000000e+01 5.7922878338e-09 3.5274356956e-06
6.8340000000e+01 5.8613657954e-09 3.5557774958e-06
6.8345000000e+01 5.7886263796e-09 3.5830974141e-06
6.8350000000e+01 5.6097496541e-09 3.6095139875e-06
6.8355000000e+01 5.3657409876e-09 3.6353429600e-06
6.8360000000e+01 5.1018677480e-09 3.6610273123e-06
6.8365000000e+01 4.8772940832e-09 3.6870443705e-06
6.8370000000e+01 4.7614203796e-09 3.7137884122e-06
6.8375000000e+01 4.8066630333e-09 3.7414510314e-06
6.8380000000e+01 5.0167062649e-09 3.7699443707e-06
6.8385000000e+01 5.3401210530e-09 3.7989048175e-06
6.8390000000e+01 5.6973517199e-09 3.8277759797e-06
6.8395000000e+01 6.0176523417e-09 3.8559325912e-06
6.8400000000e+01 6.2558643097e-09 3.8828002286e-06
6.8405000000e+01 6.3836104065e-09 3.9079476424e-06
6.8410000000e+01 6.3777654545e-09 3.9311519665e-06
6.8415000000e+01 6.2289252022e-09 3.9524390017e-06
6.8420000000e+01 5.9642819478e-09 3.9720839102e-06
6.8425000000e+01 5.6562782331e-09 3.9905506556e-06
6.8430000000e+01 5.3985966393e-09 4.0083698316e-06
6.8435000000e+01 5.2639550639e-09 4.0259904714e-06
6.8440000000e+01 5.2773448104e-09 4.0436596095e-06
6.8445000000e+01 5.4226724510e-09 4.0613676185e-06
6.8450000000e+01 5.6675945622e-09 4.0788606349e-06
6.8455000000e+01 5.9769994493e-09 4.0956955103e-06
6.8460000000e+01 6.3051771857e-09 4.1113159197e-06
6.8465000000e+01 6.5862370259e-09 4.1251467399e-06
6.8470000000e+01 6.7468404061e-09 4.1367072972e-06
6.8475000000e+01 6.7399236985e-09 4.1457248645e-06
6.8480000000e+01 6.5719959467e-09 4.1522080818e-06
6.8485000000e+01 6.2991436048e-09 4.1564432167e-06
6.8490000000e+01 5.9959253670e-09 4.1589102042e-06
6.8495000000e+01 5.7253193997e-09 4.1601552906e-06
6.8500000000e+01 5.5312755094e-09 4.1606685816e-06
6.8505000000e+01 5.4476830218e-09 4.1607935073e-06
6.8510000000e+01 5.5008861868e-09 4.1606678554e-06
6.8515000000e+01 5.6947222623e-09 4.1601906573e-06
6.8520000000e+01 5.9922023543e-09 4.1590249995e-06
6.8525000000e+01 6.3172376159e-09 4.1566581259e-06
6.8530000000e+01 6.5825223790e-09 4.1525229592e-06
6.8535000000e+01 6.7244489765e-09 4.1461474826e-06
6.8540000000e+01 6.7201218461e-09 4.1372752890e-06
6.8545000000e+01 6.5802662577e-09 4.1259167151e-06
6.8550000000e+01 6.3334045681e-09 4.1123298967e-06
6.8555000000e+01 6.0190676417e-09 4.0969600545e-06
6.8560000000e+01 5.6913494802e-09 4.0803619764e-06
6.8565000000e+01 5.4183645277e-09 4.0631084919e-06
6.8570000000e+01 5.2658678610e-09 4.0456801004e-06
6.8575000000e+01 5.2710035707e-09 4.0283524553e-06
6.8580000000e+01 5.4249350256e-09 4.0111243846e-06
6.8585000000e+01 5.6774511635e-09 3.9937258577e-06
6.8590000000e+01 5.9590650603e-09 3.9757074198e-06
6.8595000000e+01 6.2040640324e-09 3.9565708716e-06
6.8600000000e+01 6.3617439714e-09 3.9358899906e-06
6.8605000000e+01 6.3971217778e-09 3.9133956121e-06
6.8610000000e+01 6.2918768761e-09 3.8890299013e-06
6.8615000000e+01 6.0519385510e-09 3.8629777605e-06
6.8620000000e+01 5.7160838534e-09 3.8356625529e-06
6.8625000000e+01 5.3536459714e-09 3.8076825797e-06
6.8630000000e+01 5.0456477338e-09 3.7796856697e-06
6.8635000000e+01 4.8571110396e-09 3.7522190218e-06
6.8640000000e+01 4.8167251458e-09 3.7256127338e-06
6.8645000000e+01 4.9147464635e-09 3.6999356221e-06
6.8650000000e+01 5.1155229572e-09 3.6750187341e-06
6.8655000000e+01 5.3713038873e-09 3.6505162523e-06
6.8660000000e+01 5.6278702386e-09 3.6259819687e-06
6.8665000000e+01 5.8253239952e-09 3.6009615799e-06
6.8670000000e+01 5.9054692429e-09 3.5751041709e-06
6.8675000000e+01 5.8308574482e-09 3.5482729725e-06
6.8680000000e+01 5.6052258642e-09 3.5206110931e-06
6.8685000000e+01 5.2777108175e-09 3.4925257299e-06
6.8690000000e+01 4.9239315979e-09 3.4645945767e-06
6.8695000000e+01 4.6163348282e-09 3.4374367388e-06
6.8700000000e+01 4.4045457892e-09 3.4115953334e-06
6.8705000000e+01 4.3148783516e-09 3.3874535367e-06
6.8710000000e+01 4.3583388566e-09 3.3651800335e-06
6.8715000000e+01 4.5299481460e-09 3.3446993959e-06
6.8720000000e+01 4.7969407586e-09 3.3257015295e-06
6.8725000000e+01 5.0923959797e-09 3.3077111991e-06
6.8730000000e+01 5.3310379188e-09 3.2902148278e-06
6.8735000000e+01 5.4431736312e-09 3.2728057642e-06
6.8740000000e+01 5.4027333648e-09 3.2552940587e-06
6.8745000000e+01 5.2286125435e-09 3.2377471248e-06
6.8750000000e+01 4.9633052719e-09 3.2204655214e-06
6.8755000000e+01 4.6527247871e-09 3.2039207787e-06
6.8760000000e+01 4.3442325365e-09 3.1886750340e-06
6.8765000000e+01 4.0945993490e-09 3.1752845463e-06
6.8770000000e+01 3.9655655907e-09 3.1641883630e-06
6.8775000000e+01 3.9986435824e-09 3.1556037857e-06
6.8780000000e+01 4.1874605757e-09 3.1494680726e-06
6.8785000000e+01 4.4746964170e-09 3.1454575017e-06
6.8790000000e+01 4.7797128781e-09 3.1430799361e-06
6.8795000000e+01 5.0339573770e-09 3.1418023761e-06
6.8800000000e+01 5.1962944911e-09 3.1411687637e-06
6.8805000000e+01 5.2444941502e-09 3.1408851033e-06
6.8810000000e+01 5.1644567092e-09 3.1408717695e-06
6.8815000000e+01 4.9572120947e-09 3.1412861013e-06
6.8820000000e+01 4.6578371630e-09 3.1425055127e-06
6.8825000000e+01 4.3404798836e-09 3.1450555925e-06
6.8830000000e+01 4.0939864892e-09 3.1494859580e-06
6.8835000000e+01 3.9827456090e-09 3.1562287977e-06
6.8840000000e+01 4.0235805750e-09 3.1654909002e-06
6.8845000000e+01 4.1936791484e-09 3.1772133722e-06
6.8850000000e+01 4.4545304476e-09 3.1910980467e-06
6.8855000000e+01 4.7653676459e-09 3.2066752224e-06
6.8860000000e+01 5.0777945714e-09 3.2233890816e-06
6.8865000000e+01 5.3291220266e-09 3.2406941022e-06
6.8870000000e+01 5.4552698707e-09 3.2581613733e-06
6.8875000000e+01 5.4208829514e-09 3.2755774682e-06
6.8880000000e+01 5.2416998914e-09 3.2929995853e-06
6.8885000000e+01 4.9781752187e-09 3.3107357831e-06
6.8890000000e+01 4.7055258202e-09 3.3292512934e-06
6.8895000000e+01 4.4855475708e-09 3.3490379505e-06
6.8900000000e+01 4.3590482965e-09 3.3704942989e-06
6.8905000000e+01 4.3532689135e-09 3.3938432049e-06
6.8910000000e+01 4.4842534831e-09 3.4190860836e-06
6.8915000000e+01 4.7449387479e-09 3.4459864656e-06
6.8920000000e+01 5.0915324861e-09 3.4740896289e-06
6.8925000000e+01 5.4478565609e-09 3.5027942329e-06
6.8930000000e+01 5.7318295434e-09 3.5314758335e-06
6.8935000000e+01 5.8870042275e-09 3.5596290361e-06
6.8940000000e+01 5.8975289555e-09 3.5869752091e-06
6.8945000000e+01 5.7810906571e-09 3.6134988160e-06
6.8950000000e+01 5.5733689210e-09 3.6394146687e-06
6.8955000000e+01 5.3197233849e-09 3.6650958699e-06
6.8960000000e+01 5.0756205323e-09 3.6909882727e-06
6.8965000000e+01 4.9041993226e-09 3.7175170791e-06
6.8970000000e+01 4.8614664661e-09 3.7449836944e-06
6.8975000000e+01 4.9739409261e-09 3.7734685451e-06
6.8980000000e+01 5.2245658083e-09 3.8027779369e-06
6.8985000000e+01 5.5583278091e-09 3.8324685750e-06
6.8990000000e+01 5.9037906465e-09 3.8619468623e-06
6.8995000000e+01 6.1958505384e-09 3.8906019311e-06
6.9000000000e+01 6.3877446420e-09 3.9179232692e-06
6.9005000000e+01 6.4522812232e-09 3.9435783787e-06
6.9010000000e+01 6.3812570385e-09 3.9674547110e-06
6.9015000000e+01 6.1897429129e-09 3.9896747911e-06
6.9020000000e+01 5.9216424183e-09 4.0105757461e-06
6.9025000000e+01 5.6462144329e-09 4.0306349802e-06
6.9030000000e+01 5.4400286755e-09 4.0503437384e-06
6.9035000000e+01 5.3610551910e-09 4.0700658677e-06
6.9040000000e+01 5.4297395854e-09 4.0899355568e-06
6.9045000000e+01 5.6278467031e-09 4.1098279253e-06
6.9050000000e+01 5.9122979745e-09 4.1293961953e-06
6.9055000000e+01 6.2307318055e-09 4.1481443932e-06
6.9060000000e+01 6.5286045119e-09 4.1655122147e-06
6.9065000000e+01 6.7504496185e-09 4.1809694935e-06
6.9070000000e+01 6.8462644814e-09 4.1941207385e-06
6.9075000000e+01 6.7882770848e-09 4.2048002939e-06
6.9080000000e+01 6.5887819026e-09 4.2131194216e-06
6.9085000000e+01 6.3023975755e-09 4.2194354697e-06
6.9090000000e+01 6.0062169539e-09 4.2242500789e-06
6.9095000000e+01 5.7702572596e-09 4.2280785662e-06
6.9100000000e+01 5.6386251228e-09 4.2313363004e-06
6.9105000000e+01 5.6299052320e-09 4.2342628985e-06
6.9110000000e+01 5.7460831822e-09 4.2368806622e-06
6.9115000000e+01 5.9735136277e-09 4.2389822139e-06
6.9120000000e+01 6.2734943650e-09 4.2401568015e-06
6.9125000000e+01 6.5779925183e-09 4.2398699582e-06
6.9130000000e+01 6.8060413723e-09 4.2375905944e-06
6.9135000000e+01 6.8960916610e-09 4.2329276784e-06
6.9140000000e+01 6.8311192209e-09 4.2257264350e-06
6.9145000000e+01 6.6377125551e-09 4.2160948024e-06
6.9150000000e+01 6.3640465479e-09 4.2043661900e-06
6.9155000000e+01 6.0596120592e-09 4.1910257165e-06
6.9160000000e+01 5.7724300222e-09 4.1766218807e-06
6.9165000000e+01 5.5556158307e-09 4.1616693653e-06
6.9170000000e+01 5.4625586988e-09 4.1465461116e-06
6.9175000000e+01 5.5238374903e-09 4.1314045630e-06
6.9180000000e+01 5.7235915902e-09 4.1161316546e-06
6.9185000000e+01 5.9996457138e-09 4.1003826607e-06
6.9190000000e+01 6.2713853173e-09 4.0836817239e-06
6.9195000000e+01 6.4733776349e-09 4.0655510679e-06
6.9200000000e+01 6.5693056217e-09 4.0456251958e-06
6.9205000000e+01 6.5435572169e-09 4.0237270482e-06
6.9210000000e+01 6.3908764161e-09 3.9999064922e-06
6.9215000000e+01 6.1218836803e-09 3.9744461068e-06
6.9220000000e+01 5.7782480301e-09 3.9478284205e-06
6.9225000000e+01 5.4344590137e-09 3.9206545490e-06
6.9230000000e+01 5.1735804591e-09 3.8935202122e-06
6.9235000000e+01 5.0513339234e-09 3.8668827332e-06
6.9240000000e+01 5.0764350122e-09 3.8409662750e-06
6.9245000000e+01 5.2197175641e-09 3.8157361279e-06
6.9250000000e+01 5.4373717991e-09 3.7909385524e-06
6.9255000000e+01 5.6843499910e-09 3.7661792730e-06
6.9260000000e+01 5.9111395062e-09 3.7410154670e-06
6.9265000000e+01 6.0596100924e-09 3.7150519039e-06
6.9270000000e+01 6.0755807120e-09 3.6880382584e-06
6.9275000000e+01 5.9351823631e-09 3.6599521260e-06
6.9280000000e+01 5.6627659251e-09 3.6310361454e-06
6.9285000000e+01 5.3224971840e-09 3.6017629918e-06
6.9290000000e+01 4.9895078093e-09 3.5727330021e-06
6.9295000000e+01 4.7235903191e-09 3.5445422289e-06
6.9300000000e+01 4.5616894922e-09 3.5176668626e-06
6.9305000000e+01 4.5241003367e-09 3.4923898388e-06
6.9310000000e+01 4.6171153104e-09 3.4687684221e-06
6.9315000000e+01 4.8241999038e-09 3.4466335541e-06
6.9320000000e+01 5.0964895593e-09 3.4256239780e-06
6.9325000000e+01 5.3591645602e-09 3.4052666298e-06
6.9330000000e+01 5.5364405888e-09 3.3850996968e-06
6.9335000000e+01 5.5798338558e-09 3.3648052050e-06
6.9340000000e+01 5.4810502389e-09 3.3443020852e-06
6.9345000000e+01 5.2648678042e-09 3.3237671914e-06
6.9350000000e+01 4.9736362582e-09 3.3035889477e-06
6.9355000000e+01 4.6574079815e-09 3.2842846898e-06
6.9360000000e+01 4.3718527852e-09 3.2664089235e-06
6.9365000000e+01 4.1745815338e-09 3.2504598579e-06
6.9370000000e+01 4.1120054207e-09 3.2367842939e-06
6.9375000000e+01 4.2007049250e-09 3.2254959528e-06
6.9380000000e+01 4.4164016143e-09 3.2164403369e-06
6.9385000000e+01 4.7004270879e-09 3.2092336784e-06
6.9390000000e+01 4.9807723488e-09 3.2033696615e-06
6.9395000000e+01 5.1945481900e-09 3.1983524313e-06
6.9400000000e+01 5.3003071666e-09 3.1938084990e-06
6.9405000000e+01 5.2792508905e-09 3.1895547701e-06
6.9410000000e+01 5.1330679499e-09 3.1856271956e-06
6.9415000000e+01 4.8852238828e-09 3.1822796600e-06
6.9420000000e+01 4.5838292456e-09 3.1799482175e-06
6.9425000000e+01 4.2972991750e-09 3.1791678821e-06
6.9430000000e+01 4.0972168705e-09 3.1804469743e-06
6.9435000000e+01 4.0341107572e-09 3.1841356417e-06
6.9440000000e+01 4.1201730099e-09 3.1903382732e-06
6.9445000000e+01 4.3293825019e-09 3.1988987207e-06
6.9450000000e+01 4.6125377485e-09 3.2094497198e-06
6.9455000000e+01 4.9142279424e-09 3.2214954100e-06
6.9460000000e+01 5.1810387376e-09 3.2345022136e-06
6.9465000000e+01 5.3629039556e-09 3.2479926147e-06
6.9470000000e+01 5.4184082261e-09 3.2616406192e-06
6.9475000000e+01 5.3294243127e-09 3.2753506962e-06
6.9480000000e+01 5.1163511558e-09 3.2892864954e-06
6.9485000000e+01 4.8383627593e-09 3.3038259132e-06
6.9490000000e+01 4.5728476581e-09 3.3194528065e-06
6.9495000000e+01 4.3863275107e-09 3.3366266767e-06
6.9500000000e+01 4.3166840432e-09 3.3556743421e-06
6.9505000000e+01 4.3746369116e-09 3.3767237617e-06
6.9510000000e+01 4.5536492522e-09 3.3996761441e-06
6.9515000000e+01 4.8323039661e-09 3.4242098470e-06
6.9520000000e+01 5.1670668825e-09 3.4498216732e-06
6.9525000000e+01 5.4900087904e-09 3.4759146386e-06
6.9530000000e+01 5.7254541364e-09 3.5019231462e-06
6.9535000000e+01 5.8204431402e-09 3.5274395662e-06
6.9540000000e+01 5.7668921334e-09 3.5522964162e-06
6.9545000000e+01 5.5984335430e-09 3.5765785439e-06
6.9550000000e+01 5.3678195595e-09 3.6005735800e-06
6.9555000000e+01 5.1268249930e-09 3.6246886640e-06
6.9560000000e+01 4.9228431524e-09 3.6493567294e-06
6.9565000000e+01 4.8042288815e-09 3.6749409687e-06
6.9570000000e+01 4.8154200801e-09 3.7016422398e-06
6.9575000000e+01 4.9761849295e-09 3.7294269367e-06
6.9580000000e+01 5.2618419668e-09 3.7580047604e-06
6.9585000000e+01 5.6062572534e-09 3.7868763797e-06
6.9590000000e+01 5.9297586044e-09 3.8154408041e-06
6.9595000000e+01 6.1707524132e-09 3.8431245274e-06
6.9600000000e+01 6.2981399688e-09 3.8694904681e-06
6.9605000000e+01 6.3029825144e-09 3.8943044121e-06
6.9610000000e+01 6.1883332654e-09 3.9175596502e-06
6.9615000000e+01 5.9731261289e-09 3.9394671037e-06
6.9620000000e+01 5.7039544680e-09 3.9604092516e-06
6.9625000000e+01 5.4540739775e-09 3.9808520238e-06
6.9630000000e+01 5.2995927279e-09 4.0012232905e-06
6.9635000000e+01 5.2869432812e-09 4.0217905041e-06
6.9640000000e+01 5.4165541795e-09 4.0425806289e-06
6.9645000000e+01 5.6529969811e-09 4.0633694154e-06
6.9650000000e+01 5.9476164458e-09 4.0837344131e-06
6.9655000000e+01 6.2519981164e-09 4.1031431878e-06
6.9660000000e+01 6.5165653522e-09 4.1210500245e-06
6.9665000000e+01 6.6883811353e-09 4.1369901298e-06
6.9670000000e+01 6.7230657123e-09 4.1506673245e-06
6.9675000000e+01 6.6074006320e-09 4.1620213380e-06
6.9680000000e+01 6.3730629885e-09 4.1712479331e-06
6.9685000000e+01 6.0866268461e-09 4.1787508363e-06
6.9690000000e+01 5.8218928553e-09 4.1850331147e-06
6.9695000000e+01 5.6353110275e-09 4.1905662562e-06
6.9700000000e+01 5.5587527553e-09 4.1956815495e-06
6.9705000000e+01 5.6049191454e-09 4.2005076418e-06
6.9710000000e+01 5.7704910417e-09 4.2049521078e-06
6.9715000000e+01 6.0303200623e-09 4.2087163696e-06
6.9720000000e+01 6.3315962953e-09 4.2113432454e-06
6.9725000000e+01 6.6016745133e-09 4.2123042585e-06
6.9730000000e+01 6.7714099483e-09 4.2111206744e-06
6.9735000000e+01 6.8003514999e-09 4.2074857008e-06
6.9740000000e+01 6.6875893569e-09 4.2013425567e-06
6.9745000000e+01 6.4643564986e-09 4.1928906324e-06
6.9750000000e+01 6.1784661752e-09 4.1825271424e-06
6.9755000000e+01 5.8830458452e-09 4.1707560443e-06
6.9760000000e+01 5.6323702607e-09 4.1580924841e-06
6.9765000000e+01 5.4775361509e-09 4.1449719152e-06
6.9770000000e+01 5.4551877917e-09 4.1316649231e-06
6.9775000000e+01 5.5722806121e-09 4.1182115443e-06
6.9780000000e+01 5.7978692753e-09 4.1044038127e-06
6.9785000000e+01 6.0704181878e-09 4.0898380676e-06
6.9790000000e+01 6.3183168204e-09 4.0740272235e-06
6.9795000000e+01 6.4819244654e-09 4.0565320093e-06
6.9800000000e+01 6.5258925682e-09 4.0370657689e-06
6.9805000000e+01 6.4398929632e-09 4.0155516614e-06
6.9810000000e+01 6.2347735883e-09 3.9921377544e-06
6.9815000000e+01 5.9412384677e-09 3.9671807814e-06
6.9820000000e+01 5.6104326992e-09 3.9411969343e-06
6.9825000000e+01 5.3089158824e-09 3.9147719138e-06
6.9830000000e+01 5.1025321478e-09 3.8884382590e-06
6.9835000000e+01 5.0339560331e-09 3.8625550422e-06
6.9840000000e+01 5.1071439167e-09 3.8372352636e-06
6.9845000000e+01 5.2889292537e-09 3.8123454722e-06
6.9850000000e+01 5.5252546715e-09 3.7875665038e-06
6.9855000000e+01 5.7591193961e-09 3.7624837420e-06
6.9860000000e+01 5.9394640682e-09 3.7366815877e-06
6.9865000000e+01 6.0224451031e-09 3.7098343610e-06
6.9870000000e+01 5.9755385744e-09 3.6817908338e-06
6.9875000000e+01 5.7900741954e-09 3.6526363404e-06
6.9880000000e+01 5.4940079858e-09 3.6227038733e-06
6.9885000000e+01 5.1502030646e-09 3.5925161797e-06
6.9890000000e+01 4.8353070898e-09 3.5626723209e-06
6.9895000000e+01 4.6115171987e-09 3.5337193094e-06
6.9900000000e+01 4.5101650400e-09 3.5060504292e-06
6.9905000000e+01 4.5343447628e-09 3.4798493214e-06
6.9910000000e+01 4.6697898160e-09 3.4550756641e-06
6.9915000000e+01 4.8885692184e-09 3.4314840277e-06
6.9920000000e+01 5.1437834086e-09 3.4086775524e-06
6.9925000000e+01 5.3690401277e-09 3.3862010398e-06
6.9930000000e+01 5.4951586301e-09 3.3636619267e-06
6.9935000000e+01 5.4784555405e-09 3.3408448191e-06
6.9940000000e+01 5.3198524430e-09 3.3177784812e-06
6.9945000000e+01 5.0596597769e-09 3.2947335763e-06
6.9950000000e+01 4.7545453910e-09 3.2721611439e-06
6.9955000000e+01 4.4577185860e-09 3.2506008892e-06
6.9960000000e+01 4.2151765497e-09 3.2305839889e-06
6.9965000000e+01 4.0700695642e-09 3.2125407414e-06
6.9970000000e+01 4.0579645718e-09 3.1967188260e-06
6.9975000000e+01 4.1885896018e-09 3.1831274528e-06
6.9980000000e+01 4.4297775017e-09 3.1715315211e-06
6.9985000000e+01 4.7129363680e-09 3.1615108416e-06
6.9990000000e+01 4.9607152402e-09 3.1525719737e-06
6.9995000000e+01 5.1165453158e-09 3.1442749327e-06
7.0000000000e+01 5.1554354616e-09 3.1363343904e-06
7.0005000000e+01 5.0755584378e-09 3.1286745989e-06
7.0010000000e+01 4.8881637695e-09 3.1214396906e-06
7.0015000000e+01 4.6197775583e-09 3.1149685864e-06
7.0020000000e+01 4.3208130532e-09 3.1097368552e-06
7.0025000000e+01 4.0623686470e-09 3.1062636987e-06
7.0030000000e+01 3.9132107811e-09 3.1049942628e-06
7.0035000000e+01 3.9105936898e-09 3.1061885117e-06
7.0040000000e+01 4.0471643920e-09 3.1098560594e-06
7.0045000000e+01 4.2820564757e-09 3.1157597683e-06
7.0050000000e+01 4.5628844425e-09 3.1234801699e-06
7.0055000000e+01 4.8393004045e-09 3.1325111624e-06
7.0060000000e+01 5.0631742709e-09 3.1423588909e-06
7.0065000000e+01 5.1878001599e-09 3.1526314907e-06
7.0070000000e+01 5.1788155155e-09 3.1631155880e-06
7.0075000000e+01 5.0331814882e-09 3.1738275600e-06
7.0080000000e+01 4.7890941942e-09 3.1850171177e-06
7.0085000000e+01 4.5146678937e-09 3.1971073104e-06
7.0090000000e+01 4.2815776916e-09 3.2105814619e-06
7.0095000000e+01 4.1421792734e-09 3.2258550083e-06
7.0100000000e+01 4.1226369118e-09 3.2431751287e-06
7.0105000000e+01 4.2279573788e-09 3.2625702173e-06
7.0110000000e+01 4.4459189986e-09 3.2838453610e-06
7.0115000000e+01 4.7440307362e-09 3.3066114586e-06
7.0120000000e+01 5.0669022020e-09 3.3303443147e-06
7.0125000000e+01 5.3451083989e-09 3.3544767562e-06
7.0130000000e+01 5.5166722014e-09 3.3785155254e-06
7.0135000000e+01 5.5493176269e-09 3.4021518336e-06
7.0140000000e+01 5.4494001747e-09 3.4253241800e-06
7.0145000000e+01 5.2540474155e-09 3.4482100250e-06
7.0150000000e+01 5.0153931323e-09 3.4711566860e-06
7.0155000000e+01 4.7881662169e-09 3.4945839548e-06
7.0160000000e+01 4.6239299944e-09 3.5188870122e-06
7.0165000000e+01 4.5665139233e-09 3.5443501416e-06
7.0170000000e+01 4.6427553481e-09 3.5710730334e-06
7.0175000000e+01 4.8504508003e-09 3.5989215236e-06
7.0180000000e+01 5.1526138362e-09 3.6275269849e-06
7.0185000000e+01 5.4855684643e-09 3.6563507168e-06
7.0190000000e+01 5.7789870255e-09 3.6848002848e-06
7.0195000000e+01 5.9772901951e-09 3.7123572971e-06
7.0200000000e+01 6.0516224898e-09 3.7386739585e-06
7.0205000000e+01 5.9998489814e-09 3.7636190786e-06
7.0210000000e+01 5.8409627569e-09 3.7872798876e-06
7.0215000000e+01 5.6114566937e-09 3.8099321307e-06
7.0220000000e+01 5.3640849770e-09 3.8319799877e-06
7.0225000000e+01 5.1623469417e-09 3.8538620691e-06
7.0230000000e+01 5.0653776757e-09 3.8759340401e-06
7.0235000000e+01 5.1073720164e-09 3.8983612988e-06
7.0240000000e+01 5.2839162883e-09 3.9210622085e-06
7.0245000000e+01 5.5550950270e-09 3.9437220565e-06
7.0250000000e+01 5.8628319335e-09 3.9658645733e-06
7.0255000000e+01 6.1495150429e-09 3.9869488039e-06
7.0260000000e+01 6.3671213148e-09 4.0064654247e-06
7.0265000000e+01 6.4781947451e-09 4.0240233783e-06
7.0270000000e+01 6.4587900922e-09 4.0394230693e-06
7.0275000000e+01 6.3089036990e-09 4.0527021275e-06
7.0280000000e+01 6.0628304005e-09 4.0641304909e-06
7.0285000000e+01 5.7856767289e-09 4.0741419900e-06
7.0290000000e+01 5.5518688712e-09 4.0832181271e-06
7.0295000000e+01 5.4180155662e-09 4.0917639522e-06
7.0300000000e+01 5.4081497410e-09 4.1000153031e-06
7.0305000000e+01 5.5175788424e-09 4.1079946649e-06
7.0310000000e+01 5.7246202118e-09 4.1155108269e-06
7.0315000000e+01 5.9955179415e-09 4.1221921741e-06
7.0320000000e+01 6.2809037639e-09 4.1275513331e-06
7.0325000000e+01 6.5167177223e-09 4.1310817617e-06
7.0330000000e+01 6.6407007109e-09 4.1323732852e-06
7.0335000000e+01 6.6183681163e-09 4.1312141822e-06
7.0340000000e+01 6.4590074273e-09 4.1276430913e-06
7.0345000000e+01 6.2085239840e-09 4.1219332004e-06
7.0350000000e+01 5.9262253399e-09 4.1145205694e-06
7.0355000000e+01 5.6654183109e-09 4.1059062492e-06
7.0360000000e+01 5.4694370257e-09 4.0965581393e-06
7.0365000000e+01 5.3753493591e-09 4.0868243097e-06
7.0370000000e+01 5.4095997440e-09 4.0768634862e-06
7.0375000000e+01 5.5722600510e-09 4.0666055596e-06
7.0380000000e+01 5.8245546877e-09 4.0557615144e-06
7.0385000000e+01 6.0964663643e-09 4.0438929286e-06
7.0390000000e+01 6.3138134128e-09 4.0305265657e-06
7.0395000000e+01 6.4256344566e-09 4.0152771258e-06
7.0400000000e+01 6.4133659478e-09 3.9979394854e-06
7.0405000000e+01 6.2821957616e-09 3.9785313330e-06
7.0410000000e+01 6.0508984617e-09 3.9572894683e-06
7.0415000000e+01 5.7524187419e-09 3.9346310498e-06
7.0420000000e+01 5.4396044073e-09 3.9110854345e-06
7.0425000000e+01 5.1802323309e-09 3.8871983790e-06
7.0430000000e+01 5.0351639206e-09 3.8634201089e-06
7.0435000000e+01 5.0325073322e-09 3.8400064835e-06
7.0440000000e+01 5.1575117702e-09 3.8169688535e-06
7.0445000000e+01 5.3645546476e-09 3.7940915330e-06
7.0450000000e+01 5.5985479980e-09 3.7710062771e-06
7.0455000000e+01 5.8084773599e-09 3.7472932548e-06
7.0460000000e+01 5.9488994322e-09 3.7225798990e-06
7.0465000000e+01 5.9801328356e-09 3.6966243355e-06
7.0470000000e+01 5.8778415502e-09 3.6693794322e-06
7.0475000000e+01 5.6485222884e-09 3.6410279479e-06
7.0480000000e+01 5.3360252194e-09 3.6119705038e-06
7.0485000000e+01 5.0091929499e-09 3.5827549707e-06
7.0490000000e+01 4.7368591849e-09 3.5539605314e-06
7.0495000000e+01 4.5666996435e-09 3.5260739127e-06
7.0500000000e+01 4.5188617893e-09 3.4993983262e-06
7.0505000000e+01 4.5908860951e-09 3.4740150539e-06
7.0510000000e+01 4.7626344778e-09 3.4497922660e-06
7.0515000000e+01 4.9958275978e-09 3.4264266901e-06
7.0520000000e+01 5.2340558909e-09 3.4035116918e-06
7.0525000000e+01 5.4122917128e-09 3.3806316630e-06
7.0530000000e+01 5.4764601169e-09 3.3574725987e-06
7.0535000000e+01 5.4028120671e-09 3.3339193174e-06
7.0540000000e+01 5.2050083668e-09 3.3101023639e-06
7.0545000000e+01 4.9257552704e-09 3.2863754573e-06
7.0550000000e+01 4.6207304987e-09 3.2632363500e-06
7.0555000000e+01 4.3452391293e-09 3.2412244298e-06
7.0560000000e+01 4.1473812106e-09 3.2208237248e-06
7.0565000000e+01 4.0636135504e-09 3.2023823248e-06
7.0570000000e+01 4.1115263830e-09 3.1860504304e-06
7.0575000000e+01 4.2807825118e-09 3.1717468704e-06
7.0580000000e+01 4.5295901307e-09 3.1591736013e-06
7.0585000000e+01 4.7934247967e-09 3.1478896817e-06
7.0590000000e+01 5.0045766151e-09 3.1374292084e-06
7.0595000000e+01 5.1127749490e-09 3.1274233747e-06
7.0600000000e+01 5.0964424955e-09 3.1176867348e-06
7.0605000000e+01 4.9617178741e-09 3.1082507991e-06
7.0610000000e+01 4.7352159501e-09 3.0993523863e-06
7.0615000000e+01 4.4583621286e-09 3.0913906306e-06
7.0620000000e+01 4.1846814152e-09 3.0848574498e-06
7.0625000000e+01 3.9740620479e-09 3.0802412703e-06
7.0630000000e+01 3.8786988799e-09 3.0779160743e-06
7.0635000000e+01 3.9244186226e-09 3.0780473641e-06
7.0640000000e+01 4.0990405430e-09 3.0805508738e-06
7.0645000000e+01 4.3570200457e-09 3.0851196469e-06
7.0650000000e+01 4.6376921853e-09 3.0913044031e-06
7.0655000000e+01 4.8842748848e-09 3.0986147829e-06
7.0660000000e+01 5.0529206866e-09 3.1066150436e-06
7.0665000000e+01 5.1131686138e-09 3.1150041272e-06
7.0670000000e+01 5.0497138431e-09 3.1236762641e-06
7.0675000000e+01 4.8708445848e-09 3.1327504054e-06
7.0680000000e+01 4.6164422378e-09 3.1425501099e-06
7.0685000000e+01 4.3528733267e-09 3.1535260304e-06
7.0690000000e+01 4.1514333723e-09 3.1661386099e-06
7.0695000000e+01 4.0625421344e-09 3.1807395266e-06
7.0700000000e+01 4.1027825990e-09 3.1974888226e-06
7.0705000000e+01 4.2600678731e-09 3.2163231008e-06
7.0710000000e+01 4.5061453990e-09 3.2369686153e-06
7.0715000000e+01 4.8025459025e-09 3.2589873461e-06
7.0720000000e+01 5.0986482092e-09 3.2818504880e-06
7.0725000000e+01 5.3337888299e-09 3.3050363094e-06
7.0730000000e+01 5.4532305207e-09 3.3281384374e-06
7.0735000000e+01 5.4316954942e-09 3.3509546795e-06
7.0740000000e+01 5.2863273154e-09 3.3735238986e-06
7.0745000000e+01 5.0677323738e-09 3.3960972651e-06
7.0750000000e+01 4.8367586513e-09 3.4190578286e-06
7.0755000000e+01 4.6457032022e-09 3.4428185861e-06
7.0760000000e+01 4.5342674056e-09 3.4677255375e-06
7.0765000000e+01 4.5328093838e-09 3.4939784232e-06
7.0770000000e+01 4.6586346510e-09 3.5215744589e-06
7.0775000000e+01 4.9027701399e-09 3.5502849985e-06
7.0780000000e+01 5.2207824508e-09 3.5796800728e-06
7.0785000000e+01 5.5422055953e-09 3.6092067948e-06
7.0790000000e+01 5.7967802159e-09 3.6383051652e-06
7.0795000000e+01 5.9395482563e-09 3.6665253378e-06
7.0800000000e+01 5.9584269879e-09 3.6936100001e-06
7.0805000000e+01 5.8652666066e-09 3.7195245968e-06
7.0810000000e+01 5.6854470407e-09 3.7444403656e-06
7.0815000000e+01 5.4569095358e-09 3.7686837911e-06
7.0820000000e+01 5.2333892806e-09 3.7926610020e-06
7.0825000000e+01 5.0780952340e-09 3.8167616283e-06
7.0830000000e+01 5.0432897833e-09 3.8412546179e-06
7.0835000000e+01 5.1477976638e-09 3.8662031113e-06
7.0840000000e+01 5.3696852407e-09 3.8914298113e-06
7.0845000000e+01 5.6589858704e-09 3.9165479699e-06
7.0850000000e+01 5.9585682661e-09 3.9410450712e-06
7.0855000000e+01 6.2176050079e-09 3.9643876937e-06
7.0860000000e+01 6.3940340102e-09 3.9861187437e-06
7.0865000000e+01 6.4553458580e-09 4.0059336486e-06
7.0870000000e+01 6.3866493816e-09 4.0237319441e-06
7.0875000000e+01 6.2027785085e-09 4.0396371534e-06
7.0880000000e+01 5.9518229581e-09 4.0539710155e-06
7.0885000000e+01 5.7020577814e-09 4.0671747305e-06
7.0890000000e+01 5.5183222335e-09 4.0796925590e-06
7.0895000000e+01 5.4425908056e-09 4.0918547217e-06
7.0900000000e+01 5.4882929201e-09 4.1037975314e-06
7.0905000000e+01 5.6453712490e-09 4.1154380545e-06
7.0910000000e+01 5.8862918455e-09 4.1264962478e-06
7.0915000000e+01 6.1679506492e-09 4.1365484201e-06
7.0920000000e+01 6.4338556191e-09 4.1451028832e-06
7.0925000000e+01 6.6238648320e-09 4.1516950001e-06
7.0930000000e+01 6.6918003922e-09 4.1559904609e-06
7.0935000000e+01 6.6220946813e-09 4.1578689889e-06
7.0940000000e+01 6.4350467097e-09 4.1574558440e-06
7.0945000000e+01 6.1779009105e-09 4.1550864838e-06
7.0950000000e+01 5.9085056916e-09 4.1512194960e-06
7.0955000000e+01 5.6812430791e-09 4.1463314609e-06
7.0960000000e+01 5.5395535207e-09 4.1408224198e-06
7.0965000000e+01 5.5120080492e-09 4.1349430778e-06
7.0970000000e+01 5.6071047598e-09 4.1287456187e-06
7.0975000000e+01 5.8069260026e-09 4.1220659200e-06
7.0980000000e+01 6.0656146286e-09 4.1145522804e-06
7.0985000000e+01 6.3186042025e-09 4.1057474547e-06
7.0990000000e+01 6.5015749572e-09 4.0952065182e-06
7.0995000000e+01 6.5701550161e-09 4.0826119741e-06
7.1000000000e+01 6.5101981022e-09 4.0678489679e-06
7.1005000000e+01 6.3356137812e-09 4.0510262500e-06
7.1010000000e+01 6.0795793706e-09 4.0324518218e-06
7.1015000000e+01 5.7871979204e-09 4.0125785769e-06
7.1020000000e+01 5.5116156674e-09 3.9919274460e-06
7.1025000000e+01 5.3082515219e-09 3.9709910613e-06
7.1030000000e+01 5.2219122350e-09 3.9501309910e-06
7.1035000000e+01 5.2700410420e-09 3.9294976552e-06
7.1040000000e+01 5.4331402402e-09 3.9090042792e-06
7.1045000000e+01 5.6609723397e-09 3.8883662781e-06
7.1050000000e+01 5.8915021732e-09 3.8671889550e-06
7.1055000000e+01 6.0699245502e-09 3.8450711116e-06
7.1060000000e+01 6.1573858628e-09 3.8216981751e-06
7.1065000000e+01 6.1307681999e-09 3.7969140887e-06
7.1070000000e+01 5.9832392361e-09 3.7707684989e-06
7.1075000000e+01 5.7307834909e-09 3.7435302680e-06
7.1080000000e+01 5.4180017512e-09 3.7156534742e-06
7.1085000000e+01 5.1115463552e-09 3.6876923452e-06
7.1090000000e+01 4.8787483035e-09 3.6601844252e-06
7.1095000000e+01 4.7634208586e-09 3.6335389385e-06
7.1100000000e+01 4.7748001273e-09 3.6079645095e-06
7.1105000000e+01 4.8939983213e-09 3.5834496618e-06
7.1110000000e+01 5.0872308268e-09 3.5597885028e-06
7.1115000000e+01 5.3126388390e-09 3.5366376394e-06
7.1120000000e+01 5.5197057388e-09 3.5135959035e-06
7.1125000000e+01 5.6523219962e-09 3.4903011003e-06
7.1130000000e+01 5.6639837652e-09 3.4665291794e-06
7.1135000000e+01 5.5387395916e-09 3.4422686507e-06
7.1140000000e+01 5.3012280651e-09 3.4177422281e-06
7.1145000000e+01 5.0061354033e-09 3.3933656162e-06
7.1150000000e+01 4.7151197548e-09 3.3696592384e-06
7.1155000000e+01 4.4787724179e-09 3.3471436538e-06
7.1160000000e+01 4.3326964147e-09 3.3262453063e-06
7.1165000000e+01 4.3005036874e-09 3.3072254956e-06
7.1170000000e+01 4.3909171790e-09 3.2901372069e-06
7.1175000000e+01 4.5870823106e-09 3.2748168243e-06
7.1180000000e+01 4.8403984491e-09 3.2609212484e-06
7.1185000000e+01 5.0813689115e-09 3.2480127321e-06
7.1190000000e+01 5.2447976363e-09 3.2356735816e-06
7.1195000000e+01 5.2925458093e-09 3.2236158093e-06
7.1200000000e+01 5.2194562382e-09 3.2117519133e-06
7.1205000000e+01 5.0440696943e-09 3.2002119034e-06
7.1210000000e+01 4.7979226648e-09 3.1893132506e-06
7.1215000000e+01 4.5230816932e-09 3.1794994600e-06
7.1220000000e+01 4.2732371063e-09 3.1712585291e-06
7.1225000000e+01 4.1064942774e-09 3.1650279258e-06
7.1230000000e+01 4.0665730879e-09 3.1610989056e-06
7.1235000000e+01 4.1635785723e-09 3.1595451024e-06
7.1240000000e+01 4.3692878514e-09 3.1602027059e-06
7.1245000000e+01 4.6304801569e-09 3.1627134076e-06
7.1250000000e+01 4.8892265069e-09 3.1666151099e-06
7.1255000000e+01 5.0962289757e-09 3.1714483259e-06
7.1260000000e+01 5.2139538956e-09 3.1768494658e-06
7.1265000000e+01 5.2176051862e-09 3.1826179346e-06
7.1270000000e+01 5.1015410742e-09 3.1887544839e-06
7.1275000000e+01 4.8882237952e-09 3.1954660737e-06
7.1280000000e+01 4.6291038904e-09 3.2031272957e-06
7.1285000000e+01 4.3911252488e-09 3.2121949787e-06
7.1290000000e+01 4.2345789178e-09 3.2230929229e-06
7.1295000000e+01 4.1953604921e-09 3.2361025921e-06
7.1300000000e+01 4.2801094080e-09 3.2512950634e-06
7.1305000000e+01 4.4716560007e-09 3.2685187154e-06
7.1310000000e+01 4.7361417496e-09 3.2874336307e-06
7.1315000000e+01 5.0270040963e-09 3.3075750309e-06
7.1320000000e+01 5.2889035705e-09 3.3284343719e-06
7.1325000000e+01 5.4673526537e-09 3.3495529359e-06
7.1330000000e+01 5.5242981979e-09 3.3706162071e-06
7.1335000000e+01 5.4521888027e-09 3.3915234874e-06
7.1340000000e+01 5.2774955828e-09 3.4124043387e-06
7.1345000000e+01 5.0511733071e-09 3.4335714378e-06
7.1350000000e+01 4.8321022519e-09 3.4554272159e-06
7.1355000000e+01 4.6725841539e-09 3.4783579501e-06
7.1360000000e+01 4.6105853341e-09 3.5026434509e-06
7.1365000000e+01 4.6665851774e-09 3.5283934025e-06
7.1370000000e+01 4.8404021852e-09 3.5555115356e-06
7.1375000000e+01 5.1072961504e-09 3.5836929673e-06
7.1380000000e+01 5.4181835241e-09 3.6124657709e-06
7.1385000000e+01 5.7092854490e-09 3.6412794427e-06
7.1390000000e+01 5.9203961707e-09 3.6696210700e-06
7.1395000000e+01 6.0134639504e-09 3.6971222489e-06
7.1400000000e+01 5.9816921073e-09 3.7236227667e-06
7.1405000000e+01 5.8460707238e-09 3.7491791618e-06
7.1410000000e+01 5.6451403345e-09 3.7740286802e-06
7.1415000000e+01 5.4262984960e-09 3.7985255110e-06
7.1420000000e+01 5.2410843665e-09 3.8230591135e-06
7.1425000000e+01 5.1395269726e-09 3.8479601338e-06
7.1430000000e+01 5.1584948186e-09 3.8734075730e-06
7.1435000000e+01 5.3069423118e-09 3.8993636000e-06
7.1440000000e+01 5.5583895673e-09 3.9255626950e-06
7.1445000000e+01 5.8585880177e-09 3.9515626648e-06
7.1450000000e+01 6.1449836489e-09 3.9768386815e-06
7.1455000000e+01 6.3654627422e-09 4.0008879078e-06
7.1460000000e+01 6.4864671122e-09 4.0233187207e-06
7.1465000000e+01 6.4920255708e-09 4.0439137705e-06
7.1470000000e+01 6.3830932780e-09 4.0626640036e-06
7.1475000000e+01 6.1822334723e-09 4.0797675172e-06
7.1480000000e+01 5.9373880047e-09 4.0955838683e-06
7.1485000000e+01 5.7140967110e-09 4.1105439646e-06
7.1490000000e+01 5.5745338983e-09 4.1250359671e-06
7.1495000000e+01 5.5551224458e-09 4.1393025305e-06
7.1500000000e+01 5.6574839617e-09 4.1533805915e-06
7.1505000000e+01 5.8561226452e-09 4.1670947882e-06
7.1510000000e+01 6.1122567944e-09 4.1800954688e-06
7.1515000000e+01 6.3813978770e-09 4.1919254498e-06
7.1520000000e+01 6.6138931163e-09 4.2021044456e-06
7.1525000000e+01 6.7586452962e-09 4.2102233037e-06
7.1530000000e+01 6.7773476757e-09 4.2160334843e-06
7.1535000000e+01 6.6627857372e-09 4.2195072973e-06
7.1540000000e+01 6.4460471466e-09 4.2208452473e-06
7.1545000000e+01 6.1846390675e-09 4.2204240571e-06
7.1550000000e+01 5.9397578191e-09 4.2187027177e-06
7.1555000000e+01 5.7591039548e-09 4.2161175763e-06
7.1560000000e+01 5.6732468745e-09 4.2129930691e-06
7.1565000000e+01 5.6985963866e-09 4.2094806305e-06
7.1570000000e+01 5.8354417048e-09 4.2055291968e-06
7.1575000000e+01 6.0597288123e-09 4.2008915454e-06
7.1580000000e+01 6.3196370956e-09 4.1951729094e-06
7.1585000000e+01 6.5474838578e-09 4.1879207628e-06
7.1590000000e+01 6.6836410746e-09 4.1787369836e-06
7.1595000000e+01 6.6969494698e-09 4.1673789229e-06
7.1600000000e+01 6.5890124249e-09 4.1538181201e-06
7.1605000000e+01 6.3844874440e-09 4.1382443651e-06
7.1610000000e+01 6.1200588050e-09 4.1210238113e-06
7.1615000000e+01 5.8406214633e-09 4.1026286376e-06
7.1620000000e+01 5.5985577816e-09 4.0835517247e-06
7.1625000000e+01 5.4460503961e-09 4.0642147849e-06
7.1630000000e+01 5.4181076297e-09 4.0448825701e-06
7.1635000000e+01 5.5164607013e-09 4.0256055670e-06
7.1640000000e+01 5.7072376251e-09 4.0062145735e-06
7.1645000000e+01 5.9347973832e-09 3.9863745400e-06
7.1650000000e+01 6.1413945060e-09 3.9656806171e-06
7.1655000000e+01 6.2802646327e-09 3.9437641710e-06
7.1660000000e+01 6.3191661044e-09 3.9203804722e-06
7.1665000000e+01 6.2412154244e-09 3.8954655783e-06
7.1670000000e+01 6.0495305924e-09 3.8691611625e-06
7.1675000000e+01 5.7732746577e-09 3.8418051262e-06
7.1680000000e+01 5.4662864591e-09 3.8138816673e-06
7.1685000000e+01 5.1933882423e-09 3.7859308775e-06
7.1690000000e+01 5.0097812224e-09 3.7584362125e-06
7.1695000000e+01 4.9450240807e-09 3.7317241443e-06
7.1700000000e+01 4.9990790140e-09 3.7059082720e-06
7.1705000000e+01 5.1483127770e-09 3.6808896172e-06
7.1710000000e+01 5.3537531580e-09 3.6564020878e-06
7.1715000000e+01 5.5668372177e-09 3.6320838402e-06
7.1720000000e+01 5.7346399003e-09 3.6075614374e-06
7.1725000000e+01 5.8091297747e-09 3.5825398468e-06
7.1730000000e+01 5.7606903334e-09 3.5568863154e-06
7.1735000000e+01 5.5897154571e-09 3.5306851376e-06
7.1740000000e+01 5.3285004419e-09 3.5042392444e-06
7.1745000000e+01 5.0311025909e-09 3.4780120847e-06
7.1750000000e+01 4.7566203138e-09 3.4525291065e-06
7.1755000000e+01 4.5545290165e-09 3.4282724116e-06
7.1760000000e+01 4.4570191167e-09 3.4055958133e-06
7.1765000000e+01 4.4768058073e-09 3.3846707544e-06
7.1770000000e+01 4.6059183938e-09 3.3654634169e-06
7.1775000000e+01 4.8140265726e-09 3.3477458267e-06
7.1780000000e+01 5.0501310714e-09 3.3311480089e-06
7.1785000000e+01 5.2524780628e-09 3.3152503628e-06
7.1790000000e+01 5.3660665548e-09 3.2996958933e-06
7.1795000000e+01 5.3599367161e-09 3.2842871041e-06
7.1800000000e+01 5.2348912351e-09 3.2690369277e-06
7.1805000000e+01 5.0186981714e-09 3.2541645184e-06
7.1810000000e+01 4.7545665179e-09 3.2400478991e-06
7.1815000000e+01 4.4913820999e-09 3.2271518225e-06
7.1820000000e+01 4.2784607224e-09 3.2159427652e-06
7.1825000000e+01 4.1601956218e-09 3.2067983796e-06
7.1830000000e+01 4.1656813226e-09 3.1999250724e-06
7.1835000000e+01 4.2959766235e-09 3.1953073135e-06
7.1840000000e+01 4.5186426653e-09 3.1927107912e-06
7.1845000000e+01 4.7767358005e-09 3.1917431906e-06
7.1850000000e+01 5.0085483246e-09 3.1919523728e-06
7.1855000000e+01 5.1658292996e-09 3.1929297783e-06
7.1860000000e+01 5.2210739657e-09 3.1943936060e-06
7.1865000000e+01 5.1656914707e-09 3.1962414921e-06
7.1870000000e+01 5.0081821122e-09 3.1985709247e-06
7.1875000000e+01 4.7770696247e-09 3.2016639779e-06
7.1880000000e+01 4.5227925016e-09 3.2059311296e-06
7.1885000000e+01 4.3089666002e-09 3.2118176352e-06
7.1890000000e+01 4.1920857328e-09 3.2196934602e-06
7.1895000000e+01 4.2010825842e-09 3.2297601569e-06
7.1900000000e+01 4.3303281184e-09 3.2420029661e-06
7.1905000000e+01 4.5484997590e-09 3.2561967127e-06
7.1910000000e+01 4.8128832545e-09 3.2719547754e-06
7.1915000000e+01 5.0775464343e-09 3.2888036641e-06
7.1920000000e+01 5.2948103625e-09 3.3062699398e-06
7.1925000000e+01 5.4193508402e-09 3.3239699623e-06
7.1930000000e+01 5.4212508190e-09 3.3416884608e-06
7.1935000000e+01 5.3016643702e-09 3.3594244061e-06
7.1940000000e+01 5.0973667799e-09 3.3773846280e-06
7.1945000000e+01 4.8677361330e-09 3.3959221989e-06
7.1950000000e+01 4.6725671536e-09 3.4154384665e-06
7.1955000000e+01 4.5558698563e-09 3.4362796308e-06
7.1960000000e+01 4.5426330729e-09 3.4586539826e-06
7.1965000000e+01 4.6419640340e-09 3.4825817139e-06
7.1970000000e+01 4.8461933537e-09 3.5078791280e-06
7.1975000000e+01 5.1249909325e-09 3.5341786023e-06
7.1980000000e+01 5.4243721406e-09 3.5609871513e-06
7.1985000000e+01 5.6793330722e-09 3.5877795177e-06
7.1990000000e+01 5.8362893332e-09 3.6141062972e-06
7.1995000000e+01 5.8711257003e-09 3.6396854112e-06
7.2000000000e+01 5.7919132550e-09 3.6644485162e-06
7.2005000000e+01 5.6287451989e-09 3.6885326404e-06
7.2010000000e+01 5.4223453960e-09 3.7122278131e-06
7.2015000000e+01 5.2190771011e-09 3.7358999323e-06
7.2020000000e+01 5.0687689744e-09 3.7599039950e-06
7.2025000000e+01 5.0168837134e-09 3.7844973372e-06
7.2030000000e+01 5.0895145596e-09 3.8097650991e-06
7.2035000000e+01 5.2802947281e-09 3.8355775681e-06
7.2040000000e+01 5.5502060933e-09 3.8615987980e-06
7.2045000000e+01 5.8417885173e-09 3.8873504458e-06
7.2050000000e+01 6.0981566867e-09 3.9123119470e-06
7.2055000000e+01 6.2756944500e-09 3.9360247898e-06
7.2060000000e+01 6.3477266062e-09 3.9581735938e-06
7.2065000000e+01 6.3049642059e-09 3.9786325370e-06
7.2070000000e+01 6.1583269424e-09 3.9974772904e-06
7.2075000000e+01 5.9423173892e-09 4.0149629042e-06
7.2080000000e+01 5.7117846477e-09 4.0314647794e-06
7.2085000000e+01 5.5282811842e-09 4.0473857132e-06
7.2090000000e+01 5.4410290339e-09 4.0630482753e-06
7.2095000000e+01 5.4726386930e-09 4.0786051498e-06
7.2100000000e+01 5.6161779237e-09 4.0939964410e-06
7.2105000000e+01 5.8418240960e-09 4.1089627233e-06
7.2110000000e+01 6.1062063784e-09 4.1231010053e-06
7.2115000000e+01 6.3596400499e-09 4.1359429360e-06
7.2120000000e+01 6.5522371615e-09 4.1470406258e-06
7.2125000000e+01 6.6425326472e-09 4.1560519475e-06
7.2130000000e+01 6.6089724485e-09 4.1628135950e-06
7.2135000000e+01 6.4591612331e-09 4.1673815197e-06
7.2140000000e+01 6.2302046348e-09 4.1700190073e-06
7.2145000000e+01 5.9780320788e-09 4.1711296021e-06
7.2150000000e+01 5.7606252738e-09 4.1711556865e-06
7.2155000000e+01 5.6234369206e-09 4.1704758965e-06
7.2160000000e+01 5.5921464789e-09 4.1693275137e-06
7.2165000000e+01 5.6716032240e-09 4.1677632700e-06
7.2170000000e+01 5.8464669439e-09 4.1656416971e-06
7.2175000000e+01 6.0815089101e-09 4.1626513852e-06
7.2180000000e+01 6.3245653752e-09 4.1583724852e-06
7.2185000000e+01 6.5165569809e-09 4.1523714704e-06
7.2190000000e+01 6.6081144139e-09 4.1443082087e-06
7.2195000000e+01 6.5754540513e-09 4.1340222442e-06
7.2200000000e+01 6.4265757062e-09 4.1215709731e-06
7.2205000000e+01 6.1951153872e-09 4.1072133623e-06
7.2210000000e+01 5.9277408097e-09 4.0913527879e-06
7.2215000000e+01 5.6736090945e-09 4.0744585437e-06
7.2220000000e+01 5.4788313217e-09 4.0569796708e-06
7.2225000000e+01 5.3815878858e-09 4.0392598624e-06
7.2230000000e+01 5.4030900505e-09 4.0214665378e-06
7.2235000000e+01 5.5368398649e-09 4.0035546886e-06
7.2240000000e+01 5.7451723747e-09 3.9852833171e-06
7.2245000000e+01 5.9694386228e-09 3.9662847227e-06
7.2250000000e+01 6.1497717368e-09 3.9461651956e-06
7.2255000000e+01 6.2425297646e-09 3.9246055422e-06
7.2260000000e+01 6.2266104338e-09 3.9014368787e-06
7.2265000000e+01 6.1006850762e-09 3.8766821558e-06
7.2270000000e+01 5.8802322390e-09 3.8505631087e-06
7.2275000000e+01 5.5988607869e-09 3.8234720332e-06
7.2280000000e+01 5.3085177767e-09 3.7959067847e-06
7.2285000000e+01 5.0700222943e-09 3.7683753174e-06
7.2290000000e+01 4.9336784467e-09 3.7412910674e-06
7.2295000000e+01 4.9209152185e-09 3.7148902821e-06
7.2300000000e+01 5.0193070551e-09 3.6891964986e-06
7.2305000000e+01 5.1925451293e-09 3.6640382764e-06
7.2310000000e+01 5.3951002865e-09 3.6391077020e-06
7.2315000000e+01 5.5808127635e-09 3.6140406538e-06
7.2320000000e+01 5.7050683480e-09 3.5885039408e-06
7.2325000000e+01 5.7290471565e-09 3.5622787102e-06
7.2330000000e+01 5.6314154251e-09 3.5353269580e-06
7.2335000000e+01 5.4213626195e-09 3.5078227618e-06
7.2340000000e+01 5.1407065532e-09 3.4801327005e-06
7.2345000000e+01 4.8499780276e-09 3.4527455741e-06
7.2350000000e+01 4.6069286437e-09 3.4261716261e-06
7.2355000000e+01 4.4514383205e-09 3.4008419046e-06
7.2360000000e+01 4.4028132965e-09 3.3770329206e-06
7.2365000000e+01 4.4632286876e-09 3.3548274535e-06
7.2370000000e+01 4.6179806975e-09 3.3341116589e-06
7.2375000000e+01 4.8318157364e-09 3.3146069612e-06
7.2380000000e+01 5.0500161355e-09 3.2959362403e-06
7.2385000000e+01 5.2114383338e-09 3.2777178697e-06
7.2390000000e+01 5.2693332588e-09 3.2596677748e-06
7.2395000000e+01 5.2070296324e-09 3.2416797363e-06
7.2400000000e+01 5.0391122267e-09 3.2238586341e-06
7.2405000000e+01 4.8008109020e-09 3.2064996488e-06
7.2410000000e+01 4.5362540570e-09 3.1900260970e-06
7.2415000000e+01 4.2924662647e-09 3.1749066882e-06
7.2420000000e+01 4.1161043616e-09 3.1615686488e-06
7.2425000000e+01 4.0458096408e-09 3.1503169939e-06
7.2430000000e+01 4.0992444931e-09 3.1412713545e-06
7.2435000000e+01 4.2628612954e-09 3.1343372735e-06
7.2440000000e+01 4.4936285134e-09 3.1292274134e-06
7.2445000000e+01 4.7334568444e-09 3.1255333107e-06
7.2450000000e+01 4.9275094886e-09 3.1228273964e-06
7.2455000000e+01 5.0363970245e-09 3.1207633596e-06
7.2460000000e+01 5.0397118721e-09 3.1191487732e-06
7.2465000000e+01 4.9358528992e-09 3.1179799904e-06
7.2470000000e+01 4.7430526020e-09 3.1174410912e-06
7.2475000000e+01 4.5003450738e-09 3.1178697400e-06
7.2480000000e+01 4.2628040724e-09 3.1196903093e-06
7.2485000000e+01 4.0881844839e-09 3.1233198102e-06
7.2490000000e+01 4.0195038203e-09 3.1290662782e-06
7.2495000000e+01 4.0724883533e-09 3.1370502711e-06
7.2500000000e+01 4.2337473675e-09 3.1471751800e-06
7.2505000000e+01 4.4681613453e-09 3.1591521015e-06
7.2510000000e+01 4.7292000264e-09 3.1725646391e-06
7.2515000000e+01 4.9673361827e-09 3.1869518966e-06
7.2520000000e+01 5.1366890597e-09 3.2018938750e-06
7.2525000000e+01 5.2027969109e-09 3.2170903114e-06
7.2530000000e+01 5.1520899710e-09 3.2324219728e-06
7.2535000000e+01 4.9989516077e-09 3.2479768253e-06
7.2540000000e+01 4.7846115232e-09 3.2640254236e-06
7.2545000000e+01 4.5659856251e-09 3.2809462292e-06
7.2550000000e+01 4.3990061725e-09 3.2991229316e-06
7.2555000000e+01 4.3243707918e-09 3.3188461449e-06
7.2560000000e+01 4.3609643961e-09 3.3402442542e-06
7.2565000000e+01 4.5060561222e-09 3.3632516429e-06
7.2570000000e+01 4.7376779984e-09 3.3876119327e-06
7.2575000000e+01 5.0166362965e-09 3.4129141483e-06
7.2580000000e+01 5.2905034074e-09 3.4386618472e-06
7.2585000000e+01 5.5036080544e-09 3.4643685460e-06
7.2590000000e+01 5.6126515329e-09 3.4896582698e-06
7.2595000000e+01 5.6010428584e-09 3.5143405529e-06
7.2600000000e+01 5.4835042891e-09 3.5384359936e-06
7.2605000000e+01 5.2986074910e-09 3.5621487022e-06
7.2610000000e+01 5.0952754299e-09 3.5858008222e-06
7.2615000000e+01 4.9217602479e-09 3.6097497625e-06
7.2620000000e+01 4.8200549276e-09 3.6343030146e-06
7.2625000000e+01 4.8215935286e-09 3.6596402309e-06
7.2630000000e+01 4.9396096495e-09 3.6857547920e-06
7.2635000000e+01 5.1603759108e-09 3.7124322499e-06
7.2640000000e+01 5.4416377968e-09 3.7392793232e-06
7.2645000000e+01 5.7238161261e-09 3.7658006081e-06
7.2650000000e+01 5.9495753109e-09 3.7915005729e-06
7.2655000000e+01 6.0802576638e-09 3.8159800305e-06
7.2660000000e+01 6.1010898882e-09 3.8390038054e-06
7.2665000000e+01 6.0174650862e-09 3.8605311339e-06
7.2670000000e+01 5.8508761143e-09 3.8807100807e-06
7.2675000000e+01 5.6387507092e-09 3.8998381655e-06
7.2680000000e+01 5.4332045237e-09 3.9182909214e-06
7.2685000000e+01 5.2910993580e-09 3.9364269232e-06
7.2690000000e+01 5.2557621146e-09 3.9544905070e-06
7.2695000000e+01 5.3408055396e-09 3.9725409086e-06
7.2700000000e+01 5.5271336767e-09 3.9904297711e-06
7.2705000000e+01 5.7738866521e-09 4.0078305910e-06
7.2710000000e+01 6.0333456904e-09 4.0243060097e-06
7.2715000000e+01 6.2597918984e-09 4.0393925558e-06
7.2720000000e+01 6.4121532053e-09 4.0526866950e-06
7.2725000000e+01 6.4581685925e-09 4.0639211180e-06
7.2730000000e+01 6.3846015423e-09 4.0730192745e-06
7.2735000000e+01 6.2077004832e-09 4.0801128675e-06
7.2740000000e+01 5.9730748900e-09 4.0855106918e-06
7.2745000000e+01 5.7411417411e-09 4.0896217952e-06
7.2750000000e+01 5.5664845562e-09 4.0928541224e-06
7.2755000000e+01 5.4839531962e-09 4.0955187629e-06
7.2760000000e+01 5.5066226597e-09 4.0977637463e-06
7.2765000000e+01 5.6296763044e-09 4.0995467567e-06
7.2770000000e+01 5.8318253997e-09 4.1006450595e-06
7.2775000000e+01 6.0736904708e-09 4.1006984899e-06
7.2780000000e+01 6.3006475203e-09 4.0992819884e-06
7.2785000000e+01 6.4559431123e-09 4.0959992491e-06
7.2790000000e+01 6.4997700871e-09 4.0905777876e-06
7.2795000000e+01 6.4226352550e-09 4.0829377791e-06
7.2800000000e+01 6.2450459645e-09 4.0732124755e-06
7.2805000000e+01 6.0064613937e-09 4.0617160764e-06
7.2810000000e+01 5.7532496821e-09 4.0488735620e-06
7.2815000000e+01 5.5318633196e-09 4.0351344490e-06
7.2820000000e+01 5.3848083524e-09 4.0208878536e-06
7.2825000000e+01 5.3434763158e-09 4.0063893921e-06
7.2830000000e+01 5.4172717008e-09 3.9917101192e-06
7.2835000000e+01 5.5860460589e-09 3.9767215906e-06
7.2840000000e+01 5.8035154151e-09 3.9611287738e-06
7.2845000000e+01 6.0117724429e-09 3.9445483412e-06
7.2850000000e+01 6.1588044933e-09 3.9266109234e-06
7.2855000000e+01 6.2100604422e-09 3.9070561320e-06
7.2860000000e+01 6.1516404361e-09 3.8857957956e-06
7.2865000000e+01 5.9893098313e-09 3.8629370386e-06
7.2870000000e+01 5.7477754764e-09 3.8387688189e-06
7.2875000000e+01 5.4695501153e-09 3.8137171258e-06
7.2880000000e+01 5.2089952298e-09 3.7882719751e-06
7.2885000000e+01 5.0194366701e-09 3.7628939036e-06
7.2890000000e+01 4.9374139210e-09 3.7379196566e-06
7.2895000000e+01 4.9718497883e-09 3.7134953944e-06
7.2900000000e+01 5.1033662877e-09 3.6895597425e-06
7.2905000000e+01 5.2924492104e-09 3.6658795210e-06
7.2910000000e+01 5.4906216632e-09 3.6421217846e-06
7.2915000000e+01 5.6497172061e-09 3.6179395745e-06
7.2920000000e+01 5.7287262382e-09 3.5930549008e-06
7.2925000000e+01 5.7005573797e-09 3.5673295850e-06
7.2930000000e+01 5.5595273830e-09 3.5408139745e-06
7.2935000000e+01 5.3263773457e-09 3.5137589412e-06
7.2940000000e+01 5.0458547511e-09 3.4865794401e-06
7.2945000000e+01 4.7751557709e-09 3.4597734168e-06
7.2950000000e+01 4.5674961454e-09 3.4338191160e-06
7.2955000000e+01 4.4584402034e-09 3.4090821348e-06
7.2960000000e+01 4.4602052388e-09 3.3857552683e-06
7.2965000000e+01 4.5631582059e-09 3.3638379419e-06
7.2970000000e+01 4.7398048870e-09 3.3431512997e-06
7.2975000000e+01 4.9482664510e-09 3.3233844036e-06
7.3075000000e+01 5.1370721938e-09 3.3041686228e-06
7.3080000000e+01 5.2549762089e-09 3.2851714542e-06
7.3085000000e+01 5.2654609495e-09 3.2661887538e-06
7.3090000000e+01 5.1594199655e-09 3.2472072977e-06
7.3095000000e+01 4.9581260207e-09 3.2284172962e-06
7.3100000000e+01 4.7045436084e-09 3.2101738606e-06
7.3105000000e+01 4.4491410394e-09 3.1929240192e-06
7.3110000000e+01 4.2386407914e-09 3.1771208491e-06
7.3115000000e+01 4.1106059019e-09 3.1631404871e-06
7.3120000000e+01 4.0898384390e-09 3.1512120371e-06
7.3125000000e+01 4.1821481665e-09 3.1413714057e-06
7.3130000000e+01 4.3675367772e-09 3.1334532668e-06
7.3135000000e+01 4.6003994555e-09 3.1271308320e-06
7.3140000000e+01 4.8215309021e-09 3.1219978131e-06
7.3145000000e+01 4.9772744726e-09 3.1176695465e-06
7.3150000000e+01 5.0347695811e-09 3.1138734416e-06
7.3155000000e+01 4.9859363883e-09 3.1105069686e-06
7.3160000000e+01 4.8427981198e-09 3.1076561804e-06
7.3165000000e+01 4.6323919504e-09 3.1055777786e-06
7.3170000000e+01 4.3952524853e-09 3.1046495183e-06
7.3175000000e+01 4.1829269307e-09 3.1052936490e-06
7.3180000000e+01 4.0478193855e-09 3.1078836939e-06
7.3185000000e+01 4.0261962074e-09 3.1126552543e-06
7.3190000000e+01 4.1242239938e-09 3.1196470426e-06
7.3195000000e+01 4.3168952087e-09 3.1286908781e-06
7.3200000000e+01 4.5598213426e-09 3.1394516136e-06
7.3205000000e+01 4.8042301518e-09 3.1515013588e-06
7.3210000000e+01 5.0059417380e-09 3.1644065765e-06
7.3215000000e+01 5.1282838148e-09 3.1778110345e-06
7.3220000000e+01 5.1459442031e-09 3.1915034955e-06
7.3225000000e+01 5.0536124086e-09 3.2054597175e-06
7.3230000000e+01 4.8739726305e-09 3.2198465615e-06
7.3235000000e+01 4.6555788664e-09 3.2349802191e-06
7.3240000000e+01 4.4578998594e-09 3.2512441898e-06
7.3245000000e+01 4.3316883867e-09 3.2689888630e-06
7.3250000000e+01 4.3063492309e-09 3.2884419446e-06
7.3255000000e+01 4.3886460110e-09 3.3096521839e-06
7.3260000000e+01 4.5671390401e-09 3.3324740815e-06
7.3265000000e+01 4.8147728104e-09 3.3565898407e-06
7.3270000000e+01 5.0891036912e-09 3.3815619464e-06
7.3275000000e+01 5.3365831704e-09 3.4069102981e-06
7.3280000000e+01 5.5054745819e-09 3.4322038631e-06
7.3285000000e+01 5.5630730504e-09 3.4571476023e-06
7.3290000000e+01 5.5068156256e-09 3.4816394222e-06
7.3295000000e+01 5.3625649270e-09 3.5057781396e-06
7.3300000000e+01 5.1731419617e-09 3.5298210758e-06
7.3305000000e+01 4.9860510426e-09 3.5541075659e-06
7.3310000000e+01 4.8460525809e-09 3.5789712273e-06
7.3315000000e+01 4.7906700662e-09 3.6046588130e-06
7.3320000000e+01 4.8437347012e-09 3.6312660684e-06
7.3325000000e+01 5.0066243053e-09 3.6586993650e-06
7.3330000000e+01 5.2531624882e-09 3.6866742579e-06
7.3335000000e+01 5.5344822499e-09 3.7147591600e-06
7.3340000000e+01 5.7934939258e-09 3.7424589393e-06
7.3345000000e+01 5.9815398716e-09 3.7693161428e-06
7.3350000000e+01 6.0691959454e-09 3.7949996764e-06
7.3355000000e+01 6.0489260545e-09 3.8193582620e-06
7.3360000000e+01 5.9331684898e-09 3.8424321070e-06
7.3365000000e+01 5.7519392462e-09 3.8644282372e-06
7.3370000000e+01 5.5498824387e-09 3.8856669608e-06
7.3375000000e+01 5.3794508055e-09 3.9065050423e-06
7.3380000000e+01 5.2886667369e-09 3.9272449246e-06
7.3385000000e+01 5.3070586253e-09 3.9480493936e-06
7.3390000000e+01 5.4365572079e-09 3.9688875081e-06
7.3395000000e+01 5.6519731758e-09 3.9895306164e-06
7.3400000000e+01 5.9099208339e-09 4.0095984858e-06
7.3405000000e+01 6.1607073039e-09 4.0286376808e-06
7.3410000000e+01 6.3581708730e-09 4.0462089166e-06
7.3415000000e+01 6.4664240893e-09 4.0619665734e-06
7.3420000000e+01 6.4654789459e-09 4.0757210618e-06
7.3425000000e+01 6.3568261154e-09 4.0874753212e-06
7.3430000000e+01 6.1665496815e-09 4.0974238441e-06
7.3435000000e+01 5.9417322815e-09 4.1059062941e-06
7.3440000000e+01 5.7386255000e-09 4.1133222354e-06
7.3445000000e+01 5.6066121212e-09 4.1200305781e-06
7.3450000000e+01 5.5753235193e-09 4.1262638336e-06
7.3455000000e+01 5.6500130558e-09 4.1320783034e-06
7.3460000000e+01 5.8143698831e-09 4.1373452835e-06
7.3465000000e+01 6.0359508543e-09 4.1417777100e-06
7.3470000000e+01 6.2708921512e-09 4.1449854393e-06
7.3475000000e+01 6.4692902109e-09 4.1465535838e-06
7.3480000000e+01 6.5846854980e-09 4.1461335279e-06
7.3485000000e+01 6.5873575419e-09 4.1435262312e-06
7.3490000000e+01 6.4752902487e-09 4.1387324535e-06
7.3495000000e+01 6.2754893781e-09 4.1319529890e-06
7.3500000000e+01 6.0341880606e-09 4.1235405531e-06
7.3505000000e+01 5.8021959026e-09 4.1139211830e-06
7.3510000000e+01 5.6236584364e-09 4.1035073492e-06
7.3515000000e+01 5.5310030290e-09 4.0926190857e-06
7.3520000000e+01 5.5421452276e-09 4.0814230875e-06
7.3525000000e+01 5.6556769151e-09 4.0698992408e-06
7.3530000000e+01 5.8459157827e-09 4.0578456233e-06
7.3535000000e+01 6.0647332419e-09 4.0449279685e-06
7.3540000000e+01 6.2541508844e-09 4.0307654887e-06
7.3545000000e+01 6.3648425059e-09 4.0150297196e-06
7.3550000000e+01 6.3700458306e-09 3.9975278416e-06
7.3555000000e+01 6.2682665422e-09 3.9782503825e-06
7.3560000000e+01 6.0776419376e-09 3.9573779484e-06
7.3565000000e+01 5.8299145034e-09 3.9352518843e-06
7.3570000000e+01 5.5677311958e-09 3.9123160672e-06
7.3575000000e+01 5.3411415249e-09 3.8890370240e-06
7.3580000000e+01 5.1974683011e-09 3.8658140280e-06
7.3585000000e+01 5.1657671256e-09 3.8428989921e-06
7.3590000000e+01 5.2450885845e-09 3.8203496355e-06
7.3595000000e+01 5.4052139699e-09 3.7980314726e-06
7.3600000000e+01 5.5991631578e-09 3.7756670929e-06
7.3605000000e+01 5.7781471275e-09 3.7529156337e-06
7.3610000000e+01 5.9004929584e-09 3.7294602715e-06
7.3615000000e+01 5.9346336275e-09 3.7050863305e-06
7.3620000000e+01 5.8624658548e-09 3.6797392253e-06
7.3625000000e+01 5.6863465034e-09 3.6535535665e-06
7.3630000000e+01 5.4347509293e-09 3.6268443598e-06
7.3635000000e+01 5.1584090893e-09 3.6000556665e-06
7.3640000000e+01 4.9151738400e-09 3.5736746390e-06
7.3645000000e+01 4.7515323666e-09 3.5481332506e-06
7.3650000000e+01 4.6913197376e-09 3.5237258062e-06
7.3655000000e+01 4.7352440562e-09 3.5005628644e-06
7.3660000000e+01 4.8659473333e-09 3.4785673909e-06
7.3665000000e+01 5.0517375426e-09 3.4575073853e-06
7.3670000000e+01 5.2484445715e-09 3.4370560392e-06
7.3675000000e+01 5.4048070702e-09 3.4168712064e-06
7.3680000000e+01 5.4749416381e-09 3.3966830393e-06
7.3685000000e+01 5.4336397607e-09 3.3763712668e-06
7.3690000000e+01 5.2852847559e-09 3.3560094195e-06
7.3695000000e+01 5.0608245850e-09 3.3358602529e-06
7.3700000000e+01 4.8059455431e-09 3.3163236371e-06
7.3705000000e+01 4.5686423714e-09 3.2978547254e-06
7.3710000000e+01 4.3913964119e-09 3.2808758851e-06
7.3715000000e+01 4.3065197787e-09 3.2657002780e-06
7.3720000000e+01 4.3306008159e-09 3.2524769509e-06
7.3725000000e+01 4.4578205843e-09 3.2411646210e-06
7.3730000000e+01 4.6571133808e-09 3.2315424072e-06
7.3735000000e+01 4.8782384839e-09 3.2232623185e-06
7.3740000000e+01 5.0660545675e-09 3.2159359258e-06
7.3745000000e+01 5.1762381763e-09 3.2092324433e-06
7.3750000000e+01 5.1852028131e-09 3.2029593132e-06
7.3755000000e+01 5.0920449565e-09 3.1971047170e-06
7.3760000000e+01 4.9156257024e-09 3.1918374763e-06
7.3765000000e+01 4.6906271507e-09 3.1874716055e-06
7.3770000000e+01 4.4630727065e-09 3.1844050310e-06
7.3775000000e+01 4.2829429191e-09 3.1830401950e-06
7.3780000000e+01 4.1927466422e-09 3.1836970786e-06
7.3785000000e+01 4.2151522710e-09 3.1865373216e-06
7.3790000000e+01 4.3455814566e-09 3.1915226255e-06
7.3795000000e+01 4.5538530171e-09 3.1984227901e-06
7.3800000000e+01 4.7938198986e-09 3.2068706822e-06
7.3805000000e+01 5.0157930860e-09 3.2164449854e-06
7.3810000000e+01 5.1766713227e-09 3.2267571321e-06
7.3815000000e+01 5.2463227491e-09 3.2375255499e-06
7.3820000000e+01 5.2119695026e-09 3.2486283511e-06
7.3825000000e+01 5.0819438821e-09 3.2601273152e-06
7.3830000000e+01 4.8870666286e-09 3.2722545045e-06
7.3835000000e+01 4.6760110138e-09 3.2853570890e-06
7.3840000000e+01 4.5033304059e-09 3.2998093092e-06
7.3845000000e+01 4.4139794049e-09 3.3159153851e-06
7.3850000000e+01 4.4313993746e-09 3.3338319015e-06
7.3855000000e+01 4.5540868146e-09 3.3535287195e-06
7.3860000000e+01 4.7597141026e-09 3.3747916573e-06
7.3865000000e+01 5.0118284589e-09 3.3972596196e-06
7.3870000000e+01 5.2655556732e-09 3.4204873052e-06
7.3875000000e+01 5.4733715905e-09 3.4440256898e-06
7.3880000000e+01 5.5941130947e-09 3.4675087123e-06
7.3885000000e+01 5.6049643418e-09 3.4907267536e-06
7.3890000000e+01 5.5106672451e-09 3.5136644450e-06
7.3895000000e+01 5.3432309068e-09 3.5364892762e-06
7.3900000000e+01 5.1511611781e-09 3.5594951146e-06
7.3905000000e+01 4.9845655795e-09 3.5830196605e-06
7.3910000000e+01 4.8841517430e-09 3.6073583819e-06
7.3915000000e+01 4.8766878239e-09 3.6326913600e-06
7.3920000000e+01 4.9730947925e-09 3.6590325761e-06
7.3925000000e+01 5.1650549538e-09 3.6862093107e-06
7.3930000000e+01 5.4218302464e-09 3.7138795267e-06
7.3935000000e+01 5.6935353737e-09 3.7415898616e-06
7.3940000000e+01 5.9241140461e-09 3.7688640354e-06
7.3945000000e+01 6.0689942908e-09 3.7952982830e-06
7.3950000000e+01 6.1075344413e-09 3.8206367876e-06
7.3955000000e+01 6.0444185441e-09 3.8448089861e-06
7.3960000000e+01 5.9031000809e-09 3.8679251655e-06
7.3965000000e+01 5.7189248418e-09 3.8902371585e-06
7.3970000000e+01 5.5354175965e-09 3.9120735825e-06
7.3975000000e+01 5.4000023690e-09 3.9337588697e-06
7.3980000000e+01 5.3541204468e-09 3.9555285862e-06
7.3985000000e+01 5.4192693986e-09 3.9774597326e-06
7.3990000000e+01 5.5874771474e-09 3.9994366783e-06
7.3995000000e+01 5.8237139168e-09 4.0211650683e-06
7.4000000000e+01 6.0789607180e-09 4.0422298134e-06
7.4005000000e+01 6.3049884646e-09 4.0621788080e-06
7.4010000000e+01 6.4630793966e-09 4.0806096907e-06
7.4015000000e+01 6.5268988579e-09 4.0972422782e-06
7.4020000000e+01 6.4852045091e-09 4.1119666353e-06
7.4025000000e+01 6.3471760105e-09 4.1248600161e-06
7.4030000000e+01 6.1458882746e-09 4.1361666287e-06
7.4035000000e+01 5.9329740918e-09 4.1462387394e-06
7.4040000000e+01 5.7635482871e-09 4.1554489550e-06
7.4045000000e+01 5.6789702841e-09 4.1640961200e-06
7.4050000000e+01 5.6969566789e-09 4.1723315493e-06
7.4055000000e+01 5.8119904040e-09 4.1801241661e-06
7.4060000000e+01 6.0010471905e-09 4.1872683042e-06
7.4065000000e+01 6.2284060069e-09 4.1934264547e-06
7.4070000000e+01 6.4489131211e-09 4.1981959560e-06
7.4075000000e+01 6.6141589634e-09 4.2011896024e-06
7.4080000000e+01 6.6842667890e-09 4.2021183446e-06
7.4085000000e+01 6.6412341956e-09 4.2008586221e-06
7.4090000000e+01 6.4957515546e-09 4.1974842665e-06
7.4095000000e+01 6.2829591389e-09 4.1922504620e-06
7.4100000000e+01 6.0503350016e-09 4.1855336065e-06
7.4105000000e+01 5.8452192012e-09 4.1777461545e-06
7.4110000000e+01 5.7068017315e-09 4.1692502211e-06
7.4115000000e+01 5.6615653762e-09 4.1602875622e-06
7.4120000000e+01 5.7187956885e-09 4.1509349179e-06
7.4125000000e+01 5.8659082652e-09 4.1410900871e-06
7.4130000000e+01 6.0676435077e-09 4.1304941866e-06
7.4135000000e+01 6.2731248425e-09 4.1187917946e-06
7.4140000000e+01 6.4297979346e-09 4.1056193148e-06
7.4145000000e+01 6.4981271163e-09 4.0906986750e-06
7.4150000000e+01 6.4605312181e-09 4.0739090337e-06
7.4155000000e+01 6.3224922443e-09 4.0553181645e-06
7.4160000000e+01 6.1085855356e-09 4.0351711052e-06
7.4165000000e+01 5.8571420037e-09 4.0138451565e-06
7.4170000000e+01 5.6145338809e-09 3.9917825453e-06
7.4175000000e+01 5.4274944886e-09 3.9694102107e-06
7.4180000000e+01 5.3326368746e-09 3.9470580690e-06
7.4185000000e+01 5.3457893199e-09 3.9248933799e-06
7.4190000000e+01 5.4562424524e-09 3.9028915810e-06
7.4195000000e+01 5.6295289997e-09 3.8808555792e-06
7.4200000000e+01 5.8177057904e-09 3.8584782422e-06
7.4205000000e+01 5.9721250285e-09 3.8354278500e-06
7.4210000000e+01 6.0535820872e-09 3.8114328766e-06
7.4215000000e+01 6.0381228398e-09 3.7863495647e-06
7.4220000000e+01 5.9201252500e-09 3.7602041329e-06
7.4225000000e+01 5.7143233243e-09 3.7332042306e-06
7.4230000000e+01 5.4556205116e-09 3.7057139253e-06
7.4235000000e+01 5.1935708628e-09 3.6781909824e-06
7.4240000000e+01 4.9803959833e-09 3.6510973763e-06
7.4245000000e+01 4.8562242800e-09 3.6248067501e-06
7.4250000000e+01 4.8383094851e-09 3.5995355389e-06
7.4255000000e+01 4.9188750533e-09 3.5753145444e-06
7.4260000000e+01 5.0704858481e-09 3.5520022936e-06
7.4265000000e+01 5.2538405696e-09 3.5293311527e-06
7.4270000000e+01 5.4242319036e-09 3.5069754092e-06
7.4275000000e+01 5.5375074232e-09 3.4846317327e-06
7.4280000000e+01 5.5584805100e-09 3.4620997302e-06
7.4285000000e+01 5.4715303725e-09 3.4393444326e-06
7.4290000000e+01 5.2880378324e-09 3.4165212566e-06
7.4295000000e+01 5.0445622633e-09 3.3939532402e-06
7.4300000000e+01 4.7912582071e-09 3.3720669306e-06
7.4305000000e+01 4.5769425778e-09 3.3513068976e-06
7.4310000000e+01 4.4385340037e-09 3.3320515323e-06
7.4315000000e+01 4.3971724712e-09 3.3145463170e-06
7.4320000000e+01 4.4572468841e-09 3.2988632869e-06
7.4325000000e+01 4.6043966758e-09 3.2848924362e-06
7.4330000000e+01 4.8039890516e-09 3.2723698715e-06
7.4335000000e+01 5.0056398421e-09 3.2609422448e-06
7.4340000000e+01 5.1563435365e-09 3.2502555870e-06
7.4345000000e+01 5.2171079325e-09 3.2400454214e-06
7.4350000000e+01 5.1738404214e-09 3.2302028376e-06
7.4355000000e+01 5.0374212435e-09 3.2208005377e-06
7.4360000000e+01 4.8362877040e-09 3.2120772233e-06
7.4365000000e+01 4.6088150691e-09 3.2043889586e-06
7.4370000000e+01 4.3987591743e-09 3.1981389443e-06
7.4375000000e+01 4.2504311351e-09 3.1936966222e-06
7.4380000000e+01 4.1992746721e-09 3.1913190010e-06
7.4385000000e+01 4.2595726443e-09 3.1910914739e-06
7.4390000000e+01 4.4170775722e-09 3.1929059260e-06
7.4395000000e+01 4.6329568045e-09 3.1964853390e-06
7.4400000000e+01 4.8572577328e-09 3.2014487484e-06
7.4405000000e+01 5.0433730462e-09 3.2073971860e-06
7.4410000000e+01 5.1564208759e-09 3.2139977453e-06
7.4415000000e+01 5.1758257738e-09 3.2210487572e-06
7.4420000000e+01 5.0972432793e-09 3.2285171298e-06
7.4425000000e+01 4.9362373173e-09 3.2365431474e-06
7.4430000000e+01 4.7297498707e-09 3.2454095542e-06
7.4435000000e+01 4.5295473339e-09 3.2554762802e-06
7.4440000000e+01 4.3874154497e-09 3.2670922757e-06
7.4445000000e+01 4.3392765750e-09 3.2805066842e-06
7.4450000000e+01 4.3967290735e-09 3.2958044287e-06
7.4455000000e+01 4.5483782408e-09 3.3128825824e-06
7.4460000000e+01 4.7662522019e-09 3.3314691225e-06
7.4465000000e+01 5.0115950098e-09 3.3511744213e-06
7.4470000000e+01 5.2392990951e-09 3.3715627237e-06
7.4475000000e+01 5.4045832822e-09 3.3922321869e-06
7.4480000000e+01 5.4739044346e-09 3.4128913249e-06
7.4485000000e+01 5.4363261672e-09 3.4334157497e-06
7.4490000000e+01 5.3083532237e-09 3.4538679021e-06
7.4495000000e+01 5.1285895774e-09 3.4744703982e-06
7.4500000000e+01 4.9454167242e-09 3.4955392239e-06
7.4505000000e+01 4.8045924700e-09 3.5173969261e-06
7.4510000000e+01 4.7412544589e-09 3.5402895173e-06
7.4515000000e+01 4.7756865940e-09 3.5643240847e-06
7.4520000000e+01 4.9100080835e-09 3.5894349719e-06
7.4525000000e+01 5.1254266502e-09 3.6153819629e-06
7.4530000000e+01 5.3832310125e-09 3.6417831774e-06
7.4535000000e+01 5.6326082494e-09 3.6681815831e-06
7.4540000000e+01 5.8241223111e-09 3.6941337442e-06
7.4545000000e+01 5.9233084085e-09 3.7192980987e-06
7.4550000000e+01 5.9185302053e-09 3.7434972890e-06
7.4555000000e+01 5.8211617200e-09 3.7667386439e-06
7.4560000000e+01 5.6605654678e-09 3.7891925172e-06
7.4565000000e+01 5.4775242079e-09 3.8111393189e-06
7.4570000000e+01 5.3175807001e-09 3.8328981460e-06
7.4575000000e+01 5.2233162391e-09 3.8547478078e-06
7.4580000000e+01 5.2249235096e-09 3.8768519961e-06
7.4585000000e+01 5.3312376814e-09 3.8992049186e-06
7.4590000000e+01 5.5255913503e-09 3.9216148393e-06
7.4595000000e+01 5.7696695502e-09 3.9437342146e-06
7.4600000000e+01 6.0143389555e-09 3.9651288673e-06
7.4605000000e+01 6.2125820180e-09 3.9853651248e-06
7.4610000000e+01 6.3294159137e-09 4.0040915023e-06
7.4615000000e+01 6.3469393852e-09 4.0210990631e-06
7.4620000000e+01 6.2660879521e-09 4.0363533109e-06
7.4625000000e+01 6.1070392928e-09 4.0499940989e-06
7.4630000000e+01 5.9076284823e-09 4.0623006796e-06
7.4635000000e+01 5.7171144216e-09 4.0736235744e-06
7.4640000000e+01 5.5843346951e-09 4.0842957730e-06
7.4645000000e+01 5.5438051010e-09 4.0945465525e-06
7.4650000000e+01 5.6062052449e-09 4.1044426466e-06
7.4655000000e+01 5.7575510628e-09 4.1138711443e-06
7.4660000000e+01 5.9657325706e-09 4.1225634706e-06
7.4665000000e+01 6.1892112316e-09 4.1301497947e-06
7.4670000000e+01 6.3840234685e-09 4.1362314131e-06
7.4675000000e+01 6.5097425617e-09 4.1404600895e-06
7.4680000000e+01 6.5371649219e-09 4.1426118049e-06
7.4685000000e+01 6.4574739078e-09 4.1426383027e-06
7.4690000000e+01 6.2879160570e-09 4.1406799828e-06
7.4695000000e+01 6.0685415062e-09 4.1370331417e-06
7.4700000000e+01 5.8499902368e-09 4.1320800489e-06
7.4705000000e+01 5.6787286400e-09 4.1262025044e-06
7.4710000000e+01 5.5871038767e-09 4.1197013819e-06
7.4715000000e+01 5.5902398761e-09 4.1127377851e-06
7.4720000000e+01 5.6860434025e-09 4.1053034184e-06
7.4725000000e+01 5.8545475652e-09 4.0972238518e-06
7.4730000000e+01 6.0579144633e-09 4.0881965983e-06
7.4735000000e+01 6.2460045236e-09 4.0778607738e-06
7.4740000000e+01 6.3694390719e-09 4.0658851163e-06
7.4745000000e+01 6.3950545817e-09 4.0520518314e-06
7.4750000000e+01 6.3151733609e-09 4.0363128609e-06
7.4755000000e+01 6.1463737628e-09 4.0188048297e-06
7.4760000000e+01 5.9212818056e-09 3.9998230599e-06
7.4765000000e+01 5.6803348220e-09 3.9797650747e-06
7.4770000000e+01 5.4665619445e-09 3.9590566948e-06
7.4775000000e+01 5.3204313608e-09 3.9380729002e-06
7.4780000000e+01 5.2710793881e-09 3.9170663764e-06
7.4785000000e+01 5.3257504998e-09 3.8961193323e-06
7.4790000000e+01 5.4644948260e-09 3.8751334889e-06
7.4795000000e+01 5.6454830171e-09 3.8538644615e-06
7.4800000000e+01 5.8187104966e-09 3.8319923103e-06
7.4805000000e+01 5.9400111132e-09 3.8092080872e-06
7.4810000000e+01 5.9789561588e-09 3.7852936791e-06
7.4815000000e+01 5.9210004545e-09 3.7601786501e-06
7.4820000000e+01 5.7685183216e-09 3.7339664577e-06
7.4825000000e+01 5.5428657197e-09 3.7069274910e-06
7.4830000000e+01 5.2840513971e-09 3.6794584960e-06
7.4835000000e+01 5.0432296259e-09 3.6520122395e-06
7.4840000000e+01 4.8683579826e-09 3.6250101605e-06
7.4845000000e+01 4.7897551809e-09 3.5987597645e-06
7.4850000000e+01 4.8130888135e-09 3.5733999475e-06
7.4855000000e+01 4.9216385800e-09 3.5488882602e-06
7.4860000000e+01 5.0833930451e-09 3.5250295523e-06
7.4865000000e+01 5.2577167001e-09 3.5015345415e-06
7.4870000000e+01 5.4007028926e-09 3.4780940634e-06
7.4875000000e+01 5.4720751940e-09 3.4544566008e-06
7.4880000000e+01 5.4450639452e-09 3.4304969841e-06
7.4885000000e+01 5.3158126535e-09 3.4062616986e-06
7.4890000000e+01 5.1063483155e-09 3.3819763198e-06
7.4895000000e+01 4.8582704056e-09 3.3580087589e-06
7.4900000000e+01 4.6203147244e-09 3.3347967004e-06
7.4905000000e+01 4.4361461228e-09 3.3127601720e-06
7.4910000000e+01 4.3365751951e-09 3.2922226273e-06
7.4915000000e+01 4.3358481269e-09 3.2733565685e-06
7.4920000000e+01 4.4295817168e-09 3.2561602190e-06
7.4925000000e+01 4.5938264413e-09 3.2404666997e-06
7.4930000000e+01 4.7876231730e-09 3.2259858027e-06
7.4935000000e+01 4.9613562433e-09 3.2123747498e-06
7.4940000000e+01 5.0696419268e-09 3.1993252386e-06
7.4945000000e+01 5.0837542029e-09 3.1866445796e-06
7.4950000000e+01 4.9983245205e-09 3.1743074858e-06
7.4955000000e+01 4.8305292556e-09 3.1624651636e-06
7.4960000000e+01 4.6140562172e-09 3.1514135570e-06
7.4965000000e+01 4.3914903910e-09 3.1415331679e-06
7.4970000000e+01 4.2069752337e-09 3.1332146989e-06
7.4975000000e+01 4.0986797948e-09 3.1267823073e-06
7.4980000000e+01 4.0905161104e-09 3.1224262121e-06
7.4985000000e+01 4.1848341824e-09 3.1201594049e-06
7.4990000000e+01 4.3598184566e-09 3.1198129785e-06
7.4995000000e+01 4.5743446865e-09 3.1210755904e-06
7.5000000000e+01 4.7792309477e-09 3.1235674246e-06
7.5005000000e+01 4.9301408916e-09 3.1269270384e-06
7.5010000000e+01 4.9970575707e-09 3.1308881788e-06
7.5015000000e+01 4.9684195386e-09 3.1353316173e-06
7.5020000000e+01 4.8515471191e-09 3.1403061443e-06
7.5025000000e+01 4.6715603470e-09 3.1460171733e-06
7.5030000000e+01 4.4685720063e-09 3.1527827524e-06
7.5035000000e+01 4.2908998198e-09 3.1609612440e-06
7.5040000000e+01 4.1835098831e-09 3.1708644001e-06
7.5045000000e+01 4.1751124155e-09 3.1826783530e-06
7.5050000000e+01 4.2700077658e-09 3.1964150817e-06
7.5055000000e+01 4.4486001353e-09 3.2119062776e-06
7.5060000000e+01 4.6749987159e-09 3.2288369594e-06
7.5065000000e+01 4.9064223263e-09 3.2468066400e-06
7.5070000000e+01 5.1005364372e-09 3.2654042280e-06

